####
#
# OBJ File Generated by Meshlab
#
####
# Object arm1.obj
#
# Vertices: 2614
# Faces: 5244
#
####
v 0.025975 -0.023025 -0.158866
v 0.026000 -0.023000 -0.160000
v 0.026000 -0.023000 -0.000000
v 0.025605 -0.023395 -0.155485
v 0.025778 -0.023222 -0.156606
v 0.025901 -0.023099 -0.157734
v 0.024797 -0.024203 -0.152182
v 0.025114 -0.023886 -0.153271
v 0.025384 -0.023616 -0.154373
v 0.024000 -0.025000 -0.000000
v 0.024000 -0.025000 -0.150000
v 0.024432 -0.024568 -0.151107
v 0.025901 -0.023000 0.002266
v 0.023909 -0.025000 0.002092
v 0.025605 -0.023000 0.004515
v 0.023635 -0.025000 0.004168
v 0.025114 -0.023000 0.006729
v 0.023182 -0.025000 0.006212
v 0.024432 -0.023000 0.008893
v 0.022553 -0.025000 0.008208
v 0.023564 -0.023000 0.010988
v 0.021751 -0.025000 0.010143
v 0.022517 -0.023000 0.013000
v 0.020785 -0.025000 0.012000
v 0.021298 -0.023000 0.014913
v 0.019660 -0.025000 0.013766
v 0.019917 -0.023000 0.016712
v 0.018385 -0.025000 0.015427
v 0.018385 -0.023000 0.018385
v 0.016971 -0.025000 0.016971
v 0.016712 -0.023000 0.019917
v 0.015427 -0.025000 0.018385
v 0.014913 -0.023000 0.021298
v 0.013766 -0.025000 0.019660
v 0.013000 -0.023000 0.022517
v 0.012000 -0.025000 0.020785
v 0.010988 -0.023000 0.023564
v 0.010143 -0.025000 0.021751
v 0.008893 -0.023000 0.024432
v 0.008208 -0.025000 0.022553
v 0.006729 -0.023000 0.025114
v 0.006212 -0.025000 0.023182
v 0.004515 -0.023000 0.025605
v 0.004168 -0.025000 0.023635
v 0.002266 -0.023000 0.025901
v 0.002092 -0.025000 0.023909
v -0.000000 -0.023000 0.026000
v -0.000000 -0.025000 0.024000
v -0.002266 -0.023000 0.025901
v -0.002092 -0.025000 0.023909
v -0.004515 -0.023000 0.025605
v -0.004168 -0.025000 0.023635
v -0.006729 -0.023000 0.025114
v -0.006212 -0.025000 0.023182
v -0.008893 -0.023000 0.024432
v -0.008208 -0.025000 0.022553
v -0.010988 -0.023000 0.023564
v -0.010143 -0.025000 0.021751
v -0.013000 -0.023000 0.022517
v -0.012000 -0.025000 0.020785
v -0.014913 -0.023000 0.021298
v -0.013766 -0.025000 0.019660
v -0.016712 -0.023000 0.019917
v -0.015427 -0.025000 0.018385
v -0.018385 -0.023000 0.018385
v -0.016971 -0.025000 0.016971
v -0.019917 -0.023000 0.016712
v -0.018385 -0.025000 0.015427
v -0.021298 -0.023000 0.014913
v -0.019660 -0.025000 0.013766
v -0.022517 -0.023000 0.013000
v -0.020785 -0.025000 0.012000
v -0.023564 -0.023000 0.010988
v -0.021751 -0.025000 0.010143
v -0.024432 -0.023000 0.008893
v -0.022553 -0.025000 0.008208
v -0.025114 -0.023000 0.006729
v -0.023182 -0.025000 0.006212
v -0.025605 -0.023000 0.004515
v -0.023635 -0.025000 0.004168
v -0.025901 -0.023000 0.002266
v -0.023909 -0.025000 0.002092
v -0.026000 -0.023000 -0.000000
v -0.024000 -0.025000 -0.000000
v -0.024432 -0.024568 -0.151107
v -0.024000 -0.025000 -0.150000
v -0.025975 -0.023025 -0.158866
v -0.026000 -0.023000 -0.160000
v -0.024797 -0.024203 -0.152182
v -0.025901 -0.023099 -0.157734
v -0.025778 -0.023222 -0.156606
v -0.025605 -0.023395 -0.155485
v -0.025384 -0.023616 -0.154373
v -0.025114 -0.023886 -0.153271
v -0.000000 -0.057000 -0.134000
v 0.002092 -0.059000 -0.136091
v 0.002266 -0.057000 -0.134099
v 0.004168 -0.059000 -0.136365
v 0.004515 -0.057000 -0.134395
v 0.006212 -0.059000 -0.136818
v 0.006729 -0.057000 -0.134886
v 0.008208 -0.059000 -0.137447
v 0.008893 -0.057000 -0.135568
v 0.010143 -0.059000 -0.138249
v 0.010988 -0.057000 -0.136436
v 0.012000 -0.059000 -0.139215
v 0.013000 -0.057000 -0.137483
v 0.013766 -0.059000 -0.140340
v 0.014913 -0.057000 -0.138702
v 0.015427 -0.059000 -0.141615
v 0.016712 -0.057000 -0.140083
v 0.016971 -0.059000 -0.143029
v 0.018385 -0.057000 -0.141615
v 0.018385 -0.059000 -0.144573
v 0.019917 -0.057000 -0.143288
v 0.019660 -0.059000 -0.146234
v 0.021298 -0.057000 -0.145087
v 0.020785 -0.059000 -0.148000
v 0.022517 -0.057000 -0.147000
v 0.021751 -0.059000 -0.149857
v 0.023564 -0.057000 -0.149012
v 0.022553 -0.059000 -0.151792
v 0.024432 -0.057000 -0.151107
v 0.023182 -0.059000 -0.153788
v 0.025114 -0.057000 -0.153271
v 0.023635 -0.059000 -0.155832
v 0.025605 -0.057000 -0.155485
v 0.023909 -0.059000 -0.157908
v 0.025901 -0.057000 -0.157734
v 0.024000 -0.059000 -0.160000
v 0.026000 -0.057000 -0.160000
v 0.023909 -0.059000 -0.162092
v 0.025901 -0.057000 -0.162266
v 0.023635 -0.059000 -0.164168
v 0.025605 -0.057000 -0.164515
v 0.023182 -0.059000 -0.166212
v 0.025114 -0.057000 -0.166729
v 0.022553 -0.059000 -0.168208
v 0.024432 -0.057000 -0.168893
v 0.021751 -0.059000 -0.170143
v 0.023564 -0.057000 -0.170988
v 0.020785 -0.059000 -0.172000
v 0.022517 -0.057000 -0.173000
v 0.019660 -0.059000 -0.173766
v 0.021298 -0.057000 -0.174913
v 0.018385 -0.059000 -0.175427
v 0.019917 -0.057000 -0.176712
v 0.016971 -0.059000 -0.176971
v 0.018385 -0.057000 -0.178385
v 0.015427 -0.059000 -0.178385
v 0.016712 -0.057000 -0.179917
v 0.013766 -0.059000 -0.179660
v 0.014913 -0.057000 -0.181298
v 0.012000 -0.059000 -0.180785
v 0.013000 -0.057000 -0.182517
v 0.010143 -0.059000 -0.181751
v 0.010988 -0.057000 -0.183564
v 0.008208 -0.059000 -0.182553
v 0.008893 -0.057000 -0.184432
v 0.006212 -0.059000 -0.183182
v 0.006729 -0.057000 -0.185114
v 0.004168 -0.059000 -0.183635
v 0.004515 -0.057000 -0.185605
v 0.002092 -0.059000 -0.183909
v 0.002266 -0.057000 -0.185901
v 0.000000 -0.059000 -0.184000
v -0.000000 -0.057000 -0.186000
v -0.002092 -0.059000 -0.183909
v -0.002266 -0.057000 -0.185901
v -0.004168 -0.059000 -0.183635
v -0.004515 -0.057000 -0.185605
v -0.006212 -0.059000 -0.183182
v -0.006729 -0.057000 -0.185114
v -0.008208 -0.059000 -0.182553
v -0.008893 -0.057000 -0.184432
v -0.010143 -0.059000 -0.181751
v -0.010988 -0.057000 -0.183564
v -0.012000 -0.059000 -0.180785
v -0.013000 -0.057000 -0.182517
v -0.013766 -0.059000 -0.179660
v -0.014913 -0.057000 -0.181298
v -0.015427 -0.059000 -0.178385
v -0.016712 -0.057000 -0.179917
v -0.016971 -0.059000 -0.176971
v -0.018385 -0.057000 -0.178385
v -0.018385 -0.059000 -0.175427
v -0.019917 -0.057000 -0.176712
v -0.019660 -0.059000 -0.173766
v -0.021298 -0.057000 -0.174913
v -0.020785 -0.059000 -0.172000
v -0.022517 -0.057000 -0.173000
v -0.021751 -0.059000 -0.170143
v -0.023564 -0.057000 -0.170988
v -0.022553 -0.059000 -0.168208
v -0.024432 -0.057000 -0.168893
v -0.023182 -0.059000 -0.166212
v -0.025114 -0.057000 -0.166729
v -0.023635 -0.059000 -0.164168
v -0.025605 -0.057000 -0.164515
v -0.023909 -0.059000 -0.162092
v -0.025901 -0.057000 -0.162266
v -0.024000 -0.059000 -0.160000
v -0.026000 -0.057000 -0.160000
v -0.023909 -0.059000 -0.157908
v -0.025901 -0.057000 -0.157734
v -0.023635 -0.059000 -0.155832
v -0.025605 -0.057000 -0.155485
v -0.023182 -0.059000 -0.153788
v -0.025114 -0.057000 -0.153271
v -0.022553 -0.059000 -0.151792
v -0.024432 -0.057000 -0.151107
v -0.021751 -0.059000 -0.149857
v -0.023564 -0.057000 -0.149012
v -0.020785 -0.059000 -0.148000
v -0.022517 -0.057000 -0.147000
v -0.019660 -0.059000 -0.146234
v -0.021298 -0.057000 -0.145087
v -0.018385 -0.059000 -0.144573
v -0.019917 -0.057000 -0.143288
v -0.016971 -0.059000 -0.143029
v -0.018385 -0.057000 -0.141615
v -0.015427 -0.059000 -0.141615
v -0.016712 -0.057000 -0.140083
v -0.013766 -0.059000 -0.140340
v -0.014913 -0.057000 -0.138702
v -0.012000 -0.059000 -0.139215
v -0.013000 -0.057000 -0.137483
v -0.010143 -0.059000 -0.138249
v -0.010988 -0.057000 -0.136436
v -0.008208 -0.059000 -0.137447
v -0.008893 -0.057000 -0.135568
v -0.006212 -0.059000 -0.136818
v -0.006729 -0.057000 -0.134886
v -0.004168 -0.059000 -0.136365
v -0.004515 -0.057000 -0.134395
v -0.002092 -0.059000 -0.136091
v -0.002266 -0.057000 -0.134099
v -0.000000 -0.059000 -0.136000
v 0.018594 -0.011100 -0.137064
v 0.018771 -0.011100 -0.137041
v 0.018950 -0.011100 -0.139083
v 0.018950 -0.011100 -0.137033
v 0.019129 -0.011100 -0.137041
v 0.018084 -0.011100 -0.137225
v 0.018249 -0.011100 -0.137157
v 0.018419 -0.011100 -0.137103
v 0.017632 -0.011100 -0.137513
v 0.017774 -0.011100 -0.137404
v 0.017925 -0.011100 -0.137308
v 0.017271 -0.011100 -0.137907
v 0.017380 -0.011100 -0.137765
v 0.017500 -0.011100 -0.137633
v 0.017024 -0.011100 -0.138382
v 0.017092 -0.011100 -0.138217
v 0.017175 -0.011100 -0.138058
v 0.016908 -0.011100 -0.138904
v 0.016931 -0.011100 -0.138727
v 0.016970 -0.011100 -0.138552
v 0.016931 -0.011100 -0.139439
v 0.016908 -0.011100 -0.139262
v 0.016900 -0.011100 -0.139083
v 0.017092 -0.011100 -0.139949
v 0.017024 -0.011100 -0.139784
v 0.016970 -0.011100 -0.139614
v 0.017380 -0.011100 -0.140401
v 0.017271 -0.011100 -0.140259
v 0.017175 -0.011100 -0.140108
v 0.017774 -0.011100 -0.140762
v 0.017632 -0.011100 -0.140653
v 0.017500 -0.011100 -0.140532
v 0.018249 -0.011100 -0.141009
v 0.018084 -0.011100 -0.140941
v 0.017925 -0.011100 -0.140858
v 0.018771 -0.011100 -0.141125
v 0.018594 -0.011100 -0.141102
v 0.018419 -0.011100 -0.141063
v 0.019306 -0.011100 -0.141102
v 0.019129 -0.011100 -0.141125
v 0.018950 -0.011100 -0.141133
v 0.019816 -0.011100 -0.140941
v 0.019651 -0.011100 -0.141009
v 0.019481 -0.011100 -0.141063
v 0.020268 -0.011100 -0.140653
v 0.020126 -0.011100 -0.140762
v 0.019975 -0.011100 -0.140858
v 0.020629 -0.011100 -0.140259
v 0.020520 -0.011100 -0.140401
v 0.020400 -0.011100 -0.140532
v 0.020876 -0.011100 -0.139784
v 0.020808 -0.011100 -0.139949
v 0.020725 -0.011100 -0.140108
v 0.020992 -0.011100 -0.139262
v 0.020969 -0.011100 -0.139439
v 0.020930 -0.011100 -0.139614
v 0.020969 -0.011100 -0.138727
v 0.020992 -0.011100 -0.138904
v 0.021000 -0.011100 -0.139083
v 0.020808 -0.011100 -0.138217
v 0.020876 -0.011100 -0.138382
v 0.020930 -0.011100 -0.138552
v 0.020520 -0.011100 -0.137765
v 0.020629 -0.011100 -0.137907
v 0.020725 -0.011100 -0.138058
v 0.020126 -0.011100 -0.137404
v 0.020268 -0.011100 -0.137513
v 0.020400 -0.011100 -0.137633
v 0.019651 -0.011100 -0.137157
v 0.019816 -0.011100 -0.137225
v 0.019975 -0.011100 -0.137308
v 0.019306 -0.011100 -0.137064
v 0.019481 -0.011100 -0.137103
v 0.018950 -0.002100 -0.137033
v 0.019129 -0.002100 -0.137041
v 0.019306 -0.002100 -0.137064
v 0.019481 -0.002100 -0.137103
v 0.019651 -0.002100 -0.137157
v 0.019816 -0.002100 -0.137225
v 0.019975 -0.002100 -0.137308
v 0.020126 -0.002100 -0.137404
v 0.020268 -0.002100 -0.137513
v 0.020400 -0.002100 -0.137633
v 0.020520 -0.002100 -0.137765
v 0.020629 -0.002100 -0.137907
v 0.020725 -0.002100 -0.138058
v 0.020808 -0.002100 -0.138217
v 0.020876 -0.002100 -0.138382
v 0.020930 -0.002100 -0.138552
v 0.020969 -0.002100 -0.138727
v 0.020992 -0.002100 -0.138904
v 0.021000 -0.002100 -0.139083
v 0.020992 -0.002100 -0.139262
v 0.020969 -0.002100 -0.139439
v 0.020930 -0.002100 -0.139614
v 0.020876 -0.002100 -0.139784
v 0.020808 -0.002100 -0.139949
v 0.020725 -0.002100 -0.140108
v 0.020629 -0.002100 -0.140259
v 0.020520 -0.002100 -0.140401
v 0.020400 -0.002100 -0.140532
v 0.020268 -0.002100 -0.140653
v 0.020126 -0.002100 -0.140762
v 0.019975 -0.002100 -0.140858
v 0.019816 -0.002100 -0.140941
v 0.019651 -0.002100 -0.141009
v 0.019481 -0.002100 -0.141063
v 0.019306 -0.002100 -0.141102
v 0.019129 -0.002100 -0.141125
v 0.018950 -0.002100 -0.141133
v 0.018771 -0.002100 -0.141125
v 0.018594 -0.002100 -0.141102
v 0.018419 -0.002100 -0.141063
v 0.018249 -0.002100 -0.141009
v 0.018084 -0.002100 -0.140941
v 0.017925 -0.002100 -0.140858
v 0.017774 -0.002100 -0.140762
v 0.017632 -0.002100 -0.140653
v 0.017500 -0.002100 -0.140532
v 0.017380 -0.002100 -0.140401
v 0.017271 -0.002100 -0.140259
v 0.017175 -0.002100 -0.140108
v 0.017092 -0.002100 -0.139949
v 0.017024 -0.002100 -0.139784
v 0.016970 -0.002100 -0.139614
v 0.016931 -0.002100 -0.139439
v 0.016908 -0.002100 -0.139262
v 0.016900 -0.002100 -0.139083
v 0.016908 -0.002100 -0.138904
v 0.016931 -0.002100 -0.138727
v 0.016970 -0.002100 -0.138552
v 0.017024 -0.002100 -0.138382
v 0.017092 -0.002100 -0.138217
v 0.017175 -0.002100 -0.138058
v 0.017271 -0.002100 -0.137907
v 0.017380 -0.002100 -0.137765
v 0.017500 -0.002100 -0.137633
v 0.017632 -0.002100 -0.137513
v 0.017774 -0.002100 -0.137404
v 0.017925 -0.002100 -0.137308
v 0.018084 -0.002100 -0.137225
v 0.018249 -0.002100 -0.137157
v 0.018419 -0.002100 -0.137103
v 0.018594 -0.002100 -0.137064
v 0.018771 -0.002100 -0.137041
v -0.011805 -0.011100 -0.116064
v -0.011628 -0.011100 -0.116041
v -0.011449 -0.011100 -0.118083
v -0.011449 -0.011100 -0.116033
v -0.011271 -0.011100 -0.116041
v -0.012316 -0.011100 -0.116225
v -0.012150 -0.011100 -0.116157
v -0.011980 -0.011100 -0.116103
v -0.012767 -0.011100 -0.116513
v -0.012625 -0.011100 -0.116404
v -0.012474 -0.011100 -0.116308
v -0.013129 -0.011100 -0.116907
v -0.013020 -0.011100 -0.116765
v -0.012899 -0.011100 -0.116633
v -0.013376 -0.011100 -0.117382
v -0.013307 -0.011100 -0.117217
v -0.013225 -0.011100 -0.117058
v -0.013492 -0.011100 -0.117904
v -0.013468 -0.011100 -0.117727
v -0.013429 -0.011100 -0.117552
v -0.013468 -0.011100 -0.118439
v -0.013492 -0.011100 -0.118262
v -0.013499 -0.011100 -0.118083
v -0.013307 -0.011100 -0.118949
v -0.013376 -0.011100 -0.118784
v -0.013429 -0.011100 -0.118614
v -0.013020 -0.011100 -0.119401
v -0.013129 -0.011100 -0.119259
v -0.013225 -0.011100 -0.119108
v -0.012625 -0.011100 -0.119762
v -0.012767 -0.011100 -0.119653
v -0.012899 -0.011100 -0.119532
v -0.012150 -0.011100 -0.120009
v -0.012316 -0.011100 -0.119941
v -0.012474 -0.011100 -0.119858
v -0.011628 -0.011100 -0.120125
v -0.011805 -0.011100 -0.120102
v -0.011980 -0.011100 -0.120063
v -0.011093 -0.011100 -0.120102
v -0.011271 -0.011100 -0.120125
v -0.011449 -0.011100 -0.120133
v -0.010583 -0.011100 -0.119941
v -0.010748 -0.011100 -0.120009
v -0.010919 -0.011100 -0.120063
v -0.010132 -0.011100 -0.119653
v -0.010273 -0.011100 -0.119762
v -0.010424 -0.011100 -0.119858
v -0.009770 -0.011100 -0.119259
v -0.009879 -0.011100 -0.119401
v -0.010000 -0.011100 -0.119532
v -0.009523 -0.011100 -0.118784
v -0.009591 -0.011100 -0.118949
v -0.009674 -0.011100 -0.119108
v -0.009407 -0.011100 -0.118262
v -0.009430 -0.011100 -0.118439
v -0.009469 -0.011100 -0.118614
v -0.009430 -0.011100 -0.117727
v -0.009407 -0.011100 -0.117904
v -0.009399 -0.011100 -0.118083
v -0.009591 -0.011100 -0.117217
v -0.009523 -0.011100 -0.117382
v -0.009469 -0.011100 -0.117552
v -0.009879 -0.011100 -0.116765
v -0.009770 -0.011100 -0.116907
v -0.009674 -0.011100 -0.117058
v -0.010273 -0.011100 -0.116404
v -0.010132 -0.011100 -0.116513
v -0.010000 -0.011100 -0.116633
v -0.010748 -0.011100 -0.116157
v -0.010583 -0.011100 -0.116225
v -0.010424 -0.011100 -0.116308
v -0.011093 -0.011100 -0.116064
v -0.010919 -0.011100 -0.116103
v -0.011449 -0.002100 -0.116033
v -0.011271 -0.002100 -0.116041
v -0.011093 -0.002100 -0.116064
v -0.010919 -0.002100 -0.116103
v -0.010748 -0.002100 -0.116157
v -0.010583 -0.002100 -0.116225
v -0.010424 -0.002100 -0.116308
v -0.010273 -0.002100 -0.116404
v -0.010132 -0.002100 -0.116513
v -0.010000 -0.002100 -0.116633
v -0.009879 -0.002100 -0.116765
v -0.009770 -0.002100 -0.116907
v -0.009674 -0.002100 -0.117058
v -0.009591 -0.002100 -0.117217
v -0.009523 -0.002100 -0.117382
v -0.009469 -0.002100 -0.117552
v -0.009430 -0.002100 -0.117727
v -0.009407 -0.002100 -0.117904
v -0.009399 -0.002100 -0.118083
v -0.009407 -0.002100 -0.118262
v -0.009430 -0.002100 -0.118439
v -0.009469 -0.002100 -0.118614
v -0.009523 -0.002100 -0.118784
v -0.009591 -0.002100 -0.118949
v -0.009674 -0.002100 -0.119108
v -0.009770 -0.002100 -0.119259
v -0.009879 -0.002100 -0.119401
v -0.010000 -0.002100 -0.119532
v -0.010132 -0.002100 -0.119653
v -0.010273 -0.002100 -0.119762
v -0.010424 -0.002100 -0.119858
v -0.010583 -0.002100 -0.119941
v -0.010748 -0.002100 -0.120009
v -0.010919 -0.002100 -0.120063
v -0.011093 -0.002100 -0.120102
v -0.011271 -0.002100 -0.120125
v -0.011449 -0.002100 -0.120133
v -0.011628 -0.002100 -0.120125
v -0.011805 -0.002100 -0.120102
v -0.011980 -0.002100 -0.120063
v -0.012150 -0.002100 -0.120009
v -0.012316 -0.002100 -0.119941
v -0.012474 -0.002100 -0.119858
v -0.012625 -0.002100 -0.119762
v -0.012767 -0.002100 -0.119653
v -0.012899 -0.002100 -0.119532
v -0.013020 -0.002100 -0.119401
v -0.013129 -0.002100 -0.119259
v -0.013225 -0.002100 -0.119108
v -0.013307 -0.002100 -0.118949
v -0.013376 -0.002100 -0.118784
v -0.013429 -0.002100 -0.118614
v -0.013468 -0.002100 -0.118439
v -0.013492 -0.002100 -0.118262
v -0.013499 -0.002100 -0.118083
v -0.013492 -0.002100 -0.117904
v -0.013468 -0.002100 -0.117727
v -0.013429 -0.002100 -0.117552
v -0.013376 -0.002100 -0.117382
v -0.013307 -0.002100 -0.117217
v -0.013225 -0.002100 -0.117058
v -0.013129 -0.002100 -0.116907
v -0.013020 -0.002100 -0.116765
v -0.012899 -0.002100 -0.116633
v -0.012767 -0.002100 -0.116513
v -0.012625 -0.002100 -0.116404
v -0.012474 -0.002100 -0.116308
v -0.012316 -0.002100 -0.116225
v -0.012150 -0.002100 -0.116157
v -0.011980 -0.002100 -0.116103
v -0.011805 -0.002100 -0.116064
v -0.011628 -0.002100 -0.116041
v -0.023049 -0.002100 -0.118033
v -0.023049 0.000000 -0.118033
v -0.023034 -0.002100 -0.117684
v -0.023034 0.000000 -0.117684
v -0.022989 -0.002100 -0.117338
v -0.022989 0.000000 -0.117338
v -0.022913 -0.002100 -0.116998
v -0.022913 0.000000 -0.116998
v -0.022808 -0.002100 -0.116665
v -0.022808 0.000000 -0.116665
v -0.022675 -0.002100 -0.116342
v -0.022675 0.000000 -0.116342
v -0.022513 -0.002100 -0.116033
v -0.022513 0.000000 -0.116033
v -0.022326 -0.002100 -0.115739
v -0.022326 0.000000 -0.115739
v -0.022113 -0.002100 -0.115462
v -0.022113 0.000000 -0.115462
v -0.021878 -0.002100 -0.115205
v -0.021878 0.000000 -0.115205
v -0.021620 -0.002100 -0.114969
v -0.021620 0.000000 -0.114969
v -0.021344 -0.002100 -0.114756
v -0.021344 0.000000 -0.114756
v -0.021049 -0.002100 -0.114569
v -0.021049 0.000000 -0.114569
v -0.020740 -0.002100 -0.114408
v -0.020740 0.000000 -0.114408
v -0.020417 -0.002100 -0.114274
v -0.020417 0.000000 -0.114274
v -0.020085 -0.002100 -0.114169
v -0.020085 0.000000 -0.114169
v -0.019744 -0.002100 -0.114094
v -0.019744 0.000000 -0.114094
v -0.019398 -0.002100 -0.114048
v -0.019398 0.000000 -0.114048
v -0.019049 -0.002100 -0.114033
v -0.019049 0.000000 -0.114033
v 0.014537 -0.024000 0.004895
v 0.014792 -0.020000 0.003776
v 0.014821 -0.024000 0.003613
v 0.014821 -0.020000 0.003613
v 0.014993 -0.024000 0.002312
v 0.014993 -0.020000 0.002312
v 0.015050 -0.024000 0.001000
v 0.015050 -0.020000 0.001000
v 0.014993 -0.024000 -0.000312
v 0.014993 -0.020000 -0.000312
v 0.014821 -0.024000 -0.001613
v 0.014821 -0.020000 -0.001613
v 0.014537 -0.024000 -0.002895
v 0.014537 -0.020000 -0.002895
v 0.014142 -0.024000 -0.004147
v 0.014142 -0.020000 -0.004147
v 0.013640 -0.024000 -0.005360
v 0.013640 -0.020000 -0.005360
v 0.013034 -0.024000 -0.006525
v 0.013034 -0.020000 -0.006525
v 0.012328 -0.024000 -0.007632
v 0.012328 -0.020000 -0.007632
v 0.011529 -0.024000 -0.008674
v 0.011529 -0.020000 -0.008674
v 0.010642 -0.024000 -0.009642
v 0.010642 -0.020000 -0.009642
v 0.009674 -0.024000 -0.010529
v 0.009674 -0.020000 -0.010529
v 0.008632 -0.024000 -0.011328
v 0.008632 -0.020000 -0.011328
v 0.007525 -0.024000 -0.012034
v 0.007525 -0.020000 -0.012034
v 0.006360 -0.024000 -0.012640
v 0.006360 -0.020000 -0.012640
v 0.005147 -0.024000 -0.013142
v 0.005147 -0.020000 -0.013142
v 0.003895 -0.024000 -0.013537
v 0.002613 -0.024000 0.015821
v 0.003776 -0.020000 0.015569
v 0.003895 -0.024000 0.015537
v 0.003895 -0.020000 0.015537
v 0.005147 -0.024000 0.015142
v 0.005147 -0.020000 0.015142
v 0.006360 -0.024000 0.014640
v 0.006360 -0.020000 0.014640
v 0.007525 -0.024000 0.014034
v 0.007525 -0.020000 0.014034
v 0.008632 -0.024000 0.013328
v 0.008632 -0.020000 0.013328
v 0.009674 -0.024000 0.012529
v 0.009674 -0.020000 0.012529
v 0.010642 -0.024000 0.011642
v 0.010642 -0.020000 0.011642
v 0.011529 -0.024000 0.010674
v 0.011529 -0.020000 0.010674
v 0.012328 -0.024000 0.009632
v 0.012328 -0.020000 0.009632
v 0.013034 -0.024000 0.008525
v 0.013034 -0.020000 0.008525
v 0.013640 -0.024000 0.007360
v 0.013640 -0.020000 0.007360
v 0.014142 -0.024000 0.006147
v 0.014142 -0.020000 0.006147
v 0.014537 -0.020000 0.004895
v -0.014821 -0.024000 0.003613
v -0.014792 -0.020000 0.003776
v -0.014537 -0.024000 0.004895
v -0.014537 -0.020000 0.004895
v -0.014142 -0.024000 0.006147
v -0.014142 -0.020000 0.006147
v -0.013640 -0.024000 0.007360
v -0.013640 -0.020000 0.007360
v -0.013034 -0.024000 0.008525
v -0.013034 -0.020000 0.008525
v -0.012328 -0.024000 0.009632
v -0.012328 -0.020000 0.009632
v -0.011529 -0.024000 0.010674
v -0.011529 -0.020000 0.010674
v -0.010642 -0.024000 0.011642
v -0.010642 -0.020000 0.011642
v -0.009674 -0.024000 0.012529
v -0.009674 -0.020000 0.012529
v -0.008632 -0.024000 0.013328
v -0.008632 -0.020000 0.013328
v -0.007525 -0.024000 0.014034
v -0.007525 -0.020000 0.014034
v -0.006360 -0.024000 0.014640
v -0.006360 -0.020000 0.014640
v -0.005147 -0.024000 0.015142
v -0.005147 -0.020000 0.015142
v -0.003895 -0.024000 0.015537
v -0.003895 -0.020000 0.015537
v -0.002613 -0.024000 0.015821
v -0.002613 -0.020000 0.015821
v -0.001312 -0.024000 0.015993
v -0.001312 -0.020000 0.015993
v 0.000000 -0.024000 0.016050
v 0.000000 -0.020000 0.016050
v 0.001312 -0.024000 0.015993
v 0.001312 -0.020000 0.015993
v 0.002613 -0.020000 0.015821
v 0.003895 -0.020000 -0.013537
v 0.003776 -0.020000 -0.013569
v 0.002613 -0.024000 -0.013821
v 0.002613 -0.020000 -0.013821
v 0.001312 -0.024000 -0.013993
v 0.001312 -0.020000 -0.013993
v 0.000000 -0.024000 -0.014050
v 0.000000 -0.020000 -0.014050
v -0.001312 -0.024000 -0.013993
v -0.001312 -0.020000 -0.013993
v -0.002613 -0.024000 -0.013821
v -0.002613 -0.020000 -0.013821
v -0.003895 -0.024000 -0.013537
v -0.003895 -0.020000 -0.013537
v -0.005147 -0.024000 -0.013142
v -0.005147 -0.020000 -0.013142
v -0.006360 -0.024000 -0.012640
v -0.006360 -0.020000 -0.012640
v -0.007525 -0.024000 -0.012034
v -0.007525 -0.020000 -0.012034
v -0.008632 -0.024000 -0.011328
v -0.008632 -0.020000 -0.011328
v -0.009674 -0.024000 -0.010529
v -0.009674 -0.020000 -0.010529
v -0.010642 -0.024000 -0.009642
v -0.010642 -0.020000 -0.009642
v -0.011529 -0.024000 -0.008674
v -0.011529 -0.020000 -0.008674
v -0.012328 -0.024000 -0.007632
v -0.012328 -0.020000 -0.007632
v -0.013034 -0.024000 -0.006525
v -0.013034 -0.020000 -0.006525
v -0.013640 -0.024000 -0.005360
v -0.013640 -0.020000 -0.005360
v -0.014142 -0.024000 -0.004147
v -0.014142 -0.020000 -0.004147
v -0.014537 -0.024000 -0.002895
v -0.014537 -0.020000 -0.002895
v -0.014821 -0.024000 -0.001613
v -0.014821 -0.020000 -0.001613
v -0.014993 -0.024000 -0.000312
v -0.014993 -0.020000 -0.000312
v -0.015050 -0.024000 0.001000
v -0.015050 -0.020000 0.001000
v -0.014993 -0.024000 0.002312
v -0.014993 -0.020000 0.002312
v -0.014821 -0.020000 0.003613
v 0.021878 -0.002100 -0.115205
v 0.022114 -0.002100 -0.115462
v 0.022025 -0.002100 -0.123083
v 0.019050 -0.002100 -0.144233
v 0.017050 -0.002100 -0.144233
v 0.016100 -0.002100 -0.142822
v -0.013858 -0.002100 -0.140268
v -0.015033 -0.002100 -0.141497
v -0.015199 -0.002100 -0.133583
v -0.019128 -0.002100 -0.137041
v -0.023049 -0.002100 -0.133583
v -0.018949 -0.002100 -0.137033
v -0.018771 -0.002100 -0.137041
v -0.018593 -0.002100 -0.137064
v -0.017924 -0.002100 -0.140858
v -0.017773 -0.002100 -0.140762
v -0.015993 -0.002100 -0.142679
v -0.019305 -0.002100 -0.137064
v -0.019480 -0.002100 -0.137103
v -0.019650 -0.002100 -0.137157
v -0.019305 -0.002100 -0.141102
v -0.019128 -0.002100 -0.141125
v -0.022113 -0.002100 -0.142804
v -0.018949 -0.002100 -0.141133
v -0.018083 -0.002100 -0.137225
v -0.017924 -0.002100 -0.137308
v -0.017773 -0.002100 -0.137404
v -0.019816 -0.002100 -0.140941
v -0.019650 -0.002100 -0.141009
v -0.019480 -0.002100 -0.141063
v -0.018771 -0.002100 -0.141125
v -0.018593 -0.002100 -0.141102
v -0.018419 -0.002100 -0.141063
v -0.018248 -0.002100 -0.137157
v -0.018419 -0.002100 -0.137103
v -0.019816 -0.002100 -0.137225
v -0.019974 -0.002100 -0.137308
v -0.020125 -0.002100 -0.137404
v -0.020267 -0.002100 -0.137513
v -0.020399 -0.002100 -0.137633
v -0.020520 -0.002100 -0.137765
v -0.018248 -0.002100 -0.141009
v -0.018083 -0.002100 -0.140941
v -0.020267 -0.002100 -0.140653
v -0.020125 -0.002100 -0.140762
v -0.019974 -0.002100 -0.140858
v -0.020399 -0.002100 -0.140532
v -0.022326 -0.002100 -0.142527
v -0.020520 -0.002100 -0.140401
v -0.017379 -0.002100 -0.137765
v -0.017500 -0.002100 -0.137633
v -0.017632 -0.002100 -0.137513
v -0.017632 -0.002100 -0.140653
v -0.017500 -0.002100 -0.140532
v -0.017379 -0.002100 -0.140401
v -0.017270 -0.002100 -0.140259
v -0.020629 -0.002100 -0.137907
v -0.020725 -0.002100 -0.138058
v -0.020807 -0.002100 -0.138217
v -0.020992 -0.002100 -0.138904
v -0.020999 -0.002100 -0.139083
v -0.023049 -0.002100 -0.140233
v -0.020992 -0.002100 -0.139262
v -0.017174 -0.002100 -0.140108
v -0.017091 -0.002100 -0.139949
v -0.017023 -0.002100 -0.139784
v -0.016969 -0.002100 -0.139614
v -0.016930 -0.002100 -0.139439
v -0.016907 -0.002100 -0.139262
v -0.017091 -0.002100 -0.138217
v -0.017023 -0.002100 -0.138382
v -0.016969 -0.002100 -0.138552
v -0.020876 -0.002100 -0.138382
v -0.020929 -0.002100 -0.138552
v -0.020968 -0.002100 -0.138727
v -0.022513 -0.002100 -0.142233
v -0.022675 -0.002100 -0.141923
v -0.020629 -0.002100 -0.140259
v -0.022808 -0.002100 -0.141601
v -0.020725 -0.002100 -0.140108
v -0.022913 -0.002100 -0.141268
v -0.020807 -0.002100 -0.139949
v -0.022989 -0.002100 -0.140928
v -0.020876 -0.002100 -0.139784
v -0.023034 -0.002100 -0.140582
v -0.020929 -0.002100 -0.139614
v -0.020968 -0.002100 -0.139439
v -0.017174 -0.002100 -0.138058
v -0.017270 -0.002100 -0.137907
v -0.016899 -0.002100 -0.139083
v -0.016907 -0.002100 -0.138904
v -0.016930 -0.002100 -0.138727
v -0.016099 -0.002100 -0.142822
v -0.021878 -0.002100 -0.143061
v -0.017049 -0.002100 -0.144233
v -0.019049 -0.002100 -0.144233
v -0.019398 -0.002100 -0.144218
v -0.019744 -0.002100 -0.144172
v -0.020085 -0.002100 -0.144097
v -0.020417 -0.002100 -0.143992
v -0.020740 -0.002100 -0.143858
v -0.021049 -0.002100 -0.143697
v -0.021344 -0.002100 -0.143510
v -0.021620 -0.002100 -0.143297
v -0.009769 -0.002100 -0.137237
v -0.008252 -0.002100 -0.136470
v -0.006674 -0.002100 -0.135835
v -0.011217 -0.002100 -0.138130
v -0.012583 -0.002100 -0.139143
v 0.000000 -0.002100 -0.134688
v -0.001699 -0.002100 -0.134760
v 0.000000 -0.002100 -0.133583
v -0.003386 -0.002100 -0.134977
v -0.005048 -0.002100 -0.135336
v 0.015034 -0.002100 -0.141497
v 0.013859 -0.002100 -0.140268
v 0.015200 -0.002100 -0.133583
v 0.012584 -0.002100 -0.139143
v 0.011217 -0.002100 -0.138130
v 0.006675 -0.002100 -0.135835
v 0.005049 -0.002100 -0.135336
v 0.003386 -0.002100 -0.134977
v 0.001699 -0.002100 -0.134760
v 0.009770 -0.002100 -0.137237
v 0.008252 -0.002100 -0.136470
v 0.022025 -0.002100 -0.133583
v 0.022025 -0.002100 -0.142683
v 0.019399 -0.002100 -0.144218
v 0.020740 -0.002100 -0.143858
v 0.020418 -0.002100 -0.143992
v 0.020085 -0.002100 -0.144097
v 0.019745 -0.002100 -0.144172
v 0.021878 -0.002100 -0.143061
v 0.021621 -0.002100 -0.143297
v 0.021344 -0.002100 -0.143510
v 0.021050 -0.002100 -0.143697
v 0.022514 -0.002100 -0.142233
v 0.022327 -0.002100 -0.142527
v 0.022114 -0.002100 -0.142804
v 0.022914 -0.002100 -0.141268
v 0.022989 -0.002100 -0.140928
v 0.023035 -0.002100 -0.140582
v 0.022809 -0.002100 -0.141601
v 0.022675 -0.002100 -0.141923
v 0.023050 -0.002100 -0.118033
v 0.022327 -0.002100 -0.115739
v 0.022514 -0.002100 -0.116033
v 0.022675 -0.002100 -0.116342
v 0.022809 -0.002100 -0.116665
v 0.022914 -0.002100 -0.116998
v 0.022989 -0.002100 -0.117338
v 0.023035 -0.002100 -0.117684
v 0.015200 -0.002100 -0.123083
v 0.015200 -0.002100 -0.114033
v 0.019050 -0.002100 -0.114033
v 0.019399 -0.002100 -0.114048
v 0.019745 -0.002100 -0.114094
v 0.020085 -0.002100 -0.114169
v 0.020418 -0.002100 -0.114274
v 0.020740 -0.002100 -0.114408
v 0.021050 -0.002100 -0.114569
v 0.021344 -0.002100 -0.114756
v 0.021621 -0.002100 -0.114969
v -0.015199 -0.002100 -0.123083
v -0.023049 -0.002100 -0.123083
v -0.015199 -0.002100 -0.114033
v 0.000000 -0.002100 -0.114033
v 0.000000 -0.002100 -0.123083
v 0.012475 -0.002100 -0.116308
v 0.012316 -0.002100 -0.116225
v 0.012151 -0.002100 -0.116157
v 0.011981 -0.002100 -0.116103
v 0.011450 -0.002100 -0.116033
v 0.011271 -0.002100 -0.116041
v 0.011094 -0.002100 -0.116064
v 0.010919 -0.002100 -0.116103
v 0.010749 -0.002100 -0.116157
v 0.011271 -0.002100 -0.120125
v 0.011450 -0.002100 -0.120133
v 0.011806 -0.002100 -0.116064
v 0.011629 -0.002100 -0.116041
v 0.011629 -0.002100 -0.120125
v 0.011806 -0.002100 -0.120102
v 0.011981 -0.002100 -0.120063
v 0.010425 -0.002100 -0.119858
v 0.010584 -0.002100 -0.119941
v 0.010584 -0.002100 -0.116225
v 0.010425 -0.002100 -0.116308
v 0.010274 -0.002100 -0.116404
v 0.010749 -0.002100 -0.120009
v 0.010919 -0.002100 -0.120063
v 0.011094 -0.002100 -0.120102
v 0.012151 -0.002100 -0.120009
v 0.012316 -0.002100 -0.119941
v 0.012475 -0.002100 -0.119858
v 0.013308 -0.002100 -0.117217
v 0.013225 -0.002100 -0.117058
v 0.010132 -0.002100 -0.116513
v 0.010000 -0.002100 -0.116633
v 0.009880 -0.002100 -0.116765
v 0.012626 -0.002100 -0.119762
v 0.012768 -0.002100 -0.119653
v 0.012900 -0.002100 -0.119532
v 0.013492 -0.002100 -0.117904
v 0.013469 -0.002100 -0.117727
v 0.013129 -0.002100 -0.116907
v 0.013020 -0.002100 -0.116765
v 0.012900 -0.002100 -0.116633
v 0.012768 -0.002100 -0.116513
v 0.012626 -0.002100 -0.116404
v 0.009880 -0.002100 -0.119401
v 0.010000 -0.002100 -0.119532
v 0.013430 -0.002100 -0.117552
v 0.013376 -0.002100 -0.117382
v 0.010132 -0.002100 -0.119653
v 0.010274 -0.002100 -0.119762
v 0.013020 -0.002100 -0.119401
v 0.013129 -0.002100 -0.119259
v 0.013225 -0.002100 -0.119108
v 0.013308 -0.002100 -0.118949
v 0.013376 -0.002100 -0.118784
v 0.013430 -0.002100 -0.118614
v 0.009592 -0.002100 -0.118949
v 0.009675 -0.002100 -0.119108
v 0.009771 -0.002100 -0.119259
v 0.013469 -0.002100 -0.118439
v 0.013492 -0.002100 -0.118262
v 0.013500 -0.002100 -0.118083
v 0.009771 -0.002100 -0.116907
v 0.009675 -0.002100 -0.117058
v 0.009592 -0.002100 -0.117217
v 0.009524 -0.002100 -0.117382
v 0.009470 -0.002100 -0.117552
v 0.009431 -0.002100 -0.117727
v 0.009431 -0.002100 -0.118439
v 0.009470 -0.002100 -0.118614
v 0.009524 -0.002100 -0.118784
v 0.009408 -0.002100 -0.117904
v 0.009400 -0.002100 -0.118083
v 0.009408 -0.002100 -0.118262
v -0.019128 -0.002100 -0.126041
v -0.018949 -0.002100 -0.126033
v -0.018771 -0.002100 -0.126041
v -0.018593 -0.002100 -0.126064
v -0.019305 -0.002100 -0.126064
v -0.019480 -0.002100 -0.126103
v -0.019650 -0.002100 -0.126157
v -0.019650 -0.002100 -0.130009
v -0.019480 -0.002100 -0.130063
v -0.017924 -0.002100 -0.129858
v -0.017773 -0.002100 -0.129762
v -0.017632 -0.002100 -0.129653
v -0.018083 -0.002100 -0.126225
v -0.017924 -0.002100 -0.126308
v -0.017773 -0.002100 -0.126404
v -0.019816 -0.002100 -0.129941
v -0.019305 -0.002100 -0.130102
v -0.019128 -0.002100 -0.130125
v -0.018949 -0.002100 -0.130133
v -0.018771 -0.002100 -0.130125
v -0.018593 -0.002100 -0.130102
v -0.018419 -0.002100 -0.130063
v -0.018248 -0.002100 -0.126157
v -0.018419 -0.002100 -0.126103
v -0.019816 -0.002100 -0.126225
v -0.019974 -0.002100 -0.126308
v -0.020125 -0.002100 -0.126404
v -0.020267 -0.002100 -0.126513
v -0.020399 -0.002100 -0.126633
v -0.020520 -0.002100 -0.126765
v -0.018248 -0.002100 -0.130009
v -0.018083 -0.002100 -0.129941
v -0.020267 -0.002100 -0.129653
v -0.020399 -0.002100 -0.129533
v -0.020520 -0.002100 -0.129401
v -0.020125 -0.002100 -0.129762
v -0.019974 -0.002100 -0.129858
v -0.017023 -0.002100 -0.128784
v -0.016969 -0.002100 -0.128614
v -0.020968 -0.002100 -0.128439
v -0.020929 -0.002100 -0.128614
v -0.020876 -0.002100 -0.128784
v -0.020807 -0.002100 -0.128949
v -0.017379 -0.002100 -0.126765
v -0.017500 -0.002100 -0.126633
v -0.017632 -0.002100 -0.126513
v -0.020725 -0.002100 -0.129108
v -0.020629 -0.002100 -0.129259
v -0.017500 -0.002100 -0.129533
v -0.017379 -0.002100 -0.129401
v -0.017270 -0.002100 -0.129259
v -0.017023 -0.002100 -0.127382
v -0.017091 -0.002100 -0.127217
v -0.020629 -0.002100 -0.126907
v -0.020725 -0.002100 -0.127058
v -0.020807 -0.002100 -0.127217
v -0.020876 -0.002100 -0.127382
v -0.020929 -0.002100 -0.127552
v -0.020968 -0.002100 -0.127727
v -0.017174 -0.002100 -0.129108
v -0.017091 -0.002100 -0.128949
v -0.016899 -0.002100 -0.128083
v -0.016907 -0.002100 -0.127904
v -0.020992 -0.002100 -0.127904
v -0.020999 -0.002100 -0.128083
v -0.020992 -0.002100 -0.128262
v -0.016930 -0.002100 -0.127727
v -0.016969 -0.002100 -0.127552
v -0.017174 -0.002100 -0.127058
v -0.017270 -0.002100 -0.126907
v -0.016930 -0.002100 -0.128439
v -0.016907 -0.002100 -0.128262
v 0.019306 -0.002100 -0.126064
v 0.019129 -0.002100 -0.126041
v 0.018950 -0.002100 -0.126033
v 0.018771 -0.002100 -0.126041
v 0.018594 -0.002100 -0.126064
v 0.019975 -0.002100 -0.129858
v 0.020126 -0.002100 -0.129762
v 0.018249 -0.002100 -0.130009
v 0.018419 -0.002100 -0.130063
v 0.019816 -0.002100 -0.126225
v 0.019975 -0.002100 -0.126308
v 0.020126 -0.002100 -0.126404
v 0.018419 -0.002100 -0.126103
v 0.018249 -0.002100 -0.126157
v 0.018084 -0.002100 -0.126225
v 0.018084 -0.002100 -0.129941
v 0.018594 -0.002100 -0.130102
v 0.018771 -0.002100 -0.130125
v 0.018950 -0.002100 -0.130133
v 0.019129 -0.002100 -0.130125
v 0.019306 -0.002100 -0.130102
v 0.019481 -0.002100 -0.130063
v 0.019651 -0.002100 -0.126157
v 0.019481 -0.002100 -0.126103
v 0.017925 -0.002100 -0.126308
v 0.017774 -0.002100 -0.126404
v 0.017632 -0.002100 -0.126513
v 0.019651 -0.002100 -0.130009
v 0.019816 -0.002100 -0.129941
v 0.017500 -0.002100 -0.126633
v 0.017380 -0.002100 -0.126765
v 0.017271 -0.002100 -0.126907
v 0.016908 -0.002100 -0.128262
v 0.016931 -0.002100 -0.128439
v 0.017632 -0.002100 -0.129653
v 0.017500 -0.002100 -0.129533
v 0.017380 -0.002100 -0.129401
v 0.017774 -0.002100 -0.129762
v 0.017925 -0.002100 -0.129858
v 0.020268 -0.002100 -0.129653
v 0.020400 -0.002100 -0.129533
v 0.020520 -0.002100 -0.129401
v 0.017024 -0.002100 -0.127382
v 0.016970 -0.002100 -0.127552
v 0.020520 -0.002100 -0.126765
v 0.020400 -0.002100 -0.126633
v 0.020268 -0.002100 -0.126513
v 0.017175 -0.002100 -0.127058
v 0.017092 -0.002100 -0.127217
v 0.016931 -0.002100 -0.127727
v 0.016908 -0.002100 -0.127904
v 0.016900 -0.002100 -0.128083
v 0.020629 -0.002100 -0.129259
v 0.020725 -0.002100 -0.129108
v 0.020808 -0.002100 -0.128949
v 0.016970 -0.002100 -0.128614
v 0.017024 -0.002100 -0.128784
v 0.017092 -0.002100 -0.128949
v 0.017175 -0.002100 -0.129108
v 0.017271 -0.002100 -0.129259
v 0.020876 -0.002100 -0.128784
v 0.020930 -0.002100 -0.128614
v 0.020969 -0.002100 -0.128439
v 0.020992 -0.002100 -0.128262
v 0.021000 -0.002100 -0.128083
v 0.020992 -0.002100 -0.127904
v 0.020969 -0.002100 -0.127727
v 0.020930 -0.002100 -0.127552
v 0.020876 -0.002100 -0.127382
v 0.020808 -0.002100 -0.127217
v 0.020725 -0.002100 -0.127058
v 0.020629 -0.002100 -0.126907
v 0.023050 -0.002100 -0.123083
v 0.023050 -0.002100 -0.133583
v 0.023050 -0.002100 -0.140233
v -0.000000 0.000000 -0.012650
v -0.000000 -0.020000 -0.012650
v 0.000144 0.000000 -0.012644
v 0.000144 -0.020000 -0.012644
v 0.000287 0.000000 -0.012625
v 0.000287 -0.020000 -0.012625
v 0.000427 0.000000 -0.012594
v 0.000427 -0.020000 -0.012594
v 0.000564 0.000000 -0.012550
v 0.000564 -0.020000 -0.012550
v 0.000697 0.000000 -0.012495
v 0.000697 -0.020000 -0.012495
v 0.000825 0.000000 -0.012429
v 0.000825 -0.020000 -0.012429
v 0.000946 0.000000 -0.012352
v 0.000946 -0.020000 -0.012352
v 0.001061 0.000000 -0.012264
v 0.001061 -0.020000 -0.012264
v 0.001167 0.000000 -0.012167
v 0.001167 -0.020000 -0.012167
v 0.001264 0.000000 -0.012061
v 0.001264 -0.020000 -0.012061
v 0.001352 0.000000 -0.011946
v 0.001352 -0.020000 -0.011946
v 0.001429 0.000000 -0.011825
v 0.001429 -0.020000 -0.011825
v 0.001495 0.000000 -0.011697
v 0.001495 -0.020000 -0.011697
v 0.001550 0.000000 -0.011564
v 0.001550 -0.020000 -0.011564
v 0.001594 0.000000 -0.011427
v 0.001594 -0.020000 -0.011427
v 0.001625 0.000000 -0.011287
v 0.001625 -0.020000 -0.011287
v 0.001644 0.000000 -0.011144
v 0.001644 -0.020000 -0.011144
v 0.001650 0.000000 -0.011000
v 0.001650 -0.020000 -0.011000
v 0.001644 0.000000 -0.010856
v 0.001644 -0.020000 -0.010856
v 0.001625 0.000000 -0.010713
v 0.001625 -0.020000 -0.010713
v 0.001594 0.000000 -0.010573
v 0.001594 -0.020000 -0.010573
v 0.001550 0.000000 -0.010436
v 0.001550 -0.020000 -0.010436
v 0.001495 0.000000 -0.010303
v 0.001495 -0.020000 -0.010303
v 0.001429 0.000000 -0.010175
v 0.001429 -0.020000 -0.010175
v 0.001352 0.000000 -0.010054
v 0.001352 -0.020000 -0.010054
v 0.001264 0.000000 -0.009939
v 0.001264 -0.020000 -0.009939
v 0.001167 0.000000 -0.009833
v 0.001167 -0.020000 -0.009833
v 0.001061 0.000000 -0.009736
v 0.001061 -0.020000 -0.009736
v 0.000946 0.000000 -0.009648
v 0.000946 -0.020000 -0.009648
v 0.000825 0.000000 -0.009571
v 0.000825 -0.020000 -0.009571
v 0.000697 0.000000 -0.009505
v 0.000697 -0.020000 -0.009505
v 0.000564 0.000000 -0.009450
v 0.000564 -0.020000 -0.009450
v 0.000427 0.000000 -0.009406
v 0.000427 -0.020000 -0.009406
v 0.000287 0.000000 -0.009375
v 0.000287 -0.020000 -0.009375
v 0.000144 0.000000 -0.009356
v 0.000144 -0.020000 -0.009356
v 0.000000 0.000000 -0.009350
v 0.000000 -0.020000 -0.009350
v -0.000144 0.000000 -0.009356
v -0.000144 -0.020000 -0.009356
v -0.000287 0.000000 -0.009375
v -0.000287 -0.020000 -0.009375
v -0.000427 0.000000 -0.009406
v -0.000427 -0.020000 -0.009406
v -0.000564 0.000000 -0.009450
v -0.000564 -0.020000 -0.009450
v -0.000697 0.000000 -0.009505
v -0.000697 -0.020000 -0.009505
v -0.000825 0.000000 -0.009571
v -0.000825 -0.020000 -0.009571
v -0.000946 0.000000 -0.009648
v -0.000946 -0.020000 -0.009648
v -0.001061 0.000000 -0.009736
v -0.001061 -0.020000 -0.009736
v -0.001167 0.000000 -0.009833
v -0.001167 -0.020000 -0.009833
v -0.001264 0.000000 -0.009939
v -0.001264 -0.020000 -0.009939
v -0.001352 0.000000 -0.010054
v -0.001352 -0.020000 -0.010054
v -0.001429 0.000000 -0.010175
v -0.001429 -0.020000 -0.010175
v -0.001495 0.000000 -0.010303
v -0.001495 -0.020000 -0.010303
v -0.001550 0.000000 -0.010436
v -0.001550 -0.020000 -0.010436
v -0.001594 0.000000 -0.010573
v -0.001594 -0.020000 -0.010573
v -0.001625 0.000000 -0.010713
v -0.001625 -0.020000 -0.010713
v -0.001644 0.000000 -0.010856
v -0.001644 -0.020000 -0.010856
v -0.001650 0.000000 -0.011000
v -0.001650 -0.020000 -0.011000
v -0.001644 0.000000 -0.011144
v -0.001644 -0.020000 -0.011144
v -0.001625 0.000000 -0.011287
v -0.001625 -0.020000 -0.011287
v -0.001594 0.000000 -0.011427
v -0.001594 -0.020000 -0.011427
v -0.001550 0.000000 -0.011564
v -0.001550 -0.020000 -0.011564
v -0.001495 0.000000 -0.011697
v -0.001495 -0.020000 -0.011697
v -0.001429 0.000000 -0.011825
v -0.001429 -0.020000 -0.011825
v -0.001352 0.000000 -0.011946
v -0.001352 -0.020000 -0.011946
v -0.001264 0.000000 -0.012061
v -0.001264 -0.020000 -0.012061
v -0.001167 0.000000 -0.012167
v -0.001167 -0.020000 -0.012167
v -0.001061 0.000000 -0.012264
v -0.001061 -0.020000 -0.012264
v -0.000946 0.000000 -0.012352
v -0.000946 -0.020000 -0.012352
v -0.000825 0.000000 -0.012429
v -0.000825 -0.020000 -0.012429
v -0.000697 0.000000 -0.012495
v -0.000697 -0.020000 -0.012495
v -0.000564 0.000000 -0.012550
v -0.000564 -0.020000 -0.012550
v -0.000427 0.000000 -0.012594
v -0.000427 -0.020000 -0.012594
v -0.000287 0.000000 -0.012625
v -0.000287 -0.020000 -0.012625
v -0.000144 0.000000 -0.012644
v -0.000144 -0.020000 -0.012644
v -0.005500 0.000000 -0.114033
v 0.005500 0.000000 -0.114033
v 0.019050 0.000000 -0.114033
v -0.024000 0.000000 -0.000000
v -0.026000 -0.002000 -0.000000
v -0.025901 -0.002000 0.002266
v -0.023909 0.000000 0.002092
v -0.025605 -0.002000 0.004515
v -0.023635 0.000000 0.004168
v -0.025114 -0.002000 0.006729
v -0.023182 0.000000 0.006212
v -0.024432 -0.002000 0.008893
v -0.022553 0.000000 0.008208
v -0.023564 -0.002000 0.010988
v -0.021751 0.000000 0.010143
v -0.022517 -0.002000 0.013000
v -0.020785 0.000000 0.012000
v -0.021298 -0.002000 0.014913
v -0.019660 0.000000 0.013766
v -0.019917 -0.002000 0.016712
v -0.018385 0.000000 0.015427
v -0.018385 -0.002000 0.018385
v -0.016971 0.000000 0.016971
v -0.016712 -0.002000 0.019917
v -0.015427 0.000000 0.018385
v -0.014913 -0.002000 0.021298
v -0.013766 0.000000 0.019660
v -0.013000 -0.002000 0.022517
v -0.012000 0.000000 0.020785
v -0.010988 -0.002000 0.023564
v -0.010143 0.000000 0.021751
v -0.008893 -0.002000 0.024432
v -0.008208 0.000000 0.022553
v -0.006729 -0.002000 0.025114
v -0.006212 0.000000 0.023182
v -0.004515 -0.002000 0.025605
v -0.004168 0.000000 0.023635
v -0.002266 -0.002000 0.025901
v -0.002092 0.000000 0.023909
v 0.000000 -0.002000 0.026000
v 0.000000 0.000000 0.024000
v 0.002266 -0.002000 0.025901
v 0.002092 0.000000 0.023909
v 0.004515 -0.002000 0.025605
v 0.004168 0.000000 0.023635
v 0.006729 -0.002000 0.025114
v 0.006212 0.000000 0.023182
v 0.008893 -0.002000 0.024432
v 0.008208 0.000000 0.022553
v 0.010988 -0.002000 0.023564
v 0.010143 0.000000 0.021751
v 0.013000 -0.002000 0.022517
v 0.012000 0.000000 0.020785
v 0.014913 -0.002000 0.021298
v 0.013766 0.000000 0.019660
v 0.016712 -0.002000 0.019917
v 0.015427 0.000000 0.018385
v 0.018385 -0.002000 0.018385
v 0.016971 0.000000 0.016971
v 0.019917 -0.002000 0.016712
v 0.018385 0.000000 0.015427
v 0.021298 -0.002000 0.014913
v 0.019660 0.000000 0.013766
v 0.022517 -0.002000 0.013000
v 0.020785 0.000000 0.012000
v 0.023564 -0.002000 0.010988
v 0.021751 0.000000 0.010143
v 0.024432 -0.002000 0.008893
v 0.022553 0.000000 0.008208
v 0.025114 -0.002000 0.006729
v 0.023182 0.000000 0.006212
v 0.025605 -0.002000 0.004515
v 0.023635 0.000000 0.004168
v 0.025901 -0.002000 0.002266
v 0.023909 0.000000 0.002092
v 0.026000 -0.002000 -0.000000
v 0.024000 0.000000 -0.000000
v -0.006674 0.000000 -0.135835
v -0.005048 0.000000 -0.135336
v -0.005500 0.000000 -0.144579
v -0.005500 0.000000 0.005500
v -0.019660 0.000000 -0.173766
v -0.020785 0.000000 -0.172000
v -0.019062 0.000000 -0.144579
v -0.021751 0.000000 -0.170143
v -0.022553 0.000000 -0.168208
v -0.023182 0.000000 -0.166212
v -0.023635 0.000000 -0.164168
v -0.023909 0.000000 -0.162092
v -0.024000 0.000000 -0.160000
v -0.024000 0.000000 -0.144579
v -0.006371 0.000000 -0.146337
v -0.007538 0.000000 -0.146945
v -0.008647 0.000000 -0.147651
v -0.009690 0.000000 -0.148452
v -0.010660 0.000000 -0.149340
v -0.011548 0.000000 -0.150310
v -0.012349 0.000000 -0.151353
v -0.013055 0.000000 -0.152462
v -0.013663 0.000000 -0.153629
v -0.014846 0.000000 -0.162618
v -0.014561 0.000000 -0.163902
v -0.014166 0.000000 -0.165156
v -0.013663 0.000000 -0.166371
v -0.014166 0.000000 -0.154844
v -0.014561 0.000000 -0.156098
v -0.014846 0.000000 -0.157382
v -0.008647 0.000000 -0.172349
v -0.013766 0.000000 -0.179660
v -0.009690 0.000000 -0.171548
v -0.015427 0.000000 -0.178385
v -0.010660 0.000000 -0.170660
v -0.016971 0.000000 -0.176971
v -0.011548 0.000000 -0.169690
v -0.018385 0.000000 -0.175427
v -0.012349 0.000000 -0.168647
v -0.013055 0.000000 -0.167537
v -0.015018 0.000000 -0.158686
v -0.015075 0.000000 -0.160000
v -0.015018 0.000000 -0.161314
v -0.008208 0.000000 -0.182553
v -0.010143 0.000000 -0.181751
v -0.005500 0.000000 -0.179538
v -0.012000 0.000000 -0.180785
v -0.002092 0.000000 -0.183909
v -0.004168 0.000000 -0.183635
v -0.006212 0.000000 -0.183182
v 0.006212 0.000000 -0.183182
v 0.004168 0.000000 -0.183635
v 0.005500 0.000000 -0.179538
v 0.002092 0.000000 -0.183909
v -0.000000 0.000000 -0.184000
v 0.012000 0.000000 -0.180785
v 0.010143 0.000000 -0.181751
v 0.008208 0.000000 -0.182553
v 0.013766 0.000000 -0.179660
v 0.005156 0.000000 -0.174166
v 0.006371 0.000000 -0.173663
v 0.013055 0.000000 -0.167537
v 0.013663 0.000000 -0.166371
v 0.019660 0.000000 -0.173766
v 0.006371 0.000000 -0.146337
v 0.005500 0.000000 -0.144579
v 0.007538 0.000000 -0.146945
v 0.019063 0.000000 -0.144579
v 0.008647 0.000000 -0.147651
v 0.009690 0.000000 -0.148452
v 0.007538 0.000000 -0.173055
v 0.008647 0.000000 -0.172349
v 0.015427 0.000000 -0.178385
v 0.009690 0.000000 -0.171548
v 0.016971 0.000000 -0.176971
v 0.010660 0.000000 -0.170660
v 0.018385 0.000000 -0.175427
v 0.011548 0.000000 -0.169690
v 0.012349 0.000000 -0.168647
v 0.013663 0.000000 -0.153629
v 0.013055 0.000000 -0.152462
v 0.012349 0.000000 -0.151353
v 0.014166 0.000000 -0.165156
v 0.014561 0.000000 -0.163902
v 0.014846 0.000000 -0.162618
v 0.014846 0.000000 -0.157382
v 0.014561 0.000000 -0.156098
v 0.014166 0.000000 -0.154844
v 0.011548 0.000000 -0.150310
v 0.010660 0.000000 -0.149340
v 0.015018 0.000000 -0.161314
v 0.015075 0.000000 -0.160000
v 0.015018 0.000000 -0.158686
v 0.024000 0.000000 -0.144579
v 0.024000 0.000000 -0.160000
v 0.023182 0.000000 -0.166212
v 0.022553 0.000000 -0.168208
v 0.023909 0.000000 -0.162092
v 0.023635 0.000000 -0.164168
v 0.021751 0.000000 -0.170143
v 0.020785 0.000000 -0.172000
v 0.019063 0.000000 -0.005500
v 0.019063 0.000000 0.005500
v 0.005500 0.000000 0.005500
v 0.000144 0.000000 0.012644
v 0.000000 0.000000 0.012650
v -0.000144 0.000000 0.012644
v -0.000287 0.000000 0.012625
v -0.000697 0.000000 0.009505
v -0.000564 0.000000 0.009450
v -0.000427 0.000000 0.009406
v -0.000287 0.000000 0.009375
v -0.000144 0.000000 0.009356
v -0.000000 0.000000 0.009350
v 0.000144 0.000000 0.009356
v 0.000287 0.000000 0.009375
v 0.000427 0.000000 0.009406
v 0.000564 0.000000 0.009450
v 0.000697 0.000000 0.009505
v 0.000697 0.000000 0.012495
v 0.000564 0.000000 0.012550
v 0.000427 0.000000 0.012594
v 0.000287 0.000000 0.012625
v -0.000427 0.000000 0.012594
v -0.000564 0.000000 0.012550
v -0.000697 0.000000 0.012495
v 0.000825 0.000000 0.009571
v 0.000946 0.000000 0.009648
v 0.001061 0.000000 0.009736
v -0.000825 0.000000 0.012429
v -0.000946 0.000000 0.012352
v -0.001061 0.000000 0.012264
v 0.001167 0.000000 0.009833
v 0.001264 0.000000 0.009939
v 0.001352 0.000000 0.010054
v -0.001429 0.000000 0.010175
v -0.001352 0.000000 0.010054
v 0.001429 0.000000 0.010175
v 0.001495 0.000000 0.010303
v 0.001550 0.000000 0.010436
v 0.001061 0.000000 0.012264
v 0.000946 0.000000 0.012352
v 0.000825 0.000000 0.012429
v -0.001167 0.000000 0.012167
v -0.001264 0.000000 0.012061
v -0.001352 0.000000 0.011946
v -0.001264 0.000000 0.009939
v -0.001167 0.000000 0.009833
v -0.001061 0.000000 0.009736
v -0.000946 0.000000 0.009648
v -0.000825 0.000000 0.009571
v 0.001594 0.000000 0.011427
v 0.001550 0.000000 0.011564
v -0.001429 0.000000 0.011825
v -0.001495 0.000000 0.011697
v -0.001550 0.000000 0.011564
v -0.001594 0.000000 0.010573
v -0.001550 0.000000 0.010436
v -0.001495 0.000000 0.010303
v 0.001495 0.000000 0.011697
v 0.001429 0.000000 0.011825
v 0.001352 0.000000 0.011946
v 0.001264 0.000000 0.012061
v 0.001167 0.000000 0.012167
v -0.001650 0.000000 0.011000
v -0.001644 0.000000 0.010856
v -0.001625 0.000000 0.010713
v 0.001594 0.000000 0.010573
v 0.001625 0.000000 0.010713
v 0.001644 0.000000 0.010856
v -0.001594 0.000000 0.011427
v -0.001625 0.000000 0.011287
v -0.001644 0.000000 0.011144
v 0.001650 0.000000 0.011000
v 0.001644 0.000000 0.011144
v 0.001625 0.000000 0.011287
v -0.019062 0.000000 0.005500
v 0.005156 0.000000 -0.145834
v 0.003902 0.000000 -0.145439
v 0.002618 0.000000 -0.145154
v -0.002618 0.000000 -0.145154
v -0.003902 0.000000 -0.145439
v -0.005156 0.000000 -0.145834
v 0.001314 0.000000 -0.144982
v -0.000000 0.000000 -0.144925
v -0.001314 0.000000 -0.144982
v -0.007538 0.000000 -0.173055
v -0.006371 0.000000 -0.173663
v -0.005156 0.000000 -0.174166
v -0.003902 0.000000 -0.174561
v -0.002618 0.000000 -0.174846
v -0.001314 0.000000 -0.175018
v 0.000000 0.000000 -0.175075
v 0.001314 0.000000 -0.175018
v 0.002618 0.000000 -0.174846
v 0.003902 0.000000 -0.174561
v 0.019050 0.000000 -0.144233
v 0.019399 0.000000 -0.144218
v 0.019745 0.000000 -0.144172
v 0.020085 0.000000 -0.144097
v 0.020418 0.000000 -0.143992
v 0.021344 0.000000 -0.143510
v 0.021621 0.000000 -0.143297
v 0.019745 0.000000 -0.114094
v 0.019399 0.000000 -0.114048
v 0.024000 0.000000 -0.063341
v 0.020740 0.000000 -0.143858
v 0.021050 0.000000 -0.143697
v 0.021050 0.000000 -0.114569
v 0.020740 0.000000 -0.114408
v 0.021878 0.000000 -0.143061
v 0.022114 0.000000 -0.142804
v 0.022327 0.000000 -0.142527
v 0.022989 0.000000 -0.117338
v 0.022914 0.000000 -0.116998
v 0.020418 0.000000 -0.114274
v 0.020085 0.000000 -0.114169
v 0.022809 0.000000 -0.141601
v 0.022914 0.000000 -0.141268
v 0.022989 0.000000 -0.140928
v 0.023035 0.000000 -0.140582
v 0.022809 0.000000 -0.116665
v 0.022675 0.000000 -0.116342
v 0.022514 0.000000 -0.116033
v 0.022327 0.000000 -0.115739
v 0.022114 0.000000 -0.115462
v 0.021878 0.000000 -0.115205
v 0.021621 0.000000 -0.114969
v 0.021344 0.000000 -0.114756
v 0.022514 0.000000 -0.142233
v 0.022675 0.000000 -0.141923
v 0.023050 0.000000 -0.140233
v 0.023050 0.000000 -0.118033
v 0.023035 0.000000 -0.117684
v 0.017050 0.000000 -0.144233
v 0.016100 0.000000 -0.142822
v 0.006675 0.000000 -0.135835
v 0.008252 0.000000 -0.136470
v 0.009770 0.000000 -0.137237
v 0.011217 0.000000 -0.138130
v 0.012584 0.000000 -0.139143
v 0.013859 0.000000 -0.140268
v 0.015034 0.000000 -0.141497
v 0.001699 0.000000 -0.134760
v 0.003386 0.000000 -0.134977
v 0.005049 0.000000 -0.135336
v -0.003386 0.000000 -0.134977
v -0.001699 0.000000 -0.134760
v 0.000000 0.000000 -0.134688
v -0.011217 0.000000 -0.138130
v -0.009769 0.000000 -0.137237
v -0.008252 0.000000 -0.136470
v -0.019398 0.000000 -0.144218
v -0.019049 0.000000 -0.144233
v -0.017049 0.000000 -0.144233
v -0.016099 0.000000 -0.142822
v -0.015033 0.000000 -0.141497
v -0.013858 0.000000 -0.140268
v -0.012583 0.000000 -0.139143
v -0.020417 0.000000 -0.143992
v -0.020085 0.000000 -0.144097
v -0.024000 0.000000 -0.063341
v -0.019744 0.000000 -0.144172
v -0.021344 0.000000 -0.143510
v -0.021049 0.000000 -0.143697
v -0.020740 0.000000 -0.143858
v -0.022326 0.000000 -0.142527
v -0.022113 0.000000 -0.142804
v -0.021878 0.000000 -0.143061
v -0.021620 0.000000 -0.143297
v -0.022808 0.000000 -0.141601
v -0.022675 0.000000 -0.141923
v -0.022513 0.000000 -0.142233
v -0.023049 0.000000 -0.140233
v -0.023034 0.000000 -0.140582
v -0.022989 0.000000 -0.140928
v -0.022913 0.000000 -0.141268
v -0.019062 0.000000 -0.063341
v -0.005500 0.000000 -0.063341
v 0.005500 0.000000 -0.063341
v 0.024000 0.000000 -0.005500
v 0.019063 0.000000 -0.063341
v -0.005500 0.000000 -0.005500
v 0.005500 0.000000 -0.005500
v -0.019062 0.000000 -0.005500
v -0.024000 0.000000 -0.005500
v 0.011564 0.000000 -0.001550
v 0.011697 0.000000 -0.001495
v 0.009939 0.000000 -0.001264
v 0.010054 0.000000 -0.001352
v 0.010175 0.000000 -0.001429
v 0.010303 0.000000 -0.001495
v 0.010436 0.000000 -0.001550
v 0.010573 0.000000 -0.001594
v 0.010436 0.000000 0.001550
v 0.010303 0.000000 0.001495
v 0.009939 0.000000 0.001264
v 0.009833 0.000000 0.001167
v 0.009736 0.000000 0.001061
v 0.009648 0.000000 0.000946
v 0.011144 0.000000 -0.001644
v 0.011287 0.000000 -0.001625
v 0.011427 0.000000 -0.001594
v 0.012264 0.000000 -0.001061
v 0.012167 0.000000 -0.001167
v 0.012061 0.000000 -0.001264
v 0.012495 0.000000 0.000697
v 0.012429 0.000000 0.000825
v 0.012167 0.000000 0.001167
v 0.012061 0.000000 0.001264
v 0.011946 0.000000 0.001352
v 0.011564 0.000000 0.001550
v 0.011427 0.000000 0.001594
v 0.010856 0.000000 0.001644
v 0.010713 0.000000 0.001625
v 0.010573 0.000000 0.001594
v 0.010175 0.000000 0.001429
v 0.010054 0.000000 0.001352
v 0.010713 0.000000 -0.001625
v 0.010856 0.000000 -0.001644
v 0.011000 0.000000 -0.001650
v 0.011825 0.000000 -0.001429
v 0.011946 0.000000 -0.001352
v 0.012352 0.000000 0.000946
v 0.012264 0.000000 0.001061
v 0.011287 0.000000 0.001625
v 0.011144 0.000000 0.001644
v 0.011000 0.000000 0.001650
v 0.009450 0.000000 -0.000564
v 0.009505 0.000000 -0.000697
v 0.009571 0.000000 -0.000825
v 0.009648 0.000000 -0.000946
v 0.009736 0.000000 -0.001061
v 0.009833 0.000000 -0.001167
v 0.012352 0.000000 -0.000946
v 0.012429 0.000000 -0.000825
v 0.012495 0.000000 -0.000697
v 0.011825 0.000000 0.001429
v 0.011697 0.000000 0.001495
v 0.009571 0.000000 0.000825
v 0.009505 0.000000 0.000697
v 0.009450 0.000000 0.000564
v 0.012625 0.000000 0.000287
v 0.012594 0.000000 0.000427
v 0.012550 0.000000 0.000564
v 0.009406 0.000000 0.000427
v 0.009375 0.000000 0.000287
v 0.009356 0.000000 0.000144
v 0.009350 0.000000 0.000000
v 0.009356 0.000000 -0.000144
v 0.009375 0.000000 -0.000287
v 0.009406 0.000000 -0.000427
v 0.012550 0.000000 -0.000564
v 0.012594 0.000000 -0.000427
v 0.012625 0.000000 -0.000287
v 0.012644 0.000000 -0.000144
v 0.012650 0.000000 -0.000000
v 0.012644 0.000000 0.000144
v -0.010175 0.000000 0.001429
v -0.010303 0.000000 0.001495
v -0.011287 0.000000 0.001625
v -0.011427 0.000000 0.001594
v -0.011564 0.000000 0.001550
v -0.010436 0.000000 0.001550
v -0.010573 0.000000 0.001594
v -0.010713 0.000000 0.001625
v -0.010856 0.000000 0.001644
v -0.011000 0.000000 0.001650
v -0.011144 0.000000 0.001644
v -0.011697 0.000000 0.001495
v -0.011825 0.000000 0.001429
v -0.011946 0.000000 0.001352
v -0.010856 0.000000 -0.001644
v -0.010713 0.000000 -0.001625
v -0.009736 0.000000 0.001061
v -0.009833 0.000000 0.001167
v -0.012061 0.000000 0.001264
v -0.012167 0.000000 0.001167
v -0.012264 0.000000 0.001061
v -0.011564 0.000000 -0.001550
v -0.011427 0.000000 -0.001594
v -0.010573 0.000000 -0.001594
v -0.010436 0.000000 -0.001550
v -0.010303 0.000000 -0.001495
v -0.009939 0.000000 0.001264
v -0.010054 0.000000 0.001352
v -0.012352 0.000000 -0.000946
v -0.012264 0.000000 -0.001061
v -0.011287 0.000000 -0.001625
v -0.011144 0.000000 -0.001644
v -0.011000 0.000000 -0.001650
v -0.010175 0.000000 -0.001429
v -0.010054 0.000000 -0.001352
v -0.009939 0.000000 -0.001264
v -0.012594 0.000000 -0.000427
v -0.012550 0.000000 -0.000564
v -0.012167 0.000000 -0.001167
v -0.012061 0.000000 -0.001264
v -0.011946 0.000000 -0.001352
v -0.011825 0.000000 -0.001429
v -0.011697 0.000000 -0.001495
v -0.009833 0.000000 -0.001167
v -0.009736 0.000000 -0.001061
v -0.009648 0.000000 -0.000946
v -0.012352 0.000000 0.000946
v -0.012429 0.000000 0.000825
v -0.012495 0.000000 0.000697
v -0.012625 0.000000 -0.000287
v -0.012495 0.000000 -0.000697
v -0.012429 0.000000 -0.000825
v -0.009571 0.000000 -0.000825
v -0.009505 0.000000 -0.000697
v -0.009450 0.000000 -0.000564
v -0.012550 0.000000 0.000564
v -0.012594 0.000000 0.000427
v -0.012625 0.000000 0.000287
v -0.009450 0.000000 0.000564
v -0.009505 0.000000 0.000697
v -0.009571 0.000000 0.000825
v -0.009648 0.000000 0.000946
v -0.012644 0.000000 0.000144
v -0.012650 0.000000 0.000000
v -0.012644 0.000000 -0.000144
v -0.009406 0.000000 -0.000427
v -0.009375 0.000000 -0.000287
v -0.009356 0.000000 -0.000144
v -0.009350 0.000000 -0.000000
v -0.009356 0.000000 0.000144
v -0.009375 0.000000 0.000287
v -0.009406 0.000000 0.000427
v 0.007000 -0.016900 0.005900
v 0.007000 -0.020000 0.005900
v 0.007096 -0.016900 0.005904
v 0.007096 -0.020000 0.005904
v 0.007191 -0.016900 0.005917
v 0.007191 -0.020000 0.005917
v 0.007285 -0.016900 0.005937
v 0.007285 -0.020000 0.005937
v 0.007376 -0.016900 0.005966
v 0.007376 -0.020000 0.005966
v 0.007465 -0.016900 0.006003
v 0.007465 -0.020000 0.006003
v 0.007550 -0.016900 0.006047
v 0.007550 -0.020000 0.006047
v 0.007631 -0.016900 0.006099
v 0.007631 -0.020000 0.006099
v 0.007707 -0.016900 0.006157
v 0.007707 -0.020000 0.006157
v 0.007778 -0.016900 0.006222
v 0.007778 -0.020000 0.006222
v 0.007843 -0.016900 0.006293
v 0.007843 -0.020000 0.006293
v 0.007901 -0.016900 0.006369
v 0.007901 -0.020000 0.006369
v 0.007953 -0.016900 0.006450
v 0.007953 -0.020000 0.006450
v 0.007997 -0.016900 0.006535
v 0.007997 -0.020000 0.006535
v 0.008034 -0.016900 0.006624
v 0.008034 -0.020000 0.006624
v 0.008063 -0.016900 0.006715
v 0.008063 -0.020000 0.006715
v 0.008083 -0.016900 0.006809
v 0.008083 -0.020000 0.006809
v 0.008096 -0.016900 0.006904
v 0.008096 -0.020000 0.006904
v 0.008100 -0.016900 0.007000
v 0.008100 -0.020000 0.007000
v 0.008096 -0.016900 0.007096
v 0.008096 -0.020000 0.007096
v 0.008083 -0.016900 0.007191
v 0.008083 -0.020000 0.007191
v 0.008063 -0.016900 0.007285
v 0.008063 -0.020000 0.007285
v 0.008034 -0.016900 0.007376
v 0.008034 -0.020000 0.007376
v 0.007997 -0.016900 0.007465
v 0.007997 -0.020000 0.007465
v 0.007953 -0.016900 0.007550
v 0.007953 -0.020000 0.007550
v 0.007901 -0.016900 0.007631
v 0.007901 -0.020000 0.007631
v 0.007843 -0.016900 0.007707
v 0.007843 -0.020000 0.007707
v 0.007778 -0.016900 0.007778
v 0.007778 -0.020000 0.007778
v 0.007707 -0.016900 0.007843
v 0.007707 -0.020000 0.007843
v 0.007631 -0.016900 0.007901
v 0.007631 -0.020000 0.007901
v 0.007550 -0.016900 0.007953
v 0.007550 -0.020000 0.007953
v 0.007465 -0.016900 0.007997
v 0.007465 -0.020000 0.007997
v 0.007376 -0.016900 0.008034
v 0.007376 -0.020000 0.008034
v 0.007285 -0.016900 0.008063
v 0.007285 -0.020000 0.008063
v 0.007191 -0.016900 0.008083
v 0.007191 -0.020000 0.008083
v 0.007096 -0.016900 0.008096
v 0.007096 -0.020000 0.008096
v 0.007000 -0.016900 0.008100
v 0.007000 -0.020000 0.008100
v 0.006904 -0.016900 0.008096
v 0.006904 -0.020000 0.008096
v 0.006809 -0.016900 0.008083
v 0.006809 -0.020000 0.008083
v 0.006715 -0.016900 0.008063
v 0.006715 -0.020000 0.008063
v 0.006624 -0.016900 0.008034
v 0.006624 -0.020000 0.008034
v 0.006535 -0.016900 0.007997
v 0.006535 -0.020000 0.007997
v 0.006450 -0.016900 0.007953
v 0.006450 -0.020000 0.007953
v 0.006369 -0.016900 0.007901
v 0.006369 -0.020000 0.007901
v 0.006293 -0.016900 0.007843
v 0.006293 -0.020000 0.007843
v 0.006222 -0.016900 0.007778
v 0.006222 -0.020000 0.007778
v 0.006157 -0.016900 0.007707
v 0.006157 -0.020000 0.007707
v 0.006099 -0.016900 0.007631
v 0.006099 -0.020000 0.007631
v 0.006047 -0.016900 0.007550
v 0.006047 -0.020000 0.007550
v 0.006003 -0.016900 0.007465
v 0.006003 -0.020000 0.007465
v 0.005966 -0.016900 0.007376
v 0.005966 -0.020000 0.007376
v 0.005937 -0.016900 0.007285
v 0.005937 -0.020000 0.007285
v 0.005917 -0.016900 0.007191
v 0.005917 -0.020000 0.007191
v 0.005904 -0.016900 0.007096
v 0.005904 -0.020000 0.007096
v 0.005900 -0.016900 0.007000
v 0.005900 -0.020000 0.007000
v 0.005904 -0.016900 0.006904
v 0.005904 -0.020000 0.006904
v 0.005917 -0.016900 0.006809
v 0.005917 -0.020000 0.006809
v 0.005937 -0.016900 0.006715
v 0.005937 -0.020000 0.006715
v 0.005966 -0.016900 0.006624
v 0.005966 -0.020000 0.006624
v 0.006003 -0.016900 0.006535
v 0.006003 -0.020000 0.006535
v 0.006047 -0.016900 0.006450
v 0.006047 -0.020000 0.006450
v 0.006099 -0.016900 0.006369
v 0.006099 -0.020000 0.006369
v 0.006157 -0.016900 0.006293
v 0.006157 -0.020000 0.006293
v 0.006222 -0.016900 0.006222
v 0.006222 -0.020000 0.006222
v 0.006293 -0.016900 0.006157
v 0.006293 -0.020000 0.006157
v 0.006369 -0.016900 0.006099
v 0.006369 -0.020000 0.006099
v 0.006450 -0.016900 0.006047
v 0.006450 -0.020000 0.006047
v 0.006535 -0.016900 0.006003
v 0.006535 -0.020000 0.006003
v 0.006624 -0.016900 0.005966
v 0.006624 -0.020000 0.005966
v 0.006715 -0.016900 0.005937
v 0.006715 -0.020000 0.005937
v 0.006809 -0.016900 0.005917
v 0.006809 -0.020000 0.005917
v 0.006904 -0.016900 0.005904
v 0.006904 -0.020000 0.005904
v 0.026000 -0.002000 -0.160000
v 0.018950 -0.011100 -0.126033
v 0.019129 -0.011100 -0.126041
v 0.019306 -0.011100 -0.126064
v 0.019481 -0.011100 -0.126103
v 0.019651 -0.011100 -0.126157
v 0.019816 -0.011100 -0.126225
v 0.019975 -0.011100 -0.126308
v 0.020126 -0.011100 -0.126404
v 0.020268 -0.011100 -0.126513
v 0.020400 -0.011100 -0.126633
v 0.020520 -0.011100 -0.126765
v 0.020629 -0.011100 -0.126907
v 0.020725 -0.011100 -0.127058
v 0.020808 -0.011100 -0.127217
v 0.020876 -0.011100 -0.127382
v 0.020930 -0.011100 -0.127552
v 0.020969 -0.011100 -0.127727
v 0.020992 -0.011100 -0.127904
v 0.021000 -0.011100 -0.128083
v 0.020992 -0.011100 -0.128262
v 0.020969 -0.011100 -0.128439
v 0.020930 -0.011100 -0.128614
v 0.020876 -0.011100 -0.128784
v 0.020808 -0.011100 -0.128949
v 0.020725 -0.011100 -0.129108
v 0.020629 -0.011100 -0.129259
v 0.020520 -0.011100 -0.129401
v 0.020400 -0.011100 -0.129533
v 0.020268 -0.011100 -0.129653
v 0.020126 -0.011100 -0.129762
v 0.019975 -0.011100 -0.129858
v 0.019816 -0.011100 -0.129941
v 0.019651 -0.011100 -0.130009
v 0.019481 -0.011100 -0.130063
v 0.019306 -0.011100 -0.130102
v 0.019129 -0.011100 -0.130125
v 0.018950 -0.011100 -0.130133
v 0.018771 -0.011100 -0.130125
v 0.018594 -0.011100 -0.130102
v 0.018419 -0.011100 -0.130063
v 0.018249 -0.011100 -0.130009
v 0.018084 -0.011100 -0.129941
v 0.017925 -0.011100 -0.129858
v 0.017774 -0.011100 -0.129762
v 0.017632 -0.011100 -0.129653
v 0.017500 -0.011100 -0.129533
v 0.017380 -0.011100 -0.129401
v 0.017271 -0.011100 -0.129259
v 0.017175 -0.011100 -0.129108
v 0.017092 -0.011100 -0.128949
v 0.017024 -0.011100 -0.128784
v 0.016970 -0.011100 -0.128614
v 0.016931 -0.011100 -0.128439
v 0.016908 -0.011100 -0.128262
v 0.016900 -0.011100 -0.128083
v 0.016908 -0.011100 -0.127904
v 0.016931 -0.011100 -0.127727
v 0.016970 -0.011100 -0.127552
v 0.017024 -0.011100 -0.127382
v 0.017092 -0.011100 -0.127217
v 0.017175 -0.011100 -0.127058
v 0.017271 -0.011100 -0.126907
v 0.017380 -0.011100 -0.126765
v 0.017500 -0.011100 -0.126633
v 0.017632 -0.011100 -0.126513
v 0.017774 -0.011100 -0.126404
v 0.017925 -0.011100 -0.126308
v 0.018084 -0.011100 -0.126225
v 0.018249 -0.011100 -0.126157
v 0.018419 -0.011100 -0.126103
v 0.018594 -0.011100 -0.126064
v 0.018771 -0.011100 -0.126041
v 0.008893 -0.025000 -0.135568
v 0.010988 -0.025000 -0.136436
v 0.006729 -0.025000 -0.134886
v 0.013000 -0.025000 -0.137483
v 0.014913 -0.025000 -0.138702
v 0.016712 -0.025000 -0.140083
v 0.018385 -0.025000 -0.141615
v 0.019917 -0.025000 -0.143288
v 0.021298 -0.025000 -0.145087
v -0.023564 -0.025000 -0.149012
v -0.022517 -0.025000 -0.147000
v -0.021298 -0.025000 -0.145087
v 0.022517 -0.025000 -0.147000
v 0.023564 -0.025000 -0.149012
v -0.019917 -0.025000 -0.143288
v -0.018385 -0.025000 -0.141615
v -0.016712 -0.025000 -0.140083
v 0.013900 -0.025000 -0.007025
v 0.013147 -0.025000 -0.008206
v 0.004515 -0.025000 -0.134395
v 0.012295 -0.025000 -0.009317
v 0.011349 -0.025000 -0.010349
v 0.010317 -0.025000 -0.011295
v 0.009206 -0.025000 -0.012147
v 0.008025 -0.025000 -0.012900
v -0.014913 -0.025000 -0.138702
v -0.013000 -0.025000 -0.137483
v -0.010988 -0.025000 -0.136436
v -0.008893 -0.025000 -0.135568
v -0.006729 -0.025000 -0.134886
v -0.004515 -0.025000 -0.134395
v 0.015989 -0.025000 -0.000399
v 0.015806 -0.025000 -0.001787
v 0.014546 -0.025000 -0.005783
v 0.004154 -0.025000 -0.014503
v 0.002787 -0.025000 -0.014806
v 0.001399 -0.025000 -0.014989
v 0.002266 -0.025000 -0.134099
v 0.015503 -0.025000 -0.003154
v 0.015082 -0.025000 -0.004489
v 0.006783 -0.025000 -0.013546
v 0.005489 -0.025000 -0.014082
v -0.004154 -0.025000 -0.014503
v -0.005489 -0.025000 -0.014082
v -0.006783 -0.025000 -0.013546
v -0.008025 -0.025000 -0.012900
v -0.009206 -0.025000 -0.012147
v -0.010317 -0.025000 -0.011295
v -0.011349 -0.025000 -0.010349
v -0.012295 -0.025000 -0.009317
v -0.000000 -0.025000 -0.134000
v -0.000000 -0.025000 -0.015050
v -0.002266 -0.025000 -0.134099
v -0.001399 -0.025000 -0.014989
v -0.002787 -0.025000 -0.014806
v -0.015806 -0.025000 -0.001787
v -0.015503 -0.025000 -0.003154
v -0.015082 -0.025000 -0.004489
v -0.013147 -0.025000 -0.008206
v -0.013900 -0.025000 -0.007025
v -0.014546 -0.025000 -0.005783
v -0.015989 -0.025000 -0.000399
v -0.016050 -0.025000 0.001000
v -0.015989 -0.025000 0.002399
v -0.015806 -0.025000 0.003787
v -0.015503 -0.025000 0.005154
v -0.015082 -0.025000 0.006489
v -0.014546 -0.025000 0.007783
v -0.013900 -0.025000 0.009025
v -0.013147 -0.025000 0.010206
v -0.012295 -0.025000 0.011317
v -0.011349 -0.025000 0.012349
v -0.010317 -0.025000 0.013295
v -0.009206 -0.025000 0.014147
v -0.008025 -0.025000 0.014900
v -0.006783 -0.025000 0.015546
v -0.005489 -0.025000 0.016082
v -0.004154 -0.025000 0.016503
v -0.002787 -0.025000 0.016806
v -0.001399 -0.025000 0.016989
v 0.000000 -0.025000 0.017050
v 0.001399 -0.025000 0.016989
v 0.002787 -0.025000 0.016806
v 0.004154 -0.025000 0.016503
v 0.005489 -0.025000 0.016082
v 0.006783 -0.025000 0.015546
v 0.008025 -0.025000 0.014900
v 0.009206 -0.025000 0.014147
v 0.010317 -0.025000 0.013295
v 0.011349 -0.025000 0.012349
v 0.012295 -0.025000 0.011317
v 0.013147 -0.025000 0.010206
v 0.013900 -0.025000 0.009025
v 0.014546 -0.025000 0.007783
v 0.015082 -0.025000 0.006489
v 0.015503 -0.025000 0.005154
v 0.015806 -0.025000 0.003787
v 0.015989 -0.025000 0.002399
v 0.016050 -0.025000 0.001000
v 0.025901 -0.002000 -0.162266
v 0.025605 -0.002000 -0.164515
v 0.025114 -0.002000 -0.166729
v 0.024432 -0.002000 -0.168893
v 0.023564 -0.002000 -0.170988
v 0.022517 -0.002000 -0.173000
v 0.021298 -0.002000 -0.174913
v 0.019917 -0.002000 -0.176712
v 0.018385 -0.002000 -0.178385
v 0.016712 -0.002000 -0.179917
v 0.014913 -0.002000 -0.181298
v 0.013000 -0.002000 -0.182517
v 0.010988 -0.002000 -0.183564
v 0.008893 -0.002000 -0.184432
v 0.006729 -0.002000 -0.185114
v 0.004515 -0.002000 -0.185605
v 0.002266 -0.002000 -0.185901
v -0.000000 -0.002000 -0.186000
v -0.002266 -0.002000 -0.185901
v -0.004515 -0.002000 -0.185605
v -0.006729 -0.002000 -0.185114
v -0.008893 -0.002000 -0.184432
v -0.010988 -0.002000 -0.183564
v -0.013000 -0.002000 -0.182517
v -0.014913 -0.002000 -0.181298
v -0.016712 -0.002000 -0.179917
v -0.018385 -0.002000 -0.178385
v -0.019917 -0.002000 -0.176712
v -0.021298 -0.002000 -0.174913
v -0.022517 -0.002000 -0.173000
v -0.023564 -0.002000 -0.170988
v -0.024432 -0.002000 -0.168893
v -0.025114 -0.002000 -0.166729
v -0.025605 -0.002000 -0.164515
v -0.025901 -0.002000 -0.162266
v -0.026000 -0.002000 -0.160000
v 0.007000 -0.016900 0.007000
v 0.000000 -0.059000 -0.144925
v 0.001314 -0.059000 -0.144982
v 0.002618 -0.059000 -0.145154
v 0.003902 -0.059000 -0.145439
v 0.005156 -0.059000 -0.145834
v 0.006371 -0.059000 -0.146337
v 0.007538 -0.059000 -0.146945
v 0.008647 -0.059000 -0.147651
v 0.009690 -0.059000 -0.148452
v 0.010660 -0.059000 -0.149340
v 0.011548 -0.059000 -0.150310
v 0.012349 -0.059000 -0.151353
v 0.013055 -0.059000 -0.152462
v 0.013663 -0.059000 -0.153629
v 0.014166 -0.059000 -0.154844
v 0.014561 -0.059000 -0.156098
v 0.014846 -0.059000 -0.157382
v 0.015018 -0.059000 -0.158686
v 0.015075 -0.059000 -0.160000
v 0.015018 -0.059000 -0.161314
v 0.014846 -0.059000 -0.162618
v 0.014561 -0.059000 -0.163902
v 0.014166 -0.059000 -0.165156
v 0.013663 -0.059000 -0.166371
v 0.013055 -0.059000 -0.167537
v 0.012349 -0.059000 -0.168647
v 0.011548 -0.059000 -0.169690
v 0.010660 -0.059000 -0.170660
v 0.009690 -0.059000 -0.171548
v 0.008647 -0.059000 -0.172349
v 0.007538 -0.059000 -0.173055
v 0.006371 -0.059000 -0.173663
v 0.005156 -0.059000 -0.174166
v 0.003902 -0.059000 -0.174561
v 0.002618 -0.059000 -0.174846
v 0.001314 -0.059000 -0.175018
v 0.000000 -0.059000 -0.175075
v -0.001314 -0.059000 -0.175018
v -0.002618 -0.059000 -0.174846
v -0.003902 -0.059000 -0.174561
v -0.005156 -0.059000 -0.174166
v -0.006371 -0.059000 -0.173663
v -0.007538 -0.059000 -0.173055
v -0.008647 -0.059000 -0.172349
v -0.009690 -0.059000 -0.171548
v -0.010660 -0.059000 -0.170660
v -0.011548 -0.059000 -0.169690
v -0.012349 -0.059000 -0.168647
v -0.013055 -0.059000 -0.167537
v -0.013663 -0.059000 -0.166371
v -0.014166 -0.059000 -0.165156
v -0.014561 -0.059000 -0.163902
v -0.014846 -0.059000 -0.162618
v -0.015018 -0.059000 -0.161314
v -0.015075 -0.059000 -0.160000
v -0.015018 -0.059000 -0.158686
v -0.014846 -0.059000 -0.157382
v -0.014561 -0.059000 -0.156098
v -0.014166 -0.059000 -0.154844
v -0.013663 -0.059000 -0.153629
v -0.013055 -0.059000 -0.152462
v -0.012349 -0.059000 -0.151353
v -0.011548 -0.059000 -0.150310
v -0.010660 -0.059000 -0.149340
v -0.009690 -0.059000 -0.148452
v -0.008647 -0.059000 -0.147651
v -0.007538 -0.059000 -0.146945
v -0.006371 -0.059000 -0.146337
v -0.005156 -0.059000 -0.145834
v -0.003902 -0.059000 -0.145439
v -0.002618 -0.059000 -0.145154
v -0.001314 -0.059000 -0.144982
v -0.011564 -0.020000 0.001550
v -0.011427 -0.020000 0.001594
v -0.012061 -0.020000 0.001264
v -0.011946 -0.020000 0.001352
v -0.011427 -0.020000 -0.001594
v -0.011564 -0.020000 -0.001550
v -0.012167 -0.020000 0.001167
v -0.011825 -0.020000 0.001429
v -0.011697 -0.020000 0.001495
v -0.010436 -0.020000 0.001550
v -0.010303 -0.020000 0.001495
v 0.003775 -0.020000 0.003775
v -0.010175 -0.020000 0.001429
v -0.010054 -0.020000 0.001352
v -0.011287 -0.020000 0.001625
v -0.011144 -0.020000 0.001644
v -0.011000 -0.020000 0.001650
v -0.012061 -0.020000 -0.001264
v -0.012167 -0.020000 -0.001167
v -0.012264 -0.020000 0.001061
v -0.012352 -0.020000 0.000946
v -0.012429 -0.020000 0.000825
v -0.010856 -0.020000 0.001644
v -0.010713 -0.020000 0.001625
v -0.010573 -0.020000 0.001594
v -0.011697 -0.020000 -0.001495
v -0.011825 -0.020000 -0.001429
v -0.011946 -0.020000 -0.001352
v -0.012264 -0.020000 -0.001061
v -0.012352 -0.020000 -0.000946
v -0.012429 -0.020000 -0.000825
v -0.012495 -0.020000 -0.000697
v -0.012625 -0.020000 0.000287
v -0.012594 -0.020000 0.000427
v -0.012550 -0.020000 0.000564
v -0.012495 -0.020000 0.000697
v -0.009939 -0.020000 0.001264
v -0.009833 -0.020000 0.001167
v -0.009736 -0.020000 0.001061
v -0.012550 -0.020000 -0.000564
v -0.012594 -0.020000 -0.000427
v -0.012625 -0.020000 -0.000287
v -0.009939 -0.020000 -0.001264
v -0.009736 -0.020000 -0.001061
v -0.009648 -0.020000 -0.000946
v -0.011287 -0.020000 -0.001625
v -0.011144 -0.020000 -0.001644
v -0.011000 -0.020000 -0.001650
v -0.010856 -0.020000 -0.001644
v -0.010713 -0.020000 -0.001625
v -0.010573 -0.020000 -0.001594
v -0.010436 -0.020000 -0.001550
v -0.010303 -0.020000 -0.001495
v -0.010175 -0.020000 -0.001429
v -0.012644 -0.020000 -0.000144
v -0.012650 -0.020000 0.000000
v -0.012644 -0.020000 0.000144
v -0.009833 -0.020000 -0.001167
v -0.009571 -0.020000 0.000825
v -0.009505 -0.020000 0.000697
v -0.009450 -0.020000 -0.000564
v -0.009505 -0.020000 -0.000697
v -0.009571 -0.020000 -0.000825
v -0.009648 -0.020000 0.000946
v -0.009450 -0.020000 0.000564
v -0.009406 -0.020000 0.000427
v -0.009375 -0.020000 0.000287
v -0.010054 -0.020000 -0.001352
v -0.009356 -0.020000 0.000144
v -0.009350 -0.020000 -0.000000
v -0.009356 -0.020000 -0.000144
v -0.009375 -0.020000 -0.000287
v -0.009406 -0.020000 -0.000427
v 0.000287 -0.020000 0.009375
v 0.000144 -0.020000 0.009356
v -0.000000 -0.020000 0.009350
v -0.000144 -0.020000 0.009356
v -0.000564 -0.020000 0.012550
v -0.000427 -0.020000 0.012594
v -0.000287 -0.020000 0.012625
v -0.000144 -0.020000 0.012644
v -0.000287 -0.020000 0.009375
v -0.000427 -0.020000 0.009406
v -0.000564 -0.020000 0.009450
v -0.000697 -0.020000 0.009505
v -0.000697 -0.020000 0.012495
v -0.000825 -0.020000 0.012429
v 0.000287 -0.020000 0.012625
v 0.000144 -0.020000 0.012644
v 0.000000 -0.020000 0.012650
v 0.000427 -0.020000 0.012594
v 0.000564 -0.020000 0.012550
v 0.000697 -0.020000 0.009505
v 0.000564 -0.020000 0.009450
v 0.000427 -0.020000 0.009406
v -0.000825 -0.020000 0.009571
v -0.000946 -0.020000 0.009648
v -0.001061 -0.020000 0.009736
v -0.000946 -0.020000 0.012352
v -0.001061 -0.020000 0.012264
v 0.001061 -0.020000 0.012264
v 0.001167 -0.020000 0.012167
v 0.001429 -0.020000 0.010175
v 0.001352 -0.020000 0.010054
v 0.001061 -0.020000 0.009736
v 0.000946 -0.020000 0.009648
v 0.000825 -0.020000 0.009571
v -0.001167 -0.020000 0.009833
v -0.001264 -0.020000 0.009939
v -0.001352 -0.020000 0.010054
v 0.001625 -0.020000 0.010713
v 0.001594 -0.020000 0.010573
v 0.001264 -0.020000 0.009939
v 0.001167 -0.020000 0.009833
v 0.001550 -0.020000 0.010436
v 0.001495 -0.020000 0.010303
v -0.001429 -0.020000 0.010175
v -0.001495 -0.020000 0.010303
v -0.001550 -0.020000 0.010436
v -0.001264 -0.020000 0.012061
v -0.001167 -0.020000 0.012167
v 0.000697 -0.020000 0.012495
v 0.000825 -0.020000 0.012429
v 0.000946 -0.020000 0.012352
v -0.001594 -0.020000 0.010573
v -0.001625 -0.020000 0.010713
v -0.001644 -0.020000 0.010856
v -0.001495 -0.020000 0.011697
v -0.001429 -0.020000 0.011825
v -0.001352 -0.020000 0.011946
v 0.001264 -0.020000 0.012061
v 0.001352 -0.020000 0.011946
v 0.001429 -0.020000 0.011825
v 0.001495 -0.020000 0.011697
v 0.001550 -0.020000 0.011564
v 0.001594 -0.020000 0.011427
v 0.001650 -0.020000 0.011000
v 0.001644 -0.020000 0.010856
v -0.001650 -0.020000 0.011000
v -0.001644 -0.020000 0.011144
v -0.001625 -0.020000 0.011287
v -0.001594 -0.020000 0.011427
v -0.001550 -0.020000 0.011564
v 0.001625 -0.020000 0.011287
v 0.001644 -0.020000 0.011144
v 0.011000 -0.020000 0.001650
v 0.011144 -0.020000 0.001644
v 0.009648 -0.020000 0.000946
v 0.009736 -0.020000 0.001061
v 0.011697 -0.020000 -0.001495
v 0.009939 -0.020000 -0.001264
v 0.009833 -0.020000 -0.001167
v 0.012264 -0.020000 -0.001061
v 0.012167 -0.020000 -0.001167
v 0.011564 -0.020000 -0.001550
v 0.011427 -0.020000 -0.001594
v 0.011287 -0.020000 -0.001625
v 0.011144 -0.020000 -0.001644
v 0.011000 -0.020000 -0.001650
v 0.010856 -0.020000 -0.001644
v 0.010713 -0.020000 -0.001625
v 0.010573 -0.020000 -0.001594
v 0.010436 -0.020000 -0.001550
v 0.010303 -0.020000 -0.001495
v 0.010175 -0.020000 -0.001429
v 0.010054 -0.020000 -0.001352
v 0.009833 -0.020000 0.001167
v 0.009939 -0.020000 0.001264
v 0.010054 -0.020000 0.001352
v 0.011287 -0.020000 0.001625
v 0.011427 -0.020000 0.001594
v 0.011564 -0.020000 0.001550
v 0.010175 -0.020000 0.001429
v 0.010303 -0.020000 0.001495
v 0.010436 -0.020000 0.001550
v 0.011697 -0.020000 0.001495
v 0.011825 -0.020000 0.001429
v 0.011946 -0.020000 0.001352
v 0.012061 -0.020000 0.001264
v 0.012167 -0.020000 0.001167
v 0.012264 -0.020000 0.001061
v 0.012352 -0.020000 0.000946
v 0.012061 -0.020000 -0.001264
v 0.011946 -0.020000 -0.001352
v 0.011825 -0.020000 -0.001429
v 0.009736 -0.020000 -0.001061
v 0.009648 -0.020000 -0.000946
v 0.009571 -0.020000 -0.000825
v 0.010573 -0.020000 0.001594
v 0.010713 -0.020000 0.001625
v 0.010856 -0.020000 0.001644
v 0.012429 -0.020000 0.000825
v 0.012495 -0.020000 0.000697
v 0.012550 -0.020000 0.000564
v 0.012594 -0.020000 0.000427
v 0.012550 -0.020000 -0.000564
v 0.012495 -0.020000 -0.000697
v 0.012429 -0.020000 -0.000825
v 0.012352 -0.020000 -0.000946
v 0.009450 -0.020000 0.000564
v 0.009505 -0.020000 0.000697
v 0.009571 -0.020000 0.000825
v 0.009505 -0.020000 -0.000697
v 0.009450 -0.020000 -0.000564
v 0.009406 -0.020000 -0.000427
v 0.009375 -0.020000 -0.000287
v 0.009356 -0.020000 -0.000144
v 0.009350 -0.020000 0.000000
v 0.009356 -0.020000 0.000144
v 0.009375 -0.020000 0.000287
v 0.009406 -0.020000 0.000427
v 0.012625 -0.020000 0.000287
v 0.012644 -0.020000 0.000144
v 0.012650 -0.020000 -0.000000
v 0.012644 -0.020000 -0.000144
v 0.012625 -0.020000 -0.000287
v 0.012594 -0.020000 -0.000427
v 0.011094 -0.011100 -0.116064
v 0.011271 -0.011100 -0.116041
v 0.011450 -0.011100 -0.118083
v 0.011450 -0.011100 -0.116033
v 0.011629 -0.011100 -0.116041
v 0.010584 -0.011100 -0.116225
v 0.010749 -0.011100 -0.116157
v 0.010919 -0.011100 -0.116103
v 0.010132 -0.011100 -0.116513
v 0.010274 -0.011100 -0.116404
v 0.010425 -0.011100 -0.116308
v 0.009771 -0.011100 -0.116907
v 0.009880 -0.011100 -0.116765
v 0.010000 -0.011100 -0.116633
v 0.009524 -0.011100 -0.117382
v 0.009592 -0.011100 -0.117217
v 0.009675 -0.011100 -0.117058
v 0.009408 -0.011100 -0.117904
v 0.009431 -0.011100 -0.117727
v 0.009470 -0.011100 -0.117552
v 0.009431 -0.011100 -0.118439
v 0.009408 -0.011100 -0.118262
v 0.009400 -0.011100 -0.118083
v 0.009592 -0.011100 -0.118949
v 0.009524 -0.011100 -0.118784
v 0.009470 -0.011100 -0.118614
v 0.009880 -0.011100 -0.119401
v 0.009771 -0.011100 -0.119259
v 0.009675 -0.011100 -0.119108
v 0.010274 -0.011100 -0.119762
v 0.010132 -0.011100 -0.119653
v 0.010000 -0.011100 -0.119532
v 0.010749 -0.011100 -0.120009
v 0.010584 -0.011100 -0.119941
v 0.010425 -0.011100 -0.119858
v 0.011271 -0.011100 -0.120125
v 0.011094 -0.011100 -0.120102
v 0.010919 -0.011100 -0.120063
v 0.011806 -0.011100 -0.120102
v 0.011629 -0.011100 -0.120125
v 0.011450 -0.011100 -0.120133
v 0.012316 -0.011100 -0.119941
v 0.012151 -0.011100 -0.120009
v 0.011981 -0.011100 -0.120063
v 0.012768 -0.011100 -0.119653
v 0.012626 -0.011100 -0.119762
v 0.012475 -0.011100 -0.119858
v 0.013129 -0.011100 -0.119259
v 0.013020 -0.011100 -0.119401
v 0.012900 -0.011100 -0.119532
v 0.013376 -0.011100 -0.118784
v 0.013308 -0.011100 -0.118949
v 0.013225 -0.011100 -0.119108
v 0.013492 -0.011100 -0.118262
v 0.013469 -0.011100 -0.118439
v 0.013430 -0.011100 -0.118614
v 0.013469 -0.011100 -0.117727
v 0.013492 -0.011100 -0.117904
v 0.013500 -0.011100 -0.118083
v 0.013308 -0.011100 -0.117217
v 0.013376 -0.011100 -0.117382
v 0.013430 -0.011100 -0.117552
v 0.013020 -0.011100 -0.116765
v 0.013129 -0.011100 -0.116907
v 0.013225 -0.011100 -0.117058
v 0.012626 -0.011100 -0.116404
v 0.012768 -0.011100 -0.116513
v 0.012900 -0.011100 -0.116633
v 0.012151 -0.011100 -0.116157
v 0.012316 -0.011100 -0.116225
v 0.012475 -0.011100 -0.116308
v 0.011806 -0.011100 -0.116064
v 0.011981 -0.011100 -0.116103
v 0.018950 -0.011100 -0.128083
v -0.018949 -0.011100 -0.137033
v -0.018771 -0.011100 -0.137041
v -0.018593 -0.011100 -0.137064
v -0.018419 -0.011100 -0.137103
v -0.018248 -0.011100 -0.137157
v -0.018083 -0.011100 -0.137225
v -0.017924 -0.011100 -0.137308
v -0.017773 -0.011100 -0.137404
v -0.017632 -0.011100 -0.137513
v -0.017500 -0.011100 -0.137633
v -0.017379 -0.011100 -0.137765
v -0.017270 -0.011100 -0.137907
v -0.017174 -0.011100 -0.138058
v -0.017091 -0.011100 -0.138217
v -0.017023 -0.011100 -0.138382
v -0.016969 -0.011100 -0.138552
v -0.016930 -0.011100 -0.138727
v -0.016907 -0.011100 -0.138904
v -0.016899 -0.011100 -0.139083
v -0.016907 -0.011100 -0.139262
v -0.016930 -0.011100 -0.139439
v -0.016969 -0.011100 -0.139614
v -0.017023 -0.011100 -0.139784
v -0.017091 -0.011100 -0.139949
v -0.017174 -0.011100 -0.140108
v -0.017270 -0.011100 -0.140259
v -0.017379 -0.011100 -0.140401
v -0.017500 -0.011100 -0.140532
v -0.017632 -0.011100 -0.140653
v -0.017773 -0.011100 -0.140762
v -0.017924 -0.011100 -0.140858
v -0.018083 -0.011100 -0.140941
v -0.018248 -0.011100 -0.141009
v -0.018419 -0.011100 -0.141063
v -0.018593 -0.011100 -0.141102
v -0.018771 -0.011100 -0.141125
v -0.018949 -0.011100 -0.141133
v -0.019128 -0.011100 -0.141125
v -0.019305 -0.011100 -0.141102
v -0.019480 -0.011100 -0.141063
v -0.019650 -0.011100 -0.141009
v -0.019816 -0.011100 -0.140941
v -0.019974 -0.011100 -0.140858
v -0.020125 -0.011100 -0.140762
v -0.020267 -0.011100 -0.140653
v -0.020399 -0.011100 -0.140532
v -0.020520 -0.011100 -0.140401
v -0.020629 -0.011100 -0.140259
v -0.020725 -0.011100 -0.140108
v -0.020807 -0.011100 -0.139949
v -0.020876 -0.011100 -0.139784
v -0.020929 -0.011100 -0.139614
v -0.020968 -0.011100 -0.139439
v -0.020992 -0.011100 -0.139262
v -0.020999 -0.011100 -0.139083
v -0.020992 -0.011100 -0.138904
v -0.020968 -0.011100 -0.138727
v -0.020929 -0.011100 -0.138552
v -0.020876 -0.011100 -0.138382
v -0.020807 -0.011100 -0.138217
v -0.020725 -0.011100 -0.138058
v -0.020629 -0.011100 -0.137907
v -0.020520 -0.011100 -0.137765
v -0.020399 -0.011100 -0.137633
v -0.020267 -0.011100 -0.137513
v -0.020125 -0.011100 -0.137404
v -0.019974 -0.011100 -0.137308
v -0.019816 -0.011100 -0.137225
v -0.019650 -0.011100 -0.137157
v -0.019480 -0.011100 -0.137103
v -0.019305 -0.011100 -0.137064
v -0.019128 -0.011100 -0.137041
v -0.018949 -0.011100 -0.139083
v -0.018949 -0.011100 -0.126033
v -0.018771 -0.011100 -0.126041
v -0.018593 -0.011100 -0.126064
v -0.018419 -0.011100 -0.126103
v -0.018248 -0.011100 -0.126157
v -0.018083 -0.011100 -0.126225
v -0.017924 -0.011100 -0.126308
v -0.017773 -0.011100 -0.126404
v -0.017632 -0.011100 -0.126513
v -0.017500 -0.011100 -0.126633
v -0.017379 -0.011100 -0.126765
v -0.017270 -0.011100 -0.126907
v -0.017174 -0.011100 -0.127058
v -0.017091 -0.011100 -0.127217
v -0.017023 -0.011100 -0.127382
v -0.016969 -0.011100 -0.127552
v -0.016930 -0.011100 -0.127727
v -0.016907 -0.011100 -0.127904
v -0.016899 -0.011100 -0.128083
v -0.016907 -0.011100 -0.128262
v -0.016930 -0.011100 -0.128439
v -0.016969 -0.011100 -0.128614
v -0.017023 -0.011100 -0.128784
v -0.017091 -0.011100 -0.128949
v -0.017174 -0.011100 -0.129108
v -0.017270 -0.011100 -0.129259
v -0.017379 -0.011100 -0.129401
v -0.017500 -0.011100 -0.129533
v -0.017632 -0.011100 -0.129653
v -0.017773 -0.011100 -0.129762
v -0.017924 -0.011100 -0.129858
v -0.018083 -0.011100 -0.129941
v -0.018248 -0.011100 -0.130009
v -0.018419 -0.011100 -0.130063
v -0.018593 -0.011100 -0.130102
v -0.018771 -0.011100 -0.130125
v -0.018949 -0.011100 -0.130133
v -0.019128 -0.011100 -0.130125
v -0.019305 -0.011100 -0.130102
v -0.019480 -0.011100 -0.130063
v -0.019650 -0.011100 -0.130009
v -0.019816 -0.011100 -0.129941
v -0.019974 -0.011100 -0.129858
v -0.020125 -0.011100 -0.129762
v -0.020267 -0.011100 -0.129653
v -0.020399 -0.011100 -0.129533
v -0.020520 -0.011100 -0.129401
v -0.020629 -0.011100 -0.129259
v -0.020725 -0.011100 -0.129108
v -0.020807 -0.011100 -0.128949
v -0.020876 -0.011100 -0.128784
v -0.020929 -0.011100 -0.128614
v -0.020968 -0.011100 -0.128439
v -0.020992 -0.011100 -0.128262
v -0.020999 -0.011100 -0.128083
v -0.020992 -0.011100 -0.127904
v -0.020968 -0.011100 -0.127727
v -0.020929 -0.011100 -0.127552
v -0.020876 -0.011100 -0.127382
v -0.020807 -0.011100 -0.127217
v -0.020725 -0.011100 -0.127058
v -0.020629 -0.011100 -0.126907
v -0.020520 -0.011100 -0.126765
v -0.020399 -0.011100 -0.126633
v -0.020267 -0.011100 -0.126513
v -0.020125 -0.011100 -0.126404
v -0.019974 -0.011100 -0.126308
v -0.019816 -0.011100 -0.126225
v -0.019650 -0.011100 -0.126157
v -0.019480 -0.011100 -0.126103
v -0.019305 -0.011100 -0.126064
v -0.019128 -0.011100 -0.126041
v -0.018949 -0.011100 -0.128083
# 2614 vertices, 0 vertices normals

f 1 2 3
f 4 5 3
f 5 6 3
f 3 6 1
f 7 8 3
f 8 9 3
f 3 9 4
f 10 11 3
f 11 12 3
f 3 12 7
f 10 3 13
f 10 13 14
f 13 15 14
f 14 15 16
f 15 17 16
f 16 17 18
f 17 19 18
f 18 19 20
f 19 21 20
f 20 21 22
f 21 23 22
f 22 23 24
f 23 25 24
f 24 25 26
f 25 27 26
f 26 27 28
f 27 29 28
f 28 29 30
f 29 31 30
f 30 31 32
f 31 33 32
f 32 33 34
f 33 35 34
f 34 35 36
f 35 37 36
f 36 37 38
f 37 39 38
f 38 39 40
f 39 41 40
f 40 41 42
f 41 43 42
f 42 43 44
f 43 45 44
f 44 45 46
f 45 47 46
f 46 47 48
f 47 49 48
f 48 49 50
f 49 51 50
f 50 51 52
f 51 53 52
f 52 53 54
f 53 55 54
f 54 55 56
f 55 57 56
f 56 57 58
f 57 59 58
f 58 59 60
f 59 61 60
f 60 61 62
f 61 63 62
f 62 63 64
f 63 65 64
f 64 65 66
f 65 67 66
f 66 67 68
f 67 69 68
f 68 69 70
f 69 71 70
f 70 71 72
f 71 73 72
f 72 73 74
f 73 75 74
f 74 75 76
f 75 77 76
f 76 77 78
f 77 79 78
f 78 79 80
f 79 81 80
f 80 81 82
f 81 83 82
f 82 83 84
f 85 86 84
f 84 83 87
f 83 88 87
f 85 84 89
f 87 90 84
f 90 91 84
f 84 91 92
f 92 93 84
f 93 94 84
f 84 94 89
f 95 96 97
f 96 98 97
f 97 98 99
f 98 100 99
f 99 100 101
f 100 102 101
f 101 102 103
f 102 104 103
f 103 104 105
f 104 106 105
f 105 106 107
f 106 108 107
f 107 108 109
f 108 110 109
f 109 110 111
f 110 112 111
f 111 112 113
f 112 114 113
f 113 114 115
f 114 116 115
f 115 116 117
f 116 118 117
f 117 118 119
f 118 120 119
f 119 120 121
f 120 122 121
f 121 122 123
f 122 124 123
f 123 124 125
f 124 126 125
f 125 126 127
f 126 128 127
f 127 128 129
f 128 130 129
f 129 130 131
f 130 132 131
f 131 132 133
f 132 134 133
f 133 134 135
f 134 136 135
f 135 136 137
f 136 138 137
f 137 138 139
f 138 140 139
f 139 140 141
f 140 142 141
f 141 142 143
f 142 144 143
f 143 144 145
f 144 146 145
f 145 146 147
f 146 148 147
f 147 148 149
f 148 150 149
f 149 150 151
f 150 152 151
f 151 152 153
f 152 154 153
f 153 154 155
f 154 156 155
f 155 156 157
f 156 158 157
f 157 158 159
f 158 160 159
f 159 160 161
f 160 162 161
f 161 162 163
f 162 164 163
f 163 164 165
f 164 166 165
f 165 166 167
f 166 168 167
f 167 168 169
f 168 170 169
f 169 170 171
f 170 172 171
f 171 172 173
f 172 174 173
f 173 174 175
f 174 176 175
f 175 176 177
f 176 178 177
f 177 178 179
f 178 180 179
f 179 180 181
f 180 182 181
f 181 182 183
f 182 184 183
f 183 184 185
f 184 186 185
f 185 186 187
f 186 188 187
f 187 188 189
f 188 190 189
f 189 190 191
f 190 192 191
f 191 192 193
f 192 194 193
f 193 194 195
f 194 196 195
f 195 196 197
f 196 198 197
f 197 198 199
f 198 200 199
f 199 200 201
f 200 202 201
f 201 202 203
f 202 204 203
f 203 204 205
f 204 206 205
f 205 206 207
f 206 208 207
f 207 208 209
f 208 210 209
f 209 210 211
f 210 212 211
f 211 212 213
f 212 214 213
f 213 214 215
f 214 216 215
f 215 216 217
f 216 218 217
f 217 218 219
f 218 220 219
f 219 220 221
f 220 222 221
f 221 222 223
f 222 224 223
f 223 224 225
f 224 226 225
f 225 226 227
f 226 228 227
f 227 228 229
f 228 230 229
f 229 230 231
f 230 232 231
f 231 232 233
f 232 234 233
f 233 234 235
f 234 236 235
f 235 236 237
f 236 238 237
f 237 238 95
f 238 96 95
f 239 240 241
f 240 242 241
f 241 242 243
f 244 245 241
f 245 246 241
f 241 246 239
f 247 248 241
f 248 249 241
f 241 249 244
f 250 251 241
f 251 252 241
f 241 252 247
f 253 254 241
f 254 255 241
f 241 255 250
f 256 257 241
f 257 258 241
f 241 258 253
f 259 260 241
f 260 261 241
f 241 261 256
f 262 263 241
f 263 264 241
f 241 264 259
f 265 266 241
f 266 267 241
f 241 267 262
f 268 269 241
f 269 270 241
f 241 270 265
f 271 272 241
f 272 273 241
f 241 273 268
f 274 275 241
f 275 276 241
f 241 276 271
f 277 278 241
f 278 279 241
f 241 279 274
f 280 281 241
f 281 282 241
f 241 282 277
f 283 284 241
f 284 285 241
f 241 285 280
f 286 287 241
f 287 288 241
f 241 288 283
f 289 290 241
f 290 291 241
f 241 291 286
f 292 293 241
f 293 294 241
f 241 294 289
f 295 296 241
f 296 297 241
f 241 297 292
f 298 299 241
f 299 300 241
f 241 300 295
f 301 302 241
f 302 303 241
f 241 303 298
f 304 305 241
f 305 306 241
f 241 306 301
f 307 308 241
f 308 309 241
f 241 309 304
f 243 310 241
f 310 311 241
f 241 311 307
f 242 312 243
f 312 313 243
f 243 313 310
f 313 314 310
f 310 314 311
f 314 315 311
f 311 315 307
f 315 316 307
f 307 316 308
f 316 317 308
f 308 317 309
f 317 318 309
f 309 318 304
f 318 319 304
f 304 319 305
f 319 320 305
f 305 320 306
f 320 321 306
f 306 321 301
f 321 322 301
f 301 322 302
f 322 323 302
f 302 323 303
f 323 324 303
f 303 324 298
f 324 325 298
f 298 325 299
f 325 326 299
f 299 326 300
f 326 327 300
f 300 327 295
f 327 328 295
f 295 328 296
f 328 329 296
f 296 329 297
f 329 330 297
f 297 330 292
f 330 331 292
f 292 331 293
f 331 332 293
f 293 332 294
f 332 333 294
f 294 333 289
f 333 334 289
f 289 334 290
f 334 335 290
f 290 335 291
f 335 336 291
f 291 336 286
f 336 337 286
f 286 337 287
f 337 338 287
f 287 338 288
f 338 339 288
f 288 339 283
f 339 340 283
f 283 340 284
f 340 341 284
f 284 341 285
f 341 342 285
f 285 342 280
f 342 343 280
f 280 343 281
f 343 344 281
f 281 344 282
f 344 345 282
f 282 345 277
f 345 346 277
f 277 346 278
f 346 347 278
f 278 347 279
f 347 348 279
f 279 348 274
f 348 349 274
f 274 349 275
f 349 350 275
f 275 350 276
f 350 351 276
f 276 351 271
f 351 352 271
f 271 352 272
f 352 353 272
f 272 353 273
f 353 354 273
f 273 354 268
f 354 355 268
f 268 355 269
f 355 356 269
f 269 356 270
f 356 357 270
f 270 357 265
f 357 358 265
f 265 358 266
f 358 359 266
f 266 359 267
f 359 360 267
f 267 360 262
f 360 361 262
f 262 361 263
f 361 362 263
f 263 362 264
f 362 363 264
f 264 363 259
f 363 364 259
f 259 364 260
f 364 365 260
f 260 365 261
f 365 366 261
f 261 366 256
f 366 367 256
f 256 367 257
f 367 368 257
f 257 368 258
f 368 369 258
f 258 369 253
f 369 370 253
f 253 370 254
f 370 371 254
f 254 371 255
f 371 372 255
f 255 372 250
f 372 373 250
f 250 373 251
f 373 374 251
f 251 374 252
f 374 375 252
f 252 375 247
f 375 376 247
f 247 376 248
f 376 377 248
f 248 377 249
f 377 378 249
f 249 378 244
f 378 379 244
f 244 379 245
f 379 380 245
f 245 380 246
f 380 381 246
f 246 381 239
f 381 382 239
f 239 382 240
f 382 383 240
f 240 383 242
f 383 312 242
f 384 385 386
f 385 387 386
f 386 387 388
f 389 390 386
f 390 391 386
f 386 391 384
f 392 393 386
f 393 394 386
f 386 394 389
f 395 396 386
f 396 397 386
f 386 397 392
f 398 399 386
f 399 400 386
f 386 400 395
f 401 402 386
f 402 403 386
f 386 403 398
f 404 405 386
f 405 406 386
f 386 406 401
f 407 408 386
f 408 409 386
f 386 409 404
f 410 411 386
f 411 412 386
f 386 412 407
f 413 414 386
f 414 415 386
f 386 415 410
f 416 417 386
f 417 418 386
f 386 418 413
f 419 420 386
f 420 421 386
f 386 421 416
f 422 423 386
f 423 424 386
f 386 424 419
f 425 426 386
f 426 427 386
f 386 427 422
f 428 429 386
f 429 430 386
f 386 430 425
f 431 432 386
f 432 433 386
f 386 433 428
f 434 435 386
f 435 436 386
f 386 436 431
f 437 438 386
f 438 439 386
f 386 439 434
f 440 441 386
f 441 442 386
f 386 442 437
f 443 444 386
f 444 445 386
f 386 445 440
f 446 447 386
f 447 448 386
f 386 448 443
f 449 450 386
f 450 451 386
f 386 451 446
f 452 453 386
f 453 454 386
f 386 454 449
f 388 455 386
f 455 456 386
f 386 456 452
f 387 457 388
f 457 458 388
f 388 458 455
f 458 459 455
f 455 459 456
f 459 460 456
f 456 460 452
f 460 461 452
f 452 461 453
f 461 462 453
f 453 462 454
f 462 463 454
f 454 463 449
f 463 464 449
f 449 464 450
f 464 465 450
f 450 465 451
f 465 466 451
f 451 466 446
f 466 467 446
f 446 467 447
f 467 468 447
f 447 468 448
f 468 469 448
f 448 469 443
f 469 470 443
f 443 470 444
f 470 471 444
f 444 471 445
f 471 472 445
f 445 472 440
f 472 473 440
f 440 473 441
f 473 474 441
f 441 474 442
f 474 475 442
f 442 475 437
f 475 476 437
f 437 476 438
f 476 477 438
f 438 477 439
f 477 478 439
f 439 478 434
f 478 479 434
f 434 479 435
f 479 480 435
f 435 480 436
f 480 481 436
f 436 481 431
f 481 482 431
f 431 482 432
f 482 483 432
f 432 483 433
f 483 484 433
f 433 484 428
f 484 485 428
f 428 485 429
f 485 486 429
f 429 486 430
f 486 487 430
f 430 487 425
f 487 488 425
f 425 488 426
f 488 489 426
f 426 489 427
f 489 490 427
f 427 490 422
f 490 491 422
f 422 491 423
f 491 492 423
f 423 492 424
f 492 493 424
f 424 493 419
f 493 494 419
f 419 494 420
f 494 495 420
f 420 495 421
f 495 496 421
f 421 496 416
f 496 497 416
f 416 497 417
f 497 498 417
f 417 498 418
f 498 499 418
f 418 499 413
f 499 500 413
f 413 500 414
f 500 501 414
f 414 501 415
f 501 502 415
f 415 502 410
f 502 503 410
f 410 503 411
f 503 504 411
f 411 504 412
f 504 505 412
f 412 505 407
f 505 506 407
f 407 506 408
f 506 507 408
f 408 507 409
f 507 508 409
f 409 508 404
f 508 509 404
f 404 509 405
f 509 510 405
f 405 510 406
f 510 511 406
f 406 511 401
f 511 512 401
f 401 512 402
f 512 513 402
f 402 513 403
f 513 514 403
f 403 514 398
f 514 515 398
f 398 515 399
f 515 516 399
f 399 516 400
f 516 517 400
f 400 517 395
f 517 518 395
f 395 518 396
f 518 519 396
f 396 519 397
f 519 520 397
f 397 520 392
f 520 521 392
f 392 521 393
f 521 522 393
f 393 522 394
f 522 523 394
f 394 523 389
f 523 524 389
f 389 524 390
f 524 525 390
f 390 525 391
f 525 526 391
f 391 526 384
f 526 527 384
f 384 527 385
f 527 528 385
f 385 528 387
f 528 457 387
f 529 530 531
f 530 532 531
f 531 532 533
f 532 534 533
f 533 534 535
f 534 536 535
f 535 536 537
f 536 538 537
f 537 538 539
f 538 540 539
f 539 540 541
f 540 542 541
f 541 542 543
f 542 544 543
f 543 544 545
f 544 546 545
f 545 546 547
f 546 548 547
f 547 548 549
f 548 550 549
f 549 550 551
f 550 552 551
f 551 552 553
f 552 554 553
f 553 554 555
f 554 556 555
f 555 556 557
f 556 558 557
f 557 558 559
f 558 560 559
f 559 560 561
f 560 562 561
f 561 562 563
f 562 564 563
f 563 564 565
f 564 566 565
f 567 568 569
f 568 570 569
f 569 570 571
f 570 572 571
f 571 572 573
f 572 574 573
f 573 574 575
f 574 576 575
f 575 576 577
f 576 578 577
f 577 578 579
f 578 580 579
f 579 580 581
f 580 582 581
f 581 582 583
f 582 584 583
f 583 584 585
f 584 586 585
f 585 586 587
f 586 588 587
f 587 588 589
f 588 590 589
f 589 590 591
f 590 592 591
f 591 592 593
f 592 594 593
f 593 594 595
f 594 596 595
f 595 596 597
f 596 598 597
f 597 598 599
f 598 600 599
f 599 600 601
f 600 602 601
f 601 602 603
f 604 605 606
f 605 607 606
f 606 607 608
f 607 609 608
f 608 609 610
f 609 611 610
f 610 611 612
f 611 613 612
f 612 613 614
f 613 615 614
f 614 615 616
f 615 617 616
f 616 617 618
f 617 619 618
f 618 619 620
f 619 621 620
f 620 621 622
f 621 623 622
f 622 623 624
f 623 625 624
f 624 625 626
f 625 627 626
f 626 627 628
f 627 629 628
f 628 629 567
f 629 630 567
f 567 630 568
f 631 632 633
f 632 634 633
f 633 634 635
f 634 636 635
f 635 636 637
f 636 638 637
f 637 638 639
f 638 640 639
f 639 640 641
f 640 642 641
f 641 642 643
f 642 644 643
f 643 644 645
f 644 646 645
f 645 646 647
f 646 648 647
f 647 648 649
f 648 650 649
f 649 650 651
f 650 652 651
f 651 652 653
f 652 654 653
f 653 654 655
f 654 656 655
f 655 656 657
f 656 658 657
f 657 658 659
f 658 660 659
f 659 660 661
f 660 662 661
f 661 662 663
f 662 664 663
f 663 664 665
f 664 666 665
f 665 666 604
f 666 667 604
f 604 667 605
f 602 668 603
f 668 669 603
f 603 669 670
f 669 671 670
f 670 671 672
f 671 673 672
f 672 673 674
f 673 675 674
f 674 675 676
f 675 677 676
f 676 677 678
f 677 679 678
f 678 679 680
f 679 681 680
f 680 681 682
f 681 683 682
f 682 683 684
f 683 685 684
f 684 685 686
f 685 687 686
f 686 687 688
f 687 689 688
f 688 689 690
f 689 691 690
f 690 691 692
f 691 693 692
f 692 693 694
f 693 695 694
f 694 695 696
f 695 697 696
f 696 697 698
f 697 699 698
f 698 699 700
f 699 701 700
f 700 701 702
f 701 703 702
f 702 703 704
f 703 705 704
f 704 705 706
f 705 707 706
f 706 707 708
f 707 709 708
f 708 709 710
f 709 711 710
f 710 711 712
f 711 713 712
f 712 713 631
f 713 714 631
f 631 714 632
f 715 716 717
f 718 719 720
f 721 722 723
f 724 725 726
f 725 723 726
f 726 723 727
f 723 728 727
f 729 730 731
f 724 732 725
f 732 733 725
f 725 733 734
f 735 736 737
f 736 738 737
f 739 723 740
f 723 741 740
f 742 743 737
f 743 744 737
f 737 744 735
f 738 745 731
f 745 746 731
f 731 746 747
f 739 748 723
f 748 749 723
f 723 749 728
f 734 750 725
f 750 751 725
f 725 751 752
f 752 753 725
f 753 754 725
f 725 754 755
f 747 756 731
f 756 757 731
f 731 757 729
f 758 759 737
f 759 760 737
f 737 760 742
f 758 737 761
f 737 762 761
f 761 762 763
f 764 765 723
f 765 766 723
f 723 766 741
f 730 767 731
f 767 768 731
f 731 768 722
f 768 769 722
f 722 769 770
f 755 771 725
f 771 772 725
f 725 772 773
f 774 775 776
f 775 777 776
f 770 778 722
f 778 779 722
f 722 779 780
f 780 781 722
f 781 782 722
f 722 782 783
f 784 723 785
f 723 786 785
f 773 787 725
f 787 788 725
f 725 788 776
f 788 789 776
f 776 789 774
f 762 790 763
f 790 791 763
f 763 791 792
f 791 793 792
f 792 793 794
f 793 795 794
f 794 795 796
f 795 797 796
f 796 797 798
f 797 799 798
f 798 799 800
f 799 776 800
f 800 776 801
f 776 777 801
f 784 802 723
f 802 803 723
f 723 803 764
f 783 804 722
f 804 805 722
f 722 805 723
f 805 806 723
f 723 806 786
f 738 731 737
f 731 807 737
f 737 807 808
f 807 809 810
f 810 811 807
f 811 812 807
f 807 812 813
f 813 814 807
f 814 815 807
f 807 815 816
f 816 817 807
f 817 818 807
f 807 818 808
f 819 723 820
f 723 821 820
f 819 822 723
f 822 823 723
f 723 823 721
f 824 825 826
f 825 827 826
f 826 827 723
f 827 828 723
f 723 828 821
f 829 830 831
f 830 832 831
f 831 832 833
f 834 835 831
f 835 836 831
f 831 836 826
f 836 837 826
f 826 837 824
f 833 838 831
f 838 839 831
f 831 839 834
f 314 313 840
f 313 312 840
f 840 312 831
f 312 383 831
f 831 383 382
f 342 341 841
f 350 349 720
f 349 348 720
f 317 840 318
f 840 319 318
f 382 381 831
f 381 380 831
f 831 380 379
f 353 352 720
f 352 351 720
f 720 351 350
f 348 347 841
f 347 346 841
f 841 346 345
f 317 316 840
f 316 315 840
f 840 315 314
f 379 378 831
f 378 377 831
f 831 377 376
f 345 344 841
f 344 343 841
f 841 343 342
f 376 375 831
f 375 374 831
f 831 374 373
f 356 355 720
f 355 354 720
f 720 354 353
f 341 340 841
f 340 339 841
f 841 339 338
f 829 358 720
f 358 357 720
f 720 357 356
f 322 321 840
f 321 320 840
f 840 320 319
f 373 372 831
f 372 371 831
f 831 371 370
f 364 829 365
f 829 366 365
f 338 337 841
f 337 336 841
f 841 336 335
f 370 369 831
f 369 368 831
f 831 368 829
f 368 367 829
f 829 367 366
f 364 363 829
f 363 362 829
f 829 362 361
f 361 360 829
f 360 359 829
f 829 359 358
f 335 334 841
f 334 333 841
f 841 333 332
f 332 331 841
f 331 330 841
f 841 330 840
f 330 329 840
f 840 329 328
f 328 327 840
f 327 326 840
f 840 326 325
f 325 324 840
f 324 323 840
f 840 323 322
f 718 720 842
f 720 843 844
f 844 845 720
f 845 846 720
f 720 846 842
f 348 841 720
f 841 847 720
f 720 847 848
f 848 849 720
f 849 850 720
f 720 850 843
f 851 852 841
f 852 853 841
f 841 853 847
f 854 841 855
f 841 856 855
f 854 857 841
f 857 858 841
f 841 858 851
f 859 716 860
f 860 861 859
f 861 862 859
f 859 862 863
f 863 864 859
f 864 865 859
f 859 865 866
f 867 868 717
f 868 869 717
f 869 870 717
f 870 871 717
f 717 871 872
f 872 873 717
f 873 874 717
f 717 874 875
f 875 876 717
f 876 877 717
f 717 877 715
f 878 879 880
f 879 529 880
f 880 529 565
f 529 563 565
f 555 557 529
f 531 533 549
f 555 529 553
f 557 559 529
f 559 561 529
f 529 561 563
f 533 535 549
f 535 537 549
f 549 537 539
f 539 541 549
f 541 543 549
f 549 543 547
f 543 545 547
f 531 549 529
f 549 551 529
f 529 551 553
f 880 457 528
f 528 527 880
f 527 526 880
f 880 526 525
f 463 462 881
f 462 461 881
f 461 460 881
f 460 459 881
f 881 459 880
f 459 458 880
f 880 458 457
f 499 498 878
f 498 497 878
f 878 497 496
f 496 495 878
f 495 494 878
f 878 494 493
f 490 882 491
f 882 878 491
f 491 878 492
f 878 493 492
f 525 524 880
f 524 523 880
f 880 523 522
f 490 489 882
f 489 488 882
f 882 488 487
f 470 469 881
f 522 521 880
f 521 520 880
f 880 520 519
f 487 486 882
f 486 485 882
f 882 485 484
f 474 473 881
f 469 468 881
f 468 467 881
f 881 467 466
f 466 465 881
f 465 464 881
f 881 464 463
f 503 502 878
f 473 472 881
f 472 471 881
f 881 471 470
f 502 501 878
f 501 500 878
f 878 500 499
f 484 483 882
f 483 482 882
f 882 482 481
f 481 480 882
f 480 479 882
f 882 479 478
f 506 505 878
f 505 504 878
f 878 504 503
f 478 477 882
f 477 476 882
f 882 476 881
f 476 475 881
f 881 475 474
f 519 518 880
f 518 517 880
f 880 517 516
f 516 515 880
f 515 514 880
f 880 514 513
f 509 508 878
f 508 507 878
f 878 507 506
f 513 512 880
f 512 511 880
f 880 511 878
f 511 510 878
f 878 510 509
f 883 884 868
f 884 885 868
f 868 885 886
f 887 888 868
f 888 889 868
f 868 889 881
f 889 890 881
f 881 890 891
f 867 892 893
f 886 894 868
f 894 895 868
f 868 895 887
f 893 896 867
f 896 897 867
f 867 897 898
f 899 900 882
f 891 901 881
f 901 902 881
f 881 902 903
f 900 904 882
f 904 905 882
f 882 905 867
f 905 906 867
f 867 906 892
f 898 907 867
f 907 908 867
f 867 908 909
f 910 911 868
f 903 912 881
f 912 913 881
f 881 913 914
f 909 915 867
f 915 916 867
f 867 916 917
f 918 919 868
f 911 920 868
f 920 921 868
f 868 921 922
f 922 923 868
f 923 924 868
f 868 924 883
f 925 926 882
f 919 927 868
f 927 928 868
f 868 928 910
f 926 929 882
f 929 930 882
f 882 930 899
f 917 931 867
f 931 932 867
f 867 932 933
f 933 934 867
f 934 935 867
f 867 935 936
f 937 938 882
f 938 939 882
f 882 939 925
f 936 940 867
f 940 941 867
f 867 941 868
f 941 942 868
f 868 942 918
f 914 943 881
f 943 944 881
f 881 944 945
f 945 946 881
f 946 947 881
f 881 947 948
f 949 950 882
f 950 951 882
f 882 951 937
f 948 952 881
f 952 953 881
f 881 953 882
f 953 954 882
f 882 954 949
f 955 879 956
f 879 878 956
f 956 878 957
f 878 958 957
f 955 959 879
f 959 960 879
f 879 960 961
f 962 963 725
f 964 965 723
f 965 966 723
f 967 878 968
f 878 969 968
f 962 725 970
f 963 971 725
f 971 972 725
f 725 972 723
f 972 973 723
f 973 974 723
f 974 975 723
f 723 975 976
f 967 977 878
f 977 978 878
f 878 978 958
f 961 979 879
f 979 980 879
f 879 980 981
f 981 982 879
f 982 983 879
f 879 983 984
f 976 985 723
f 985 986 723
f 723 986 964
f 987 725 988
f 725 989 988
f 987 990 725
f 990 991 725
f 725 991 970
f 992 993 723
f 994 995 725
f 995 996 725
f 725 996 997
f 998 999 878
f 999 1000 878
f 878 1000 969
f 997 1001 725
f 1001 1002 725
f 725 1002 989
f 966 1003 723
f 1003 1004 723
f 723 1004 1005
f 1006 1007 878
f 984 1008 879
f 1008 1009 879
f 879 1009 1010
f 1010 1011 879
f 1011 1012 879
f 879 1012 1013
f 1005 1014 723
f 1014 1015 723
f 723 1015 992
f 1016 1017 878
f 1013 1018 879
f 1018 1019 879
f 879 1019 725
f 1019 1020 725
f 725 1020 994
f 1017 1021 878
f 1021 1022 878
f 878 1022 1006
f 1007 1023 878
f 1023 1024 878
f 878 1024 998
f 993 1025 723
f 1025 1026 723
f 723 1026 1016
f 1027 1028 717
f 1028 1029 717
f 717 1029 867
f 1029 1030 867
f 867 1030 1031
f 1032 1033 840
f 1034 1035 831
f 1036 717 1037
f 717 1038 1037
f 1031 1039 867
f 1039 1040 867
f 867 1040 1041
f 1034 831 1042
f 1035 1043 831
f 1043 1044 831
f 831 1044 840
f 1044 1045 840
f 1045 1046 840
f 1046 1047 840
f 840 1047 1048
f 1036 1049 717
f 1049 1050 717
f 717 1050 1027
f 1041 1051 867
f 1051 1052 867
f 867 1052 1053
f 1048 1054 840
f 1054 1055 840
f 840 1055 1032
f 1053 1056 867
f 1056 1057 867
f 867 1057 1058
f 1059 1060 831
f 1061 831 1062
f 831 1063 1062
f 1061 1064 831
f 1064 1065 831
f 831 1065 1042
f 1033 1066 840
f 1066 1067 840
f 840 1067 1068
f 867 1069 1070
f 1071 1072 717
f 1072 1073 717
f 717 1073 1038
f 1058 1074 867
f 1074 1075 867
f 867 1075 1069
f 1070 1076 867
f 1076 1077 867
f 867 1077 1078
f 1068 1079 840
f 1079 1080 840
f 840 1080 1081
f 1016 878 723
f 878 882 723
f 723 882 826
f 882 867 826
f 826 867 831
f 867 1078 831
f 831 1078 1059
f 1060 1082 831
f 1082 1083 831
f 831 1083 1084
f 1084 1085 831
f 1085 1086 831
f 831 1086 1063
f 1081 1087 840
f 1087 1088 840
f 840 1088 1089
f 1089 1090 840
f 1090 1091 840
f 840 1091 717
f 1091 1092 717
f 717 1092 1093
f 1093 1094 717
f 1094 1095 717
f 717 1095 1096
f 1096 1097 717
f 1097 1098 717
f 717 1098 1071
f 716 859 717
f 859 1099 717
f 717 1099 840
f 1099 1100 840
f 840 1100 841
f 1100 1101 841
f 841 1101 856
f 1102 1103 1104
f 1103 1105 1104
f 1104 1105 1106
f 1105 1107 1106
f 1106 1107 1108
f 1107 1109 1108
f 1108 1109 1110
f 1109 1111 1110
f 1110 1111 1112
f 1111 1113 1112
f 1112 1113 1114
f 1113 1115 1114
f 1114 1115 1116
f 1115 1117 1116
f 1116 1117 1118
f 1117 1119 1118
f 1118 1119 1120
f 1119 1121 1120
f 1120 1121 1122
f 1121 1123 1122
f 1122 1123 1124
f 1123 1125 1124
f 1124 1125 1126
f 1125 1127 1126
f 1126 1127 1128
f 1127 1129 1128
f 1128 1129 1130
f 1129 1131 1130
f 1130 1131 1132
f 1131 1133 1132
f 1132 1133 1134
f 1133 1135 1134
f 1134 1135 1136
f 1135 1137 1136
f 1136 1137 1138
f 1137 1139 1138
f 1138 1139 1140
f 1139 1141 1140
f 1140 1141 1142
f 1141 1143 1142
f 1142 1143 1144
f 1143 1145 1144
f 1144 1145 1146
f 1145 1147 1146
f 1146 1147 1148
f 1147 1149 1148
f 1148 1149 1150
f 1149 1151 1150
f 1150 1151 1152
f 1151 1153 1152
f 1152 1153 1154
f 1153 1155 1154
f 1154 1155 1156
f 1155 1157 1156
f 1156 1157 1158
f 1157 1159 1158
f 1158 1159 1160
f 1159 1161 1160
f 1160 1161 1162
f 1161 1163 1162
f 1162 1163 1164
f 1163 1165 1164
f 1164 1165 1166
f 1165 1167 1166
f 1166 1167 1168
f 1167 1169 1168
f 1168 1169 1170
f 1169 1171 1170
f 1170 1171 1172
f 1171 1173 1172
f 1172 1173 1174
f 1173 1175 1174
f 1174 1175 1176
f 1175 1177 1176
f 1176 1177 1178
f 1177 1179 1178
f 1178 1179 1180
f 1179 1181 1180
f 1180 1181 1182
f 1181 1183 1182
f 1182 1183 1184
f 1183 1185 1184
f 1184 1185 1186
f 1185 1187 1186
f 1186 1187 1188
f 1187 1189 1188
f 1188 1189 1190
f 1189 1191 1190
f 1190 1191 1192
f 1191 1193 1192
f 1192 1193 1194
f 1193 1195 1194
f 1194 1195 1196
f 1195 1197 1196
f 1196 1197 1198
f 1197 1199 1198
f 1198 1199 1200
f 1199 1201 1200
f 1200 1201 1202
f 1201 1203 1202
f 1202 1203 1204
f 1203 1205 1204
f 1204 1205 1206
f 1205 1207 1206
f 1206 1207 1208
f 1207 1209 1208
f 1208 1209 1210
f 1209 1211 1210
f 1210 1211 1212
f 1211 1213 1212
f 1212 1213 1214
f 1213 1215 1214
f 1214 1215 1216
f 1215 1217 1216
f 1216 1217 1218
f 1217 1219 1218
f 1218 1219 1220
f 1219 1221 1220
f 1220 1221 1222
f 1221 1223 1222
f 1222 1223 1224
f 1223 1225 1224
f 1224 1225 1226
f 1225 1227 1226
f 1226 1227 1228
f 1227 1229 1228
f 1228 1229 1230
f 1229 1231 1230
f 1230 1231 1232
f 1231 1233 1232
f 1232 1233 1234
f 1233 1235 1234
f 1234 1235 1236
f 1235 1237 1236
f 1236 1237 1238
f 1237 1239 1238
f 1238 1239 1240
f 1239 1241 1240
f 1240 1241 1242
f 1241 1243 1242
f 1242 1243 1244
f 1243 1245 1244
f 1244 1245 1102
f 1245 1103 1102
f 880 565 566
f 880 566 881
f 566 1246 881
f 1246 1247 881
f 881 1247 868
f 1247 1248 868
f 868 1248 869
f 1249 1250 1251
f 1249 1251 1252
f 1251 1253 1252
f 1252 1253 1254
f 1253 1255 1254
f 1254 1255 1256
f 1255 1257 1256
f 1256 1257 1258
f 1257 1259 1258
f 1258 1259 1260
f 1259 1261 1260
f 1260 1261 1262
f 1261 1263 1262
f 1262 1263 1264
f 1263 1265 1264
f 1264 1265 1266
f 1265 1267 1266
f 1266 1267 1268
f 1267 1269 1268
f 1268 1269 1270
f 1269 1271 1270
f 1270 1271 1272
f 1271 1273 1272
f 1272 1273 1274
f 1273 1275 1274
f 1274 1275 1276
f 1275 1277 1276
f 1276 1277 1278
f 1277 1279 1278
f 1278 1279 1280
f 1279 1281 1280
f 1280 1281 1282
f 1281 1283 1282
f 1282 1283 1284
f 1283 1285 1284
f 1284 1285 1286
f 1285 1287 1286
f 1286 1287 1288
f 1287 1289 1288
f 1288 1289 1290
f 1289 1291 1290
f 1290 1291 1292
f 1291 1293 1292
f 1292 1293 1294
f 1293 1295 1294
f 1294 1295 1296
f 1295 1297 1296
f 1296 1297 1298
f 1297 1299 1298
f 1298 1299 1300
f 1299 1301 1300
f 1300 1301 1302
f 1301 1303 1302
f 1302 1303 1304
f 1303 1305 1304
f 1304 1305 1306
f 1305 1307 1306
f 1306 1307 1308
f 1307 1309 1308
f 1308 1309 1310
f 1309 1311 1310
f 1310 1311 1312
f 1311 1313 1312
f 1312 1313 1314
f 1313 1315 1314
f 1314 1315 1316
f 1315 1317 1316
f 1316 1317 1318
f 1317 1319 1318
f 1318 1319 1320
f 1319 1321 1320
f 1320 1321 1322
f 1323 1324 1325
f 1278 1280 1326
f 1327 1328 1329
f 1328 1330 1329
f 1330 1331 1329
f 1331 1332 1329
f 1329 1332 1333
f 1333 1334 1329
f 1334 1335 1329
f 1329 1335 1336
f 1325 1337 1329
f 1337 1338 1329
f 1329 1338 1339
f 1339 1340 1329
f 1340 1341 1329
f 1329 1341 1342
f 1342 1343 1329
f 1343 1344 1329
f 1329 1344 1345
f 1346 1347 1327
f 1347 1348 1327
f 1327 1348 1349
f 1345 1350 1329
f 1350 1351 1329
f 1329 1351 1352
f 1353 1354 1355
f 1354 1356 1355
f 1355 1356 1357
f 1356 1358 1357
f 1357 1358 1359
f 1358 1360 1359
f 1359 1360 1361
f 1360 1327 1361
f 1361 1327 1362
f 1327 1349 1362
f 1352 1363 1329
f 1363 1364 1329
f 1329 1364 1327
f 1364 1365 1327
f 1327 1365 1346
f 1366 1367 1368
f 1367 1369 1368
f 1368 1369 1354
f 1370 1371 1368
f 1371 1372 1368
f 1368 1372 1366
f 1373 1374 1375
f 1374 1376 1375
f 1375 1376 1368
f 1376 1377 1368
f 1368 1377 1370
f 1378 1379 1375
f 1379 1380 1375
f 1375 1380 1373
f 1378 1375 1381
f 1375 1382 1381
f 1381 1382 1383
f 1384 1385 1386
f 1387 1388 1389
f 1388 1390 1389
f 1389 1390 1391
f 1390 1392 1391
f 1383 1393 1381
f 1393 1394 1381
f 1381 1394 1395
f 1394 1396 1395
f 1395 1396 1397
f 1396 1398 1397
f 1397 1398 1399
f 1398 1400 1399
f 1399 1400 1386
f 1400 1401 1386
f 1386 1401 1384
f 1402 1403 1390
f 1403 1404 1390
f 1385 1405 1386
f 1405 1406 1386
f 1386 1406 1407
f 1408 1409 1390
f 1409 1410 1390
f 1390 1410 1402
f 1404 1411 1390
f 1411 1412 1390
f 1390 1412 1392
f 1407 1413 1386
f 1413 1414 1386
f 1386 1414 1390
f 1414 1415 1390
f 1390 1415 1408
f 1390 1416 1417
f 1390 1418 1419
f 1417 1420 1390
f 1420 1421 1390
f 1390 1421 1418
f 1419 1422 1390
f 1422 1423 1390
f 1390 1423 1386
f 1322 1424 1320
f 1424 1425 1320
f 1320 1425 1318
f 1425 1310 1312
f 1312 1314 1425
f 1314 1316 1425
f 1425 1316 1318
f 1292 1294 1426
f 1294 1296 1426
f 1296 1298 1426
f 1298 1300 1426
f 1426 1300 1302
f 1302 1304 1426
f 1304 1306 1426
f 1426 1306 1425
f 1306 1308 1425
f 1425 1308 1310
f 1288 1427 1286
f 1427 1428 1286
f 1286 1428 1284
f 1428 1429 1284
f 1429 1430 1284
f 1284 1430 1282
f 1431 1432 1326
f 1432 1433 1326
f 1326 1433 1434
f 1434 1435 1326
f 1435 1436 1326
f 1326 1436 1426
f 1436 1437 1426
f 1426 1437 1438
f 1438 1439 1426
f 1439 1440 1426
f 1426 1440 1441
f 1290 1292 1442
f 1442 1443 1290
f 1443 1444 1290
f 1290 1444 1288
f 1444 1445 1288
f 1288 1445 1427
f 1430 1446 1282
f 1446 1447 1282
f 1282 1447 1280
f 1447 1448 1280
f 1441 1449 1426
f 1449 1450 1426
f 1426 1450 1451
f 1448 1452 1280
f 1452 1453 1280
f 1280 1453 1454
f 1451 1455 1426
f 1455 1456 1426
f 1426 1456 1457
f 1458 1459 1326
f 1457 1460 1426
f 1460 1461 1426
f 1426 1461 1462
f 1463 1464 1292
f 1464 1465 1292
f 1292 1465 1442
f 1454 1466 1280
f 1466 1467 1280
f 1280 1467 1468
f 1459 1469 1326
f 1469 1470 1326
f 1326 1470 1471
f 1471 1472 1326
f 1472 1473 1326
f 1326 1473 1431
f 1474 1475 1292
f 1468 1476 1280
f 1476 1477 1280
f 1280 1477 1478
f 1479 1480 1326
f 1480 1481 1326
f 1326 1481 1458
f 1475 1482 1292
f 1482 1483 1292
f 1292 1483 1484
f 1484 1485 1292
f 1485 1486 1292
f 1292 1486 1463
f 1487 1488 1326
f 1488 1489 1326
f 1326 1489 1479
f 1462 1490 1426
f 1490 1491 1426
f 1426 1491 1492
f 1478 1493 1280
f 1493 1494 1280
f 1280 1494 1326
f 1494 1495 1326
f 1326 1495 1487
f 1492 1496 1426
f 1496 1497 1426
f 1426 1497 1292
f 1497 1498 1292
f 1292 1498 1474
f 1499 1264 1326
f 1264 1266 1326
f 1266 1268 1326
f 1268 1270 1326
f 1326 1270 1272
f 1272 1274 1326
f 1274 1276 1326
f 1326 1276 1278
f 1258 1260 1499
f 1260 1262 1499
f 1499 1262 1264
f 1252 1254 1499
f 1254 1256 1499
f 1499 1256 1258
f 1387 1500 1388
f 1500 1501 1388
f 1388 1501 1502
f 1503 1504 1325
f 1504 1505 1325
f 1325 1505 1337
f 1502 1506 1388
f 1506 1507 1388
f 1388 1507 1325
f 1507 1508 1325
f 1325 1508 1503
f 1353 1509 1354
f 1509 1510 1354
f 1354 1510 1368
f 1510 1511 1368
f 1368 1511 1512
f 1512 1513 1368
f 1513 1514 1368
f 1368 1514 1375
f 1514 1515 1375
f 1375 1515 1516
f 1516 1517 1375
f 1517 1518 1375
f 1375 1518 1382
f 1519 1520 1390
f 1520 1521 1390
f 1390 1521 1416
f 1521 1522 1416
f 1416 1522 1523
f 1416 1524 1525
f 1526 1527 1528
f 1523 1529 1416
f 1529 1530 1416
f 1416 1530 1524
f 1528 1531 1532
f 1525 1533 1416
f 1533 1534 1416
f 1416 1534 1535
f 1528 1536 1537
f 1532 1538 1528
f 1538 1539 1528
f 1528 1539 1526
f 1540 1541 1416
f 1541 1542 1416
f 1416 1542 1543
f 1537 1544 1528
f 1544 1545 1528
f 1528 1545 1546
f 1546 1547 1528
f 1547 1548 1528
f 1528 1548 1549
f 1549 1550 1528
f 1550 1551 1528
f 1528 1551 1531
f 1535 1552 1416
f 1552 1553 1416
f 1416 1553 1540
f 1543 1554 1416
f 1554 1555 1416
f 1416 1555 1528
f 1555 1556 1528
f 1528 1556 1536
f 1519 1390 1557
f 1390 1388 1557
f 1557 1388 1558
f 1388 1559 1560
f 1560 1561 1388
f 1561 1562 1388
f 1388 1562 1563
f 1563 1564 1388
f 1564 1565 1388
f 1388 1565 1558
f 1566 1567 1388
f 1567 1568 1388
f 1388 1568 1559
f 1324 1569 1325
f 1569 1570 1325
f 1325 1570 1388
f 1570 1571 1388
f 1388 1571 1566
f 1572 1573 1325
f 1573 1574 1325
f 1325 1574 1323
f 1575 1576 1329
f 1576 1577 1329
f 1329 1577 1325
f 1577 1578 1325
f 1325 1578 1579
f 1579 1580 1325
f 1580 1581 1325
f 1325 1581 1572
f 1582 1583 1336
f 554 552 1584
f 560 1584 562
f 1584 564 562
f 1336 1583 1329
f 1583 1585 1329
f 1329 1585 1575
f 1586 1587 1336
f 1587 1588 1336
f 1336 1588 1582
f 560 558 1584
f 558 556 1584
f 1584 556 554
f 552 550 1584
f 550 548 1584
f 1584 548 546
f 546 544 1584
f 544 542 1584
f 1584 542 540
f 540 538 1584
f 538 536 1584
f 1584 536 534
f 1589 1590 1336
f 1590 1591 1336
f 1591 1592 1336
f 1336 1592 1586
f 1593 1594 1336
f 1594 1595 1336
f 1336 1595 1589
f 534 532 1584
f 532 530 1584
f 1584 530 1336
f 530 1596 1336
f 1336 1596 1597
f 1597 1598 1336
f 1598 1599 1336
f 1336 1599 1593
f 1600 1601 566
f 1601 1246 566
f 1246 1601 1247
f 1601 1602 1247
f 1247 1602 1248
f 1322 1603 1424
f 1603 1528 1424
f 1424 1528 1604
f 1528 1527 1604
f 1604 1527 1248
f 1178 1180 1605
f 1180 1182 1605
f 1104 1106 1602
f 1170 1172 1606
f 1172 1174 1606
f 1606 1174 1605
f 1174 1176 1605
f 1605 1176 1178
f 1104 1602 1102
f 1164 1166 1606
f 1166 1168 1606
f 1606 1168 1170
f 1224 1226 1601
f 1232 1234 1601
f 1234 1236 1601
f 1601 1236 1238
f 1238 1240 1601
f 1240 1242 1601
f 1601 1242 1602
f 1242 1244 1602
f 1602 1244 1102
f 1182 1184 1605
f 1184 1186 1605
f 1605 1186 1188
f 1188 1190 1605
f 1190 1192 1605
f 1605 1192 1194
f 1194 1196 1605
f 1196 1198 1605
f 1605 1198 1200
f 1226 1228 1601
f 1228 1230 1601
f 1601 1230 1232
f 1106 1108 1602
f 1108 1110 1602
f 1602 1110 1112
f 1216 1218 1601
f 1112 1114 1602
f 1114 1116 1602
f 1602 1116 1118
f 1606 1144 1146
f 1146 1148 1606
f 1148 1150 1606
f 1606 1150 1152
f 1152 1154 1606
f 1154 1156 1606
f 1606 1156 1158
f 1158 1160 1606
f 1160 1162 1606
f 1606 1162 1164
f 1605 1212 1214
f 1218 1220 1601
f 1220 1222 1601
f 1601 1222 1224
f 1118 1120 1602
f 1120 1122 1602
f 1602 1122 1124
f 1200 1202 1605
f 1202 1204 1605
f 1605 1204 1206
f 1124 1126 1602
f 1126 1128 1602
f 1602 1128 1606
f 1128 1130 1606
f 1606 1130 1132
f 1206 1208 1605
f 1208 1210 1605
f 1605 1210 1212
f 1132 1134 1606
f 1134 1136 1606
f 1606 1136 1138
f 1138 1140 1606
f 1140 1142 1606
f 1606 1142 1144
f 1600 1607 1601
f 1607 1605 1601
f 1601 1605 1216
f 1605 1214 1216
f 1252 1499 1249
f 1499 1607 1249
f 1249 1607 1608
f 1607 1600 1608
f 1608 1600 1584
f 1600 566 1584
f 1584 566 564
f 1609 1610 1424
f 1611 1612 1606
f 1612 1613 1606
f 1613 1614 1606
f 1614 1615 1606
f 1606 1615 1616
f 1426 1617 1618
f 1619 1620 1426
f 1620 1621 1426
f 1426 1621 1622
f 1623 1624 1424
f 1624 1625 1424
f 1424 1625 1609
f 1626 1424 1627
f 1424 1628 1627
f 1629 1630 1425
f 1631 1632 1425
f 1632 1633 1425
f 1425 1634 1635
f 1636 1637 1426
f 1637 1638 1426
f 1426 1638 1617
f 1618 1639 1426
f 1639 1640 1426
f 1426 1640 1619
f 1616 1641 1606
f 1641 1642 1606
f 1606 1642 1643
f 1610 1644 1424
f 1644 1645 1424
f 1424 1645 1628
f 1630 1646 1425
f 1646 1647 1425
f 1425 1647 1631
f 1635 1648 1425
f 1648 1649 1425
f 1425 1649 1426
f 1649 1650 1426
f 1426 1650 1636
f 1651 1652 1606
f 1652 1653 1606
f 1606 1653 1654
f 1654 1655 1606
f 1655 1656 1606
f 1606 1656 1611
f 1248 1602 1604
f 1602 1606 1604
f 1604 1606 1424
f 1606 1643 1424
f 1424 1643 1623
f 1626 1657 1424
f 1657 1658 1424
f 1424 1658 1659
f 1633 1660 1425
f 1660 1661 1425
f 1425 1661 1634
f 1622 1662 1426
f 1662 1663 1426
f 1426 1663 1664
f 1665 1666 1425
f 1666 1667 1425
f 1425 1667 1629
f 1664 1668 1426
f 1668 1669 1426
f 1426 1669 1670
f 1671 1672 1606
f 1672 1673 1606
f 1673 1674 1606
f 1606 1674 1651
f 1659 1675 1424
f 1675 1676 1424
f 1424 1676 1677
f 1677 1678 1424
f 1678 1679 1424
f 1424 1679 1425
f 1679 1680 1425
f 1425 1680 1665
f 1681 1682 1326
f 1683 1684 1499
f 1684 1685 1499
f 1682 1686 1326
f 1686 1687 1326
f 1326 1687 1688
f 1688 1689 1326
f 1689 1690 1326
f 1326 1690 1499
f 1690 1691 1499
f 1499 1691 1683
f 1685 1692 1499
f 1692 1693 1499
f 1499 1693 1694
f 1605 1695 1696
f 1697 1698 1326
f 1694 1699 1499
f 1699 1700 1499
f 1499 1700 1701
f 1607 1702 1703
f 1696 1704 1605
f 1704 1705 1605
f 1605 1705 1706
f 1698 1707 1326
f 1707 1708 1326
f 1326 1708 1681
f 1709 1710 1607
f 1703 1711 1607
f 1711 1712 1607
f 1607 1712 1605
f 1712 1713 1605
f 1605 1713 1695
f 1706 1714 1605
f 1714 1715 1605
f 1605 1715 1716
f 1717 1718 1607
f 1710 1719 1607
f 1719 1720 1607
f 1607 1720 1721
f 1721 1722 1607
f 1722 1723 1607
f 1607 1723 1702
f 1716 1724 1605
f 1724 1725 1605
f 1605 1725 1726
f 1701 1727 1499
f 1727 1728 1499
f 1499 1728 1729
f 1717 1607 1730
f 1718 1731 1607
f 1731 1732 1607
f 1607 1732 1709
f 1726 1733 1605
f 1733 1734 1605
f 1605 1734 1735
f 1729 1736 1499
f 1736 1737 1499
f 1499 1737 1738
f 1326 1739 1740
f 1740 1741 1326
f 1741 1742 1326
f 1326 1742 1697
f 1738 1743 1499
f 1743 1744 1499
f 1499 1744 1607
f 1744 1745 1607
f 1607 1745 1730
f 1735 1746 1605
f 1746 1747 1605
f 1605 1747 1748
f 1749 1750 1326
f 1750 1751 1326
f 1751 1752 1326
f 1326 1752 1739
f 1748 1749 1605
f 1749 1326 1605
f 1605 1326 1606
f 1326 1426 1606
f 1606 1426 1671
f 1426 1670 1671
f 1753 1754 1755
f 1754 1756 1755
f 1755 1756 1757
f 1756 1758 1757
f 1757 1758 1759
f 1758 1760 1759
f 1759 1760 1761
f 1760 1762 1761
f 1761 1762 1763
f 1762 1764 1763
f 1763 1764 1765
f 1764 1766 1765
f 1765 1766 1767
f 1766 1768 1767
f 1767 1768 1769
f 1768 1770 1769
f 1769 1770 1771
f 1770 1772 1771
f 1771 1772 1773
f 1772 1774 1773
f 1773 1774 1775
f 1774 1776 1775
f 1775 1776 1777
f 1776 1778 1777
f 1777 1778 1779
f 1778 1780 1779
f 1779 1780 1781
f 1780 1782 1781
f 1781 1782 1783
f 1782 1784 1783
f 1783 1784 1785
f 1784 1786 1785
f 1785 1786 1787
f 1786 1788 1787
f 1787 1788 1789
f 1788 1790 1789
f 1789 1790 1791
f 1790 1792 1791
f 1791 1792 1793
f 1792 1794 1793
f 1793 1794 1795
f 1794 1796 1795
f 1795 1796 1797
f 1796 1798 1797
f 1797 1798 1799
f 1798 1800 1799
f 1799 1800 1801
f 1800 1802 1801
f 1801 1802 1803
f 1802 1804 1803
f 1803 1804 1805
f 1804 1806 1805
f 1805 1806 1807
f 1806 1808 1807
f 1807 1808 1809
f 1808 1810 1809
f 1809 1810 1811
f 1810 1812 1811
f 1811 1812 1813
f 1812 1814 1813
f 1813 1814 1815
f 1814 1816 1815
f 1815 1816 1817
f 1816 1818 1817
f 1817 1818 1819
f 1818 1820 1819
f 1819 1820 1821
f 1820 1822 1821
f 1821 1822 1823
f 1822 1824 1823
f 1823 1824 1825
f 1824 1826 1825
f 1825 1826 1827
f 1826 1828 1827
f 1827 1828 1829
f 1828 1830 1829
f 1829 1830 1831
f 1830 1832 1831
f 1831 1832 1833
f 1832 1834 1833
f 1833 1834 1835
f 1834 1836 1835
f 1835 1836 1837
f 1836 1838 1837
f 1837 1838 1839
f 1838 1840 1839
f 1839 1840 1841
f 1840 1842 1841
f 1841 1842 1843
f 1842 1844 1843
f 1843 1844 1845
f 1844 1846 1845
f 1845 1846 1847
f 1846 1848 1847
f 1847 1848 1849
f 1848 1850 1849
f 1849 1850 1851
f 1850 1852 1851
f 1851 1852 1853
f 1852 1854 1853
f 1853 1854 1855
f 1854 1856 1855
f 1855 1856 1857
f 1856 1858 1857
f 1857 1858 1859
f 1858 1860 1859
f 1859 1860 1861
f 1860 1862 1861
f 1861 1862 1863
f 1862 1864 1863
f 1863 1864 1865
f 1864 1866 1865
f 1865 1866 1867
f 1866 1868 1867
f 1867 1868 1869
f 1868 1870 1869
f 1869 1870 1871
f 1870 1872 1871
f 1871 1872 1873
f 1872 1874 1873
f 1873 1874 1875
f 1874 1876 1875
f 1875 1876 1877
f 1876 1878 1877
f 1877 1878 1879
f 1878 1880 1879
f 1879 1880 1881
f 1880 1882 1881
f 1881 1882 1883
f 1882 1884 1883
f 1883 1884 1885
f 1884 1886 1885
f 1885 1886 1887
f 1886 1888 1887
f 1887 1888 1889
f 1888 1890 1889
f 1889 1890 1891
f 1890 1892 1891
f 1891 1892 1893
f 1892 1894 1893
f 1893 1894 1895
f 1894 1896 1895
f 1895 1896 1753
f 1896 1754 1753
f 1417 1416 1897
f 1416 1528 1897
f 1897 1528 1321
f 1528 1603 1321
f 1321 1603 1322
f 1898 1029 1899
f 1029 1028 1899
f 1899 1028 1900
f 1028 1027 1900
f 1900 1027 1901
f 1027 1050 1901
f 1901 1050 1902
f 1050 1049 1902
f 1902 1049 1903
f 1049 1036 1903
f 1903 1036 1904
f 1036 1037 1904
f 1904 1037 1905
f 1037 1038 1905
f 1905 1038 1906
f 1038 1073 1906
f 1906 1073 1907
f 1073 1072 1907
f 1907 1072 1908
f 1072 1071 1908
f 1908 1071 1909
f 1071 1098 1909
f 1909 1098 1910
f 1098 1097 1910
f 1910 1097 1911
f 1097 1096 1911
f 1911 1096 1912
f 1096 1095 1912
f 1912 1095 1913
f 1095 1094 1913
f 1913 1094 1914
f 1094 1093 1914
f 1914 1093 1915
f 1093 1092 1915
f 1915 1092 1916
f 1092 1091 1916
f 1916 1091 1917
f 1091 1090 1917
f 1917 1090 1918
f 1090 1089 1918
f 1918 1089 1919
f 1089 1088 1919
f 1919 1088 1920
f 1088 1087 1920
f 1920 1087 1921
f 1087 1081 1921
f 1921 1081 1922
f 1081 1080 1922
f 1922 1080 1923
f 1080 1079 1923
f 1923 1079 1924
f 1079 1068 1924
f 1924 1068 1925
f 1068 1067 1925
f 1925 1067 1926
f 1067 1066 1926
f 1926 1066 1927
f 1066 1033 1927
f 1927 1033 1928
f 1033 1032 1928
f 1928 1032 1929
f 1032 1055 1929
f 1929 1055 1930
f 1055 1054 1930
f 1930 1054 1931
f 1054 1048 1931
f 1931 1048 1932
f 1048 1047 1932
f 1932 1047 1933
f 1047 1046 1933
f 1933 1046 1934
f 1046 1045 1934
f 1934 1045 1935
f 1045 1044 1935
f 1935 1044 1936
f 1044 1043 1936
f 1936 1043 1937
f 1043 1035 1937
f 1937 1035 1938
f 1035 1034 1938
f 1938 1034 1939
f 1034 1042 1939
f 1939 1042 1940
f 1042 1065 1940
f 1940 1065 1941
f 1065 1064 1941
f 1941 1064 1942
f 1064 1061 1942
f 1942 1061 1943
f 1061 1062 1943
f 1943 1062 1944
f 1062 1063 1944
f 1944 1063 1945
f 1063 1086 1945
f 1945 1086 1946
f 1086 1085 1946
f 1946 1085 1947
f 1085 1084 1947
f 1947 1084 1948
f 1084 1083 1948
f 1948 1083 1949
f 1083 1082 1949
f 1949 1082 1950
f 1082 1060 1950
f 1950 1060 1951
f 1060 1059 1951
f 1951 1059 1952
f 1059 1078 1952
f 1952 1078 1953
f 1078 1077 1953
f 1953 1077 1954
f 1077 1076 1954
f 1954 1076 1955
f 1076 1070 1955
f 1955 1070 1956
f 1070 1069 1956
f 1956 1069 1957
f 1069 1075 1957
f 1957 1075 1958
f 1075 1074 1958
f 1958 1074 1959
f 1074 1058 1959
f 1959 1058 1960
f 1058 1057 1960
f 1960 1057 1961
f 1057 1056 1961
f 1961 1056 1962
f 1056 1053 1962
f 1962 1053 1963
f 1053 1052 1963
f 1963 1052 1964
f 1052 1051 1964
f 1964 1051 1965
f 1051 1041 1965
f 1965 1041 1966
f 1041 1040 1966
f 1966 1040 1967
f 1040 1039 1967
f 1967 1039 1968
f 1039 1031 1968
f 1968 1031 1969
f 1031 1030 1969
f 1969 1030 1898
f 1030 1029 1898
f 1970 1971 10
f 1970 10 1972
f 1971 1973 10
f 1973 1974 10
f 10 1974 1975
f 1975 1976 10
f 1976 1977 10
f 10 1977 1978
f 86 1979 84
f 1979 1980 84
f 84 1980 1981
f 1978 1982 10
f 1982 1983 10
f 10 1983 11
f 1981 1984 84
f 1984 1985 84
f 84 1985 1986
f 1987 1988 1989
f 1988 1990 1989
f 1989 1990 1991
f 1991 1992 1989
f 1992 1993 1989
f 1989 1993 1994
f 1986 1995 84
f 1995 1996 84
f 84 1996 1997
f 1997 1998 84
f 1998 1999 84
f 84 1999 2000
f 2001 2002 10
f 1972 10 1989
f 10 2003 1989
f 1989 2003 1987
f 2004 2005 1989
f 2005 2006 1989
f 1989 2006 2007
f 2002 2008 10
f 2008 2009 10
f 10 2009 2003
f 1994 2010 1989
f 2010 2011 1989
f 1989 2011 2004
f 2012 2013 2000
f 2013 2014 2000
f 2014 2015 2000
f 2000 2015 2016
f 2016 2017 2000
f 2017 2018 2000
f 2000 2018 2019
f 2007 2006 2020
f 2006 2021 2020
f 2020 2021 2022
f 2021 2023 2022
f 2022 2023 2000
f 2023 2024 2000
f 2000 2024 2012
f 2025 84 2026
f 84 2027 2026
f 2019 2028 2000
f 2028 2029 2000
f 2000 2029 84
f 2029 2030 84
f 84 2030 2027
f 2025 2031 84
f 2031 2032 84
f 84 2032 82
f 2032 2033 82
f 82 2033 80
f 2033 2034 80
f 80 2034 78
f 2034 2035 78
f 78 2035 76
f 2035 2036 76
f 76 2036 74
f 2036 2037 74
f 74 2037 72
f 2037 2038 72
f 72 2038 70
f 2038 2039 70
f 70 2039 68
f 2039 2040 68
f 68 2040 66
f 2040 2041 66
f 66 2041 64
f 2041 2042 64
f 64 2042 62
f 2042 2043 62
f 62 2043 60
f 2043 2044 60
f 60 2044 58
f 2044 2045 58
f 58 2045 56
f 2045 2046 56
f 56 2046 54
f 2046 2047 54
f 54 2047 52
f 2047 2048 52
f 52 2048 50
f 2048 2049 50
f 50 2049 48
f 2049 2050 48
f 48 2050 46
f 2050 2051 46
f 46 2051 44
f 2051 2052 44
f 44 2052 42
f 2052 2053 42
f 42 2053 40
f 2053 2054 40
f 40 2054 38
f 2054 2055 38
f 38 2055 36
f 2055 2056 36
f 36 2056 34
f 2056 2057 34
f 34 2057 32
f 2057 2058 32
f 32 2058 30
f 2058 2059 30
f 30 2059 28
f 2059 2060 28
f 28 2060 26
f 2060 2061 26
f 26 2061 24
f 2061 2062 24
f 24 2062 22
f 2062 2063 22
f 22 2063 20
f 2063 2064 20
f 20 2064 18
f 2064 2065 18
f 18 2065 16
f 2065 2066 16
f 16 2066 14
f 2066 2067 14
f 14 2067 10
f 2067 2068 10
f 10 2068 2001
f 1417 1897 2069
f 1417 2069 1420
f 2069 2070 1420
f 1420 2070 1421
f 2070 2071 1421
f 1421 2071 1418
f 2071 2072 1418
f 1418 2072 1419
f 2072 2073 1419
f 1419 2073 1422
f 2073 2074 1422
f 1422 2074 1423
f 2074 2075 1423
f 1423 2075 1386
f 2075 2076 1386
f 1386 2076 1399
f 2076 2077 1399
f 1399 2077 1397
f 2077 2078 1397
f 1397 2078 1395
f 2078 2079 1395
f 1395 2079 1381
f 2079 2080 1381
f 1381 2080 1378
f 2080 2081 1378
f 1378 2081 1379
f 2081 2082 1379
f 1379 2082 1380
f 2082 2083 1380
f 1380 2083 1373
f 2083 2084 1373
f 1373 2084 1374
f 2084 2085 1374
f 1374 2085 1376
f 2085 2086 1376
f 1376 2086 1377
f 2086 2087 1377
f 1377 2087 1370
f 2087 2088 1370
f 1370 2088 1371
f 2088 2089 1371
f 1371 2089 1372
f 2089 2090 1372
f 1372 2090 1366
f 2090 2091 1366
f 1366 2091 1367
f 2091 2092 1367
f 1367 2092 1369
f 2092 2093 1369
f 1369 2093 1354
f 2093 2094 1354
f 1354 2094 1356
f 2094 2095 1356
f 1356 2095 1358
f 2095 2096 1358
f 1358 2096 1360
f 2096 2097 1360
f 1360 2097 1327
f 2097 2098 1327
f 1327 2098 1328
f 2098 2099 1328
f 1328 2099 1330
f 2099 2100 1330
f 1330 2100 1331
f 2100 2101 1331
f 1331 2101 1332
f 2101 2102 1332
f 1332 2102 1333
f 2102 2103 1333
f 1333 2103 1334
f 2103 2104 1334
f 1334 2104 1335
f 810 1576 811
f 1576 1575 811
f 811 1575 812
f 1575 1585 812
f 812 1585 813
f 1585 1583 813
f 813 1583 814
f 1583 1582 814
f 814 1582 815
f 1582 1588 815
f 815 1588 816
f 1588 1587 816
f 816 1587 817
f 1587 1586 817
f 817 1586 818
f 1586 1592 818
f 818 1592 808
f 1592 1591 808
f 808 1591 737
f 1591 1590 737
f 737 1590 762
f 1590 1589 762
f 762 1589 790
f 1589 1595 790
f 790 1595 791
f 1595 1594 791
f 791 1594 793
f 1594 1593 793
f 793 1593 795
f 1593 1599 795
f 795 1599 797
f 1599 1598 797
f 797 1598 799
f 1598 1597 799
f 799 1597 776
f 1597 1596 776
f 3 1321 1319
f 3 1319 13
f 1319 1317 13
f 13 1317 15
f 1317 1315 15
f 15 1315 17
f 1315 1313 17
f 17 1313 19
f 1313 1311 19
f 19 1311 21
f 1311 1309 21
f 21 1309 23
f 1309 1307 23
f 23 1307 25
f 1307 1305 25
f 25 1305 27
f 1305 1303 27
f 27 1303 29
f 1303 1301 29
f 29 1301 31
f 1301 1299 31
f 31 1299 33
f 1299 1297 33
f 33 1297 35
f 1297 1295 35
f 35 1295 37
f 1295 1293 37
f 37 1293 39
f 1293 1291 39
f 39 1291 41
f 1291 1289 41
f 41 1289 43
f 1289 1287 43
f 43 1287 45
f 1287 1285 45
f 45 1285 47
f 1285 1283 47
f 47 1283 49
f 1283 1281 49
f 49 1281 51
f 1281 1279 51
f 51 1279 53
f 1279 1277 53
f 53 1277 55
f 1277 1275 55
f 55 1275 57
f 1275 1273 57
f 57 1273 59
f 1273 1271 59
f 59 1271 61
f 1271 1269 61
f 61 1269 63
f 1269 1267 63
f 63 1267 65
f 1267 1265 65
f 65 1265 67
f 1265 1263 67
f 67 1263 69
f 1263 1261 69
f 69 1261 71
f 1261 1259 71
f 71 1259 73
f 1259 1257 73
f 73 1257 75
f 1257 1255 75
f 75 1255 77
f 1255 1253 77
f 77 1253 79
f 1253 1251 79
f 79 1251 81
f 1251 1250 81
f 81 1250 83
f 1249 1608 1250
f 1608 1584 1250
f 1250 1584 2104
f 1584 1336 2104
f 2104 1336 1335
f 719 1557 1558
f 719 1558 720
f 1558 1565 720
f 720 1565 829
f 1565 1564 829
f 829 1564 830
f 1564 1563 830
f 830 1563 832
f 1563 1562 832
f 832 1562 833
f 1562 1561 833
f 833 1561 838
f 1561 1560 838
f 838 1560 839
f 1560 1559 839
f 839 1559 834
f 1559 1568 834
f 834 1568 835
f 1568 1567 835
f 835 1567 836
f 1567 1566 836
f 836 1566 837
f 1566 1571 837
f 837 1571 824
f 1571 1570 824
f 824 1570 825
f 1570 1569 825
f 825 1569 827
f 1569 1324 827
f 827 1324 828
f 1324 1323 828
f 828 1323 821
f 1323 1574 821
f 821 1574 820
f 1574 1573 820
f 820 1573 819
f 1573 1572 819
f 819 1572 822
f 1572 1581 822
f 822 1581 823
f 1581 1580 823
f 823 1580 721
f 1580 1579 721
f 721 1579 722
f 722 1579 731
f 1579 1578 731
f 731 1578 807
f 1578 1577 807
f 807 1577 809
f 1893 1895 2105
f 1895 1753 2105
f 2105 1753 1755
f 1887 1889 2105
f 1889 1891 2105
f 2105 1891 1893
f 1881 1883 2105
f 1883 1885 2105
f 2105 1885 1887
f 1875 1877 2105
f 1877 1879 2105
f 2105 1879 1881
f 1869 1871 2105
f 1871 1873 2105
f 2105 1873 1875
f 1863 1865 2105
f 1865 1867 2105
f 2105 1867 1869
f 1857 1859 2105
f 1859 1861 2105
f 2105 1861 1863
f 1851 1853 2105
f 1853 1855 2105
f 2105 1855 1857
f 1845 1847 2105
f 1847 1849 2105
f 2105 1849 1851
f 1839 1841 2105
f 1841 1843 2105
f 2105 1843 1845
f 1833 1835 2105
f 1835 1837 2105
f 2105 1837 1839
f 1827 1829 2105
f 1829 1831 2105
f 2105 1831 1833
f 1821 1823 2105
f 1823 1825 2105
f 2105 1825 1827
f 1815 1817 2105
f 1817 1819 2105
f 2105 1819 1821
f 1809 1811 2105
f 1811 1813 2105
f 2105 1813 1815
f 1803 1805 2105
f 1805 1807 2105
f 2105 1807 1809
f 1797 1799 2105
f 1799 1801 2105
f 2105 1801 1803
f 1791 1793 2105
f 1793 1795 2105
f 2105 1795 1797
f 1785 1787 2105
f 1787 1789 2105
f 2105 1789 1791
f 1779 1781 2105
f 1781 1783 2105
f 2105 1783 1785
f 1773 1775 2105
f 1775 1777 2105
f 2105 1777 1779
f 1767 1769 2105
f 1769 1771 2105
f 2105 1771 1773
f 1761 1763 2105
f 1763 1765 2105
f 2105 1765 1767
f 1755 1757 2105
f 1757 1759 2105
f 2105 1759 1761
f 2106 1507 2107
f 1507 1506 2107
f 2107 1506 2108
f 1506 1502 2108
f 2108 1502 2109
f 1502 1501 2109
f 2109 1501 2110
f 1501 1500 2110
f 2110 1500 2111
f 1500 1387 2111
f 2111 1387 2112
f 1387 1389 2112
f 2112 1389 2113
f 1389 1391 2113
f 2113 1391 2114
f 1391 1392 2114
f 2114 1392 2115
f 1392 1412 2115
f 2115 1412 2116
f 1412 1411 2116
f 2116 1411 2117
f 1411 1404 2117
f 2117 1404 2118
f 1404 1403 2118
f 2118 1403 2119
f 1403 1402 2119
f 2119 1402 2120
f 1402 1410 2120
f 2120 1410 2121
f 1410 1409 2121
f 2121 1409 2122
f 1409 1408 2122
f 2122 1408 2123
f 1408 1415 2123
f 2123 1415 2124
f 1415 1414 2124
f 2124 1414 2125
f 1414 1413 2125
f 2125 1413 2126
f 1413 1407 2126
f 2126 1407 2127
f 1407 1406 2127
f 2127 1406 2128
f 1406 1405 2128
f 2128 1405 2129
f 1405 1385 2129
f 2129 1385 2130
f 1385 1384 2130
f 2130 1384 2131
f 1384 1401 2131
f 2131 1401 2132
f 1401 1400 2132
f 2132 1400 2133
f 1400 1398 2133
f 2133 1398 2134
f 1398 1396 2134
f 2134 1396 2135
f 1396 1394 2135
f 2135 1394 2136
f 1394 1393 2136
f 2136 1393 2137
f 1393 1383 2137
f 2137 1383 2138
f 1383 1382 2138
f 2138 1382 2139
f 1382 1518 2139
f 2139 1518 2140
f 1518 1517 2140
f 2140 1517 2141
f 1517 1516 2141
f 2141 1516 2142
f 1516 1515 2142
f 2142 1515 2143
f 1515 1514 2143
f 2143 1514 2144
f 1514 1513 2144
f 2144 1513 2145
f 1513 1512 2145
f 2145 1512 2146
f 1512 1511 2146
f 2146 1511 2147
f 1511 1510 2147
f 2147 1510 2148
f 1510 1509 2148
f 2148 1509 2149
f 1509 1353 2149
f 2149 1353 2150
f 1353 1355 2150
f 2150 1355 2151
f 1355 1357 2151
f 2151 1357 2152
f 1357 1359 2152
f 2152 1359 2153
f 1359 1361 2153
f 2153 1361 2154
f 1361 1362 2154
f 2154 1362 2155
f 1362 1349 2155
f 2155 1349 2156
f 1349 1348 2156
f 2156 1348 2157
f 1348 1347 2157
f 2157 1347 2158
f 1347 1346 2158
f 2158 1346 2159
f 1346 1365 2159
f 2159 1365 2160
f 1365 1364 2160
f 2160 1364 2161
f 1364 1363 2161
f 2161 1363 2162
f 1363 1352 2162
f 2162 1352 2163
f 1352 1351 2163
f 2163 1351 2164
f 1351 1350 2164
f 2164 1350 2165
f 1350 1345 2165
f 2165 1345 2166
f 1345 1344 2166
f 2166 1344 2167
f 1344 1343 2167
f 2167 1343 2168
f 1343 1342 2168
f 2168 1342 2169
f 1342 1341 2169
f 2169 1341 2170
f 1341 1340 2170
f 2170 1340 2171
f 1340 1339 2171
f 2171 1339 2172
f 1339 1338 2172
f 2172 1338 2173
f 1338 1337 2173
f 2173 1337 2174
f 1337 1505 2174
f 2174 1505 2175
f 1505 1504 2175
f 2175 1504 2176
f 1504 1503 2176
f 2176 1503 2177
f 1503 1508 2177
f 2177 1508 2106
f 1508 1507 2106
f 719 718 1557
f 718 1519 1557
f 2178 2179 632
f 1105 1103 675
f 2180 2181 632
f 2182 2183 699
f 2180 632 2184
f 2181 2185 632
f 2185 2186 632
f 632 2186 2178
f 699 2183 701
f 2187 2188 2189
f 2188 2190 2189
f 2189 2190 2191
f 2179 2192 632
f 2192 2193 632
f 632 2193 2194
f 703 2195 705
f 2195 2196 705
f 2184 632 2197
f 632 714 2197
f 2197 714 2198
f 714 713 2198
f 2198 713 2199
f 2194 2200 632
f 2200 2201 632
f 632 2201 2189
f 2201 2202 2189
f 2189 2202 2187
f 2183 2203 701
f 2203 2204 701
f 701 2204 703
f 2204 2205 703
f 703 2205 2195
f 2196 2206 705
f 2206 2207 705
f 705 2207 707
f 2207 2208 707
f 707 2208 2209
f 2189 1169 1167
f 2210 2211 711
f 2211 2212 711
f 711 2212 713
f 2212 2213 713
f 713 2213 2199
f 1239 1237 677
f 1237 1235 677
f 677 1235 679
f 1175 1173 2189
f 1173 1171 2189
f 2189 1171 1169
f 1103 1245 675
f 1245 1243 675
f 675 1243 677
f 1243 1241 677
f 677 1241 1239
f 1235 1233 679
f 1233 1231 679
f 679 1231 1229
f 2191 2214 2189
f 2214 2215 2189
f 2189 2215 2216
f 673 1115 1113
f 2209 2217 707
f 2217 2218 707
f 707 2218 709
f 2218 2219 709
f 1205 1203 2220
f 1203 1201 2220
f 2220 1201 1199
f 1189 1187 2221
f 1187 1185 2221
f 2221 1185 2222
f 2182 699 2223
f 699 697 2223
f 2223 697 2224
f 697 695 2224
f 2224 695 2225
f 695 693 2225
f 2225 693 2226
f 693 691 2226
f 2226 691 2227
f 691 689 2227
f 2227 689 2228
f 689 687 2228
f 2228 687 2229
f 687 685 2229
f 2229 685 2230
f 685 683 2230
f 2230 683 2231
f 1183 1181 2216
f 1181 1179 2216
f 2216 1179 2189
f 1179 1177 2189
f 2189 1177 1175
f 1113 1111 673
f 1111 1109 673
f 673 1109 675
f 1109 1107 675
f 675 1107 1105
f 2219 2232 709
f 2232 2233 709
f 709 2233 711
f 2233 2234 711
f 711 2234 2210
f 1199 1197 2220
f 1197 1195 2220
f 2220 1195 2235
f 1195 1193 2235
f 2235 1193 2221
f 1193 1191 2221
f 2221 1191 1189
f 1229 1227 679
f 1227 1225 679
f 679 1225 1223
f 679 1217 1215
f 1115 673 1117
f 673 671 1117
f 1117 671 1119
f 1211 1209 2220
f 1209 1207 2220
f 2220 1207 1205
f 2236 2237 1185
f 2238 2239 1185
f 2239 2240 1185
f 1185 2240 2222
f 1223 1221 679
f 1221 1219 679
f 679 1219 1217
f 1167 1165 2189
f 1165 1163 2189
f 2189 1163 1161
f 1161 1159 2189
f 1159 1157 2189
f 2189 1157 1155
f 1155 1153 2189
f 1153 1151 2189
f 2189 1151 1149
f 1183 2216 1185
f 2216 2241 1185
f 1185 2241 2236
f 2237 2242 1185
f 2242 2243 1185
f 1185 2243 2244
f 683 681 2231
f 681 679 2231
f 2231 679 2245
f 679 1215 2245
f 2245 1215 2220
f 1215 1213 2220
f 2220 1213 1211
f 1127 669 1129
f 669 1131 1129
f 1139 1137 669
f 1127 1125 669
f 1125 1123 669
f 669 1123 671
f 1123 1121 671
f 671 1121 1119
f 1139 669 1141
f 1137 1135 669
f 1135 1133 669
f 669 1133 1131
f 2244 2246 1185
f 2246 2247 1185
f 1185 2247 2248
f 2248 2249 1185
f 2249 2250 1185
f 1185 2250 2238
f 1149 1147 2189
f 1147 1145 2189
f 2189 1145 669
f 1145 1143 669
f 669 1143 1141
f 2251 2252 2189
f 2252 2253 2189
f 2189 2253 2254
f 2255 2256 662
f 2256 2257 662
f 662 2257 664
f 2257 2258 664
f 646 644 2189
f 2254 2259 2189
f 2259 2260 2189
f 2189 2260 646
f 2260 2261 646
f 646 2261 2262
f 2255 662 2263
f 662 660 2263
f 2263 660 2264
f 2265 666 2266
f 666 664 2266
f 2266 664 2267
f 664 2258 2267
f 2265 2268 666
f 2268 2269 666
f 666 2269 667
f 644 642 2189
f 642 640 2189
f 2189 640 638
f 2270 2271 2189
f 2271 2272 2189
f 2189 2272 2251
f 638 636 2189
f 636 634 2189
f 2189 634 632
f 2262 2273 646
f 2273 2274 646
f 646 2274 2275
f 2264 660 2276
f 660 658 2276
f 2276 658 2277
f 2278 2279 605
f 2280 2281 2189
f 2282 2283 2189
f 2283 2284 2189
f 2189 2284 2270
f 2275 2285 646
f 2285 2286 646
f 646 2286 2287
f 2288 2289 2189
f 2281 2290 2189
f 2290 2291 2189
f 2189 2291 2282
f 2289 2292 2189
f 2292 2293 2189
f 2189 2293 2280
f 2287 2294 646
f 2294 2295 646
f 646 2295 2296
f 656 2297 658
f 2297 2298 658
f 658 2298 2277
f 2269 2299 667
f 2299 2300 667
f 667 2300 605
f 2300 2301 605
f 605 2301 2278
f 2296 2302 646
f 2302 2303 646
f 646 2303 2304
f 652 2305 654
f 2305 2306 654
f 654 2306 656
f 2306 2307 656
f 656 2307 2297
f 2279 2308 605
f 2308 2309 605
f 605 2309 2310
f 2310 2311 605
f 2311 2312 605
f 605 2312 2313
f 605 2314 2189
f 2314 2315 2189
f 2189 2315 2288
f 2304 2316 646
f 2316 2317 646
f 646 2317 648
f 2317 2318 648
f 648 2318 650
f 2318 2319 650
f 650 2319 652
f 2319 2320 652
f 652 2320 2305
f 2313 2321 605
f 2321 2322 605
f 605 2322 2314
f 1848 1846 605
f 1770 1768 568
f 1754 1896 2189
f 1896 1894 2189
f 1768 1766 568
f 1766 1764 568
f 568 1764 1762
f 1762 1760 568
f 1760 1758 568
f 568 1758 2189
f 1758 1756 2189
f 2189 1756 1754
f 1894 1892 2189
f 1892 1890 2189
f 2189 1890 1888
f 1780 1778 568
f 1778 1776 568
f 1846 1844 605
f 1844 1842 605
f 605 1842 1840
f 609 1830 611
f 1830 1828 611
f 611 1828 613
f 619 617 1814
f 1814 1812 619
f 1812 1810 619
f 619 1810 621
f 1810 1808 621
f 1776 1774 568
f 1774 1772 568
f 568 1772 1770
f 1888 1886 2189
f 1886 1884 2189
f 2189 1884 1882
f 1882 1880 2189
f 1880 1878 2189
f 2189 1878 1876
f 1876 1874 2189
f 1874 1872 2189
f 2189 1872 1870
f 1856 1854 605
f 1840 1838 605
f 1838 1836 605
f 605 1836 607
f 1836 1834 607
f 607 1834 609
f 1834 1832 609
f 609 1832 1830
f 1828 1826 613
f 1826 1824 613
f 613 1824 615
f 1824 1822 615
f 1822 1820 615
f 1820 1818 615
f 615 1818 617
f 1818 1816 617
f 617 1816 1814
f 1808 1806 621
f 1806 1804 621
f 621 1804 623
f 1798 625 1800
f 625 623 1800
f 1800 623 1802
f 623 1804 1802
f 629 627 1790
f 1854 1852 605
f 1852 1850 605
f 605 1850 1848
f 1790 1788 629
f 1788 1786 629
f 629 1786 630
f 1786 1784 630
f 630 1784 568
f 1784 1782 568
f 568 1782 1780
f 1798 1796 625
f 1796 1794 625
f 625 1794 627
f 1794 1792 627
f 627 1792 1790
f 1870 1868 2189
f 1868 1866 2189
f 2189 1866 1864
f 1864 1862 2189
f 1862 1860 2189
f 2189 1860 605
f 1860 1858 605
f 605 1858 1856
f 2323 2324 568
f 2325 2326 2189
f 586 584 2327
f 2328 2329 669
f 580 2330 2331
f 2327 2332 586
f 2332 2333 586
f 586 2333 588
f 2333 2334 588
f 588 2334 590
f 2334 2335 590
f 590 2335 592
f 2335 2336 592
f 592 2336 594
f 2336 2337 594
f 594 2337 596
f 2337 2338 596
f 596 2338 598
f 2338 2339 598
f 598 2339 600
f 2339 2340 600
f 600 2340 602
f 2340 2341 602
f 602 2341 668
f 2341 2342 668
f 668 2342 669
f 2342 2343 669
f 669 2343 2328
f 2326 2344 2189
f 2344 2345 2189
f 2189 2345 2346
f 2324 2347 568
f 2347 2348 568
f 568 2348 2349
f 580 2331 582
f 2346 2350 2189
f 2350 2351 2189
f 2189 2351 2352
f 2349 2353 568
f 2353 2354 568
f 568 2354 2355
f 2355 2356 568
f 2356 2357 568
f 568 2357 570
f 2357 2358 570
f 570 2358 572
f 2358 2359 572
f 2331 2360 582
f 2360 2361 582
f 582 2361 584
f 2361 2362 584
f 584 2362 2327
f 2329 2363 669
f 2363 2364 669
f 669 2364 2365
f 2352 2366 2189
f 2366 2367 2189
f 2189 2367 568
f 2367 2368 568
f 568 2368 2323
f 2359 2369 572
f 2369 2370 572
f 572 2370 574
f 2370 2371 574
f 574 2371 2372
f 2373 2374 578
f 2374 2375 578
f 578 2375 580
f 2375 2376 580
f 580 2376 2330
f 2377 2378 2189
f 2378 2379 2189
f 2189 2379 2325
f 2365 2380 669
f 2380 2381 669
f 669 2381 2189
f 2381 2382 2189
f 2189 2382 2383
f 2383 2384 2189
f 2384 2385 2189
f 2189 2385 2386
f 2386 2387 2189
f 2387 2388 2189
f 2189 2388 2377
f 2372 2389 574
f 2389 2390 574
f 574 2390 576
f 2390 2391 576
f 2391 2392 576
f 2392 2393 576
f 576 2393 578
f 2393 2394 578
f 578 2394 2373
f 1101 1554 856
f 1554 1543 856
f 856 1543 855
f 1543 1542 855
f 855 1542 854
f 1542 1541 854
f 854 1541 857
f 1541 1540 857
f 857 1540 858
f 1540 1553 858
f 858 1553 851
f 1553 1552 851
f 851 1552 852
f 1552 1535 852
f 852 1535 853
f 1535 1534 853
f 853 1534 847
f 1534 1533 847
f 847 1533 848
f 1533 1525 848
f 848 1525 849
f 1525 1524 849
f 849 1524 850
f 1524 1530 850
f 850 1530 843
f 1530 1529 843
f 843 1529 844
f 1529 1523 844
f 844 1523 845
f 1523 1522 845
f 845 1522 846
f 1522 1521 846
f 846 1521 842
f 1521 1520 842
f 842 1520 718
f 1520 1519 718
f 83 1250 88
f 1250 2104 88
f 2395 2396 2397
f 2396 2398 2397
f 2397 2398 2399
f 2400 2401 2397
f 2401 2402 2397
f 2397 2402 2395
f 2403 2404 2397
f 2404 2405 2397
f 2397 2405 2400
f 2406 2407 2397
f 2407 2408 2397
f 2397 2408 2403
f 2409 2410 2397
f 2410 2411 2397
f 2397 2411 2406
f 2412 2413 2397
f 2413 2414 2397
f 2397 2414 2409
f 2415 2416 2397
f 2416 2417 2397
f 2397 2417 2412
f 2418 2419 2397
f 2419 2420 2397
f 2397 2420 2415
f 2421 2422 2397
f 2422 2423 2397
f 2397 2423 2418
f 2424 2425 2397
f 2425 2426 2397
f 2397 2426 2421
f 2427 2428 2397
f 2428 2429 2397
f 2397 2429 2424
f 2430 2431 2397
f 2431 2432 2397
f 2397 2432 2427
f 2433 2434 2397
f 2434 2435 2397
f 2397 2435 2430
f 2436 2437 2397
f 2437 2438 2397
f 2397 2438 2433
f 2439 2440 2397
f 2440 2441 2397
f 2397 2441 2436
f 2442 2443 2397
f 2443 2444 2397
f 2397 2444 2439
f 2445 2446 2397
f 2446 2447 2397
f 2397 2447 2442
f 2448 2449 2397
f 2449 2450 2397
f 2397 2450 2445
f 2451 2452 2397
f 2452 2453 2397
f 2397 2453 2448
f 2454 2455 2397
f 2455 2456 2397
f 2397 2456 2451
f 2457 2458 2397
f 2458 2459 2397
f 2397 2459 2454
f 2460 2461 2397
f 2461 2462 2397
f 2397 2462 2457
f 2463 2464 2397
f 2464 2465 2397
f 2397 2465 2460
f 2399 2466 2397
f 2466 2467 2397
f 2397 2467 2463
f 88 2104 2103
f 121 123 11
f 125 7 123
f 7 12 123
f 123 12 11
f 127 9 125
f 9 8 125
f 125 8 7
f 129 5 127
f 5 4 127
f 127 4 9
f 91 205 207
f 209 93 207
f 93 92 207
f 207 92 91
f 211 89 209
f 89 94 209
f 209 94 93
f 1979 86 211
f 86 85 211
f 211 85 89
f 211 213 1979
f 213 215 1979
f 1979 215 1980
f 215 217 1980
f 1980 217 1981
f 217 219 1981
f 1981 219 1984
f 219 221 1984
f 1984 221 1985
f 221 223 1985
f 1985 223 1986
f 223 225 1986
f 1986 225 1995
f 225 227 1995
f 1995 227 1996
f 227 229 1996
f 1996 229 1997
f 229 231 1997
f 1997 231 1998
f 231 233 1998
f 1998 233 1999
f 233 235 1999
f 1999 235 2000
f 235 237 2000
f 2000 237 2022
f 237 95 2022
f 2022 95 2020
f 95 97 2020
f 2020 97 2007
f 97 99 2007
f 2007 99 1989
f 99 101 1989
f 1989 101 1972
f 101 103 1972
f 1972 103 1970
f 103 105 1970
f 1970 105 1971
f 105 107 1971
f 1971 107 1973
f 107 109 1973
f 1973 109 1974
f 109 111 1974
f 1974 111 1975
f 111 113 1975
f 1975 113 1976
f 113 115 1976
f 1976 115 1977
f 115 117 1977
f 1977 117 1978
f 117 119 1978
f 1978 119 1982
f 119 121 1982
f 1982 121 1983
f 121 11 1983
f 91 90 205
f 90 87 205
f 205 87 203
f 87 88 203
f 203 88 201
f 2069 1897 2
f 88 2103 201
f 2103 2102 201
f 201 2102 199
f 2102 2101 199
f 199 2101 197
f 2101 2100 197
f 197 2100 195
f 2100 2099 195
f 195 2099 193
f 2099 2098 193
f 193 2098 191
f 2098 2097 191
f 191 2097 189
f 2097 2096 189
f 189 2096 187
f 2096 2095 187
f 187 2095 185
f 2095 2094 185
f 185 2094 183
f 2094 2093 183
f 183 2093 181
f 2093 2092 181
f 181 2092 179
f 2092 2091 179
f 179 2091 177
f 2091 2090 177
f 177 2090 175
f 2090 2089 175
f 175 2089 173
f 2089 2088 173
f 173 2088 171
f 2088 2087 171
f 171 2087 169
f 2087 2086 169
f 169 2086 167
f 2086 2085 167
f 167 2085 165
f 2085 2084 165
f 165 2084 163
f 2084 2083 163
f 163 2083 161
f 2083 2082 161
f 161 2082 159
f 2082 2081 159
f 159 2081 157
f 2081 2080 157
f 157 2080 155
f 2080 2079 155
f 155 2079 153
f 2079 2078 153
f 153 2078 151
f 2078 2077 151
f 151 2077 149
f 2077 2076 149
f 149 2076 147
f 2076 2075 147
f 147 2075 145
f 2075 2074 145
f 145 2074 143
f 2074 2073 143
f 143 2073 141
f 2073 2072 141
f 141 2072 139
f 2072 2071 139
f 139 2071 137
f 2071 2070 137
f 137 2070 135
f 2070 2069 135
f 135 2069 133
f 2069 2 133
f 133 2 131
f 2 1 131
f 131 1 129
f 1 6 129
f 129 6 5
f 2398 887 2399
f 887 895 2399
f 2399 895 2466
f 895 894 2466
f 2466 894 2467
f 894 886 2467
f 2467 886 2463
f 886 885 2463
f 2463 885 2464
f 885 884 2464
f 2464 884 2465
f 884 883 2465
f 2465 883 2460
f 883 924 2460
f 2460 924 2461
f 924 923 2461
f 2461 923 2462
f 923 922 2462
f 2462 922 2457
f 922 921 2457
f 2457 921 2458
f 921 920 2458
f 2458 920 2459
f 920 911 2459
f 2459 911 2454
f 911 910 2454
f 2454 910 2455
f 910 928 2455
f 2455 928 2456
f 928 927 2456
f 2456 927 2451
f 927 919 2451
f 2451 919 2452
f 919 918 2452
f 2452 918 2453
f 918 942 2453
f 2453 942 2448
f 942 941 2448
f 2448 941 2449
f 941 940 2449
f 2449 940 2450
f 940 936 2450
f 2450 936 2445
f 936 935 2445
f 2445 935 2446
f 935 934 2446
f 2446 934 2447
f 934 933 2447
f 2447 933 2442
f 933 932 2442
f 2442 932 2443
f 932 931 2443
f 2443 931 2444
f 931 917 2444
f 2444 917 2439
f 917 916 2439
f 2439 916 2440
f 916 915 2440
f 2440 915 2441
f 915 909 2441
f 2441 909 2436
f 909 908 2436
f 2436 908 2437
f 908 907 2437
f 2437 907 2438
f 907 898 2438
f 2438 898 2433
f 898 897 2433
f 2433 897 2434
f 897 896 2434
f 2434 896 2435
f 896 893 2435
f 2435 893 2430
f 893 892 2430
f 2430 892 2431
f 892 906 2431
f 2431 906 2432
f 906 905 2432
f 2432 905 2427
f 905 904 2427
f 2427 904 2428
f 904 900 2428
f 2428 900 2429
f 900 899 2429
f 2429 899 2424
f 899 930 2424
f 2424 930 2425
f 930 929 2425
f 2425 929 2426
f 929 926 2426
f 2426 926 2421
f 926 925 2421
f 2421 925 2422
f 925 939 2422
f 2422 939 2423
f 939 938 2423
f 2423 938 2418
f 938 937 2418
f 2418 937 2419
f 937 951 2419
f 2419 951 2420
f 951 950 2420
f 2420 950 2415
f 950 949 2415
f 2415 949 2416
f 949 954 2416
f 2416 954 2417
f 954 953 2417
f 2417 953 2412
f 953 952 2412
f 2412 952 2413
f 952 948 2413
f 2413 948 2414
f 948 947 2414
f 2414 947 2409
f 947 946 2409
f 2409 946 2410
f 946 945 2410
f 2410 945 2411
f 945 944 2411
f 2411 944 2406
f 944 943 2406
f 2406 943 2407
f 943 914 2407
f 2407 914 2408
f 914 913 2408
f 2408 913 2403
f 913 912 2403
f 2403 912 2404
f 912 903 2404
f 2404 903 2405
f 903 902 2405
f 2405 902 2400
f 902 901 2400
f 2400 901 2401
f 901 891 2401
f 2401 891 2402
f 891 890 2402
f 2402 890 2395
f 890 889 2395
f 2395 889 2396
f 889 888 2396
f 2396 888 2398
f 888 887 2398
f 2 1897 3
f 1897 1321 3
f 810 809 1576
f 809 1577 1576
f 1436 2253 1437
f 2253 2252 1437
f 1437 2252 1438
f 2252 2251 1438
f 1438 2251 1439
f 2251 2272 1439
f 1439 2272 1440
f 2272 2271 1440
f 1440 2271 1441
f 2271 2270 1441
f 1441 2270 1449
f 2270 2284 1449
f 1449 2284 1450
f 2284 2283 1450
f 1450 2283 1451
f 2283 2282 1451
f 1451 2282 1455
f 2282 2291 1455
f 1455 2291 1456
f 2291 2290 1456
f 1456 2290 1457
f 2290 2281 1457
f 1457 2281 1460
f 2281 2280 1460
f 1460 2280 1461
f 2280 2293 1461
f 1461 2293 1462
f 2293 2292 1462
f 1462 2292 1490
f 2292 2289 1490
f 1490 2289 1491
f 2289 2288 1491
f 1491 2288 1492
f 2288 2315 1492
f 1492 2315 1496
f 2315 2314 1496
f 1496 2314 1497
f 2314 2322 1497
f 1497 2322 1498
f 2322 2321 1498
f 1498 2321 1474
f 2321 2313 1474
f 1474 2313 1475
f 2313 2312 1475
f 1475 2312 1482
f 2312 2311 1482
f 1482 2311 1483
f 2311 2310 1483
f 1483 2310 1484
f 2310 2309 1484
f 1484 2309 1485
f 2309 2308 1485
f 1485 2308 1486
f 2308 2279 1486
f 1486 2279 1463
f 2279 2278 1463
f 1463 2278 1464
f 2278 2301 1464
f 1464 2301 1465
f 2301 2300 1465
f 1465 2300 1442
f 2300 2299 1442
f 1442 2299 1443
f 2299 2269 1443
f 1443 2269 1444
f 2269 2268 1444
f 1444 2268 1445
f 2268 2265 1445
f 1445 2265 1427
f 2265 2266 1427
f 1427 2266 1428
f 2266 2267 1428
f 1428 2267 1429
f 2267 2258 1429
f 1429 2258 1430
f 2258 2257 1430
f 1430 2257 1446
f 2257 2256 1446
f 1446 2256 1447
f 2256 2255 1447
f 1447 2255 1448
f 2255 2263 1448
f 1448 2263 1452
f 2263 2264 1452
f 1452 2264 1453
f 2264 2276 1453
f 1453 2276 1454
f 2276 2277 1454
f 1454 2277 1466
f 2277 2298 1466
f 1466 2298 1467
f 2298 2297 1467
f 1467 2297 1468
f 2297 2307 1468
f 1468 2307 1476
f 2307 2306 1476
f 1476 2306 1477
f 2306 2305 1477
f 1477 2305 1478
f 2305 2320 1478
f 1478 2320 1493
f 2320 2319 1493
f 1493 2319 1494
f 2319 2318 1494
f 1494 2318 1495
f 2318 2317 1495
f 1495 2317 1487
f 2317 2316 1487
f 1487 2316 1488
f 2316 2304 1488
f 1488 2304 1489
f 2304 2303 1489
f 1489 2303 1479
f 2303 2302 1479
f 1479 2302 1480
f 2302 2296 1480
f 1480 2296 1481
f 2296 2295 1481
f 1481 2295 1458
f 2295 2294 1458
f 1458 2294 1459
f 2294 2287 1459
f 1459 2287 1469
f 2287 2286 1469
f 1469 2286 1470
f 2286 2285 1470
f 1470 2285 1471
f 2285 2275 1471
f 1471 2275 1472
f 2275 2274 1472
f 1472 2274 1473
f 2274 2273 1473
f 1473 2273 1431
f 2273 2262 1431
f 1431 2262 1432
f 2262 2261 1432
f 1432 2261 1433
f 2261 2260 1433
f 1433 2260 1434
f 2260 2259 1434
f 1434 2259 1435
f 2259 2254 1435
f 1435 2254 1436
f 2254 2253 1436
f 1643 2336 1623
f 2336 2335 1623
f 1623 2335 1624
f 2335 2334 1624
f 1624 2334 1625
f 2334 2333 1625
f 1625 2333 1609
f 2333 2332 1609
f 1609 2332 1610
f 2332 2327 1610
f 1610 2327 1644
f 2327 2362 1644
f 1644 2362 1645
f 2362 2361 1645
f 1645 2361 1628
f 2361 2360 1628
f 1628 2360 1627
f 2360 2331 1627
f 1627 2331 1626
f 2331 2330 1626
f 1626 2330 1657
f 2330 2376 1657
f 1657 2376 1658
f 2376 2375 1658
f 1658 2375 1659
f 2375 2374 1659
f 1659 2374 1675
f 2374 2373 1675
f 1675 2373 1676
f 2373 2394 1676
f 1676 2394 1677
f 2394 2393 1677
f 1677 2393 1678
f 2393 2392 1678
f 1678 2392 1679
f 2392 2391 1679
f 1679 2391 1680
f 2391 2390 1680
f 1680 2390 1665
f 2390 2389 1665
f 1665 2389 1666
f 2389 2372 1666
f 1666 2372 1667
f 2372 2371 1667
f 1667 2371 1629
f 2371 2370 1629
f 1629 2370 1630
f 2370 2369 1630
f 1630 2369 1646
f 2369 2359 1646
f 1646 2359 1647
f 2359 2358 1647
f 1647 2358 1631
f 2358 2357 1631
f 1631 2357 1632
f 2357 2356 1632
f 1632 2356 1633
f 2356 2355 1633
f 1633 2355 1660
f 2355 2354 1660
f 1660 2354 1661
f 2354 2353 1661
f 1661 2353 1634
f 2353 2349 1634
f 1634 2349 1635
f 2349 2348 1635
f 1635 2348 1648
f 2348 2347 1648
f 1648 2347 1649
f 2347 2324 1649
f 1649 2324 1650
f 2324 2323 1650
f 1650 2323 1636
f 2323 2368 1636
f 1636 2368 1637
f 2368 2367 1637
f 1637 2367 1638
f 2367 2366 1638
f 1638 2366 1617
f 2366 2352 1617
f 1617 2352 1618
f 2352 2351 1618
f 1618 2351 1639
f 2351 2350 1639
f 1639 2350 1640
f 2350 2346 1640
f 1640 2346 1619
f 2346 2345 1619
f 1619 2345 1620
f 2345 2344 1620
f 1620 2344 1621
f 2344 2326 1621
f 1621 2326 1622
f 2326 2325 1622
f 1622 2325 1662
f 2325 2379 1662
f 1662 2379 1663
f 2379 2378 1663
f 1663 2378 1664
f 2378 2377 1664
f 1664 2377 1668
f 2377 2388 1668
f 1668 2388 1669
f 2388 2387 1669
f 1669 2387 1670
f 2387 2386 1670
f 1670 2386 1671
f 2386 2385 1671
f 1671 2385 1672
f 2385 2384 1672
f 1672 2384 1673
f 2384 2383 1673
f 1673 2383 1674
f 2383 2382 1674
f 1674 2382 1651
f 2382 2381 1651
f 1651 2381 1652
f 2381 2380 1652
f 1652 2380 1653
f 2380 2365 1653
f 1653 2365 1654
f 2365 2364 1654
f 1654 2364 1655
f 2364 2363 1655
f 1655 2363 1656
f 2363 2329 1656
f 1656 2329 1611
f 2329 2328 1611
f 1611 2328 1612
f 2328 2343 1612
f 1612 2343 1613
f 2343 2342 1613
f 1613 2342 1614
f 2342 2341 1614
f 1614 2341 1615
f 2341 2340 1615
f 1615 2340 1616
f 2340 2339 1616
f 1616 2339 1641
f 2339 2338 1641
f 1641 2338 1642
f 2338 2337 1642
f 1642 2337 1643
f 2337 2336 1643
f 1099 859 1555
f 1099 1555 1100
f 1555 1554 1100
f 1100 1554 1101
f 1713 2225 1695
f 2225 2226 1695
f 1695 2226 1696
f 2226 2227 1696
f 1696 2227 1704
f 2227 2228 1704
f 1704 2228 1705
f 2228 2229 1705
f 1705 2229 1706
f 2229 2230 1706
f 1706 2230 1714
f 2230 2231 1714
f 1714 2231 1715
f 2231 2245 1715
f 1715 2245 1716
f 2245 2220 1716
f 1716 2220 1724
f 2220 2235 1724
f 1724 2235 1725
f 2235 2221 1725
f 1725 2221 1726
f 2221 2222 1726
f 1726 2222 1733
f 2222 2240 1733
f 1733 2240 1734
f 2240 2239 1734
f 1734 2239 1735
f 2239 2238 1735
f 1735 2238 1746
f 2238 2250 1746
f 1746 2250 1747
f 2250 2249 1747
f 1747 2249 1748
f 2249 2248 1748
f 1748 2248 1749
f 2248 2247 1749
f 1749 2247 1750
f 2247 2246 1750
f 1750 2246 1751
f 2246 2244 1751
f 1751 2244 1752
f 2244 2243 1752
f 1752 2243 1739
f 2243 2242 1739
f 1739 2242 1740
f 2242 2237 1740
f 1740 2237 1741
f 2237 2236 1741
f 1741 2236 1742
f 2236 2241 1742
f 1742 2241 1697
f 2241 2216 1697
f 1697 2216 1698
f 2216 2215 1698
f 1698 2215 1707
f 2215 2214 1707
f 1707 2214 1708
f 2214 2191 1708
f 1708 2191 1681
f 2191 2190 1681
f 1681 2190 1682
f 2190 2188 1682
f 1682 2188 1686
f 2188 2187 1686
f 1686 2187 1687
f 2187 2202 1687
f 1687 2202 1688
f 2202 2201 1688
f 1688 2201 1689
f 2201 2200 1689
f 1689 2200 1690
f 2200 2194 1690
f 1690 2194 1691
f 2194 2193 1691
f 1691 2193 1683
f 2193 2192 1683
f 1683 2192 1684
f 2192 2179 1684
f 1684 2179 1685
f 2179 2178 1685
f 1685 2178 1692
f 2178 2186 1692
f 1692 2186 1693
f 2186 2185 1693
f 1693 2185 1694
f 2185 2181 1694
f 1694 2181 1699
f 2181 2180 1699
f 1699 2180 1700
f 2180 2184 1700
f 1700 2184 1701
f 2184 2197 1701
f 1701 2197 1727
f 2197 2198 1727
f 1727 2198 1728
f 2198 2199 1728
f 1728 2199 1729
f 2199 2213 1729
f 1729 2213 1736
f 2213 2212 1736
f 1736 2212 1737
f 2212 2211 1737
f 1737 2211 1738
f 2211 2210 1738
f 1738 2210 1743
f 2210 2234 1743
f 1743 2234 1744
f 2234 2233 1744
f 1744 2233 1745
f 2233 2232 1745
f 1745 2232 1730
f 2232 2219 1730
f 1730 2219 1717
f 2219 2218 1717
f 1717 2218 1718
f 2218 2217 1718
f 1718 2217 1731
f 2217 2209 1731
f 1731 2209 1732
f 2209 2208 1732
f 1732 2208 1709
f 2208 2207 1709
f 1709 2207 1710
f 2207 2206 1710
f 1710 2206 1719
f 2206 2196 1719
f 1719 2196 1720
f 2196 2195 1720
f 1720 2195 1721
f 2195 2205 1721
f 1721 2205 1722
f 2205 2204 1722
f 1722 2204 1723
f 2204 2203 1723
f 1723 2203 1702
f 2203 2183 1702
f 1702 2183 1703
f 2183 2182 1703
f 1703 2182 1711
f 2182 2223 1711
f 1711 2223 1712
f 2223 2224 1712
f 1712 2224 1713
f 2224 2225 1713
f 529 879 530
f 879 725 530
f 530 725 1596
f 725 776 1596
f 672 2006 670
f 2006 2005 670
f 670 2005 603
f 2005 2004 603
f 603 2004 601
f 2004 2011 601
f 601 2011 599
f 2011 2010 599
f 599 2010 597
f 2010 1994 597
f 597 1994 595
f 1994 1993 595
f 595 1993 593
f 1993 1992 593
f 593 1992 591
f 1992 1991 591
f 591 1991 589
f 1991 1990 589
f 589 1990 587
f 1990 1988 587
f 587 1988 585
f 1988 1987 585
f 585 1987 583
f 1987 2003 583
f 583 2003 581
f 2003 2009 581
f 581 2009 579
f 2009 2008 579
f 579 2008 577
f 2008 2002 577
f 577 2002 575
f 2002 2001 575
f 575 2001 573
f 2001 2068 573
f 573 2068 571
f 2068 2067 571
f 571 2067 569
f 2067 2066 569
f 569 2066 567
f 2066 2065 567
f 567 2065 628
f 2065 2064 628
f 628 2064 626
f 2064 2063 626
f 626 2063 624
f 2063 2062 624
f 624 2062 622
f 2062 2061 622
f 622 2061 620
f 2061 2060 620
f 620 2060 618
f 2060 2059 618
f 618 2059 616
f 2059 2058 616
f 616 2058 614
f 2058 2057 614
f 614 2057 612
f 2057 2056 612
f 612 2056 610
f 2056 2055 610
f 610 2055 608
f 2055 2054 608
f 608 2054 606
f 2054 2053 606
f 606 2053 604
f 2053 2052 604
f 604 2052 665
f 2052 2051 665
f 665 2051 663
f 2051 2050 663
f 663 2050 661
f 2050 2049 661
f 661 2049 659
f 2049 2048 659
f 659 2048 657
f 2048 2047 657
f 657 2047 655
f 2047 2046 655
f 655 2046 653
f 2046 2045 653
f 653 2045 651
f 2045 2044 651
f 651 2044 649
f 2044 2043 649
f 649 2043 647
f 2043 2042 647
f 647 2042 645
f 2042 2041 645
f 645 2041 643
f 2041 2040 643
f 643 2040 641
f 2040 2039 641
f 641 2039 639
f 2039 2038 639
f 639 2038 637
f 2038 2037 637
f 637 2037 635
f 2037 2036 635
f 635 2036 633
f 2036 2035 633
f 633 2035 631
f 2035 2034 631
f 631 2034 712
f 2034 2033 712
f 712 2033 710
f 2033 2032 710
f 710 2032 708
f 2032 2031 708
f 708 2031 706
f 2031 2025 706
f 706 2025 704
f 2025 2026 704
f 704 2026 702
f 2026 2027 702
f 702 2027 700
f 2027 2030 700
f 700 2030 698
f 2030 2029 698
f 698 2029 696
f 2029 2028 696
f 696 2028 694
f 2028 2019 694
f 694 2019 692
f 2019 2018 692
f 692 2018 690
f 2018 2017 690
f 690 2017 688
f 2017 2016 688
f 688 2016 686
f 2016 2015 686
f 686 2015 684
f 2015 2014 684
f 684 2014 682
f 2014 2013 682
f 682 2013 680
f 2013 2012 680
f 680 2012 678
f 2012 2024 678
f 678 2024 676
f 2024 2023 676
f 676 2023 674
f 2023 2021 674
f 674 2021 672
f 2021 2006 672
f 1968 1969 2468
f 1969 1898 2468
f 2468 1898 1899
f 1965 1966 2468
f 1966 1967 2468
f 2468 1967 1968
f 1962 1963 2468
f 1963 1964 2468
f 2468 1964 1965
f 1959 1960 2468
f 1960 1961 2468
f 2468 1961 1962
f 1956 1957 2468
f 1957 1958 2468
f 2468 1958 1959
f 1953 1954 2468
f 1954 1955 2468
f 2468 1955 1956
f 1950 1951 2468
f 1951 1952 2468
f 2468 1952 1953
f 1947 1948 2468
f 1948 1949 2468
f 2468 1949 1950
f 1944 1945 2468
f 1945 1946 2468
f 2468 1946 1947
f 1941 1942 2468
f 1942 1943 2468
f 2468 1943 1944
f 1938 1939 2468
f 1939 1940 2468
f 2468 1940 1941
f 1935 1936 2468
f 1936 1937 2468
f 2468 1937 1938
f 1932 1933 2468
f 1933 1934 2468
f 2468 1934 1935
f 1929 1930 2468
f 1930 1931 2468
f 2468 1931 1932
f 1926 1927 2468
f 1927 1928 2468
f 2468 1928 1929
f 1923 1924 2468
f 1924 1925 2468
f 2468 1925 1926
f 1920 1921 2468
f 1921 1922 2468
f 2468 1922 1923
f 1917 1918 2468
f 1918 1919 2468
f 2468 1919 1920
f 1914 1915 2468
f 1915 1916 2468
f 2468 1916 1917
f 1911 1912 2468
f 1912 1913 2468
f 2468 1913 1914
f 1908 1909 2468
f 1909 1910 2468
f 2468 1910 1911
f 1905 1906 2468
f 1906 1907 2468
f 2468 1907 1908
f 1902 1903 2468
f 1903 1904 2468
f 2468 1904 1905
f 1899 1900 2468
f 1900 1901 2468
f 2468 1901 1902
f 2128 138 2127
f 138 136 2127
f 2127 136 2126
f 136 134 2126
f 2126 134 2125
f 134 132 2125
f 2125 132 2124
f 132 130 2124
f 2124 130 2123
f 130 128 2123
f 2123 128 2122
f 128 126 2122
f 2122 126 2121
f 126 124 2121
f 2121 124 2120
f 124 122 2120
f 2120 122 2119
f 122 120 2119
f 2119 120 2118
f 120 118 2118
f 2118 118 2117
f 118 116 2117
f 2117 116 2116
f 116 114 2116
f 2116 114 2115
f 114 112 2115
f 2115 112 2114
f 112 110 2114
f 2114 110 2113
f 110 108 2113
f 2113 108 2112
f 108 106 2112
f 2112 106 2111
f 106 104 2111
f 2111 104 2110
f 104 102 2110
f 2110 102 2109
f 102 100 2109
f 2109 100 2108
f 100 98 2108
f 2108 98 2107
f 98 96 2107
f 2107 96 2106
f 96 238 2106
f 2106 238 2177
f 238 236 2177
f 2177 236 2176
f 236 234 2176
f 2176 234 2175
f 234 232 2175
f 2175 232 2174
f 232 230 2174
f 2174 230 2173
f 230 228 2173
f 2173 228 2172
f 228 226 2172
f 2172 226 2171
f 226 224 2171
f 2171 224 2170
f 224 222 2170
f 2170 222 2169
f 222 220 2169
f 2169 220 2168
f 220 218 2168
f 2168 218 2167
f 218 216 2167
f 2167 216 2166
f 216 214 2166
f 2166 214 2165
f 214 212 2165
f 2165 212 2164
f 212 210 2164
f 2164 210 2163
f 210 208 2163
f 2163 208 2162
f 208 206 2162
f 2162 206 2161
f 206 204 2161
f 2161 204 2160
f 204 202 2160
f 2160 202 2159
f 202 200 2159
f 2159 200 2158
f 200 198 2158
f 2158 198 2157
f 198 196 2157
f 2157 196 2156
f 196 194 2156
f 2156 194 2155
f 194 192 2155
f 2155 192 2154
f 192 190 2154
f 2154 190 2153
f 190 188 2153
f 2153 188 2152
f 188 186 2152
f 2152 186 2151
f 186 184 2151
f 2151 184 2150
f 184 182 2150
f 2150 182 2149
f 182 180 2149
f 2149 180 2148
f 180 178 2148
f 2148 178 2147
f 178 176 2147
f 2147 176 2146
f 176 174 2146
f 2146 174 2145
f 174 172 2145
f 2145 172 2144
f 172 170 2144
f 2144 170 2143
f 170 168 2143
f 2143 168 2142
f 168 166 2142
f 2142 166 2141
f 166 164 2141
f 2141 164 2140
f 164 162 2140
f 2140 162 2139
f 162 160 2139
f 2139 160 2138
f 160 158 2138
f 2138 158 2137
f 158 156 2137
f 2137 156 2136
f 156 154 2136
f 2136 154 2135
f 154 152 2135
f 2135 152 2134
f 152 150 2134
f 2134 150 2133
f 150 148 2133
f 2133 148 2132
f 148 146 2132
f 2132 146 2131
f 146 144 2131
f 2131 144 2130
f 144 142 2130
f 2130 142 2129
f 142 140 2129
f 2129 140 2128
f 140 138 2128
f 2469 726 2470
f 726 727 2470
f 2470 727 2471
f 727 728 2471
f 2471 728 2472
f 728 749 2472
f 2472 749 2473
f 749 748 2473
f 2473 748 2474
f 748 739 2474
f 2474 739 2475
f 739 740 2475
f 2475 740 2476
f 740 741 2476
f 2476 741 2477
f 741 766 2477
f 2477 766 2478
f 766 765 2478
f 2478 765 2479
f 765 764 2479
f 2479 764 2480
f 764 803 2480
f 2480 803 2481
f 803 802 2481
f 2481 802 2482
f 802 784 2482
f 2482 784 2483
f 784 785 2483
f 2483 785 2484
f 785 786 2484
f 2484 786 2485
f 786 806 2485
f 2485 806 2486
f 806 805 2486
f 2486 805 2487
f 805 804 2487
f 2487 804 2488
f 804 783 2488
f 2488 783 2489
f 783 782 2489
f 2489 782 2490
f 782 781 2490
f 2490 781 2491
f 781 780 2491
f 2491 780 2492
f 780 779 2492
f 2492 779 2493
f 779 778 2493
f 2493 778 2494
f 778 770 2494
f 2494 770 2495
f 770 769 2495
f 2495 769 2496
f 769 768 2496
f 2496 768 2497
f 768 767 2497
f 2497 767 2498
f 767 730 2498
f 2498 730 2499
f 730 729 2499
f 2499 729 2500
f 729 757 2500
f 2500 757 2501
f 757 756 2501
f 2501 756 2502
f 756 747 2502
f 2502 747 2503
f 747 746 2503
f 2503 746 2504
f 746 745 2504
f 2504 745 2505
f 745 738 2505
f 2505 738 2506
f 738 736 2506
f 2506 736 2507
f 736 735 2507
f 2507 735 2508
f 735 744 2508
f 2508 744 2509
f 744 743 2509
f 2509 743 2510
f 743 742 2510
f 2510 742 2511
f 742 760 2511
f 2511 760 2512
f 760 759 2512
f 2512 759 2513
f 759 758 2513
f 2513 758 2514
f 758 761 2514
f 2514 761 2515
f 761 763 2515
f 2515 763 2516
f 763 792 2516
f 2516 792 2517
f 792 794 2517
f 2517 794 2518
f 794 796 2518
f 2518 796 2519
f 796 798 2519
f 2519 798 2520
f 798 800 2520
f 2520 800 2521
f 800 801 2521
f 2521 801 2522
f 801 777 2522
f 2522 777 2523
f 777 775 2523
f 2523 775 2524
f 775 774 2524
f 2524 774 2525
f 774 789 2525
f 2525 789 2526
f 789 788 2526
f 2526 788 2527
f 788 787 2527
f 2527 787 2528
f 787 773 2528
f 2528 773 2529
f 773 772 2529
f 2529 772 2530
f 772 771 2530
f 2530 771 2531
f 771 755 2531
f 2531 755 2532
f 755 754 2532
f 2532 754 2533
f 754 753 2533
f 2533 753 2534
f 753 752 2534
f 2534 752 2535
f 752 751 2535
f 2535 751 2536
f 751 750 2536
f 2536 750 2537
f 750 734 2537
f 2537 734 2538
f 734 733 2538
f 2538 733 2539
f 733 732 2539
f 2539 732 2540
f 732 724 2540
f 2540 724 2469
f 724 726 2469
f 869 1248 870
f 1248 1527 870
f 870 1527 871
f 1527 1526 871
f 871 1526 872
f 1526 1539 872
f 872 1539 873
f 1539 1538 873
f 873 1538 874
f 1538 1532 874
f 874 1532 875
f 1532 1531 875
f 875 1531 876
f 1531 1551 876
f 876 1551 877
f 1551 1550 877
f 877 1550 715
f 1550 1549 715
f 715 1549 716
f 1549 1548 716
f 716 1548 860
f 1548 1547 860
f 860 1547 861
f 1547 1546 861
f 861 1546 862
f 1546 1545 862
f 862 1545 863
f 1545 1544 863
f 863 1544 864
f 1544 1537 864
f 864 1537 865
f 1537 1536 865
f 865 1536 866
f 1536 1556 866
f 866 1556 859
f 1556 1555 859
f 2539 2540 2541
f 2540 2469 2541
f 2541 2469 2470
f 2536 2537 2541
f 2537 2538 2541
f 2541 2538 2539
f 2533 2534 2541
f 2534 2535 2541
f 2541 2535 2536
f 2530 2531 2541
f 2531 2532 2541
f 2541 2532 2533
f 2527 2528 2541
f 2528 2529 2541
f 2541 2529 2530
f 2524 2525 2541
f 2525 2526 2541
f 2541 2526 2527
f 2521 2522 2541
f 2522 2523 2541
f 2541 2523 2524
f 2518 2519 2541
f 2519 2520 2541
f 2541 2520 2521
f 2515 2516 2541
f 2516 2517 2541
f 2541 2517 2518
f 2512 2513 2541
f 2513 2514 2541
f 2541 2514 2515
f 2509 2510 2541
f 2510 2511 2541
f 2541 2511 2512
f 2506 2507 2541
f 2507 2508 2541
f 2541 2508 2509
f 2503 2504 2541
f 2504 2505 2541
f 2541 2505 2506
f 2500 2501 2541
f 2501 2502 2541
f 2541 2502 2503
f 2497 2498 2541
f 2498 2499 2541
f 2541 2499 2500
f 2494 2495 2541
f 2495 2496 2541
f 2541 2496 2497
f 2491 2492 2541
f 2492 2493 2541
f 2541 2493 2494
f 2488 2489 2541
f 2489 2490 2541
f 2541 2490 2491
f 2485 2486 2541
f 2486 2487 2541
f 2541 2487 2488
f 2482 2483 2541
f 2483 2484 2541
f 2541 2484 2485
f 2479 2480 2541
f 2480 2481 2541
f 2541 2481 2482
f 2476 2477 2541
f 2477 2478 2541
f 2541 2478 2479
f 2473 2474 2541
f 2474 2475 2541
f 2541 2475 2476
f 2470 2471 2541
f 2471 2472 2541
f 2541 2472 2473
f 2542 956 2543
f 956 957 2543
f 2543 957 2544
f 957 958 2544
f 2544 958 2545
f 958 978 2545
f 2545 978 2546
f 978 977 2546
f 2546 977 2547
f 977 967 2547
f 2547 967 2548
f 967 968 2548
f 2548 968 2549
f 968 969 2549
f 2549 969 2550
f 969 1000 2550
f 2550 1000 2551
f 1000 999 2551
f 2551 999 2552
f 999 998 2552
f 2552 998 2553
f 998 1024 2553
f 2553 1024 2554
f 1024 1023 2554
f 2554 1023 2555
f 1023 1007 2555
f 2555 1007 2556
f 1007 1006 2556
f 2556 1006 2557
f 1006 1022 2557
f 2557 1022 2558
f 1022 1021 2558
f 2558 1021 2559
f 1021 1017 2559
f 2559 1017 2560
f 1017 1016 2560
f 2560 1016 2561
f 1016 1026 2561
f 2561 1026 2562
f 1026 1025 2562
f 2562 1025 2563
f 1025 993 2563
f 2563 993 2564
f 993 992 2564
f 2564 992 2565
f 992 1015 2565
f 2565 1015 2566
f 1015 1014 2566
f 2566 1014 2567
f 1014 1005 2567
f 2567 1005 2568
f 1005 1004 2568
f 2568 1004 2569
f 1004 1003 2569
f 2569 1003 2570
f 1003 966 2570
f 2570 966 2571
f 966 965 2571
f 2571 965 2572
f 965 964 2572
f 2572 964 2573
f 964 986 2573
f 2573 986 2574
f 986 985 2574
f 2574 985 2575
f 985 976 2575
f 2575 976 2576
f 976 975 2576
f 2576 975 2577
f 975 974 2577
f 2577 974 2578
f 974 973 2578
f 2578 973 2579
f 973 972 2579
f 2579 972 2580
f 972 971 2580
f 2580 971 2581
f 971 963 2581
f 2581 963 2582
f 963 962 2582
f 2582 962 2583
f 962 970 2583
f 2583 970 2584
f 970 991 2584
f 2584 991 2585
f 991 990 2585
f 2585 990 2586
f 990 987 2586
f 2586 987 2587
f 987 988 2587
f 2587 988 2588
f 988 989 2588
f 2588 989 2589
f 989 1002 2589
f 2589 1002 2590
f 1002 1001 2590
f 2590 1001 2591
f 1001 997 2591
f 2591 997 2592
f 997 996 2592
f 2592 996 2593
f 996 995 2593
f 2593 995 2594
f 995 994 2594
f 2594 994 2595
f 994 1020 2595
f 2595 1020 2596
f 1020 1019 2596
f 2596 1019 2597
f 1019 1018 2597
f 2597 1018 2598
f 1018 1013 2598
f 2598 1013 2599
f 1013 1012 2599
f 2599 1012 2600
f 1012 1011 2600
f 2600 1011 2601
f 1011 1010 2601
f 2601 1010 2602
f 1010 1009 2602
f 2602 1009 2603
f 1009 1008 2603
f 2603 1008 2604
f 1008 984 2604
f 2604 984 2605
f 984 983 2605
f 2605 983 2606
f 983 982 2606
f 2606 982 2607
f 982 981 2607
f 2607 981 2608
f 981 980 2608
f 2608 980 2609
f 980 979 2609
f 2609 979 2610
f 979 961 2610
f 2610 961 2611
f 961 960 2611
f 2611 960 2612
f 960 959 2612
f 2612 959 2613
f 959 955 2613
f 2613 955 2542
f 955 956 2542
f 2612 2613 2614
f 2613 2542 2614
f 2614 2542 2543
f 2609 2610 2614
f 2610 2611 2614
f 2614 2611 2612
f 2606 2607 2614
f 2607 2608 2614
f 2614 2608 2609
f 2603 2604 2614
f 2604 2605 2614
f 2614 2605 2606
f 2600 2601 2614
f 2601 2602 2614
f 2614 2602 2603
f 2597 2598 2614
f 2598 2599 2614
f 2614 2599 2600
f 2594 2595 2614
f 2595 2596 2614
f 2614 2596 2597
f 2591 2592 2614
f 2592 2593 2614
f 2614 2593 2594
f 2588 2589 2614
f 2589 2590 2614
f 2614 2590 2591
f 2585 2586 2614
f 2586 2587 2614
f 2614 2587 2588
f 2582 2583 2614
f 2583 2584 2614
f 2614 2584 2585
f 2579 2580 2614
f 2580 2581 2614
f 2614 2581 2582
f 2576 2577 2614
f 2577 2578 2614
f 2614 2578 2579
f 2573 2574 2614
f 2574 2575 2614
f 2614 2575 2576
f 2570 2571 2614
f 2571 2572 2614
f 2614 2572 2573
f 2567 2568 2614
f 2568 2569 2614
f 2614 2569 2570
f 2564 2565 2614
f 2565 2566 2614
f 2614 2566 2567
f 2561 2562 2614
f 2562 2563 2614
f 2614 2563 2564
f 2558 2559 2614
f 2559 2560 2614
f 2614 2560 2561
f 2555 2556 2614
f 2556 2557 2614
f 2614 2557 2558
f 2552 2553 2614
f 2553 2554 2614
f 2614 2554 2555
f 2549 2550 2614
f 2550 2551 2614
f 2614 2551 2552
f 2546 2547 2614
f 2547 2548 2614
f 2614 2548 2549
f 2543 2544 2614
f 2544 2545 2614
f 2614 2545 2546
# 5244 faces, 0 coords texture

# End of File
