####
#
# OBJ File Generated by Meshlab
#
####
# Object arm2.obj
#
# Vertices: 2450
# Faces: 4928
#
####
v 0.018000 -0.025000 -0.140000
v 0.020000 -0.023000 -0.140000
v 0.018000 -0.025000 -0.129364
v 0.020000 -0.023000 -0.000000
v 0.018000 -0.025000 -0.000000
v -0.018000 -0.025000 -0.140000
v -0.020000 -0.023000 -0.140000
v -0.019924 -0.023000 -0.141743
v -0.017932 -0.025000 -0.141569
v -0.019696 -0.023000 -0.143473
v -0.017727 -0.025000 -0.143126
v -0.019319 -0.023000 -0.145176
v -0.017387 -0.025000 -0.144659
v -0.018794 -0.023000 -0.146840
v -0.016914 -0.025000 -0.146156
v -0.018126 -0.023000 -0.148452
v -0.016314 -0.025000 -0.147607
v -0.017321 -0.023000 -0.150000
v -0.015588 -0.025000 -0.149000
v -0.016383 -0.023000 -0.151472
v -0.014745 -0.025000 -0.150324
v -0.015321 -0.023000 -0.152856
v -0.013789 -0.025000 -0.151570
v -0.014142 -0.023000 -0.154142
v -0.012728 -0.025000 -0.152728
v -0.012856 -0.023000 -0.155321
v -0.011570 -0.025000 -0.153789
v -0.011472 -0.023000 -0.156383
v -0.010324 -0.025000 -0.154745
v -0.010000 -0.023000 -0.157321
v -0.009000 -0.025000 -0.155588
v -0.008452 -0.023000 -0.158126
v -0.007607 -0.025000 -0.156314
v -0.006840 -0.023000 -0.158794
v -0.006156 -0.025000 -0.156914
v -0.005176 -0.023000 -0.159319
v -0.004659 -0.025000 -0.157387
v -0.003473 -0.023000 -0.159696
v -0.003126 -0.025000 -0.157727
v -0.001743 -0.023000 -0.159924
v -0.001569 -0.025000 -0.157932
v 0.000000 -0.023000 -0.160000
v 0.000000 -0.025000 -0.158000
v 0.001743 -0.023000 -0.159924
v 0.001569 -0.025000 -0.157932
v 0.003473 -0.023000 -0.159696
v 0.003126 -0.025000 -0.157727
v 0.005176 -0.023000 -0.159319
v 0.004659 -0.025000 -0.157387
v 0.006840 -0.023000 -0.158794
v 0.006156 -0.025000 -0.156914
v 0.008452 -0.023000 -0.158126
v 0.007607 -0.025000 -0.156314
v 0.010000 -0.023000 -0.157321
v 0.009000 -0.025000 -0.155588
v 0.011472 -0.023000 -0.156383
v 0.010324 -0.025000 -0.154745
v 0.012856 -0.023000 -0.155321
v 0.011570 -0.025000 -0.153789
v 0.014142 -0.023000 -0.154142
v 0.012728 -0.025000 -0.152728
v 0.015321 -0.023000 -0.152856
v 0.013789 -0.025000 -0.151570
v 0.016383 -0.023000 -0.151472
v 0.014745 -0.025000 -0.150324
v 0.017321 -0.023000 -0.150000
v 0.015588 -0.025000 -0.149000
v 0.018126 -0.023000 -0.148452
v 0.016314 -0.025000 -0.147607
v 0.018794 -0.023000 -0.146840
v 0.016914 -0.025000 -0.146156
v 0.019319 -0.023000 -0.145176
v 0.017387 -0.025000 -0.144659
v 0.019696 -0.023000 -0.143473
v 0.017727 -0.025000 -0.143126
v 0.019924 -0.023000 -0.141743
v 0.017932 -0.025000 -0.141569
v -0.018000 -0.025000 -0.000000
v -0.020000 -0.023000 0.000000
v -0.018000 -0.025000 -0.129364
v -0.013516 -0.023000 -0.128477
v -0.014266 -0.023000 -0.128477
v -0.013512 -0.023000 -0.128369
v -0.014259 -0.023000 -0.128303
v -0.013497 -0.023000 -0.128260
v -0.014236 -0.023000 -0.128130
v -0.013474 -0.023000 -0.128154
v -0.014198 -0.023000 -0.127960
v -0.013441 -0.023000 -0.128050
v -0.014146 -0.023000 -0.127793
v -0.013399 -0.023000 -0.127949
v -0.014079 -0.023000 -0.127632
v -0.013349 -0.023000 -0.127852
v -0.013999 -0.023000 -0.127477
v -0.013290 -0.023000 -0.127760
v -0.013905 -0.023000 -0.127330
v -0.013224 -0.023000 -0.127674
v -0.013799 -0.023000 -0.127192
v -0.013150 -0.023000 -0.127594
v -0.013681 -0.023000 -0.127063
v -0.013070 -0.023000 -0.127520
v -0.013552 -0.023000 -0.126945
v -0.012983 -0.023000 -0.127454
v -0.013414 -0.023000 -0.126839
v -0.012891 -0.023000 -0.127395
v -0.013266 -0.023000 -0.126745
v -0.012795 -0.023000 -0.127345
v -0.013112 -0.023000 -0.126665
v -0.012694 -0.023000 -0.127303
v -0.012951 -0.023000 -0.126598
v -0.012590 -0.023000 -0.127270
v -0.012784 -0.023000 -0.126546
v -0.012484 -0.023000 -0.127246
v -0.012614 -0.023000 -0.126508
v -0.012375 -0.023000 -0.127232
v -0.012441 -0.023000 -0.126485
v -0.012266 -0.023000 -0.127227
v -0.012266 -0.023000 -0.126477
v -0.012158 -0.023000 -0.127232
v -0.012092 -0.023000 -0.126485
v -0.012049 -0.023000 -0.127246
v -0.011919 -0.023000 -0.126508
v -0.011943 -0.023000 -0.127270
v -0.011749 -0.023000 -0.126546
v -0.011839 -0.023000 -0.127303
v -0.011582 -0.023000 -0.126598
v -0.011738 -0.023000 -0.127345
v -0.011421 -0.023000 -0.126665
v -0.011641 -0.023000 -0.127395
v -0.011266 -0.023000 -0.126745
v -0.011549 -0.023000 -0.127454
v -0.011119 -0.023000 -0.126839
v -0.011463 -0.023000 -0.127520
v -0.010981 -0.023000 -0.126945
v -0.011383 -0.023000 -0.127594
v -0.010852 -0.023000 -0.127063
v -0.011309 -0.023000 -0.127674
v -0.010734 -0.023000 -0.127192
v -0.011243 -0.023000 -0.127760
v -0.010628 -0.023000 -0.127330
v -0.011184 -0.023000 -0.127852
v -0.010534 -0.023000 -0.127477
v -0.011134 -0.023000 -0.127949
v -0.010454 -0.023000 -0.127632
v -0.011092 -0.023000 -0.128050
v -0.010387 -0.023000 -0.127793
v -0.011059 -0.023000 -0.128154
v -0.010335 -0.023000 -0.127960
v -0.011035 -0.023000 -0.128260
v -0.010297 -0.023000 -0.128130
v -0.011021 -0.023000 -0.128369
v -0.010274 -0.023000 -0.128303
v -0.011016 -0.023000 -0.128477
v -0.010266 -0.023000 -0.128477
v -0.011021 -0.023000 -0.128586
v -0.010274 -0.023000 -0.128652
v -0.011035 -0.023000 -0.128695
v -0.010297 -0.023000 -0.128825
v -0.011059 -0.023000 -0.128801
v -0.010335 -0.023000 -0.128995
v -0.011092 -0.023000 -0.128905
v -0.010387 -0.023000 -0.129161
v -0.011134 -0.023000 -0.129006
v -0.010454 -0.023000 -0.129323
v -0.011184 -0.023000 -0.129102
v -0.010534 -0.023000 -0.129477
v -0.011243 -0.023000 -0.129194
v -0.010628 -0.023000 -0.129625
v -0.011309 -0.023000 -0.129281
v -0.010734 -0.023000 -0.129763
v -0.011383 -0.023000 -0.129361
v -0.010852 -0.023000 -0.129892
v -0.011463 -0.023000 -0.129435
v -0.010981 -0.023000 -0.130010
v -0.011549 -0.023000 -0.129501
v -0.011119 -0.023000 -0.130116
v -0.011641 -0.023000 -0.129560
v -0.011266 -0.023000 -0.130210
v -0.011738 -0.023000 -0.129610
v -0.011421 -0.023000 -0.130290
v -0.011839 -0.023000 -0.129652
v -0.011582 -0.023000 -0.130357
v -0.011943 -0.023000 -0.129685
v -0.011749 -0.023000 -0.130409
v -0.012049 -0.023000 -0.129708
v -0.011919 -0.023000 -0.130447
v -0.012158 -0.023000 -0.129723
v -0.012092 -0.023000 -0.130470
v -0.012266 -0.023000 -0.129727
v -0.012266 -0.023000 -0.130477
v -0.012375 -0.023000 -0.129723
v -0.012441 -0.023000 -0.130470
v -0.012484 -0.023000 -0.129708
v -0.012614 -0.023000 -0.130447
v -0.012590 -0.023000 -0.129685
v -0.012784 -0.023000 -0.130409
v -0.012694 -0.023000 -0.129652
v -0.012951 -0.023000 -0.130357
v -0.012795 -0.023000 -0.129610
v -0.013112 -0.023000 -0.130290
v -0.012891 -0.023000 -0.129560
v -0.013266 -0.023000 -0.130210
v -0.012983 -0.023000 -0.129501
v -0.013414 -0.023000 -0.130116
v -0.013070 -0.023000 -0.129435
v -0.013552 -0.023000 -0.130010
v -0.013150 -0.023000 -0.129361
v -0.013681 -0.023000 -0.129892
v -0.013224 -0.023000 -0.129281
v -0.013799 -0.023000 -0.129763
v -0.013290 -0.023000 -0.129194
v -0.013905 -0.023000 -0.129625
v -0.013349 -0.023000 -0.129102
v -0.013999 -0.023000 -0.129477
v -0.013399 -0.023000 -0.129006
v -0.014079 -0.023000 -0.129323
v -0.013441 -0.023000 -0.128905
v -0.014146 -0.023000 -0.129161
v -0.013474 -0.023000 -0.128801
v -0.014198 -0.023000 -0.128995
v -0.013497 -0.023000 -0.128695
v -0.014236 -0.023000 -0.128825
v -0.013512 -0.023000 -0.128586
v -0.014259 -0.023000 -0.128652
v -0.010324 -0.020000 -0.128000
v -0.010324 0.000000 -0.128000
v -0.010297 0.000000 -0.128130
v -0.013757 -0.020000 -0.127143
v -0.013681 -0.020000 -0.127063
v -0.013552 -0.020000 -0.126945
v -0.013414 -0.020000 -0.126839
v -0.013266 -0.020000 -0.126745
v -0.013112 -0.020000 -0.126665
v -0.012951 -0.020000 -0.126598
v -0.012784 -0.020000 -0.126546
v -0.012614 -0.020000 -0.126508
v -0.012441 -0.020000 -0.126485
v -0.012266 -0.020000 -0.126477
v -0.012092 -0.020000 -0.126485
v -0.011919 -0.020000 -0.126508
v -0.011749 -0.020000 -0.126546
v -0.011582 -0.020000 -0.126598
v -0.011421 -0.020000 -0.126665
v -0.011266 -0.020000 -0.126745
v -0.011119 -0.020000 -0.126839
v -0.010981 -0.020000 -0.126945
v -0.010852 -0.020000 -0.127063
v -0.010734 -0.020000 -0.127192
v -0.010628 -0.020000 -0.127330
v -0.010534 -0.020000 -0.127477
v -0.010454 -0.020000 -0.127632
v -0.010387 -0.020000 -0.127793
v -0.010335 -0.020000 -0.127960
v -0.010274 0.000000 -0.128303
v -0.010266 0.000000 -0.128477
v -0.010274 0.000000 -0.128652
v -0.010297 0.000000 -0.128825
v -0.010335 0.000000 -0.128995
v -0.010387 0.000000 -0.129161
v -0.010454 0.000000 -0.129323
v -0.010534 0.000000 -0.129477
v -0.010628 0.000000 -0.129625
v -0.010734 0.000000 -0.129763
v -0.010852 0.000000 -0.129892
v -0.010981 0.000000 -0.130010
v -0.011119 0.000000 -0.130116
v -0.011266 0.000000 -0.130210
v -0.011421 0.000000 -0.130290
v -0.011582 0.000000 -0.130357
v -0.011749 0.000000 -0.130409
v -0.011919 0.000000 -0.130447
v -0.012092 0.000000 -0.130470
v -0.012266 0.000000 -0.130477
v -0.012441 0.000000 -0.130470
v -0.012614 0.000000 -0.130447
v -0.012784 0.000000 -0.130409
v -0.012951 0.000000 -0.130357
v -0.013112 0.000000 -0.130290
v -0.013266 0.000000 -0.130210
v -0.013414 0.000000 -0.130116
v -0.013552 0.000000 -0.130010
v -0.013681 0.000000 -0.129892
v -0.013799 0.000000 -0.129763
v -0.013905 0.000000 -0.129625
v -0.013999 0.000000 -0.129477
v -0.014079 0.000000 -0.129323
v -0.014146 0.000000 -0.129161
v -0.014198 0.000000 -0.128995
v -0.014236 0.000000 -0.128825
v -0.014259 0.000000 -0.128652
v -0.014266 0.000000 -0.128477
v -0.014259 0.000000 -0.128303
v -0.014236 0.000000 -0.128130
v -0.014198 0.000000 -0.127960
v -0.014146 0.000000 -0.127793
v -0.014079 0.000000 -0.127632
v -0.013999 0.000000 -0.127477
v -0.013905 0.000000 -0.127330
v -0.013799 0.000000 -0.127192
v -0.013757 0.000000 -0.127143
v 0.004316 -0.023000 -0.137352
v 0.004966 -0.023000 -0.136977
v 0.004366 -0.023000 -0.137449
v 0.005046 -0.023000 -0.137132
v 0.004408 -0.023000 -0.137550
v 0.005113 -0.023000 -0.137293
v 0.004441 -0.023000 -0.137654
v 0.005165 -0.023000 -0.137460
v 0.004465 -0.023000 -0.137760
v 0.005203 -0.023000 -0.137630
v 0.004479 -0.023000 -0.137869
v 0.005226 -0.023000 -0.137803
v 0.004484 -0.023000 -0.137977
v 0.005234 -0.023000 -0.137977
v 0.004479 -0.023000 -0.138086
v 0.005226 -0.023000 -0.138152
v 0.004465 -0.023000 -0.138195
v 0.005203 -0.023000 -0.138325
v 0.004441 -0.023000 -0.138301
v 0.005165 -0.023000 -0.138495
v 0.004408 -0.023000 -0.138405
v 0.005113 -0.023000 -0.138661
v 0.004366 -0.023000 -0.138506
v 0.005046 -0.023000 -0.138823
v 0.004316 -0.023000 -0.138602
v 0.004966 -0.023000 -0.138977
v 0.004257 -0.023000 -0.138694
v 0.004872 -0.023000 -0.139125
v 0.004191 -0.023000 -0.138781
v 0.004766 -0.023000 -0.139263
v 0.004117 -0.023000 -0.138861
v 0.004648 -0.023000 -0.139392
v 0.004037 -0.023000 -0.138935
v 0.004519 -0.023000 -0.139510
v 0.003951 -0.023000 -0.139001
v 0.004381 -0.023000 -0.139616
v 0.003859 -0.023000 -0.139060
v 0.004234 -0.023000 -0.139710
v 0.003762 -0.023000 -0.139110
v 0.004079 -0.023000 -0.139790
v 0.003661 -0.023000 -0.139152
v 0.003918 -0.023000 -0.139857
v 0.003557 -0.023000 -0.139185
v 0.003751 -0.023000 -0.139909
v 0.003451 -0.023000 -0.139208
v 0.003581 -0.023000 -0.139947
v 0.003342 -0.023000 -0.139223
v 0.003408 -0.023000 -0.139970
v 0.003234 -0.023000 -0.139227
v 0.003234 -0.023000 -0.139977
v 0.003125 -0.023000 -0.139223
v 0.003059 -0.023000 -0.139970
v 0.003016 -0.023000 -0.139208
v 0.002886 -0.023000 -0.139947
v 0.002910 -0.023000 -0.139185
v 0.002716 -0.023000 -0.139909
v 0.002806 -0.023000 -0.139152
v 0.002549 -0.023000 -0.139857
v 0.002705 -0.023000 -0.139110
v 0.002388 -0.023000 -0.139790
v 0.002609 -0.023000 -0.139060
v 0.002234 -0.023000 -0.139710
v 0.002517 -0.023000 -0.139001
v 0.002086 -0.023000 -0.139616
v 0.002430 -0.023000 -0.138935
v 0.001948 -0.023000 -0.139510
v 0.002350 -0.023000 -0.138861
v 0.001819 -0.023000 -0.139392
v 0.002276 -0.023000 -0.138781
v 0.001701 -0.023000 -0.139263
v 0.002210 -0.023000 -0.138694
v 0.001595 -0.023000 -0.139125
v 0.002151 -0.023000 -0.138602
v 0.001501 -0.023000 -0.138977
v 0.002101 -0.023000 -0.138506
v 0.001421 -0.023000 -0.138823
v 0.002059 -0.023000 -0.138405
v 0.001354 -0.023000 -0.138661
v 0.002026 -0.023000 -0.138301
v 0.001302 -0.023000 -0.138495
v 0.002003 -0.023000 -0.138195
v 0.001264 -0.023000 -0.138325
v 0.001988 -0.023000 -0.138086
v 0.001241 -0.023000 -0.138152
v 0.001984 -0.023000 -0.137977
v 0.001234 -0.023000 -0.137977
v 0.001988 -0.023000 -0.137869
v 0.001241 -0.023000 -0.137803
v 0.002003 -0.023000 -0.137760
v 0.001264 -0.023000 -0.137630
v 0.002026 -0.023000 -0.137654
v 0.001302 -0.023000 -0.137460
v 0.002059 -0.023000 -0.137550
v 0.001354 -0.023000 -0.137293
v 0.002101 -0.023000 -0.137449
v 0.001421 -0.023000 -0.137132
v 0.002151 -0.023000 -0.137352
v 0.001501 -0.023000 -0.136977
v 0.002210 -0.023000 -0.137260
v 0.001595 -0.023000 -0.136830
v 0.002276 -0.023000 -0.137174
v 0.001701 -0.023000 -0.136692
v 0.002350 -0.023000 -0.137094
v 0.001819 -0.023000 -0.136563
v 0.002430 -0.023000 -0.137020
v 0.001948 -0.023000 -0.136445
v 0.002517 -0.023000 -0.136954
v 0.002086 -0.023000 -0.136339
v 0.002609 -0.023000 -0.136895
v 0.002234 -0.023000 -0.136245
v 0.002705 -0.023000 -0.136845
v 0.002388 -0.023000 -0.136165
v 0.002806 -0.023000 -0.136803
v 0.002549 -0.023000 -0.136098
v 0.002910 -0.023000 -0.136770
v 0.002716 -0.023000 -0.136046
v 0.003016 -0.023000 -0.136746
v 0.002886 -0.023000 -0.136008
v 0.003125 -0.023000 -0.136732
v 0.003059 -0.023000 -0.135985
v 0.003234 -0.023000 -0.136727
v 0.003234 -0.023000 -0.135977
v 0.003342 -0.023000 -0.136732
v 0.003408 -0.023000 -0.135985
v 0.003451 -0.023000 -0.136746
v 0.003581 -0.023000 -0.136008
v 0.003557 -0.023000 -0.136770
v 0.003751 -0.023000 -0.136046
v 0.003661 -0.023000 -0.136803
v 0.003918 -0.023000 -0.136098
v 0.003762 -0.023000 -0.136845
v 0.004079 -0.023000 -0.136165
v 0.003859 -0.023000 -0.136895
v 0.004234 -0.023000 -0.136245
v 0.003951 -0.023000 -0.136954
v 0.004381 -0.023000 -0.136339
v 0.004037 -0.023000 -0.137020
v 0.004519 -0.023000 -0.136445
v 0.004117 -0.023000 -0.137094
v 0.004648 -0.023000 -0.136563
v 0.004191 -0.023000 -0.137174
v 0.004766 -0.023000 -0.136692
v 0.004257 -0.023000 -0.137260
v 0.004872 -0.023000 -0.136830
v 0.019924 -0.023000 0.001743
v 0.017932 -0.025000 0.001569
v 0.019696 -0.023000 0.003473
v 0.017727 -0.025000 0.003126
v 0.019319 -0.023000 0.005176
v 0.017387 -0.025000 0.004659
v 0.018794 -0.023000 0.006840
v 0.016914 -0.025000 0.006156
v 0.018126 -0.023000 0.008452
v 0.016314 -0.025000 0.007607
v 0.017321 -0.023000 0.010000
v 0.015588 -0.025000 0.009000
v 0.016383 -0.023000 0.011472
v 0.014745 -0.025000 0.010324
v 0.015321 -0.023000 0.012856
v 0.013789 -0.025000 0.011570
v 0.014142 -0.023000 0.014142
v 0.012728 -0.025000 0.012728
v 0.012856 -0.023000 0.015321
v 0.011570 -0.025000 0.013789
v 0.010497 -0.025000 0.014623
v 0.011472 -0.023000 0.016383
v 0.010324 -0.025000 0.014745
v 0.010000 -0.023000 0.017321
v 0.009000 -0.025000 0.015588
v 0.008452 -0.023000 0.018126
v 0.007607 -0.025000 0.016314
v 0.006840 -0.023000 0.018794
v 0.006156 -0.025000 0.016914
v 0.005176 -0.023000 0.019319
v 0.004659 -0.025000 0.017387
v 0.003473 -0.023000 0.019696
v 0.003126 -0.025000 0.017727
v 0.001743 -0.023000 0.019924
v 0.001569 -0.025000 0.017932
v -0.000000 -0.023000 0.020000
v -0.000000 -0.025000 0.018000
v -0.001743 -0.023000 0.019924
v -0.001569 -0.025000 0.017932
v -0.003473 -0.023000 0.019696
v -0.003126 -0.025000 0.017727
v -0.005176 -0.023000 0.019319
v -0.004659 -0.025000 0.017387
v -0.006840 -0.023000 0.018794
v -0.006156 -0.025000 0.016914
v -0.008452 -0.023000 0.018126
v -0.007607 -0.025000 0.016314
v -0.010000 -0.023000 0.017321
v -0.009000 -0.025000 0.015588
v -0.011472 -0.023000 0.016383
v -0.010324 -0.025000 0.014745
v -0.012856 -0.023000 0.015321
v -0.011570 -0.025000 0.013789
v -0.014142 -0.023000 0.014142
v -0.012728 -0.025000 0.012728
v -0.015321 -0.023000 0.012856
v -0.013789 -0.025000 0.011570
v -0.016383 -0.023000 0.011472
v -0.014745 -0.025000 0.010324
v -0.017321 -0.023000 0.010000
v -0.015588 -0.025000 0.009000
v -0.018126 -0.023000 0.008452
v -0.016314 -0.025000 0.007607
v -0.018794 -0.023000 0.006840
v -0.016914 -0.025000 0.006156
v -0.019319 -0.023000 0.005176
v -0.017387 -0.025000 0.004659
v -0.019696 -0.023000 0.003473
v -0.017727 -0.025000 0.003126
v -0.019924 -0.023000 0.001743
v -0.017932 -0.025000 0.001569
v -0.005847 -0.020000 -0.128625
v 0.000762 -0.020000 -0.128337
v -0.006762 -0.020000 -0.128337
v 0.001583 -0.020000 -0.128000
v -0.007583 -0.020000 -0.128000
v -0.004910 -0.020000 -0.128833
v -0.003959 -0.020000 -0.128958
v -0.003000 -0.020000 -0.129000
v -0.002041 -0.020000 -0.128958
v -0.001090 -0.020000 -0.128833
v -0.000153 -0.020000 -0.128625
v 0.015191 -0.023000 -0.122174
v 0.015766 -0.023000 -0.121692
v 0.015257 -0.023000 -0.122260
v 0.015872 -0.023000 -0.121830
v 0.015316 -0.023000 -0.122352
v 0.015966 -0.023000 -0.121977
v 0.015366 -0.023000 -0.122449
v 0.016046 -0.023000 -0.122132
v 0.015408 -0.023000 -0.122550
v 0.016113 -0.023000 -0.122293
v 0.015441 -0.023000 -0.122654
v 0.016165 -0.023000 -0.122460
v 0.015465 -0.023000 -0.122760
v 0.016203 -0.023000 -0.122630
v 0.015479 -0.023000 -0.122869
v 0.016226 -0.023000 -0.122803
v 0.015484 -0.023000 -0.122977
v 0.016234 -0.023000 -0.122977
v 0.015479 -0.023000 -0.123086
v 0.016226 -0.023000 -0.123152
v 0.015465 -0.023000 -0.123195
v 0.016203 -0.023000 -0.123325
v 0.015441 -0.023000 -0.123301
v 0.016165 -0.023000 -0.123495
v 0.015408 -0.023000 -0.123405
v 0.016113 -0.023000 -0.123661
v 0.015366 -0.023000 -0.123506
v 0.016046 -0.023000 -0.123823
v 0.015316 -0.023000 -0.123602
v 0.015966 -0.023000 -0.123977
v 0.015257 -0.023000 -0.123694
v 0.015872 -0.023000 -0.124125
v 0.015191 -0.023000 -0.123781
v 0.015766 -0.023000 -0.124263
v 0.015117 -0.023000 -0.123861
v 0.015648 -0.023000 -0.124392
v 0.015037 -0.023000 -0.123935
v 0.015519 -0.023000 -0.124510
v 0.014951 -0.023000 -0.124001
v 0.015381 -0.023000 -0.124616
v 0.014859 -0.023000 -0.124060
v 0.015234 -0.023000 -0.124710
v 0.014762 -0.023000 -0.124110
v 0.015079 -0.023000 -0.124790
v 0.014661 -0.023000 -0.124152
v 0.014918 -0.023000 -0.124857
v 0.014557 -0.023000 -0.124185
v 0.014751 -0.023000 -0.124909
v 0.014451 -0.023000 -0.124208
v 0.014581 -0.023000 -0.124947
v 0.014342 -0.023000 -0.124223
v 0.014408 -0.023000 -0.124970
v 0.014234 -0.023000 -0.124227
v 0.014234 -0.023000 -0.124977
v 0.014125 -0.023000 -0.124223
v 0.014059 -0.023000 -0.124970
v 0.014016 -0.023000 -0.124208
v 0.013886 -0.023000 -0.124947
v 0.013910 -0.023000 -0.124185
v 0.013716 -0.023000 -0.124909
v 0.013806 -0.023000 -0.124152
v 0.013549 -0.023000 -0.124857
v 0.013705 -0.023000 -0.124110
v 0.013388 -0.023000 -0.124790
v 0.013609 -0.023000 -0.124060
v 0.013234 -0.023000 -0.124710
v 0.013517 -0.023000 -0.124001
v 0.013086 -0.023000 -0.124616
v 0.013430 -0.023000 -0.123935
v 0.012948 -0.023000 -0.124510
v 0.013350 -0.023000 -0.123861
v 0.012819 -0.023000 -0.124392
v 0.013276 -0.023000 -0.123781
v 0.012701 -0.023000 -0.124263
v 0.013210 -0.023000 -0.123694
v 0.012595 -0.023000 -0.124125
v 0.013151 -0.023000 -0.123602
v 0.012501 -0.023000 -0.123977
v 0.013101 -0.023000 -0.123506
v 0.012421 -0.023000 -0.123823
v 0.013059 -0.023000 -0.123405
v 0.012354 -0.023000 -0.123661
v 0.013026 -0.023000 -0.123301
v 0.012302 -0.023000 -0.123495
v 0.013003 -0.023000 -0.123195
v 0.012264 -0.023000 -0.123325
v 0.012988 -0.023000 -0.123086
v 0.012241 -0.023000 -0.123152
v 0.012984 -0.023000 -0.122977
v 0.012234 -0.023000 -0.122977
v 0.012988 -0.023000 -0.122869
v 0.012241 -0.023000 -0.122803
v 0.013003 -0.023000 -0.122760
v 0.012264 -0.023000 -0.122630
v 0.013026 -0.023000 -0.122654
v 0.012302 -0.023000 -0.122460
v 0.013059 -0.023000 -0.122550
v 0.012354 -0.023000 -0.122293
v 0.013101 -0.023000 -0.122449
v 0.012421 -0.023000 -0.122132
v 0.013151 -0.023000 -0.122352
v 0.012501 -0.023000 -0.121977
v 0.013210 -0.023000 -0.122260
v 0.012595 -0.023000 -0.121830
v 0.013276 -0.023000 -0.122174
v 0.012701 -0.023000 -0.121692
v 0.013350 -0.023000 -0.122094
v 0.012819 -0.023000 -0.121563
v 0.013430 -0.023000 -0.122020
v 0.012948 -0.023000 -0.121445
v 0.013517 -0.023000 -0.121954
v 0.013086 -0.023000 -0.121339
v 0.013609 -0.023000 -0.121895
v 0.013234 -0.023000 -0.121245
v 0.013705 -0.023000 -0.121845
v 0.013388 -0.023000 -0.121165
v 0.013806 -0.023000 -0.121803
v 0.013549 -0.023000 -0.121098
v 0.013910 -0.023000 -0.121770
v 0.013716 -0.023000 -0.121046
v 0.014016 -0.023000 -0.121746
v 0.013886 -0.023000 -0.121008
v 0.014125 -0.023000 -0.121732
v 0.014059 -0.023000 -0.120985
v 0.014234 -0.023000 -0.121727
v 0.014234 -0.023000 -0.120977
v 0.014342 -0.023000 -0.121732
v 0.014408 -0.023000 -0.120985
v 0.014451 -0.023000 -0.121746
v 0.014581 -0.023000 -0.121008
v 0.014557 -0.023000 -0.121770
v 0.014751 -0.023000 -0.121046
v 0.014661 -0.023000 -0.121803
v 0.014918 -0.023000 -0.121098
v 0.014762 -0.023000 -0.121845
v 0.015079 -0.023000 -0.121165
v 0.014859 -0.023000 -0.121895
v 0.015234 -0.023000 -0.121245
v 0.014951 -0.023000 -0.121954
v 0.015381 -0.023000 -0.121339
v 0.015037 -0.023000 -0.122020
v 0.015519 -0.023000 -0.121445
v 0.015117 -0.023000 -0.122094
v 0.015648 -0.023000 -0.121563
v 0.020000 -0.002000 -0.140000
v 0.020000 -0.002000 -0.000000
v 0.014537 -0.024000 0.003895
v 0.014569 -0.020000 0.003776
v 0.014821 -0.024000 0.002613
v 0.014821 -0.020000 0.002613
v 0.014993 -0.024000 0.001312
v 0.014993 -0.020000 0.001312
v 0.015050 -0.024000 -0.000000
v 0.015050 -0.020000 -0.000000
v 0.014993 -0.024000 -0.001312
v 0.014993 -0.020000 -0.001312
v 0.014821 -0.024000 -0.002613
v 0.014821 -0.020000 -0.002613
v 0.014537 -0.024000 -0.003895
v 0.014537 -0.020000 -0.003895
v 0.014142 -0.024000 -0.005147
v 0.014142 -0.020000 -0.005147
v 0.013640 -0.024000 -0.006360
v 0.013640 -0.020000 -0.006360
v 0.013034 -0.024000 -0.007525
v 0.013034 -0.020000 -0.007525
v 0.012328 -0.024000 -0.008632
v 0.012328 -0.020000 -0.008632
v 0.011529 -0.024000 -0.009674
v 0.011529 -0.020000 -0.009674
v 0.010642 -0.024000 -0.010642
v 0.010642 -0.020000 -0.010642
v 0.009674 -0.024000 -0.011529
v 0.009674 -0.020000 -0.011529
v 0.008632 -0.024000 -0.012328
v 0.008632 -0.020000 -0.012328
v 0.007525 -0.024000 -0.013034
v 0.007525 -0.020000 -0.013034
v 0.006360 -0.024000 -0.013640
v 0.006360 -0.020000 -0.013640
v 0.005147 -0.024000 -0.014142
v 0.005147 -0.020000 -0.014142
v 0.003895 -0.024000 -0.014537
v 0.002613 -0.024000 0.014821
v 0.003776 -0.020000 0.014569
v 0.003895 -0.024000 0.014537
v 0.003895 -0.020000 0.014537
v 0.005147 -0.024000 0.014142
v 0.005147 -0.020000 0.014142
v 0.006360 -0.024000 0.013640
v 0.006360 -0.020000 0.013640
v 0.007525 -0.024000 0.013034
v 0.007525 -0.020000 0.013034
v 0.008632 -0.024000 0.012328
v 0.008632 -0.020000 0.012328
v 0.009674 -0.024000 0.011529
v 0.009674 -0.020000 0.011529
v 0.010642 -0.024000 0.010642
v 0.010642 -0.020000 0.010642
v 0.011529 -0.024000 0.009674
v 0.011529 -0.020000 0.009674
v 0.012328 -0.024000 0.008632
v 0.012328 -0.020000 0.008632
v 0.013034 -0.024000 0.007525
v 0.013034 -0.020000 0.007525
v 0.013640 -0.024000 0.006360
v 0.013640 -0.020000 0.006360
v 0.014142 -0.024000 0.005147
v 0.014142 -0.020000 0.005147
v 0.014537 -0.020000 0.003895
v -0.014821 -0.024000 0.002613
v -0.014569 -0.020000 0.003776
v -0.014537 -0.024000 0.003895
v -0.014537 -0.020000 0.003895
v -0.014142 -0.024000 0.005147
v -0.014142 -0.020000 0.005147
v -0.013640 -0.024000 0.006360
v -0.013640 -0.020000 0.006360
v -0.013034 -0.024000 0.007525
v -0.013034 -0.020000 0.007525
v -0.012328 -0.024000 0.008632
v -0.012328 -0.020000 0.008632
v -0.011529 -0.024000 0.009674
v -0.011529 -0.020000 0.009674
v -0.010642 -0.024000 0.010642
v -0.010642 -0.020000 0.010642
v -0.009674 -0.024000 0.011529
v -0.009674 -0.020000 0.011529
v -0.008632 -0.024000 0.012328
v -0.008632 -0.020000 0.012328
v -0.007525 -0.024000 0.013034
v -0.007525 -0.020000 0.013034
v -0.006360 -0.024000 0.013640
v -0.006360 -0.020000 0.013640
v -0.005147 -0.024000 0.014142
v -0.005147 -0.020000 0.014142
v -0.003895 -0.024000 0.014537
v -0.003895 -0.020000 0.014537
v -0.002613 -0.024000 0.014821
v -0.002613 -0.020000 0.014821
v -0.001312 -0.024000 0.014993
v -0.001312 -0.020000 0.014993
v 0.000000 -0.024000 0.015050
v 0.000000 -0.020000 0.015050
v 0.001312 -0.024000 0.014993
v 0.001312 -0.020000 0.014993
v 0.002613 -0.020000 0.014821
v 0.003895 -0.020000 -0.014537
v 0.003776 -0.020000 -0.014569
v 0.002613 -0.024000 -0.014821
v 0.002613 -0.020000 -0.014821
v 0.001312 -0.024000 -0.014993
v 0.001312 -0.020000 -0.014993
v 0.000000 -0.024000 -0.015050
v 0.000000 -0.020000 -0.015050
v -0.001312 -0.024000 -0.014993
v -0.001312 -0.020000 -0.014993
v -0.002613 -0.024000 -0.014821
v -0.002613 -0.020000 -0.014821
v -0.003895 -0.024000 -0.014537
v -0.003895 -0.020000 -0.014537
v -0.005147 -0.024000 -0.014142
v -0.005147 -0.020000 -0.014142
v -0.006360 -0.024000 -0.013640
v -0.006360 -0.020000 -0.013640
v -0.007525 -0.024000 -0.013034
v -0.007525 -0.020000 -0.013034
v -0.008632 -0.024000 -0.012328
v -0.008632 -0.020000 -0.012328
v -0.009674 -0.024000 -0.011529
v -0.009674 -0.020000 -0.011529
v -0.010642 -0.024000 -0.010642
v -0.010642 -0.020000 -0.010642
v -0.011529 -0.024000 -0.009674
v -0.011529 -0.020000 -0.009674
v -0.012328 -0.024000 -0.008632
v -0.012328 -0.020000 -0.008632
v -0.013034 -0.024000 -0.007525
v -0.013034 -0.020000 -0.007525
v -0.013640 -0.024000 -0.006360
v -0.013640 -0.020000 -0.006360
v -0.014142 -0.024000 -0.005147
v -0.014142 -0.020000 -0.005147
v -0.014537 -0.024000 -0.003895
v -0.014537 -0.020000 -0.003895
v -0.014821 -0.024000 -0.002613
v -0.014821 -0.020000 -0.002613
v -0.014993 -0.024000 -0.001312
v -0.014993 -0.020000 -0.001312
v -0.015050 -0.024000 0.000000
v -0.015050 -0.020000 0.000000
v -0.014993 -0.024000 0.001312
v -0.014993 -0.020000 0.001312
v -0.014821 -0.020000 0.002613
v -0.020000 -0.002000 -0.140000
v -0.019924 -0.002000 -0.141743
v -0.019696 -0.002000 -0.143473
v -0.019319 -0.002000 -0.145176
v -0.018794 -0.002000 -0.146840
v -0.018126 -0.002000 -0.148452
v -0.017321 -0.002000 -0.150000
v -0.016383 -0.002000 -0.151472
v -0.015321 -0.002000 -0.152856
v -0.014142 -0.002000 -0.154142
v -0.012856 -0.002000 -0.155321
v -0.011472 -0.002000 -0.156383
v -0.010000 -0.002000 -0.157321
v -0.008452 -0.002000 -0.158126
v -0.006840 -0.002000 -0.158794
v -0.005176 -0.002000 -0.159319
v -0.003473 -0.002000 -0.159696
v -0.001743 -0.002000 -0.159924
v -0.000000 -0.002000 -0.160000
v 0.001743 -0.002000 -0.159924
v 0.003473 -0.002000 -0.159696
v 0.005176 -0.002000 -0.159319
v 0.006840 -0.002000 -0.158794
v 0.008452 -0.002000 -0.158126
v 0.010000 -0.002000 -0.157321
v 0.011472 -0.002000 -0.156383
v 0.012856 -0.002000 -0.155321
v 0.014142 -0.002000 -0.154142
v 0.015321 -0.002000 -0.152856
v 0.016383 -0.002000 -0.151472
v 0.017321 -0.002000 -0.150000
v 0.018126 -0.002000 -0.148452
v 0.018794 -0.002000 -0.146840
v 0.019319 -0.002000 -0.145176
v 0.019696 -0.002000 -0.143473
v 0.019924 -0.002000 -0.141743
v 0.014234 0.000000 -0.120977
v 0.014408 0.000000 -0.120985
v 0.014581 0.000000 -0.121008
v 0.014751 0.000000 -0.121046
v 0.014918 0.000000 -0.121098
v 0.015079 0.000000 -0.121165
v 0.015234 0.000000 -0.121245
v 0.015381 0.000000 -0.121339
v 0.015519 0.000000 -0.121445
v 0.015648 0.000000 -0.121563
v 0.015766 0.000000 -0.121692
v 0.015872 0.000000 -0.121830
v 0.015966 0.000000 -0.121977
v 0.016046 0.000000 -0.122132
v 0.016113 0.000000 -0.122293
v 0.016165 0.000000 -0.122460
v 0.016203 0.000000 -0.122630
v 0.016226 0.000000 -0.122803
v 0.016234 0.000000 -0.122977
v 0.016226 0.000000 -0.123152
v 0.016203 0.000000 -0.123325
v 0.016165 0.000000 -0.123495
v 0.016113 0.000000 -0.123661
v 0.016046 0.000000 -0.123823
v 0.015966 0.000000 -0.123977
v 0.015872 0.000000 -0.124125
v 0.015766 0.000000 -0.124263
v 0.015648 0.000000 -0.124392
v 0.015519 0.000000 -0.124510
v 0.015381 0.000000 -0.124616
v 0.015234 0.000000 -0.124710
v 0.015079 0.000000 -0.124790
v 0.014918 0.000000 -0.124857
v 0.014751 0.000000 -0.124909
v 0.014581 0.000000 -0.124947
v 0.014408 0.000000 -0.124970
v 0.014234 0.000000 -0.124977
v 0.014059 0.000000 -0.124970
v 0.013886 0.000000 -0.124947
v 0.013716 0.000000 -0.124909
v 0.013549 0.000000 -0.124857
v 0.013388 0.000000 -0.124790
v 0.013234 0.000000 -0.124710
v 0.013086 0.000000 -0.124616
v 0.012948 0.000000 -0.124510
v 0.012819 0.000000 -0.124392
v 0.012701 0.000000 -0.124263
v 0.012595 0.000000 -0.124125
v 0.012501 0.000000 -0.123977
v 0.012421 0.000000 -0.123823
v 0.012354 0.000000 -0.123661
v 0.012302 0.000000 -0.123495
v 0.012264 0.000000 -0.123325
v 0.012241 0.000000 -0.123152
v 0.012234 0.000000 -0.122977
v 0.012241 0.000000 -0.122803
v 0.012264 0.000000 -0.122630
v 0.012302 0.000000 -0.122460
v 0.012354 0.000000 -0.122293
v 0.012421 0.000000 -0.122132
v 0.012501 0.000000 -0.121977
v 0.012595 0.000000 -0.121830
v 0.012701 0.000000 -0.121692
v 0.012819 0.000000 -0.121563
v 0.012948 0.000000 -0.121445
v 0.013086 0.000000 -0.121339
v 0.013234 0.000000 -0.121245
v 0.013388 0.000000 -0.121165
v 0.013549 0.000000 -0.121098
v 0.013716 0.000000 -0.121046
v 0.013886 0.000000 -0.121008
v 0.014059 0.000000 -0.120985
v -0.020000 -0.002000 0.000000
v -0.013070 -0.025000 -0.129435
v -0.012983 -0.025000 -0.129501
v -0.012891 -0.025000 -0.129560
v -0.012795 -0.025000 -0.129610
v -0.012694 -0.025000 -0.129652
v -0.012590 -0.025000 -0.129685
v -0.012484 -0.025000 -0.129708
v -0.012375 -0.025000 -0.129723
v -0.012266 -0.025000 -0.129727
v -0.012158 -0.025000 -0.129723
v -0.012049 -0.025000 -0.129708
v -0.011943 -0.025000 -0.129685
v -0.011839 -0.025000 -0.129652
v -0.011738 -0.025000 -0.129610
v -0.011641 -0.025000 -0.129560
v -0.011549 -0.025000 -0.129501
v -0.011463 -0.025000 -0.129435
v -0.011385 -0.025000 -0.129364
v -0.011383 -0.025000 -0.129361
v -0.011309 -0.025000 -0.129281
v -0.011243 -0.025000 -0.129194
v -0.011184 -0.025000 -0.129102
v -0.011134 -0.025000 -0.129006
v -0.011092 -0.025000 -0.128905
v -0.011059 -0.025000 -0.128801
v -0.011035 -0.025000 -0.128695
v -0.011021 -0.025000 -0.128586
v -0.011016 -0.025000 -0.128477
v -0.011021 -0.025000 -0.128369
v -0.011035 -0.025000 -0.128260
v -0.011059 -0.025000 -0.128154
v -0.011092 -0.025000 -0.128050
v -0.011134 -0.025000 -0.127949
v -0.011184 -0.025000 -0.127852
v -0.011243 -0.025000 -0.127760
v -0.011309 -0.025000 -0.127674
v -0.011383 -0.025000 -0.127594
v -0.011463 -0.025000 -0.127520
v -0.011549 -0.025000 -0.127454
v -0.011641 -0.025000 -0.127395
v -0.011738 -0.025000 -0.127345
v -0.011839 -0.025000 -0.127303
v -0.011943 -0.025000 -0.127270
v -0.012049 -0.025000 -0.127246
v -0.012158 -0.025000 -0.127232
v -0.012266 -0.025000 -0.127227
v -0.012375 -0.025000 -0.127232
v -0.012484 -0.025000 -0.127246
v -0.012590 -0.025000 -0.127270
v -0.012694 -0.025000 -0.127303
v -0.012795 -0.025000 -0.127345
v -0.012891 -0.025000 -0.127395
v -0.012983 -0.025000 -0.127454
v -0.013070 -0.025000 -0.127520
v -0.013150 -0.025000 -0.127594
v -0.013224 -0.025000 -0.127674
v -0.013290 -0.025000 -0.127760
v -0.013349 -0.025000 -0.127852
v -0.013399 -0.025000 -0.127949
v -0.013441 -0.025000 -0.128050
v -0.013474 -0.025000 -0.128154
v -0.013497 -0.025000 -0.128260
v -0.013512 -0.025000 -0.128369
v -0.013516 -0.025000 -0.128477
v -0.013512 -0.025000 -0.128586
v -0.013497 -0.025000 -0.128695
v -0.013474 -0.025000 -0.128801
v -0.013441 -0.025000 -0.128905
v -0.013399 -0.025000 -0.129006
v -0.013349 -0.025000 -0.129102
v -0.013290 -0.025000 -0.129194
v -0.013224 -0.025000 -0.129281
v -0.013150 -0.025000 -0.129361
v -0.013148 -0.025000 -0.129364
v -0.018000 0.000000 -0.140000
v -0.018000 0.000000 -0.133227
v -0.014025 0.000000 -0.133227
v 0.014442 0.000000 -0.127727
v 0.006917 0.000000 -0.127813
v 0.007072 0.000000 -0.127732
v 0.007292 0.000000 -0.127727
v -0.014814 0.000000 -0.126086
v -0.014547 0.000000 -0.083062
v -0.018000 0.000000 -0.047675
v -0.014400 0.000000 -0.082968
v -0.014245 0.000000 -0.082887
v -0.015392 0.000000 -0.124846
v -0.015370 0.000000 -0.125019
v -0.018000 0.000000 -0.127727
v -0.015332 0.000000 -0.125189
v -0.015279 0.000000 -0.125356
v -0.015213 0.000000 -0.125517
v -0.015132 0.000000 -0.125672
v -0.015038 0.000000 -0.125819
v -0.014932 0.000000 -0.125957
v -0.014686 0.000000 -0.083168
v -0.014814 0.000000 -0.083286
v -0.014932 0.000000 -0.083414
v -0.015038 0.000000 -0.083553
v -0.015132 0.000000 -0.083700
v -0.015213 0.000000 -0.083855
v -0.015279 0.000000 -0.084016
v -0.015332 0.000000 -0.084182
v -0.015370 0.000000 -0.084353
v -0.015392 0.000000 -0.084526
v -0.015400 0.000000 -0.084700
v -0.015400 0.000000 -0.124672
v -0.013400 0.000000 -0.082700
v -0.013574 0.000000 -0.082708
v -0.014025 0.000000 -0.047675
v -0.005500 0.000000 -0.082700
v -0.013747 0.000000 -0.082730
v -0.013918 0.000000 -0.082768
v -0.014084 0.000000 -0.082821
v 0.009370 0.000000 -0.125019
v 0.009392 0.000000 -0.124846
v 0.010817 0.000000 -0.127727
v 0.009332 0.000000 -0.125189
v 0.008686 0.000000 -0.083168
v 0.008547 0.000000 -0.083062
v 0.010817 0.000000 -0.047675
v 0.008084 0.000000 -0.082821
v 0.007918 0.000000 -0.082768
v 0.007747 0.000000 -0.082730
v 0.007292 0.000000 -0.047675
v 0.007574 0.000000 -0.082708
v -0.005500 0.000000 -0.047675
v -0.000208 0.000000 -0.082700
v -0.000208 0.000000 -0.047675
v 0.007292 0.000000 -0.082700
v 0.007400 0.000000 -0.082700
v 0.008814 0.000000 -0.126086
v 0.008932 0.000000 -0.125957
v 0.009038 0.000000 -0.125819
v 0.009132 0.000000 -0.125672
v 0.009213 0.000000 -0.125517
v 0.009279 0.000000 -0.125356
v 0.009279 0.000000 -0.084016
v 0.009332 0.000000 -0.084182
v 0.009370 0.000000 -0.084353
v 0.009038 0.000000 -0.083553
v 0.008932 0.000000 -0.083414
v 0.008814 0.000000 -0.083286
v 0.008400 0.000000 -0.082968
v 0.008245 0.000000 -0.082887
v 0.009213 0.000000 -0.083855
v 0.009132 0.000000 -0.083700
v 0.009400 0.000000 -0.124672
v 0.009400 0.000000 -0.084700
v 0.009392 0.000000 -0.084526
v 0.007219 0.000000 -0.127638
v 0.007357 0.000000 -0.127532
v 0.007486 0.000000 -0.127414
v 0.006419 0.000000 -0.127970
v 0.006589 0.000000 -0.127932
v 0.007292 0.000000 -0.133227
v 0.006756 0.000000 -0.127879
v -0.000208 0.000000 -0.128000
v 0.006072 0.000000 -0.128000
v 0.006246 0.000000 -0.127992
v -0.005500 0.000000 -0.133227
v -0.005500 0.000000 -0.128000
v -0.000208 0.000000 -0.133227
v 0.018000 0.000000 -0.047675
v 0.014442 0.000000 -0.047675
v 0.018000 0.000000 -0.127727
v -0.015588 0.000000 -0.149000
v -0.016314 0.000000 -0.147607
v -0.016914 0.000000 -0.146156
v -0.017387 0.000000 -0.144659
v -0.017727 0.000000 -0.143126
v -0.017932 0.000000 -0.141569
v -0.009000 0.000000 -0.155588
v -0.010324 0.000000 -0.154745
v -0.005500 0.000000 -0.148989
v -0.007607 0.000000 -0.156314
v -0.011570 0.000000 -0.153789
v -0.012728 0.000000 -0.152728
v -0.014025 0.000000 -0.148989
v -0.013789 0.000000 -0.151570
v -0.014745 0.000000 -0.150324
v -0.001569 0.000000 -0.157932
v -0.003126 0.000000 -0.157727
v -0.000208 0.000000 -0.148989
v -0.004659 0.000000 -0.157387
v -0.006156 0.000000 -0.156914
v 0.007292 0.000000 -0.148989
v 0.007607 0.000000 -0.156314
v 0.006156 0.000000 -0.156914
v 0.003126 0.000000 -0.157727
v 0.001569 0.000000 -0.157932
v -0.000000 0.000000 -0.158000
v 0.004659 0.000000 -0.157387
v 0.012728 0.000000 -0.152728
v 0.011570 0.000000 -0.153789
v 0.010817 0.000000 -0.148989
v 0.010324 0.000000 -0.154745
v 0.009000 0.000000 -0.155588
v 0.016314 0.000000 -0.147607
v 0.015588 0.000000 -0.149000
v 0.014442 0.000000 -0.148989
v 0.014745 0.000000 -0.150324
v 0.013789 0.000000 -0.151570
v 0.018000 0.000000 -0.133227
v 0.018000 0.000000 -0.140000
v 0.014442 0.000000 -0.133227
v 0.017932 0.000000 -0.141569
v 0.017727 0.000000 -0.143126
v 0.017387 0.000000 -0.144659
v 0.016914 0.000000 -0.146156
v 0.017387 0.000000 0.004659
v 0.017727 0.000000 0.003126
v 0.014442 0.000000 0.005500
v 0.017932 0.000000 0.001569
v 0.014442 0.000000 -0.005500
v 0.018000 0.000000 -0.000000
v 0.018000 0.000000 -0.005500
v 0.015588 0.000000 0.009000
v 0.016314 0.000000 0.007607
v 0.016914 0.000000 0.006156
v 0.010817 0.000000 0.005500
v 0.010324 0.000000 0.014745
v 0.011570 0.000000 0.013789
v 0.012728 0.000000 0.012728
v 0.013789 0.000000 0.011570
v 0.014745 0.000000 0.010324
v 0.009000 0.000000 0.015588
v 0.007292 0.000000 0.005500
v 0.007607 0.000000 0.016314
v -0.000144 0.000000 0.012644
v -0.001569 0.000000 0.017932
v 0.000000 0.000000 0.012650
v 0.000000 0.000000 0.018000
v 0.000697 0.000000 0.012495
v 0.000564 0.000000 0.012550
v 0.003126 0.000000 0.017727
v 0.000825 0.000000 0.009571
v 0.000946 0.000000 0.009648
v 0.001061 0.000000 0.009736
v 0.001569 0.000000 0.017932
v 0.000287 0.000000 0.009375
v -0.000208 0.000000 0.005500
v 0.000144 0.000000 0.009356
v -0.000000 0.000000 0.009350
v 0.000427 0.000000 0.009406
v 0.000564 0.000000 0.009450
v 0.000697 0.000000 0.009505
v 0.004659 0.000000 0.017387
v 0.006156 0.000000 0.016914
v 0.001167 0.000000 0.012167
v 0.000427 0.000000 0.012594
v 0.000287 0.000000 0.012625
v 0.000144 0.000000 0.012644
v 0.001167 0.000000 0.009833
v 0.001264 0.000000 0.009939
v 0.001352 0.000000 0.010054
v 0.001550 0.000000 0.010436
v 0.001594 0.000000 0.010573
v 0.001061 0.000000 0.012264
v 0.000946 0.000000 0.012352
v 0.000825 0.000000 0.012429
v 0.001429 0.000000 0.010175
v 0.001495 0.000000 0.010303
v 0.001550 0.000000 0.011564
v 0.001495 0.000000 0.011697
v 0.001429 0.000000 0.011825
v 0.001352 0.000000 0.011946
v 0.001264 0.000000 0.012061
v 0.001625 0.000000 0.010713
v 0.001644 0.000000 0.010856
v 0.001650 0.000000 0.011000
v 0.001644 0.000000 0.011144
v 0.001625 0.000000 0.011287
v 0.001594 0.000000 0.011427
v -0.000427 0.000000 0.009406
v -0.000287 0.000000 0.009375
v -0.000144 0.000000 0.009356
v -0.000564 0.000000 0.012550
v -0.003126 0.000000 0.017727
v -0.000427 0.000000 0.012594
v -0.000287 0.000000 0.012625
v -0.000697 0.000000 0.012495
v -0.000825 0.000000 0.012429
v -0.004659 0.000000 0.017387
v -0.005500 0.000000 0.005500
v -0.000697 0.000000 0.009505
v -0.000564 0.000000 0.009450
v -0.000946 0.000000 0.012352
v -0.001061 0.000000 0.012264
v -0.006156 0.000000 0.016914
v -0.001429 0.000000 0.010175
v -0.001352 0.000000 0.010054
v -0.001167 0.000000 0.012167
v -0.001264 0.000000 0.012061
v -0.001352 0.000000 0.011946
v -0.001264 0.000000 0.009939
v -0.001167 0.000000 0.009833
v -0.001061 0.000000 0.009736
v -0.000946 0.000000 0.009648
v -0.000825 0.000000 0.009571
v -0.001429 0.000000 0.011825
v -0.001495 0.000000 0.011697
v -0.001550 0.000000 0.011564
v -0.001594 0.000000 0.010573
v -0.001550 0.000000 0.010436
v -0.001495 0.000000 0.010303
v -0.001650 0.000000 0.011000
v -0.001644 0.000000 0.010856
v -0.001625 0.000000 0.010713
v -0.001594 0.000000 0.011427
v -0.001625 0.000000 0.011287
v -0.001644 0.000000 0.011144
v -0.010324 0.000000 0.014745
v -0.009000 0.000000 0.015588
v -0.011570 0.000000 0.013789
v -0.007607 0.000000 0.016314
v -0.016314 0.000000 0.007607
v -0.015588 0.000000 0.009000
v -0.014025 0.000000 0.005500
v -0.014745 0.000000 0.010324
v -0.013789 0.000000 0.011570
v -0.012728 0.000000 0.012728
v -0.017932 0.000000 0.001569
v -0.017727 0.000000 0.003126
v -0.017387 0.000000 0.004659
v -0.016914 0.000000 0.006156
v 0.000427 0.000000 -0.012594
v 0.000564 0.000000 -0.012550
v 0.001061 0.000000 -0.009736
v 0.000946 0.000000 -0.009648
v 0.007292 0.000000 -0.005500
v -0.000144 0.000000 -0.012644
v -0.000000 0.000000 -0.012650
v 0.000144 0.000000 -0.012644
v 0.000287 0.000000 -0.012625
v 0.000427 0.000000 -0.009406
v 0.000287 0.000000 -0.009375
v -0.000208 0.000000 -0.005500
v 0.000144 0.000000 -0.009356
v 0.001429 0.000000 -0.010175
v 0.001352 0.000000 -0.010054
v 0.000825 0.000000 -0.009571
v 0.000697 0.000000 -0.009505
v 0.000564 0.000000 -0.009450
v 0.001264 0.000000 -0.009939
v 0.001167 0.000000 -0.009833
v 0.000946 0.000000 -0.012352
v 0.001061 0.000000 -0.012264
v 0.001167 0.000000 -0.012167
v 0.001264 0.000000 -0.012061
v 0.000697 0.000000 -0.012495
v 0.000825 0.000000 -0.012429
v 0.001625 0.000000 -0.010713
v 0.001594 0.000000 -0.010573
v 0.001550 0.000000 -0.010436
v 0.001495 0.000000 -0.010303
v 0.001352 0.000000 -0.011946
v 0.001429 0.000000 -0.011825
v 0.001495 0.000000 -0.011697
v 0.001550 0.000000 -0.011564
v 0.001594 0.000000 -0.011427
v 0.001625 0.000000 -0.011287
v 0.001644 0.000000 -0.011144
v 0.001650 0.000000 -0.011000
v 0.001644 0.000000 -0.010856
v 0.000000 0.000000 -0.009350
v -0.000144 0.000000 -0.009356
v -0.000287 0.000000 -0.009375
v -0.001167 0.000000 -0.012167
v -0.001061 0.000000 -0.012264
v -0.000697 0.000000 -0.012495
v -0.000564 0.000000 -0.012550
v -0.000427 0.000000 -0.012594
v -0.000287 0.000000 -0.012625
v -0.000825 0.000000 -0.009571
v -0.000946 0.000000 -0.009648
v -0.005500 0.000000 -0.005500
v -0.001061 0.000000 -0.009736
v -0.001167 0.000000 -0.009833
v -0.001264 0.000000 -0.009939
v -0.001352 0.000000 -0.010054
v -0.001429 0.000000 -0.010175
v -0.000946 0.000000 -0.012352
v -0.000825 0.000000 -0.012429
v -0.000427 0.000000 -0.009406
v -0.000564 0.000000 -0.009450
v -0.000697 0.000000 -0.009505
v -0.001429 0.000000 -0.011825
v -0.001495 0.000000 -0.011697
v -0.001550 0.000000 -0.011564
v -0.001352 0.000000 -0.011946
v -0.001264 0.000000 -0.012061
v -0.001495 0.000000 -0.010303
v -0.001550 0.000000 -0.010436
v -0.001594 0.000000 -0.010573
v -0.001625 0.000000 -0.010713
v -0.001644 0.000000 -0.010856
v -0.001650 0.000000 -0.011000
v -0.001644 0.000000 -0.011144
v -0.001625 0.000000 -0.011287
v -0.001594 0.000000 -0.011427
v 0.011564 0.000000 -0.001550
v 0.011697 0.000000 -0.001495
v 0.011564 0.000000 0.001550
v 0.011427 0.000000 0.001594
v 0.010856 0.000000 0.001644
v 0.011000 0.000000 0.001650
v 0.011144 0.000000 0.001644
v 0.010713 0.000000 -0.001625
v 0.010856 0.000000 -0.001644
v 0.010817 0.000000 -0.005500
v 0.011000 0.000000 -0.001650
v 0.012167 0.000000 0.001167
v 0.012061 0.000000 0.001264
v 0.011946 0.000000 0.001352
v 0.011287 0.000000 0.001625
v 0.011144 0.000000 -0.001644
v 0.011287 0.000000 -0.001625
v 0.011427 0.000000 -0.001594
v 0.012264 0.000000 -0.001061
v 0.012167 0.000000 -0.001167
v 0.012061 0.000000 -0.001264
v 0.012495 0.000000 0.000697
v 0.012429 0.000000 0.000825
v 0.011825 0.000000 0.001429
v 0.011697 0.000000 0.001495
v 0.011825 0.000000 -0.001429
v 0.011946 0.000000 -0.001352
v 0.012352 0.000000 0.000946
v 0.012264 0.000000 0.001061
v 0.012352 0.000000 -0.000946
v 0.012429 0.000000 -0.000825
v 0.012495 0.000000 -0.000697
v 0.012625 0.000000 0.000287
v 0.012594 0.000000 0.000427
v 0.012550 0.000000 0.000564
v 0.012550 0.000000 -0.000564
v 0.012594 0.000000 -0.000427
v 0.012625 0.000000 -0.000287
v 0.012644 0.000000 -0.000144
v 0.012650 0.000000 -0.000000
v 0.012644 0.000000 0.000144
v 0.009939 0.000000 -0.001264
v 0.010054 0.000000 -0.001352
v 0.010175 0.000000 -0.001429
v 0.010303 0.000000 -0.001495
v 0.010436 0.000000 -0.001550
v 0.010573 0.000000 -0.001594
v 0.009939 0.000000 0.001264
v 0.009833 0.000000 0.001167
v 0.009736 0.000000 0.001061
v 0.009648 0.000000 0.000946
v 0.010713 0.000000 0.001625
v 0.010573 0.000000 0.001594
v 0.010436 0.000000 0.001550
v 0.010303 0.000000 0.001495
v 0.010175 0.000000 0.001429
v 0.010054 0.000000 0.001352
v 0.009450 0.000000 -0.000564
v 0.009505 0.000000 -0.000697
v 0.009571 0.000000 -0.000825
v 0.009648 0.000000 -0.000946
v 0.009736 0.000000 -0.001061
v 0.009833 0.000000 -0.001167
v 0.009571 0.000000 0.000825
v 0.009505 0.000000 0.000697
v 0.009450 0.000000 0.000564
v 0.009406 0.000000 0.000427
v 0.009375 0.000000 0.000287
v 0.009356 0.000000 0.000144
v 0.009350 0.000000 0.000000
v 0.009356 0.000000 -0.000144
v 0.009375 0.000000 -0.000287
v 0.009406 0.000000 -0.000427
v 0.003408 0.000000 -0.135985
v 0.003234 0.000000 -0.135977
v 0.003059 0.000000 -0.135985
v 0.002886 0.000000 -0.136008
v 0.002716 0.000000 -0.136046
v 0.004079 0.000000 -0.136165
v 0.003918 0.000000 -0.136098
v 0.002388 0.000000 -0.139790
v 0.002549 0.000000 -0.139857
v 0.002716 0.000000 -0.139909
v 0.002886 0.000000 -0.139947
v 0.003751 0.000000 -0.136046
v 0.003581 0.000000 -0.136008
v 0.003059 0.000000 -0.139970
v 0.003234 0.000000 -0.139977
v 0.003408 0.000000 -0.139970
v 0.003581 0.000000 -0.139947
v 0.003751 0.000000 -0.139909
v 0.003918 0.000000 -0.139857
v 0.002549 0.000000 -0.136098
v 0.002388 0.000000 -0.136165
v 0.002234 0.000000 -0.136245
v 0.002086 0.000000 -0.136339
v 0.001948 0.000000 -0.136445
v 0.001819 0.000000 -0.136563
v 0.001701 0.000000 -0.136692
v 0.001595 0.000000 -0.136830
v 0.001501 0.000000 -0.136977
v 0.001501 0.000000 -0.138977
v 0.001595 0.000000 -0.139125
v 0.001701 0.000000 -0.139263
v 0.001819 0.000000 -0.139392
v 0.001948 0.000000 -0.139510
v 0.002086 0.000000 -0.139616
v 0.002234 0.000000 -0.139710
v 0.004079 0.000000 -0.139790
v 0.004234 0.000000 -0.139710
v 0.004381 0.000000 -0.139616
v 0.004519 0.000000 -0.139510
v 0.004648 0.000000 -0.139392
v 0.004766 0.000000 -0.139263
v 0.004648 0.000000 -0.136563
v 0.004519 0.000000 -0.136445
v 0.001302 0.000000 -0.138495
v 0.001264 0.000000 -0.138325
v 0.001241 0.000000 -0.138152
v 0.004381 0.000000 -0.136339
v 0.004234 0.000000 -0.136245
v 0.001421 0.000000 -0.137132
v 0.001354 0.000000 -0.137293
v 0.001302 0.000000 -0.137460
v 0.001264 0.000000 -0.137630
v 0.001241 0.000000 -0.137803
v 0.001234 0.000000 -0.137977
v 0.001354 0.000000 -0.138661
v 0.001421 0.000000 -0.138823
v 0.005226 0.000000 -0.138152
v 0.005234 0.000000 -0.137977
v 0.004872 0.000000 -0.139125
v 0.004966 0.000000 -0.138977
v 0.005046 0.000000 -0.138823
v 0.010817 0.000000 -0.133227
v 0.005203 0.000000 -0.138325
v 0.005113 0.000000 -0.138661
v 0.005165 0.000000 -0.138495
v 0.005226 0.000000 -0.137803
v 0.005203 0.000000 -0.137630
v 0.005165 0.000000 -0.137460
v 0.005113 0.000000 -0.137293
v 0.005046 0.000000 -0.137132
v 0.004966 0.000000 -0.136977
v 0.004872 0.000000 -0.136830
v 0.004766 0.000000 -0.136692
v -0.018000 0.000000 -0.000000
v -0.014025 0.000000 -0.005500
v -0.018000 0.000000 -0.005500
v -0.011000 0.000000 -0.001650
v -0.010856 0.000000 -0.001644
v -0.011427 0.000000 0.001594
v -0.011564 0.000000 0.001550
v -0.010175 0.000000 0.001429
v -0.010303 0.000000 0.001495
v -0.010436 0.000000 0.001550
v -0.011000 0.000000 0.001650
v -0.011144 0.000000 0.001644
v -0.011287 0.000000 0.001625
v -0.012352 0.000000 -0.000946
v -0.012264 0.000000 -0.001061
v -0.011564 0.000000 -0.001550
v -0.011427 0.000000 -0.001594
v -0.011697 0.000000 0.001495
v -0.011825 0.000000 0.001429
v -0.011946 0.000000 0.001352
v -0.011287 0.000000 -0.001625
v -0.011144 0.000000 -0.001644
v -0.009736 0.000000 0.001061
v -0.009833 0.000000 0.001167
v -0.010573 0.000000 0.001594
v -0.010713 0.000000 0.001625
v -0.010856 0.000000 0.001644
v -0.012061 0.000000 0.001264
v -0.012167 0.000000 0.001167
v -0.012264 0.000000 0.001061
v -0.012167 0.000000 -0.001167
v -0.012061 0.000000 -0.001264
v -0.011946 0.000000 -0.001352
v -0.010713 0.000000 -0.001625
v -0.010573 0.000000 -0.001594
v -0.010436 0.000000 -0.001550
v -0.010303 0.000000 -0.001495
v -0.009939 0.000000 0.001264
v -0.010054 0.000000 0.001352
v -0.011825 0.000000 -0.001429
v -0.011697 0.000000 -0.001495
v -0.010175 0.000000 -0.001429
v -0.010054 0.000000 -0.001352
v -0.009939 0.000000 -0.001264
v -0.012594 0.000000 -0.000427
v -0.012550 0.000000 -0.000564
v -0.009833 0.000000 -0.001167
v -0.009736 0.000000 -0.001061
v -0.009648 0.000000 -0.000946
v -0.012352 0.000000 0.000946
v -0.012429 0.000000 0.000825
v -0.012495 0.000000 0.000697
v -0.012625 0.000000 -0.000287
v -0.012495 0.000000 -0.000697
v -0.012429 0.000000 -0.000825
v -0.009571 0.000000 -0.000825
v -0.009505 0.000000 -0.000697
v -0.009450 0.000000 -0.000564
v -0.012550 0.000000 0.000564
v -0.012594 0.000000 0.000427
v -0.012625 0.000000 0.000287
v -0.009450 0.000000 0.000564
v -0.009505 0.000000 0.000697
v -0.009571 0.000000 0.000825
v -0.009648 0.000000 0.000946
v -0.012644 0.000000 0.000144
v -0.012650 0.000000 0.000000
v -0.012644 0.000000 -0.000144
v -0.009406 0.000000 -0.000427
v -0.009375 0.000000 -0.000287
v -0.009356 0.000000 -0.000144
v -0.009350 0.000000 -0.000000
v -0.009356 0.000000 0.000144
v -0.009375 0.000000 0.000287
v -0.009406 0.000000 0.000427
v 0.006809 -0.016900 0.005917
v 0.006904 -0.016900 0.005904
v 0.007000 -0.016900 0.007000
v 0.007000 -0.016900 0.005900
v 0.007096 -0.016900 0.005904
v 0.006535 -0.016900 0.006003
v 0.006624 -0.016900 0.005966
v 0.006715 -0.016900 0.005937
v 0.006293 -0.016900 0.006157
v 0.006369 -0.016900 0.006099
v 0.006450 -0.016900 0.006047
v 0.006099 -0.016900 0.006369
v 0.006157 -0.016900 0.006293
v 0.006222 -0.016900 0.006222
v 0.005966 -0.016900 0.006624
v 0.006003 -0.016900 0.006535
v 0.006047 -0.016900 0.006450
v 0.005904 -0.016900 0.006904
v 0.005917 -0.016900 0.006809
v 0.005937 -0.016900 0.006715
v 0.005917 -0.016900 0.007191
v 0.005904 -0.016900 0.007096
v 0.005900 -0.016900 0.007000
v 0.006003 -0.016900 0.007465
v 0.005966 -0.016900 0.007376
v 0.005937 -0.016900 0.007285
v 0.006157 -0.016900 0.007707
v 0.006099 -0.016900 0.007631
v 0.006047 -0.016900 0.007550
v 0.006369 -0.016900 0.007901
v 0.006293 -0.016900 0.007843
v 0.006222 -0.016900 0.007778
v 0.006624 -0.016900 0.008034
v 0.006535 -0.016900 0.007997
v 0.006450 -0.016900 0.007953
v 0.006904 -0.016900 0.008096
v 0.006809 -0.016900 0.008083
v 0.006715 -0.016900 0.008063
v 0.007191 -0.016900 0.008083
v 0.007096 -0.016900 0.008096
v 0.007000 -0.016900 0.008100
v 0.007465 -0.016900 0.007997
v 0.007376 -0.016900 0.008034
v 0.007285 -0.016900 0.008063
v 0.007707 -0.016900 0.007843
v 0.007631 -0.016900 0.007901
v 0.007550 -0.016900 0.007953
v 0.007901 -0.016900 0.007631
v 0.007843 -0.016900 0.007707
v 0.007778 -0.016900 0.007778
v 0.008034 -0.016900 0.007376
v 0.007997 -0.016900 0.007465
v 0.007953 -0.016900 0.007550
v 0.008096 -0.016900 0.007096
v 0.008083 -0.016900 0.007191
v 0.008063 -0.016900 0.007285
v 0.008083 -0.016900 0.006809
v 0.008096 -0.016900 0.006904
v 0.008100 -0.016900 0.007000
v 0.007997 -0.016900 0.006535
v 0.008034 -0.016900 0.006624
v 0.008063 -0.016900 0.006715
v 0.007843 -0.016900 0.006293
v 0.007901 -0.016900 0.006369
v 0.007953 -0.016900 0.006450
v 0.007631 -0.016900 0.006099
v 0.007707 -0.016900 0.006157
v 0.007778 -0.016900 0.006222
v 0.007376 -0.016900 0.005966
v 0.007465 -0.016900 0.006003
v 0.007550 -0.016900 0.006047
v 0.007191 -0.016900 0.005917
v 0.007285 -0.016900 0.005937
v -0.010550 -0.021150 -0.082700
v -0.010550 -0.021150 -0.110000
v -0.010550 -0.020000 -0.082700
v -0.010550 -0.020000 -0.110000
v -0.011564 -0.020000 -0.001550
v -0.011697 -0.020000 -0.001495
v -0.012352 -0.020000 0.000946
v -0.012264 -0.020000 0.001061
v -0.011564 -0.020000 0.001550
v -0.011427 -0.020000 0.001594
v -0.012061 -0.020000 0.001264
v -0.011946 -0.020000 0.001352
v -0.012264 -0.020000 -0.001061
v -0.012167 -0.020000 -0.001167
v -0.011825 -0.020000 0.001429
v -0.011697 -0.020000 0.001495
v -0.010436 -0.020000 0.001550
v -0.010303 -0.020000 0.001495
v 0.003775 -0.020000 0.003775
v -0.010175 -0.020000 0.001429
v -0.010054 -0.020000 0.001352
v -0.011825 -0.020000 -0.001429
v -0.011946 -0.020000 -0.001352
v -0.012061 -0.020000 -0.001264
v -0.012167 -0.020000 0.001167
v -0.011287 -0.020000 0.001625
v -0.011144 -0.020000 0.001644
v -0.011000 -0.020000 0.001650
v -0.010856 -0.020000 0.001644
v -0.010713 -0.020000 0.001625
v -0.010573 -0.020000 0.001594
v -0.012352 -0.020000 -0.000946
v -0.012429 -0.020000 -0.000825
v -0.012495 -0.020000 -0.000697
v -0.012550 -0.020000 -0.000564
v -0.012594 -0.020000 0.000427
v -0.012550 -0.020000 0.000564
v -0.012495 -0.020000 0.000697
v -0.012429 -0.020000 0.000825
v -0.001352 -0.020000 -0.011946
v -0.001429 -0.020000 -0.011825
v -0.009736 -0.020000 -0.001061
v 0.000287 -0.020000 -0.009375
v 0.000144 -0.020000 -0.009356
v 0.000000 -0.020000 -0.009350
v 0.000144 -0.020000 -0.012644
v 0.000287 -0.020000 -0.012625
v 0.000427 -0.020000 -0.012594
v 0.000564 -0.020000 -0.012550
v -0.009648 -0.020000 -0.000946
v 0.000427 -0.020000 -0.009406
v 0.000564 -0.020000 -0.009450
v 0.000697 -0.020000 -0.009505
v 0.000825 -0.020000 -0.009571
v 0.000946 -0.020000 -0.009648
v 0.001061 -0.020000 -0.009736
v -0.012644 -0.020000 -0.000144
v -0.012625 -0.020000 -0.000287
v -0.012594 -0.020000 -0.000427
v -0.000697 -0.020000 -0.012495
v -0.000564 -0.020000 -0.012550
v -0.000427 -0.020000 -0.012594
v -0.001061 -0.020000 -0.012264
v -0.001167 -0.020000 -0.012167
v -0.011427 -0.020000 -0.001594
v -0.011287 -0.020000 -0.001625
v -0.011144 -0.020000 -0.001644
v -0.011000 -0.020000 -0.001650
v -0.010856 -0.020000 -0.001644
v -0.010713 -0.020000 -0.001625
v -0.010573 -0.020000 -0.001594
v -0.010436 -0.020000 -0.001550
v -0.010303 -0.020000 -0.001495
v -0.012650 -0.020000 0.000000
v -0.012644 -0.020000 0.000144
v -0.012625 -0.020000 0.000287
v -0.009736 -0.020000 0.001061
v -0.000697 -0.020000 -0.009505
v -0.000564 -0.020000 -0.009450
v -0.009939 -0.020000 0.001264
v -0.009833 -0.020000 0.001167
v -0.000000 -0.020000 -0.012650
v -0.000144 -0.020000 -0.012644
v -0.000287 -0.020000 -0.012625
v -0.000825 -0.020000 -0.012429
v -0.000946 -0.020000 -0.012352
v 0.001167 -0.020000 -0.009833
v 0.001264 -0.020000 -0.009939
v 0.001352 -0.020000 -0.010054
v -0.010054 -0.020000 -0.001352
v -0.001264 -0.020000 -0.012061
v -0.009939 -0.020000 -0.001264
v -0.009833 -0.020000 -0.001167
v -0.001429 -0.020000 -0.010175
v -0.001352 -0.020000 -0.010054
v -0.009571 -0.020000 0.000825
v -0.001264 -0.020000 -0.009939
v -0.009648 -0.020000 0.000946
v -0.001167 -0.020000 -0.009833
v -0.000427 -0.020000 -0.009406
v -0.000287 -0.020000 -0.009375
v -0.000144 -0.020000 -0.009356
v -0.010175 -0.020000 -0.001429
v -0.009505 -0.020000 0.000697
v -0.009450 -0.020000 -0.000564
v -0.009505 -0.020000 -0.000697
v -0.009571 -0.020000 -0.000825
v -0.001495 -0.020000 -0.011697
v -0.001550 -0.020000 -0.011564
v -0.001594 -0.020000 -0.011427
v -0.001061 -0.020000 -0.009736
v -0.000946 -0.020000 -0.009648
v -0.000825 -0.020000 -0.009571
v 0.001429 -0.020000 -0.010175
v 0.001495 -0.020000 -0.010303
v 0.001550 -0.020000 -0.010436
v -0.001625 -0.020000 -0.011287
v -0.001644 -0.020000 -0.011144
v -0.001650 -0.020000 -0.011000
v 0.001550 -0.020000 -0.011564
v 0.001495 -0.020000 -0.011697
v 0.001429 -0.020000 -0.011825
v 0.001352 -0.020000 -0.011946
v 0.001061 -0.020000 -0.012264
v 0.001167 -0.020000 -0.012167
v 0.001264 -0.020000 -0.012061
v 0.000946 -0.020000 -0.012352
v 0.000825 -0.020000 -0.012429
v 0.000697 -0.020000 -0.012495
v -0.009450 -0.020000 0.000564
v -0.009406 -0.020000 0.000427
v -0.009375 -0.020000 0.000287
v -0.001644 -0.020000 -0.010856
v -0.001625 -0.020000 -0.010713
v -0.001594 -0.020000 -0.010573
v -0.001550 -0.020000 -0.010436
v -0.001495 -0.020000 -0.010303
v -0.009356 -0.020000 0.000144
v -0.009350 -0.020000 -0.000000
v -0.009356 -0.020000 -0.000144
v -0.009375 -0.020000 -0.000287
v -0.009406 -0.020000 -0.000427
v 0.001650 -0.020000 -0.011000
v 0.001644 -0.020000 -0.011144
v 0.001594 -0.020000 -0.010573
v 0.001625 -0.020000 -0.010713
v 0.001644 -0.020000 -0.010856
v 0.001625 -0.020000 -0.011287
v 0.001594 -0.020000 -0.011427
v -0.000144 -0.020000 0.009356
v -0.000287 -0.020000 0.009375
v -0.000427 -0.020000 0.009406
v -0.000564 -0.020000 0.009450
v -0.001061 -0.020000 0.012264
v -0.000946 -0.020000 0.012352
v -0.000825 -0.020000 0.012429
v -0.000697 -0.020000 0.012495
v -0.000564 -0.020000 0.012550
v 0.001264 -0.020000 0.009939
v 0.001167 -0.020000 0.009833
v 0.001061 -0.020000 0.009736
v 0.000946 -0.020000 0.009648
v 0.000825 -0.020000 0.009571
v 0.000697 -0.020000 0.009505
v 0.000287 -0.020000 0.009375
v 0.000144 -0.020000 0.009356
v -0.000000 -0.020000 0.009350
v -0.000144 -0.020000 0.012644
v -0.000287 -0.020000 0.012625
v -0.000427 -0.020000 0.012594
v 0.000564 -0.020000 0.009450
v 0.000427 -0.020000 0.009406
v -0.000697 -0.020000 0.009505
v -0.000825 -0.020000 0.009571
v -0.000946 -0.020000 0.009648
v 0.000000 -0.020000 0.012650
v 0.000144 -0.020000 0.012644
v 0.000287 -0.020000 0.012625
v 0.000427 -0.020000 0.012594
v 0.001167 -0.020000 0.012167
v 0.001061 -0.020000 0.012264
v 0.000946 -0.020000 0.012352
v -0.001061 -0.020000 0.009736
v -0.001167 -0.020000 0.009833
v -0.001264 -0.020000 0.009939
v 0.000564 -0.020000 0.012550
v 0.000697 -0.020000 0.012495
v 0.000825 -0.020000 0.012429
v 0.001625 -0.020000 0.010713
v 0.001594 -0.020000 0.010573
v 0.001550 -0.020000 0.010436
v 0.001495 -0.020000 0.010303
v -0.001495 -0.020000 0.010303
v -0.001429 -0.020000 0.010175
v -0.001352 -0.020000 0.010054
v -0.001167 -0.020000 0.012167
v -0.001264 -0.020000 0.012061
v 0.001264 -0.020000 0.012061
v 0.001352 -0.020000 0.011946
v 0.001429 -0.020000 0.011825
v 0.001429 -0.020000 0.010175
v 0.001352 -0.020000 0.010054
v -0.001352 -0.020000 0.011946
v -0.001429 -0.020000 0.011825
v 0.001495 -0.020000 0.011697
v 0.001550 -0.020000 0.011564
v 0.001594 -0.020000 0.011427
v -0.001495 -0.020000 0.011697
v -0.001550 -0.020000 0.011564
v 0.001644 -0.020000 0.010856
v 0.001650 -0.020000 0.011000
v -0.001594 -0.020000 0.011427
v -0.001625 -0.020000 0.011287
v -0.001644 -0.020000 0.011144
v -0.001650 -0.020000 0.011000
v -0.001644 -0.020000 0.010856
v -0.001625 -0.020000 0.010713
v -0.001594 -0.020000 0.010573
v -0.001550 -0.020000 0.010436
v 0.001625 -0.020000 0.011287
v 0.001644 -0.020000 0.011144
v 0.006293 -0.020000 0.007843
v 0.006369 -0.020000 0.007901
v 0.007000 -0.020000 0.005900
v 0.006904 -0.020000 0.005904
v 0.006809 -0.020000 0.005917
v 0.007376 -0.020000 0.008034
v 0.007465 -0.020000 0.007997
v 0.007707 -0.020000 0.006157
v 0.007631 -0.020000 0.006099
v 0.006715 -0.020000 0.005937
v 0.006624 -0.020000 0.005966
v 0.006535 -0.020000 0.006003
v 0.007707 -0.020000 0.007843
v 0.007631 -0.020000 0.007901
v 0.007550 -0.020000 0.007953
v 0.006099 -0.020000 0.007631
v 0.006157 -0.020000 0.007707
v 0.006222 -0.020000 0.007778
v 0.006450 -0.020000 0.007953
v 0.006535 -0.020000 0.007997
v 0.006624 -0.020000 0.008034
v 0.007550 -0.020000 0.006047
v 0.007465 -0.020000 0.006003
v 0.007376 -0.020000 0.005966
v 0.007285 -0.020000 0.005937
v 0.007191 -0.020000 0.005917
v 0.007096 -0.020000 0.005904
v 0.006450 -0.020000 0.006047
v 0.006369 -0.020000 0.006099
v 0.006293 -0.020000 0.006157
v 0.006222 -0.020000 0.006222
v 0.006157 -0.020000 0.006293
v 0.006099 -0.020000 0.006369
v 0.006047 -0.020000 0.006450
v 0.006003 -0.020000 0.006535
v 0.005966 -0.020000 0.006624
v 0.005937 -0.020000 0.007285
v 0.005966 -0.020000 0.007376
v 0.006715 -0.020000 0.008063
v 0.006809 -0.020000 0.008083
v 0.006904 -0.020000 0.008096
v 0.007000 -0.020000 0.008100
v 0.007953 -0.020000 0.006450
v 0.007901 -0.020000 0.006369
v 0.006003 -0.020000 0.007465
v 0.006047 -0.020000 0.007550
v 0.007096 -0.020000 0.008096
v 0.007191 -0.020000 0.008083
v 0.007285 -0.020000 0.008063
v 0.008096 -0.020000 0.007096
v 0.008100 -0.020000 0.007000
v 0.007843 -0.020000 0.006293
v 0.007778 -0.020000 0.006222
v 0.007778 -0.020000 0.007778
v 0.007843 -0.020000 0.007707
v 0.007901 -0.020000 0.007631
v 0.007953 -0.020000 0.007550
v 0.007997 -0.020000 0.007465
v 0.005937 -0.020000 0.006715
v 0.005917 -0.020000 0.006809
v 0.005904 -0.020000 0.006904
v 0.008096 -0.020000 0.006904
v 0.008083 -0.020000 0.006809
v 0.008063 -0.020000 0.006715
v 0.008034 -0.020000 0.006624
v 0.007997 -0.020000 0.006535
v 0.008034 -0.020000 0.007376
v 0.008063 -0.020000 0.007285
v 0.008083 -0.020000 0.007191
v 0.005900 -0.020000 0.007000
v 0.005904 -0.020000 0.007096
v 0.005917 -0.020000 0.007191
v 0.011000 -0.020000 0.001650
v 0.011144 -0.020000 0.001644
v 0.011287 -0.020000 0.001625
v 0.011427 -0.020000 0.001594
v 0.011564 -0.020000 0.001550
v 0.012352 -0.020000 -0.000946
v 0.012264 -0.020000 -0.001061
v 0.009648 -0.020000 0.000946
v 0.009736 -0.020000 0.001061
v 0.010303 -0.020000 -0.001495
v 0.010175 -0.020000 -0.001429
v 0.011697 -0.020000 0.001495
v 0.011825 -0.020000 0.001429
v 0.011946 -0.020000 0.001352
v 0.012264 -0.020000 0.001061
v 0.012167 -0.020000 0.001167
v 0.012061 -0.020000 0.001264
v 0.012061 -0.020000 -0.001264
v 0.010436 -0.020000 -0.001550
v 0.010573 -0.020000 -0.001594
v 0.010713 -0.020000 -0.001625
v 0.010856 -0.020000 -0.001644
v 0.011000 -0.020000 -0.001650
v 0.011144 -0.020000 -0.001644
v 0.011287 -0.020000 -0.001625
v 0.011427 -0.020000 -0.001594
v 0.011564 -0.020000 -0.001550
v 0.012167 -0.020000 -0.001167
v 0.010054 -0.020000 -0.001352
v 0.009939 -0.020000 -0.001264
v 0.009833 -0.020000 -0.001167
v 0.009833 -0.020000 0.001167
v 0.009939 -0.020000 0.001264
v 0.010054 -0.020000 0.001352
v 0.011946 -0.020000 -0.001352
v 0.011825 -0.020000 -0.001429
v 0.011697 -0.020000 -0.001495
v 0.010175 -0.020000 0.001429
v 0.010303 -0.020000 0.001495
v 0.010436 -0.020000 0.001550
v 0.012352 -0.020000 0.000946
v 0.012429 -0.020000 0.000825
v 0.012495 -0.020000 0.000697
v 0.012550 -0.020000 0.000564
v 0.009736 -0.020000 -0.001061
v 0.009648 -0.020000 -0.000946
v 0.009571 -0.020000 -0.000825
v 0.010573 -0.020000 0.001594
v 0.010713 -0.020000 0.001625
v 0.010856 -0.020000 0.001644
v 0.012594 -0.020000 -0.000427
v 0.012550 -0.020000 -0.000564
v 0.012495 -0.020000 -0.000697
v 0.012429 -0.020000 -0.000825
v 0.009450 -0.020000 0.000564
v 0.009505 -0.020000 0.000697
v 0.009571 -0.020000 0.000825
v 0.009505 -0.020000 -0.000697
v 0.009450 -0.020000 -0.000564
v 0.009406 -0.020000 -0.000427
v 0.009375 -0.020000 -0.000287
v 0.012644 -0.020000 0.000144
v 0.012625 -0.020000 0.000287
v 0.012594 -0.020000 0.000427
v 0.009356 -0.020000 -0.000144
v 0.009350 -0.020000 0.000000
v 0.009356 -0.020000 0.000144
v 0.009375 -0.020000 0.000287
v 0.009406 -0.020000 0.000427
v 0.012650 -0.020000 -0.000000
v 0.012644 -0.020000 -0.000144
v 0.012625 -0.020000 -0.000287
v 0.014234 -0.025000 -0.121727
v 0.014342 -0.025000 -0.121732
v 0.014451 -0.025000 -0.121746
v 0.014557 -0.025000 -0.121770
v 0.014661 -0.025000 -0.121803
v 0.014762 -0.025000 -0.121845
v 0.014859 -0.025000 -0.121895
v 0.014951 -0.025000 -0.121954
v 0.015037 -0.025000 -0.122020
v 0.015117 -0.025000 -0.122094
v 0.015191 -0.025000 -0.122174
v 0.015257 -0.025000 -0.122260
v 0.015316 -0.025000 -0.122352
v 0.015366 -0.025000 -0.122449
v 0.015408 -0.025000 -0.122550
v 0.015441 -0.025000 -0.122654
v 0.015465 -0.025000 -0.122760
v 0.015479 -0.025000 -0.122869
v 0.015484 -0.025000 -0.122977
v 0.015479 -0.025000 -0.123086
v 0.015465 -0.025000 -0.123195
v 0.015441 -0.025000 -0.123301
v 0.015408 -0.025000 -0.123405
v 0.015366 -0.025000 -0.123506
v 0.015316 -0.025000 -0.123602
v 0.015257 -0.025000 -0.123694
v 0.015191 -0.025000 -0.123781
v 0.015117 -0.025000 -0.123861
v 0.015037 -0.025000 -0.123935
v 0.014951 -0.025000 -0.124001
v 0.014859 -0.025000 -0.124060
v 0.014762 -0.025000 -0.124110
v 0.014661 -0.025000 -0.124152
v 0.014557 -0.025000 -0.124185
v 0.014451 -0.025000 -0.124208
v 0.014342 -0.025000 -0.124223
v 0.014234 -0.025000 -0.124227
v 0.014125 -0.025000 -0.124223
v 0.014016 -0.025000 -0.124208
v 0.013910 -0.025000 -0.124185
v 0.013806 -0.025000 -0.124152
v 0.013705 -0.025000 -0.124110
v 0.013609 -0.025000 -0.124060
v 0.013517 -0.025000 -0.124001
v 0.013430 -0.025000 -0.123935
v 0.013350 -0.025000 -0.123861
v 0.013276 -0.025000 -0.123781
v 0.013210 -0.025000 -0.123694
v 0.013151 -0.025000 -0.123602
v 0.013101 -0.025000 -0.123506
v 0.013059 -0.025000 -0.123405
v 0.013026 -0.025000 -0.123301
v 0.013003 -0.025000 -0.123195
v 0.012988 -0.025000 -0.123086
v 0.012984 -0.025000 -0.122977
v 0.012988 -0.025000 -0.122869
v 0.013003 -0.025000 -0.122760
v 0.013026 -0.025000 -0.122654
v 0.013059 -0.025000 -0.122550
v 0.013101 -0.025000 -0.122449
v 0.013151 -0.025000 -0.122352
v 0.013210 -0.025000 -0.122260
v 0.013276 -0.025000 -0.122174
v 0.013350 -0.025000 -0.122094
v 0.013430 -0.025000 -0.122020
v 0.013517 -0.025000 -0.121954
v 0.013609 -0.025000 -0.121895
v 0.013705 -0.025000 -0.121845
v 0.013806 -0.025000 -0.121803
v 0.013910 -0.025000 -0.121770
v 0.014016 -0.025000 -0.121746
v 0.014125 -0.025000 -0.121732
v 0.019924 -0.002000 0.001743
v 0.019696 -0.002000 0.003473
v 0.019319 -0.002000 0.005176
v 0.018794 -0.002000 0.006840
v 0.018126 -0.002000 0.008452
v 0.017321 -0.002000 0.010000
v 0.016383 -0.002000 0.011472
v 0.015321 -0.002000 0.012856
v 0.014142 -0.002000 0.014142
v 0.012856 -0.002000 0.015321
v 0.011472 -0.002000 0.016383
v 0.010000 -0.002000 0.017321
v 0.008452 -0.002000 0.018126
v 0.006840 -0.002000 0.018794
v 0.005176 -0.002000 0.019319
v 0.003473 -0.002000 0.019696
v 0.001743 -0.002000 0.019924
v 0.000000 -0.002000 0.020000
v -0.001743 -0.002000 0.019924
v -0.003473 -0.002000 0.019696
v -0.005176 -0.002000 0.019319
v -0.006840 -0.002000 0.018794
v -0.008452 -0.002000 0.018126
v -0.010000 -0.002000 0.017321
v -0.011472 -0.002000 0.016383
v -0.012856 -0.002000 0.015321
v -0.014142 -0.002000 0.014142
v -0.015321 -0.002000 0.012856
v -0.016383 -0.002000 0.011472
v -0.017321 -0.002000 0.010000
v -0.018126 -0.002000 0.008452
v -0.018794 -0.002000 0.006840
v -0.019319 -0.002000 0.005176
v -0.019696 -0.002000 0.003473
v -0.019924 -0.002000 0.001743
v 0.010492 -0.025000 -0.129364
v -0.013958 -0.025000 -0.118959
v -0.012969 -0.025000 -0.122649
v -0.013337 -0.025000 -0.121762
v -0.012011 -0.025000 -0.124309
v -0.013625 -0.025000 -0.120847
v -0.013833 -0.025000 -0.119910
v -0.011426 -0.025000 -0.125071
v -0.012526 -0.025000 -0.123500
v -0.000153 -0.025000 -0.128625
v -0.001090 -0.025000 -0.128833
v -0.010778 -0.025000 -0.125778
v -0.010071 -0.025000 -0.126426
v -0.003000 -0.025000 -0.129000
v -0.007649 -0.025000 -0.108031
v -0.006762 -0.025000 -0.107663
v -0.002041 -0.025000 -0.128958
v -0.008500 -0.025000 -0.127526
v -0.009309 -0.025000 -0.127011
v -0.007649 -0.025000 -0.127969
v -0.004910 -0.025000 -0.128833
v -0.003959 -0.025000 -0.128958
v -0.012969 -0.025000 -0.113351
v -0.012526 -0.025000 -0.112500
v -0.008500 -0.025000 -0.108474
v -0.005847 -0.025000 -0.128625
v -0.006762 -0.025000 -0.128337
v -0.013337 -0.025000 -0.114238
v -0.010778 -0.025000 -0.110222
v -0.010071 -0.025000 -0.109574
v -0.009309 -0.025000 -0.108989
v -0.014000 -0.025000 -0.118000
v -0.012011 -0.025000 -0.111691
v -0.011426 -0.025000 -0.110929
v -0.001090 -0.025000 -0.107167
v 0.010498 -0.025000 -0.012141
v 0.010317 -0.025000 -0.012295
v 0.003309 -0.025000 -0.127011
v 0.002500 -0.025000 -0.127526
v -0.013958 -0.025000 -0.117041
v -0.013833 -0.025000 -0.116090
v -0.013625 -0.025000 -0.115153
v 0.004154 -0.025000 -0.015503
v 0.002787 -0.025000 -0.015806
v -0.003959 -0.025000 -0.107042
v -0.000153 -0.025000 -0.107375
v 0.000762 -0.025000 -0.107663
v 0.001649 -0.025000 -0.108031
v 0.001649 -0.025000 -0.127969
v 0.000762 -0.025000 -0.128337
v 0.009206 -0.025000 -0.013147
v 0.008025 -0.025000 -0.013900
v -0.002041 -0.025000 -0.107042
v 0.006783 -0.025000 -0.014546
v -0.003000 -0.025000 -0.107000
v 0.002500 -0.025000 -0.108474
v 0.003309 -0.025000 -0.108989
v 0.004071 -0.025000 -0.109574
v 0.005426 -0.025000 -0.125071
v 0.004778 -0.025000 -0.125778
v 0.004071 -0.025000 -0.126426
v 0.005489 -0.025000 -0.015082
v -0.001399 -0.025000 -0.015989
v -0.002787 -0.025000 -0.015806
v -0.004154 -0.025000 -0.015503
v 0.004778 -0.025000 -0.110222
v 0.005426 -0.025000 -0.110929
v 0.006011 -0.025000 -0.111691
v 0.006969 -0.025000 -0.122649
v 0.006526 -0.025000 -0.123500
v 0.006011 -0.025000 -0.124309
v 0.001399 -0.025000 -0.015989
v -0.000000 -0.025000 -0.016050
v -0.004910 -0.025000 -0.107167
v -0.005847 -0.025000 -0.107375
v -0.005489 -0.025000 -0.015082
v -0.006783 -0.025000 -0.014546
v -0.008025 -0.025000 -0.013900
v -0.009206 -0.025000 -0.013147
v -0.010317 -0.025000 -0.012295
v -0.011349 -0.025000 -0.011349
v -0.012295 -0.025000 -0.010317
v -0.013147 -0.025000 -0.009206
v -0.013900 -0.025000 -0.008025
v 0.006526 -0.025000 -0.112500
v 0.006969 -0.025000 -0.113351
v 0.007337 -0.025000 -0.114238
v 0.007958 -0.025000 -0.118959
v 0.007833 -0.025000 -0.119910
v -0.014546 -0.025000 -0.006783
v -0.015082 -0.025000 -0.005489
v -0.015503 -0.025000 -0.004154
v -0.015806 -0.025000 -0.002787
v 0.008000 -0.025000 -0.118000
v 0.007625 -0.025000 -0.120847
v 0.007337 -0.025000 -0.121762
v -0.015989 -0.025000 -0.001399
v -0.016050 -0.025000 0.000000
v -0.015989 -0.025000 0.001399
v -0.015806 -0.025000 0.002787
v -0.015503 -0.025000 0.004154
v -0.015082 -0.025000 0.005489
v -0.014546 -0.025000 0.006783
v -0.013900 -0.025000 0.008025
v -0.013147 -0.025000 0.009206
v -0.012295 -0.025000 0.010317
v -0.011349 -0.025000 0.011349
v -0.010317 -0.025000 0.012295
v -0.009206 -0.025000 0.013147
v -0.008025 -0.025000 0.013900
v -0.006783 -0.025000 0.014546
v -0.005489 -0.025000 0.015082
v -0.004154 -0.025000 0.015503
v -0.002787 -0.025000 0.015806
v -0.001399 -0.025000 0.015989
v 0.000000 -0.025000 0.016050
v 0.001399 -0.025000 0.015989
v 0.002787 -0.025000 0.015806
v 0.004154 -0.025000 0.015503
v 0.005489 -0.025000 0.015082
v 0.006783 -0.025000 0.014546
v 0.008025 -0.025000 0.013900
v 0.009206 -0.025000 0.013147
v 0.007625 -0.025000 -0.115153
v 0.007833 -0.025000 -0.116090
v 0.007958 -0.025000 -0.117041
v 0.014546 -0.025000 -0.006783
v 0.013900 -0.025000 -0.008025
v 0.010317 -0.025000 0.012295
v 0.010498 -0.025000 0.012141
v 0.011349 -0.025000 0.011349
v 0.016050 -0.025000 -0.000000
v 0.015989 -0.025000 -0.001399
v 0.015806 -0.025000 -0.002787
v 0.015503 -0.025000 -0.004154
v 0.015082 -0.025000 -0.005489
v 0.011349 -0.025000 -0.011349
v 0.012295 -0.025000 -0.010317
v 0.013147 -0.025000 -0.009206
v 0.015989 -0.025000 0.001399
v 0.015806 -0.025000 0.002787
v 0.015503 -0.025000 0.004154
v 0.015082 -0.025000 0.005489
v 0.014546 -0.025000 0.006783
v 0.013900 -0.025000 0.008025
v 0.013147 -0.025000 0.009206
v 0.012295 -0.025000 0.010317
v 0.003234 -0.025000 -0.136727
v 0.003342 -0.025000 -0.136732
v 0.002517 -0.025000 -0.136954
v 0.002609 -0.025000 -0.136895
v 0.002705 -0.025000 -0.136845
v 0.002806 -0.025000 -0.136803
v 0.002910 -0.025000 -0.136770
v 0.003016 -0.025000 -0.136746
v 0.003125 -0.025000 -0.136732
v 0.003451 -0.025000 -0.136746
v 0.003557 -0.025000 -0.136770
v 0.003661 -0.025000 -0.136803
v 0.002609 -0.025000 -0.139060
v 0.002705 -0.025000 -0.139110
v 0.002806 -0.025000 -0.139152
v 0.002210 -0.025000 -0.137260
v 0.002276 -0.025000 -0.137174
v 0.003762 -0.025000 -0.136845
v 0.003859 -0.025000 -0.136895
v 0.003951 -0.025000 -0.136954
v 0.002910 -0.025000 -0.139185
v 0.003016 -0.025000 -0.139208
v 0.003125 -0.025000 -0.139223
v 0.003234 -0.025000 -0.139227
v 0.003342 -0.025000 -0.139223
v 0.003451 -0.025000 -0.139208
v 0.003557 -0.025000 -0.139185
v 0.003661 -0.025000 -0.139152
v 0.003762 -0.025000 -0.139110
v 0.003859 -0.025000 -0.139060
v 0.003951 -0.025000 -0.139001
v 0.002350 -0.025000 -0.137094
v 0.002430 -0.025000 -0.137020
v 0.002517 -0.025000 -0.139001
v 0.002430 -0.025000 -0.138935
v 0.002350 -0.025000 -0.138861
v 0.002276 -0.025000 -0.138781
v 0.002210 -0.025000 -0.138694
v 0.002151 -0.025000 -0.138602
v 0.004037 -0.025000 -0.137020
v 0.004117 -0.025000 -0.137094
v 0.004191 -0.025000 -0.137174
v 0.004257 -0.025000 -0.138694
v 0.004191 -0.025000 -0.138781
v 0.002003 -0.025000 -0.138195
v 0.001988 -0.025000 -0.138086
v 0.004117 -0.025000 -0.138861
v 0.004037 -0.025000 -0.138935
v 0.001984 -0.025000 -0.137977
v 0.001988 -0.025000 -0.137869
v 0.002003 -0.025000 -0.137760
v 0.002151 -0.025000 -0.137352
v 0.002101 -0.025000 -0.137449
v 0.004257 -0.025000 -0.137260
v 0.004316 -0.025000 -0.137352
v 0.004366 -0.025000 -0.137449
v 0.002026 -0.025000 -0.137654
v 0.002059 -0.025000 -0.137550
v 0.004408 -0.025000 -0.137550
v 0.004441 -0.025000 -0.137654
v 0.004465 -0.025000 -0.137760
v 0.004479 -0.025000 -0.137869
v 0.004484 -0.025000 -0.137977
v 0.004479 -0.025000 -0.138086
v 0.002101 -0.025000 -0.138506
v 0.002059 -0.025000 -0.138405
v 0.002026 -0.025000 -0.138301
v 0.004408 -0.025000 -0.138405
v 0.004441 -0.025000 -0.138301
v 0.004465 -0.025000 -0.138195
v 0.004366 -0.025000 -0.138506
v 0.004316 -0.025000 -0.138602
v -0.013833 -0.020000 -0.119910
v -0.012526 -0.020000 -0.123500
v -0.012011 -0.020000 -0.124309
v -0.012011 -0.020000 -0.111691
v -0.012526 -0.020000 -0.112500
v -0.015400 -0.020000 -0.084700
v -0.013625 -0.020000 -0.120847
v -0.013337 -0.020000 -0.121762
v -0.012969 -0.020000 -0.122649
v -0.015400 -0.020000 -0.124672
v -0.010071 -0.020000 -0.126426
v -0.011426 -0.020000 -0.125071
v -0.009309 -0.020000 -0.127011
v -0.008500 -0.020000 -0.127526
v -0.007649 -0.020000 -0.127969
v -0.010778 -0.020000 -0.125778
v -0.012969 -0.020000 -0.113351
v -0.013337 -0.020000 -0.114238
v -0.013625 -0.020000 -0.115153
v -0.013400 -0.020000 -0.082700
v -0.010778 -0.020000 -0.110222
v -0.013833 -0.020000 -0.116090
v -0.013958 -0.020000 -0.117041
v -0.015332 -0.020000 -0.125189
v -0.015370 -0.020000 -0.125019
v -0.015392 -0.020000 -0.124846
v -0.014932 -0.020000 -0.125957
v -0.015038 -0.020000 -0.125819
v -0.014814 -0.020000 -0.126086
v -0.015132 -0.020000 -0.125672
v -0.015213 -0.020000 -0.125517
v -0.015279 -0.020000 -0.125356
v -0.013918 -0.020000 -0.082768
v -0.013747 -0.020000 -0.082730
v -0.013574 -0.020000 -0.082708
v -0.013958 -0.020000 -0.118959
v -0.014000 -0.020000 -0.118000
v -0.015038 -0.020000 -0.083553
v -0.014932 -0.020000 -0.083414
v -0.014547 -0.020000 -0.083062
v -0.014400 -0.020000 -0.082968
v -0.015392 -0.020000 -0.084526
v -0.011426 -0.020000 -0.110929
v -0.014814 -0.020000 -0.083286
v -0.014686 -0.020000 -0.083168
v -0.014245 -0.020000 -0.082887
v -0.014084 -0.020000 -0.082821
v -0.015370 -0.020000 -0.084353
v -0.015332 -0.020000 -0.084182
v -0.015279 -0.020000 -0.084016
v -0.015213 -0.020000 -0.083855
v -0.015132 -0.020000 -0.083700
v 0.004550 -0.020000 -0.082700
v 0.004550 -0.021150 -0.082700
v 0.007400 -0.020000 -0.082700
v -0.010071 -0.021150 -0.109574
v 0.004550 -0.021150 -0.110000
v 0.004071 -0.021150 -0.109574
v 0.003309 -0.021150 -0.108989
v 0.002500 -0.021150 -0.108474
v -0.000153 -0.021150 -0.107375
v -0.001090 -0.021150 -0.107167
v -0.004910 -0.021150 -0.107167
v -0.005847 -0.021150 -0.107375
v -0.006762 -0.021150 -0.107663
v -0.007649 -0.021150 -0.108031
v -0.008500 -0.021150 -0.108474
v -0.009309 -0.021150 -0.108989
v 0.001649 -0.021150 -0.108031
v 0.000762 -0.021150 -0.107663
v -0.002041 -0.021150 -0.107042
v -0.003000 -0.021150 -0.107000
v -0.003959 -0.021150 -0.107042
v 0.002500 -0.020000 -0.127526
v 0.006072 -0.020000 -0.128000
v 0.001649 -0.020000 -0.127969
v 0.004778 -0.020000 -0.110222
v 0.004550 -0.020000 -0.110000
v 0.003309 -0.020000 -0.127011
v 0.004071 -0.020000 -0.126426
v 0.006246 -0.020000 -0.127992
v 0.004778 -0.020000 -0.125778
v 0.007357 -0.020000 -0.127532
v 0.007219 -0.020000 -0.127638
v 0.005426 -0.020000 -0.125071
v 0.007072 -0.020000 -0.127732
v 0.006917 -0.020000 -0.127813
v 0.006756 -0.020000 -0.127879
v 0.009332 -0.020000 -0.125189
v 0.006526 -0.020000 -0.123500
v 0.009370 -0.020000 -0.125019
v 0.009392 -0.020000 -0.124846
v 0.009400 -0.020000 -0.124672
v 0.006969 -0.020000 -0.122649
v 0.007337 -0.020000 -0.121762
v 0.009400 -0.020000 -0.084700
v 0.007625 -0.020000 -0.115153
v 0.007337 -0.020000 -0.114238
v 0.006589 -0.020000 -0.127932
v 0.006419 -0.020000 -0.127970
v 0.009279 -0.020000 -0.125356
v 0.009213 -0.020000 -0.125517
v 0.009132 -0.020000 -0.125672
v 0.009038 -0.020000 -0.125819
v 0.008932 -0.020000 -0.125957
v 0.006011 -0.020000 -0.124309
v 0.008814 -0.020000 -0.126086
v 0.007486 -0.020000 -0.127414
v 0.007625 -0.020000 -0.120847
v 0.007833 -0.020000 -0.119910
v 0.007958 -0.020000 -0.118959
v 0.006969 -0.020000 -0.113351
v 0.006526 -0.020000 -0.112500
v 0.006011 -0.020000 -0.111691
v 0.007574 -0.020000 -0.082708
v 0.007747 -0.020000 -0.082730
v 0.007918 -0.020000 -0.082768
v 0.008084 -0.020000 -0.082821
v 0.008245 -0.020000 -0.082887
v 0.008000 -0.020000 -0.118000
v 0.007958 -0.020000 -0.117041
v 0.007833 -0.020000 -0.116090
v 0.009279 -0.020000 -0.084016
v 0.009332 -0.020000 -0.084182
v 0.009370 -0.020000 -0.084353
v 0.008400 -0.020000 -0.082968
v 0.008547 -0.020000 -0.083062
v 0.008686 -0.020000 -0.083168
v 0.008814 -0.020000 -0.083286
v 0.008932 -0.020000 -0.083414
v 0.009038 -0.020000 -0.083553
v 0.009132 -0.020000 -0.083700
v 0.009213 -0.020000 -0.083855
v 0.005426 -0.020000 -0.110929
v 0.009392 -0.020000 -0.084526
# 2450 vertices, 0 vertices normals

f 1 2 3
f 2 4 3
f 3 4 5
f 6 7 8
f 6 8 9
f 8 10 9
f 9 10 11
f 10 12 11
f 11 12 13
f 12 14 13
f 13 14 15
f 14 16 15
f 15 16 17
f 16 18 17
f 17 18 19
f 18 20 19
f 19 20 21
f 20 22 21
f 21 22 23
f 22 24 23
f 23 24 25
f 24 26 25
f 25 26 27
f 26 28 27
f 27 28 29
f 28 30 29
f 29 30 31
f 30 32 31
f 31 32 33
f 32 34 33
f 33 34 35
f 34 36 35
f 35 36 37
f 36 38 37
f 37 38 39
f 38 40 39
f 39 40 41
f 40 42 41
f 41 42 43
f 42 44 43
f 43 44 45
f 44 46 45
f 45 46 47
f 46 48 47
f 47 48 49
f 48 50 49
f 49 50 51
f 50 52 51
f 51 52 53
f 52 54 53
f 53 54 55
f 54 56 55
f 55 56 57
f 56 58 57
f 57 58 59
f 58 60 59
f 59 60 61
f 60 62 61
f 61 62 63
f 62 64 63
f 63 64 65
f 64 66 65
f 65 66 67
f 66 68 67
f 67 68 69
f 68 70 69
f 69 70 71
f 70 72 71
f 71 72 73
f 72 74 73
f 73 74 75
f 74 76 75
f 75 76 77
f 76 2 77
f 77 2 1
f 78 79 80
f 79 7 80
f 80 7 6
f 81 82 83
f 82 84 83
f 83 84 85
f 84 86 85
f 85 86 87
f 86 88 87
f 87 88 89
f 88 90 89
f 89 90 91
f 90 92 91
f 91 92 93
f 92 94 93
f 93 94 95
f 94 96 95
f 95 96 97
f 96 98 97
f 97 98 99
f 98 100 99
f 99 100 101
f 100 102 101
f 101 102 103
f 102 104 103
f 103 104 105
f 104 106 105
f 105 106 107
f 106 108 107
f 107 108 109
f 108 110 109
f 109 110 111
f 110 112 111
f 111 112 113
f 112 114 113
f 113 114 115
f 114 116 115
f 115 116 117
f 116 118 117
f 117 118 119
f 118 120 119
f 119 120 121
f 120 122 121
f 121 122 123
f 122 124 123
f 123 124 125
f 124 126 125
f 125 126 127
f 126 128 127
f 127 128 129
f 128 130 129
f 129 130 131
f 130 132 131
f 131 132 133
f 132 134 133
f 133 134 135
f 134 136 135
f 135 136 137
f 136 138 137
f 137 138 139
f 138 140 139
f 139 140 141
f 140 142 141
f 141 142 143
f 142 144 143
f 143 144 145
f 144 146 145
f 145 146 147
f 146 148 147
f 147 148 149
f 148 150 149
f 149 150 151
f 150 152 151
f 151 152 153
f 152 154 153
f 153 154 155
f 154 156 155
f 155 156 157
f 156 158 157
f 157 158 159
f 158 160 159
f 159 160 161
f 160 162 161
f 161 162 163
f 162 164 163
f 163 164 165
f 164 166 165
f 165 166 167
f 166 168 167
f 167 168 169
f 168 170 169
f 169 170 171
f 170 172 171
f 171 172 173
f 172 174 173
f 173 174 175
f 174 176 175
f 175 176 177
f 176 178 177
f 177 178 179
f 178 180 179
f 179 180 181
f 180 182 181
f 181 182 183
f 182 184 183
f 183 184 185
f 184 186 185
f 185 186 187
f 186 188 187
f 187 188 189
f 188 190 189
f 189 190 191
f 190 192 191
f 191 192 193
f 192 194 193
f 193 194 195
f 194 196 195
f 195 196 197
f 196 198 197
f 197 198 199
f 198 200 199
f 199 200 201
f 200 202 201
f 201 202 203
f 202 204 203
f 203 204 205
f 204 206 205
f 205 206 207
f 206 208 207
f 207 208 209
f 208 210 209
f 209 210 211
f 210 212 211
f 211 212 213
f 212 214 213
f 213 214 215
f 214 216 215
f 215 216 217
f 216 218 217
f 217 218 219
f 218 220 219
f 219 220 221
f 220 222 221
f 221 222 223
f 222 224 223
f 223 224 81
f 224 82 81
f 225 226 227
f 98 228 100
f 228 229 100
f 100 229 102
f 229 230 102
f 102 230 104
f 230 231 104
f 104 231 106
f 231 232 106
f 106 232 108
f 232 233 108
f 108 233 110
f 233 234 110
f 110 234 112
f 234 235 112
f 112 235 114
f 235 236 114
f 114 236 116
f 236 237 116
f 116 237 118
f 237 238 118
f 118 238 120
f 238 239 120
f 120 239 122
f 239 240 122
f 122 240 124
f 240 241 124
f 124 241 126
f 241 242 126
f 126 242 128
f 242 243 128
f 128 243 130
f 243 244 130
f 130 244 132
f 244 245 132
f 132 245 134
f 245 246 134
f 134 246 136
f 246 247 136
f 136 247 138
f 247 248 138
f 138 248 140
f 248 249 140
f 140 249 142
f 249 250 142
f 142 250 144
f 250 251 144
f 144 251 146
f 251 252 146
f 146 252 148
f 252 253 148
f 148 253 150
f 253 225 150
f 225 227 150
f 150 227 152
f 227 254 152
f 152 254 154
f 254 255 154
f 154 255 156
f 255 256 156
f 156 256 158
f 256 257 158
f 158 257 160
f 257 258 160
f 160 258 162
f 258 259 162
f 162 259 164
f 259 260 164
f 164 260 166
f 260 261 166
f 166 261 168
f 261 262 168
f 168 262 170
f 262 263 170
f 170 263 172
f 263 264 172
f 172 264 174
f 264 265 174
f 174 265 176
f 265 266 176
f 176 266 178
f 266 267 178
f 178 267 180
f 267 268 180
f 180 268 182
f 268 269 182
f 182 269 184
f 269 270 184
f 184 270 186
f 270 271 186
f 186 271 188
f 271 272 188
f 188 272 190
f 272 273 190
f 190 273 192
f 273 274 192
f 192 274 194
f 274 275 194
f 194 275 196
f 275 276 196
f 196 276 198
f 276 277 198
f 198 277 200
f 277 278 200
f 200 278 202
f 278 279 202
f 202 279 204
f 279 280 204
f 204 280 206
f 280 281 206
f 206 281 208
f 281 282 208
f 208 282 210
f 282 283 210
f 210 283 212
f 283 284 212
f 212 284 214
f 284 285 214
f 214 285 216
f 285 286 216
f 216 286 218
f 286 287 218
f 218 287 220
f 287 288 220
f 220 288 222
f 288 289 222
f 222 289 224
f 289 290 224
f 224 290 82
f 290 291 82
f 82 291 84
f 291 292 84
f 84 292 86
f 292 293 86
f 86 293 88
f 293 294 88
f 88 294 90
f 294 295 90
f 90 295 92
f 295 296 92
f 92 296 94
f 296 297 94
f 94 297 96
f 297 298 96
f 96 298 98
f 298 299 98
f 98 299 228
f 299 300 228
f 301 302 303
f 302 304 303
f 303 304 305
f 304 306 305
f 305 306 307
f 306 308 307
f 307 308 309
f 308 310 309
f 309 310 311
f 310 312 311
f 311 312 313
f 312 314 313
f 313 314 315
f 314 316 315
f 315 316 317
f 316 318 317
f 317 318 319
f 318 320 319
f 319 320 321
f 320 322 321
f 321 322 323
f 322 324 323
f 323 324 325
f 324 326 325
f 325 326 327
f 326 328 327
f 327 328 329
f 328 330 329
f 329 330 331
f 330 332 331
f 331 332 333
f 332 334 333
f 333 334 335
f 334 336 335
f 335 336 337
f 336 338 337
f 337 338 339
f 338 340 339
f 339 340 341
f 340 342 341
f 341 342 343
f 342 344 343
f 343 344 345
f 344 346 345
f 345 346 347
f 346 348 347
f 347 348 349
f 348 350 349
f 349 350 351
f 350 352 351
f 351 352 353
f 352 354 353
f 353 354 355
f 354 356 355
f 355 356 357
f 356 358 357
f 357 358 359
f 358 360 359
f 359 360 361
f 360 362 361
f 361 362 363
f 362 364 363
f 363 364 365
f 364 366 365
f 365 366 367
f 366 368 367
f 367 368 369
f 368 370 369
f 369 370 371
f 370 372 371
f 371 372 373
f 372 374 373
f 373 374 375
f 374 376 375
f 375 376 377
f 376 378 377
f 377 378 379
f 378 380 379
f 379 380 381
f 380 382 381
f 381 382 383
f 382 384 383
f 383 384 385
f 384 386 385
f 385 386 387
f 386 388 387
f 387 388 389
f 388 390 389
f 389 390 391
f 390 392 391
f 391 392 393
f 392 394 393
f 393 394 395
f 394 396 395
f 395 396 397
f 396 398 397
f 397 398 399
f 398 400 399
f 399 400 401
f 400 402 401
f 401 402 403
f 402 404 403
f 403 404 405
f 404 406 405
f 405 406 407
f 406 408 407
f 407 408 409
f 408 410 409
f 409 410 411
f 410 412 411
f 411 412 413
f 412 414 413
f 413 414 415
f 414 416 415
f 415 416 417
f 416 418 417
f 417 418 419
f 418 420 419
f 419 420 421
f 420 422 421
f 421 422 423
f 422 424 423
f 423 424 425
f 424 426 425
f 425 426 427
f 426 428 427
f 427 428 429
f 428 430 429
f 429 430 431
f 430 432 431
f 431 432 433
f 432 434 433
f 433 434 435
f 434 436 435
f 435 436 437
f 436 438 437
f 437 438 439
f 438 440 439
f 439 440 441
f 440 442 441
f 441 442 443
f 442 444 443
f 443 444 301
f 444 302 301
f 5 4 445
f 5 445 446
f 445 447 446
f 446 447 448
f 447 449 448
f 448 449 450
f 449 451 450
f 450 451 452
f 451 453 452
f 452 453 454
f 453 455 454
f 454 455 456
f 455 457 456
f 456 457 458
f 457 459 458
f 458 459 460
f 459 461 460
f 460 461 462
f 461 463 462
f 462 463 464
f 464 463 465
f 463 466 465
f 465 466 467
f 466 468 467
f 467 468 469
f 468 470 469
f 469 470 471
f 470 472 471
f 471 472 473
f 472 474 473
f 473 474 475
f 474 476 475
f 475 476 477
f 476 478 477
f 477 478 479
f 478 480 479
f 479 480 481
f 480 482 481
f 481 482 483
f 482 484 483
f 483 484 485
f 484 486 485
f 485 486 487
f 486 488 487
f 487 488 489
f 488 490 489
f 489 490 491
f 490 492 491
f 491 492 493
f 492 494 493
f 493 494 495
f 494 496 495
f 495 496 497
f 496 498 497
f 497 498 499
f 498 500 499
f 499 500 501
f 500 502 501
f 501 502 503
f 502 504 503
f 503 504 505
f 504 506 505
f 505 506 507
f 506 508 507
f 507 508 509
f 508 510 509
f 509 510 511
f 510 512 511
f 511 512 513
f 512 514 513
f 513 514 515
f 514 79 515
f 515 79 78
f 516 517 518
f 517 519 518
f 518 519 520
f 521 522 516
f 522 523 516
f 516 523 524
f 524 525 516
f 525 526 516
f 516 526 517
f 527 528 529
f 528 530 529
f 529 530 531
f 530 532 531
f 531 532 533
f 532 534 533
f 533 534 535
f 534 536 535
f 535 536 537
f 536 538 537
f 537 538 539
f 538 540 539
f 539 540 541
f 540 542 541
f 541 542 543
f 542 544 543
f 543 544 545
f 544 546 545
f 545 546 547
f 546 548 547
f 547 548 549
f 548 550 549
f 549 550 551
f 550 552 551
f 551 552 553
f 552 554 553
f 553 554 555
f 554 556 555
f 555 556 557
f 556 558 557
f 557 558 559
f 558 560 559
f 559 560 561
f 560 562 561
f 561 562 563
f 562 564 563
f 563 564 565
f 564 566 565
f 565 566 567
f 566 568 567
f 567 568 569
f 568 570 569
f 569 570 571
f 570 572 571
f 571 572 573
f 572 574 573
f 573 574 575
f 574 576 575
f 575 576 577
f 576 578 577
f 577 578 579
f 578 580 579
f 579 580 581
f 580 582 581
f 581 582 583
f 582 584 583
f 583 584 585
f 584 586 585
f 585 586 587
f 586 588 587
f 587 588 589
f 588 590 589
f 589 590 591
f 590 592 591
f 591 592 593
f 592 594 593
f 593 594 595
f 594 596 595
f 595 596 597
f 596 598 597
f 597 598 599
f 598 600 599
f 599 600 601
f 600 602 601
f 601 602 603
f 602 604 603
f 603 604 605
f 604 606 605
f 605 606 607
f 606 608 607
f 607 608 609
f 608 610 609
f 609 610 611
f 610 612 611
f 611 612 613
f 612 614 613
f 613 614 615
f 614 616 615
f 615 616 617
f 616 618 617
f 617 618 619
f 618 620 619
f 619 620 621
f 620 622 621
f 621 622 623
f 622 624 623
f 623 624 625
f 624 626 625
f 625 626 627
f 626 628 627
f 627 628 629
f 628 630 629
f 629 630 631
f 630 632 631
f 631 632 633
f 632 634 633
f 633 634 635
f 634 636 635
f 635 636 637
f 636 638 637
f 637 638 639
f 638 640 639
f 639 640 641
f 640 642 641
f 641 642 643
f 642 644 643
f 643 644 645
f 644 646 645
f 645 646 647
f 646 648 647
f 647 648 649
f 648 650 649
f 649 650 651
f 650 652 651
f 651 652 653
f 652 654 653
f 653 654 655
f 654 656 655
f 655 656 657
f 656 658 657
f 657 658 659
f 658 660 659
f 659 660 661
f 660 662 661
f 661 662 663
f 662 664 663
f 663 664 665
f 664 666 665
f 665 666 667
f 666 668 667
f 667 668 669
f 668 670 669
f 669 670 527
f 670 528 527
f 2 671 4
f 671 672 4
f 673 674 675
f 674 676 675
f 675 676 677
f 676 678 677
f 677 678 679
f 678 680 679
f 679 680 681
f 680 682 681
f 681 682 683
f 682 684 683
f 683 684 685
f 684 686 685
f 685 686 687
f 686 688 687
f 687 688 689
f 688 690 689
f 689 690 691
f 690 692 691
f 691 692 693
f 692 694 693
f 693 694 695
f 694 696 695
f 695 696 697
f 696 698 697
f 697 698 699
f 698 700 699
f 699 700 701
f 700 702 701
f 701 702 703
f 702 704 703
f 703 704 705
f 704 706 705
f 705 706 707
f 706 708 707
f 707 708 709
f 710 711 712
f 711 713 712
f 712 713 714
f 713 715 714
f 714 715 716
f 715 717 716
f 716 717 718
f 717 719 718
f 718 719 720
f 719 721 720
f 720 721 722
f 721 723 722
f 722 723 724
f 723 725 724
f 724 725 726
f 725 727 726
f 726 727 728
f 727 729 728
f 728 729 730
f 729 731 730
f 730 731 732
f 731 733 732
f 732 733 734
f 733 735 734
f 734 735 673
f 735 736 673
f 673 736 674
f 737 738 739
f 738 740 739
f 739 740 741
f 740 742 741
f 741 742 743
f 742 744 743
f 743 744 745
f 744 746 745
f 745 746 747
f 746 748 747
f 747 748 749
f 748 750 749
f 749 750 751
f 750 752 751
f 751 752 753
f 752 754 753
f 753 754 755
f 754 756 755
f 755 756 757
f 756 758 757
f 757 758 759
f 758 760 759
f 759 760 761
f 760 762 761
f 761 762 763
f 762 764 763
f 763 764 765
f 764 766 765
f 765 766 767
f 766 768 767
f 767 768 769
f 768 770 769
f 769 770 771
f 770 772 771
f 771 772 710
f 772 773 710
f 710 773 711
f 708 774 709
f 774 775 709
f 709 775 776
f 775 777 776
f 776 777 778
f 777 779 778
f 778 779 780
f 779 781 780
f 780 781 782
f 781 783 782
f 782 783 784
f 783 785 784
f 784 785 786
f 785 787 786
f 786 787 788
f 787 789 788
f 788 789 790
f 789 791 790
f 790 791 792
f 791 793 792
f 792 793 794
f 793 795 794
f 794 795 796
f 795 797 796
f 796 797 798
f 797 799 798
f 798 799 800
f 799 801 800
f 800 801 802
f 801 803 802
f 802 803 804
f 803 805 804
f 804 805 806
f 805 807 806
f 806 807 808
f 807 809 808
f 808 809 810
f 809 811 810
f 810 811 812
f 811 813 812
f 812 813 814
f 813 815 814
f 814 815 816
f 815 817 816
f 816 817 818
f 817 819 818
f 818 819 737
f 819 820 737
f 737 820 738
f 7 821 822
f 7 822 8
f 822 823 8
f 8 823 10
f 823 824 10
f 10 824 12
f 824 825 12
f 12 825 14
f 825 826 14
f 14 826 16
f 826 827 16
f 16 827 18
f 827 828 18
f 18 828 20
f 828 829 20
f 20 829 22
f 829 830 22
f 22 830 24
f 830 831 24
f 24 831 26
f 831 832 26
f 26 832 28
f 832 833 28
f 28 833 30
f 833 834 30
f 30 834 32
f 834 835 32
f 32 835 34
f 835 836 34
f 34 836 36
f 836 837 36
f 36 837 38
f 837 838 38
f 38 838 40
f 838 839 40
f 40 839 42
f 839 840 42
f 42 840 44
f 840 841 44
f 44 841 46
f 841 842 46
f 46 842 48
f 842 843 48
f 48 843 50
f 843 844 50
f 50 844 52
f 844 845 52
f 52 845 54
f 845 846 54
f 54 846 56
f 846 847 56
f 56 847 58
f 847 848 58
f 58 848 60
f 848 849 60
f 60 849 62
f 849 850 62
f 62 850 64
f 850 851 64
f 64 851 66
f 851 852 66
f 66 852 68
f 852 853 68
f 68 853 70
f 853 854 70
f 70 854 72
f 854 855 72
f 72 855 74
f 855 856 74
f 74 856 76
f 856 671 76
f 76 671 2
f 652 857 654
f 857 858 654
f 654 858 656
f 858 859 656
f 656 859 658
f 859 860 658
f 658 860 660
f 860 861 660
f 660 861 662
f 861 862 662
f 662 862 664
f 862 863 664
f 664 863 666
f 863 864 666
f 666 864 668
f 864 865 668
f 668 865 670
f 865 866 670
f 670 866 528
f 866 867 528
f 528 867 530
f 867 868 530
f 530 868 532
f 868 869 532
f 532 869 534
f 869 870 534
f 534 870 536
f 870 871 536
f 536 871 538
f 871 872 538
f 538 872 540
f 872 873 540
f 540 873 542
f 873 874 542
f 542 874 544
f 874 875 544
f 544 875 546
f 875 876 546
f 546 876 548
f 876 877 548
f 548 877 550
f 877 878 550
f 550 878 552
f 878 879 552
f 552 879 554
f 879 880 554
f 554 880 556
f 880 881 556
f 556 881 558
f 881 882 558
f 558 882 560
f 882 883 560
f 560 883 562
f 883 884 562
f 562 884 564
f 884 885 564
f 564 885 566
f 885 886 566
f 566 886 568
f 886 887 568
f 568 887 570
f 887 888 570
f 570 888 572
f 888 889 572
f 572 889 574
f 889 890 574
f 574 890 576
f 890 891 576
f 576 891 578
f 891 892 578
f 578 892 580
f 892 893 580
f 580 893 582
f 893 894 582
f 582 894 584
f 894 895 584
f 584 895 586
f 895 896 586
f 586 896 588
f 896 897 588
f 588 897 590
f 897 898 590
f 590 898 592
f 898 899 592
f 592 899 594
f 899 900 594
f 594 900 596
f 900 901 596
f 596 901 598
f 901 902 598
f 598 902 600
f 902 903 600
f 600 903 602
f 903 904 602
f 602 904 604
f 904 905 604
f 604 905 606
f 905 906 606
f 606 906 608
f 906 907 608
f 608 907 610
f 907 908 610
f 610 908 612
f 908 909 612
f 612 909 614
f 909 910 614
f 614 910 616
f 910 911 616
f 616 911 618
f 911 912 618
f 618 912 620
f 912 913 620
f 620 913 622
f 913 914 622
f 622 914 624
f 914 915 624
f 624 915 626
f 915 916 626
f 626 916 628
f 916 917 628
f 628 917 630
f 917 918 630
f 630 918 632
f 918 919 632
f 632 919 634
f 919 920 634
f 634 920 636
f 920 921 636
f 636 921 638
f 921 922 638
f 638 922 640
f 922 923 640
f 640 923 642
f 923 924 642
f 642 924 644
f 924 925 644
f 644 925 646
f 925 926 646
f 646 926 648
f 926 927 648
f 648 927 650
f 927 928 650
f 650 928 652
f 928 857 652
f 79 929 7
f 929 821 7
f 205 930 203
f 930 931 203
f 203 931 201
f 931 932 201
f 201 932 199
f 932 933 199
f 199 933 197
f 933 934 197
f 197 934 195
f 934 935 195
f 195 935 193
f 935 936 193
f 193 936 191
f 936 937 191
f 191 937 189
f 937 938 189
f 189 938 187
f 938 939 187
f 187 939 185
f 939 940 185
f 185 940 183
f 940 941 183
f 183 941 181
f 941 942 181
f 181 942 179
f 942 943 179
f 179 943 177
f 943 944 177
f 177 944 175
f 944 945 175
f 175 945 173
f 945 946 173
f 946 947 173
f 173 947 171
f 947 948 171
f 171 948 169
f 948 949 169
f 169 949 167
f 949 950 167
f 167 950 165
f 950 951 165
f 165 951 163
f 951 952 163
f 163 952 161
f 952 953 161
f 161 953 159
f 953 954 159
f 159 954 157
f 954 955 157
f 157 955 155
f 955 956 155
f 155 956 153
f 956 957 153
f 153 957 151
f 957 958 151
f 151 958 149
f 958 959 149
f 149 959 147
f 959 960 147
f 147 960 145
f 960 961 145
f 145 961 143
f 961 962 143
f 143 962 141
f 962 963 141
f 141 963 139
f 963 964 139
f 139 964 137
f 964 965 137
f 137 965 135
f 965 966 135
f 135 966 133
f 966 967 133
f 133 967 131
f 967 968 131
f 131 968 129
f 968 969 129
f 129 969 127
f 969 970 127
f 127 970 125
f 970 971 125
f 125 971 123
f 971 972 123
f 123 972 121
f 972 973 121
f 121 973 119
f 973 974 119
f 119 974 117
f 974 975 117
f 117 975 115
f 975 976 115
f 115 976 113
f 976 977 113
f 113 977 111
f 977 978 111
f 111 978 109
f 978 979 109
f 109 979 107
f 979 980 107
f 107 980 105
f 980 981 105
f 105 981 103
f 981 982 103
f 103 982 101
f 982 983 101
f 101 983 99
f 983 984 99
f 99 984 97
f 984 985 97
f 97 985 95
f 985 986 95
f 95 986 93
f 986 987 93
f 93 987 91
f 987 988 91
f 91 988 89
f 988 989 89
f 89 989 87
f 989 990 87
f 87 990 85
f 990 991 85
f 85 991 83
f 991 992 83
f 83 992 81
f 992 993 81
f 81 993 223
f 993 994 223
f 223 994 221
f 994 995 221
f 221 995 219
f 995 996 219
f 219 996 217
f 996 997 217
f 217 997 215
f 997 998 215
f 215 998 213
f 998 999 213
f 213 999 211
f 999 1000 211
f 211 1000 209
f 1000 1001 209
f 209 1001 207
f 1001 1002 207
f 207 1002 205
f 1002 1003 205
f 205 1003 930
f 1004 1005 1006
f 893 892 1007
f 1008 1009 1010
f 298 1011 299
f 1011 300 299
f 1012 1013 1014
f 1013 1015 1014
f 1016 1017 1018
f 1017 1019 1018
f 1019 1020 1018
f 1020 1021 1018
f 1018 1021 1022
f 1022 1023 1018
f 1023 1024 1018
f 1018 1024 1011
f 1012 1025 1013
f 1025 1026 1013
f 1013 1026 1027
f 1027 1028 1013
f 1028 1029 1013
f 1013 1029 1030
f 1030 1031 1013
f 1031 1032 1013
f 1013 1032 1033
f 1033 1034 1013
f 1034 1035 1013
f 1013 1035 1018
f 1035 1036 1018
f 1018 1036 1016
f 1037 1038 1039
f 1037 1039 1040
f 1038 1041 1039
f 1041 1042 1039
f 1039 1042 1043
f 1044 1045 1046
f 1044 1046 1047
f 1048 1049 1050
f 1051 1052 1050
f 1052 1053 1050
f 1050 1053 1054
f 1053 1055 1054
f 1040 1056 1057
f 1056 1058 1057
f 1057 1058 1059
f 1058 1054 1059
f 1059 1054 1060
f 1054 1055 1060
f 1061 1062 1046
f 1062 1063 1046
f 1046 1063 1064
f 1064 1065 1046
f 1065 1066 1046
f 1046 1066 1047
f 1067 1050 1068
f 1050 1069 1068
f 1070 1071 1050
f 1071 1072 1050
f 1050 1072 1048
f 1049 1073 1050
f 1073 1074 1050
f 1050 1074 1051
f 1067 1075 1050
f 1075 1076 1050
f 1050 1076 1070
f 1045 1077 1046
f 1077 1078 1046
f 1046 1078 1050
f 1078 1079 1050
f 1050 1079 1069
f 1009 1080 1010
f 1080 1081 1010
f 1010 1081 1046
f 1081 1082 1046
f 1046 1082 1061
f 1083 1084 1085
f 1084 1086 1085
f 1087 1088 1085
f 1088 1089 1085
f 1085 1089 1083
f 1090 1091 1092
f 1091 1087 1092
f 278 277 1006
f 277 276 1006
f 1006 285 284
f 276 275 1006
f 275 274 1006
f 1006 274 273
f 273 272 1006
f 272 271 1006
f 1006 271 1090
f 271 270 1090
f 1090 270 269
f 284 283 1006
f 283 282 1006
f 1006 282 281
f 281 280 1006
f 280 279 1006
f 1006 279 278
f 269 268 1090
f 268 267 1090
f 1090 267 266
f 266 265 1090
f 265 264 1090
f 1090 264 263
f 1091 256 255
f 255 254 1091
f 254 227 1091
f 1091 227 226
f 263 262 1090
f 262 261 1090
f 1090 261 260
f 260 259 1090
f 259 258 1090
f 1090 258 1091
f 258 257 1091
f 1091 257 256
f 298 297 1011
f 297 296 1011
f 1011 296 1018
f 296 295 1018
f 1018 295 294
f 294 293 1018
f 293 292 1018
f 1018 292 291
f 285 1006 286
f 1006 1005 286
f 286 1005 287
f 291 290 1018
f 290 289 1018
f 1018 289 1005
f 289 288 1005
f 1005 288 287
f 896 1007 897
f 1007 1046 897
f 896 895 1007
f 895 894 1007
f 1007 894 893
f 928 927 1050
f 927 926 1050
f 1050 926 925
f 901 900 1046
f 925 924 1050
f 924 923 1050
f 1050 923 922
f 901 1046 902
f 900 899 1046
f 899 898 1046
f 1046 898 897
f 922 921 1050
f 921 920 1050
f 1050 920 919
f 919 918 1050
f 918 917 1050
f 1050 917 916
f 1046 912 911
f 916 915 1050
f 915 914 1050
f 1050 914 1046
f 914 913 1046
f 1046 913 912
f 911 910 1046
f 910 909 1046
f 1046 909 908
f 908 907 1046
f 907 906 1046
f 1046 906 905
f 905 904 1046
f 904 903 1046
f 1046 903 902
f 861 860 1093
f 1093 860 1094
f 860 859 1094
f 859 858 1094
f 1094 858 1050
f 858 857 1050
f 1050 857 928
f 892 891 1007
f 891 890 1007
f 1007 890 1095
f 890 889 1095
f 889 888 1095
f 1095 888 887
f 864 863 1093
f 863 862 1093
f 1093 862 861
f 887 886 1095
f 886 885 1095
f 1095 885 884
f 884 883 1095
f 883 882 1095
f 1095 882 881
f 868 867 1093
f 867 866 1093
f 866 865 1093
f 1093 865 864
f 881 880 1095
f 880 879 1095
f 1095 879 878
f 878 877 1095
f 877 876 1095
f 1095 876 875
f 871 870 1093
f 870 869 1093
f 1093 869 868
f 875 874 1095
f 874 873 1095
f 1095 873 1093
f 873 872 1093
f 1093 872 871
f 1096 1097 1006
f 1097 1098 1006
f 1006 1098 1099
f 1099 1100 1006
f 1100 1101 1006
f 1006 1101 1004
f 1102 1103 1104
f 1102 1104 1105
f 1103 1106 1104
f 1106 1107 1104
f 1104 1107 1108
f 1107 1109 1108
f 1108 1109 1110
f 1111 1112 1113
f 1112 1114 1113
f 1113 1114 1104
f 1114 1115 1104
f 1104 1115 1105
f 1116 1117 1118
f 1119 1120 1113
f 1120 1121 1113
f 1113 1121 1111
f 1116 1118 1113
f 1118 1122 1113
f 1113 1122 1119
f 1123 1124 1125
f 1124 1126 1125
f 1125 1126 1116
f 1126 1127 1116
f 1116 1127 1117
f 1128 1129 1130
f 1129 1131 1130
f 1130 1131 1125
f 1131 1132 1125
f 1125 1132 1123
f 1133 1134 1135
f 1134 1136 1135
f 1136 1137 1135
f 1137 1138 1135
f 1135 1138 1139
f 1140 1141 1142
f 1141 1143 1142
f 1142 1143 1144
f 1143 1145 1144
f 1144 1145 1146
f 1147 1148 1142
f 1148 1149 1142
f 1142 1149 1140
f 1150 1151 1152
f 1152 1153 1150
f 1153 1154 1150
f 1150 1154 1142
f 1154 1155 1142
f 1142 1155 1147
f 1151 1150 1156
f 1150 1157 1156
f 1156 1157 1158
f 1159 1160 1161
f 1160 1162 1161
f 1163 1164 1165
f 1166 1167 1157
f 1167 1168 1157
f 1165 1164 1169
f 1170 1171 1172
f 1171 1173 1172
f 1170 1174 1171
f 1174 1175 1171
f 1171 1175 1157
f 1175 1176 1157
f 1157 1176 1166
f 1177 1178 1179
f 1164 1180 1169
f 1180 1181 1169
f 1169 1181 1162
f 1181 1182 1162
f 1162 1182 1161
f 1168 1183 1157
f 1183 1184 1157
f 1157 1184 1185
f 1157 1186 1187
f 1179 1188 1177
f 1188 1189 1177
f 1177 1189 1165
f 1189 1190 1165
f 1165 1190 1163
f 1185 1191 1157
f 1191 1192 1157
f 1157 1192 1186
f 1158 1193 1194
f 1194 1195 1158
f 1195 1196 1158
f 1158 1196 1178
f 1196 1197 1178
f 1178 1197 1179
f 1187 1198 1157
f 1198 1199 1157
f 1157 1199 1158
f 1199 1200 1158
f 1158 1200 1201
f 1201 1202 1158
f 1202 1203 1158
f 1158 1203 1193
f 1204 1205 1171
f 1205 1206 1171
f 1171 1206 1173
f 1207 1208 1209
f 1208 1160 1209
f 1209 1160 1210
f 1160 1159 1210
f 1207 1211 1208
f 1211 1212 1208
f 1208 1212 1213
f 1214 1215 1171
f 1215 1216 1171
f 1171 1216 1204
f 1212 1217 1213
f 1217 1218 1213
f 1213 1218 1219
f 1220 1221 1214
f 1218 1222 1219
f 1222 1223 1219
f 1219 1223 1224
f 1221 1225 1214
f 1225 1226 1214
f 1214 1226 1227
f 1227 1228 1214
f 1228 1229 1214
f 1214 1229 1215
f 1224 1230 1219
f 1230 1231 1219
f 1219 1231 1232
f 1233 1234 1214
f 1234 1235 1214
f 1214 1235 1220
f 1236 1237 1214
f 1237 1238 1214
f 1214 1238 1233
f 1232 1239 1219
f 1239 1240 1219
f 1219 1240 1241
f 1242 1243 1214
f 1242 1214 1244
f 1241 1236 1219
f 1236 1214 1219
f 1219 1214 1245
f 1214 1243 1245
f 1246 1247 1248
f 1247 1249 1248
f 1249 1250 1248
f 1248 1250 1214
f 1250 1251 1214
f 1214 1251 1244
f 1252 1253 1248
f 1253 1254 1248
f 1254 1255 1248
f 1248 1255 1246
f 1256 1257 1054
f 1258 1259 1260
f 1261 1262 1058
f 1262 1263 1058
f 1058 1263 1054
f 1263 1264 1054
f 1054 1264 1256
f 1265 1266 1267
f 1266 1268 1267
f 1269 1270 1260
f 1259 1271 1260
f 1271 1272 1260
f 1260 1272 1267
f 1272 1273 1267
f 1267 1273 1265
f 1270 1274 1260
f 1274 1275 1260
f 1260 1275 1258
f 1276 1277 1054
f 1277 1278 1054
f 1054 1278 1279
f 1257 1280 1054
f 1280 1281 1054
f 1054 1281 1276
f 1282 1283 1260
f 1283 1284 1260
f 1284 1285 1260
f 1260 1285 1269
f 1286 1287 1260
f 1287 1288 1260
f 1260 1288 1289
f 1289 1290 1260
f 1290 1291 1260
f 1260 1291 1292
f 1292 1293 1260
f 1293 1294 1260
f 1260 1294 1282
f 1268 1295 1267
f 1295 1296 1267
f 1267 1296 1297
f 1298 1299 1056
f 1300 1301 1056
f 1301 1302 1056
f 1056 1302 1058
f 1302 1303 1058
f 1058 1303 1261
f 1304 1305 1306
f 1305 1307 1306
f 1306 1307 1308
f 1308 1309 1306
f 1309 1310 1306
f 1306 1310 1311
f 1299 1312 1056
f 1312 1313 1056
f 1056 1313 1300
f 1297 1314 1267
f 1314 1315 1267
f 1267 1315 1306
f 1315 1316 1306
f 1306 1316 1304
f 1317 1056 1318
f 1056 1319 1318
f 1317 1320 1056
f 1320 1321 1056
f 1056 1321 1298
f 1311 1322 1306
f 1322 1323 1306
f 1306 1323 1324
f 1324 1325 1306
f 1325 1326 1306
f 1306 1326 1327
f 1327 1328 1306
f 1328 1329 1306
f 1306 1329 1056
f 1329 1330 1056
f 1056 1330 1319
f 1331 1332 1144
f 1333 1334 1142
f 1335 1150 1336
f 1150 1337 1336
f 1338 1339 1340
f 1339 1341 1340
f 1342 1343 1142
f 1343 1344 1142
f 1142 1334 1150
f 1334 1345 1150
f 1150 1345 1337
f 1341 1346 1340
f 1346 1347 1340
f 1340 1347 1144
f 1347 1348 1144
f 1144 1348 1331
f 1349 1144 1350
f 1144 1351 1350
f 1352 1353 1142
f 1344 1354 1142
f 1354 1355 1142
f 1142 1355 1333
f 1332 1356 1144
f 1356 1357 1144
f 1144 1357 1351
f 1353 1358 1142
f 1358 1359 1142
f 1142 1359 1342
f 1349 1360 1144
f 1360 1361 1144
f 1144 1361 1362
f 1363 1364 1142
f 1364 1365 1142
f 1142 1365 1352
f 1362 1366 1144
f 1366 1367 1144
f 1144 1367 1368
f 1368 1369 1144
f 1369 1370 1144
f 1144 1370 1142
f 1370 1371 1142
f 1142 1371 1363
f 1372 1373 1260
f 1373 1374 1260
f 1374 1375 1260
f 1375 1376 1260
f 1260 1376 1340
f 1376 1377 1340
f 1340 1377 1338
f 1378 1379 1157
f 1379 1380 1157
f 1157 1380 1381
f 1335 1382 1150
f 1382 1383 1150
f 1150 1383 1157
f 1383 1384 1157
f 1157 1384 1385
f 1385 1386 1157
f 1386 1387 1157
f 1157 1387 1378
f 1388 1389 1260
f 1389 1390 1260
f 1260 1390 1391
f 1391 1392 1260
f 1392 1393 1260
f 1260 1393 1372
f 1381 1394 1157
f 1394 1395 1157
f 1157 1395 1396
f 1396 1397 1157
f 1397 1398 1157
f 1157 1398 1399
f 1400 1401 1260
f 1401 1402 1260
f 1402 1403 1260
f 1260 1403 1388
f 1087 1085 1092
f 1085 1404 1092
f 1092 1404 1405
f 1405 1406 1092
f 1406 1407 1092
f 1092 1407 1408
f 1409 1410 1085
f 1411 1412 1113
f 1412 1413 1113
f 1113 1413 1414
f 1410 1415 1085
f 1415 1416 1085
f 1085 1416 1404
f 1414 1417 1113
f 1417 1418 1113
f 1113 1418 1116
f 1418 1419 1116
f 1419 1420 1116
f 1420 1421 1116
f 1116 1421 1422
f 1408 1423 1092
f 1423 1424 1092
f 1092 1424 1425
f 1425 1426 1092
f 1426 1427 1092
f 1092 1427 1428
f 1428 1429 1092
f 1429 1430 1092
f 1092 1430 1431
f 1113 1432 1433
f 1433 1434 1113
f 1434 1435 1113
f 1113 1435 1436
f 1436 1437 1113
f 1437 1438 1113
f 1113 1438 1411
f 1422 1439 1116
f 1439 1440 1116
f 1116 1440 1441
f 1441 1442 1116
f 1442 1443 1116
f 1116 1443 1444
f 1445 1446 1085
f 1447 1113 1448
f 1113 1449 1448
f 1446 1450 1085
f 1450 1451 1085
f 1085 1451 1409
f 1431 1452 1092
f 1452 1453 1092
f 1092 1453 1454
f 1454 1455 1092
f 1455 1456 1092
f 1092 1456 1457
f 1447 1458 1113
f 1458 1459 1113
f 1113 1459 1432
f 1085 1460 1461
f 1444 1462 1116
f 1462 1463 1116
f 1116 1463 1464
f 1139 1128 1135
f 1128 1130 1135
f 1135 1130 1465
f 1130 1125 1465
f 1465 1125 1085
f 1125 1116 1085
f 1085 1116 1460
f 1116 1466 1460
f 1464 1467 1116
f 1467 1468 1116
f 1116 1468 1466
f 1461 1469 1085
f 1469 1470 1085
f 1085 1470 1471
f 1471 1472 1085
f 1472 1473 1085
f 1085 1473 1474
f 1474 1475 1085
f 1475 1476 1085
f 1085 1476 1445
f 1110 1096 1108
f 1096 1006 1108
f 1108 1006 1104
f 1006 1090 1104
f 1104 1090 1113
f 1090 1092 1113
f 1113 1092 1449
f 1092 1457 1449
f 1086 1008 1085
f 1008 1010 1085
f 1085 1010 1465
f 1010 1046 1465
f 1465 1046 1135
f 1046 1007 1135
f 1135 1007 1133
f 1007 1095 1133
f 1279 1286 1054
f 1286 1260 1054
f 1054 1260 1050
f 1260 1340 1050
f 1050 1340 1094
f 1340 1144 1094
f 1094 1144 1093
f 1144 1146 1093
f 1252 1248 1477
f 1248 1478 1477
f 1477 1478 1479
f 1478 1039 1479
f 1479 1039 1013
f 1039 1043 1013
f 1013 1043 1015
f 1480 1481 1478
f 1248 1482 1483
f 1484 1485 1214
f 1485 1486 1214
f 1487 1488 1248
f 1488 1489 1248
f 1248 1489 1482
f 1490 1491 1478
f 1492 1493 1478
f 1483 1494 1248
f 1494 1495 1248
f 1248 1495 1496
f 1493 1497 1478
f 1497 1498 1478
f 1478 1498 1480
f 1499 1500 1214
f 1486 1501 1214
f 1501 1502 1214
f 1214 1502 1248
f 1502 1503 1248
f 1248 1503 1487
f 1496 1504 1248
f 1504 1505 1248
f 1248 1505 1506
f 1491 1507 1478
f 1507 1508 1478
f 1478 1508 1509
f 1040 1039 1056
f 1039 1478 1056
f 1056 1478 1306
f 1478 1481 1306
f 1306 1481 1510
f 1510 1511 1306
f 1511 1512 1306
f 1306 1512 1513
f 1500 1514 1214
f 1514 1515 1214
f 1214 1515 1484
f 1509 1516 1478
f 1516 1517 1478
f 1478 1517 1492
f 1513 1518 1306
f 1518 1519 1306
f 1306 1519 1520
f 1521 1522 1478
f 1520 1523 1306
f 1523 1524 1306
f 1306 1524 1525
f 1506 1526 1248
f 1526 1527 1248
f 1248 1527 1528
f 1521 1478 1529
f 1522 1530 1478
f 1530 1531 1478
f 1478 1531 1490
f 1525 1532 1306
f 1532 1533 1306
f 1306 1533 1534
f 1528 1535 1248
f 1535 1536 1248
f 1248 1536 1537
f 1214 1538 1539
f 1539 1540 1214
f 1540 1541 1214
f 1214 1541 1499
f 1537 1542 1248
f 1542 1543 1248
f 1248 1543 1478
f 1543 1544 1478
f 1478 1544 1529
f 1534 1545 1306
f 1545 1546 1306
f 1306 1546 1547
f 1548 1549 1214
f 1549 1550 1214
f 1550 1551 1214
f 1214 1551 1538
f 1547 1548 1306
f 1548 1214 1306
f 1306 1214 1267
f 1214 1171 1267
f 1267 1171 1260
f 1171 1157 1260
f 1260 1157 1400
f 1157 1399 1400
f 1005 1004 821
f 1477 1479 929
f 1479 1013 929
f 929 1013 821
f 1013 1018 821
f 821 1018 1005
f 1552 1553 1554
f 1553 1555 1554
f 1554 1555 1556
f 1557 1558 1554
f 1558 1559 1554
f 1554 1559 1552
f 1560 1561 1554
f 1561 1562 1554
f 1554 1562 1557
f 1563 1564 1554
f 1564 1565 1554
f 1554 1565 1560
f 1566 1567 1554
f 1567 1568 1554
f 1554 1568 1563
f 1569 1570 1554
f 1570 1571 1554
f 1554 1571 1566
f 1572 1573 1554
f 1573 1574 1554
f 1554 1574 1569
f 1575 1576 1554
f 1576 1577 1554
f 1554 1577 1572
f 1578 1579 1554
f 1579 1580 1554
f 1554 1580 1575
f 1581 1582 1554
f 1582 1583 1554
f 1554 1583 1578
f 1584 1585 1554
f 1585 1586 1554
f 1554 1586 1581
f 1587 1588 1554
f 1588 1589 1554
f 1554 1589 1584
f 1590 1591 1554
f 1591 1592 1554
f 1554 1592 1587
f 1593 1594 1554
f 1594 1595 1554
f 1554 1595 1590
f 1596 1597 1554
f 1597 1598 1554
f 1554 1598 1593
f 1599 1600 1554
f 1600 1601 1554
f 1554 1601 1596
f 1602 1603 1554
f 1603 1604 1554
f 1554 1604 1599
f 1605 1606 1554
f 1606 1607 1554
f 1554 1607 1602
f 1608 1609 1554
f 1609 1610 1554
f 1554 1610 1605
f 1611 1612 1554
f 1612 1613 1554
f 1554 1613 1608
f 1614 1615 1554
f 1615 1616 1554
f 1554 1616 1611
f 1617 1618 1554
f 1618 1619 1554
f 1554 1619 1614
f 1620 1621 1554
f 1621 1622 1554
f 1554 1622 1617
f 1556 1623 1554
f 1623 1624 1554
f 1554 1624 1620
f 1625 1626 1627
f 1626 1628 1627
f 1629 1630 807
f 1631 1632 820
f 1633 1634 738
f 1635 1636 738
f 807 1630 809
f 1637 813 1638
f 813 811 1638
f 1636 1639 738
f 1639 1640 738
f 738 1640 1633
f 1641 1642 1643
f 1642 1644 1643
f 1643 1644 1645
f 1630 1646 809
f 1646 1647 809
f 809 1647 811
f 1647 1648 811
f 811 1648 1638
f 820 1632 738
f 1632 1649 738
f 738 1649 1635
f 1634 1650 738
f 1650 1651 738
f 738 1651 1652
f 1652 1653 738
f 1653 1654 738
f 738 1654 1643
f 1654 1655 1643
f 1643 1655 1641
f 1637 1656 813
f 1656 1657 813
f 813 1657 815
f 1657 1658 815
f 815 1658 1659
f 1660 1661 819
f 1661 1662 819
f 819 1662 820
f 1662 1663 820
f 820 1663 1631
f 1664 1665 1666
f 1667 1643 1668
f 1643 1669 1668
f 1670 781 1671
f 781 779 1671
f 1671 779 1672
f 779 1673 1672
f 1666 1665 1674
f 1667 1675 1643
f 1675 1676 1643
f 1643 1676 1677
f 1677 1678 1643
f 1678 1679 1643
f 1643 1679 1680
f 1681 817 1682
f 817 815 1682
f 1682 815 1683
f 815 1659 1683
f 1684 783 1685
f 783 1686 1685
f 783 1687 1688
f 1629 807 1689
f 807 805 1689
f 1689 805 1690
f 805 803 1690
f 1690 803 1691
f 803 801 1691
f 1691 801 1692
f 801 799 1692
f 1692 799 1693
f 799 797 1693
f 1693 797 1694
f 797 795 1694
f 1694 795 1695
f 795 793 1695
f 1695 793 1696
f 793 791 1696
f 1696 791 1697
f 1681 1698 817
f 1698 1699 817
f 817 1699 819
f 1699 1700 819
f 819 1700 1660
f 1701 1702 1703
f 1645 1704 1643
f 1704 1705 1643
f 1643 1705 1701
f 1670 1706 781
f 1706 1707 781
f 781 1707 783
f 1707 1708 783
f 783 1708 1686
f 1684 1709 783
f 1709 1710 783
f 783 1710 1687
f 1680 1711 1643
f 1711 1712 1643
f 1643 1712 1713
f 1714 1715 1716
f 1715 1664 1716
f 1716 1664 1717
f 1664 1666 1717
f 1718 1719 1720
f 1719 1721 1720
f 1720 1721 1722
f 1721 1723 1722
f 1703 1724 1701
f 1724 1725 1701
f 1701 1725 1643
f 1725 1726 1643
f 1643 1726 1669
f 1688 1715 783
f 1715 1714 783
f 783 1714 785
f 1714 1727 785
f 785 1727 787
f 1727 1697 787
f 787 1697 789
f 1697 791 789
f 1665 1720 1728
f 1729 1730 1665
f 1730 1731 1665
f 1665 1731 1674
f 1665 1732 1720
f 1732 1733 1720
f 1720 1733 1734
f 1723 1735 1722
f 1735 1736 1722
f 1722 1736 1701
f 1736 1737 1701
f 1701 1737 1702
f 1713 1738 1643
f 1738 1739 1643
f 1643 1739 1740
f 1734 1741 1720
f 1741 1742 1720
f 1720 1742 1743
f 1744 1745 775
f 1745 1746 775
f 775 1746 1747
f 1748 777 1749
f 777 775 1749
f 1749 775 1750
f 775 1747 1750
f 1748 1751 777
f 1751 1752 777
f 777 1752 779
f 1752 1753 779
f 779 1753 1673
f 1728 1754 1665
f 1754 1755 1665
f 1665 1755 1756
f 1743 1757 1720
f 1757 1758 1720
f 1720 1758 1759
f 1759 1760 1720
f 1760 1761 1720
f 1720 1761 1718
f 1756 1762 1665
f 1762 1763 1665
f 1665 1763 1764
f 1764 1765 1665
f 1765 1766 1665
f 1665 1766 1729
f 1767 1768 775
f 1740 1769 1643
f 1769 1770 1643
f 1643 1770 775
f 1770 1771 775
f 775 1771 1767
f 1768 1772 775
f 1772 1773 775
f 775 1773 1744
f 1774 1775 1643
f 1775 1776 1643
f 1643 1776 738
f 1776 1777 738
f 1778 1779 766
f 1779 1780 766
f 766 1780 768
f 1780 1781 768
f 768 1781 1782
f 1783 1784 1643
f 1784 1785 1643
f 1785 1786 1643
f 1786 1787 1643
f 1643 1787 1788
f 1789 1790 1643
f 1790 1791 1643
f 1643 1791 1774
f 1792 770 1793
f 770 768 1793
f 1793 768 1794
f 768 1782 1794
f 1788 1795 1643
f 1795 1796 1643
f 1643 1796 1789
f 1777 1797 738
f 1797 1798 738
f 738 1798 1799
f 1792 1800 770
f 1800 1801 770
f 770 1801 772
f 1801 1802 772
f 772 1802 1803
f 1804 711 1805
f 711 773 1805
f 1805 773 1806
f 1799 1807 738
f 1807 1808 738
f 738 1808 1809
f 1803 1810 772
f 1810 1811 772
f 772 1811 773
f 1811 1812 773
f 773 1812 1806
f 1813 1814 1643
f 1814 1815 1643
f 1643 1815 1816
f 1817 740 1818
f 740 738 1818
f 1818 738 1819
f 738 1809 1819
f 1778 766 1820
f 766 764 1820
f 1820 764 1821
f 1804 1822 711
f 1822 1823 711
f 711 1823 1824
f 1816 1825 1643
f 1825 1826 1643
f 1643 1826 1783
f 1821 764 1827
f 764 762 1827
f 1827 762 1828
f 1824 1829 711
f 1829 1830 711
f 711 1830 1831
f 1828 762 1832
f 762 760 1832
f 1832 760 1833
f 1813 1643 1834
f 1643 711 1834
f 1834 711 1835
f 1833 760 1836
f 760 758 1836
f 1836 758 1837
f 758 756 1837
f 1837 756 1838
f 756 754 1838
f 1838 754 1839
f 754 752 1839
f 1839 752 1840
f 752 750 1840
f 1840 750 1841
f 750 748 1841
f 1841 748 1842
f 748 746 1842
f 1842 746 1843
f 746 744 1843
f 1843 744 1817
f 744 742 1817
f 1817 742 740
f 1831 1844 711
f 1844 1845 711
f 711 1845 1835
f 1846 1847 711
f 1848 1849 1643
f 1849 1850 1643
f 721 1851 723
f 1851 1852 723
f 1853 1854 674
f 1850 1855 1643
f 1855 1856 1643
f 1643 1856 1857
f 1858 725 1859
f 725 723 1859
f 1859 723 1860
f 723 1852 1860
f 1861 1862 711
f 1862 1863 711
f 711 1863 1846
f 1847 1864 711
f 1864 1865 711
f 711 1865 713
f 1865 1866 713
f 713 1866 715
f 1854 1867 674
f 1867 1868 674
f 674 1868 1869
f 1869 1870 674
f 1870 1871 674
f 674 1871 1643
f 1871 1872 1643
f 1643 1872 1848
f 1857 1873 1643
f 1873 1874 1643
f 1643 1874 1875
f 1875 1876 1643
f 1876 1877 1643
f 1643 1877 1878
f 1878 1879 1643
f 1879 1880 1643
f 1643 1880 1881
f 1882 1883 711
f 1866 1884 715
f 1884 1885 715
f 715 1885 717
f 1885 1886 717
f 717 1886 719
f 1886 1887 719
f 674 1888 1889
f 1883 1890 711
f 1890 1891 711
f 711 1891 1861
f 1887 1892 719
f 1892 1893 719
f 719 1893 721
f 1893 1894 721
f 721 1894 1851
f 1895 1896 731
f 1889 1897 674
f 1897 1898 674
f 674 1898 1853
f 1858 1899 725
f 1899 1900 725
f 725 1900 727
f 1900 1901 727
f 1901 1902 727
f 1902 1903 727
f 727 1903 729
f 1881 1904 1643
f 1904 1905 1643
f 1643 1905 1906
f 731 1896 733
f 1896 1907 733
f 733 1907 735
f 1907 1908 735
f 1908 1909 735
f 735 1909 736
f 1909 1910 736
f 736 1910 674
f 1910 1911 674
f 674 1911 1888
f 1903 1912 729
f 1912 1913 729
f 729 1913 731
f 1913 1914 731
f 731 1914 1895
f 1906 1915 1643
f 1915 1916 1643
f 1643 1916 711
f 1916 1917 711
f 711 1917 1882
f 1918 1919 674
f 1919 1920 674
f 1920 1921 674
f 674 1921 1922
f 1923 1924 684
f 1925 1926 1643
f 1927 1928 775
f 1922 1929 674
f 1929 1930 674
f 674 1930 1931
f 1932 676 1933
f 676 674 1933
f 1933 674 1934
f 674 1931 1934
f 688 686 1935
f 775 774 1927
f 774 708 1927
f 1927 708 1936
f 708 706 1936
f 1936 706 1937
f 706 704 1937
f 1937 704 1938
f 704 702 1938
f 1938 702 1939
f 702 700 1939
f 1939 700 1940
f 700 698 1940
f 1940 698 1941
f 698 696 1941
f 1941 696 1942
f 696 694 1942
f 1942 694 1943
f 694 692 1943
f 1943 692 1944
f 692 690 1944
f 684 1924 686
f 1924 1945 686
f 686 1945 1935
f 1928 1946 775
f 1946 1947 775
f 775 1947 1948
f 1926 1949 1643
f 1949 1950 1643
f 1643 1950 1951
f 1935 1952 688
f 1952 1953 688
f 688 1953 690
f 1953 1954 690
f 690 1954 1944
f 1951 1955 1643
f 1955 1956 1643
f 1643 1956 1957
f 1932 1958 676
f 1958 1959 676
f 676 1959 678
f 1959 1960 678
f 678 1960 1961
f 1948 1962 775
f 1962 1963 775
f 775 1963 1964
f 1957 1965 1643
f 1965 1966 1643
f 1643 1966 674
f 1966 1967 674
f 674 1967 1918
f 1968 1969 682
f 1969 1970 682
f 682 1970 684
f 1970 1971 684
f 684 1971 1923
f 1972 1973 1643
f 1973 1974 1643
f 1643 1974 1925
f 1964 1975 775
f 1975 1976 775
f 775 1976 1643
f 1976 1977 1643
f 1643 1977 1978
f 1979 680 1980
f 680 678 1980
f 1980 678 1981
f 678 1961 1981
f 1978 1982 1643
f 1982 1983 1643
f 1643 1983 1984
f 1984 1985 1643
f 1985 1986 1643
f 1643 1986 1972
f 1979 1987 680
f 1987 1988 680
f 680 1988 682
f 1988 1989 682
f 682 1989 1968
f 1990 651 1991
f 651 653 1991
f 1991 653 1992
f 653 655 1992
f 1992 655 1993
f 655 657 1993
f 1993 657 1994
f 657 659 1994
f 1994 659 1995
f 659 661 1995
f 1995 661 1996
f 661 663 1996
f 1996 663 1997
f 663 665 1997
f 1997 665 1998
f 665 667 1998
f 1998 667 1999
f 667 669 1999
f 1999 669 2000
f 669 527 2000
f 2000 527 2001
f 527 529 2001
f 2001 529 2002
f 529 531 2002
f 2002 531 2003
f 531 533 2003
f 2003 533 2004
f 533 535 2004
f 2004 535 2005
f 535 537 2005
f 2005 537 2006
f 537 539 2006
f 2006 539 2007
f 539 541 2007
f 2007 541 2008
f 541 543 2008
f 2008 543 2009
f 543 545 2009
f 2009 545 2010
f 545 547 2010
f 2010 547 2011
f 547 549 2011
f 2011 549 2012
f 549 551 2012
f 2012 551 2013
f 551 553 2013
f 2013 553 2014
f 553 555 2014
f 2014 555 2015
f 555 557 2015
f 2015 557 2016
f 557 559 2016
f 2016 559 2017
f 559 561 2017
f 2017 561 2018
f 561 563 2018
f 2018 563 2019
f 563 565 2019
f 2019 565 2020
f 565 567 2020
f 2020 567 2021
f 567 569 2021
f 2021 569 2022
f 569 571 2022
f 2022 571 2023
f 571 573 2023
f 2023 573 2024
f 573 575 2024
f 2024 575 2025
f 575 577 2025
f 2025 577 2026
f 577 579 2026
f 2026 579 2027
f 579 581 2027
f 2027 581 2028
f 581 583 2028
f 2028 583 2029
f 583 585 2029
f 2029 585 2030
f 585 587 2030
f 2030 587 2031
f 587 589 2031
f 2031 589 2032
f 589 591 2032
f 2032 591 2033
f 591 593 2033
f 2033 593 2034
f 593 595 2034
f 2034 595 2035
f 595 597 2035
f 2035 597 2036
f 597 599 2036
f 2036 599 2037
f 599 601 2037
f 2037 601 2038
f 601 603 2038
f 2038 603 2039
f 603 605 2039
f 2039 605 2040
f 605 607 2040
f 2040 607 2041
f 607 609 2041
f 2041 609 2042
f 609 611 2042
f 2042 611 2043
f 611 613 2043
f 2043 613 2044
f 613 615 2044
f 2044 615 2045
f 615 617 2045
f 2045 617 2046
f 617 619 2046
f 2046 619 2047
f 619 621 2047
f 2047 621 2048
f 621 623 2048
f 2048 623 2049
f 623 625 2049
f 2049 625 2050
f 625 627 2050
f 2050 627 2051
f 627 629 2051
f 2051 629 2052
f 629 631 2052
f 2052 631 2053
f 631 633 2053
f 2053 633 2054
f 633 635 2054
f 2054 635 2055
f 635 637 2055
f 2055 637 2056
f 637 639 2056
f 2056 639 2057
f 639 641 2057
f 2057 641 2058
f 641 643 2058
f 2058 643 2059
f 643 645 2059
f 2059 645 2060
f 645 647 2060
f 2060 647 2061
f 647 649 2061
f 2061 649 1990
f 649 651 1990
f 4 672 2062
f 4 2062 445
f 2062 2063 445
f 445 2063 447
f 2063 2064 447
f 447 2064 449
f 2064 2065 449
f 449 2065 451
f 2065 2066 451
f 451 2066 453
f 2066 2067 453
f 453 2067 455
f 2067 2068 455
f 455 2068 457
f 2068 2069 457
f 457 2069 459
f 2069 2070 459
f 459 2070 461
f 2070 2071 461
f 461 2071 463
f 2071 2072 463
f 463 2072 466
f 2072 2073 466
f 466 2073 468
f 2073 2074 468
f 468 2074 470
f 2074 2075 470
f 470 2075 472
f 2075 2076 472
f 472 2076 474
f 2076 2077 474
f 474 2077 476
f 2077 2078 476
f 476 2078 478
f 2078 2079 478
f 478 2079 480
f 2079 2080 480
f 480 2080 482
f 2080 2081 482
f 482 2081 484
f 2081 2082 484
f 484 2082 486
f 2082 2083 486
f 486 2083 488
f 2083 2084 488
f 488 2084 490
f 2084 2085 490
f 490 2085 492
f 2085 2086 492
f 492 2086 494
f 2086 2087 494
f 494 2087 496
f 2087 2088 496
f 496 2088 498
f 2088 2089 498
f 498 2089 500
f 2089 2090 500
f 500 2090 502
f 2090 2091 502
f 502 2091 504
f 2091 2092 504
f 504 2092 506
f 2092 2093 506
f 506 2093 508
f 2093 2094 508
f 508 2094 510
f 2094 2095 510
f 510 2095 512
f 2095 2096 512
f 512 2096 514
f 2096 929 514
f 514 929 79
f 1134 671 856
f 1134 856 1136
f 856 855 1136
f 1136 855 1137
f 855 854 1137
f 1137 854 1138
f 854 853 1138
f 1138 853 1139
f 853 852 1139
f 1139 852 1128
f 852 851 1128
f 1128 851 1129
f 851 850 1129
f 1129 850 1131
f 850 849 1131
f 1131 849 1132
f 849 848 1132
f 1132 848 1123
f 848 847 1123
f 1123 847 1124
f 847 846 1124
f 1124 846 1126
f 846 845 1126
f 1126 845 1127
f 845 844 1127
f 1127 844 1117
f 844 843 1117
f 1117 843 1118
f 843 842 1118
f 1118 842 1122
f 842 841 1122
f 1122 841 1119
f 841 840 1119
f 1119 840 1120
f 840 839 1120
f 1120 839 1121
f 839 838 1121
f 1121 838 1111
f 838 837 1111
f 1111 837 1112
f 837 836 1112
f 1112 836 1114
f 836 835 1114
f 1114 835 1115
f 835 834 1115
f 1115 834 1105
f 834 833 1105
f 1105 833 1102
f 833 832 1102
f 1102 832 1103
f 832 831 1103
f 1103 831 1106
f 831 830 1106
f 1106 830 1107
f 830 829 1107
f 1107 829 1109
f 829 828 1109
f 1109 828 1110
f 828 827 1110
f 1110 827 1096
f 827 826 1096
f 1096 826 1097
f 826 825 1097
f 1097 825 1098
f 825 824 1098
f 1098 824 1099
f 824 823 1099
f 1099 823 1100
f 823 822 1100
f 1100 822 1101
f 822 821 1101
f 1101 821 1004
f 1555 1848 1556
f 1848 1872 1556
f 1556 1872 1623
f 1872 1871 1623
f 1623 1871 1624
f 1871 1870 1624
f 1624 1870 1620
f 1870 1869 1620
f 1620 1869 1621
f 1869 1868 1621
f 1621 1868 1622
f 1868 1867 1622
f 1622 1867 1617
f 1867 1854 1617
f 1617 1854 1618
f 1854 1853 1618
f 1618 1853 1619
f 1853 1898 1619
f 1619 1898 1614
f 1898 1897 1614
f 1614 1897 1615
f 1897 1889 1615
f 1615 1889 1616
f 1889 1888 1616
f 1616 1888 1611
f 1888 1911 1611
f 1611 1911 1612
f 1911 1910 1612
f 1612 1910 1613
f 1910 1909 1613
f 1613 1909 1608
f 1909 1908 1608
f 1608 1908 1609
f 1908 1907 1609
f 1609 1907 1610
f 1907 1896 1610
f 1610 1896 1605
f 1896 1895 1605
f 1605 1895 1606
f 1895 1914 1606
f 1606 1914 1607
f 1914 1913 1607
f 1607 1913 1602
f 1913 1912 1602
f 1602 1912 1603
f 1912 1903 1603
f 1603 1903 1604
f 1903 1902 1604
f 1604 1902 1599
f 1902 1901 1599
f 1599 1901 1600
f 1901 1900 1600
f 1600 1900 1601
f 1900 1899 1601
f 1601 1899 1596
f 1899 1858 1596
f 1596 1858 1597
f 1858 1859 1597
f 1597 1859 1598
f 1859 1860 1598
f 1598 1860 1593
f 1860 1852 1593
f 1593 1852 1594
f 1852 1851 1594
f 1594 1851 1595
f 1851 1894 1595
f 1595 1894 1590
f 1894 1893 1590
f 1590 1893 1591
f 1893 1892 1591
f 1591 1892 1592
f 1892 1887 1592
f 1592 1887 1587
f 1887 1886 1587
f 1587 1886 1588
f 1886 1885 1588
f 1588 1885 1589
f 1885 1884 1589
f 1589 1884 1584
f 1884 1866 1584
f 1584 1866 1585
f 1866 1865 1585
f 1585 1865 1586
f 1865 1864 1586
f 1586 1864 1581
f 1864 1847 1581
f 1581 1847 1582
f 1847 1846 1582
f 1582 1846 1583
f 1846 1863 1583
f 1583 1863 1578
f 1863 1862 1578
f 1578 1862 1579
f 1862 1861 1579
f 1579 1861 1580
f 1861 1891 1580
f 1580 1891 1575
f 1891 1890 1575
f 1575 1890 1576
f 1890 1883 1576
f 1576 1883 1577
f 1883 1882 1577
f 1577 1882 1572
f 1882 1917 1572
f 1572 1917 1573
f 1917 1916 1573
f 1573 1916 1574
f 1916 1915 1574
f 1574 1915 1569
f 1915 1906 1569
f 1569 1906 1570
f 1906 1905 1570
f 1570 1905 1571
f 1905 1904 1571
f 1571 1904 1566
f 1904 1881 1566
f 1566 1881 1567
f 1881 1880 1567
f 1567 1880 1568
f 1880 1879 1568
f 1568 1879 1563
f 1879 1878 1563
f 1563 1878 1564
f 1878 1877 1564
f 1564 1877 1565
f 1877 1876 1565
f 1565 1876 1560
f 1876 1875 1560
f 1560 1875 1561
f 1875 1874 1561
f 1561 1874 1562
f 1874 1873 1562
f 1562 1873 1557
f 1873 1857 1557
f 1557 1857 1558
f 1857 1856 1558
f 1558 1856 1559
f 1856 1855 1559
f 1559 1855 1552
f 1855 1850 1552
f 1552 1850 1553
f 1850 1849 1553
f 1553 1849 1555
f 1849 1848 1555
f 671 1134 1133
f 1133 1095 671
f 1095 1093 671
f 671 1093 672
f 1093 1146 672
f 672 1146 1145
f 422 1405 424
f 1405 1404 424
f 424 1404 426
f 1404 1416 426
f 426 1416 428
f 1416 1415 428
f 428 1415 430
f 1415 1410 430
f 430 1410 432
f 1410 1409 432
f 432 1409 434
f 1409 1451 434
f 434 1451 436
f 1451 1450 436
f 436 1450 438
f 1450 1446 438
f 438 1446 440
f 1446 1445 440
f 440 1445 442
f 1445 1476 442
f 442 1476 444
f 1476 1475 444
f 444 1475 302
f 1475 1474 302
f 302 1474 304
f 1474 1473 304
f 304 1473 306
f 1473 1472 306
f 306 1472 308
f 1472 1471 308
f 308 1471 310
f 1471 1470 310
f 310 1470 312
f 1470 1469 312
f 312 1469 314
f 1469 1461 314
f 314 1461 316
f 1461 1460 316
f 316 1460 318
f 1460 1466 318
f 318 1466 320
f 1466 1468 320
f 320 1468 322
f 1468 1467 322
f 322 1467 324
f 1467 1464 324
f 324 1464 326
f 1464 1463 326
f 326 1463 328
f 1463 1462 328
f 328 1462 330
f 1462 1444 330
f 330 1444 332
f 1444 1443 332
f 332 1443 334
f 1443 1442 334
f 334 1442 336
f 1442 1441 336
f 336 1441 338
f 1441 1440 338
f 338 1440 340
f 1440 1439 340
f 340 1439 342
f 1439 1422 342
f 342 1422 344
f 1422 1421 344
f 344 1421 346
f 1421 1420 346
f 346 1420 348
f 1420 1419 348
f 348 1419 350
f 1419 1418 350
f 350 1418 352
f 1418 1417 352
f 352 1417 354
f 1417 1414 354
f 354 1414 356
f 1414 1413 356
f 356 1413 358
f 1413 1412 358
f 358 1412 360
f 1412 1411 360
f 360 1411 362
f 1411 1438 362
f 362 1438 364
f 1438 1437 364
f 364 1437 366
f 1437 1436 366
f 366 1436 368
f 1436 1435 368
f 368 1435 370
f 1435 1434 370
f 370 1434 372
f 1434 1433 372
f 372 1433 374
f 1433 1432 374
f 374 1432 376
f 1432 1459 376
f 376 1459 378
f 1459 1458 378
f 378 1458 380
f 1458 1447 380
f 380 1447 382
f 1447 1448 382
f 382 1448 384
f 1448 1449 384
f 384 1449 386
f 1449 1457 386
f 386 1457 388
f 1457 1456 388
f 388 1456 390
f 1456 1455 390
f 390 1455 392
f 1455 1454 392
f 392 1454 394
f 1454 1453 394
f 394 1453 396
f 1453 1452 396
f 396 1452 398
f 1452 1431 398
f 398 1431 400
f 1431 1430 400
f 400 1430 402
f 1430 1429 402
f 402 1429 404
f 1429 1428 404
f 404 1428 406
f 1428 1427 406
f 406 1427 408
f 1427 1426 408
f 408 1426 410
f 1426 1425 410
f 410 1425 412
f 1425 1424 412
f 412 1424 414
f 1424 1423 414
f 414 1423 416
f 1423 1408 416
f 416 1408 418
f 1408 1407 418
f 418 1407 420
f 1407 1406 420
f 420 1406 422
f 1406 1405 422
f 1 3 2097
f 984 983 2098
f 2099 2100 978
f 2101 977 976
f 2100 2102 978
f 2102 2103 978
f 978 2103 979
f 973 2104 974
f 2104 2101 974
f 974 2101 975
f 2101 976 975
f 1003 1002 80
f 1002 1001 80
f 80 1001 1000
f 983 982 2098
f 982 981 2098
f 2098 981 2103
f 981 980 2103
f 2103 980 979
f 977 2101 978
f 2101 2105 978
f 978 2105 2099
f 1000 999 80
f 999 998 80
f 80 998 997
f 2106 2107 2097
f 973 972 2104
f 972 971 2104
f 2104 971 2108
f 971 970 2108
f 970 969 2108
f 969 968 2108
f 2108 968 2109
f 968 967 2109
f 2109 967 966
f 950 949 2110
f 949 948 2110
f 997 996 80
f 996 995 80
f 80 995 994
f 994 993 80
f 993 992 80
f 80 992 991
f 991 990 80
f 990 989 80
f 80 989 988
f 2111 2112 78
f 2107 2113 2097
f 2113 2110 2097
f 2097 2110 947
f 2110 948 947
f 2114 2115 962
f 966 965 2109
f 965 964 2109
f 2109 964 2115
f 964 963 2115
f 2115 963 962
f 962 961 2114
f 961 960 2114
f 2114 960 2116
f 955 954 2117
f 954 953 2117
f 2117 953 952
f 2110 2118 950
f 2118 2117 950
f 950 2117 951
f 2117 952 951
f 2119 2120 78
f 2111 78 2121
f 955 2117 956
f 2117 2122 956
f 956 2122 2123
f 2119 78 2124
f 2125 2126 78
f 2126 2127 78
f 78 2127 2121
f 960 959 2116
f 959 958 2116
f 2116 958 2123
f 958 957 2123
f 2123 957 956
f 2098 2128 80
f 2120 2129 78
f 2129 2130 78
f 78 2130 2125
f 2131 2132 2133
f 2097 2134 2135
f 2128 2136 80
f 2136 2137 80
f 80 2137 78
f 2137 2138 78
f 78 2138 2124
f 2139 2140 2141
f 2131 2142 2132
f 2142 2143 2132
f 2132 2143 2144
f 2135 2145 2097
f 2145 2146 2097
f 2097 2146 2106
f 2133 2147 2131
f 2147 2148 2131
f 2131 2148 2149
f 2148 2150 2149
f 2149 2150 2151
f 2144 2152 2132
f 2152 2153 2132
f 2132 2153 2154
f 2155 2156 2097
f 2156 2157 2097
f 2097 2157 2134
f 988 987 80
f 987 986 80
f 80 986 2098
f 986 985 2098
f 2098 985 984
f 2151 2150 2141
f 2150 2158 2141
f 2141 2158 2139
f 2159 2160 2112
f 2160 2161 2112
f 2154 2162 2132
f 2162 2163 2132
f 2132 2163 2164
f 2165 2166 2097
f 2166 2167 2097
f 2097 2167 2155
f 2140 2168 2141
f 2168 2169 2141
f 2141 2169 2170
f 2169 2159 2170
f 2170 2159 2171
f 2159 2112 2171
f 2161 2172 2112
f 2172 2173 2112
f 2112 2173 2174
f 2174 2175 2112
f 2175 2176 2112
f 2112 2176 2177
f 2177 2178 2112
f 2178 2179 2112
f 2112 2179 2180
f 2164 2181 2132
f 2181 2182 2132
f 2132 2182 2183
f 2184 2185 2097
f 2180 2186 2112
f 2186 2187 2112
f 2112 2187 78
f 2187 2188 78
f 78 2188 2189
f 2184 2097 2190
f 2185 2191 2097
f 2191 2192 2097
f 2097 2192 2165
f 2189 2193 78
f 2193 2194 78
f 78 2194 515
f 2194 2195 515
f 515 2195 513
f 2195 2196 513
f 513 2196 511
f 2196 2197 511
f 511 2197 509
f 2197 2198 509
f 509 2198 507
f 2198 2199 507
f 507 2199 505
f 2199 2200 505
f 505 2200 503
f 2200 2201 503
f 503 2201 501
f 2201 2202 501
f 501 2202 499
f 2202 2203 499
f 499 2203 497
f 2203 2204 497
f 497 2204 495
f 2204 2205 495
f 495 2205 493
f 2205 2206 493
f 493 2206 491
f 2206 2207 491
f 491 2207 489
f 2207 2208 489
f 489 2208 487
f 2208 2209 487
f 487 2209 485
f 2209 2210 485
f 485 2210 483
f 2210 2211 483
f 483 2211 481
f 2211 2212 481
f 481 2212 479
f 2212 2213 479
f 479 2213 477
f 2213 2214 477
f 477 2214 475
f 2214 2215 475
f 475 2215 473
f 2215 2216 473
f 473 2216 471
f 2216 2217 471
f 471 2217 469
f 2217 2218 469
f 469 2218 467
f 2218 2219 467
f 467 2219 465
f 2183 2220 2132
f 2220 2221 2132
f 2132 2221 2097
f 2221 2222 2097
f 2097 2222 2190
f 2022 2023 3
f 2029 2097 2028
f 2097 2027 2028
f 1993 5 1992
f 5 1991 1992
f 2023 2024 3
f 2024 2025 3
f 3 2025 2097
f 2025 2026 2097
f 2097 2026 2027
f 2029 2030 2097
f 2030 2031 2097
f 2097 2031 2032
f 2032 2033 2097
f 2033 2034 2097
f 2097 2034 2035
f 2061 2223 2224
f 2219 2225 465
f 2225 2226 465
f 465 2226 464
f 2226 2227 464
f 2018 2019 3
f 2054 2055 2132
f 2055 2056 2132
f 2132 2056 2057
f 1990 2228 2061
f 2228 2229 2061
f 2061 2229 2230
f 2230 2231 2061
f 2231 2232 2061
f 2061 2232 2223
f 1993 1994 5
f 1994 1995 5
f 5 1995 1996
f 1996 1997 5
f 1997 1998 5
f 5 1998 1999
f 2019 2020 3
f 2020 2021 3
f 3 2021 2022
f 2035 2036 2097
f 2036 2037 2097
f 2097 2037 2038
f 2038 2039 2097
f 2039 2040 2097
f 2097 2040 2041
f 2041 2042 2097
f 2042 2043 2097
f 2097 2043 2044
f 2048 2049 2132
f 2049 2050 2132
f 2132 2050 2051
f 2057 2058 2132
f 2058 2059 2132
f 2132 2059 2233
f 2059 2060 2233
f 2233 2060 2234
f 2060 2061 2234
f 2234 2061 2235
f 2061 2224 2235
f 1990 1991 2228
f 1991 5 2228
f 2228 5 2236
f 5 446 2236
f 2236 446 2237
f 446 448 2237
f 2237 448 2238
f 448 450 2238
f 2238 450 2239
f 450 452 2239
f 2239 452 2240
f 452 454 2240
f 2240 454 2241
f 454 456 2241
f 2241 456 2242
f 456 458 2242
f 2242 458 2243
f 458 460 2243
f 2243 460 2227
f 460 462 2227
f 2227 462 464
f 1999 2000 5
f 2000 2001 5
f 5 2001 2002
f 2006 2007 3
f 2007 2008 3
f 3 2008 2009
f 2051 2052 2132
f 2052 2053 2132
f 2132 2053 2054
f 2002 2003 5
f 2003 2004 5
f 5 2004 3
f 2004 2005 3
f 3 2005 2006
f 2009 2010 3
f 2010 2011 3
f 3 2011 2012
f 2012 2013 3
f 2013 2014 3
f 3 2014 2015
f 2015 2016 3
f 2016 2017 3
f 3 2017 2018
f 2044 2045 2097
f 2045 2046 2097
f 2097 2046 2132
f 2046 2047 2132
f 2132 2047 2048
f 941 940 33
f 936 935 15
f 939 29 940
f 29 31 940
f 940 31 33
f 937 23 938
f 23 25 938
f 938 25 939
f 25 27 939
f 939 27 29
f 15 17 936
f 17 19 936
f 936 19 937
f 19 21 937
f 937 21 23
f 1003 80 930
f 80 6 930
f 930 6 931
f 2097 2244 2245
f 934 933 6
f 933 932 6
f 6 932 931
f 2246 2247 947
f 2247 2248 947
f 947 2248 2249
f 2249 2250 947
f 2250 2251 947
f 947 2251 2097
f 2251 2252 2097
f 2097 2252 2244
f 6 9 934
f 9 11 934
f 934 11 935
f 11 13 935
f 935 13 15
f 2245 2253 2097
f 2253 2254 2097
f 2097 2254 2255
f 2256 33 2257
f 33 35 2257
f 2257 35 2258
f 947 2259 2260
f 944 943 33
f 943 942 33
f 33 942 941
f 2255 2261 2097
f 2261 2262 2097
f 2097 2262 2263
f 35 37 2258
f 37 39 2258
f 2258 39 2264
f 39 41 2264
f 2264 41 2265
f 41 43 2265
f 2265 43 2266
f 43 45 2266
f 2266 45 2267
f 45 47 2267
f 2267 47 2268
f 47 49 2268
f 2268 49 2269
f 49 51 2269
f 2269 51 2270
f 51 53 2270
f 2270 53 2271
f 53 55 2271
f 2271 55 2272
f 55 57 2272
f 2272 57 2273
f 57 59 2273
f 2273 59 2274
f 2260 2275 947
f 2275 2276 947
f 947 2276 2246
f 2256 2277 33
f 2277 2278 33
f 33 2278 2279
f 2279 2280 33
f 2280 2281 33
f 33 2281 2282
f 2263 2283 2097
f 2283 2284 2097
f 2097 2284 2285
f 59 2286 2287
f 2288 2289 944
f 2287 2290 59
f 2290 2291 59
f 59 2291 2274
f 2289 2292 944
f 2292 2293 944
f 944 2293 2294
f 2259 947 2295
f 947 946 2295
f 2295 946 2296
f 946 945 2296
f 2296 945 944
f 2285 2297 2097
f 2297 2298 2097
f 2097 2298 2299
f 2294 2300 944
f 2300 2301 944
f 944 2301 2296
f 2299 2302 2097
f 2302 2303 2097
f 2097 2303 2304
f 2304 2305 2097
f 2305 2306 2097
f 2097 2306 2307
f 2282 2308 33
f 2308 2309 33
f 33 2309 944
f 2309 2310 944
f 944 2310 2288
f 2311 59 2312
f 59 2313 2312
f 2311 2314 59
f 2314 2315 59
f 59 2315 2286
f 61 2097 59
f 2097 2307 59
f 59 2307 2313
f 61 63 2097
f 63 65 2097
f 2097 65 67
f 67 69 2097
f 69 71 2097
f 2097 71 73
f 73 75 2097
f 75 77 2097
f 2097 77 1
f 2244 421 2245
f 421 423 2245
f 2245 423 2253
f 423 425 2253
f 2253 425 2254
f 425 427 2254
f 2254 427 2255
f 427 429 2255
f 2255 429 2261
f 429 431 2261
f 2261 431 2262
f 431 433 2262
f 2262 433 2263
f 433 435 2263
f 2263 435 2283
f 435 437 2283
f 2283 437 2284
f 437 439 2284
f 2284 439 2285
f 439 441 2285
f 2285 441 2297
f 441 443 2297
f 2297 443 2298
f 443 301 2298
f 2298 301 2299
f 301 303 2299
f 2299 303 2302
f 303 305 2302
f 2302 305 2303
f 305 307 2303
f 2303 307 2304
f 307 309 2304
f 2304 309 2305
f 309 311 2305
f 2305 311 2306
f 311 313 2306
f 2306 313 2307
f 313 315 2307
f 2307 315 2313
f 315 317 2313
f 2313 317 2312
f 317 319 2312
f 2312 319 2311
f 319 321 2311
f 2311 321 2314
f 321 323 2314
f 2314 323 2315
f 323 325 2315
f 2315 325 2286
f 325 327 2286
f 2286 327 2287
f 327 329 2287
f 2287 329 2290
f 329 331 2290
f 2290 331 2291
f 331 333 2291
f 2291 333 2274
f 333 335 2274
f 2274 335 2273
f 335 337 2273
f 2273 337 2272
f 337 339 2272
f 2272 339 2271
f 339 341 2271
f 2271 341 2270
f 341 343 2270
f 2270 343 2269
f 343 345 2269
f 2269 345 2268
f 345 347 2268
f 2268 347 2267
f 347 349 2267
f 2267 349 2266
f 349 351 2266
f 2266 351 2265
f 351 353 2265
f 2265 353 2264
f 353 355 2264
f 2264 355 2258
f 355 357 2258
f 2258 357 2257
f 357 359 2257
f 2257 359 2256
f 359 361 2256
f 2256 361 2277
f 361 363 2277
f 2277 363 2278
f 363 365 2278
f 2278 365 2279
f 365 367 2279
f 2279 367 2280
f 367 369 2280
f 2280 369 2281
f 369 371 2281
f 2281 371 2282
f 371 373 2282
f 2282 373 2308
f 373 375 2308
f 2308 375 2309
f 375 377 2309
f 2309 377 2310
f 377 379 2310
f 2310 379 2288
f 379 381 2288
f 2288 381 2289
f 381 383 2289
f 2289 383 2292
f 383 385 2292
f 2292 385 2293
f 385 387 2293
f 2293 387 2294
f 387 389 2294
f 2294 389 2300
f 389 391 2300
f 2300 391 2301
f 391 393 2301
f 2301 393 2296
f 393 395 2296
f 2296 395 2295
f 395 397 2295
f 2295 397 2259
f 397 399 2259
f 2259 399 2260
f 399 401 2260
f 2260 401 2275
f 401 403 2275
f 2275 403 2276
f 403 405 2276
f 2276 405 2246
f 405 407 2246
f 2246 407 2247
f 407 409 2247
f 2247 409 2248
f 409 411 2248
f 2248 411 2249
f 411 413 2249
f 2249 413 2250
f 413 415 2250
f 2250 415 2251
f 415 417 2251
f 2251 417 2252
f 417 419 2252
f 2252 419 2244
f 419 421 2244
f 2316 236 235
f 238 2317 2318
f 2319 2320 2321
f 2316 2322 236
f 2322 2323 236
f 236 2323 2324
f 233 232 2325
f 232 231 2325
f 2325 231 230
f 247 246 2326
f 242 241 2327
f 241 240 2327
f 2327 240 2318
f 240 239 2318
f 2318 239 238
f 2328 2329 225
f 2329 2330 225
f 225 2330 520
f 242 2327 243
f 2327 2331 243
f 243 2331 244
f 2317 238 2324
f 238 237 2324
f 2324 237 236
f 2320 2332 2321
f 2332 2333 2321
f 2321 2333 2334
f 225 253 2328
f 253 252 2328
f 2328 252 251
f 2326 246 2331
f 246 245 2331
f 2331 245 244
f 1627 1628 2335
f 1628 2336 2335
f 2334 2337 2321
f 2337 2338 2321
f 2321 2338 2325
f 2339 2340 230
f 2340 2341 230
f 230 2341 2325
f 2342 2343 2344
f 2343 2345 2344
f 2344 2345 2346
f 251 250 2328
f 250 249 2328
f 2328 249 2326
f 249 248 2326
f 2326 248 247
f 228 2344 229
f 2344 2346 229
f 229 2346 230
f 2346 2347 230
f 230 2347 2339
f 2348 2349 2336
f 2349 2350 2336
f 2336 2350 2335
f 235 234 2316
f 234 233 2316
f 2316 233 2351
f 233 2325 2351
f 2351 2325 2352
f 2325 2338 2352
f 2353 2354 2336
f 2336 2355 2356
f 2357 2336 2321
f 2336 2358 2321
f 2321 2358 2319
f 2354 2359 2336
f 2359 2360 2336
f 2336 2360 2355
f 2356 2361 2336
f 2361 2362 2336
f 2336 2362 2348
f 2357 2363 2336
f 2363 2364 2336
f 2336 2364 2365
f 2365 2366 2336
f 2366 2367 2336
f 2336 2367 2353
f 1477 929 2096
f 1477 2096 1252
f 2096 2095 1252
f 1252 2095 1253
f 2095 2094 1253
f 1253 2094 1254
f 2094 2093 1254
f 1254 2093 1255
f 2093 2092 1255
f 1255 2092 1246
f 2092 2091 1246
f 1246 2091 1247
f 2091 2090 1247
f 1247 2090 1249
f 2090 2089 1249
f 1249 2089 1250
f 2089 2088 1250
f 1250 2088 1251
f 2088 2087 1251
f 1251 2087 1244
f 2087 2086 1244
f 1244 2086 1242
f 2086 2085 1242
f 1242 2085 1243
f 2085 2084 1243
f 1243 2084 1245
f 2084 2083 1245
f 1245 2083 1219
f 2083 2082 1219
f 1219 2082 1213
f 2082 2081 1213
f 1213 2081 1208
f 2081 2080 1208
f 1208 2080 1160
f 2080 2079 1160
f 1160 2079 1162
f 2079 2078 1162
f 1162 2078 1169
f 2078 2077 1169
f 1169 2077 1165
f 2077 2076 1165
f 1165 2076 1177
f 2076 2075 1177
f 1177 2075 1178
f 2075 2074 1178
f 1178 2074 1158
f 2074 2073 1158
f 1158 2073 1156
f 2073 2072 1156
f 1156 2072 1151
f 2072 2071 1151
f 1151 2071 1152
f 2071 2070 1152
f 1152 2070 1153
f 2070 2069 1153
f 1153 2069 1154
f 2069 2068 1154
f 1154 2068 1155
f 2068 2067 1155
f 1155 2067 1147
f 2067 2066 1147
f 1147 2066 1148
f 2066 2065 1148
f 1148 2065 1149
f 2065 2064 1149
f 1149 2064 1140
f 2064 2063 1140
f 1140 2063 1141
f 2063 2062 1141
f 1141 2062 1143
f 2062 672 1143
f 1143 672 1145
f 2368 1037 1040
f 2335 1037 1627
f 1037 2368 1627
f 1627 2368 1625
f 2368 2369 1625
f 1060 2370 1059
f 2370 2368 1059
f 1059 2368 1057
f 2368 1040 1057
f 1262 1706 1263
f 1706 1670 1263
f 1263 1670 1264
f 1670 1671 1264
f 1264 1671 1256
f 1671 1672 1256
f 1256 1672 1257
f 1672 1673 1257
f 1257 1673 1280
f 1673 1753 1280
f 1280 1753 1281
f 1753 1752 1281
f 1281 1752 1276
f 1752 1751 1276
f 1276 1751 1277
f 1751 1748 1277
f 1277 1748 1278
f 1748 1749 1278
f 1278 1749 1279
f 1749 1750 1279
f 1279 1750 1286
f 1750 1747 1286
f 1286 1747 1287
f 1747 1746 1287
f 1287 1746 1288
f 1746 1745 1288
f 1288 1745 1289
f 1745 1744 1289
f 1289 1744 1290
f 1744 1773 1290
f 1290 1773 1291
f 1773 1772 1291
f 1291 1772 1292
f 1772 1768 1292
f 1292 1768 1293
f 1768 1767 1293
f 1293 1767 1294
f 1767 1771 1294
f 1294 1771 1282
f 1771 1770 1282
f 1282 1770 1283
f 1770 1769 1283
f 1283 1769 1284
f 1769 1740 1284
f 1284 1740 1285
f 1740 1739 1285
f 1285 1739 1269
f 1739 1738 1269
f 1269 1738 1270
f 1738 1713 1270
f 1270 1713 1274
f 1713 1712 1274
f 1274 1712 1275
f 1712 1711 1275
f 1275 1711 1258
f 1711 1680 1258
f 1258 1680 1259
f 1680 1679 1259
f 1259 1679 1271
f 1679 1678 1271
f 1271 1678 1272
f 1678 1677 1272
f 1272 1677 1273
f 1677 1676 1273
f 1273 1676 1265
f 1676 1675 1265
f 1265 1675 1266
f 1675 1667 1266
f 1266 1667 1268
f 1667 1668 1268
f 1268 1668 1295
f 1668 1669 1295
f 1295 1669 1296
f 1669 1726 1296
f 1296 1726 1297
f 1726 1725 1297
f 1297 1725 1314
f 1725 1724 1314
f 1314 1724 1315
f 1724 1703 1315
f 1315 1703 1316
f 1703 1702 1316
f 1316 1702 1304
f 1702 1737 1304
f 1304 1737 1305
f 1737 1736 1305
f 1305 1736 1307
f 1736 1735 1307
f 1307 1735 1308
f 1735 1723 1308
f 1308 1723 1309
f 1723 1721 1309
f 1309 1721 1310
f 1721 1719 1310
f 1310 1719 1311
f 1719 1718 1311
f 1311 1718 1322
f 1718 1761 1322
f 1322 1761 1323
f 1761 1760 1323
f 1323 1760 1324
f 1760 1759 1324
f 1324 1759 1325
f 1759 1758 1325
f 1325 1758 1326
f 1758 1757 1326
f 1326 1757 1327
f 1757 1743 1327
f 1327 1743 1328
f 1743 1742 1328
f 1328 1742 1329
f 1742 1741 1329
f 1329 1741 1330
f 1741 1734 1330
f 1330 1734 1319
f 1734 1733 1319
f 1319 1733 1318
f 1733 1732 1318
f 1318 1732 1317
f 1732 1665 1317
f 1317 1665 1320
f 1665 1664 1320
f 1320 1664 1321
f 1664 1715 1321
f 1321 1715 1298
f 1715 1688 1298
f 1298 1688 1299
f 1688 1687 1299
f 1299 1687 1312
f 1687 1710 1312
f 1312 1710 1313
f 1710 1709 1313
f 1313 1709 1300
f 1709 1684 1300
f 1300 1684 1301
f 1684 1685 1301
f 1301 1685 1302
f 1685 1686 1302
f 1302 1686 1303
f 1686 1708 1303
f 1303 1708 1261
f 1708 1707 1261
f 1261 1707 1262
f 1707 1706 1262
f 2371 1626 1625
f 2372 2373 2369
f 2373 2374 2369
f 2369 2374 2375
f 2376 2377 2369
f 2378 2379 1625
f 2379 2380 1625
f 1625 2380 2381
f 2381 2382 1625
f 2382 2383 1625
f 1625 2383 2371
f 2375 2384 2369
f 2384 2385 2369
f 2369 2385 2376
f 2377 2386 2369
f 2386 2387 2369
f 2369 2387 1625
f 2387 2388 1625
f 1625 2388 2378
f 1341 1940 1346
f 1940 1941 1346
f 1346 1941 1347
f 1941 1942 1347
f 1347 1942 1348
f 1942 1943 1348
f 1348 1943 1331
f 1943 1944 1331
f 1331 1944 1332
f 1944 1954 1332
f 1332 1954 1356
f 1954 1953 1356
f 1356 1953 1357
f 1953 1952 1357
f 1357 1952 1351
f 1952 1935 1351
f 1351 1935 1350
f 1935 1945 1350
f 1350 1945 1349
f 1945 1924 1349
f 1349 1924 1360
f 1924 1923 1360
f 1360 1923 1361
f 1923 1971 1361
f 1361 1971 1362
f 1971 1970 1362
f 1362 1970 1366
f 1970 1969 1366
f 1366 1969 1367
f 1969 1968 1367
f 1367 1968 1368
f 1968 1989 1368
f 1368 1989 1369
f 1989 1988 1369
f 1369 1988 1370
f 1988 1987 1370
f 1370 1987 1371
f 1987 1979 1371
f 1371 1979 1363
f 1979 1980 1363
f 1363 1980 1364
f 1980 1981 1364
f 1364 1981 1365
f 1981 1961 1365
f 1365 1961 1352
f 1961 1960 1352
f 1352 1960 1353
f 1960 1959 1353
f 1353 1959 1358
f 1959 1958 1358
f 1358 1958 1359
f 1958 1932 1359
f 1359 1932 1342
f 1932 1933 1342
f 1342 1933 1343
f 1933 1934 1343
f 1343 1934 1344
f 1934 1931 1344
f 1344 1931 1354
f 1931 1930 1354
f 1354 1930 1355
f 1930 1929 1355
f 1355 1929 1333
f 1929 1922 1333
f 1333 1922 1334
f 1922 1921 1334
f 1334 1921 1345
f 1921 1920 1345
f 1345 1920 1337
f 1920 1919 1337
f 1337 1919 1336
f 1919 1918 1336
f 1336 1918 1335
f 1918 1967 1335
f 1335 1967 1382
f 1967 1966 1382
f 1382 1966 1383
f 1966 1965 1383
f 1383 1965 1384
f 1965 1957 1384
f 1384 1957 1385
f 1957 1956 1385
f 1385 1956 1386
f 1956 1955 1386
f 1386 1955 1387
f 1955 1951 1387
f 1387 1951 1378
f 1951 1950 1378
f 1378 1950 1379
f 1950 1949 1379
f 1379 1949 1380
f 1949 1926 1380
f 1380 1926 1381
f 1926 1925 1381
f 1381 1925 1394
f 1925 1974 1394
f 1394 1974 1395
f 1974 1973 1395
f 1395 1973 1396
f 1973 1972 1396
f 1396 1972 1397
f 1972 1986 1397
f 1397 1986 1398
f 1986 1985 1398
f 1398 1985 1399
f 1985 1984 1399
f 1399 1984 1400
f 1984 1983 1400
f 1400 1983 1401
f 1983 1982 1401
f 1401 1982 1402
f 1982 1978 1402
f 1402 1978 1403
f 1978 1977 1403
f 1403 1977 1388
f 1977 1976 1388
f 1388 1976 1389
f 1976 1975 1389
f 1389 1975 1390
f 1975 1964 1390
f 1390 1964 1391
f 1964 1963 1391
f 1391 1963 1392
f 1963 1962 1392
f 1392 1962 1393
f 1962 1948 1393
f 1393 1948 1372
f 1948 1947 1372
f 1372 1947 1373
f 1947 1946 1373
f 1373 1946 1374
f 1946 1928 1374
f 1374 1928 1375
f 1928 1927 1375
f 1375 1927 1376
f 1927 1936 1376
f 1376 1936 1377
f 1936 1937 1377
f 1377 1937 1338
f 1937 1938 1338
f 1338 1938 1339
f 1938 1939 1339
f 1339 1939 1341
f 1939 1940 1341
f 2389 2390 2391
f 2390 519 2391
f 2392 2393 2368
f 2389 2394 2390
f 2394 2395 2390
f 2390 2395 2396
f 2395 2397 2396
f 2398 2399 2400
f 2399 2401 2400
f 2400 2401 2397
f 2401 2402 2397
f 2397 2402 2403
f 2404 2405 2406
f 2405 2407 2406
f 2407 2405 2408
f 2405 2409 2408
f 2408 2409 2410
f 2411 2412 2413
f 2403 2414 2397
f 2414 2415 2397
f 2397 2415 2396
f 2404 2416 2405
f 2416 2417 2405
f 2405 2417 2418
f 2418 2419 2405
f 2419 2420 2405
f 2405 2420 2421
f 2420 2422 2421
f 2421 2422 2400
f 2422 2423 2400
f 2400 2423 2398
f 2410 2424 2408
f 2424 2425 2408
f 2408 2425 2426
f 2413 2427 2411
f 2427 2428 2411
f 2411 2428 2429
f 2368 2370 2392
f 2370 2430 2392
f 2392 2430 2431
f 2431 2432 2392
f 2432 2433 2392
f 2392 2433 2434
f 2426 2435 2408
f 2435 2436 2408
f 2408 2436 2411
f 2436 2437 2411
f 2411 2437 2412
f 2438 2439 2392
f 2439 2440 2392
f 2434 2441 2392
f 2441 2442 2392
f 2392 2442 2443
f 2443 2444 2392
f 2444 2445 2392
f 2392 2445 2446
f 2446 2447 2392
f 2447 2448 2392
f 2392 2448 2438
f 2429 2449 2411
f 2449 2392 2411
f 2411 2392 2450
f 2392 2440 2450
f 1173 1791 1172
f 1791 1790 1172
f 1172 1790 1170
f 1790 1789 1170
f 1170 1789 1174
f 1789 1796 1174
f 1174 1796 1175
f 1796 1795 1175
f 1175 1795 1176
f 1795 1788 1176
f 1176 1788 1166
f 1788 1787 1166
f 1166 1787 1167
f 1787 1786 1167
f 1167 1786 1168
f 1786 1785 1168
f 1168 1785 1183
f 1785 1784 1183
f 1183 1784 1184
f 1784 1783 1184
f 1184 1783 1185
f 1783 1826 1185
f 1185 1826 1191
f 1826 1825 1191
f 1191 1825 1192
f 1825 1816 1192
f 1192 1816 1186
f 1816 1815 1186
f 1186 1815 1187
f 1815 1814 1187
f 1187 1814 1198
f 1814 1813 1198
f 1198 1813 1199
f 1813 1834 1199
f 1199 1834 1200
f 1834 1835 1200
f 1200 1835 1201
f 1835 1845 1201
f 1201 1845 1202
f 1845 1844 1202
f 1202 1844 1203
f 1844 1831 1203
f 1203 1831 1193
f 1831 1830 1193
f 1193 1830 1194
f 1830 1829 1194
f 1194 1829 1195
f 1829 1824 1195
f 1195 1824 1196
f 1824 1823 1196
f 1196 1823 1197
f 1823 1822 1197
f 1197 1822 1179
f 1822 1804 1179
f 1179 1804 1188
f 1804 1805 1188
f 1188 1805 1189
f 1805 1806 1189
f 1189 1806 1190
f 1806 1812 1190
f 1190 1812 1163
f 1812 1811 1163
f 1163 1811 1164
f 1811 1810 1164
f 1164 1810 1180
f 1810 1803 1180
f 1180 1803 1181
f 1803 1802 1181
f 1181 1802 1182
f 1802 1801 1182
f 1182 1801 1161
f 1801 1800 1161
f 1161 1800 1159
f 1800 1792 1159
f 1159 1792 1210
f 1792 1793 1210
f 1210 1793 1209
f 1793 1794 1209
f 1209 1794 1207
f 1794 1782 1207
f 1207 1782 1211
f 1782 1781 1211
f 1211 1781 1212
f 1781 1780 1212
f 1212 1780 1217
f 1780 1779 1217
f 1217 1779 1218
f 1779 1778 1218
f 1218 1778 1222
f 1778 1820 1222
f 1222 1820 1223
f 1820 1821 1223
f 1223 1821 1224
f 1821 1827 1224
f 1224 1827 1230
f 1827 1828 1230
f 1230 1828 1231
f 1828 1832 1231
f 1231 1832 1232
f 1832 1833 1232
f 1232 1833 1239
f 1833 1836 1239
f 1239 1836 1240
f 1836 1837 1240
f 1240 1837 1241
f 1837 1838 1241
f 1241 1838 1236
f 1838 1839 1236
f 1236 1839 1237
f 1839 1840 1237
f 1237 1840 1238
f 1840 1841 1238
f 1238 1841 1233
f 1841 1842 1233
f 1233 1842 1234
f 1842 1843 1234
f 1234 1843 1235
f 1843 1817 1235
f 1235 1817 1220
f 1817 1818 1220
f 1220 1818 1221
f 1818 1819 1221
f 1221 1819 1225
f 1819 1809 1225
f 1225 1809 1226
f 1809 1808 1226
f 1226 1808 1227
f 1808 1807 1227
f 1227 1807 1228
f 1807 1799 1228
f 1228 1799 1229
f 1799 1798 1229
f 1229 1798 1215
f 1798 1797 1215
f 1215 1797 1216
f 1797 1777 1216
f 1216 1777 1204
f 1777 1776 1204
f 1204 1776 1205
f 1776 1775 1205
f 1205 1775 1206
f 1775 1774 1206
f 1206 1774 1173
f 1774 1791 1173
f 2372 2369 2393
f 2369 2368 2393
f 1480 1692 1481
f 1692 1693 1481
f 1481 1693 1510
f 1693 1694 1510
f 1510 1694 1511
f 1694 1695 1511
f 1511 1695 1512
f 1695 1696 1512
f 1512 1696 1513
f 1696 1697 1513
f 1513 1697 1518
f 1697 1727 1518
f 1518 1727 1519
f 1727 1714 1519
f 1519 1714 1520
f 1714 1716 1520
f 1520 1716 1523
f 1716 1717 1523
f 1523 1717 1524
f 1717 1666 1524
f 1524 1666 1525
f 1666 1674 1525
f 1525 1674 1532
f 1674 1731 1532
f 1532 1731 1533
f 1731 1730 1533
f 1533 1730 1534
f 1730 1729 1534
f 1534 1729 1545
f 1729 1766 1545
f 1545 1766 1546
f 1766 1765 1546
f 1546 1765 1547
f 1765 1764 1547
f 1547 1764 1548
f 1764 1763 1548
f 1548 1763 1549
f 1763 1762 1549
f 1549 1762 1550
f 1762 1756 1550
f 1550 1756 1551
f 1756 1755 1551
f 1551 1755 1538
f 1755 1754 1538
f 1538 1754 1539
f 1754 1728 1539
f 1539 1728 1540
f 1728 1720 1540
f 1540 1720 1541
f 1720 1722 1541
f 1541 1722 1499
f 1722 1701 1499
f 1499 1701 1500
f 1701 1705 1500
f 1500 1705 1514
f 1705 1704 1514
f 1514 1704 1515
f 1704 1645 1515
f 1515 1645 1484
f 1645 1644 1484
f 1484 1644 1485
f 1644 1642 1485
f 1485 1642 1486
f 1642 1641 1486
f 1486 1641 1501
f 1641 1655 1501
f 1501 1655 1502
f 1655 1654 1502
f 1502 1654 1503
f 1654 1653 1503
f 1503 1653 1487
f 1653 1652 1487
f 1487 1652 1488
f 1652 1651 1488
f 1488 1651 1489
f 1651 1650 1489
f 1489 1650 1482
f 1650 1634 1482
f 1482 1634 1483
f 1634 1633 1483
f 1483 1633 1494
f 1633 1640 1494
f 1494 1640 1495
f 1640 1639 1495
f 1495 1639 1496
f 1639 1636 1496
f 1496 1636 1504
f 1636 1635 1504
f 1504 1635 1505
f 1635 1649 1505
f 1505 1649 1506
f 1649 1632 1506
f 1506 1632 1526
f 1632 1631 1526
f 1526 1631 1527
f 1631 1663 1527
f 1527 1663 1528
f 1663 1662 1528
f 1528 1662 1535
f 1662 1661 1535
f 1535 1661 1536
f 1661 1660 1536
f 1536 1660 1537
f 1660 1700 1537
f 1537 1700 1542
f 1700 1699 1542
f 1542 1699 1543
f 1699 1698 1543
f 1543 1698 1544
f 1698 1681 1544
f 1544 1681 1529
f 1681 1682 1529
f 1529 1682 1521
f 1682 1683 1521
f 1521 1683 1522
f 1683 1659 1522
f 1522 1659 1530
f 1659 1658 1530
f 1530 1658 1531
f 1658 1657 1531
f 1531 1657 1490
f 1657 1656 1490
f 1490 1656 1491
f 1656 1637 1491
f 1491 1637 1507
f 1637 1638 1507
f 1507 1638 1508
f 1638 1648 1508
f 1508 1648 1509
f 1648 1647 1509
f 1509 1647 1516
f 1647 1646 1516
f 1516 1646 1517
f 1646 1630 1517
f 1517 1630 1492
f 1630 1629 1492
f 1492 1629 1493
f 1629 1689 1493
f 1493 1689 1497
f 1689 1690 1497
f 1497 1690 1498
f 1690 1691 1498
f 1498 1691 1480
f 1691 1692 1480
f 2372 2393 2392
f 2125 1626 2126
f 1626 2371 2126
f 2126 2371 2127
f 2371 2383 2127
f 2127 2383 2121
f 2383 2382 2121
f 2121 2382 2111
f 2382 2381 2111
f 2111 2381 2112
f 2381 2380 2112
f 2112 2380 2171
f 2380 2379 2171
f 2171 2379 2170
f 2379 2378 2170
f 2170 2378 2141
f 2378 2388 2141
f 2141 2388 2151
f 2388 2387 2151
f 2151 2387 2149
f 2387 2386 2149
f 2149 2386 2131
f 2386 2377 2131
f 2131 2377 2142
f 2377 2376 2142
f 2142 2376 2143
f 2376 2385 2143
f 2143 2385 2144
f 2385 2384 2144
f 2144 2384 2152
f 2384 2375 2152
f 2152 2375 2153
f 2375 2374 2153
f 2153 2374 2154
f 2374 2373 2154
f 2154 2373 2162
f 2373 2372 2162
f 2372 2392 2162
f 2162 2392 2163
f 2392 2449 2163
f 2163 2449 2164
f 2449 2429 2164
f 2164 2429 2181
f 2429 2428 2181
f 2181 2428 2182
f 2428 2427 2182
f 2182 2427 2183
f 2427 2413 2183
f 2183 2413 2220
f 2413 2412 2220
f 2220 2412 2221
f 2412 2437 2221
f 2221 2437 2222
f 2437 2436 2222
f 2222 2436 2190
f 2436 2435 2190
f 2190 2435 2184
f 2435 2426 2184
f 2184 2426 2185
f 2426 2425 2185
f 2185 2425 2191
f 2425 2424 2191
f 2191 2424 2192
f 2424 2410 2192
f 2192 2410 2165
f 2410 2409 2165
f 2165 2409 2166
f 2409 2405 2166
f 2166 2405 2167
f 2405 2421 2167
f 2167 2421 2155
f 2421 2400 2155
f 2155 2400 2156
f 2400 2397 2156
f 2156 2397 2157
f 2397 2395 2157
f 2157 2395 2134
f 2395 2394 2134
f 2134 2394 2135
f 2394 2389 2135
f 2135 2389 2145
f 2389 2391 2145
f 2391 519 2145
f 2145 519 2146
f 519 517 2146
f 2146 517 2106
f 517 526 2106
f 2106 526 2107
f 526 525 2107
f 2107 525 2113
f 525 524 2113
f 2113 524 2110
f 524 523 2110
f 2110 523 2118
f 523 522 2118
f 2118 522 2117
f 522 521 2117
f 2117 521 2122
f 521 516 2122
f 2122 516 2123
f 516 518 2123
f 518 520 2123
f 2123 520 2116
f 520 2330 2116
f 2116 2330 2114
f 2330 2329 2114
f 2114 2329 2115
f 2329 2328 2115
f 2115 2328 2109
f 2328 2326 2109
f 2109 2326 2108
f 2326 2331 2108
f 2108 2331 2104
f 2331 2327 2104
f 2104 2327 2101
f 2327 2318 2101
f 2101 2318 2105
f 2318 2317 2105
f 2105 2317 2099
f 2317 2324 2099
f 2099 2324 2100
f 2324 2323 2100
f 2100 2323 2102
f 2323 2322 2102
f 2102 2322 2103
f 2322 2316 2103
f 2103 2316 2098
f 2316 2351 2098
f 2098 2351 2128
f 2351 2352 2128
f 2128 2352 2136
f 2352 2338 2136
f 2136 2338 2137
f 2338 2337 2137
f 2137 2337 2138
f 2337 2334 2138
f 2138 2334 2124
f 2334 2333 2124
f 2124 2333 2119
f 2333 2332 2119
f 2119 2332 2120
f 2332 2320 2120
f 2120 2320 2129
f 2320 2319 2129
f 2129 2319 2130
f 2319 2358 2130
f 2130 2358 2125
f 2358 2336 2125
f 2125 2336 1626
f 2336 1628 1626
f 699 2132 697
f 2132 2233 697
f 697 2233 695
f 2233 2234 695
f 695 2234 693
f 2234 2235 693
f 693 2235 691
f 2235 2224 691
f 691 2224 689
f 2224 2223 689
f 689 2223 687
f 2223 2232 687
f 687 2232 685
f 2232 2231 685
f 685 2231 683
f 2231 2230 683
f 683 2230 681
f 2230 2229 681
f 681 2229 679
f 2229 2228 679
f 679 2228 677
f 2228 2236 677
f 677 2236 675
f 2236 2237 675
f 675 2237 673
f 2237 2238 673
f 673 2238 734
f 2238 2239 734
f 734 2239 732
f 2239 2240 732
f 732 2240 730
f 2240 2241 730
f 730 2241 728
f 2241 2242 728
f 728 2242 726
f 2242 2243 726
f 726 2243 724
f 2243 2227 724
f 2227 2226 724
f 724 2226 722
f 2226 2225 722
f 722 2225 720
f 2225 2219 720
f 720 2219 718
f 2219 2218 718
f 718 2218 716
f 2218 2217 716
f 716 2217 714
f 2217 2216 714
f 714 2216 712
f 2216 2215 712
f 712 2215 710
f 2215 2214 710
f 710 2214 771
f 2214 2213 771
f 771 2213 769
f 2213 2212 769
f 769 2212 767
f 2212 2211 767
f 767 2211 765
f 2211 2210 765
f 765 2210 763
f 2210 2209 763
f 763 2209 761
f 2209 2208 761
f 761 2208 759
f 2208 2207 759
f 759 2207 757
f 2207 2206 757
f 757 2206 755
f 2206 2205 755
f 755 2205 753
f 2205 2204 753
f 753 2204 751
f 2204 2203 751
f 751 2203 749
f 2203 2202 749
f 749 2202 747
f 2202 2201 747
f 747 2201 745
f 2201 2200 745
f 745 2200 743
f 2200 2199 743
f 743 2199 741
f 2199 2198 741
f 741 2198 739
f 2198 2197 739
f 739 2197 737
f 2197 2196 737
f 737 2196 818
f 2196 2195 818
f 818 2195 816
f 2195 2194 816
f 816 2194 814
f 2194 2193 814
f 814 2193 812
f 2193 2189 812
f 812 2189 810
f 2189 2188 810
f 810 2188 808
f 2188 2187 808
f 808 2187 806
f 2187 2186 806
f 806 2186 804
f 2186 2180 804
f 804 2180 802
f 2180 2179 802
f 802 2179 800
f 2179 2178 800
f 800 2178 798
f 2178 2177 798
f 798 2177 796
f 2177 2176 796
f 796 2176 794
f 2176 2175 794
f 794 2175 792
f 2175 2174 792
f 792 2174 790
f 2174 2173 790
f 790 2173 788
f 2173 2172 788
f 788 2172 786
f 2172 2161 786
f 786 2161 784
f 2161 2160 784
f 784 2160 782
f 2160 2159 782
f 782 2159 780
f 2159 2169 780
f 780 2169 778
f 2169 2168 778
f 778 2168 776
f 2168 2140 776
f 776 2140 709
f 2140 2139 709
f 709 2139 707
f 2139 2158 707
f 707 2158 705
f 2158 2150 705
f 705 2150 703
f 2150 2148 703
f 703 2148 701
f 2148 2147 701
f 701 2147 699
f 2147 2133 699
f 699 2133 2132
f 2370 1060 2430
f 1060 1055 2430
f 2430 1055 2431
f 1055 1053 2431
f 2431 1053 2432
f 1053 1052 2432
f 2432 1052 2433
f 1052 1051 2433
f 2433 1051 2434
f 1051 1074 2434
f 2434 1074 2441
f 1074 1073 2441
f 2441 1073 2442
f 1073 1049 2442
f 2442 1049 2443
f 1049 1048 2443
f 2443 1048 2444
f 1048 1072 2444
f 2444 1072 2445
f 1072 1071 2445
f 2445 1071 2446
f 1071 1070 2446
f 2446 1070 2447
f 1070 1076 2447
f 2447 1076 2448
f 1076 1075 2448
f 2448 1075 2438
f 1075 1067 2438
f 2438 1067 2439
f 1067 1068 2439
f 2439 1068 2440
f 1068 1069 2440
f 2440 1069 2450
f 1069 1079 2450
f 2450 1079 2411
f 1079 1078 2411
f 226 225 1091
f 225 520 1091
f 1091 520 1087
f 520 519 1087
f 1087 519 1088
f 519 2390 1088
f 1011 2344 300
f 2344 228 300
f 2344 1011 2342
f 1011 1024 2342
f 2342 1024 2343
f 1024 1023 2343
f 2343 1023 2345
f 1023 1022 2345
f 2345 1022 2346
f 1022 1021 2346
f 2346 1021 2347
f 1021 1020 2347
f 2347 1020 2339
f 1020 1019 2339
f 2339 1019 2340
f 1019 1017 2340
f 2340 1017 2341
f 1017 1016 2341
f 2341 1016 2325
f 1016 1036 2325
f 2321 2325 1035
f 2325 1036 1035
f 2321 1035 2357
f 1035 1034 2357
f 2357 1034 2363
f 1034 1033 2363
f 2363 1033 2364
f 1033 1032 2364
f 2364 1032 2365
f 1032 1031 2365
f 2365 1031 2366
f 1031 1030 2366
f 2366 1030 2367
f 1030 1029 2367
f 2367 1029 2353
f 1029 1028 2353
f 2353 1028 2354
f 1028 1027 2354
f 2354 1027 2359
f 1027 1026 2359
f 2359 1026 2360
f 1026 1025 2360
f 2360 1025 2355
f 1025 1012 2355
f 2355 1012 2356
f 1012 1014 2356
f 2356 1014 2361
f 1014 1015 2361
f 2361 1015 2362
f 1015 1043 2362
f 2362 1043 2348
f 1043 1042 2348
f 2348 1042 2349
f 1042 1041 2349
f 2349 1041 2350
f 1041 1038 2350
f 2350 1038 2335
f 1038 1037 2335
f 2408 2411 1077
f 2411 1078 1077
f 2408 1077 2407
f 1077 1045 2407
f 2407 1045 2406
f 1045 1044 2406
f 2406 1044 2404
f 1044 1047 2404
f 2404 1047 2416
f 1047 1066 2416
f 2416 1066 2417
f 1066 1065 2417
f 2417 1065 2418
f 1065 1064 2418
f 2418 1064 2419
f 1064 1063 2419
f 2419 1063 2420
f 1063 1062 2420
f 2420 1062 2422
f 1062 1061 2422
f 2423 2422 1082
f 2422 1061 1082
f 2423 1082 2398
f 1082 1081 2398
f 2398 1081 2399
f 1081 1080 2399
f 2399 1080 2401
f 1080 1009 2401
f 2401 1009 2402
f 1009 1008 2402
f 2402 1008 2403
f 1008 1086 2403
f 2403 1086 2414
f 1086 1084 2414
f 2414 1084 2415
f 1084 1083 2415
f 2415 1083 2396
f 1083 1089 2396
f 2396 1089 2390
f 1089 1088 2390
# 4928 faces, 0 coords texture

# End of File
