####
#
# OBJ File Generated by Meshlab
#
####
# Object base_to_arm1.obj
#
# Vertices: 2285
# Faces: 4570
#
####
v -0.010932 -0.002000 0.003999
v -0.010786 -0.002000 0.000958
v -0.012786 0.000000 0.000953
v -0.012924 -0.000000 0.003816
v -0.013310 -0.000000 0.006661
v -0.011342 -0.002000 0.007016
v -0.013942 -0.000000 0.009461
v -0.012012 -0.002000 0.009986
v -0.014815 -0.000000 0.012196
v -0.012938 -0.002000 0.012887
v -0.015922 -0.000000 0.014845
v -0.014112 -0.002000 0.015696
v -0.017256 -0.000000 0.017387
v -0.015526 -0.002000 0.018392
v -0.018805 -0.000000 0.019804
v -0.017170 -0.002000 0.020956
v -0.020558 -0.000000 0.022077
v -0.019029 -0.002000 0.023367
v -0.022503 -0.000000 0.024189
v -0.021092 -0.002000 0.025607
v -0.024623 -0.000000 0.026125
v -0.023341 -0.002000 0.027659
v -0.026904 -0.000000 0.027868
v -0.025760 -0.002000 0.029508
v -0.029328 -0.000000 0.029407
v -0.028330 -0.002000 0.031140
v -0.031876 -0.000000 0.030729
v -0.031033 -0.002000 0.032543
v -0.034530 -0.000000 0.031825
v -0.033847 -0.002000 0.033705
v -0.037268 -0.000000 0.032686
v -0.036752 -0.002000 0.034618
v -0.040071 -0.000000 0.033305
v -0.039725 -0.002000 0.035275
v -0.042918 -0.000000 0.033679
v -0.042744 -0.002000 0.035671
v -0.045786 0.000000 0.033804
v -0.045786 -0.002000 0.035804
v -0.045786 -0.002000 0.035804
v -0.045786 0.000000 0.033804
v -0.078786 0.000000 0.000804
v -0.080786 -0.002000 0.000804
v -0.080653 -0.002000 0.003854
v -0.078661 0.000000 0.003680
v -0.080255 -0.002000 0.006881
v -0.078285 0.000000 0.006534
v -0.079594 -0.002000 0.009862
v -0.077662 0.000000 0.009345
v -0.078676 -0.002000 0.012774
v -0.076796 0.000000 0.012090
v -0.077507 -0.002000 0.015595
v -0.075694 0.000000 0.014750
v -0.076097 -0.002000 0.018304
v -0.074365 0.000000 0.017304
v -0.074457 -0.002000 0.020879
v -0.072818 0.000000 0.019732
v -0.072598 -0.002000 0.023301
v -0.071066 0.000000 0.022016
v -0.070535 -0.002000 0.025552
v -0.069121 0.000000 0.024138
v -0.068284 -0.002000 0.027615
v -0.066998 0.000000 0.026083
v -0.065861 -0.002000 0.029474
v -0.064714 0.000000 0.027836
v -0.063286 -0.002000 0.031115
v -0.062286 0.000000 0.029383
v -0.060578 -0.002000 0.032524
v -0.059733 0.000000 0.030712
v -0.057757 -0.002000 0.033693
v -0.057073 0.000000 0.031814
v -0.054845 -0.002000 0.034611
v -0.054327 0.000000 0.032679
v -0.051864 -0.002000 0.035272
v -0.051517 0.000000 0.033302
v -0.048837 -0.002000 0.035671
v -0.048662 0.000000 0.033678
v -0.012924 -0.059000 0.003816
v -0.012786 -0.059000 0.000953
v -0.010786 -0.057000 0.000958
v -0.010932 -0.057000 0.003999
v -0.011342 -0.057000 0.007016
v -0.013310 -0.059000 0.006661
v -0.012012 -0.057000 0.009986
v -0.013942 -0.059000 0.009461
v -0.012938 -0.057000 0.012887
v -0.014815 -0.059000 0.012196
v -0.014112 -0.057000 0.015696
v -0.015922 -0.059000 0.014845
v -0.015526 -0.057000 0.018392
v -0.017256 -0.059000 0.017387
v -0.017170 -0.057000 0.020956
v -0.018805 -0.059000 0.019804
v -0.019029 -0.057000 0.023367
v -0.020558 -0.059000 0.022077
v -0.021092 -0.057000 0.025607
v -0.022503 -0.059000 0.024189
v -0.023341 -0.057000 0.027659
v -0.024623 -0.059000 0.026125
v -0.025760 -0.057000 0.029508
v -0.026904 -0.059000 0.027868
v -0.028330 -0.057000 0.031140
v -0.029328 -0.059000 0.029407
v -0.031033 -0.057000 0.032543
v -0.031876 -0.059000 0.030729
v -0.033847 -0.057000 0.033705
v -0.034530 -0.059000 0.031825
v -0.036752 -0.057000 0.034618
v -0.037268 -0.059000 0.032686
v -0.039725 -0.057000 0.035275
v -0.040071 -0.059000 0.033305
v -0.042744 -0.057000 0.035671
v -0.042918 -0.059000 0.033679
v -0.045786 -0.057000 0.035804
v -0.045786 -0.059000 0.033804
v -0.045786 -0.059000 0.033804
v -0.045786 -0.057000 0.035804
v -0.048837 -0.057000 0.035671
v -0.048662 -0.059000 0.033678
v -0.051864 -0.057000 0.035272
v -0.051517 -0.059000 0.033302
v -0.054845 -0.057000 0.034611
v -0.054327 -0.059000 0.032679
v -0.057757 -0.057000 0.033693
v -0.057073 -0.059000 0.031814
v -0.060578 -0.057000 0.032524
v -0.059733 -0.059000 0.030712
v -0.063286 -0.057000 0.031115
v -0.062286 -0.059000 0.029383
v -0.065861 -0.057000 0.029474
v -0.064714 -0.059000 0.027836
v -0.068284 -0.057000 0.027615
v -0.066998 -0.059000 0.026083
v -0.070535 -0.057000 0.025552
v -0.069121 -0.059000 0.024138
v -0.072598 -0.057000 0.023301
v -0.071066 -0.059000 0.022016
v -0.074457 -0.057000 0.020879
v -0.072818 -0.059000 0.019732
v -0.076097 -0.057000 0.018304
v -0.074365 -0.059000 0.017304
v -0.077507 -0.057000 0.015595
v -0.075694 -0.059000 0.014750
v -0.078676 -0.057000 0.012774
v -0.076796 -0.059000 0.012090
v -0.079594 -0.057000 0.009862
v -0.077662 -0.059000 0.009345
v -0.080255 -0.057000 0.006881
v -0.078285 -0.059000 0.006534
v -0.080653 -0.057000 0.003854
v -0.078661 -0.059000 0.003680
v -0.080786 -0.057000 0.000804
v -0.078786 -0.059000 0.000804
v -0.065092 -0.009000 -0.018094
v -0.064915 -0.009000 -0.018071
v -0.064736 -0.009000 -0.020113
v -0.064736 -0.009000 -0.018063
v -0.064557 -0.009000 -0.018071
v -0.065602 -0.009000 -0.018255
v -0.065437 -0.009000 -0.018187
v -0.065267 -0.009000 -0.018133
v -0.066054 -0.009000 -0.018543
v -0.065912 -0.009000 -0.018434
v -0.065761 -0.009000 -0.018338
v -0.066415 -0.009000 -0.018938
v -0.066306 -0.009000 -0.018796
v -0.066186 -0.009000 -0.018664
v -0.066662 -0.009000 -0.019412
v -0.066594 -0.009000 -0.019247
v -0.066511 -0.009000 -0.019088
v -0.066778 -0.009000 -0.019935
v -0.066755 -0.009000 -0.019757
v -0.066716 -0.009000 -0.019583
v -0.066755 -0.009000 -0.020469
v -0.066778 -0.009000 -0.020292
v -0.066786 -0.009000 -0.020113
v -0.066594 -0.009000 -0.020980
v -0.066662 -0.009000 -0.020814
v -0.066716 -0.009000 -0.020644
v -0.066306 -0.009000 -0.021431
v -0.066415 -0.009000 -0.021289
v -0.066511 -0.009000 -0.021138
v -0.065912 -0.009000 -0.021793
v -0.066054 -0.009000 -0.021684
v -0.066186 -0.009000 -0.021563
v -0.065437 -0.009000 -0.022040
v -0.065602 -0.009000 -0.021971
v -0.065761 -0.009000 -0.021889
v -0.064915 -0.009000 -0.022156
v -0.065092 -0.009000 -0.022132
v -0.065267 -0.009000 -0.022093
v -0.064380 -0.009000 -0.022132
v -0.064557 -0.009000 -0.022156
v -0.064736 -0.009000 -0.022163
v -0.063870 -0.009000 -0.021971
v -0.064035 -0.009000 -0.022040
v -0.064205 -0.009000 -0.022093
v -0.063418 -0.009000 -0.021684
v -0.063560 -0.009000 -0.021793
v -0.063711 -0.009000 -0.021889
v -0.063057 -0.009000 -0.021289
v -0.063166 -0.009000 -0.021431
v -0.063286 -0.009000 -0.021563
v -0.062810 -0.009000 -0.020814
v -0.062878 -0.009000 -0.020980
v -0.062961 -0.009000 -0.021138
v -0.062694 -0.009000 -0.020292
v -0.062717 -0.009000 -0.020469
v -0.062756 -0.009000 -0.020644
v -0.062717 -0.009000 -0.019757
v -0.062694 -0.009000 -0.019935
v -0.062686 -0.009000 -0.020113
v -0.062878 -0.009000 -0.019247
v -0.062810 -0.009000 -0.019412
v -0.062756 -0.009000 -0.019583
v -0.063166 -0.009000 -0.018796
v -0.063057 -0.009000 -0.018938
v -0.062961 -0.009000 -0.019088
v -0.063560 -0.009000 -0.018434
v -0.063418 -0.009000 -0.018543
v -0.063286 -0.009000 -0.018664
v -0.064035 -0.009000 -0.018187
v -0.063870 -0.009000 -0.018255
v -0.063711 -0.009000 -0.018338
v -0.064380 -0.009000 -0.018094
v -0.064205 -0.009000 -0.018133
v -0.026837 -0.009000 -0.018063
v -0.026837 -0.002100 -0.018063
v -0.026658 -0.009000 -0.018071
v -0.026658 -0.002100 -0.018071
v -0.026481 -0.009000 -0.018094
v -0.026481 -0.002100 -0.018094
v -0.026306 -0.009000 -0.018133
v -0.026306 -0.002100 -0.018133
v -0.026135 -0.009000 -0.018187
v -0.026135 -0.002100 -0.018187
v -0.025970 -0.009000 -0.018255
v -0.025970 -0.002100 -0.018255
v -0.025812 -0.009000 -0.018338
v -0.025812 -0.002100 -0.018338
v -0.025661 -0.009000 -0.018434
v -0.025661 -0.002100 -0.018434
v -0.025519 -0.009000 -0.018543
v -0.025519 -0.002100 -0.018543
v -0.025387 -0.009000 -0.018664
v -0.025387 -0.002100 -0.018664
v -0.025266 -0.009000 -0.018796
v -0.025266 -0.002100 -0.018796
v -0.025157 -0.009000 -0.018938
v -0.025157 -0.002100 -0.018938
v -0.025061 -0.009000 -0.019088
v -0.025061 -0.002100 -0.019088
v -0.024979 -0.009000 -0.019247
v -0.024979 -0.002100 -0.019247
v -0.024910 -0.009000 -0.019412
v -0.024910 -0.002100 -0.019412
v -0.024856 -0.009000 -0.019583
v -0.024856 -0.002100 -0.019583
v -0.024818 -0.009000 -0.019757
v -0.024818 -0.002100 -0.019757
v -0.024794 -0.009000 -0.019935
v -0.024794 -0.002100 -0.019935
v -0.024787 -0.009000 -0.020113
v -0.024787 -0.002100 -0.020113
v -0.024794 -0.009000 -0.020292
v -0.024794 -0.002100 -0.020292
v -0.024818 -0.009000 -0.020469
v -0.024818 -0.002100 -0.020469
v -0.024856 -0.009000 -0.020644
v -0.024856 -0.002100 -0.020644
v -0.024910 -0.009000 -0.020814
v -0.024910 -0.002100 -0.020814
v -0.024979 -0.009000 -0.020980
v -0.024979 -0.002100 -0.020980
v -0.025061 -0.009000 -0.021138
v -0.025061 -0.002100 -0.021138
v -0.025157 -0.009000 -0.021289
v -0.025157 -0.002100 -0.021289
v -0.025266 -0.009000 -0.021431
v -0.025266 -0.002100 -0.021431
v -0.025387 -0.009000 -0.021563
v -0.025387 -0.002100 -0.021563
v -0.025519 -0.009000 -0.021684
v -0.025519 -0.002100 -0.021684
v -0.025661 -0.009000 -0.021793
v -0.025661 -0.002100 -0.021793
v -0.025812 -0.009000 -0.021889
v -0.025812 -0.002100 -0.021889
v -0.025970 -0.009000 -0.021971
v -0.025970 -0.002100 -0.021971
v -0.026135 -0.009000 -0.022040
v -0.026135 -0.002100 -0.022040
v -0.026306 -0.009000 -0.022093
v -0.026306 -0.002100 -0.022093
v -0.026481 -0.009000 -0.022132
v -0.026481 -0.002100 -0.022132
v -0.026658 -0.009000 -0.022156
v -0.026658 -0.002100 -0.022156
v -0.026837 -0.009000 -0.022163
v -0.026837 -0.002100 -0.022163
v -0.027015 -0.009000 -0.022156
v -0.027015 -0.002100 -0.022156
v -0.027193 -0.009000 -0.022132
v -0.027193 -0.002100 -0.022132
v -0.027367 -0.009000 -0.022093
v -0.027367 -0.002100 -0.022093
v -0.027538 -0.009000 -0.022040
v -0.027538 -0.002100 -0.022040
v -0.027703 -0.009000 -0.021971
v -0.027703 -0.002100 -0.021971
v -0.027862 -0.009000 -0.021889
v -0.027862 -0.002100 -0.021889
v -0.028012 -0.009000 -0.021793
v -0.028012 -0.002100 -0.021793
v -0.028154 -0.009000 -0.021684
v -0.028154 -0.002100 -0.021684
v -0.028286 -0.009000 -0.021563
v -0.028286 -0.002100 -0.021563
v -0.028407 -0.009000 -0.021431
v -0.028407 -0.002100 -0.021431
v -0.028516 -0.009000 -0.021289
v -0.028516 -0.002100 -0.021289
v -0.028612 -0.009000 -0.021138
v -0.028612 -0.002100 -0.021138
v -0.028695 -0.009000 -0.020980
v -0.028695 -0.002100 -0.020980
v -0.028763 -0.009000 -0.020814
v -0.028763 -0.002100 -0.020814
v -0.028817 -0.009000 -0.020644
v -0.028817 -0.002100 -0.020644
v -0.028855 -0.009000 -0.020469
v -0.028855 -0.002100 -0.020469
v -0.028879 -0.009000 -0.020292
v -0.028879 -0.002100 -0.020292
v -0.028887 -0.009000 -0.020113
v -0.028887 -0.002100 -0.020113
v -0.028879 -0.009000 -0.019935
v -0.028879 -0.002100 -0.019935
v -0.028855 -0.009000 -0.019757
v -0.028855 -0.002100 -0.019757
v -0.028817 -0.009000 -0.019583
v -0.028817 -0.002100 -0.019583
v -0.028763 -0.009000 -0.019412
v -0.028763 -0.002100 -0.019412
v -0.028695 -0.009000 -0.019247
v -0.028695 -0.002100 -0.019247
v -0.028612 -0.009000 -0.019088
v -0.028612 -0.002100 -0.019088
v -0.028516 -0.009000 -0.018938
v -0.028516 -0.002100 -0.018938
v -0.028407 -0.009000 -0.018796
v -0.028407 -0.002100 -0.018796
v -0.028286 -0.009000 -0.018664
v -0.028286 -0.002100 -0.018664
v -0.028154 -0.009000 -0.018543
v -0.028154 -0.002100 -0.018543
v -0.028012 -0.009000 -0.018434
v -0.028012 -0.002100 -0.018434
v -0.027862 -0.009000 -0.018338
v -0.027862 -0.002100 -0.018338
v -0.027703 -0.009000 -0.018255
v -0.027703 -0.002100 -0.018255
v -0.027538 -0.009000 -0.018187
v -0.027538 -0.002100 -0.018187
v -0.027367 -0.009000 -0.018133
v -0.027367 -0.002100 -0.018133
v -0.027193 -0.009000 -0.018094
v -0.027193 -0.002100 -0.018094
v -0.027015 -0.009000 -0.018071
v -0.027015 -0.002100 -0.018071
v -0.026837 -0.009000 -0.020113
v -0.026837 -0.009000 -0.029063
v -0.026837 -0.002100 -0.029063
v -0.026658 -0.009000 -0.029071
v -0.026658 -0.002100 -0.029071
v -0.026481 -0.009000 -0.029094
v -0.026481 -0.002100 -0.029094
v -0.026306 -0.009000 -0.029133
v -0.026306 -0.002100 -0.029133
v -0.026135 -0.009000 -0.029187
v -0.026135 -0.002100 -0.029187
v -0.025970 -0.009000 -0.029255
v -0.025970 -0.002100 -0.029255
v -0.025812 -0.009000 -0.029338
v -0.025812 -0.002100 -0.029338
v -0.025661 -0.009000 -0.029434
v -0.025661 -0.002100 -0.029434
v -0.025519 -0.009000 -0.029543
v -0.025519 -0.002100 -0.029543
v -0.025387 -0.009000 -0.029664
v -0.025387 -0.002100 -0.029664
v -0.025266 -0.009000 -0.029796
v -0.025266 -0.002100 -0.029796
v -0.025157 -0.009000 -0.029938
v -0.025157 -0.002100 -0.029938
v -0.025061 -0.009000 -0.030088
v -0.025061 -0.002100 -0.030088
v -0.024979 -0.009000 -0.030247
v -0.024979 -0.002100 -0.030247
v -0.024910 -0.009000 -0.030412
v -0.024910 -0.002100 -0.030412
v -0.024856 -0.009000 -0.030583
v -0.024856 -0.002100 -0.030583
v -0.024818 -0.009000 -0.030757
v -0.024818 -0.002100 -0.030757
v -0.024794 -0.009000 -0.030935
v -0.024794 -0.002100 -0.030935
v -0.024787 -0.009000 -0.031113
v -0.024787 -0.002100 -0.031113
v -0.024794 -0.009000 -0.031292
v -0.024794 -0.002100 -0.031292
v -0.024818 -0.009000 -0.031469
v -0.024818 -0.002100 -0.031469
v -0.024856 -0.009000 -0.031644
v -0.024856 -0.002100 -0.031644
v -0.024910 -0.009000 -0.031814
v -0.024910 -0.002100 -0.031814
v -0.024979 -0.009000 -0.031980
v -0.024979 -0.002100 -0.031980
v -0.025061 -0.009000 -0.032138
v -0.025061 -0.002100 -0.032138
v -0.025157 -0.009000 -0.032289
v -0.025157 -0.002100 -0.032289
v -0.025266 -0.009000 -0.032431
v -0.025266 -0.002100 -0.032431
v -0.025387 -0.009000 -0.032563
v -0.025387 -0.002100 -0.032563
v -0.025519 -0.009000 -0.032684
v -0.025519 -0.002100 -0.032684
v -0.025661 -0.009000 -0.032793
v -0.025661 -0.002100 -0.032793
v -0.025812 -0.009000 -0.032889
v -0.025812 -0.002100 -0.032889
v -0.025970 -0.009000 -0.032971
v -0.025970 -0.002100 -0.032971
v -0.026135 -0.009000 -0.033040
v -0.026135 -0.002100 -0.033040
v -0.026306 -0.009000 -0.033093
v -0.026306 -0.002100 -0.033093
v -0.026481 -0.009000 -0.033132
v -0.026481 -0.002100 -0.033132
v -0.026658 -0.009000 -0.033156
v -0.026658 -0.002100 -0.033156
v -0.026837 -0.009000 -0.033163
v -0.026837 -0.002100 -0.033163
v -0.027015 -0.009000 -0.033156
v -0.027015 -0.002100 -0.033156
v -0.027193 -0.009000 -0.033132
v -0.027193 -0.002100 -0.033132
v -0.027367 -0.009000 -0.033093
v -0.027367 -0.002100 -0.033093
v -0.027538 -0.009000 -0.033040
v -0.027538 -0.002100 -0.033040
v -0.027703 -0.009000 -0.032971
v -0.027703 -0.002100 -0.032971
v -0.027862 -0.009000 -0.032889
v -0.027862 -0.002100 -0.032889
v -0.028012 -0.009000 -0.032793
v -0.028012 -0.002100 -0.032793
v -0.028154 -0.009000 -0.032684
v -0.028154 -0.002100 -0.032684
v -0.028286 -0.009000 -0.032563
v -0.028286 -0.002100 -0.032563
v -0.028407 -0.009000 -0.032431
v -0.028407 -0.002100 -0.032431
v -0.028516 -0.009000 -0.032289
v -0.028516 -0.002100 -0.032289
v -0.028612 -0.009000 -0.032138
v -0.028612 -0.002100 -0.032138
v -0.028695 -0.009000 -0.031980
v -0.028695 -0.002100 -0.031980
v -0.028763 -0.009000 -0.031814
v -0.028763 -0.002100 -0.031814
v -0.028817 -0.009000 -0.031644
v -0.028817 -0.002100 -0.031644
v -0.028855 -0.009000 -0.031469
v -0.028855 -0.002100 -0.031469
v -0.028879 -0.009000 -0.031292
v -0.028879 -0.002100 -0.031292
v -0.028887 -0.009000 -0.031113
v -0.028887 -0.002100 -0.031113
v -0.028879 -0.009000 -0.030935
v -0.028879 -0.002100 -0.030935
v -0.028855 -0.009000 -0.030757
v -0.028855 -0.002100 -0.030757
v -0.028817 -0.009000 -0.030583
v -0.028817 -0.002100 -0.030583
v -0.028763 -0.009000 -0.030412
v -0.028763 -0.002100 -0.030412
v -0.028695 -0.009000 -0.030247
v -0.028695 -0.002100 -0.030247
v -0.028612 -0.009000 -0.030088
v -0.028612 -0.002100 -0.030088
v -0.028516 -0.009000 -0.029938
v -0.028516 -0.002100 -0.029938
v -0.028407 -0.009000 -0.029796
v -0.028407 -0.002100 -0.029796
v -0.028286 -0.009000 -0.029664
v -0.028286 -0.002100 -0.029664
v -0.028154 -0.009000 -0.029543
v -0.028154 -0.002100 -0.029543
v -0.028012 -0.009000 -0.029434
v -0.028012 -0.002100 -0.029434
v -0.027862 -0.009000 -0.029338
v -0.027862 -0.002100 -0.029338
v -0.027703 -0.009000 -0.029255
v -0.027703 -0.002100 -0.029255
v -0.027538 -0.009000 -0.029187
v -0.027538 -0.002100 -0.029187
v -0.027367 -0.009000 -0.029133
v -0.027367 -0.002100 -0.029133
v -0.027193 -0.009000 -0.029094
v -0.027193 -0.002100 -0.029094
v -0.027015 -0.009000 -0.029071
v -0.027015 -0.002100 -0.029071
v -0.026837 -0.009000 -0.031113
v -0.034337 -0.009000 -0.039063
v -0.034337 -0.002100 -0.039063
v -0.034158 -0.009000 -0.039071
v -0.034158 -0.002100 -0.039071
v -0.033981 -0.009000 -0.039094
v -0.033981 -0.002100 -0.039094
v -0.033806 -0.009000 -0.039133
v -0.033806 -0.002100 -0.039133
v -0.033635 -0.009000 -0.039187
v -0.033635 -0.002100 -0.039187
v -0.033470 -0.009000 -0.039255
v -0.033470 -0.002100 -0.039255
v -0.033312 -0.009000 -0.039338
v -0.033312 -0.002100 -0.039338
v -0.033161 -0.009000 -0.039434
v -0.033161 -0.002100 -0.039434
v -0.033019 -0.009000 -0.039543
v -0.033019 -0.002100 -0.039543
v -0.032887 -0.009000 -0.039664
v -0.032887 -0.002100 -0.039664
v -0.032766 -0.009000 -0.039796
v -0.032766 -0.002100 -0.039796
v -0.032657 -0.009000 -0.039938
v -0.032657 -0.002100 -0.039938
v -0.032561 -0.009000 -0.040088
v -0.032561 -0.002100 -0.040088
v -0.032479 -0.009000 -0.040247
v -0.032479 -0.002100 -0.040247
v -0.032410 -0.009000 -0.040412
v -0.032410 -0.002100 -0.040412
v -0.032356 -0.009000 -0.040583
v -0.032356 -0.002100 -0.040583
v -0.032318 -0.009000 -0.040757
v -0.032318 -0.002100 -0.040757
v -0.032294 -0.009000 -0.040935
v -0.032294 -0.002100 -0.040935
v -0.032287 -0.009000 -0.041113
v -0.032287 -0.002100 -0.041113
v -0.032294 -0.009000 -0.041292
v -0.032294 -0.002100 -0.041292
v -0.032318 -0.009000 -0.041469
v -0.032318 -0.002100 -0.041469
v -0.032356 -0.009000 -0.041644
v -0.032356 -0.002100 -0.041644
v -0.032410 -0.009000 -0.041814
v -0.032410 -0.002100 -0.041814
v -0.032479 -0.009000 -0.041980
v -0.032479 -0.002100 -0.041980
v -0.032561 -0.009000 -0.042138
v -0.032561 -0.002100 -0.042138
v -0.032657 -0.009000 -0.042289
v -0.032657 -0.002100 -0.042289
v -0.032766 -0.009000 -0.042431
v -0.032766 -0.002100 -0.042431
v -0.032887 -0.009000 -0.042563
v -0.032887 -0.002100 -0.042563
v -0.033019 -0.009000 -0.042684
v -0.033019 -0.002100 -0.042684
v -0.033161 -0.009000 -0.042793
v -0.033161 -0.002100 -0.042793
v -0.033312 -0.009000 -0.042889
v -0.033312 -0.002100 -0.042889
v -0.033470 -0.009000 -0.042971
v -0.033470 -0.002100 -0.042971
v -0.033635 -0.009000 -0.043040
v -0.033635 -0.002100 -0.043040
v -0.033806 -0.009000 -0.043093
v -0.033806 -0.002100 -0.043093
v -0.033981 -0.009000 -0.043132
v -0.033981 -0.002100 -0.043132
v -0.034158 -0.009000 -0.043156
v -0.034158 -0.002100 -0.043156
v -0.034337 -0.009000 -0.043163
v -0.034337 -0.002100 -0.043163
v -0.034515 -0.009000 -0.043156
v -0.034515 -0.002100 -0.043156
v -0.034693 -0.009000 -0.043132
v -0.034693 -0.002100 -0.043132
v -0.034867 -0.009000 -0.043093
v -0.034867 -0.002100 -0.043093
v -0.035038 -0.009000 -0.043040
v -0.035038 -0.002100 -0.043040
v -0.035203 -0.009000 -0.042971
v -0.035203 -0.002100 -0.042971
v -0.035362 -0.009000 -0.042889
v -0.035362 -0.002100 -0.042889
v -0.035512 -0.009000 -0.042793
v -0.035512 -0.002100 -0.042793
v -0.035654 -0.009000 -0.042684
v -0.035654 -0.002100 -0.042684
v -0.035786 -0.009000 -0.042563
v -0.035786 -0.002100 -0.042563
v -0.035907 -0.009000 -0.042431
v -0.035907 -0.002100 -0.042431
v -0.036016 -0.009000 -0.042289
v -0.036016 -0.002100 -0.042289
v -0.036112 -0.009000 -0.042138
v -0.036112 -0.002100 -0.042138
v -0.036195 -0.009000 -0.041980
v -0.036195 -0.002100 -0.041980
v -0.036263 -0.009000 -0.041814
v -0.036263 -0.002100 -0.041814
v -0.036317 -0.009000 -0.041644
v -0.036317 -0.002100 -0.041644
v -0.036355 -0.009000 -0.041469
v -0.036355 -0.002100 -0.041469
v -0.036379 -0.009000 -0.041292
v -0.036379 -0.002100 -0.041292
v -0.036387 -0.009000 -0.041113
v -0.036387 -0.002100 -0.041113
v -0.036379 -0.009000 -0.040935
v -0.036379 -0.002100 -0.040935
v -0.036355 -0.009000 -0.040757
v -0.036355 -0.002100 -0.040757
v -0.036317 -0.009000 -0.040583
v -0.036317 -0.002100 -0.040583
v -0.036263 -0.009000 -0.040412
v -0.036263 -0.002100 -0.040412
v -0.036195 -0.009000 -0.040247
v -0.036195 -0.002100 -0.040247
v -0.036112 -0.009000 -0.040088
v -0.036112 -0.002100 -0.040088
v -0.036016 -0.009000 -0.039938
v -0.036016 -0.002100 -0.039938
v -0.035907 -0.009000 -0.039796
v -0.035907 -0.002100 -0.039796
v -0.035786 -0.009000 -0.039664
v -0.035786 -0.002100 -0.039664
v -0.035654 -0.009000 -0.039543
v -0.035654 -0.002100 -0.039543
v -0.035512 -0.009000 -0.039434
v -0.035512 -0.002100 -0.039434
v -0.035362 -0.009000 -0.039338
v -0.035362 -0.002100 -0.039338
v -0.035203 -0.009000 -0.039255
v -0.035203 -0.002100 -0.039255
v -0.035038 -0.009000 -0.039187
v -0.035038 -0.002100 -0.039187
v -0.034867 -0.009000 -0.039133
v -0.034867 -0.002100 -0.039133
v -0.034693 -0.009000 -0.039094
v -0.034693 -0.002100 -0.039094
v -0.034515 -0.009000 -0.039071
v -0.034515 -0.002100 -0.039071
v -0.034337 -0.009000 -0.041113
v -0.073495 -0.046478 -0.043941
v -0.073526 -0.046240 -0.043941
v -0.070786 -0.046000 -0.043941
v -0.073536 -0.046000 -0.043941
v -0.073526 -0.045760 -0.043941
v -0.073279 -0.047162 -0.043941
v -0.073370 -0.046941 -0.043941
v -0.073443 -0.046712 -0.043941
v -0.072893 -0.047768 -0.043941
v -0.073039 -0.047577 -0.043941
v -0.073168 -0.047375 -0.043941
v -0.072364 -0.048253 -0.043941
v -0.072554 -0.048107 -0.043941
v -0.072731 -0.047945 -0.043941
v -0.071727 -0.048584 -0.043941
v -0.071948 -0.048492 -0.043941
v -0.072161 -0.048382 -0.043941
v -0.071026 -0.048740 -0.043941
v -0.071264 -0.048708 -0.043941
v -0.071498 -0.048656 -0.043941
v -0.070309 -0.048708 -0.043941
v -0.070547 -0.048740 -0.043941
v -0.070786 -0.048750 -0.043941
v -0.069624 -0.048492 -0.043941
v -0.069846 -0.048584 -0.043941
v -0.070075 -0.048656 -0.043941
v -0.069019 -0.048107 -0.043941
v -0.069209 -0.048253 -0.043941
v -0.069411 -0.048382 -0.043941
v -0.068534 -0.047577 -0.043941
v -0.068680 -0.047768 -0.043941
v -0.068842 -0.047945 -0.043941
v -0.068202 -0.046941 -0.043941
v -0.068294 -0.047162 -0.043941
v -0.068405 -0.047375 -0.043941
v -0.068047 -0.046240 -0.043941
v -0.068078 -0.046478 -0.043941
v -0.068130 -0.046712 -0.043941
v -0.068078 -0.045522 -0.043941
v -0.068047 -0.045760 -0.043941
v -0.068036 -0.046000 -0.043941
v -0.068294 -0.044838 -0.043941
v -0.068202 -0.045059 -0.043941
v -0.068130 -0.045288 -0.043941
v -0.068680 -0.044232 -0.043941
v -0.068534 -0.044423 -0.043941
v -0.068405 -0.044625 -0.043941
v -0.069209 -0.043747 -0.043941
v -0.069019 -0.043893 -0.043941
v -0.068842 -0.044055 -0.043941
v -0.069846 -0.043416 -0.043941
v -0.069624 -0.043508 -0.043941
v -0.069411 -0.043618 -0.043941
v -0.070547 -0.043260 -0.043941
v -0.070309 -0.043292 -0.043941
v -0.070075 -0.043344 -0.043941
v -0.071264 -0.043292 -0.043941
v -0.071026 -0.043260 -0.043941
v -0.070786 -0.043250 -0.043941
v -0.071948 -0.043508 -0.043941
v -0.071727 -0.043416 -0.043941
v -0.071498 -0.043344 -0.043941
v -0.072554 -0.043893 -0.043941
v -0.072364 -0.043747 -0.043941
v -0.072161 -0.043618 -0.043941
v -0.073039 -0.044423 -0.043941
v -0.072893 -0.044232 -0.043941
v -0.072731 -0.044055 -0.043941
v -0.073370 -0.045059 -0.043941
v -0.073279 -0.044838 -0.043941
v -0.073168 -0.044625 -0.043941
v -0.073495 -0.045522 -0.043941
v -0.073443 -0.045288 -0.043941
v -0.057236 -0.009000 -0.039063
v -0.057236 -0.002100 -0.039063
v -0.057057 -0.009000 -0.039071
v -0.057057 -0.002100 -0.039071
v -0.056880 -0.009000 -0.039094
v -0.056880 -0.002100 -0.039094
v -0.056705 -0.009000 -0.039133
v -0.056705 -0.002100 -0.039133
v -0.056535 -0.009000 -0.039187
v -0.056535 -0.002100 -0.039187
v -0.056370 -0.009000 -0.039255
v -0.056370 -0.002100 -0.039255
v -0.056211 -0.009000 -0.039338
v -0.056211 -0.002100 -0.039338
v -0.056060 -0.009000 -0.039434
v -0.056060 -0.002100 -0.039434
v -0.055918 -0.009000 -0.039543
v -0.055918 -0.002100 -0.039543
v -0.055786 -0.009000 -0.039664
v -0.055786 -0.002100 -0.039664
v -0.055666 -0.009000 -0.039796
v -0.055666 -0.002100 -0.039796
v -0.055557 -0.009000 -0.039938
v -0.055557 -0.002100 -0.039938
v -0.055461 -0.009000 -0.040088
v -0.055461 -0.002100 -0.040088
v -0.055378 -0.009000 -0.040247
v -0.055378 -0.002100 -0.040247
v -0.055310 -0.009000 -0.040412
v -0.055310 -0.002100 -0.040412
v -0.055256 -0.009000 -0.040583
v -0.055256 -0.002100 -0.040583
v -0.055217 -0.009000 -0.040757
v -0.055217 -0.002100 -0.040757
v -0.055194 -0.009000 -0.040935
v -0.055194 -0.002100 -0.040935
v -0.055186 -0.009000 -0.041113
v -0.055186 -0.002100 -0.041113
v -0.055194 -0.009000 -0.041292
v -0.055194 -0.002100 -0.041292
v -0.055217 -0.009000 -0.041469
v -0.055217 -0.002100 -0.041469
v -0.055256 -0.009000 -0.041644
v -0.055256 -0.002100 -0.041644
v -0.055310 -0.009000 -0.041814
v -0.055310 -0.002100 -0.041814
v -0.055378 -0.009000 -0.041980
v -0.055378 -0.002100 -0.041980
v -0.055461 -0.009000 -0.042138
v -0.055461 -0.002100 -0.042138
v -0.055557 -0.009000 -0.042289
v -0.055557 -0.002100 -0.042289
v -0.055666 -0.009000 -0.042431
v -0.055666 -0.002100 -0.042431
v -0.055786 -0.009000 -0.042563
v -0.055786 -0.002100 -0.042563
v -0.055918 -0.009000 -0.042684
v -0.055918 -0.002100 -0.042684
v -0.056060 -0.009000 -0.042793
v -0.056060 -0.002100 -0.042793
v -0.056211 -0.009000 -0.042889
v -0.056211 -0.002100 -0.042889
v -0.056370 -0.009000 -0.042971
v -0.056370 -0.002100 -0.042971
v -0.056535 -0.009000 -0.043040
v -0.056535 -0.002100 -0.043040
v -0.056705 -0.009000 -0.043093
v -0.056705 -0.002100 -0.043093
v -0.056880 -0.009000 -0.043132
v -0.056880 -0.002100 -0.043132
v -0.057057 -0.009000 -0.043156
v -0.057057 -0.002100 -0.043156
v -0.057236 -0.009000 -0.043163
v -0.057236 -0.002100 -0.043163
v -0.057415 -0.009000 -0.043156
v -0.057415 -0.002100 -0.043156
v -0.057592 -0.009000 -0.043132
v -0.057592 -0.002100 -0.043132
v -0.057767 -0.009000 -0.043093
v -0.057767 -0.002100 -0.043093
v -0.057937 -0.009000 -0.043040
v -0.057937 -0.002100 -0.043040
v -0.058102 -0.009000 -0.042971
v -0.058102 -0.002100 -0.042971
v -0.058261 -0.009000 -0.042889
v -0.058261 -0.002100 -0.042889
v -0.058412 -0.009000 -0.042793
v -0.058412 -0.002100 -0.042793
v -0.058554 -0.009000 -0.042684
v -0.058554 -0.002100 -0.042684
v -0.058686 -0.009000 -0.042563
v -0.058686 -0.002100 -0.042563
v -0.058806 -0.009000 -0.042431
v -0.058806 -0.002100 -0.042431
v -0.058915 -0.009000 -0.042289
v -0.058915 -0.002100 -0.042289
v -0.059011 -0.009000 -0.042138
v -0.059011 -0.002100 -0.042138
v -0.059094 -0.009000 -0.041980
v -0.059094 -0.002100 -0.041980
v -0.059162 -0.009000 -0.041814
v -0.059162 -0.002100 -0.041814
v -0.059216 -0.009000 -0.041644
v -0.059216 -0.002100 -0.041644
v -0.059255 -0.009000 -0.041469
v -0.059255 -0.002100 -0.041469
v -0.059278 -0.009000 -0.041292
v -0.059278 -0.002100 -0.041292
v -0.059286 -0.009000 -0.041113
v -0.059286 -0.002100 -0.041113
v -0.059278 -0.009000 -0.040935
v -0.059278 -0.002100 -0.040935
v -0.059255 -0.009000 -0.040757
v -0.059255 -0.002100 -0.040757
v -0.059216 -0.009000 -0.040583
v -0.059216 -0.002100 -0.040583
v -0.059162 -0.009000 -0.040412
v -0.059162 -0.002100 -0.040412
v -0.059094 -0.009000 -0.040247
v -0.059094 -0.002100 -0.040247
v -0.059011 -0.009000 -0.040088
v -0.059011 -0.002100 -0.040088
v -0.058915 -0.009000 -0.039938
v -0.058915 -0.002100 -0.039938
v -0.058806 -0.009000 -0.039796
v -0.058806 -0.002100 -0.039796
v -0.058686 -0.009000 -0.039664
v -0.058686 -0.002100 -0.039664
v -0.058554 -0.009000 -0.039543
v -0.058554 -0.002100 -0.039543
v -0.058412 -0.009000 -0.039434
v -0.058412 -0.002100 -0.039434
v -0.058261 -0.009000 -0.039338
v -0.058261 -0.002100 -0.039338
v -0.058102 -0.009000 -0.039255
v -0.058102 -0.002100 -0.039255
v -0.057937 -0.009000 -0.039187
v -0.057937 -0.002100 -0.039187
v -0.057767 -0.009000 -0.039133
v -0.057767 -0.002100 -0.039133
v -0.057592 -0.009000 -0.039094
v -0.057592 -0.002100 -0.039094
v -0.057415 -0.009000 -0.039071
v -0.057415 -0.002100 -0.039071
v -0.073536 -0.046000 -0.054941
v -0.073526 -0.045760 -0.054941
v -0.073495 -0.045522 -0.054941
v -0.073443 -0.045288 -0.054941
v -0.073370 -0.045059 -0.054941
v -0.073279 -0.044838 -0.054941
v -0.073168 -0.044625 -0.054941
v -0.073039 -0.044423 -0.054941
v -0.072893 -0.044232 -0.054941
v -0.072731 -0.044055 -0.054941
v -0.072554 -0.043893 -0.054941
v -0.072364 -0.043747 -0.054941
v -0.072161 -0.043618 -0.054941
v -0.071948 -0.043508 -0.054941
v -0.071727 -0.043416 -0.054941
v -0.071498 -0.043344 -0.054941
v -0.071264 -0.043292 -0.054941
v -0.071026 -0.043260 -0.054941
v -0.070786 -0.043250 -0.054941
v -0.070547 -0.043260 -0.054941
v -0.070309 -0.043292 -0.054941
v -0.070075 -0.043344 -0.054941
v -0.069846 -0.043416 -0.054941
v -0.069624 -0.043508 -0.054941
v -0.069411 -0.043618 -0.054941
v -0.069209 -0.043747 -0.054941
v -0.069019 -0.043893 -0.054941
v -0.068842 -0.044055 -0.054941
v -0.068680 -0.044232 -0.054941
v -0.068534 -0.044423 -0.054941
v -0.068405 -0.044625 -0.054941
v -0.068294 -0.044838 -0.054941
v -0.068202 -0.045059 -0.054941
v -0.068130 -0.045288 -0.054941
v -0.068078 -0.045522 -0.054941
v -0.068047 -0.045760 -0.054941
v -0.068036 -0.046000 -0.054941
v -0.068047 -0.046240 -0.054941
v -0.068078 -0.046478 -0.054941
v -0.068130 -0.046712 -0.054941
v -0.068202 -0.046941 -0.054941
v -0.068294 -0.047162 -0.054941
v -0.068405 -0.047375 -0.054941
v -0.068534 -0.047577 -0.054941
v -0.068680 -0.047768 -0.054941
v -0.068842 -0.047945 -0.054941
v -0.069019 -0.048107 -0.054941
v -0.069209 -0.048253 -0.054941
v -0.069411 -0.048382 -0.054941
v -0.069624 -0.048492 -0.054941
v -0.069846 -0.048584 -0.054941
v -0.070075 -0.048656 -0.054941
v -0.070309 -0.048708 -0.054941
v -0.070547 -0.048740 -0.054941
v -0.070786 -0.048750 -0.054941
v -0.071026 -0.048740 -0.054941
v -0.071264 -0.048708 -0.054941
v -0.071498 -0.048656 -0.054941
v -0.071727 -0.048584 -0.054941
v -0.071948 -0.048492 -0.054941
v -0.072161 -0.048382 -0.054941
v -0.072364 -0.048253 -0.054941
v -0.072554 -0.048107 -0.054941
v -0.072731 -0.047945 -0.054941
v -0.072893 -0.047768 -0.054941
v -0.073039 -0.047577 -0.054941
v -0.073168 -0.047375 -0.054941
v -0.073279 -0.047162 -0.054941
v -0.073370 -0.046941 -0.054941
v -0.073443 -0.046712 -0.054941
v -0.073495 -0.046478 -0.054941
v -0.073526 -0.046240 -0.054941
v -0.064736 -0.009000 -0.029063
v -0.064736 -0.002100 -0.029063
v -0.064557 -0.009000 -0.029071
v -0.064557 -0.002100 -0.029071
v -0.064380 -0.009000 -0.029094
v -0.064380 -0.002100 -0.029094
v -0.064205 -0.009000 -0.029133
v -0.064205 -0.002100 -0.029133
v -0.064035 -0.009000 -0.029187
v -0.064035 -0.002100 -0.029187
v -0.063870 -0.009000 -0.029255
v -0.063870 -0.002100 -0.029255
v -0.063711 -0.009000 -0.029338
v -0.063711 -0.002100 -0.029338
v -0.063560 -0.009000 -0.029434
v -0.063560 -0.002100 -0.029434
v -0.063418 -0.009000 -0.029543
v -0.063418 -0.002100 -0.029543
v -0.063286 -0.009000 -0.029664
v -0.063286 -0.002100 -0.029664
v -0.063166 -0.009000 -0.029796
v -0.063166 -0.002100 -0.029796
v -0.063057 -0.009000 -0.029938
v -0.063057 -0.002100 -0.029938
v -0.062961 -0.009000 -0.030088
v -0.062961 -0.002100 -0.030088
v -0.062878 -0.009000 -0.030247
v -0.062878 -0.002100 -0.030247
v -0.062810 -0.009000 -0.030412
v -0.062810 -0.002100 -0.030412
v -0.062756 -0.009000 -0.030583
v -0.062756 -0.002100 -0.030583
v -0.062717 -0.009000 -0.030757
v -0.062717 -0.002100 -0.030757
v -0.062694 -0.009000 -0.030935
v -0.062694 -0.002100 -0.030935
v -0.062686 -0.009000 -0.031113
v -0.062686 -0.002100 -0.031113
v -0.062694 -0.009000 -0.031292
v -0.062694 -0.002100 -0.031292
v -0.062717 -0.009000 -0.031469
v -0.062717 -0.002100 -0.031469
v -0.062756 -0.009000 -0.031644
v -0.062756 -0.002100 -0.031644
v -0.062810 -0.009000 -0.031814
v -0.062810 -0.002100 -0.031814
v -0.062878 -0.009000 -0.031980
v -0.062878 -0.002100 -0.031980
v -0.062961 -0.009000 -0.032138
v -0.062961 -0.002100 -0.032138
v -0.063057 -0.009000 -0.032289
v -0.063057 -0.002100 -0.032289
v -0.063166 -0.009000 -0.032431
v -0.063166 -0.002100 -0.032431
v -0.063286 -0.009000 -0.032563
v -0.063286 -0.002100 -0.032563
v -0.063418 -0.009000 -0.032684
v -0.063418 -0.002100 -0.032684
v -0.063560 -0.009000 -0.032793
v -0.063560 -0.002100 -0.032793
v -0.063711 -0.009000 -0.032889
v -0.063711 -0.002100 -0.032889
v -0.063870 -0.009000 -0.032971
v -0.063870 -0.002100 -0.032971
v -0.064035 -0.009000 -0.033040
v -0.064035 -0.002100 -0.033040
v -0.064205 -0.009000 -0.033093
v -0.064205 -0.002100 -0.033093
v -0.064380 -0.009000 -0.033132
v -0.064380 -0.002100 -0.033132
v -0.064557 -0.009000 -0.033156
v -0.064557 -0.002100 -0.033156
v -0.064736 -0.009000 -0.033163
v -0.064736 -0.002100 -0.033163
v -0.064915 -0.009000 -0.033156
v -0.064915 -0.002100 -0.033156
v -0.065092 -0.009000 -0.033132
v -0.065092 -0.002100 -0.033132
v -0.065267 -0.009000 -0.033093
v -0.065267 -0.002100 -0.033093
v -0.065437 -0.009000 -0.033040
v -0.065437 -0.002100 -0.033040
v -0.065602 -0.009000 -0.032971
v -0.065602 -0.002100 -0.032971
v -0.065761 -0.009000 -0.032889
v -0.065761 -0.002100 -0.032889
v -0.065912 -0.009000 -0.032793
v -0.065912 -0.002100 -0.032793
v -0.066054 -0.009000 -0.032684
v -0.066054 -0.002100 -0.032684
v -0.066186 -0.009000 -0.032563
v -0.066186 -0.002100 -0.032563
v -0.066306 -0.009000 -0.032431
v -0.066306 -0.002100 -0.032431
v -0.066415 -0.009000 -0.032289
v -0.066415 -0.002100 -0.032289
v -0.066511 -0.009000 -0.032138
v -0.066511 -0.002100 -0.032138
v -0.066594 -0.009000 -0.031980
v -0.066594 -0.002100 -0.031980
v -0.066662 -0.009000 -0.031814
v -0.066662 -0.002100 -0.031814
v -0.066716 -0.009000 -0.031644
v -0.066716 -0.002100 -0.031644
v -0.066755 -0.009000 -0.031469
v -0.066755 -0.002100 -0.031469
v -0.066778 -0.009000 -0.031292
v -0.066778 -0.002100 -0.031292
v -0.066786 -0.009000 -0.031113
v -0.066786 -0.002100 -0.031113
v -0.066778 -0.009000 -0.030935
v -0.066778 -0.002100 -0.030935
v -0.066755 -0.009000 -0.030757
v -0.066755 -0.002100 -0.030757
v -0.066716 -0.009000 -0.030583
v -0.066716 -0.002100 -0.030583
v -0.066662 -0.009000 -0.030412
v -0.066662 -0.002100 -0.030412
v -0.066594 -0.009000 -0.030247
v -0.066594 -0.002100 -0.030247
v -0.066511 -0.009000 -0.030088
v -0.066511 -0.002100 -0.030088
v -0.066415 -0.009000 -0.029938
v -0.066415 -0.002100 -0.029938
v -0.066306 -0.009000 -0.029796
v -0.066306 -0.002100 -0.029796
v -0.066186 -0.009000 -0.029664
v -0.066186 -0.002100 -0.029664
v -0.066054 -0.009000 -0.029543
v -0.066054 -0.002100 -0.029543
v -0.065912 -0.009000 -0.029434
v -0.065912 -0.002100 -0.029434
v -0.065761 -0.009000 -0.029338
v -0.065761 -0.002100 -0.029338
v -0.065602 -0.009000 -0.029255
v -0.065602 -0.002100 -0.029255
v -0.065437 -0.009000 -0.029187
v -0.065437 -0.002100 -0.029187
v -0.065267 -0.009000 -0.029133
v -0.065267 -0.002100 -0.029133
v -0.065092 -0.009000 -0.029094
v -0.065092 -0.002100 -0.029094
v -0.064915 -0.009000 -0.029071
v -0.064915 -0.002100 -0.029071
v -0.023536 -0.015000 -0.043941
v -0.023536 -0.015000 -0.054941
v -0.023526 -0.014760 -0.043941
v -0.023526 -0.014760 -0.054941
v -0.023495 -0.014522 -0.043941
v -0.023495 -0.014522 -0.054941
v -0.023443 -0.014288 -0.043941
v -0.023443 -0.014288 -0.054941
v -0.023370 -0.014059 -0.043941
v -0.023370 -0.014059 -0.054941
v -0.023279 -0.013838 -0.043941
v -0.023279 -0.013838 -0.054941
v -0.023168 -0.013625 -0.043941
v -0.023168 -0.013625 -0.054941
v -0.023039 -0.013423 -0.043941
v -0.023039 -0.013423 -0.054941
v -0.022893 -0.013232 -0.043941
v -0.022893 -0.013232 -0.054941
v -0.022731 -0.013055 -0.043941
v -0.022731 -0.013055 -0.054941
v -0.022554 -0.012893 -0.043941
v -0.022554 -0.012893 -0.054941
v -0.022364 -0.012747 -0.043941
v -0.022364 -0.012747 -0.054941
v -0.022161 -0.012618 -0.043941
v -0.022161 -0.012618 -0.054941
v -0.021948 -0.012508 -0.043941
v -0.021948 -0.012508 -0.054941
v -0.021727 -0.012416 -0.043941
v -0.021727 -0.012416 -0.054941
v -0.021498 -0.012344 -0.043941
v -0.021498 -0.012344 -0.054941
v -0.021264 -0.012292 -0.043941
v -0.021264 -0.012292 -0.054941
v -0.021026 -0.012260 -0.043941
v -0.021026 -0.012260 -0.054941
v -0.020786 -0.012250 -0.043941
v -0.020786 -0.012250 -0.054941
v -0.020547 -0.012260 -0.043941
v -0.020547 -0.012260 -0.054941
v -0.020309 -0.012292 -0.043941
v -0.020309 -0.012292 -0.054941
v -0.020075 -0.012344 -0.043941
v -0.020075 -0.012344 -0.054941
v -0.019846 -0.012416 -0.043941
v -0.019846 -0.012416 -0.054941
v -0.019624 -0.012508 -0.043941
v -0.019624 -0.012508 -0.054941
v -0.019411 -0.012618 -0.043941
v -0.019411 -0.012618 -0.054941
v -0.019209 -0.012747 -0.043941
v -0.019209 -0.012747 -0.054941
v -0.019019 -0.012893 -0.043941
v -0.019019 -0.012893 -0.054941
v -0.018842 -0.013055 -0.043941
v -0.018842 -0.013055 -0.054941
v -0.018680 -0.013232 -0.043941
v -0.018680 -0.013232 -0.054941
v -0.018534 -0.013423 -0.043941
v -0.018534 -0.013423 -0.054941
v -0.018405 -0.013625 -0.043941
v -0.018405 -0.013625 -0.054941
v -0.018294 -0.013838 -0.043941
v -0.018294 -0.013838 -0.054941
v -0.018202 -0.014059 -0.043941
v -0.018202 -0.014059 -0.054941
v -0.018130 -0.014288 -0.043941
v -0.018130 -0.014288 -0.054941
v -0.018078 -0.014522 -0.043941
v -0.018078 -0.014522 -0.054941
v -0.018047 -0.014760 -0.043941
v -0.018047 -0.014760 -0.054941
v -0.018036 -0.015000 -0.043941
v -0.018036 -0.015000 -0.054941
v -0.018047 -0.015240 -0.043941
v -0.018047 -0.015240 -0.054941
v -0.018078 -0.015478 -0.043941
v -0.018078 -0.015478 -0.054941
v -0.018130 -0.015712 -0.043941
v -0.018130 -0.015712 -0.054941
v -0.018202 -0.015941 -0.043941
v -0.018202 -0.015941 -0.054941
v -0.018294 -0.016162 -0.043941
v -0.018294 -0.016162 -0.054941
v -0.018405 -0.016375 -0.043941
v -0.018405 -0.016375 -0.054941
v -0.018534 -0.016577 -0.043941
v -0.018534 -0.016577 -0.054941
v -0.018680 -0.016768 -0.043941
v -0.018680 -0.016768 -0.054941
v -0.018842 -0.016945 -0.043941
v -0.018842 -0.016945 -0.054941
v -0.019019 -0.017107 -0.043941
v -0.019019 -0.017107 -0.054941
v -0.019209 -0.017253 -0.043941
v -0.019209 -0.017253 -0.054941
v -0.019411 -0.017382 -0.043941
v -0.019411 -0.017382 -0.054941
v -0.019624 -0.017492 -0.043941
v -0.019624 -0.017492 -0.054941
v -0.019846 -0.017584 -0.043941
v -0.019846 -0.017584 -0.054941
v -0.020075 -0.017656 -0.043941
v -0.020075 -0.017656 -0.054941
v -0.020309 -0.017708 -0.043941
v -0.020309 -0.017708 -0.054941
v -0.020547 -0.017740 -0.043941
v -0.020547 -0.017740 -0.054941
v -0.020786 -0.017750 -0.043941
v -0.020786 -0.017750 -0.054941
v -0.021026 -0.017740 -0.043941
v -0.021026 -0.017740 -0.054941
v -0.021264 -0.017708 -0.043941
v -0.021264 -0.017708 -0.054941
v -0.021498 -0.017656 -0.043941
v -0.021498 -0.017656 -0.054941
v -0.021727 -0.017584 -0.043941
v -0.021727 -0.017584 -0.054941
v -0.021948 -0.017492 -0.043941
v -0.021948 -0.017492 -0.054941
v -0.022161 -0.017382 -0.043941
v -0.022161 -0.017382 -0.054941
v -0.022364 -0.017253 -0.043941
v -0.022364 -0.017253 -0.054941
v -0.022554 -0.017107 -0.043941
v -0.022554 -0.017107 -0.054941
v -0.022731 -0.016945 -0.043941
v -0.022731 -0.016945 -0.054941
v -0.022893 -0.016768 -0.043941
v -0.022893 -0.016768 -0.054941
v -0.023039 -0.016577 -0.043941
v -0.023039 -0.016577 -0.054941
v -0.023168 -0.016375 -0.043941
v -0.023168 -0.016375 -0.054941
v -0.023279 -0.016162 -0.043941
v -0.023279 -0.016162 -0.054941
v -0.023370 -0.015941 -0.043941
v -0.023370 -0.015941 -0.054941
v -0.023443 -0.015712 -0.043941
v -0.023443 -0.015712 -0.054941
v -0.023495 -0.015478 -0.043941
v -0.023495 -0.015478 -0.054941
v -0.023526 -0.015240 -0.043941
v -0.023526 -0.015240 -0.054941
v -0.020786 -0.015000 -0.043941
v -0.057236 -0.009000 -0.041113
v -0.023536 -0.030500 -0.043941
v -0.023536 -0.030500 -0.054941
v -0.023526 -0.030260 -0.043941
v -0.023526 -0.030260 -0.054941
v -0.023495 -0.030022 -0.043941
v -0.023495 -0.030022 -0.054941
v -0.023443 -0.029788 -0.043941
v -0.023443 -0.029788 -0.054941
v -0.023370 -0.029559 -0.043941
v -0.023370 -0.029559 -0.054941
v -0.023279 -0.029338 -0.043941
v -0.023279 -0.029338 -0.054941
v -0.023168 -0.029125 -0.043941
v -0.023168 -0.029125 -0.054941
v -0.023039 -0.028923 -0.043941
v -0.023039 -0.028923 -0.054941
v -0.022893 -0.028732 -0.043941
v -0.022893 -0.028732 -0.054941
v -0.022731 -0.028555 -0.043941
v -0.022731 -0.028555 -0.054941
v -0.022554 -0.028393 -0.043941
v -0.022554 -0.028393 -0.054941
v -0.022364 -0.028247 -0.043941
v -0.022364 -0.028247 -0.054941
v -0.022161 -0.028118 -0.043941
v -0.022161 -0.028118 -0.054941
v -0.021948 -0.028008 -0.043941
v -0.021948 -0.028008 -0.054941
v -0.021727 -0.027916 -0.043941
v -0.021727 -0.027916 -0.054941
v -0.021498 -0.027844 -0.043941
v -0.021498 -0.027844 -0.054941
v -0.021264 -0.027792 -0.043941
v -0.021264 -0.027792 -0.054941
v -0.021026 -0.027760 -0.043941
v -0.021026 -0.027760 -0.054941
v -0.020786 -0.027750 -0.043941
v -0.020786 -0.027750 -0.054941
v -0.020547 -0.027760 -0.043941
v -0.020547 -0.027760 -0.054941
v -0.020309 -0.027792 -0.043941
v -0.020309 -0.027792 -0.054941
v -0.020075 -0.027844 -0.043941
v -0.020075 -0.027844 -0.054941
v -0.019846 -0.027916 -0.043941
v -0.019846 -0.027916 -0.054941
v -0.019624 -0.028008 -0.043941
v -0.019624 -0.028008 -0.054941
v -0.019411 -0.028118 -0.043941
v -0.019411 -0.028118 -0.054941
v -0.019209 -0.028247 -0.043941
v -0.019209 -0.028247 -0.054941
v -0.019019 -0.028393 -0.043941
v -0.019019 -0.028393 -0.054941
v -0.018842 -0.028555 -0.043941
v -0.018842 -0.028555 -0.054941
v -0.018680 -0.028732 -0.043941
v -0.018680 -0.028732 -0.054941
v -0.018534 -0.028923 -0.043941
v -0.018534 -0.028923 -0.054941
v -0.018405 -0.029125 -0.043941
v -0.018405 -0.029125 -0.054941
v -0.018294 -0.029338 -0.043941
v -0.018294 -0.029338 -0.054941
v -0.018202 -0.029559 -0.043941
v -0.018202 -0.029559 -0.054941
v -0.018130 -0.029788 -0.043941
v -0.018130 -0.029788 -0.054941
v -0.018078 -0.030022 -0.043941
v -0.018078 -0.030022 -0.054941
v -0.018047 -0.030260 -0.043941
v -0.018047 -0.030260 -0.054941
v -0.018036 -0.030500 -0.043941
v -0.018036 -0.030500 -0.054941
v -0.018047 -0.030740 -0.043941
v -0.018047 -0.030740 -0.054941
v -0.018078 -0.030978 -0.043941
v -0.018078 -0.030978 -0.054941
v -0.018130 -0.031212 -0.043941
v -0.018130 -0.031212 -0.054941
v -0.018202 -0.031441 -0.043941
v -0.018202 -0.031441 -0.054941
v -0.018294 -0.031662 -0.043941
v -0.018294 -0.031662 -0.054941
v -0.018405 -0.031875 -0.043941
v -0.018405 -0.031875 -0.054941
v -0.018534 -0.032077 -0.043941
v -0.018534 -0.032077 -0.054941
v -0.018680 -0.032268 -0.043941
v -0.018680 -0.032268 -0.054941
v -0.018842 -0.032445 -0.043941
v -0.018842 -0.032445 -0.054941
v -0.019019 -0.032607 -0.043941
v -0.019019 -0.032607 -0.054941
v -0.019209 -0.032753 -0.043941
v -0.019209 -0.032753 -0.054941
v -0.019411 -0.032882 -0.043941
v -0.019411 -0.032882 -0.054941
v -0.019624 -0.032992 -0.043941
v -0.019624 -0.032992 -0.054941
v -0.019846 -0.033084 -0.043941
v -0.019846 -0.033084 -0.054941
v -0.020075 -0.033156 -0.043941
v -0.020075 -0.033156 -0.054941
v -0.020309 -0.033208 -0.043941
v -0.020309 -0.033208 -0.054941
v -0.020547 -0.033240 -0.043941
v -0.020547 -0.033240 -0.054941
v -0.020786 -0.033250 -0.043941
v -0.020786 -0.033250 -0.054941
v -0.021026 -0.033240 -0.043941
v -0.021026 -0.033240 -0.054941
v -0.021264 -0.033208 -0.043941
v -0.021264 -0.033208 -0.054941
v -0.021498 -0.033156 -0.043941
v -0.021498 -0.033156 -0.054941
v -0.021727 -0.033084 -0.043941
v -0.021727 -0.033084 -0.054941
v -0.021948 -0.032992 -0.043941
v -0.021948 -0.032992 -0.054941
v -0.022161 -0.032882 -0.043941
v -0.022161 -0.032882 -0.054941
v -0.022364 -0.032753 -0.043941
v -0.022364 -0.032753 -0.054941
v -0.022554 -0.032607 -0.043941
v -0.022554 -0.032607 -0.054941
v -0.022731 -0.032445 -0.043941
v -0.022731 -0.032445 -0.054941
v -0.022893 -0.032268 -0.043941
v -0.022893 -0.032268 -0.054941
v -0.023039 -0.032077 -0.043941
v -0.023039 -0.032077 -0.054941
v -0.023168 -0.031875 -0.043941
v -0.023168 -0.031875 -0.054941
v -0.023279 -0.031662 -0.043941
v -0.023279 -0.031662 -0.054941
v -0.023370 -0.031441 -0.043941
v -0.023370 -0.031441 -0.054941
v -0.023443 -0.031212 -0.043941
v -0.023443 -0.031212 -0.054941
v -0.023495 -0.030978 -0.043941
v -0.023495 -0.030978 -0.054941
v -0.023526 -0.030740 -0.043941
v -0.023526 -0.030740 -0.054941
v -0.045786 -0.059000 0.015879
v -0.045786 0.000000 0.015879
v -0.044472 -0.059000 0.015821
v -0.044472 0.000000 0.015821
v -0.043169 -0.059000 0.015650
v -0.043169 0.000000 0.015650
v -0.041885 -0.059000 0.015365
v -0.041885 0.000000 0.015365
v -0.040630 -0.059000 0.014970
v -0.040630 0.000000 0.014970
v -0.039415 -0.059000 0.014466
v -0.039415 0.000000 0.014466
v -0.038249 -0.059000 0.013859
v -0.038249 0.000000 0.013859
v -0.037140 -0.059000 0.013152
v -0.037140 0.000000 0.013152
v -0.036096 -0.059000 0.012352
v -0.036096 0.000000 0.012352
v -0.035127 -0.059000 0.011463
v -0.035127 0.000000 0.011463
v -0.034238 -0.059000 0.010494
v -0.034238 0.000000 0.010494
v -0.033438 -0.059000 0.009450
v -0.033438 0.000000 0.009450
v -0.032731 -0.059000 0.008341
v -0.032731 0.000000 0.008341
v -0.032124 -0.059000 0.007175
v -0.032124 0.000000 0.007175
v -0.031620 -0.059000 0.005960
v -0.031620 0.000000 0.005960
v -0.031225 -0.059000 0.004705
v -0.031225 0.000000 0.004705
v -0.030940 -0.059000 0.003421
v -0.030940 0.000000 0.003421
v -0.030769 -0.059000 0.002118
v -0.030769 0.000000 0.002118
v -0.030711 -0.059000 0.000804
v -0.030711 0.000000 0.000804
v -0.030769 -0.059000 -0.000510
v -0.030769 0.000000 -0.000510
v -0.030940 -0.059000 -0.001814
v -0.030940 0.000000 -0.001814
v -0.031225 -0.059000 -0.003098
v -0.031225 0.000000 -0.003098
v -0.031620 -0.059000 -0.004352
v -0.031620 0.000000 -0.004352
v -0.032124 -0.059000 -0.005567
v -0.032124 0.000000 -0.005567
v -0.032731 -0.059000 -0.006734
v -0.032731 0.000000 -0.006734
v -0.033438 -0.059000 -0.007843
v -0.033438 0.000000 -0.007843
v -0.034238 -0.059000 -0.008886
v -0.034238 0.000000 -0.008886
v -0.035127 -0.059000 -0.009856
v -0.035127 0.000000 -0.009856
v -0.036096 -0.059000 -0.010744
v -0.036096 0.000000 -0.010744
v -0.037140 -0.059000 -0.011545
v -0.037140 0.000000 -0.011545
v -0.038249 -0.059000 -0.012252
v -0.038249 0.000000 -0.012252
v -0.039415 -0.059000 -0.012859
v -0.039415 0.000000 -0.012859
v -0.040630 -0.059000 -0.013362
v -0.040630 0.000000 -0.013362
v -0.041885 -0.059000 -0.013758
v -0.041885 0.000000 -0.013758
v -0.043169 -0.059000 -0.014042
v -0.043169 0.000000 -0.014042
v -0.044472 -0.059000 -0.014214
v -0.044472 0.000000 -0.014214
v -0.045786 -0.059000 -0.014271
v -0.045786 0.000000 -0.014271
v -0.047100 -0.059000 -0.014214
v -0.047100 0.000000 -0.014214
v -0.048404 -0.059000 -0.014042
v -0.048404 0.000000 -0.014042
v -0.049688 -0.059000 -0.013758
v -0.049688 0.000000 -0.013758
v -0.050942 -0.059000 -0.013362
v -0.050942 0.000000 -0.013362
v -0.052157 -0.059000 -0.012859
v -0.052157 0.000000 -0.012859
v -0.053324 -0.059000 -0.012252
v -0.053324 0.000000 -0.012252
v -0.054433 -0.059000 -0.011545
v -0.054433 0.000000 -0.011545
v -0.055476 -0.059000 -0.010744
v -0.055476 0.000000 -0.010744
v -0.056446 -0.059000 -0.009856
v -0.056446 0.000000 -0.009856
v -0.057334 -0.059000 -0.008886
v -0.057334 0.000000 -0.008886
v -0.058135 -0.059000 -0.007843
v -0.058135 0.000000 -0.007843
v -0.058842 -0.059000 -0.006734
v -0.058842 0.000000 -0.006734
v -0.059449 -0.059000 -0.005567
v -0.059449 0.000000 -0.005567
v -0.059952 -0.059000 -0.004352
v -0.059952 0.000000 -0.004352
v -0.060348 -0.059000 -0.003098
v -0.060348 0.000000 -0.003098
v -0.060632 -0.059000 -0.001814
v -0.060632 0.000000 -0.001814
v -0.060804 -0.059000 -0.000510
v -0.060804 0.000000 -0.000510
v -0.060861 -0.059000 0.000804
v -0.060861 0.000000 0.000804
v -0.060804 -0.059000 0.002118
v -0.060804 0.000000 0.002118
v -0.060632 -0.059000 0.003421
v -0.060632 0.000000 0.003421
v -0.060348 -0.059000 0.004705
v -0.060348 0.000000 0.004705
v -0.059952 -0.059000 0.005960
v -0.059952 0.000000 0.005960
v -0.059449 -0.059000 0.007175
v -0.059449 0.000000 0.007175
v -0.058842 -0.059000 0.008341
v -0.058842 0.000000 0.008341
v -0.058135 -0.059000 0.009450
v -0.058135 0.000000 0.009450
v -0.057334 -0.059000 0.010494
v -0.057334 0.000000 0.010494
v -0.056446 -0.059000 0.011463
v -0.056446 0.000000 0.011463
v -0.055476 -0.059000 0.012352
v -0.055476 0.000000 0.012352
v -0.054433 -0.059000 0.013152
v -0.054433 0.000000 0.013152
v -0.053324 -0.059000 0.013859
v -0.053324 0.000000 0.013859
v -0.052157 -0.059000 0.014466
v -0.052157 0.000000 0.014466
v -0.050942 -0.059000 0.014970
v -0.050942 0.000000 0.014970
v -0.049688 -0.059000 0.015365
v -0.049688 0.000000 0.015365
v -0.048404 -0.059000 0.015650
v -0.048404 0.000000 0.015650
v -0.047100 -0.059000 0.015821
v -0.047100 0.000000 0.015821
v -0.010786 -0.057000 -0.054941
v -0.012786 -0.059000 -0.054941
v -0.020786 -0.059000 -0.054941
v -0.020786 -0.000000 -0.054941
v -0.020786 -0.022750 -0.054941
v -0.010786 -0.022750 -0.054941
v -0.012786 0.000000 -0.054941
v -0.010786 -0.002000 -0.054941
v -0.078786 -0.059000 -0.054941
v -0.080786 -0.057000 -0.054941
v -0.077161 -0.053875 -0.054941
v -0.045786 -0.000000 -0.054941
v -0.045786 -0.022750 -0.054941
v -0.045786 -0.038250 -0.054941
v -0.020786 -0.038250 -0.054941
v -0.010786 -0.038250 -0.054941
v -0.020786 -0.053875 -0.054941
v -0.045786 -0.053875 -0.054941
v -0.022364 -0.048253 -0.054941
v -0.022893 -0.047768 -0.054941
v -0.022731 -0.047945 -0.054941
v -0.022554 -0.048107 -0.054941
v -0.022161 -0.048382 -0.054941
v -0.021948 -0.048492 -0.054941
v -0.021727 -0.048584 -0.054941
v -0.021498 -0.048656 -0.054941
v -0.021264 -0.048708 -0.054941
v -0.021026 -0.048740 -0.054941
v -0.021026 -0.043260 -0.054941
v -0.021264 -0.043292 -0.054941
v -0.021498 -0.043344 -0.054941
v -0.021727 -0.043416 -0.054941
v -0.021948 -0.043508 -0.054941
v -0.022161 -0.043618 -0.054941
v -0.022364 -0.043747 -0.054941
v -0.022554 -0.043893 -0.054941
v -0.022731 -0.044055 -0.054941
v -0.022893 -0.044232 -0.054941
v -0.023039 -0.044423 -0.054941
v -0.023168 -0.044625 -0.054941
v -0.023279 -0.044838 -0.054941
v -0.023495 -0.046478 -0.054941
v -0.023443 -0.046712 -0.054941
v -0.023370 -0.046941 -0.054941
v -0.023279 -0.047162 -0.054941
v -0.023370 -0.045059 -0.054941
v -0.023443 -0.045288 -0.054941
v -0.023495 -0.045522 -0.054941
v -0.023526 -0.045760 -0.054941
v -0.023536 -0.046000 -0.054941
v -0.023526 -0.046240 -0.054941
v -0.023168 -0.047375 -0.054941
v -0.023039 -0.047577 -0.054941
v -0.020075 -0.043344 -0.054941
v -0.020309 -0.043292 -0.054941
v -0.020547 -0.043260 -0.054941
v -0.020786 -0.043250 -0.054941
v -0.019019 -0.043893 -0.054941
v -0.019209 -0.043747 -0.054941
v -0.020786 -0.048750 -0.054941
v -0.020547 -0.048740 -0.054941
v -0.020309 -0.048708 -0.054941
v -0.019411 -0.048382 -0.054941
v -0.019209 -0.048253 -0.054941
v -0.010786 -0.053875 -0.054941
v -0.019019 -0.048107 -0.054941
v -0.018842 -0.047945 -0.054941
v -0.018680 -0.047768 -0.054941
v -0.018534 -0.047577 -0.054941
v -0.018405 -0.047375 -0.054941
v -0.018405 -0.044625 -0.054941
v -0.018534 -0.044423 -0.054941
v -0.018680 -0.044232 -0.054941
v -0.018842 -0.044055 -0.054941
v -0.019411 -0.043618 -0.054941
v -0.019624 -0.043508 -0.054941
v -0.019846 -0.043416 -0.054941
v -0.020075 -0.048656 -0.054941
v -0.019846 -0.048584 -0.054941
v -0.019624 -0.048492 -0.054941
v -0.018294 -0.047162 -0.054941
v -0.018202 -0.046941 -0.054941
v -0.018130 -0.046712 -0.054941
v -0.018130 -0.045288 -0.054941
v -0.018078 -0.045522 -0.054941
v -0.018047 -0.045760 -0.054941
v -0.018202 -0.045059 -0.054941
v -0.018294 -0.044838 -0.054941
v -0.018078 -0.046478 -0.054941
v -0.018047 -0.046240 -0.054941
v -0.018036 -0.046000 -0.054941
v -0.045786 -0.059000 -0.054941
v -0.077161 -0.059000 -0.054941
v -0.077161 -0.038250 -0.054941
v -0.068405 -0.031875 -0.054941
v -0.068294 -0.031662 -0.054941
v -0.077161 -0.022750 -0.054941
v -0.073536 -0.030500 -0.054941
v -0.069624 -0.032992 -0.054941
v -0.069411 -0.032882 -0.054941
v -0.073526 -0.030740 -0.054941
v -0.073495 -0.030978 -0.054941
v -0.073443 -0.031212 -0.054941
v -0.069846 -0.033084 -0.054941
v -0.068078 -0.030022 -0.054941
v -0.068130 -0.029788 -0.054941
v -0.073370 -0.029559 -0.054941
v -0.073443 -0.029788 -0.054941
v -0.069209 -0.032753 -0.054941
v -0.069019 -0.032607 -0.054941
v -0.068842 -0.032445 -0.054941
v -0.070309 -0.027792 -0.054941
v -0.070547 -0.027760 -0.054941
v -0.073370 -0.031441 -0.054941
v -0.073279 -0.031662 -0.054941
v -0.073168 -0.031875 -0.054941
v -0.073039 -0.032077 -0.054941
v -0.072893 -0.032268 -0.054941
v -0.072731 -0.032445 -0.054941
v -0.068680 -0.032268 -0.054941
v -0.068534 -0.032077 -0.054941
v -0.068202 -0.029559 -0.054941
v -0.068294 -0.029338 -0.054941
v -0.068405 -0.029125 -0.054941
v -0.073495 -0.030022 -0.054941
v -0.073526 -0.030260 -0.054941
v -0.071498 -0.033156 -0.054941
v -0.071264 -0.033208 -0.054941
v -0.071026 -0.033240 -0.054941
v -0.070786 -0.033250 -0.054941
v -0.068202 -0.031441 -0.054941
v -0.068130 -0.031212 -0.054941
v -0.068078 -0.030978 -0.054941
v -0.068534 -0.028923 -0.054941
v -0.068680 -0.028732 -0.054941
v -0.068842 -0.028555 -0.054941
v -0.072554 -0.032607 -0.054941
v -0.072364 -0.032753 -0.054941
v -0.072161 -0.032882 -0.054941
v -0.070547 -0.033240 -0.054941
v -0.070309 -0.033208 -0.054941
v -0.070075 -0.033156 -0.054941
v -0.068047 -0.030740 -0.054941
v -0.068036 -0.030500 -0.054941
v -0.068047 -0.030260 -0.054941
v -0.069019 -0.028393 -0.054941
v -0.069209 -0.028247 -0.054941
v -0.069411 -0.028118 -0.054941
v -0.069624 -0.028008 -0.054941
v -0.069846 -0.027916 -0.054941
v -0.070075 -0.027844 -0.054941
v -0.073039 -0.028923 -0.054941
v -0.073168 -0.029125 -0.054941
v -0.073279 -0.029338 -0.054941
v -0.071948 -0.032992 -0.054941
v -0.071727 -0.033084 -0.054941
v -0.070786 -0.027750 -0.054941
v -0.071026 -0.027760 -0.054941
v -0.071264 -0.027792 -0.054941
v -0.071498 -0.027844 -0.054941
v -0.071727 -0.027916 -0.054941
v -0.071948 -0.028008 -0.054941
v -0.072161 -0.028118 -0.054941
v -0.072364 -0.028247 -0.054941
v -0.072554 -0.028393 -0.054941
v -0.072731 -0.028555 -0.054941
v -0.072893 -0.028732 -0.054941
v -0.078786 0.000000 -0.054941
v -0.077161 -0.000000 -0.054941
v -0.080786 -0.002000 -0.054941
v -0.080786 -0.022750 -0.054941
v -0.080786 -0.038250 -0.054941
v -0.080786 -0.053875 -0.054941
v -0.073443 -0.015712 -0.054941
v -0.073495 -0.015478 -0.054941
v -0.073526 -0.015240 -0.054941
v -0.068680 -0.016768 -0.054941
v -0.068534 -0.016577 -0.054941
v -0.068842 -0.016945 -0.054941
v -0.068405 -0.016375 -0.054941
v -0.068294 -0.016162 -0.054941
v -0.068202 -0.015941 -0.054941
v -0.073168 -0.013625 -0.054941
v -0.073279 -0.013838 -0.054941
v -0.073370 -0.014059 -0.054941
v -0.073443 -0.014288 -0.054941
v -0.073370 -0.015941 -0.054941
v -0.073279 -0.016162 -0.054941
v -0.073168 -0.016375 -0.054941
v -0.073039 -0.016577 -0.054941
v -0.072893 -0.016768 -0.054941
v -0.072731 -0.016945 -0.054941
v -0.069411 -0.017382 -0.054941
v -0.069209 -0.017253 -0.054941
v -0.069019 -0.017107 -0.054941
v -0.073495 -0.014522 -0.054941
v -0.073526 -0.014760 -0.054941
v -0.073536 -0.015000 -0.054941
v -0.071498 -0.017656 -0.054941
v -0.071264 -0.017708 -0.054941
v -0.071026 -0.017740 -0.054941
v -0.070309 -0.017708 -0.054941
v -0.070075 -0.017656 -0.054941
v -0.069846 -0.017584 -0.054941
v -0.069624 -0.017492 -0.054941
v -0.068130 -0.015712 -0.054941
v -0.068078 -0.015478 -0.054941
v -0.068047 -0.015240 -0.054941
v -0.068036 -0.015000 -0.054941
v -0.068047 -0.014760 -0.054941
v -0.068078 -0.014522 -0.054941
v -0.068130 -0.014288 -0.054941
v -0.070786 -0.017750 -0.054941
v -0.070547 -0.017740 -0.054941
v -0.068202 -0.014059 -0.054941
v -0.068294 -0.013838 -0.054941
v -0.068405 -0.013625 -0.054941
v -0.072554 -0.017107 -0.054941
v -0.072364 -0.017253 -0.054941
v -0.072161 -0.017382 -0.054941
v -0.071948 -0.017492 -0.054941
v -0.071727 -0.017584 -0.054941
v -0.068534 -0.013423 -0.054941
v -0.068680 -0.013232 -0.054941
v -0.068842 -0.013055 -0.054941
v -0.070309 -0.012292 -0.054941
v -0.070547 -0.012260 -0.054941
v -0.070786 -0.012250 -0.054941
v -0.071026 -0.012260 -0.054941
v -0.071264 -0.012292 -0.054941
v -0.071498 -0.012344 -0.054941
v -0.072161 -0.012618 -0.054941
v -0.072364 -0.012747 -0.054941
v -0.072554 -0.012893 -0.054941
v -0.072731 -0.013055 -0.054941
v -0.072893 -0.013232 -0.054941
v -0.073039 -0.013423 -0.054941
v -0.069019 -0.012893 -0.054941
v -0.069209 -0.012747 -0.054941
v -0.069411 -0.012618 -0.054941
v -0.069624 -0.012508 -0.054941
v -0.069846 -0.012416 -0.054941
v -0.070075 -0.012344 -0.054941
v -0.071727 -0.012416 -0.054941
v -0.071948 -0.012508 -0.054941
v -0.062836 -0.002100 -0.014963
v -0.062836 0.000000 -0.014963
v -0.061886 0.000000 -0.016374
v -0.061886 -0.002100 -0.016374
v -0.060820 0.000000 -0.017699
v -0.060820 -0.002100 -0.017699
v -0.059645 0.000000 -0.018928
v -0.059645 -0.002100 -0.018928
v -0.058370 0.000000 -0.020054
v -0.058370 -0.002100 -0.020054
v -0.057003 0.000000 -0.021067
v -0.057003 -0.002100 -0.021067
v -0.055556 0.000000 -0.021960
v -0.055556 -0.002100 -0.021960
v -0.054038 0.000000 -0.022727
v -0.054038 -0.002100 -0.022727
v -0.052461 0.000000 -0.023362
v -0.052461 -0.002100 -0.023362
v -0.050835 0.000000 -0.023861
v -0.050835 -0.002100 -0.023861
v -0.049172 0.000000 -0.024220
v -0.049172 -0.002100 -0.024220
v -0.047485 0.000000 -0.024436
v -0.047485 -0.002100 -0.024436
v -0.045786 0.000000 -0.024508
v -0.045786 -0.002100 -0.024508
v -0.044087 0.000000 -0.024436
v -0.044087 -0.002100 -0.024436
v -0.042400 0.000000 -0.024220
v -0.042400 -0.002100 -0.024220
v -0.040738 0.000000 -0.023861
v -0.040738 -0.002100 -0.023861
v -0.039112 0.000000 -0.023362
v -0.039112 -0.002100 -0.023362
v -0.037534 0.000000 -0.022727
v -0.037534 -0.002100 -0.022727
v -0.036016 0.000000 -0.021960
v -0.036016 -0.002100 -0.021960
v -0.034569 0.000000 -0.021067
v -0.034569 -0.002100 -0.021067
v -0.033203 0.000000 -0.020054
v -0.033203 -0.002100 -0.020054
v -0.031928 0.000000 -0.018928
v -0.031928 -0.002100 -0.018928
v -0.030753 0.000000 -0.017699
v -0.030753 -0.002100 -0.017699
v -0.029687 0.000000 -0.016374
v -0.029687 -0.002100 -0.016374
v -0.028737 0.000000 -0.014963
v -0.028737 -0.002100 -0.014963
v -0.064736 -0.002100 -0.018063
v -0.064557 -0.002100 -0.018071
v -0.064380 -0.002100 -0.018094
v -0.064205 -0.002100 -0.018133
v -0.064035 -0.002100 -0.018187
v -0.063870 -0.002100 -0.018255
v -0.063711 -0.002100 -0.018338
v -0.063560 -0.002100 -0.018434
v -0.063418 -0.002100 -0.018543
v -0.063286 -0.002100 -0.018664
v -0.063166 -0.002100 -0.018796
v -0.063057 -0.002100 -0.018938
v -0.062961 -0.002100 -0.019088
v -0.062878 -0.002100 -0.019247
v -0.062810 -0.002100 -0.019412
v -0.062756 -0.002100 -0.019583
v -0.062717 -0.002100 -0.019757
v -0.062694 -0.002100 -0.019935
v -0.062686 -0.002100 -0.020113
v -0.062694 -0.002100 -0.020292
v -0.062717 -0.002100 -0.020469
v -0.062756 -0.002100 -0.020644
v -0.062810 -0.002100 -0.020814
v -0.062878 -0.002100 -0.020980
v -0.062961 -0.002100 -0.021138
v -0.063057 -0.002100 -0.021289
v -0.063166 -0.002100 -0.021431
v -0.063286 -0.002100 -0.021563
v -0.063418 -0.002100 -0.021684
v -0.063560 -0.002100 -0.021793
v -0.063711 -0.002100 -0.021889
v -0.063870 -0.002100 -0.021971
v -0.064035 -0.002100 -0.022040
v -0.064205 -0.002100 -0.022093
v -0.064380 -0.002100 -0.022132
v -0.064557 -0.002100 -0.022156
v -0.064736 -0.002100 -0.022163
v -0.064915 -0.002100 -0.022156
v -0.065092 -0.002100 -0.022132
v -0.065267 -0.002100 -0.022093
v -0.065437 -0.002100 -0.022040
v -0.065602 -0.002100 -0.021971
v -0.065761 -0.002100 -0.021889
v -0.065912 -0.002100 -0.021793
v -0.066054 -0.002100 -0.021684
v -0.066186 -0.002100 -0.021563
v -0.066306 -0.002100 -0.021431
v -0.066415 -0.002100 -0.021289
v -0.066511 -0.002100 -0.021138
v -0.066594 -0.002100 -0.020980
v -0.066662 -0.002100 -0.020814
v -0.066716 -0.002100 -0.020644
v -0.066755 -0.002100 -0.020469
v -0.066778 -0.002100 -0.020292
v -0.066786 -0.002100 -0.020113
v -0.066778 -0.002100 -0.019935
v -0.066755 -0.002100 -0.019757
v -0.066716 -0.002100 -0.019583
v -0.066662 -0.002100 -0.019412
v -0.066594 -0.002100 -0.019247
v -0.066511 -0.002100 -0.019088
v -0.066415 -0.002100 -0.018938
v -0.066306 -0.002100 -0.018796
v -0.066186 -0.002100 -0.018664
v -0.066054 -0.002100 -0.018543
v -0.065912 -0.002100 -0.018434
v -0.065761 -0.002100 -0.018338
v -0.065602 -0.002100 -0.018255
v -0.065437 -0.002100 -0.018187
v -0.065267 -0.002100 -0.018133
v -0.065092 -0.002100 -0.018094
v -0.064915 -0.002100 -0.018071
v -0.068595 0.000000 -0.042531
v -0.068461 0.000000 -0.042854
v -0.068300 0.000000 -0.043163
v -0.067664 0.000000 -0.043992
v -0.067407 0.000000 -0.044228
v -0.067130 0.000000 -0.044440
v -0.066836 0.000000 -0.044627
v -0.026737 0.000000 -0.014963
v -0.068113 0.000000 -0.043458
v -0.067900 0.000000 -0.043734
v -0.026388 0.000000 -0.045148
v -0.026042 0.000000 -0.045103
v -0.068300 0.000000 -0.016963
v -0.068461 0.000000 -0.017273
v -0.068821 0.000000 -0.041512
v -0.068775 0.000000 -0.041858
v -0.068700 0.000000 -0.042199
v -0.026042 0.000000 -0.015024
v -0.026388 0.000000 -0.014979
v -0.065185 0.000000 -0.014979
v -0.065531 0.000000 -0.015024
v -0.065871 0.000000 -0.015100
v -0.067407 0.000000 -0.015899
v -0.067664 0.000000 -0.016135
v -0.025046 0.000000 -0.044789
v -0.024737 0.000000 -0.044627
v -0.023672 0.000000 -0.043734
v -0.023908 0.000000 -0.043992
v -0.024165 0.000000 -0.044228
v -0.066204 0.000000 -0.015205
v -0.066526 0.000000 -0.015338
v -0.066836 0.000000 -0.015499
v -0.067130 0.000000 -0.015687
v -0.067900 0.000000 -0.016392
v -0.068113 0.000000 -0.016669
v -0.068595 0.000000 -0.017595
v -0.068700 0.000000 -0.017928
v -0.068775 0.000000 -0.018269
v -0.066526 0.000000 -0.044789
v -0.066204 0.000000 -0.044922
v -0.065871 0.000000 -0.045027
v -0.026737 0.000000 -0.045163
v -0.023460 0.000000 -0.043458
v -0.023273 0.000000 -0.043163
v -0.023111 0.000000 -0.042854
v -0.068821 0.000000 -0.018615
v -0.068836 0.000000 -0.018963
v -0.068836 0.000000 -0.041163
v -0.065531 0.000000 -0.045103
v -0.065185 0.000000 -0.045148
v -0.064836 0.000000 -0.045163
v -0.024442 0.000000 -0.044440
v -0.022752 0.000000 -0.018615
v -0.022797 0.000000 -0.018269
v -0.022873 0.000000 -0.017928
v -0.022978 0.000000 -0.017595
v -0.023111 0.000000 -0.017273
v -0.023273 0.000000 -0.016963
v -0.064836 0.000000 -0.014963
v -0.025701 0.000000 -0.045027
v -0.025369 0.000000 -0.044922
v -0.023460 0.000000 -0.016669
v -0.023672 0.000000 -0.016392
v -0.023908 0.000000 -0.016135
v -0.022978 0.000000 -0.042531
v -0.022873 0.000000 -0.042199
v -0.022797 0.000000 -0.041858
v -0.025701 0.000000 -0.015100
v -0.024165 0.000000 -0.015899
v -0.024442 0.000000 -0.015687
v -0.024737 0.000000 -0.015499
v -0.025046 0.000000 -0.015338
v -0.022752 0.000000 -0.041512
v -0.022737 0.000000 -0.041163
v -0.022737 0.000000 -0.018963
v -0.025369 0.000000 -0.015205
v -0.073536 -0.030500 -0.043941
v -0.073526 -0.030260 -0.043941
v -0.073495 -0.030022 -0.043941
v -0.073443 -0.029788 -0.043941
v -0.073370 -0.029559 -0.043941
v -0.073279 -0.029338 -0.043941
v -0.073168 -0.029125 -0.043941
v -0.073039 -0.028923 -0.043941
v -0.072893 -0.028732 -0.043941
v -0.072731 -0.028555 -0.043941
v -0.072554 -0.028393 -0.043941
v -0.072364 -0.028247 -0.043941
v -0.072161 -0.028118 -0.043941
v -0.071948 -0.028008 -0.043941
v -0.071727 -0.027916 -0.043941
v -0.071498 -0.027844 -0.043941
v -0.071264 -0.027792 -0.043941
v -0.071026 -0.027760 -0.043941
v -0.070786 -0.027750 -0.043941
v -0.070547 -0.027760 -0.043941
v -0.070309 -0.027792 -0.043941
v -0.070075 -0.027844 -0.043941
v -0.069846 -0.027916 -0.043941
v -0.069624 -0.028008 -0.043941
v -0.069411 -0.028118 -0.043941
v -0.069209 -0.028247 -0.043941
v -0.069019 -0.028393 -0.043941
v -0.068842 -0.028555 -0.043941
v -0.068680 -0.028732 -0.043941
v -0.068534 -0.028923 -0.043941
v -0.068405 -0.029125 -0.043941
v -0.068294 -0.029338 -0.043941
v -0.068202 -0.029559 -0.043941
v -0.068130 -0.029788 -0.043941
v -0.068078 -0.030022 -0.043941
v -0.068047 -0.030260 -0.043941
v -0.068036 -0.030500 -0.043941
v -0.068047 -0.030740 -0.043941
v -0.068078 -0.030978 -0.043941
v -0.068130 -0.031212 -0.043941
v -0.068202 -0.031441 -0.043941
v -0.068294 -0.031662 -0.043941
v -0.068405 -0.031875 -0.043941
v -0.068534 -0.032077 -0.043941
v -0.068680 -0.032268 -0.043941
v -0.068842 -0.032445 -0.043941
v -0.069019 -0.032607 -0.043941
v -0.069209 -0.032753 -0.043941
v -0.069411 -0.032882 -0.043941
v -0.069624 -0.032992 -0.043941
v -0.069846 -0.033084 -0.043941
v -0.070075 -0.033156 -0.043941
v -0.070309 -0.033208 -0.043941
v -0.070547 -0.033240 -0.043941
v -0.070786 -0.033250 -0.043941
v -0.071026 -0.033240 -0.043941
v -0.071264 -0.033208 -0.043941
v -0.071498 -0.033156 -0.043941
v -0.071727 -0.033084 -0.043941
v -0.071948 -0.032992 -0.043941
v -0.072161 -0.032882 -0.043941
v -0.072364 -0.032753 -0.043941
v -0.072554 -0.032607 -0.043941
v -0.072731 -0.032445 -0.043941
v -0.072893 -0.032268 -0.043941
v -0.073039 -0.032077 -0.043941
v -0.073168 -0.031875 -0.043941
v -0.073279 -0.031662 -0.043941
v -0.073370 -0.031441 -0.043941
v -0.073443 -0.031212 -0.043941
v -0.073495 -0.030978 -0.043941
v -0.073526 -0.030740 -0.043941
v -0.068836 -0.002100 -0.018963
v -0.068821 -0.002100 -0.018615
v -0.068775 -0.002100 -0.018269
v -0.068700 -0.002100 -0.017928
v -0.068595 -0.002100 -0.017595
v -0.068461 -0.002100 -0.017273
v -0.068300 -0.002100 -0.016963
v -0.068113 -0.002100 -0.016669
v -0.067900 -0.002100 -0.016392
v -0.067664 -0.002100 -0.016135
v -0.067407 -0.002100 -0.015899
v -0.067130 -0.002100 -0.015687
v -0.066836 -0.002100 -0.015499
v -0.066526 -0.002100 -0.015338
v -0.066204 -0.002100 -0.015205
v -0.065871 -0.002100 -0.015100
v -0.065531 -0.002100 -0.015024
v -0.065185 -0.002100 -0.014979
v -0.064836 -0.002100 -0.014963
v -0.022737 -0.002100 -0.041163
v -0.022752 -0.002100 -0.041512
v -0.022797 -0.002100 -0.041858
v -0.022873 -0.002100 -0.042199
v -0.022978 -0.002100 -0.042531
v -0.023111 -0.002100 -0.042854
v -0.023273 -0.002100 -0.043163
v -0.023460 -0.002100 -0.043458
v -0.023672 -0.002100 -0.043734
v -0.023908 -0.002100 -0.043992
v -0.024165 -0.002100 -0.044228
v -0.024442 -0.002100 -0.044440
v -0.024737 -0.002100 -0.044627
v -0.025046 -0.002100 -0.044789
v -0.025369 -0.002100 -0.044922
v -0.025701 -0.002100 -0.045027
v -0.026042 -0.002100 -0.045103
v -0.026388 -0.002100 -0.045148
v -0.026737 -0.002100 -0.045163
v -0.023536 -0.046000 -0.043941
v -0.023526 -0.045760 -0.043941
v -0.023495 -0.045522 -0.043941
v -0.023443 -0.045288 -0.043941
v -0.023370 -0.045059 -0.043941
v -0.023279 -0.044838 -0.043941
v -0.023168 -0.044625 -0.043941
v -0.023039 -0.044423 -0.043941
v -0.022893 -0.044232 -0.043941
v -0.022731 -0.044055 -0.043941
v -0.022554 -0.043893 -0.043941
v -0.022364 -0.043747 -0.043941
v -0.022161 -0.043618 -0.043941
v -0.021948 -0.043508 -0.043941
v -0.021727 -0.043416 -0.043941
v -0.021498 -0.043344 -0.043941
v -0.021264 -0.043292 -0.043941
v -0.021026 -0.043260 -0.043941
v -0.020786 -0.043250 -0.043941
v -0.020547 -0.043260 -0.043941
v -0.020309 -0.043292 -0.043941
v -0.020075 -0.043344 -0.043941
v -0.019846 -0.043416 -0.043941
v -0.019624 -0.043508 -0.043941
v -0.019411 -0.043618 -0.043941
v -0.019209 -0.043747 -0.043941
v -0.019019 -0.043893 -0.043941
v -0.018842 -0.044055 -0.043941
v -0.018680 -0.044232 -0.043941
v -0.018534 -0.044423 -0.043941
v -0.018405 -0.044625 -0.043941
v -0.018294 -0.044838 -0.043941
v -0.018202 -0.045059 -0.043941
v -0.018130 -0.045288 -0.043941
v -0.018078 -0.045522 -0.043941
v -0.018047 -0.045760 -0.043941
v -0.018036 -0.046000 -0.043941
v -0.018047 -0.046240 -0.043941
v -0.018078 -0.046478 -0.043941
v -0.018130 -0.046712 -0.043941
v -0.018202 -0.046941 -0.043941
v -0.018294 -0.047162 -0.043941
v -0.018405 -0.047375 -0.043941
v -0.018534 -0.047577 -0.043941
v -0.018680 -0.047768 -0.043941
v -0.018842 -0.047945 -0.043941
v -0.019019 -0.048107 -0.043941
v -0.019209 -0.048253 -0.043941
v -0.019411 -0.048382 -0.043941
v -0.019624 -0.048492 -0.043941
v -0.019846 -0.048584 -0.043941
v -0.020075 -0.048656 -0.043941
v -0.020309 -0.048708 -0.043941
v -0.020547 -0.048740 -0.043941
v -0.020786 -0.048750 -0.043941
v -0.021026 -0.048740 -0.043941
v -0.021264 -0.048708 -0.043941
v -0.021498 -0.048656 -0.043941
v -0.021727 -0.048584 -0.043941
v -0.021948 -0.048492 -0.043941
v -0.022161 -0.048382 -0.043941
v -0.022364 -0.048253 -0.043941
v -0.022554 -0.048107 -0.043941
v -0.022731 -0.047945 -0.043941
v -0.022893 -0.047768 -0.043941
v -0.023039 -0.047577 -0.043941
v -0.023168 -0.047375 -0.043941
v -0.023279 -0.047162 -0.043941
v -0.023370 -0.046941 -0.043941
v -0.023443 -0.046712 -0.043941
v -0.023495 -0.046478 -0.043941
v -0.023526 -0.046240 -0.043941
v -0.020786 -0.030500 -0.043941
v -0.064736 -0.009000 -0.031113
v -0.064836 -0.002100 -0.045163
v -0.065185 -0.002100 -0.045148
v -0.065531 -0.002100 -0.045103
v -0.065871 -0.002100 -0.045027
v -0.066204 -0.002100 -0.044922
v -0.066526 -0.002100 -0.044789
v -0.066836 -0.002100 -0.044627
v -0.067130 -0.002100 -0.044440
v -0.067407 -0.002100 -0.044228
v -0.067664 -0.002100 -0.043992
v -0.067900 -0.002100 -0.043734
v -0.068113 -0.002100 -0.043458
v -0.068300 -0.002100 -0.043163
v -0.068461 -0.002100 -0.042854
v -0.068595 -0.002100 -0.042531
v -0.068700 -0.002100 -0.042199
v -0.068775 -0.002100 -0.041858
v -0.068821 -0.002100 -0.041512
v -0.068836 -0.002100 -0.041163
v -0.020786 -0.046000 -0.043941
v -0.073536 -0.015000 -0.043941
v -0.073526 -0.014760 -0.043941
v -0.073495 -0.014522 -0.043941
v -0.073443 -0.014288 -0.043941
v -0.073370 -0.014059 -0.043941
v -0.073279 -0.013838 -0.043941
v -0.073168 -0.013625 -0.043941
v -0.073039 -0.013423 -0.043941
v -0.072893 -0.013232 -0.043941
v -0.072731 -0.013055 -0.043941
v -0.072554 -0.012893 -0.043941
v -0.072364 -0.012747 -0.043941
v -0.072161 -0.012618 -0.043941
v -0.071948 -0.012508 -0.043941
v -0.071727 -0.012416 -0.043941
v -0.071498 -0.012344 -0.043941
v -0.071264 -0.012292 -0.043941
v -0.071026 -0.012260 -0.043941
v -0.070786 -0.012250 -0.043941
v -0.070547 -0.012260 -0.043941
v -0.070309 -0.012292 -0.043941
v -0.070075 -0.012344 -0.043941
v -0.069846 -0.012416 -0.043941
v -0.069624 -0.012508 -0.043941
v -0.069411 -0.012618 -0.043941
v -0.069209 -0.012747 -0.043941
v -0.069019 -0.012893 -0.043941
v -0.068842 -0.013055 -0.043941
v -0.068680 -0.013232 -0.043941
v -0.068534 -0.013423 -0.043941
v -0.068405 -0.013625 -0.043941
v -0.068294 -0.013838 -0.043941
v -0.068202 -0.014059 -0.043941
v -0.068130 -0.014288 -0.043941
v -0.068078 -0.014522 -0.043941
v -0.068047 -0.014760 -0.043941
v -0.068036 -0.015000 -0.043941
v -0.068047 -0.015240 -0.043941
v -0.068078 -0.015478 -0.043941
v -0.068130 -0.015712 -0.043941
v -0.068202 -0.015941 -0.043941
v -0.068294 -0.016162 -0.043941
v -0.068405 -0.016375 -0.043941
v -0.068534 -0.016577 -0.043941
v -0.068680 -0.016768 -0.043941
v -0.068842 -0.016945 -0.043941
v -0.069019 -0.017107 -0.043941
v -0.069209 -0.017253 -0.043941
v -0.069411 -0.017382 -0.043941
v -0.069624 -0.017492 -0.043941
v -0.069846 -0.017584 -0.043941
v -0.070075 -0.017656 -0.043941
v -0.070309 -0.017708 -0.043941
v -0.070547 -0.017740 -0.043941
v -0.070786 -0.017750 -0.043941
v -0.071026 -0.017740 -0.043941
v -0.071264 -0.017708 -0.043941
v -0.071498 -0.017656 -0.043941
v -0.071727 -0.017584 -0.043941
v -0.071948 -0.017492 -0.043941
v -0.072161 -0.017382 -0.043941
v -0.072364 -0.017253 -0.043941
v -0.072554 -0.017107 -0.043941
v -0.072731 -0.016945 -0.043941
v -0.072893 -0.016768 -0.043941
v -0.073039 -0.016577 -0.043941
v -0.073168 -0.016375 -0.043941
v -0.073279 -0.016162 -0.043941
v -0.073370 -0.015941 -0.043941
v -0.073443 -0.015712 -0.043941
v -0.073495 -0.015478 -0.043941
v -0.073526 -0.015240 -0.043941
v -0.070786 -0.015000 -0.043941
v -0.070786 -0.030500 -0.043941
v -0.060986 -0.002100 -0.045163
v -0.045786 -0.002100 -0.045163
v -0.030587 -0.002100 -0.045163
v -0.068836 -0.002100 -0.036113
v -0.068836 -0.002100 -0.025613
v -0.026737 -0.002100 -0.014963
v -0.026388 -0.002100 -0.014979
v -0.026042 -0.002100 -0.015024
v -0.025701 -0.002100 -0.015100
v -0.025369 -0.002100 -0.015205
v -0.025046 -0.002100 -0.015338
v -0.024737 -0.002100 -0.015499
v -0.024442 -0.002100 -0.015687
v -0.024165 -0.002100 -0.015899
v -0.023908 -0.002100 -0.016135
v -0.023672 -0.002100 -0.016392
v -0.023460 -0.002100 -0.016669
v -0.023273 -0.002100 -0.016963
v -0.023111 -0.002100 -0.017273
v -0.022978 -0.002100 -0.017595
v -0.022873 -0.002100 -0.017928
v -0.022797 -0.002100 -0.018269
v -0.022752 -0.002100 -0.018615
v -0.022737 -0.002100 -0.018963
v -0.022737 -0.002100 -0.036113
v -0.022737 -0.002100 -0.025613
v -0.030587 -0.002100 -0.036113
v -0.060986 -0.002100 -0.036113
v -0.060986 -0.002100 -0.025613
v -0.045786 -0.002100 -0.025613
v -0.030587 -0.002100 -0.025613
v -0.030587 -0.002100 -0.044163
v -0.023762 -0.002100 -0.036113
v -0.023762 -0.002100 -0.025613
v -0.060986 -0.002100 -0.044163
v -0.045786 -0.002100 -0.036113
v -0.045786 -0.002100 -0.044163
# 2285 vertices, 0 vertices normals

f 1 2 3
f 3 4 1
f 4 5 1
f 1 5 6
f 5 7 6
f 6 7 8
f 7 9 8
f 8 9 10
f 9 11 10
f 10 11 12
f 11 13 12
f 12 13 14
f 13 15 14
f 14 15 16
f 15 17 16
f 16 17 18
f 17 19 18
f 18 19 20
f 19 21 20
f 20 21 22
f 21 23 22
f 22 23 24
f 23 25 24
f 24 25 26
f 25 27 26
f 26 27 28
f 27 29 28
f 28 29 30
f 29 31 30
f 30 31 32
f 31 33 32
f 32 33 34
f 33 35 34
f 34 35 36
f 35 37 36
f 36 37 38
f 38 37 39
f 37 40 39
f 41 42 43
f 41 43 44
f 43 45 44
f 44 45 46
f 45 47 46
f 46 47 48
f 47 49 48
f 48 49 50
f 49 51 50
f 50 51 52
f 51 53 52
f 52 53 54
f 53 55 54
f 54 55 56
f 55 57 56
f 56 57 58
f 57 59 58
f 58 59 60
f 59 61 60
f 60 61 62
f 61 63 62
f 62 63 64
f 63 65 64
f 64 65 66
f 65 67 66
f 66 67 68
f 67 69 68
f 68 69 70
f 69 71 70
f 70 71 72
f 71 73 72
f 72 73 74
f 73 75 74
f 74 75 76
f 75 39 76
f 76 39 40
f 77 78 79
f 79 80 77
f 80 81 77
f 77 81 82
f 81 83 82
f 82 83 84
f 83 85 84
f 84 85 86
f 85 87 86
f 86 87 88
f 87 89 88
f 88 89 90
f 89 91 90
f 90 91 92
f 91 93 92
f 92 93 94
f 93 95 94
f 94 95 96
f 95 97 96
f 96 97 98
f 97 99 98
f 98 99 100
f 99 101 100
f 100 101 102
f 101 103 102
f 102 103 104
f 103 105 104
f 104 105 106
f 105 107 106
f 106 107 108
f 107 109 108
f 108 109 110
f 109 111 110
f 110 111 112
f 111 113 112
f 112 113 114
f 114 113 115
f 113 116 115
f 115 116 117
f 115 117 118
f 117 119 118
f 118 119 120
f 119 121 120
f 120 121 122
f 121 123 122
f 122 123 124
f 123 125 124
f 124 125 126
f 125 127 126
f 126 127 128
f 127 129 128
f 128 129 130
f 129 131 130
f 130 131 132
f 131 133 132
f 132 133 134
f 133 135 134
f 134 135 136
f 135 137 136
f 136 137 138
f 137 139 138
f 138 139 140
f 139 141 140
f 140 141 142
f 141 143 142
f 142 143 144
f 143 145 144
f 144 145 146
f 145 147 146
f 146 147 148
f 147 149 148
f 148 149 150
f 149 151 150
f 150 151 152
f 153 154 155
f 154 156 155
f 155 156 157
f 158 159 155
f 159 160 155
f 155 160 153
f 161 162 155
f 162 163 155
f 155 163 158
f 164 165 155
f 165 166 155
f 155 166 161
f 167 168 155
f 168 169 155
f 155 169 164
f 170 171 155
f 171 172 155
f 155 172 167
f 173 174 155
f 174 175 155
f 155 175 170
f 176 177 155
f 177 178 155
f 155 178 173
f 179 180 155
f 180 181 155
f 155 181 176
f 182 183 155
f 183 184 155
f 155 184 179
f 185 186 155
f 186 187 155
f 155 187 182
f 188 189 155
f 189 190 155
f 155 190 185
f 191 192 155
f 192 193 155
f 155 193 188
f 194 195 155
f 195 196 155
f 155 196 191
f 197 198 155
f 198 199 155
f 155 199 194
f 200 201 155
f 201 202 155
f 155 202 197
f 203 204 155
f 204 205 155
f 155 205 200
f 206 207 155
f 207 208 155
f 155 208 203
f 209 210 155
f 210 211 155
f 155 211 206
f 212 213 155
f 213 214 155
f 155 214 209
f 215 216 155
f 216 217 155
f 155 217 212
f 218 219 155
f 219 220 155
f 155 220 215
f 221 222 155
f 222 223 155
f 155 223 218
f 157 224 155
f 224 225 155
f 155 225 221
f 226 227 228
f 227 229 228
f 228 229 230
f 229 231 230
f 230 231 232
f 231 233 232
f 232 233 234
f 233 235 234
f 234 235 236
f 235 237 236
f 236 237 238
f 237 239 238
f 238 239 240
f 239 241 240
f 240 241 242
f 241 243 242
f 242 243 244
f 243 245 244
f 244 245 246
f 245 247 246
f 246 247 248
f 247 249 248
f 248 249 250
f 249 251 250
f 250 251 252
f 251 253 252
f 252 253 254
f 253 255 254
f 254 255 256
f 255 257 256
f 256 257 258
f 257 259 258
f 258 259 260
f 259 261 260
f 260 261 262
f 261 263 262
f 262 263 264
f 263 265 264
f 264 265 266
f 265 267 266
f 266 267 268
f 267 269 268
f 268 269 270
f 269 271 270
f 270 271 272
f 271 273 272
f 272 273 274
f 273 275 274
f 274 275 276
f 275 277 276
f 276 277 278
f 277 279 278
f 278 279 280
f 279 281 280
f 280 281 282
f 281 283 282
f 282 283 284
f 283 285 284
f 284 285 286
f 285 287 286
f 286 287 288
f 287 289 288
f 288 289 290
f 289 291 290
f 290 291 292
f 291 293 292
f 292 293 294
f 293 295 294
f 294 295 296
f 295 297 296
f 296 297 298
f 297 299 298
f 298 299 300
f 299 301 300
f 300 301 302
f 301 303 302
f 302 303 304
f 303 305 304
f 304 305 306
f 305 307 306
f 306 307 308
f 307 309 308
f 308 309 310
f 309 311 310
f 310 311 312
f 311 313 312
f 312 313 314
f 313 315 314
f 314 315 316
f 315 317 316
f 316 317 318
f 317 319 318
f 318 319 320
f 319 321 320
f 320 321 322
f 321 323 322
f 322 323 324
f 323 325 324
f 324 325 326
f 325 327 326
f 326 327 328
f 327 329 328
f 328 329 330
f 329 331 330
f 330 331 332
f 331 333 332
f 332 333 334
f 333 335 334
f 334 335 336
f 335 337 336
f 336 337 338
f 337 339 338
f 338 339 340
f 339 341 340
f 340 341 342
f 341 343 342
f 342 343 344
f 343 345 344
f 344 345 346
f 345 347 346
f 346 347 348
f 347 349 348
f 348 349 350
f 349 351 350
f 350 351 352
f 351 353 352
f 352 353 354
f 353 355 354
f 354 355 356
f 355 357 356
f 356 357 358
f 357 359 358
f 358 359 360
f 359 361 360
f 360 361 362
f 361 363 362
f 362 363 364
f 363 365 364
f 364 365 366
f 365 367 366
f 366 367 368
f 367 369 368
f 368 369 226
f 369 227 226
f 366 368 370
f 368 226 370
f 370 226 228
f 360 362 370
f 362 364 370
f 370 364 366
f 354 356 370
f 356 358 370
f 370 358 360
f 348 350 370
f 350 352 370
f 370 352 354
f 342 344 370
f 344 346 370
f 370 346 348
f 336 338 370
f 338 340 370
f 370 340 342
f 330 332 370
f 332 334 370
f 370 334 336
f 324 326 370
f 326 328 370
f 370 328 330
f 318 320 370
f 320 322 370
f 370 322 324
f 312 314 370
f 314 316 370
f 370 316 318
f 306 308 370
f 308 310 370
f 370 310 312
f 300 302 370
f 302 304 370
f 370 304 306
f 294 296 370
f 296 298 370
f 370 298 300
f 288 290 370
f 290 292 370
f 370 292 294
f 282 284 370
f 284 286 370
f 370 286 288
f 276 278 370
f 278 280 370
f 370 280 282
f 270 272 370
f 272 274 370
f 370 274 276
f 264 266 370
f 266 268 370
f 370 268 270
f 258 260 370
f 260 262 370
f 370 262 264
f 252 254 370
f 254 256 370
f 370 256 258
f 246 248 370
f 248 250 370
f 370 250 252
f 240 242 370
f 242 244 370
f 370 244 246
f 234 236 370
f 236 238 370
f 370 238 240
f 228 230 370
f 230 232 370
f 370 232 234
f 371 372 373
f 372 374 373
f 373 374 375
f 374 376 375
f 375 376 377
f 376 378 377
f 377 378 379
f 378 380 379
f 379 380 381
f 380 382 381
f 381 382 383
f 382 384 383
f 383 384 385
f 384 386 385
f 385 386 387
f 386 388 387
f 387 388 389
f 388 390 389
f 389 390 391
f 390 392 391
f 391 392 393
f 392 394 393
f 393 394 395
f 394 396 395
f 395 396 397
f 396 398 397
f 397 398 399
f 398 400 399
f 399 400 401
f 400 402 401
f 401 402 403
f 402 404 403
f 403 404 405
f 404 406 405
f 405 406 407
f 406 408 407
f 407 408 409
f 408 410 409
f 409 410 411
f 410 412 411
f 411 412 413
f 412 414 413
f 413 414 415
f 414 416 415
f 415 416 417
f 416 418 417
f 417 418 419
f 418 420 419
f 419 420 421
f 420 422 421
f 421 422 423
f 422 424 423
f 423 424 425
f 424 426 425
f 425 426 427
f 426 428 427
f 427 428 429
f 428 430 429
f 429 430 431
f 430 432 431
f 431 432 433
f 432 434 433
f 433 434 435
f 434 436 435
f 435 436 437
f 436 438 437
f 437 438 439
f 438 440 439
f 439 440 441
f 440 442 441
f 441 442 443
f 442 444 443
f 443 444 445
f 444 446 445
f 445 446 447
f 446 448 447
f 447 448 449
f 448 450 449
f 449 450 451
f 450 452 451
f 451 452 453
f 452 454 453
f 453 454 455
f 454 456 455
f 455 456 457
f 456 458 457
f 457 458 459
f 458 460 459
f 459 460 461
f 460 462 461
f 461 462 463
f 462 464 463
f 463 464 465
f 464 466 465
f 465 466 467
f 466 468 467
f 467 468 469
f 468 470 469
f 469 470 471
f 470 472 471
f 471 472 473
f 472 474 473
f 473 474 475
f 474 476 475
f 475 476 477
f 476 478 477
f 477 478 479
f 478 480 479
f 479 480 481
f 480 482 481
f 481 482 483
f 482 484 483
f 483 484 485
f 484 486 485
f 485 486 487
f 486 488 487
f 487 488 489
f 488 490 489
f 489 490 491
f 490 492 491
f 491 492 493
f 492 494 493
f 493 494 495
f 494 496 495
f 495 496 497
f 496 498 497
f 497 498 499
f 498 500 499
f 499 500 501
f 500 502 501
f 501 502 503
f 502 504 503
f 503 504 505
f 504 506 505
f 505 506 507
f 506 508 507
f 507 508 509
f 508 510 509
f 509 510 511
f 510 512 511
f 511 512 513
f 512 514 513
f 513 514 371
f 514 372 371
f 511 513 515
f 513 371 515
f 515 371 373
f 505 507 515
f 507 509 515
f 515 509 511
f 499 501 515
f 501 503 515
f 515 503 505
f 493 495 515
f 495 497 515
f 515 497 499
f 487 489 515
f 489 491 515
f 515 491 493
f 481 483 515
f 483 485 515
f 515 485 487
f 475 477 515
f 477 479 515
f 515 479 481
f 469 471 515
f 471 473 515
f 515 473 475
f 463 465 515
f 465 467 515
f 515 467 469
f 457 459 515
f 459 461 515
f 515 461 463
f 451 453 515
f 453 455 515
f 515 455 457
f 445 447 515
f 447 449 515
f 515 449 451
f 439 441 515
f 441 443 515
f 515 443 445
f 433 435 515
f 435 437 515
f 515 437 439
f 427 429 515
f 429 431 515
f 515 431 433
f 421 423 515
f 423 425 515
f 515 425 427
f 415 417 515
f 417 419 515
f 515 419 421
f 409 411 515
f 411 413 515
f 515 413 415
f 403 405 515
f 405 407 515
f 515 407 409
f 397 399 515
f 399 401 515
f 515 401 403
f 391 393 515
f 393 395 515
f 515 395 397
f 385 387 515
f 387 389 515
f 515 389 391
f 379 381 515
f 381 383 515
f 515 383 385
f 373 375 515
f 375 377 515
f 515 377 379
f 516 517 518
f 517 519 518
f 518 519 520
f 519 521 520
f 520 521 522
f 521 523 522
f 522 523 524
f 523 525 524
f 524 525 526
f 525 527 526
f 526 527 528
f 527 529 528
f 528 529 530
f 529 531 530
f 530 531 532
f 531 533 532
f 532 533 534
f 533 535 534
f 534 535 536
f 535 537 536
f 536 537 538
f 537 539 538
f 538 539 540
f 539 541 540
f 540 541 542
f 541 543 542
f 542 543 544
f 543 545 544
f 544 545 546
f 545 547 546
f 546 547 548
f 547 549 548
f 548 549 550
f 549 551 550
f 550 551 552
f 551 553 552
f 552 553 554
f 553 555 554
f 554 555 556
f 555 557 556
f 556 557 558
f 557 559 558
f 558 559 560
f 559 561 560
f 560 561 562
f 561 563 562
f 562 563 564
f 563 565 564
f 564 565 566
f 565 567 566
f 566 567 568
f 567 569 568
f 568 569 570
f 569 571 570
f 570 571 572
f 571 573 572
f 572 573 574
f 573 575 574
f 574 575 576
f 575 577 576
f 576 577 578
f 577 579 578
f 578 579 580
f 579 581 580
f 580 581 582
f 581 583 582
f 582 583 584
f 583 585 584
f 584 585 586
f 585 587 586
f 586 587 588
f 587 589 588
f 588 589 590
f 589 591 590
f 590 591 592
f 591 593 592
f 592 593 594
f 593 595 594
f 594 595 596
f 595 597 596
f 596 597 598
f 597 599 598
f 598 599 600
f 599 601 600
f 600 601 602
f 601 603 602
f 602 603 604
f 603 605 604
f 604 605 606
f 605 607 606
f 606 607 608
f 607 609 608
f 608 609 610
f 609 611 610
f 610 611 612
f 611 613 612
f 612 613 614
f 613 615 614
f 614 615 616
f 615 617 616
f 616 617 618
f 617 619 618
f 618 619 620
f 619 621 620
f 620 621 622
f 621 623 622
f 622 623 624
f 623 625 624
f 624 625 626
f 625 627 626
f 626 627 628
f 627 629 628
f 628 629 630
f 629 631 630
f 630 631 632
f 631 633 632
f 632 633 634
f 633 635 634
f 634 635 636
f 635 637 636
f 636 637 638
f 637 639 638
f 638 639 640
f 639 641 640
f 640 641 642
f 641 643 642
f 642 643 644
f 643 645 644
f 644 645 646
f 645 647 646
f 646 647 648
f 647 649 648
f 648 649 650
f 649 651 650
f 650 651 652
f 651 653 652
f 652 653 654
f 653 655 654
f 654 655 656
f 655 657 656
f 656 657 658
f 657 659 658
f 658 659 516
f 659 517 516
f 656 658 660
f 658 516 660
f 660 516 518
f 650 652 660
f 652 654 660
f 660 654 656
f 644 646 660
f 646 648 660
f 660 648 650
f 638 640 660
f 640 642 660
f 660 642 644
f 632 634 660
f 634 636 660
f 660 636 638
f 626 628 660
f 628 630 660
f 660 630 632
f 620 622 660
f 622 624 660
f 660 624 626
f 614 616 660
f 616 618 660
f 660 618 620
f 608 610 660
f 610 612 660
f 660 612 614
f 602 604 660
f 604 606 660
f 660 606 608
f 596 598 660
f 598 600 660
f 660 600 602
f 590 592 660
f 592 594 660
f 660 594 596
f 584 586 660
f 586 588 660
f 660 588 590
f 578 580 660
f 580 582 660
f 660 582 584
f 572 574 660
f 574 576 660
f 660 576 578
f 566 568 660
f 568 570 660
f 660 570 572
f 560 562 660
f 562 564 660
f 660 564 566
f 554 556 660
f 556 558 660
f 660 558 560
f 548 550 660
f 550 552 660
f 660 552 554
f 542 544 660
f 544 546 660
f 660 546 548
f 536 538 660
f 538 540 660
f 660 540 542
f 530 532 660
f 532 534 660
f 660 534 536
f 524 526 660
f 526 528 660
f 660 528 530
f 518 520 660
f 520 522 660
f 660 522 524
f 661 662 663
f 662 664 663
f 663 664 665
f 666 667 663
f 667 668 663
f 663 668 661
f 669 670 663
f 670 671 663
f 663 671 666
f 672 673 663
f 673 674 663
f 663 674 669
f 675 676 663
f 676 677 663
f 663 677 672
f 678 679 663
f 679 680 663
f 663 680 675
f 681 682 663
f 682 683 663
f 663 683 678
f 684 685 663
f 685 686 663
f 663 686 681
f 687 688 663
f 688 689 663
f 663 689 684
f 690 691 663
f 691 692 663
f 663 692 687
f 693 694 663
f 694 695 663
f 663 695 690
f 696 697 663
f 697 698 663
f 663 698 693
f 699 700 663
f 700 701 663
f 663 701 696
f 702 703 663
f 703 704 663
f 663 704 699
f 705 706 663
f 706 707 663
f 663 707 702
f 708 709 663
f 709 710 663
f 663 710 705
f 711 712 663
f 712 713 663
f 663 713 708
f 714 715 663
f 715 716 663
f 663 716 711
f 717 718 663
f 718 719 663
f 663 719 714
f 720 721 663
f 721 722 663
f 663 722 717
f 723 724 663
f 724 725 663
f 663 725 720
f 726 727 663
f 727 728 663
f 663 728 723
f 729 730 663
f 730 731 663
f 663 731 726
f 665 732 663
f 732 733 663
f 663 733 729
f 734 735 736
f 735 737 736
f 736 737 738
f 737 739 738
f 738 739 740
f 739 741 740
f 740 741 742
f 741 743 742
f 742 743 744
f 743 745 744
f 744 745 746
f 745 747 746
f 746 747 748
f 747 749 748
f 748 749 750
f 749 751 750
f 750 751 752
f 751 753 752
f 752 753 754
f 753 755 754
f 754 755 756
f 755 757 756
f 756 757 758
f 757 759 758
f 758 759 760
f 759 761 760
f 760 761 762
f 761 763 762
f 762 763 764
f 763 765 764
f 764 765 766
f 765 767 766
f 766 767 768
f 767 769 768
f 768 769 770
f 769 771 770
f 770 771 772
f 771 773 772
f 772 773 774
f 773 775 774
f 774 775 776
f 775 777 776
f 776 777 778
f 777 779 778
f 778 779 780
f 779 781 780
f 780 781 782
f 781 783 782
f 782 783 784
f 783 785 784
f 784 785 786
f 785 787 786
f 786 787 788
f 787 789 788
f 788 789 790
f 789 791 790
f 790 791 792
f 791 793 792
f 792 793 794
f 793 795 794
f 794 795 796
f 795 797 796
f 796 797 798
f 797 799 798
f 798 799 800
f 799 801 800
f 800 801 802
f 801 803 802
f 802 803 804
f 803 805 804
f 804 805 806
f 805 807 806
f 806 807 808
f 807 809 808
f 808 809 810
f 809 811 810
f 810 811 812
f 811 813 812
f 812 813 814
f 813 815 814
f 814 815 816
f 815 817 816
f 816 817 818
f 817 819 818
f 818 819 820
f 819 821 820
f 820 821 822
f 821 823 822
f 822 823 824
f 823 825 824
f 824 825 826
f 825 827 826
f 826 827 828
f 827 829 828
f 828 829 830
f 829 831 830
f 830 831 832
f 831 833 832
f 832 833 834
f 833 835 834
f 834 835 836
f 835 837 836
f 836 837 838
f 837 839 838
f 838 839 840
f 839 841 840
f 840 841 842
f 841 843 842
f 842 843 844
f 843 845 844
f 844 845 846
f 845 847 846
f 846 847 848
f 847 849 848
f 848 849 850
f 849 851 850
f 850 851 852
f 851 853 852
f 852 853 854
f 853 855 854
f 854 855 856
f 855 857 856
f 856 857 858
f 857 859 858
f 858 859 860
f 859 861 860
f 860 861 862
f 861 863 862
f 862 863 864
f 863 865 864
f 864 865 866
f 865 867 866
f 866 867 868
f 867 869 868
f 868 869 870
f 869 871 870
f 870 871 872
f 871 873 872
f 872 873 874
f 873 875 874
f 874 875 876
f 875 877 876
f 876 877 734
f 877 735 734
f 664 878 665
f 878 879 665
f 665 879 732
f 879 880 732
f 732 880 733
f 880 881 733
f 733 881 729
f 881 882 729
f 729 882 730
f 882 883 730
f 730 883 731
f 883 884 731
f 731 884 726
f 884 885 726
f 726 885 727
f 885 886 727
f 727 886 728
f 886 887 728
f 728 887 723
f 887 888 723
f 723 888 724
f 888 889 724
f 724 889 725
f 889 890 725
f 725 890 720
f 890 891 720
f 720 891 721
f 891 892 721
f 721 892 722
f 892 893 722
f 722 893 717
f 893 894 717
f 717 894 718
f 894 895 718
f 718 895 719
f 895 896 719
f 719 896 714
f 896 897 714
f 714 897 715
f 897 898 715
f 715 898 716
f 898 899 716
f 716 899 711
f 899 900 711
f 711 900 712
f 900 901 712
f 712 901 713
f 901 902 713
f 713 902 708
f 902 903 708
f 708 903 709
f 903 904 709
f 709 904 710
f 904 905 710
f 710 905 705
f 905 906 705
f 705 906 706
f 906 907 706
f 706 907 707
f 907 908 707
f 707 908 702
f 908 909 702
f 702 909 703
f 909 910 703
f 703 910 704
f 910 911 704
f 704 911 699
f 911 912 699
f 699 912 700
f 912 913 700
f 700 913 701
f 913 914 701
f 701 914 696
f 914 915 696
f 696 915 697
f 915 916 697
f 697 916 698
f 916 917 698
f 698 917 693
f 917 918 693
f 693 918 694
f 918 919 694
f 694 919 695
f 919 920 695
f 695 920 690
f 920 921 690
f 690 921 691
f 921 922 691
f 691 922 692
f 922 923 692
f 692 923 687
f 923 924 687
f 687 924 688
f 924 925 688
f 688 925 689
f 925 926 689
f 689 926 684
f 926 927 684
f 684 927 685
f 927 928 685
f 685 928 686
f 928 929 686
f 686 929 681
f 929 930 681
f 681 930 682
f 930 931 682
f 682 931 683
f 931 932 683
f 683 932 678
f 932 933 678
f 678 933 679
f 933 934 679
f 679 934 680
f 934 935 680
f 680 935 675
f 935 936 675
f 675 936 676
f 936 937 676
f 676 937 677
f 937 938 677
f 677 938 672
f 938 939 672
f 672 939 673
f 939 940 673
f 673 940 674
f 940 941 674
f 674 941 669
f 941 942 669
f 669 942 670
f 942 943 670
f 670 943 671
f 943 944 671
f 671 944 666
f 944 945 666
f 666 945 667
f 945 946 667
f 667 946 668
f 946 947 668
f 668 947 661
f 947 948 661
f 661 948 662
f 948 949 662
f 662 949 664
f 949 878 664
f 950 951 952
f 951 953 952
f 952 953 954
f 953 955 954
f 954 955 956
f 955 957 956
f 956 957 958
f 957 959 958
f 958 959 960
f 959 961 960
f 960 961 962
f 961 963 962
f 962 963 964
f 963 965 964
f 964 965 966
f 965 967 966
f 966 967 968
f 967 969 968
f 968 969 970
f 969 971 970
f 970 971 972
f 971 973 972
f 972 973 974
f 973 975 974
f 974 975 976
f 975 977 976
f 976 977 978
f 977 979 978
f 978 979 980
f 979 981 980
f 980 981 982
f 981 983 982
f 982 983 984
f 983 985 984
f 984 985 986
f 985 987 986
f 986 987 988
f 987 989 988
f 988 989 990
f 989 991 990
f 990 991 992
f 991 993 992
f 992 993 994
f 993 995 994
f 994 995 996
f 995 997 996
f 996 997 998
f 997 999 998
f 998 999 1000
f 999 1001 1000
f 1000 1001 1002
f 1001 1003 1002
f 1002 1003 1004
f 1003 1005 1004
f 1004 1005 1006
f 1005 1007 1006
f 1006 1007 1008
f 1007 1009 1008
f 1008 1009 1010
f 1009 1011 1010
f 1010 1011 1012
f 1011 1013 1012
f 1012 1013 1014
f 1013 1015 1014
f 1014 1015 1016
f 1015 1017 1016
f 1016 1017 1018
f 1017 1019 1018
f 1018 1019 1020
f 1019 1021 1020
f 1020 1021 1022
f 1021 1023 1022
f 1022 1023 1024
f 1023 1025 1024
f 1024 1025 1026
f 1025 1027 1026
f 1026 1027 1028
f 1027 1029 1028
f 1028 1029 1030
f 1029 1031 1030
f 1030 1031 1032
f 1031 1033 1032
f 1032 1033 1034
f 1033 1035 1034
f 1034 1035 1036
f 1035 1037 1036
f 1036 1037 1038
f 1037 1039 1038
f 1038 1039 1040
f 1039 1041 1040
f 1040 1041 1042
f 1041 1043 1042
f 1042 1043 1044
f 1043 1045 1044
f 1044 1045 1046
f 1045 1047 1046
f 1046 1047 1048
f 1047 1049 1048
f 1048 1049 1050
f 1049 1051 1050
f 1050 1051 1052
f 1051 1053 1052
f 1052 1053 1054
f 1053 1055 1054
f 1054 1055 1056
f 1055 1057 1056
f 1056 1057 1058
f 1057 1059 1058
f 1058 1059 1060
f 1059 1061 1060
f 1060 1061 1062
f 1061 1063 1062
f 1062 1063 1064
f 1063 1065 1064
f 1064 1065 1066
f 1065 1067 1066
f 1066 1067 1068
f 1067 1069 1068
f 1068 1069 1070
f 1069 1071 1070
f 1070 1071 1072
f 1071 1073 1072
f 1072 1073 1074
f 1073 1075 1074
f 1074 1075 1076
f 1075 1077 1076
f 1076 1077 1078
f 1077 1079 1078
f 1078 1079 1080
f 1079 1081 1080
f 1080 1081 1082
f 1081 1083 1082
f 1082 1083 1084
f 1083 1085 1084
f 1084 1085 1086
f 1085 1087 1086
f 1086 1087 1088
f 1087 1089 1088
f 1088 1089 1090
f 1089 1091 1090
f 1090 1091 1092
f 1091 1093 1092
f 1092 1093 950
f 1093 951 950
f 1094 1095 1096
f 1095 1097 1096
f 1096 1097 1098
f 1097 1099 1098
f 1098 1099 1100
f 1099 1101 1100
f 1100 1101 1102
f 1101 1103 1102
f 1102 1103 1104
f 1103 1105 1104
f 1104 1105 1106
f 1105 1107 1106
f 1106 1107 1108
f 1107 1109 1108
f 1108 1109 1110
f 1109 1111 1110
f 1110 1111 1112
f 1111 1113 1112
f 1112 1113 1114
f 1113 1115 1114
f 1114 1115 1116
f 1115 1117 1116
f 1116 1117 1118
f 1117 1119 1118
f 1118 1119 1120
f 1119 1121 1120
f 1120 1121 1122
f 1121 1123 1122
f 1122 1123 1124
f 1123 1125 1124
f 1124 1125 1126
f 1125 1127 1126
f 1126 1127 1128
f 1127 1129 1128
f 1128 1129 1130
f 1129 1131 1130
f 1130 1131 1132
f 1131 1133 1132
f 1132 1133 1134
f 1133 1135 1134
f 1134 1135 1136
f 1135 1137 1136
f 1136 1137 1138
f 1137 1139 1138
f 1138 1139 1140
f 1139 1141 1140
f 1140 1141 1142
f 1141 1143 1142
f 1142 1143 1144
f 1143 1145 1144
f 1144 1145 1146
f 1145 1147 1146
f 1146 1147 1148
f 1147 1149 1148
f 1148 1149 1150
f 1149 1151 1150
f 1150 1151 1152
f 1151 1153 1152
f 1152 1153 1154
f 1153 1155 1154
f 1154 1155 1156
f 1155 1157 1156
f 1156 1157 1158
f 1157 1159 1158
f 1158 1159 1160
f 1159 1161 1160
f 1160 1161 1162
f 1161 1163 1162
f 1162 1163 1164
f 1163 1165 1164
f 1164 1165 1166
f 1165 1167 1166
f 1166 1167 1168
f 1167 1169 1168
f 1168 1169 1170
f 1169 1171 1170
f 1170 1171 1172
f 1171 1173 1172
f 1172 1173 1174
f 1173 1175 1174
f 1174 1175 1176
f 1175 1177 1176
f 1176 1177 1178
f 1177 1179 1178
f 1178 1179 1180
f 1179 1181 1180
f 1180 1181 1182
f 1181 1183 1182
f 1182 1183 1184
f 1183 1185 1184
f 1184 1185 1186
f 1185 1187 1186
f 1186 1187 1188
f 1187 1189 1188
f 1188 1189 1190
f 1189 1191 1190
f 1190 1191 1192
f 1191 1193 1192
f 1192 1193 1194
f 1193 1195 1194
f 1194 1195 1196
f 1195 1197 1196
f 1196 1197 1198
f 1197 1199 1198
f 1198 1199 1200
f 1199 1201 1200
f 1200 1201 1202
f 1201 1203 1202
f 1202 1203 1204
f 1203 1205 1204
f 1204 1205 1206
f 1205 1207 1206
f 1206 1207 1208
f 1207 1209 1208
f 1208 1209 1210
f 1209 1211 1210
f 1210 1211 1212
f 1211 1213 1212
f 1212 1213 1214
f 1213 1215 1214
f 1214 1215 1216
f 1215 1217 1216
f 1216 1217 1218
f 1217 1219 1218
f 1218 1219 1220
f 1219 1221 1220
f 1220 1221 1222
f 1221 1223 1222
f 1222 1223 1224
f 1223 1225 1224
f 1224 1225 1226
f 1225 1227 1226
f 1226 1227 1228
f 1227 1229 1228
f 1228 1229 1230
f 1229 1231 1230
f 1230 1231 1232
f 1231 1233 1232
f 1232 1233 1234
f 1233 1235 1234
f 1234 1235 1236
f 1235 1237 1236
f 1236 1237 1094
f 1237 1095 1094
f 1234 1236 1238
f 1236 1094 1238
f 1238 1094 1096
f 1228 1230 1238
f 1230 1232 1238
f 1238 1232 1234
f 1222 1224 1238
f 1224 1226 1238
f 1238 1226 1228
f 1216 1218 1238
f 1218 1220 1238
f 1238 1220 1222
f 1210 1212 1238
f 1212 1214 1238
f 1238 1214 1216
f 1204 1206 1238
f 1206 1208 1238
f 1238 1208 1210
f 1198 1200 1238
f 1200 1202 1238
f 1238 1202 1204
f 1192 1194 1238
f 1194 1196 1238
f 1238 1196 1198
f 1186 1188 1238
f 1188 1190 1238
f 1238 1190 1192
f 1180 1182 1238
f 1182 1184 1238
f 1238 1184 1186
f 1174 1176 1238
f 1176 1178 1238
f 1238 1178 1180
f 1168 1170 1238
f 1170 1172 1238
f 1238 1172 1174
f 1162 1164 1238
f 1164 1166 1238
f 1238 1166 1168
f 1156 1158 1238
f 1158 1160 1238
f 1238 1160 1162
f 1150 1152 1238
f 1152 1154 1238
f 1238 1154 1156
f 1144 1146 1238
f 1146 1148 1238
f 1238 1148 1150
f 1138 1140 1238
f 1140 1142 1238
f 1238 1142 1144
f 1132 1134 1238
f 1134 1136 1238
f 1238 1136 1138
f 1126 1128 1238
f 1128 1130 1238
f 1238 1130 1132
f 1120 1122 1238
f 1122 1124 1238
f 1238 1124 1126
f 1114 1116 1238
f 1116 1118 1238
f 1238 1118 1120
f 1108 1110 1238
f 1110 1112 1238
f 1238 1112 1114
f 1102 1104 1238
f 1104 1106 1238
f 1238 1106 1108
f 1096 1098 1238
f 1098 1100 1238
f 1238 1100 1102
f 874 876 1239
f 876 734 1239
f 1239 734 736
f 868 870 1239
f 870 872 1239
f 1239 872 874
f 862 864 1239
f 864 866 1239
f 1239 866 868
f 856 858 1239
f 858 860 1239
f 1239 860 862
f 850 852 1239
f 852 854 1239
f 1239 854 856
f 844 846 1239
f 846 848 1239
f 1239 848 850
f 838 840 1239
f 840 842 1239
f 1239 842 844
f 832 834 1239
f 834 836 1239
f 1239 836 838
f 826 828 1239
f 828 830 1239
f 1239 830 832
f 820 822 1239
f 822 824 1239
f 1239 824 826
f 814 816 1239
f 816 818 1239
f 1239 818 820
f 808 810 1239
f 810 812 1239
f 1239 812 814
f 802 804 1239
f 804 806 1239
f 1239 806 808
f 796 798 1239
f 798 800 1239
f 1239 800 802
f 790 792 1239
f 792 794 1239
f 1239 794 796
f 784 786 1239
f 786 788 1239
f 1239 788 790
f 778 780 1239
f 780 782 1239
f 1239 782 784
f 772 774 1239
f 774 776 1239
f 1239 776 778
f 766 768 1239
f 768 770 1239
f 1239 770 772
f 760 762 1239
f 762 764 1239
f 1239 764 766
f 754 756 1239
f 756 758 1239
f 1239 758 760
f 748 750 1239
f 750 752 1239
f 1239 752 754
f 742 744 1239
f 744 746 1239
f 1239 746 748
f 736 738 1239
f 738 740 1239
f 1239 740 742
f 1240 1241 1242
f 1241 1243 1242
f 1242 1243 1244
f 1243 1245 1244
f 1244 1245 1246
f 1245 1247 1246
f 1246 1247 1248
f 1247 1249 1248
f 1248 1249 1250
f 1249 1251 1250
f 1250 1251 1252
f 1251 1253 1252
f 1252 1253 1254
f 1253 1255 1254
f 1254 1255 1256
f 1255 1257 1256
f 1256 1257 1258
f 1257 1259 1258
f 1258 1259 1260
f 1259 1261 1260
f 1260 1261 1262
f 1261 1263 1262
f 1262 1263 1264
f 1263 1265 1264
f 1264 1265 1266
f 1265 1267 1266
f 1266 1267 1268
f 1267 1269 1268
f 1268 1269 1270
f 1269 1271 1270
f 1270 1271 1272
f 1271 1273 1272
f 1272 1273 1274
f 1273 1275 1274
f 1274 1275 1276
f 1275 1277 1276
f 1276 1277 1278
f 1277 1279 1278
f 1278 1279 1280
f 1279 1281 1280
f 1280 1281 1282
f 1281 1283 1282
f 1282 1283 1284
f 1283 1285 1284
f 1284 1285 1286
f 1285 1287 1286
f 1286 1287 1288
f 1287 1289 1288
f 1288 1289 1290
f 1289 1291 1290
f 1290 1291 1292
f 1291 1293 1292
f 1292 1293 1294
f 1293 1295 1294
f 1294 1295 1296
f 1295 1297 1296
f 1296 1297 1298
f 1297 1299 1298
f 1298 1299 1300
f 1299 1301 1300
f 1300 1301 1302
f 1301 1303 1302
f 1302 1303 1304
f 1303 1305 1304
f 1304 1305 1306
f 1305 1307 1306
f 1306 1307 1308
f 1307 1309 1308
f 1308 1309 1310
f 1309 1311 1310
f 1310 1311 1312
f 1311 1313 1312
f 1312 1313 1314
f 1313 1315 1314
f 1314 1315 1316
f 1315 1317 1316
f 1316 1317 1318
f 1317 1319 1318
f 1318 1319 1320
f 1319 1321 1320
f 1320 1321 1322
f 1321 1323 1322
f 1322 1323 1324
f 1323 1325 1324
f 1324 1325 1326
f 1325 1327 1326
f 1326 1327 1328
f 1327 1329 1328
f 1328 1329 1330
f 1329 1331 1330
f 1330 1331 1332
f 1331 1333 1332
f 1332 1333 1334
f 1333 1335 1334
f 1334 1335 1336
f 1335 1337 1336
f 1336 1337 1338
f 1337 1339 1338
f 1338 1339 1340
f 1339 1341 1340
f 1340 1341 1342
f 1341 1343 1342
f 1342 1343 1344
f 1343 1345 1344
f 1344 1345 1346
f 1345 1347 1346
f 1346 1347 1348
f 1347 1349 1348
f 1348 1349 1350
f 1349 1351 1350
f 1350 1351 1352
f 1351 1353 1352
f 1352 1353 1354
f 1353 1355 1354
f 1354 1355 1356
f 1355 1357 1356
f 1356 1357 1358
f 1357 1359 1358
f 1358 1359 1360
f 1359 1361 1360
f 1360 1361 1362
f 1361 1363 1362
f 1362 1363 1364
f 1363 1365 1364
f 1364 1365 1366
f 1365 1367 1366
f 1366 1367 1368
f 1367 1369 1368
f 1368 1369 1370
f 1369 1371 1370
f 1370 1371 1372
f 1371 1373 1372
f 1372 1373 1374
f 1373 1375 1374
f 1374 1375 1376
f 1375 1377 1376
f 1376 1377 1378
f 1377 1379 1378
f 1378 1379 1380
f 1379 1381 1380
f 1380 1381 1382
f 1381 1383 1382
f 1382 1383 1240
f 1383 1241 1240
f 1384 1385 1386
f 1385 1387 1386
f 1386 1387 1388
f 1387 1389 1388
f 1388 1389 1390
f 1389 1391 1390
f 1390 1391 1392
f 1391 1393 1392
f 1392 1393 1394
f 1393 1395 1394
f 1394 1395 1396
f 1395 1397 1396
f 1396 1397 1398
f 1397 1399 1398
f 1398 1399 1400
f 1399 1401 1400
f 1400 1401 1402
f 1401 1403 1402
f 1402 1403 1404
f 1403 1405 1404
f 1404 1405 1406
f 1405 1407 1406
f 1406 1407 1408
f 1407 1409 1408
f 1408 1409 1410
f 1409 1411 1410
f 1410 1411 1412
f 1411 1413 1412
f 1412 1413 1414
f 1413 1415 1414
f 1414 1415 1416
f 1415 1417 1416
f 1416 1417 1418
f 1417 1419 1418
f 1418 1419 1420
f 1419 1421 1420
f 1420 1421 1422
f 1421 1423 1422
f 1422 1423 1424
f 1423 1425 1424
f 1424 1425 1426
f 1425 1427 1426
f 1426 1427 1428
f 1427 1429 1428
f 1428 1429 1430
f 1429 1431 1430
f 1430 1431 1432
f 1431 1433 1432
f 1432 1433 1434
f 1433 1435 1434
f 1434 1435 1436
f 1435 1437 1436
f 1436 1437 1438
f 1437 1439 1438
f 1438 1439 1440
f 1439 1441 1440
f 1440 1441 1442
f 1441 1443 1442
f 1442 1443 1444
f 1443 1445 1444
f 1444 1445 1446
f 1445 1447 1446
f 1446 1447 1448
f 1447 1449 1448
f 1448 1449 1450
f 1449 1451 1450
f 1450 1451 1452
f 1451 1453 1452
f 1452 1453 1454
f 1453 1455 1454
f 1454 1455 1456
f 1455 1457 1456
f 1456 1457 1458
f 1457 1459 1458
f 1458 1459 1460
f 1459 1461 1460
f 1460 1461 1462
f 1461 1463 1462
f 1462 1463 1464
f 1463 1465 1464
f 1464 1465 1466
f 1465 1467 1466
f 1466 1467 1468
f 1467 1469 1468
f 1468 1469 1470
f 1469 1471 1470
f 1470 1471 1472
f 1471 1473 1472
f 1472 1473 1474
f 1473 1475 1474
f 1474 1475 1476
f 1475 1477 1476
f 1476 1477 1478
f 1477 1479 1478
f 1478 1479 1480
f 1479 1481 1480
f 1480 1481 1482
f 1481 1483 1482
f 1482 1483 1484
f 1483 1485 1484
f 1484 1485 1486
f 1485 1487 1486
f 1486 1487 1488
f 1487 1489 1488
f 1488 1489 1490
f 1489 1491 1490
f 1490 1491 1492
f 1491 1493 1492
f 1492 1493 1494
f 1493 1495 1494
f 1494 1495 1496
f 1495 1497 1496
f 1496 1497 1498
f 1497 1499 1498
f 1498 1499 1500
f 1499 1501 1500
f 1500 1501 1502
f 1501 1503 1502
f 1502 1503 1504
f 1503 1505 1504
f 1504 1505 1506
f 1505 1507 1506
f 1506 1507 1508
f 1507 1509 1508
f 1508 1509 1510
f 1509 1511 1510
f 1510 1511 1512
f 1511 1513 1512
f 1512 1513 1514
f 1513 1515 1514
f 1514 1515 1516
f 1515 1517 1516
f 1516 1517 1518
f 1517 1519 1518
f 1518 1519 1520
f 1519 1521 1520
f 1520 1521 1522
f 1521 1523 1522
f 1522 1523 1524
f 1523 1525 1524
f 1524 1525 1526
f 1525 1527 1526
f 1526 1527 1384
f 1527 1385 1384
f 1528 1529 1530
f 1133 1131 1531
f 1203 1201 1532
f 1201 1199 1532
f 1191 1189 1533
f 1189 1187 1533
f 1141 1139 1534
f 1139 1137 1534
f 1534 1137 1531
f 1137 1135 1531
f 1531 1135 1133
f 1199 1197 1532
f 1197 1195 1532
f 1532 1195 1533
f 1195 1193 1533
f 1533 1193 1191
f 1187 1185 1533
f 1185 1183 1533
f 1533 1183 1181
f 1159 1157 1535
f 1159 1535 1161
f 1151 1149 1535
f 1181 1179 1533
f 1179 1177 1533
f 1533 1177 1175
f 1175 1173 1533
f 1173 1171 1533
f 1533 1171 1169
f 1149 1147 1535
f 1147 1145 1535
f 1535 1145 1534
f 1145 1143 1534
f 1534 1143 1141
f 1169 1167 1533
f 1167 1165 1533
f 1533 1165 1535
f 1165 1163 1535
f 1535 1163 1161
f 1157 1155 1535
f 1155 1153 1535
f 1535 1153 1151
f 1536 1537 1538
f 1131 1129 1531
f 1129 1127 1531
f 1531 1127 1125
f 1125 1123 1531
f 1123 1121 1531
f 1531 1121 1539
f 1121 1119 1539
f 1119 1117 1539
f 1539 1117 1115
f 1095 1237 1540
f 1237 1235 1540
f 1540 1235 1233
f 1213 1211 1532
f 1211 1209 1532
f 1115 1113 1539
f 1113 1111 1539
f 1539 1111 1109
f 1109 1107 1539
f 1107 1105 1539
f 1539 1105 1103
f 1233 1231 1540
f 1231 1229 1540
f 1540 1229 1227
f 1209 1207 1532
f 1207 1205 1532
f 1532 1205 1203
f 1227 1225 1540
f 1225 1223 1540
f 1540 1223 1221
f 1221 1219 1540
f 1219 1217 1540
f 1540 1217 1532
f 1217 1215 1532
f 1532 1215 1213
f 1103 1101 1539
f 1101 1099 1539
f 1539 1099 1540
f 1099 1097 1540
f 1540 1097 1095
f 1532 1277 1275
f 1275 1273 1532
f 1273 1271 1532
f 1532 1271 1269
f 1261 1259 1540
f 1383 1541 1241
f 1541 1540 1241
f 1383 1381 1541
f 1381 1379 1541
f 1541 1379 1377
f 1269 1267 1532
f 1267 1265 1532
f 1532 1265 1540
f 1265 1263 1540
f 1540 1263 1261
f 1357 1542 1359
f 1542 1361 1359
f 1377 1375 1541
f 1375 1373 1541
f 1541 1373 1371
f 1361 1542 1363
f 1542 1541 1363
f 1363 1541 1365
f 1259 1257 1540
f 1257 1255 1540
f 1540 1255 1253
f 1253 1251 1540
f 1251 1249 1540
f 1540 1249 1247
f 1371 1369 1541
f 1369 1367 1541
f 1541 1367 1365
f 1357 1355 1542
f 1355 1353 1542
f 1542 1353 1351
f 1247 1245 1540
f 1245 1243 1540
f 1540 1243 1241
f 1351 1349 1542
f 1349 1347 1542
f 1542 1347 1345
f 1283 1281 1532
f 1281 1279 1532
f 1532 1279 1277
f 1321 1319 1543
f 1543 1313 1533
f 1313 1311 1533
f 1533 1311 1309
f 1309 1307 1533
f 1307 1305 1533
f 1533 1305 1303
f 1303 1301 1533
f 1301 1299 1533
f 1533 1299 1297
f 1297 1295 1533
f 1295 1293 1533
f 1533 1293 1291
f 1291 1289 1533
f 1289 1287 1533
f 1533 1287 1532
f 1287 1285 1532
f 1532 1285 1283
f 1319 1317 1543
f 1317 1315 1543
f 1543 1315 1313
f 1337 1335 1543
f 1335 1333 1543
f 1333 1331 1543
f 1331 1329 1543
f 1543 1329 1327
f 1345 1343 1542
f 1343 1341 1542
f 1542 1341 1543
f 1341 1339 1543
f 1543 1339 1337
f 1327 1325 1543
f 1325 1323 1543
f 1543 1323 1321
f 1544 1545 1546
f 1547 1548 1545
f 1548 1549 1545
f 1545 1549 1546
f 1546 1550 1544
f 1550 1551 1544
f 1544 1551 1552
f 1552 1553 1544
f 1553 1554 1544
f 1544 1554 1555
f 1556 1557 1542
f 1557 1558 1542
f 1542 1558 1559
f 1559 1560 1542
f 1560 1561 1542
f 1542 1561 1541
f 1561 1562 1541
f 1562 1563 1541
f 1563 1564 1541
f 1541 1564 1565
f 1565 1566 1541
f 1566 1567 1541
f 1541 1567 1568
f 1569 1570 1545
f 1570 1571 1545
f 1545 1571 1572
f 1568 1573 1541
f 1573 1574 1541
f 1541 1574 1575
f 1575 1576 1541
f 1576 1577 1541
f 1541 1577 1545
f 1577 1578 1545
f 1545 1578 1569
f 1572 1579 1545
f 1579 1580 1545
f 1545 1580 1547
f 1581 1582 1542
f 1582 1583 1542
f 1583 1584 1542
f 1542 1584 1556
f 1585 1586 1543
f 1555 1587 1544
f 1587 1588 1544
f 1544 1588 1589
f 1590 1591 1592
f 1591 1593 1592
f 1592 1593 1594
f 1594 1595 1592
f 1595 1596 1592
f 1592 1596 1597
f 1598 1599 1543
f 1599 1600 1543
f 1600 1601 1543
f 1543 1601 1585
f 1586 1602 1543
f 1602 1603 1543
f 1543 1603 1542
f 1603 1604 1542
f 1542 1604 1581
f 1589 1605 1544
f 1605 1606 1544
f 1544 1606 1592
f 1606 1607 1592
f 1592 1607 1590
f 1597 1608 1592
f 1608 1609 1592
f 1592 1609 1610
f 1611 1543 1612
f 1543 1613 1612
f 1611 1614 1543
f 1614 1615 1543
f 1543 1615 1598
f 1610 1616 1592
f 1616 1617 1592
f 1592 1617 1543
f 1617 1618 1543
f 1543 1618 1613
f 1592 1528 1544
f 1528 1530 1544
f 1544 1530 1545
f 1530 1619 1545
f 1545 1619 1538
f 1619 1620 1538
f 1538 1620 1536
f 918 917 1545
f 1538 1621 878
f 878 949 1538
f 949 948 1538
f 1538 948 947
f 928 927 1545
f 884 883 1621
f 883 882 1621
f 1621 882 881
f 947 946 1538
f 946 945 1538
f 1538 945 944
f 944 943 1538
f 943 942 1538
f 1538 942 941
f 927 926 1545
f 926 925 1545
f 1545 925 924
f 924 923 1545
f 923 922 1545
f 1545 922 921
f 921 920 1545
f 920 919 1545
f 1545 919 918
f 911 1541 912
f 1541 913 912
f 911 910 1541
f 910 909 1541
f 1541 909 908
f 881 880 1621
f 880 879 1621
f 1621 879 878
f 941 940 1538
f 940 939 1538
f 1538 939 938
f 938 937 1538
f 937 936 1538
f 1538 936 935
f 908 907 1541
f 907 906 1541
f 1541 906 905
f 905 904 1541
f 904 903 1541
f 1541 903 902
f 902 901 1541
f 901 900 1541
f 1541 900 1621
f 900 899 1621
f 935 934 1538
f 934 933 1538
f 1538 933 932
f 917 916 1545
f 916 915 1545
f 1545 915 1541
f 915 914 1541
f 1541 914 913
f 899 898 1621
f 898 897 1621
f 1621 897 896
f 896 895 1621
f 895 894 1621
f 1621 894 893
f 893 892 1621
f 892 891 1621
f 1621 891 890
f 890 889 1621
f 889 888 1621
f 1621 888 887
f 887 886 1621
f 886 885 1621
f 1621 885 884
f 932 931 1538
f 931 930 1538
f 1538 930 1545
f 930 929 1545
f 1545 929 928
f 1622 1623 1541
f 1621 1624 1625
f 1626 1627 1541
f 1625 1628 1621
f 1628 1629 1621
f 1621 1629 1630
f 1626 1541 1631
f 1632 1633 1540
f 1634 1635 1624
f 1627 1636 1541
f 1636 1637 1541
f 1541 1637 1638
f 1639 1640 1624
f 1630 1641 1621
f 1641 1642 1621
f 1621 1642 1643
f 1643 1644 1621
f 1644 1645 1621
f 1621 1645 1646
f 1638 1647 1541
f 1647 1648 1541
f 1541 1648 1622
f 1633 1649 1540
f 1649 1650 1540
f 1540 1650 1651
f 1635 1652 1624
f 1652 1653 1624
f 1624 1653 1625
f 1654 1655 1621
f 1655 1656 1621
f 1621 1656 1657
f 1623 1658 1541
f 1658 1659 1541
f 1541 1659 1660
f 1651 1661 1540
f 1661 1662 1540
f 1540 1662 1663
f 1646 1664 1621
f 1664 1665 1621
f 1621 1665 1666
f 1657 1667 1621
f 1667 1668 1621
f 1621 1668 1541
f 1668 1669 1541
f 1541 1669 1631
f 1660 1670 1541
f 1670 1671 1541
f 1541 1671 1540
f 1671 1672 1540
f 1540 1672 1632
f 1663 1673 1540
f 1673 1674 1540
f 1540 1674 1675
f 1675 1676 1540
f 1676 1677 1540
f 1540 1677 1678
f 1679 1680 1624
f 1680 1681 1624
f 1624 1681 1634
f 1666 1682 1621
f 1682 1683 1621
f 1621 1683 1654
f 1639 1624 1678
f 1640 1684 1624
f 1684 1685 1624
f 1624 1685 1686
f 1686 1687 1624
f 1687 1688 1624
f 1624 1688 1689
f 1689 1690 1624
f 1690 1691 1624
f 1624 1691 1692
f 1692 1693 1624
f 1693 1694 1624
f 1624 1694 1679
f 1695 1696 1697
f 1696 1624 1697
f 1697 1624 1698
f 1624 1621 1698
f 1698 1621 1699
f 1621 1538 1699
f 1699 1538 1700
f 1538 1537 1700
f 1701 1624 1702
f 1624 1703 1702
f 1704 1705 1540
f 1704 1540 1706
f 1705 1707 1540
f 1707 1708 1540
f 1540 1708 1709
f 1710 1711 1696
f 1711 1712 1696
f 1696 1712 1713
f 1701 1714 1624
f 1714 1715 1624
f 1624 1715 1716
f 1716 1717 1624
f 1717 1718 1624
f 1624 1718 1719
f 1720 1721 1540
f 1721 1722 1540
f 1540 1722 1706
f 1713 1723 1696
f 1723 1724 1696
f 1696 1724 1624
f 1724 1725 1624
f 1624 1725 1703
f 1726 1727 1624
f 1727 1728 1624
f 1678 1624 1540
f 1624 1729 1540
f 1540 1729 1730
f 1730 1731 1540
f 1731 1732 1540
f 1540 1732 1720
f 1709 1733 1540
f 1733 1734 1540
f 1540 1734 1735
f 1735 1736 1540
f 1736 1737 1540
f 1540 1737 1539
f 1737 1738 1539
f 1539 1738 1739
f 1728 1740 1624
f 1740 1741 1624
f 1624 1741 1729
f 1739 1742 1539
f 1742 1743 1539
f 1539 1743 1744
f 1719 1745 1624
f 1745 1746 1624
f 1624 1746 1747
f 1747 1748 1624
f 1748 1749 1624
f 1624 1749 1726
f 1744 1750 1539
f 1750 1751 1539
f 1539 1751 1752
f 1753 1754 1696
f 1754 1755 1696
f 1755 1756 1696
f 1756 1757 1696
f 1696 1757 1758
f 1759 1760 1696
f 1760 1761 1696
f 1696 1761 1762
f 1762 1763 1696
f 1763 1764 1696
f 1696 1764 1710
f 1752 1765 1539
f 1765 1766 1539
f 1539 1766 1767
f 1767 1768 1539
f 1768 1769 1539
f 1539 1769 1696
f 1769 1770 1696
f 1696 1770 1753
f 1758 1771 1696
f 1771 1772 1696
f 1696 1772 1759
f 1773 1774 1775
f 1773 1775 1776
f 1775 1777 1776
f 1776 1777 1778
f 1777 1779 1778
f 1778 1779 1780
f 1779 1781 1780
f 1780 1781 1782
f 1781 1783 1782
f 1782 1783 1784
f 1783 1785 1784
f 1784 1785 1786
f 1785 1787 1786
f 1786 1787 1788
f 1787 1789 1788
f 1788 1789 1790
f 1789 1791 1790
f 1790 1791 1792
f 1791 1793 1792
f 1792 1793 1794
f 1793 1795 1794
f 1794 1795 1796
f 1795 1797 1796
f 1796 1797 1798
f 1797 1799 1798
f 1798 1799 1800
f 1799 1801 1800
f 1800 1801 1802
f 1801 1803 1802
f 1802 1803 1804
f 1803 1805 1804
f 1804 1805 1806
f 1805 1807 1806
f 1806 1807 1808
f 1807 1809 1808
f 1808 1809 1810
f 1809 1811 1810
f 1810 1811 1812
f 1811 1813 1812
f 1812 1813 1814
f 1813 1815 1814
f 1814 1815 1816
f 1815 1817 1816
f 1816 1817 1818
f 1817 1819 1818
f 1818 1819 1820
f 1819 1821 1820
f 1820 1821 1822
f 156 1823 157
f 1823 1824 157
f 157 1824 224
f 1824 1825 224
f 224 1825 225
f 1825 1826 225
f 225 1826 221
f 1826 1827 221
f 221 1827 222
f 1827 1828 222
f 222 1828 223
f 1828 1829 223
f 223 1829 218
f 1829 1830 218
f 218 1830 219
f 1830 1831 219
f 219 1831 220
f 1831 1832 220
f 220 1832 215
f 1832 1833 215
f 215 1833 216
f 1833 1834 216
f 216 1834 217
f 1834 1835 217
f 217 1835 212
f 1835 1836 212
f 212 1836 213
f 1836 1837 213
f 213 1837 214
f 1837 1838 214
f 214 1838 209
f 1838 1839 209
f 209 1839 210
f 1839 1840 210
f 210 1840 211
f 1840 1841 211
f 211 1841 206
f 1841 1842 206
f 206 1842 207
f 1842 1843 207
f 207 1843 208
f 1843 1844 208
f 208 1844 203
f 1844 1845 203
f 203 1845 204
f 1845 1846 204
f 204 1846 205
f 1846 1847 205
f 205 1847 200
f 1847 1848 200
f 200 1848 201
f 1848 1849 201
f 201 1849 202
f 1849 1850 202
f 202 1850 197
f 1850 1851 197
f 197 1851 198
f 1851 1852 198
f 198 1852 199
f 1852 1853 199
f 199 1853 194
f 1853 1854 194
f 194 1854 195
f 1854 1855 195
f 195 1855 196
f 1855 1856 196
f 196 1856 191
f 1856 1857 191
f 191 1857 192
f 1857 1858 192
f 192 1858 193
f 1858 1859 193
f 193 1859 188
f 1859 1860 188
f 188 1860 189
f 1860 1861 189
f 189 1861 190
f 1861 1862 190
f 190 1862 185
f 1862 1863 185
f 185 1863 186
f 1863 1864 186
f 186 1864 187
f 1864 1865 187
f 187 1865 182
f 1865 1866 182
f 182 1866 183
f 1866 1867 183
f 183 1867 184
f 1867 1868 184
f 184 1868 179
f 1868 1869 179
f 179 1869 180
f 1869 1870 180
f 180 1870 181
f 1870 1871 181
f 181 1871 176
f 1871 1872 176
f 176 1872 177
f 1872 1873 177
f 177 1873 178
f 1873 1874 178
f 178 1874 173
f 1874 1875 173
f 173 1875 174
f 1875 1876 174
f 174 1876 175
f 1876 1877 175
f 175 1877 170
f 1877 1878 170
f 170 1878 171
f 1878 1879 171
f 171 1879 172
f 1879 1880 172
f 172 1880 167
f 1880 1881 167
f 167 1881 168
f 1881 1882 168
f 168 1882 169
f 1882 1883 169
f 169 1883 164
f 1883 1884 164
f 164 1884 165
f 1884 1885 165
f 165 1885 166
f 1885 1886 166
f 166 1886 161
f 1886 1887 161
f 161 1887 162
f 1887 1888 162
f 162 1888 163
f 1888 1889 163
f 163 1889 158
f 1889 1890 158
f 158 1890 159
f 1890 1891 159
f 159 1891 160
f 1891 1892 160
f 160 1892 153
f 1892 1893 153
f 153 1893 154
f 1893 1894 154
f 154 1894 156
f 1894 1823 156
f 1445 1443 1815
f 1895 1896 1695
f 1896 1897 1695
f 1696 1695 1898
f 1898 1899 1696
f 1899 1900 1696
f 1696 1900 1901
f 1821 1429 1902
f 1429 1427 1902
f 1902 1427 1425
f 1435 1433 1821
f 1433 1431 1821
f 1821 1431 1429
f 1897 1903 1695
f 1903 1904 1695
f 1695 1904 1898
f 1905 1906 1531
f 23 1411 1409
f 1493 1491 1774
f 1491 1489 1774
f 1774 1489 1487
f 1487 1485 1774
f 1485 1483 1774
f 1774 1483 1481
f 1815 1443 1817
f 1443 1441 1817
f 1817 1441 1819
f 1441 1439 1819
f 1819 1439 1821
f 1439 1437 1821
f 1821 1437 1435
f 41 1907 1908
f 1909 1910 1695
f 1910 1911 1695
f 1695 1911 1895
f 1912 1913 19
f 1425 1423 1902
f 1423 1421 1902
f 1902 1421 1419
f 1409 1407 23
f 1407 1405 23
f 23 1405 1403
f 1914 1915 48
f 1915 1916 48
f 1917 1918 41
f 1919 1920 1531
f 1921 1534 1922
f 1534 1923 1922
f 1417 1415 23
f 1415 1413 23
f 23 1413 1411
f 1916 1924 48
f 1924 1925 48
f 48 1925 46
f 46 1925 44
f 1925 1926 44
f 44 1926 41
f 1926 1927 41
f 41 1927 1917
f 1918 1928 41
f 1928 1929 41
f 41 1929 1907
f 1908 1930 41
f 1930 1931 41
f 41 1931 1932
f 1901 1933 1696
f 1933 1934 1696
f 1696 1934 1935
f 1905 1531 1936
f 1921 1937 1534
f 1937 1938 1534
f 1534 1938 1939
f 19 1913 21
f 1913 1902 21
f 21 1902 23
f 1902 1419 23
f 23 1419 1417
f 1385 37 1387
f 37 35 1387
f 1387 35 1389
f 35 33 1389
f 1389 33 1391
f 33 31 1391
f 1391 31 1393
f 31 29 1393
f 1393 29 1395
f 29 27 1395
f 1395 27 1397
f 27 25 1397
f 1397 25 1399
f 25 23 1399
f 1399 23 1401
f 23 1403 1401
f 1932 1940 41
f 1940 1941 41
f 41 1941 1695
f 1941 1942 1695
f 1695 1942 1909
f 1935 1943 1696
f 1943 1944 1696
f 1696 1944 1945
f 1531 1920 1534
f 1920 1946 1534
f 1534 1946 1923
f 1947 1948 3
f 1948 1949 3
f 1949 1950 3
f 1950 1951 3
f 3 1951 1952
f 1493 1774 1495
f 1774 1953 1495
f 1495 1953 1497
f 1953 1914 1497
f 1497 1914 1499
f 1914 48 1499
f 1499 48 1501
f 48 50 1501
f 1501 50 1503
f 50 52 1503
f 1503 52 1505
f 52 54 1505
f 1505 54 1507
f 54 56 1507
f 1507 56 1509
f 56 58 1509
f 1509 58 1511
f 58 60 1511
f 1511 60 1513
f 60 62 1513
f 1513 62 1515
f 62 64 1515
f 1515 64 1517
f 64 66 1517
f 1517 66 1519
f 66 68 1519
f 1519 68 1521
f 68 70 1521
f 1521 70 1523
f 70 72 1523
f 1523 72 1525
f 72 74 1525
f 1525 74 1527
f 74 76 1527
f 1527 76 1385
f 76 40 1385
f 1385 40 37
f 1906 1954 1531
f 1954 1955 1531
f 1531 1955 1919
f 1952 1956 3
f 1956 1957 3
f 3 1957 1958
f 1815 1813 1445
f 1813 1811 1445
f 1445 1811 1447
f 1811 1809 1447
f 1447 1809 1449
f 1809 1807 1449
f 1449 1807 1451
f 1807 1805 1451
f 1451 1805 1453
f 1939 1959 1534
f 1959 1960 1534
f 1534 1960 1961
f 1481 1479 1774
f 1479 1477 1774
f 1774 1477 1775
f 1477 1475 1775
f 1775 1475 1777
f 1475 1473 1777
f 1777 1473 1779
f 1473 1471 1779
f 1779 1471 1781
f 1471 1469 1781
f 1781 1469 1783
f 1469 1467 1783
f 1459 1793 1461
f 1793 1791 1461
f 1461 1791 1463
f 1791 1789 1463
f 1463 1789 1465
f 1789 1787 1465
f 1465 1787 1467
f 1787 1785 1467
f 1467 1785 1783
f 1805 1803 1453
f 1803 1801 1453
f 1453 1801 1455
f 1801 1799 1455
f 1455 1799 1457
f 1799 1797 1457
f 1457 1797 1459
f 1797 1795 1459
f 1459 1795 1793
f 1936 1531 1945
f 1531 1539 1945
f 1945 1539 1696
f 19 17 1912
f 17 15 1912
f 1912 15 1962
f 1958 1963 3
f 1963 1964 3
f 3 1964 4
f 1964 1965 4
f 4 1965 5
f 1965 1966 5
f 1961 1967 1534
f 1967 1968 1534
f 1534 1968 3
f 1968 1969 3
f 3 1969 1947
f 15 13 1962
f 13 11 1962
f 1962 11 1970
f 11 9 1970
f 1970 9 1966
f 9 7 1966
f 1966 7 5
f 1971 1625 1972
f 1625 1653 1972
f 1972 1653 1973
f 1653 1652 1973
f 1973 1652 1974
f 1652 1635 1974
f 1974 1635 1975
f 1635 1634 1975
f 1975 1634 1976
f 1634 1681 1976
f 1976 1681 1977
f 1681 1680 1977
f 1977 1680 1978
f 1680 1679 1978
f 1978 1679 1979
f 1679 1694 1979
f 1979 1694 1980
f 1694 1693 1980
f 1980 1693 1981
f 1693 1692 1981
f 1981 1692 1982
f 1692 1691 1982
f 1982 1691 1983
f 1691 1690 1983
f 1983 1690 1984
f 1690 1689 1984
f 1984 1689 1985
f 1689 1688 1985
f 1985 1688 1986
f 1688 1687 1986
f 1986 1687 1987
f 1687 1686 1987
f 1987 1686 1988
f 1686 1685 1988
f 1988 1685 1989
f 1685 1684 1989
f 1989 1684 1990
f 1684 1640 1990
f 1990 1640 1991
f 1640 1639 1991
f 1991 1639 1992
f 1639 1678 1992
f 1992 1678 1993
f 1678 1677 1993
f 1993 1677 1994
f 1677 1676 1994
f 1994 1676 1995
f 1676 1675 1995
f 1995 1675 1996
f 1675 1674 1996
f 1996 1674 1997
f 1674 1673 1997
f 1997 1673 1998
f 1673 1663 1998
f 1998 1663 1999
f 1663 1662 1999
f 1999 1662 2000
f 1662 1661 2000
f 2000 1661 2001
f 1661 1651 2001
f 2001 1651 2002
f 1651 1650 2002
f 2002 1650 2003
f 1650 1649 2003
f 2003 1649 2004
f 1649 1633 2004
f 2004 1633 2005
f 1633 1632 2005
f 2005 1632 2006
f 1632 1672 2006
f 2006 1672 2007
f 1672 1671 2007
f 2007 1671 2008
f 1671 1670 2008
f 2008 1670 2009
f 1670 1660 2009
f 2009 1660 2010
f 1660 1659 2010
f 2010 1659 2011
f 1659 1658 2011
f 2011 1658 2012
f 1658 1623 2012
f 2012 1623 2013
f 1623 1622 2013
f 2013 1622 2014
f 1622 1648 2014
f 2014 1648 2015
f 1648 1647 2015
f 2015 1647 2016
f 1647 1638 2016
f 2016 1638 2017
f 1638 1637 2017
f 2017 1637 2018
f 1637 1636 2018
f 2018 1636 2019
f 1636 1627 2019
f 2019 1627 2020
f 1627 1626 2020
f 2020 1626 2021
f 1626 1631 2021
f 2021 1631 2022
f 1631 1669 2022
f 2022 1669 2023
f 1669 1668 2023
f 2023 1668 2024
f 1668 1667 2024
f 2024 1667 2025
f 1667 1657 2025
f 2025 1657 2026
f 1657 1656 2026
f 2026 1656 2027
f 1656 1655 2027
f 2027 1655 2028
f 1655 1654 2028
f 2028 1654 2029
f 1654 1683 2029
f 2029 1683 2030
f 1683 1682 2030
f 2030 1682 2031
f 1682 1666 2031
f 2031 1666 2032
f 1666 1665 2032
f 2032 1665 2033
f 1665 1664 2033
f 2033 1664 2034
f 1664 1646 2034
f 2034 1646 2035
f 1646 1645 2035
f 2035 1645 2036
f 1645 1644 2036
f 2036 1644 2037
f 1644 1643 2037
f 2037 1643 2038
f 1643 1642 2038
f 2038 1642 2039
f 1642 1641 2039
f 2039 1641 2040
f 1641 1630 2040
f 2040 1630 2041
f 1630 1629 2041
f 2041 1629 2042
f 1629 1628 2042
f 2042 1628 1971
f 1628 1625 1971
f 79 1528 1592
f 1535 2 1533
f 2 79 1533
f 1533 79 1543
f 79 1592 1543
f 2043 1941 2044
f 1941 1940 2044
f 2044 1940 2045
f 1940 1932 2045
f 2045 1932 2046
f 1932 1931 2046
f 2046 1931 2047
f 1931 1930 2047
f 2047 1930 2048
f 1930 1908 2048
f 2048 1908 2049
f 1908 1907 2049
f 2049 1907 2050
f 1907 1929 2050
f 2050 1929 2051
f 1929 1928 2051
f 2051 1928 2052
f 1928 1918 2052
f 2052 1918 2053
f 1918 1917 2053
f 2053 1917 2054
f 1917 1927 2054
f 2054 1927 2055
f 1927 1926 2055
f 2055 1926 2056
f 1926 1925 2056
f 2056 1925 2057
f 1925 1924 2057
f 2057 1924 2058
f 1924 1916 2058
f 2058 1916 2059
f 1916 1915 2059
f 2059 1915 2060
f 1915 1914 2060
f 2060 1914 2061
f 1914 1953 2061
f 1454 1456 1619
f 1432 1434 1529
f 1434 1436 1529
f 1436 1438 1529
f 1529 1438 1440
f 1420 1422 78
f 78 1428 1529
f 1428 1430 1529
f 1529 1430 1432
f 1470 1472 1536
f 1472 1474 1536
f 1536 1474 1476
f 1476 1478 1536
f 1478 1480 1536
f 1536 1480 152
f 1480 1482 152
f 1482 1484 152
f 1484 1486 152
f 152 1486 1488
f 1422 1424 78
f 1424 1426 78
f 78 1426 1428
f 1440 1442 1529
f 1442 1444 1529
f 1529 1444 1530
f 1444 1446 1530
f 1456 1458 1619
f 1458 1460 1619
f 1619 1460 1620
f 1460 1462 1620
f 1446 1448 1530
f 1448 1450 1530
f 1530 1450 1619
f 1450 1452 1619
f 1619 1452 1454
f 1386 114 1384
f 114 115 1384
f 1384 115 1526
f 115 118 1526
f 1526 118 1524
f 118 120 1524
f 1524 120 1522
f 120 122 1522
f 1522 122 1520
f 122 124 1520
f 1520 124 1518
f 124 126 1518
f 1518 126 1516
f 126 128 1516
f 1516 128 1514
f 128 130 1514
f 1514 130 1512
f 130 132 1512
f 1512 132 1510
f 132 134 1510
f 1510 134 1508
f 134 136 1508
f 1508 136 1506
f 136 138 1506
f 1506 138 1504
f 138 140 1504
f 1504 140 1502
f 140 142 1502
f 1502 142 1500
f 142 144 1500
f 1500 144 1498
f 144 146 1498
f 1498 146 1496
f 146 148 1496
f 1496 148 1494
f 148 150 1494
f 1494 150 1492
f 150 152 1492
f 1492 152 1490
f 152 1488 1490
f 1420 78 1418
f 78 77 1418
f 1418 77 1416
f 77 82 1416
f 1416 82 1414
f 82 84 1414
f 1414 84 1412
f 84 86 1412
f 1412 86 1410
f 86 88 1410
f 1410 88 1408
f 88 90 1408
f 1408 90 1406
f 90 92 1406
f 1406 92 1404
f 92 94 1404
f 1404 94 1402
f 94 96 1402
f 1402 96 1400
f 96 98 1400
f 1400 98 1398
f 98 100 1398
f 1398 100 1396
f 100 102 1396
f 1396 102 1394
f 102 104 1394
f 1394 104 1392
f 104 106 1392
f 1392 106 1390
f 106 108 1390
f 1390 108 1388
f 108 110 1388
f 1388 110 1386
f 110 112 1386
f 1386 112 114
f 1462 1464 1620
f 1464 1466 1620
f 1620 1466 1536
f 1466 1468 1536
f 1536 1468 1470
f 2062 1968 2063
f 1968 1967 2063
f 2063 1967 2064
f 1967 1961 2064
f 2064 1961 2065
f 1961 1960 2065
f 2065 1960 2066
f 1960 1959 2066
f 2066 1959 2067
f 1959 1939 2067
f 2067 1939 2068
f 1939 1938 2068
f 2068 1938 2069
f 1938 1937 2069
f 2069 1937 2070
f 1937 1921 2070
f 2070 1921 2071
f 1921 1922 2071
f 2071 1922 2072
f 1922 1923 2072
f 2072 1923 2073
f 1923 1946 2073
f 2073 1946 2074
f 1946 1920 2074
f 2074 1920 2075
f 1920 1919 2075
f 2075 1919 2076
f 1919 1955 2076
f 2076 1955 2077
f 1955 1954 2077
f 2077 1954 2078
f 1954 1906 2078
f 2078 1906 2079
f 1906 1905 2079
f 2079 1905 2080
f 1905 1936 2080
f 2081 1577 2082
f 1577 1576 2082
f 2082 1576 2083
f 1576 1575 2083
f 2083 1575 2084
f 1575 1574 2084
f 2084 1574 2085
f 1574 1573 2085
f 2085 1573 2086
f 1573 1568 2086
f 2086 1568 2087
f 1568 1567 2087
f 2087 1567 2088
f 1567 1566 2088
f 2088 1566 2089
f 1566 1565 2089
f 2089 1565 2090
f 1565 1564 2090
f 2090 1564 2091
f 1564 1563 2091
f 2091 1563 2092
f 1563 1562 2092
f 2092 1562 2093
f 1562 1561 2093
f 2093 1561 2094
f 1561 1560 2094
f 2094 1560 2095
f 1560 1559 2095
f 2095 1559 2096
f 1559 1558 2096
f 2096 1558 2097
f 1558 1557 2097
f 2097 1557 2098
f 1557 1556 2098
f 2098 1556 2099
f 1556 1584 2099
f 2099 1584 2100
f 1584 1583 2100
f 2100 1583 2101
f 1583 1582 2101
f 2101 1582 2102
f 1582 1581 2102
f 2102 1581 2103
f 1581 1604 2103
f 2103 1604 2104
f 1604 1603 2104
f 2104 1603 2105
f 1603 1602 2105
f 2105 1602 2106
f 1602 1586 2106
f 2106 1586 2107
f 1586 1585 2107
f 2107 1585 2108
f 1585 1601 2108
f 2108 1601 2109
f 1601 1600 2109
f 2109 1600 2110
f 1600 1599 2110
f 2110 1599 2111
f 1599 1598 2111
f 2111 1598 2112
f 1598 1615 2112
f 2112 1615 2113
f 1615 1614 2113
f 2113 1614 2114
f 1614 1611 2114
f 2114 1611 2115
f 1611 1612 2115
f 2115 1612 2116
f 1612 1613 2116
f 2116 1613 2117
f 1613 1618 2117
f 2117 1618 2118
f 1618 1617 2118
f 2118 1617 2119
f 1617 1616 2119
f 2119 1616 2120
f 1616 1610 2120
f 2120 1610 2121
f 1610 1609 2121
f 2121 1609 2122
f 1609 1608 2122
f 2122 1608 2123
f 1608 1597 2123
f 2123 1597 2124
f 1597 1596 2124
f 2124 1596 2125
f 1596 1595 2125
f 2125 1595 2126
f 1595 1594 2126
f 2126 1594 2127
f 1594 1593 2127
f 2127 1593 2128
f 1593 1591 2128
f 2128 1591 2129
f 1591 1590 2129
f 2129 1590 2130
f 1590 1607 2130
f 2130 1607 2131
f 1607 1606 2131
f 2131 1606 2132
f 1606 1605 2132
f 2132 1605 2133
f 1605 1589 2133
f 2133 1589 2134
f 1589 1588 2134
f 2134 1588 2135
f 1588 1587 2135
f 2135 1587 2136
f 1587 1555 2136
f 2136 1555 2137
f 1555 1554 2137
f 2137 1554 2138
f 1554 1553 2138
f 2138 1553 2139
f 1553 1552 2139
f 2139 1552 2140
f 1552 1551 2140
f 2140 1551 2141
f 1551 1550 2141
f 2141 1550 2142
f 1550 1546 2142
f 2142 1546 2143
f 1546 1549 2143
f 2143 1549 2144
f 1549 1548 2144
f 2144 1548 2145
f 1548 1547 2145
f 2145 1547 2146
f 1547 1580 2146
f 2146 1580 2147
f 1580 1579 2147
f 2147 1579 2148
f 1579 1572 2148
f 2148 1572 2149
f 1572 1571 2149
f 2149 1571 2150
f 1571 1570 2150
f 2150 1570 2151
f 1570 1569 2151
f 2151 1569 2152
f 1569 1578 2152
f 2152 1578 2081
f 1578 1577 2081
f 1380 1382 2153
f 1382 1240 2153
f 2153 1240 1242
f 1374 1376 2153
f 1376 1378 2153
f 2153 1378 1380
f 1368 1370 2153
f 1370 1372 2153
f 2153 1372 1374
f 1362 1364 2153
f 1364 1366 2153
f 2153 1366 1368
f 1356 1358 2153
f 1358 1360 2153
f 2153 1360 1362
f 1350 1352 2153
f 1352 1354 2153
f 2153 1354 1356
f 1344 1346 2153
f 1346 1348 2153
f 2153 1348 1350
f 1338 1340 2153
f 1340 1342 2153
f 2153 1342 1344
f 1332 1334 2153
f 1334 1336 2153
f 2153 1336 1338
f 1326 1328 2153
f 1328 1330 2153
f 2153 1330 1332
f 1320 1322 2153
f 1322 1324 2153
f 2153 1324 1326
f 1314 1316 2153
f 1316 1318 2153
f 2153 1318 1320
f 1308 1310 2153
f 1310 1312 2153
f 2153 1312 1314
f 1302 1304 2153
f 1304 1306 2153
f 2153 1306 1308
f 1296 1298 2153
f 1298 1300 2153
f 2153 1300 1302
f 1290 1292 2153
f 1292 1294 2153
f 2153 1294 1296
f 1284 1286 2153
f 1286 1288 2153
f 2153 1288 1290
f 1278 1280 2153
f 1280 1282 2153
f 2153 1282 1284
f 1272 1274 2153
f 1274 1276 2153
f 2153 1276 1278
f 1266 1268 2153
f 1268 1270 2153
f 2153 1270 1272
f 1260 1262 2153
f 1262 1264 2153
f 2153 1264 1266
f 1254 1256 2153
f 1256 1258 2153
f 2153 1258 1260
f 1248 1250 2153
f 1250 1252 2153
f 2153 1252 1254
f 1242 1244 2153
f 1244 1246 2153
f 2153 1246 1248
f 1090 1092 2154
f 1092 950 2154
f 2154 950 952
f 1084 1086 2154
f 1086 1088 2154
f 2154 1088 1090
f 1078 1080 2154
f 1080 1082 2154
f 2154 1082 1084
f 1072 1074 2154
f 1074 1076 2154
f 2154 1076 1078
f 1066 1068 2154
f 1068 1070 2154
f 2154 1070 1072
f 1060 1062 2154
f 1062 1064 2154
f 2154 1064 1066
f 1054 1056 2154
f 1056 1058 2154
f 2154 1058 1060
f 1048 1050 2154
f 1050 1052 2154
f 2154 1052 1054
f 1042 1044 2154
f 1044 1046 2154
f 2154 1046 1048
f 1036 1038 2154
f 1038 1040 2154
f 2154 1040 1042
f 1030 1032 2154
f 1032 1034 2154
f 2154 1034 1036
f 1024 1026 2154
f 1026 1028 2154
f 2154 1028 1030
f 1018 1020 2154
f 1020 1022 2154
f 2154 1022 1024
f 1012 1014 2154
f 1014 1016 2154
f 2154 1016 1018
f 1006 1008 2154
f 1008 1010 2154
f 2154 1010 1012
f 1000 1002 2154
f 1002 1004 2154
f 2154 1004 1006
f 994 996 2154
f 996 998 2154
f 2154 998 1000
f 988 990 2154
f 990 992 2154
f 2154 992 994
f 982 984 2154
f 984 986 2154
f 2154 986 988
f 976 978 2154
f 978 980 2154
f 2154 980 982
f 970 972 2154
f 972 974 2154
f 2154 974 976
f 964 966 2154
f 966 968 2154
f 2154 968 970
f 958 960 2154
f 960 962 2154
f 2154 962 964
f 952 954 2154
f 954 956 2154
f 2154 956 958
f 2155 1945 2156
f 1945 1944 2156
f 2156 1944 2157
f 1944 1943 2157
f 2157 1943 2158
f 1943 1935 2158
f 2158 1935 2159
f 1935 1934 2159
f 2159 1934 2160
f 1934 1933 2160
f 2160 1933 2161
f 1933 1901 2161
f 2161 1901 2162
f 1901 1900 2162
f 2162 1900 2163
f 1900 1899 2163
f 2163 1899 2164
f 1899 1898 2164
f 2164 1898 2165
f 1898 1904 2165
f 2165 1904 2166
f 1904 1903 2166
f 2166 1903 2167
f 1903 1897 2167
f 2167 1897 2168
f 1897 1896 2168
f 2168 1896 2169
f 1896 1895 2169
f 2169 1895 2170
f 1895 1911 2170
f 2170 1911 2171
f 1911 1910 2171
f 2171 1910 2172
f 1910 1909 2172
f 2172 1909 2173
f 1909 1942 2173
f 1700 1537 151
f 42 1697 1698
f 42 1698 151
f 1698 1699 151
f 151 1699 1700
f 2151 2152 2174
f 2152 2081 2174
f 2174 2081 2082
f 2148 2149 2174
f 2149 2150 2174
f 2174 2150 2151
f 2145 2146 2174
f 2146 2147 2174
f 2174 2147 2148
f 2142 2143 2174
f 2143 2144 2174
f 2174 2144 2145
f 2139 2140 2174
f 2140 2141 2174
f 2174 2141 2142
f 2136 2137 2174
f 2137 2138 2174
f 2174 2138 2139
f 2133 2134 2174
f 2134 2135 2174
f 2174 2135 2136
f 2130 2131 2174
f 2131 2132 2174
f 2174 2132 2133
f 2127 2128 2174
f 2128 2129 2174
f 2174 2129 2130
f 2124 2125 2174
f 2125 2126 2174
f 2174 2126 2127
f 2121 2122 2174
f 2122 2123 2174
f 2174 2123 2124
f 2118 2119 2174
f 2119 2120 2174
f 2174 2120 2121
f 2115 2116 2174
f 2116 2117 2174
f 2174 2117 2118
f 2112 2113 2174
f 2113 2114 2174
f 2174 2114 2115
f 2109 2110 2174
f 2110 2111 2174
f 2174 2111 2112
f 2106 2107 2174
f 2107 2108 2174
f 2174 2108 2109
f 2103 2104 2174
f 2104 2105 2174
f 2174 2105 2106
f 2100 2101 2174
f 2101 2102 2174
f 2174 2102 2103
f 2097 2098 2174
f 2098 2099 2174
f 2174 2099 2100
f 2094 2095 2174
f 2095 2096 2174
f 2174 2096 2097
f 2091 2092 2174
f 2092 2093 2174
f 2174 2093 2094
f 2088 2089 2174
f 2089 2090 2174
f 2174 2090 2091
f 2085 2086 2174
f 2086 2087 2174
f 2174 2087 2088
f 2082 2083 2174
f 2083 2084 2174
f 2174 2084 2085
f 2175 1725 2176
f 1725 1724 2176
f 2176 1724 2177
f 1724 1723 2177
f 2177 1723 2178
f 1723 1713 2178
f 2178 1713 2179
f 1713 1712 2179
f 2179 1712 2180
f 1712 1711 2180
f 2180 1711 2181
f 1711 1710 2181
f 2181 1710 2182
f 1710 1764 2182
f 2182 1764 2183
f 1764 1763 2183
f 2183 1763 2184
f 1763 1762 2184
f 2184 1762 2185
f 1762 1761 2185
f 2185 1761 2186
f 1761 1760 2186
f 2186 1760 2187
f 1760 1759 2187
f 2187 1759 2188
f 1759 1772 2188
f 2188 1772 2189
f 1772 1771 2189
f 2189 1771 2190
f 1771 1758 2190
f 2190 1758 2191
f 1758 1757 2191
f 2191 1757 2192
f 1757 1756 2192
f 2192 1756 2193
f 1756 1755 2193
f 2193 1755 2194
f 1755 1754 2194
f 2194 1754 2195
f 1754 1753 2195
f 2195 1753 2196
f 1753 1770 2196
f 2196 1770 2197
f 1770 1769 2197
f 2197 1769 2198
f 1769 1768 2198
f 2198 1768 2199
f 1768 1767 2199
f 2199 1767 2200
f 1767 1766 2200
f 2200 1766 2201
f 1766 1765 2201
f 2201 1765 2202
f 1765 1752 2202
f 2202 1752 2203
f 1752 1751 2203
f 2203 1751 2204
f 1751 1750 2204
f 2204 1750 2205
f 1750 1744 2205
f 2205 1744 2206
f 1744 1743 2206
f 2206 1743 2207
f 1743 1742 2207
f 2207 1742 2208
f 1742 1739 2208
f 2208 1739 2209
f 1739 1738 2209
f 2209 1738 2210
f 1738 1737 2210
f 2210 1737 2211
f 1737 1736 2211
f 2211 1736 2212
f 1736 1735 2212
f 2212 1735 2213
f 1735 1734 2213
f 2213 1734 2214
f 1734 1733 2214
f 2214 1733 2215
f 1733 1709 2215
f 2215 1709 2216
f 1709 1708 2216
f 2216 1708 2217
f 1708 1707 2217
f 2217 1707 2218
f 1707 1705 2218
f 2218 1705 2219
f 1705 1704 2219
f 2219 1704 2220
f 1704 1706 2220
f 2220 1706 2221
f 1706 1722 2221
f 2221 1722 2222
f 1722 1721 2222
f 2222 1721 2223
f 1721 1720 2223
f 2223 1720 2224
f 1720 1732 2224
f 2224 1732 2225
f 1732 1731 2225
f 2225 1731 2226
f 1731 1730 2226
f 2226 1730 2227
f 1730 1729 2227
f 2227 1729 2228
f 1729 1741 2228
f 2228 1741 2229
f 1741 1740 2229
f 2229 1740 2230
f 1740 1728 2230
f 2230 1728 2231
f 1728 1727 2231
f 2231 1727 2232
f 1727 1726 2232
f 2232 1726 2233
f 1726 1749 2233
f 2233 1749 2234
f 1749 1748 2234
f 2234 1748 2235
f 1748 1747 2235
f 2235 1747 2236
f 1747 1746 2236
f 2236 1746 2237
f 1746 1745 2237
f 2237 1745 2238
f 1745 1719 2238
f 2238 1719 2239
f 1719 1718 2239
f 2239 1718 2240
f 1718 1717 2240
f 2240 1717 2241
f 1717 1716 2241
f 2241 1716 2242
f 1716 1715 2242
f 2242 1715 2243
f 1715 1714 2243
f 2243 1714 2244
f 1714 1701 2244
f 2244 1701 2245
f 1701 1702 2245
f 2245 1702 2246
f 1702 1703 2246
f 2246 1703 2175
f 1703 1725 2175
f 2245 2246 2247
f 2246 2175 2247
f 2247 2175 2176
f 2242 2243 2247
f 2243 2244 2247
f 2247 2244 2245
f 2239 2240 2247
f 2240 2241 2247
f 2247 2241 2242
f 2236 2237 2247
f 2237 2238 2247
f 2247 2238 2239
f 2233 2234 2247
f 2234 2235 2247
f 2247 2235 2236
f 2230 2231 2247
f 2231 2232 2247
f 2247 2232 2233
f 2227 2228 2247
f 2228 2229 2247
f 2247 2229 2230
f 2224 2225 2247
f 2225 2226 2247
f 2247 2226 2227
f 2221 2222 2247
f 2222 2223 2247
f 2247 2223 2224
f 2218 2219 2247
f 2219 2220 2247
f 2247 2220 2221
f 2215 2216 2247
f 2216 2217 2247
f 2247 2217 2218
f 2212 2213 2247
f 2213 2214 2247
f 2247 2214 2215
f 2209 2210 2247
f 2210 2211 2247
f 2247 2211 2212
f 2206 2207 2247
f 2207 2208 2247
f 2247 2208 2209
f 2203 2204 2247
f 2204 2205 2247
f 2247 2205 2206
f 2200 2201 2247
f 2201 2202 2247
f 2247 2202 2203
f 2197 2198 2247
f 2198 2199 2247
f 2247 2199 2200
f 2194 2195 2247
f 2195 2196 2247
f 2247 2196 2197
f 2191 2192 2247
f 2192 2193 2247
f 2247 2193 2194
f 2188 2189 2247
f 2189 2190 2247
f 2247 2190 2191
f 2185 2186 2247
f 2186 2187 2247
f 2247 2187 2188
f 2182 2183 2247
f 2183 2184 2247
f 2247 2184 2185
f 2179 2180 2247
f 2180 2181 2247
f 2247 2181 2182
f 2176 2177 2247
f 2177 2178 2247
f 2247 2178 2179
f 2041 2042 2248
f 2042 1971 2248
f 2248 1971 1972
f 2038 2039 2248
f 2039 2040 2248
f 2248 2040 2041
f 2035 2036 2248
f 2036 2037 2248
f 2248 2037 2038
f 2032 2033 2248
f 2033 2034 2248
f 2248 2034 2035
f 2029 2030 2248
f 2030 2031 2248
f 2248 2031 2032
f 2026 2027 2248
f 2027 2028 2248
f 2248 2028 2029
f 2023 2024 2248
f 2024 2025 2248
f 2248 2025 2026
f 2020 2021 2248
f 2021 2022 2248
f 2248 2022 2023
f 2017 2018 2248
f 2018 2019 2248
f 2248 2019 2020
f 2014 2015 2248
f 2015 2016 2248
f 2248 2016 2017
f 2011 2012 2248
f 2012 2013 2248
f 2248 2013 2014
f 2008 2009 2248
f 2009 2010 2248
f 2248 2010 2011
f 2005 2006 2248
f 2006 2007 2248
f 2248 2007 2008
f 2002 2003 2248
f 2003 2004 2248
f 2248 2004 2005
f 1999 2000 2248
f 2000 2001 2248
f 2248 2001 2002
f 1996 1997 2248
f 1997 1998 2248
f 2248 1998 1999
f 1993 1994 2248
f 1994 1995 2248
f 2248 1995 1996
f 1990 1991 2248
f 1991 1992 2248
f 2248 1992 1993
f 1987 1988 2248
f 1988 1989 2248
f 2248 1989 1990
f 1984 1985 2248
f 1985 1986 2248
f 2248 1986 1987
f 1981 1982 2248
f 1982 1983 2248
f 2248 1983 1984
f 1978 1979 2248
f 1979 1980 2248
f 2248 1980 1981
f 1975 1976 2248
f 1976 1977 2248
f 2248 1977 1978
f 1972 1973 2248
f 1973 1974 2248
f 2248 1974 1975
f 152 151 1536
f 151 1537 1536
f 2155 2249 1945
f 2249 2250 1945
f 1945 2250 1936
f 2250 2251 1936
f 1936 2251 2080
f 42 41 1697
f 41 1695 1697
f 2252 2173 1942
f 2252 1942 2253
f 1942 1941 2253
f 2253 1941 2043
f 1535 1534 2
f 1534 3 2
f 1773 2061 1774
f 2061 1953 1774
f 116 39 75
f 116 75 117
f 75 73 117
f 117 73 119
f 73 71 119
f 119 71 121
f 71 69 121
f 121 69 123
f 69 67 123
f 123 67 125
f 67 65 125
f 125 65 127
f 65 63 127
f 127 63 129
f 63 61 129
f 129 61 131
f 61 59 131
f 131 59 133
f 59 57 133
f 133 57 135
f 57 55 135
f 135 55 137
f 55 53 137
f 137 53 139
f 53 51 139
f 139 51 141
f 51 49 141
f 141 49 143
f 49 47 143
f 143 47 145
f 47 45 145
f 145 45 147
f 45 43 147
f 147 43 149
f 43 42 149
f 149 42 151
f 2254 1822 1902
f 1822 1821 1902
f 79 2 1
f 79 1 80
f 1 6 80
f 80 6 81
f 6 8 81
f 81 8 83
f 8 10 83
f 83 10 85
f 10 12 85
f 85 12 87
f 12 14 87
f 87 14 89
f 14 16 89
f 89 16 91
f 16 18 91
f 91 18 93
f 18 20 93
f 93 20 95
f 20 22 95
f 95 22 97
f 22 24 97
f 97 24 99
f 24 26 99
f 99 26 101
f 26 28 101
f 101 28 103
f 28 30 103
f 103 30 105
f 30 32 105
f 105 32 107
f 32 34 107
f 107 34 109
f 34 36 109
f 109 36 111
f 36 38 111
f 111 38 113
f 2254 1902 2255
f 1902 1913 2255
f 2255 1913 2256
f 1913 1912 2256
f 2256 1912 2257
f 1912 1962 2257
f 2257 1962 2258
f 1962 1970 2258
f 2258 1970 2259
f 1970 1966 2259
f 2259 1966 2260
f 1966 1965 2260
f 2260 1965 2261
f 1965 1964 2261
f 2261 1964 2262
f 1964 1963 2262
f 2262 1963 2263
f 1963 1958 2263
f 2263 1958 2264
f 1958 1957 2264
f 2264 1957 2265
f 1957 1956 2265
f 2265 1956 2266
f 1956 1952 2266
f 2266 1952 2267
f 1952 1951 2267
f 2267 1951 2268
f 1951 1950 2268
f 2268 1950 2269
f 1950 1949 2269
f 2269 1949 2270
f 1949 1948 2270
f 2270 1948 2271
f 1948 1947 2271
f 2271 1947 2272
f 1947 1969 2272
f 113 38 116
f 38 39 116
f 2062 2273 1968
f 2273 2274 1968
f 1968 2274 1969
f 2274 2272 1969
f 1529 1528 78
f 1528 79 78
f 519 517 2275
f 2276 2277 2278
f 1816 1818 2279
f 2076 2077 2072
f 2071 2072 2280
f 2072 2080 2280
f 2077 2078 2072
f 2078 2079 2072
f 2072 2079 2080
f 2076 2072 2075
f 2072 2073 2075
f 2075 2073 2074
f 2275 2281 2070
f 2065 2066 2067
f 2065 2067 2064
f 2067 2068 2064
f 2064 2068 2069
f 2267 2264 2266
f 2264 2265 2266
f 2267 2268 2264
f 2268 2269 2264
f 2264 2269 2270
f 2254 227 369
f 279 277 2282
f 319 317 2279
f 317 315 2279
f 2254 369 1822
f 369 367 1822
f 1822 367 365
f 303 301 2279
f 365 363 1822
f 363 361 1822
f 1822 361 1820
f 361 359 1820
f 1820 359 357
f 357 355 1820
f 355 353 1820
f 1820 353 1818
f 353 351 1818
f 227 2254 229
f 2254 2255 229
f 229 2255 231
f 339 337 1818
f 2279 301 2282
f 301 299 2282
f 2282 299 297
f 249 247 2264
f 315 313 2279
f 313 311 2279
f 2279 311 309
f 309 307 2279
f 307 305 2279
f 2279 305 303
f 297 295 2282
f 295 293 2282
f 2282 293 291
f 285 283 2282
f 283 281 2282
f 2282 281 279
f 337 335 1818
f 335 333 1818
f 1818 333 2279
f 333 331 2279
f 331 329 2279
f 329 327 2279
f 2279 327 325
f 325 323 2279
f 323 321 2279
f 2279 321 319
f 291 289 2282
f 289 287 2282
f 2282 287 285
f 255 253 2264
f 253 251 2264
f 2264 251 249
f 351 349 1818
f 349 347 1818
f 1818 347 345
f 345 343 1818
f 343 341 1818
f 1818 341 339
f 2282 271 269
f 261 259 2264
f 259 257 2264
f 2264 257 255
f 247 245 2264
f 245 243 2264
f 2264 243 2263
f 243 241 2263
f 2263 241 2262
f 241 239 2262
f 2255 2256 231
f 2256 2257 231
f 231 2257 233
f 2257 2258 233
f 233 2258 235
f 2258 2259 235
f 235 2259 237
f 2259 2260 237
f 237 2260 239
f 2260 2261 239
f 239 2261 2262
f 277 275 2282
f 275 273 2282
f 2282 273 271
f 269 267 2282
f 267 265 2282
f 2282 265 2264
f 265 263 2264
f 2264 263 261
f 1808 1810 2279
f 1810 1812 2279
f 1812 1814 2279
f 2279 1814 1816
f 1802 1804 2279
f 1804 1806 2279
f 2279 1806 1808
f 1798 1800 2278
f 1800 1802 2278
f 1778 1780 2277
f 1780 1782 2277
f 2277 1782 1784
f 1784 1786 2277
f 1786 1788 2277
f 2277 1788 1790
f 1790 1792 2277
f 1792 1794 2277
f 2277 1794 2278
f 1794 1796 2278
f 2278 1796 1798
f 1873 1872 2253
f 1847 1846 2277
f 1846 1845 2277
f 1841 1840 1778
f 1840 1839 1778
f 1778 1839 1838
f 1879 1878 2043
f 1878 1877 2043
f 1877 1876 2043
f 1876 1875 2043
f 2043 1875 2253
f 1875 1874 2253
f 2253 1874 1873
f 1853 1852 2277
f 1852 1851 2277
f 2277 1851 1850
f 1850 1849 2277
f 1849 1848 2277
f 2277 1848 1847
f 1845 1844 2277
f 1844 1843 2277
f 2277 1843 1778
f 1843 1842 1778
f 1778 1842 1841
f 1872 1871 2253
f 1871 1870 2253
f 2253 1870 1869
f 1838 1837 1778
f 1837 1836 1778
f 1778 1836 1835
f 1884 1883 2046
f 1869 1868 2253
f 1868 1867 2253
f 2253 1867 1866
f 1866 1865 2253
f 1865 1864 2253
f 2253 1864 1863
f 1863 1862 2253
f 1862 1861 2253
f 2253 1861 1860
f 1860 1859 2277
f 1831 1830 1776
f 1830 1829 1776
f 1776 1829 1773
f 1829 1828 1773
f 1773 1828 1827
f 2046 1883 2045
f 1883 1882 2045
f 2045 1882 2044
f 1882 1881 2044
f 2044 1881 2043
f 1881 1880 2043
f 2043 1880 1879
f 1859 1858 2277
f 1858 1857 2277
f 2277 1857 1856
f 1856 1855 2277
f 1855 1854 2277
f 2277 1854 1853
f 1835 1834 1778
f 1834 1833 1778
f 1778 1833 1776
f 1833 1832 1776
f 1776 1832 1831
f 1827 1826 1773
f 1826 1825 1773
f 1773 1825 2061
f 2046 2047 1884
f 2047 2048 1884
f 1884 2048 1885
f 2048 2049 1885
f 1885 2049 1886
f 2049 2050 1886
f 1886 2050 1887
f 2050 2051 1887
f 1887 2051 1888
f 1825 1824 2061
f 1824 1823 2061
f 2061 1823 2060
f 1823 1894 2060
f 2060 1894 2059
f 1894 1893 2059
f 2059 1893 2058
f 1893 1892 2058
f 2051 2052 1888
f 2052 2053 1888
f 1888 2053 1889
f 2053 2054 1889
f 1889 2054 1890
f 2054 2055 1890
f 1890 2055 1891
f 2055 2056 1891
f 1891 2056 1892
f 2056 2057 1892
f 1892 2057 2058
f 2252 2276 2173
f 2276 2283 2173
f 2173 2283 2172
f 2166 2283 2165
f 2283 2164 2165
f 2166 2167 2283
f 2167 2168 2283
f 2283 2168 2169
f 2169 2170 2283
f 2170 2171 2283
f 2283 2171 2172
f 2249 2155 2163
f 2156 2157 2158
f 2160 2161 2155
f 2161 2162 2155
f 2155 2162 2163
f 2156 2158 2155
f 2158 2159 2155
f 2155 2159 2160
f 1067 1065 2253
f 1067 2253 1069
f 983 981 2277
f 1860 2277 2253
f 2277 951 2253
f 2253 951 1093
f 1075 1073 2253
f 1073 1071 2253
f 2253 1071 1069
f 1093 1091 2253
f 1091 1089 2253
f 2253 1089 1087
f 1087 1085 2253
f 1085 1083 2253
f 2253 1083 1081
f 1065 1063 2253
f 1063 1061 2253
f 2253 1061 2252
f 1061 1059 2252
f 2252 1059 1057
f 1057 1055 2252
f 1055 1053 2252
f 2252 1053 1051
f 1023 2276 1025
f 2276 2252 1025
f 1025 2252 1027
f 1023 1021 2276
f 1021 1019 2276
f 2276 1019 1017
f 981 979 2277
f 979 977 2277
f 2277 977 975
f 1081 1079 2253
f 1079 1077 2253
f 2253 1077 1075
f 1051 1049 2252
f 1049 1047 2252
f 2252 1047 1045
f 991 989 2276
f 989 987 2276
f 2276 987 2277
f 987 985 2277
f 2277 985 983
f 1045 1043 2252
f 1043 1041 2252
f 2252 1041 1039
f 1033 1031 2252
f 1031 1029 2252
f 2252 1029 1027
f 2276 1011 1009
f 975 973 2277
f 973 971 2277
f 2277 971 969
f 957 955 2277
f 955 953 2277
f 2277 953 951
f 1039 1037 2252
f 1037 1035 2252
f 2252 1035 1033
f 1017 1015 2276
f 1015 1013 2276
f 2276 1013 1011
f 1009 1007 2276
f 1007 1005 2276
f 2276 1005 1003
f 1003 1001 2276
f 1001 999 2276
f 2276 999 997
f 997 995 2276
f 995 993 2276
f 2276 993 991
f 963 961 2277
f 961 959 2277
f 2277 959 957
f 969 967 2277
f 967 965 2277
f 2277 965 963
f 2279 2275 2284
f 392 390 2282
f 438 2281 440
f 2281 442 440
f 2275 446 2281
f 446 444 2281
f 2281 444 442
f 420 418 2281
f 476 474 2275
f 474 472 2275
f 472 470 2275
f 470 468 2275
f 2275 468 466
f 2275 454 452
f 438 436 2281
f 436 434 2281
f 2281 434 432
f 432 430 2281
f 430 428 2281
f 2281 428 426
f 392 2282 394
f 512 510 2279
f 466 464 2275
f 464 462 2275
f 2275 462 460
f 452 450 2275
f 450 448 2275
f 2275 448 446
f 426 424 2281
f 424 422 2281
f 2281 422 420
f 418 416 2281
f 416 414 2281
f 2281 414 412
f 402 400 2282
f 2282 384 382
f 382 380 2282
f 380 378 2282
f 2282 378 376
f 376 374 2282
f 374 372 2282
f 2282 372 2279
f 372 514 2279
f 2279 514 512
f 460 458 2275
f 458 456 2275
f 2275 456 454
f 402 2282 404
f 400 398 2282
f 398 396 2282
f 2282 396 394
f 390 388 2282
f 388 386 2282
f 2282 386 384
f 484 482 2279
f 482 480 2279
f 2279 480 2275
f 480 478 2275
f 2275 478 476
f 412 410 2281
f 410 408 2281
f 2281 408 2282
f 408 406 2282
f 2282 406 404
f 510 508 2279
f 508 506 2279
f 2279 506 504
f 2279 498 496
f 496 494 2279
f 494 492 2279
f 2279 492 490
f 490 488 2279
f 488 486 2279
f 2279 486 484
f 504 502 2279
f 502 500 2279
f 2279 500 498
f 2270 2271 2264
f 2271 2272 2264
f 2264 2272 2282
f 2272 2274 2282
f 2282 2274 2281
f 2274 2273 2281
f 2281 2273 2070
f 2273 2062 2070
f 2070 2062 2069
f 2062 2063 2069
f 2069 2063 2064
f 783 781 2285
f 863 861 2276
f 815 2283 817
f 2283 819 817
f 815 813 2283
f 813 811 2283
f 2283 811 809
f 877 875 2276
f 809 807 2283
f 807 805 2283
f 2283 805 2285
f 805 803 2285
f 831 829 2283
f 829 827 2283
f 2283 827 825
f 739 737 2276
f 737 735 2276
f 2276 735 877
f 825 823 2283
f 823 821 2283
f 2283 821 819
f 803 801 2285
f 801 799 2285
f 2285 799 797
f 2285 791 789
f 775 773 2285
f 773 771 2285
f 2285 771 2284
f 747 745 2284
f 745 743 2284
f 2284 743 741
f 869 867 2276
f 867 865 2276
f 2276 865 863
f 861 859 2276
f 859 857 2276
f 2276 857 855
f 855 853 2276
f 853 851 2276
f 2276 851 849
f 841 839 2283
f 839 837 2283
f 789 787 2285
f 787 785 2285
f 2285 785 783
f 781 779 2285
f 779 777 2285
f 2285 777 775
f 1802 2279 2278
f 2279 2284 2278
f 2278 2284 2276
f 2284 741 2276
f 2276 741 739
f 875 873 2276
f 873 871 2276
f 2276 871 869
f 849 847 2276
f 847 845 2276
f 2276 845 2283
f 845 843 2283
f 2283 843 841
f 837 835 2283
f 835 833 2283
f 2283 833 831
f 797 795 2285
f 795 793 2285
f 2285 793 791
f 753 751 2284
f 751 749 2284
f 2284 749 747
f 771 769 2284
f 769 767 2284
f 2284 767 765
f 765 763 2284
f 763 761 2284
f 2284 761 759
f 759 757 2284
f 757 755 2284
f 2284 755 753
f 587 585 2280
f 565 563 2280
f 645 643 2284
f 601 599 2285
f 599 597 2285
f 2285 597 595
f 595 593 2285
f 593 591 2285
f 2285 591 2280
f 591 589 2280
f 2280 589 587
f 613 611 2285
f 611 609 2285
f 2285 609 607
f 653 651 2284
f 607 605 2285
f 605 603 2285
f 2285 603 601
f 585 583 2280
f 583 581 2280
f 2280 581 579
f 2280 573 571
f 2280 557 555
f 555 553 2280
f 553 2275 2280
f 2280 2275 2071
f 2275 2070 2071
f 525 2275 527
f 2275 529 527
f 525 523 2275
f 523 521 2275
f 2275 521 519
f 651 649 2284
f 649 647 2284
f 2284 647 645
f 643 641 2284
f 641 639 2284
f 2284 639 637
f 637 635 2284
f 635 633 2284
f 2284 633 631
f 623 621 2285
f 621 619 2285
f 571 569 2280
f 569 567 2280
f 2280 567 565
f 563 561 2280
f 561 559 2280
f 2280 559 557
f 631 629 2284
f 629 627 2284
f 2284 627 2285
f 627 625 2285
f 2285 625 623
f 619 617 2285
f 617 615 2285
f 2285 615 613
f 579 577 2280
f 577 575 2280
f 2280 575 573
f 535 533 2275
f 533 531 2275
f 2275 531 529
f 517 659 2275
f 659 657 2275
f 2275 657 2284
f 657 655 2284
f 2284 655 653
f 553 551 2275
f 551 549 2275
f 2275 549 547
f 547 545 2275
f 545 543 2275
f 2275 543 541
f 541 539 2275
f 539 537 2275
f 2275 537 535
f 2080 2251 2280
f 2251 2250 2280
f 2280 2250 2285
f 2250 2249 2285
f 2285 2249 2283
f 2249 2163 2283
f 2283 2163 2164
# 4570 faces, 0 coords texture

# End of File
