####
#
# OBJ File Generated by Meshlab
#
####
# Object luosi_2_25_1_2.obj
#
# Vertices: 3309
# Faces: 6614
#
####
v 0.001000 0.032000 0.000000
v 0.000996 0.007100 -0.000087
v 0.000996 0.032000 -0.000087
v 0.000985 0.007100 -0.000174
v 0.000985 0.032000 -0.000174
v 0.000966 0.007100 -0.000259
v 0.000966 0.032000 -0.000259
v 0.000940 0.007100 -0.000342
v 0.000940 0.032000 -0.000342
v 0.000906 0.007100 -0.000423
v 0.000906 0.032000 -0.000423
v 0.000866 0.007100 -0.000500
v 0.000866 0.032000 -0.000500
v 0.000819 0.007100 -0.000574
v 0.000819 0.032000 -0.000574
v 0.000766 0.007100 -0.000643
v 0.000766 0.032000 -0.000643
v 0.000707 0.007100 -0.000707
v 0.000707 0.032000 -0.000707
v 0.000643 0.007100 -0.000766
v 0.000643 0.032000 -0.000766
v 0.000574 0.007100 -0.000819
v 0.000574 0.032000 -0.000819
v 0.000500 0.007100 -0.000866
v 0.000500 0.032000 -0.000866
v 0.000423 0.007100 -0.000906
v 0.000423 0.032000 -0.000906
v 0.000342 0.007100 -0.000940
v 0.000342 0.032000 -0.000940
v 0.000259 0.007100 -0.000966
v 0.000259 0.032000 -0.000966
v 0.000174 0.007100 -0.000985
v 0.000174 0.032000 -0.000985
v 0.000087 0.007100 -0.000996
v 0.000087 0.032000 -0.000996
v 0.000000 0.007100 -0.001000
v 0.000000 0.032000 -0.001000
v -0.000087 0.007100 -0.000996
v -0.000087 0.032000 -0.000996
v -0.000174 0.007100 -0.000985
v -0.000174 0.032000 -0.000985
v -0.000259 0.007100 -0.000966
v -0.000259 0.032000 -0.000966
v -0.000342 0.007100 -0.000940
v -0.000342 0.032000 -0.000940
v -0.000423 0.007100 -0.000906
v -0.000423 0.032000 -0.000906
v -0.000500 0.007100 -0.000866
v -0.000500 0.032000 -0.000866
v -0.000574 0.007100 -0.000819
v -0.000574 0.032000 -0.000819
v -0.000643 0.007100 -0.000766
v -0.000643 0.032000 -0.000766
v -0.000707 0.007100 -0.000707
v -0.000707 0.032000 -0.000707
v -0.000766 0.007100 -0.000643
v -0.000766 0.032000 -0.000643
v -0.000819 0.007100 -0.000574
v -0.000819 0.032000 -0.000574
v -0.000866 0.007100 -0.000500
v -0.000866 0.032000 -0.000500
v -0.000906 0.007100 -0.000423
v -0.000906 0.032000 -0.000423
v -0.000940 0.007100 -0.000342
v -0.000940 0.032000 -0.000342
v -0.000966 0.007100 -0.000259
v -0.000966 0.032000 -0.000259
v -0.000985 0.007100 -0.000174
v -0.000985 0.032000 -0.000174
v -0.000996 0.007100 -0.000087
v -0.000996 0.032000 -0.000087
v -0.001000 0.007100 -0.000000
v -0.001000 0.032000 -0.000000
v -0.000996 0.007100 0.000087
v -0.000996 0.032000 0.000087
v -0.000985 0.007100 0.000174
v -0.000985 0.032000 0.000174
v -0.000966 0.007100 0.000259
v -0.000966 0.032000 0.000259
v -0.000940 0.007100 0.000342
v -0.000940 0.032000 0.000342
v -0.000906 0.007100 0.000423
v -0.000906 0.032000 0.000423
v -0.000866 0.007100 0.000500
v -0.000866 0.032000 0.000500
v -0.000819 0.007100 0.000574
v -0.000819 0.032000 0.000574
v -0.000766 0.007100 0.000643
v -0.000766 0.032000 0.000643
v -0.000707 0.007100 0.000707
v -0.000707 0.032000 0.000707
v -0.000643 0.007100 0.000766
v -0.000643 0.032000 0.000766
v -0.000574 0.007100 0.000819
v -0.000574 0.032000 0.000819
v -0.000500 0.007100 0.000866
v -0.000500 0.032000 0.000866
v -0.000423 0.007100 0.000906
v -0.000423 0.032000 0.000906
v -0.000342 0.007100 0.000940
v -0.000342 0.032000 0.000940
v -0.000259 0.007100 0.000966
v -0.000259 0.032000 0.000966
v -0.000174 0.007100 0.000985
v -0.000174 0.032000 0.000985
v -0.000087 0.007100 0.000996
v -0.000087 0.032000 0.000996
v -0.000000 0.007100 0.001000
v -0.000000 0.032000 0.001000
v 0.000087 0.007100 0.000996
v 0.000087 0.032000 0.000996
v 0.000174 0.007100 0.000985
v 0.000174 0.032000 0.000985
v 0.000259 0.007100 0.000966
v 0.000259 0.032000 0.000966
v 0.000342 0.007100 0.000940
v 0.000342 0.032000 0.000940
v 0.000423 0.007100 0.000906
v 0.000423 0.032000 0.000906
v 0.000500 0.007100 0.000866
v 0.000500 0.032000 0.000866
v 0.000574 0.007100 0.000819
v 0.000574 0.032000 0.000819
v 0.000643 0.007100 0.000766
v 0.000643 0.032000 0.000766
v 0.000707 0.007100 0.000707
v 0.000707 0.032000 0.000707
v 0.000766 0.007100 0.000643
v 0.000766 0.032000 0.000643
v 0.000819 0.007100 0.000574
v 0.000819 0.032000 0.000574
v 0.000866 0.007100 0.000500
v 0.000866 0.032000 0.000500
v 0.000906 0.007100 0.000423
v 0.000906 0.032000 0.000423
v 0.000940 0.007100 0.000342
v 0.000940 0.032000 0.000342
v 0.000966 0.007100 0.000259
v 0.000966 0.032000 0.000259
v 0.000985 0.007100 0.000174
v 0.000985 0.032000 0.000174
v 0.000996 0.007100 0.000087
v 0.000996 0.032000 0.000087
v 0.001000 0.007100 0.000000
v -0.000078 0.007000 -0.000897
v -0.000156 0.007000 -0.000886
v -0.000233 0.007000 -0.000869
v -0.000308 0.007000 -0.000846
v -0.000380 0.007000 -0.000816
v -0.000450 0.007000 -0.000779
v -0.000516 0.007000 -0.000737
v -0.000578 0.007000 -0.000689
v -0.000636 0.007000 -0.000636
v -0.000689 0.007000 -0.000578
v -0.000737 0.007000 -0.000516
v -0.000779 0.007000 -0.000450
v -0.000816 0.007000 -0.000380
v -0.000846 0.007000 -0.000308
v -0.000869 0.007000 -0.000233
v -0.000886 0.007000 -0.000156
v -0.000897 0.007000 -0.000078
v -0.000900 0.007000 -0.000000
v -0.000897 0.007000 0.000078
v -0.000886 0.007000 0.000156
v -0.000869 0.007000 0.000233
v -0.000846 0.007000 0.000308
v -0.000816 0.007000 0.000380
v -0.000779 0.007000 0.000450
v -0.000737 0.007000 0.000516
v -0.000689 0.007000 0.000578
v -0.000636 0.007000 0.000636
v -0.000578 0.007000 0.000689
v -0.000516 0.007000 0.000737
v -0.000450 0.007000 0.000779
v -0.000380 0.007000 0.000816
v -0.000308 0.007000 0.000846
v -0.000233 0.007000 0.000869
v -0.000156 0.007000 0.000886
v -0.000078 0.007000 0.000897
v -0.000000 0.007000 0.000900
v 0.000078 0.007000 0.000897
v 0.000156 0.007000 0.000886
v 0.000233 0.007000 0.000869
v 0.000308 0.007000 0.000846
v 0.000380 0.007000 0.000816
v 0.000450 0.007000 0.000779
v 0.000516 0.007000 0.000737
v 0.000578 0.007000 0.000689
v 0.000636 0.007000 0.000636
v 0.000689 0.007000 0.000578
v 0.000737 0.007000 0.000516
v 0.000779 0.007000 0.000450
v 0.000816 0.007000 0.000380
v 0.000846 0.007000 0.000308
v 0.000869 0.007000 0.000233
v 0.000886 0.007000 0.000156
v 0.000897 0.007000 0.000078
v 0.000900 0.007000 0.000000
v 0.000897 0.007000 -0.000078
v 0.000886 0.007000 -0.000156
v 0.000869 0.007000 -0.000233
v 0.000846 0.007000 -0.000308
v 0.000816 0.007000 -0.000380
v 0.000779 0.007000 -0.000450
v 0.000737 0.007000 -0.000516
v 0.000689 0.007000 -0.000578
v 0.000636 0.007000 -0.000636
v 0.000578 0.007000 -0.000689
v 0.000516 0.007000 -0.000737
v 0.000450 0.007000 -0.000779
v 0.000380 0.007000 -0.000816
v 0.000308 0.007000 -0.000846
v 0.000233 0.007000 -0.000869
v 0.000156 0.007000 -0.000886
v 0.000078 0.007000 -0.000897
v 0.000000 0.007000 -0.000900
v 0.000739 0.032000 -0.001750
v 0.000889 0.032000 -0.001679
v 0.001032 0.032000 -0.001595
v 0.001167 0.032000 -0.001499
v 0.001293 0.032000 -0.001392
v 0.001410 0.032000 -0.001274
v 0.001515 0.032000 -0.001146
v 0.001609 0.032000 -0.001010
v 0.001691 0.032000 -0.000866
v 0.001760 0.032000 -0.000715
v 0.001816 0.032000 -0.000559
v 0.001858 0.032000 -0.000399
v 0.001885 0.032000 -0.000235
v 0.001899 0.032000 -0.000070
v 0.001898 0.032000 0.000096
v 0.001882 0.032000 0.000261
v 0.001852 0.032000 0.000424
v 0.001808 0.032000 0.000584
v 0.001750 0.032000 0.000739
v 0.001679 0.032000 0.000889
v 0.001595 0.032000 0.001032
v 0.001499 0.032000 0.001167
v 0.001392 0.032000 0.001293
v 0.001274 0.032000 0.001410
v 0.001146 0.032000 0.001515
v 0.001010 0.032000 0.001609
v 0.000866 0.032000 0.001691
v 0.000715 0.032000 0.001760
v 0.000559 0.032000 0.001816
v 0.000399 0.032000 0.001858
v 0.000235 0.032000 0.001885
v 0.000070 0.032000 0.001899
v -0.000096 0.032000 0.001898
v -0.000261 0.032000 0.001882
v -0.000424 0.032000 0.001852
v -0.000584 0.032000 0.001808
v -0.000739 0.032000 0.001750
v -0.000889 0.032000 0.001679
v -0.001032 0.032000 0.001595
v -0.001167 0.032000 0.001499
v -0.001293 0.032000 0.001392
v -0.001410 0.032000 0.001274
v -0.001515 0.032000 0.001146
v -0.001609 0.032000 0.001010
v -0.001691 0.032000 0.000866
v -0.001760 0.032000 0.000715
v -0.001816 0.032000 0.000559
v -0.001858 0.032000 0.000399
v -0.001885 0.032000 0.000235
v -0.001899 0.032000 0.000070
v -0.001898 0.032000 -0.000096
v -0.001882 0.032000 -0.000261
v -0.001852 0.032000 -0.000424
v -0.001808 0.032000 -0.000584
v -0.001750 0.032000 -0.000739
v -0.001679 0.032000 -0.000889
v -0.001595 0.032000 -0.001032
v -0.001499 0.032000 -0.001167
v -0.001392 0.032000 -0.001293
v -0.001274 0.032000 -0.001410
v -0.001146 0.032000 -0.001515
v -0.001010 0.032000 -0.001609
v -0.000866 0.032000 -0.001691
v -0.000715 0.032000 -0.001760
v -0.000559 0.032000 -0.001816
v -0.000399 0.032000 -0.001858
v -0.000235 0.032000 -0.001885
v -0.000070 0.032000 -0.001899
v 0.000096 0.032000 -0.001898
v 0.000261 0.032000 -0.001882
v 0.000424 0.032000 -0.001852
v 0.000584 0.032000 -0.001808
v 0.001997 0.032091 0.000101
v 0.001998 0.032091 -0.000074
v 0.002000 0.032100 -0.000000
v 0.001997 0.032100 0.000101
v 0.001992 0.032100 0.000174
v 0.001981 0.032091 0.000275
v 0.001981 0.032100 0.000275
v 0.001970 0.032100 0.000347
v 0.001949 0.032091 0.000446
v 0.001950 0.032100 0.000446
v 0.001932 0.032100 0.000518
v 0.001903 0.032091 0.000614
v 0.001903 0.032100 0.000614
v 0.001879 0.032100 0.000684
v 0.001842 0.032091 0.000778
v 0.001842 0.032100 0.000778
v 0.001813 0.032100 0.000845
v 0.001767 0.032091 0.000935
v 0.001768 0.032100 0.000936
v 0.001732 0.032100 0.001000
v 0.001679 0.032091 0.001086
v 0.001679 0.032100 0.001086
v 0.001638 0.032100 0.001147
v 0.001578 0.032091 0.001228
v 0.001578 0.032100 0.001228
v 0.001532 0.032100 0.001286
v 0.001465 0.032091 0.001361
v 0.001465 0.032100 0.001361
v 0.001414 0.032100 0.001414
v 0.001341 0.032091 0.001483
v 0.001341 0.032100 0.001484
v 0.001286 0.032100 0.001532
v 0.001206 0.032091 0.001595
v 0.001207 0.032100 0.001595
v 0.001147 0.032100 0.001638
v 0.001063 0.032091 0.001694
v 0.001063 0.032100 0.001694
v 0.001000 0.032100 0.001732
v 0.000911 0.032091 0.001780
v 0.000911 0.032100 0.001780
v 0.000845 0.032100 0.001813
v 0.000753 0.032091 0.001853
v 0.000753 0.032100 0.001853
v 0.000684 0.032100 0.001879
v 0.000588 0.032091 0.001911
v 0.000588 0.032100 0.001912
v 0.000518 0.032100 0.001932
v 0.000419 0.032091 0.001955
v 0.000420 0.032100 0.001956
v 0.000347 0.032100 0.001970
v 0.000247 0.032091 0.001984
v 0.000247 0.032100 0.001985
v 0.000174 0.032100 0.001992
v 0.000074 0.032091 0.001998
v 0.000074 0.032100 0.001999
v -0.000000 0.032100 0.002000
v -0.000101 0.032091 0.001997
v -0.000101 0.032100 0.001997
v -0.000174 0.032100 0.001992
v -0.000275 0.032091 0.001981
v -0.000275 0.032100 0.001981
v -0.000347 0.032100 0.001970
v -0.000446 0.032091 0.001949
v -0.000446 0.032100 0.001950
v -0.000518 0.032100 0.001932
v -0.000614 0.032091 0.001903
v -0.000614 0.032100 0.001903
v -0.000684 0.032100 0.001879
v -0.000778 0.032091 0.001842
v -0.000778 0.032100 0.001842
v -0.000845 0.032100 0.001813
v -0.000935 0.032091 0.001767
v -0.000936 0.032100 0.001768
v -0.001000 0.032100 0.001732
v -0.001086 0.032091 0.001679
v -0.001086 0.032100 0.001679
v -0.001147 0.032100 0.001638
v -0.001228 0.032091 0.001578
v -0.001228 0.032100 0.001578
v -0.001286 0.032100 0.001532
v -0.001361 0.032091 0.001465
v -0.001361 0.032100 0.001465
v -0.001414 0.032100 0.001414
v -0.001483 0.032091 0.001341
v -0.001484 0.032100 0.001341
v -0.001532 0.032100 0.001286
v -0.001595 0.032091 0.001206
v -0.001595 0.032100 0.001207
v -0.001638 0.032100 0.001147
v -0.001694 0.032091 0.001063
v -0.001694 0.032100 0.001063
v -0.001732 0.032100 0.001000
v -0.001780 0.032091 0.000911
v -0.001780 0.032100 0.000911
v -0.001813 0.032100 0.000845
v -0.001853 0.032091 0.000753
v -0.001853 0.032100 0.000753
v -0.001879 0.032100 0.000684
v -0.001911 0.032091 0.000588
v -0.001912 0.032100 0.000588
v -0.001932 0.032100 0.000518
v -0.001955 0.032091 0.000419
v -0.001956 0.032100 0.000420
v -0.001970 0.032100 0.000347
v -0.001984 0.032091 0.000247
v -0.001985 0.032100 0.000247
v -0.001992 0.032100 0.000174
v -0.001998 0.032091 0.000074
v -0.001999 0.032100 0.000074
v -0.002000 0.032100 -0.000000
v -0.001997 0.032091 -0.000101
v -0.001997 0.032100 -0.000101
v -0.001992 0.032100 -0.000174
v -0.001981 0.032091 -0.000275
v -0.001981 0.032100 -0.000275
v -0.001970 0.032100 -0.000347
v -0.001949 0.032091 -0.000446
v -0.001950 0.032100 -0.000446
v -0.001932 0.032100 -0.000518
v -0.001903 0.032091 -0.000614
v -0.001903 0.032100 -0.000614
v -0.001879 0.032100 -0.000684
v -0.001842 0.032091 -0.000778
v -0.001842 0.032100 -0.000778
v -0.001813 0.032100 -0.000845
v -0.001767 0.032091 -0.000935
v -0.001768 0.032100 -0.000936
v -0.001732 0.032100 -0.001000
v -0.001679 0.032091 -0.001086
v -0.001679 0.032100 -0.001086
v -0.001638 0.032100 -0.001147
v -0.001578 0.032091 -0.001228
v -0.001578 0.032100 -0.001228
v -0.001532 0.032100 -0.001286
v -0.001465 0.032091 -0.001361
v -0.001465 0.032100 -0.001361
v -0.001414 0.032100 -0.001414
v -0.001341 0.032091 -0.001483
v -0.001341 0.032100 -0.001484
v -0.001286 0.032100 -0.001532
v -0.001206 0.032091 -0.001595
v -0.001207 0.032100 -0.001595
v -0.001147 0.032100 -0.001638
v -0.001063 0.032091 -0.001694
v -0.001063 0.032100 -0.001694
v -0.001000 0.032100 -0.001732
v -0.000911 0.032091 -0.001780
v -0.000911 0.032100 -0.001780
v -0.000845 0.032100 -0.001813
v -0.000753 0.032091 -0.001853
v -0.000753 0.032100 -0.001853
v -0.000684 0.032100 -0.001879
v -0.000588 0.032091 -0.001911
v -0.000588 0.032100 -0.001912
v -0.000518 0.032100 -0.001932
v -0.000419 0.032091 -0.001955
v -0.000420 0.032100 -0.001956
v -0.000347 0.032100 -0.001970
v -0.000247 0.032091 -0.001984
v -0.000247 0.032100 -0.001985
v -0.000174 0.032100 -0.001992
v -0.000074 0.032091 -0.001998
v -0.000074 0.032100 -0.001999
v 0.000000 0.032100 -0.002000
v 0.000101 0.032091 -0.001997
v 0.000101 0.032100 -0.001997
v 0.000174 0.032100 -0.001992
v 0.000275 0.032091 -0.001981
v 0.000275 0.032100 -0.001981
v 0.000347 0.032100 -0.001970
v 0.000446 0.032091 -0.001949
v 0.000446 0.032100 -0.001950
v 0.000518 0.032100 -0.001932
v 0.000614 0.032091 -0.001903
v 0.000614 0.032100 -0.001903
v 0.000684 0.032100 -0.001879
v 0.000778 0.032091 -0.001842
v 0.000778 0.032100 -0.001842
v 0.000845 0.032100 -0.001813
v 0.000935 0.032091 -0.001767
v 0.000936 0.032100 -0.001768
v 0.001000 0.032100 -0.001732
v 0.001086 0.032091 -0.001679
v 0.001086 0.032100 -0.001679
v 0.001147 0.032100 -0.001638
v 0.001228 0.032091 -0.001578
v 0.001228 0.032100 -0.001578
v 0.001286 0.032100 -0.001532
v 0.001361 0.032091 -0.001465
v 0.001361 0.032100 -0.001465
v 0.001414 0.032100 -0.001414
v 0.001483 0.032091 -0.001341
v 0.001484 0.032100 -0.001341
v 0.001532 0.032100 -0.001286
v 0.001595 0.032091 -0.001206
v 0.001595 0.032100 -0.001207
v 0.001638 0.032100 -0.001147
v 0.001694 0.032091 -0.001063
v 0.001694 0.032100 -0.001063
v 0.001732 0.032100 -0.001000
v 0.001780 0.032091 -0.000911
v 0.001780 0.032100 -0.000911
v 0.001813 0.032100 -0.000845
v 0.001853 0.032091 -0.000753
v 0.001853 0.032100 -0.000753
v 0.001879 0.032100 -0.000684
v 0.001911 0.032091 -0.000588
v 0.001912 0.032100 -0.000588
v 0.001932 0.032100 -0.000518
v 0.001955 0.032091 -0.000419
v 0.001956 0.032100 -0.000420
v 0.001970 0.032100 -0.000347
v 0.001984 0.032091 -0.000247
v 0.001985 0.032100 -0.000247
v 0.001992 0.032100 -0.000174
v 0.001999 0.032100 -0.000074
v 0.001983 0.032083 -0.000247
v 0.001954 0.032083 -0.000419
v 0.001910 0.032083 -0.000588
v 0.001852 0.032083 -0.000752
v 0.001779 0.032083 -0.000911
v 0.001693 0.032083 -0.001062
v 0.001594 0.032083 -0.001206
v 0.001483 0.032083 -0.001340
v 0.001360 0.032083 -0.001464
v 0.001227 0.032083 -0.001577
v 0.001085 0.032083 -0.001678
v 0.000935 0.032083 -0.001766
v 0.000777 0.032083 -0.001841
v 0.000614 0.032083 -0.001902
v 0.000446 0.032083 -0.001948
v 0.000274 0.032083 -0.001980
v 0.000101 0.032083 -0.001996
v -0.000074 0.032083 -0.001997
v -0.000247 0.032083 -0.001983
v -0.000419 0.032083 -0.001954
v -0.000588 0.032083 -0.001910
v -0.000752 0.032083 -0.001852
v -0.000911 0.032083 -0.001779
v -0.001062 0.032083 -0.001693
v -0.001206 0.032083 -0.001594
v -0.001340 0.032083 -0.001483
v -0.001464 0.032083 -0.001360
v -0.001577 0.032083 -0.001227
v -0.001678 0.032083 -0.001085
v -0.001766 0.032083 -0.000935
v -0.001841 0.032083 -0.000777
v -0.001902 0.032083 -0.000614
v -0.001948 0.032083 -0.000446
v -0.001980 0.032083 -0.000274
v -0.001996 0.032083 -0.000101
v -0.001997 0.032083 0.000074
v -0.001983 0.032083 0.000247
v -0.001954 0.032083 0.000419
v -0.001910 0.032083 0.000588
v -0.001852 0.032083 0.000752
v -0.001779 0.032083 0.000911
v -0.001693 0.032083 0.001062
v -0.001594 0.032083 0.001206
v -0.001483 0.032083 0.001340
v -0.001360 0.032083 0.001464
v -0.001227 0.032083 0.001577
v -0.001085 0.032083 0.001678
v -0.000935 0.032083 0.001766
v -0.000777 0.032083 0.001841
v -0.000614 0.032083 0.001902
v -0.000446 0.032083 0.001948
v -0.000274 0.032083 0.001980
v -0.000101 0.032083 0.001996
v 0.000074 0.032083 0.001997
v 0.000247 0.032083 0.001983
v 0.000419 0.032083 0.001954
v 0.000588 0.032083 0.001910
v 0.000752 0.032083 0.001852
v 0.000911 0.032083 0.001779
v 0.001062 0.032083 0.001693
v 0.001206 0.032083 0.001594
v 0.001340 0.032083 0.001483
v 0.001464 0.032083 0.001360
v 0.001577 0.032083 0.001227
v 0.001678 0.032083 0.001085
v 0.001766 0.032083 0.000935
v 0.001841 0.032083 0.000777
v 0.001902 0.032083 0.000614
v 0.001948 0.032083 0.000446
v 0.001980 0.032083 0.000274
v 0.001996 0.032083 0.000101
v 0.001997 0.032083 -0.000074
v 0.001981 0.032074 -0.000247
v 0.001952 0.032074 -0.000419
v 0.001908 0.032074 -0.000587
v 0.001850 0.032074 -0.000751
v 0.001777 0.032074 -0.000910
v 0.001691 0.032074 -0.001061
v 0.001592 0.032074 -0.001205
v 0.001481 0.032074 -0.001339
v 0.001359 0.032074 -0.001463
v 0.001226 0.032074 -0.001576
v 0.001084 0.032074 -0.001677
v 0.000934 0.032074 -0.001765
v 0.000777 0.032074 -0.001839
v 0.000613 0.032074 -0.001900
v 0.000445 0.032074 -0.001946
v 0.000274 0.032074 -0.001978
v 0.000101 0.032074 -0.001994
v -0.000073 0.032074 -0.001995
v -0.000247 0.032074 -0.001981
v -0.000419 0.032074 -0.001952
v -0.000587 0.032074 -0.001908
v -0.000751 0.032074 -0.001850
v -0.000910 0.032074 -0.001777
v -0.001061 0.032074 -0.001691
v -0.001205 0.032074 -0.001592
v -0.001339 0.032074 -0.001481
v -0.001463 0.032074 -0.001359
v -0.001576 0.032074 -0.001226
v -0.001677 0.032074 -0.001084
v -0.001765 0.032074 -0.000934
v -0.001839 0.032074 -0.000777
v -0.001900 0.032074 -0.000613
v -0.001946 0.032074 -0.000445
v -0.001978 0.032074 -0.000274
v -0.001994 0.032074 -0.000101
v -0.001995 0.032074 0.000073
v -0.001981 0.032074 0.000247
v -0.001952 0.032074 0.000419
v -0.001908 0.032074 0.000587
v -0.001850 0.032074 0.000751
v -0.001777 0.032074 0.000910
v -0.001691 0.032074 0.001061
v -0.001592 0.032074 0.001205
v -0.001481 0.032074 0.001339
v -0.001359 0.032074 0.001463
v -0.001226 0.032074 0.001576
v -0.001084 0.032074 0.001677
v -0.000934 0.032074 0.001765
v -0.000777 0.032074 0.001839
v -0.000613 0.032074 0.001900
v -0.000445 0.032074 0.001946
v -0.000274 0.032074 0.001978
v -0.000101 0.032074 0.001994
v 0.000073 0.032074 0.001995
v 0.000247 0.032074 0.001981
v 0.000419 0.032074 0.001952
v 0.000587 0.032074 0.001908
v 0.000751 0.032074 0.001850
v 0.000910 0.032074 0.001777
v 0.001061 0.032074 0.001691
v 0.001205 0.032074 0.001592
v 0.001339 0.032074 0.001481
v 0.001463 0.032074 0.001359
v 0.001576 0.032074 0.001226
v 0.001677 0.032074 0.001084
v 0.001765 0.032074 0.000934
v 0.001839 0.032074 0.000777
v 0.001900 0.032074 0.000613
v 0.001946 0.032074 0.000445
v 0.001978 0.032074 0.000274
v 0.001994 0.032074 0.000101
v 0.001995 0.032074 -0.000073
v 0.001979 0.032066 -0.000247
v 0.001950 0.032066 -0.000418
v 0.001906 0.032066 -0.000587
v 0.001847 0.032066 -0.000750
v 0.001775 0.032066 -0.000909
v 0.001689 0.032066 -0.001060
v 0.001590 0.032066 -0.001203
v 0.001479 0.032066 -0.001337
v 0.001357 0.032066 -0.001461
v 0.001225 0.032066 -0.001574
v 0.001083 0.032066 -0.001674
v 0.000933 0.032066 -0.001762
v 0.000776 0.032066 -0.001837
v 0.000613 0.032066 -0.001898
v 0.000445 0.032066 -0.001944
v 0.000274 0.032066 -0.001975
v 0.000101 0.032066 -0.001991
v -0.000073 0.032066 -0.001993
v -0.000247 0.032066 -0.001979
v -0.000418 0.032066 -0.001950
v -0.000587 0.032066 -0.001906
v -0.000750 0.032066 -0.001847
v -0.000909 0.032066 -0.001775
v -0.001060 0.032066 -0.001689
v -0.001203 0.032066 -0.001590
v -0.001337 0.032066 -0.001479
v -0.001461 0.032066 -0.001357
v -0.001574 0.032066 -0.001225
v -0.001674 0.032066 -0.001083
v -0.001762 0.032066 -0.000933
v -0.001837 0.032066 -0.000776
v -0.001898 0.032066 -0.000613
v -0.001944 0.032066 -0.000445
v -0.001975 0.032066 -0.000274
v -0.001991 0.032066 -0.000101
v -0.001993 0.032066 0.000073
v -0.001979 0.032066 0.000247
v -0.001950 0.032066 0.000418
v -0.001906 0.032066 0.000587
v -0.001847 0.032066 0.000750
v -0.001775 0.032066 0.000909
v -0.001689 0.032066 0.001060
v -0.001590 0.032066 0.001203
v -0.001479 0.032066 0.001337
v -0.001357 0.032066 0.001461
v -0.001225 0.032066 0.001574
v -0.001083 0.032066 0.001674
v -0.000933 0.032066 0.001762
v -0.000776 0.032066 0.001837
v -0.000613 0.032066 0.001898
v -0.000445 0.032066 0.001944
v -0.000274 0.032066 0.001975
v -0.000101 0.032066 0.001991
v 0.000073 0.032066 0.001993
v 0.000247 0.032066 0.001979
v 0.000418 0.032066 0.001950
v 0.000587 0.032066 0.001906
v 0.000750 0.032066 0.001847
v 0.000909 0.032066 0.001775
v 0.001060 0.032066 0.001689
v 0.001203 0.032066 0.001590
v 0.001337 0.032066 0.001479
v 0.001461 0.032066 0.001357
v 0.001574 0.032066 0.001225
v 0.001674 0.032066 0.001083
v 0.001762 0.032066 0.000933
v 0.001837 0.032066 0.000776
v 0.001898 0.032066 0.000613
v 0.001944 0.032066 0.000445
v 0.001975 0.032066 0.000274
v 0.001991 0.032066 0.000101
v 0.001993 0.032066 -0.000073
v 0.001975 0.032058 -0.000246
v 0.001946 0.032058 -0.000418
v 0.001903 0.032058 -0.000586
v 0.001844 0.032058 -0.000749
v 0.001772 0.032058 -0.000907
v 0.001686 0.032058 -0.001058
v 0.001588 0.032058 -0.001201
v 0.001477 0.032058 -0.001335
v 0.001355 0.032058 -0.001458
v 0.001223 0.032058 -0.001571
v 0.001081 0.032058 -0.001672
v 0.000931 0.032058 -0.001759
v 0.000774 0.032058 -0.001834
v 0.000612 0.032058 -0.001894
v 0.000444 0.032058 -0.001940
v 0.000273 0.032058 -0.001972
v 0.000100 0.032058 -0.001988
v -0.000073 0.032058 -0.001989
v -0.000246 0.032058 -0.001975
v -0.000418 0.032058 -0.001946
v -0.000586 0.032058 -0.001903
v -0.000749 0.032058 -0.001844
v -0.000907 0.032058 -0.001772
v -0.001058 0.032058 -0.001686
v -0.001201 0.032058 -0.001588
v -0.001335 0.032058 -0.001477
v -0.001458 0.032058 -0.001355
v -0.001571 0.032058 -0.001223
v -0.001672 0.032058 -0.001081
v -0.001759 0.032058 -0.000931
v -0.001834 0.032058 -0.000774
v -0.001894 0.032058 -0.000612
v -0.001940 0.032058 -0.000444
v -0.001972 0.032058 -0.000273
v -0.001988 0.032058 -0.000100
v -0.001989 0.032058 0.000073
v -0.001975 0.032058 0.000246
v -0.001946 0.032058 0.000418
v -0.001903 0.032058 0.000586
v -0.001844 0.032058 0.000749
v -0.001772 0.032058 0.000907
v -0.001686 0.032058 0.001058
v -0.001588 0.032058 0.001201
v -0.001477 0.032058 0.001335
v -0.001355 0.032058 0.001458
v -0.001223 0.032058 0.001571
v -0.001081 0.032058 0.001672
v -0.000931 0.032058 0.001759
v -0.000774 0.032058 0.001834
v -0.000612 0.032058 0.001894
v -0.000444 0.032058 0.001940
v -0.000273 0.032058 0.001972
v -0.000100 0.032058 0.001988
v 0.000073 0.032058 0.001989
v 0.000246 0.032058 0.001975
v 0.000418 0.032058 0.001946
v 0.000586 0.032058 0.001903
v 0.000749 0.032058 0.001844
v 0.000907 0.032058 0.001772
v 0.001058 0.032058 0.001686
v 0.001201 0.032058 0.001588
v 0.001335 0.032058 0.001477
v 0.001458 0.032058 0.001355
v 0.001571 0.032058 0.001223
v 0.001672 0.032058 0.001081
v 0.001759 0.032058 0.000931
v 0.001834 0.032058 0.000774
v 0.001894 0.032058 0.000612
v 0.001940 0.032058 0.000444
v 0.001972 0.032058 0.000273
v 0.001988 0.032058 0.000100
v 0.001989 0.032058 -0.000073
v 0.001971 0.032050 -0.000246
v 0.001942 0.032050 -0.000417
v 0.001899 0.032050 -0.000584
v 0.001841 0.032050 -0.000748
v 0.001768 0.032050 -0.000905
v 0.001683 0.032050 -0.001056
v 0.001584 0.032050 -0.001199
v 0.001474 0.032050 -0.001332
v 0.001352 0.032050 -0.001455
v 0.001220 0.032050 -0.001568
v 0.001079 0.032050 -0.001668
v 0.000929 0.032050 -0.001756
v 0.000773 0.032050 -0.001830
v 0.000610 0.032050 -0.001891
v 0.000443 0.032050 -0.001937
v 0.000273 0.032050 -0.001968
v 0.000100 0.032050 -0.001984
v -0.000073 0.032050 -0.001985
v -0.000246 0.032050 -0.001971
v -0.000417 0.032050 -0.001942
v -0.000584 0.032050 -0.001899
v -0.000748 0.032050 -0.001841
v -0.000905 0.032050 -0.001768
v -0.001056 0.032050 -0.001683
v -0.001199 0.032050 -0.001584
v -0.001332 0.032050 -0.001474
v -0.001455 0.032050 -0.001352
v -0.001568 0.032050 -0.001220
v -0.001668 0.032050 -0.001079
v -0.001756 0.032050 -0.000929
v -0.001830 0.032050 -0.000773
v -0.001891 0.032050 -0.000610
v -0.001937 0.032050 -0.000443
v -0.001968 0.032050 -0.000273
v -0.001984 0.032050 -0.000100
v -0.001985 0.032050 0.000073
v -0.001971 0.032050 0.000246
v -0.001942 0.032050 0.000417
v -0.001899 0.032050 0.000584
v -0.001841 0.032050 0.000748
v -0.001768 0.032050 0.000905
v -0.001683 0.032050 0.001056
v -0.001584 0.032050 0.001199
v -0.001474 0.032050 0.001332
v -0.001352 0.032050 0.001455
v -0.001220 0.032050 0.001568
v -0.001079 0.032050 0.001668
v -0.000929 0.032050 0.001756
v -0.000773 0.032050 0.001830
v -0.000610 0.032050 0.001891
v -0.000443 0.032050 0.001937
v -0.000273 0.032050 0.001968
v -0.000100 0.032050 0.001984
v 0.000073 0.032050 0.001985
v 0.000246 0.032050 0.001971
v 0.000417 0.032050 0.001942
v 0.000584 0.032050 0.001899
v 0.000748 0.032050 0.001841
v 0.000905 0.032050 0.001768
v 0.001056 0.032050 0.001683
v 0.001199 0.032050 0.001584
v 0.001332 0.032050 0.001474
v 0.001455 0.032050 0.001352
v 0.001568 0.032050 0.001220
v 0.001668 0.032050 0.001079
v 0.001756 0.032050 0.000929
v 0.001830 0.032050 0.000773
v 0.001891 0.032050 0.000610
v 0.001937 0.032050 0.000443
v 0.001968 0.032050 0.000273
v 0.001984 0.032050 0.000100
v 0.001985 0.032050 -0.000073
v 0.001967 0.032043 -0.000245
v 0.001938 0.032043 -0.000416
v 0.001894 0.032043 -0.000583
v 0.001836 0.032043 -0.000746
v 0.001764 0.032043 -0.000903
v 0.001679 0.032043 -0.001053
v 0.001581 0.032043 -0.001196
v 0.001470 0.032043 -0.001329
v 0.001349 0.032043 -0.001452
v 0.001217 0.032043 -0.001564
v 0.001076 0.032043 -0.001664
v 0.000927 0.032043 -0.001752
v 0.000771 0.032043 -0.001826
v 0.000609 0.032043 -0.001886
v 0.000442 0.032043 -0.001932
v 0.000272 0.032043 -0.001963
v 0.000100 0.032043 -0.001979
v -0.000073 0.032043 -0.001981
v -0.000245 0.032043 -0.001967
v -0.000416 0.032043 -0.001938
v -0.000583 0.032043 -0.001894
v -0.000746 0.032043 -0.001836
v -0.000903 0.032043 -0.001764
v -0.001053 0.032043 -0.001679
v -0.001196 0.032043 -0.001581
v -0.001329 0.032043 -0.001470
v -0.001452 0.032043 -0.001349
v -0.001564 0.032043 -0.001217
v -0.001664 0.032043 -0.001076
v -0.001752 0.032043 -0.000927
v -0.001826 0.032043 -0.000771
v -0.001886 0.032043 -0.000609
v -0.001932 0.032043 -0.000442
v -0.001963 0.032043 -0.000272
v -0.001979 0.032043 -0.000100
v -0.001981 0.032043 0.000073
v -0.001967 0.032043 0.000245
v -0.001938 0.032043 0.000416
v -0.001894 0.032043 0.000583
v -0.001836 0.032043 0.000746
v -0.001764 0.032043 0.000903
v -0.001679 0.032043 0.001053
v -0.001581 0.032043 0.001196
v -0.001470 0.032043 0.001329
v -0.001349 0.032043 0.001452
v -0.001217 0.032043 0.001564
v -0.001076 0.032043 0.001664
v -0.000927 0.032043 0.001752
v -0.000771 0.032043 0.001826
v -0.000609 0.032043 0.001886
v -0.000442 0.032043 0.001932
v -0.000272 0.032043 0.001963
v -0.000100 0.032043 0.001979
v 0.000073 0.032043 0.001981
v 0.000245 0.032043 0.001967
v 0.000416 0.032043 0.001938
v 0.000583 0.032043 0.001894
v 0.000746 0.032043 0.001836
v 0.000903 0.032043 0.001764
v 0.001053 0.032043 0.001679
v 0.001196 0.032043 0.001581
v 0.001329 0.032043 0.001470
v 0.001452 0.032043 0.001349
v 0.001564 0.032043 0.001217
v 0.001664 0.032043 0.001076
v 0.001752 0.032043 0.000927
v 0.001826 0.032043 0.000771
v 0.001886 0.032043 0.000609
v 0.001932 0.032043 0.000442
v 0.001963 0.032043 0.000272
v 0.001979 0.032043 0.000100
v 0.001981 0.032043 -0.000073
v 0.001961 0.032036 -0.000245
v 0.001933 0.032036 -0.000415
v 0.001889 0.032036 -0.000581
v 0.001831 0.032036 -0.000744
v 0.001759 0.032036 -0.000901
v 0.001674 0.032036 -0.001051
v 0.001576 0.032036 -0.001193
v 0.001466 0.032036 -0.001325
v 0.001345 0.032036 -0.001448
v 0.001214 0.032036 -0.001560
v 0.001073 0.032036 -0.001660
v 0.000925 0.032036 -0.001747
v 0.000769 0.032036 -0.001821
v 0.000607 0.032036 -0.001881
v 0.000441 0.032036 -0.001927
v 0.000271 0.032036 -0.001958
v 0.000100 0.032036 -0.001974
v -0.000073 0.032036 -0.001975
v -0.000245 0.032036 -0.001961
v -0.000415 0.032036 -0.001933
v -0.000581 0.032036 -0.001889
v -0.000744 0.032036 -0.001831
v -0.000901 0.032036 -0.001759
v -0.001051 0.032036 -0.001674
v -0.001193 0.032036 -0.001576
v -0.001325 0.032036 -0.001466
v -0.001448 0.032036 -0.001345
v -0.001560 0.032036 -0.001214
v -0.001660 0.032036 -0.001073
v -0.001747 0.032036 -0.000925
v -0.001821 0.032036 -0.000769
v -0.001881 0.032036 -0.000607
v -0.001927 0.032036 -0.000441
v -0.001958 0.032036 -0.000271
v -0.001974 0.032036 -0.000100
v -0.001975 0.032036 0.000073
v -0.001961 0.032036 0.000245
v -0.001933 0.032036 0.000415
v -0.001889 0.032036 0.000581
v -0.001831 0.032036 0.000744
v -0.001759 0.032036 0.000901
v -0.001674 0.032036 0.001051
v -0.001576 0.032036 0.001193
v -0.001466 0.032036 0.001325
v -0.001345 0.032036 0.001448
v -0.001214 0.032036 0.001560
v -0.001073 0.032036 0.001660
v -0.000925 0.032036 0.001747
v -0.000769 0.032036 0.001821
v -0.000607 0.032036 0.001881
v -0.000441 0.032036 0.001927
v -0.000271 0.032036 0.001958
v -0.000100 0.032036 0.001974
v 0.000073 0.032036 0.001975
v 0.000245 0.032036 0.001961
v 0.000415 0.032036 0.001933
v 0.000581 0.032036 0.001889
v 0.000744 0.032036 0.001831
v 0.000901 0.032036 0.001759
v 0.001051 0.032036 0.001674
v 0.001193 0.032036 0.001576
v 0.001325 0.032036 0.001466
v 0.001448 0.032036 0.001345
v 0.001560 0.032036 0.001214
v 0.001660 0.032036 0.001073
v 0.001747 0.032036 0.000925
v 0.001821 0.032036 0.000769
v 0.001881 0.032036 0.000607
v 0.001927 0.032036 0.000441
v 0.001958 0.032036 0.000271
v 0.001974 0.032036 0.000100
v 0.001975 0.032036 -0.000073
v 0.001956 0.032029 -0.000244
v 0.001927 0.032029 -0.000413
v 0.001884 0.032029 -0.000580
v 0.001826 0.032029 -0.000742
v 0.001754 0.032029 -0.000898
v 0.001669 0.032029 -0.001047
v 0.001572 0.032029 -0.001189
v 0.001462 0.032029 -0.001321
v 0.001341 0.032029 -0.001444
v 0.001210 0.032029 -0.001555
v 0.001070 0.032029 -0.001655
v 0.000922 0.032029 -0.001742
v 0.000767 0.032029 -0.001815
v 0.000605 0.032029 -0.001875
v 0.000440 0.032029 -0.001921
v 0.000271 0.032029 -0.001952
v 0.000099 0.032029 -0.001968
v -0.000072 0.032029 -0.001969
v -0.000244 0.032029 -0.001956
v -0.000413 0.032029 -0.001927
v -0.000580 0.032029 -0.001884
v -0.000742 0.032029 -0.001826
v -0.000898 0.032029 -0.001754
v -0.001047 0.032029 -0.001669
v -0.001189 0.032029 -0.001572
v -0.001321 0.032029 -0.001462
v -0.001444 0.032029 -0.001341
v -0.001555 0.032029 -0.001210
v -0.001655 0.032029 -0.001070
v -0.001742 0.032029 -0.000922
v -0.001815 0.032029 -0.000767
v -0.001875 0.032029 -0.000605
v -0.001921 0.032029 -0.000440
v -0.001952 0.032029 -0.000271
v -0.001968 0.032029 -0.000099
v -0.001969 0.032029 0.000072
v -0.001956 0.032029 0.000244
v -0.001927 0.032029 0.000413
v -0.001884 0.032029 0.000580
v -0.001826 0.032029 0.000742
v -0.001754 0.032029 0.000898
v -0.001669 0.032029 0.001047
v -0.001572 0.032029 0.001189
v -0.001462 0.032029 0.001321
v -0.001341 0.032029 0.001444
v -0.001210 0.032029 0.001555
v -0.001070 0.032029 0.001655
v -0.000922 0.032029 0.001742
v -0.000767 0.032029 0.001815
v -0.000605 0.032029 0.001875
v -0.000440 0.032029 0.001921
v -0.000271 0.032029 0.001952
v -0.000099 0.032029 0.001968
v 0.000072 0.032029 0.001969
v 0.000244 0.032029 0.001956
v 0.000413 0.032029 0.001927
v 0.000580 0.032029 0.001884
v 0.000742 0.032029 0.001826
v 0.000898 0.032029 0.001754
v 0.001047 0.032029 0.001669
v 0.001189 0.032029 0.001572
v 0.001321 0.032029 0.001462
v 0.001444 0.032029 0.001341
v 0.001555 0.032029 0.001210
v 0.001655 0.032029 0.001070
v 0.001742 0.032029 0.000922
v 0.001815 0.032029 0.000767
v 0.001875 0.032029 0.000605
v 0.001921 0.032029 0.000440
v 0.001952 0.032029 0.000271
v 0.001968 0.032029 0.000099
v 0.001969 0.032029 -0.000072
v 0.001949 0.032023 -0.000243
v 0.001921 0.032023 -0.000412
v 0.001877 0.032023 -0.000578
v 0.001820 0.032023 -0.000739
v 0.001749 0.032023 -0.000895
v 0.001664 0.032023 -0.001044
v 0.001567 0.032023 -0.001185
v 0.001457 0.032023 -0.001317
v 0.001337 0.032023 -0.001439
v 0.001206 0.032023 -0.001550
v 0.001067 0.032023 -0.001649
v 0.000919 0.032023 -0.001736
v 0.000764 0.032023 -0.001810
v 0.000603 0.032023 -0.001869
v 0.000438 0.032023 -0.001915
v 0.000270 0.032023 -0.001946
v 0.000099 0.032023 -0.001962
v -0.000072 0.032023 -0.001963
v -0.000243 0.032023 -0.001949
v -0.000412 0.032023 -0.001921
v -0.000578 0.032023 -0.001877
v -0.000739 0.032023 -0.001820
v -0.000895 0.032023 -0.001749
v -0.001044 0.032023 -0.001664
v -0.001185 0.032023 -0.001567
v -0.001317 0.032023 -0.001457
v -0.001439 0.032023 -0.001337
v -0.001550 0.032023 -0.001206
v -0.001649 0.032023 -0.001067
v -0.001736 0.032023 -0.000919
v -0.001810 0.032023 -0.000764
v -0.001869 0.032023 -0.000603
v -0.001915 0.032023 -0.000438
v -0.001946 0.032023 -0.000270
v -0.001962 0.032023 -0.000099
v -0.001963 0.032023 0.000072
v -0.001949 0.032023 0.000243
v -0.001921 0.032023 0.000412
v -0.001877 0.032023 0.000578
v -0.001820 0.032023 0.000739
v -0.001749 0.032023 0.000895
v -0.001664 0.032023 0.001044
v -0.001567 0.032023 0.001185
v -0.001457 0.032023 0.001317
v -0.001337 0.032023 0.001439
v -0.001206 0.032023 0.001550
v -0.001067 0.032023 0.001649
v -0.000919 0.032023 0.001736
v -0.000764 0.032023 0.001810
v -0.000603 0.032023 0.001869
v -0.000438 0.032023 0.001915
v -0.000270 0.032023 0.001946
v -0.000099 0.032023 0.001962
v 0.000072 0.032023 0.001963
v 0.000243 0.032023 0.001949
v 0.000412 0.032023 0.001921
v 0.000578 0.032023 0.001877
v 0.000739 0.032023 0.001820
v 0.000895 0.032023 0.001749
v 0.001044 0.032023 0.001664
v 0.001185 0.032023 0.001567
v 0.001317 0.032023 0.001457
v 0.001439 0.032023 0.001337
v 0.001550 0.032023 0.001206
v 0.001649 0.032023 0.001067
v 0.001736 0.032023 0.000919
v 0.001810 0.032023 0.000764
v 0.001869 0.032023 0.000603
v 0.001915 0.032023 0.000438
v 0.001946 0.032023 0.000270
v 0.001962 0.032023 0.000099
v 0.001963 0.032023 -0.000072
v 0.001942 0.032018 -0.000242
v 0.001914 0.032018 -0.000411
v 0.001871 0.032018 -0.000576
v 0.001813 0.032018 -0.000737
v 0.001742 0.032018 -0.000892
v 0.001658 0.032018 -0.001040
v 0.001561 0.032018 -0.001181
v 0.001452 0.032018 -0.001312
v 0.001332 0.032018 -0.001434
v 0.001202 0.032018 -0.001545
v 0.001063 0.032018 -0.001644
v 0.000916 0.032018 -0.001730
v 0.000761 0.032018 -0.001803
v 0.000601 0.032018 -0.001863
v 0.000437 0.032018 -0.001908
v 0.000269 0.032018 -0.001939
v 0.000099 0.032018 -0.001955
v -0.000072 0.032018 -0.001956
v -0.000242 0.032018 -0.001942
v -0.000411 0.032018 -0.001914
v -0.000576 0.032018 -0.001871
v -0.000737 0.032018 -0.001813
v -0.000892 0.032018 -0.001742
v -0.001040 0.032018 -0.001658
v -0.001181 0.032018 -0.001561
v -0.001312 0.032018 -0.001452
v -0.001434 0.032018 -0.001332
v -0.001545 0.032018 -0.001202
v -0.001644 0.032018 -0.001063
v -0.001730 0.032018 -0.000916
v -0.001803 0.032018 -0.000761
v -0.001863 0.032018 -0.000601
v -0.001908 0.032018 -0.000437
v -0.001939 0.032018 -0.000269
v -0.001955 0.032018 -0.000099
v -0.001956 0.032018 0.000072
v -0.001942 0.032018 0.000242
v -0.001914 0.032018 0.000411
v -0.001871 0.032018 0.000576
v -0.001813 0.032018 0.000737
v -0.001742 0.032018 0.000892
v -0.001658 0.032018 0.001040
v -0.001561 0.032018 0.001181
v -0.001452 0.032018 0.001312
v -0.001332 0.032018 0.001434
v -0.001202 0.032018 0.001545
v -0.001063 0.032018 0.001644
v -0.000916 0.032018 0.001730
v -0.000761 0.032018 0.001803
v -0.000601 0.032018 0.001863
v -0.000437 0.032018 0.001908
v -0.000269 0.032018 0.001939
v -0.000099 0.032018 0.001955
v 0.000072 0.032018 0.001956
v 0.000242 0.032018 0.001942
v 0.000411 0.032018 0.001914
v 0.000576 0.032018 0.001871
v 0.000737 0.032018 0.001813
v 0.000892 0.032018 0.001742
v 0.001040 0.032018 0.001658
v 0.001181 0.032018 0.001561
v 0.001312 0.032018 0.001452
v 0.001434 0.032018 0.001332
v 0.001545 0.032018 0.001202
v 0.001644 0.032018 0.001063
v 0.001730 0.032018 0.000916
v 0.001803 0.032018 0.000761
v 0.001863 0.032018 0.000601
v 0.001908 0.032018 0.000437
v 0.001939 0.032018 0.000269
v 0.001955 0.032018 0.000099
v 0.001956 0.032018 -0.000072
v 0.001935 0.032013 -0.000241
v 0.001907 0.032013 -0.000409
v 0.001864 0.032013 -0.000574
v 0.001807 0.032013 -0.000734
v 0.001736 0.032013 -0.000889
v 0.001652 0.032013 -0.001036
v 0.001555 0.032013 -0.001176
v 0.001447 0.032013 -0.001308
v 0.001327 0.032013 -0.001429
v 0.001198 0.032013 -0.001539
v 0.001059 0.032013 -0.001637
v 0.000912 0.032013 -0.001723
v 0.000759 0.032013 -0.001796
v 0.000599 0.032013 -0.001856
v 0.000435 0.032013 -0.001901
v 0.000268 0.032013 -0.001932
v 0.000098 0.032013 -0.001948
v -0.000072 0.032013 -0.001949
v -0.000241 0.032013 -0.001935
v -0.000409 0.032013 -0.001907
v -0.000574 0.032013 -0.001864
v -0.000734 0.032013 -0.001807
v -0.000889 0.032013 -0.001736
v -0.001036 0.032013 -0.001652
v -0.001176 0.032013 -0.001555
v -0.001308 0.032013 -0.001447
v -0.001429 0.032013 -0.001327
v -0.001539 0.032013 -0.001198
v -0.001637 0.032013 -0.001059
v -0.001723 0.032013 -0.000912
v -0.001796 0.032013 -0.000759
v -0.001856 0.032013 -0.000599
v -0.001901 0.032013 -0.000435
v -0.001932 0.032013 -0.000268
v -0.001948 0.032013 -0.000098
v -0.001949 0.032013 0.000072
v -0.001935 0.032013 0.000241
v -0.001907 0.032013 0.000409
v -0.001864 0.032013 0.000574
v -0.001807 0.032013 0.000734
v -0.001736 0.032013 0.000889
v -0.001652 0.032013 0.001036
v -0.001555 0.032013 0.001176
v -0.001447 0.032013 0.001308
v -0.001327 0.032013 0.001429
v -0.001198 0.032013 0.001539
v -0.001059 0.032013 0.001637
v -0.000912 0.032013 0.001723
v -0.000759 0.032013 0.001796
v -0.000599 0.032013 0.001856
v -0.000435 0.032013 0.001901
v -0.000268 0.032013 0.001932
v -0.000098 0.032013 0.001948
v 0.000072 0.032013 0.001949
v 0.000241 0.032013 0.001935
v 0.000409 0.032013 0.001907
v 0.000574 0.032013 0.001864
v 0.000734 0.032013 0.001807
v 0.000889 0.032013 0.001736
v 0.001036 0.032013 0.001652
v 0.001176 0.032013 0.001555
v 0.001308 0.032013 0.001447
v 0.001429 0.032013 0.001327
v 0.001539 0.032013 0.001198
v 0.001637 0.032013 0.001059
v 0.001723 0.032013 0.000912
v 0.001796 0.032013 0.000759
v 0.001856 0.032013 0.000599
v 0.001901 0.032013 0.000435
v 0.001932 0.032013 0.000268
v 0.001948 0.032013 0.000098
v 0.001949 0.032013 -0.000072
v 0.001927 0.032009 -0.000240
v 0.001899 0.032009 -0.000407
v 0.001856 0.032009 -0.000571
v 0.001799 0.032009 -0.000731
v 0.001729 0.032009 -0.000885
v 0.001645 0.032009 -0.001032
v 0.001549 0.032009 -0.001172
v 0.001441 0.032009 -0.001302
v 0.001322 0.032009 -0.001423
v 0.001193 0.032009 -0.001533
v 0.001055 0.032009 -0.001631
v 0.000909 0.032009 -0.001717
v 0.000756 0.032009 -0.001789
v 0.000597 0.032009 -0.001848
v 0.000433 0.032009 -0.001893
v 0.000267 0.032009 -0.001924
v 0.000098 0.032009 -0.001940
v -0.000071 0.032009 -0.001941
v -0.000240 0.032009 -0.001927
v -0.000407 0.032009 -0.001899
v -0.000571 0.032009 -0.001856
v -0.000731 0.032009 -0.001799
v -0.000885 0.032009 -0.001729
v -0.001032 0.032009 -0.001645
v -0.001172 0.032009 -0.001549
v -0.001302 0.032009 -0.001441
v -0.001423 0.032009 -0.001322
v -0.001533 0.032009 -0.001193
v -0.001631 0.032009 -0.001055
v -0.001717 0.032009 -0.000909
v -0.001789 0.032009 -0.000756
v -0.001848 0.032009 -0.000597
v -0.001893 0.032009 -0.000433
v -0.001924 0.032009 -0.000267
v -0.001940 0.032009 -0.000098
v -0.001941 0.032009 0.000071
v -0.001927 0.032009 0.000240
v -0.001899 0.032009 0.000407
v -0.001856 0.032009 0.000571
v -0.001799 0.032009 0.000731
v -0.001729 0.032009 0.000885
v -0.001645 0.032009 0.001032
v -0.001549 0.032009 0.001172
v -0.001441 0.032009 0.001302
v -0.001322 0.032009 0.001423
v -0.001193 0.032009 0.001533
v -0.001055 0.032009 0.001631
v -0.000909 0.032009 0.001717
v -0.000756 0.032009 0.001789
v -0.000597 0.032009 0.001848
v -0.000433 0.032009 0.001893
v -0.000267 0.032009 0.001924
v -0.000098 0.032009 0.001940
v 0.000071 0.032009 0.001941
v 0.000240 0.032009 0.001927
v 0.000407 0.032009 0.001899
v 0.000571 0.032009 0.001856
v 0.000731 0.032009 0.001799
v 0.000885 0.032009 0.001729
v 0.001032 0.032009 0.001645
v 0.001172 0.032009 0.001549
v 0.001302 0.032009 0.001441
v 0.001423 0.032009 0.001322
v 0.001533 0.032009 0.001193
v 0.001631 0.032009 0.001055
v 0.001717 0.032009 0.000909
v 0.001789 0.032009 0.000756
v 0.001848 0.032009 0.000597
v 0.001893 0.032009 0.000433
v 0.001924 0.032009 0.000267
v 0.001940 0.032009 0.000098
v 0.001941 0.032009 -0.000071
v 0.001919 0.032006 -0.000239
v 0.001891 0.032006 -0.000406
v 0.001849 0.032006 -0.000569
v 0.001792 0.032006 -0.000728
v 0.001722 0.032006 -0.000881
v 0.001638 0.032006 -0.001028
v 0.001543 0.032006 -0.001167
v 0.001435 0.032006 -0.001297
v 0.001316 0.032006 -0.001417
v 0.001188 0.032006 -0.001526
v 0.001050 0.032006 -0.001624
v 0.000905 0.032006 -0.001710
v 0.000752 0.032006 -0.001782
v 0.000594 0.032006 -0.001841
v 0.000432 0.032006 -0.001885
v 0.000266 0.032006 -0.001916
v 0.000098 0.032006 -0.001932
v -0.000071 0.032006 -0.001933
v -0.000239 0.032006 -0.001919
v -0.000406 0.032006 -0.001891
v -0.000569 0.032006 -0.001849
v -0.000728 0.032006 -0.001792
v -0.000881 0.032006 -0.001722
v -0.001028 0.032006 -0.001638
v -0.001167 0.032006 -0.001543
v -0.001297 0.032006 -0.001435
v -0.001417 0.032006 -0.001316
v -0.001526 0.032006 -0.001188
v -0.001624 0.032006 -0.001050
v -0.001710 0.032006 -0.000905
v -0.001782 0.032006 -0.000752
v -0.001841 0.032006 -0.000594
v -0.001885 0.032006 -0.000432
v -0.001916 0.032006 -0.000266
v -0.001932 0.032006 -0.000098
v -0.001933 0.032006 0.000071
v -0.001919 0.032006 0.000239
v -0.001891 0.032006 0.000406
v -0.001849 0.032006 0.000569
v -0.001792 0.032006 0.000728
v -0.001722 0.032006 0.000881
v -0.001638 0.032006 0.001028
v -0.001543 0.032006 0.001167
v -0.001435 0.032006 0.001297
v -0.001316 0.032006 0.001417
v -0.001188 0.032006 0.001526
v -0.001050 0.032006 0.001624
v -0.000905 0.032006 0.001710
v -0.000752 0.032006 0.001782
v -0.000594 0.032006 0.001841
v -0.000432 0.032006 0.001885
v -0.000266 0.032006 0.001916
v -0.000098 0.032006 0.001932
v 0.000071 0.032006 0.001933
v 0.000239 0.032006 0.001919
v 0.000406 0.032006 0.001891
v 0.000569 0.032006 0.001849
v 0.000728 0.032006 0.001792
v 0.000881 0.032006 0.001722
v 0.001028 0.032006 0.001638
v 0.001167 0.032006 0.001543
v 0.001297 0.032006 0.001435
v 0.001417 0.032006 0.001316
v 0.001526 0.032006 0.001188
v 0.001624 0.032006 0.001050
v 0.001710 0.032006 0.000905
v 0.001782 0.032006 0.000752
v 0.001841 0.032006 0.000594
v 0.001885 0.032006 0.000432
v 0.001916 0.032006 0.000266
v 0.001932 0.032006 0.000098
v 0.001933 0.032006 -0.000071
v 0.001911 0.032003 -0.000238
v 0.001883 0.032003 -0.000404
v 0.001841 0.032003 -0.000567
v 0.001784 0.032003 -0.000725
v 0.001714 0.032003 -0.000878
v 0.001631 0.032003 -0.001024
v 0.001536 0.032003 -0.001162
v 0.001429 0.032003 -0.001291
v 0.001311 0.032003 -0.001411
v 0.001183 0.032003 -0.001520
v 0.001046 0.032003 -0.001617
v 0.000901 0.032003 -0.001702
v 0.000749 0.032003 -0.001774
v 0.000592 0.032003 -0.001833
v 0.000430 0.032003 -0.001877
v 0.000264 0.032003 -0.001908
v 0.000097 0.032003 -0.001923
v -0.000071 0.032003 -0.001925
v -0.000238 0.032003 -0.001911
v -0.000404 0.032003 -0.001883
v -0.000567 0.032003 -0.001841
v -0.000725 0.032003 -0.001784
v -0.000878 0.032003 -0.001714
v -0.001024 0.032003 -0.001631
v -0.001162 0.032003 -0.001536
v -0.001291 0.032003 -0.001429
v -0.001411 0.032003 -0.001311
v -0.001520 0.032003 -0.001183
v -0.001617 0.032003 -0.001046
v -0.001702 0.032003 -0.000901
v -0.001774 0.032003 -0.000749
v -0.001833 0.032003 -0.000592
v -0.001877 0.032003 -0.000430
v -0.001908 0.032003 -0.000264
v -0.001923 0.032003 -0.000097
v -0.001925 0.032003 0.000071
v -0.001911 0.032003 0.000238
v -0.001883 0.032003 0.000404
v -0.001841 0.032003 0.000567
v -0.001784 0.032003 0.000725
v -0.001714 0.032003 0.000878
v -0.001631 0.032003 0.001024
v -0.001536 0.032003 0.001162
v -0.001429 0.032003 0.001291
v -0.001311 0.032003 0.001411
v -0.001183 0.032003 0.001520
v -0.001046 0.032003 0.001617
v -0.000901 0.032003 0.001702
v -0.000749 0.032003 0.001774
v -0.000592 0.032003 0.001833
v -0.000430 0.032003 0.001877
v -0.000264 0.032003 0.001908
v -0.000097 0.032003 0.001923
v 0.000071 0.032003 0.001925
v 0.000238 0.032003 0.001911
v 0.000404 0.032003 0.001883
v 0.000567 0.032003 0.001841
v 0.000725 0.032003 0.001784
v 0.000878 0.032003 0.001714
v 0.001024 0.032003 0.001631
v 0.001162 0.032003 0.001536
v 0.001291 0.032003 0.001429
v 0.001411 0.032003 0.001311
v 0.001520 0.032003 0.001183
v 0.001617 0.032003 0.001046
v 0.001702 0.032003 0.000901
v 0.001774 0.032003 0.000749
v 0.001833 0.032003 0.000592
v 0.001877 0.032003 0.000430
v 0.001908 0.032003 0.000264
v 0.001923 0.032003 0.000097
v 0.001925 0.032003 -0.000071
v 0.001903 0.032002 -0.000237
v 0.001875 0.032002 -0.000402
v 0.001833 0.032002 -0.000564
v 0.001776 0.032002 -0.000722
v 0.001707 0.032002 -0.000874
v 0.001624 0.032002 -0.001019
v 0.001529 0.032002 -0.001157
v 0.001422 0.032002 -0.001286
v 0.001305 0.032002 -0.001405
v 0.001178 0.032002 -0.001513
v 0.001041 0.032002 -0.001610
v 0.000897 0.032002 -0.001695
v 0.000746 0.032002 -0.001766
v 0.000589 0.032002 -0.001825
v 0.000428 0.032002 -0.001869
v 0.000263 0.032002 -0.001899
v 0.000097 0.032002 -0.001915
v -0.000071 0.032002 -0.001916
v -0.000237 0.032002 -0.001903
v -0.000402 0.032002 -0.001875
v -0.000564 0.032002 -0.001833
v -0.000722 0.032002 -0.001776
v -0.000874 0.032002 -0.001707
v -0.001019 0.032002 -0.001624
v -0.001157 0.032002 -0.001529
v -0.001286 0.032002 -0.001422
v -0.001405 0.032002 -0.001305
v -0.001513 0.032002 -0.001178
v -0.001610 0.032002 -0.001041
v -0.001695 0.032002 -0.000897
v -0.001766 0.032002 -0.000746
v -0.001825 0.032002 -0.000589
v -0.001869 0.032002 -0.000428
v -0.001899 0.032002 -0.000263
v -0.001915 0.032002 -0.000097
v -0.001916 0.032002 0.000071
v -0.001903 0.032002 0.000237
v -0.001875 0.032002 0.000402
v -0.001833 0.032002 0.000564
v -0.001776 0.032002 0.000722
v -0.001707 0.032002 0.000874
v -0.001624 0.032002 0.001019
v -0.001529 0.032002 0.001157
v -0.001422 0.032002 0.001286
v -0.001305 0.032002 0.001405
v -0.001178 0.032002 0.001513
v -0.001041 0.032002 0.001610
v -0.000897 0.032002 0.001695
v -0.000746 0.032002 0.001766
v -0.000589 0.032002 0.001825
v -0.000428 0.032002 0.001869
v -0.000263 0.032002 0.001899
v -0.000097 0.032002 0.001915
v 0.000071 0.032002 0.001916
v 0.000237 0.032002 0.001903
v 0.000402 0.032002 0.001875
v 0.000564 0.032002 0.001833
v 0.000722 0.032002 0.001776
v 0.000874 0.032002 0.001707
v 0.001019 0.032002 0.001624
v 0.001157 0.032002 0.001529
v 0.001286 0.032002 0.001422
v 0.001405 0.032002 0.001305
v 0.001513 0.032002 0.001178
v 0.001610 0.032002 0.001041
v 0.001695 0.032002 0.000897
v 0.001766 0.032002 0.000746
v 0.001825 0.032002 0.000589
v 0.001869 0.032002 0.000428
v 0.001899 0.032002 0.000263
v 0.001915 0.032002 0.000097
v 0.001916 0.032002 -0.000071
v 0.001894 0.032000 -0.000236
v 0.001866 0.032000 -0.000400
v 0.001824 0.032000 -0.000561
v 0.001768 0.032000 -0.000718
v 0.001699 0.032000 -0.000870
v 0.001617 0.032000 -0.001015
v 0.001522 0.032000 -0.001152
v 0.001416 0.032000 -0.001280
v 0.001299 0.032000 -0.001398
v 0.001172 0.032000 -0.001506
v 0.001037 0.032000 -0.001603
v 0.000893 0.032000 -0.001687
v 0.000742 0.032000 -0.001758
v 0.000586 0.032000 -0.001816
v 0.000426 0.032000 -0.001861
v 0.000262 0.032000 -0.001891
v 0.000096 0.032000 -0.001906
v -0.000070 0.032000 -0.001907
v -0.000236 0.032000 -0.001894
v -0.000400 0.032000 -0.001866
v -0.000561 0.032000 -0.001824
v -0.000718 0.032000 -0.001768
v -0.000870 0.032000 -0.001699
v -0.001015 0.032000 -0.001617
v -0.001152 0.032000 -0.001522
v -0.001280 0.032000 -0.001416
v -0.001398 0.032000 -0.001299
v -0.001506 0.032000 -0.001172
v -0.001603 0.032000 -0.001037
v -0.001687 0.032000 -0.000893
v -0.001758 0.032000 -0.000742
v -0.001816 0.032000 -0.000586
v -0.001861 0.032000 -0.000426
v -0.001891 0.032000 -0.000262
v -0.001906 0.032000 -0.000096
v -0.001907 0.032000 0.000070
v -0.001894 0.032000 0.000236
v -0.001866 0.032000 0.000400
v -0.001824 0.032000 0.000561
v -0.001768 0.032000 0.000718
v -0.001699 0.032000 0.000870
v -0.001617 0.032000 0.001015
v -0.001522 0.032000 0.001152
v -0.001416 0.032000 0.001280
v -0.001299 0.032000 0.001398
v -0.001172 0.032000 0.001506
v -0.001037 0.032000 0.001603
v -0.000893 0.032000 0.001687
v -0.000742 0.032000 0.001758
v -0.000586 0.032000 0.001816
v -0.000426 0.032000 0.001861
v -0.000262 0.032000 0.001891
v -0.000096 0.032000 0.001906
v 0.000070 0.032000 0.001907
v 0.000236 0.032000 0.001894
v 0.000400 0.032000 0.001866
v 0.000561 0.032000 0.001824
v 0.000718 0.032000 0.001768
v 0.000870 0.032000 0.001699
v 0.001015 0.032000 0.001617
v 0.001152 0.032000 0.001522
v 0.001280 0.032000 0.001416
v 0.001398 0.032000 0.001299
v 0.001506 0.032000 0.001172
v 0.001603 0.032000 0.001037
v 0.001687 0.032000 0.000893
v 0.001758 0.032000 0.000742
v 0.001816 0.032000 0.000586
v 0.001861 0.032000 0.000426
v 0.001891 0.032000 0.000262
v 0.001906 0.032000 0.000096
v 0.001907 0.032000 -0.000070
v 0.001992 0.032650 0.000174
v 0.001971 0.032650 0.000340
v 0.001970 0.032650 0.000347
v 0.001934 0.032650 0.000510
v 0.001932 0.032650 0.000518
v 0.001882 0.032650 0.000676
v 0.001879 0.032650 0.000684
v 0.001817 0.032650 0.000836
v 0.001813 0.032650 0.000845
v 0.001737 0.032650 0.000991
v 0.001732 0.032650 0.001000
v 0.001645 0.032650 0.001138
v 0.001638 0.032650 0.001147
v 0.001540 0.032650 0.001277
v 0.001532 0.032650 0.001286
v 0.001423 0.032650 0.001405
v 0.001414 0.032650 0.001414
v 0.001296 0.032650 0.001524
v 0.001286 0.032650 0.001532
v 0.001158 0.032650 0.001630
v 0.001147 0.032650 0.001638
v 0.001013 0.032650 0.001725
v 0.001000 0.032650 0.001732
v 0.000859 0.032650 0.001806
v 0.000845 0.032650 0.001813
v 0.000699 0.032650 0.001874
v 0.000684 0.032650 0.001879
v 0.000534 0.032650 0.001927
v 0.000518 0.032650 0.001932
v 0.000364 0.032650 0.001966
v 0.000347 0.032650 0.001970
v 0.000192 0.032650 0.001991
v 0.000174 0.032650 0.001992
v 0.000019 0.032650 0.002000
v 0.000000 0.032650 0.002000
v -0.000155 0.032650 0.001994
v -0.000174 0.032650 0.001992
v -0.000327 0.032650 0.001973
v -0.000347 0.032650 0.001970
v -0.000497 0.032650 0.001937
v -0.000518 0.032650 0.001932
v -0.000664 0.032650 0.001887
v -0.000684 0.032650 0.001879
v -0.000825 0.032650 0.001822
v -0.000845 0.032650 0.001813
v -0.000980 0.032650 0.001743
v -0.001000 0.032650 0.001732
v -0.001128 0.032650 0.001652
v -0.001147 0.032650 0.001638
v -0.001267 0.032650 0.001548
v -0.001286 0.032650 0.001532
v -0.001396 0.032650 0.001432
v -0.001414 0.032650 0.001414
v -0.001515 0.032650 0.001305
v -0.001532 0.032650 0.001286
v -0.001623 0.032650 0.001169
v -0.001638 0.032650 0.001147
v -0.001718 0.032650 0.001024
v -0.001732 0.032650 0.001000
v -0.001801 0.032650 0.000871
v -0.001813 0.032650 0.000845
v -0.001869 0.032650 0.000711
v -0.001879 0.032650 0.000684
v -0.001924 0.032650 0.000546
v -0.001932 0.032650 0.000518
v -0.001964 0.032650 0.000377
v -0.001970 0.032650 0.000347
v -0.001989 0.032650 0.000205
v -0.001992 0.032650 0.000174
v -0.002000 0.032650 0.000032
v -0.002000 0.032650 0.000000
v -0.001999 0.032650 -0.000052
v -0.001993 0.032650 -0.000168
v -0.001992 0.032650 -0.000174
v -0.001971 0.032650 -0.000340
v -0.001970 0.032650 -0.000347
v -0.001934 0.032650 -0.000510
v -0.001932 0.032650 -0.000518
v -0.001882 0.032650 -0.000676
v -0.001879 0.032650 -0.000684
v -0.001817 0.032650 -0.000836
v -0.001813 0.032650 -0.000845
v -0.001737 0.032650 -0.000991
v -0.001732 0.032650 -0.001000
v -0.001645 0.032650 -0.001138
v -0.001638 0.032650 -0.001147
v -0.001540 0.032650 -0.001277
v -0.001532 0.032650 -0.001286
v -0.001423 0.032650 -0.001405
v -0.001414 0.032650 -0.001414
v -0.001296 0.032650 -0.001524
v -0.001286 0.032650 -0.001532
v -0.001158 0.032650 -0.001630
v -0.001147 0.032650 -0.001638
v -0.001013 0.032650 -0.001725
v -0.001000 0.032650 -0.001732
v -0.000859 0.032650 -0.001806
v -0.000845 0.032650 -0.001813
v -0.000699 0.032650 -0.001874
v -0.000684 0.032650 -0.001879
v -0.000534 0.032650 -0.001927
v -0.000518 0.032650 -0.001932
v -0.000364 0.032650 -0.001966
v -0.000347 0.032650 -0.001970
v -0.000192 0.032650 -0.001991
v -0.000174 0.032650 -0.001992
v -0.000019 0.032650 -0.002000
v -0.000000 0.032650 -0.002000
v 0.000155 0.032650 -0.001994
v 0.000174 0.032650 -0.001992
v 0.000327 0.032650 -0.001973
v 0.000347 0.032650 -0.001970
v 0.000497 0.032650 -0.001937
v 0.000518 0.032650 -0.001932
v 0.000664 0.032650 -0.001887
v 0.000684 0.032650 -0.001879
v 0.000825 0.032650 -0.001822
v 0.000845 0.032650 -0.001813
v 0.000980 0.032650 -0.001743
v 0.001000 0.032650 -0.001732
v 0.001128 0.032650 -0.001652
v 0.001147 0.032650 -0.001638
v 0.001267 0.032650 -0.001548
v 0.001286 0.032650 -0.001532
v 0.001396 0.032650 -0.001432
v 0.001414 0.032650 -0.001414
v 0.001515 0.032650 -0.001305
v 0.001532 0.032650 -0.001286
v 0.001623 0.032650 -0.001169
v 0.001638 0.032650 -0.001147
v 0.001718 0.032650 -0.001024
v 0.001732 0.032650 -0.001000
v 0.001801 0.032650 -0.000871
v 0.001813 0.032650 -0.000845
v 0.001869 0.032650 -0.000711
v 0.001879 0.032650 -0.000684
v 0.001924 0.032650 -0.000546
v 0.001932 0.032650 -0.000518
v 0.001964 0.032650 -0.000377
v 0.001970 0.032650 -0.000347
v 0.001989 0.032650 -0.000205
v 0.001992 0.032650 -0.000174
v 0.002000 0.032650 -0.000032
v 0.002000 0.032650 0.000000
v 0.001999 0.032650 0.000052
v 0.001993 0.032650 0.000168
v -0.000338 0.033081 -0.001175
v -0.000384 0.033110 -0.000964
v -0.000345 0.033120 -0.000885
v 0.000338 0.033081 -0.001175
v 0.000425 0.033069 -0.001208
v 0.000336 0.033070 -0.001236
v 0.001175 0.033081 -0.000338
v 0.000946 0.033113 -0.000360
v 0.000885 0.033120 -0.000345
v -0.002000 0.032650 -0.000000
v -0.001175 0.033081 -0.000338
v -0.001205 0.033069 -0.000433
v -0.001236 0.033070 -0.000336
v -0.000950 0.033113 -0.000344
v -0.000885 0.033120 -0.000345
v -0.000919 0.033113 -0.000423
v -0.000547 0.033144 -0.000349
v -0.000879 0.033113 -0.000501
v -0.000832 0.033113 -0.000576
v -0.001395 0.033021 -0.000501
v -0.001433 0.033021 -0.000378
v -0.001313 0.033053 -0.000333
v -0.001460 0.033021 -0.000252
v -0.001477 0.033021 -0.000124
v -0.001314 0.033061 -0.000111
v -0.001993 0.032650 -0.000168
v -0.001999 0.032664 -0.000000
v -0.001971 0.032650 -0.000340
v -0.001934 0.032650 -0.000510
v -0.001882 0.032650 -0.000676
v -0.001817 0.032650 -0.000836
v -0.001737 0.032650 -0.000991
v -0.001645 0.032650 -0.001138
v -0.001540 0.032650 -0.001277
v -0.001423 0.032650 -0.001405
v -0.001296 0.032650 -0.001524
v -0.001158 0.032650 -0.001630
v -0.001013 0.032650 -0.001725
v -0.000859 0.032650 -0.001806
v -0.000699 0.032650 -0.001874
v -0.000534 0.032650 -0.001927
v -0.000364 0.032650 -0.001966
v -0.000192 0.032650 -0.001991
v -0.000019 0.032650 -0.002000
v 0.000155 0.032650 -0.001994
v 0.000327 0.032650 -0.001973
v 0.000497 0.032650 -0.001937
v 0.000664 0.032650 -0.001887
v 0.000825 0.032650 -0.001822
v 0.000980 0.032650 -0.001743
v 0.001128 0.032650 -0.001652
v 0.001267 0.032650 -0.001548
v 0.001396 0.032650 -0.001432
v 0.001515 0.032650 -0.001305
v 0.001623 0.032650 -0.001169
v 0.001718 0.032650 -0.001024
v 0.001801 0.032650 -0.000871
v 0.001869 0.032650 -0.000711
v 0.001924 0.032650 -0.000546
v 0.001964 0.032650 -0.000377
v 0.001989 0.032650 -0.000205
v 0.002000 0.032650 -0.000032
v 0.001999 0.032664 -0.000032
v 0.001999 0.032664 0.000000
v 0.002000 0.032650 0.000000
v 0.001997 0.032678 -0.000032
v 0.001998 0.032678 0.000000
v 0.001994 0.032692 -0.000032
v 0.001994 0.032692 0.000000
v 0.001990 0.032708 -0.000031
v 0.001990 0.032708 0.000000
v 0.001983 0.032724 -0.000031
v 0.001983 0.032724 0.000000
v 0.001975 0.032739 -0.000031
v 0.001976 0.032739 0.000000
v 0.001966 0.032755 -0.000031
v 0.001966 0.032755 0.000000
v 0.001953 0.032772 -0.000031
v 0.001953 0.032772 0.000000
v 0.001937 0.032791 -0.000031
v 0.001938 0.032791 0.000000
v 0.001915 0.032813 -0.000030
v 0.001915 0.032813 0.000000
v 0.001887 0.032837 -0.000030
v 0.001887 0.032837 0.000000
v 0.001850 0.032864 -0.000029
v 0.001850 0.032864 0.000000
v 0.001799 0.032895 -0.000028
v 0.001799 0.032895 0.000000
v 0.001731 0.032931 -0.000027
v 0.001731 0.032931 0.000000
v 0.001482 0.033021 -0.000023
v 0.001482 0.033021 0.000000
v 0.001623 0.032976 0.000000
v 0.001315 0.033062 -0.000021
v 0.001315 0.033062 -0.000000
v 0.001474 0.033021 -0.000152
v 0.001314 0.033061 -0.000137
v 0.001455 0.033021 -0.000279
v 0.001314 0.033057 -0.000254
v 0.000911 0.033113 -0.000440
v 0.000869 0.033113 -0.000518
v 0.000547 0.033144 -0.000349
v 0.000542 0.033144 -0.000357
v 0.000821 0.033113 -0.000591
v 0.000527 0.033144 -0.000379
v 0.000344 0.033113 -0.000950
v 0.000345 0.033120 -0.000885
v 0.000417 0.033113 -0.000922
v 0.000349 0.033144 -0.000547
v 0.000496 0.033113 -0.000882
v 0.000570 0.033113 -0.000836
v 0.000492 0.033021 -0.001398
v 0.000368 0.033021 -0.001435
v 0.000333 0.033053 -0.001313
v 0.000243 0.033021 -0.001462
v 0.000142 0.033061 -0.001314
v 0.000115 0.033021 -0.001477
v 0.000103 0.033062 -0.001314
v -0.000014 0.033021 -0.001482
v -0.000013 0.033062 -0.001315
v -0.000143 0.033021 -0.001475
v -0.000129 0.033061 -0.001314
v -0.000270 0.033021 -0.001457
v -0.000246 0.033058 -0.001314
v -0.000586 0.033113 -0.000825
v -0.000376 0.033144 -0.000529
v -0.000357 0.033144 -0.000542
v -0.000512 0.033113 -0.000872
v 0.000767 0.033113 -0.000660
v 0.000492 0.033144 -0.000424
v 0.000511 0.033144 -0.000400
v 0.000706 0.033113 -0.000724
v 0.000641 0.033113 -0.000783
v 0.000411 0.033144 -0.000502
v 0.000440 0.033144 -0.000477
v 0.000453 0.033144 -0.000465
v 0.000477 0.033144 -0.000440
v 0.000357 0.033144 -0.000542
v 0.000366 0.033144 -0.000536
v 0.000400 0.033144 -0.000511
v -0.000400 0.033144 -0.000511
v -0.000655 0.033113 -0.000771
v -0.000420 0.033144 -0.000494
v -0.000720 0.033113 -0.000711
v -0.000779 0.033113 -0.000646
v -0.000500 0.033144 -0.000414
v -0.000477 0.033144 -0.000440
v -0.000462 0.033144 -0.000456
v -0.000440 0.033144 -0.000477
v -0.000542 0.033144 -0.000357
v -0.000534 0.033144 -0.000369
v -0.000511 0.033144 -0.000400
v 0.001313 0.033054 -0.000333
v 0.001232 0.033069 -0.000350
v 0.001197 0.033069 -0.000455
v 0.001153 0.033069 -0.000558
v 0.001100 0.033069 -0.000655
v 0.001039 0.033069 -0.000749
v 0.000970 0.033069 -0.000836
v 0.000894 0.033069 -0.000917
v 0.000811 0.033069 -0.000991
v 0.000722 0.033069 -0.001058
v 0.000628 0.033069 -0.001116
v 0.000528 0.033069 -0.001167
v -0.000333 0.033054 -0.001313
v -0.000342 0.033069 -0.001234
v -0.000448 0.033069 -0.001200
v -0.000435 0.033113 -0.000914
v -0.000349 0.033144 -0.000547
v -0.000550 0.033069 -0.001157
v -0.000648 0.033069 -0.001104
v -0.000742 0.033069 -0.001044
v -0.000830 0.033069 -0.000976
v -0.000911 0.033069 -0.000900
v -0.000986 0.033069 -0.000817
v -0.001053 0.033069 -0.000729
v -0.001112 0.033069 -0.000635
v -0.001163 0.033069 -0.000536
v 0.001425 0.033021 -0.000405
v 0.001385 0.033021 -0.000527
v 0.001334 0.033021 -0.000645
v 0.001273 0.033021 -0.000758
v 0.001202 0.033021 -0.000866
v 0.001123 0.033021 -0.000967
v 0.001034 0.033021 -0.001061
v 0.000938 0.033021 -0.001147
v 0.000835 0.033021 -0.001224
v 0.000726 0.033021 -0.001292
v 0.000611 0.033021 -0.001350
v -0.000395 0.033021 -0.001428
v -0.000518 0.033021 -0.001388
v -0.000636 0.033021 -0.001338
v -0.000750 0.033021 -0.001278
v -0.000858 0.033021 -0.001208
v -0.000960 0.033021 -0.001129
v -0.001054 0.033021 -0.001041
v -0.001141 0.033021 -0.000946
v -0.001218 0.033021 -0.000843
v -0.001287 0.033021 -0.000734
v -0.001346 0.033021 -0.000620
v -0.001315 0.033062 0.000000
v -0.001482 0.033021 -0.000000
v -0.001617 0.032976 -0.000136
v -0.001599 0.032976 -0.000276
v -0.001569 0.032976 -0.000414
v -0.001527 0.032976 -0.000548
v -0.001474 0.032976 -0.000679
v -0.001409 0.032976 -0.000804
v -0.001334 0.032976 -0.000923
v -0.001249 0.032976 -0.001036
v -0.001155 0.032976 -0.001140
v -0.001051 0.032976 -0.001236
v -0.000940 0.032976 -0.001323
v -0.000822 0.032976 -0.001399
v -0.000697 0.032976 -0.001465
v -0.000567 0.032976 -0.001520
v -0.000433 0.032976 -0.001564
v -0.000296 0.032976 -0.001596
v -0.000156 0.032976 -0.001615
v -0.000015 0.032976 -0.001623
v 0.000126 0.032976 -0.001618
v 0.000266 0.032976 -0.001601
v 0.000404 0.032976 -0.001572
v 0.000538 0.032976 -0.001531
v 0.000669 0.032976 -0.001478
v 0.000795 0.032976 -0.001415
v 0.000915 0.032976 -0.001340
v 0.001028 0.032976 -0.001256
v 0.001133 0.032976 -0.001162
v 0.001229 0.032976 -0.001059
v 0.001317 0.032976 -0.000948
v 0.001394 0.032976 -0.000831
v 0.001461 0.032976 -0.000706
v 0.001517 0.032976 -0.000577
v 0.001561 0.032976 -0.000443
v 0.001594 0.032976 -0.000306
v 0.001614 0.032976 -0.000166
v 0.001623 0.032976 -0.000026
v 0.001722 0.032931 -0.000177
v 0.001700 0.032931 -0.000326
v 0.001665 0.032931 -0.000473
v 0.001618 0.032931 -0.000615
v 0.001558 0.032931 -0.000753
v 0.001487 0.032931 -0.000886
v 0.001404 0.032931 -0.001012
v 0.001311 0.032931 -0.001130
v 0.001208 0.032931 -0.001239
v 0.001096 0.032931 -0.001339
v 0.000976 0.032931 -0.001430
v 0.000848 0.032931 -0.001509
v 0.000714 0.032931 -0.001577
v 0.000574 0.032931 -0.001633
v 0.000430 0.032931 -0.001676
v 0.000283 0.032931 -0.001707
v 0.000134 0.032931 -0.001726
v -0.000016 0.032931 -0.001731
v -0.000166 0.032931 -0.001723
v -0.000315 0.032931 -0.001702
v -0.000462 0.032931 -0.001668
v -0.000605 0.032931 -0.001622
v -0.000743 0.032931 -0.001563
v -0.000876 0.032931 -0.001493
v -0.001003 0.032931 -0.001411
v -0.001121 0.032931 -0.001319
v -0.001231 0.032931 -0.001216
v -0.001332 0.032931 -0.001105
v -0.001423 0.032931 -0.000985
v -0.001503 0.032931 -0.000858
v -0.001572 0.032931 -0.000724
v -0.001629 0.032931 -0.000585
v -0.001674 0.032931 -0.000441
v -0.001706 0.032931 -0.000294
v -0.001725 0.032931 -0.000145
v -0.001623 0.032976 -0.000000
v 0.001790 0.032895 -0.000184
v 0.001767 0.032895 -0.000339
v 0.001731 0.032895 -0.000491
v 0.001682 0.032895 -0.000640
v 0.001620 0.032895 -0.000783
v 0.001546 0.032895 -0.000921
v 0.001460 0.032895 -0.001052
v 0.001363 0.032895 -0.001174
v 0.001256 0.032895 -0.001288
v 0.001140 0.032895 -0.001392
v 0.001014 0.032895 -0.001486
v 0.000882 0.032895 -0.001568
v 0.000742 0.032895 -0.001639
v 0.000597 0.032895 -0.001697
v 0.000447 0.032895 -0.001743
v 0.000294 0.032895 -0.001775
v 0.000139 0.032895 -0.001794
v -0.000017 0.032895 -0.001799
v -0.000173 0.032895 -0.001791
v -0.000328 0.032895 -0.001769
v -0.000480 0.032895 -0.001734
v -0.000629 0.032895 -0.001686
v -0.000773 0.032895 -0.001625
v -0.000911 0.032895 -0.001552
v -0.001042 0.032895 -0.001467
v -0.001166 0.032895 -0.001371
v -0.001280 0.032895 -0.001264
v -0.001385 0.032895 -0.001148
v -0.001480 0.032895 -0.001024
v -0.001563 0.032895 -0.000892
v -0.001634 0.032895 -0.000753
v -0.001693 0.032895 -0.000608
v -0.001740 0.032895 -0.000459
v -0.001773 0.032895 -0.000306
v -0.001793 0.032895 -0.000151
v -0.001731 0.032931 -0.000000
v 0.001840 0.032864 -0.000190
v 0.001817 0.032864 -0.000349
v 0.001779 0.032864 -0.000505
v 0.001729 0.032864 -0.000658
v 0.001665 0.032864 -0.000805
v 0.001589 0.032864 -0.000947
v 0.001501 0.032864 -0.001081
v 0.001401 0.032864 -0.001207
v 0.001291 0.032864 -0.001324
v 0.001172 0.032864 -0.001431
v 0.001043 0.032864 -0.001528
v 0.000906 0.032864 -0.001613
v 0.000763 0.032864 -0.001685
v 0.000614 0.032864 -0.001745
v 0.000460 0.032864 -0.001792
v 0.000303 0.032864 -0.001825
v 0.000143 0.032864 -0.001844
v -0.000017 0.032864 -0.001850
v -0.000178 0.032864 -0.001841
v -0.000337 0.032864 -0.001819
v -0.000494 0.032864 -0.001783
v -0.000647 0.032864 -0.001733
v -0.000795 0.032864 -0.001670
v -0.000937 0.032864 -0.001595
v -0.001071 0.032864 -0.001508
v -0.001198 0.032864 -0.001409
v -0.001316 0.032864 -0.001300
v -0.001424 0.032864 -0.001181
v -0.001521 0.032864 -0.001053
v -0.001607 0.032864 -0.000917
v -0.001680 0.032864 -0.000774
v -0.001741 0.032864 -0.000625
v -0.001789 0.032864 -0.000471
v -0.001823 0.032864 -0.000314
v -0.001843 0.032864 -0.000155
v -0.001799 0.032895 -0.000000
v 0.001877 0.032837 -0.000193
v 0.001853 0.032837 -0.000356
v 0.001815 0.032837 -0.000515
v 0.001764 0.032837 -0.000671
v 0.001699 0.032837 -0.000821
v 0.001621 0.032837 -0.000966
v 0.001531 0.032837 -0.001103
v 0.001430 0.032837 -0.001232
v 0.001317 0.032837 -0.001351
v 0.001195 0.032837 -0.001460
v 0.001064 0.032837 -0.001559
v 0.000925 0.032837 -0.001645
v 0.000778 0.032837 -0.001719
v 0.000626 0.032837 -0.001780
v 0.000469 0.032837 -0.001828
v 0.000309 0.032837 -0.001862
v 0.000146 0.032837 -0.001882
v -0.000018 0.032837 -0.001887
v -0.000182 0.032837 -0.001878
v -0.000344 0.032837 -0.001856
v -0.000504 0.032837 -0.001819
v -0.000660 0.032837 -0.001768
v -0.000811 0.032837 -0.001704
v -0.000955 0.032837 -0.001627
v -0.001093 0.032837 -0.001538
v -0.001223 0.032837 -0.001438
v -0.001343 0.032837 -0.001326
v -0.001453 0.032837 -0.001205
v -0.001552 0.032837 -0.001074
v -0.001639 0.032837 -0.000935
v -0.001714 0.032837 -0.000789
v -0.001776 0.032837 -0.000638
v -0.001825 0.032837 -0.000481
v -0.001860 0.032837 -0.000321
v -0.001881 0.032837 -0.000158
v -0.001850 0.032864 -0.000000
v 0.001905 0.032813 -0.000196
v 0.001881 0.032813 -0.000361
v 0.001842 0.032813 -0.000523
v 0.001790 0.032813 -0.000681
v 0.001724 0.032813 -0.000834
v 0.001645 0.032813 -0.000980
v 0.001554 0.032813 -0.001119
v 0.001451 0.032813 -0.001250
v 0.001337 0.032813 -0.001371
v 0.001213 0.032813 -0.001482
v 0.001080 0.032813 -0.001582
v 0.000938 0.032813 -0.001669
v 0.000790 0.032813 -0.001745
v 0.000635 0.032813 -0.001807
v 0.000476 0.032813 -0.001855
v 0.000313 0.032813 -0.001889
v 0.000148 0.032813 -0.001909
v -0.000018 0.032813 -0.001915
v -0.000184 0.032813 -0.001906
v -0.000349 0.032813 -0.001883
v -0.000511 0.032813 -0.001846
v -0.000669 0.032813 -0.001794
v -0.000823 0.032813 -0.001729
v -0.000970 0.032813 -0.001651
v -0.001109 0.032813 -0.001561
v -0.001241 0.032813 -0.001459
v -0.001363 0.032813 -0.001346
v -0.001474 0.032813 -0.001222
v -0.001575 0.032813 -0.001090
v -0.001663 0.032813 -0.000949
v -0.001740 0.032813 -0.000801
v -0.001803 0.032813 -0.000647
v -0.001852 0.032813 -0.000488
v -0.001887 0.032813 -0.000325
v -0.001908 0.032813 -0.000160
v -0.001887 0.032837 -0.000000
v 0.001927 0.032791 -0.000199
v 0.001903 0.032791 -0.000365
v 0.001864 0.032791 -0.000529
v 0.001811 0.032791 -0.000689
v 0.001744 0.032791 -0.000843
v 0.001665 0.032791 -0.000992
v 0.001572 0.032791 -0.001132
v 0.001468 0.032791 -0.001265
v 0.001353 0.032791 -0.001387
v 0.001227 0.032791 -0.001499
v 0.001092 0.032791 -0.001600
v 0.000949 0.032791 -0.001689
v 0.000799 0.032791 -0.001765
v 0.000643 0.032791 -0.001828
v 0.000482 0.032791 -0.001877
v 0.000317 0.032791 -0.001912
v 0.000150 0.032791 -0.001932
v -0.000018 0.032791 -0.001938
v -0.000186 0.032791 -0.001929
v -0.000353 0.032791 -0.001905
v -0.000517 0.032791 -0.001867
v -0.000677 0.032791 -0.001815
v -0.000832 0.032791 -0.001750
v -0.000981 0.032791 -0.001671
v -0.001122 0.032791 -0.001579
v -0.001255 0.032791 -0.001476
v -0.001379 0.032791 -0.001362
v -0.001492 0.032791 -0.001237
v -0.001593 0.032791 -0.001103
v -0.001683 0.032791 -0.000960
v -0.001760 0.032791 -0.000810
v -0.001824 0.032791 -0.000655
v -0.001874 0.032791 -0.000494
v -0.001909 0.032791 -0.000329
v -0.001931 0.032791 -0.000162
v -0.001915 0.032813 -0.000000
v 0.001943 0.032772 -0.000200
v 0.001918 0.032772 -0.000368
v 0.001879 0.032772 -0.000533
v 0.001826 0.032772 -0.000694
v 0.001759 0.032772 -0.000850
v 0.001678 0.032772 -0.001000
v 0.001585 0.032772 -0.001142
v 0.001480 0.032772 -0.001275
v 0.001364 0.032772 -0.001399
v 0.001237 0.032772 -0.001512
v 0.001101 0.032772 -0.001613
v 0.000957 0.032772 -0.001703
v 0.000806 0.032772 -0.001780
v 0.000648 0.032772 -0.001843
v 0.000486 0.032772 -0.001892
v 0.000320 0.032772 -0.001927
v 0.000151 0.032772 -0.001948
v -0.000018 0.032772 -0.001953
v -0.000188 0.032772 -0.001944
v -0.000356 0.032772 -0.001921
v -0.000521 0.032772 -0.001883
v -0.000683 0.032772 -0.001830
v -0.000839 0.032772 -0.001764
v -0.000989 0.032772 -0.001685
v -0.001132 0.032772 -0.001592
v -0.001265 0.032772 -0.001488
v -0.001390 0.032772 -0.001373
v -0.001504 0.032772 -0.001247
v -0.001606 0.032772 -0.001112
v -0.001697 0.032772 -0.000968
v -0.001774 0.032772 -0.000817
v -0.001839 0.032772 -0.000660
v -0.001889 0.032772 -0.000498
v -0.001925 0.032772 -0.000332
v -0.001947 0.032772 -0.000164
v -0.001938 0.032791 -0.000000
v 0.001956 0.032755 -0.000202
v 0.001931 0.032755 -0.000371
v 0.001891 0.032755 -0.000537
v 0.001837 0.032755 -0.000699
v 0.001770 0.032755 -0.000856
v 0.001689 0.032755 -0.001006
v 0.001595 0.032755 -0.001149
v 0.001489 0.032755 -0.001283
v 0.001372 0.032755 -0.001407
v 0.001245 0.032755 -0.001521
v 0.001108 0.032755 -0.001624
v 0.000963 0.032755 -0.001714
v 0.000811 0.032755 -0.001791
v 0.000652 0.032755 -0.001854
v 0.000489 0.032755 -0.001904
v 0.000322 0.032755 -0.001939
v 0.000152 0.032755 -0.001960
v -0.000019 0.032755 -0.001966
v -0.000189 0.032755 -0.001957
v -0.000358 0.032755 -0.001933
v -0.000525 0.032755 -0.001895
v -0.000687 0.032755 -0.001842
v -0.000844 0.032755 -0.001775
v -0.000995 0.032755 -0.001695
v -0.001139 0.032755 -0.001602
v -0.001274 0.032755 -0.001498
v -0.001399 0.032755 -0.001381
v -0.001513 0.032755 -0.001255
v -0.001617 0.032755 -0.001119
v -0.001708 0.032755 -0.000974
v -0.001786 0.032755 -0.000822
v -0.001850 0.032755 -0.000664
v -0.001901 0.032755 -0.000501
v -0.001937 0.032755 -0.000334
v -0.001959 0.032755 -0.000165
v -0.001953 0.032772 -0.000000
v 0.001965 0.032739 -0.000203
v 0.001940 0.032739 -0.000372
v 0.001901 0.032739 -0.000539
v 0.001847 0.032739 -0.000702
v 0.001779 0.032739 -0.000860
v 0.001697 0.032739 -0.001011
v 0.001603 0.032739 -0.001155
v 0.001497 0.032739 -0.001289
v 0.001379 0.032739 -0.001414
v 0.001251 0.032739 -0.001529
v 0.001114 0.032739 -0.001632
v 0.000968 0.032739 -0.001722
v 0.000815 0.032739 -0.001800
v 0.000656 0.032739 -0.001864
v 0.000491 0.032739 -0.001914
v 0.000323 0.032739 -0.001949
v 0.000153 0.032739 -0.001970
v -0.000019 0.032739 -0.001976
v -0.000190 0.032739 -0.001966
v -0.000360 0.032739 -0.001943
v -0.000527 0.032739 -0.001904
v -0.000691 0.032739 -0.001851
v -0.000849 0.032739 -0.001784
v -0.001000 0.032739 -0.001704
v -0.001144 0.032739 -0.001610
v -0.001280 0.032739 -0.001505
v -0.001406 0.032739 -0.001388
v -0.001521 0.032739 -0.001261
v -0.001625 0.032739 -0.001124
v -0.001716 0.032739 -0.000979
v -0.001795 0.032739 -0.000826
v -0.001859 0.032739 -0.000667
v -0.001910 0.032739 -0.000503
v -0.001947 0.032739 -0.000336
v -0.001969 0.032739 -0.000165
v -0.001966 0.032755 -0.000000
v 0.001973 0.032724 -0.000203
v 0.001948 0.032724 -0.000374
v 0.001908 0.032724 -0.000541
v 0.001854 0.032724 -0.000705
v 0.001786 0.032724 -0.000863
v 0.001704 0.032724 -0.001015
v 0.001609 0.032724 -0.001159
v 0.001503 0.032724 -0.001294
v 0.001385 0.032724 -0.001420
v 0.001256 0.032724 -0.001535
v 0.001118 0.032724 -0.001638
v 0.000972 0.032724 -0.001729
v 0.000818 0.032724 -0.001807
v 0.000658 0.032724 -0.001871
v 0.000493 0.032724 -0.001921
v 0.000325 0.032724 -0.001957
v 0.000154 0.032724 -0.001977
v -0.000019 0.032724 -0.001983
v -0.000191 0.032724 -0.001974
v -0.000361 0.032724 -0.001950
v -0.000529 0.032724 -0.001911
v -0.000693 0.032724 -0.001858
v -0.000852 0.032724 -0.001791
v -0.001004 0.032724 -0.001710
v -0.001149 0.032724 -0.001617
v -0.001285 0.032724 -0.001511
v -0.001411 0.032724 -0.001394
v -0.001527 0.032724 -0.001266
v -0.001631 0.032724 -0.001129
v -0.001723 0.032724 -0.000983
v -0.001801 0.032724 -0.000830
v -0.001867 0.032724 -0.000670
v -0.001918 0.032724 -0.000505
v -0.001954 0.032724 -0.000337
v -0.001976 0.032724 -0.000166
v -0.001976 0.032739 -0.000000
v 0.001979 0.032708 -0.000204
v 0.001954 0.032708 -0.000375
v 0.001914 0.032708 -0.000543
v 0.001860 0.032708 -0.000707
v 0.001791 0.032708 -0.000866
v 0.001709 0.032708 -0.001018
v 0.001615 0.032708 -0.001163
v 0.001508 0.032708 -0.001299
v 0.001389 0.032708 -0.001425
v 0.001260 0.032708 -0.001540
v 0.001122 0.032708 -0.001643
v 0.000975 0.032708 -0.001735
v 0.000821 0.032708 -0.001813
v 0.000660 0.032708 -0.001877
v 0.000495 0.032708 -0.001927
v 0.000326 0.032708 -0.001963
v 0.000154 0.032708 -0.001984
v -0.000019 0.032708 -0.001990
v -0.000191 0.032708 -0.001981
v -0.000363 0.032708 -0.001956
v -0.000531 0.032708 -0.001918
v -0.000695 0.032708 -0.001864
v -0.000855 0.032708 -0.001797
v -0.001007 0.032708 -0.001716
v -0.001153 0.032708 -0.001622
v -0.001289 0.032708 -0.001516
v -0.001416 0.032708 -0.001398
v -0.001532 0.032708 -0.001270
v -0.001636 0.032708 -0.001132
v -0.001728 0.032708 -0.000986
v -0.001807 0.032708 -0.000832
v -0.001873 0.032708 -0.000672
v -0.001924 0.032708 -0.000507
v -0.001961 0.032708 -0.000338
v -0.001983 0.032708 -0.000167
v -0.001983 0.032724 -0.000000
v 0.001984 0.032692 -0.000204
v 0.001959 0.032692 -0.000376
v 0.001919 0.032692 -0.000545
v 0.001864 0.032692 -0.000709
v 0.001796 0.032692 -0.000868
v 0.001713 0.032692 -0.001021
v 0.001618 0.032692 -0.001166
v 0.001511 0.032692 -0.001302
v 0.001392 0.032692 -0.001428
v 0.001263 0.032692 -0.001543
v 0.001124 0.032692 -0.001647
v 0.000977 0.032692 -0.001739
v 0.000823 0.032692 -0.001817
v 0.000662 0.032692 -0.001881
v 0.000496 0.032692 -0.001932
v 0.000326 0.032692 -0.001968
v 0.000154 0.032692 -0.001988
v -0.000019 0.032692 -0.001994
v -0.000192 0.032692 -0.001985
v -0.000363 0.032692 -0.001961
v -0.000532 0.032692 -0.001922
v -0.000697 0.032692 -0.001869
v -0.000857 0.032692 -0.001801
v -0.001010 0.032692 -0.001720
v -0.001155 0.032692 -0.001626
v -0.001292 0.032692 -0.001519
v -0.001419 0.032692 -0.001401
v -0.001535 0.032692 -0.001273
v -0.001640 0.032692 -0.001135
v -0.001732 0.032692 -0.000988
v -0.001812 0.032692 -0.000834
v -0.001877 0.032692 -0.000674
v -0.001929 0.032692 -0.000508
v -0.001965 0.032692 -0.000339
v -0.001987 0.032692 -0.000167
v -0.001990 0.032708 -0.000000
v 0.001987 0.032678 -0.000205
v 0.001962 0.032678 -0.000377
v 0.001922 0.032678 -0.000545
v 0.001867 0.032678 -0.000710
v 0.001798 0.032678 -0.000870
v 0.001716 0.032678 -0.001022
v 0.001621 0.032678 -0.001167
v 0.001513 0.032678 -0.001304
v 0.001395 0.032678 -0.001430
v 0.001265 0.032678 -0.001546
v 0.001126 0.032678 -0.001650
v 0.000979 0.032678 -0.001741
v 0.000824 0.032678 -0.001820
v 0.000663 0.032678 -0.001884
v 0.000497 0.032678 -0.001935
v 0.000327 0.032678 -0.001971
v 0.000155 0.032678 -0.001992
v -0.000019 0.032678 -0.001997
v -0.000192 0.032678 -0.001988
v -0.000364 0.032678 -0.001964
v -0.000533 0.032678 -0.001925
v -0.000698 0.032678 -0.001872
v -0.000858 0.032678 -0.001804
v -0.001011 0.032678 -0.001723
v -0.001157 0.032678 -0.001628
v -0.001294 0.032678 -0.001522
v -0.001421 0.032678 -0.001404
v -0.001538 0.032678 -0.001275
v -0.001643 0.032678 -0.001137
v -0.001735 0.032678 -0.000990
v -0.001814 0.032678 -0.000835
v -0.001880 0.032678 -0.000675
v -0.001932 0.032678 -0.000509
v -0.001968 0.032678 -0.000339
v -0.001991 0.032678 -0.000167
v -0.001994 0.032692 -0.000000
v 0.001989 0.032664 -0.000205
v 0.001964 0.032664 -0.000377
v 0.001923 0.032664 -0.000546
v 0.001869 0.032664 -0.000711
v 0.001800 0.032664 -0.000870
v 0.001718 0.032664 -0.001023
v 0.001622 0.032664 -0.001168
v 0.001515 0.032664 -0.001305
v 0.001396 0.032664 -0.001431
v 0.001266 0.032664 -0.001547
v 0.001127 0.032664 -0.001651
v 0.000980 0.032664 -0.001743
v 0.000825 0.032664 -0.001821
v 0.000663 0.032664 -0.001886
v 0.000497 0.032664 -0.001937
v 0.000327 0.032664 -0.001972
v 0.000155 0.032664 -0.001993
v -0.000019 0.032664 -0.001999
v -0.000192 0.032664 -0.001990
v -0.000364 0.032664 -0.001966
v -0.000534 0.032664 -0.001927
v -0.000699 0.032664 -0.001873
v -0.000859 0.032664 -0.001806
v -0.001012 0.032664 -0.001724
v -0.001158 0.032664 -0.001630
v -0.001295 0.032664 -0.001523
v -0.001423 0.032664 -0.001405
v -0.001539 0.032664 -0.001276
v -0.001644 0.032664 -0.001138
v -0.001737 0.032664 -0.000991
v -0.001816 0.032664 -0.000836
v -0.001882 0.032664 -0.000675
v -0.001933 0.032664 -0.000510
v -0.001970 0.032664 -0.000340
v -0.001992 0.032664 -0.000167
v -0.001998 0.032678 -0.000000
v -0.000510 0.032773 -0.000284
v -0.000447 0.032350 -0.000244
v -0.000425 0.032350 -0.000280
v -0.000464 0.032350 -0.000209
v -0.000284 0.032773 -0.000510
v -0.000244 0.032350 -0.000447
v -0.000209 0.032350 -0.000464
v -0.000280 0.032350 -0.000425
v -0.000401 0.032350 -0.000313
v -0.000374 0.032350 -0.000345
v -0.000345 0.032350 -0.000374
v -0.000313 0.032350 -0.000401
v -0.000209 0.032350 -0.001189
v 0.000209 0.032350 -0.001189
v 0.001189 0.032350 0.000209
v 0.000464 0.032350 0.000209
v 0.001313 0.033053 0.000333
v 0.000510 0.032773 0.000284
v 0.000950 0.033113 0.000344
v 0.000885 0.033120 0.000345
v 0.000547 0.033144 0.000349
v 0.001175 0.033081 0.000338
v 0.001236 0.033070 0.000336
v 0.000447 0.032350 0.000244
v 0.000425 0.032350 0.000280
v 0.000284 0.032773 0.000510
v 0.000244 0.032350 0.000447
v 0.000209 0.032350 0.000464
v 0.000280 0.032350 0.000425
v 0.000542 0.033144 0.000357
v 0.000534 0.033144 0.000369
v 0.000401 0.032350 0.000313
v 0.000511 0.033144 0.000400
v 0.000500 0.033144 0.000414
v 0.000374 0.032350 0.000345
v 0.000477 0.033144 0.000440
v 0.000462 0.033144 0.000456
v 0.000345 0.032350 0.000374
v 0.000440 0.033144 0.000477
v 0.000420 0.033144 0.000494
v 0.000313 0.032350 0.000401
v 0.000400 0.033144 0.000511
v 0.000376 0.033144 0.000529
v 0.000357 0.033144 0.000542
v 0.000349 0.033144 0.000547
v 0.000209 0.032350 0.001189
v 0.000333 0.033054 0.001313
v 0.000338 0.033081 0.001175
v 0.000345 0.033120 0.000885
v 0.000246 0.033058 0.001314
v 0.000129 0.033061 0.001314
v -0.000333 0.033053 0.001313
v -0.000142 0.033061 0.001314
v -0.000209 0.032350 0.001189
v -0.000103 0.033062 0.001314
v 0.000013 0.033062 0.001315
v 0.000000 0.007000 0.000000
v -0.000209 0.032350 0.000464
v -0.000284 0.032773 0.000510
v -0.000344 0.033113 0.000950
v -0.000345 0.033120 0.000885
v -0.000349 0.033144 0.000547
v -0.000338 0.033081 0.001175
v -0.000336 0.033070 0.001236
v 0.000209 0.032350 -0.000464
v 0.000244 0.032350 -0.000447
v 0.000280 0.032350 -0.000425
v 0.001189 0.032350 -0.000209
v 0.000464 0.032350 -0.000209
v 0.000447 0.032350 -0.000244
v -0.001189 0.032350 -0.000209
v -0.001189 0.032350 0.000209
v -0.000464 0.032350 0.000209
v -0.000447 0.032350 0.000244
v 0.000425 0.032350 -0.000280
v 0.000401 0.032350 -0.000313
v 0.000374 0.032350 -0.000345
v -0.000425 0.032350 0.000280
v -0.000401 0.032350 0.000313
v -0.000374 0.032350 0.000345
v -0.000345 0.032350 0.000374
v -0.000313 0.032350 0.000401
v -0.000280 0.032350 0.000425
v 0.000345 0.032350 -0.000374
v 0.000313 0.032350 -0.000401
v -0.000244 0.032350 0.000447
v -0.001315 0.033062 0.000021
v -0.001314 0.033061 0.000137
v -0.001314 0.033057 0.000254
v -0.001313 0.033054 0.000333
v -0.000510 0.032773 0.000284
v -0.001175 0.033081 0.000338
v -0.000885 0.033120 0.000345
v -0.000547 0.033144 0.000349
v -0.000357 0.033144 0.000542
v -0.000366 0.033144 0.000536
v -0.000400 0.033144 0.000511
v -0.000411 0.033144 0.000502
v -0.000440 0.033144 0.000477
v -0.000453 0.033144 0.000465
v -0.000477 0.033144 0.000440
v -0.000492 0.033144 0.000424
v -0.000511 0.033144 0.000400
v -0.000527 0.033144 0.000379
v -0.000542 0.033144 0.000357
v -0.000946 0.033113 0.000360
v 0.001205 0.033069 0.000433
v 0.000384 0.033110 0.000964
v -0.000425 0.033069 0.001208
v -0.000417 0.033113 0.000922
v -0.000496 0.033113 0.000882
v -0.000570 0.033113 0.000836
v -0.000492 0.033021 0.001398
v -0.000368 0.033021 0.001435
v -0.000243 0.033021 0.001462
v -0.000115 0.033021 0.001477
v 0.000014 0.033021 0.001482
v 0.000143 0.033021 0.001475
v 0.000270 0.033021 0.001457
v 0.000586 0.033113 0.000825
v 0.000512 0.033113 0.000872
v 0.000919 0.033113 0.000423
v 0.000879 0.033113 0.000501
v 0.000832 0.033113 0.000576
v 0.001395 0.033021 0.000501
v 0.001433 0.033021 0.000378
v 0.001460 0.033021 0.000252
v 0.001477 0.033021 0.000124
v 0.001314 0.033061 0.000111
v 0.001993 0.032650 0.000168
v 0.001971 0.032650 0.000340
v 0.001934 0.032650 0.000510
v 0.001882 0.032650 0.000676
v 0.001817 0.032650 0.000836
v 0.001737 0.032650 0.000991
v 0.001645 0.032650 0.001138
v 0.001540 0.032650 0.001277
v 0.001423 0.032650 0.001405
v 0.001296 0.032650 0.001524
v 0.001158 0.032650 0.001630
v 0.001013 0.032650 0.001725
v 0.000859 0.032650 0.001806
v 0.000699 0.032650 0.001874
v 0.000534 0.032650 0.001927
v 0.000364 0.032650 0.001966
v 0.000192 0.032650 0.001991
v 0.000019 0.032650 0.002000
v -0.000155 0.032650 0.001994
v -0.000327 0.032650 0.001973
v -0.000497 0.032650 0.001937
v -0.000664 0.032650 0.001887
v -0.000825 0.032650 0.001822
v -0.000980 0.032650 0.001743
v -0.001128 0.032650 0.001652
v -0.001267 0.032650 0.001548
v -0.001396 0.032650 0.001432
v -0.001515 0.032650 0.001305
v -0.001623 0.032650 0.001169
v -0.001718 0.032650 0.001024
v -0.001801 0.032650 0.000871
v -0.001869 0.032650 0.000711
v -0.001924 0.032650 0.000546
v -0.001964 0.032650 0.000377
v -0.001989 0.032650 0.000205
v -0.002000 0.032650 0.000032
v -0.001999 0.032664 0.000032
v -0.001997 0.032678 0.000032
v -0.001994 0.032692 0.000032
v -0.001990 0.032708 0.000031
v -0.001983 0.032724 0.000031
v -0.001975 0.032739 0.000031
v -0.001966 0.032755 0.000031
v -0.001953 0.032772 0.000031
v -0.001937 0.032791 0.000031
v -0.001915 0.032813 0.000030
v -0.001887 0.032837 0.000030
v -0.001850 0.032864 0.000029
v -0.001799 0.032895 0.000028
v -0.001731 0.032931 0.000027
v -0.001482 0.033021 0.000023
v -0.001474 0.033021 0.000152
v -0.001455 0.033021 0.000279
v -0.000911 0.033113 0.000440
v -0.000869 0.033113 0.000518
v -0.000821 0.033113 0.000591
v -0.000767 0.033113 0.000660
v -0.000706 0.033113 0.000724
v -0.000641 0.033113 0.000783
v 0.000655 0.033113 0.000771
v 0.000720 0.033113 0.000711
v 0.000779 0.033113 0.000646
v -0.001232 0.033069 0.000350
v -0.001197 0.033069 0.000455
v -0.001153 0.033069 0.000558
v -0.001100 0.033069 0.000655
v -0.001039 0.033069 0.000749
v -0.000970 0.033069 0.000836
v -0.000894 0.033069 0.000917
v -0.000811 0.033069 0.000991
v -0.000722 0.033069 0.001058
v -0.000628 0.033069 0.001116
v -0.000528 0.033069 0.001167
v 0.000342 0.033069 0.001234
v 0.000448 0.033069 0.001200
v 0.000435 0.033113 0.000914
v 0.000550 0.033069 0.001157
v 0.000648 0.033069 0.001104
v 0.000742 0.033069 0.001044
v 0.000830 0.033069 0.000976
v 0.000911 0.033069 0.000900
v 0.000986 0.033069 0.000817
v 0.001053 0.033069 0.000729
v 0.001112 0.033069 0.000635
v 0.001163 0.033069 0.000536
v -0.001425 0.033021 0.000405
v -0.001385 0.033021 0.000527
v -0.001334 0.033021 0.000645
v -0.001273 0.033021 0.000758
v -0.001202 0.033021 0.000866
v -0.001123 0.033021 0.000967
v -0.001034 0.033021 0.001061
v -0.000938 0.033021 0.001147
v -0.000835 0.033021 0.001224
v -0.000726 0.033021 0.001292
v -0.000611 0.033021 0.001350
v 0.000395 0.033021 0.001428
v 0.000518 0.033021 0.001388
v 0.000636 0.033021 0.001338
v 0.000750 0.033021 0.001278
v 0.000858 0.033021 0.001208
v 0.000960 0.033021 0.001129
v 0.001054 0.033021 0.001041
v 0.001141 0.033021 0.000946
v 0.001218 0.033021 0.000843
v 0.001287 0.033021 0.000734
v 0.001346 0.033021 0.000620
v 0.001617 0.032976 0.000136
v 0.001599 0.032976 0.000276
v 0.001569 0.032976 0.000414
v 0.001527 0.032976 0.000548
v 0.001474 0.032976 0.000679
v 0.001409 0.032976 0.000804
v 0.001334 0.032976 0.000923
v 0.001249 0.032976 0.001036
v 0.001155 0.032976 0.001140
v 0.001051 0.032976 0.001236
v 0.000940 0.032976 0.001323
v 0.000822 0.032976 0.001399
v 0.000697 0.032976 0.001465
v 0.000567 0.032976 0.001520
v 0.000433 0.032976 0.001564
v 0.000296 0.032976 0.001596
v 0.000156 0.032976 0.001615
v 0.000015 0.032976 0.001623
v -0.000126 0.032976 0.001618
v -0.000266 0.032976 0.001601
v -0.000404 0.032976 0.001572
v -0.000538 0.032976 0.001531
v -0.000669 0.032976 0.001478
v -0.000795 0.032976 0.001415
v -0.000915 0.032976 0.001340
v -0.001028 0.032976 0.001256
v -0.001133 0.032976 0.001162
v -0.001229 0.032976 0.001059
v -0.001317 0.032976 0.000948
v -0.001394 0.032976 0.000831
v -0.001461 0.032976 0.000706
v -0.001517 0.032976 0.000577
v -0.001561 0.032976 0.000443
v -0.001594 0.032976 0.000306
v -0.001614 0.032976 0.000166
v -0.001623 0.032976 0.000026
v -0.001722 0.032931 0.000177
v -0.001700 0.032931 0.000326
v -0.001665 0.032931 0.000473
v -0.001618 0.032931 0.000615
v -0.001558 0.032931 0.000753
v -0.001487 0.032931 0.000886
v -0.001404 0.032931 0.001012
v -0.001311 0.032931 0.001130
v -0.001208 0.032931 0.001239
v -0.001096 0.032931 0.001339
v -0.000976 0.032931 0.001430
v -0.000848 0.032931 0.001509
v -0.000714 0.032931 0.001577
v -0.000574 0.032931 0.001633
v -0.000430 0.032931 0.001676
v -0.000283 0.032931 0.001707
v -0.000134 0.032931 0.001726
v 0.000016 0.032931 0.001731
v 0.000166 0.032931 0.001723
v 0.000315 0.032931 0.001702
v 0.000462 0.032931 0.001668
v 0.000605 0.032931 0.001622
v 0.000743 0.032931 0.001563
v 0.000876 0.032931 0.001493
v 0.001003 0.032931 0.001411
v 0.001121 0.032931 0.001319
v 0.001231 0.032931 0.001216
v 0.001332 0.032931 0.001105
v 0.001423 0.032931 0.000985
v 0.001503 0.032931 0.000858
v 0.001572 0.032931 0.000724
v 0.001629 0.032931 0.000585
v 0.001674 0.032931 0.000441
v 0.001706 0.032931 0.000294
v 0.001725 0.032931 0.000145
v -0.001790 0.032895 0.000184
v -0.001767 0.032895 0.000339
v -0.001731 0.032895 0.000491
v -0.001682 0.032895 0.000640
v -0.001620 0.032895 0.000783
v -0.001546 0.032895 0.000921
v -0.001460 0.032895 0.001052
v -0.001363 0.032895 0.001174
v -0.001256 0.032895 0.001288
v -0.001140 0.032895 0.001392
v -0.001014 0.032895 0.001486
v -0.000882 0.032895 0.001568
v -0.000742 0.032895 0.001639
v -0.000597 0.032895 0.001697
v -0.000447 0.032895 0.001743
v -0.000294 0.032895 0.001775
v -0.000139 0.032895 0.001794
v 0.000017 0.032895 0.001799
v 0.000173 0.032895 0.001791
v 0.000328 0.032895 0.001769
v 0.000480 0.032895 0.001734
v 0.000629 0.032895 0.001686
v 0.000773 0.032895 0.001625
v 0.000911 0.032895 0.001552
v 0.001042 0.032895 0.001467
v 0.001166 0.032895 0.001371
v 0.001280 0.032895 0.001264
v 0.001385 0.032895 0.001148
v 0.001480 0.032895 0.001024
v 0.001563 0.032895 0.000892
v 0.001634 0.032895 0.000753
v 0.001693 0.032895 0.000608
v 0.001740 0.032895 0.000459
v 0.001773 0.032895 0.000306
v 0.001793 0.032895 0.000151
v -0.001840 0.032864 0.000190
v -0.001817 0.032864 0.000349
v -0.001779 0.032864 0.000505
v -0.001729 0.032864 0.000658
v -0.001665 0.032864 0.000805
v -0.001589 0.032864 0.000947
v -0.001501 0.032864 0.001081
v -0.001401 0.032864 0.001207
v -0.001291 0.032864 0.001324
v -0.001172 0.032864 0.001431
v -0.001043 0.032864 0.001528
v -0.000906 0.032864 0.001613
v -0.000763 0.032864 0.001685
v -0.000614 0.032864 0.001745
v -0.000460 0.032864 0.001792
v -0.000303 0.032864 0.001825
v -0.000143 0.032864 0.001844
v 0.000017 0.032864 0.001850
v 0.000178 0.032864 0.001841
v 0.000337 0.032864 0.001819
v 0.000494 0.032864 0.001783
v 0.000647 0.032864 0.001733
v 0.000795 0.032864 0.001670
v 0.000937 0.032864 0.001595
v 0.001071 0.032864 0.001508
v 0.001198 0.032864 0.001409
v 0.001316 0.032864 0.001300
v 0.001424 0.032864 0.001181
v 0.001521 0.032864 0.001053
v 0.001607 0.032864 0.000917
v 0.001680 0.032864 0.000774
v 0.001741 0.032864 0.000625
v 0.001789 0.032864 0.000471
v 0.001823 0.032864 0.000314
v 0.001843 0.032864 0.000155
v -0.001877 0.032837 0.000193
v -0.001853 0.032837 0.000356
v -0.001815 0.032837 0.000515
v -0.001764 0.032837 0.000671
v -0.001699 0.032837 0.000821
v -0.001621 0.032837 0.000966
v -0.001531 0.032837 0.001103
v -0.001430 0.032837 0.001232
v -0.001317 0.032837 0.001351
v -0.001195 0.032837 0.001460
v -0.001064 0.032837 0.001559
v -0.000925 0.032837 0.001645
v -0.000778 0.032837 0.001719
v -0.000626 0.032837 0.001780
v -0.000469 0.032837 0.001828
v -0.000309 0.032837 0.001862
v -0.000146 0.032837 0.001882
v 0.000018 0.032837 0.001887
v 0.000182 0.032837 0.001878
v 0.000344 0.032837 0.001856
v 0.000504 0.032837 0.001819
v 0.000660 0.032837 0.001768
v 0.000811 0.032837 0.001704
v 0.000955 0.032837 0.001627
v 0.001093 0.032837 0.001538
v 0.001223 0.032837 0.001438
v 0.001343 0.032837 0.001326
v 0.001453 0.032837 0.001205
v 0.001552 0.032837 0.001074
v 0.001639 0.032837 0.000935
v 0.001714 0.032837 0.000789
v 0.001776 0.032837 0.000638
v 0.001825 0.032837 0.000481
v 0.001860 0.032837 0.000321
v 0.001881 0.032837 0.000158
v -0.001905 0.032813 0.000196
v -0.001881 0.032813 0.000361
v -0.001842 0.032813 0.000523
v -0.001790 0.032813 0.000681
v -0.001724 0.032813 0.000834
v -0.001645 0.032813 0.000980
v -0.001554 0.032813 0.001119
v -0.001451 0.032813 0.001250
v -0.001337 0.032813 0.001371
v -0.001213 0.032813 0.001482
v -0.001080 0.032813 0.001582
v -0.000938 0.032813 0.001669
v -0.000790 0.032813 0.001745
v -0.000635 0.032813 0.001807
v -0.000476 0.032813 0.001855
v -0.000313 0.032813 0.001889
v -0.000148 0.032813 0.001909
v 0.000018 0.032813 0.001915
v 0.000184 0.032813 0.001906
v 0.000349 0.032813 0.001883
v 0.000511 0.032813 0.001846
v 0.000669 0.032813 0.001794
v 0.000823 0.032813 0.001729
v 0.000970 0.032813 0.001651
v 0.001109 0.032813 0.001561
v 0.001241 0.032813 0.001459
v 0.001363 0.032813 0.001346
v 0.001474 0.032813 0.001222
v 0.001575 0.032813 0.001090
v 0.001663 0.032813 0.000949
v 0.001740 0.032813 0.000801
v 0.001803 0.032813 0.000647
v 0.001852 0.032813 0.000488
v 0.001887 0.032813 0.000325
v 0.001908 0.032813 0.000160
v -0.001927 0.032791 0.000199
v -0.001903 0.032791 0.000365
v -0.001864 0.032791 0.000529
v -0.001811 0.032791 0.000689
v -0.001744 0.032791 0.000843
v -0.001665 0.032791 0.000992
v -0.001572 0.032791 0.001132
v -0.001468 0.032791 0.001265
v -0.001353 0.032791 0.001387
v -0.001227 0.032791 0.001499
v -0.001092 0.032791 0.001600
v -0.000949 0.032791 0.001689
v -0.000799 0.032791 0.001765
v -0.000643 0.032791 0.001828
v -0.000482 0.032791 0.001877
v -0.000317 0.032791 0.001912
v -0.000150 0.032791 0.001932
v 0.000018 0.032791 0.001938
v 0.000186 0.032791 0.001929
v 0.000353 0.032791 0.001905
v 0.000517 0.032791 0.001867
v 0.000677 0.032791 0.001815
v 0.000832 0.032791 0.001750
v 0.000981 0.032791 0.001671
v 0.001122 0.032791 0.001579
v 0.001255 0.032791 0.001476
v 0.001379 0.032791 0.001362
v 0.001492 0.032791 0.001237
v 0.001593 0.032791 0.001103
v 0.001683 0.032791 0.000960
v 0.001760 0.032791 0.000810
v 0.001824 0.032791 0.000655
v 0.001874 0.032791 0.000494
v 0.001909 0.032791 0.000329
v 0.001931 0.032791 0.000162
v -0.001943 0.032772 0.000200
v -0.001918 0.032772 0.000368
v -0.001879 0.032772 0.000533
v -0.001826 0.032772 0.000694
v -0.001759 0.032772 0.000850
v -0.001678 0.032772 0.001000
v -0.001585 0.032772 0.001142
v -0.001480 0.032772 0.001275
v -0.001364 0.032772 0.001399
v -0.001237 0.032772 0.001512
v -0.001101 0.032772 0.001613
v -0.000957 0.032772 0.001703
v -0.000806 0.032772 0.001780
v -0.000648 0.032772 0.001843
v -0.000486 0.032772 0.001892
v -0.000320 0.032772 0.001927
v -0.000151 0.032772 0.001948
v 0.000018 0.032772 0.001953
v 0.000188 0.032772 0.001944
v 0.000356 0.032772 0.001921
v 0.000521 0.032772 0.001883
v 0.000683 0.032772 0.001830
v 0.000839 0.032772 0.001764
v 0.000989 0.032772 0.001685
v 0.001132 0.032772 0.001592
v 0.001265 0.032772 0.001488
v 0.001390 0.032772 0.001373
v 0.001504 0.032772 0.001247
v 0.001606 0.032772 0.001112
v 0.001697 0.032772 0.000968
v 0.001774 0.032772 0.000817
v 0.001839 0.032772 0.000660
v 0.001889 0.032772 0.000498
v 0.001925 0.032772 0.000332
v 0.001947 0.032772 0.000164
v -0.001956 0.032755 0.000202
v -0.001931 0.032755 0.000371
v -0.001891 0.032755 0.000537
v -0.001837 0.032755 0.000699
v -0.001770 0.032755 0.000856
v -0.001689 0.032755 0.001006
v -0.001595 0.032755 0.001149
v -0.001489 0.032755 0.001283
v -0.001372 0.032755 0.001407
v -0.001245 0.032755 0.001521
v -0.001108 0.032755 0.001624
v -0.000963 0.032755 0.001714
v -0.000811 0.032755 0.001791
v -0.000652 0.032755 0.001854
v -0.000489 0.032755 0.001904
v -0.000322 0.032755 0.001939
v -0.000152 0.032755 0.001960
v 0.000019 0.032755 0.001966
v 0.000189 0.032755 0.001957
v 0.000358 0.032755 0.001933
v 0.000525 0.032755 0.001895
v 0.000687 0.032755 0.001842
v 0.000844 0.032755 0.001775
v 0.000995 0.032755 0.001695
v 0.001139 0.032755 0.001602
v 0.001274 0.032755 0.001498
v 0.001399 0.032755 0.001381
v 0.001513 0.032755 0.001255
v 0.001617 0.032755 0.001119
v 0.001708 0.032755 0.000974
v 0.001786 0.032755 0.000822
v 0.001850 0.032755 0.000664
v 0.001901 0.032755 0.000501
v 0.001937 0.032755 0.000334
v 0.001959 0.032755 0.000165
v -0.001965 0.032739 0.000203
v -0.001940 0.032739 0.000372
v -0.001901 0.032739 0.000539
v -0.001847 0.032739 0.000702
v -0.001779 0.032739 0.000860
v -0.001697 0.032739 0.001011
v -0.001603 0.032739 0.001155
v -0.001497 0.032739 0.001289
v -0.001379 0.032739 0.001414
v -0.001251 0.032739 0.001529
v -0.001114 0.032739 0.001632
v -0.000968 0.032739 0.001722
v -0.000815 0.032739 0.001800
v -0.000656 0.032739 0.001864
v -0.000491 0.032739 0.001914
v -0.000323 0.032739 0.001949
v -0.000153 0.032739 0.001970
v 0.000019 0.032739 0.001976
v 0.000190 0.032739 0.001966
v 0.000360 0.032739 0.001943
v 0.000527 0.032739 0.001904
v 0.000691 0.032739 0.001851
v 0.000849 0.032739 0.001784
v 0.001000 0.032739 0.001704
v 0.001144 0.032739 0.001610
v 0.001280 0.032739 0.001505
v 0.001406 0.032739 0.001388
v 0.001521 0.032739 0.001261
v 0.001625 0.032739 0.001124
v 0.001716 0.032739 0.000979
v 0.001795 0.032739 0.000826
v 0.001859 0.032739 0.000667
v 0.001910 0.032739 0.000503
v 0.001947 0.032739 0.000336
v 0.001969 0.032739 0.000165
v -0.001973 0.032724 0.000203
v -0.001948 0.032724 0.000374
v -0.001908 0.032724 0.000541
v -0.001854 0.032724 0.000705
v -0.001786 0.032724 0.000863
v -0.001704 0.032724 0.001015
v -0.001609 0.032724 0.001159
v -0.001503 0.032724 0.001294
v -0.001385 0.032724 0.001420
v -0.001256 0.032724 0.001535
v -0.001118 0.032724 0.001638
v -0.000972 0.032724 0.001729
v -0.000818 0.032724 0.001807
v -0.000658 0.032724 0.001871
v -0.000493 0.032724 0.001921
v -0.000325 0.032724 0.001957
v -0.000154 0.032724 0.001977
v 0.000019 0.032724 0.001983
v 0.000191 0.032724 0.001974
v 0.000361 0.032724 0.001950
v 0.000529 0.032724 0.001911
v 0.000693 0.032724 0.001858
v 0.000852 0.032724 0.001791
v 0.001004 0.032724 0.001710
v 0.001149 0.032724 0.001617
v 0.001285 0.032724 0.001511
v 0.001411 0.032724 0.001394
v 0.001527 0.032724 0.001266
v 0.001631 0.032724 0.001129
v 0.001723 0.032724 0.000983
v 0.001801 0.032724 0.000830
v 0.001867 0.032724 0.000670
v 0.001918 0.032724 0.000505
v 0.001954 0.032724 0.000337
v 0.001976 0.032724 0.000166
v -0.001979 0.032708 0.000204
v -0.001954 0.032708 0.000375
v -0.001914 0.032708 0.000543
v -0.001860 0.032708 0.000707
v -0.001791 0.032708 0.000866
v -0.001709 0.032708 0.001018
v -0.001615 0.032708 0.001163
v -0.001508 0.032708 0.001299
v -0.001389 0.032708 0.001425
v -0.001260 0.032708 0.001540
v -0.001122 0.032708 0.001643
v -0.000975 0.032708 0.001735
v -0.000821 0.032708 0.001813
v -0.000660 0.032708 0.001877
v -0.000495 0.032708 0.001927
v -0.000326 0.032708 0.001963
v -0.000154 0.032708 0.001984
v 0.000019 0.032708 0.001990
v 0.000191 0.032708 0.001981
v 0.000363 0.032708 0.001956
v 0.000531 0.032708 0.001918
v 0.000695 0.032708 0.001864
v 0.000855 0.032708 0.001797
v 0.001007 0.032708 0.001716
v 0.001153 0.032708 0.001622
v 0.001289 0.032708 0.001516
v 0.001416 0.032708 0.001398
v 0.001532 0.032708 0.001270
v 0.001636 0.032708 0.001132
v 0.001728 0.032708 0.000986
v 0.001807 0.032708 0.000832
v 0.001873 0.032708 0.000672
v 0.001924 0.032708 0.000507
v 0.001961 0.032708 0.000338
v 0.001983 0.032708 0.000167
v -0.001984 0.032692 0.000204
v -0.001959 0.032692 0.000376
v -0.001919 0.032692 0.000545
v -0.001864 0.032692 0.000709
v -0.001796 0.032692 0.000868
v -0.001713 0.032692 0.001021
v -0.001618 0.032692 0.001166
v -0.001511 0.032692 0.001302
v -0.001392 0.032692 0.001428
v -0.001263 0.032692 0.001543
v -0.001124 0.032692 0.001647
v -0.000977 0.032692 0.001739
v -0.000823 0.032692 0.001817
v -0.000662 0.032692 0.001881
v -0.000496 0.032692 0.001932
v -0.000326 0.032692 0.001968
v -0.000154 0.032692 0.001988
v 0.000019 0.032692 0.001994
v 0.000192 0.032692 0.001985
v 0.000363 0.032692 0.001961
v 0.000532 0.032692 0.001922
v 0.000697 0.032692 0.001869
v 0.000857 0.032692 0.001801
v 0.001010 0.032692 0.001720
v 0.001155 0.032692 0.001626
v 0.001292 0.032692 0.001519
v 0.001419 0.032692 0.001401
v 0.001535 0.032692 0.001273
v 0.001640 0.032692 0.001135
v 0.001732 0.032692 0.000988
v 0.001812 0.032692 0.000834
v 0.001877 0.032692 0.000674
v 0.001929 0.032692 0.000508
v 0.001965 0.032692 0.000339
v 0.001987 0.032692 0.000167
v -0.001987 0.032678 0.000205
v -0.001962 0.032678 0.000377
v -0.001922 0.032678 0.000545
v -0.001867 0.032678 0.000710
v -0.001798 0.032678 0.000870
v -0.001716 0.032678 0.001022
v -0.001621 0.032678 0.001167
v -0.001513 0.032678 0.001304
v -0.001395 0.032678 0.001430
v -0.001265 0.032678 0.001546
v -0.001126 0.032678 0.001650
v -0.000979 0.032678 0.001741
v -0.000824 0.032678 0.001820
v -0.000663 0.032678 0.001884
v -0.000497 0.032678 0.001935
v -0.000327 0.032678 0.001971
v -0.000155 0.032678 0.001992
v 0.000019 0.032678 0.001997
v 0.000192 0.032678 0.001988
v 0.000364 0.032678 0.001964
v 0.000533 0.032678 0.001925
v 0.000698 0.032678 0.001872
v 0.000858 0.032678 0.001804
v 0.001011 0.032678 0.001723
v 0.001157 0.032678 0.001628
v 0.001294 0.032678 0.001522
v 0.001421 0.032678 0.001404
v 0.001538 0.032678 0.001275
v 0.001643 0.032678 0.001137
v 0.001735 0.032678 0.000990
v 0.001814 0.032678 0.000835
v 0.001880 0.032678 0.000675
v 0.001932 0.032678 0.000509
v 0.001968 0.032678 0.000339
v 0.001991 0.032678 0.000167
v -0.001989 0.032664 0.000205
v -0.001964 0.032664 0.000377
v -0.001923 0.032664 0.000546
v -0.001869 0.032664 0.000711
v -0.001800 0.032664 0.000870
v -0.001718 0.032664 0.001023
v -0.001622 0.032664 0.001168
v -0.001515 0.032664 0.001305
v -0.001396 0.032664 0.001431
v -0.001266 0.032664 0.001547
v -0.001127 0.032664 0.001651
v -0.000980 0.032664 0.001743
v -0.000825 0.032664 0.001821
v -0.000663 0.032664 0.001886
v -0.000497 0.032664 0.001937
v -0.000327 0.032664 0.001972
v -0.000155 0.032664 0.001993
v 0.000019 0.032664 0.001999
v 0.000192 0.032664 0.001990
v 0.000364 0.032664 0.001966
v 0.000534 0.032664 0.001927
v 0.000699 0.032664 0.001873
v 0.000859 0.032664 0.001806
v 0.001012 0.032664 0.001724
v 0.001158 0.032664 0.001630
v 0.001295 0.032664 0.001523
v 0.001423 0.032664 0.001405
v 0.001539 0.032664 0.001276
v 0.001644 0.032664 0.001138
v 0.001737 0.032664 0.000991
v 0.001816 0.032664 0.000836
v 0.001882 0.032664 0.000675
v 0.001933 0.032664 0.000510
v 0.001970 0.032664 0.000340
v 0.001992 0.032664 0.000167
v 0.000510 0.032773 -0.000284
v 0.000284 0.032773 -0.000510
# 3309 vertices, 0 vertices normals

f 1 2 3
f 2 4 3
f 3 4 5
f 4 6 5
f 5 6 7
f 6 8 7
f 7 8 9
f 8 10 9
f 9 10 11
f 10 12 11
f 11 12 13
f 12 14 13
f 13 14 15
f 14 16 15
f 15 16 17
f 16 18 17
f 17 18 19
f 18 20 19
f 19 20 21
f 20 22 21
f 21 22 23
f 22 24 23
f 23 24 25
f 24 26 25
f 25 26 27
f 26 28 27
f 27 28 29
f 28 30 29
f 29 30 31
f 30 32 31
f 31 32 33
f 32 34 33
f 33 34 35
f 34 36 35
f 35 36 37
f 36 38 37
f 37 38 39
f 38 40 39
f 39 40 41
f 40 42 41
f 41 42 43
f 42 44 43
f 43 44 45
f 44 46 45
f 45 46 47
f 46 48 47
f 47 48 49
f 48 50 49
f 49 50 51
f 50 52 51
f 51 52 53
f 52 54 53
f 53 54 55
f 54 56 55
f 55 56 57
f 56 58 57
f 57 58 59
f 58 60 59
f 59 60 61
f 60 62 61
f 61 62 63
f 62 64 63
f 63 64 65
f 64 66 65
f 65 66 67
f 66 68 67
f 67 68 69
f 68 70 69
f 69 70 71
f 70 72 71
f 71 72 73
f 72 74 73
f 73 74 75
f 74 76 75
f 75 76 77
f 76 78 77
f 77 78 79
f 78 80 79
f 79 80 81
f 80 82 81
f 81 82 83
f 82 84 83
f 83 84 85
f 84 86 85
f 85 86 87
f 86 88 87
f 87 88 89
f 88 90 89
f 89 90 91
f 90 92 91
f 91 92 93
f 92 94 93
f 93 94 95
f 94 96 95
f 95 96 97
f 96 98 97
f 97 98 99
f 98 100 99
f 99 100 101
f 100 102 101
f 101 102 103
f 102 104 103
f 103 104 105
f 104 106 105
f 105 106 107
f 106 108 107
f 107 108 109
f 108 110 109
f 109 110 111
f 110 112 111
f 111 112 113
f 112 114 113
f 113 114 115
f 114 116 115
f 115 116 117
f 116 118 117
f 117 118 119
f 118 120 119
f 119 120 121
f 120 122 121
f 121 122 123
f 122 124 123
f 123 124 125
f 124 126 125
f 125 126 127
f 126 128 127
f 127 128 129
f 128 130 129
f 129 130 131
f 130 132 131
f 131 132 133
f 132 134 133
f 133 134 135
f 134 136 135
f 135 136 137
f 136 138 137
f 137 138 139
f 138 140 139
f 139 140 141
f 140 142 141
f 141 142 143
f 142 144 143
f 143 144 1
f 144 2 1
f 36 145 38
f 145 146 38
f 38 146 40
f 146 147 40
f 40 147 42
f 147 148 42
f 42 148 44
f 148 149 44
f 44 149 46
f 149 150 46
f 46 150 48
f 150 151 48
f 48 151 50
f 151 152 50
f 50 152 52
f 152 153 52
f 52 153 54
f 153 154 54
f 54 154 56
f 154 155 56
f 56 155 58
f 155 156 58
f 58 156 60
f 156 157 60
f 60 157 62
f 157 158 62
f 62 158 64
f 158 159 64
f 64 159 66
f 159 160 66
f 66 160 68
f 160 161 68
f 68 161 70
f 161 162 70
f 70 162 72
f 162 163 72
f 72 163 74
f 163 164 74
f 74 164 76
f 164 165 76
f 76 165 78
f 165 166 78
f 78 166 80
f 166 167 80
f 80 167 82
f 167 168 82
f 82 168 84
f 168 169 84
f 84 169 86
f 169 170 86
f 86 170 88
f 170 171 88
f 88 171 90
f 171 172 90
f 90 172 92
f 172 173 92
f 92 173 94
f 173 174 94
f 94 174 96
f 174 175 96
f 96 175 98
f 175 176 98
f 98 176 100
f 176 177 100
f 100 177 102
f 177 178 102
f 102 178 104
f 178 179 104
f 104 179 106
f 179 180 106
f 106 180 108
f 180 181 108
f 108 181 110
f 181 182 110
f 110 182 112
f 182 183 112
f 112 183 114
f 183 184 114
f 114 184 116
f 184 185 116
f 116 185 118
f 185 186 118
f 118 186 120
f 186 187 120
f 120 187 122
f 187 188 122
f 122 188 124
f 188 189 124
f 124 189 126
f 189 190 126
f 126 190 128
f 190 191 128
f 128 191 130
f 191 192 130
f 130 192 132
f 192 193 132
f 132 193 134
f 193 194 134
f 134 194 136
f 194 195 136
f 136 195 138
f 195 196 138
f 138 196 140
f 196 197 140
f 140 197 142
f 197 198 142
f 142 198 144
f 198 199 144
f 144 199 2
f 199 200 2
f 2 200 4
f 200 201 4
f 4 201 6
f 201 202 6
f 6 202 8
f 202 203 8
f 8 203 10
f 203 204 10
f 10 204 12
f 204 205 12
f 12 205 14
f 205 206 14
f 14 206 16
f 206 207 16
f 16 207 18
f 207 208 18
f 18 208 20
f 208 209 20
f 20 209 22
f 209 210 22
f 22 210 24
f 210 211 24
f 24 211 26
f 211 212 26
f 26 212 28
f 212 213 28
f 28 213 30
f 213 214 30
f 30 214 32
f 214 215 32
f 32 215 34
f 215 216 34
f 34 216 36
f 216 145 36
f 27 217 25
f 217 218 25
f 25 218 23
f 218 219 23
f 23 219 21
f 219 220 21
f 21 220 19
f 220 221 19
f 19 221 17
f 221 222 17
f 17 222 15
f 222 223 15
f 15 223 13
f 223 224 13
f 13 224 11
f 224 225 11
f 11 225 9
f 225 226 9
f 9 226 7
f 226 227 7
f 7 227 5
f 227 228 5
f 5 228 3
f 228 229 3
f 3 229 1
f 229 230 1
f 1 230 143
f 230 231 143
f 143 231 141
f 231 232 141
f 141 232 139
f 232 233 139
f 139 233 137
f 233 234 137
f 137 234 135
f 234 235 135
f 135 235 133
f 235 236 133
f 133 236 131
f 236 237 131
f 131 237 129
f 237 238 129
f 129 238 127
f 238 239 127
f 127 239 125
f 239 240 125
f 125 240 123
f 240 241 123
f 123 241 121
f 241 242 121
f 121 242 119
f 242 243 119
f 119 243 117
f 243 244 117
f 117 244 115
f 244 245 115
f 115 245 113
f 245 246 113
f 113 246 111
f 246 247 111
f 111 247 109
f 247 248 109
f 109 248 107
f 248 249 107
f 107 249 105
f 249 250 105
f 105 250 103
f 250 251 103
f 103 251 101
f 251 252 101
f 101 252 99
f 252 253 99
f 99 253 97
f 253 254 97
f 97 254 95
f 254 255 95
f 95 255 93
f 255 256 93
f 93 256 91
f 256 257 91
f 91 257 89
f 257 258 89
f 89 258 87
f 258 259 87
f 87 259 85
f 259 260 85
f 85 260 83
f 260 261 83
f 83 261 81
f 261 262 81
f 81 262 79
f 262 263 79
f 79 263 77
f 263 264 77
f 77 264 75
f 264 265 75
f 75 265 73
f 265 266 73
f 73 266 71
f 266 267 71
f 71 267 69
f 267 268 69
f 69 268 67
f 268 269 67
f 67 269 65
f 269 270 65
f 65 270 63
f 270 271 63
f 63 271 61
f 271 272 61
f 61 272 59
f 272 273 59
f 59 273 57
f 273 274 57
f 57 274 55
f 274 275 55
f 55 275 53
f 275 276 53
f 53 276 51
f 276 277 51
f 51 277 49
f 277 278 49
f 49 278 47
f 278 279 47
f 47 279 45
f 279 280 45
f 45 280 43
f 280 281 43
f 43 281 41
f 281 282 41
f 41 282 39
f 282 283 39
f 39 283 37
f 283 284 37
f 37 284 35
f 284 285 35
f 35 285 33
f 285 286 33
f 33 286 31
f 286 287 31
f 31 287 29
f 287 288 29
f 29 288 27
f 288 217 27
f 289 290 291
f 291 292 289
f 292 293 289
f 289 293 294
f 293 295 294
f 295 296 294
f 294 296 297
f 296 298 297
f 298 299 297
f 297 299 300
f 299 301 300
f 301 302 300
f 300 302 303
f 302 304 303
f 304 305 303
f 303 305 306
f 305 307 306
f 307 308 306
f 306 308 309
f 308 310 309
f 310 311 309
f 309 311 312
f 311 313 312
f 313 314 312
f 312 314 315
f 314 316 315
f 316 317 315
f 315 317 318
f 317 319 318
f 319 320 318
f 318 320 321
f 320 322 321
f 322 323 321
f 321 323 324
f 323 325 324
f 325 326 324
f 324 326 327
f 326 328 327
f 328 329 327
f 327 329 330
f 329 331 330
f 331 332 330
f 330 332 333
f 332 334 333
f 334 335 333
f 333 335 336
f 335 337 336
f 337 338 336
f 336 338 339
f 338 340 339
f 340 341 339
f 339 341 342
f 341 343 342
f 343 344 342
f 342 344 345
f 344 346 345
f 346 347 345
f 345 347 348
f 347 349 348
f 349 350 348
f 348 350 351
f 350 352 351
f 352 353 351
f 351 353 354
f 353 355 354
f 355 356 354
f 354 356 357
f 356 358 357
f 358 359 357
f 357 359 360
f 359 361 360
f 361 362 360
f 360 362 363
f 362 364 363
f 364 365 363
f 363 365 366
f 365 367 366
f 367 368 366
f 366 368 369
f 368 370 369
f 370 371 369
f 369 371 372
f 371 373 372
f 373 374 372
f 372 374 375
f 374 376 375
f 376 377 375
f 375 377 378
f 377 379 378
f 379 380 378
f 378 380 381
f 380 382 381
f 382 383 381
f 381 383 384
f 383 385 384
f 385 386 384
f 384 386 387
f 386 388 387
f 388 389 387
f 387 389 390
f 389 391 390
f 391 392 390
f 390 392 393
f 392 394 393
f 394 395 393
f 393 395 396
f 395 397 396
f 397 398 396
f 396 398 399
f 398 400 399
f 400 401 399
f 399 401 402
f 401 403 402
f 403 404 402
f 402 404 405
f 404 406 405
f 406 407 405
f 405 407 408
f 407 409 408
f 409 410 408
f 408 410 411
f 410 412 411
f 412 413 411
f 411 413 414
f 413 415 414
f 415 416 414
f 414 416 417
f 416 418 417
f 418 419 417
f 417 419 420
f 419 421 420
f 421 422 420
f 420 422 423
f 422 424 423
f 424 425 423
f 423 425 426
f 425 427 426
f 427 428 426
f 426 428 429
f 428 430 429
f 430 431 429
f 429 431 432
f 431 433 432
f 433 434 432
f 432 434 435
f 434 436 435
f 436 437 435
f 435 437 438
f 437 439 438
f 439 440 438
f 438 440 441
f 440 442 441
f 442 443 441
f 441 443 444
f 443 445 444
f 445 446 444
f 444 446 447
f 446 448 447
f 448 449 447
f 447 449 450
f 449 451 450
f 451 452 450
f 450 452 453
f 452 454 453
f 454 455 453
f 453 455 456
f 455 457 456
f 457 458 456
f 456 458 459
f 458 460 459
f 460 461 459
f 459 461 462
f 461 463 462
f 463 464 462
f 462 464 465
f 464 466 465
f 466 467 465
f 465 467 468
f 467 469 468
f 469 470 468
f 468 470 471
f 470 472 471
f 472 473 471
f 471 473 474
f 473 475 474
f 475 476 474
f 474 476 477
f 476 478 477
f 478 479 477
f 477 479 480
f 479 481 480
f 481 482 480
f 480 482 483
f 482 484 483
f 484 485 483
f 483 485 486
f 485 487 486
f 487 488 486
f 486 488 489
f 488 490 489
f 490 491 489
f 489 491 492
f 491 493 492
f 493 494 492
f 492 494 495
f 494 496 495
f 496 497 495
f 495 497 498
f 497 499 498
f 499 500 498
f 498 500 501
f 500 502 501
f 502 503 501
f 501 503 290
f 503 504 290
f 290 504 291
f 290 505 501
f 505 506 501
f 501 506 498
f 506 507 498
f 498 507 495
f 507 508 495
f 495 508 492
f 508 509 492
f 492 509 489
f 509 510 489
f 489 510 486
f 510 511 486
f 486 511 483
f 511 512 483
f 483 512 480
f 512 513 480
f 480 513 477
f 513 514 477
f 477 514 474
f 514 515 474
f 474 515 471
f 515 516 471
f 471 516 468
f 516 517 468
f 468 517 465
f 517 518 465
f 465 518 462
f 518 519 462
f 462 519 459
f 519 520 459
f 459 520 456
f 520 521 456
f 456 521 453
f 521 522 453
f 453 522 450
f 522 523 450
f 450 523 447
f 523 524 447
f 447 524 444
f 524 525 444
f 444 525 441
f 525 526 441
f 441 526 438
f 526 527 438
f 438 527 435
f 527 528 435
f 435 528 432
f 528 529 432
f 432 529 429
f 529 530 429
f 429 530 426
f 530 531 426
f 426 531 423
f 531 532 423
f 423 532 420
f 532 533 420
f 420 533 417
f 533 534 417
f 417 534 414
f 534 535 414
f 414 535 411
f 535 536 411
f 411 536 408
f 536 537 408
f 408 537 405
f 537 538 405
f 405 538 402
f 538 539 402
f 402 539 399
f 539 540 399
f 399 540 396
f 540 541 396
f 396 541 393
f 541 542 393
f 393 542 390
f 542 543 390
f 390 543 387
f 543 544 387
f 387 544 384
f 544 545 384
f 384 545 381
f 545 546 381
f 381 546 378
f 546 547 378
f 378 547 375
f 547 548 375
f 375 548 372
f 548 549 372
f 372 549 369
f 549 550 369
f 369 550 366
f 550 551 366
f 366 551 363
f 551 552 363
f 363 552 360
f 552 553 360
f 360 553 357
f 553 554 357
f 357 554 354
f 554 555 354
f 354 555 351
f 555 556 351
f 351 556 348
f 556 557 348
f 348 557 345
f 557 558 345
f 345 558 342
f 558 559 342
f 342 559 339
f 559 560 339
f 339 560 336
f 560 561 336
f 336 561 333
f 561 562 333
f 333 562 330
f 562 563 330
f 330 563 327
f 563 564 327
f 327 564 324
f 564 565 324
f 324 565 321
f 565 566 321
f 321 566 318
f 566 567 318
f 318 567 315
f 567 568 315
f 315 568 312
f 568 569 312
f 312 569 309
f 569 570 309
f 309 570 306
f 570 571 306
f 306 571 303
f 571 572 303
f 303 572 300
f 572 573 300
f 300 573 297
f 573 574 297
f 297 574 294
f 574 575 294
f 294 575 289
f 575 576 289
f 289 576 290
f 576 505 290
f 576 577 505
f 577 578 505
f 505 578 506
f 578 579 506
f 506 579 507
f 579 580 507
f 507 580 508
f 580 581 508
f 508 581 509
f 581 582 509
f 509 582 510
f 582 583 510
f 510 583 511
f 583 584 511
f 511 584 512
f 584 585 512
f 512 585 513
f 585 586 513
f 513 586 514
f 586 587 514
f 514 587 515
f 587 588 515
f 515 588 516
f 588 589 516
f 516 589 517
f 589 590 517
f 517 590 518
f 590 591 518
f 518 591 519
f 591 592 519
f 519 592 520
f 592 593 520
f 520 593 521
f 593 594 521
f 521 594 522
f 594 595 522
f 522 595 523
f 595 596 523
f 523 596 524
f 596 597 524
f 524 597 525
f 597 598 525
f 525 598 526
f 598 599 526
f 526 599 527
f 599 600 527
f 527 600 528
f 600 601 528
f 528 601 529
f 601 602 529
f 529 602 530
f 602 603 530
f 530 603 531
f 603 604 531
f 531 604 532
f 604 605 532
f 532 605 533
f 605 606 533
f 533 606 534
f 606 607 534
f 534 607 535
f 607 608 535
f 535 608 536
f 608 609 536
f 536 609 537
f 609 610 537
f 537 610 538
f 610 611 538
f 538 611 539
f 611 612 539
f 539 612 540
f 612 613 540
f 540 613 541
f 613 614 541
f 541 614 542
f 614 615 542
f 542 615 543
f 615 616 543
f 543 616 544
f 616 617 544
f 544 617 545
f 617 618 545
f 545 618 546
f 618 619 546
f 546 619 547
f 619 620 547
f 547 620 548
f 620 621 548
f 548 621 549
f 621 622 549
f 549 622 550
f 622 623 550
f 550 623 551
f 623 624 551
f 551 624 552
f 624 625 552
f 552 625 553
f 625 626 553
f 553 626 554
f 626 627 554
f 554 627 555
f 627 628 555
f 555 628 556
f 628 629 556
f 556 629 557
f 629 630 557
f 557 630 558
f 630 631 558
f 558 631 559
f 631 632 559
f 559 632 560
f 632 633 560
f 560 633 561
f 633 634 561
f 561 634 562
f 634 635 562
f 562 635 563
f 635 636 563
f 563 636 564
f 636 637 564
f 564 637 565
f 637 638 565
f 565 638 566
f 638 639 566
f 566 639 567
f 639 640 567
f 567 640 568
f 640 641 568
f 568 641 569
f 641 642 569
f 569 642 570
f 642 643 570
f 570 643 571
f 643 644 571
f 571 644 572
f 644 645 572
f 572 645 573
f 645 646 573
f 573 646 574
f 646 647 574
f 574 647 575
f 647 648 575
f 575 648 576
f 648 577 576
f 648 649 577
f 649 650 577
f 577 650 578
f 650 651 578
f 578 651 579
f 651 652 579
f 579 652 580
f 652 653 580
f 580 653 581
f 653 654 581
f 581 654 582
f 654 655 582
f 582 655 583
f 655 656 583
f 583 656 584
f 656 657 584
f 584 657 585
f 657 658 585
f 585 658 586
f 658 659 586
f 586 659 587
f 659 660 587
f 587 660 588
f 660 661 588
f 588 661 589
f 661 662 589
f 589 662 590
f 662 663 590
f 590 663 591
f 663 664 591
f 591 664 592
f 664 665 592
f 592 665 593
f 665 666 593
f 593 666 594
f 666 667 594
f 594 667 595
f 667 668 595
f 595 668 596
f 668 669 596
f 596 669 597
f 669 670 597
f 597 670 598
f 670 671 598
f 598 671 599
f 671 672 599
f 599 672 600
f 672 673 600
f 600 673 601
f 673 674 601
f 601 674 602
f 674 675 602
f 602 675 603
f 675 676 603
f 603 676 604
f 676 677 604
f 604 677 605
f 677 678 605
f 605 678 606
f 678 679 606
f 606 679 607
f 679 680 607
f 607 680 608
f 680 681 608
f 608 681 609
f 681 682 609
f 609 682 610
f 682 683 610
f 610 683 611
f 683 684 611
f 611 684 612
f 684 685 612
f 612 685 613
f 685 686 613
f 613 686 614
f 686 687 614
f 614 687 615
f 687 688 615
f 615 688 616
f 688 689 616
f 616 689 617
f 689 690 617
f 617 690 618
f 690 691 618
f 618 691 619
f 691 692 619
f 619 692 620
f 692 693 620
f 620 693 621
f 693 694 621
f 621 694 622
f 694 695 622
f 622 695 623
f 695 696 623
f 623 696 624
f 696 697 624
f 624 697 625
f 697 698 625
f 625 698 626
f 698 699 626
f 626 699 627
f 699 700 627
f 627 700 628
f 700 701 628
f 628 701 629
f 701 702 629
f 629 702 630
f 702 703 630
f 630 703 631
f 703 704 631
f 631 704 632
f 704 705 632
f 632 705 633
f 705 706 633
f 633 706 634
f 706 707 634
f 634 707 635
f 707 708 635
f 635 708 636
f 708 709 636
f 636 709 637
f 709 710 637
f 637 710 638
f 710 711 638
f 638 711 639
f 711 712 639
f 639 712 640
f 712 713 640
f 640 713 641
f 713 714 641
f 641 714 642
f 714 715 642
f 642 715 643
f 715 716 643
f 643 716 644
f 716 717 644
f 644 717 645
f 717 718 645
f 645 718 646
f 718 719 646
f 646 719 647
f 719 720 647
f 647 720 648
f 720 649 648
f 720 721 649
f 721 722 649
f 649 722 650
f 722 723 650
f 650 723 651
f 723 724 651
f 651 724 652
f 724 725 652
f 652 725 653
f 725 726 653
f 653 726 654
f 726 727 654
f 654 727 655
f 727 728 655
f 655 728 656
f 728 729 656
f 656 729 657
f 729 730 657
f 657 730 658
f 730 731 658
f 658 731 659
f 731 732 659
f 659 732 660
f 732 733 660
f 660 733 661
f 733 734 661
f 661 734 662
f 734 735 662
f 662 735 663
f 735 736 663
f 663 736 664
f 736 737 664
f 664 737 665
f 737 738 665
f 665 738 666
f 738 739 666
f 666 739 667
f 739 740 667
f 667 740 668
f 740 741 668
f 668 741 669
f 741 742 669
f 669 742 670
f 742 743 670
f 670 743 671
f 743 744 671
f 671 744 672
f 744 745 672
f 672 745 673
f 745 746 673
f 673 746 674
f 746 747 674
f 674 747 675
f 747 748 675
f 675 748 676
f 748 749 676
f 676 749 677
f 749 750 677
f 677 750 678
f 750 751 678
f 678 751 679
f 751 752 679
f 679 752 680
f 752 753 680
f 680 753 681
f 753 754 681
f 681 754 682
f 754 755 682
f 682 755 683
f 755 756 683
f 683 756 684
f 756 757 684
f 684 757 685
f 757 758 685
f 685 758 686
f 758 759 686
f 686 759 687
f 759 760 687
f 687 760 688
f 760 761 688
f 688 761 689
f 761 762 689
f 689 762 690
f 762 763 690
f 690 763 691
f 763 764 691
f 691 764 692
f 764 765 692
f 692 765 693
f 765 766 693
f 693 766 694
f 766 767 694
f 694 767 695
f 767 768 695
f 695 768 696
f 768 769 696
f 696 769 697
f 769 770 697
f 697 770 698
f 770 771 698
f 698 771 699
f 771 772 699
f 699 772 700
f 772 773 700
f 700 773 701
f 773 774 701
f 701 774 702
f 774 775 702
f 702 775 703
f 775 776 703
f 703 776 704
f 776 777 704
f 704 777 705
f 777 778 705
f 705 778 706
f 778 779 706
f 706 779 707
f 779 780 707
f 707 780 708
f 780 781 708
f 708 781 709
f 781 782 709
f 709 782 710
f 782 783 710
f 710 783 711
f 783 784 711
f 711 784 712
f 784 785 712
f 712 785 713
f 785 786 713
f 713 786 714
f 786 787 714
f 714 787 715
f 787 788 715
f 715 788 716
f 788 789 716
f 716 789 717
f 789 790 717
f 717 790 718
f 790 791 718
f 718 791 719
f 791 792 719
f 719 792 720
f 792 721 720
f 792 793 721
f 793 794 721
f 721 794 722
f 794 795 722
f 722 795 723
f 795 796 723
f 723 796 724
f 796 797 724
f 724 797 725
f 797 798 725
f 725 798 726
f 798 799 726
f 726 799 727
f 799 800 727
f 727 800 728
f 800 801 728
f 728 801 729
f 801 802 729
f 729 802 730
f 802 803 730
f 730 803 731
f 803 804 731
f 731 804 732
f 804 805 732
f 732 805 733
f 805 806 733
f 733 806 734
f 806 807 734
f 734 807 735
f 807 808 735
f 735 808 736
f 808 809 736
f 736 809 737
f 809 810 737
f 737 810 738
f 810 811 738
f 738 811 739
f 811 812 739
f 739 812 740
f 812 813 740
f 740 813 741
f 813 814 741
f 741 814 742
f 814 815 742
f 742 815 743
f 815 816 743
f 743 816 744
f 816 817 744
f 744 817 745
f 817 818 745
f 745 818 746
f 818 819 746
f 746 819 747
f 819 820 747
f 747 820 748
f 820 821 748
f 748 821 749
f 821 822 749
f 749 822 750
f 822 823 750
f 750 823 751
f 823 824 751
f 751 824 752
f 824 825 752
f 752 825 753
f 825 826 753
f 753 826 754
f 826 827 754
f 754 827 755
f 827 828 755
f 755 828 756
f 828 829 756
f 756 829 757
f 829 830 757
f 757 830 758
f 830 831 758
f 758 831 759
f 831 832 759
f 759 832 760
f 832 833 760
f 760 833 761
f 833 834 761
f 761 834 762
f 834 835 762
f 762 835 763
f 835 836 763
f 763 836 764
f 836 837 764
f 764 837 765
f 837 838 765
f 765 838 766
f 838 839 766
f 766 839 767
f 839 840 767
f 767 840 768
f 840 841 768
f 768 841 769
f 841 842 769
f 769 842 770
f 842 843 770
f 770 843 771
f 843 844 771
f 771 844 772
f 844 845 772
f 772 845 773
f 845 846 773
f 773 846 774
f 846 847 774
f 774 847 775
f 847 848 775
f 775 848 776
f 848 849 776
f 776 849 777
f 849 850 777
f 777 850 778
f 850 851 778
f 778 851 779
f 851 852 779
f 779 852 780
f 852 853 780
f 780 853 781
f 853 854 781
f 781 854 782
f 854 855 782
f 782 855 783
f 855 856 783
f 783 856 784
f 856 857 784
f 784 857 785
f 857 858 785
f 785 858 786
f 858 859 786
f 786 859 787
f 859 860 787
f 787 860 788
f 860 861 788
f 788 861 789
f 861 862 789
f 789 862 790
f 862 863 790
f 790 863 791
f 863 864 791
f 791 864 792
f 864 793 792
f 864 865 793
f 865 866 793
f 793 866 794
f 866 867 794
f 794 867 795
f 867 868 795
f 795 868 796
f 868 869 796
f 796 869 797
f 869 870 797
f 797 870 798
f 870 871 798
f 798 871 799
f 871 872 799
f 799 872 800
f 872 873 800
f 800 873 801
f 873 874 801
f 801 874 802
f 874 875 802
f 802 875 803
f 875 876 803
f 803 876 804
f 876 877 804
f 804 877 805
f 877 878 805
f 805 878 806
f 878 879 806
f 806 879 807
f 879 880 807
f 807 880 808
f 880 881 808
f 808 881 809
f 881 882 809
f 809 882 810
f 882 883 810
f 810 883 811
f 883 884 811
f 811 884 812
f 884 885 812
f 812 885 813
f 885 886 813
f 813 886 814
f 886 887 814
f 814 887 815
f 887 888 815
f 815 888 816
f 888 889 816
f 816 889 817
f 889 890 817
f 817 890 818
f 890 891 818
f 818 891 819
f 891 892 819
f 819 892 820
f 892 893 820
f 820 893 821
f 893 894 821
f 821 894 822
f 894 895 822
f 822 895 823
f 895 896 823
f 823 896 824
f 896 897 824
f 824 897 825
f 897 898 825
f 825 898 826
f 898 899 826
f 826 899 827
f 899 900 827
f 827 900 828
f 900 901 828
f 828 901 829
f 901 902 829
f 829 902 830
f 902 903 830
f 830 903 831
f 903 904 831
f 831 904 832
f 904 905 832
f 832 905 833
f 905 906 833
f 833 906 834
f 906 907 834
f 834 907 835
f 907 908 835
f 835 908 836
f 908 909 836
f 836 909 837
f 909 910 837
f 837 910 838
f 910 911 838
f 838 911 839
f 911 912 839
f 839 912 840
f 912 913 840
f 840 913 841
f 913 914 841
f 841 914 842
f 914 915 842
f 842 915 843
f 915 916 843
f 843 916 844
f 916 917 844
f 844 917 845
f 917 918 845
f 845 918 846
f 918 919 846
f 846 919 847
f 919 920 847
f 847 920 848
f 920 921 848
f 848 921 849
f 921 922 849
f 849 922 850
f 922 923 850
f 850 923 851
f 923 924 851
f 851 924 852
f 924 925 852
f 852 925 853
f 925 926 853
f 853 926 854
f 926 927 854
f 854 927 855
f 927 928 855
f 855 928 856
f 928 929 856
f 856 929 857
f 929 930 857
f 857 930 858
f 930 931 858
f 858 931 859
f 931 932 859
f 859 932 860
f 932 933 860
f 860 933 861
f 933 934 861
f 861 934 862
f 934 935 862
f 862 935 863
f 935 936 863
f 863 936 864
f 936 865 864
f 936 937 865
f 937 938 865
f 865 938 866
f 938 939 866
f 866 939 867
f 939 940 867
f 867 940 868
f 940 941 868
f 868 941 869
f 941 942 869
f 869 942 870
f 942 943 870
f 870 943 871
f 943 944 871
f 871 944 872
f 944 945 872
f 872 945 873
f 945 946 873
f 873 946 874
f 946 947 874
f 874 947 875
f 947 948 875
f 875 948 876
f 948 949 876
f 876 949 877
f 949 950 877
f 877 950 878
f 950 951 878
f 878 951 879
f 951 952 879
f 879 952 880
f 952 953 880
f 880 953 881
f 953 954 881
f 881 954 882
f 954 955 882
f 882 955 883
f 955 956 883
f 883 956 884
f 956 957 884
f 884 957 885
f 957 958 885
f 885 958 886
f 958 959 886
f 886 959 887
f 959 960 887
f 887 960 888
f 960 961 888
f 888 961 889
f 961 962 889
f 889 962 890
f 962 963 890
f 890 963 891
f 963 964 891
f 891 964 892
f 964 965 892
f 892 965 893
f 965 966 893
f 893 966 894
f 966 967 894
f 894 967 895
f 967 968 895
f 895 968 896
f 968 969 896
f 896 969 897
f 969 970 897
f 897 970 898
f 970 971 898
f 898 971 899
f 971 972 899
f 899 972 900
f 972 973 900
f 900 973 901
f 973 974 901
f 901 974 902
f 974 975 902
f 902 975 903
f 975 976 903
f 903 976 904
f 976 977 904
f 904 977 905
f 977 978 905
f 905 978 906
f 978 979 906
f 906 979 907
f 979 980 907
f 907 980 908
f 980 981 908
f 908 981 909
f 981 982 909
f 909 982 910
f 982 983 910
f 910 983 911
f 983 984 911
f 911 984 912
f 984 985 912
f 912 985 913
f 985 986 913
f 913 986 914
f 986 987 914
f 914 987 915
f 987 988 915
f 915 988 916
f 988 989 916
f 916 989 917
f 989 990 917
f 917 990 918
f 990 991 918
f 918 991 919
f 991 992 919
f 919 992 920
f 992 993 920
f 920 993 921
f 993 994 921
f 921 994 922
f 994 995 922
f 922 995 923
f 995 996 923
f 923 996 924
f 996 997 924
f 924 997 925
f 997 998 925
f 925 998 926
f 998 999 926
f 926 999 927
f 999 1000 927
f 927 1000 928
f 1000 1001 928
f 928 1001 929
f 1001 1002 929
f 929 1002 930
f 1002 1003 930
f 930 1003 931
f 1003 1004 931
f 931 1004 932
f 1004 1005 932
f 932 1005 933
f 1005 1006 933
f 933 1006 934
f 1006 1007 934
f 934 1007 935
f 1007 1008 935
f 935 1008 936
f 1008 937 936
f 1008 1009 937
f 1009 1010 937
f 937 1010 938
f 1010 1011 938
f 938 1011 939
f 1011 1012 939
f 939 1012 940
f 1012 1013 940
f 940 1013 941
f 1013 1014 941
f 941 1014 942
f 1014 1015 942
f 942 1015 943
f 1015 1016 943
f 943 1016 944
f 1016 1017 944
f 944 1017 945
f 1017 1018 945
f 945 1018 946
f 1018 1019 946
f 946 1019 947
f 1019 1020 947
f 947 1020 948
f 1020 1021 948
f 948 1021 949
f 1021 1022 949
f 949 1022 950
f 1022 1023 950
f 950 1023 951
f 1023 1024 951
f 951 1024 952
f 1024 1025 952
f 952 1025 953
f 1025 1026 953
f 953 1026 954
f 1026 1027 954
f 954 1027 955
f 1027 1028 955
f 955 1028 956
f 1028 1029 956
f 956 1029 957
f 1029 1030 957
f 957 1030 958
f 1030 1031 958
f 958 1031 959
f 1031 1032 959
f 959 1032 960
f 1032 1033 960
f 960 1033 961
f 1033 1034 961
f 961 1034 962
f 1034 1035 962
f 962 1035 963
f 1035 1036 963
f 963 1036 964
f 1036 1037 964
f 964 1037 965
f 1037 1038 965
f 965 1038 966
f 1038 1039 966
f 966 1039 967
f 1039 1040 967
f 967 1040 968
f 1040 1041 968
f 968 1041 969
f 1041 1042 969
f 969 1042 970
f 1042 1043 970
f 970 1043 971
f 1043 1044 971
f 971 1044 972
f 1044 1045 972
f 972 1045 973
f 1045 1046 973
f 973 1046 974
f 1046 1047 974
f 974 1047 975
f 1047 1048 975
f 975 1048 976
f 1048 1049 976
f 976 1049 977
f 1049 1050 977
f 977 1050 978
f 1050 1051 978
f 978 1051 979
f 1051 1052 979
f 979 1052 980
f 1052 1053 980
f 980 1053 981
f 1053 1054 981
f 981 1054 982
f 1054 1055 982
f 982 1055 983
f 1055 1056 983
f 983 1056 984
f 1056 1057 984
f 984 1057 985
f 1057 1058 985
f 985 1058 986
f 1058 1059 986
f 986 1059 987
f 1059 1060 987
f 987 1060 988
f 1060 1061 988
f 988 1061 989
f 1061 1062 989
f 989 1062 990
f 1062 1063 990
f 990 1063 991
f 1063 1064 991
f 991 1064 992
f 1064 1065 992
f 992 1065 993
f 1065 1066 993
f 993 1066 994
f 1066 1067 994
f 994 1067 995
f 1067 1068 995
f 995 1068 996
f 1068 1069 996
f 996 1069 997
f 1069 1070 997
f 997 1070 998
f 1070 1071 998
f 998 1071 999
f 1071 1072 999
f 999 1072 1000
f 1072 1073 1000
f 1000 1073 1001
f 1073 1074 1001
f 1001 1074 1002
f 1074 1075 1002
f 1002 1075 1003
f 1075 1076 1003
f 1003 1076 1004
f 1076 1077 1004
f 1004 1077 1005
f 1077 1078 1005
f 1005 1078 1006
f 1078 1079 1006
f 1006 1079 1007
f 1079 1080 1007
f 1007 1080 1008
f 1080 1009 1008
f 1080 1081 1009
f 1081 1082 1009
f 1009 1082 1010
f 1082 1083 1010
f 1010 1083 1011
f 1083 1084 1011
f 1011 1084 1012
f 1084 1085 1012
f 1012 1085 1013
f 1085 1086 1013
f 1013 1086 1014
f 1086 1087 1014
f 1014 1087 1015
f 1087 1088 1015
f 1015 1088 1016
f 1088 1089 1016
f 1016 1089 1017
f 1089 1090 1017
f 1017 1090 1018
f 1090 1091 1018
f 1018 1091 1019
f 1091 1092 1019
f 1019 1092 1020
f 1092 1093 1020
f 1020 1093 1021
f 1093 1094 1021
f 1021 1094 1022
f 1094 1095 1022
f 1022 1095 1023
f 1095 1096 1023
f 1023 1096 1024
f 1096 1097 1024
f 1024 1097 1025
f 1097 1098 1025
f 1025 1098 1026
f 1098 1099 1026
f 1026 1099 1027
f 1099 1100 1027
f 1027 1100 1028
f 1100 1101 1028
f 1028 1101 1029
f 1101 1102 1029
f 1029 1102 1030
f 1102 1103 1030
f 1030 1103 1031
f 1103 1104 1031
f 1031 1104 1032
f 1104 1105 1032
f 1032 1105 1033
f 1105 1106 1033
f 1033 1106 1034
f 1106 1107 1034
f 1034 1107 1035
f 1107 1108 1035
f 1035 1108 1036
f 1108 1109 1036
f 1036 1109 1037
f 1109 1110 1037
f 1037 1110 1038
f 1110 1111 1038
f 1038 1111 1039
f 1111 1112 1039
f 1039 1112 1040
f 1112 1113 1040
f 1040 1113 1041
f 1113 1114 1041
f 1041 1114 1042
f 1114 1115 1042
f 1042 1115 1043
f 1115 1116 1043
f 1043 1116 1044
f 1116 1117 1044
f 1044 1117 1045
f 1117 1118 1045
f 1045 1118 1046
f 1118 1119 1046
f 1046 1119 1047
f 1119 1120 1047
f 1047 1120 1048
f 1120 1121 1048
f 1048 1121 1049
f 1121 1122 1049
f 1049 1122 1050
f 1122 1123 1050
f 1050 1123 1051
f 1123 1124 1051
f 1051 1124 1052
f 1124 1125 1052
f 1052 1125 1053
f 1125 1126 1053
f 1053 1126 1054
f 1126 1127 1054
f 1054 1127 1055
f 1127 1128 1055
f 1055 1128 1056
f 1128 1129 1056
f 1056 1129 1057
f 1129 1130 1057
f 1057 1130 1058
f 1130 1131 1058
f 1058 1131 1059
f 1131 1132 1059
f 1059 1132 1060
f 1132 1133 1060
f 1060 1133 1061
f 1133 1134 1061
f 1061 1134 1062
f 1134 1135 1062
f 1062 1135 1063
f 1135 1136 1063
f 1063 1136 1064
f 1136 1137 1064
f 1064 1137 1065
f 1137 1138 1065
f 1065 1138 1066
f 1138 1139 1066
f 1066 1139 1067
f 1139 1140 1067
f 1067 1140 1068
f 1140 1141 1068
f 1068 1141 1069
f 1141 1142 1069
f 1069 1142 1070
f 1142 1143 1070
f 1070 1143 1071
f 1143 1144 1071
f 1071 1144 1072
f 1144 1145 1072
f 1072 1145 1073
f 1145 1146 1073
f 1073 1146 1074
f 1146 1147 1074
f 1074 1147 1075
f 1147 1148 1075
f 1075 1148 1076
f 1148 1149 1076
f 1076 1149 1077
f 1149 1150 1077
f 1077 1150 1078
f 1150 1151 1078
f 1078 1151 1079
f 1151 1152 1079
f 1079 1152 1080
f 1152 1081 1080
f 1152 1153 1081
f 1153 1154 1081
f 1081 1154 1082
f 1154 1155 1082
f 1082 1155 1083
f 1155 1156 1083
f 1083 1156 1084
f 1156 1157 1084
f 1084 1157 1085
f 1157 1158 1085
f 1085 1158 1086
f 1158 1159 1086
f 1086 1159 1087
f 1159 1160 1087
f 1087 1160 1088
f 1160 1161 1088
f 1088 1161 1089
f 1161 1162 1089
f 1089 1162 1090
f 1162 1163 1090
f 1090 1163 1091
f 1163 1164 1091
f 1091 1164 1092
f 1164 1165 1092
f 1092 1165 1093
f 1165 1166 1093
f 1093 1166 1094
f 1166 1167 1094
f 1094 1167 1095
f 1167 1168 1095
f 1095 1168 1096
f 1168 1169 1096
f 1096 1169 1097
f 1169 1170 1097
f 1097 1170 1098
f 1170 1171 1098
f 1098 1171 1099
f 1171 1172 1099
f 1099 1172 1100
f 1172 1173 1100
f 1100 1173 1101
f 1173 1174 1101
f 1101 1174 1102
f 1174 1175 1102
f 1102 1175 1103
f 1175 1176 1103
f 1103 1176 1104
f 1176 1177 1104
f 1104 1177 1105
f 1177 1178 1105
f 1105 1178 1106
f 1178 1179 1106
f 1106 1179 1107
f 1179 1180 1107
f 1107 1180 1108
f 1180 1181 1108
f 1108 1181 1109
f 1181 1182 1109
f 1109 1182 1110
f 1182 1183 1110
f 1110 1183 1111
f 1183 1184 1111
f 1111 1184 1112
f 1184 1185 1112
f 1112 1185 1113
f 1185 1186 1113
f 1113 1186 1114
f 1186 1187 1114
f 1114 1187 1115
f 1187 1188 1115
f 1115 1188 1116
f 1188 1189 1116
f 1116 1189 1117
f 1189 1190 1117
f 1117 1190 1118
f 1190 1191 1118
f 1118 1191 1119
f 1191 1192 1119
f 1119 1192 1120
f 1192 1193 1120
f 1120 1193 1121
f 1193 1194 1121
f 1121 1194 1122
f 1194 1195 1122
f 1122 1195 1123
f 1195 1196 1123
f 1123 1196 1124
f 1196 1197 1124
f 1124 1197 1125
f 1197 1198 1125
f 1125 1198 1126
f 1198 1199 1126
f 1126 1199 1127
f 1199 1200 1127
f 1127 1200 1128
f 1200 1201 1128
f 1128 1201 1129
f 1201 1202 1129
f 1129 1202 1130
f 1202 1203 1130
f 1130 1203 1131
f 1203 1204 1131
f 1131 1204 1132
f 1204 1205 1132
f 1132 1205 1133
f 1205 1206 1133
f 1133 1206 1134
f 1206 1207 1134
f 1134 1207 1135
f 1207 1208 1135
f 1135 1208 1136
f 1208 1209 1136
f 1136 1209 1137
f 1209 1210 1137
f 1137 1210 1138
f 1210 1211 1138
f 1138 1211 1139
f 1211 1212 1139
f 1139 1212 1140
f 1212 1213 1140
f 1140 1213 1141
f 1213 1214 1141
f 1141 1214 1142
f 1214 1215 1142
f 1142 1215 1143
f 1215 1216 1143
f 1143 1216 1144
f 1216 1217 1144
f 1144 1217 1145
f 1217 1218 1145
f 1145 1218 1146
f 1218 1219 1146
f 1146 1219 1147
f 1219 1220 1147
f 1147 1220 1148
f 1220 1221 1148
f 1148 1221 1149
f 1221 1222 1149
f 1149 1222 1150
f 1222 1223 1150
f 1150 1223 1151
f 1223 1224 1151
f 1151 1224 1152
f 1224 1153 1152
f 1224 1225 1153
f 1225 1226 1153
f 1153 1226 1154
f 1226 1227 1154
f 1154 1227 1155
f 1227 1228 1155
f 1155 1228 1156
f 1228 1229 1156
f 1156 1229 1157
f 1229 1230 1157
f 1157 1230 1158
f 1230 1231 1158
f 1158 1231 1159
f 1231 1232 1159
f 1159 1232 1160
f 1232 1233 1160
f 1160 1233 1161
f 1233 1234 1161
f 1161 1234 1162
f 1234 1235 1162
f 1162 1235 1163
f 1235 1236 1163
f 1163 1236 1164
f 1236 1237 1164
f 1164 1237 1165
f 1237 1238 1165
f 1165 1238 1166
f 1238 1239 1166
f 1166 1239 1167
f 1239 1240 1167
f 1167 1240 1168
f 1240 1241 1168
f 1168 1241 1169
f 1241 1242 1169
f 1169 1242 1170
f 1242 1243 1170
f 1170 1243 1171
f 1243 1244 1171
f 1171 1244 1172
f 1244 1245 1172
f 1172 1245 1173
f 1245 1246 1173
f 1173 1246 1174
f 1246 1247 1174
f 1174 1247 1175
f 1247 1248 1175
f 1175 1248 1176
f 1248 1249 1176
f 1176 1249 1177
f 1249 1250 1177
f 1177 1250 1178
f 1250 1251 1178
f 1178 1251 1179
f 1251 1252 1179
f 1179 1252 1180
f 1252 1253 1180
f 1180 1253 1181
f 1253 1254 1181
f 1181 1254 1182
f 1254 1255 1182
f 1182 1255 1183
f 1255 1256 1183
f 1183 1256 1184
f 1256 1257 1184
f 1184 1257 1185
f 1257 1258 1185
f 1185 1258 1186
f 1258 1259 1186
f 1186 1259 1187
f 1259 1260 1187
f 1187 1260 1188
f 1260 1261 1188
f 1188 1261 1189
f 1261 1262 1189
f 1189 1262 1190
f 1262 1263 1190
f 1190 1263 1191
f 1263 1264 1191
f 1191 1264 1192
f 1264 1265 1192
f 1192 1265 1193
f 1265 1266 1193
f 1193 1266 1194
f 1266 1267 1194
f 1194 1267 1195
f 1267 1268 1195
f 1195 1268 1196
f 1268 1269 1196
f 1196 1269 1197
f 1269 1270 1197
f 1197 1270 1198
f 1270 1271 1198
f 1198 1271 1199
f 1271 1272 1199
f 1199 1272 1200
f 1272 1273 1200
f 1200 1273 1201
f 1273 1274 1201
f 1201 1274 1202
f 1274 1275 1202
f 1202 1275 1203
f 1275 1276 1203
f 1203 1276 1204
f 1276 1277 1204
f 1204 1277 1205
f 1277 1278 1205
f 1205 1278 1206
f 1278 1279 1206
f 1206 1279 1207
f 1279 1280 1207
f 1207 1280 1208
f 1280 1281 1208
f 1208 1281 1209
f 1281 1282 1209
f 1209 1282 1210
f 1282 1283 1210
f 1210 1283 1211
f 1283 1284 1211
f 1211 1284 1212
f 1284 1285 1212
f 1212 1285 1213
f 1285 1286 1213
f 1213 1286 1214
f 1286 1287 1214
f 1214 1287 1215
f 1287 1288 1215
f 1215 1288 1216
f 1288 1289 1216
f 1216 1289 1217
f 1289 1290 1217
f 1217 1290 1218
f 1290 1291 1218
f 1218 1291 1219
f 1291 1292 1219
f 1219 1292 1220
f 1292 1293 1220
f 1220 1293 1221
f 1293 1294 1221
f 1221 1294 1222
f 1294 1295 1222
f 1222 1295 1223
f 1295 1296 1223
f 1223 1296 1224
f 1296 1225 1224
f 1296 1297 1225
f 1297 1298 1225
f 1225 1298 1226
f 1298 1299 1226
f 1226 1299 1227
f 1299 1300 1227
f 1227 1300 1228
f 1300 1301 1228
f 1228 1301 1229
f 1301 1302 1229
f 1229 1302 1230
f 1302 1303 1230
f 1230 1303 1231
f 1303 1304 1231
f 1231 1304 1232
f 1304 1305 1232
f 1232 1305 1233
f 1305 1306 1233
f 1233 1306 1234
f 1306 1307 1234
f 1234 1307 1235
f 1307 1308 1235
f 1235 1308 1236
f 1308 1309 1236
f 1236 1309 1237
f 1309 1310 1237
f 1237 1310 1238
f 1310 1311 1238
f 1238 1311 1239
f 1311 1312 1239
f 1239 1312 1240
f 1312 1313 1240
f 1240 1313 1241
f 1313 1314 1241
f 1241 1314 1242
f 1314 1315 1242
f 1242 1315 1243
f 1315 1316 1243
f 1243 1316 1244
f 1316 1317 1244
f 1244 1317 1245
f 1317 1318 1245
f 1245 1318 1246
f 1318 1319 1246
f 1246 1319 1247
f 1319 1320 1247
f 1247 1320 1248
f 1320 1321 1248
f 1248 1321 1249
f 1321 1322 1249
f 1249 1322 1250
f 1322 1323 1250
f 1250 1323 1251
f 1323 1324 1251
f 1251 1324 1252
f 1324 1325 1252
f 1252 1325 1253
f 1325 1326 1253
f 1253 1326 1254
f 1326 1327 1254
f 1254 1327 1255
f 1327 1328 1255
f 1255 1328 1256
f 1328 1329 1256
f 1256 1329 1257
f 1329 1330 1257
f 1257 1330 1258
f 1330 1331 1258
f 1258 1331 1259
f 1331 1332 1259
f 1259 1332 1260
f 1332 1333 1260
f 1260 1333 1261
f 1333 1334 1261
f 1261 1334 1262
f 1334 1335 1262
f 1262 1335 1263
f 1335 1336 1263
f 1263 1336 1264
f 1336 1337 1264
f 1264 1337 1265
f 1337 1338 1265
f 1265 1338 1266
f 1338 1339 1266
f 1266 1339 1267
f 1339 1340 1267
f 1267 1340 1268
f 1340 1341 1268
f 1268 1341 1269
f 1341 1342 1269
f 1269 1342 1270
f 1342 1343 1270
f 1270 1343 1271
f 1343 1344 1271
f 1271 1344 1272
f 1344 1345 1272
f 1272 1345 1273
f 1345 1346 1273
f 1273 1346 1274
f 1346 1347 1274
f 1274 1347 1275
f 1347 1348 1275
f 1275 1348 1276
f 1348 1349 1276
f 1276 1349 1277
f 1349 1350 1277
f 1277 1350 1278
f 1350 1351 1278
f 1278 1351 1279
f 1351 1352 1279
f 1279 1352 1280
f 1352 1353 1280
f 1280 1353 1281
f 1353 1354 1281
f 1281 1354 1282
f 1354 1355 1282
f 1282 1355 1283
f 1355 1356 1283
f 1283 1356 1284
f 1356 1357 1284
f 1284 1357 1285
f 1357 1358 1285
f 1285 1358 1286
f 1358 1359 1286
f 1286 1359 1287
f 1359 1360 1287
f 1287 1360 1288
f 1360 1361 1288
f 1288 1361 1289
f 1361 1362 1289
f 1289 1362 1290
f 1362 1363 1290
f 1290 1363 1291
f 1363 1364 1291
f 1291 1364 1292
f 1364 1365 1292
f 1292 1365 1293
f 1365 1366 1293
f 1293 1366 1294
f 1366 1367 1294
f 1294 1367 1295
f 1367 1368 1295
f 1295 1368 1296
f 1368 1297 1296
f 1368 1369 1297
f 1369 1370 1297
f 1297 1370 1298
f 1370 1371 1298
f 1298 1371 1299
f 1371 1372 1299
f 1299 1372 1300
f 1372 1373 1300
f 1300 1373 1301
f 1373 1374 1301
f 1301 1374 1302
f 1374 1375 1302
f 1302 1375 1303
f 1375 1376 1303
f 1303 1376 1304
f 1376 1377 1304
f 1304 1377 1305
f 1377 1378 1305
f 1305 1378 1306
f 1378 1379 1306
f 1306 1379 1307
f 1379 1380 1307
f 1307 1380 1308
f 1380 1381 1308
f 1308 1381 1309
f 1381 1382 1309
f 1309 1382 1310
f 1382 1383 1310
f 1310 1383 1311
f 1383 1384 1311
f 1311 1384 1312
f 1384 1385 1312
f 1312 1385 1313
f 1385 1386 1313
f 1313 1386 1314
f 1386 1387 1314
f 1314 1387 1315
f 1387 1388 1315
f 1315 1388 1316
f 1388 1389 1316
f 1316 1389 1317
f 1389 1390 1317
f 1317 1390 1318
f 1390 1391 1318
f 1318 1391 1319
f 1391 1392 1319
f 1319 1392 1320
f 1392 1393 1320
f 1320 1393 1321
f 1393 1394 1321
f 1321 1394 1322
f 1394 1395 1322
f 1322 1395 1323
f 1395 1396 1323
f 1323 1396 1324
f 1396 1397 1324
f 1324 1397 1325
f 1397 1398 1325
f 1325 1398 1326
f 1398 1399 1326
f 1326 1399 1327
f 1399 1400 1327
f 1327 1400 1328
f 1400 1401 1328
f 1328 1401 1329
f 1401 1402 1329
f 1329 1402 1330
f 1402 1403 1330
f 1330 1403 1331
f 1403 1404 1331
f 1331 1404 1332
f 1404 1405 1332
f 1332 1405 1333
f 1405 1406 1333
f 1333 1406 1334
f 1406 1407 1334
f 1334 1407 1335
f 1407 1408 1335
f 1335 1408 1336
f 1408 1409 1336
f 1336 1409 1337
f 1409 1410 1337
f 1337 1410 1338
f 1410 1411 1338
f 1338 1411 1339
f 1411 1412 1339
f 1339 1412 1340
f 1412 1413 1340
f 1340 1413 1341
f 1413 1414 1341
f 1341 1414 1342
f 1414 1415 1342
f 1342 1415 1343
f 1415 1416 1343
f 1343 1416 1344
f 1416 1417 1344
f 1344 1417 1345
f 1417 1418 1345
f 1345 1418 1346
f 1418 1419 1346
f 1346 1419 1347
f 1419 1420 1347
f 1347 1420 1348
f 1420 1421 1348
f 1348 1421 1349
f 1421 1422 1349
f 1349 1422 1350
f 1422 1423 1350
f 1350 1423 1351
f 1423 1424 1351
f 1351 1424 1352
f 1424 1425 1352
f 1352 1425 1353
f 1425 1426 1353
f 1353 1426 1354
f 1426 1427 1354
f 1354 1427 1355
f 1427 1428 1355
f 1355 1428 1356
f 1428 1429 1356
f 1356 1429 1357
f 1429 1430 1357
f 1357 1430 1358
f 1430 1431 1358
f 1358 1431 1359
f 1431 1432 1359
f 1359 1432 1360
f 1432 1433 1360
f 1360 1433 1361
f 1433 1434 1361
f 1361 1434 1362
f 1434 1435 1362
f 1362 1435 1363
f 1435 1436 1363
f 1363 1436 1364
f 1436 1437 1364
f 1364 1437 1365
f 1437 1438 1365
f 1365 1438 1366
f 1438 1439 1366
f 1366 1439 1367
f 1439 1440 1367
f 1367 1440 1368
f 1440 1369 1368
f 1440 1441 1369
f 1441 1442 1369
f 1369 1442 1370
f 1442 1443 1370
f 1370 1443 1371
f 1443 1444 1371
f 1371 1444 1372
f 1444 1445 1372
f 1372 1445 1373
f 1445 1446 1373
f 1373 1446 1374
f 1446 1447 1374
f 1374 1447 1375
f 1447 1448 1375
f 1375 1448 1376
f 1448 1449 1376
f 1376 1449 1377
f 1449 1450 1377
f 1377 1450 1378
f 1450 1451 1378
f 1378 1451 1379
f 1451 1452 1379
f 1379 1452 1380
f 1452 1453 1380
f 1380 1453 1381
f 1453 1454 1381
f 1381 1454 1382
f 1454 1455 1382
f 1382 1455 1383
f 1455 1456 1383
f 1383 1456 1384
f 1456 1457 1384
f 1384 1457 1385
f 1457 1458 1385
f 1385 1458 1386
f 1458 1459 1386
f 1386 1459 1387
f 1459 1460 1387
f 1387 1460 1388
f 1460 1461 1388
f 1388 1461 1389
f 1461 1462 1389
f 1389 1462 1390
f 1462 1463 1390
f 1390 1463 1391
f 1463 1464 1391
f 1391 1464 1392
f 1464 1465 1392
f 1392 1465 1393
f 1465 1466 1393
f 1393 1466 1394
f 1466 1467 1394
f 1394 1467 1395
f 1467 1468 1395
f 1395 1468 1396
f 1468 1469 1396
f 1396 1469 1397
f 1469 1470 1397
f 1397 1470 1398
f 1470 1471 1398
f 1398 1471 1399
f 1471 1472 1399
f 1399 1472 1400
f 1472 1473 1400
f 1400 1473 1401
f 1473 1474 1401
f 1401 1474 1402
f 1474 1475 1402
f 1402 1475 1403
f 1475 1476 1403
f 1403 1476 1404
f 1476 1477 1404
f 1404 1477 1405
f 1477 1478 1405
f 1405 1478 1406
f 1478 1479 1406
f 1406 1479 1407
f 1479 1480 1407
f 1407 1480 1408
f 1480 1481 1408
f 1408 1481 1409
f 1481 1482 1409
f 1409 1482 1410
f 1482 1483 1410
f 1410 1483 1411
f 1483 1484 1411
f 1411 1484 1412
f 1484 1485 1412
f 1412 1485 1413
f 1485 1486 1413
f 1413 1486 1414
f 1486 1487 1414
f 1414 1487 1415
f 1487 1488 1415
f 1415 1488 1416
f 1488 1489 1416
f 1416 1489 1417
f 1489 1490 1417
f 1417 1490 1418
f 1490 1491 1418
f 1418 1491 1419
f 1491 1492 1419
f 1419 1492 1420
f 1492 1493 1420
f 1420 1493 1421
f 1493 1494 1421
f 1421 1494 1422
f 1494 1495 1422
f 1422 1495 1423
f 1495 1496 1423
f 1423 1496 1424
f 1496 1497 1424
f 1424 1497 1425
f 1497 1498 1425
f 1425 1498 1426
f 1498 1499 1426
f 1426 1499 1427
f 1499 1500 1427
f 1427 1500 1428
f 1500 1501 1428
f 1428 1501 1429
f 1501 1502 1429
f 1429 1502 1430
f 1502 1503 1430
f 1430 1503 1431
f 1503 1504 1431
f 1431 1504 1432
f 1504 1505 1432
f 1432 1505 1433
f 1505 1506 1433
f 1433 1506 1434
f 1506 1507 1434
f 1434 1507 1435
f 1507 1508 1435
f 1435 1508 1436
f 1508 1509 1436
f 1436 1509 1437
f 1509 1510 1437
f 1437 1510 1438
f 1510 1511 1438
f 1438 1511 1439
f 1511 1512 1439
f 1439 1512 1440
f 1512 1441 1440
f 1512 1513 1441
f 1513 1514 1441
f 1441 1514 1442
f 1514 1515 1442
f 1442 1515 1443
f 1515 1516 1443
f 1443 1516 1444
f 1516 1517 1444
f 1444 1517 1445
f 1517 1518 1445
f 1445 1518 1446
f 1518 1519 1446
f 1446 1519 1447
f 1519 1520 1447
f 1447 1520 1448
f 1520 1521 1448
f 1448 1521 1449
f 1521 1522 1449
f 1449 1522 1450
f 1522 1523 1450
f 1450 1523 1451
f 1523 1524 1451
f 1451 1524 1452
f 1524 1525 1452
f 1452 1525 1453
f 1525 1526 1453
f 1453 1526 1454
f 1526 1527 1454
f 1454 1527 1455
f 1527 1528 1455
f 1455 1528 1456
f 1528 1529 1456
f 1456 1529 1457
f 1529 1530 1457
f 1457 1530 1458
f 1530 1531 1458
f 1458 1531 1459
f 1531 1532 1459
f 1459 1532 1460
f 1532 1533 1460
f 1460 1533 1461
f 1533 1534 1461
f 1461 1534 1462
f 1534 1535 1462
f 1462 1535 1463
f 1535 1536 1463
f 1463 1536 1464
f 1536 1537 1464
f 1464 1537 1465
f 1537 1538 1465
f 1465 1538 1466
f 1538 1539 1466
f 1466 1539 1467
f 1539 1540 1467
f 1467 1540 1468
f 1540 1541 1468
f 1468 1541 1469
f 1541 1542 1469
f 1469 1542 1470
f 1542 1543 1470
f 1470 1543 1471
f 1543 1544 1471
f 1471 1544 1472
f 1544 1545 1472
f 1472 1545 1473
f 1545 1546 1473
f 1473 1546 1474
f 1546 1547 1474
f 1474 1547 1475
f 1547 1548 1475
f 1475 1548 1476
f 1548 1549 1476
f 1476 1549 1477
f 1549 1550 1477
f 1477 1550 1478
f 1550 1551 1478
f 1478 1551 1479
f 1551 1552 1479
f 1479 1552 1480
f 1552 1553 1480
f 1480 1553 1481
f 1553 1554 1481
f 1481 1554 1482
f 1554 1555 1482
f 1482 1555 1483
f 1555 1556 1483
f 1483 1556 1484
f 1556 1557 1484
f 1484 1557 1485
f 1557 1558 1485
f 1485 1558 1486
f 1558 1559 1486
f 1486 1559 1487
f 1559 1560 1487
f 1487 1560 1488
f 1560 1561 1488
f 1488 1561 1489
f 1561 1562 1489
f 1489 1562 1490
f 1562 1563 1490
f 1490 1563 1491
f 1563 1564 1491
f 1491 1564 1492
f 1564 1565 1492
f 1492 1565 1493
f 1565 1566 1493
f 1493 1566 1494
f 1566 1567 1494
f 1494 1567 1495
f 1567 1568 1495
f 1495 1568 1496
f 1568 1569 1496
f 1496 1569 1497
f 1569 1570 1497
f 1497 1570 1498
f 1570 1571 1498
f 1498 1571 1499
f 1571 1572 1499
f 1499 1572 1500
f 1572 1573 1500
f 1500 1573 1501
f 1573 1574 1501
f 1501 1574 1502
f 1574 1575 1502
f 1502 1575 1503
f 1575 1576 1503
f 1503 1576 1504
f 1576 1577 1504
f 1504 1577 1505
f 1577 1578 1505
f 1505 1578 1506
f 1578 1579 1506
f 1506 1579 1507
f 1579 1580 1507
f 1507 1580 1508
f 1580 1581 1508
f 1508 1581 1509
f 1581 1582 1509
f 1509 1582 1510
f 1582 1583 1510
f 1510 1583 1511
f 1583 1584 1511
f 1511 1584 1512
f 1584 1513 1512
f 1584 1585 1513
f 1585 1586 1513
f 1513 1586 1514
f 1586 1587 1514
f 1514 1587 1515
f 1587 1588 1515
f 1515 1588 1516
f 1588 1589 1516
f 1516 1589 1517
f 1589 1590 1517
f 1517 1590 1518
f 1590 1591 1518
f 1518 1591 1519
f 1591 1592 1519
f 1519 1592 1520
f 1592 1593 1520
f 1520 1593 1521
f 1593 1594 1521
f 1521 1594 1522
f 1594 1595 1522
f 1522 1595 1523
f 1595 1596 1523
f 1523 1596 1524
f 1596 1597 1524
f 1524 1597 1525
f 1597 1598 1525
f 1525 1598 1526
f 1598 1599 1526
f 1526 1599 1527
f 1599 1600 1527
f 1527 1600 1528
f 1600 1601 1528
f 1528 1601 1529
f 1601 1602 1529
f 1529 1602 1530
f 1602 1603 1530
f 1530 1603 1531
f 1603 1604 1531
f 1531 1604 1532
f 1604 1605 1532
f 1532 1605 1533
f 1605 1606 1533
f 1533 1606 1534
f 1606 1607 1534
f 1534 1607 1535
f 1607 1608 1535
f 1535 1608 1536
f 1608 1609 1536
f 1536 1609 1537
f 1609 1610 1537
f 1537 1610 1538
f 1610 1611 1538
f 1538 1611 1539
f 1611 1612 1539
f 1539 1612 1540
f 1612 1613 1540
f 1540 1613 1541
f 1613 1614 1541
f 1541 1614 1542
f 1614 1615 1542
f 1542 1615 1543
f 1615 1616 1543
f 1543 1616 1544
f 1616 1617 1544
f 1544 1617 1545
f 1617 1618 1545
f 1545 1618 1546
f 1618 1619 1546
f 1546 1619 1547
f 1619 1620 1547
f 1547 1620 1548
f 1620 1621 1548
f 1548 1621 1549
f 1621 1622 1549
f 1549 1622 1550
f 1622 1623 1550
f 1550 1623 1551
f 1623 1624 1551
f 1551 1624 1552
f 1624 1625 1552
f 1552 1625 1553
f 1625 1626 1553
f 1553 1626 1554
f 1626 1627 1554
f 1554 1627 1555
f 1627 1628 1555
f 1555 1628 1556
f 1628 1629 1556
f 1556 1629 1557
f 1629 1630 1557
f 1557 1630 1558
f 1630 1631 1558
f 1558 1631 1559
f 1631 1632 1559
f 1559 1632 1560
f 1632 1633 1560
f 1560 1633 1561
f 1633 1634 1561
f 1561 1634 1562
f 1634 1635 1562
f 1562 1635 1563
f 1635 1636 1563
f 1563 1636 1564
f 1636 1637 1564
f 1564 1637 1565
f 1637 1638 1565
f 1565 1638 1566
f 1638 1639 1566
f 1566 1639 1567
f 1639 1640 1567
f 1567 1640 1568
f 1640 1641 1568
f 1568 1641 1569
f 1641 1642 1569
f 1569 1642 1570
f 1642 1643 1570
f 1570 1643 1571
f 1643 1644 1571
f 1571 1644 1572
f 1644 1645 1572
f 1572 1645 1573
f 1645 1646 1573
f 1573 1646 1574
f 1646 1647 1574
f 1574 1647 1575
f 1647 1648 1575
f 1575 1648 1576
f 1648 1649 1576
f 1576 1649 1577
f 1649 1650 1577
f 1577 1650 1578
f 1650 1651 1578
f 1578 1651 1579
f 1651 1652 1579
f 1579 1652 1580
f 1652 1653 1580
f 1580 1653 1581
f 1653 1654 1581
f 1581 1654 1582
f 1654 1655 1582
f 1582 1655 1583
f 1655 1656 1583
f 1583 1656 1584
f 1656 1585 1584
f 1656 229 1585
f 229 228 1585
f 1585 228 1586
f 228 227 1586
f 1586 227 1587
f 227 226 1587
f 1587 226 1588
f 226 225 1588
f 1588 225 1589
f 225 224 1589
f 1589 224 1590
f 224 223 1590
f 1590 223 1591
f 223 222 1591
f 1591 222 1592
f 222 221 1592
f 1592 221 1593
f 221 220 1593
f 1593 220 1594
f 220 219 1594
f 1594 219 1595
f 219 218 1595
f 1595 218 1596
f 218 217 1596
f 1596 217 1597
f 217 288 1597
f 1597 288 1598
f 288 287 1598
f 1598 287 1599
f 287 286 1599
f 1599 286 1600
f 286 285 1600
f 1600 285 1601
f 285 284 1601
f 1601 284 1602
f 284 283 1602
f 1602 283 1603
f 283 282 1603
f 1603 282 1604
f 282 281 1604
f 1604 281 1605
f 281 280 1605
f 1605 280 1606
f 280 279 1606
f 1606 279 1607
f 279 278 1607
f 1607 278 1608
f 278 277 1608
f 1608 277 1609
f 277 276 1609
f 1609 276 1610
f 276 275 1610
f 1610 275 1611
f 275 274 1611
f 1611 274 1612
f 274 273 1612
f 1612 273 1613
f 273 272 1613
f 1613 272 1614
f 272 271 1614
f 1614 271 1615
f 271 270 1615
f 1615 270 1616
f 270 269 1616
f 1616 269 1617
f 269 268 1617
f 1617 268 1618
f 268 267 1618
f 1618 267 1619
f 267 266 1619
f 1619 266 1620
f 266 265 1620
f 1620 265 1621
f 265 264 1621
f 1621 264 1622
f 264 263 1622
f 1622 263 1623
f 263 262 1623
f 1623 262 1624
f 262 261 1624
f 1624 261 1625
f 261 260 1625
f 1625 260 1626
f 260 259 1626
f 1626 259 1627
f 259 258 1627
f 1627 258 1628
f 258 257 1628
f 1628 257 1629
f 257 256 1629
f 1629 256 1630
f 256 255 1630
f 1630 255 1631
f 255 254 1631
f 1631 254 1632
f 254 253 1632
f 1632 253 1633
f 253 252 1633
f 1633 252 1634
f 252 251 1634
f 1634 251 1635
f 251 250 1635
f 1635 250 1636
f 250 249 1636
f 1636 249 1637
f 249 248 1637
f 1637 248 1638
f 248 247 1638
f 1638 247 1639
f 247 246 1639
f 1639 246 1640
f 246 245 1640
f 1640 245 1641
f 245 244 1641
f 1641 244 1642
f 244 243 1642
f 1642 243 1643
f 243 242 1643
f 1643 242 1644
f 242 241 1644
f 1644 241 1645
f 241 240 1645
f 1645 240 1646
f 240 239 1646
f 1646 239 1647
f 239 238 1647
f 1647 238 1648
f 238 237 1648
f 1648 237 1649
f 237 236 1649
f 1649 236 1650
f 236 235 1650
f 1650 235 1651
f 235 234 1651
f 1651 234 1652
f 234 233 1652
f 1652 233 1653
f 233 232 1653
f 1653 232 1654
f 232 231 1654
f 1654 231 1655
f 231 230 1655
f 1655 230 1656
f 230 229 1656
f 293 1657 295
f 1657 1658 295
f 295 1658 296
f 1658 1659 296
f 296 1659 298
f 1659 1660 298
f 298 1660 299
f 1660 1661 299
f 299 1661 301
f 1661 1662 301
f 301 1662 302
f 1662 1663 302
f 302 1663 304
f 1663 1664 304
f 304 1664 305
f 1664 1665 305
f 305 1665 307
f 1665 1666 307
f 307 1666 308
f 1666 1667 308
f 308 1667 310
f 1667 1668 310
f 310 1668 311
f 1668 1669 311
f 311 1669 313
f 1669 1670 313
f 313 1670 314
f 1670 1671 314
f 314 1671 316
f 1671 1672 316
f 316 1672 317
f 1672 1673 317
f 317 1673 319
f 1673 1674 319
f 319 1674 320
f 1674 1675 320
f 320 1675 322
f 1675 1676 322
f 322 1676 323
f 1676 1677 323
f 323 1677 325
f 1677 1678 325
f 325 1678 326
f 1678 1679 326
f 326 1679 328
f 1679 1680 328
f 328 1680 329
f 1680 1681 329
f 329 1681 331
f 1681 1682 331
f 331 1682 332
f 1682 1683 332
f 332 1683 334
f 1683 1684 334
f 334 1684 335
f 1684 1685 335
f 335 1685 337
f 1685 1686 337
f 337 1686 338
f 1686 1687 338
f 338 1687 340
f 1687 1688 340
f 340 1688 341
f 1688 1689 341
f 341 1689 343
f 1689 1690 343
f 343 1690 344
f 1690 1691 344
f 344 1691 346
f 1691 1692 346
f 346 1692 347
f 1692 1693 347
f 347 1693 349
f 1693 1694 349
f 349 1694 350
f 1694 1695 350
f 350 1695 352
f 1695 1696 352
f 352 1696 353
f 1696 1697 353
f 353 1697 355
f 1697 1698 355
f 355 1698 356
f 1698 1699 356
f 356 1699 358
f 1699 1700 358
f 358 1700 359
f 1700 1701 359
f 359 1701 361
f 1701 1702 361
f 361 1702 362
f 1702 1703 362
f 362 1703 364
f 1703 1704 364
f 364 1704 365
f 1704 1705 365
f 365 1705 367
f 1705 1706 367
f 367 1706 368
f 1706 1707 368
f 368 1707 370
f 1707 1708 370
f 370 1708 371
f 1708 1709 371
f 371 1709 373
f 1709 1710 373
f 373 1710 374
f 1710 1711 374
f 374 1711 376
f 1711 1712 376
f 376 1712 377
f 1712 1713 377
f 377 1713 379
f 1713 1714 379
f 379 1714 380
f 1714 1715 380
f 380 1715 382
f 1715 1716 382
f 382 1716 383
f 1716 1717 383
f 383 1717 385
f 1717 1718 385
f 385 1718 386
f 1718 1719 386
f 386 1719 388
f 1719 1720 388
f 388 1720 389
f 1720 1721 389
f 389 1721 391
f 1721 1722 391
f 391 1722 392
f 1722 1723 392
f 392 1723 394
f 1723 1724 394
f 394 1724 395
f 1724 1725 395
f 395 1725 397
f 1725 1726 397
f 397 1726 398
f 1726 1727 398
f 398 1727 400
f 1727 1728 400
f 400 1728 401
f 1728 1729 401
f 1729 1730 401
f 401 1730 403
f 1730 1731 403
f 403 1731 404
f 1731 1732 404
f 404 1732 406
f 1732 1733 406
f 406 1733 407
f 1733 1734 407
f 407 1734 409
f 1734 1735 409
f 409 1735 410
f 1735 1736 410
f 410 1736 412
f 1736 1737 412
f 412 1737 413
f 1737 1738 413
f 413 1738 415
f 1738 1739 415
f 415 1739 416
f 1739 1740 416
f 416 1740 418
f 1740 1741 418
f 418 1741 419
f 1741 1742 419
f 419 1742 421
f 1742 1743 421
f 421 1743 422
f 1743 1744 422
f 422 1744 424
f 1744 1745 424
f 424 1745 425
f 1745 1746 425
f 425 1746 427
f 1746 1747 427
f 427 1747 428
f 1747 1748 428
f 428 1748 430
f 1748 1749 430
f 430 1749 431
f 1749 1750 431
f 431 1750 433
f 1750 1751 433
f 433 1751 434
f 1751 1752 434
f 434 1752 436
f 1752 1753 436
f 436 1753 437
f 1753 1754 437
f 437 1754 439
f 1754 1755 439
f 439 1755 440
f 1755 1756 440
f 440 1756 442
f 1756 1757 442
f 442 1757 443
f 1757 1758 443
f 443 1758 445
f 1758 1759 445
f 445 1759 446
f 1759 1760 446
f 446 1760 448
f 1760 1761 448
f 448 1761 449
f 1761 1762 449
f 449 1762 451
f 1762 1763 451
f 451 1763 452
f 1763 1764 452
f 452 1764 454
f 1764 1765 454
f 454 1765 455
f 1765 1766 455
f 455 1766 457
f 1766 1767 457
f 457 1767 458
f 1767 1768 458
f 458 1768 460
f 1768 1769 460
f 460 1769 461
f 1769 1770 461
f 461 1770 463
f 1770 1771 463
f 463 1771 464
f 1771 1772 464
f 464 1772 466
f 1772 1773 466
f 466 1773 467
f 1773 1774 467
f 467 1774 469
f 1774 1775 469
f 469 1775 470
f 1775 1776 470
f 470 1776 472
f 1776 1777 472
f 472 1777 473
f 1777 1778 473
f 473 1778 475
f 1778 1779 475
f 475 1779 476
f 1779 1780 476
f 476 1780 478
f 1780 1781 478
f 478 1781 479
f 1781 1782 479
f 479 1782 481
f 1782 1783 481
f 481 1783 482
f 1783 1784 482
f 482 1784 484
f 1784 1785 484
f 484 1785 485
f 1785 1786 485
f 485 1786 487
f 1786 1787 487
f 487 1787 488
f 1787 1788 488
f 488 1788 490
f 1788 1789 490
f 490 1789 491
f 1789 1790 491
f 491 1790 493
f 1790 1791 493
f 493 1791 494
f 1791 1792 494
f 494 1792 496
f 1792 1793 496
f 496 1793 497
f 1793 1794 497
f 497 1794 499
f 1794 1795 499
f 499 1795 500
f 1795 1796 500
f 500 1796 502
f 1796 1797 502
f 502 1797 503
f 1797 1798 503
f 503 1798 504
f 1798 1799 504
f 504 1799 291
f 1799 1800 291
f 291 1800 292
f 1800 1801 292
f 292 1801 293
f 1801 1802 293
f 293 1802 1657
f 1803 1804 1805
f 1806 1807 1808
f 1809 1810 1811
f 1728 1727 1812
f 1813 1814 1815
f 1816 1817 1818
f 1817 1819 1818
f 1818 1819 1820
f 1819 1821 1820
f 1822 1823 1824
f 1823 1825 1824
f 1825 1826 1824
f 1824 1826 1827
f 1729 1728 1828
f 1728 1812 1828
f 1828 1812 1829
f 1729 1828 1730
f 1828 1830 1730
f 1730 1830 1731
f 1731 1830 1732
f 1830 1831 1732
f 1732 1831 1733
f 1733 1831 1734
f 1831 1832 1734
f 1734 1832 1735
f 1735 1832 1736
f 1832 1833 1736
f 1736 1833 1737
f 1737 1833 1738
f 1833 1834 1738
f 1738 1834 1739
f 1739 1834 1740
f 1834 1835 1740
f 1740 1835 1741
f 1741 1835 1742
f 1835 1836 1742
f 1742 1836 1743
f 1743 1836 1744
f 1836 1837 1744
f 1744 1837 1745
f 1745 1837 1746
f 1837 1838 1746
f 1746 1838 1747
f 1747 1838 1748
f 1838 1839 1748
f 1748 1839 1749
f 1749 1839 1750
f 1839 1840 1750
f 1750 1840 1751
f 1751 1840 1752
f 1840 1841 1752
f 1752 1841 1753
f 1753 1841 1754
f 1841 1842 1754
f 1754 1842 1755
f 1755 1842 1756
f 1842 1843 1756
f 1756 1843 1757
f 1757 1843 1758
f 1843 1844 1758
f 1758 1844 1759
f 1759 1844 1760
f 1844 1845 1760
f 1760 1845 1761
f 1761 1845 1762
f 1845 1846 1762
f 1762 1846 1763
f 1763 1846 1764
f 1846 1847 1764
f 1764 1847 1765
f 1765 1847 1766
f 1847 1848 1766
f 1766 1848 1767
f 1767 1848 1768
f 1848 1849 1768
f 1768 1849 1769
f 1769 1849 1770
f 1849 1850 1770
f 1770 1850 1771
f 1771 1850 1772
f 1850 1851 1772
f 1772 1851 1773
f 1773 1851 1774
f 1851 1852 1774
f 1774 1852 1775
f 1775 1852 1776
f 1852 1853 1776
f 1776 1853 1777
f 1777 1853 1778
f 1853 1854 1778
f 1778 1854 1779
f 1779 1854 1780
f 1854 1855 1780
f 1780 1855 1781
f 1781 1855 1782
f 1855 1856 1782
f 1782 1856 1783
f 1783 1856 1784
f 1856 1857 1784
f 1784 1857 1785
f 1785 1857 1786
f 1857 1858 1786
f 1786 1858 1787
f 1787 1858 1788
f 1858 1859 1788
f 1788 1859 1789
f 1789 1859 1790
f 1859 1860 1790
f 1790 1860 1791
f 1791 1860 1792
f 1860 1861 1792
f 1792 1861 1793
f 1793 1861 1794
f 1861 1862 1794
f 1794 1862 1795
f 1795 1862 1796
f 1862 1863 1796
f 1796 1863 1797
f 1797 1863 1798
f 1863 1864 1798
f 1798 1864 1799
f 1865 1866 1867
f 1868 1869 1866
f 1870 1871 1869
f 1872 1873 1871
f 1874 1875 1873
f 1876 1877 1875
f 1878 1879 1877
f 1880 1881 1879
f 1882 1883 1881
f 1884 1885 1883
f 1886 1887 1885
f 1888 1889 1887
f 1890 1891 1889
f 1892 1893 1891
f 1894 1895 1896
f 1897 1898 1895
f 1895 1894 1897
f 1894 1899 1897
f 1897 1899 1900
f 1899 1901 1900
f 1900 1901 1902
f 1810 1903 1811
f 1903 1904 1811
f 1811 1904 1905
f 1905 1904 1906
f 1904 1907 1906
f 1906 1907 1908
f 1909 1910 1911
f 1910 1912 1911
f 1911 1912 1913
f 1912 1914 1913
f 1915 1916 1917
f 1916 1918 1917
f 1917 1918 1919
f 1918 1920 1919
f 1919 1920 1921
f 1920 1922 1921
f 1921 1922 1923
f 1922 1924 1923
f 1923 1924 1925
f 1924 1926 1925
f 1925 1926 1927
f 1928 1929 1930
f 1928 1930 1931
f 1932 1933 1907
f 1933 1934 1907
f 1907 1934 1908
f 1935 1936 1937
f 1937 1938 1935
f 1938 1939 1935
f 1935 1939 1932
f 1939 1940 1932
f 1932 1940 1933
f 1912 1941 1914
f 1941 1942 1914
f 1914 1942 1936
f 1942 1943 1936
f 1936 1943 1937
f 1929 1928 1944
f 1928 1945 1944
f 1944 1945 1946
f 1947 1948 1949
f 1949 1950 1947
f 1950 1951 1947
f 1947 1951 1945
f 1951 1952 1945
f 1945 1952 1946
f 1819 1953 1821
f 1953 1954 1821
f 1821 1954 1948
f 1954 1955 1948
f 1948 1955 1949
f 1956 1957 1809
f 1957 1958 1809
f 1809 1958 1810
f 1958 1959 1810
f 1810 1959 1903
f 1959 1960 1903
f 1903 1960 1904
f 1960 1961 1904
f 1904 1961 1907
f 1961 1962 1907
f 1907 1962 1932
f 1962 1963 1932
f 1932 1963 1935
f 1963 1964 1935
f 1935 1964 1936
f 1964 1965 1936
f 1936 1965 1914
f 1965 1966 1914
f 1914 1966 1913
f 1966 1967 1913
f 1913 1967 1911
f 1967 1807 1911
f 1911 1807 1909
f 1807 1806 1909
f 1968 1969 1803
f 1969 1970 1803
f 1803 1970 1804
f 1970 1971 1804
f 1804 1971 1805
f 1971 1931 1805
f 1805 1931 1972
f 1931 1930 1972
f 1970 1973 1971
f 1973 1974 1971
f 1971 1974 1931
f 1974 1975 1931
f 1931 1975 1928
f 1975 1976 1928
f 1928 1976 1945
f 1976 1977 1945
f 1945 1977 1947
f 1977 1978 1947
f 1947 1978 1948
f 1978 1979 1948
f 1948 1979 1821
f 1979 1980 1821
f 1821 1980 1820
f 1980 1981 1820
f 1820 1981 1818
f 1981 1814 1818
f 1818 1814 1816
f 1814 1813 1816
f 1902 1901 1956
f 1901 1982 1956
f 1956 1982 1957
f 1982 1983 1957
f 1957 1983 1958
f 1983 1984 1958
f 1958 1984 1959
f 1984 1985 1959
f 1959 1985 1960
f 1985 1986 1960
f 1960 1986 1961
f 1986 1987 1961
f 1961 1987 1962
f 1987 1988 1962
f 1962 1988 1963
f 1988 1989 1963
f 1963 1989 1964
f 1989 1990 1964
f 1964 1990 1965
f 1990 1991 1965
f 1965 1991 1966
f 1991 1992 1966
f 1966 1992 1967
f 1992 1915 1967
f 1967 1915 1807
f 1915 1917 1807
f 1807 1917 1808
f 1927 1926 1968
f 1926 1993 1968
f 1968 1993 1969
f 1993 1994 1969
f 1969 1994 1970
f 1994 1995 1970
f 1970 1995 1973
f 1995 1996 1973
f 1973 1996 1974
f 1996 1997 1974
f 1974 1997 1975
f 1997 1998 1975
f 1975 1998 1976
f 1998 1999 1976
f 1976 1999 1977
f 1999 2000 1977
f 1977 2000 1978
f 2000 2001 1978
f 1978 2001 1979
f 2001 2002 1979
f 1979 2002 1980
f 2002 2003 1980
f 1980 2003 1981
f 2003 1822 1981
f 1981 1822 1814
f 1822 1824 1814
f 1814 1824 1815
f 2004 1827 2005
f 1827 1826 2005
f 2005 1826 2006
f 1826 1825 2006
f 2006 1825 2007
f 1825 1823 2007
f 2007 1823 2008
f 1823 1822 2008
f 2008 1822 2009
f 1822 2003 2009
f 2009 2003 2010
f 2003 2002 2010
f 2010 2002 2011
f 2002 2001 2011
f 2011 2001 2012
f 2001 2000 2012
f 2012 2000 2013
f 2000 1999 2013
f 2013 1999 2014
f 1999 1998 2014
f 2014 1998 2015
f 1998 1997 2015
f 2015 1997 2016
f 1997 1996 2016
f 2016 1996 2017
f 1996 1995 2017
f 2017 1995 2018
f 1995 1994 2018
f 2018 1994 2019
f 1994 1993 2019
f 2019 1993 2020
f 1993 1926 2020
f 2020 1926 2021
f 1926 1924 2021
f 2021 1924 2022
f 1924 1922 2022
f 2022 1922 2023
f 1922 1920 2023
f 2023 1920 2024
f 1920 1918 2024
f 2024 1918 2025
f 1918 1916 2025
f 2025 1916 2026
f 1916 1915 2026
f 2026 1915 2027
f 1915 1992 2027
f 2027 1992 2028
f 1992 1991 2028
f 2028 1991 2029
f 1991 1990 2029
f 2029 1990 2030
f 1990 1989 2030
f 2030 1989 2031
f 1989 1988 2031
f 2031 1988 2032
f 1988 1987 2032
f 2032 1987 2033
f 1987 1986 2033
f 2033 1986 2034
f 1986 1985 2034
f 2034 1985 2035
f 1985 1984 2035
f 2035 1984 2036
f 1984 1983 2036
f 2036 1983 2037
f 1983 1982 2037
f 2037 1982 2038
f 1982 1901 2038
f 2038 1901 2039
f 1901 1899 2039
f 2039 1899 2040
f 1899 1894 2040
f 2040 1894 2041
f 1894 1896 2041
f 2041 1896 1893
f 1893 1892 2041
f 1892 2042 2041
f 2041 2042 2040
f 2042 2043 2040
f 2040 2043 2039
f 2043 2044 2039
f 2039 2044 2038
f 2044 2045 2038
f 2038 2045 2037
f 2045 2046 2037
f 2037 2046 2036
f 2046 2047 2036
f 2036 2047 2035
f 2047 2048 2035
f 2035 2048 2034
f 2048 2049 2034
f 2034 2049 2033
f 2049 2050 2033
f 2033 2050 2032
f 2050 2051 2032
f 2032 2051 2031
f 2051 2052 2031
f 2031 2052 2030
f 2052 2053 2030
f 2030 2053 2029
f 2053 2054 2029
f 2029 2054 2028
f 2054 2055 2028
f 2028 2055 2027
f 2055 2056 2027
f 2027 2056 2026
f 2056 2057 2026
f 2026 2057 2025
f 2057 2058 2025
f 2025 2058 2024
f 2058 2059 2024
f 2024 2059 2023
f 2059 2060 2023
f 2023 2060 2022
f 2060 2061 2022
f 2022 2061 2021
f 2061 2062 2021
f 2021 2062 2020
f 2062 2063 2020
f 2020 2063 2019
f 2063 2064 2019
f 2019 2064 2018
f 2064 2065 2018
f 2018 2065 2017
f 2065 2066 2017
f 2017 2066 2016
f 2066 2067 2016
f 2016 2067 2015
f 2067 2068 2015
f 2015 2068 2014
f 2068 2069 2014
f 2014 2069 2013
f 2069 2070 2013
f 2013 2070 2012
f 2070 2071 2012
f 2012 2071 2011
f 2071 2072 2011
f 2011 2072 2010
f 2072 2073 2010
f 2010 2073 2009
f 2073 2074 2009
f 2009 2074 2008
f 2074 2075 2008
f 2008 2075 2007
f 2075 2076 2007
f 2007 2076 2006
f 2076 2077 2006
f 2006 2077 2005
f 1891 1890 1892
f 1890 2078 1892
f 1892 2078 2042
f 2078 2079 2042
f 2042 2079 2043
f 2079 2080 2043
f 2043 2080 2044
f 2080 2081 2044
f 2044 2081 2045
f 2081 2082 2045
f 2045 2082 2046
f 2082 2083 2046
f 2046 2083 2047
f 2083 2084 2047
f 2047 2084 2048
f 2084 2085 2048
f 2048 2085 2049
f 2085 2086 2049
f 2049 2086 2050
f 2086 2087 2050
f 2050 2087 2051
f 2087 2088 2051
f 2051 2088 2052
f 2088 2089 2052
f 2052 2089 2053
f 2089 2090 2053
f 2053 2090 2054
f 2090 2091 2054
f 2054 2091 2055
f 2091 2092 2055
f 2055 2092 2056
f 2092 2093 2056
f 2056 2093 2057
f 2093 2094 2057
f 2057 2094 2058
f 2094 2095 2058
f 2058 2095 2059
f 2095 2096 2059
f 2059 2096 2060
f 2096 2097 2060
f 2060 2097 2061
f 2097 2098 2061
f 2061 2098 2062
f 2098 2099 2062
f 2062 2099 2063
f 2099 2100 2063
f 2063 2100 2064
f 2100 2101 2064
f 2064 2101 2065
f 2101 2102 2065
f 2065 2102 2066
f 2102 2103 2066
f 2066 2103 2067
f 2103 2104 2067
f 2067 2104 2068
f 2104 2105 2068
f 2068 2105 2069
f 2105 2106 2069
f 2069 2106 2070
f 2106 2107 2070
f 2070 2107 2071
f 2107 2108 2071
f 2071 2108 2072
f 2108 2109 2072
f 2072 2109 2073
f 2109 2110 2073
f 2073 2110 2074
f 2110 2111 2074
f 2074 2111 2075
f 2111 2112 2075
f 2075 2112 2076
f 2112 2113 2076
f 2076 2113 2077
f 1889 1888 1890
f 1888 2114 1890
f 1890 2114 2078
f 2114 2115 2078
f 2078 2115 2079
f 2115 2116 2079
f 2079 2116 2080
f 2116 2117 2080
f 2080 2117 2081
f 2117 2118 2081
f 2081 2118 2082
f 2118 2119 2082
f 2082 2119 2083
f 2119 2120 2083
f 2083 2120 2084
f 2120 2121 2084
f 2084 2121 2085
f 2121 2122 2085
f 2085 2122 2086
f 2122 2123 2086
f 2086 2123 2087
f 2123 2124 2087
f 2087 2124 2088
f 2124 2125 2088
f 2088 2125 2089
f 2125 2126 2089
f 2089 2126 2090
f 2126 2127 2090
f 2090 2127 2091
f 2127 2128 2091
f 2091 2128 2092
f 2128 2129 2092
f 2092 2129 2093
f 2129 2130 2093
f 2093 2130 2094
f 2130 2131 2094
f 2094 2131 2095
f 2131 2132 2095
f 2095 2132 2096
f 2132 2133 2096
f 2096 2133 2097
f 2133 2134 2097
f 2097 2134 2098
f 2134 2135 2098
f 2098 2135 2099
f 2135 2136 2099
f 2099 2136 2100
f 2136 2137 2100
f 2100 2137 2101
f 2137 2138 2101
f 2101 2138 2102
f 2138 2139 2102
f 2102 2139 2103
f 2139 2140 2103
f 2103 2140 2104
f 2140 2141 2104
f 2104 2141 2105
f 2141 2142 2105
f 2105 2142 2106
f 2142 2143 2106
f 2106 2143 2107
f 2143 2144 2107
f 2107 2144 2108
f 2144 2145 2108
f 2108 2145 2109
f 2145 2146 2109
f 2109 2146 2110
f 2146 2147 2110
f 2110 2147 2111
f 2147 2148 2111
f 2111 2148 2112
f 2148 2149 2112
f 2112 2149 2113
f 1887 1886 1888
f 1886 2150 1888
f 1888 2150 2114
f 2150 2151 2114
f 2114 2151 2115
f 2151 2152 2115
f 2115 2152 2116
f 2152 2153 2116
f 2116 2153 2117
f 2153 2154 2117
f 2117 2154 2118
f 2154 2155 2118
f 2118 2155 2119
f 2155 2156 2119
f 2119 2156 2120
f 2156 2157 2120
f 2120 2157 2121
f 2157 2158 2121
f 2121 2158 2122
f 2158 2159 2122
f 2122 2159 2123
f 2159 2160 2123
f 2123 2160 2124
f 2160 2161 2124
f 2124 2161 2125
f 2161 2162 2125
f 2125 2162 2126
f 2162 2163 2126
f 2126 2163 2127
f 2163 2164 2127
f 2127 2164 2128
f 2164 2165 2128
f 2128 2165 2129
f 2165 2166 2129
f 2129 2166 2130
f 2166 2167 2130
f 2130 2167 2131
f 2167 2168 2131
f 2131 2168 2132
f 2168 2169 2132
f 2132 2169 2133
f 2169 2170 2133
f 2133 2170 2134
f 2170 2171 2134
f 2134 2171 2135
f 2171 2172 2135
f 2135 2172 2136
f 2172 2173 2136
f 2136 2173 2137
f 2173 2174 2137
f 2137 2174 2138
f 2174 2175 2138
f 2138 2175 2139
f 2175 2176 2139
f 2139 2176 2140
f 2176 2177 2140
f 2140 2177 2141
f 2177 2178 2141
f 2141 2178 2142
f 2178 2179 2142
f 2142 2179 2143
f 2179 2180 2143
f 2143 2180 2144
f 2180 2181 2144
f 2144 2181 2145
f 2181 2182 2145
f 2145 2182 2146
f 2182 2183 2146
f 2146 2183 2147
f 2183 2184 2147
f 2147 2184 2148
f 2184 2185 2148
f 2148 2185 2149
f 1885 1884 1886
f 1884 2186 1886
f 1886 2186 2150
f 2186 2187 2150
f 2150 2187 2151
f 2187 2188 2151
f 2151 2188 2152
f 2188 2189 2152
f 2152 2189 2153
f 2189 2190 2153
f 2153 2190 2154
f 2190 2191 2154
f 2154 2191 2155
f 2191 2192 2155
f 2155 2192 2156
f 2192 2193 2156
f 2156 2193 2157
f 2193 2194 2157
f 2157 2194 2158
f 2194 2195 2158
f 2158 2195 2159
f 2195 2196 2159
f 2159 2196 2160
f 2196 2197 2160
f 2160 2197 2161
f 2197 2198 2161
f 2161 2198 2162
f 2198 2199 2162
f 2162 2199 2163
f 2199 2200 2163
f 2163 2200 2164
f 2200 2201 2164
f 2164 2201 2165
f 2201 2202 2165
f 2165 2202 2166
f 2202 2203 2166
f 2166 2203 2167
f 2203 2204 2167
f 2167 2204 2168
f 2204 2205 2168
f 2168 2205 2169
f 2205 2206 2169
f 2169 2206 2170
f 2206 2207 2170
f 2170 2207 2171
f 2207 2208 2171
f 2171 2208 2172
f 2208 2209 2172
f 2172 2209 2173
f 2209 2210 2173
f 2173 2210 2174
f 2210 2211 2174
f 2174 2211 2175
f 2211 2212 2175
f 2175 2212 2176
f 2212 2213 2176
f 2176 2213 2177
f 2213 2214 2177
f 2177 2214 2178
f 2214 2215 2178
f 2178 2215 2179
f 2215 2216 2179
f 2179 2216 2180
f 2216 2217 2180
f 2180 2217 2181
f 2217 2218 2181
f 2181 2218 2182
f 2218 2219 2182
f 2182 2219 2183
f 2219 2220 2183
f 2183 2220 2184
f 2220 2221 2184
f 2184 2221 2185
f 1883 1882 1884
f 1882 2222 1884
f 1884 2222 2186
f 2222 2223 2186
f 2186 2223 2187
f 2223 2224 2187
f 2187 2224 2188
f 2224 2225 2188
f 2188 2225 2189
f 2225 2226 2189
f 2189 2226 2190
f 2226 2227 2190
f 2190 2227 2191
f 2227 2228 2191
f 2191 2228 2192
f 2228 2229 2192
f 2192 2229 2193
f 2229 2230 2193
f 2193 2230 2194
f 2230 2231 2194
f 2194 2231 2195
f 2231 2232 2195
f 2195 2232 2196
f 2232 2233 2196
f 2196 2233 2197
f 2233 2234 2197
f 2197 2234 2198
f 2234 2235 2198
f 2198 2235 2199
f 2235 2236 2199
f 2199 2236 2200
f 2236 2237 2200
f 2200 2237 2201
f 2237 2238 2201
f 2201 2238 2202
f 2238 2239 2202
f 2202 2239 2203
f 2239 2240 2203
f 2203 2240 2204
f 2240 2241 2204
f 2204 2241 2205
f 2241 2242 2205
f 2205 2242 2206
f 2242 2243 2206
f 2206 2243 2207
f 2243 2244 2207
f 2207 2244 2208
f 2244 2245 2208
f 2208 2245 2209
f 2245 2246 2209
f 2209 2246 2210
f 2246 2247 2210
f 2210 2247 2211
f 2247 2248 2211
f 2211 2248 2212
f 2248 2249 2212
f 2212 2249 2213
f 2249 2250 2213
f 2213 2250 2214
f 2250 2251 2214
f 2214 2251 2215
f 2251 2252 2215
f 2215 2252 2216
f 2252 2253 2216
f 2216 2253 2217
f 2253 2254 2217
f 2217 2254 2218
f 2254 2255 2218
f 2218 2255 2219
f 2255 2256 2219
f 2219 2256 2220
f 2256 2257 2220
f 2220 2257 2221
f 1881 1880 1882
f 1880 2258 1882
f 1882 2258 2222
f 2258 2259 2222
f 2222 2259 2223
f 2259 2260 2223
f 2223 2260 2224
f 2260 2261 2224
f 2224 2261 2225
f 2261 2262 2225
f 2225 2262 2226
f 2262 2263 2226
f 2226 2263 2227
f 2263 2264 2227
f 2227 2264 2228
f 2264 2265 2228
f 2228 2265 2229
f 2265 2266 2229
f 2229 2266 2230
f 2266 2267 2230
f 2230 2267 2231
f 2267 2268 2231
f 2231 2268 2232
f 2268 2269 2232
f 2232 2269 2233
f 2269 2270 2233
f 2233 2270 2234
f 2270 2271 2234
f 2234 2271 2235
f 2271 2272 2235
f 2235 2272 2236
f 2272 2273 2236
f 2236 2273 2237
f 2273 2274 2237
f 2237 2274 2238
f 2274 2275 2238
f 2238 2275 2239
f 2275 2276 2239
f 2239 2276 2240
f 2276 2277 2240
f 2240 2277 2241
f 2277 2278 2241
f 2241 2278 2242
f 2278 2279 2242
f 2242 2279 2243
f 2279 2280 2243
f 2243 2280 2244
f 2280 2281 2244
f 2244 2281 2245
f 2281 2282 2245
f 2245 2282 2246
f 2282 2283 2246
f 2246 2283 2247
f 2283 2284 2247
f 2247 2284 2248
f 2284 2285 2248
f 2248 2285 2249
f 2285 2286 2249
f 2249 2286 2250
f 2286 2287 2250
f 2250 2287 2251
f 2287 2288 2251
f 2251 2288 2252
f 2288 2289 2252
f 2252 2289 2253
f 2289 2290 2253
f 2253 2290 2254
f 2290 2291 2254
f 2254 2291 2255
f 2291 2292 2255
f 2255 2292 2256
f 2292 2293 2256
f 2256 2293 2257
f 1879 1878 1880
f 1878 2294 1880
f 1880 2294 2258
f 2294 2295 2258
f 2258 2295 2259
f 2295 2296 2259
f 2259 2296 2260
f 2296 2297 2260
f 2260 2297 2261
f 2297 2298 2261
f 2261 2298 2262
f 2298 2299 2262
f 2262 2299 2263
f 2299 2300 2263
f 2263 2300 2264
f 2300 2301 2264
f 2264 2301 2265
f 2301 2302 2265
f 2265 2302 2266
f 2302 2303 2266
f 2266 2303 2267
f 2303 2304 2267
f 2267 2304 2268
f 2304 2305 2268
f 2268 2305 2269
f 2305 2306 2269
f 2269 2306 2270
f 2306 2307 2270
f 2270 2307 2271
f 2307 2308 2271
f 2271 2308 2272
f 2308 2309 2272
f 2272 2309 2273
f 2309 2310 2273
f 2273 2310 2274
f 2310 2311 2274
f 2274 2311 2275
f 2311 2312 2275
f 2275 2312 2276
f 2312 2313 2276
f 2276 2313 2277
f 2313 2314 2277
f 2277 2314 2278
f 2314 2315 2278
f 2278 2315 2279
f 2315 2316 2279
f 2279 2316 2280
f 2316 2317 2280
f 2280 2317 2281
f 2317 2318 2281
f 2281 2318 2282
f 2318 2319 2282
f 2282 2319 2283
f 2319 2320 2283
f 2283 2320 2284
f 2320 2321 2284
f 2284 2321 2285
f 2321 2322 2285
f 2285 2322 2286
f 2322 2323 2286
f 2286 2323 2287
f 2323 2324 2287
f 2287 2324 2288
f 2324 2325 2288
f 2288 2325 2289
f 2325 2326 2289
f 2289 2326 2290
f 2326 2327 2290
f 2290 2327 2291
f 2327 2328 2291
f 2291 2328 2292
f 2328 2329 2292
f 2292 2329 2293
f 1877 1876 1878
f 1876 2330 1878
f 1878 2330 2294
f 2330 2331 2294
f 2294 2331 2295
f 2331 2332 2295
f 2295 2332 2296
f 2332 2333 2296
f 2296 2333 2297
f 2333 2334 2297
f 2297 2334 2298
f 2334 2335 2298
f 2298 2335 2299
f 2335 2336 2299
f 2299 2336 2300
f 2336 2337 2300
f 2300 2337 2301
f 2337 2338 2301
f 2301 2338 2302
f 2338 2339 2302
f 2302 2339 2303
f 2339 2340 2303
f 2303 2340 2304
f 2340 2341 2304
f 2304 2341 2305
f 2341 2342 2305
f 2305 2342 2306
f 2342 2343 2306
f 2306 2343 2307
f 2343 2344 2307
f 2307 2344 2308
f 2344 2345 2308
f 2308 2345 2309
f 2345 2346 2309
f 2309 2346 2310
f 2346 2347 2310
f 2310 2347 2311
f 2347 2348 2311
f 2311 2348 2312
f 2348 2349 2312
f 2312 2349 2313
f 2349 2350 2313
f 2313 2350 2314
f 2350 2351 2314
f 2314 2351 2315
f 2351 2352 2315
f 2315 2352 2316
f 2352 2353 2316
f 2316 2353 2317
f 2353 2354 2317
f 2317 2354 2318
f 2354 2355 2318
f 2318 2355 2319
f 2355 2356 2319
f 2319 2356 2320
f 2356 2357 2320
f 2320 2357 2321
f 2357 2358 2321
f 2321 2358 2322
f 2358 2359 2322
f 2322 2359 2323
f 2359 2360 2323
f 2323 2360 2324
f 2360 2361 2324
f 2324 2361 2325
f 2361 2362 2325
f 2325 2362 2326
f 2362 2363 2326
f 2326 2363 2327
f 2363 2364 2327
f 2327 2364 2328
f 2364 2365 2328
f 2328 2365 2329
f 1875 1874 1876
f 1874 2366 1876
f 1876 2366 2330
f 2366 2367 2330
f 2330 2367 2331
f 2367 2368 2331
f 2331 2368 2332
f 2368 2369 2332
f 2332 2369 2333
f 2369 2370 2333
f 2333 2370 2334
f 2370 2371 2334
f 2334 2371 2335
f 2371 2372 2335
f 2335 2372 2336
f 2372 2373 2336
f 2336 2373 2337
f 2373 2374 2337
f 2337 2374 2338
f 2374 2375 2338
f 2338 2375 2339
f 2375 2376 2339
f 2339 2376 2340
f 2376 2377 2340
f 2340 2377 2341
f 2377 2378 2341
f 2341 2378 2342
f 2378 2379 2342
f 2342 2379 2343
f 2379 2380 2343
f 2343 2380 2344
f 2380 2381 2344
f 2344 2381 2345
f 2381 2382 2345
f 2345 2382 2346
f 2382 2383 2346
f 2346 2383 2347
f 2383 2384 2347
f 2347 2384 2348
f 2384 2385 2348
f 2348 2385 2349
f 2385 2386 2349
f 2349 2386 2350
f 2386 2387 2350
f 2350 2387 2351
f 2387 2388 2351
f 2351 2388 2352
f 2388 2389 2352
f 2352 2389 2353
f 2389 2390 2353
f 2353 2390 2354
f 2390 2391 2354
f 2354 2391 2355
f 2391 2392 2355
f 2355 2392 2356
f 2392 2393 2356
f 2356 2393 2357
f 2393 2394 2357
f 2357 2394 2358
f 2394 2395 2358
f 2358 2395 2359
f 2395 2396 2359
f 2359 2396 2360
f 2396 2397 2360
f 2360 2397 2361
f 2397 2398 2361
f 2361 2398 2362
f 2398 2399 2362
f 2362 2399 2363
f 2399 2400 2363
f 2363 2400 2364
f 2400 2401 2364
f 2364 2401 2365
f 1873 1872 1874
f 1872 2402 1874
f 1874 2402 2366
f 2402 2403 2366
f 2366 2403 2367
f 2403 2404 2367
f 2367 2404 2368
f 2404 2405 2368
f 2368 2405 2369
f 2405 2406 2369
f 2369 2406 2370
f 2406 2407 2370
f 2370 2407 2371
f 2407 2408 2371
f 2371 2408 2372
f 2408 2409 2372
f 2372 2409 2373
f 2409 2410 2373
f 2373 2410 2374
f 2410 2411 2374
f 2374 2411 2375
f 2411 2412 2375
f 2375 2412 2376
f 2412 2413 2376
f 2376 2413 2377
f 2413 2414 2377
f 2377 2414 2378
f 2414 2415 2378
f 2378 2415 2379
f 2415 2416 2379
f 2379 2416 2380
f 2416 2417 2380
f 2380 2417 2381
f 2417 2418 2381
f 2381 2418 2382
f 2418 2419 2382
f 2382 2419 2383
f 2419 2420 2383
f 2383 2420 2384
f 2420 2421 2384
f 2384 2421 2385
f 2421 2422 2385
f 2385 2422 2386
f 2422 2423 2386
f 2386 2423 2387
f 2423 2424 2387
f 2387 2424 2388
f 2424 2425 2388
f 2388 2425 2389
f 2425 2426 2389
f 2389 2426 2390
f 2426 2427 2390
f 2390 2427 2391
f 2427 2428 2391
f 2391 2428 2392
f 2428 2429 2392
f 2392 2429 2393
f 2429 2430 2393
f 2393 2430 2394
f 2430 2431 2394
f 2394 2431 2395
f 2431 2432 2395
f 2395 2432 2396
f 2432 2433 2396
f 2396 2433 2397
f 2433 2434 2397
f 2397 2434 2398
f 2434 2435 2398
f 2398 2435 2399
f 2435 2436 2399
f 2399 2436 2400
f 2436 2437 2400
f 2400 2437 2401
f 1871 1870 1872
f 1870 2438 1872
f 1872 2438 2402
f 2438 2439 2402
f 2402 2439 2403
f 2439 2440 2403
f 2403 2440 2404
f 2440 2441 2404
f 2404 2441 2405
f 2441 2442 2405
f 2405 2442 2406
f 2442 2443 2406
f 2406 2443 2407
f 2443 2444 2407
f 2407 2444 2408
f 2444 2445 2408
f 2408 2445 2409
f 2445 2446 2409
f 2409 2446 2410
f 2446 2447 2410
f 2410 2447 2411
f 2447 2448 2411
f 2411 2448 2412
f 2448 2449 2412
f 2412 2449 2413
f 2449 2450 2413
f 2413 2450 2414
f 2450 2451 2414
f 2414 2451 2415
f 2451 2452 2415
f 2415 2452 2416
f 2452 2453 2416
f 2416 2453 2417
f 2453 2454 2417
f 2417 2454 2418
f 2454 2455 2418
f 2418 2455 2419
f 2455 2456 2419
f 2419 2456 2420
f 2456 2457 2420
f 2420 2457 2421
f 2457 2458 2421
f 2421 2458 2422
f 2458 2459 2422
f 2422 2459 2423
f 2459 2460 2423
f 2423 2460 2424
f 2460 2461 2424
f 2424 2461 2425
f 2461 2462 2425
f 2425 2462 2426
f 2462 2463 2426
f 2426 2463 2427
f 2463 2464 2427
f 2427 2464 2428
f 2464 2465 2428
f 2428 2465 2429
f 2465 2466 2429
f 2429 2466 2430
f 2466 2467 2430
f 2430 2467 2431
f 2467 2468 2431
f 2431 2468 2432
f 2468 2469 2432
f 2432 2469 2433
f 2469 2470 2433
f 2433 2470 2434
f 2470 2471 2434
f 2434 2471 2435
f 2471 2472 2435
f 2435 2472 2436
f 2472 2473 2436
f 2436 2473 2437
f 1869 1868 1870
f 1868 2474 1870
f 1870 2474 2438
f 2474 2475 2438
f 2438 2475 2439
f 2475 2476 2439
f 2439 2476 2440
f 2476 2477 2440
f 2440 2477 2441
f 2477 2478 2441
f 2441 2478 2442
f 2478 2479 2442
f 2442 2479 2443
f 2479 2480 2443
f 2443 2480 2444
f 2480 2481 2444
f 2444 2481 2445
f 2481 2482 2445
f 2445 2482 2446
f 2482 2483 2446
f 2446 2483 2447
f 2483 2484 2447
f 2447 2484 2448
f 2484 2485 2448
f 2448 2485 2449
f 2485 2486 2449
f 2449 2486 2450
f 2486 2487 2450
f 2450 2487 2451
f 2487 2488 2451
f 2451 2488 2452
f 2488 2489 2452
f 2452 2489 2453
f 2489 2490 2453
f 2453 2490 2454
f 2490 2491 2454
f 2454 2491 2455
f 2491 2492 2455
f 2455 2492 2456
f 2492 2493 2456
f 2456 2493 2457
f 2493 2494 2457
f 2457 2494 2458
f 2494 2495 2458
f 2458 2495 2459
f 2495 2496 2459
f 2459 2496 2460
f 2496 2497 2460
f 2460 2497 2461
f 2497 2498 2461
f 2461 2498 2462
f 2498 2499 2462
f 2462 2499 2463
f 2499 2500 2463
f 2463 2500 2464
f 2500 2501 2464
f 2464 2501 2465
f 2501 2502 2465
f 2465 2502 2466
f 2502 2503 2466
f 2466 2503 2467
f 2503 2504 2467
f 2467 2504 2468
f 2504 2505 2468
f 2468 2505 2469
f 2505 2506 2469
f 2469 2506 2470
f 2506 2507 2470
f 2470 2507 2471
f 2507 2508 2471
f 2471 2508 2472
f 2508 2509 2472
f 2472 2509 2473
f 1866 1865 1868
f 1865 2510 1868
f 1868 2510 2474
f 2510 2511 2474
f 2474 2511 2475
f 2511 2512 2475
f 2475 2512 2476
f 2512 2513 2476
f 2476 2513 2477
f 2513 2514 2477
f 2477 2514 2478
f 2514 2515 2478
f 2478 2515 2479
f 2515 2516 2479
f 2479 2516 2480
f 2516 2517 2480
f 2480 2517 2481
f 2517 2518 2481
f 2481 2518 2482
f 2518 2519 2482
f 2482 2519 2483
f 2519 2520 2483
f 2483 2520 2484
f 2520 2521 2484
f 2484 2521 2485
f 2521 2522 2485
f 2485 2522 2486
f 2522 2523 2486
f 2486 2523 2487
f 2523 2524 2487
f 2487 2524 2488
f 2524 2525 2488
f 2488 2525 2489
f 2525 2526 2489
f 2489 2526 2490
f 2526 2527 2490
f 2490 2527 2491
f 2527 2528 2491
f 2491 2528 2492
f 2528 2529 2492
f 2492 2529 2493
f 2529 2530 2493
f 2493 2530 2494
f 2530 2531 2494
f 2494 2531 2495
f 2531 2532 2495
f 2495 2532 2496
f 2532 2533 2496
f 2496 2533 2497
f 2533 2534 2497
f 2497 2534 2498
f 2534 2535 2498
f 2498 2535 2499
f 2535 2536 2499
f 2499 2536 2500
f 2536 2537 2500
f 2500 2537 2501
f 2537 2538 2501
f 2501 2538 2502
f 2538 2539 2502
f 2502 2539 2503
f 2539 2540 2503
f 2503 2540 2504
f 2540 2541 2504
f 2504 2541 2505
f 2541 2542 2505
f 2505 2542 2506
f 2542 2543 2506
f 2506 2543 2507
f 2543 2544 2507
f 2507 2544 2508
f 2544 2545 2508
f 2508 2545 2509
f 1800 1799 1867
f 1799 1864 1867
f 1867 1864 1865
f 1864 1863 1865
f 1865 1863 2510
f 1863 1862 2510
f 2510 1862 2511
f 1862 1861 2511
f 2511 1861 2512
f 1861 1860 2512
f 2512 1860 2513
f 1860 1859 2513
f 2513 1859 2514
f 1859 1858 2514
f 2514 1858 2515
f 1858 1857 2515
f 2515 1857 2516
f 1857 1856 2516
f 2516 1856 2517
f 1856 1855 2517
f 2517 1855 2518
f 1855 1854 2518
f 2518 1854 2519
f 1854 1853 2519
f 2519 1853 2520
f 1853 1852 2520
f 2520 1852 2521
f 1852 1851 2521
f 2521 1851 2522
f 1851 1850 2522
f 2522 1850 2523
f 1850 1849 2523
f 2523 1849 2524
f 1849 1848 2524
f 2524 1848 2525
f 1848 1847 2525
f 2525 1847 2526
f 1847 1846 2526
f 2526 1846 2527
f 1846 1845 2527
f 2527 1845 2528
f 1845 1844 2528
f 2528 1844 2529
f 1844 1843 2529
f 2529 1843 2530
f 1843 1842 2530
f 2530 1842 2531
f 1842 1841 2531
f 2531 1841 2532
f 1841 1840 2532
f 2532 1840 2533
f 1840 1839 2533
f 2533 1839 2534
f 1839 1838 2534
f 2534 1838 2535
f 1838 1837 2535
f 2535 1837 2536
f 1837 1836 2536
f 2536 1836 2537
f 1836 1835 2537
f 2537 1835 2538
f 1835 1834 2538
f 2538 1834 2539
f 1834 1833 2539
f 2539 1833 2540
f 1833 1832 2540
f 2540 1832 2541
f 1832 1831 2541
f 2541 1831 2542
f 1831 1830 2542
f 2542 1830 2543
f 1830 1828 2543
f 2543 1828 2544
f 1828 1829 2544
f 2544 1829 2545
f 2546 2547 2548
f 2547 2546 2549
f 2550 2551 2552
f 2551 2550 2553
f 1819 2546 1953
f 2546 2548 1953
f 1953 2548 1954
f 2548 2554 1954
f 1954 2554 1955
f 1955 2554 1949
f 2554 2555 1949
f 1949 2555 1950
f 1950 2555 1951
f 2555 2556 1951
f 1951 2556 1952
f 1952 2556 1946
f 2556 2557 1946
f 1946 2557 1944
f 1944 2557 1929
f 2557 2553 1929
f 1929 2553 1930
f 2553 2550 1930
f 1930 2550 1972
f 2552 2558 2550
f 2558 1968 2550
f 1968 1803 2550
f 1803 1805 2550
f 2550 1805 1972
f 1927 1968 2558
f 1927 2558 1925
f 1917 1919 2559
f 1919 1921 2559
f 2559 1921 2558
f 1921 1923 2558
f 2558 1923 1925
f 2560 2561 2562
f 2561 2563 2562
f 2564 2563 2565
f 2563 2566 2565
f 2564 2567 2563
f 2567 2568 2563
f 2563 2568 2562
f 2563 2569 2570
f 2569 2563 2561
f 2571 2572 2573
f 2572 2571 2574
f 2566 2563 2575
f 2563 2570 2575
f 2575 2570 2576
f 2570 2577 2576
f 2576 2577 2578
f 2578 2577 2579
f 2577 2580 2579
f 2579 2580 2581
f 2581 2580 2582
f 2580 2583 2582
f 2582 2583 2584
f 2584 2583 2585
f 2583 2586 2585
f 2585 2586 2587
f 2587 2586 2588
f 2586 2574 2588
f 2588 2574 2589
f 2574 2571 2589
f 2589 2571 2590
f 2573 2591 2571
f 2591 2592 2571
f 2592 2593 2571
f 2593 2594 2571
f 2571 2594 2590
f 2595 2592 2591
f 2595 2591 2596
f 2597 2598 2599
f 2598 2600 2599
f 2599 2600 2591
f 2600 2601 2591
f 2591 2601 2596
f 146 145 2602
f 145 216 2602
f 2602 216 215
f 149 148 2602
f 148 147 2602
f 2602 147 146
f 152 151 2602
f 151 150 2602
f 2602 150 149
f 155 154 2602
f 154 153 2602
f 2602 153 152
f 158 157 2602
f 157 156 2602
f 2602 156 155
f 161 160 2602
f 160 159 2602
f 2602 159 158
f 164 163 2602
f 163 162 2602
f 2602 162 161
f 167 166 2602
f 166 165 2602
f 2602 165 164
f 170 169 2602
f 169 168 2602
f 2602 168 167
f 173 172 2602
f 172 171 2602
f 2602 171 170
f 176 175 2602
f 175 174 2602
f 2602 174 173
f 179 178 2602
f 178 177 2602
f 2602 177 176
f 182 181 2602
f 181 180 2602
f 2602 180 179
f 185 184 2602
f 184 183 2602
f 2602 183 182
f 188 187 2602
f 187 186 2602
f 2602 186 185
f 191 190 2602
f 190 189 2602
f 2602 189 188
f 194 193 2602
f 193 192 2602
f 2602 192 191
f 197 196 2602
f 196 195 2602
f 2602 195 194
f 200 199 2602
f 199 198 2602
f 2602 198 197
f 203 202 2602
f 202 201 2602
f 2602 201 200
f 206 205 2602
f 205 204 2602
f 2602 204 203
f 209 208 2602
f 208 207 2602
f 2602 207 206
f 212 211 2602
f 211 210 2602
f 2602 210 209
f 215 214 2602
f 214 213 2602
f 2602 213 212
f 2599 2603 2597
f 2603 2604 2597
f 2605 2604 2606
f 2604 2607 2606
f 2605 2608 2604
f 2608 2609 2604
f 2604 2609 2597
f 2569 2561 2603
f 2603 2599 2591
f 2561 2558 2552
f 2559 2558 2610
f 2558 2561 2610
f 2610 2561 2611
f 2561 2612 2611
f 2560 2613 2561
f 2613 2614 2561
f 2561 2614 2615
f 2616 2617 2549
f 2617 2618 2549
f 2549 2618 2619
f 2591 2573 2603
f 2573 2572 2603
f 2603 2572 2574
f 2574 2586 2603
f 2586 2583 2603
f 2603 2583 2580
f 2580 2577 2603
f 2577 2570 2603
f 2603 2570 2569
f 2615 2620 2561
f 2620 2621 2561
f 2561 2621 2622
f 2552 2551 2561
f 2551 2553 2561
f 2561 2553 2557
f 2619 2623 2549
f 2623 2624 2549
f 2549 2624 2625
f 2625 2626 2549
f 2626 2627 2549
f 2549 2627 2628
f 2622 2629 2561
f 2629 2630 2561
f 2561 2630 2612
f 2557 2556 2561
f 2556 2555 2561
f 2561 2555 2554
f 2628 2631 2549
f 2631 2603 2549
f 2549 2603 2547
f 2603 2561 2547
f 2547 2561 2548
f 2561 2554 2548
f 2616 2549 1824
f 2549 2546 1824
f 1816 2546 1817
f 2546 1819 1817
f 1816 1813 2546
f 1813 1815 2546
f 2546 1815 1824
f 2004 2632 2617
f 2632 2633 2617
f 2633 2634 2617
f 2617 2634 2635
f 2004 2617 1827
f 2617 2616 1827
f 1827 2616 1824
f 2618 2617 2636
f 2617 2635 2636
f 2635 2637 2636
f 2637 2638 2636
f 2636 2638 2639
f 2604 2631 2628
f 2631 2604 2603
f 2636 2619 2618
f 2619 2636 2623
f 2607 2604 2640
f 2604 2628 2640
f 2640 2628 2641
f 2628 2627 2641
f 2641 2627 2642
f 2642 2627 2643
f 2627 2626 2643
f 2643 2626 2644
f 2644 2626 2645
f 2626 2625 2645
f 2645 2625 2646
f 2646 2625 2647
f 2625 2624 2647
f 2647 2624 2648
f 2648 2624 2649
f 2624 2623 2649
f 2649 2623 2650
f 2623 2636 2650
f 2650 2636 2639
f 2637 2651 2638
f 1801 1800 1867
f 2567 2652 2568
f 2593 2653 2594
f 2608 2654 2609
f 2605 2606 2655
f 2606 2607 2655
f 2655 2607 2656
f 2607 2657 2656
f 2658 2659 2597
f 2659 2660 2597
f 2597 2660 2598
f 2660 2661 2598
f 2598 2661 2600
f 2661 2662 2600
f 2600 2662 2601
f 2662 2663 2601
f 2601 2663 2596
f 2663 2664 2596
f 2596 2664 2595
f 2665 2588 2589
f 2665 2589 2666
f 2564 2565 2667
f 2565 2566 2667
f 2667 2566 2668
f 2566 2669 2668
f 2670 2671 2562
f 2671 2672 2562
f 2672 2673 2562
f 2562 2673 2674
f 1802 1801 2675
f 1801 1867 2675
f 2675 1867 1866
f 1802 2675 1657
f 2675 2676 1657
f 1657 2676 1658
f 1658 2676 1659
f 2676 2677 1659
f 1659 2677 1660
f 1660 2677 1661
f 2677 2678 1661
f 1661 2678 1662
f 1662 2678 1663
f 2678 2679 1663
f 1663 2679 1664
f 1664 2679 1665
f 2679 2680 1665
f 1665 2680 1666
f 1666 2680 1667
f 2680 2681 1667
f 1667 2681 1668
f 1668 2681 1669
f 2681 2682 1669
f 1669 2682 1670
f 1670 2682 1671
f 2682 2683 1671
f 1671 2683 1672
f 1672 2683 1673
f 2683 2684 1673
f 1673 2684 1674
f 1674 2684 1675
f 2684 2685 1675
f 1675 2685 1676
f 1676 2685 1677
f 2685 2686 1677
f 1677 2686 1678
f 1678 2686 1679
f 2686 2687 1679
f 1679 2687 1680
f 1680 2687 1681
f 2687 2688 1681
f 1681 2688 1682
f 1682 2688 1683
f 2688 2689 1683
f 1683 2689 1684
f 1684 2689 1685
f 2689 2690 1685
f 1685 2690 1686
f 1686 2690 1687
f 2690 2691 1687
f 1687 2691 1688
f 1688 2691 1689
f 2691 2692 1689
f 1689 2692 1690
f 1690 2692 1691
f 2692 2693 1691
f 1691 2693 1692
f 1692 2693 1693
f 2693 2694 1693
f 1693 2694 1694
f 1694 2694 1695
f 2694 2695 1695
f 1695 2695 1696
f 1696 2695 1697
f 2695 2696 1697
f 1697 2696 1698
f 1698 2696 1699
f 2696 2697 1699
f 1699 2697 1700
f 1700 2697 1701
f 2697 2698 1701
f 1701 2698 1702
f 1702 2698 1703
f 2698 2699 1703
f 1703 2699 1704
f 1704 2699 1705
f 2699 2700 1705
f 1705 2700 1706
f 1706 2700 1707
f 2700 2701 1707
f 1707 2701 1708
f 1708 2701 1709
f 2701 2702 1709
f 1709 2702 1710
f 1710 2702 1711
f 2702 2703 1711
f 1711 2703 1712
f 1712 2703 1713
f 2703 2704 1713
f 1713 2704 1714
f 1714 2704 1715
f 2704 2705 1715
f 1715 2705 1716
f 1716 2705 1717
f 2705 2706 1717
f 1717 2706 1718
f 1718 2706 1719
f 2706 2707 1719
f 1719 2707 1720
f 1720 2707 1721
f 2707 2708 1721
f 1721 2708 1722
f 1722 2708 1723
f 2708 2709 1723
f 1723 2709 1724
f 1724 2709 1725
f 2709 2710 1725
f 1725 2710 1726
f 2711 1829 1812
f 2712 2545 1829
f 2713 2509 2545
f 2714 2473 2509
f 2715 2437 2473
f 2716 2401 2437
f 2717 2365 2401
f 2718 2329 2365
f 2719 2293 2329
f 2720 2257 2293
f 2721 2221 2257
f 2722 2185 2221
f 2723 2149 2185
f 2724 2113 2149
f 2725 2005 2077
f 2632 2004 2005
f 2005 2725 2632
f 2725 2726 2632
f 2632 2726 2633
f 2726 2727 2633
f 2633 2727 2634
f 2651 2728 2638
f 2728 2729 2638
f 2638 2729 2639
f 2639 2729 2650
f 2729 2730 2650
f 2650 2730 2649
f 2731 2647 2730
f 2647 2648 2730
f 2730 2648 2649
f 2732 2733 2643
f 2643 2644 2732
f 2644 2645 2732
f 2732 2645 2731
f 2645 2646 2731
f 2731 2646 2647
f 2607 2640 2657
f 2640 2641 2657
f 2657 2641 2733
f 2641 2642 2733
f 2733 2642 2643
f 2588 2665 2587
f 2665 2734 2587
f 2587 2734 2585
f 2735 2736 2579
f 2579 2581 2735
f 2581 2582 2735
f 2735 2582 2734
f 2582 2584 2734
f 2734 2584 2585
f 2566 2575 2669
f 2575 2576 2669
f 2669 2576 2736
f 2576 2578 2736
f 2736 2578 2579
f 2635 2737 2637
f 2737 2738 2637
f 2637 2738 2651
f 2738 2739 2651
f 2651 2739 2728
f 2739 2740 2728
f 2728 2740 2729
f 2740 2741 2729
f 2729 2741 2730
f 2741 2742 2730
f 2730 2742 2731
f 2742 2743 2731
f 2731 2743 2732
f 2743 2744 2732
f 2732 2744 2733
f 2744 2745 2733
f 2733 2745 2657
f 2745 2746 2657
f 2657 2746 2656
f 2746 2747 2656
f 2656 2747 2655
f 2747 2654 2655
f 2655 2654 2605
f 2654 2608 2605
f 2592 2748 2593
f 2748 2749 2593
f 2593 2749 2653
f 2749 2750 2653
f 2653 2750 2594
f 2750 2666 2594
f 2594 2666 2590
f 2666 2589 2590
f 2749 2751 2750
f 2751 2752 2750
f 2750 2752 2666
f 2752 2753 2666
f 2666 2753 2665
f 2753 2754 2665
f 2665 2754 2734
f 2754 2755 2734
f 2734 2755 2735
f 2755 2756 2735
f 2735 2756 2736
f 2756 2757 2736
f 2736 2757 2669
f 2757 2758 2669
f 2669 2758 2668
f 2758 2759 2668
f 2668 2759 2667
f 2759 2652 2667
f 2667 2652 2564
f 2652 2567 2564
f 2634 2727 2635
f 2727 2760 2635
f 2635 2760 2737
f 2760 2761 2737
f 2737 2761 2738
f 2761 2762 2738
f 2738 2762 2739
f 2762 2763 2739
f 2739 2763 2740
f 2763 2764 2740
f 2740 2764 2741
f 2764 2765 2741
f 2741 2765 2742
f 2765 2766 2742
f 2742 2766 2743
f 2766 2767 2743
f 2743 2767 2744
f 2767 2768 2744
f 2744 2768 2745
f 2768 2769 2745
f 2745 2769 2746
f 2769 2770 2746
f 2746 2770 2747
f 2770 2658 2747
f 2747 2658 2654
f 2658 2597 2654
f 2654 2597 2609
f 2595 2664 2592
f 2664 2771 2592
f 2592 2771 2748
f 2771 2772 2748
f 2748 2772 2749
f 2772 2773 2749
f 2749 2773 2751
f 2773 2774 2751
f 2751 2774 2752
f 2774 2775 2752
f 2752 2775 2753
f 2775 2776 2753
f 2753 2776 2754
f 2776 2777 2754
f 2754 2777 2755
f 2777 2778 2755
f 2755 2778 2756
f 2778 2779 2756
f 2756 2779 2757
f 2779 2780 2757
f 2757 2780 2758
f 2780 2781 2758
f 2758 2781 2759
f 2781 2670 2759
f 2759 2670 2652
f 2670 2562 2652
f 2652 2562 2568
f 1898 2674 1895
f 2674 2673 1895
f 1895 2673 2782
f 2673 2672 2782
f 2782 2672 2783
f 2672 2671 2783
f 2783 2671 2784
f 2671 2670 2784
f 2784 2670 2785
f 2670 2781 2785
f 2785 2781 2786
f 2781 2780 2786
f 2786 2780 2787
f 2780 2779 2787
f 2787 2779 2788
f 2779 2778 2788
f 2788 2778 2789
f 2778 2777 2789
f 2789 2777 2790
f 2777 2776 2790
f 2790 2776 2791
f 2776 2775 2791
f 2791 2775 2792
f 2775 2774 2792
f 2792 2774 2793
f 2774 2773 2793
f 2793 2773 2794
f 2773 2772 2794
f 2794 2772 2795
f 2772 2771 2795
f 2795 2771 2796
f 2771 2664 2796
f 2796 2664 2797
f 2664 2663 2797
f 2797 2663 2798
f 2663 2662 2798
f 2798 2662 2799
f 2662 2661 2799
f 2799 2661 2800
f 2661 2660 2800
f 2800 2660 2801
f 2660 2659 2801
f 2801 2659 2802
f 2659 2658 2802
f 2802 2658 2803
f 2658 2770 2803
f 2803 2770 2804
f 2770 2769 2804
f 2804 2769 2805
f 2769 2768 2805
f 2805 2768 2806
f 2768 2767 2806
f 2806 2767 2807
f 2767 2766 2807
f 2807 2766 2808
f 2766 2765 2808
f 2808 2765 2809
f 2765 2764 2809
f 2809 2764 2810
f 2764 2763 2810
f 2810 2763 2811
f 2763 2762 2811
f 2811 2762 2812
f 2762 2761 2812
f 2812 2761 2813
f 2761 2760 2813
f 2813 2760 2814
f 2760 2727 2814
f 2814 2727 2815
f 2727 2726 2815
f 2815 2726 2816
f 2726 2725 2816
f 2816 2725 2817
f 2725 2077 2817
f 2817 2077 2113
f 2113 2724 2817
f 2724 2818 2817
f 2817 2818 2816
f 2818 2819 2816
f 2816 2819 2815
f 2819 2820 2815
f 2815 2820 2814
f 2820 2821 2814
f 2814 2821 2813
f 2821 2822 2813
f 2813 2822 2812
f 2822 2823 2812
f 2812 2823 2811
f 2823 2824 2811
f 2811 2824 2810
f 2824 2825 2810
f 2810 2825 2809
f 2825 2826 2809
f 2809 2826 2808
f 2826 2827 2808
f 2808 2827 2807
f 2827 2828 2807
f 2807 2828 2806
f 2828 2829 2806
f 2806 2829 2805
f 2829 2830 2805
f 2805 2830 2804
f 2830 2831 2804
f 2804 2831 2803
f 2831 2832 2803
f 2803 2832 2802
f 2832 2833 2802
f 2802 2833 2801
f 2833 2834 2801
f 2801 2834 2800
f 2834 2835 2800
f 2800 2835 2799
f 2835 2836 2799
f 2799 2836 2798
f 2836 2837 2798
f 2798 2837 2797
f 2837 2838 2797
f 2797 2838 2796
f 2838 2839 2796
f 2796 2839 2795
f 2839 2840 2795
f 2795 2840 2794
f 2840 2841 2794
f 2794 2841 2793
f 2841 2842 2793
f 2793 2842 2792
f 2842 2843 2792
f 2792 2843 2791
f 2843 2844 2791
f 2791 2844 2790
f 2844 2845 2790
f 2790 2845 2789
f 2845 2846 2789
f 2789 2846 2788
f 2846 2847 2788
f 2788 2847 2787
f 2847 2848 2787
f 2787 2848 2786
f 2848 2849 2786
f 2786 2849 2785
f 2849 2850 2785
f 2785 2850 2784
f 2850 2851 2784
f 2784 2851 2783
f 2851 2852 2783
f 2783 2852 2782
f 2852 1896 2782
f 2782 1896 1895
f 2149 2723 2724
f 2723 2853 2724
f 2724 2853 2818
f 2853 2854 2818
f 2818 2854 2819
f 2854 2855 2819
f 2819 2855 2820
f 2855 2856 2820
f 2820 2856 2821
f 2856 2857 2821
f 2821 2857 2822
f 2857 2858 2822
f 2822 2858 2823
f 2858 2859 2823
f 2823 2859 2824
f 2859 2860 2824
f 2824 2860 2825
f 2860 2861 2825
f 2825 2861 2826
f 2861 2862 2826
f 2826 2862 2827
f 2862 2863 2827
f 2827 2863 2828
f 2863 2864 2828
f 2828 2864 2829
f 2864 2865 2829
f 2829 2865 2830
f 2865 2866 2830
f 2830 2866 2831
f 2866 2867 2831
f 2831 2867 2832
f 2867 2868 2832
f 2832 2868 2833
f 2868 2869 2833
f 2833 2869 2834
f 2869 2870 2834
f 2834 2870 2835
f 2870 2871 2835
f 2835 2871 2836
f 2871 2872 2836
f 2836 2872 2837
f 2872 2873 2837
f 2837 2873 2838
f 2873 2874 2838
f 2838 2874 2839
f 2874 2875 2839
f 2839 2875 2840
f 2875 2876 2840
f 2840 2876 2841
f 2876 2877 2841
f 2841 2877 2842
f 2877 2878 2842
f 2842 2878 2843
f 2878 2879 2843
f 2843 2879 2844
f 2879 2880 2844
f 2844 2880 2845
f 2880 2881 2845
f 2845 2881 2846
f 2881 2882 2846
f 2846 2882 2847
f 2882 2883 2847
f 2847 2883 2848
f 2883 2884 2848
f 2848 2884 2849
f 2884 2885 2849
f 2849 2885 2850
f 2885 2886 2850
f 2850 2886 2851
f 2886 2887 2851
f 2851 2887 2852
f 2887 1893 2852
f 2852 1893 1896
f 2185 2722 2723
f 2722 2888 2723
f 2723 2888 2853
f 2888 2889 2853
f 2853 2889 2854
f 2889 2890 2854
f 2854 2890 2855
f 2890 2891 2855
f 2855 2891 2856
f 2891 2892 2856
f 2856 2892 2857
f 2892 2893 2857
f 2857 2893 2858
f 2893 2894 2858
f 2858 2894 2859
f 2894 2895 2859
f 2859 2895 2860
f 2895 2896 2860
f 2860 2896 2861
f 2896 2897 2861
f 2861 2897 2862
f 2897 2898 2862
f 2862 2898 2863
f 2898 2899 2863
f 2863 2899 2864
f 2899 2900 2864
f 2864 2900 2865
f 2900 2901 2865
f 2865 2901 2866
f 2901 2902 2866
f 2866 2902 2867
f 2902 2903 2867
f 2867 2903 2868
f 2903 2904 2868
f 2868 2904 2869
f 2904 2905 2869
f 2869 2905 2870
f 2905 2906 2870
f 2870 2906 2871
f 2906 2907 2871
f 2871 2907 2872
f 2907 2908 2872
f 2872 2908 2873
f 2908 2909 2873
f 2873 2909 2874
f 2909 2910 2874
f 2874 2910 2875
f 2910 2911 2875
f 2875 2911 2876
f 2911 2912 2876
f 2876 2912 2877
f 2912 2913 2877
f 2877 2913 2878
f 2913 2914 2878
f 2878 2914 2879
f 2914 2915 2879
f 2879 2915 2880
f 2915 2916 2880
f 2880 2916 2881
f 2916 2917 2881
f 2881 2917 2882
f 2917 2918 2882
f 2882 2918 2883
f 2918 2919 2883
f 2883 2919 2884
f 2919 2920 2884
f 2884 2920 2885
f 2920 2921 2885
f 2885 2921 2886
f 2921 2922 2886
f 2886 2922 2887
f 2922 1891 2887
f 2887 1891 1893
f 2221 2721 2722
f 2721 2923 2722
f 2722 2923 2888
f 2923 2924 2888
f 2888 2924 2889
f 2924 2925 2889
f 2889 2925 2890
f 2925 2926 2890
f 2890 2926 2891
f 2926 2927 2891
f 2891 2927 2892
f 2927 2928 2892
f 2892 2928 2893
f 2928 2929 2893
f 2893 2929 2894
f 2929 2930 2894
f 2894 2930 2895
f 2930 2931 2895
f 2895 2931 2896
f 2931 2932 2896
f 2896 2932 2897
f 2932 2933 2897
f 2897 2933 2898
f 2933 2934 2898
f 2898 2934 2899
f 2934 2935 2899
f 2899 2935 2900
f 2935 2936 2900
f 2900 2936 2901
f 2936 2937 2901
f 2901 2937 2902
f 2937 2938 2902
f 2902 2938 2903
f 2938 2939 2903
f 2903 2939 2904
f 2939 2940 2904
f 2904 2940 2905
f 2940 2941 2905
f 2905 2941 2906
f 2941 2942 2906
f 2906 2942 2907
f 2942 2943 2907
f 2907 2943 2908
f 2943 2944 2908
f 2908 2944 2909
f 2944 2945 2909
f 2909 2945 2910
f 2945 2946 2910
f 2910 2946 2911
f 2946 2947 2911
f 2911 2947 2912
f 2947 2948 2912
f 2912 2948 2913
f 2948 2949 2913
f 2913 2949 2914
f 2949 2950 2914
f 2914 2950 2915
f 2950 2951 2915
f 2915 2951 2916
f 2951 2952 2916
f 2916 2952 2917
f 2952 2953 2917
f 2917 2953 2918
f 2953 2954 2918
f 2918 2954 2919
f 2954 2955 2919
f 2919 2955 2920
f 2955 2956 2920
f 2920 2956 2921
f 2956 2957 2921
f 2921 2957 2922
f 2957 1889 2922
f 2922 1889 1891
f 2257 2720 2721
f 2720 2958 2721
f 2721 2958 2923
f 2958 2959 2923
f 2923 2959 2924
f 2959 2960 2924
f 2924 2960 2925
f 2960 2961 2925
f 2925 2961 2926
f 2961 2962 2926
f 2926 2962 2927
f 2962 2963 2927
f 2927 2963 2928
f 2963 2964 2928
f 2928 2964 2929
f 2964 2965 2929
f 2929 2965 2930
f 2965 2966 2930
f 2930 2966 2931
f 2966 2967 2931
f 2931 2967 2932
f 2967 2968 2932
f 2932 2968 2933
f 2968 2969 2933
f 2933 2969 2934
f 2969 2970 2934
f 2934 2970 2935
f 2970 2971 2935
f 2935 2971 2936
f 2971 2972 2936
f 2936 2972 2937
f 2972 2973 2937
f 2937 2973 2938
f 2973 2974 2938
f 2938 2974 2939
f 2974 2975 2939
f 2939 2975 2940
f 2975 2976 2940
f 2940 2976 2941
f 2976 2977 2941
f 2941 2977 2942
f 2977 2978 2942
f 2942 2978 2943
f 2978 2979 2943
f 2943 2979 2944
f 2979 2980 2944
f 2944 2980 2945
f 2980 2981 2945
f 2945 2981 2946
f 2981 2982 2946
f 2946 2982 2947
f 2982 2983 2947
f 2947 2983 2948
f 2983 2984 2948
f 2948 2984 2949
f 2984 2985 2949
f 2949 2985 2950
f 2985 2986 2950
f 2950 2986 2951
f 2986 2987 2951
f 2951 2987 2952
f 2987 2988 2952
f 2952 2988 2953
f 2988 2989 2953
f 2953 2989 2954
f 2989 2990 2954
f 2954 2990 2955
f 2990 2991 2955
f 2955 2991 2956
f 2991 2992 2956
f 2956 2992 2957
f 2992 1887 2957
f 2957 1887 1889
f 2293 2719 2720
f 2719 2993 2720
f 2720 2993 2958
f 2993 2994 2958
f 2958 2994 2959
f 2994 2995 2959
f 2959 2995 2960
f 2995 2996 2960
f 2960 2996 2961
f 2996 2997 2961
f 2961 2997 2962
f 2997 2998 2962
f 2962 2998 2963
f 2998 2999 2963
f 2963 2999 2964
f 2999 3000 2964
f 2964 3000 2965
f 3000 3001 2965
f 2965 3001 2966
f 3001 3002 2966
f 2966 3002 2967
f 3002 3003 2967
f 2967 3003 2968
f 3003 3004 2968
f 2968 3004 2969
f 3004 3005 2969
f 2969 3005 2970
f 3005 3006 2970
f 2970 3006 2971
f 3006 3007 2971
f 2971 3007 2972
f 3007 3008 2972
f 2972 3008 2973
f 3008 3009 2973
f 2973 3009 2974
f 3009 3010 2974
f 2974 3010 2975
f 3010 3011 2975
f 2975 3011 2976
f 3011 3012 2976
f 2976 3012 2977
f 3012 3013 2977
f 2977 3013 2978
f 3013 3014 2978
f 2978 3014 2979
f 3014 3015 2979
f 2979 3015 2980
f 3015 3016 2980
f 2980 3016 2981
f 3016 3017 2981
f 2981 3017 2982
f 3017 3018 2982
f 2982 3018 2983
f 3018 3019 2983
f 2983 3019 2984
f 3019 3020 2984
f 2984 3020 2985
f 3020 3021 2985
f 2985 3021 2986
f 3021 3022 2986
f 2986 3022 2987
f 3022 3023 2987
f 2987 3023 2988
f 3023 3024 2988
f 2988 3024 2989
f 3024 3025 2989
f 2989 3025 2990
f 3025 3026 2990
f 2990 3026 2991
f 3026 3027 2991
f 2991 3027 2992
f 3027 1885 2992
f 2992 1885 1887
f 2329 2718 2719
f 2718 3028 2719
f 2719 3028 2993
f 3028 3029 2993
f 2993 3029 2994
f 3029 3030 2994
f 2994 3030 2995
f 3030 3031 2995
f 2995 3031 2996
f 3031 3032 2996
f 2996 3032 2997
f 3032 3033 2997
f 2997 3033 2998
f 3033 3034 2998
f 2998 3034 2999
f 3034 3035 2999
f 2999 3035 3000
f 3035 3036 3000
f 3000 3036 3001
f 3036 3037 3001
f 3001 3037 3002
f 3037 3038 3002
f 3002 3038 3003
f 3038 3039 3003
f 3003 3039 3004
f 3039 3040 3004
f 3004 3040 3005
f 3040 3041 3005
f 3005 3041 3006
f 3041 3042 3006
f 3006 3042 3007
f 3042 3043 3007
f 3007 3043 3008
f 3043 3044 3008
f 3008 3044 3009
f 3044 3045 3009
f 3009 3045 3010
f 3045 3046 3010
f 3010 3046 3011
f 3046 3047 3011
f 3011 3047 3012
f 3047 3048 3012
f 3012 3048 3013
f 3048 3049 3013
f 3013 3049 3014
f 3049 3050 3014
f 3014 3050 3015
f 3050 3051 3015
f 3015 3051 3016
f 3051 3052 3016
f 3016 3052 3017
f 3052 3053 3017
f 3017 3053 3018
f 3053 3054 3018
f 3018 3054 3019
f 3054 3055 3019
f 3019 3055 3020
f 3055 3056 3020
f 3020 3056 3021
f 3056 3057 3021
f 3021 3057 3022
f 3057 3058 3022
f 3022 3058 3023
f 3058 3059 3023
f 3023 3059 3024
f 3059 3060 3024
f 3024 3060 3025
f 3060 3061 3025
f 3025 3061 3026
f 3061 3062 3026
f 3026 3062 3027
f 3062 1883 3027
f 3027 1883 1885
f 2365 2717 2718
f 2717 3063 2718
f 2718 3063 3028
f 3063 3064 3028
f 3028 3064 3029
f 3064 3065 3029
f 3029 3065 3030
f 3065 3066 3030
f 3030 3066 3031
f 3066 3067 3031
f 3031 3067 3032
f 3067 3068 3032
f 3032 3068 3033
f 3068 3069 3033
f 3033 3069 3034
f 3069 3070 3034
f 3034 3070 3035
f 3070 3071 3035
f 3035 3071 3036
f 3071 3072 3036
f 3036 3072 3037
f 3072 3073 3037
f 3037 3073 3038
f 3073 3074 3038
f 3038 3074 3039
f 3074 3075 3039
f 3039 3075 3040
f 3075 3076 3040
f 3040 3076 3041
f 3076 3077 3041
f 3041 3077 3042
f 3077 3078 3042
f 3042 3078 3043
f 3078 3079 3043
f 3043 3079 3044
f 3079 3080 3044
f 3044 3080 3045
f 3080 3081 3045
f 3045 3081 3046
f 3081 3082 3046
f 3046 3082 3047
f 3082 3083 3047
f 3047 3083 3048
f 3083 3084 3048
f 3048 3084 3049
f 3084 3085 3049
f 3049 3085 3050
f 3085 3086 3050
f 3050 3086 3051
f 3086 3087 3051
f 3051 3087 3052
f 3087 3088 3052
f 3052 3088 3053
f 3088 3089 3053
f 3053 3089 3054
f 3089 3090 3054
f 3054 3090 3055
f 3090 3091 3055
f 3055 3091 3056
f 3091 3092 3056
f 3056 3092 3057
f 3092 3093 3057
f 3057 3093 3058
f 3093 3094 3058
f 3058 3094 3059
f 3094 3095 3059
f 3059 3095 3060
f 3095 3096 3060
f 3060 3096 3061
f 3096 3097 3061
f 3061 3097 3062
f 3097 1881 3062
f 3062 1881 1883
f 2401 2716 2717
f 2716 3098 2717
f 2717 3098 3063
f 3098 3099 3063
f 3063 3099 3064
f 3099 3100 3064
f 3064 3100 3065
f 3100 3101 3065
f 3065 3101 3066
f 3101 3102 3066
f 3066 3102 3067
f 3102 3103 3067
f 3067 3103 3068
f 3103 3104 3068
f 3068 3104 3069
f 3104 3105 3069
f 3069 3105 3070
f 3105 3106 3070
f 3070 3106 3071
f 3106 3107 3071
f 3071 3107 3072
f 3107 3108 3072
f 3072 3108 3073
f 3108 3109 3073
f 3073 3109 3074
f 3109 3110 3074
f 3074 3110 3075
f 3110 3111 3075
f 3075 3111 3076
f 3111 3112 3076
f 3076 3112 3077
f 3112 3113 3077
f 3077 3113 3078
f 3113 3114 3078
f 3078 3114 3079
f 3114 3115 3079
f 3079 3115 3080
f 3115 3116 3080
f 3080 3116 3081
f 3116 3117 3081
f 3081 3117 3082
f 3117 3118 3082
f 3082 3118 3083
f 3118 3119 3083
f 3083 3119 3084
f 3119 3120 3084
f 3084 3120 3085
f 3120 3121 3085
f 3085 3121 3086
f 3121 3122 3086
f 3086 3122 3087
f 3122 3123 3087
f 3087 3123 3088
f 3123 3124 3088
f 3088 3124 3089
f 3124 3125 3089
f 3089 3125 3090
f 3125 3126 3090
f 3090 3126 3091
f 3126 3127 3091
f 3091 3127 3092
f 3127 3128 3092
f 3092 3128 3093
f 3128 3129 3093
f 3093 3129 3094
f 3129 3130 3094
f 3094 3130 3095
f 3130 3131 3095
f 3095 3131 3096
f 3131 3132 3096
f 3096 3132 3097
f 3132 1879 3097
f 3097 1879 1881
f 2437 2715 2716
f 2715 3133 2716
f 2716 3133 3098
f 3133 3134 3098
f 3098 3134 3099
f 3134 3135 3099
f 3099 3135 3100
f 3135 3136 3100
f 3100 3136 3101
f 3136 3137 3101
f 3101 3137 3102
f 3137 3138 3102
f 3102 3138 3103
f 3138 3139 3103
f 3103 3139 3104
f 3139 3140 3104
f 3104 3140 3105
f 3140 3141 3105
f 3105 3141 3106
f 3141 3142 3106
f 3106 3142 3107
f 3142 3143 3107
f 3107 3143 3108
f 3143 3144 3108
f 3108 3144 3109
f 3144 3145 3109
f 3109 3145 3110
f 3145 3146 3110
f 3110 3146 3111
f 3146 3147 3111
f 3111 3147 3112
f 3147 3148 3112
f 3112 3148 3113
f 3148 3149 3113
f 3113 3149 3114
f 3149 3150 3114
f 3114 3150 3115
f 3150 3151 3115
f 3115 3151 3116
f 3151 3152 3116
f 3116 3152 3117
f 3152 3153 3117
f 3117 3153 3118
f 3153 3154 3118
f 3118 3154 3119
f 3154 3155 3119
f 3119 3155 3120
f 3155 3156 3120
f 3120 3156 3121
f 3156 3157 3121
f 3121 3157 3122
f 3157 3158 3122
f 3122 3158 3123
f 3158 3159 3123
f 3123 3159 3124
f 3159 3160 3124
f 3124 3160 3125
f 3160 3161 3125
f 3125 3161 3126
f 3161 3162 3126
f 3126 3162 3127
f 3162 3163 3127
f 3127 3163 3128
f 3163 3164 3128
f 3128 3164 3129
f 3164 3165 3129
f 3129 3165 3130
f 3165 3166 3130
f 3130 3166 3131
f 3166 3167 3131
f 3131 3167 3132
f 3167 1877 3132
f 3132 1877 1879
f 2473 2714 2715
f 2714 3168 2715
f 2715 3168 3133
f 3168 3169 3133
f 3133 3169 3134
f 3169 3170 3134
f 3134 3170 3135
f 3170 3171 3135
f 3135 3171 3136
f 3171 3172 3136
f 3136 3172 3137
f 3172 3173 3137
f 3137 3173 3138
f 3173 3174 3138
f 3138 3174 3139
f 3174 3175 3139
f 3139 3175 3140
f 3175 3176 3140
f 3140 3176 3141
f 3176 3177 3141
f 3141 3177 3142
f 3177 3178 3142
f 3142 3178 3143
f 3178 3179 3143
f 3143 3179 3144
f 3179 3180 3144
f 3144 3180 3145
f 3180 3181 3145
f 3145 3181 3146
f 3181 3182 3146
f 3146 3182 3147
f 3182 3183 3147
f 3147 3183 3148
f 3183 3184 3148
f 3148 3184 3149
f 3184 3185 3149
f 3149 3185 3150
f 3185 3186 3150
f 3150 3186 3151
f 3186 3187 3151
f 3151 3187 3152
f 3187 3188 3152
f 3152 3188 3153
f 3188 3189 3153
f 3153 3189 3154
f 3189 3190 3154
f 3154 3190 3155
f 3190 3191 3155
f 3155 3191 3156
f 3191 3192 3156
f 3156 3192 3157
f 3192 3193 3157
f 3157 3193 3158
f 3193 3194 3158
f 3158 3194 3159
f 3194 3195 3159
f 3159 3195 3160
f 3195 3196 3160
f 3160 3196 3161
f 3196 3197 3161
f 3161 3197 3162
f 3197 3198 3162
f 3162 3198 3163
f 3198 3199 3163
f 3163 3199 3164
f 3199 3200 3164
f 3164 3200 3165
f 3200 3201 3165
f 3165 3201 3166
f 3201 3202 3166
f 3166 3202 3167
f 3202 1875 3167
f 3167 1875 1877
f 2509 2713 2714
f 2713 3203 2714
f 2714 3203 3168
f 3203 3204 3168
f 3168 3204 3169
f 3204 3205 3169
f 3169 3205 3170
f 3205 3206 3170
f 3170 3206 3171
f 3206 3207 3171
f 3171 3207 3172
f 3207 3208 3172
f 3172 3208 3173
f 3208 3209 3173
f 3173 3209 3174
f 3209 3210 3174
f 3174 3210 3175
f 3210 3211 3175
f 3175 3211 3176
f 3211 3212 3176
f 3176 3212 3177
f 3212 3213 3177
f 3177 3213 3178
f 3213 3214 3178
f 3178 3214 3179
f 3214 3215 3179
f 3179 3215 3180
f 3215 3216 3180
f 3180 3216 3181
f 3216 3217 3181
f 3181 3217 3182
f 3217 3218 3182
f 3182 3218 3183
f 3218 3219 3183
f 3183 3219 3184
f 3219 3220 3184
f 3184 3220 3185
f 3220 3221 3185
f 3185 3221 3186
f 3221 3222 3186
f 3186 3222 3187
f 3222 3223 3187
f 3187 3223 3188
f 3223 3224 3188
f 3188 3224 3189
f 3224 3225 3189
f 3189 3225 3190
f 3225 3226 3190
f 3190 3226 3191
f 3226 3227 3191
f 3191 3227 3192
f 3227 3228 3192
f 3192 3228 3193
f 3228 3229 3193
f 3193 3229 3194
f 3229 3230 3194
f 3194 3230 3195
f 3230 3231 3195
f 3195 3231 3196
f 3231 3232 3196
f 3196 3232 3197
f 3232 3233 3197
f 3197 3233 3198
f 3233 3234 3198
f 3198 3234 3199
f 3234 3235 3199
f 3199 3235 3200
f 3235 3236 3200
f 3200 3236 3201
f 3236 3237 3201
f 3201 3237 3202
f 3237 1873 3202
f 3202 1873 1875
f 2545 2712 2713
f 2712 3238 2713
f 2713 3238 3203
f 3238 3239 3203
f 3203 3239 3204
f 3239 3240 3204
f 3204 3240 3205
f 3240 3241 3205
f 3205 3241 3206
f 3241 3242 3206
f 3206 3242 3207
f 3242 3243 3207
f 3207 3243 3208
f 3243 3244 3208
f 3208 3244 3209
f 3244 3245 3209
f 3209 3245 3210
f 3245 3246 3210
f 3210 3246 3211
f 3246 3247 3211
f 3211 3247 3212
f 3247 3248 3212
f 3212 3248 3213
f 3248 3249 3213
f 3213 3249 3214
f 3249 3250 3214
f 3214 3250 3215
f 3250 3251 3215
f 3215 3251 3216
f 3251 3252 3216
f 3216 3252 3217
f 3252 3253 3217
f 3217 3253 3218
f 3253 3254 3218
f 3218 3254 3219
f 3254 3255 3219
f 3219 3255 3220
f 3255 3256 3220
f 3220 3256 3221
f 3256 3257 3221
f 3221 3257 3222
f 3257 3258 3222
f 3222 3258 3223
f 3258 3259 3223
f 3223 3259 3224
f 3259 3260 3224
f 3224 3260 3225
f 3260 3261 3225
f 3225 3261 3226
f 3261 3262 3226
f 3226 3262 3227
f 3262 3263 3227
f 3227 3263 3228
f 3263 3264 3228
f 3228 3264 3229
f 3264 3265 3229
f 3229 3265 3230
f 3265 3266 3230
f 3230 3266 3231
f 3266 3267 3231
f 3231 3267 3232
f 3267 3268 3232
f 3232 3268 3233
f 3268 3269 3233
f 3233 3269 3234
f 3269 3270 3234
f 3234 3270 3235
f 3270 3271 3235
f 3235 3271 3236
f 3271 3272 3236
f 3236 3272 3237
f 3272 1871 3237
f 3237 1871 1873
f 1829 2711 2712
f 2711 3273 2712
f 2712 3273 3238
f 3273 3274 3238
f 3238 3274 3239
f 3274 3275 3239
f 3239 3275 3240
f 3275 3276 3240
f 3240 3276 3241
f 3276 3277 3241
f 3241 3277 3242
f 3277 3278 3242
f 3242 3278 3243
f 3278 3279 3243
f 3243 3279 3244
f 3279 3280 3244
f 3244 3280 3245
f 3280 3281 3245
f 3245 3281 3246
f 3281 3282 3246
f 3246 3282 3247
f 3282 3283 3247
f 3247 3283 3248
f 3283 3284 3248
f 3248 3284 3249
f 3284 3285 3249
f 3249 3285 3250
f 3285 3286 3250
f 3250 3286 3251
f 3286 3287 3251
f 3251 3287 3252
f 3287 3288 3252
f 3252 3288 3253
f 3288 3289 3253
f 3253 3289 3254
f 3289 3290 3254
f 3254 3290 3255
f 3290 3291 3255
f 3255 3291 3256
f 3291 3292 3256
f 3256 3292 3257
f 3292 3293 3257
f 3257 3293 3258
f 3293 3294 3258
f 3258 3294 3259
f 3294 3295 3259
f 3259 3295 3260
f 3295 3296 3260
f 3260 3296 3261
f 3296 3297 3261
f 3261 3297 3262
f 3297 3298 3262
f 3262 3298 3263
f 3298 3299 3263
f 3263 3299 3264
f 3299 3300 3264
f 3264 3300 3265
f 3300 3301 3265
f 3265 3301 3266
f 3301 3302 3266
f 3266 3302 3267
f 3302 3303 3267
f 3267 3303 3268
f 3303 3304 3268
f 3268 3304 3269
f 3304 3305 3269
f 3269 3305 3270
f 3305 3306 3270
f 3270 3306 3271
f 3306 3307 3271
f 3271 3307 3272
f 3307 1869 3272
f 3272 1869 1871
f 1727 1726 1812
f 1726 2710 1812
f 1812 2710 2711
f 2710 2709 2711
f 2711 2709 3273
f 2709 2708 3273
f 3273 2708 3274
f 2708 2707 3274
f 3274 2707 3275
f 2707 2706 3275
f 3275 2706 3276
f 2706 2705 3276
f 3276 2705 3277
f 2705 2704 3277
f 3277 2704 3278
f 2704 2703 3278
f 3278 2703 3279
f 2703 2702 3279
f 3279 2702 3280
f 2702 2701 3280
f 3280 2701 3281
f 2701 2700 3281
f 3281 2700 3282
f 2700 2699 3282
f 3282 2699 3283
f 2699 2698 3283
f 3283 2698 3284
f 2698 2697 3284
f 3284 2697 3285
f 2697 2696 3285
f 3285 2696 3286
f 2696 2695 3286
f 3286 2695 3287
f 2695 2694 3287
f 3287 2694 3288
f 2694 2693 3288
f 3288 2693 3289
f 2693 2692 3289
f 3289 2692 3290
f 2692 2691 3290
f 3290 2691 3291
f 2691 2690 3291
f 3291 2690 3292
f 2690 2689 3292
f 3292 2689 3293
f 2689 2688 3293
f 3293 2688 3294
f 2688 2687 3294
f 3294 2687 3295
f 2687 2686 3295
f 3295 2686 3296
f 2686 2685 3296
f 3296 2685 3297
f 2685 2684 3297
f 3297 2684 3298
f 2684 2683 3298
f 3298 2683 3299
f 2683 2682 3299
f 3299 2682 3300
f 2682 2681 3300
f 3300 2681 3301
f 2681 2680 3301
f 3301 2680 3302
f 2680 2679 3302
f 3302 2679 3303
f 2679 2678 3303
f 3303 2678 3304
f 2678 2677 3304
f 3304 2677 3305
f 2677 2676 3305
f 3305 2676 3306
f 2676 2675 3306
f 3306 2675 3307
f 2675 1866 3307
f 3307 1866 1869
f 1898 1897 2613
f 1897 1900 2613
f 1900 1902 2613
f 2613 1902 1956
f 1898 2613 2674
f 2613 2560 2674
f 2674 2560 2562
f 2614 2613 3308
f 2613 1956 3308
f 1956 1809 3308
f 1809 1811 3308
f 3308 1811 1905
f 3309 2611 2612
f 2611 3309 2610
f 3308 2615 2614
f 2615 3308 2620
f 1912 3309 1941
f 3309 2612 1941
f 1941 2612 1942
f 2612 2630 1942
f 1942 2630 1943
f 1943 2630 1937
f 2630 2629 1937
f 1937 2629 1938
f 1938 2629 1939
f 2629 2622 1939
f 1939 2622 1940
f 1940 2622 1933
f 2622 2621 1933
f 1933 2621 1934
f 1934 2621 1908
f 2621 2620 1908
f 1908 2620 1906
f 2620 3308 1906
f 1906 3308 1905
f 2559 2610 1917
f 2610 3309 1917
f 1909 3309 1910
f 3309 1912 1910
f 1909 1806 3309
f 1806 1808 3309
f 3309 1808 1917
# 6614 faces, 0 coords texture

# End of File
