####
#
# OBJ File Generated by Meshlab
#
####
# Object motor_1723_3_1.obj
#
# Vertices: 6502
# Faces: 13000
#
####
v 0.008395 0.000000 -0.001480
v 0.006500 0.000000 -0.001265
v 0.008235 0.000000 -0.002206
v 0.008011 0.000000 -0.002916
v -0.008395 0.000000 0.001480
v -0.006500 0.000000 0.001265
v -0.008235 0.000000 0.002206
v -0.008011 0.000000 0.002916
v -0.008493 0.000000 0.000743
v -0.008525 0.000000 -0.000000
v -0.006500 0.000000 -0.001265
v -0.008493 0.000000 -0.000743
v -0.008395 0.000000 -0.001480
v -0.000000 0.000000 0.008525
v -0.000743 0.000000 0.008493
v -0.006000 0.000000 0.001265
v -0.001480 0.000000 0.008395
v -0.002206 0.000000 0.008235
v 0.008493 0.000000 -0.000743
v 0.008525 0.000000 0.000000
v 0.006500 0.000000 0.001265
v 0.008493 0.000000 0.000743
v 0.008395 0.000000 0.001480
v -0.007726 0.000000 0.003603
v -0.007383 0.000000 0.004262
v 0.006028 0.000000 0.006028
v 0.005480 0.000000 0.006531
v 0.006000 0.000000 0.001265
v -0.008235 0.000000 -0.002206
v -0.008011 0.000000 -0.002916
v -0.006000 0.000000 -0.001265
v -0.002916 0.000000 0.008011
v -0.003603 0.000000 0.007726
v -0.004262 0.000000 0.007383
v 0.000000 0.000000 -0.008525
v 0.000743 0.000000 -0.008493
v 0.006000 0.000000 -0.001265
v 0.001480 0.000000 -0.008395
v 0.002206 0.000000 -0.008235
v -0.004890 0.000000 0.006983
v -0.005480 0.000000 0.006531
v -0.006028 0.000000 0.006028
v -0.006531 0.000000 0.005480
v -0.006983 0.000000 0.004890
v 0.002916 0.000000 -0.008011
v 0.003603 0.000000 -0.007726
v 0.004262 0.000000 -0.007383
v 0.007726 0.000000 -0.003603
v 0.007383 0.000000 -0.004262
v -0.007726 0.000000 -0.003603
v -0.000408 0.000000 -0.002314
v -0.000608 0.000000 -0.002270
v 0.002341 0.000000 -0.000205
v 0.002314 0.000000 -0.000408
v 0.000608 0.000000 -0.002270
v 0.000408 0.000000 -0.002314
v 0.008235 0.000000 0.002206
v 0.008011 0.000000 0.002916
v 0.007726 0.000000 0.003603
v 0.007383 0.000000 0.004262
v 0.004890 0.000000 0.006983
v 0.004262 0.000000 0.007383
v 0.003603 0.000000 0.007726
v 0.002916 0.000000 0.008011
v 0.002206 0.000000 0.008235
v 0.001480 0.000000 0.008395
v -0.007383 0.000000 -0.004262
v -0.006983 0.000000 -0.004890
v -0.006531 0.000000 -0.005480
v 0.004890 0.000000 -0.006983
v 0.005480 0.000000 -0.006531
v 0.006028 0.000000 -0.006028
v 0.006531 0.000000 -0.005480
v 0.006983 0.000000 -0.004890
v 0.001925 0.000000 0.001348
v 0.002035 0.000000 0.001175
v 0.001925 0.000000 -0.001348
v 0.002035 0.000000 -0.001175
v 0.002130 0.000000 -0.000993
v 0.006983 0.000000 0.004890
v 0.006531 0.000000 0.005480
v -0.006028 0.000000 -0.006028
v -0.005480 0.000000 -0.006531
v -0.004890 0.000000 -0.006983
v -0.004262 0.000000 -0.007383
v -0.003603 0.000000 -0.007726
v -0.002916 0.000000 -0.008011
v 0.000205 0.000000 -0.002341
v -0.000000 0.000000 -0.002350
v -0.000743 0.000000 -0.008493
v -0.000205 0.000000 -0.002341
v -0.001480 0.000000 -0.008395
v -0.002206 0.000000 -0.008235
v -0.002035 0.000000 -0.001175
v -0.002130 0.000000 -0.000993
v -0.002208 0.000000 -0.000804
v -0.002270 0.000000 -0.000608
v -0.002130 0.000000 0.000993
v -0.002035 0.000000 0.001175
v -0.001925 0.000000 0.001348
v -0.001511 0.000000 0.001800
v 0.000743 0.000000 0.008493
v 0.002130 0.000000 0.000993
v 0.002208 0.000000 0.000804
v 0.002270 0.000000 0.000608
v 0.002270 0.000000 -0.000608
v 0.002208 0.000000 -0.000804
v -0.001800 0.000000 0.001511
v -0.001662 0.000000 0.001662
v -0.001348 0.000000 0.001925
v -0.001175 0.000000 0.002035
v -0.000993 0.000000 0.002130
v 0.001348 0.000000 -0.001925
v 0.001175 0.000000 -0.002035
v -0.000804 0.000000 -0.002208
v -0.000993 0.000000 -0.002130
v -0.001175 0.000000 -0.002035
v -0.001348 0.000000 -0.001925
v -0.001511 0.000000 -0.001800
v -0.001662 0.000000 -0.001662
v -0.001800 0.000000 -0.001511
v -0.001925 0.000000 -0.001348
v -0.002314 0.000000 -0.000408
v -0.002341 0.000000 -0.000205
v -0.002350 0.000000 0.000000
v -0.002341 0.000000 0.000205
v -0.002314 0.000000 0.000408
v -0.000804 0.000000 0.002208
v -0.000608 0.000000 0.002270
v -0.000408 0.000000 0.002314
v 0.000205 0.000000 0.002341
v 0.000408 0.000000 0.002314
v 0.000608 0.000000 0.002270
v 0.000804 0.000000 0.002208
v 0.001348 0.000000 0.001925
v 0.001511 0.000000 0.001800
v 0.001662 0.000000 0.001662
v 0.001800 0.000000 0.001511
v 0.002314 0.000000 0.000408
v 0.002341 0.000000 0.000205
v 0.002350 0.000000 -0.000000
v 0.001800 0.000000 -0.001511
v 0.001662 0.000000 -0.001662
v 0.001511 0.000000 -0.001800
v 0.000993 0.000000 -0.002130
v 0.000804 0.000000 -0.002208
v -0.002270 0.000000 0.000608
v -0.002208 0.000000 0.000804
v -0.000205 0.000000 0.002341
v 0.000000 0.000000 0.002350
v 0.000993 0.000000 0.002130
v 0.001175 0.000000 0.002035
v 0.008525 0.022350 0.000000
v 0.008525 0.022350 0.000055
v 0.008493 0.022350 0.000743
v 0.008488 0.022350 0.000798
v 0.008395 0.022350 0.001480
v 0.008386 0.022350 0.001535
v 0.008235 0.022350 0.002206
v 0.008220 0.022350 0.002260
v 0.008011 0.022350 0.002916
v 0.007992 0.022350 0.002968
v 0.007726 0.022350 0.003603
v 0.007703 0.022350 0.003653
v 0.007383 0.022350 0.004262
v 0.007355 0.022350 0.004310
v 0.006983 0.022350 0.004890
v 0.006951 0.022350 0.004935
v 0.006531 0.022350 0.005480
v 0.006495 0.022350 0.005522
v 0.006028 0.022350 0.006028
v 0.005989 0.022350 0.006067
v 0.005480 0.022350 0.006531
v 0.005437 0.022350 0.006566
v 0.004890 0.022350 0.006983
v 0.004844 0.022350 0.007015
v 0.004262 0.022350 0.007383
v 0.004214 0.022350 0.007410
v 0.003603 0.022350 0.007726
v 0.003553 0.022350 0.007750
v 0.002916 0.022350 0.008011
v 0.002864 0.022350 0.008030
v 0.002206 0.022350 0.008235
v 0.002153 0.022350 0.008249
v 0.001480 0.022350 0.008395
v 0.001426 0.022350 0.008405
v 0.000743 0.022350 0.008493
v 0.000688 0.022350 0.008497
v -0.000000 0.022350 0.008525
v -0.000055 0.022350 0.008525
v -0.000743 0.022350 0.008493
v -0.000798 0.022350 0.008488
v -0.001480 0.022350 0.008395
v -0.001535 0.022350 0.008386
v -0.002206 0.022350 0.008235
v -0.002260 0.022350 0.008220
v -0.002916 0.022350 0.008011
v -0.002968 0.022350 0.007992
v -0.003603 0.022350 0.007726
v -0.003653 0.022350 0.007703
v -0.004262 0.022350 0.007383
v -0.004310 0.022350 0.007355
v -0.004890 0.022350 0.006983
v -0.004935 0.022350 0.006951
v -0.005480 0.022350 0.006531
v -0.005522 0.022350 0.006495
v -0.006028 0.022350 0.006028
v -0.006067 0.022350 0.005989
v -0.006531 0.022350 0.005480
v -0.006566 0.022350 0.005437
v -0.006983 0.022350 0.004890
v -0.007015 0.022350 0.004844
v -0.007383 0.022350 0.004262
v -0.007410 0.022350 0.004214
v -0.007726 0.022350 0.003603
v -0.007750 0.022350 0.003553
v -0.008011 0.022350 0.002916
v -0.008030 0.022350 0.002864
v -0.008235 0.022350 0.002206
v -0.008249 0.022350 0.002153
v -0.008395 0.022350 0.001480
v -0.008405 0.022350 0.001426
v -0.008493 0.022350 0.000743
v -0.008497 0.022350 0.000688
v -0.008525 0.022350 -0.000000
v -0.008525 0.022350 -0.000055
v -0.008493 0.022350 -0.000743
v -0.008488 0.022350 -0.000798
v -0.008395 0.022350 -0.001480
v -0.008386 0.022350 -0.001535
v -0.008235 0.022350 -0.002206
v -0.008220 0.022350 -0.002260
v -0.008011 0.022350 -0.002916
v -0.007992 0.022350 -0.002968
v -0.007726 0.022350 -0.003603
v -0.007703 0.022350 -0.003653
v -0.007383 0.022350 -0.004262
v -0.007355 0.022350 -0.004310
v -0.006983 0.022350 -0.004890
v -0.006951 0.022350 -0.004935
v -0.006531 0.022350 -0.005480
v -0.006495 0.022350 -0.005522
v -0.006028 0.022350 -0.006028
v -0.005989 0.022350 -0.006067
v -0.005480 0.022350 -0.006531
v -0.005437 0.022350 -0.006566
v -0.004890 0.022350 -0.006983
v -0.004844 0.022350 -0.007015
v -0.004262 0.022350 -0.007383
v -0.004214 0.022350 -0.007410
v -0.003603 0.022350 -0.007726
v -0.003553 0.022350 -0.007750
v -0.002916 0.022350 -0.008011
v -0.002864 0.022350 -0.008030
v -0.002206 0.022350 -0.008235
v -0.002153 0.022350 -0.008249
v -0.001480 0.022350 -0.008395
v -0.001426 0.022350 -0.008405
v -0.000743 0.022350 -0.008493
v -0.000688 0.022350 -0.008497
v 0.000000 0.022350 -0.008525
v 0.000055 0.022350 -0.008525
v 0.000743 0.022350 -0.008493
v 0.000798 0.022350 -0.008488
v 0.001480 0.022350 -0.008395
v 0.001535 0.022350 -0.008386
v 0.002206 0.022350 -0.008235
v 0.002260 0.022350 -0.008220
v 0.002916 0.022350 -0.008011
v 0.002968 0.022350 -0.007992
v 0.003603 0.022350 -0.007726
v 0.003653 0.022350 -0.007703
v 0.004262 0.022350 -0.007383
v 0.004310 0.022350 -0.007355
v 0.004890 0.022350 -0.006983
v 0.004935 0.022350 -0.006951
v 0.005480 0.022350 -0.006531
v 0.005522 0.022350 -0.006495
v 0.006028 0.022350 -0.006028
v 0.006067 0.022350 -0.005989
v 0.006531 0.022350 -0.005480
v 0.006566 0.022350 -0.005437
v 0.006983 0.022350 -0.004890
v 0.007015 0.022350 -0.004844
v 0.007383 0.022350 -0.004262
v 0.007410 0.022350 -0.004214
v 0.007726 0.022350 -0.003603
v 0.007750 0.022350 -0.003553
v 0.008011 0.022350 -0.002916
v 0.008030 0.022350 -0.002864
v 0.008235 0.022350 -0.002206
v 0.008249 0.022350 -0.002153
v 0.008395 0.022350 -0.001480
v 0.008405 0.022350 -0.001426
v 0.008493 0.022350 -0.000743
v 0.008497 0.022350 -0.000688
v -0.008495 0.022394 0.000688
v -0.008403 0.022394 0.001425
v -0.008247 0.022394 0.002152
v -0.008028 0.022394 0.002863
v -0.007748 0.022394 0.003552
v -0.007409 0.022394 0.004213
v -0.007013 0.022394 0.004843
v -0.006565 0.022394 0.005436
v -0.006066 0.022394 0.005987
v -0.005521 0.022394 0.006493
v -0.004934 0.022394 0.006950
v -0.004309 0.022394 0.007353
v -0.003652 0.022394 0.007701
v -0.002967 0.022394 0.007990
v -0.002259 0.022394 0.008218
v -0.001535 0.022394 0.008384
v -0.000798 0.022394 0.008486
v -0.000055 0.022394 0.008523
v 0.000688 0.022394 0.008495
v 0.001425 0.022394 0.008403
v 0.002152 0.022394 0.008247
v 0.002863 0.022394 0.008028
v 0.003552 0.022394 0.007748
v 0.004213 0.022394 0.007409
v 0.004843 0.022394 0.007013
v 0.005436 0.022394 0.006565
v 0.005987 0.022394 0.006066
v 0.006493 0.022394 0.005521
v 0.006950 0.022394 0.004934
v 0.007353 0.022394 0.004309
v 0.007701 0.022394 0.003652
v 0.007990 0.022394 0.002967
v 0.008218 0.022394 0.002259
v 0.008384 0.022394 0.001535
v 0.008486 0.022394 0.000798
v 0.008523 0.022394 0.000055
v 0.008495 0.022394 -0.000688
v 0.008403 0.022394 -0.001425
v 0.008247 0.022394 -0.002152
v 0.008028 0.022394 -0.002863
v 0.007748 0.022394 -0.003552
v 0.007409 0.022394 -0.004213
v 0.007013 0.022394 -0.004843
v 0.006565 0.022394 -0.005436
v 0.006066 0.022394 -0.005987
v 0.005521 0.022394 -0.006493
v 0.004934 0.022394 -0.006950
v 0.004309 0.022394 -0.007353
v 0.003652 0.022394 -0.007701
v 0.002967 0.022394 -0.007990
v 0.002259 0.022394 -0.008218
v 0.001535 0.022394 -0.008384
v 0.000798 0.022394 -0.008486
v 0.000055 0.022394 -0.008523
v -0.000688 0.022394 -0.008495
v -0.001425 0.022394 -0.008403
v -0.002152 0.022394 -0.008247
v -0.002863 0.022394 -0.008028
v -0.003552 0.022394 -0.007748
v -0.004213 0.022394 -0.007409
v -0.004843 0.022394 -0.007013
v -0.005436 0.022394 -0.006565
v -0.005987 0.022394 -0.006066
v -0.006493 0.022394 -0.005521
v -0.006950 0.022394 -0.004934
v -0.007353 0.022394 -0.004309
v -0.007701 0.022394 -0.003652
v -0.007990 0.022394 -0.002967
v -0.008218 0.022394 -0.002259
v -0.008384 0.022394 -0.001535
v -0.008486 0.022394 -0.000798
v -0.008523 0.022394 -0.000055
v -0.007999 0.022850 0.000647
v -0.008025 0.022850 -0.000049
v -0.008068 0.022848 -0.000052
v -0.008480 0.022437 -0.000797
v -0.008517 0.022437 -0.000055
v -0.008471 0.022479 -0.000797
v -0.008508 0.022479 -0.000055
v -0.008458 0.022521 -0.000795
v -0.008495 0.022521 -0.000055
v -0.008441 0.022561 -0.000794
v -0.008478 0.022561 -0.000055
v -0.008421 0.022600 -0.000792
v -0.008458 0.022600 -0.000055
v -0.008398 0.022637 -0.000790
v -0.008434 0.022637 -0.000055
v -0.008371 0.022671 -0.000787
v -0.008408 0.022671 -0.000055
v -0.008342 0.022704 -0.000784
v -0.008378 0.022704 -0.000054
v -0.008310 0.022733 -0.000781
v -0.008346 0.022733 -0.000054
v -0.008275 0.022760 -0.000778
v -0.008312 0.022760 -0.000054
v -0.008239 0.022783 -0.000775
v -0.008275 0.022783 -0.000054
v -0.008200 0.022803 -0.000771
v -0.008236 0.022803 -0.000054
v -0.008160 0.022820 -0.000767
v -0.008196 0.022820 -0.000053
v -0.008119 0.022833 -0.000764
v -0.008154 0.022833 -0.000053
v -0.008076 0.022842 -0.000760
v -0.008112 0.022842 -0.000053
v -0.008033 0.022848 -0.000755
v -0.008378 0.022437 -0.001534
v -0.008369 0.022479 -0.001532
v -0.008356 0.022521 -0.001529
v -0.008340 0.022561 -0.001526
v -0.008320 0.022600 -0.001523
v -0.008297 0.022637 -0.001519
v -0.008271 0.022671 -0.001514
v -0.008242 0.022704 -0.001509
v -0.008210 0.022733 -0.001503
v -0.008176 0.022760 -0.001497
v -0.008140 0.022783 -0.001490
v -0.008102 0.022803 -0.001483
v -0.008062 0.022820 -0.001476
v -0.008021 0.022833 -0.001468
v -0.007979 0.022842 -0.001461
v -0.007937 0.022848 -0.001453
v -0.008213 0.022437 -0.002258
v -0.008204 0.022479 -0.002255
v -0.008191 0.022521 -0.002252
v -0.008175 0.022561 -0.002248
v -0.008155 0.022600 -0.002242
v -0.008133 0.022637 -0.002236
v -0.008107 0.022671 -0.002229
v -0.008079 0.022704 -0.002221
v -0.008048 0.022733 -0.002213
v -0.008014 0.022760 -0.002203
v -0.007979 0.022783 -0.002194
v -0.007942 0.022803 -0.002183
v -0.007903 0.022820 -0.002173
v -0.007863 0.022833 -0.002162
v -0.007822 0.022842 -0.002150
v -0.007780 0.022848 -0.002139
v -0.007985 0.022437 -0.002965
v -0.007976 0.022479 -0.002962
v -0.007963 0.022521 -0.002957
v -0.007948 0.022561 -0.002951
v -0.007929 0.022600 -0.002944
v -0.007907 0.022637 -0.002936
v -0.007882 0.022671 -0.002927
v -0.007854 0.022704 -0.002917
v -0.007824 0.022733 -0.002906
v -0.007792 0.022760 -0.002894
v -0.007757 0.022783 -0.002881
v -0.007721 0.022803 -0.002867
v -0.007683 0.022820 -0.002853
v -0.007644 0.022833 -0.002839
v -0.007604 0.022842 -0.002824
v -0.007564 0.022848 -0.002809
v -0.007696 0.022437 -0.003650
v -0.007687 0.022479 -0.003646
v -0.007675 0.022521 -0.003640
v -0.007660 0.022561 -0.003633
v -0.007642 0.022600 -0.003624
v -0.007621 0.022637 -0.003614
v -0.007597 0.022671 -0.003603
v -0.007570 0.022704 -0.003590
v -0.007541 0.022733 -0.003576
v -0.007510 0.022760 -0.003562
v -0.007477 0.022783 -0.003546
v -0.007442 0.022803 -0.003529
v -0.007405 0.022820 -0.003512
v -0.007368 0.022833 -0.003494
v -0.007329 0.022842 -0.003476
v -0.007290 0.022848 -0.003457
v -0.007348 0.022437 -0.004307
v -0.007340 0.022479 -0.004302
v -0.007329 0.022521 -0.004295
v -0.007315 0.022561 -0.004287
v -0.007297 0.022600 -0.004277
v -0.007277 0.022637 -0.004265
v -0.007254 0.022671 -0.004251
v -0.007229 0.022704 -0.004236
v -0.007201 0.022733 -0.004220
v -0.007171 0.022760 -0.004203
v -0.007139 0.022783 -0.004184
v -0.007106 0.022803 -0.004164
v -0.007071 0.022820 -0.004144
v -0.007035 0.022833 -0.004123
v -0.006999 0.022842 -0.004102
v -0.006961 0.022848 -0.004080
v -0.006945 0.022437 -0.004931
v -0.006937 0.022479 -0.004925
v -0.006927 0.022521 -0.004918
v -0.006913 0.022561 -0.004908
v -0.006897 0.022600 -0.004896
v -0.006878 0.022637 -0.004883
v -0.006856 0.022671 -0.004867
v -0.006832 0.022704 -0.004850
v -0.006806 0.022733 -0.004832
v -0.006777 0.022760 -0.004812
v -0.006747 0.022783 -0.004790
v -0.006716 0.022803 -0.004768
v -0.006683 0.022820 -0.004745
v -0.006649 0.022833 -0.004721
v -0.006614 0.022842 -0.004696
v -0.006579 0.022848 -0.004671
v -0.006489 0.022437 -0.005517
v -0.006482 0.022479 -0.005511
v -0.006472 0.022521 -0.005503
v -0.006459 0.022561 -0.005492
v -0.006444 0.022600 -0.005479
v -0.006426 0.022637 -0.005464
v -0.006406 0.022671 -0.005446
v -0.006383 0.022704 -0.005427
v -0.006359 0.022733 -0.005406
v -0.006332 0.022760 -0.005384
v -0.006304 0.022783 -0.005360
v -0.006275 0.022803 -0.005335
v -0.006244 0.022820 -0.005309
v -0.006212 0.022833 -0.005282
v -0.006180 0.022842 -0.005254
v -0.006147 0.022848 -0.005226
v -0.005983 0.022437 -0.006062
v -0.005977 0.022479 -0.006055
v -0.005968 0.022521 -0.006046
v -0.005956 0.022561 -0.006034
v -0.005942 0.022600 -0.006019
v -0.005925 0.022637 -0.006003
v -0.005907 0.022671 -0.005984
v -0.005886 0.022704 -0.005963
v -0.005863 0.022733 -0.005940
v -0.005839 0.022760 -0.005915
v -0.005813 0.022783 -0.005889
v -0.005786 0.022803 -0.005862
v -0.005758 0.022820 -0.005833
v -0.005728 0.022833 -0.005803
v -0.005699 0.022842 -0.005773
v -0.005668 0.022848 -0.005742
v -0.005432 0.022437 -0.006560
v -0.005426 0.022479 -0.006553
v -0.005418 0.022521 -0.006543
v -0.005407 0.022561 -0.006530
v -0.005394 0.022600 -0.006514
v -0.005380 0.022637 -0.006496
v -0.005363 0.022671 -0.006476
v -0.005344 0.022704 -0.006453
v -0.005323 0.022733 -0.006428
v -0.005301 0.022760 -0.006402
v -0.005278 0.022783 -0.006373
v -0.005253 0.022803 -0.006344
v -0.005227 0.022820 -0.006313
v -0.005201 0.022833 -0.006281
v -0.005174 0.022842 -0.006248
v -0.005146 0.022848 -0.006214
v -0.004840 0.022437 -0.007009
v -0.004835 0.022479 -0.007001
v -0.004827 0.022521 -0.006990
v -0.004818 0.022561 -0.006976
v -0.004806 0.022600 -0.006960
v -0.004793 0.022637 -0.006941
v -0.004778 0.022671 -0.006919
v -0.004761 0.022704 -0.006894
v -0.004743 0.022733 -0.006868
v -0.004723 0.022760 -0.006839
v -0.004702 0.022783 -0.006809
v -0.004680 0.022803 -0.006777
v -0.004657 0.022820 -0.006744
v -0.004634 0.022833 -0.006710
v -0.004609 0.022842 -0.006675
v -0.004585 0.022848 -0.006639
v -0.004211 0.022437 -0.007404
v -0.004206 0.022479 -0.007396
v -0.004199 0.022521 -0.007384
v -0.004191 0.022561 -0.007370
v -0.004181 0.022600 -0.007352
v -0.004170 0.022637 -0.007332
v -0.004157 0.022671 -0.007309
v -0.004142 0.022704 -0.007283
v -0.004126 0.022733 -0.007255
v -0.004109 0.022760 -0.007225
v -0.004091 0.022783 -0.007193
v -0.004072 0.022803 -0.007159
v -0.004052 0.022820 -0.007124
v -0.004031 0.022833 -0.007088
v -0.004010 0.022842 -0.007051
v -0.003989 0.022848 -0.007014
v -0.003549 0.022437 -0.007743
v -0.003545 0.022479 -0.007734
v -0.003540 0.022521 -0.007722
v -0.003533 0.022561 -0.007707
v -0.003525 0.022600 -0.007689
v -0.003515 0.022637 -0.007667
v -0.003504 0.022671 -0.007643
v -0.003491 0.022704 -0.007616
v -0.003478 0.022733 -0.007587
v -0.003464 0.022760 -0.007556
v -0.003448 0.022783 -0.007522
v -0.003432 0.022803 -0.007487
v -0.003415 0.022820 -0.007450
v -0.003398 0.022833 -0.007413
v -0.003380 0.022842 -0.007374
v -0.003362 0.022848 -0.007335
v -0.002861 0.022437 -0.008023
v -0.002858 0.022479 -0.008014
v -0.002853 0.022521 -0.008001
v -0.002848 0.022561 -0.007986
v -0.002841 0.022600 -0.007967
v -0.002833 0.022637 -0.007944
v -0.002824 0.022671 -0.007919
v -0.002814 0.022704 -0.007892
v -0.002804 0.022733 -0.007861
v -0.002792 0.022760 -0.007829
v -0.002780 0.022783 -0.007794
v -0.002767 0.022803 -0.007758
v -0.002753 0.022820 -0.007720
v -0.002739 0.022833 -0.007681
v -0.002725 0.022842 -0.007641
v -0.002710 0.022848 -0.007600
v -0.002151 0.022437 -0.008241
v -0.002149 0.022479 -0.008232
v -0.002145 0.022521 -0.008220
v -0.002141 0.022561 -0.008203
v -0.002136 0.022600 -0.008184
v -0.002130 0.022637 -0.008161
v -0.002123 0.022671 -0.008136
v -0.002116 0.022704 -0.008107
v -0.002108 0.022733 -0.008076
v -0.002099 0.022760 -0.008042
v -0.002090 0.022783 -0.008007
v -0.002080 0.022803 -0.007969
v -0.002070 0.022820 -0.007930
v -0.002059 0.022833 -0.007890
v -0.002049 0.022842 -0.007849
v -0.002038 0.022848 -0.007807
v -0.001424 0.022437 -0.008397
v -0.001423 0.022479 -0.008388
v -0.001421 0.022521 -0.008375
v -0.001418 0.022561 -0.008359
v -0.001415 0.022600 -0.008339
v -0.001411 0.022637 -0.008316
v -0.001406 0.022671 -0.008290
v -0.001401 0.022704 -0.008261
v -0.001396 0.022733 -0.008229
v -0.001390 0.022760 -0.008195
v -0.001384 0.022783 -0.008158
v -0.001377 0.022803 -0.008120
v -0.001371 0.022820 -0.008081
v -0.001364 0.022833 -0.008040
v -0.001357 0.022842 -0.007998
v -0.001349 0.022848 -0.007955
v -0.000687 0.022437 -0.008490
v -0.000686 0.022479 -0.008480
v -0.000685 0.022521 -0.008467
v -0.000684 0.022561 -0.008451
v -0.000682 0.022600 -0.008430
v -0.000680 0.022637 -0.008407
v -0.000678 0.022671 -0.008381
v -0.000676 0.022704 -0.008351
v -0.000673 0.022733 -0.008319
v -0.000671 0.022760 -0.008285
v -0.000668 0.022783 -0.008248
v -0.000664 0.022803 -0.008209
v -0.000661 0.022820 -0.008169
v -0.000658 0.022833 -0.008128
v -0.000654 0.022842 -0.008085
v -0.000651 0.022848 -0.008042
v 0.000055 0.022437 -0.008517
v 0.000055 0.022479 -0.008508
v 0.000055 0.022521 -0.008495
v 0.000055 0.022561 -0.008478
v 0.000055 0.022600 -0.008458
v 0.000055 0.022637 -0.008434
v 0.000055 0.022671 -0.008408
v 0.000054 0.022704 -0.008378
v 0.000054 0.022733 -0.008346
v 0.000054 0.022760 -0.008312
v 0.000054 0.022783 -0.008275
v 0.000054 0.022803 -0.008236
v 0.000053 0.022820 -0.008196
v 0.000053 0.022833 -0.008154
v 0.000053 0.022842 -0.008112
v 0.000052 0.022848 -0.008068
v 0.000797 0.022437 -0.008480
v 0.000797 0.022479 -0.008471
v 0.000795 0.022521 -0.008458
v 0.000794 0.022561 -0.008441
v 0.000792 0.022600 -0.008421
v 0.000790 0.022637 -0.008398
v 0.000787 0.022671 -0.008371
v 0.000784 0.022704 -0.008342
v 0.000781 0.022733 -0.008310
v 0.000778 0.022760 -0.008275
v 0.000775 0.022783 -0.008239
v 0.000771 0.022803 -0.008200
v 0.000767 0.022820 -0.008160
v 0.000764 0.022833 -0.008119
v 0.000760 0.022842 -0.008076
v 0.000755 0.022848 -0.008033
v 0.001534 0.022437 -0.008378
v 0.001532 0.022479 -0.008369
v 0.001529 0.022521 -0.008356
v 0.001526 0.022561 -0.008340
v 0.001523 0.022600 -0.008320
v 0.001519 0.022637 -0.008297
v 0.001514 0.022671 -0.008271
v 0.001509 0.022704 -0.008242
v 0.001503 0.022733 -0.008210
v 0.001497 0.022760 -0.008176
v 0.001490 0.022783 -0.008140
v 0.001483 0.022803 -0.008102
v 0.001476 0.022820 -0.008062
v 0.001468 0.022833 -0.008021
v 0.001461 0.022842 -0.007979
v 0.001453 0.022848 -0.007937
v 0.002258 0.022437 -0.008213
v 0.002255 0.022479 -0.008204
v 0.002252 0.022521 -0.008191
v 0.002248 0.022561 -0.008175
v 0.002242 0.022600 -0.008155
v 0.002236 0.022637 -0.008133
v 0.002229 0.022671 -0.008107
v 0.002221 0.022704 -0.008079
v 0.002213 0.022733 -0.008048
v 0.002203 0.022760 -0.008014
v 0.002194 0.022783 -0.007979
v 0.002183 0.022803 -0.007942
v 0.002173 0.022820 -0.007903
v 0.002162 0.022833 -0.007863
v 0.002150 0.022842 -0.007822
v 0.002139 0.022848 -0.007780
v 0.002965 0.022437 -0.007985
v 0.002962 0.022479 -0.007976
v 0.002957 0.022521 -0.007963
v 0.002951 0.022561 -0.007948
v 0.002944 0.022600 -0.007929
v 0.002936 0.022637 -0.007907
v 0.002927 0.022671 -0.007882
v 0.002917 0.022704 -0.007854
v 0.002906 0.022733 -0.007824
v 0.002894 0.022760 -0.007792
v 0.002881 0.022783 -0.007757
v 0.002867 0.022803 -0.007721
v 0.002853 0.022820 -0.007683
v 0.002839 0.022833 -0.007644
v 0.002824 0.022842 -0.007604
v 0.002809 0.022848 -0.007564
v 0.003650 0.022437 -0.007696
v 0.003646 0.022479 -0.007687
v 0.003640 0.022521 -0.007675
v 0.003633 0.022561 -0.007660
v 0.003624 0.022600 -0.007642
v 0.003614 0.022637 -0.007621
v 0.003603 0.022671 -0.007597
v 0.003590 0.022704 -0.007570
v 0.003576 0.022733 -0.007541
v 0.003562 0.022760 -0.007510
v 0.003546 0.022783 -0.007477
v 0.003529 0.022803 -0.007442
v 0.003512 0.022820 -0.007405
v 0.003494 0.022833 -0.007368
v 0.003476 0.022842 -0.007329
v 0.003457 0.022848 -0.007290
v 0.004307 0.022437 -0.007348
v 0.004302 0.022479 -0.007340
v 0.004295 0.022521 -0.007329
v 0.004287 0.022561 -0.007315
v 0.004277 0.022600 -0.007297
v 0.004265 0.022637 -0.007277
v 0.004251 0.022671 -0.007254
v 0.004236 0.022704 -0.007229
v 0.004220 0.022733 -0.007201
v 0.004203 0.022760 -0.007171
v 0.004184 0.022783 -0.007139
v 0.004164 0.022803 -0.007106
v 0.004144 0.022820 -0.007071
v 0.004123 0.022833 -0.007035
v 0.004102 0.022842 -0.006999
v 0.004080 0.022848 -0.006961
v 0.004931 0.022437 -0.006945
v 0.004925 0.022479 -0.006937
v 0.004918 0.022521 -0.006927
v 0.004908 0.022561 -0.006913
v 0.004896 0.022600 -0.006897
v 0.004883 0.022637 -0.006878
v 0.004867 0.022671 -0.006856
v 0.004850 0.022704 -0.006832
v 0.004832 0.022733 -0.006806
v 0.004812 0.022760 -0.006777
v 0.004790 0.022783 -0.006747
v 0.004768 0.022803 -0.006716
v 0.004745 0.022820 -0.006683
v 0.004721 0.022833 -0.006649
v 0.004696 0.022842 -0.006614
v 0.004671 0.022848 -0.006579
v 0.005517 0.022437 -0.006489
v 0.005511 0.022479 -0.006482
v 0.005503 0.022521 -0.006472
v 0.005492 0.022561 -0.006459
v 0.005479 0.022600 -0.006444
v 0.005464 0.022637 -0.006426
v 0.005446 0.022671 -0.006406
v 0.005427 0.022704 -0.006383
v 0.005406 0.022733 -0.006359
v 0.005384 0.022760 -0.006332
v 0.005360 0.022783 -0.006304
v 0.005335 0.022803 -0.006275
v 0.005309 0.022820 -0.006244
v 0.005282 0.022833 -0.006212
v 0.005254 0.022842 -0.006180
v 0.005226 0.022848 -0.006147
v 0.006062 0.022437 -0.005983
v 0.006055 0.022479 -0.005977
v 0.006046 0.022521 -0.005968
v 0.006034 0.022561 -0.005956
v 0.006019 0.022600 -0.005942
v 0.006003 0.022637 -0.005925
v 0.005984 0.022671 -0.005907
v 0.005963 0.022704 -0.005886
v 0.005940 0.022733 -0.005863
v 0.005915 0.022760 -0.005839
v 0.005889 0.022783 -0.005813
v 0.005862 0.022803 -0.005786
v 0.005833 0.022820 -0.005758
v 0.005803 0.022833 -0.005728
v 0.005773 0.022842 -0.005699
v 0.005742 0.022848 -0.005668
v 0.006560 0.022437 -0.005432
v 0.006553 0.022479 -0.005426
v 0.006543 0.022521 -0.005418
v 0.006530 0.022561 -0.005407
v 0.006514 0.022600 -0.005394
v 0.006496 0.022637 -0.005380
v 0.006476 0.022671 -0.005363
v 0.006453 0.022704 -0.005344
v 0.006428 0.022733 -0.005323
v 0.006402 0.022760 -0.005301
v 0.006373 0.022783 -0.005278
v 0.006344 0.022803 -0.005253
v 0.006313 0.022820 -0.005227
v 0.006281 0.022833 -0.005201
v 0.006248 0.022842 -0.005174
v 0.006214 0.022848 -0.005146
v 0.007009 0.022437 -0.004840
v 0.007001 0.022479 -0.004835
v 0.006990 0.022521 -0.004827
v 0.006976 0.022561 -0.004818
v 0.006960 0.022600 -0.004806
v 0.006941 0.022637 -0.004793
v 0.006919 0.022671 -0.004778
v 0.006894 0.022704 -0.004761
v 0.006868 0.022733 -0.004743
v 0.006839 0.022760 -0.004723
v 0.006809 0.022783 -0.004702
v 0.006777 0.022803 -0.004680
v 0.006744 0.022820 -0.004657
v 0.006710 0.022833 -0.004634
v 0.006675 0.022842 -0.004609
v 0.006639 0.022848 -0.004585
v 0.007404 0.022437 -0.004211
v 0.007396 0.022479 -0.004206
v 0.007384 0.022521 -0.004199
v 0.007370 0.022561 -0.004191
v 0.007352 0.022600 -0.004181
v 0.007332 0.022637 -0.004170
v 0.007309 0.022671 -0.004157
v 0.007283 0.022704 -0.004142
v 0.007255 0.022733 -0.004126
v 0.007225 0.022760 -0.004109
v 0.007193 0.022783 -0.004091
v 0.007159 0.022803 -0.004072
v 0.007124 0.022820 -0.004052
v 0.007088 0.022833 -0.004031
v 0.007051 0.022842 -0.004010
v 0.007014 0.022848 -0.003989
v 0.007743 0.022437 -0.003549
v 0.007734 0.022479 -0.003545
v 0.007722 0.022521 -0.003540
v 0.007707 0.022561 -0.003533
v 0.007689 0.022600 -0.003525
v 0.007667 0.022637 -0.003515
v 0.007643 0.022671 -0.003504
v 0.007616 0.022704 -0.003491
v 0.007587 0.022733 -0.003478
v 0.007556 0.022760 -0.003464
v 0.007522 0.022783 -0.003448
v 0.007487 0.022803 -0.003432
v 0.007450 0.022820 -0.003415
v 0.007413 0.022833 -0.003398
v 0.007374 0.022842 -0.003380
v 0.007335 0.022848 -0.003362
v 0.008023 0.022437 -0.002861
v 0.008014 0.022479 -0.002858
v 0.008001 0.022521 -0.002853
v 0.007986 0.022561 -0.002848
v 0.007967 0.022600 -0.002841
v 0.007944 0.022637 -0.002833
v 0.007919 0.022671 -0.002824
v 0.007892 0.022704 -0.002814
v 0.007861 0.022733 -0.002804
v 0.007829 0.022760 -0.002792
v 0.007794 0.022783 -0.002780
v 0.007758 0.022803 -0.002767
v 0.007720 0.022820 -0.002753
v 0.007681 0.022833 -0.002739
v 0.007641 0.022842 -0.002725
v 0.007600 0.022848 -0.002710
v 0.008241 0.022437 -0.002151
v 0.008232 0.022479 -0.002149
v 0.008220 0.022521 -0.002145
v 0.008203 0.022561 -0.002141
v 0.008184 0.022600 -0.002136
v 0.008161 0.022637 -0.002130
v 0.008136 0.022671 -0.002123
v 0.008107 0.022704 -0.002116
v 0.008076 0.022733 -0.002108
v 0.008042 0.022760 -0.002099
v 0.008007 0.022783 -0.002090
v 0.007969 0.022803 -0.002080
v 0.007930 0.022820 -0.002070
v 0.007890 0.022833 -0.002059
v 0.007849 0.022842 -0.002049
v 0.007807 0.022848 -0.002038
v 0.008397 0.022437 -0.001424
v 0.008388 0.022479 -0.001423
v 0.008375 0.022521 -0.001421
v 0.008359 0.022561 -0.001418
v 0.008339 0.022600 -0.001415
v 0.008316 0.022637 -0.001411
v 0.008290 0.022671 -0.001406
v 0.008261 0.022704 -0.001401
v 0.008229 0.022733 -0.001396
v 0.008195 0.022760 -0.001390
v 0.008158 0.022783 -0.001384
v 0.008120 0.022803 -0.001377
v 0.008081 0.022820 -0.001371
v 0.008040 0.022833 -0.001364
v 0.007998 0.022842 -0.001357
v 0.007955 0.022848 -0.001349
v 0.008490 0.022437 -0.000687
v 0.008480 0.022479 -0.000686
v 0.008467 0.022521 -0.000685
v 0.008451 0.022561 -0.000684
v 0.008430 0.022600 -0.000682
v 0.008407 0.022637 -0.000680
v 0.008381 0.022671 -0.000678
v 0.008351 0.022704 -0.000676
v 0.008319 0.022733 -0.000673
v 0.008285 0.022760 -0.000671
v 0.008248 0.022783 -0.000668
v 0.008209 0.022803 -0.000664
v 0.008169 0.022820 -0.000661
v 0.008128 0.022833 -0.000658
v 0.008085 0.022842 -0.000654
v 0.008042 0.022848 -0.000651
v 0.008517 0.022437 0.000055
v 0.008508 0.022479 0.000055
v 0.008495 0.022521 0.000055
v 0.008478 0.022561 0.000055
v 0.008458 0.022600 0.000055
v 0.008434 0.022637 0.000055
v 0.008408 0.022671 0.000055
v 0.008378 0.022704 0.000054
v 0.008346 0.022733 0.000054
v 0.008312 0.022760 0.000054
v 0.008275 0.022783 0.000054
v 0.008236 0.022803 0.000054
v 0.008196 0.022820 0.000053
v 0.008154 0.022833 0.000053
v 0.008112 0.022842 0.000053
v 0.008068 0.022848 0.000052
v 0.008480 0.022437 0.000797
v 0.008471 0.022479 0.000797
v 0.008458 0.022521 0.000795
v 0.008441 0.022561 0.000794
v 0.008421 0.022600 0.000792
v 0.008398 0.022637 0.000790
v 0.008371 0.022671 0.000787
v 0.008342 0.022704 0.000784
v 0.008310 0.022733 0.000781
v 0.008275 0.022760 0.000778
v 0.008239 0.022783 0.000775
v 0.008200 0.022803 0.000771
v 0.008160 0.022820 0.000767
v 0.008119 0.022833 0.000764
v 0.008076 0.022842 0.000760
v 0.008033 0.022848 0.000755
v 0.008378 0.022437 0.001534
v 0.008369 0.022479 0.001532
v 0.008356 0.022521 0.001529
v 0.008340 0.022561 0.001526
v 0.008320 0.022600 0.001523
v 0.008297 0.022637 0.001519
v 0.008271 0.022671 0.001514
v 0.008242 0.022704 0.001509
v 0.008210 0.022733 0.001503
v 0.008176 0.022760 0.001497
v 0.008140 0.022783 0.001490
v 0.008102 0.022803 0.001483
v 0.008062 0.022820 0.001476
v 0.008021 0.022833 0.001468
v 0.007979 0.022842 0.001461
v 0.007937 0.022848 0.001453
v 0.008213 0.022437 0.002258
v 0.008204 0.022479 0.002255
v 0.008191 0.022521 0.002252
v 0.008175 0.022561 0.002248
v 0.008155 0.022600 0.002242
v 0.008133 0.022637 0.002236
v 0.008107 0.022671 0.002229
v 0.008079 0.022704 0.002221
v 0.008048 0.022733 0.002213
v 0.008014 0.022760 0.002203
v 0.007979 0.022783 0.002194
v 0.007942 0.022803 0.002183
v 0.007903 0.022820 0.002173
v 0.007863 0.022833 0.002162
v 0.007822 0.022842 0.002150
v 0.007780 0.022848 0.002139
v 0.007985 0.022437 0.002965
v 0.007976 0.022479 0.002962
v 0.007963 0.022521 0.002957
v 0.007948 0.022561 0.002951
v 0.007929 0.022600 0.002944
v 0.007907 0.022637 0.002936
v 0.007882 0.022671 0.002927
v 0.007854 0.022704 0.002917
v 0.007824 0.022733 0.002906
v 0.007792 0.022760 0.002894
v 0.007757 0.022783 0.002881
v 0.007721 0.022803 0.002867
v 0.007683 0.022820 0.002853
v 0.007644 0.022833 0.002839
v 0.007604 0.022842 0.002824
v 0.007564 0.022848 0.002809
v 0.007696 0.022437 0.003650
v 0.007687 0.022479 0.003646
v 0.007675 0.022521 0.003640
v 0.007660 0.022561 0.003633
v 0.007642 0.022600 0.003624
v 0.007621 0.022637 0.003614
v 0.007597 0.022671 0.003603
v 0.007570 0.022704 0.003590
v 0.007541 0.022733 0.003576
v 0.007510 0.022760 0.003562
v 0.007477 0.022783 0.003546
v 0.007442 0.022803 0.003529
v 0.007405 0.022820 0.003512
v 0.007368 0.022833 0.003494
v 0.007329 0.022842 0.003476
v 0.007290 0.022848 0.003457
v 0.007348 0.022437 0.004307
v 0.007340 0.022479 0.004302
v 0.007329 0.022521 0.004295
v 0.007315 0.022561 0.004287
v 0.007297 0.022600 0.004277
v 0.007277 0.022637 0.004265
v 0.007254 0.022671 0.004251
v 0.007229 0.022704 0.004236
v 0.007201 0.022733 0.004220
v 0.007171 0.022760 0.004203
v 0.007139 0.022783 0.004184
v 0.007106 0.022803 0.004164
v 0.007071 0.022820 0.004144
v 0.007035 0.022833 0.004123
v 0.006999 0.022842 0.004102
v 0.006961 0.022848 0.004080
v 0.006945 0.022437 0.004931
v 0.006937 0.022479 0.004925
v 0.006927 0.022521 0.004918
v 0.006913 0.022561 0.004908
v 0.006897 0.022600 0.004896
v 0.006878 0.022637 0.004883
v 0.006856 0.022671 0.004867
v 0.006832 0.022704 0.004850
v 0.006806 0.022733 0.004832
v 0.006777 0.022760 0.004812
v 0.006747 0.022783 0.004790
v 0.006716 0.022803 0.004768
v 0.006683 0.022820 0.004745
v 0.006649 0.022833 0.004721
v 0.006614 0.022842 0.004696
v 0.006579 0.022848 0.004671
v 0.006489 0.022437 0.005517
v 0.006482 0.022479 0.005511
v 0.006472 0.022521 0.005503
v 0.006459 0.022561 0.005492
v 0.006444 0.022600 0.005479
v 0.006426 0.022637 0.005464
v 0.006406 0.022671 0.005446
v 0.006383 0.022704 0.005427
v 0.006359 0.022733 0.005406
v 0.006332 0.022760 0.005384
v 0.006304 0.022783 0.005360
v 0.006275 0.022803 0.005335
v 0.006244 0.022820 0.005309
v 0.006212 0.022833 0.005282
v 0.006180 0.022842 0.005254
v 0.006147 0.022848 0.005226
v 0.005983 0.022437 0.006062
v 0.005977 0.022479 0.006055
v 0.005968 0.022521 0.006046
v 0.005956 0.022561 0.006034
v 0.005942 0.022600 0.006019
v 0.005925 0.022637 0.006003
v 0.005907 0.022671 0.005984
v 0.005886 0.022704 0.005963
v 0.005863 0.022733 0.005940
v 0.005839 0.022760 0.005915
v 0.005813 0.022783 0.005889
v 0.005786 0.022803 0.005862
v 0.005758 0.022820 0.005833
v 0.005728 0.022833 0.005803
v 0.005699 0.022842 0.005773
v 0.005668 0.022848 0.005742
v 0.005432 0.022437 0.006560
v 0.005426 0.022479 0.006553
v 0.005418 0.022521 0.006543
v 0.005407 0.022561 0.006530
v 0.005394 0.022600 0.006514
v 0.005380 0.022637 0.006496
v 0.005363 0.022671 0.006476
v 0.005344 0.022704 0.006453
v 0.005323 0.022733 0.006428
v 0.005301 0.022760 0.006402
v 0.005278 0.022783 0.006373
v 0.005253 0.022803 0.006344
v 0.005227 0.022820 0.006313
v 0.005201 0.022833 0.006281
v 0.005174 0.022842 0.006248
v 0.005146 0.022848 0.006214
v 0.004840 0.022437 0.007009
v 0.004835 0.022479 0.007001
v 0.004827 0.022521 0.006990
v 0.004818 0.022561 0.006976
v 0.004806 0.022600 0.006960
v 0.004793 0.022637 0.006941
v 0.004778 0.022671 0.006919
v 0.004761 0.022704 0.006894
v 0.004743 0.022733 0.006868
v 0.004723 0.022760 0.006839
v 0.004702 0.022783 0.006809
v 0.004680 0.022803 0.006777
v 0.004657 0.022820 0.006744
v 0.004634 0.022833 0.006710
v 0.004609 0.022842 0.006675
v 0.004585 0.022848 0.006639
v 0.004211 0.022437 0.007404
v 0.004206 0.022479 0.007396
v 0.004199 0.022521 0.007384
v 0.004191 0.022561 0.007370
v 0.004181 0.022600 0.007352
v 0.004170 0.022637 0.007332
v 0.004157 0.022671 0.007309
v 0.004142 0.022704 0.007283
v 0.004126 0.022733 0.007255
v 0.004109 0.022760 0.007225
v 0.004091 0.022783 0.007193
v 0.004072 0.022803 0.007159
v 0.004052 0.022820 0.007124
v 0.004031 0.022833 0.007088
v 0.004010 0.022842 0.007051
v 0.003989 0.022848 0.007014
v 0.003549 0.022437 0.007743
v 0.003545 0.022479 0.007734
v 0.003540 0.022521 0.007722
v 0.003533 0.022561 0.007707
v 0.003525 0.022600 0.007689
v 0.003515 0.022637 0.007667
v 0.003504 0.022671 0.007643
v 0.003491 0.022704 0.007616
v 0.003478 0.022733 0.007587
v 0.003464 0.022760 0.007556
v 0.003448 0.022783 0.007522
v 0.003432 0.022803 0.007487
v 0.003415 0.022820 0.007450
v 0.003398 0.022833 0.007413
v 0.003380 0.022842 0.007374
v 0.003362 0.022848 0.007335
v 0.002861 0.022437 0.008023
v 0.002858 0.022479 0.008014
v 0.002853 0.022521 0.008001
v 0.002848 0.022561 0.007986
v 0.002841 0.022600 0.007967
v 0.002833 0.022637 0.007944
v 0.002824 0.022671 0.007919
v 0.002814 0.022704 0.007892
v 0.002804 0.022733 0.007861
v 0.002792 0.022760 0.007829
v 0.002780 0.022783 0.007794
v 0.002767 0.022803 0.007758
v 0.002753 0.022820 0.007720
v 0.002739 0.022833 0.007681
v 0.002725 0.022842 0.007641
v 0.002710 0.022848 0.007600
v 0.002151 0.022437 0.008241
v 0.002149 0.022479 0.008232
v 0.002145 0.022521 0.008220
v 0.002141 0.022561 0.008203
v 0.002136 0.022600 0.008184
v 0.002130 0.022637 0.008161
v 0.002123 0.022671 0.008136
v 0.002116 0.022704 0.008107
v 0.002108 0.022733 0.008076
v 0.002099 0.022760 0.008042
v 0.002090 0.022783 0.008007
v 0.002080 0.022803 0.007969
v 0.002070 0.022820 0.007930
v 0.002059 0.022833 0.007890
v 0.002049 0.022842 0.007849
v 0.002038 0.022848 0.007807
v 0.001424 0.022437 0.008397
v 0.001423 0.022479 0.008388
v 0.001421 0.022521 0.008375
v 0.001418 0.022561 0.008359
v 0.001415 0.022600 0.008339
v 0.001411 0.022637 0.008316
v 0.001406 0.022671 0.008290
v 0.001401 0.022704 0.008261
v 0.001396 0.022733 0.008229
v 0.001390 0.022760 0.008195
v 0.001384 0.022783 0.008158
v 0.001377 0.022803 0.008120
v 0.001371 0.022820 0.008081
v 0.001364 0.022833 0.008040
v 0.001357 0.022842 0.007998
v 0.001349 0.022848 0.007955
v 0.000687 0.022437 0.008490
v 0.000686 0.022479 0.008480
v 0.000685 0.022521 0.008467
v 0.000684 0.022561 0.008451
v 0.000682 0.022600 0.008430
v 0.000680 0.022637 0.008407
v 0.000678 0.022671 0.008381
v 0.000676 0.022704 0.008351
v 0.000673 0.022733 0.008319
v 0.000671 0.022760 0.008285
v 0.000668 0.022783 0.008248
v 0.000664 0.022803 0.008209
v 0.000661 0.022820 0.008169
v 0.000658 0.022833 0.008128
v 0.000654 0.022842 0.008085
v 0.000651 0.022848 0.008042
v -0.000055 0.022437 0.008517
v -0.000055 0.022479 0.008508
v -0.000055 0.022521 0.008495
v -0.000055 0.022561 0.008478
v -0.000055 0.022600 0.008458
v -0.000055 0.022637 0.008434
v -0.000055 0.022671 0.008408
v -0.000054 0.022704 0.008378
v -0.000054 0.022733 0.008346
v -0.000054 0.022760 0.008312
v -0.000054 0.022783 0.008275
v -0.000054 0.022803 0.008236
v -0.000053 0.022820 0.008196
v -0.000053 0.022833 0.008154
v -0.000053 0.022842 0.008112
v -0.000052 0.022848 0.008068
v -0.000797 0.022437 0.008480
v -0.000797 0.022479 0.008471
v -0.000795 0.022521 0.008458
v -0.000794 0.022561 0.008441
v -0.000792 0.022600 0.008421
v -0.000790 0.022637 0.008398
v -0.000787 0.022671 0.008371
v -0.000784 0.022704 0.008342
v -0.000781 0.022733 0.008310
v -0.000778 0.022760 0.008275
v -0.000775 0.022783 0.008239
v -0.000771 0.022803 0.008200
v -0.000767 0.022820 0.008160
v -0.000764 0.022833 0.008119
v -0.000760 0.022842 0.008076
v -0.000755 0.022848 0.008033
v -0.001534 0.022437 0.008378
v -0.001532 0.022479 0.008369
v -0.001529 0.022521 0.008356
v -0.001526 0.022561 0.008340
v -0.001523 0.022600 0.008320
v -0.001519 0.022637 0.008297
v -0.001514 0.022671 0.008271
v -0.001509 0.022704 0.008242
v -0.001503 0.022733 0.008210
v -0.001497 0.022760 0.008176
v -0.001490 0.022783 0.008140
v -0.001483 0.022803 0.008102
v -0.001476 0.022820 0.008062
v -0.001468 0.022833 0.008021
v -0.001461 0.022842 0.007979
v -0.001453 0.022848 0.007937
v -0.002258 0.022437 0.008213
v -0.002255 0.022479 0.008204
v -0.002252 0.022521 0.008191
v -0.002248 0.022561 0.008175
v -0.002242 0.022600 0.008155
v -0.002236 0.022637 0.008133
v -0.002229 0.022671 0.008107
v -0.002221 0.022704 0.008079
v -0.002213 0.022733 0.008048
v -0.002203 0.022760 0.008014
v -0.002194 0.022783 0.007979
v -0.002183 0.022803 0.007942
v -0.002173 0.022820 0.007903
v -0.002162 0.022833 0.007863
v -0.002150 0.022842 0.007822
v -0.002139 0.022848 0.007780
v -0.002965 0.022437 0.007985
v -0.002962 0.022479 0.007976
v -0.002957 0.022521 0.007963
v -0.002951 0.022561 0.007948
v -0.002944 0.022600 0.007929
v -0.002936 0.022637 0.007907
v -0.002927 0.022671 0.007882
v -0.002917 0.022704 0.007854
v -0.002906 0.022733 0.007824
v -0.002894 0.022760 0.007792
v -0.002881 0.022783 0.007757
v -0.002867 0.022803 0.007721
v -0.002853 0.022820 0.007683
v -0.002839 0.022833 0.007644
v -0.002824 0.022842 0.007604
v -0.002809 0.022848 0.007564
v -0.003650 0.022437 0.007696
v -0.003646 0.022479 0.007687
v -0.003640 0.022521 0.007675
v -0.003633 0.022561 0.007660
v -0.003624 0.022600 0.007642
v -0.003614 0.022637 0.007621
v -0.003603 0.022671 0.007597
v -0.003590 0.022704 0.007570
v -0.003576 0.022733 0.007541
v -0.003562 0.022760 0.007510
v -0.003546 0.022783 0.007477
v -0.003529 0.022803 0.007442
v -0.003512 0.022820 0.007405
v -0.003494 0.022833 0.007368
v -0.003476 0.022842 0.007329
v -0.003457 0.022848 0.007290
v -0.004307 0.022437 0.007348
v -0.004302 0.022479 0.007340
v -0.004295 0.022521 0.007329
v -0.004287 0.022561 0.007315
v -0.004277 0.022600 0.007297
v -0.004265 0.022637 0.007277
v -0.004251 0.022671 0.007254
v -0.004236 0.022704 0.007229
v -0.004220 0.022733 0.007201
v -0.004203 0.022760 0.007171
v -0.004184 0.022783 0.007139
v -0.004164 0.022803 0.007106
v -0.004144 0.022820 0.007071
v -0.004123 0.022833 0.007035
v -0.004102 0.022842 0.006999
v -0.004080 0.022848 0.006961
v -0.004931 0.022437 0.006945
v -0.004925 0.022479 0.006937
v -0.004918 0.022521 0.006927
v -0.004908 0.022561 0.006913
v -0.004896 0.022600 0.006897
v -0.004883 0.022637 0.006878
v -0.004867 0.022671 0.006856
v -0.004850 0.022704 0.006832
v -0.004832 0.022733 0.006806
v -0.004812 0.022760 0.006777
v -0.004790 0.022783 0.006747
v -0.004768 0.022803 0.006716
v -0.004745 0.022820 0.006683
v -0.004721 0.022833 0.006649
v -0.004696 0.022842 0.006614
v -0.004671 0.022848 0.006579
v -0.005517 0.022437 0.006489
v -0.005511 0.022479 0.006482
v -0.005503 0.022521 0.006472
v -0.005492 0.022561 0.006459
v -0.005479 0.022600 0.006444
v -0.005464 0.022637 0.006426
v -0.005446 0.022671 0.006406
v -0.005427 0.022704 0.006383
v -0.005406 0.022733 0.006359
v -0.005384 0.022760 0.006332
v -0.005360 0.022783 0.006304
v -0.005335 0.022803 0.006275
v -0.005309 0.022820 0.006244
v -0.005282 0.022833 0.006212
v -0.005254 0.022842 0.006180
v -0.005226 0.022848 0.006147
v -0.006062 0.022437 0.005983
v -0.006055 0.022479 0.005977
v -0.006046 0.022521 0.005968
v -0.006034 0.022561 0.005956
v -0.006019 0.022600 0.005942
v -0.006003 0.022637 0.005925
v -0.005984 0.022671 0.005907
v -0.005963 0.022704 0.005886
v -0.005940 0.022733 0.005863
v -0.005915 0.022760 0.005839
v -0.005889 0.022783 0.005813
v -0.005862 0.022803 0.005786
v -0.005833 0.022820 0.005758
v -0.005803 0.022833 0.005728
v -0.005773 0.022842 0.005699
v -0.005742 0.022848 0.005668
v -0.006560 0.022437 0.005432
v -0.006553 0.022479 0.005426
v -0.006543 0.022521 0.005418
v -0.006530 0.022561 0.005407
v -0.006514 0.022600 0.005394
v -0.006496 0.022637 0.005380
v -0.006476 0.022671 0.005363
v -0.006453 0.022704 0.005344
v -0.006428 0.022733 0.005323
v -0.006402 0.022760 0.005301
v -0.006373 0.022783 0.005278
v -0.006344 0.022803 0.005253
v -0.006313 0.022820 0.005227
v -0.006281 0.022833 0.005201
v -0.006248 0.022842 0.005174
v -0.006214 0.022848 0.005146
v -0.007009 0.022437 0.004840
v -0.007001 0.022479 0.004835
v -0.006990 0.022521 0.004827
v -0.006976 0.022561 0.004818
v -0.006960 0.022600 0.004806
v -0.006941 0.022637 0.004793
v -0.006919 0.022671 0.004778
v -0.006894 0.022704 0.004761
v -0.006868 0.022733 0.004743
v -0.006839 0.022760 0.004723
v -0.006809 0.022783 0.004702
v -0.006777 0.022803 0.004680
v -0.006744 0.022820 0.004657
v -0.006710 0.022833 0.004634
v -0.006675 0.022842 0.004609
v -0.006639 0.022848 0.004585
v -0.007404 0.022437 0.004211
v -0.007396 0.022479 0.004206
v -0.007384 0.022521 0.004199
v -0.007370 0.022561 0.004191
v -0.007352 0.022600 0.004181
v -0.007332 0.022637 0.004170
v -0.007309 0.022671 0.004157
v -0.007283 0.022704 0.004142
v -0.007255 0.022733 0.004126
v -0.007225 0.022760 0.004109
v -0.007193 0.022783 0.004091
v -0.007159 0.022803 0.004072
v -0.007124 0.022820 0.004052
v -0.007088 0.022833 0.004031
v -0.007051 0.022842 0.004010
v -0.007014 0.022848 0.003989
v -0.007743 0.022437 0.003549
v -0.007734 0.022479 0.003545
v -0.007722 0.022521 0.003540
v -0.007707 0.022561 0.003533
v -0.007689 0.022600 0.003525
v -0.007667 0.022637 0.003515
v -0.007643 0.022671 0.003504
v -0.007616 0.022704 0.003491
v -0.007587 0.022733 0.003478
v -0.007556 0.022760 0.003464
v -0.007522 0.022783 0.003448
v -0.007487 0.022803 0.003432
v -0.007450 0.022820 0.003415
v -0.007413 0.022833 0.003398
v -0.007374 0.022842 0.003380
v -0.007335 0.022848 0.003362
v -0.008023 0.022437 0.002861
v -0.008014 0.022479 0.002858
v -0.008001 0.022521 0.002853
v -0.007986 0.022561 0.002848
v -0.007967 0.022600 0.002841
v -0.007944 0.022637 0.002833
v -0.007919 0.022671 0.002824
v -0.007892 0.022704 0.002814
v -0.007861 0.022733 0.002804
v -0.007829 0.022760 0.002792
v -0.007794 0.022783 0.002780
v -0.007758 0.022803 0.002767
v -0.007720 0.022820 0.002753
v -0.007681 0.022833 0.002739
v -0.007641 0.022842 0.002725
v -0.007600 0.022848 0.002710
v -0.008241 0.022437 0.002151
v -0.008232 0.022479 0.002149
v -0.008220 0.022521 0.002145
v -0.008203 0.022561 0.002141
v -0.008184 0.022600 0.002136
v -0.008161 0.022637 0.002130
v -0.008136 0.022671 0.002123
v -0.008107 0.022704 0.002116
v -0.008076 0.022733 0.002108
v -0.008042 0.022760 0.002099
v -0.008007 0.022783 0.002090
v -0.007969 0.022803 0.002080
v -0.007930 0.022820 0.002070
v -0.007890 0.022833 0.002059
v -0.007849 0.022842 0.002049
v -0.007807 0.022848 0.002038
v -0.008397 0.022437 0.001424
v -0.008388 0.022479 0.001423
v -0.008375 0.022521 0.001421
v -0.008359 0.022561 0.001418
v -0.008339 0.022600 0.001415
v -0.008316 0.022637 0.001411
v -0.008290 0.022671 0.001406
v -0.008261 0.022704 0.001401
v -0.008229 0.022733 0.001396
v -0.008195 0.022760 0.001390
v -0.008158 0.022783 0.001384
v -0.008120 0.022803 0.001377
v -0.008081 0.022820 0.001371
v -0.008040 0.022833 0.001364
v -0.007998 0.022842 0.001357
v -0.007955 0.022848 0.001349
v -0.008490 0.022437 0.000687
v -0.008480 0.022479 0.000686
v -0.008467 0.022521 0.000685
v -0.008451 0.022561 0.000684
v -0.008430 0.022600 0.000682
v -0.008407 0.022637 0.000680
v -0.008381 0.022671 0.000678
v -0.008351 0.022704 0.000676
v -0.008319 0.022733 0.000673
v -0.008285 0.022760 0.000671
v -0.008248 0.022783 0.000668
v -0.008209 0.022803 0.000664
v -0.008169 0.022820 0.000661
v -0.008128 0.022833 0.000658
v -0.008085 0.022842 0.000654
v -0.008042 0.022848 0.000651
v -0.007912 0.022850 0.001342
v -0.007765 0.022850 0.002027
v -0.007559 0.022850 0.002696
v -0.007295 0.022850 0.003344
v -0.006976 0.022850 0.003967
v -0.006603 0.022850 0.004560
v -0.006181 0.022850 0.005118
v -0.005711 0.022850 0.005638
v -0.005198 0.022850 0.006114
v -0.004646 0.022850 0.006544
v -0.004058 0.022850 0.006924
v -0.003439 0.022850 0.007251
v -0.002794 0.022850 0.007523
v -0.002127 0.022850 0.007738
v -0.001445 0.022850 0.007894
v -0.000751 0.022850 0.007990
v -0.000052 0.022850 0.008025
v 0.000647 0.022850 0.007999
v 0.001342 0.022850 0.007912
v 0.002027 0.022850 0.007765
v 0.002696 0.022850 0.007559
v 0.003344 0.022850 0.007295
v 0.003967 0.022850 0.006976
v 0.004560 0.022850 0.006603
v 0.005118 0.022850 0.006181
v 0.005638 0.022850 0.005711
v 0.006114 0.022850 0.005198
v 0.006544 0.022850 0.004646
v 0.006924 0.022850 0.004058
v 0.007251 0.022850 0.003439
v 0.007523 0.022850 0.002794
v 0.007738 0.022850 0.002127
v 0.007894 0.022850 0.001445
v 0.007990 0.022850 0.000751
v 0.008025 0.022850 0.000052
v 0.007999 0.022850 -0.000647
v 0.007912 0.022850 -0.001342
v 0.007765 0.022850 -0.002027
v 0.007559 0.022850 -0.002696
v 0.007295 0.022850 -0.003344
v 0.006976 0.022850 -0.003967
v 0.006603 0.022850 -0.004560
v 0.006181 0.022850 -0.005118
v 0.005711 0.022850 -0.005638
v 0.005198 0.022850 -0.006114
v 0.004646 0.022850 -0.006544
v 0.004058 0.022850 -0.006924
v 0.003439 0.022850 -0.007251
v 0.002794 0.022850 -0.007523
v 0.002127 0.022850 -0.007738
v 0.001445 0.022850 -0.007894
v 0.000751 0.022850 -0.007990
v 0.000052 0.022850 -0.008025
v -0.000647 0.022850 -0.007999
v -0.001342 0.022850 -0.007912
v -0.002027 0.022850 -0.007765
v -0.002696 0.022850 -0.007559
v -0.003344 0.022850 -0.007295
v -0.003967 0.022850 -0.006976
v -0.004560 0.022850 -0.006603
v -0.005118 0.022850 -0.006181
v -0.005638 0.022850 -0.005711
v -0.006114 0.022850 -0.005198
v -0.006544 0.022850 -0.004646
v -0.006924 0.022850 -0.004058
v -0.007251 0.022850 -0.003439
v -0.007523 0.022850 -0.002794
v -0.007738 0.022850 -0.002127
v -0.007894 0.022850 -0.001445
v -0.007990 0.022850 -0.000751
v -0.008025 0.022850 -0.000052
v -0.006216 0.022850 -0.000259
v -0.006190 0.022850 -0.000342
v 0.004676 0.022850 0.000819
v 0.004607 0.022850 0.000766
v 0.004543 0.022850 0.000707
v 0.004484 0.022850 0.000643
v 0.004431 0.022850 0.000574
v 0.004384 0.022850 0.000500
v -0.005509 0.022850 0.000966
v -0.005592 0.022850 0.000940
v -0.004310 0.022850 -0.000342
v -0.004284 0.022850 -0.000259
v -0.003004 0.022850 -0.000530
v -0.006069 0.022850 -0.000574
v -0.006116 0.022850 -0.000500
v 0.004310 0.022850 -0.000342
v 0.002336 0.022850 -0.001961
v 0.002498 0.022850 -0.001749
v 0.002866 0.022850 -0.001043
v 0.002946 0.022850 -0.000789
v 0.003004 0.022850 -0.000530
v -0.005824 0.022850 0.000819
v -0.005893 0.022850 0.000766
v -0.005957 0.022850 0.000707
v -0.006116 0.022850 0.000500
v -0.006069 0.022850 0.000574
v -0.006016 0.022850 0.000643
v -0.006156 0.022850 0.000423
v -0.006190 0.022850 0.000342
v -0.006156 0.022850 -0.000423
v 0.004750 0.022850 0.000866
v 0.004827 0.022850 0.000906
v 0.002764 0.022850 0.001289
v 0.002641 0.022850 0.001525
v 0.001289 0.022850 0.002764
v 0.001043 0.022850 0.002866
v 0.000789 0.022850 0.002946
v 0.000530 0.022850 0.003004
v 0.003038 0.022850 0.000266
v 0.004254 0.022850 0.000087
v 0.003050 0.022850 0.000000
v 0.004250 0.022850 -0.000000
v 0.003038 0.022850 -0.000266
v 0.002641 0.022850 -0.001525
v 0.002764 0.022850 -0.001289
v 0.004344 0.022850 -0.000423
v 0.001961 0.022850 -0.002336
v 0.002157 0.022850 -0.002157
v 0.004607 0.022850 -0.000766
v 0.004676 0.022850 -0.000819
v 0.006156 0.022850 -0.000423
v 0.006190 0.022850 -0.000342
v 0.002498 0.022850 0.001749
v 0.002336 0.022850 0.001961
v 0.002157 0.022850 0.002157
v 0.001961 0.022850 0.002336
v 0.001749 0.022850 0.002498
v 0.001525 0.022850 0.002641
v 0.002866 0.022850 0.001043
v 0.004344 0.022850 0.000423
v 0.002946 0.022850 0.000789
v 0.004310 0.022850 0.000342
v 0.003004 0.022850 0.000530
v 0.004284 0.022850 0.000259
v 0.004265 0.022850 0.000174
v 0.004254 0.022850 -0.000087
v 0.004265 0.022850 -0.000174
v 0.004284 0.022850 -0.000259
v -0.005673 0.022850 0.000906
v -0.005750 0.022850 0.000866
v -0.006216 0.022850 0.000259
v -0.006235 0.022850 0.000174
v -0.006246 0.022850 0.000087
v -0.006250 0.022850 -0.000000
v -0.006246 0.022850 -0.000087
v -0.006235 0.022850 -0.000174
v -0.006016 0.022850 -0.000643
v -0.005957 0.022850 -0.000707
v 0.006016 0.022850 0.000643
v 0.005957 0.022850 0.000707
v -0.003038 0.022850 -0.000266
v -0.004310 0.022850 0.000342
v -0.002946 0.022850 0.000789
v -0.003004 0.022850 0.000530
v -0.001749 0.022850 -0.002498
v -0.004484 0.022850 -0.000643
v -0.001961 0.022850 -0.002336
v -0.002157 0.022850 -0.002157
v 0.006069 0.022850 -0.000574
v 0.006116 0.022850 -0.000500
v 0.000266 0.022850 0.003038
v -0.000000 0.022850 0.003050
v -0.000266 0.022850 0.003038
v -0.002946 0.022850 -0.000789
v -0.002866 0.022850 -0.001043
v -0.002764 0.022850 -0.001289
v -0.002641 0.022850 -0.001525
v -0.002498 0.022850 -0.001749
v -0.002336 0.022850 -0.001961
v 0.005824 0.022850 -0.000819
v -0.004265 0.022850 -0.000174
v -0.004254 0.022850 -0.000087
v -0.003050 0.022850 -0.000000
v -0.004250 0.022850 0.000000
v -0.003038 0.022850 0.000266
v -0.004254 0.022850 0.000087
v -0.004265 0.022850 0.000174
v -0.004284 0.022850 0.000259
v -0.004484 0.022850 0.000643
v -0.001749 0.022850 0.002498
v -0.004431 0.022850 0.000574
v -0.001961 0.022850 0.002336
v -0.004384 0.022850 0.000500
v -0.004344 0.022850 0.000423
v -0.000530 0.022850 0.003004
v -0.000789 0.022850 0.002946
v -0.001043 0.022850 0.002866
v 0.000266 0.022850 -0.003038
v 0.000530 0.022850 -0.003004
v 0.000789 0.022850 -0.002946
v 0.001043 0.022850 -0.002866
v 0.004827 0.022850 -0.000906
v 0.006246 0.022850 -0.000087
v 0.006235 0.022850 -0.000174
v 0.006216 0.022850 -0.000259
v 0.006235 0.022850 0.000174
v 0.006246 0.022850 0.000087
v 0.006250 0.022850 0.000000
v 0.006116 0.022850 0.000500
v 0.006069 0.022850 0.000574
v -0.002336 0.022850 0.001961
v -0.002498 0.022850 0.001749
v -0.002641 0.022850 0.001525
v -0.005893 0.022850 -0.000766
v -0.005824 0.022850 -0.000819
v -0.005750 0.022850 -0.000866
v -0.004431 0.022850 -0.000574
v -0.004384 0.022850 -0.000500
v -0.004344 0.022850 -0.000423
v 0.005592 0.022850 -0.000940
v 0.005673 0.022850 -0.000906
v 0.005750 0.022850 -0.000866
v 0.005893 0.022850 -0.000766
v 0.005957 0.022850 -0.000707
v 0.006016 0.022850 -0.000643
v 0.006216 0.022850 0.000259
v 0.006190 0.022850 0.000342
v 0.006156 0.022850 0.000423
v -0.002157 0.022850 0.002157
v -0.002764 0.022850 0.001289
v -0.002866 0.022850 0.001043
v -0.001289 0.022850 0.002764
v -0.001525 0.022850 0.002641
v -0.005673 0.022850 -0.000906
v -0.005592 0.022850 -0.000940
v -0.005509 0.022850 -0.000966
v -0.005424 0.022850 -0.000985
v -0.005337 0.022850 -0.000996
v -0.005250 0.022850 -0.001000
v -0.005163 0.022850 -0.000996
v -0.005076 0.022850 -0.000985
v -0.004991 0.022850 -0.000966
v -0.004908 0.022850 -0.000940
v -0.004827 0.022850 -0.000906
v -0.000530 0.022850 -0.003004
v -0.000266 0.022850 -0.003038
v 0.000000 0.022850 -0.003050
v 0.004750 0.022850 -0.000866
v 0.004908 0.022850 -0.000940
v 0.004991 0.022850 -0.000966
v 0.005076 0.022850 -0.000985
v 0.005163 0.022850 -0.000996
v 0.005250 0.022850 -0.001000
v 0.005337 0.022850 -0.000996
v 0.005424 0.022850 -0.000985
v 0.005509 0.022850 -0.000966
v -0.004827 0.022850 0.000906
v -0.004750 0.022850 0.000866
v -0.004676 0.022850 0.000819
v -0.004607 0.022850 0.000766
v -0.004543 0.022850 0.000707
v -0.005424 0.022850 0.000985
v -0.005337 0.022850 0.000996
v -0.005250 0.022850 0.001000
v -0.005163 0.022850 0.000996
v -0.005076 0.022850 0.000985
v -0.004991 0.022850 0.000966
v -0.004908 0.022850 0.000940
v -0.004750 0.022850 -0.000866
v -0.004676 0.022850 -0.000819
v -0.004607 0.022850 -0.000766
v -0.001289 0.022850 -0.002764
v -0.001043 0.022850 -0.002866
v -0.000789 0.022850 -0.002946
v 0.001289 0.022850 -0.002764
v 0.001525 0.022850 -0.002641
v 0.001749 0.022850 -0.002498
v 0.004908 0.022850 0.000940
v 0.004991 0.022850 0.000966
v 0.005076 0.022850 0.000985
v 0.005163 0.022850 0.000996
v 0.005250 0.022850 0.001000
v 0.005337 0.022850 0.000996
v 0.005424 0.022850 0.000985
v 0.005509 0.022850 0.000966
v 0.005592 0.022850 0.000940
v -0.001525 0.022850 -0.002641
v -0.004543 0.022850 -0.000707
v 0.004543 0.022850 -0.000707
v 0.004484 0.022850 -0.000643
v 0.004431 0.022850 -0.000574
v 0.004384 0.022850 -0.000500
v 0.005893 0.022850 0.000766
v 0.005824 0.022850 0.000819
v 0.005750 0.022850 0.000866
v 0.005673 0.022850 0.000906
v 0.003049 0.024150 0.000060
v 0.003038 0.024150 0.000266
v 0.003033 0.024150 0.000325
v 0.003004 0.024150 0.000530
v 0.002993 0.024150 0.000588
v 0.002946 0.024150 0.000789
v 0.002930 0.024150 0.000847
v 0.002866 0.024150 0.001043
v 0.002845 0.024150 0.001099
v 0.002764 0.024150 0.001289
v 0.002738 0.024150 0.001343
v 0.002641 0.024150 0.001525
v 0.002611 0.024150 0.001576
v 0.002498 0.024150 0.001749
v 0.002464 0.024150 0.001798
v 0.002336 0.024150 0.001961
v 0.002298 0.024150 0.002006
v 0.002157 0.024150 0.002157
v 0.002114 0.024150 0.002199
v 0.001961 0.024150 0.002336
v 0.001914 0.024150 0.002374
v 0.001749 0.024150 0.002498
v 0.001700 0.024150 0.002532
v 0.001525 0.024150 0.002641
v 0.001473 0.024150 0.002671
v 0.001289 0.024150 0.002764
v 0.001235 0.024150 0.002789
v 0.001043 0.024150 0.002866
v 0.000987 0.024150 0.002886
v 0.000789 0.024150 0.002946
v 0.000732 0.024150 0.002961
v 0.000530 0.024150 0.003004
v 0.000471 0.024150 0.003013
v 0.000266 0.024150 0.003038
v 0.000206 0.024150 0.003043
v -0.000000 0.024150 0.003050
v -0.000060 0.024150 0.003049
v -0.000266 0.024150 0.003038
v -0.000325 0.024150 0.003033
v -0.000530 0.024150 0.003004
v -0.000588 0.024150 0.002993
v -0.000789 0.024150 0.002946
v -0.000847 0.024150 0.002930
v -0.001043 0.024150 0.002866
v -0.001099 0.024150 0.002845
v -0.001289 0.024150 0.002764
v -0.001343 0.024150 0.002738
v -0.001525 0.024150 0.002641
v -0.001576 0.024150 0.002611
v -0.001749 0.024150 0.002498
v -0.001798 0.024150 0.002464
v -0.001961 0.024150 0.002336
v -0.002006 0.024150 0.002298
v -0.002157 0.024150 0.002157
v -0.002199 0.024150 0.002114
v -0.002336 0.024150 0.001961
v -0.002374 0.024150 0.001914
v -0.002498 0.024150 0.001749
v -0.002532 0.024150 0.001700
v -0.002641 0.024150 0.001525
v -0.002671 0.024150 0.001473
v -0.002764 0.024150 0.001289
v -0.002789 0.024150 0.001235
v -0.002866 0.024150 0.001043
v -0.002886 0.024150 0.000987
v -0.002946 0.024150 0.000789
v -0.002961 0.024150 0.000732
v -0.003004 0.024150 0.000530
v -0.003013 0.024150 0.000471
v -0.003038 0.024150 0.000266
v -0.003043 0.024150 0.000206
v -0.003050 0.024150 -0.000000
v -0.003049 0.024150 -0.000060
v -0.003038 0.024150 -0.000266
v -0.003033 0.024150 -0.000325
v -0.003004 0.024150 -0.000530
v -0.002993 0.024150 -0.000588
v -0.002946 0.024150 -0.000789
v -0.002930 0.024150 -0.000847
v -0.002866 0.024150 -0.001043
v -0.002845 0.024150 -0.001099
v -0.002764 0.024150 -0.001289
v -0.002738 0.024150 -0.001343
v -0.002641 0.024150 -0.001525
v -0.002611 0.024150 -0.001576
v -0.002498 0.024150 -0.001749
v -0.002464 0.024150 -0.001798
v -0.002336 0.024150 -0.001961
v -0.002298 0.024150 -0.002006
v -0.002157 0.024150 -0.002157
v -0.002114 0.024150 -0.002199
v -0.001961 0.024150 -0.002336
v -0.001914 0.024150 -0.002374
v -0.001749 0.024150 -0.002498
v -0.001700 0.024150 -0.002532
v -0.001525 0.024150 -0.002641
v -0.001473 0.024150 -0.002671
v -0.001289 0.024150 -0.002764
v -0.001235 0.024150 -0.002789
v -0.001043 0.024150 -0.002866
v -0.000987 0.024150 -0.002886
v -0.000789 0.024150 -0.002946
v -0.000732 0.024150 -0.002961
v -0.000530 0.024150 -0.003004
v -0.000471 0.024150 -0.003013
v -0.000266 0.024150 -0.003038
v -0.000206 0.024150 -0.003043
v 0.000000 0.024150 -0.003050
v 0.000060 0.024150 -0.003049
v 0.000266 0.024150 -0.003038
v 0.000325 0.024150 -0.003033
v 0.000530 0.024150 -0.003004
v 0.000588 0.024150 -0.002993
v 0.000789 0.024150 -0.002946
v 0.000847 0.024150 -0.002930
v 0.001043 0.024150 -0.002866
v 0.001099 0.024150 -0.002845
v 0.001289 0.024150 -0.002764
v 0.001343 0.024150 -0.002738
v 0.001525 0.024150 -0.002641
v 0.001576 0.024150 -0.002611
v 0.001749 0.024150 -0.002498
v 0.001798 0.024150 -0.002464
v 0.001961 0.024150 -0.002336
v 0.002006 0.024150 -0.002298
v 0.002157 0.024150 -0.002157
v 0.002199 0.024150 -0.002114
v 0.002336 0.024150 -0.001961
v 0.002374 0.024150 -0.001914
v 0.002498 0.024150 -0.001749
v 0.002532 0.024150 -0.001700
v 0.002641 0.024150 -0.001525
v 0.002671 0.024150 -0.001473
v 0.002764 0.024150 -0.001289
v 0.002789 0.024150 -0.001235
v 0.002866 0.024150 -0.001043
v 0.002886 0.024150 -0.000987
v 0.002946 0.024150 -0.000789
v 0.002961 0.024150 -0.000732
v 0.003004 0.024150 -0.000530
v 0.003013 0.024150 -0.000471
v 0.003038 0.024150 -0.000266
v 0.003043 0.024150 -0.000206
v 0.003050 0.024150 0.000000
v -0.002861 0.024349 0.000194
v -0.002843 0.024350 0.000193
v -0.002849 0.024350 -0.000056
v -0.002833 0.024349 0.000442
v -0.002816 0.024350 0.000440
v -0.002784 0.024349 0.000688
v -0.002767 0.024350 0.000684
v -0.002713 0.024349 0.000928
v -0.002697 0.024350 0.000922
v -0.002622 0.024349 0.001161
v -0.002606 0.024350 0.001154
v -0.002511 0.024349 0.001385
v -0.002496 0.024350 0.001376
v -0.002381 0.024349 0.001598
v -0.002366 0.024350 0.001589
v -0.002232 0.024349 0.001800
v -0.002219 0.024350 0.001789
v -0.002067 0.024349 0.001987
v -0.002054 0.024350 0.001975
v -0.001886 0.024349 0.002160
v -0.001874 0.024350 0.002147
v -0.001690 0.024349 0.002316
v -0.001680 0.024350 0.002302
v -0.001482 0.024349 0.002455
v -0.001473 0.024350 0.002440
v -0.001263 0.024349 0.002575
v -0.001255 0.024350 0.002559
v -0.001033 0.024349 0.002675
v -0.001027 0.024350 0.002659
v -0.000796 0.024349 0.002755
v -0.000791 0.024350 0.002738
v -0.000553 0.024349 0.002814
v -0.000550 0.024350 0.002796
v -0.000306 0.024349 0.002851
v -0.000304 0.024350 0.002834
v -0.000056 0.024349 0.002867
v -0.000056 0.024350 0.002849
v 0.000194 0.024349 0.002861
v 0.000193 0.024350 0.002843
v 0.000442 0.024349 0.002833
v 0.000440 0.024350 0.002816
v 0.000688 0.024349 0.002784
v 0.000684 0.024350 0.002767
v 0.000928 0.024349 0.002713
v 0.000922 0.024350 0.002697
v 0.001161 0.024349 0.002622
v 0.001154 0.024350 0.002606
v 0.001385 0.024349 0.002511
v 0.001376 0.024350 0.002496
v 0.001598 0.024349 0.002381
v 0.001589 0.024350 0.002366
v 0.001800 0.024349 0.002232
v 0.001789 0.024350 0.002219
v 0.001987 0.024349 0.002067
v 0.001975 0.024350 0.002054
v 0.002160 0.024349 0.001886
v 0.002147 0.024350 0.001874
v 0.002316 0.024349 0.001690
v 0.002302 0.024350 0.001680
v 0.002455 0.024349 0.001482
v 0.002440 0.024350 0.001473
v 0.002575 0.024349 0.001263
v 0.002559 0.024350 0.001255
v 0.002675 0.024349 0.001033
v 0.002659 0.024350 0.001027
v 0.002755 0.024349 0.000796
v 0.002738 0.024350 0.000791
v 0.002814 0.024349 0.000553
v 0.002796 0.024350 0.000550
v 0.002851 0.024349 0.000306
v 0.002834 0.024350 0.000304
v 0.002867 0.024349 0.000056
v 0.002849 0.024350 0.000056
v 0.002861 0.024349 -0.000194
v 0.002843 0.024350 -0.000193
v 0.002833 0.024349 -0.000442
v 0.002816 0.024350 -0.000440
v 0.002784 0.024349 -0.000688
v 0.002767 0.024350 -0.000684
v 0.002713 0.024349 -0.000928
v 0.002697 0.024350 -0.000922
v 0.002622 0.024349 -0.001161
v 0.002606 0.024350 -0.001154
v 0.002511 0.024349 -0.001385
v 0.002496 0.024350 -0.001376
v 0.002381 0.024349 -0.001598
v 0.002366 0.024350 -0.001589
v 0.002232 0.024349 -0.001800
v 0.002219 0.024350 -0.001789
v 0.002067 0.024349 -0.001987
v 0.002054 0.024350 -0.001975
v 0.001886 0.024349 -0.002160
v 0.001874 0.024350 -0.002147
v 0.001690 0.024349 -0.002316
v 0.001680 0.024350 -0.002302
v 0.001482 0.024349 -0.002455
v 0.001473 0.024350 -0.002440
v 0.001263 0.024349 -0.002575
v 0.001255 0.024350 -0.002559
v 0.001033 0.024349 -0.002675
v 0.001027 0.024350 -0.002659
v 0.000796 0.024349 -0.002755
v 0.000791 0.024350 -0.002738
v 0.000553 0.024349 -0.002814
v 0.000550 0.024350 -0.002796
v 0.000306 0.024349 -0.002851
v 0.000304 0.024350 -0.002834
v -0.000194 0.024349 -0.002861
v -0.000193 0.024350 -0.002843
v 0.000056 0.024350 -0.002849
v -0.000442 0.024349 -0.002833
v -0.000440 0.024350 -0.002816
v -0.000688 0.024349 -0.002784
v -0.000684 0.024350 -0.002767
v -0.000928 0.024349 -0.002713
v -0.000922 0.024350 -0.002697
v -0.001161 0.024349 -0.002622
v -0.001154 0.024350 -0.002606
v -0.001385 0.024349 -0.002511
v -0.001376 0.024350 -0.002496
v -0.001598 0.024349 -0.002381
v -0.001589 0.024350 -0.002366
v -0.001800 0.024349 -0.002232
v -0.001789 0.024350 -0.002219
v -0.001987 0.024349 -0.002067
v -0.001975 0.024350 -0.002054
v -0.002160 0.024349 -0.001886
v -0.002147 0.024350 -0.001874
v -0.002316 0.024349 -0.001690
v -0.002302 0.024350 -0.001680
v -0.002455 0.024349 -0.001482
v -0.002440 0.024350 -0.001473
v -0.002575 0.024349 -0.001263
v -0.002559 0.024350 -0.001255
v -0.002675 0.024349 -0.001033
v -0.002659 0.024350 -0.001027
v -0.002755 0.024349 -0.000796
v -0.002738 0.024350 -0.000791
v -0.002814 0.024349 -0.000553
v -0.002796 0.024350 -0.000550
v -0.002851 0.024349 -0.000306
v -0.002834 0.024350 -0.000304
v -0.002867 0.024349 -0.000056
v -0.000445 0.024347 -0.002850
v -0.000692 0.024347 -0.002801
v -0.000696 0.024343 -0.002817
v -0.000939 0.024343 -0.002746
v -0.000944 0.024338 -0.002761
v -0.001181 0.024338 -0.002669
v -0.001188 0.024331 -0.002683
v -0.001417 0.024331 -0.002570
v -0.001425 0.024323 -0.002583
v -0.001644 0.024323 -0.002449
v -0.001653 0.024314 -0.002461
v -0.001861 0.024314 -0.002308
v -0.001869 0.024303 -0.002319
v -0.002064 0.024303 -0.002147
v -0.002073 0.024291 -0.002156
v -0.002253 0.024291 -0.001967
v -0.002262 0.024279 -0.001975
v -0.002426 0.024279 -0.001770
v -0.002434 0.024265 -0.001777
v -0.002580 0.024265 -0.001558
v -0.002588 0.024250 -0.001563
v -0.002714 0.024250 -0.001331
v -0.002722 0.024235 -0.001335
v -0.002828 0.024235 -0.001092
v -0.002834 0.024218 -0.001095
v -0.002918 0.024218 -0.000844
v -0.002923 0.024202 -0.000845
v -0.002986 0.024202 -0.000587
v -0.002990 0.024185 -0.000588
v -0.003030 0.024185 -0.000325
v -0.003032 0.024167 -0.000325
v -0.003049 0.024167 -0.000060
v -0.002992 0.024167 -0.000588
v -0.002927 0.024185 -0.000846
v -0.002839 0.024202 -0.001097
v -0.002728 0.024218 -0.001338
v -0.002595 0.024235 -0.001567
v -0.002442 0.024250 -0.001782
v -0.002270 0.024265 -0.001982
v -0.002082 0.024279 -0.002165
v -0.001878 0.024291 -0.002329
v -0.001660 0.024303 -0.002473
v -0.001432 0.024314 -0.002596
v -0.001194 0.024323 -0.002698
v -0.000949 0.024331 -0.002777
v -0.000700 0.024338 -0.002833
v -0.000448 0.024343 -0.002867
v -0.000195 0.024347 -0.002878
v 0.000056 0.024349 -0.002867
v -0.002929 0.024167 -0.000847
v 0.000057 0.024347 -0.002884
v -0.000196 0.024343 -0.002895
v -0.000450 0.024338 -0.002883
v -0.000704 0.024331 -0.002849
v -0.000954 0.024323 -0.002791
v -0.001200 0.024314 -0.002711
v -0.001438 0.024303 -0.002608
v -0.001667 0.024291 -0.002484
v -0.001885 0.024279 -0.002338
v -0.002089 0.024265 -0.002172
v -0.002277 0.024250 -0.001988
v -0.002449 0.024235 -0.001787
v -0.002601 0.024218 -0.001570
v -0.002732 0.024202 -0.001340
v -0.002842 0.024185 -0.001098
v -0.002844 0.024167 -0.001099
v 0.000308 0.024347 -0.002868
v 0.000057 0.024343 -0.002901
v -0.000197 0.024338 -0.002912
v -0.000453 0.024331 -0.002899
v -0.000708 0.024323 -0.002864
v -0.000959 0.024314 -0.002805
v -0.001206 0.024303 -0.002724
v -0.001445 0.024291 -0.002619
v -0.001674 0.024279 -0.002493
v -0.001892 0.024265 -0.002346
v -0.002095 0.024250 -0.002179
v -0.002283 0.024235 -0.001994
v -0.002454 0.024218 -0.001791
v -0.002605 0.024202 -0.001573
v -0.002736 0.024185 -0.001342
v -0.002738 0.024167 -0.001343
v 0.000557 0.024347 -0.002831
v 0.000310 0.024343 -0.002885
v 0.000057 0.024338 -0.002918
v -0.000198 0.024331 -0.002928
v -0.000455 0.024323 -0.002915
v -0.000711 0.024314 -0.002878
v -0.000964 0.024303 -0.002818
v -0.001211 0.024291 -0.002735
v -0.001450 0.024279 -0.002630
v -0.001680 0.024265 -0.002502
v -0.001898 0.024250 -0.002354
v -0.002101 0.024235 -0.002185
v -0.002288 0.024218 -0.001998
v -0.002458 0.024202 -0.001794
v -0.002608 0.024185 -0.001575
v -0.002610 0.024167 -0.001576
v 0.000801 0.024347 -0.002771
v 0.000560 0.024343 -0.002847
v 0.000311 0.024338 -0.002902
v 0.000058 0.024331 -0.002934
v -0.000199 0.024323 -0.002943
v -0.000457 0.024314 -0.002929
v -0.000714 0.024303 -0.002892
v -0.000968 0.024291 -0.002831
v -0.001216 0.024279 -0.002746
v -0.001455 0.024265 -0.002639
v -0.001685 0.024250 -0.002510
v -0.001903 0.024235 -0.002360
v -0.002106 0.024218 -0.002190
v -0.002292 0.024202 -0.002001
v -0.002461 0.024185 -0.001796
v -0.002463 0.024167 -0.001798
v 0.001040 0.024347 -0.002691
v 0.000806 0.024343 -0.002788
v 0.000563 0.024338 -0.002864
v 0.000313 0.024331 -0.002918
v 0.000058 0.024323 -0.002949
v -0.000200 0.024314 -0.002958
v -0.000460 0.024303 -0.002943
v -0.000717 0.024291 -0.002904
v -0.000972 0.024279 -0.002842
v -0.001220 0.024265 -0.002756
v -0.001460 0.024250 -0.002647
v -0.001690 0.024235 -0.002517
v -0.001907 0.024218 -0.002365
v -0.002109 0.024202 -0.002194
v -0.002295 0.024185 -0.002004
v -0.002297 0.024167 -0.002005
v 0.001270 0.024347 -0.002590
v 0.001046 0.024343 -0.002707
v 0.000810 0.024338 -0.002804
v 0.000566 0.024331 -0.002879
v 0.000315 0.024323 -0.002933
v 0.000058 0.024314 -0.002964
v -0.000201 0.024303 -0.002972
v -0.000462 0.024291 -0.002956
v -0.000720 0.024279 -0.002916
v -0.000975 0.024265 -0.002852
v -0.001224 0.024250 -0.002764
v -0.001464 0.024235 -0.002654
v -0.001693 0.024218 -0.002522
v -0.001910 0.024202 -0.002369
v -0.002112 0.024185 -0.002196
v -0.002113 0.024167 -0.002198
v 0.001491 0.024347 -0.002469
v 0.001278 0.024343 -0.002605
v 0.001052 0.024338 -0.002722
v 0.000815 0.024331 -0.002819
v 0.000569 0.024323 -0.002895
v 0.000316 0.024314 -0.002948
v 0.000058 0.024303 -0.002978
v -0.000202 0.024291 -0.002985
v -0.000463 0.024279 -0.002967
v -0.000723 0.024265 -0.002926
v -0.000978 0.024250 -0.002861
v -0.001227 0.024235 -0.002772
v -0.001467 0.024218 -0.002660
v -0.001696 0.024202 -0.002527
v -0.001912 0.024185 -0.002372
v -0.001914 0.024167 -0.002374
v 0.001701 0.024347 -0.002330
v 0.001500 0.024343 -0.002484
v 0.001285 0.024338 -0.002620
v 0.001058 0.024331 -0.002737
v 0.000819 0.024323 -0.002834
v 0.000572 0.024314 -0.002909
v 0.000318 0.024303 -0.002962
v 0.000059 0.024291 -0.002991
v -0.000203 0.024279 -0.002996
v -0.000465 0.024265 -0.002978
v -0.000725 0.024250 -0.002935
v -0.000981 0.024235 -0.002868
v -0.001230 0.024218 -0.002778
v -0.001470 0.024202 -0.002665
v -0.001698 0.024185 -0.002530
v -0.001700 0.024167 -0.002532
v 0.001897 0.024347 -0.002173
v 0.001711 0.024343 -0.002344
v 0.001508 0.024338 -0.002498
v 0.001292 0.024331 -0.002635
v 0.001063 0.024323 -0.002752
v 0.000823 0.024314 -0.002848
v 0.000575 0.024303 -0.002923
v 0.000319 0.024291 -0.002974
v 0.000059 0.024279 -0.003003
v -0.000204 0.024265 -0.003007
v -0.000467 0.024250 -0.002987
v -0.000727 0.024235 -0.002943
v -0.000983 0.024218 -0.002875
v -0.001232 0.024202 -0.002783
v -0.001471 0.024185 -0.002668
v -0.001473 0.024167 -0.002670
v 0.002079 0.024347 -0.001999
v 0.001908 0.024343 -0.002186
v 0.001720 0.024338 -0.002357
v 0.001517 0.024331 -0.002512
v 0.001299 0.024323 -0.002649
v 0.001068 0.024314 -0.002766
v 0.000827 0.024303 -0.002861
v 0.000577 0.024291 -0.002935
v 0.000320 0.024279 -0.002986
v 0.000059 0.024265 -0.003013
v -0.000204 0.024250 -0.003016
v -0.000468 0.024235 -0.002995
v -0.000729 0.024218 -0.002949
v -0.000985 0.024202 -0.002880
v -0.001233 0.024185 -0.002786
v -0.001234 0.024167 -0.002788
v 0.002246 0.024347 -0.001811
v 0.002092 0.024343 -0.002011
v 0.001919 0.024338 -0.002198
v 0.001730 0.024331 -0.002370
v 0.001525 0.024323 -0.002525
v 0.001305 0.024314 -0.002662
v 0.001073 0.024303 -0.002778
v 0.000831 0.024291 -0.002874
v 0.000579 0.024279 -0.002947
v 0.000321 0.024265 -0.002997
v 0.000059 0.024250 -0.003023
v -0.000205 0.024235 -0.003024
v -0.000469 0.024218 -0.003002
v -0.000730 0.024202 -0.002954
v -0.000986 0.024185 -0.002883
v -0.000987 0.024167 -0.002885
v 0.002395 0.024347 -0.001608
v 0.002259 0.024343 -0.001821
v 0.002104 0.024338 -0.002023
v 0.001930 0.024331 -0.002211
v 0.001739 0.024323 -0.002383
v 0.001532 0.024314 -0.002538
v 0.001311 0.024303 -0.002674
v 0.001078 0.024291 -0.002790
v 0.000834 0.024279 -0.002885
v 0.000581 0.024265 -0.002957
v 0.000322 0.024250 -0.003006
v 0.000059 0.024235 -0.003031
v -0.000205 0.024218 -0.003031
v -0.000470 0.024202 -0.003007
v -0.000731 0.024185 -0.002958
v -0.000731 0.024167 -0.002960
v 0.002526 0.024347 -0.001393
v 0.002409 0.024343 -0.001617
v 0.002272 0.024338 -0.001832
v 0.002115 0.024331 -0.002034
v 0.001940 0.024323 -0.002222
v 0.001748 0.024314 -0.002395
v 0.001540 0.024303 -0.002550
v 0.001317 0.024291 -0.002686
v 0.001082 0.024279 -0.002801
v 0.000837 0.024265 -0.002895
v 0.000583 0.024250 -0.002966
v 0.000323 0.024235 -0.003014
v 0.000060 0.024218 -0.003037
v -0.000206 0.024202 -0.003036
v -0.000470 0.024185 -0.003010
v -0.000471 0.024167 -0.003013
v 0.002638 0.024347 -0.001168
v 0.002541 0.024343 -0.001401
v 0.002423 0.024338 -0.001627
v 0.002285 0.024331 -0.001842
v 0.002126 0.024323 -0.002045
v 0.001950 0.024314 -0.002233
v 0.001756 0.024303 -0.002406
v 0.001546 0.024291 -0.002561
v 0.001322 0.024279 -0.002696
v 0.001086 0.024265 -0.002811
v 0.000840 0.024250 -0.002904
v 0.000585 0.024235 -0.002974
v 0.000324 0.024218 -0.003021
v 0.000060 0.024202 -0.003043
v -0.000206 0.024185 -0.003040
v -0.000206 0.024167 -0.003042
v 0.002730 0.024347 -0.000933
v 0.002653 0.024343 -0.001175
v 0.002556 0.024338 -0.001409
v 0.002436 0.024331 -0.001636
v 0.002297 0.024323 -0.001852
v 0.002137 0.024314 -0.002055
v 0.001959 0.024303 -0.002244
v 0.001764 0.024291 -0.002416
v 0.001552 0.024279 -0.002571
v 0.001327 0.024265 -0.002706
v 0.001089 0.024250 -0.002820
v 0.000842 0.024235 -0.002912
v 0.000586 0.024218 -0.002981
v 0.000325 0.024202 -0.003026
v 0.000060 0.024185 -0.003046
v 0.000060 0.024167 -0.003049
v 0.002801 0.024347 -0.000692
v 0.002746 0.024343 -0.000939
v 0.002669 0.024338 -0.001181
v 0.002570 0.024331 -0.001417
v 0.002449 0.024323 -0.001644
v 0.002308 0.024314 -0.001861
v 0.002147 0.024303 -0.002064
v 0.001967 0.024291 -0.002253
v 0.001770 0.024279 -0.002426
v 0.001558 0.024265 -0.002580
v 0.001331 0.024250 -0.002714
v 0.001092 0.024235 -0.002828
v 0.000844 0.024218 -0.002918
v 0.000587 0.024202 -0.002986
v 0.000325 0.024185 -0.003030
v 0.000325 0.024167 -0.003032
v 0.002850 0.024347 -0.000445
v 0.002817 0.024343 -0.000696
v 0.002761 0.024338 -0.000944
v 0.002683 0.024331 -0.001188
v 0.002583 0.024323 -0.001425
v 0.002461 0.024314 -0.001653
v 0.002319 0.024303 -0.001869
v 0.002156 0.024291 -0.002073
v 0.001975 0.024279 -0.002262
v 0.001777 0.024265 -0.002434
v 0.001563 0.024250 -0.002588
v 0.001335 0.024235 -0.002722
v 0.001095 0.024218 -0.002834
v 0.000845 0.024202 -0.002923
v 0.000588 0.024185 -0.002990
v 0.000588 0.024167 -0.002992
v 0.002878 0.024347 -0.000195
v 0.002867 0.024343 -0.000448
v 0.002833 0.024338 -0.000700
v 0.002777 0.024331 -0.000949
v 0.002698 0.024323 -0.001194
v 0.002596 0.024314 -0.001432
v 0.002473 0.024303 -0.001660
v 0.002329 0.024291 -0.001878
v 0.002165 0.024279 -0.002082
v 0.001982 0.024265 -0.002270
v 0.001782 0.024250 -0.002442
v 0.001567 0.024235 -0.002595
v 0.001338 0.024218 -0.002728
v 0.001097 0.024202 -0.002839
v 0.000846 0.024185 -0.002927
v 0.000847 0.024167 -0.002929
v 0.002884 0.024347 0.000057
v 0.002895 0.024343 -0.000196
v 0.002883 0.024338 -0.000450
v 0.002849 0.024331 -0.000704
v 0.002791 0.024323 -0.000954
v 0.002711 0.024314 -0.001200
v 0.002608 0.024303 -0.001438
v 0.002484 0.024291 -0.001667
v 0.002338 0.024279 -0.001885
v 0.002172 0.024265 -0.002089
v 0.001988 0.024250 -0.002277
v 0.001787 0.024235 -0.002449
v 0.001570 0.024218 -0.002601
v 0.001340 0.024202 -0.002732
v 0.001098 0.024185 -0.002842
v 0.001099 0.024167 -0.002844
v 0.002868 0.024347 0.000308
v 0.002901 0.024343 0.000057
v 0.002912 0.024338 -0.000197
v 0.002899 0.024331 -0.000453
v 0.002864 0.024323 -0.000708
v 0.002805 0.024314 -0.000959
v 0.002724 0.024303 -0.001206
v 0.002619 0.024291 -0.001445
v 0.002493 0.024279 -0.001674
v 0.002346 0.024265 -0.001892
v 0.002179 0.024250 -0.002095
v 0.001994 0.024235 -0.002283
v 0.001791 0.024218 -0.002454
v 0.001573 0.024202 -0.002605
v 0.001342 0.024185 -0.002736
v 0.001343 0.024167 -0.002738
v 0.002831 0.024347 0.000557
v 0.002885 0.024343 0.000310
v 0.002918 0.024338 0.000057
v 0.002928 0.024331 -0.000198
v 0.002915 0.024323 -0.000455
v 0.002878 0.024314 -0.000711
v 0.002818 0.024303 -0.000964
v 0.002735 0.024291 -0.001211
v 0.002630 0.024279 -0.001450
v 0.002502 0.024265 -0.001680
v 0.002354 0.024250 -0.001898
v 0.002185 0.024235 -0.002101
v 0.001998 0.024218 -0.002288
v 0.001794 0.024202 -0.002458
v 0.001575 0.024185 -0.002608
v 0.001576 0.024167 -0.002610
v 0.002771 0.024347 0.000801
v 0.002847 0.024343 0.000560
v 0.002902 0.024338 0.000311
v 0.002934 0.024331 0.000058
v 0.002943 0.024323 -0.000199
v 0.002929 0.024314 -0.000457
v 0.002892 0.024303 -0.000714
v 0.002831 0.024291 -0.000968
v 0.002746 0.024279 -0.001216
v 0.002639 0.024265 -0.001455
v 0.002510 0.024250 -0.001685
v 0.002360 0.024235 -0.001903
v 0.002190 0.024218 -0.002106
v 0.002001 0.024202 -0.002292
v 0.001796 0.024185 -0.002461
v 0.001798 0.024167 -0.002463
v 0.002691 0.024347 0.001040
v 0.002788 0.024343 0.000806
v 0.002864 0.024338 0.000563
v 0.002918 0.024331 0.000313
v 0.002949 0.024323 0.000058
v 0.002958 0.024314 -0.000200
v 0.002943 0.024303 -0.000460
v 0.002904 0.024291 -0.000717
v 0.002842 0.024279 -0.000972
v 0.002756 0.024265 -0.001220
v 0.002647 0.024250 -0.001460
v 0.002517 0.024235 -0.001690
v 0.002365 0.024218 -0.001907
v 0.002194 0.024202 -0.002109
v 0.002004 0.024185 -0.002295
v 0.002005 0.024167 -0.002297
v 0.002590 0.024347 0.001270
v 0.002707 0.024343 0.001046
v 0.002804 0.024338 0.000810
v 0.002879 0.024331 0.000566
v 0.002933 0.024323 0.000315
v 0.002964 0.024314 0.000058
v 0.002972 0.024303 -0.000201
v 0.002956 0.024291 -0.000462
v 0.002916 0.024279 -0.000720
v 0.002852 0.024265 -0.000975
v 0.002764 0.024250 -0.001224
v 0.002654 0.024235 -0.001464
v 0.002522 0.024218 -0.001693
v 0.002369 0.024202 -0.001910
v 0.002196 0.024185 -0.002112
v 0.002198 0.024167 -0.002113
v 0.002469 0.024347 0.001491
v 0.002605 0.024343 0.001278
v 0.002722 0.024338 0.001052
v 0.002819 0.024331 0.000815
v 0.002895 0.024323 0.000569
v 0.002948 0.024314 0.000316
v 0.002978 0.024303 0.000058
v 0.002985 0.024291 -0.000202
v 0.002967 0.024279 -0.000463
v 0.002926 0.024265 -0.000723
v 0.002861 0.024250 -0.000978
v 0.002772 0.024235 -0.001227
v 0.002660 0.024218 -0.001467
v 0.002527 0.024202 -0.001696
v 0.002372 0.024185 -0.001912
v 0.002374 0.024167 -0.001914
v 0.002330 0.024347 0.001701
v 0.002484 0.024343 0.001500
v 0.002620 0.024338 0.001285
v 0.002737 0.024331 0.001058
v 0.002834 0.024323 0.000819
v 0.002909 0.024314 0.000572
v 0.002962 0.024303 0.000318
v 0.002991 0.024291 0.000059
v 0.002996 0.024279 -0.000203
v 0.002978 0.024265 -0.000465
v 0.002935 0.024250 -0.000725
v 0.002868 0.024235 -0.000981
v 0.002778 0.024218 -0.001230
v 0.002665 0.024202 -0.001470
v 0.002530 0.024185 -0.001698
v 0.002532 0.024167 -0.001700
v 0.002173 0.024347 0.001897
v 0.002344 0.024343 0.001711
v 0.002498 0.024338 0.001508
v 0.002635 0.024331 0.001292
v 0.002752 0.024323 0.001063
v 0.002848 0.024314 0.000823
v 0.002923 0.024303 0.000575
v 0.002974 0.024291 0.000319
v 0.003003 0.024279 0.000059
v 0.003007 0.024265 -0.000204
v 0.002987 0.024250 -0.000467
v 0.002943 0.024235 -0.000727
v 0.002875 0.024218 -0.000983
v 0.002783 0.024202 -0.001232
v 0.002668 0.024185 -0.001471
v 0.002670 0.024167 -0.001473
v 0.001999 0.024347 0.002079
v 0.002186 0.024343 0.001908
v 0.002357 0.024338 0.001720
v 0.002512 0.024331 0.001517
v 0.002649 0.024323 0.001299
v 0.002766 0.024314 0.001068
v 0.002861 0.024303 0.000827
v 0.002935 0.024291 0.000577
v 0.002986 0.024279 0.000320
v 0.003013 0.024265 0.000059
v 0.003016 0.024250 -0.000204
v 0.002995 0.024235 -0.000468
v 0.002949 0.024218 -0.000729
v 0.002880 0.024202 -0.000985
v 0.002786 0.024185 -0.001233
v 0.002788 0.024167 -0.001234
v 0.001811 0.024347 0.002246
v 0.002011 0.024343 0.002092
v 0.002198 0.024338 0.001919
v 0.002370 0.024331 0.001730
v 0.002525 0.024323 0.001525
v 0.002662 0.024314 0.001305
v 0.002778 0.024303 0.001073
v 0.002874 0.024291 0.000831
v 0.002947 0.024279 0.000579
v 0.002997 0.024265 0.000321
v 0.003023 0.024250 0.000059
v 0.003024 0.024235 -0.000205
v 0.003002 0.024218 -0.000469
v 0.002954 0.024202 -0.000730
v 0.002883 0.024185 -0.000986
v 0.002885 0.024167 -0.000987
v 0.001608 0.024347 0.002395
v 0.001821 0.024343 0.002259
v 0.002023 0.024338 0.002104
v 0.002211 0.024331 0.001930
v 0.002383 0.024323 0.001739
v 0.002538 0.024314 0.001532
v 0.002674 0.024303 0.001311
v 0.002790 0.024291 0.001078
v 0.002885 0.024279 0.000834
v 0.002957 0.024265 0.000581
v 0.003006 0.024250 0.000322
v 0.003031 0.024235 0.000059
v 0.003031 0.024218 -0.000205
v 0.003007 0.024202 -0.000470
v 0.002958 0.024185 -0.000731
v 0.002960 0.024167 -0.000731
v 0.001393 0.024347 0.002526
v 0.001617 0.024343 0.002409
v 0.001832 0.024338 0.002272
v 0.002034 0.024331 0.002115
v 0.002222 0.024323 0.001940
v 0.002395 0.024314 0.001748
v 0.002550 0.024303 0.001540
v 0.002686 0.024291 0.001317
v 0.002801 0.024279 0.001082
v 0.002895 0.024265 0.000837
v 0.002966 0.024250 0.000583
v 0.003014 0.024235 0.000323
v 0.003037 0.024218 0.000060
v 0.003036 0.024202 -0.000206
v 0.003010 0.024185 -0.000470
v 0.003013 0.024167 -0.000471
v 0.001168 0.024347 0.002638
v 0.001401 0.024343 0.002541
v 0.001627 0.024338 0.002423
v 0.001842 0.024331 0.002285
v 0.002045 0.024323 0.002126
v 0.002233 0.024314 0.001950
v 0.002406 0.024303 0.001756
v 0.002561 0.024291 0.001546
v 0.002696 0.024279 0.001322
v 0.002811 0.024265 0.001086
v 0.002904 0.024250 0.000840
v 0.002974 0.024235 0.000585
v 0.003021 0.024218 0.000324
v 0.003043 0.024202 0.000060
v 0.003040 0.024185 -0.000206
v 0.003042 0.024167 -0.000206
v 0.000933 0.024347 0.002730
v 0.001175 0.024343 0.002653
v 0.001409 0.024338 0.002556
v 0.001636 0.024331 0.002436
v 0.001852 0.024323 0.002297
v 0.002055 0.024314 0.002137
v 0.002244 0.024303 0.001959
v 0.002416 0.024291 0.001764
v 0.002571 0.024279 0.001552
v 0.002706 0.024265 0.001327
v 0.002820 0.024250 0.001089
v 0.002912 0.024235 0.000842
v 0.002981 0.024218 0.000586
v 0.003026 0.024202 0.000325
v 0.003046 0.024185 0.000060
v 0.003049 0.024167 0.000060
v 0.000692 0.024347 0.002801
v 0.000939 0.024343 0.002746
v 0.001181 0.024338 0.002669
v 0.001417 0.024331 0.002570
v 0.001644 0.024323 0.002449
v 0.001861 0.024314 0.002308
v 0.002064 0.024303 0.002147
v 0.002253 0.024291 0.001967
v 0.002426 0.024279 0.001770
v 0.002580 0.024265 0.001558
v 0.002714 0.024250 0.001331
v 0.002828 0.024235 0.001092
v 0.002918 0.024218 0.000844
v 0.002986 0.024202 0.000587
v 0.003030 0.024185 0.000325
v 0.003032 0.024167 0.000325
v 0.000445 0.024347 0.002850
v 0.000696 0.024343 0.002817
v 0.000944 0.024338 0.002761
v 0.001188 0.024331 0.002683
v 0.001425 0.024323 0.002583
v 0.001653 0.024314 0.002461
v 0.001869 0.024303 0.002319
v 0.002073 0.024291 0.002156
v 0.002262 0.024279 0.001975
v 0.002434 0.024265 0.001777
v 0.002588 0.024250 0.001563
v 0.002722 0.024235 0.001335
v 0.002834 0.024218 0.001095
v 0.002923 0.024202 0.000845
v 0.002990 0.024185 0.000588
v 0.002992 0.024167 0.000588
v 0.000195 0.024347 0.002878
v 0.000448 0.024343 0.002867
v 0.000700 0.024338 0.002833
v 0.000949 0.024331 0.002777
v 0.001194 0.024323 0.002698
v 0.001432 0.024314 0.002596
v 0.001660 0.024303 0.002473
v 0.001878 0.024291 0.002329
v 0.002082 0.024279 0.002165
v 0.002270 0.024265 0.001982
v 0.002442 0.024250 0.001782
v 0.002595 0.024235 0.001567
v 0.002728 0.024218 0.001338
v 0.002839 0.024202 0.001097
v 0.002927 0.024185 0.000846
v 0.002929 0.024167 0.000847
v -0.000057 0.024347 0.002884
v 0.000196 0.024343 0.002895
v 0.000450 0.024338 0.002883
v 0.000704 0.024331 0.002849
v 0.000954 0.024323 0.002791
v 0.001200 0.024314 0.002711
v 0.001438 0.024303 0.002608
v 0.001667 0.024291 0.002484
v 0.001885 0.024279 0.002338
v 0.002089 0.024265 0.002172
v 0.002277 0.024250 0.001988
v 0.002449 0.024235 0.001787
v 0.002601 0.024218 0.001570
v 0.002732 0.024202 0.001340
v 0.002842 0.024185 0.001098
v 0.002844 0.024167 0.001099
v -0.000308 0.024347 0.002868
v -0.000057 0.024343 0.002901
v 0.000197 0.024338 0.002912
v 0.000453 0.024331 0.002899
v 0.000708 0.024323 0.002864
v 0.000959 0.024314 0.002805
v 0.001206 0.024303 0.002724
v 0.001445 0.024291 0.002619
v 0.001674 0.024279 0.002493
v 0.001892 0.024265 0.002346
v 0.002095 0.024250 0.002179
v 0.002283 0.024235 0.001994
v 0.002454 0.024218 0.001791
v 0.002605 0.024202 0.001573
v 0.002736 0.024185 0.001342
v 0.002738 0.024167 0.001343
v -0.000557 0.024347 0.002831
v -0.000310 0.024343 0.002885
v -0.000057 0.024338 0.002918
v 0.000198 0.024331 0.002928
v 0.000455 0.024323 0.002915
v 0.000711 0.024314 0.002878
v 0.000964 0.024303 0.002818
v 0.001211 0.024291 0.002735
v 0.001450 0.024279 0.002630
v 0.001680 0.024265 0.002502
v 0.001898 0.024250 0.002354
v 0.002101 0.024235 0.002185
v 0.002288 0.024218 0.001998
v 0.002458 0.024202 0.001794
v 0.002608 0.024185 0.001575
v 0.002610 0.024167 0.001576
v -0.000801 0.024347 0.002771
v -0.000560 0.024343 0.002847
v -0.000311 0.024338 0.002902
v -0.000058 0.024331 0.002934
v 0.000199 0.024323 0.002943
v 0.000457 0.024314 0.002929
v 0.000714 0.024303 0.002892
v 0.000968 0.024291 0.002831
v 0.001216 0.024279 0.002746
v 0.001455 0.024265 0.002639
v 0.001685 0.024250 0.002510
v 0.001903 0.024235 0.002360
v 0.002106 0.024218 0.002190
v 0.002292 0.024202 0.002001
v 0.002461 0.024185 0.001796
v 0.002463 0.024167 0.001798
v -0.001040 0.024347 0.002691
v -0.000806 0.024343 0.002788
v -0.000563 0.024338 0.002864
v -0.000313 0.024331 0.002918
v -0.000058 0.024323 0.002949
v 0.000200 0.024314 0.002958
v 0.000460 0.024303 0.002943
v 0.000717 0.024291 0.002904
v 0.000972 0.024279 0.002842
v 0.001220 0.024265 0.002756
v 0.001460 0.024250 0.002647
v 0.001690 0.024235 0.002517
v 0.001907 0.024218 0.002365
v 0.002109 0.024202 0.002194
v 0.002295 0.024185 0.002004
v 0.002297 0.024167 0.002005
v -0.001270 0.024347 0.002590
v -0.001046 0.024343 0.002707
v -0.000810 0.024338 0.002804
v -0.000566 0.024331 0.002879
v -0.000315 0.024323 0.002933
v -0.000058 0.024314 0.002964
v 0.000201 0.024303 0.002972
v 0.000462 0.024291 0.002956
v 0.000720 0.024279 0.002916
v 0.000975 0.024265 0.002852
v 0.001224 0.024250 0.002764
v 0.001464 0.024235 0.002654
v 0.001693 0.024218 0.002522
v 0.001910 0.024202 0.002369
v 0.002112 0.024185 0.002196
v 0.002113 0.024167 0.002198
v -0.001491 0.024347 0.002469
v -0.001278 0.024343 0.002605
v -0.001052 0.024338 0.002722
v -0.000815 0.024331 0.002819
v -0.000569 0.024323 0.002895
v -0.000316 0.024314 0.002948
v -0.000058 0.024303 0.002978
v 0.000202 0.024291 0.002985
v 0.000463 0.024279 0.002967
v 0.000723 0.024265 0.002926
v 0.000978 0.024250 0.002861
v 0.001227 0.024235 0.002772
v 0.001467 0.024218 0.002660
v 0.001696 0.024202 0.002527
v 0.001912 0.024185 0.002372
v 0.001914 0.024167 0.002374
v -0.001701 0.024347 0.002330
v -0.001500 0.024343 0.002484
v -0.001285 0.024338 0.002620
v -0.001058 0.024331 0.002737
v -0.000819 0.024323 0.002834
v -0.000572 0.024314 0.002909
v -0.000318 0.024303 0.002962
v -0.000059 0.024291 0.002991
v 0.000203 0.024279 0.002996
v 0.000465 0.024265 0.002978
v 0.000725 0.024250 0.002935
v 0.000981 0.024235 0.002868
v 0.001230 0.024218 0.002778
v 0.001470 0.024202 0.002665
v 0.001698 0.024185 0.002530
v 0.001700 0.024167 0.002532
v -0.001897 0.024347 0.002173
v -0.001711 0.024343 0.002344
v -0.001508 0.024338 0.002498
v -0.001292 0.024331 0.002635
v -0.001063 0.024323 0.002752
v -0.000823 0.024314 0.002848
v -0.000575 0.024303 0.002923
v -0.000319 0.024291 0.002974
v -0.000059 0.024279 0.003003
v 0.000204 0.024265 0.003007
v 0.000467 0.024250 0.002987
v 0.000727 0.024235 0.002943
v 0.000983 0.024218 0.002875
v 0.001232 0.024202 0.002783
v 0.001471 0.024185 0.002668
v 0.001473 0.024167 0.002670
v -0.002079 0.024347 0.001999
v -0.001908 0.024343 0.002186
v -0.001720 0.024338 0.002357
v -0.001517 0.024331 0.002512
v -0.001299 0.024323 0.002649
v -0.001068 0.024314 0.002766
v -0.000827 0.024303 0.002861
v -0.000577 0.024291 0.002935
v -0.000320 0.024279 0.002986
v -0.000059 0.024265 0.003013
v 0.000204 0.024250 0.003016
v 0.000468 0.024235 0.002995
v 0.000729 0.024218 0.002949
v 0.000985 0.024202 0.002880
v 0.001233 0.024185 0.002786
v 0.001234 0.024167 0.002788
v -0.002246 0.024347 0.001811
v -0.002092 0.024343 0.002011
v -0.001919 0.024338 0.002198
v -0.001730 0.024331 0.002370
v -0.001525 0.024323 0.002525
v -0.001305 0.024314 0.002662
v -0.001073 0.024303 0.002778
v -0.000831 0.024291 0.002874
v -0.000579 0.024279 0.002947
v -0.000321 0.024265 0.002997
v -0.000059 0.024250 0.003023
v 0.000205 0.024235 0.003024
v 0.000469 0.024218 0.003002
v 0.000730 0.024202 0.002954
v 0.000986 0.024185 0.002883
v 0.000987 0.024167 0.002885
v -0.002395 0.024347 0.001608
v -0.002259 0.024343 0.001821
v -0.002104 0.024338 0.002023
v -0.001930 0.024331 0.002211
v -0.001739 0.024323 0.002383
v -0.001532 0.024314 0.002538
v -0.001311 0.024303 0.002674
v -0.001078 0.024291 0.002790
v -0.000834 0.024279 0.002885
v -0.000581 0.024265 0.002957
v -0.000322 0.024250 0.003006
v -0.000059 0.024235 0.003031
v 0.000205 0.024218 0.003031
v 0.000470 0.024202 0.003007
v 0.000731 0.024185 0.002958
v 0.000731 0.024167 0.002960
v -0.002526 0.024347 0.001393
v -0.002409 0.024343 0.001617
v -0.002272 0.024338 0.001832
v -0.002115 0.024331 0.002034
v -0.001940 0.024323 0.002222
v -0.001748 0.024314 0.002395
v -0.001540 0.024303 0.002550
v -0.001317 0.024291 0.002686
v -0.001082 0.024279 0.002801
v -0.000837 0.024265 0.002895
v -0.000583 0.024250 0.002966
v -0.000323 0.024235 0.003014
v -0.000060 0.024218 0.003037
v 0.000206 0.024202 0.003036
v 0.000470 0.024185 0.003010
v 0.000471 0.024167 0.003013
v -0.002638 0.024347 0.001168
v -0.002541 0.024343 0.001401
v -0.002423 0.024338 0.001627
v -0.002285 0.024331 0.001842
v -0.002126 0.024323 0.002045
v -0.001950 0.024314 0.002233
v -0.001756 0.024303 0.002406
v -0.001546 0.024291 0.002561
v -0.001322 0.024279 0.002696
v -0.001086 0.024265 0.002811
v -0.000840 0.024250 0.002904
v -0.000585 0.024235 0.002974
v -0.000324 0.024218 0.003021
v -0.000060 0.024202 0.003043
v 0.000206 0.024185 0.003040
v 0.000206 0.024167 0.003042
v -0.002730 0.024347 0.000933
v -0.002653 0.024343 0.001175
v -0.002556 0.024338 0.001409
v -0.002436 0.024331 0.001636
v -0.002297 0.024323 0.001852
v -0.002137 0.024314 0.002055
v -0.001959 0.024303 0.002244
v -0.001764 0.024291 0.002416
v -0.001552 0.024279 0.002571
v -0.001327 0.024265 0.002706
v -0.001089 0.024250 0.002820
v -0.000842 0.024235 0.002912
v -0.000586 0.024218 0.002981
v -0.000325 0.024202 0.003026
v -0.000060 0.024185 0.003046
v -0.000060 0.024167 0.003049
v -0.002801 0.024347 0.000692
v -0.002746 0.024343 0.000939
v -0.002669 0.024338 0.001181
v -0.002570 0.024331 0.001417
v -0.002449 0.024323 0.001644
v -0.002308 0.024314 0.001861
v -0.002147 0.024303 0.002064
v -0.001967 0.024291 0.002253
v -0.001770 0.024279 0.002426
v -0.001558 0.024265 0.002580
v -0.001331 0.024250 0.002714
v -0.001092 0.024235 0.002828
v -0.000844 0.024218 0.002918
v -0.000587 0.024202 0.002986
v -0.000325 0.024185 0.003030
v -0.000325 0.024167 0.003032
v -0.002850 0.024347 0.000445
v -0.002817 0.024343 0.000696
v -0.002761 0.024338 0.000944
v -0.002683 0.024331 0.001188
v -0.002583 0.024323 0.001425
v -0.002461 0.024314 0.001653
v -0.002319 0.024303 0.001869
v -0.002156 0.024291 0.002073
v -0.001975 0.024279 0.002262
v -0.001777 0.024265 0.002434
v -0.001563 0.024250 0.002588
v -0.001335 0.024235 0.002722
v -0.001095 0.024218 0.002834
v -0.000845 0.024202 0.002923
v -0.000588 0.024185 0.002990
v -0.000588 0.024167 0.002992
v -0.002878 0.024347 0.000195
v -0.002867 0.024343 0.000448
v -0.002833 0.024338 0.000700
v -0.002777 0.024331 0.000949
v -0.002698 0.024323 0.001194
v -0.002596 0.024314 0.001432
v -0.002473 0.024303 0.001660
v -0.002329 0.024291 0.001878
v -0.002165 0.024279 0.002082
v -0.001982 0.024265 0.002270
v -0.001782 0.024250 0.002442
v -0.001567 0.024235 0.002595
v -0.001338 0.024218 0.002728
v -0.001097 0.024202 0.002839
v -0.000846 0.024185 0.002927
v -0.000847 0.024167 0.002929
v -0.002884 0.024347 -0.000057
v -0.002895 0.024343 0.000196
v -0.002883 0.024338 0.000450
v -0.002849 0.024331 0.000704
v -0.002791 0.024323 0.000954
v -0.002711 0.024314 0.001200
v -0.002608 0.024303 0.001438
v -0.002484 0.024291 0.001667
v -0.002338 0.024279 0.001885
v -0.002172 0.024265 0.002089
v -0.001988 0.024250 0.002277
v -0.001787 0.024235 0.002449
v -0.001570 0.024218 0.002601
v -0.001340 0.024202 0.002732
v -0.001098 0.024185 0.002842
v -0.001099 0.024167 0.002844
v -0.002868 0.024347 -0.000308
v -0.002901 0.024343 -0.000057
v -0.002912 0.024338 0.000197
v -0.002899 0.024331 0.000453
v -0.002864 0.024323 0.000708
v -0.002805 0.024314 0.000959
v -0.002724 0.024303 0.001206
v -0.002619 0.024291 0.001445
v -0.002493 0.024279 0.001674
v -0.002346 0.024265 0.001892
v -0.002179 0.024250 0.002095
v -0.001994 0.024235 0.002283
v -0.001791 0.024218 0.002454
v -0.001573 0.024202 0.002605
v -0.001342 0.024185 0.002736
v -0.001343 0.024167 0.002738
v -0.002831 0.024347 -0.000557
v -0.002885 0.024343 -0.000310
v -0.002918 0.024338 -0.000057
v -0.002928 0.024331 0.000198
v -0.002915 0.024323 0.000455
v -0.002878 0.024314 0.000711
v -0.002818 0.024303 0.000964
v -0.002735 0.024291 0.001211
v -0.002630 0.024279 0.001450
v -0.002502 0.024265 0.001680
v -0.002354 0.024250 0.001898
v -0.002185 0.024235 0.002101
v -0.001998 0.024218 0.002288
v -0.001794 0.024202 0.002458
v -0.001575 0.024185 0.002608
v -0.001576 0.024167 0.002610
v -0.002771 0.024347 -0.000801
v -0.002847 0.024343 -0.000560
v -0.002902 0.024338 -0.000311
v -0.002934 0.024331 -0.000058
v -0.002943 0.024323 0.000199
v -0.002929 0.024314 0.000457
v -0.002892 0.024303 0.000714
v -0.002831 0.024291 0.000968
v -0.002746 0.024279 0.001216
v -0.002639 0.024265 0.001455
v -0.002510 0.024250 0.001685
v -0.002360 0.024235 0.001903
v -0.002190 0.024218 0.002106
v -0.002001 0.024202 0.002292
v -0.001796 0.024185 0.002461
v -0.001798 0.024167 0.002463
v -0.002691 0.024347 -0.001040
v -0.002788 0.024343 -0.000806
v -0.002864 0.024338 -0.000563
v -0.002918 0.024331 -0.000313
v -0.002949 0.024323 -0.000058
v -0.002958 0.024314 0.000200
v -0.002943 0.024303 0.000460
v -0.002904 0.024291 0.000717
v -0.002842 0.024279 0.000972
v -0.002756 0.024265 0.001220
v -0.002647 0.024250 0.001460
v -0.002517 0.024235 0.001690
v -0.002365 0.024218 0.001907
v -0.002194 0.024202 0.002109
v -0.002004 0.024185 0.002295
v -0.002005 0.024167 0.002297
v -0.002590 0.024347 -0.001270
v -0.002707 0.024343 -0.001046
v -0.002804 0.024338 -0.000810
v -0.002879 0.024331 -0.000566
v -0.002933 0.024323 -0.000315
v -0.002964 0.024314 -0.000058
v -0.002972 0.024303 0.000201
v -0.002956 0.024291 0.000462
v -0.002916 0.024279 0.000720
v -0.002852 0.024265 0.000975
v -0.002764 0.024250 0.001224
v -0.002654 0.024235 0.001464
v -0.002522 0.024218 0.001693
v -0.002369 0.024202 0.001910
v -0.002196 0.024185 0.002112
v -0.002198 0.024167 0.002113
v -0.002469 0.024347 -0.001491
v -0.002605 0.024343 -0.001278
v -0.002722 0.024338 -0.001052
v -0.002819 0.024331 -0.000815
v -0.002895 0.024323 -0.000569
v -0.002948 0.024314 -0.000316
v -0.002978 0.024303 -0.000058
v -0.002985 0.024291 0.000202
v -0.002967 0.024279 0.000463
v -0.002926 0.024265 0.000723
v -0.002861 0.024250 0.000978
v -0.002772 0.024235 0.001227
v -0.002660 0.024218 0.001467
v -0.002527 0.024202 0.001696
v -0.002372 0.024185 0.001912
v -0.002374 0.024167 0.001914
v -0.002330 0.024347 -0.001701
v -0.002484 0.024343 -0.001500
v -0.002620 0.024338 -0.001285
v -0.002737 0.024331 -0.001058
v -0.002834 0.024323 -0.000819
v -0.002909 0.024314 -0.000572
v -0.002962 0.024303 -0.000318
v -0.002991 0.024291 -0.000059
v -0.002996 0.024279 0.000203
v -0.002978 0.024265 0.000465
v -0.002935 0.024250 0.000725
v -0.002868 0.024235 0.000981
v -0.002778 0.024218 0.001230
v -0.002665 0.024202 0.001470
v -0.002530 0.024185 0.001698
v -0.002532 0.024167 0.001700
v -0.002173 0.024347 -0.001897
v -0.002344 0.024343 -0.001711
v -0.002498 0.024338 -0.001508
v -0.002635 0.024331 -0.001292
v -0.002752 0.024323 -0.001063
v -0.002848 0.024314 -0.000823
v -0.002923 0.024303 -0.000575
v -0.002974 0.024291 -0.000319
v -0.003003 0.024279 -0.000059
v -0.003007 0.024265 0.000204
v -0.002987 0.024250 0.000467
v -0.002943 0.024235 0.000727
v -0.002875 0.024218 0.000983
v -0.002783 0.024202 0.001232
v -0.002668 0.024185 0.001471
v -0.002670 0.024167 0.001473
v -0.001999 0.024347 -0.002079
v -0.002186 0.024343 -0.001908
v -0.002357 0.024338 -0.001720
v -0.002512 0.024331 -0.001517
v -0.002649 0.024323 -0.001299
v -0.002766 0.024314 -0.001068
v -0.002861 0.024303 -0.000827
v -0.002935 0.024291 -0.000577
v -0.002986 0.024279 -0.000320
v -0.003013 0.024265 -0.000059
v -0.003016 0.024250 0.000204
v -0.002995 0.024235 0.000468
v -0.002949 0.024218 0.000729
v -0.002880 0.024202 0.000985
v -0.002786 0.024185 0.001233
v -0.002788 0.024167 0.001234
v -0.001811 0.024347 -0.002246
v -0.002011 0.024343 -0.002092
v -0.002198 0.024338 -0.001919
v -0.002370 0.024331 -0.001730
v -0.002525 0.024323 -0.001525
v -0.002662 0.024314 -0.001305
v -0.002778 0.024303 -0.001073
v -0.002874 0.024291 -0.000831
v -0.002947 0.024279 -0.000579
v -0.002997 0.024265 -0.000321
v -0.003023 0.024250 -0.000059
v -0.003024 0.024235 0.000205
v -0.003002 0.024218 0.000469
v -0.002954 0.024202 0.000730
v -0.002883 0.024185 0.000986
v -0.002885 0.024167 0.000987
v -0.001608 0.024347 -0.002395
v -0.001821 0.024343 -0.002259
v -0.002023 0.024338 -0.002104
v -0.002211 0.024331 -0.001930
v -0.002383 0.024323 -0.001739
v -0.002538 0.024314 -0.001532
v -0.002674 0.024303 -0.001311
v -0.002790 0.024291 -0.001078
v -0.002885 0.024279 -0.000834
v -0.002957 0.024265 -0.000581
v -0.003006 0.024250 -0.000322
v -0.003031 0.024235 -0.000059
v -0.003031 0.024218 0.000205
v -0.003007 0.024202 0.000470
v -0.002958 0.024185 0.000731
v -0.002960 0.024167 0.000731
v -0.001393 0.024347 -0.002526
v -0.001617 0.024343 -0.002409
v -0.001832 0.024338 -0.002272
v -0.002034 0.024331 -0.002115
v -0.002222 0.024323 -0.001940
v -0.002395 0.024314 -0.001748
v -0.002550 0.024303 -0.001540
v -0.002686 0.024291 -0.001317
v -0.002801 0.024279 -0.001082
v -0.002895 0.024265 -0.000837
v -0.002966 0.024250 -0.000583
v -0.003014 0.024235 -0.000323
v -0.003037 0.024218 -0.000060
v -0.003036 0.024202 0.000206
v -0.003010 0.024185 0.000470
v -0.003013 0.024167 0.000471
v -0.001168 0.024347 -0.002638
v -0.001401 0.024343 -0.002541
v -0.001627 0.024338 -0.002423
v -0.001842 0.024331 -0.002285
v -0.002045 0.024323 -0.002126
v -0.002233 0.024314 -0.001950
v -0.002406 0.024303 -0.001756
v -0.002561 0.024291 -0.001546
v -0.002696 0.024279 -0.001322
v -0.002811 0.024265 -0.001086
v -0.002904 0.024250 -0.000840
v -0.002974 0.024235 -0.000585
v -0.003021 0.024218 -0.000324
v -0.003043 0.024202 -0.000060
v -0.003040 0.024185 0.000206
v -0.003042 0.024167 0.000206
v -0.000933 0.024347 -0.002730
v -0.001175 0.024343 -0.002653
v -0.001409 0.024338 -0.002556
v -0.001636 0.024331 -0.002436
v -0.001852 0.024323 -0.002297
v -0.002055 0.024314 -0.002137
v -0.002244 0.024303 -0.001959
v -0.002416 0.024291 -0.001764
v -0.002571 0.024279 -0.001552
v -0.002706 0.024265 -0.001327
v -0.002820 0.024250 -0.001089
v -0.002912 0.024235 -0.000842
v -0.002981 0.024218 -0.000586
v -0.003026 0.024202 -0.000325
v -0.003046 0.024185 -0.000060
v 0.000317 0.024350 0.000680
v 0.000375 0.024350 0.000650
v 0.000430 0.024350 0.000614
v 0.000482 0.024350 0.000575
v 0.000530 0.024350 0.000530
v 0.000575 0.024350 0.000482
v 0.000614 0.024350 0.000430
v 0.000650 0.024350 0.000375
v 0.000680 0.024350 0.000317
v 0.000705 0.024350 0.000257
v 0.000724 0.024350 0.000194
v 0.000739 0.024350 0.000130
v 0.000747 0.024350 0.000065
v 0.000750 0.024350 0.000000
v 0.000747 0.024350 -0.000065
v 0.000739 0.024350 -0.000130
v 0.000724 0.024350 -0.000194
v 0.000705 0.024350 -0.000257
v 0.000680 0.024350 -0.000317
v 0.000650 0.024350 -0.000375
v 0.000614 0.024350 -0.000430
v 0.000575 0.024350 -0.000482
v 0.000530 0.024350 -0.000530
v 0.000482 0.024350 -0.000575
v 0.000430 0.024350 -0.000614
v 0.000375 0.024350 -0.000650
v 0.000317 0.024350 -0.000680
v 0.000257 0.024350 -0.000705
v 0.000194 0.024350 -0.000724
v 0.000130 0.024350 -0.000739
v 0.000065 0.024350 -0.000747
v 0.000000 0.024350 -0.000750
v -0.000065 0.024350 -0.000747
v -0.000130 0.024350 -0.000739
v -0.000194 0.024350 -0.000724
v -0.000257 0.024350 -0.000705
v -0.000317 0.024350 -0.000680
v -0.000375 0.024350 -0.000650
v -0.000430 0.024350 -0.000614
v -0.000482 0.024350 -0.000575
v -0.000530 0.024350 -0.000530
v -0.000575 0.024350 -0.000482
v -0.000614 0.024350 -0.000430
v -0.000650 0.024350 -0.000375
v -0.000680 0.024350 -0.000317
v -0.000705 0.024350 -0.000257
v -0.000724 0.024350 -0.000194
v -0.000739 0.024350 -0.000130
v -0.000747 0.024350 -0.000065
v -0.000750 0.024350 -0.000000
v -0.000747 0.024350 0.000065
v -0.000739 0.024350 0.000130
v -0.000724 0.024350 0.000194
v -0.000705 0.024350 0.000257
v -0.000680 0.024350 0.000317
v -0.000650 0.024350 0.000375
v -0.000614 0.024350 0.000430
v -0.000575 0.024350 0.000482
v -0.000530 0.024350 0.000530
v -0.000482 0.024350 0.000575
v -0.000430 0.024350 0.000614
v -0.000375 0.024350 0.000650
v -0.000317 0.024350 0.000680
v -0.000257 0.024350 0.000705
v -0.000194 0.024350 0.000724
v -0.000130 0.024350 0.000739
v -0.000065 0.024350 0.000747
v -0.000000 0.024350 0.000750
v 0.000065 0.024350 0.000747
v 0.000130 0.024350 0.000739
v 0.000194 0.024350 0.000724
v 0.000257 0.024350 0.000705
v 0.000748 0.026650 0.000060
v 0.000747 0.026650 0.000065
v 0.000740 0.026650 0.000125
v 0.000739 0.026650 0.000130
v 0.000726 0.026650 0.000189
v 0.000724 0.026650 0.000194
v 0.000707 0.026650 0.000251
v 0.000705 0.026650 0.000257
v 0.000682 0.026650 0.000312
v 0.000680 0.026650 0.000317
v 0.000652 0.026650 0.000370
v 0.000650 0.026650 0.000375
v 0.000618 0.026650 0.000426
v 0.000614 0.026650 0.000430
v 0.000578 0.026650 0.000478
v 0.000575 0.026650 0.000482
v 0.000534 0.026650 0.000526
v 0.000530 0.026650 0.000530
v 0.000486 0.026650 0.000571
v 0.000482 0.026650 0.000575
v 0.000435 0.026650 0.000611
v 0.000430 0.026650 0.000614
v 0.000380 0.026650 0.000647
v 0.000375 0.026650 0.000650
v 0.000322 0.026650 0.000677
v 0.000317 0.026650 0.000680
v 0.000262 0.026650 0.000703
v 0.000257 0.026650 0.000705
v 0.000200 0.026650 0.000723
v 0.000194 0.026650 0.000724
v 0.000136 0.026650 0.000738
v 0.000130 0.026650 0.000739
v 0.000071 0.026650 0.000747
v 0.000065 0.026650 0.000747
v 0.000006 0.026650 0.000750
v -0.000000 0.026650 0.000750
v -0.000060 0.026650 0.000748
v -0.000065 0.026650 0.000747
v -0.000125 0.026650 0.000740
v -0.000130 0.026650 0.000739
v -0.000189 0.026650 0.000726
v -0.000194 0.026650 0.000724
v -0.000251 0.026650 0.000707
v -0.000257 0.026650 0.000705
v -0.000312 0.026650 0.000682
v -0.000317 0.026650 0.000680
v -0.000370 0.026650 0.000652
v -0.000375 0.026650 0.000650
v -0.000426 0.026650 0.000618
v -0.000430 0.026650 0.000614
v -0.000478 0.026650 0.000578
v -0.000482 0.026650 0.000575
v -0.000526 0.026650 0.000534
v -0.000530 0.026650 0.000530
v -0.000571 0.026650 0.000486
v -0.000575 0.026650 0.000482
v -0.000611 0.026650 0.000435
v -0.000614 0.026650 0.000430
v -0.000647 0.026650 0.000380
v -0.000650 0.026650 0.000375
v -0.000677 0.026650 0.000322
v -0.000680 0.026650 0.000317
v -0.000703 0.026650 0.000262
v -0.000705 0.026650 0.000257
v -0.000723 0.026650 0.000200
v -0.000724 0.026650 0.000194
v -0.000738 0.026650 0.000136
v -0.000739 0.026650 0.000130
v -0.000747 0.026650 0.000071
v -0.000747 0.026650 0.000065
v -0.000750 0.026650 0.000006
v -0.000750 0.026650 -0.000000
v -0.000748 0.026650 -0.000060
v -0.000747 0.026650 -0.000065
v -0.000740 0.026650 -0.000125
v -0.000739 0.026650 -0.000130
v -0.000726 0.026650 -0.000189
v -0.000724 0.026650 -0.000194
v -0.000707 0.026650 -0.000251
v -0.000705 0.026650 -0.000257
v -0.000682 0.026650 -0.000312
v -0.000680 0.026650 -0.000317
v -0.000652 0.026650 -0.000370
v -0.000650 0.026650 -0.000375
v -0.000618 0.026650 -0.000426
v -0.000614 0.026650 -0.000430
v -0.000578 0.026650 -0.000478
v -0.000575 0.026650 -0.000482
v -0.000534 0.026650 -0.000526
v -0.000530 0.026650 -0.000530
v -0.000486 0.026650 -0.000571
v -0.000482 0.026650 -0.000575
v -0.000435 0.026650 -0.000611
v -0.000430 0.026650 -0.000614
v -0.000380 0.026650 -0.000647
v -0.000375 0.026650 -0.000650
v -0.000322 0.026650 -0.000677
v -0.000317 0.026650 -0.000680
v -0.000262 0.026650 -0.000703
v -0.000257 0.026650 -0.000705
v -0.000200 0.026650 -0.000723
v -0.000194 0.026650 -0.000724
v -0.000136 0.026650 -0.000738
v -0.000130 0.026650 -0.000739
v -0.000071 0.026650 -0.000747
v -0.000065 0.026650 -0.000747
v -0.000006 0.026650 -0.000750
v 0.000000 0.026650 -0.000750
v 0.000060 0.026650 -0.000748
v 0.000065 0.026650 -0.000747
v 0.000125 0.026650 -0.000740
v 0.000130 0.026650 -0.000739
v 0.000189 0.026650 -0.000726
v 0.000194 0.026650 -0.000724
v 0.000251 0.026650 -0.000707
v 0.000257 0.026650 -0.000705
v 0.000312 0.026650 -0.000682
v 0.000317 0.026650 -0.000680
v 0.000370 0.026650 -0.000652
v 0.000375 0.026650 -0.000650
v 0.000426 0.026650 -0.000618
v 0.000430 0.026650 -0.000614
v 0.000478 0.026650 -0.000578
v 0.000482 0.026650 -0.000575
v 0.000526 0.026650 -0.000534
v 0.000530 0.026650 -0.000530
v 0.000571 0.026650 -0.000486
v 0.000575 0.026650 -0.000482
v 0.000611 0.026650 -0.000435
v 0.000614 0.026650 -0.000430
v 0.000647 0.026650 -0.000380
v 0.000650 0.026650 -0.000375
v 0.000677 0.026650 -0.000322
v 0.000680 0.026650 -0.000317
v 0.000703 0.026650 -0.000262
v 0.000705 0.026650 -0.000257
v 0.000723 0.026650 -0.000200
v 0.000724 0.026650 -0.000194
v 0.000738 0.026650 -0.000136
v 0.000739 0.026650 -0.000130
v 0.000747 0.026650 -0.000071
v 0.000747 0.026650 -0.000065
v 0.000750 0.026650 -0.000006
v 0.000750 0.026650 -0.000000
v -0.000749 0.026667 0.000006
v -0.000746 0.026667 0.000071
v -0.000737 0.026667 0.000136
v -0.000722 0.026667 0.000199
v -0.000702 0.026667 0.000262
v -0.000677 0.026667 0.000322
v -0.000646 0.026667 0.000380
v -0.000610 0.026667 0.000434
v -0.000570 0.026667 0.000486
v -0.000526 0.026667 0.000534
v -0.000477 0.026667 0.000578
v -0.000425 0.026667 0.000617
v -0.000370 0.026667 0.000652
v -0.000312 0.026667 0.000681
v -0.000251 0.026667 0.000706
v -0.000188 0.026667 0.000725
v -0.000125 0.026667 0.000739
v -0.000060 0.026667 0.000747
v 0.000006 0.026667 0.000749
v 0.000071 0.026667 0.000746
v 0.000136 0.026667 0.000737
v 0.000199 0.026667 0.000722
v 0.000262 0.026667 0.000702
v 0.000322 0.026667 0.000677
v 0.000380 0.026667 0.000646
v 0.000434 0.026667 0.000610
v 0.000486 0.026667 0.000570
v 0.000534 0.026667 0.000526
v 0.000578 0.026667 0.000477
v 0.000617 0.026667 0.000425
v 0.000652 0.026667 0.000370
v 0.000681 0.026667 0.000312
v 0.000706 0.026667 0.000251
v 0.000725 0.026667 0.000188
v 0.000739 0.026667 0.000125
v 0.000747 0.026667 0.000060
v 0.000749 0.026667 -0.000006
v 0.000746 0.026667 -0.000071
v 0.000737 0.026667 -0.000136
v 0.000722 0.026667 -0.000199
v 0.000702 0.026667 -0.000262
v 0.000677 0.026667 -0.000322
v 0.000646 0.026667 -0.000380
v 0.000610 0.026667 -0.000434
v 0.000570 0.026667 -0.000486
v 0.000526 0.026667 -0.000534
v 0.000477 0.026667 -0.000578
v 0.000425 0.026667 -0.000617
v 0.000370 0.026667 -0.000652
v 0.000312 0.026667 -0.000681
v 0.000251 0.026667 -0.000706
v 0.000188 0.026667 -0.000725
v 0.000125 0.026667 -0.000739
v 0.000060 0.026667 -0.000747
v -0.000006 0.026667 -0.000749
v -0.000071 0.026667 -0.000746
v -0.000136 0.026667 -0.000737
v -0.000199 0.026667 -0.000722
v -0.000262 0.026667 -0.000702
v -0.000322 0.026667 -0.000677
v -0.000380 0.026667 -0.000646
v -0.000434 0.026667 -0.000610
v -0.000486 0.026667 -0.000570
v -0.000534 0.026667 -0.000526
v -0.000578 0.026667 -0.000477
v -0.000617 0.026667 -0.000425
v -0.000652 0.026667 -0.000370
v -0.000681 0.026667 -0.000312
v -0.000706 0.026667 -0.000251
v -0.000725 0.026667 -0.000188
v -0.000739 0.026667 -0.000125
v -0.000747 0.026667 -0.000060
v -0.000737 0.026685 -0.000124
v -0.000745 0.026685 -0.000059
v -0.000733 0.026702 -0.000124
v -0.000741 0.026702 -0.000059
v -0.000728 0.026718 -0.000123
v -0.000736 0.026718 -0.000059
v -0.000721 0.026735 -0.000122
v -0.000729 0.026735 -0.000058
v -0.000713 0.026750 -0.000120
v -0.000721 0.026750 -0.000058
v -0.000704 0.026765 -0.000119
v -0.000712 0.026765 -0.000057
v -0.000693 0.026779 -0.000117
v -0.000701 0.026779 -0.000056
v -0.000682 0.026791 -0.000115
v -0.000689 0.026791 -0.000055
v -0.000669 0.026803 -0.000113
v -0.000676 0.026803 -0.000054
v -0.000655 0.026814 -0.000110
v -0.000663 0.026814 -0.000053
v -0.000641 0.026823 -0.000108
v -0.000648 0.026823 -0.000052
v -0.000626 0.026831 -0.000105
v -0.000633 0.026831 -0.000051
v -0.000610 0.026838 -0.000103
v -0.000616 0.026838 -0.000049
v -0.000593 0.026843 -0.000100
v -0.000600 0.026843 -0.000048
v -0.000577 0.026847 -0.000097
v -0.000583 0.026847 -0.000047
v -0.000560 0.026849 -0.000094
v -0.000566 0.026849 -0.000045
v -0.000542 0.026850 -0.000091
v -0.000548 0.026850 -0.000044
v -0.000723 0.026685 -0.000188
v -0.000719 0.026702 -0.000187
v -0.000714 0.026718 -0.000186
v -0.000708 0.026735 -0.000184
v -0.000700 0.026750 -0.000182
v -0.000691 0.026765 -0.000180
v -0.000681 0.026779 -0.000177
v -0.000669 0.026791 -0.000174
v -0.000657 0.026803 -0.000171
v -0.000643 0.026814 -0.000167
v -0.000629 0.026823 -0.000163
v -0.000614 0.026831 -0.000160
v -0.000599 0.026838 -0.000156
v -0.000582 0.026843 -0.000151
v -0.000566 0.026847 -0.000147
v -0.000549 0.026849 -0.000143
v -0.000532 0.026850 -0.000138
v -0.000704 0.026685 -0.000250
v -0.000700 0.026702 -0.000249
v -0.000695 0.026718 -0.000247
v -0.000689 0.026735 -0.000245
v -0.000681 0.026750 -0.000242
v -0.000673 0.026765 -0.000239
v -0.000663 0.026779 -0.000236
v -0.000651 0.026791 -0.000232
v -0.000639 0.026803 -0.000227
v -0.000626 0.026814 -0.000223
v -0.000612 0.026823 -0.000218
v -0.000598 0.026831 -0.000213
v -0.000583 0.026838 -0.000207
v -0.000567 0.026843 -0.000202
v -0.000551 0.026847 -0.000196
v -0.000535 0.026849 -0.000190
v -0.000518 0.026850 -0.000184
v -0.000679 0.026685 -0.000311
v -0.000676 0.026702 -0.000309
v -0.000671 0.026718 -0.000307
v -0.000665 0.026735 -0.000304
v -0.000658 0.026750 -0.000301
v -0.000649 0.026765 -0.000297
v -0.000640 0.026779 -0.000292
v -0.000629 0.026791 -0.000287
v -0.000617 0.026803 -0.000282
v -0.000605 0.026814 -0.000276
v -0.000591 0.026823 -0.000270
v -0.000577 0.026831 -0.000264
v -0.000562 0.026838 -0.000257
v -0.000547 0.026843 -0.000250
v -0.000532 0.026847 -0.000243
v -0.000516 0.026849 -0.000236
v -0.000500 0.026850 -0.000229
v -0.000650 0.026685 -0.000369
v -0.000646 0.026702 -0.000367
v -0.000642 0.026718 -0.000364
v -0.000636 0.026735 -0.000361
v -0.000629 0.026750 -0.000357
v -0.000621 0.026765 -0.000352
v -0.000612 0.026779 -0.000347
v -0.000601 0.026791 -0.000341
v -0.000590 0.026803 -0.000335
v -0.000578 0.026814 -0.000328
v -0.000565 0.026823 -0.000321
v -0.000552 0.026831 -0.000313
v -0.000538 0.026838 -0.000305
v -0.000523 0.026843 -0.000297
v -0.000509 0.026847 -0.000289
v -0.000494 0.026849 -0.000280
v -0.000478 0.026850 -0.000271
v -0.000615 0.026685 -0.000424
v -0.000612 0.026702 -0.000422
v -0.000608 0.026718 -0.000419
v -0.000602 0.026735 -0.000415
v -0.000596 0.026750 -0.000410
v -0.000588 0.026765 -0.000405
v -0.000579 0.026779 -0.000399
v -0.000569 0.026791 -0.000392
v -0.000559 0.026803 -0.000385
v -0.000547 0.026814 -0.000377
v -0.000535 0.026823 -0.000369
v -0.000523 0.026831 -0.000360
v -0.000509 0.026838 -0.000351
v -0.000496 0.026843 -0.000341
v -0.000482 0.026847 -0.000332
v -0.000467 0.026849 -0.000322
v -0.000453 0.026850 -0.000312
v -0.000576 0.026685 -0.000476
v -0.000573 0.026702 -0.000473
v -0.000569 0.026718 -0.000470
v -0.000564 0.026735 -0.000466
v -0.000558 0.026750 -0.000461
v -0.000550 0.026765 -0.000455
v -0.000542 0.026779 -0.000448
v -0.000533 0.026791 -0.000440
v -0.000523 0.026803 -0.000432
v -0.000512 0.026814 -0.000423
v -0.000501 0.026823 -0.000414
v -0.000489 0.026831 -0.000404
v -0.000477 0.026838 -0.000394
v -0.000464 0.026843 -0.000383
v -0.000451 0.026847 -0.000372
v -0.000437 0.026849 -0.000361
v -0.000424 0.026850 -0.000350
v -0.000532 0.026685 -0.000524
v -0.000529 0.026702 -0.000522
v -0.000526 0.026718 -0.000518
v -0.000521 0.026735 -0.000513
v -0.000515 0.026750 -0.000508
v -0.000509 0.026765 -0.000501
v -0.000501 0.026779 -0.000493
v -0.000493 0.026791 -0.000485
v -0.000483 0.026803 -0.000476
v -0.000474 0.026814 -0.000466
v -0.000463 0.026823 -0.000456
v -0.000452 0.026831 -0.000445
v -0.000441 0.026838 -0.000434
v -0.000429 0.026843 -0.000422
v -0.000417 0.026847 -0.000410
v -0.000404 0.026849 -0.000398
v -0.000392 0.026850 -0.000386
v -0.000484 0.026685 -0.000569
v -0.000482 0.026702 -0.000566
v -0.000479 0.026718 -0.000562
v -0.000474 0.026735 -0.000557
v -0.000469 0.026750 -0.000550
v -0.000463 0.026765 -0.000543
v -0.000456 0.026779 -0.000535
v -0.000448 0.026791 -0.000526
v -0.000440 0.026803 -0.000516
v -0.000431 0.026814 -0.000506
v -0.000422 0.026823 -0.000495
v -0.000412 0.026831 -0.000483
v -0.000401 0.026838 -0.000471
v -0.000390 0.026843 -0.000458
v -0.000379 0.026847 -0.000445
v -0.000368 0.026849 -0.000432
v -0.000357 0.026850 -0.000419
v -0.000433 0.026685 -0.000609
v -0.000431 0.026702 -0.000606
v -0.000428 0.026718 -0.000601
v -0.000424 0.026735 -0.000596
v -0.000419 0.026750 -0.000589
v -0.000414 0.026765 -0.000582
v -0.000408 0.026779 -0.000573
v -0.000401 0.026791 -0.000563
v -0.000393 0.026803 -0.000553
v -0.000385 0.026814 -0.000542
v -0.000377 0.026823 -0.000530
v -0.000368 0.026831 -0.000517
v -0.000359 0.026838 -0.000504
v -0.000349 0.026843 -0.000490
v -0.000339 0.026847 -0.000476
v -0.000329 0.026849 -0.000462
v -0.000319 0.026850 -0.000448
v -0.000378 0.026685 -0.000644
v -0.000376 0.026702 -0.000641
v -0.000374 0.026718 -0.000636
v -0.000370 0.026735 -0.000631
v -0.000366 0.026750 -0.000624
v -0.000362 0.026765 -0.000615
v -0.000356 0.026779 -0.000606
v -0.000350 0.026791 -0.000596
v -0.000344 0.026803 -0.000585
v -0.000337 0.026814 -0.000573
v -0.000329 0.026823 -0.000560
v -0.000321 0.026831 -0.000547
v -0.000313 0.026838 -0.000533
v -0.000305 0.026843 -0.000519
v -0.000296 0.026847 -0.000504
v -0.000287 0.026849 -0.000489
v -0.000279 0.026850 -0.000474
v -0.000321 0.026685 -0.000675
v -0.000319 0.026702 -0.000671
v -0.000317 0.026718 -0.000666
v -0.000314 0.026735 -0.000660
v -0.000311 0.026750 -0.000653
v -0.000307 0.026765 -0.000645
v -0.000302 0.026779 -0.000635
v -0.000297 0.026791 -0.000624
v -0.000291 0.026803 -0.000613
v -0.000285 0.026814 -0.000600
v -0.000279 0.026823 -0.000587
v -0.000272 0.026831 -0.000573
v -0.000266 0.026838 -0.000558
v -0.000258 0.026843 -0.000543
v -0.000251 0.026847 -0.000528
v -0.000244 0.026849 -0.000512
v -0.000236 0.026850 -0.000497
v -0.000261 0.026685 -0.000700
v -0.000259 0.026702 -0.000696
v -0.000258 0.026718 -0.000692
v -0.000255 0.026735 -0.000685
v -0.000252 0.026750 -0.000678
v -0.000249 0.026765 -0.000669
v -0.000245 0.026779 -0.000659
v -0.000241 0.026791 -0.000648
v -0.000237 0.026803 -0.000636
v -0.000232 0.026814 -0.000623
v -0.000227 0.026823 -0.000609
v -0.000222 0.026831 -0.000595
v -0.000216 0.026838 -0.000579
v -0.000210 0.026843 -0.000564
v -0.000204 0.026847 -0.000548
v -0.000198 0.026849 -0.000532
v -0.000192 0.026850 -0.000515
v -0.000199 0.026685 -0.000720
v -0.000198 0.026702 -0.000716
v -0.000196 0.026718 -0.000711
v -0.000195 0.026735 -0.000705
v -0.000192 0.026750 -0.000697
v -0.000190 0.026765 -0.000688
v -0.000187 0.026779 -0.000678
v -0.000184 0.026791 -0.000666
v -0.000181 0.026803 -0.000654
v -0.000177 0.026814 -0.000641
v -0.000173 0.026823 -0.000627
v -0.000169 0.026831 -0.000612
v -0.000165 0.026838 -0.000596
v -0.000160 0.026843 -0.000580
v -0.000156 0.026847 -0.000564
v -0.000151 0.026849 -0.000547
v -0.000146 0.026850 -0.000530
v -0.000135 0.026685 -0.000735
v -0.000135 0.026702 -0.000731
v -0.000134 0.026718 -0.000726
v -0.000132 0.026735 -0.000719
v -0.000131 0.026750 -0.000711
v -0.000129 0.026765 -0.000702
v -0.000127 0.026779 -0.000692
v -0.000125 0.026791 -0.000680
v -0.000123 0.026803 -0.000667
v -0.000120 0.026814 -0.000654
v -0.000118 0.026823 -0.000639
v -0.000115 0.026831 -0.000624
v -0.000112 0.026838 -0.000608
v -0.000109 0.026843 -0.000592
v -0.000106 0.026847 -0.000575
v -0.000103 0.026849 -0.000558
v -0.000100 0.026850 -0.000541
v -0.000071 0.026685 -0.000744
v -0.000070 0.026702 -0.000740
v -0.000070 0.026718 -0.000735
v -0.000069 0.026735 -0.000728
v -0.000068 0.026750 -0.000720
v -0.000068 0.026765 -0.000711
v -0.000067 0.026779 -0.000700
v -0.000065 0.026791 -0.000688
v -0.000064 0.026803 -0.000676
v -0.000063 0.026814 -0.000662
v -0.000062 0.026823 -0.000647
v -0.000060 0.026831 -0.000632
v -0.000059 0.026838 -0.000616
v -0.000057 0.026843 -0.000599
v -0.000055 0.026847 -0.000582
v -0.000054 0.026849 -0.000565
v -0.000052 0.026850 -0.000548
v -0.000006 0.026685 -0.000747
v -0.000006 0.026702 -0.000743
v -0.000006 0.026718 -0.000738
v -0.000006 0.026735 -0.000731
v -0.000005 0.026750 -0.000723
v -0.000005 0.026765 -0.000714
v -0.000005 0.026779 -0.000703
v -0.000005 0.026791 -0.000691
v -0.000005 0.026803 -0.000679
v -0.000005 0.026814 -0.000665
v -0.000005 0.026823 -0.000650
v -0.000005 0.026831 -0.000635
v -0.000005 0.026838 -0.000618
v -0.000005 0.026843 -0.000602
v -0.000004 0.026847 -0.000585
v -0.000004 0.026849 -0.000567
v -0.000004 0.026850 -0.000550
v 0.000059 0.026685 -0.000745
v 0.000059 0.026702 -0.000741
v 0.000059 0.026718 -0.000736
v 0.000058 0.026735 -0.000729
v 0.000058 0.026750 -0.000721
v 0.000057 0.026765 -0.000712
v 0.000056 0.026779 -0.000701
v 0.000055 0.026791 -0.000689
v 0.000054 0.026803 -0.000676
v 0.000053 0.026814 -0.000663
v 0.000052 0.026823 -0.000648
v 0.000051 0.026831 -0.000633
v 0.000049 0.026838 -0.000616
v 0.000048 0.026843 -0.000600
v 0.000047 0.026847 -0.000583
v 0.000045 0.026849 -0.000566
v 0.000044 0.026850 -0.000548
v 0.000124 0.026685 -0.000737
v 0.000124 0.026702 -0.000733
v 0.000123 0.026718 -0.000728
v 0.000122 0.026735 -0.000721
v 0.000120 0.026750 -0.000713
v 0.000119 0.026765 -0.000704
v 0.000117 0.026779 -0.000693
v 0.000115 0.026791 -0.000682
v 0.000113 0.026803 -0.000669
v 0.000110 0.026814 -0.000655
v 0.000108 0.026823 -0.000641
v 0.000105 0.026831 -0.000626
v 0.000103 0.026838 -0.000610
v 0.000100 0.026843 -0.000593
v 0.000097 0.026847 -0.000577
v 0.000094 0.026849 -0.000560
v 0.000091 0.026850 -0.000542
v 0.000188 0.026685 -0.000723
v 0.000187 0.026702 -0.000719
v 0.000186 0.026718 -0.000714
v 0.000184 0.026735 -0.000708
v 0.000182 0.026750 -0.000700
v 0.000180 0.026765 -0.000691
v 0.000177 0.026779 -0.000681
v 0.000174 0.026791 -0.000669
v 0.000171 0.026803 -0.000657
v 0.000167 0.026814 -0.000643
v 0.000163 0.026823 -0.000629
v 0.000160 0.026831 -0.000614
v 0.000156 0.026838 -0.000599
v 0.000151 0.026843 -0.000582
v 0.000147 0.026847 -0.000566
v 0.000143 0.026849 -0.000549
v 0.000138 0.026850 -0.000532
v 0.000250 0.026685 -0.000704
v 0.000249 0.026702 -0.000700
v 0.000247 0.026718 -0.000695
v 0.000245 0.026735 -0.000689
v 0.000242 0.026750 -0.000681
v 0.000239 0.026765 -0.000673
v 0.000236 0.026779 -0.000663
v 0.000232 0.026791 -0.000651
v 0.000227 0.026803 -0.000639
v 0.000223 0.026814 -0.000626
v 0.000218 0.026823 -0.000612
v 0.000213 0.026831 -0.000598
v 0.000207 0.026838 -0.000583
v 0.000202 0.026843 -0.000567
v 0.000196 0.026847 -0.000551
v 0.000190 0.026849 -0.000535
v 0.000184 0.026850 -0.000518
v 0.000311 0.026685 -0.000679
v 0.000309 0.026702 -0.000676
v 0.000307 0.026718 -0.000671
v 0.000304 0.026735 -0.000665
v 0.000301 0.026750 -0.000658
v 0.000297 0.026765 -0.000649
v 0.000292 0.026779 -0.000640
v 0.000287 0.026791 -0.000629
v 0.000282 0.026803 -0.000617
v 0.000276 0.026814 -0.000605
v 0.000270 0.026823 -0.000591
v 0.000264 0.026831 -0.000577
v 0.000257 0.026838 -0.000562
v 0.000250 0.026843 -0.000547
v 0.000243 0.026847 -0.000532
v 0.000236 0.026849 -0.000516
v 0.000229 0.026850 -0.000500
v 0.000369 0.026685 -0.000650
v 0.000367 0.026702 -0.000646
v 0.000364 0.026718 -0.000642
v 0.000361 0.026735 -0.000636
v 0.000357 0.026750 -0.000629
v 0.000352 0.026765 -0.000621
v 0.000347 0.026779 -0.000612
v 0.000341 0.026791 -0.000601
v 0.000335 0.026803 -0.000590
v 0.000328 0.026814 -0.000578
v 0.000321 0.026823 -0.000565
v 0.000313 0.026831 -0.000552
v 0.000305 0.026838 -0.000538
v 0.000297 0.026843 -0.000523
v 0.000289 0.026847 -0.000509
v 0.000280 0.026849 -0.000494
v 0.000271 0.026850 -0.000478
v 0.000424 0.026685 -0.000615
v 0.000422 0.026702 -0.000612
v 0.000419 0.026718 -0.000608
v 0.000415 0.026735 -0.000602
v 0.000410 0.026750 -0.000596
v 0.000405 0.026765 -0.000588
v 0.000399 0.026779 -0.000579
v 0.000392 0.026791 -0.000569
v 0.000385 0.026803 -0.000559
v 0.000377 0.026814 -0.000547
v 0.000369 0.026823 -0.000535
v 0.000360 0.026831 -0.000523
v 0.000351 0.026838 -0.000509
v 0.000341 0.026843 -0.000496
v 0.000332 0.026847 -0.000482
v 0.000322 0.026849 -0.000467
v 0.000312 0.026850 -0.000453
v 0.000476 0.026685 -0.000576
v 0.000473 0.026702 -0.000573
v 0.000470 0.026718 -0.000569
v 0.000466 0.026735 -0.000564
v 0.000461 0.026750 -0.000558
v 0.000455 0.026765 -0.000550
v 0.000448 0.026779 -0.000542
v 0.000440 0.026791 -0.000533
v 0.000432 0.026803 -0.000523
v 0.000423 0.026814 -0.000512
v 0.000414 0.026823 -0.000501
v 0.000404 0.026831 -0.000489
v 0.000394 0.026838 -0.000477
v 0.000383 0.026843 -0.000464
v 0.000372 0.026847 -0.000451
v 0.000361 0.026849 -0.000437
v 0.000350 0.026850 -0.000424
v 0.000524 0.026685 -0.000532
v 0.000522 0.026702 -0.000529
v 0.000518 0.026718 -0.000526
v 0.000513 0.026735 -0.000521
v 0.000508 0.026750 -0.000515
v 0.000501 0.026765 -0.000509
v 0.000493 0.026779 -0.000501
v 0.000485 0.026791 -0.000493
v 0.000476 0.026803 -0.000483
v 0.000466 0.026814 -0.000474
v 0.000456 0.026823 -0.000463
v 0.000445 0.026831 -0.000452
v 0.000434 0.026838 -0.000441
v 0.000422 0.026843 -0.000429
v 0.000410 0.026847 -0.000417
v 0.000398 0.026849 -0.000404
v 0.000386 0.026850 -0.000392
v 0.000569 0.026685 -0.000484
v 0.000566 0.026702 -0.000482
v 0.000562 0.026718 -0.000479
v 0.000557 0.026735 -0.000474
v 0.000550 0.026750 -0.000469
v 0.000543 0.026765 -0.000463
v 0.000535 0.026779 -0.000456
v 0.000526 0.026791 -0.000448
v 0.000516 0.026803 -0.000440
v 0.000506 0.026814 -0.000431
v 0.000495 0.026823 -0.000422
v 0.000483 0.026831 -0.000412
v 0.000471 0.026838 -0.000401
v 0.000458 0.026843 -0.000390
v 0.000445 0.026847 -0.000379
v 0.000432 0.026849 -0.000368
v 0.000419 0.026850 -0.000357
v 0.000609 0.026685 -0.000433
v 0.000606 0.026702 -0.000431
v 0.000601 0.026718 -0.000428
v 0.000596 0.026735 -0.000424
v 0.000589 0.026750 -0.000419
v 0.000582 0.026765 -0.000414
v 0.000573 0.026779 -0.000408
v 0.000563 0.026791 -0.000401
v 0.000553 0.026803 -0.000393
v 0.000542 0.026814 -0.000385
v 0.000530 0.026823 -0.000377
v 0.000517 0.026831 -0.000368
v 0.000504 0.026838 -0.000359
v 0.000490 0.026843 -0.000349
v 0.000476 0.026847 -0.000339
v 0.000462 0.026849 -0.000329
v 0.000448 0.026850 -0.000319
v 0.000644 0.026685 -0.000378
v 0.000641 0.026702 -0.000376
v 0.000636 0.026718 -0.000374
v 0.000631 0.026735 -0.000370
v 0.000624 0.026750 -0.000366
v 0.000615 0.026765 -0.000362
v 0.000606 0.026779 -0.000356
v 0.000596 0.026791 -0.000350
v 0.000585 0.026803 -0.000344
v 0.000573 0.026814 -0.000337
v 0.000560 0.026823 -0.000329
v 0.000547 0.026831 -0.000321
v 0.000533 0.026838 -0.000313
v 0.000519 0.026843 -0.000305
v 0.000504 0.026847 -0.000296
v 0.000489 0.026849 -0.000287
v 0.000474 0.026850 -0.000279
v 0.000675 0.026685 -0.000321
v 0.000671 0.026702 -0.000319
v 0.000666 0.026718 -0.000317
v 0.000660 0.026735 -0.000314
v 0.000653 0.026750 -0.000311
v 0.000645 0.026765 -0.000307
v 0.000635 0.026779 -0.000302
v 0.000624 0.026791 -0.000297
v 0.000613 0.026803 -0.000291
v 0.000600 0.026814 -0.000285
v 0.000587 0.026823 -0.000279
v 0.000573 0.026831 -0.000272
v 0.000558 0.026838 -0.000266
v 0.000543 0.026843 -0.000258
v 0.000528 0.026847 -0.000251
v 0.000512 0.026849 -0.000244
v 0.000497 0.026850 -0.000236
v 0.000700 0.026685 -0.000261
v 0.000696 0.026702 -0.000259
v 0.000692 0.026718 -0.000258
v 0.000685 0.026735 -0.000255
v 0.000678 0.026750 -0.000252
v 0.000669 0.026765 -0.000249
v 0.000659 0.026779 -0.000245
v 0.000648 0.026791 -0.000241
v 0.000636 0.026803 -0.000237
v 0.000623 0.026814 -0.000232
v 0.000609 0.026823 -0.000227
v 0.000595 0.026831 -0.000222
v 0.000579 0.026838 -0.000216
v 0.000564 0.026843 -0.000210
v 0.000548 0.026847 -0.000204
v 0.000532 0.026849 -0.000198
v 0.000515 0.026850 -0.000192
v 0.000720 0.026685 -0.000199
v 0.000716 0.026702 -0.000198
v 0.000711 0.026718 -0.000196
v 0.000705 0.026735 -0.000195
v 0.000697 0.026750 -0.000192
v 0.000688 0.026765 -0.000190
v 0.000678 0.026779 -0.000187
v 0.000666 0.026791 -0.000184
v 0.000654 0.026803 -0.000181
v 0.000641 0.026814 -0.000177
v 0.000627 0.026823 -0.000173
v 0.000612 0.026831 -0.000169
v 0.000596 0.026838 -0.000165
v 0.000580 0.026843 -0.000160
v 0.000564 0.026847 -0.000156
v 0.000547 0.026849 -0.000151
v 0.000530 0.026850 -0.000146
v 0.000735 0.026685 -0.000135
v 0.000731 0.026702 -0.000135
v 0.000726 0.026718 -0.000134
v 0.000719 0.026735 -0.000132
v 0.000711 0.026750 -0.000131
v 0.000702 0.026765 -0.000129
v 0.000692 0.026779 -0.000127
v 0.000680 0.026791 -0.000125
v 0.000667 0.026803 -0.000123
v 0.000654 0.026814 -0.000120
v 0.000639 0.026823 -0.000118
v 0.000624 0.026831 -0.000115
v 0.000608 0.026838 -0.000112
v 0.000592 0.026843 -0.000109
v 0.000575 0.026847 -0.000106
v 0.000558 0.026849 -0.000103
v 0.000541 0.026850 -0.000100
v 0.000744 0.026685 -0.000071
v 0.000740 0.026702 -0.000070
v 0.000735 0.026718 -0.000070
v 0.000728 0.026735 -0.000069
v 0.000720 0.026750 -0.000068
v 0.000711 0.026765 -0.000068
v 0.000700 0.026779 -0.000067
v 0.000688 0.026791 -0.000065
v 0.000676 0.026803 -0.000064
v 0.000662 0.026814 -0.000063
v 0.000647 0.026823 -0.000062
v 0.000632 0.026831 -0.000060
v 0.000616 0.026838 -0.000059
v 0.000599 0.026843 -0.000057
v 0.000582 0.026847 -0.000055
v 0.000565 0.026849 -0.000054
v 0.000548 0.026850 -0.000052
v 0.000747 0.026685 -0.000006
v 0.000743 0.026702 -0.000006
v 0.000738 0.026718 -0.000006
v 0.000731 0.026735 -0.000006
v 0.000723 0.026750 -0.000005
v 0.000714 0.026765 -0.000005
v 0.000703 0.026779 -0.000005
v 0.000691 0.026791 -0.000005
v 0.000679 0.026803 -0.000005
v 0.000665 0.026814 -0.000005
v 0.000650 0.026823 -0.000005
v 0.000635 0.026831 -0.000005
v 0.000618 0.026838 -0.000005
v 0.000602 0.026843 -0.000005
v 0.000585 0.026847 -0.000004
v 0.000567 0.026849 -0.000004
v 0.000550 0.026850 -0.000004
v 0.000745 0.026685 0.000059
v 0.000741 0.026702 0.000059
v 0.000736 0.026718 0.000059
v 0.000729 0.026735 0.000058
v 0.000721 0.026750 0.000058
v 0.000712 0.026765 0.000057
v 0.000701 0.026779 0.000056
v 0.000689 0.026791 0.000055
v 0.000676 0.026803 0.000054
v 0.000663 0.026814 0.000053
v 0.000648 0.026823 0.000052
v 0.000633 0.026831 0.000051
v 0.000616 0.026838 0.000049
v 0.000600 0.026843 0.000048
v 0.000583 0.026847 0.000047
v 0.000566 0.026849 0.000045
v 0.000548 0.026850 0.000044
v 0.000737 0.026685 0.000124
v 0.000733 0.026702 0.000124
v 0.000728 0.026718 0.000123
v 0.000721 0.026735 0.000122
v 0.000713 0.026750 0.000120
v 0.000704 0.026765 0.000119
v 0.000693 0.026779 0.000117
v 0.000682 0.026791 0.000115
v 0.000669 0.026803 0.000113
v 0.000655 0.026814 0.000110
v 0.000641 0.026823 0.000108
v 0.000626 0.026831 0.000105
v 0.000610 0.026838 0.000103
v 0.000593 0.026843 0.000100
v 0.000577 0.026847 0.000097
v 0.000560 0.026849 0.000094
v 0.000542 0.026850 0.000091
v 0.000723 0.026685 0.000188
v 0.000719 0.026702 0.000187
v 0.000714 0.026718 0.000186
v 0.000708 0.026735 0.000184
v 0.000700 0.026750 0.000182
v 0.000691 0.026765 0.000180
v 0.000681 0.026779 0.000177
v 0.000669 0.026791 0.000174
v 0.000657 0.026803 0.000171
v 0.000643 0.026814 0.000167
v 0.000629 0.026823 0.000163
v 0.000614 0.026831 0.000160
v 0.000599 0.026838 0.000156
v 0.000582 0.026843 0.000151
v 0.000566 0.026847 0.000147
v 0.000549 0.026849 0.000143
v 0.000532 0.026850 0.000138
v 0.000704 0.026685 0.000250
v 0.000700 0.026702 0.000249
v 0.000695 0.026718 0.000247
v 0.000689 0.026735 0.000245
v 0.000681 0.026750 0.000242
v 0.000673 0.026765 0.000239
v 0.000663 0.026779 0.000236
v 0.000651 0.026791 0.000232
v 0.000639 0.026803 0.000227
v 0.000626 0.026814 0.000223
v 0.000612 0.026823 0.000218
v 0.000598 0.026831 0.000213
v 0.000583 0.026838 0.000207
v 0.000567 0.026843 0.000202
v 0.000551 0.026847 0.000196
v 0.000535 0.026849 0.000190
v 0.000518 0.026850 0.000184
v 0.000679 0.026685 0.000311
v 0.000676 0.026702 0.000309
v 0.000671 0.026718 0.000307
v 0.000665 0.026735 0.000304
v 0.000658 0.026750 0.000301
v 0.000649 0.026765 0.000297
v 0.000640 0.026779 0.000292
v 0.000629 0.026791 0.000287
v 0.000617 0.026803 0.000282
v 0.000605 0.026814 0.000276
v 0.000591 0.026823 0.000270
v 0.000577 0.026831 0.000264
v 0.000562 0.026838 0.000257
v 0.000547 0.026843 0.000250
v 0.000532 0.026847 0.000243
v 0.000516 0.026849 0.000236
v 0.000500 0.026850 0.000229
v 0.000650 0.026685 0.000369
v 0.000646 0.026702 0.000367
v 0.000642 0.026718 0.000364
v 0.000636 0.026735 0.000361
v 0.000629 0.026750 0.000357
v 0.000621 0.026765 0.000352
v 0.000612 0.026779 0.000347
v 0.000601 0.026791 0.000341
v 0.000590 0.026803 0.000335
v 0.000578 0.026814 0.000328
v 0.000565 0.026823 0.000321
v 0.000552 0.026831 0.000313
v 0.000538 0.026838 0.000305
v 0.000523 0.026843 0.000297
v 0.000509 0.026847 0.000289
v 0.000494 0.026849 0.000280
v 0.000478 0.026850 0.000271
v 0.000615 0.026685 0.000424
v 0.000612 0.026702 0.000422
v 0.000608 0.026718 0.000419
v 0.000602 0.026735 0.000415
v 0.000596 0.026750 0.000410
v 0.000588 0.026765 0.000405
v 0.000579 0.026779 0.000399
v 0.000569 0.026791 0.000392
v 0.000559 0.026803 0.000385
v 0.000547 0.026814 0.000377
v 0.000535 0.026823 0.000369
v 0.000523 0.026831 0.000360
v 0.000509 0.026838 0.000351
v 0.000496 0.026843 0.000341
v 0.000482 0.026847 0.000332
v 0.000467 0.026849 0.000322
v 0.000453 0.026850 0.000312
v 0.000576 0.026685 0.000476
v 0.000573 0.026702 0.000473
v 0.000569 0.026718 0.000470
v 0.000564 0.026735 0.000466
v 0.000558 0.026750 0.000461
v 0.000550 0.026765 0.000455
v 0.000542 0.026779 0.000448
v 0.000533 0.026791 0.000440
v 0.000523 0.026803 0.000432
v 0.000512 0.026814 0.000423
v 0.000501 0.026823 0.000414
v 0.000489 0.026831 0.000404
v 0.000477 0.026838 0.000394
v 0.000464 0.026843 0.000383
v 0.000451 0.026847 0.000372
v 0.000437 0.026849 0.000361
v 0.000424 0.026850 0.000350
v 0.000532 0.026685 0.000524
v 0.000529 0.026702 0.000522
v 0.000526 0.026718 0.000518
v 0.000521 0.026735 0.000513
v 0.000515 0.026750 0.000508
v 0.000509 0.026765 0.000501
v 0.000501 0.026779 0.000493
v 0.000493 0.026791 0.000485
v 0.000483 0.026803 0.000476
v 0.000474 0.026814 0.000466
v 0.000463 0.026823 0.000456
v 0.000452 0.026831 0.000445
v 0.000441 0.026838 0.000434
v 0.000429 0.026843 0.000422
v 0.000417 0.026847 0.000410
v 0.000404 0.026849 0.000398
v 0.000392 0.026850 0.000386
v 0.000484 0.026685 0.000569
v 0.000482 0.026702 0.000566
v 0.000479 0.026718 0.000562
v 0.000474 0.026735 0.000557
v 0.000469 0.026750 0.000550
v 0.000463 0.026765 0.000543
v 0.000456 0.026779 0.000535
v 0.000448 0.026791 0.000526
v 0.000440 0.026803 0.000516
v 0.000431 0.026814 0.000506
v 0.000422 0.026823 0.000495
v 0.000412 0.026831 0.000483
v 0.000401 0.026838 0.000471
v 0.000390 0.026843 0.000458
v 0.000379 0.026847 0.000445
v 0.000368 0.026849 0.000432
v 0.000357 0.026850 0.000419
v 0.000433 0.026685 0.000609
v 0.000431 0.026702 0.000606
v 0.000428 0.026718 0.000601
v 0.000424 0.026735 0.000596
v 0.000419 0.026750 0.000589
v 0.000414 0.026765 0.000582
v 0.000408 0.026779 0.000573
v 0.000401 0.026791 0.000563
v 0.000393 0.026803 0.000553
v 0.000385 0.026814 0.000542
v 0.000377 0.026823 0.000530
v 0.000368 0.026831 0.000517
v 0.000359 0.026838 0.000504
v 0.000349 0.026843 0.000490
v 0.000339 0.026847 0.000476
v 0.000329 0.026849 0.000462
v 0.000319 0.026850 0.000448
v 0.000378 0.026685 0.000644
v 0.000376 0.026702 0.000641
v 0.000374 0.026718 0.000636
v 0.000370 0.026735 0.000631
v 0.000366 0.026750 0.000624
v 0.000362 0.026765 0.000615
v 0.000356 0.026779 0.000606
v 0.000350 0.026791 0.000596
v 0.000344 0.026803 0.000585
v 0.000337 0.026814 0.000573
v 0.000329 0.026823 0.000560
v 0.000321 0.026831 0.000547
v 0.000313 0.026838 0.000533
v 0.000305 0.026843 0.000519
v 0.000296 0.026847 0.000504
v 0.000287 0.026849 0.000489
v 0.000279 0.026850 0.000474
v 0.000321 0.026685 0.000675
v 0.000319 0.026702 0.000671
v 0.000317 0.026718 0.000666
v 0.000314 0.026735 0.000660
v 0.000311 0.026750 0.000653
v 0.000307 0.026765 0.000645
v 0.000302 0.026779 0.000635
v 0.000297 0.026791 0.000624
v 0.000291 0.026803 0.000613
v 0.000285 0.026814 0.000600
v 0.000279 0.026823 0.000587
v 0.000272 0.026831 0.000573
v 0.000266 0.026838 0.000558
v 0.000258 0.026843 0.000543
v 0.000251 0.026847 0.000528
v 0.000244 0.026849 0.000512
v 0.000236 0.026850 0.000497
v 0.000261 0.026685 0.000700
v 0.000259 0.026702 0.000696
v 0.000258 0.026718 0.000692
v 0.000255 0.026735 0.000685
v 0.000252 0.026750 0.000678
v 0.000249 0.026765 0.000669
v 0.000245 0.026779 0.000659
v 0.000241 0.026791 0.000648
v 0.000237 0.026803 0.000636
v 0.000232 0.026814 0.000623
v 0.000227 0.026823 0.000609
v 0.000222 0.026831 0.000595
v 0.000216 0.026838 0.000579
v 0.000210 0.026843 0.000564
v 0.000204 0.026847 0.000548
v 0.000198 0.026849 0.000532
v 0.000192 0.026850 0.000515
v 0.000199 0.026685 0.000720
v 0.000198 0.026702 0.000716
v 0.000196 0.026718 0.000711
v 0.000195 0.026735 0.000705
v 0.000192 0.026750 0.000697
v 0.000190 0.026765 0.000688
v 0.000187 0.026779 0.000678
v 0.000184 0.026791 0.000666
v 0.000181 0.026803 0.000654
v 0.000177 0.026814 0.000641
v 0.000173 0.026823 0.000627
v 0.000169 0.026831 0.000612
v 0.000165 0.026838 0.000596
v 0.000160 0.026843 0.000580
v 0.000156 0.026847 0.000564
v 0.000151 0.026849 0.000547
v 0.000146 0.026850 0.000530
v 0.000135 0.026685 0.000735
v 0.000135 0.026702 0.000731
v 0.000134 0.026718 0.000726
v 0.000132 0.026735 0.000719
v 0.000131 0.026750 0.000711
v 0.000129 0.026765 0.000702
v 0.000127 0.026779 0.000692
v 0.000125 0.026791 0.000680
v 0.000123 0.026803 0.000667
v 0.000120 0.026814 0.000654
v 0.000118 0.026823 0.000639
v 0.000115 0.026831 0.000624
v 0.000112 0.026838 0.000608
v 0.000109 0.026843 0.000592
v 0.000106 0.026847 0.000575
v 0.000103 0.026849 0.000558
v 0.000100 0.026850 0.000541
v 0.000071 0.026685 0.000744
v 0.000070 0.026702 0.000740
v 0.000070 0.026718 0.000735
v 0.000069 0.026735 0.000728
v 0.000068 0.026750 0.000720
v 0.000068 0.026765 0.000711
v 0.000067 0.026779 0.000700
v 0.000065 0.026791 0.000688
v 0.000064 0.026803 0.000676
v 0.000063 0.026814 0.000662
v 0.000062 0.026823 0.000647
v 0.000060 0.026831 0.000632
v 0.000059 0.026838 0.000616
v 0.000057 0.026843 0.000599
v 0.000055 0.026847 0.000582
v 0.000054 0.026849 0.000565
v 0.000052 0.026850 0.000548
v 0.000006 0.026685 0.000747
v 0.000006 0.026702 0.000743
v 0.000006 0.026718 0.000738
v 0.000006 0.026735 0.000731
v 0.000005 0.026750 0.000723
v 0.000005 0.026765 0.000714
v 0.000005 0.026779 0.000703
v 0.000005 0.026791 0.000691
v 0.000005 0.026803 0.000679
v 0.000005 0.026814 0.000665
v 0.000005 0.026823 0.000650
v 0.000005 0.026831 0.000635
v 0.000005 0.026838 0.000618
v 0.000005 0.026843 0.000602
v 0.000004 0.026847 0.000585
v 0.000004 0.026849 0.000567
v 0.000004 0.026850 0.000550
v -0.000059 0.026685 0.000745
v -0.000059 0.026702 0.000741
v -0.000059 0.026718 0.000736
v -0.000058 0.026735 0.000729
v -0.000058 0.026750 0.000721
v -0.000057 0.026765 0.000712
v -0.000056 0.026779 0.000701
v -0.000055 0.026791 0.000689
v -0.000054 0.026803 0.000676
v -0.000053 0.026814 0.000663
v -0.000052 0.026823 0.000648
v -0.000051 0.026831 0.000633
v -0.000049 0.026838 0.000616
v -0.000048 0.026843 0.000600
v -0.000047 0.026847 0.000583
v -0.000045 0.026849 0.000566
v -0.000044 0.026850 0.000548
v -0.000124 0.026685 0.000737
v -0.000124 0.026702 0.000733
v -0.000123 0.026718 0.000728
v -0.000122 0.026735 0.000721
v -0.000120 0.026750 0.000713
v -0.000119 0.026765 0.000704
v -0.000117 0.026779 0.000693
v -0.000115 0.026791 0.000682
v -0.000113 0.026803 0.000669
v -0.000110 0.026814 0.000655
v -0.000108 0.026823 0.000641
v -0.000105 0.026831 0.000626
v -0.000103 0.026838 0.000610
v -0.000100 0.026843 0.000593
v -0.000097 0.026847 0.000577
v -0.000094 0.026849 0.000560
v -0.000091 0.026850 0.000542
v -0.000188 0.026685 0.000723
v -0.000187 0.026702 0.000719
v -0.000186 0.026718 0.000714
v -0.000184 0.026735 0.000708
v -0.000182 0.026750 0.000700
v -0.000180 0.026765 0.000691
v -0.000177 0.026779 0.000681
v -0.000174 0.026791 0.000669
v -0.000171 0.026803 0.000657
v -0.000167 0.026814 0.000643
v -0.000163 0.026823 0.000629
v -0.000160 0.026831 0.000614
v -0.000156 0.026838 0.000599
v -0.000151 0.026843 0.000582
v -0.000147 0.026847 0.000566
v -0.000143 0.026849 0.000549
v -0.000138 0.026850 0.000532
v -0.000250 0.026685 0.000704
v -0.000249 0.026702 0.000700
v -0.000247 0.026718 0.000695
v -0.000245 0.026735 0.000689
v -0.000242 0.026750 0.000681
v -0.000239 0.026765 0.000673
v -0.000236 0.026779 0.000663
v -0.000232 0.026791 0.000651
v -0.000227 0.026803 0.000639
v -0.000223 0.026814 0.000626
v -0.000218 0.026823 0.000612
v -0.000213 0.026831 0.000598
v -0.000207 0.026838 0.000583
v -0.000202 0.026843 0.000567
v -0.000196 0.026847 0.000551
v -0.000190 0.026849 0.000535
v -0.000184 0.026850 0.000518
v -0.000311 0.026685 0.000679
v -0.000309 0.026702 0.000676
v -0.000307 0.026718 0.000671
v -0.000304 0.026735 0.000665
v -0.000301 0.026750 0.000658
v -0.000297 0.026765 0.000649
v -0.000292 0.026779 0.000640
v -0.000287 0.026791 0.000629
v -0.000282 0.026803 0.000617
v -0.000276 0.026814 0.000605
v -0.000270 0.026823 0.000591
v -0.000264 0.026831 0.000577
v -0.000257 0.026838 0.000562
v -0.000250 0.026843 0.000547
v -0.000243 0.026847 0.000532
v -0.000236 0.026849 0.000516
v -0.000229 0.026850 0.000500
v -0.000369 0.026685 0.000650
v -0.000367 0.026702 0.000646
v -0.000364 0.026718 0.000642
v -0.000361 0.026735 0.000636
v -0.000357 0.026750 0.000629
v -0.000352 0.026765 0.000621
v -0.000347 0.026779 0.000612
v -0.000341 0.026791 0.000601
v -0.000335 0.026803 0.000590
v -0.000328 0.026814 0.000578
v -0.000321 0.026823 0.000565
v -0.000313 0.026831 0.000552
v -0.000305 0.026838 0.000538
v -0.000297 0.026843 0.000523
v -0.000289 0.026847 0.000509
v -0.000280 0.026849 0.000494
v -0.000271 0.026850 0.000478
v -0.000424 0.026685 0.000615
v -0.000422 0.026702 0.000612
v -0.000419 0.026718 0.000608
v -0.000415 0.026735 0.000602
v -0.000410 0.026750 0.000596
v -0.000405 0.026765 0.000588
v -0.000399 0.026779 0.000579
v -0.000392 0.026791 0.000569
v -0.000385 0.026803 0.000559
v -0.000377 0.026814 0.000547
v -0.000369 0.026823 0.000535
v -0.000360 0.026831 0.000523
v -0.000351 0.026838 0.000509
v -0.000341 0.026843 0.000496
v -0.000332 0.026847 0.000482
v -0.000322 0.026849 0.000467
v -0.000312 0.026850 0.000453
v -0.000476 0.026685 0.000576
v -0.000473 0.026702 0.000573
v -0.000470 0.026718 0.000569
v -0.000466 0.026735 0.000564
v -0.000461 0.026750 0.000558
v -0.000455 0.026765 0.000550
v -0.000448 0.026779 0.000542
v -0.000440 0.026791 0.000533
v -0.000432 0.026803 0.000523
v -0.000423 0.026814 0.000512
v -0.000414 0.026823 0.000501
v -0.000404 0.026831 0.000489
v -0.000394 0.026838 0.000477
v -0.000383 0.026843 0.000464
v -0.000372 0.026847 0.000451
v -0.000361 0.026849 0.000437
v -0.000350 0.026850 0.000424
v -0.000524 0.026685 0.000532
v -0.000522 0.026702 0.000529
v -0.000518 0.026718 0.000526
v -0.000513 0.026735 0.000521
v -0.000508 0.026750 0.000515
v -0.000501 0.026765 0.000509
v -0.000493 0.026779 0.000501
v -0.000485 0.026791 0.000493
v -0.000476 0.026803 0.000483
v -0.000466 0.026814 0.000474
v -0.000456 0.026823 0.000463
v -0.000445 0.026831 0.000452
v -0.000434 0.026838 0.000441
v -0.000422 0.026843 0.000429
v -0.000410 0.026847 0.000417
v -0.000398 0.026849 0.000404
v -0.000386 0.026850 0.000392
v -0.000569 0.026685 0.000484
v -0.000566 0.026702 0.000482
v -0.000562 0.026718 0.000479
v -0.000557 0.026735 0.000474
v -0.000550 0.026750 0.000469
v -0.000543 0.026765 0.000463
v -0.000535 0.026779 0.000456
v -0.000526 0.026791 0.000448
v -0.000516 0.026803 0.000440
v -0.000506 0.026814 0.000431
v -0.000495 0.026823 0.000422
v -0.000483 0.026831 0.000412
v -0.000471 0.026838 0.000401
v -0.000458 0.026843 0.000390
v -0.000445 0.026847 0.000379
v -0.000432 0.026849 0.000368
v -0.000419 0.026850 0.000357
v -0.000609 0.026685 0.000433
v -0.000606 0.026702 0.000431
v -0.000601 0.026718 0.000428
v -0.000596 0.026735 0.000424
v -0.000589 0.026750 0.000419
v -0.000582 0.026765 0.000414
v -0.000573 0.026779 0.000408
v -0.000563 0.026791 0.000401
v -0.000553 0.026803 0.000393
v -0.000542 0.026814 0.000385
v -0.000530 0.026823 0.000377
v -0.000517 0.026831 0.000368
v -0.000504 0.026838 0.000359
v -0.000490 0.026843 0.000349
v -0.000476 0.026847 0.000339
v -0.000462 0.026849 0.000329
v -0.000448 0.026850 0.000319
v -0.000644 0.026685 0.000378
v -0.000641 0.026702 0.000376
v -0.000636 0.026718 0.000374
v -0.000631 0.026735 0.000370
v -0.000624 0.026750 0.000366
v -0.000615 0.026765 0.000362
v -0.000606 0.026779 0.000356
v -0.000596 0.026791 0.000350
v -0.000585 0.026803 0.000344
v -0.000573 0.026814 0.000337
v -0.000560 0.026823 0.000329
v -0.000547 0.026831 0.000321
v -0.000533 0.026838 0.000313
v -0.000519 0.026843 0.000305
v -0.000504 0.026847 0.000296
v -0.000489 0.026849 0.000287
v -0.000474 0.026850 0.000279
v -0.000675 0.026685 0.000321
v -0.000671 0.026702 0.000319
v -0.000666 0.026718 0.000317
v -0.000660 0.026735 0.000314
v -0.000653 0.026750 0.000311
v -0.000645 0.026765 0.000307
v -0.000635 0.026779 0.000302
v -0.000624 0.026791 0.000297
v -0.000613 0.026803 0.000291
v -0.000600 0.026814 0.000285
v -0.000587 0.026823 0.000279
v -0.000573 0.026831 0.000272
v -0.000558 0.026838 0.000266
v -0.000543 0.026843 0.000258
v -0.000528 0.026847 0.000251
v -0.000512 0.026849 0.000244
v -0.000497 0.026850 0.000236
v -0.000700 0.026685 0.000261
v -0.000696 0.026702 0.000259
v -0.000692 0.026718 0.000258
v -0.000685 0.026735 0.000255
v -0.000678 0.026750 0.000252
v -0.000669 0.026765 0.000249
v -0.000659 0.026779 0.000245
v -0.000648 0.026791 0.000241
v -0.000636 0.026803 0.000237
v -0.000623 0.026814 0.000232
v -0.000609 0.026823 0.000227
v -0.000595 0.026831 0.000222
v -0.000579 0.026838 0.000216
v -0.000564 0.026843 0.000210
v -0.000548 0.026847 0.000204
v -0.000532 0.026849 0.000198
v -0.000515 0.026850 0.000192
v -0.000720 0.026685 0.000199
v -0.000716 0.026702 0.000198
v -0.000711 0.026718 0.000196
v -0.000705 0.026735 0.000195
v -0.000697 0.026750 0.000192
v -0.000688 0.026765 0.000190
v -0.000678 0.026779 0.000187
v -0.000666 0.026791 0.000184
v -0.000654 0.026803 0.000181
v -0.000641 0.026814 0.000177
v -0.000627 0.026823 0.000173
v -0.000612 0.026831 0.000169
v -0.000596 0.026838 0.000165
v -0.000580 0.026843 0.000160
v -0.000564 0.026847 0.000156
v -0.000547 0.026849 0.000151
v -0.000530 0.026850 0.000146
v -0.000735 0.026685 0.000135
v -0.000731 0.026702 0.000135
v -0.000726 0.026718 0.000134
v -0.000719 0.026735 0.000132
v -0.000711 0.026750 0.000131
v -0.000702 0.026765 0.000129
v -0.000692 0.026779 0.000127
v -0.000680 0.026791 0.000125
v -0.000667 0.026803 0.000123
v -0.000654 0.026814 0.000120
v -0.000639 0.026823 0.000118
v -0.000624 0.026831 0.000115
v -0.000608 0.026838 0.000112
v -0.000592 0.026843 0.000109
v -0.000575 0.026847 0.000106
v -0.000558 0.026849 0.000103
v -0.000541 0.026850 0.000100
v -0.000744 0.026685 0.000071
v -0.000740 0.026702 0.000070
v -0.000735 0.026718 0.000070
v -0.000728 0.026735 0.000069
v -0.000720 0.026750 0.000068
v -0.000711 0.026765 0.000068
v -0.000700 0.026779 0.000067
v -0.000688 0.026791 0.000065
v -0.000676 0.026803 0.000064
v -0.000662 0.026814 0.000063
v -0.000647 0.026823 0.000062
v -0.000632 0.026831 0.000060
v -0.000616 0.026838 0.000059
v -0.000599 0.026843 0.000057
v -0.000582 0.026847 0.000055
v -0.000565 0.026849 0.000054
v -0.000548 0.026850 0.000052
v -0.000747 0.026685 0.000006
v -0.000743 0.026702 0.000006
v -0.000738 0.026718 0.000006
v -0.000731 0.026735 0.000006
v -0.000723 0.026750 0.000005
v -0.000714 0.026765 0.000005
v -0.000703 0.026779 0.000005
v -0.000691 0.026791 0.000005
v -0.000679 0.026803 0.000005
v -0.000665 0.026814 0.000005
v -0.000650 0.026823 0.000005
v -0.000635 0.026831 0.000005
v -0.000618 0.026838 0.000005
v -0.000602 0.026843 0.000005
v -0.000585 0.026847 0.000004
v -0.000567 0.026849 0.000004
v -0.000550 0.026850 0.000004
v 0.000000 0.026850 0.000000
v -0.004250 0.020850 0.000000
v -0.004254 0.020850 -0.000087
v -0.004265 0.020850 -0.000174
v -0.004284 0.020850 -0.000259
v -0.004310 0.020850 -0.000342
v -0.004344 0.020850 -0.000423
v -0.004384 0.020850 -0.000500
v -0.004431 0.020850 -0.000574
v -0.004484 0.020850 -0.000643
v -0.004543 0.020850 -0.000707
v -0.004607 0.020850 -0.000766
v -0.004676 0.020850 -0.000819
v -0.004750 0.020850 -0.000866
v -0.004827 0.020850 -0.000906
v -0.004908 0.020850 -0.000940
v -0.004991 0.020850 -0.000966
v -0.005076 0.020850 -0.000985
v -0.005163 0.020850 -0.000996
v -0.005250 0.020850 -0.001000
v -0.005337 0.020850 -0.000996
v -0.005424 0.020850 -0.000985
v -0.005509 0.020850 -0.000966
v -0.005592 0.020850 -0.000940
v -0.005673 0.020850 -0.000906
v -0.005750 0.020850 -0.000866
v -0.005824 0.020850 -0.000819
v -0.005893 0.020850 -0.000766
v -0.005957 0.020850 -0.000707
v -0.006016 0.020850 -0.000643
v -0.006069 0.020850 -0.000574
v -0.006116 0.020850 -0.000500
v -0.006156 0.020850 -0.000423
v -0.006190 0.020850 -0.000342
v -0.006216 0.020850 -0.000259
v -0.006235 0.020850 -0.000174
v -0.006246 0.020850 -0.000087
v -0.006250 0.020850 -0.000000
v -0.006246 0.020850 0.000087
v -0.006235 0.020850 0.000174
v -0.006216 0.020850 0.000259
v -0.006190 0.020850 0.000342
v -0.006156 0.020850 0.000423
v -0.006116 0.020850 0.000500
v -0.006069 0.020850 0.000574
v -0.006016 0.020850 0.000643
v -0.005957 0.020850 0.000707
v -0.005893 0.020850 0.000766
v -0.005824 0.020850 0.000819
v -0.005750 0.020850 0.000866
v -0.005673 0.020850 0.000906
v -0.005592 0.020850 0.000940
v -0.005509 0.020850 0.000966
v -0.005424 0.020850 0.000985
v -0.005337 0.020850 0.000996
v -0.005250 0.020850 0.001000
v -0.005163 0.020850 0.000996
v -0.005076 0.020850 0.000985
v -0.004991 0.020850 0.000966
v -0.004908 0.020850 0.000940
v -0.004827 0.020850 0.000906
v -0.004750 0.020850 0.000866
v -0.004676 0.020850 0.000819
v -0.004607 0.020850 0.000766
v -0.004543 0.020850 0.000707
v -0.004484 0.020850 0.000643
v -0.004431 0.020850 0.000574
v -0.004384 0.020850 0.000500
v -0.004344 0.020850 0.000423
v -0.004310 0.020850 0.000342
v -0.004284 0.020850 0.000259
v -0.004265 0.020850 0.000174
v -0.004254 0.020850 0.000087
v -0.005250 0.020850 0.000000
v 0.006250 0.020850 0.000000
v 0.006246 0.020850 -0.000087
v 0.006235 0.020850 -0.000174
v 0.006216 0.020850 -0.000259
v 0.006190 0.020850 -0.000342
v 0.006156 0.020850 -0.000423
v 0.006116 0.020850 -0.000500
v 0.006069 0.020850 -0.000574
v 0.006016 0.020850 -0.000643
v 0.005957 0.020850 -0.000707
v 0.005893 0.020850 -0.000766
v 0.005824 0.020850 -0.000819
v 0.005750 0.020850 -0.000866
v 0.005673 0.020850 -0.000906
v 0.005592 0.020850 -0.000940
v 0.005509 0.020850 -0.000966
v 0.005424 0.020850 -0.000985
v 0.005337 0.020850 -0.000996
v 0.005250 0.020850 -0.001000
v 0.005163 0.020850 -0.000996
v 0.005076 0.020850 -0.000985
v 0.004991 0.020850 -0.000966
v 0.004908 0.020850 -0.000940
v 0.004827 0.020850 -0.000906
v 0.004750 0.020850 -0.000866
v 0.004676 0.020850 -0.000819
v 0.004607 0.020850 -0.000766
v 0.004543 0.020850 -0.000707
v 0.004484 0.020850 -0.000643
v 0.004431 0.020850 -0.000574
v 0.004384 0.020850 -0.000500
v 0.004344 0.020850 -0.000423
v 0.004310 0.020850 -0.000342
v 0.004284 0.020850 -0.000259
v 0.004265 0.020850 -0.000174
v 0.004254 0.020850 -0.000087
v 0.004250 0.020850 -0.000000
v 0.004254 0.020850 0.000087
v 0.004265 0.020850 0.000174
v 0.004284 0.020850 0.000259
v 0.004310 0.020850 0.000342
v 0.004344 0.020850 0.000423
v 0.004384 0.020850 0.000500
v 0.004431 0.020850 0.000574
v 0.004484 0.020850 0.000643
v 0.004543 0.020850 0.000707
v 0.004607 0.020850 0.000766
v 0.004676 0.020850 0.000819
v 0.004750 0.020850 0.000866
v 0.004827 0.020850 0.000906
v 0.004908 0.020850 0.000940
v 0.004991 0.020850 0.000966
v 0.005076 0.020850 0.000985
v 0.005163 0.020850 0.000996
v 0.005250 0.020850 0.001000
v 0.005337 0.020850 0.000996
v 0.005424 0.020850 0.000985
v 0.005509 0.020850 0.000966
v 0.005592 0.020850 0.000940
v 0.005673 0.020850 0.000906
v 0.005750 0.020850 0.000866
v 0.005824 0.020850 0.000819
v 0.005893 0.020850 0.000766
v 0.005957 0.020850 0.000707
v 0.006016 0.020850 0.000643
v 0.006069 0.020850 0.000574
v 0.006116 0.020850 0.000500
v 0.006156 0.020850 0.000423
v 0.006190 0.020850 0.000342
v 0.006216 0.020850 0.000259
v 0.006235 0.020850 0.000174
v 0.006246 0.020850 0.000087
v 0.005250 0.020850 0.000000
v 0.000057 -0.001100 0.002349
v 0.000205 -0.001100 0.002341
v 0.000262 -0.001100 0.002335
v 0.000408 -0.001100 0.002314
v 0.000464 -0.001100 0.002304
v 0.000608 -0.001100 0.002270
v 0.000663 -0.001100 0.002254
v 0.000804 -0.001100 0.002208
v 0.000857 -0.001100 0.002188
v 0.000993 -0.001100 0.002130
v 0.001045 -0.001100 0.002105
v 0.001175 -0.001100 0.002035
v 0.001224 -0.001100 0.002006
v 0.001348 -0.001100 0.001925
v 0.001394 -0.001100 0.001892
v 0.001511 -0.001100 0.001800
v 0.001554 -0.001100 0.001763
v 0.001662 -0.001100 0.001662
v 0.001702 -0.001100 0.001621
v 0.001800 -0.001100 0.001511
v 0.001836 -0.001100 0.001466
v 0.001925 -0.001100 0.001348
v 0.001957 -0.001100 0.001301
v 0.002035 -0.001100 0.001175
v 0.002063 -0.001100 0.001125
v 0.002130 -0.001100 0.000993
v 0.002153 -0.001100 0.000941
v 0.002208 -0.001100 0.000804
v 0.002227 -0.001100 0.000750
v 0.002270 -0.001100 0.000608
v 0.002284 -0.001100 0.000553
v 0.002314 -0.001100 0.000408
v 0.002324 -0.001100 0.000352
v 0.002341 -0.001100 0.000205
v 0.002345 -0.001100 0.000148
v 0.002350 -0.001100 -0.000000
v 0.002349 -0.001100 -0.000057
v 0.002341 -0.001100 -0.000205
v 0.002335 -0.001100 -0.000262
v 0.002314 -0.001100 -0.000408
v 0.002304 -0.001100 -0.000464
v 0.002270 -0.001100 -0.000608
v 0.002254 -0.001100 -0.000663
v 0.002208 -0.001100 -0.000804
v 0.002188 -0.001100 -0.000857
v 0.002130 -0.001100 -0.000993
v 0.002105 -0.001100 -0.001045
v 0.002035 -0.001100 -0.001175
v 0.002006 -0.001100 -0.001224
v 0.001925 -0.001100 -0.001348
v 0.001892 -0.001100 -0.001394
v 0.001800 -0.001100 -0.001511
v 0.001763 -0.001100 -0.001554
v 0.001662 -0.001100 -0.001662
v 0.001621 -0.001100 -0.001702
v 0.001511 -0.001100 -0.001800
v 0.001466 -0.001100 -0.001836
v 0.001348 -0.001100 -0.001925
v 0.001301 -0.001100 -0.001957
v 0.001175 -0.001100 -0.002035
v 0.001125 -0.001100 -0.002063
v 0.000993 -0.001100 -0.002130
v 0.000941 -0.001100 -0.002153
v 0.000804 -0.001100 -0.002208
v 0.000750 -0.001100 -0.002227
v 0.000608 -0.001100 -0.002270
v 0.000553 -0.001100 -0.002284
v 0.000408 -0.001100 -0.002314
v 0.000352 -0.001100 -0.002324
v 0.000205 -0.001100 -0.002341
v 0.000148 -0.001100 -0.002345
v -0.000000 -0.001100 -0.002350
v -0.000057 -0.001100 -0.002349
v -0.000205 -0.001100 -0.002341
v -0.000262 -0.001100 -0.002335
v -0.000408 -0.001100 -0.002314
v -0.000464 -0.001100 -0.002304
v -0.000608 -0.001100 -0.002270
v -0.000663 -0.001100 -0.002254
v -0.000804 -0.001100 -0.002208
v -0.000857 -0.001100 -0.002188
v -0.000993 -0.001100 -0.002130
v -0.001045 -0.001100 -0.002105
v -0.001175 -0.001100 -0.002035
v -0.001224 -0.001100 -0.002006
v -0.001348 -0.001100 -0.001925
v -0.001394 -0.001100 -0.001892
v -0.001511 -0.001100 -0.001800
v -0.001554 -0.001100 -0.001763
v -0.001662 -0.001100 -0.001662
v -0.001702 -0.001100 -0.001621
v -0.001800 -0.001100 -0.001511
v -0.001836 -0.001100 -0.001466
v -0.001925 -0.001100 -0.001348
v -0.001957 -0.001100 -0.001301
v -0.002035 -0.001100 -0.001175
v -0.002063 -0.001100 -0.001125
v -0.002130 -0.001100 -0.000993
v -0.002153 -0.001100 -0.000941
v -0.002208 -0.001100 -0.000804
v -0.002227 -0.001100 -0.000750
v -0.002270 -0.001100 -0.000608
v -0.002284 -0.001100 -0.000553
v -0.002314 -0.001100 -0.000408
v -0.002324 -0.001100 -0.000352
v -0.002341 -0.001100 -0.000205
v -0.002345 -0.001100 -0.000148
v -0.002350 -0.001100 0.000000
v -0.002349 -0.001100 0.000057
v -0.002341 -0.001100 0.000205
v -0.002335 -0.001100 0.000262
v -0.002314 -0.001100 0.000408
v -0.002304 -0.001100 0.000464
v -0.002270 -0.001100 0.000608
v -0.002254 -0.001100 0.000663
v -0.002208 -0.001100 0.000804
v -0.002188 -0.001100 0.000857
v -0.002130 -0.001100 0.000993
v -0.002105 -0.001100 0.001045
v -0.002035 -0.001100 0.001175
v -0.002006 -0.001100 0.001224
v -0.001925 -0.001100 0.001348
v -0.001892 -0.001100 0.001394
v -0.001800 -0.001100 0.001511
v -0.001763 -0.001100 0.001554
v -0.001662 -0.001100 0.001662
v -0.001621 -0.001100 0.001702
v -0.001511 -0.001100 0.001800
v -0.001466 -0.001100 0.001836
v -0.001348 -0.001100 0.001925
v -0.001301 -0.001100 0.001957
v -0.001175 -0.001100 0.002035
v -0.001125 -0.001100 0.002063
v -0.000993 -0.001100 0.002130
v -0.000941 -0.001100 0.002153
v -0.000804 -0.001100 0.002208
v -0.000750 -0.001100 0.002227
v -0.000608 -0.001100 0.002270
v -0.000553 -0.001100 0.002284
v -0.000408 -0.001100 0.002314
v -0.000352 -0.001100 0.002324
v -0.000205 -0.001100 0.002341
v -0.000148 -0.001100 0.002345
v -0.000000 -0.001100 0.002350
v 0.006500 -0.003150 0.001265
v 0.006000 -0.003150 0.001265
v 0.006000 -0.003194 0.001263
v 0.006500 -0.003194 0.001263
v 0.006000 -0.003237 0.001257
v 0.006500 -0.003237 0.001257
v 0.006000 -0.003279 0.001248
v 0.006500 -0.003279 0.001248
v 0.006000 -0.003321 0.001235
v 0.006500 -0.003321 0.001235
v 0.006000 -0.003361 0.001218
v 0.006500 -0.003361 0.001218
v 0.006000 -0.003400 0.001198
v 0.006500 -0.003400 0.001198
v 0.006000 -0.003437 0.001175
v 0.006500 -0.003437 0.001175
v 0.006000 -0.003471 0.001148
v 0.006500 -0.003471 0.001148
v 0.006000 -0.003504 0.001119
v 0.006500 -0.003504 0.001119
v 0.006000 -0.003533 0.001086
v 0.006500 -0.003533 0.001086
v 0.006000 -0.003560 0.001052
v 0.006500 -0.003560 0.001052
v 0.006000 -0.003583 0.001015
v 0.006500 -0.003583 0.001015
v 0.006000 -0.003603 0.000976
v 0.006500 -0.003603 0.000976
v 0.006000 -0.003620 0.000936
v 0.006500 -0.003620 0.000936
v 0.006000 -0.003633 0.000894
v 0.006500 -0.003633 0.000894
v 0.006000 -0.003642 0.000852
v 0.006500 -0.003642 0.000852
v 0.006000 -0.003648 0.000809
v 0.006500 -0.003648 0.000809
v 0.006000 -0.003650 0.000765
v 0.006500 -0.003650 0.000765
v 0.006500 -0.003150 -0.001265
v 0.006500 -0.003648 -0.000809
v 0.006500 -0.003642 -0.000852
v 0.006500 -0.003650 -0.000765
v 0.006500 -0.003633 -0.000894
v 0.006500 -0.003620 -0.000936
v 0.006500 -0.003603 -0.000976
v 0.006500 -0.003471 -0.001148
v 0.006500 -0.003437 -0.001175
v 0.006500 -0.003279 -0.001248
v 0.006500 -0.003237 -0.001257
v 0.006500 -0.003194 -0.001263
v 0.006500 -0.003560 -0.001052
v 0.006500 -0.003583 -0.001015
v 0.006500 -0.003504 -0.001119
v 0.006500 -0.003400 -0.001198
v 0.006500 -0.003361 -0.001218
v 0.006500 -0.003321 -0.001235
v 0.006500 -0.003533 -0.001086
v 0.006000 -0.003150 -0.001265
v 0.006000 -0.003650 -0.000765
v 0.006000 -0.003194 -0.001263
v 0.006000 -0.003237 -0.001257
v 0.006000 -0.003279 -0.001248
v 0.006000 -0.003321 -0.001235
v 0.006000 -0.003361 -0.001218
v 0.006000 -0.003400 -0.001198
v 0.006000 -0.003437 -0.001175
v 0.006000 -0.003471 -0.001148
v 0.006000 -0.003504 -0.001119
v 0.006000 -0.003533 -0.001086
v 0.006000 -0.003560 -0.001052
v 0.006000 -0.003583 -0.001015
v 0.006000 -0.003603 -0.000976
v 0.006000 -0.003620 -0.000936
v 0.006000 -0.003633 -0.000894
v 0.006000 -0.003642 -0.000852
v 0.006000 -0.003648 -0.000809
v -0.006500 -0.003150 0.001265
v -0.006000 -0.003150 0.001265
v -0.006000 -0.003150 -0.001265
v -0.006500 -0.003150 -0.001265
v -0.006000 -0.003194 -0.001263
v -0.006500 -0.003194 -0.001263
v -0.006000 -0.003237 -0.001257
v -0.006500 -0.003237 -0.001257
v -0.006000 -0.003279 -0.001248
v -0.006500 -0.003279 -0.001248
v -0.006000 -0.003321 -0.001235
v -0.006500 -0.003321 -0.001235
v -0.006000 -0.003361 -0.001218
v -0.006500 -0.003361 -0.001218
v -0.006000 -0.003400 -0.001198
v -0.006500 -0.003400 -0.001198
v -0.006000 -0.003437 -0.001175
v -0.006500 -0.003437 -0.001175
v -0.006000 -0.003471 -0.001148
v -0.006500 -0.003471 -0.001148
v -0.006000 -0.003504 -0.001119
v -0.006500 -0.003504 -0.001119
v -0.006000 -0.003533 -0.001086
v -0.006500 -0.003533 -0.001086
v -0.006000 -0.003560 -0.001052
v -0.006500 -0.003560 -0.001052
v -0.006000 -0.003583 -0.001015
v -0.006500 -0.003583 -0.001015
v -0.006000 -0.003603 -0.000976
v -0.006500 -0.003603 -0.000976
v -0.006000 -0.003620 -0.000936
v -0.006500 -0.003620 -0.000936
v -0.006000 -0.003633 -0.000894
v -0.006500 -0.003633 -0.000894
v -0.006000 -0.003642 -0.000852
v -0.006500 -0.003642 -0.000852
v -0.006000 -0.003648 -0.000809
v -0.006500 -0.003648 -0.000809
v -0.006000 -0.003650 -0.000765
v -0.006500 -0.003650 -0.000765
v -0.006000 -0.003650 0.000765
v -0.006500 -0.003650 0.000765
v -0.006500 -0.003648 0.000809
v -0.006500 -0.003642 0.000852
v -0.006500 -0.003633 0.000894
v -0.006500 -0.003620 0.000936
v -0.006500 -0.003603 0.000976
v -0.006500 -0.003471 0.001148
v -0.006500 -0.003437 0.001175
v -0.006500 -0.003279 0.001248
v -0.006500 -0.003237 0.001257
v -0.006500 -0.003194 0.001263
v -0.006500 -0.003560 0.001052
v -0.006500 -0.003583 0.001015
v -0.006500 -0.003504 0.001119
v -0.006500 -0.003400 0.001198
v -0.006500 -0.003361 0.001218
v -0.006500 -0.003321 0.001235
v -0.006500 -0.003533 0.001086
v -0.006000 -0.003194 0.001263
v -0.006000 -0.003237 0.001257
v -0.006000 -0.003279 0.001248
v -0.006000 -0.003321 0.001235
v -0.006000 -0.003361 0.001218
v -0.006000 -0.003400 0.001198
v -0.006000 -0.003437 0.001175
v -0.006000 -0.003471 0.001148
v -0.006000 -0.003504 0.001119
v -0.006000 -0.003533 0.001086
v -0.006000 -0.003560 0.001052
v -0.006000 -0.003583 0.001015
v -0.006000 -0.003603 0.000976
v -0.006000 -0.003620 0.000936
v -0.006000 -0.003633 0.000894
v -0.006000 -0.003642 0.000852
v -0.006000 -0.003648 0.000809
v -0.000000 -0.001600 -0.001850
v 0.000116 -0.001600 -0.001846
v 0.000000 -0.001600 0.000000
v -0.000366 -0.001600 -0.001814
v -0.000206 -0.001600 -0.001838
v -0.000045 -0.001600 -0.001849
v -0.000822 -0.001600 -0.001657
v -0.000675 -0.001600 -0.001722
v -0.000522 -0.001600 -0.001775
v -0.001223 -0.001600 -0.001388
v -0.001098 -0.001600 -0.001489
v -0.000964 -0.001600 -0.001579
v -0.001541 -0.001600 -0.001024
v -0.001446 -0.001600 -0.001154
v -0.001340 -0.001600 -0.001276
v -0.001753 -0.001600 -0.000590
v -0.001695 -0.001600 -0.000741
v -0.001624 -0.001600 -0.000886
v -0.001846 -0.001600 -0.000116
v -0.001829 -0.001600 -0.000277
v -0.001798 -0.001600 -0.000435
v -0.001814 -0.001600 0.000366
v -0.001838 -0.001600 0.000206
v -0.001849 -0.001600 0.000045
v -0.001657 -0.001600 0.000822
v -0.001722 -0.001600 0.000675
v -0.001775 -0.001600 0.000522
v -0.001388 -0.001600 0.001223
v -0.001489 -0.001600 0.001098
v -0.001579 -0.001600 0.000964
v -0.001024 -0.001600 0.001541
v -0.001154 -0.001600 0.001446
v -0.001276 -0.001600 0.001340
v -0.000590 -0.001600 0.001753
v -0.000741 -0.001600 0.001695
v -0.000886 -0.001600 0.001624
v -0.000116 -0.001600 0.001846
v -0.000277 -0.001600 0.001829
v -0.000435 -0.001600 0.001798
v 0.000366 -0.001600 0.001814
v 0.000206 -0.001600 0.001838
v 0.000045 -0.001600 0.001849
v 0.000822 -0.001600 0.001657
v 0.000675 -0.001600 0.001722
v 0.000522 -0.001600 0.001775
v 0.001223 -0.001600 0.001388
v 0.001098 -0.001600 0.001489
v 0.000964 -0.001600 0.001579
v 0.001541 -0.001600 0.001024
v 0.001446 -0.001600 0.001154
v 0.001340 -0.001600 0.001276
v 0.001753 -0.001600 0.000590
v 0.001695 -0.001600 0.000741
v 0.001624 -0.001600 0.000886
v 0.001846 -0.001600 0.000116
v 0.001829 -0.001600 0.000277
v 0.001798 -0.001600 0.000435
v 0.001814 -0.001600 -0.000366
v 0.001838 -0.001600 -0.000206
v 0.001849 -0.001600 -0.000045
v 0.001657 -0.001600 -0.000822
v 0.001722 -0.001600 -0.000675
v 0.001775 -0.001600 -0.000522
v 0.001388 -0.001600 -0.001223
v 0.001489 -0.001600 -0.001098
v 0.001579 -0.001600 -0.000964
v 0.001024 -0.001600 -0.001541
v 0.001154 -0.001600 -0.001446
v 0.001276 -0.001600 -0.001340
v 0.000590 -0.001600 -0.001753
v 0.000741 -0.001600 -0.001695
v 0.000886 -0.001600 -0.001624
v 0.000277 -0.001600 -0.001829
v 0.000435 -0.001600 -0.001798
v 0.000148 -0.001144 -0.002343
v 0.000351 -0.001144 -0.002322
v 0.000552 -0.001144 -0.002282
v 0.000749 -0.001144 -0.002225
v 0.000940 -0.001144 -0.002152
v 0.001124 -0.001144 -0.002062
v 0.001300 -0.001144 -0.001956
v 0.001465 -0.001144 -0.001835
v 0.001619 -0.001144 -0.001700
v 0.001761 -0.001144 -0.001553
v 0.001890 -0.001144 -0.001393
v 0.002004 -0.001144 -0.001223
v 0.002103 -0.001144 -0.001044
v 0.002186 -0.001144 -0.000857
v 0.002253 -0.001144 -0.000663
v 0.002302 -0.001144 -0.000464
v 0.002333 -0.001144 -0.000262
v 0.002347 -0.001144 -0.000057
v 0.002343 -0.001144 0.000148
v 0.002322 -0.001144 0.000351
v 0.002282 -0.001144 0.000552
v 0.002225 -0.001144 0.000749
v 0.002152 -0.001144 0.000940
v 0.002062 -0.001144 0.001124
v 0.001956 -0.001144 0.001300
v 0.001835 -0.001144 0.001465
v 0.001700 -0.001144 0.001619
v 0.001553 -0.001144 0.001761
v 0.001393 -0.001144 0.001890
v 0.001223 -0.001144 0.002004
v 0.001044 -0.001144 0.002103
v 0.000857 -0.001144 0.002186
v 0.000663 -0.001144 0.002253
v 0.000464 -0.001144 0.002302
v -0.000119 -0.001598 0.001890
v -0.000283 -0.001598 0.001872
v -0.000445 -0.001598 0.001840
v -0.000604 -0.001598 0.001795
v -0.000758 -0.001598 0.001735
v -0.000907 -0.001598 0.001662
v -0.001048 -0.001598 0.001577
v -0.001181 -0.001598 0.001480
v -0.001306 -0.001598 0.001371
v -0.001420 -0.001598 0.001252
v -0.001524 -0.001598 0.001124
v -0.001616 -0.001598 0.000986
v -0.001696 -0.001598 0.000842
v -0.001763 -0.001598 0.000691
v -0.001817 -0.001598 0.000535
v -0.001856 -0.001598 0.000374
v -0.001882 -0.001598 0.000211
v -0.001893 -0.001598 0.000046
v -0.001890 -0.001598 -0.000119
v -0.001872 -0.001598 -0.000283
v -0.000046 -0.001598 -0.001893
v 0.001840 -0.001598 0.000445
v 0.001795 -0.001598 0.000604
v 0.001735 -0.001598 0.000758
v 0.001662 -0.001598 0.000907
v 0.001577 -0.001598 0.001048
v 0.001480 -0.001598 0.001181
v 0.001371 -0.001598 0.001306
v 0.001252 -0.001598 0.001420
v 0.001124 -0.001598 0.001524
v 0.000986 -0.001598 0.001616
v 0.000842 -0.001598 0.001696
v 0.000691 -0.001598 0.001763
v 0.000535 -0.001598 0.001817
v 0.000374 -0.001598 0.001856
v 0.000211 -0.001598 0.001882
v 0.000046 -0.001598 0.001893
v -0.001840 -0.001598 -0.000445
v -0.001882 -0.001592 -0.000456
v -0.001795 -0.001598 -0.000604
v -0.001836 -0.001592 -0.000618
v -0.001876 -0.001583 -0.000631
v -0.001735 -0.001598 -0.000758
v -0.001775 -0.001592 -0.000776
v -0.001814 -0.001583 -0.000793
v -0.001852 -0.001570 -0.000809
v -0.001662 -0.001598 -0.000907
v -0.001700 -0.001592 -0.000927
v -0.001738 -0.001583 -0.000948
v -0.001774 -0.001570 -0.000968
v -0.001810 -0.001553 -0.000987
v -0.001577 -0.001598 -0.001048
v -0.001613 -0.001592 -0.001072
v -0.001649 -0.001583 -0.001095
v -0.001683 -0.001570 -0.001119
v -0.001717 -0.001553 -0.001141
v -0.001749 -0.001533 -0.001162
v -0.001480 -0.001598 -0.001181
v -0.001514 -0.001592 -0.001208
v -0.001547 -0.001583 -0.001235
v -0.001579 -0.001570 -0.001261
v -0.001611 -0.001553 -0.001286
v -0.001641 -0.001533 -0.001310
v -0.001670 -0.001510 -0.001333
v -0.001371 -0.001598 -0.001306
v -0.001403 -0.001592 -0.001336
v -0.001433 -0.001583 -0.001365
v -0.001463 -0.001570 -0.001394
v -0.001493 -0.001553 -0.001422
v -0.001521 -0.001533 -0.001448
v -0.001547 -0.001510 -0.001474
v -0.001572 -0.001483 -0.001498
v -0.001252 -0.001598 -0.001420
v -0.001281 -0.001592 -0.001453
v -0.001309 -0.001583 -0.001485
v -0.001336 -0.001570 -0.001516
v -0.001363 -0.001553 -0.001546
v -0.001389 -0.001533 -0.001575
v -0.001413 -0.001510 -0.001603
v -0.001436 -0.001483 -0.001629
v -0.001457 -0.001454 -0.001653
v -0.001124 -0.001598 -0.001524
v -0.001149 -0.001592 -0.001559
v -0.001175 -0.001583 -0.001593
v -0.001199 -0.001570 -0.001627
v -0.001223 -0.001553 -0.001659
v -0.001246 -0.001533 -0.001690
v -0.001268 -0.001510 -0.001720
v -0.001288 -0.001483 -0.001748
v -0.001308 -0.001454 -0.001774
v -0.001325 -0.001421 -0.001797
v -0.000986 -0.001598 -0.001616
v -0.001009 -0.001592 -0.001653
v -0.001031 -0.001583 -0.001690
v -0.001053 -0.001570 -0.001725
v -0.001074 -0.001553 -0.001759
v -0.001094 -0.001533 -0.001793
v -0.001113 -0.001510 -0.001824
v -0.001131 -0.001483 -0.001853
v -0.001148 -0.001454 -0.001881
v -0.001163 -0.001421 -0.001906
v -0.001177 -0.001387 -0.001929
v -0.000842 -0.001598 -0.001696
v -0.000861 -0.001592 -0.001735
v -0.000880 -0.001583 -0.001773
v -0.000899 -0.001570 -0.001810
v -0.000916 -0.001553 -0.001846
v -0.000934 -0.001533 -0.001881
v -0.000950 -0.001510 -0.001914
v -0.000965 -0.001483 -0.001945
v -0.000980 -0.001454 -0.001974
v -0.000993 -0.001421 -0.002000
v -0.001005 -0.001387 -0.002024
v -0.001015 -0.001350 -0.002045
v -0.000691 -0.001598 -0.001763
v -0.000707 -0.001592 -0.001803
v -0.000722 -0.001583 -0.001843
v -0.000737 -0.001570 -0.001882
v -0.000752 -0.001553 -0.001919
v -0.000766 -0.001533 -0.001955
v -0.000780 -0.001510 -0.001990
v -0.000792 -0.001483 -0.002022
v -0.000804 -0.001454 -0.002052
v -0.000815 -0.001421 -0.002079
v -0.000824 -0.001387 -0.002104
v -0.000833 -0.001350 -0.002126
v -0.000840 -0.001311 -0.002144
v -0.000535 -0.001598 -0.001817
v -0.000547 -0.001592 -0.001858
v -0.000559 -0.001583 -0.001899
v -0.000571 -0.001570 -0.001939
v -0.000582 -0.001553 -0.001977
v -0.000593 -0.001533 -0.002015
v -0.000603 -0.001510 -0.002050
v -0.000613 -0.001483 -0.002083
v -0.000622 -0.001454 -0.002114
v -0.000630 -0.001421 -0.002142
v -0.000638 -0.001387 -0.002168
v -0.000644 -0.001350 -0.002190
v -0.000650 -0.001311 -0.002209
v -0.000655 -0.001271 -0.002225
v -0.000374 -0.001598 -0.001856
v -0.000383 -0.001592 -0.001899
v -0.000391 -0.001583 -0.001940
v -0.000399 -0.001570 -0.001981
v -0.000407 -0.001553 -0.002021
v -0.000415 -0.001533 -0.002059
v -0.000422 -0.001510 -0.002095
v -0.000429 -0.001483 -0.002129
v -0.000435 -0.001454 -0.002160
v -0.000441 -0.001421 -0.002189
v -0.000446 -0.001387 -0.002215
v -0.000451 -0.001350 -0.002238
v -0.000455 -0.001311 -0.002258
v -0.000458 -0.001271 -0.002274
v -0.000461 -0.001229 -0.002287
v -0.000211 -0.001598 -0.001882
v -0.000216 -0.001592 -0.001925
v -0.000221 -0.001583 -0.001967
v -0.000225 -0.001570 -0.002008
v -0.000230 -0.001553 -0.002048
v -0.000234 -0.001533 -0.002087
v -0.000238 -0.001510 -0.002123
v -0.000242 -0.001483 -0.002158
v -0.000246 -0.001454 -0.002190
v -0.000249 -0.001421 -0.002219
v -0.000252 -0.001387 -0.002246
v -0.000254 -0.001350 -0.002269
v -0.000257 -0.001311 -0.002289
v -0.000258 -0.001271 -0.002305
v -0.000260 -0.001229 -0.002318
v -0.000261 -0.001187 -0.002328
v -0.000047 -0.001592 -0.001936
v -0.000048 -0.001583 -0.001979
v -0.000049 -0.001570 -0.002020
v -0.000050 -0.001553 -0.002061
v -0.000051 -0.001533 -0.002099
v -0.000052 -0.001510 -0.002136
v -0.000053 -0.001483 -0.002171
v -0.000054 -0.001454 -0.002203
v -0.000054 -0.001421 -0.002232
v -0.000055 -0.001387 -0.002259
v -0.000056 -0.001350 -0.002282
v -0.000056 -0.001311 -0.002302
v -0.000057 -0.001271 -0.002319
v -0.000057 -0.001229 -0.002332
v -0.000057 -0.001187 -0.002342
v -0.000057 -0.001144 -0.002347
v 0.000261 -0.001187 0.002328
v 0.000262 -0.001144 0.002333
v 0.000057 -0.001144 0.002347
v 0.000463 -0.001187 0.002296
v 0.000461 -0.001229 0.002287
v 0.000661 -0.001187 0.002247
v 0.000659 -0.001229 0.002238
v 0.000655 -0.001271 0.002225
v 0.000855 -0.001187 0.002181
v 0.000851 -0.001229 0.002172
v 0.000846 -0.001271 0.002160
v 0.000840 -0.001311 0.002144
v 0.001041 -0.001187 0.002098
v 0.001037 -0.001229 0.002090
v 0.001031 -0.001271 0.002078
v 0.001024 -0.001311 0.002063
v 0.001015 -0.001350 0.002045
v 0.001220 -0.001187 0.001999
v 0.001215 -0.001229 0.001991
v 0.001209 -0.001271 0.001980
v 0.001200 -0.001311 0.001966
v 0.001189 -0.001350 0.001949
v 0.001177 -0.001387 0.001929
v 0.001390 -0.001187 0.001885
v 0.001384 -0.001229 0.001878
v 0.001377 -0.001271 0.001867
v 0.001367 -0.001311 0.001854
v 0.001355 -0.001350 0.001838
v 0.001341 -0.001387 0.001819
v 0.001325 -0.001421 0.001797
v 0.001549 -0.001187 0.001757
v 0.001543 -0.001229 0.001750
v 0.001534 -0.001271 0.001740
v 0.001523 -0.001311 0.001728
v 0.001510 -0.001350 0.001713
v 0.001494 -0.001387 0.001695
v 0.001477 -0.001421 0.001675
v 0.001457 -0.001454 0.001653
v 0.001696 -0.001187 0.001615
v 0.001689 -0.001229 0.001609
v 0.001680 -0.001271 0.001600
v 0.001668 -0.001311 0.001588
v 0.001653 -0.001350 0.001575
v 0.001636 -0.001387 0.001558
v 0.001617 -0.001421 0.001540
v 0.001596 -0.001454 0.001520
v 0.001572 -0.001483 0.001498
v 0.001831 -0.001187 0.001461
v 0.001823 -0.001229 0.001456
v 0.001813 -0.001271 0.001447
v 0.001800 -0.001311 0.001437
v 0.001784 -0.001350 0.001424
v 0.001766 -0.001387 0.001410
v 0.001745 -0.001421 0.001393
v 0.001722 -0.001454 0.001375
v 0.001697 -0.001483 0.001355
v 0.001670 -0.001510 0.001333
v 0.001951 -0.001187 0.001296
v 0.001943 -0.001229 0.001291
v 0.001932 -0.001271 0.001284
v 0.001918 -0.001311 0.001275
v 0.001901 -0.001350 0.001264
v 0.001882 -0.001387 0.001251
v 0.001860 -0.001421 0.001236
v 0.001835 -0.001454 0.001220
v 0.001809 -0.001483 0.001202
v 0.001780 -0.001510 0.001183
v 0.001749 -0.001533 0.001162
v 0.002057 -0.001187 0.001121
v 0.002048 -0.001229 0.001117
v 0.002037 -0.001271 0.001111
v 0.002022 -0.001311 0.001103
v 0.002004 -0.001350 0.001093
v 0.001984 -0.001387 0.001082
v 0.001960 -0.001421 0.001069
v 0.001935 -0.001454 0.001055
v 0.001906 -0.001483 0.001040
v 0.001876 -0.001510 0.001023
v 0.001844 -0.001533 0.001005
v 0.001810 -0.001553 0.000987
v 0.002146 -0.001187 0.000938
v 0.002138 -0.001229 0.000934
v 0.002126 -0.001271 0.000929
v 0.002110 -0.001311 0.000922
v 0.002092 -0.001350 0.000914
v 0.002071 -0.001387 0.000905
v 0.002046 -0.001421 0.000894
v 0.002019 -0.001454 0.000882
v 0.001990 -0.001483 0.000869
v 0.001958 -0.001510 0.000856
v 0.001924 -0.001533 0.000841
v 0.001889 -0.001553 0.000825
v 0.001852 -0.001570 0.000809
v 0.002220 -0.001187 0.000747
v 0.002211 -0.001229 0.000744
v 0.002199 -0.001271 0.000740
v 0.002183 -0.001311 0.000735
v 0.002164 -0.001350 0.000728
v 0.002142 -0.001387 0.000721
v 0.002116 -0.001421 0.000712
v 0.002088 -0.001454 0.000703
v 0.002058 -0.001483 0.000693
v 0.002025 -0.001510 0.000682
v 0.001990 -0.001533 0.000670
v 0.001954 -0.001553 0.000658
v 0.001915 -0.001570 0.000645
v 0.001876 -0.001583 0.000631
v 0.002277 -0.001187 0.000551
v 0.002268 -0.001229 0.000549
v 0.002255 -0.001271 0.000546
v 0.002239 -0.001311 0.000542
v 0.002219 -0.001350 0.000537
v 0.002196 -0.001387 0.000531
v 0.002170 -0.001421 0.000525
v 0.002142 -0.001454 0.000518
v 0.002110 -0.001483 0.000511
v 0.002077 -0.001510 0.000503
v 0.002041 -0.001533 0.000494
v 0.002003 -0.001553 0.000485
v 0.001964 -0.001570 0.000475
v 0.001924 -0.001583 0.000466
v 0.001882 -0.001592 0.000456
v 0.002316 -0.001187 0.000350
v 0.002307 -0.001229 0.000349
v 0.002294 -0.001271 0.000347
v 0.002277 -0.001311 0.000345
v 0.002257 -0.001350 0.000342
v 0.002234 -0.001387 0.000338
v 0.002208 -0.001421 0.000334
v 0.002179 -0.001454 0.000330
v 0.002147 -0.001483 0.000325
v 0.002113 -0.001510 0.000320
v 0.002076 -0.001533 0.000314
v 0.002038 -0.001553 0.000308
v 0.001998 -0.001570 0.000302
v 0.001957 -0.001583 0.000296
v 0.001915 -0.001592 0.000290
v 0.001872 -0.001598 0.000283
v 0.002338 -0.001187 0.000147
v 0.002328 -0.001229 0.000147
v 0.002315 -0.001271 0.000146
v 0.002299 -0.001311 0.000145
v 0.002278 -0.001350 0.000143
v 0.002255 -0.001387 0.000142
v 0.002229 -0.001421 0.000140
v 0.002199 -0.001454 0.000138
v 0.002167 -0.001483 0.000136
v 0.002133 -0.001510 0.000134
v 0.002096 -0.001533 0.000132
v 0.002057 -0.001553 0.000130
v 0.002017 -0.001570 0.000127
v 0.001975 -0.001583 0.000124
v 0.001933 -0.001592 0.000122
v 0.001890 -0.001598 0.000119
v 0.002342 -0.001187 -0.000057
v 0.002332 -0.001229 -0.000057
v 0.002319 -0.001271 -0.000057
v 0.002302 -0.001311 -0.000056
v 0.002282 -0.001350 -0.000056
v 0.002259 -0.001387 -0.000055
v 0.002232 -0.001421 -0.000054
v 0.002203 -0.001454 -0.000054
v 0.002171 -0.001483 -0.000053
v 0.002136 -0.001510 -0.000052
v 0.002099 -0.001533 -0.000051
v 0.002061 -0.001553 -0.000050
v 0.002020 -0.001570 -0.000049
v 0.001979 -0.001583 -0.000048
v 0.001936 -0.001592 -0.000047
v 0.001893 -0.001598 -0.000046
v 0.002328 -0.001187 -0.000261
v 0.002318 -0.001229 -0.000260
v 0.002305 -0.001271 -0.000258
v 0.002289 -0.001311 -0.000257
v 0.002269 -0.001350 -0.000254
v 0.002246 -0.001387 -0.000252
v 0.002219 -0.001421 -0.000249
v 0.002190 -0.001454 -0.000246
v 0.002158 -0.001483 -0.000242
v 0.002123 -0.001510 -0.000238
v 0.002087 -0.001533 -0.000234
v 0.002048 -0.001553 -0.000230
v 0.002008 -0.001570 -0.000225
v 0.001967 -0.001583 -0.000221
v 0.001925 -0.001592 -0.000216
v 0.001882 -0.001598 -0.000211
v 0.002296 -0.001187 -0.000463
v 0.002287 -0.001229 -0.000461
v 0.002274 -0.001271 -0.000458
v 0.002258 -0.001311 -0.000455
v 0.002238 -0.001350 -0.000451
v 0.002215 -0.001387 -0.000446
v 0.002189 -0.001421 -0.000441
v 0.002160 -0.001454 -0.000435
v 0.002129 -0.001483 -0.000429
v 0.002095 -0.001510 -0.000422
v 0.002059 -0.001533 -0.000415
v 0.002021 -0.001553 -0.000407
v 0.001981 -0.001570 -0.000399
v 0.001940 -0.001583 -0.000391
v 0.001899 -0.001592 -0.000383
v 0.001856 -0.001598 -0.000374
v 0.002247 -0.001187 -0.000661
v 0.002238 -0.001229 -0.000659
v 0.002225 -0.001271 -0.000655
v 0.002209 -0.001311 -0.000650
v 0.002190 -0.001350 -0.000644
v 0.002168 -0.001387 -0.000638
v 0.002142 -0.001421 -0.000630
v 0.002114 -0.001454 -0.000622
v 0.002083 -0.001483 -0.000613
v 0.002050 -0.001510 -0.000603
v 0.002015 -0.001533 -0.000593
v 0.001977 -0.001553 -0.000582
v 0.001939 -0.001570 -0.000571
v 0.001899 -0.001583 -0.000559
v 0.001858 -0.001592 -0.000547
v 0.001817 -0.001598 -0.000535
v 0.002181 -0.001187 -0.000855
v 0.002172 -0.001229 -0.000851
v 0.002160 -0.001271 -0.000846
v 0.002144 -0.001311 -0.000840
v 0.002126 -0.001350 -0.000833
v 0.002104 -0.001387 -0.000824
v 0.002079 -0.001421 -0.000815
v 0.002052 -0.001454 -0.000804
v 0.002022 -0.001483 -0.000792
v 0.001990 -0.001510 -0.000780
v 0.001955 -0.001533 -0.000766
v 0.001919 -0.001553 -0.000752
v 0.001882 -0.001570 -0.000737
v 0.001843 -0.001583 -0.000722
v 0.001803 -0.001592 -0.000707
v 0.001763 -0.001598 -0.000691
v 0.002098 -0.001187 -0.001041
v 0.002090 -0.001229 -0.001037
v 0.002078 -0.001271 -0.001031
v 0.002063 -0.001311 -0.001024
v 0.002045 -0.001350 -0.001015
v 0.002024 -0.001387 -0.001005
v 0.002000 -0.001421 -0.000993
v 0.001974 -0.001454 -0.000980
v 0.001945 -0.001483 -0.000965
v 0.001914 -0.001510 -0.000950
v 0.001881 -0.001533 -0.000934
v 0.001846 -0.001553 -0.000916
v 0.001810 -0.001570 -0.000899
v 0.001773 -0.001583 -0.000880
v 0.001735 -0.001592 -0.000861
v 0.001696 -0.001598 -0.000842
v 0.001999 -0.001187 -0.001220
v 0.001991 -0.001229 -0.001215
v 0.001980 -0.001271 -0.001209
v 0.001966 -0.001311 -0.001200
v 0.001949 -0.001350 -0.001189
v 0.001929 -0.001387 -0.001177
v 0.001906 -0.001421 -0.001163
v 0.001881 -0.001454 -0.001148
v 0.001853 -0.001483 -0.001131
v 0.001824 -0.001510 -0.001113
v 0.001793 -0.001533 -0.001094
v 0.001759 -0.001553 -0.001074
v 0.001725 -0.001570 -0.001053
v 0.001690 -0.001583 -0.001031
v 0.001653 -0.001592 -0.001009
v 0.001616 -0.001598 -0.000986
v 0.001885 -0.001187 -0.001390
v 0.001878 -0.001229 -0.001384
v 0.001867 -0.001271 -0.001377
v 0.001854 -0.001311 -0.001367
v 0.001838 -0.001350 -0.001355
v 0.001819 -0.001387 -0.001341
v 0.001797 -0.001421 -0.001325
v 0.001774 -0.001454 -0.001308
v 0.001748 -0.001483 -0.001288
v 0.001720 -0.001510 -0.001268
v 0.001690 -0.001533 -0.001246
v 0.001659 -0.001553 -0.001223
v 0.001627 -0.001570 -0.001199
v 0.001593 -0.001583 -0.001175
v 0.001559 -0.001592 -0.001149
v 0.001524 -0.001598 -0.001124
v 0.001757 -0.001187 -0.001549
v 0.001750 -0.001229 -0.001543
v 0.001740 -0.001271 -0.001534
v 0.001728 -0.001311 -0.001523
v 0.001713 -0.001350 -0.001510
v 0.001695 -0.001387 -0.001494
v 0.001675 -0.001421 -0.001477
v 0.001653 -0.001454 -0.001457
v 0.001629 -0.001483 -0.001436
v 0.001603 -0.001510 -0.001413
v 0.001575 -0.001533 -0.001389
v 0.001546 -0.001553 -0.001363
v 0.001516 -0.001570 -0.001336
v 0.001485 -0.001583 -0.001309
v 0.001453 -0.001592 -0.001281
v 0.001420 -0.001598 -0.001252
v 0.001615 -0.001187 -0.001696
v 0.001609 -0.001229 -0.001689
v 0.001600 -0.001271 -0.001680
v 0.001588 -0.001311 -0.001668
v 0.001575 -0.001350 -0.001653
v 0.001558 -0.001387 -0.001636
v 0.001540 -0.001421 -0.001617
v 0.001520 -0.001454 -0.001596
v 0.001498 -0.001483 -0.001572
v 0.001474 -0.001510 -0.001547
v 0.001448 -0.001533 -0.001521
v 0.001422 -0.001553 -0.001493
v 0.001394 -0.001570 -0.001463
v 0.001365 -0.001583 -0.001433
v 0.001336 -0.001592 -0.001403
v 0.001306 -0.001598 -0.001371
v 0.001461 -0.001187 -0.001831
v 0.001456 -0.001229 -0.001823
v 0.001447 -0.001271 -0.001813
v 0.001437 -0.001311 -0.001800
v 0.001424 -0.001350 -0.001784
v 0.001410 -0.001387 -0.001766
v 0.001393 -0.001421 -0.001745
v 0.001375 -0.001454 -0.001722
v 0.001355 -0.001483 -0.001697
v 0.001333 -0.001510 -0.001670
v 0.001310 -0.001533 -0.001641
v 0.001286 -0.001553 -0.001611
v 0.001261 -0.001570 -0.001579
v 0.001235 -0.001583 -0.001547
v 0.001208 -0.001592 -0.001514
v 0.001181 -0.001598 -0.001480
v 0.001296 -0.001187 -0.001951
v 0.001291 -0.001229 -0.001943
v 0.001284 -0.001271 -0.001932
v 0.001275 -0.001311 -0.001918
v 0.001264 -0.001350 -0.001901
v 0.001251 -0.001387 -0.001882
v 0.001236 -0.001421 -0.001860
v 0.001220 -0.001454 -0.001835
v 0.001202 -0.001483 -0.001809
v 0.001183 -0.001510 -0.001780
v 0.001162 -0.001533 -0.001749
v 0.001141 -0.001553 -0.001717
v 0.001119 -0.001570 -0.001683
v 0.001095 -0.001583 -0.001649
v 0.001072 -0.001592 -0.001613
v 0.001048 -0.001598 -0.001577
v 0.001121 -0.001187 -0.002057
v 0.001117 -0.001229 -0.002048
v 0.001111 -0.001271 -0.002037
v 0.001103 -0.001311 -0.002022
v 0.001093 -0.001350 -0.002004
v 0.001082 -0.001387 -0.001984
v 0.001069 -0.001421 -0.001960
v 0.001055 -0.001454 -0.001935
v 0.001040 -0.001483 -0.001906
v 0.001023 -0.001510 -0.001876
v 0.001005 -0.001533 -0.001844
v 0.000987 -0.001553 -0.001810
v 0.000968 -0.001570 -0.001774
v 0.000948 -0.001583 -0.001738
v 0.000927 -0.001592 -0.001700
v 0.000907 -0.001598 -0.001662
v 0.000938 -0.001187 -0.002146
v 0.000934 -0.001229 -0.002138
v 0.000929 -0.001271 -0.002126
v 0.000922 -0.001311 -0.002110
v 0.000914 -0.001350 -0.002092
v 0.000905 -0.001387 -0.002071
v 0.000894 -0.001421 -0.002046
v 0.000882 -0.001454 -0.002019
v 0.000869 -0.001483 -0.001990
v 0.000856 -0.001510 -0.001958
v 0.000841 -0.001533 -0.001924
v 0.000825 -0.001553 -0.001889
v 0.000809 -0.001570 -0.001852
v 0.000793 -0.001583 -0.001814
v 0.000776 -0.001592 -0.001775
v 0.000758 -0.001598 -0.001735
v 0.000747 -0.001187 -0.002220
v 0.000744 -0.001229 -0.002211
v 0.000740 -0.001271 -0.002199
v 0.000735 -0.001311 -0.002183
v 0.000728 -0.001350 -0.002164
v 0.000721 -0.001387 -0.002142
v 0.000712 -0.001421 -0.002116
v 0.000703 -0.001454 -0.002088
v 0.000693 -0.001483 -0.002058
v 0.000682 -0.001510 -0.002025
v 0.000670 -0.001533 -0.001990
v 0.000658 -0.001553 -0.001954
v 0.000645 -0.001570 -0.001915
v 0.000631 -0.001583 -0.001876
v 0.000618 -0.001592 -0.001836
v 0.000604 -0.001598 -0.001795
v 0.000551 -0.001187 -0.002277
v 0.000549 -0.001229 -0.002268
v 0.000546 -0.001271 -0.002255
v 0.000542 -0.001311 -0.002239
v 0.000537 -0.001350 -0.002219
v 0.000531 -0.001387 -0.002196
v 0.000525 -0.001421 -0.002170
v 0.000518 -0.001454 -0.002142
v 0.000511 -0.001483 -0.002110
v 0.000503 -0.001510 -0.002077
v 0.000494 -0.001533 -0.002041
v 0.000485 -0.001553 -0.002003
v 0.000475 -0.001570 -0.001964
v 0.000466 -0.001583 -0.001924
v 0.000456 -0.001592 -0.001882
v 0.000445 -0.001598 -0.001840
v 0.000350 -0.001187 -0.002316
v 0.000349 -0.001229 -0.002307
v 0.000347 -0.001271 -0.002294
v 0.000345 -0.001311 -0.002277
v 0.000342 -0.001350 -0.002257
v 0.000338 -0.001387 -0.002234
v 0.000334 -0.001421 -0.002208
v 0.000330 -0.001454 -0.002179
v 0.000325 -0.001483 -0.002147
v 0.000320 -0.001510 -0.002113
v 0.000314 -0.001533 -0.002076
v 0.000308 -0.001553 -0.002038
v 0.000302 -0.001570 -0.001998
v 0.000296 -0.001583 -0.001957
v 0.000290 -0.001592 -0.001915
v 0.000283 -0.001598 -0.001872
v 0.000147 -0.001187 -0.002338
v 0.000147 -0.001229 -0.002328
v 0.000146 -0.001271 -0.002315
v 0.000145 -0.001311 -0.002299
v 0.000143 -0.001350 -0.002278
v 0.000142 -0.001387 -0.002255
v 0.000140 -0.001421 -0.002229
v 0.000138 -0.001454 -0.002199
v 0.000136 -0.001483 -0.002167
v 0.000134 -0.001510 -0.002133
v 0.000132 -0.001533 -0.002096
v 0.000130 -0.001553 -0.002057
v 0.000127 -0.001570 -0.002017
v 0.000124 -0.001583 -0.001975
v 0.000122 -0.001592 -0.001933
v 0.000119 -0.001598 -0.001890
v -0.000262 -0.001144 -0.002333
v -0.001915 -0.001592 -0.000290
v -0.001924 -0.001583 -0.000466
v -0.001915 -0.001570 -0.000645
v -0.001889 -0.001553 -0.000825
v -0.001844 -0.001533 -0.001005
v -0.001780 -0.001510 -0.001183
v -0.001697 -0.001483 -0.001355
v -0.001596 -0.001454 -0.001520
v -0.001477 -0.001421 -0.001675
v -0.001341 -0.001387 -0.001819
v -0.001189 -0.001350 -0.001949
v -0.001024 -0.001311 -0.002063
v -0.000846 -0.001271 -0.002160
v -0.000659 -0.001229 -0.002238
v -0.000463 -0.001187 -0.002296
v -0.000464 -0.001144 -0.002302
v -0.001933 -0.001592 -0.000122
v -0.001957 -0.001583 -0.000296
v -0.001964 -0.001570 -0.000475
v -0.001954 -0.001553 -0.000658
v -0.001924 -0.001533 -0.000841
v -0.001876 -0.001510 -0.001023
v -0.001809 -0.001483 -0.001202
v -0.001722 -0.001454 -0.001375
v -0.001617 -0.001421 -0.001540
v -0.001494 -0.001387 -0.001695
v -0.001355 -0.001350 -0.001838
v -0.001200 -0.001311 -0.001966
v -0.001031 -0.001271 -0.002078
v -0.000851 -0.001229 -0.002172
v -0.000661 -0.001187 -0.002247
v -0.000663 -0.001144 -0.002253
v -0.001936 -0.001592 0.000047
v -0.001975 -0.001583 -0.000124
v -0.001998 -0.001570 -0.000302
v -0.002003 -0.001553 -0.000485
v -0.001990 -0.001533 -0.000670
v -0.001958 -0.001510 -0.000856
v -0.001906 -0.001483 -0.001040
v -0.001835 -0.001454 -0.001220
v -0.001745 -0.001421 -0.001393
v -0.001636 -0.001387 -0.001558
v -0.001510 -0.001350 -0.001713
v -0.001367 -0.001311 -0.001854
v -0.001209 -0.001271 -0.001980
v -0.001037 -0.001229 -0.002090
v -0.000855 -0.001187 -0.002181
v -0.000857 -0.001144 -0.002186
v -0.001925 -0.001592 0.000216
v -0.001979 -0.001583 0.000048
v -0.002017 -0.001570 -0.000127
v -0.002038 -0.001553 -0.000308
v -0.002041 -0.001533 -0.000494
v -0.002025 -0.001510 -0.000682
v -0.001990 -0.001483 -0.000869
v -0.001935 -0.001454 -0.001055
v -0.001860 -0.001421 -0.001236
v -0.001766 -0.001387 -0.001410
v -0.001653 -0.001350 -0.001575
v -0.001523 -0.001311 -0.001728
v -0.001377 -0.001271 -0.001867
v -0.001215 -0.001229 -0.001991
v -0.001041 -0.001187 -0.002098
v -0.001044 -0.001144 -0.002103
v -0.001899 -0.001592 0.000383
v -0.001967 -0.001583 0.000221
v -0.002020 -0.001570 0.000049
v -0.002057 -0.001553 -0.000130
v -0.002076 -0.001533 -0.000314
v -0.002077 -0.001510 -0.000503
v -0.002058 -0.001483 -0.000693
v -0.002019 -0.001454 -0.000882
v -0.001960 -0.001421 -0.001069
v -0.001882 -0.001387 -0.001251
v -0.001784 -0.001350 -0.001424
v -0.001668 -0.001311 -0.001588
v -0.001534 -0.001271 -0.001740
v -0.001384 -0.001229 -0.001878
v -0.001220 -0.001187 -0.001999
v -0.001223 -0.001144 -0.002004
v -0.001858 -0.001592 0.000547
v -0.001940 -0.001583 0.000391
v -0.002008 -0.001570 0.000225
v -0.002061 -0.001553 0.000050
v -0.002096 -0.001533 -0.000132
v -0.002113 -0.001510 -0.000320
v -0.002110 -0.001483 -0.000511
v -0.002088 -0.001454 -0.000703
v -0.002046 -0.001421 -0.000894
v -0.001984 -0.001387 -0.001082
v -0.001901 -0.001350 -0.001264
v -0.001800 -0.001311 -0.001437
v -0.001680 -0.001271 -0.001600
v -0.001543 -0.001229 -0.001750
v -0.001390 -0.001187 -0.001885
v -0.001393 -0.001144 -0.001890
v -0.001803 -0.001592 0.000707
v -0.001899 -0.001583 0.000559
v -0.001981 -0.001570 0.000399
v -0.002048 -0.001553 0.000230
v -0.002099 -0.001533 0.000051
v -0.002133 -0.001510 -0.000134
v -0.002147 -0.001483 -0.000325
v -0.002142 -0.001454 -0.000518
v -0.002116 -0.001421 -0.000712
v -0.002071 -0.001387 -0.000905
v -0.002004 -0.001350 -0.001093
v -0.001918 -0.001311 -0.001275
v -0.001813 -0.001271 -0.001447
v -0.001689 -0.001229 -0.001609
v -0.001549 -0.001187 -0.001757
v -0.001553 -0.001144 -0.001761
v -0.001735 -0.001592 0.000861
v -0.001843 -0.001583 0.000722
v -0.001939 -0.001570 0.000571
v -0.002021 -0.001553 0.000407
v -0.002087 -0.001533 0.000234
v -0.002136 -0.001510 0.000052
v -0.002167 -0.001483 -0.000136
v -0.002179 -0.001454 -0.000330
v -0.002170 -0.001421 -0.000525
v -0.002142 -0.001387 -0.000721
v -0.002092 -0.001350 -0.000914
v -0.002022 -0.001311 -0.001103
v -0.001932 -0.001271 -0.001284
v -0.001823 -0.001229 -0.001456
v -0.001696 -0.001187 -0.001615
v -0.001700 -0.001144 -0.001619
v -0.001653 -0.001592 0.001009
v -0.001773 -0.001583 0.000880
v -0.001882 -0.001570 0.000737
v -0.001977 -0.001553 0.000582
v -0.002059 -0.001533 0.000415
v -0.002123 -0.001510 0.000238
v -0.002171 -0.001483 0.000053
v -0.002199 -0.001454 -0.000138
v -0.002208 -0.001421 -0.000334
v -0.002196 -0.001387 -0.000531
v -0.002164 -0.001350 -0.000728
v -0.002110 -0.001311 -0.000922
v -0.002037 -0.001271 -0.001111
v -0.001943 -0.001229 -0.001291
v -0.001831 -0.001187 -0.001461
v -0.001835 -0.001144 -0.001465
v -0.001559 -0.001592 0.001149
v -0.001690 -0.001583 0.001031
v -0.001810 -0.001570 0.000899
v -0.001919 -0.001553 0.000752
v -0.002015 -0.001533 0.000593
v -0.002095 -0.001510 0.000422
v -0.002158 -0.001483 0.000242
v -0.002203 -0.001454 0.000054
v -0.002229 -0.001421 -0.000140
v -0.002234 -0.001387 -0.000338
v -0.002219 -0.001350 -0.000537
v -0.002183 -0.001311 -0.000735
v -0.002126 -0.001271 -0.000929
v -0.002048 -0.001229 -0.001117
v -0.001951 -0.001187 -0.001296
v -0.001956 -0.001144 -0.001300
v -0.001453 -0.001592 0.001281
v -0.001593 -0.001583 0.001175
v -0.001725 -0.001570 0.001053
v -0.001846 -0.001553 0.000916
v -0.001955 -0.001533 0.000766
v -0.002050 -0.001510 0.000603
v -0.002129 -0.001483 0.000429
v -0.002190 -0.001454 0.000246
v -0.002232 -0.001421 0.000054
v -0.002255 -0.001387 -0.000142
v -0.002257 -0.001350 -0.000342
v -0.002239 -0.001311 -0.000542
v -0.002199 -0.001271 -0.000740
v -0.002138 -0.001229 -0.000934
v -0.002057 -0.001187 -0.001121
v -0.002062 -0.001144 -0.001124
v -0.001336 -0.001592 0.001403
v -0.001485 -0.001583 0.001309
v -0.001627 -0.001570 0.001199
v -0.001759 -0.001553 0.001074
v -0.001881 -0.001533 0.000934
v -0.001990 -0.001510 0.000780
v -0.002083 -0.001483 0.000613
v -0.002160 -0.001454 0.000435
v -0.002219 -0.001421 0.000249
v -0.002259 -0.001387 0.000055
v -0.002278 -0.001350 -0.000143
v -0.002277 -0.001311 -0.000345
v -0.002255 -0.001271 -0.000546
v -0.002211 -0.001229 -0.000744
v -0.002146 -0.001187 -0.000938
v -0.002152 -0.001144 -0.000940
v -0.001208 -0.001592 0.001514
v -0.001365 -0.001583 0.001433
v -0.001516 -0.001570 0.001336
v -0.001659 -0.001553 0.001223
v -0.001793 -0.001533 0.001094
v -0.001914 -0.001510 0.000950
v -0.002022 -0.001483 0.000792
v -0.002114 -0.001454 0.000622
v -0.002189 -0.001421 0.000441
v -0.002246 -0.001387 0.000252
v -0.002282 -0.001350 0.000056
v -0.002299 -0.001311 -0.000145
v -0.002294 -0.001271 -0.000347
v -0.002268 -0.001229 -0.000549
v -0.002220 -0.001187 -0.000747
v -0.002225 -0.001144 -0.000749
v -0.001072 -0.001592 0.001613
v -0.001235 -0.001583 0.001547
v -0.001394 -0.001570 0.001463
v -0.001546 -0.001553 0.001363
v -0.001690 -0.001533 0.001246
v -0.001824 -0.001510 0.001113
v -0.001945 -0.001483 0.000965
v -0.002052 -0.001454 0.000804
v -0.002142 -0.001421 0.000630
v -0.002215 -0.001387 0.000446
v -0.002269 -0.001350 0.000254
v -0.002302 -0.001311 0.000056
v -0.002315 -0.001271 -0.000146
v -0.002307 -0.001229 -0.000349
v -0.002277 -0.001187 -0.000551
v -0.002282 -0.001144 -0.000552
v -0.000927 -0.001592 0.001700
v -0.001095 -0.001583 0.001649
v -0.001261 -0.001570 0.001579
v -0.001422 -0.001553 0.001493
v -0.001575 -0.001533 0.001389
v -0.001720 -0.001510 0.001268
v -0.001853 -0.001483 0.001131
v -0.001974 -0.001454 0.000980
v -0.002079 -0.001421 0.000815
v -0.002168 -0.001387 0.000638
v -0.002238 -0.001350 0.000451
v -0.002289 -0.001311 0.000257
v -0.002319 -0.001271 0.000057
v -0.002328 -0.001229 -0.000147
v -0.002316 -0.001187 -0.000350
v -0.002322 -0.001144 -0.000351
v -0.000776 -0.001592 0.001775
v -0.000948 -0.001583 0.001738
v -0.001119 -0.001570 0.001683
v -0.001286 -0.001553 0.001611
v -0.001448 -0.001533 0.001521
v -0.001603 -0.001510 0.001413
v -0.001748 -0.001483 0.001288
v -0.001881 -0.001454 0.001148
v -0.002000 -0.001421 0.000993
v -0.002104 -0.001387 0.000824
v -0.002190 -0.001350 0.000644
v -0.002258 -0.001311 0.000455
v -0.002305 -0.001271 0.000258
v -0.002332 -0.001229 0.000057
v -0.002338 -0.001187 -0.000147
v -0.002343 -0.001144 -0.000148
v -0.000618 -0.001592 0.001836
v -0.000793 -0.001583 0.001814
v -0.000968 -0.001570 0.001774
v -0.001141 -0.001553 0.001717
v -0.001310 -0.001533 0.001641
v -0.001474 -0.001510 0.001547
v -0.001629 -0.001483 0.001436
v -0.001774 -0.001454 0.001308
v -0.001906 -0.001421 0.001163
v -0.002024 -0.001387 0.001005
v -0.002126 -0.001350 0.000833
v -0.002209 -0.001311 0.000650
v -0.002274 -0.001271 0.000458
v -0.002318 -0.001229 0.000260
v -0.002342 -0.001187 0.000057
v -0.002347 -0.001144 0.000057
v -0.000456 -0.001592 0.001882
v -0.000631 -0.001583 0.001876
v -0.000809 -0.001570 0.001852
v -0.000987 -0.001553 0.001810
v -0.001162 -0.001533 0.001749
v -0.001333 -0.001510 0.001670
v -0.001498 -0.001483 0.001572
v -0.001653 -0.001454 0.001457
v -0.001797 -0.001421 0.001325
v -0.001929 -0.001387 0.001177
v -0.002045 -0.001350 0.001015
v -0.002144 -0.001311 0.000840
v -0.002225 -0.001271 0.000655
v -0.002287 -0.001229 0.000461
v -0.002328 -0.001187 0.000261
v -0.002333 -0.001144 0.000262
v -0.000290 -0.001592 0.001915
v -0.000466 -0.001583 0.001924
v -0.000645 -0.001570 0.001915
v -0.000825 -0.001553 0.001889
v -0.001005 -0.001533 0.001844
v -0.001183 -0.001510 0.001780
v -0.001355 -0.001483 0.001697
v -0.001520 -0.001454 0.001596
v -0.001675 -0.001421 0.001477
v -0.001819 -0.001387 0.001341
v -0.001949 -0.001350 0.001189
v -0.002063 -0.001311 0.001024
v -0.002160 -0.001271 0.000846
v -0.002238 -0.001229 0.000659
v -0.002296 -0.001187 0.000463
v -0.002302 -0.001144 0.000464
v -0.000122 -0.001592 0.001933
v -0.000296 -0.001583 0.001957
v -0.000475 -0.001570 0.001964
v -0.000658 -0.001553 0.001954
v -0.000841 -0.001533 0.001924
v -0.001023 -0.001510 0.001876
v -0.001202 -0.001483 0.001809
v -0.001375 -0.001454 0.001722
v -0.001540 -0.001421 0.001617
v -0.001695 -0.001387 0.001494
v -0.001838 -0.001350 0.001355
v -0.001966 -0.001311 0.001200
v -0.002078 -0.001271 0.001031
v -0.002172 -0.001229 0.000851
v -0.002247 -0.001187 0.000661
v -0.002253 -0.001144 0.000663
v 0.000047 -0.001592 0.001936
v -0.000124 -0.001583 0.001975
v -0.000302 -0.001570 0.001998
v -0.000485 -0.001553 0.002003
v -0.000670 -0.001533 0.001990
v -0.000856 -0.001510 0.001958
v -0.001040 -0.001483 0.001906
v -0.001220 -0.001454 0.001835
v -0.001393 -0.001421 0.001745
v -0.001558 -0.001387 0.001636
v -0.001713 -0.001350 0.001510
v -0.001854 -0.001311 0.001367
v -0.001980 -0.001271 0.001209
v -0.002090 -0.001229 0.001037
v -0.002181 -0.001187 0.000855
v -0.002186 -0.001144 0.000857
v 0.000216 -0.001592 0.001925
v 0.000048 -0.001583 0.001979
v -0.000127 -0.001570 0.002017
v -0.000308 -0.001553 0.002038
v -0.000494 -0.001533 0.002041
v -0.000682 -0.001510 0.002025
v -0.000869 -0.001483 0.001990
v -0.001055 -0.001454 0.001935
v -0.001236 -0.001421 0.001860
v -0.001410 -0.001387 0.001766
v -0.001575 -0.001350 0.001653
v -0.001728 -0.001311 0.001523
v -0.001867 -0.001271 0.001377
v -0.001991 -0.001229 0.001215
v -0.002098 -0.001187 0.001041
v -0.002103 -0.001144 0.001044
v 0.000383 -0.001592 0.001899
v 0.000221 -0.001583 0.001967
v 0.000049 -0.001570 0.002020
v -0.000130 -0.001553 0.002057
v -0.000314 -0.001533 0.002076
v -0.000503 -0.001510 0.002077
v -0.000693 -0.001483 0.002058
v -0.000882 -0.001454 0.002019
v -0.001069 -0.001421 0.001960
v -0.001251 -0.001387 0.001882
v -0.001424 -0.001350 0.001784
v -0.001588 -0.001311 0.001668
v -0.001740 -0.001271 0.001534
v -0.001878 -0.001229 0.001384
v -0.001999 -0.001187 0.001220
v -0.002004 -0.001144 0.001223
v 0.000547 -0.001592 0.001858
v 0.000391 -0.001583 0.001940
v 0.000225 -0.001570 0.002008
v 0.000050 -0.001553 0.002061
v -0.000132 -0.001533 0.002096
v -0.000320 -0.001510 0.002113
v -0.000511 -0.001483 0.002110
v -0.000703 -0.001454 0.002088
v -0.000894 -0.001421 0.002046
v -0.001082 -0.001387 0.001984
v -0.001264 -0.001350 0.001901
v -0.001437 -0.001311 0.001800
v -0.001600 -0.001271 0.001680
v -0.001750 -0.001229 0.001543
v -0.001885 -0.001187 0.001390
v -0.001890 -0.001144 0.001393
v 0.000707 -0.001592 0.001803
v 0.000559 -0.001583 0.001899
v 0.000399 -0.001570 0.001981
v 0.000230 -0.001553 0.002048
v 0.000051 -0.001533 0.002099
v -0.000134 -0.001510 0.002133
v -0.000325 -0.001483 0.002147
v -0.000518 -0.001454 0.002142
v -0.000712 -0.001421 0.002116
v -0.000905 -0.001387 0.002071
v -0.001093 -0.001350 0.002004
v -0.001275 -0.001311 0.001918
v -0.001447 -0.001271 0.001813
v -0.001609 -0.001229 0.001689
v -0.001757 -0.001187 0.001549
v -0.001761 -0.001144 0.001553
v 0.000861 -0.001592 0.001735
v 0.000722 -0.001583 0.001843
v 0.000571 -0.001570 0.001939
v 0.000407 -0.001553 0.002021
v 0.000234 -0.001533 0.002087
v 0.000052 -0.001510 0.002136
v -0.000136 -0.001483 0.002167
v -0.000330 -0.001454 0.002179
v -0.000525 -0.001421 0.002170
v -0.000721 -0.001387 0.002142
v -0.000914 -0.001350 0.002092
v -0.001103 -0.001311 0.002022
v -0.001284 -0.001271 0.001932
v -0.001456 -0.001229 0.001823
v -0.001615 -0.001187 0.001696
v -0.001619 -0.001144 0.001700
v 0.001009 -0.001592 0.001653
v 0.000880 -0.001583 0.001773
v 0.000737 -0.001570 0.001882
v 0.000582 -0.001553 0.001977
v 0.000415 -0.001533 0.002059
v 0.000238 -0.001510 0.002123
v 0.000053 -0.001483 0.002171
v -0.000138 -0.001454 0.002199
v -0.000334 -0.001421 0.002208
v -0.000531 -0.001387 0.002196
v -0.000728 -0.001350 0.002164
v -0.000922 -0.001311 0.002110
v -0.001111 -0.001271 0.002037
v -0.001291 -0.001229 0.001943
v -0.001461 -0.001187 0.001831
v -0.001465 -0.001144 0.001835
v 0.001149 -0.001592 0.001559
v 0.001031 -0.001583 0.001690
v 0.000899 -0.001570 0.001810
v 0.000752 -0.001553 0.001919
v 0.000593 -0.001533 0.002015
v 0.000422 -0.001510 0.002095
v 0.000242 -0.001483 0.002158
v 0.000054 -0.001454 0.002203
v -0.000140 -0.001421 0.002229
v -0.000338 -0.001387 0.002234
v -0.000537 -0.001350 0.002219
v -0.000735 -0.001311 0.002183
v -0.000929 -0.001271 0.002126
v -0.001117 -0.001229 0.002048
v -0.001296 -0.001187 0.001951
v -0.001300 -0.001144 0.001956
v 0.001281 -0.001592 0.001453
v 0.001175 -0.001583 0.001593
v 0.001053 -0.001570 0.001725
v 0.000916 -0.001553 0.001846
v 0.000766 -0.001533 0.001955
v 0.000603 -0.001510 0.002050
v 0.000429 -0.001483 0.002129
v 0.000246 -0.001454 0.002190
v 0.000054 -0.001421 0.002232
v -0.000142 -0.001387 0.002255
v -0.000342 -0.001350 0.002257
v -0.000542 -0.001311 0.002239
v -0.000740 -0.001271 0.002199
v -0.000934 -0.001229 0.002138
v -0.001121 -0.001187 0.002057
v -0.001124 -0.001144 0.002062
v 0.001403 -0.001592 0.001336
v 0.001309 -0.001583 0.001485
v 0.001199 -0.001570 0.001627
v 0.001074 -0.001553 0.001759
v 0.000934 -0.001533 0.001881
v 0.000780 -0.001510 0.001990
v 0.000613 -0.001483 0.002083
v 0.000435 -0.001454 0.002160
v 0.000249 -0.001421 0.002219
v 0.000055 -0.001387 0.002259
v -0.000143 -0.001350 0.002278
v -0.000345 -0.001311 0.002277
v -0.000546 -0.001271 0.002255
v -0.000744 -0.001229 0.002211
v -0.000938 -0.001187 0.002146
v -0.000940 -0.001144 0.002152
v 0.001514 -0.001592 0.001208
v 0.001433 -0.001583 0.001365
v 0.001336 -0.001570 0.001516
v 0.001223 -0.001553 0.001659
v 0.001094 -0.001533 0.001793
v 0.000950 -0.001510 0.001914
v 0.000792 -0.001483 0.002022
v 0.000622 -0.001454 0.002114
v 0.000441 -0.001421 0.002189
v 0.000252 -0.001387 0.002246
v 0.000056 -0.001350 0.002282
v -0.000145 -0.001311 0.002299
v -0.000347 -0.001271 0.002294
v -0.000549 -0.001229 0.002268
v -0.000747 -0.001187 0.002220
v -0.000749 -0.001144 0.002225
v 0.001613 -0.001592 0.001072
v 0.001547 -0.001583 0.001235
v 0.001463 -0.001570 0.001394
v 0.001363 -0.001553 0.001546
v 0.001246 -0.001533 0.001690
v 0.001113 -0.001510 0.001824
v 0.000965 -0.001483 0.001945
v 0.000804 -0.001454 0.002052
v 0.000630 -0.001421 0.002142
v 0.000446 -0.001387 0.002215
v 0.000254 -0.001350 0.002269
v 0.000056 -0.001311 0.002302
v -0.000146 -0.001271 0.002315
v -0.000349 -0.001229 0.002307
v -0.000551 -0.001187 0.002277
v -0.000552 -0.001144 0.002282
v 0.001700 -0.001592 0.000927
v 0.001649 -0.001583 0.001095
v 0.001579 -0.001570 0.001261
v 0.001493 -0.001553 0.001422
v 0.001389 -0.001533 0.001575
v 0.001268 -0.001510 0.001720
v 0.001131 -0.001483 0.001853
v 0.000980 -0.001454 0.001974
v 0.000815 -0.001421 0.002079
v 0.000638 -0.001387 0.002168
v 0.000451 -0.001350 0.002238
v 0.000257 -0.001311 0.002289
v 0.000057 -0.001271 0.002319
v -0.000147 -0.001229 0.002328
v -0.000350 -0.001187 0.002316
v -0.000351 -0.001144 0.002322
v 0.001775 -0.001592 0.000776
v 0.001738 -0.001583 0.000948
v 0.001683 -0.001570 0.001119
v 0.001611 -0.001553 0.001286
v 0.001521 -0.001533 0.001448
v 0.001413 -0.001510 0.001603
v 0.001288 -0.001483 0.001748
v 0.001148 -0.001454 0.001881
v 0.000993 -0.001421 0.002000
v 0.000824 -0.001387 0.002104
v 0.000644 -0.001350 0.002190
v 0.000455 -0.001311 0.002258
v 0.000258 -0.001271 0.002305
v 0.000057 -0.001229 0.002332
v -0.000147 -0.001187 0.002338
v -0.000148 -0.001144 0.002343
v 0.001836 -0.001592 0.000618
v 0.001814 -0.001583 0.000793
v 0.001774 -0.001570 0.000968
v 0.001717 -0.001553 0.001141
v 0.001641 -0.001533 0.001310
v 0.001547 -0.001510 0.001474
v 0.001436 -0.001483 0.001629
v 0.001308 -0.001454 0.001774
v 0.001163 -0.001421 0.001906
v 0.001005 -0.001387 0.002024
v 0.000833 -0.001350 0.002126
v 0.000650 -0.001311 0.002209
v 0.000458 -0.001271 0.002274
v 0.000260 -0.001229 0.002318
v 0.000057 -0.001187 0.002342
# 6502 vertices, 0 vertices normals

f 1 2 3
f 2 4 3
f 5 6 7
f 6 8 7
f 5 9 6
f 9 10 6
f 6 10 11
f 10 12 11
f 11 12 13
f 14 15 16
f 15 17 16
f 16 17 18
f 1 19 2
f 19 20 2
f 2 20 21
f 20 22 21
f 21 22 23
f 8 6 24
f 6 16 24
f 24 16 25
f 26 27 28
f 13 29 11
f 29 30 11
f 11 30 31
f 18 32 16
f 32 33 16
f 16 33 34
f 35 36 37
f 36 38 37
f 37 38 39
f 34 40 16
f 40 41 16
f 16 41 42
f 42 43 16
f 43 44 16
f 16 44 25
f 39 45 37
f 45 46 37
f 37 46 47
f 4 2 48
f 2 37 48
f 48 37 49
f 30 50 31
f 50 51 31
f 31 51 52
f 53 54 37
f 55 56 35
f 23 57 21
f 57 58 21
f 21 58 28
f 58 59 28
f 28 59 60
f 27 61 28
f 61 62 28
f 28 62 63
f 63 64 28
f 64 65 28
f 28 65 66
f 50 67 51
f 67 68 51
f 51 68 69
f 47 70 37
f 70 71 37
f 37 71 72
f 72 73 37
f 73 74 37
f 37 74 49
f 75 76 28
f 77 37 78
f 37 79 78
f 60 80 28
f 80 81 28
f 28 81 26
f 69 82 51
f 82 83 51
f 51 83 84
f 84 85 51
f 85 86 51
f 51 86 87
f 56 88 35
f 88 89 35
f 35 89 90
f 89 91 90
f 90 91 92
f 91 51 92
f 92 51 93
f 51 87 93
f 94 95 31
f 95 96 31
f 31 96 97
f 98 99 16
f 99 100 16
f 101 66 16
f 66 102 16
f 16 102 14
f 76 103 28
f 103 104 28
f 28 104 105
f 54 106 37
f 106 107 37
f 37 107 79
f 100 108 16
f 108 109 16
f 16 109 101
f 101 110 66
f 110 111 66
f 66 111 112
f 35 113 114
f 52 115 31
f 115 116 31
f 31 116 117
f 117 118 31
f 118 119 31
f 31 119 120
f 120 121 31
f 121 122 31
f 31 122 94
f 97 123 31
f 123 124 31
f 31 124 16
f 124 125 16
f 125 126 16
f 16 126 127
f 112 128 66
f 128 129 66
f 66 129 130
f 131 132 66
f 132 133 66
f 66 133 134
f 135 136 66
f 136 137 66
f 66 137 28
f 137 138 28
f 28 138 75
f 105 139 28
f 139 140 28
f 28 140 37
f 140 141 37
f 37 141 53
f 77 142 37
f 142 143 37
f 37 143 35
f 143 144 35
f 35 144 113
f 114 145 35
f 145 146 35
f 35 146 55
f 127 147 16
f 147 148 16
f 16 148 98
f 130 149 66
f 149 150 66
f 66 150 131
f 134 151 66
f 151 152 66
f 66 152 135
f 22 20 153
f 153 154 22
f 154 155 22
f 22 155 23
f 155 156 23
f 156 157 23
f 23 157 57
f 157 158 57
f 158 159 57
f 57 159 58
f 159 160 58
f 160 161 58
f 58 161 59
f 161 162 59
f 162 163 59
f 59 163 60
f 163 164 60
f 164 165 60
f 60 165 80
f 165 166 80
f 166 167 80
f 80 167 81
f 167 168 81
f 168 169 81
f 81 169 26
f 169 170 26
f 170 171 26
f 26 171 27
f 171 172 27
f 172 173 27
f 27 173 61
f 173 174 61
f 174 175 61
f 61 175 62
f 175 176 62
f 176 177 62
f 62 177 63
f 177 178 63
f 178 179 63
f 63 179 64
f 179 180 64
f 180 181 64
f 64 181 65
f 181 182 65
f 182 183 65
f 65 183 66
f 183 184 66
f 184 185 66
f 66 185 102
f 185 186 102
f 186 187 102
f 102 187 14
f 187 188 14
f 188 189 14
f 14 189 15
f 189 190 15
f 190 191 15
f 15 191 17
f 191 192 17
f 192 193 17
f 17 193 18
f 193 194 18
f 194 195 18
f 18 195 32
f 195 196 32
f 196 197 32
f 32 197 33
f 197 198 33
f 198 199 33
f 33 199 34
f 199 200 34
f 200 201 34
f 34 201 40
f 201 202 40
f 202 203 40
f 40 203 41
f 203 204 41
f 204 205 41
f 41 205 42
f 205 206 42
f 206 207 42
f 42 207 43
f 207 208 43
f 208 209 43
f 43 209 44
f 209 210 44
f 210 211 44
f 44 211 25
f 211 212 25
f 212 213 25
f 25 213 24
f 213 214 24
f 214 215 24
f 24 215 8
f 215 216 8
f 216 217 8
f 8 217 7
f 217 218 7
f 218 219 7
f 7 219 5
f 219 220 5
f 220 221 5
f 5 221 9
f 221 222 9
f 222 223 9
f 9 223 10
f 223 224 10
f 224 225 10
f 10 225 12
f 225 226 12
f 226 227 12
f 12 227 13
f 227 228 13
f 228 229 13
f 13 229 29
f 229 230 29
f 230 231 29
f 29 231 30
f 231 232 30
f 232 233 30
f 30 233 50
f 233 234 50
f 234 235 50
f 50 235 67
f 235 236 67
f 236 237 67
f 67 237 68
f 237 238 68
f 238 239 68
f 68 239 69
f 239 240 69
f 240 241 69
f 69 241 82
f 241 242 82
f 242 243 82
f 82 243 83
f 243 244 83
f 244 245 83
f 83 245 84
f 245 246 84
f 246 247 84
f 84 247 85
f 247 248 85
f 248 249 85
f 85 249 86
f 249 250 86
f 250 251 86
f 86 251 87
f 251 252 87
f 252 253 87
f 87 253 93
f 253 254 93
f 254 255 93
f 93 255 92
f 255 256 92
f 256 257 92
f 92 257 90
f 257 258 90
f 258 259 90
f 90 259 35
f 259 260 35
f 260 261 35
f 35 261 36
f 261 262 36
f 262 263 36
f 36 263 38
f 263 264 38
f 264 265 38
f 38 265 39
f 265 266 39
f 266 267 39
f 39 267 45
f 267 268 45
f 268 269 45
f 45 269 46
f 269 270 46
f 270 271 46
f 46 271 47
f 271 272 47
f 272 273 47
f 47 273 70
f 273 274 70
f 274 275 70
f 70 275 71
f 275 276 71
f 276 277 71
f 71 277 72
f 277 278 72
f 278 279 72
f 72 279 73
f 279 280 73
f 280 281 73
f 73 281 74
f 281 282 74
f 282 283 74
f 74 283 49
f 283 284 49
f 284 285 49
f 49 285 48
f 285 286 48
f 286 287 48
f 48 287 4
f 287 288 4
f 288 289 4
f 4 289 3
f 289 290 3
f 290 291 3
f 3 291 1
f 291 292 1
f 292 293 1
f 1 293 19
f 293 294 19
f 294 295 19
f 19 295 20
f 295 296 20
f 20 296 153
f 225 224 297
f 223 222 298
f 221 220 299
f 219 218 300
f 217 216 301
f 215 214 302
f 213 212 303
f 211 210 304
f 209 208 305
f 207 206 306
f 205 204 307
f 203 202 308
f 201 200 309
f 199 198 310
f 197 196 311
f 195 194 312
f 193 192 313
f 191 190 314
f 189 188 315
f 187 186 316
f 185 184 317
f 183 182 318
f 181 180 319
f 179 178 320
f 177 176 321
f 175 174 322
f 173 172 323
f 171 170 324
f 169 168 325
f 167 166 326
f 165 164 327
f 163 162 328
f 161 160 329
f 159 158 330
f 157 156 331
f 155 154 332
f 153 296 333
f 295 294 334
f 293 292 335
f 291 290 336
f 289 288 337
f 287 286 338
f 285 284 339
f 283 282 340
f 281 280 341
f 279 278 342
f 277 276 343
f 275 274 344
f 273 272 345
f 271 270 346
f 269 268 347
f 267 266 348
f 265 264 349
f 263 262 350
f 261 260 351
f 259 258 352
f 257 256 353
f 255 254 354
f 253 252 355
f 251 250 356
f 249 248 357
f 247 246 358
f 245 244 359
f 243 242 360
f 241 240 361
f 239 238 362
f 237 236 363
f 235 234 364
f 233 232 365
f 231 230 366
f 229 228 367
f 227 226 368
f 369 370 371
f 228 227 367
f 227 368 367
f 367 368 372
f 368 373 372
f 372 373 374
f 373 375 374
f 374 375 376
f 375 377 376
f 376 377 378
f 377 379 378
f 378 379 380
f 379 381 380
f 380 381 382
f 381 383 382
f 382 383 384
f 383 385 384
f 384 385 386
f 385 387 386
f 386 387 388
f 387 389 388
f 388 389 390
f 389 391 390
f 390 391 392
f 391 393 392
f 392 393 394
f 393 395 394
f 394 395 396
f 395 397 396
f 396 397 398
f 397 399 398
f 398 399 400
f 399 401 400
f 400 401 402
f 401 371 402
f 230 229 366
f 229 367 366
f 366 367 403
f 367 372 403
f 403 372 404
f 372 374 404
f 404 374 405
f 374 376 405
f 405 376 406
f 376 378 406
f 406 378 407
f 378 380 407
f 407 380 408
f 380 382 408
f 408 382 409
f 382 384 409
f 409 384 410
f 384 386 410
f 410 386 411
f 386 388 411
f 411 388 412
f 388 390 412
f 412 390 413
f 390 392 413
f 413 392 414
f 392 394 414
f 414 394 415
f 394 396 415
f 415 396 416
f 396 398 416
f 416 398 417
f 398 400 417
f 417 400 418
f 400 402 418
f 232 231 365
f 231 366 365
f 365 366 419
f 366 403 419
f 419 403 420
f 403 404 420
f 420 404 421
f 404 405 421
f 421 405 422
f 405 406 422
f 422 406 423
f 406 407 423
f 423 407 424
f 407 408 424
f 424 408 425
f 408 409 425
f 425 409 426
f 409 410 426
f 426 410 427
f 410 411 427
f 427 411 428
f 411 412 428
f 428 412 429
f 412 413 429
f 429 413 430
f 413 414 430
f 430 414 431
f 414 415 431
f 431 415 432
f 415 416 432
f 432 416 433
f 416 417 433
f 433 417 434
f 417 418 434
f 234 233 364
f 233 365 364
f 364 365 435
f 365 419 435
f 435 419 436
f 419 420 436
f 436 420 437
f 420 421 437
f 437 421 438
f 421 422 438
f 438 422 439
f 422 423 439
f 439 423 440
f 423 424 440
f 440 424 441
f 424 425 441
f 441 425 442
f 425 426 442
f 442 426 443
f 426 427 443
f 443 427 444
f 427 428 444
f 444 428 445
f 428 429 445
f 445 429 446
f 429 430 446
f 446 430 447
f 430 431 447
f 447 431 448
f 431 432 448
f 448 432 449
f 432 433 449
f 449 433 450
f 433 434 450
f 236 235 363
f 235 364 363
f 363 364 451
f 364 435 451
f 451 435 452
f 435 436 452
f 452 436 453
f 436 437 453
f 453 437 454
f 437 438 454
f 454 438 455
f 438 439 455
f 455 439 456
f 439 440 456
f 456 440 457
f 440 441 457
f 457 441 458
f 441 442 458
f 458 442 459
f 442 443 459
f 459 443 460
f 443 444 460
f 460 444 461
f 444 445 461
f 461 445 462
f 445 446 462
f 462 446 463
f 446 447 463
f 463 447 464
f 447 448 464
f 464 448 465
f 448 449 465
f 465 449 466
f 449 450 466
f 238 237 362
f 237 363 362
f 362 363 467
f 363 451 467
f 467 451 468
f 451 452 468
f 468 452 469
f 452 453 469
f 469 453 470
f 453 454 470
f 470 454 471
f 454 455 471
f 471 455 472
f 455 456 472
f 472 456 473
f 456 457 473
f 473 457 474
f 457 458 474
f 474 458 475
f 458 459 475
f 475 459 476
f 459 460 476
f 476 460 477
f 460 461 477
f 477 461 478
f 461 462 478
f 478 462 479
f 462 463 479
f 479 463 480
f 463 464 480
f 480 464 481
f 464 465 481
f 481 465 482
f 465 466 482
f 240 239 361
f 239 362 361
f 361 362 483
f 362 467 483
f 483 467 484
f 467 468 484
f 484 468 485
f 468 469 485
f 485 469 486
f 469 470 486
f 486 470 487
f 470 471 487
f 487 471 488
f 471 472 488
f 488 472 489
f 472 473 489
f 489 473 490
f 473 474 490
f 490 474 491
f 474 475 491
f 491 475 492
f 475 476 492
f 492 476 493
f 476 477 493
f 493 477 494
f 477 478 494
f 494 478 495
f 478 479 495
f 495 479 496
f 479 480 496
f 496 480 497
f 480 481 497
f 497 481 498
f 481 482 498
f 242 241 360
f 241 361 360
f 360 361 499
f 361 483 499
f 499 483 500
f 483 484 500
f 500 484 501
f 484 485 501
f 501 485 502
f 485 486 502
f 502 486 503
f 486 487 503
f 503 487 504
f 487 488 504
f 504 488 505
f 488 489 505
f 505 489 506
f 489 490 506
f 506 490 507
f 490 491 507
f 507 491 508
f 491 492 508
f 508 492 509
f 492 493 509
f 509 493 510
f 493 494 510
f 510 494 511
f 494 495 511
f 511 495 512
f 495 496 512
f 512 496 513
f 496 497 513
f 513 497 514
f 497 498 514
f 244 243 359
f 243 360 359
f 359 360 515
f 360 499 515
f 515 499 516
f 499 500 516
f 516 500 517
f 500 501 517
f 517 501 518
f 501 502 518
f 518 502 519
f 502 503 519
f 519 503 520
f 503 504 520
f 520 504 521
f 504 505 521
f 521 505 522
f 505 506 522
f 522 506 523
f 506 507 523
f 523 507 524
f 507 508 524
f 524 508 525
f 508 509 525
f 525 509 526
f 509 510 526
f 526 510 527
f 510 511 527
f 527 511 528
f 511 512 528
f 528 512 529
f 512 513 529
f 529 513 530
f 513 514 530
f 246 245 358
f 245 359 358
f 358 359 531
f 359 515 531
f 531 515 532
f 515 516 532
f 532 516 533
f 516 517 533
f 533 517 534
f 517 518 534
f 534 518 535
f 518 519 535
f 535 519 536
f 519 520 536
f 536 520 537
f 520 521 537
f 537 521 538
f 521 522 538
f 538 522 539
f 522 523 539
f 539 523 540
f 523 524 540
f 540 524 541
f 524 525 541
f 541 525 542
f 525 526 542
f 542 526 543
f 526 527 543
f 543 527 544
f 527 528 544
f 544 528 545
f 528 529 545
f 545 529 546
f 529 530 546
f 248 247 357
f 247 358 357
f 357 358 547
f 358 531 547
f 547 531 548
f 531 532 548
f 548 532 549
f 532 533 549
f 549 533 550
f 533 534 550
f 550 534 551
f 534 535 551
f 551 535 552
f 535 536 552
f 552 536 553
f 536 537 553
f 553 537 554
f 537 538 554
f 554 538 555
f 538 539 555
f 555 539 556
f 539 540 556
f 556 540 557
f 540 541 557
f 557 541 558
f 541 542 558
f 558 542 559
f 542 543 559
f 559 543 560
f 543 544 560
f 560 544 561
f 544 545 561
f 561 545 562
f 545 546 562
f 250 249 356
f 249 357 356
f 356 357 563
f 357 547 563
f 563 547 564
f 547 548 564
f 564 548 565
f 548 549 565
f 565 549 566
f 549 550 566
f 566 550 567
f 550 551 567
f 567 551 568
f 551 552 568
f 568 552 569
f 552 553 569
f 569 553 570
f 553 554 570
f 570 554 571
f 554 555 571
f 571 555 572
f 555 556 572
f 572 556 573
f 556 557 573
f 573 557 574
f 557 558 574
f 574 558 575
f 558 559 575
f 575 559 576
f 559 560 576
f 576 560 577
f 560 561 577
f 577 561 578
f 561 562 578
f 252 251 355
f 251 356 355
f 355 356 579
f 356 563 579
f 579 563 580
f 563 564 580
f 580 564 581
f 564 565 581
f 581 565 582
f 565 566 582
f 582 566 583
f 566 567 583
f 583 567 584
f 567 568 584
f 584 568 585
f 568 569 585
f 585 569 586
f 569 570 586
f 586 570 587
f 570 571 587
f 587 571 588
f 571 572 588
f 588 572 589
f 572 573 589
f 589 573 590
f 573 574 590
f 590 574 591
f 574 575 591
f 591 575 592
f 575 576 592
f 592 576 593
f 576 577 593
f 593 577 594
f 577 578 594
f 254 253 354
f 253 355 354
f 354 355 595
f 355 579 595
f 595 579 596
f 579 580 596
f 596 580 597
f 580 581 597
f 597 581 598
f 581 582 598
f 598 582 599
f 582 583 599
f 599 583 600
f 583 584 600
f 600 584 601
f 584 585 601
f 601 585 602
f 585 586 602
f 602 586 603
f 586 587 603
f 603 587 604
f 587 588 604
f 604 588 605
f 588 589 605
f 605 589 606
f 589 590 606
f 606 590 607
f 590 591 607
f 607 591 608
f 591 592 608
f 608 592 609
f 592 593 609
f 609 593 610
f 593 594 610
f 256 255 353
f 255 354 353
f 353 354 611
f 354 595 611
f 611 595 612
f 595 596 612
f 612 596 613
f 596 597 613
f 613 597 614
f 597 598 614
f 614 598 615
f 598 599 615
f 615 599 616
f 599 600 616
f 616 600 617
f 600 601 617
f 617 601 618
f 601 602 618
f 618 602 619
f 602 603 619
f 619 603 620
f 603 604 620
f 620 604 621
f 604 605 621
f 621 605 622
f 605 606 622
f 622 606 623
f 606 607 623
f 623 607 624
f 607 608 624
f 624 608 625
f 608 609 625
f 625 609 626
f 609 610 626
f 258 257 352
f 257 353 352
f 352 353 627
f 353 611 627
f 627 611 628
f 611 612 628
f 628 612 629
f 612 613 629
f 629 613 630
f 613 614 630
f 630 614 631
f 614 615 631
f 631 615 632
f 615 616 632
f 632 616 633
f 616 617 633
f 633 617 634
f 617 618 634
f 634 618 635
f 618 619 635
f 635 619 636
f 619 620 636
f 636 620 637
f 620 621 637
f 637 621 638
f 621 622 638
f 638 622 639
f 622 623 639
f 639 623 640
f 623 624 640
f 640 624 641
f 624 625 641
f 641 625 642
f 625 626 642
f 260 259 351
f 259 352 351
f 351 352 643
f 352 627 643
f 643 627 644
f 627 628 644
f 644 628 645
f 628 629 645
f 645 629 646
f 629 630 646
f 646 630 647
f 630 631 647
f 647 631 648
f 631 632 648
f 648 632 649
f 632 633 649
f 649 633 650
f 633 634 650
f 650 634 651
f 634 635 651
f 651 635 652
f 635 636 652
f 652 636 653
f 636 637 653
f 653 637 654
f 637 638 654
f 654 638 655
f 638 639 655
f 655 639 656
f 639 640 656
f 656 640 657
f 640 641 657
f 657 641 658
f 641 642 658
f 262 261 350
f 261 351 350
f 350 351 659
f 351 643 659
f 659 643 660
f 643 644 660
f 660 644 661
f 644 645 661
f 661 645 662
f 645 646 662
f 662 646 663
f 646 647 663
f 663 647 664
f 647 648 664
f 664 648 665
f 648 649 665
f 665 649 666
f 649 650 666
f 666 650 667
f 650 651 667
f 667 651 668
f 651 652 668
f 668 652 669
f 652 653 669
f 669 653 670
f 653 654 670
f 670 654 671
f 654 655 671
f 671 655 672
f 655 656 672
f 672 656 673
f 656 657 673
f 673 657 674
f 657 658 674
f 264 263 349
f 263 350 349
f 349 350 675
f 350 659 675
f 675 659 676
f 659 660 676
f 676 660 677
f 660 661 677
f 677 661 678
f 661 662 678
f 678 662 679
f 662 663 679
f 679 663 680
f 663 664 680
f 680 664 681
f 664 665 681
f 681 665 682
f 665 666 682
f 682 666 683
f 666 667 683
f 683 667 684
f 667 668 684
f 684 668 685
f 668 669 685
f 685 669 686
f 669 670 686
f 686 670 687
f 670 671 687
f 687 671 688
f 671 672 688
f 688 672 689
f 672 673 689
f 689 673 690
f 673 674 690
f 266 265 348
f 265 349 348
f 348 349 691
f 349 675 691
f 691 675 692
f 675 676 692
f 692 676 693
f 676 677 693
f 693 677 694
f 677 678 694
f 694 678 695
f 678 679 695
f 695 679 696
f 679 680 696
f 696 680 697
f 680 681 697
f 697 681 698
f 681 682 698
f 698 682 699
f 682 683 699
f 699 683 700
f 683 684 700
f 700 684 701
f 684 685 701
f 701 685 702
f 685 686 702
f 702 686 703
f 686 687 703
f 703 687 704
f 687 688 704
f 704 688 705
f 688 689 705
f 705 689 706
f 689 690 706
f 268 267 347
f 267 348 347
f 347 348 707
f 348 691 707
f 707 691 708
f 691 692 708
f 708 692 709
f 692 693 709
f 709 693 710
f 693 694 710
f 710 694 711
f 694 695 711
f 711 695 712
f 695 696 712
f 712 696 713
f 696 697 713
f 713 697 714
f 697 698 714
f 714 698 715
f 698 699 715
f 715 699 716
f 699 700 716
f 716 700 717
f 700 701 717
f 717 701 718
f 701 702 718
f 718 702 719
f 702 703 719
f 719 703 720
f 703 704 720
f 720 704 721
f 704 705 721
f 721 705 722
f 705 706 722
f 270 269 346
f 269 347 346
f 346 347 723
f 347 707 723
f 723 707 724
f 707 708 724
f 724 708 725
f 708 709 725
f 725 709 726
f 709 710 726
f 726 710 727
f 710 711 727
f 727 711 728
f 711 712 728
f 728 712 729
f 712 713 729
f 729 713 730
f 713 714 730
f 730 714 731
f 714 715 731
f 731 715 732
f 715 716 732
f 732 716 733
f 716 717 733
f 733 717 734
f 717 718 734
f 734 718 735
f 718 719 735
f 735 719 736
f 719 720 736
f 736 720 737
f 720 721 737
f 737 721 738
f 721 722 738
f 272 271 345
f 271 346 345
f 345 346 739
f 346 723 739
f 739 723 740
f 723 724 740
f 740 724 741
f 724 725 741
f 741 725 742
f 725 726 742
f 742 726 743
f 726 727 743
f 743 727 744
f 727 728 744
f 744 728 745
f 728 729 745
f 745 729 746
f 729 730 746
f 746 730 747
f 730 731 747
f 747 731 748
f 731 732 748
f 748 732 749
f 732 733 749
f 749 733 750
f 733 734 750
f 750 734 751
f 734 735 751
f 751 735 752
f 735 736 752
f 752 736 753
f 736 737 753
f 753 737 754
f 737 738 754
f 274 273 344
f 273 345 344
f 344 345 755
f 345 739 755
f 755 739 756
f 739 740 756
f 756 740 757
f 740 741 757
f 757 741 758
f 741 742 758
f 758 742 759
f 742 743 759
f 759 743 760
f 743 744 760
f 760 744 761
f 744 745 761
f 761 745 762
f 745 746 762
f 762 746 763
f 746 747 763
f 763 747 764
f 747 748 764
f 764 748 765
f 748 749 765
f 765 749 766
f 749 750 766
f 766 750 767
f 750 751 767
f 767 751 768
f 751 752 768
f 768 752 769
f 752 753 769
f 769 753 770
f 753 754 770
f 276 275 343
f 275 344 343
f 343 344 771
f 344 755 771
f 771 755 772
f 755 756 772
f 772 756 773
f 756 757 773
f 773 757 774
f 757 758 774
f 774 758 775
f 758 759 775
f 775 759 776
f 759 760 776
f 776 760 777
f 760 761 777
f 777 761 778
f 761 762 778
f 778 762 779
f 762 763 779
f 779 763 780
f 763 764 780
f 780 764 781
f 764 765 781
f 781 765 782
f 765 766 782
f 782 766 783
f 766 767 783
f 783 767 784
f 767 768 784
f 784 768 785
f 768 769 785
f 785 769 786
f 769 770 786
f 278 277 342
f 277 343 342
f 342 343 787
f 343 771 787
f 787 771 788
f 771 772 788
f 788 772 789
f 772 773 789
f 789 773 790
f 773 774 790
f 790 774 791
f 774 775 791
f 791 775 792
f 775 776 792
f 792 776 793
f 776 777 793
f 793 777 794
f 777 778 794
f 794 778 795
f 778 779 795
f 795 779 796
f 779 780 796
f 796 780 797
f 780 781 797
f 797 781 798
f 781 782 798
f 798 782 799
f 782 783 799
f 799 783 800
f 783 784 800
f 800 784 801
f 784 785 801
f 801 785 802
f 785 786 802
f 280 279 341
f 279 342 341
f 341 342 803
f 342 787 803
f 803 787 804
f 787 788 804
f 804 788 805
f 788 789 805
f 805 789 806
f 789 790 806
f 806 790 807
f 790 791 807
f 807 791 808
f 791 792 808
f 808 792 809
f 792 793 809
f 809 793 810
f 793 794 810
f 810 794 811
f 794 795 811
f 811 795 812
f 795 796 812
f 812 796 813
f 796 797 813
f 813 797 814
f 797 798 814
f 814 798 815
f 798 799 815
f 815 799 816
f 799 800 816
f 816 800 817
f 800 801 817
f 817 801 818
f 801 802 818
f 282 281 340
f 281 341 340
f 340 341 819
f 341 803 819
f 819 803 820
f 803 804 820
f 820 804 821
f 804 805 821
f 821 805 822
f 805 806 822
f 822 806 823
f 806 807 823
f 823 807 824
f 807 808 824
f 824 808 825
f 808 809 825
f 825 809 826
f 809 810 826
f 826 810 827
f 810 811 827
f 827 811 828
f 811 812 828
f 828 812 829
f 812 813 829
f 829 813 830
f 813 814 830
f 830 814 831
f 814 815 831
f 831 815 832
f 815 816 832
f 832 816 833
f 816 817 833
f 833 817 834
f 817 818 834
f 284 283 339
f 283 340 339
f 339 340 835
f 340 819 835
f 835 819 836
f 819 820 836
f 836 820 837
f 820 821 837
f 837 821 838
f 821 822 838
f 838 822 839
f 822 823 839
f 839 823 840
f 823 824 840
f 840 824 841
f 824 825 841
f 841 825 842
f 825 826 842
f 842 826 843
f 826 827 843
f 843 827 844
f 827 828 844
f 844 828 845
f 828 829 845
f 845 829 846
f 829 830 846
f 846 830 847
f 830 831 847
f 847 831 848
f 831 832 848
f 848 832 849
f 832 833 849
f 849 833 850
f 833 834 850
f 286 285 338
f 285 339 338
f 338 339 851
f 339 835 851
f 851 835 852
f 835 836 852
f 852 836 853
f 836 837 853
f 853 837 854
f 837 838 854
f 854 838 855
f 838 839 855
f 855 839 856
f 839 840 856
f 856 840 857
f 840 841 857
f 857 841 858
f 841 842 858
f 858 842 859
f 842 843 859
f 859 843 860
f 843 844 860
f 860 844 861
f 844 845 861
f 861 845 862
f 845 846 862
f 862 846 863
f 846 847 863
f 863 847 864
f 847 848 864
f 864 848 865
f 848 849 865
f 865 849 866
f 849 850 866
f 288 287 337
f 287 338 337
f 337 338 867
f 338 851 867
f 867 851 868
f 851 852 868
f 868 852 869
f 852 853 869
f 869 853 870
f 853 854 870
f 870 854 871
f 854 855 871
f 871 855 872
f 855 856 872
f 872 856 873
f 856 857 873
f 873 857 874
f 857 858 874
f 874 858 875
f 858 859 875
f 875 859 876
f 859 860 876
f 876 860 877
f 860 861 877
f 877 861 878
f 861 862 878
f 878 862 879
f 862 863 879
f 879 863 880
f 863 864 880
f 880 864 881
f 864 865 881
f 881 865 882
f 865 866 882
f 290 289 336
f 289 337 336
f 336 337 883
f 337 867 883
f 883 867 884
f 867 868 884
f 884 868 885
f 868 869 885
f 885 869 886
f 869 870 886
f 886 870 887
f 870 871 887
f 887 871 888
f 871 872 888
f 888 872 889
f 872 873 889
f 889 873 890
f 873 874 890
f 890 874 891
f 874 875 891
f 891 875 892
f 875 876 892
f 892 876 893
f 876 877 893
f 893 877 894
f 877 878 894
f 894 878 895
f 878 879 895
f 895 879 896
f 879 880 896
f 896 880 897
f 880 881 897
f 897 881 898
f 881 882 898
f 292 291 335
f 291 336 335
f 335 336 899
f 336 883 899
f 899 883 900
f 883 884 900
f 900 884 901
f 884 885 901
f 901 885 902
f 885 886 902
f 902 886 903
f 886 887 903
f 903 887 904
f 887 888 904
f 904 888 905
f 888 889 905
f 905 889 906
f 889 890 906
f 906 890 907
f 890 891 907
f 907 891 908
f 891 892 908
f 908 892 909
f 892 893 909
f 909 893 910
f 893 894 910
f 910 894 911
f 894 895 911
f 911 895 912
f 895 896 912
f 912 896 913
f 896 897 913
f 913 897 914
f 897 898 914
f 294 293 334
f 293 335 334
f 334 335 915
f 335 899 915
f 915 899 916
f 899 900 916
f 916 900 917
f 900 901 917
f 917 901 918
f 901 902 918
f 918 902 919
f 902 903 919
f 919 903 920
f 903 904 920
f 920 904 921
f 904 905 921
f 921 905 922
f 905 906 922
f 922 906 923
f 906 907 923
f 923 907 924
f 907 908 924
f 924 908 925
f 908 909 925
f 925 909 926
f 909 910 926
f 926 910 927
f 910 911 927
f 927 911 928
f 911 912 928
f 928 912 929
f 912 913 929
f 929 913 930
f 913 914 930
f 296 295 333
f 295 334 333
f 333 334 931
f 334 915 931
f 931 915 932
f 915 916 932
f 932 916 933
f 916 917 933
f 933 917 934
f 917 918 934
f 934 918 935
f 918 919 935
f 935 919 936
f 919 920 936
f 936 920 937
f 920 921 937
f 937 921 938
f 921 922 938
f 938 922 939
f 922 923 939
f 939 923 940
f 923 924 940
f 940 924 941
f 924 925 941
f 941 925 942
f 925 926 942
f 942 926 943
f 926 927 943
f 943 927 944
f 927 928 944
f 944 928 945
f 928 929 945
f 945 929 946
f 929 930 946
f 154 153 332
f 153 333 332
f 332 333 947
f 333 931 947
f 947 931 948
f 931 932 948
f 948 932 949
f 932 933 949
f 949 933 950
f 933 934 950
f 950 934 951
f 934 935 951
f 951 935 952
f 935 936 952
f 952 936 953
f 936 937 953
f 953 937 954
f 937 938 954
f 954 938 955
f 938 939 955
f 955 939 956
f 939 940 956
f 956 940 957
f 940 941 957
f 957 941 958
f 941 942 958
f 958 942 959
f 942 943 959
f 959 943 960
f 943 944 960
f 960 944 961
f 944 945 961
f 961 945 962
f 945 946 962
f 156 155 331
f 155 332 331
f 331 332 963
f 332 947 963
f 963 947 964
f 947 948 964
f 964 948 965
f 948 949 965
f 965 949 966
f 949 950 966
f 966 950 967
f 950 951 967
f 967 951 968
f 951 952 968
f 968 952 969
f 952 953 969
f 969 953 970
f 953 954 970
f 970 954 971
f 954 955 971
f 971 955 972
f 955 956 972
f 972 956 973
f 956 957 973
f 973 957 974
f 957 958 974
f 974 958 975
f 958 959 975
f 975 959 976
f 959 960 976
f 976 960 977
f 960 961 977
f 977 961 978
f 961 962 978
f 158 157 330
f 157 331 330
f 330 331 979
f 331 963 979
f 979 963 980
f 963 964 980
f 980 964 981
f 964 965 981
f 981 965 982
f 965 966 982
f 982 966 983
f 966 967 983
f 983 967 984
f 967 968 984
f 984 968 985
f 968 969 985
f 985 969 986
f 969 970 986
f 986 970 987
f 970 971 987
f 987 971 988
f 971 972 988
f 988 972 989
f 972 973 989
f 989 973 990
f 973 974 990
f 990 974 991
f 974 975 991
f 991 975 992
f 975 976 992
f 992 976 993
f 976 977 993
f 993 977 994
f 977 978 994
f 160 159 329
f 159 330 329
f 329 330 995
f 330 979 995
f 995 979 996
f 979 980 996
f 996 980 997
f 980 981 997
f 997 981 998
f 981 982 998
f 998 982 999
f 982 983 999
f 999 983 1000
f 983 984 1000
f 1000 984 1001
f 984 985 1001
f 1001 985 1002
f 985 986 1002
f 1002 986 1003
f 986 987 1003
f 1003 987 1004
f 987 988 1004
f 1004 988 1005
f 988 989 1005
f 1005 989 1006
f 989 990 1006
f 1006 990 1007
f 990 991 1007
f 1007 991 1008
f 991 992 1008
f 1008 992 1009
f 992 993 1009
f 1009 993 1010
f 993 994 1010
f 162 161 328
f 161 329 328
f 328 329 1011
f 329 995 1011
f 1011 995 1012
f 995 996 1012
f 1012 996 1013
f 996 997 1013
f 1013 997 1014
f 997 998 1014
f 1014 998 1015
f 998 999 1015
f 1015 999 1016
f 999 1000 1016
f 1016 1000 1017
f 1000 1001 1017
f 1017 1001 1018
f 1001 1002 1018
f 1018 1002 1019
f 1002 1003 1019
f 1019 1003 1020
f 1003 1004 1020
f 1020 1004 1021
f 1004 1005 1021
f 1021 1005 1022
f 1005 1006 1022
f 1022 1006 1023
f 1006 1007 1023
f 1023 1007 1024
f 1007 1008 1024
f 1024 1008 1025
f 1008 1009 1025
f 1025 1009 1026
f 1009 1010 1026
f 164 163 327
f 163 328 327
f 327 328 1027
f 328 1011 1027
f 1027 1011 1028
f 1011 1012 1028
f 1028 1012 1029
f 1012 1013 1029
f 1029 1013 1030
f 1013 1014 1030
f 1030 1014 1031
f 1014 1015 1031
f 1031 1015 1032
f 1015 1016 1032
f 1032 1016 1033
f 1016 1017 1033
f 1033 1017 1034
f 1017 1018 1034
f 1034 1018 1035
f 1018 1019 1035
f 1035 1019 1036
f 1019 1020 1036
f 1036 1020 1037
f 1020 1021 1037
f 1037 1021 1038
f 1021 1022 1038
f 1038 1022 1039
f 1022 1023 1039
f 1039 1023 1040
f 1023 1024 1040
f 1040 1024 1041
f 1024 1025 1041
f 1041 1025 1042
f 1025 1026 1042
f 166 165 326
f 165 327 326
f 326 327 1043
f 327 1027 1043
f 1043 1027 1044
f 1027 1028 1044
f 1044 1028 1045
f 1028 1029 1045
f 1045 1029 1046
f 1029 1030 1046
f 1046 1030 1047
f 1030 1031 1047
f 1047 1031 1048
f 1031 1032 1048
f 1048 1032 1049
f 1032 1033 1049
f 1049 1033 1050
f 1033 1034 1050
f 1050 1034 1051
f 1034 1035 1051
f 1051 1035 1052
f 1035 1036 1052
f 1052 1036 1053
f 1036 1037 1053
f 1053 1037 1054
f 1037 1038 1054
f 1054 1038 1055
f 1038 1039 1055
f 1055 1039 1056
f 1039 1040 1056
f 1056 1040 1057
f 1040 1041 1057
f 1057 1041 1058
f 1041 1042 1058
f 168 167 325
f 167 326 325
f 325 326 1059
f 326 1043 1059
f 1059 1043 1060
f 1043 1044 1060
f 1060 1044 1061
f 1044 1045 1061
f 1061 1045 1062
f 1045 1046 1062
f 1062 1046 1063
f 1046 1047 1063
f 1063 1047 1064
f 1047 1048 1064
f 1064 1048 1065
f 1048 1049 1065
f 1065 1049 1066
f 1049 1050 1066
f 1066 1050 1067
f 1050 1051 1067
f 1067 1051 1068
f 1051 1052 1068
f 1068 1052 1069
f 1052 1053 1069
f 1069 1053 1070
f 1053 1054 1070
f 1070 1054 1071
f 1054 1055 1071
f 1071 1055 1072
f 1055 1056 1072
f 1072 1056 1073
f 1056 1057 1073
f 1073 1057 1074
f 1057 1058 1074
f 170 169 324
f 169 325 324
f 324 325 1075
f 325 1059 1075
f 1075 1059 1076
f 1059 1060 1076
f 1076 1060 1077
f 1060 1061 1077
f 1077 1061 1078
f 1061 1062 1078
f 1078 1062 1079
f 1062 1063 1079
f 1079 1063 1080
f 1063 1064 1080
f 1080 1064 1081
f 1064 1065 1081
f 1081 1065 1082
f 1065 1066 1082
f 1082 1066 1083
f 1066 1067 1083
f 1083 1067 1084
f 1067 1068 1084
f 1084 1068 1085
f 1068 1069 1085
f 1085 1069 1086
f 1069 1070 1086
f 1086 1070 1087
f 1070 1071 1087
f 1087 1071 1088
f 1071 1072 1088
f 1088 1072 1089
f 1072 1073 1089
f 1089 1073 1090
f 1073 1074 1090
f 172 171 323
f 171 324 323
f 323 324 1091
f 324 1075 1091
f 1091 1075 1092
f 1075 1076 1092
f 1092 1076 1093
f 1076 1077 1093
f 1093 1077 1094
f 1077 1078 1094
f 1094 1078 1095
f 1078 1079 1095
f 1095 1079 1096
f 1079 1080 1096
f 1096 1080 1097
f 1080 1081 1097
f 1097 1081 1098
f 1081 1082 1098
f 1098 1082 1099
f 1082 1083 1099
f 1099 1083 1100
f 1083 1084 1100
f 1100 1084 1101
f 1084 1085 1101
f 1101 1085 1102
f 1085 1086 1102
f 1102 1086 1103
f 1086 1087 1103
f 1103 1087 1104
f 1087 1088 1104
f 1104 1088 1105
f 1088 1089 1105
f 1105 1089 1106
f 1089 1090 1106
f 174 173 322
f 173 323 322
f 322 323 1107
f 323 1091 1107
f 1107 1091 1108
f 1091 1092 1108
f 1108 1092 1109
f 1092 1093 1109
f 1109 1093 1110
f 1093 1094 1110
f 1110 1094 1111
f 1094 1095 1111
f 1111 1095 1112
f 1095 1096 1112
f 1112 1096 1113
f 1096 1097 1113
f 1113 1097 1114
f 1097 1098 1114
f 1114 1098 1115
f 1098 1099 1115
f 1115 1099 1116
f 1099 1100 1116
f 1116 1100 1117
f 1100 1101 1117
f 1117 1101 1118
f 1101 1102 1118
f 1118 1102 1119
f 1102 1103 1119
f 1119 1103 1120
f 1103 1104 1120
f 1120 1104 1121
f 1104 1105 1121
f 1121 1105 1122
f 1105 1106 1122
f 176 175 321
f 175 322 321
f 321 322 1123
f 322 1107 1123
f 1123 1107 1124
f 1107 1108 1124
f 1124 1108 1125
f 1108 1109 1125
f 1125 1109 1126
f 1109 1110 1126
f 1126 1110 1127
f 1110 1111 1127
f 1127 1111 1128
f 1111 1112 1128
f 1128 1112 1129
f 1112 1113 1129
f 1129 1113 1130
f 1113 1114 1130
f 1130 1114 1131
f 1114 1115 1131
f 1131 1115 1132
f 1115 1116 1132
f 1132 1116 1133
f 1116 1117 1133
f 1133 1117 1134
f 1117 1118 1134
f 1134 1118 1135
f 1118 1119 1135
f 1135 1119 1136
f 1119 1120 1136
f 1136 1120 1137
f 1120 1121 1137
f 1137 1121 1138
f 1121 1122 1138
f 178 177 320
f 177 321 320
f 320 321 1139
f 321 1123 1139
f 1139 1123 1140
f 1123 1124 1140
f 1140 1124 1141
f 1124 1125 1141
f 1141 1125 1142
f 1125 1126 1142
f 1142 1126 1143
f 1126 1127 1143
f 1143 1127 1144
f 1127 1128 1144
f 1144 1128 1145
f 1128 1129 1145
f 1145 1129 1146
f 1129 1130 1146
f 1146 1130 1147
f 1130 1131 1147
f 1147 1131 1148
f 1131 1132 1148
f 1148 1132 1149
f 1132 1133 1149
f 1149 1133 1150
f 1133 1134 1150
f 1150 1134 1151
f 1134 1135 1151
f 1151 1135 1152
f 1135 1136 1152
f 1152 1136 1153
f 1136 1137 1153
f 1153 1137 1154
f 1137 1138 1154
f 180 179 319
f 179 320 319
f 319 320 1155
f 320 1139 1155
f 1155 1139 1156
f 1139 1140 1156
f 1156 1140 1157
f 1140 1141 1157
f 1157 1141 1158
f 1141 1142 1158
f 1158 1142 1159
f 1142 1143 1159
f 1159 1143 1160
f 1143 1144 1160
f 1160 1144 1161
f 1144 1145 1161
f 1161 1145 1162
f 1145 1146 1162
f 1162 1146 1163
f 1146 1147 1163
f 1163 1147 1164
f 1147 1148 1164
f 1164 1148 1165
f 1148 1149 1165
f 1165 1149 1166
f 1149 1150 1166
f 1166 1150 1167
f 1150 1151 1167
f 1167 1151 1168
f 1151 1152 1168
f 1168 1152 1169
f 1152 1153 1169
f 1169 1153 1170
f 1153 1154 1170
f 182 181 318
f 181 319 318
f 318 319 1171
f 319 1155 1171
f 1171 1155 1172
f 1155 1156 1172
f 1172 1156 1173
f 1156 1157 1173
f 1173 1157 1174
f 1157 1158 1174
f 1174 1158 1175
f 1158 1159 1175
f 1175 1159 1176
f 1159 1160 1176
f 1176 1160 1177
f 1160 1161 1177
f 1177 1161 1178
f 1161 1162 1178
f 1178 1162 1179
f 1162 1163 1179
f 1179 1163 1180
f 1163 1164 1180
f 1180 1164 1181
f 1164 1165 1181
f 1181 1165 1182
f 1165 1166 1182
f 1182 1166 1183
f 1166 1167 1183
f 1183 1167 1184
f 1167 1168 1184
f 1184 1168 1185
f 1168 1169 1185
f 1185 1169 1186
f 1169 1170 1186
f 184 183 317
f 183 318 317
f 317 318 1187
f 318 1171 1187
f 1187 1171 1188
f 1171 1172 1188
f 1188 1172 1189
f 1172 1173 1189
f 1189 1173 1190
f 1173 1174 1190
f 1190 1174 1191
f 1174 1175 1191
f 1191 1175 1192
f 1175 1176 1192
f 1192 1176 1193
f 1176 1177 1193
f 1193 1177 1194
f 1177 1178 1194
f 1194 1178 1195
f 1178 1179 1195
f 1195 1179 1196
f 1179 1180 1196
f 1196 1180 1197
f 1180 1181 1197
f 1197 1181 1198
f 1181 1182 1198
f 1198 1182 1199
f 1182 1183 1199
f 1199 1183 1200
f 1183 1184 1200
f 1200 1184 1201
f 1184 1185 1201
f 1201 1185 1202
f 1185 1186 1202
f 186 185 316
f 185 317 316
f 316 317 1203
f 317 1187 1203
f 1203 1187 1204
f 1187 1188 1204
f 1204 1188 1205
f 1188 1189 1205
f 1205 1189 1206
f 1189 1190 1206
f 1206 1190 1207
f 1190 1191 1207
f 1207 1191 1208
f 1191 1192 1208
f 1208 1192 1209
f 1192 1193 1209
f 1209 1193 1210
f 1193 1194 1210
f 1210 1194 1211
f 1194 1195 1211
f 1211 1195 1212
f 1195 1196 1212
f 1212 1196 1213
f 1196 1197 1213
f 1213 1197 1214
f 1197 1198 1214
f 1214 1198 1215
f 1198 1199 1215
f 1215 1199 1216
f 1199 1200 1216
f 1216 1200 1217
f 1200 1201 1217
f 1217 1201 1218
f 1201 1202 1218
f 188 187 315
f 187 316 315
f 315 316 1219
f 316 1203 1219
f 1219 1203 1220
f 1203 1204 1220
f 1220 1204 1221
f 1204 1205 1221
f 1221 1205 1222
f 1205 1206 1222
f 1222 1206 1223
f 1206 1207 1223
f 1223 1207 1224
f 1207 1208 1224
f 1224 1208 1225
f 1208 1209 1225
f 1225 1209 1226
f 1209 1210 1226
f 1226 1210 1227
f 1210 1211 1227
f 1227 1211 1228
f 1211 1212 1228
f 1228 1212 1229
f 1212 1213 1229
f 1229 1213 1230
f 1213 1214 1230
f 1230 1214 1231
f 1214 1215 1231
f 1231 1215 1232
f 1215 1216 1232
f 1232 1216 1233
f 1216 1217 1233
f 1233 1217 1234
f 1217 1218 1234
f 190 189 314
f 189 315 314
f 314 315 1235
f 315 1219 1235
f 1235 1219 1236
f 1219 1220 1236
f 1236 1220 1237
f 1220 1221 1237
f 1237 1221 1238
f 1221 1222 1238
f 1238 1222 1239
f 1222 1223 1239
f 1239 1223 1240
f 1223 1224 1240
f 1240 1224 1241
f 1224 1225 1241
f 1241 1225 1242
f 1225 1226 1242
f 1242 1226 1243
f 1226 1227 1243
f 1243 1227 1244
f 1227 1228 1244
f 1244 1228 1245
f 1228 1229 1245
f 1245 1229 1246
f 1229 1230 1246
f 1246 1230 1247
f 1230 1231 1247
f 1247 1231 1248
f 1231 1232 1248
f 1248 1232 1249
f 1232 1233 1249
f 1249 1233 1250
f 1233 1234 1250
f 192 191 313
f 191 314 313
f 313 314 1251
f 314 1235 1251
f 1251 1235 1252
f 1235 1236 1252
f 1252 1236 1253
f 1236 1237 1253
f 1253 1237 1254
f 1237 1238 1254
f 1254 1238 1255
f 1238 1239 1255
f 1255 1239 1256
f 1239 1240 1256
f 1256 1240 1257
f 1240 1241 1257
f 1257 1241 1258
f 1241 1242 1258
f 1258 1242 1259
f 1242 1243 1259
f 1259 1243 1260
f 1243 1244 1260
f 1260 1244 1261
f 1244 1245 1261
f 1261 1245 1262
f 1245 1246 1262
f 1262 1246 1263
f 1246 1247 1263
f 1263 1247 1264
f 1247 1248 1264
f 1264 1248 1265
f 1248 1249 1265
f 1265 1249 1266
f 1249 1250 1266
f 194 193 312
f 193 313 312
f 312 313 1267
f 313 1251 1267
f 1267 1251 1268
f 1251 1252 1268
f 1268 1252 1269
f 1252 1253 1269
f 1269 1253 1270
f 1253 1254 1270
f 1270 1254 1271
f 1254 1255 1271
f 1271 1255 1272
f 1255 1256 1272
f 1272 1256 1273
f 1256 1257 1273
f 1273 1257 1274
f 1257 1258 1274
f 1274 1258 1275
f 1258 1259 1275
f 1275 1259 1276
f 1259 1260 1276
f 1276 1260 1277
f 1260 1261 1277
f 1277 1261 1278
f 1261 1262 1278
f 1278 1262 1279
f 1262 1263 1279
f 1279 1263 1280
f 1263 1264 1280
f 1280 1264 1281
f 1264 1265 1281
f 1281 1265 1282
f 1265 1266 1282
f 196 195 311
f 195 312 311
f 311 312 1283
f 312 1267 1283
f 1283 1267 1284
f 1267 1268 1284
f 1284 1268 1285
f 1268 1269 1285
f 1285 1269 1286
f 1269 1270 1286
f 1286 1270 1287
f 1270 1271 1287
f 1287 1271 1288
f 1271 1272 1288
f 1288 1272 1289
f 1272 1273 1289
f 1289 1273 1290
f 1273 1274 1290
f 1290 1274 1291
f 1274 1275 1291
f 1291 1275 1292
f 1275 1276 1292
f 1292 1276 1293
f 1276 1277 1293
f 1293 1277 1294
f 1277 1278 1294
f 1294 1278 1295
f 1278 1279 1295
f 1295 1279 1296
f 1279 1280 1296
f 1296 1280 1297
f 1280 1281 1297
f 1297 1281 1298
f 1281 1282 1298
f 198 197 310
f 197 311 310
f 310 311 1299
f 311 1283 1299
f 1299 1283 1300
f 1283 1284 1300
f 1300 1284 1301
f 1284 1285 1301
f 1301 1285 1302
f 1285 1286 1302
f 1302 1286 1303
f 1286 1287 1303
f 1303 1287 1304
f 1287 1288 1304
f 1304 1288 1305
f 1288 1289 1305
f 1305 1289 1306
f 1289 1290 1306
f 1306 1290 1307
f 1290 1291 1307
f 1307 1291 1308
f 1291 1292 1308
f 1308 1292 1309
f 1292 1293 1309
f 1309 1293 1310
f 1293 1294 1310
f 1310 1294 1311
f 1294 1295 1311
f 1311 1295 1312
f 1295 1296 1312
f 1312 1296 1313
f 1296 1297 1313
f 1313 1297 1314
f 1297 1298 1314
f 200 199 309
f 199 310 309
f 309 310 1315
f 310 1299 1315
f 1315 1299 1316
f 1299 1300 1316
f 1316 1300 1317
f 1300 1301 1317
f 1317 1301 1318
f 1301 1302 1318
f 1318 1302 1319
f 1302 1303 1319
f 1319 1303 1320
f 1303 1304 1320
f 1320 1304 1321
f 1304 1305 1321
f 1321 1305 1322
f 1305 1306 1322
f 1322 1306 1323
f 1306 1307 1323
f 1323 1307 1324
f 1307 1308 1324
f 1324 1308 1325
f 1308 1309 1325
f 1325 1309 1326
f 1309 1310 1326
f 1326 1310 1327
f 1310 1311 1327
f 1327 1311 1328
f 1311 1312 1328
f 1328 1312 1329
f 1312 1313 1329
f 1329 1313 1330
f 1313 1314 1330
f 202 201 308
f 201 309 308
f 308 309 1331
f 309 1315 1331
f 1331 1315 1332
f 1315 1316 1332
f 1332 1316 1333
f 1316 1317 1333
f 1333 1317 1334
f 1317 1318 1334
f 1334 1318 1335
f 1318 1319 1335
f 1335 1319 1336
f 1319 1320 1336
f 1336 1320 1337
f 1320 1321 1337
f 1337 1321 1338
f 1321 1322 1338
f 1338 1322 1339
f 1322 1323 1339
f 1339 1323 1340
f 1323 1324 1340
f 1340 1324 1341
f 1324 1325 1341
f 1341 1325 1342
f 1325 1326 1342
f 1342 1326 1343
f 1326 1327 1343
f 1343 1327 1344
f 1327 1328 1344
f 1344 1328 1345
f 1328 1329 1345
f 1345 1329 1346
f 1329 1330 1346
f 204 203 307
f 203 308 307
f 307 308 1347
f 308 1331 1347
f 1347 1331 1348
f 1331 1332 1348
f 1348 1332 1349
f 1332 1333 1349
f 1349 1333 1350
f 1333 1334 1350
f 1350 1334 1351
f 1334 1335 1351
f 1351 1335 1352
f 1335 1336 1352
f 1352 1336 1353
f 1336 1337 1353
f 1353 1337 1354
f 1337 1338 1354
f 1354 1338 1355
f 1338 1339 1355
f 1355 1339 1356
f 1339 1340 1356
f 1356 1340 1357
f 1340 1341 1357
f 1357 1341 1358
f 1341 1342 1358
f 1358 1342 1359
f 1342 1343 1359
f 1359 1343 1360
f 1343 1344 1360
f 1360 1344 1361
f 1344 1345 1361
f 1361 1345 1362
f 1345 1346 1362
f 206 205 306
f 205 307 306
f 306 307 1363
f 307 1347 1363
f 1363 1347 1364
f 1347 1348 1364
f 1364 1348 1365
f 1348 1349 1365
f 1365 1349 1366
f 1349 1350 1366
f 1366 1350 1367
f 1350 1351 1367
f 1367 1351 1368
f 1351 1352 1368
f 1368 1352 1369
f 1352 1353 1369
f 1369 1353 1370
f 1353 1354 1370
f 1370 1354 1371
f 1354 1355 1371
f 1371 1355 1372
f 1355 1356 1372
f 1372 1356 1373
f 1356 1357 1373
f 1373 1357 1374
f 1357 1358 1374
f 1374 1358 1375
f 1358 1359 1375
f 1375 1359 1376
f 1359 1360 1376
f 1376 1360 1377
f 1360 1361 1377
f 1377 1361 1378
f 1361 1362 1378
f 208 207 305
f 207 306 305
f 305 306 1379
f 306 1363 1379
f 1379 1363 1380
f 1363 1364 1380
f 1380 1364 1381
f 1364 1365 1381
f 1381 1365 1382
f 1365 1366 1382
f 1382 1366 1383
f 1366 1367 1383
f 1383 1367 1384
f 1367 1368 1384
f 1384 1368 1385
f 1368 1369 1385
f 1385 1369 1386
f 1369 1370 1386
f 1386 1370 1387
f 1370 1371 1387
f 1387 1371 1388
f 1371 1372 1388
f 1388 1372 1389
f 1372 1373 1389
f 1389 1373 1390
f 1373 1374 1390
f 1390 1374 1391
f 1374 1375 1391
f 1391 1375 1392
f 1375 1376 1392
f 1392 1376 1393
f 1376 1377 1393
f 1393 1377 1394
f 1377 1378 1394
f 210 209 304
f 209 305 304
f 304 305 1395
f 305 1379 1395
f 1395 1379 1396
f 1379 1380 1396
f 1396 1380 1397
f 1380 1381 1397
f 1397 1381 1398
f 1381 1382 1398
f 1398 1382 1399
f 1382 1383 1399
f 1399 1383 1400
f 1383 1384 1400
f 1400 1384 1401
f 1384 1385 1401
f 1401 1385 1402
f 1385 1386 1402
f 1402 1386 1403
f 1386 1387 1403
f 1403 1387 1404
f 1387 1388 1404
f 1404 1388 1405
f 1388 1389 1405
f 1405 1389 1406
f 1389 1390 1406
f 1406 1390 1407
f 1390 1391 1407
f 1407 1391 1408
f 1391 1392 1408
f 1408 1392 1409
f 1392 1393 1409
f 1409 1393 1410
f 1393 1394 1410
f 212 211 303
f 211 304 303
f 303 304 1411
f 304 1395 1411
f 1411 1395 1412
f 1395 1396 1412
f 1412 1396 1413
f 1396 1397 1413
f 1413 1397 1414
f 1397 1398 1414
f 1414 1398 1415
f 1398 1399 1415
f 1415 1399 1416
f 1399 1400 1416
f 1416 1400 1417
f 1400 1401 1417
f 1417 1401 1418
f 1401 1402 1418
f 1418 1402 1419
f 1402 1403 1419
f 1419 1403 1420
f 1403 1404 1420
f 1420 1404 1421
f 1404 1405 1421
f 1421 1405 1422
f 1405 1406 1422
f 1422 1406 1423
f 1406 1407 1423
f 1423 1407 1424
f 1407 1408 1424
f 1424 1408 1425
f 1408 1409 1425
f 1425 1409 1426
f 1409 1410 1426
f 214 213 302
f 213 303 302
f 302 303 1427
f 303 1411 1427
f 1427 1411 1428
f 1411 1412 1428
f 1428 1412 1429
f 1412 1413 1429
f 1429 1413 1430
f 1413 1414 1430
f 1430 1414 1431
f 1414 1415 1431
f 1431 1415 1432
f 1415 1416 1432
f 1432 1416 1433
f 1416 1417 1433
f 1433 1417 1434
f 1417 1418 1434
f 1434 1418 1435
f 1418 1419 1435
f 1435 1419 1436
f 1419 1420 1436
f 1436 1420 1437
f 1420 1421 1437
f 1437 1421 1438
f 1421 1422 1438
f 1438 1422 1439
f 1422 1423 1439
f 1439 1423 1440
f 1423 1424 1440
f 1440 1424 1441
f 1424 1425 1441
f 1441 1425 1442
f 1425 1426 1442
f 216 215 301
f 215 302 301
f 301 302 1443
f 302 1427 1443
f 1443 1427 1444
f 1427 1428 1444
f 1444 1428 1445
f 1428 1429 1445
f 1445 1429 1446
f 1429 1430 1446
f 1446 1430 1447
f 1430 1431 1447
f 1447 1431 1448
f 1431 1432 1448
f 1448 1432 1449
f 1432 1433 1449
f 1449 1433 1450
f 1433 1434 1450
f 1450 1434 1451
f 1434 1435 1451
f 1451 1435 1452
f 1435 1436 1452
f 1452 1436 1453
f 1436 1437 1453
f 1453 1437 1454
f 1437 1438 1454
f 1454 1438 1455
f 1438 1439 1455
f 1455 1439 1456
f 1439 1440 1456
f 1456 1440 1457
f 1440 1441 1457
f 1457 1441 1458
f 1441 1442 1458
f 218 217 300
f 217 301 300
f 300 301 1459
f 301 1443 1459
f 1459 1443 1460
f 1443 1444 1460
f 1460 1444 1461
f 1444 1445 1461
f 1461 1445 1462
f 1445 1446 1462
f 1462 1446 1463
f 1446 1447 1463
f 1463 1447 1464
f 1447 1448 1464
f 1464 1448 1465
f 1448 1449 1465
f 1465 1449 1466
f 1449 1450 1466
f 1466 1450 1467
f 1450 1451 1467
f 1467 1451 1468
f 1451 1452 1468
f 1468 1452 1469
f 1452 1453 1469
f 1469 1453 1470
f 1453 1454 1470
f 1470 1454 1471
f 1454 1455 1471
f 1471 1455 1472
f 1455 1456 1472
f 1472 1456 1473
f 1456 1457 1473
f 1473 1457 1474
f 1457 1458 1474
f 220 219 299
f 219 300 299
f 299 300 1475
f 300 1459 1475
f 1475 1459 1476
f 1459 1460 1476
f 1476 1460 1477
f 1460 1461 1477
f 1477 1461 1478
f 1461 1462 1478
f 1478 1462 1479
f 1462 1463 1479
f 1479 1463 1480
f 1463 1464 1480
f 1480 1464 1481
f 1464 1465 1481
f 1481 1465 1482
f 1465 1466 1482
f 1482 1466 1483
f 1466 1467 1483
f 1483 1467 1484
f 1467 1468 1484
f 1484 1468 1485
f 1468 1469 1485
f 1485 1469 1486
f 1469 1470 1486
f 1486 1470 1487
f 1470 1471 1487
f 1487 1471 1488
f 1471 1472 1488
f 1488 1472 1489
f 1472 1473 1489
f 1489 1473 1490
f 1473 1474 1490
f 222 221 298
f 221 299 298
f 298 299 1491
f 299 1475 1491
f 1491 1475 1492
f 1475 1476 1492
f 1492 1476 1493
f 1476 1477 1493
f 1493 1477 1494
f 1477 1478 1494
f 1494 1478 1495
f 1478 1479 1495
f 1495 1479 1496
f 1479 1480 1496
f 1496 1480 1497
f 1480 1481 1497
f 1497 1481 1498
f 1481 1482 1498
f 1498 1482 1499
f 1482 1483 1499
f 1499 1483 1500
f 1483 1484 1500
f 1500 1484 1501
f 1484 1485 1501
f 1501 1485 1502
f 1485 1486 1502
f 1502 1486 1503
f 1486 1487 1503
f 1503 1487 1504
f 1487 1488 1504
f 1504 1488 1505
f 1488 1489 1505
f 1505 1489 1506
f 1489 1490 1506
f 224 223 297
f 223 298 297
f 297 298 1507
f 298 1491 1507
f 1507 1491 1508
f 1491 1492 1508
f 1508 1492 1509
f 1492 1493 1509
f 1509 1493 1510
f 1493 1494 1510
f 1510 1494 1511
f 1494 1495 1511
f 1511 1495 1512
f 1495 1496 1512
f 1512 1496 1513
f 1496 1497 1513
f 1513 1497 1514
f 1497 1498 1514
f 1514 1498 1515
f 1498 1499 1515
f 1515 1499 1516
f 1499 1500 1516
f 1516 1500 1517
f 1500 1501 1517
f 1517 1501 1518
f 1501 1502 1518
f 1518 1502 1519
f 1502 1503 1519
f 1519 1503 1520
f 1503 1504 1520
f 1520 1504 1521
f 1504 1505 1521
f 1521 1505 1522
f 1505 1506 1522
f 226 225 368
f 225 297 368
f 368 297 373
f 297 1507 373
f 373 1507 375
f 1507 1508 375
f 375 1508 377
f 1508 1509 377
f 377 1509 379
f 1509 1510 379
f 379 1510 381
f 1510 1511 381
f 381 1511 383
f 1511 1512 383
f 383 1512 385
f 1512 1513 385
f 385 1513 387
f 1513 1514 387
f 387 1514 389
f 1514 1515 389
f 389 1515 391
f 1515 1516 391
f 391 1516 393
f 1516 1517 393
f 393 1517 395
f 1517 1518 395
f 395 1518 397
f 1518 1519 397
f 397 1519 399
f 1519 1520 399
f 399 1520 401
f 1520 1521 401
f 401 1521 371
f 1521 1522 371
f 371 1522 369
f 1522 1506 369
f 369 1506 1523
f 1506 1490 1523
f 1523 1490 1524
f 1490 1474 1524
f 1524 1474 1525
f 1474 1458 1525
f 1525 1458 1526
f 1458 1442 1526
f 1526 1442 1527
f 1442 1426 1527
f 1527 1426 1528
f 1426 1410 1528
f 1528 1410 1529
f 1410 1394 1529
f 1529 1394 1530
f 1394 1378 1530
f 1530 1378 1531
f 1378 1362 1531
f 1531 1362 1532
f 1362 1346 1532
f 1532 1346 1533
f 1346 1330 1533
f 1533 1330 1534
f 1330 1314 1534
f 1534 1314 1535
f 1314 1298 1535
f 1535 1298 1536
f 1298 1282 1536
f 1536 1282 1537
f 1282 1266 1537
f 1537 1266 1538
f 1266 1250 1538
f 1538 1250 1539
f 1250 1234 1539
f 1539 1234 1540
f 1234 1218 1540
f 1540 1218 1541
f 1218 1202 1541
f 1541 1202 1542
f 1202 1186 1542
f 1542 1186 1543
f 1186 1170 1543
f 1543 1170 1544
f 1170 1154 1544
f 1544 1154 1545
f 1154 1138 1545
f 1545 1138 1546
f 1138 1122 1546
f 1546 1122 1547
f 1122 1106 1547
f 1547 1106 1548
f 1106 1090 1548
f 1548 1090 1549
f 1090 1074 1549
f 1549 1074 1550
f 1074 1058 1550
f 1550 1058 1551
f 1058 1042 1551
f 1551 1042 1552
f 1042 1026 1552
f 1552 1026 1553
f 1026 1010 1553
f 1553 1010 1554
f 1010 994 1554
f 1554 994 1555
f 994 978 1555
f 1555 978 1556
f 978 962 1556
f 1556 962 1557
f 962 946 1557
f 1557 946 1558
f 946 930 1558
f 1558 930 1559
f 930 914 1559
f 1559 914 1560
f 914 898 1560
f 1560 898 1561
f 898 882 1561
f 1561 882 1562
f 882 866 1562
f 1562 866 1563
f 866 850 1563
f 1563 850 1564
f 850 834 1564
f 1564 834 1565
f 834 818 1565
f 1565 818 1566
f 818 802 1566
f 1566 802 1567
f 802 786 1567
f 1567 786 1568
f 786 770 1568
f 1568 770 1569
f 770 754 1569
f 1569 754 1570
f 754 738 1570
f 1570 738 1571
f 738 722 1571
f 1571 722 1572
f 722 706 1572
f 1572 706 1573
f 706 690 1573
f 1573 690 1574
f 690 674 1574
f 1574 674 1575
f 674 658 1575
f 1575 658 1576
f 658 642 1576
f 1576 642 1577
f 642 626 1577
f 1577 626 1578
f 626 610 1578
f 1578 610 1579
f 610 594 1579
f 1579 594 1580
f 594 578 1580
f 1580 578 1581
f 578 562 1581
f 1581 562 1582
f 562 546 1582
f 1582 546 1583
f 546 530 1583
f 1583 530 1584
f 530 514 1584
f 1584 514 1585
f 514 498 1585
f 1585 498 1586
f 498 482 1586
f 1586 482 1587
f 482 466 1587
f 1587 466 1588
f 466 450 1588
f 1588 450 1589
f 450 434 1589
f 1589 434 1590
f 434 418 1590
f 1590 418 1591
f 418 402 1591
f 1591 402 1592
f 402 371 1592
f 1592 371 1593
f 371 370 1593
f 1594 1595 1592
f 1596 1597 1539
f 1597 1598 1539
f 1598 1599 1539
f 1599 1600 1539
f 1539 1600 1601
f 1602 1603 1528
f 1604 1605 1606
f 1607 1590 1608
f 1590 1591 1608
f 1609 1610 1611
f 1612 1613 1609
f 1613 1614 1609
f 1525 1526 1615
f 1615 1616 1525
f 1616 1617 1525
f 1525 1617 1524
f 1618 1523 1619
f 1523 1524 1619
f 1619 1524 1620
f 1524 1617 1620
f 1618 1621 1523
f 1621 1622 1523
f 1523 1622 369
f 1592 1595 1591
f 1595 1623 1591
f 1591 1623 1608
f 1596 1539 1624
f 1539 1540 1624
f 1624 1540 1625
f 1626 1627 1601
f 1628 1629 1539
f 1629 1630 1539
f 1539 1630 1631
f 1632 1633 1634
f 1633 1635 1634
f 1634 1635 1636
f 1611 1637 1609
f 1637 1638 1609
f 1609 1638 1612
f 1639 1640 1609
f 1640 1641 1609
f 1609 1641 1610
f 1642 1643 1576
f 1559 1644 1645
f 1627 1646 1601
f 1646 1647 1601
f 1601 1647 1539
f 1647 1648 1539
f 1539 1648 1649
f 1649 1650 1539
f 1650 1651 1539
f 1539 1651 1628
f 1626 1601 1652
f 1601 1653 1652
f 1652 1653 1654
f 1653 1655 1654
f 1654 1655 1656
f 1655 1657 1656
f 1656 1657 1632
f 1657 1658 1632
f 1632 1658 1633
f 1635 1659 1636
f 1659 1660 1636
f 1636 1660 1614
f 1660 1661 1614
f 1614 1661 1609
f 1528 1603 1527
f 1603 1662 1527
f 1527 1662 1526
f 1662 1663 1526
f 1526 1663 1615
f 1622 1664 369
f 1664 1665 369
f 369 1665 370
f 1665 1666 370
f 1666 1667 370
f 370 1667 1593
f 1667 1668 1593
f 1593 1668 1592
f 1668 1669 1592
f 1592 1669 1594
f 1607 1670 1590
f 1670 1671 1590
f 1590 1671 1589
f 1559 1645 1558
f 1672 1673 1554
f 1606 1605 1674
f 1675 1676 1677
f 1678 1679 1680
f 1679 1681 1680
f 1560 1682 1559
f 1682 1683 1559
f 1559 1683 1644
f 1554 1673 1553
f 1631 1684 1539
f 1684 1685 1539
f 1539 1685 1686
f 1687 1688 1679
f 1688 1689 1679
f 1679 1689 1690
f 1690 1691 1679
f 1691 1692 1679
f 1679 1692 1681
f 1561 1562 1693
f 1605 1694 1674
f 1694 1695 1674
f 1674 1695 1696
f 1695 1697 1696
f 1696 1697 1698
f 1697 1699 1698
f 1699 1700 1698
f 1698 1700 1677
f 1700 1701 1677
f 1677 1701 1675
f 1702 1703 1704
f 1703 1705 1704
f 1704 1705 1706
f 1705 1707 1706
f 1686 1708 1539
f 1708 1709 1539
f 1539 1709 1710
f 1711 1712 1579
f 1712 1713 1579
f 1579 1713 1714
f 1572 1573 1715
f 1716 1557 1717
f 1557 1558 1717
f 1717 1558 1718
f 1558 1645 1718
f 1719 1556 1720
f 1556 1557 1720
f 1720 1557 1721
f 1557 1716 1721
f 1555 1722 1554
f 1722 1723 1554
f 1554 1723 1672
f 1724 1725 1675
f 1725 1726 1675
f 1671 1727 1589
f 1727 1728 1589
f 1589 1728 1588
f 1728 1729 1588
f 1588 1729 1587
f 1679 1730 1687
f 1730 1731 1687
f 1687 1731 1606
f 1731 1732 1606
f 1606 1732 1604
f 1564 1733 1563
f 1733 1734 1563
f 1563 1734 1562
f 1734 1735 1562
f 1562 1735 1693
f 1693 1736 1561
f 1736 1737 1561
f 1561 1737 1560
f 1737 1738 1560
f 1560 1738 1682
f 1719 1739 1556
f 1739 1740 1556
f 1556 1740 1555
f 1740 1741 1555
f 1555 1741 1722
f 1707 1705 1675
f 1705 1742 1675
f 1675 1742 1724
f 1726 1743 1675
f 1743 1744 1675
f 1675 1744 1676
f 1710 1745 1539
f 1745 1746 1539
f 1539 1746 1703
f 1729 1747 1587
f 1747 1748 1587
f 1587 1748 1586
f 1748 1749 1586
f 1586 1749 1585
f 1749 1750 1585
f 1585 1750 1584
f 1750 1751 1584
f 1584 1751 1583
f 1751 1752 1583
f 1583 1752 1582
f 1752 1753 1582
f 1582 1753 1581
f 1753 1754 1581
f 1581 1754 1580
f 1754 1755 1580
f 1580 1755 1579
f 1755 1756 1579
f 1579 1756 1757
f 1758 1759 1579
f 1759 1760 1579
f 1579 1760 1711
f 1715 1573 1761
f 1573 1574 1761
f 1761 1574 1643
f 1574 1575 1643
f 1643 1575 1576
f 1572 1715 1571
f 1715 1762 1571
f 1571 1762 1570
f 1762 1763 1570
f 1570 1763 1569
f 1763 1764 1569
f 1569 1764 1568
f 1764 1765 1568
f 1568 1765 1567
f 1765 1766 1567
f 1567 1766 1566
f 1766 1767 1566
f 1566 1767 1565
f 1767 1768 1565
f 1565 1768 1564
f 1768 1769 1564
f 1564 1769 1733
f 1770 1537 1771
f 1537 1538 1771
f 1771 1538 1772
f 1538 1539 1772
f 1772 1539 1773
f 1539 1703 1773
f 1773 1703 1774
f 1703 1702 1774
f 1602 1528 1775
f 1528 1529 1775
f 1775 1529 1776
f 1529 1530 1776
f 1776 1530 1777
f 1530 1531 1777
f 1777 1531 1778
f 1531 1532 1778
f 1778 1532 1779
f 1532 1533 1779
f 1779 1533 1780
f 1533 1534 1780
f 1780 1534 1781
f 1534 1535 1781
f 1781 1535 1770
f 1535 1536 1770
f 1770 1536 1537
f 1757 1782 1579
f 1782 1783 1579
f 1579 1783 1784
f 1785 1786 1579
f 1786 1787 1579
f 1579 1787 1758
f 1714 1788 1579
f 1788 1789 1579
f 1579 1789 1790
f 1540 1541 1625
f 1541 1542 1625
f 1625 1542 1791
f 1542 1543 1791
f 1791 1543 1792
f 1543 1544 1792
f 1792 1544 1793
f 1544 1545 1793
f 1793 1545 1794
f 1545 1546 1794
f 1794 1546 1795
f 1546 1547 1795
f 1795 1547 1796
f 1547 1548 1796
f 1796 1548 1797
f 1548 1549 1797
f 1797 1549 1798
f 1549 1550 1798
f 1798 1550 1799
f 1550 1551 1799
f 1785 1579 1800
f 1579 1784 1800
f 1800 1784 1678
f 1784 1801 1678
f 1678 1801 1679
f 1576 1577 1642
f 1577 1578 1642
f 1642 1578 1802
f 1578 1579 1802
f 1802 1579 1803
f 1579 1790 1803
f 1803 1790 1804
f 1790 1640 1804
f 1804 1640 1805
f 1640 1639 1805
f 1673 1806 1553
f 1806 1807 1553
f 1553 1807 1552
f 1807 1808 1552
f 1552 1808 1551
f 1808 1809 1551
f 1551 1809 1799
f 1632 1634 1810
f 1810 1811 1632
f 1811 1812 1632
f 1632 1812 1656
f 1812 1813 1656
f 1813 1814 1656
f 1656 1814 1654
f 1814 1815 1654
f 1815 1816 1654
f 1654 1816 1652
f 1816 1817 1652
f 1817 1818 1652
f 1652 1818 1626
f 1818 1819 1626
f 1819 1820 1626
f 1626 1820 1627
f 1820 1821 1627
f 1821 1822 1627
f 1627 1822 1646
f 1822 1823 1646
f 1823 1824 1646
f 1646 1824 1647
f 1824 1825 1647
f 1825 1826 1647
f 1647 1826 1648
f 1826 1827 1648
f 1827 1828 1648
f 1648 1828 1649
f 1828 1829 1649
f 1829 1830 1649
f 1649 1830 1650
f 1830 1831 1650
f 1831 1832 1650
f 1650 1832 1651
f 1832 1833 1651
f 1833 1834 1651
f 1651 1834 1628
f 1834 1835 1628
f 1835 1836 1628
f 1628 1836 1629
f 1836 1837 1629
f 1837 1838 1629
f 1629 1838 1630
f 1838 1839 1630
f 1839 1840 1630
f 1630 1840 1631
f 1840 1841 1631
f 1841 1842 1631
f 1631 1842 1684
f 1842 1843 1684
f 1843 1844 1684
f 1684 1844 1685
f 1844 1845 1685
f 1845 1846 1685
f 1685 1846 1686
f 1846 1847 1686
f 1847 1848 1686
f 1686 1848 1708
f 1848 1849 1708
f 1849 1850 1708
f 1708 1850 1709
f 1850 1851 1709
f 1851 1852 1709
f 1709 1852 1710
f 1852 1853 1710
f 1853 1854 1710
f 1710 1854 1745
f 1854 1855 1745
f 1855 1856 1745
f 1745 1856 1746
f 1856 1857 1746
f 1857 1858 1746
f 1746 1858 1703
f 1858 1859 1703
f 1859 1860 1703
f 1703 1860 1705
f 1860 1861 1705
f 1861 1862 1705
f 1705 1862 1742
f 1862 1863 1742
f 1863 1864 1742
f 1742 1864 1724
f 1864 1865 1724
f 1865 1866 1724
f 1724 1866 1725
f 1866 1867 1725
f 1867 1868 1725
f 1725 1868 1726
f 1868 1869 1726
f 1869 1870 1726
f 1726 1870 1743
f 1870 1871 1743
f 1871 1872 1743
f 1743 1872 1744
f 1872 1873 1744
f 1873 1874 1744
f 1744 1874 1676
f 1874 1875 1676
f 1875 1876 1676
f 1676 1876 1677
f 1876 1877 1677
f 1877 1878 1677
f 1677 1878 1698
f 1878 1879 1698
f 1879 1880 1698
f 1698 1880 1696
f 1880 1881 1696
f 1881 1882 1696
f 1696 1882 1674
f 1882 1883 1674
f 1883 1884 1674
f 1674 1884 1606
f 1884 1885 1606
f 1885 1886 1606
f 1606 1886 1687
f 1886 1887 1687
f 1887 1888 1687
f 1687 1888 1688
f 1888 1889 1688
f 1889 1890 1688
f 1688 1890 1689
f 1890 1891 1689
f 1891 1892 1689
f 1689 1892 1690
f 1892 1893 1690
f 1893 1894 1690
f 1690 1894 1691
f 1894 1895 1691
f 1895 1896 1691
f 1691 1896 1692
f 1896 1897 1692
f 1897 1898 1692
f 1692 1898 1681
f 1898 1899 1681
f 1899 1900 1681
f 1681 1900 1680
f 1900 1901 1680
f 1901 1902 1680
f 1680 1902 1678
f 1902 1903 1678
f 1903 1904 1678
f 1678 1904 1800
f 1904 1905 1800
f 1905 1906 1800
f 1800 1906 1785
f 1906 1907 1785
f 1907 1908 1785
f 1785 1908 1786
f 1908 1909 1786
f 1909 1910 1786
f 1786 1910 1787
f 1910 1911 1787
f 1911 1912 1787
f 1787 1912 1758
f 1912 1913 1758
f 1913 1914 1758
f 1758 1914 1759
f 1914 1915 1759
f 1915 1916 1759
f 1759 1916 1760
f 1916 1917 1760
f 1917 1918 1760
f 1760 1918 1711
f 1918 1919 1711
f 1919 1920 1711
f 1711 1920 1712
f 1920 1921 1712
f 1921 1922 1712
f 1712 1922 1713
f 1922 1923 1713
f 1923 1924 1713
f 1713 1924 1714
f 1924 1925 1714
f 1925 1926 1714
f 1714 1926 1788
f 1926 1927 1788
f 1927 1928 1788
f 1788 1928 1789
f 1928 1929 1789
f 1929 1930 1789
f 1789 1930 1790
f 1930 1931 1790
f 1931 1932 1790
f 1790 1932 1640
f 1932 1933 1640
f 1933 1934 1640
f 1640 1934 1641
f 1934 1935 1641
f 1935 1936 1641
f 1641 1936 1610
f 1936 1937 1610
f 1937 1938 1610
f 1610 1938 1611
f 1938 1939 1611
f 1939 1940 1611
f 1611 1940 1637
f 1940 1941 1637
f 1941 1942 1637
f 1637 1942 1638
f 1942 1943 1638
f 1943 1944 1638
f 1638 1944 1612
f 1944 1945 1612
f 1945 1946 1612
f 1612 1946 1613
f 1946 1947 1613
f 1947 1948 1613
f 1613 1948 1614
f 1948 1949 1614
f 1949 1950 1614
f 1614 1950 1636
f 1950 1951 1636
f 1951 1952 1636
f 1636 1952 1634
f 1952 1953 1634
f 1634 1953 1810
f 1954 1955 1956
f 1957 1958 1955
f 1959 1960 1958
f 1961 1962 1960
f 1963 1964 1962
f 1965 1966 1964
f 1967 1968 1966
f 1969 1970 1968
f 1971 1972 1970
f 1973 1974 1972
f 1975 1976 1974
f 1977 1978 1976
f 1979 1980 1978
f 1981 1982 1980
f 1983 1984 1982
f 1985 1986 1984
f 1987 1988 1986
f 1989 1990 1988
f 1991 1992 1990
f 1993 1994 1992
f 1995 1996 1994
f 1997 1998 1996
f 1999 2000 1998
f 2001 2002 2000
f 2003 2004 2002
f 2005 2006 2004
f 2007 2008 2006
f 2009 2010 2008
f 2011 2012 2010
f 2013 2014 2012
f 2015 2016 2014
f 2017 2018 2016
f 2019 2020 2018
f 2021 2022 2020
f 2023 2024 2022
f 2025 2026 2024
f 2027 2028 2026
f 2029 2030 2028
f 2031 2032 2030
f 2033 2034 2032
f 2035 2036 2034
f 2037 2038 2036
f 2039 2040 2038
f 2041 2042 2040
f 2043 2044 2042
f 2045 2046 2044
f 2047 2048 2046
f 2049 2050 2048
f 2051 2052 2050
f 2053 2054 2052
f 2055 2056 2054
f 2057 2058 2056
f 2059 2060 2058
f 2061 2062 2063
f 2064 2065 2062
f 2066 2067 2065
f 2068 2069 2067
f 2070 2071 2069
f 2072 2073 2071
f 2074 2075 2073
f 2076 2077 2075
f 2078 2079 2077
f 2080 2081 2079
f 2082 2083 2081
f 2084 2085 2083
f 2086 2087 2085
f 2088 2089 2087
f 2090 2091 2089
f 2092 2093 2091
f 2094 2095 2093
f 2096 1956 2095
f 2062 2061 2064
f 2061 2097 2064
f 2064 2097 2098
f 2097 2099 2098
f 2098 2099 2100
f 2099 2101 2100
f 2100 2101 2102
f 2101 2103 2102
f 2102 2103 2104
f 2103 2105 2104
f 2104 2105 2106
f 2105 2107 2106
f 2106 2107 2108
f 2107 2109 2108
f 2108 2109 2110
f 2109 2111 2110
f 2110 2111 2112
f 2111 2113 2112
f 2112 2113 2114
f 2113 2115 2114
f 2114 2115 2116
f 2115 2117 2116
f 2116 2117 2118
f 2117 2119 2118
f 2118 2119 2120
f 2119 2121 2120
f 2120 2121 2122
f 2121 2123 2122
f 2122 2123 2124
f 2123 2125 2124
f 2124 2125 2126
f 2125 2127 2126
f 2126 2127 2128
f 2129 1886 1885
f 1885 2127 2129
f 2127 2125 2129
f 2129 2125 2130
f 2125 2123 2130
f 2130 2123 2131
f 2123 2121 2131
f 2131 2121 2132
f 2121 2119 2132
f 2132 2119 2133
f 2119 2117 2133
f 2133 2117 2134
f 2117 2115 2134
f 2134 2115 2135
f 2115 2113 2135
f 2135 2113 2136
f 2113 2111 2136
f 2136 2111 2137
f 2111 2109 2137
f 2137 2109 2138
f 2109 2107 2138
f 2138 2107 2139
f 2107 2105 2139
f 2139 2105 2140
f 2105 2103 2140
f 2140 2103 2141
f 2103 2101 2141
f 2141 2101 2142
f 2101 2099 2142
f 2142 2099 2143
f 2099 2097 2143
f 2143 2097 2144
f 2097 2061 2144
f 2144 2061 2145
f 2061 2063 2145
f 2145 2063 2060
f 2146 1888 1887
f 2060 2059 2145
f 2059 2147 2145
f 2145 2147 2144
f 2147 2148 2144
f 2144 2148 2143
f 2148 2149 2143
f 2143 2149 2142
f 2149 2150 2142
f 2142 2150 2141
f 2150 2151 2141
f 2141 2151 2140
f 2151 2152 2140
f 2140 2152 2139
f 2152 2153 2139
f 2139 2153 2138
f 2153 2154 2138
f 2138 2154 2137
f 2154 2155 2137
f 2137 2155 2136
f 2155 2156 2136
f 2136 2156 2135
f 2156 2157 2135
f 2135 2157 2134
f 2157 2158 2134
f 2134 2158 2133
f 2158 2159 2133
f 2133 2159 2132
f 2159 2160 2132
f 2132 2160 2131
f 2160 2161 2131
f 2131 2161 2130
f 2161 2146 2130
f 2130 2146 2129
f 2146 1887 2129
f 2129 1887 1886
f 2162 1890 1889
f 2058 2057 2059
f 2057 2163 2059
f 2059 2163 2147
f 2163 2164 2147
f 2147 2164 2148
f 2164 2165 2148
f 2148 2165 2149
f 2165 2166 2149
f 2149 2166 2150
f 2166 2167 2150
f 2150 2167 2151
f 2167 2168 2151
f 2151 2168 2152
f 2168 2169 2152
f 2152 2169 2153
f 2169 2170 2153
f 2153 2170 2154
f 2170 2171 2154
f 2154 2171 2155
f 2171 2172 2155
f 2155 2172 2156
f 2172 2173 2156
f 2156 2173 2157
f 2173 2174 2157
f 2157 2174 2158
f 2174 2175 2158
f 2158 2175 2159
f 2175 2176 2159
f 2159 2176 2160
f 2176 2177 2160
f 2160 2177 2161
f 2177 2162 2161
f 2161 2162 2146
f 2162 1889 2146
f 2146 1889 1888
f 2178 1892 1891
f 2056 2055 2057
f 2055 2179 2057
f 2057 2179 2163
f 2179 2180 2163
f 2163 2180 2164
f 2180 2181 2164
f 2164 2181 2165
f 2181 2182 2165
f 2165 2182 2166
f 2182 2183 2166
f 2166 2183 2167
f 2183 2184 2167
f 2167 2184 2168
f 2184 2185 2168
f 2168 2185 2169
f 2185 2186 2169
f 2169 2186 2170
f 2186 2187 2170
f 2170 2187 2171
f 2187 2188 2171
f 2171 2188 2172
f 2188 2189 2172
f 2172 2189 2173
f 2189 2190 2173
f 2173 2190 2174
f 2190 2191 2174
f 2174 2191 2175
f 2191 2192 2175
f 2175 2192 2176
f 2192 2193 2176
f 2176 2193 2177
f 2193 2178 2177
f 2177 2178 2162
f 2178 1891 2162
f 2162 1891 1890
f 2194 1894 1893
f 2054 2053 2055
f 2053 2195 2055
f 2055 2195 2179
f 2195 2196 2179
f 2179 2196 2180
f 2196 2197 2180
f 2180 2197 2181
f 2197 2198 2181
f 2181 2198 2182
f 2198 2199 2182
f 2182 2199 2183
f 2199 2200 2183
f 2183 2200 2184
f 2200 2201 2184
f 2184 2201 2185
f 2201 2202 2185
f 2185 2202 2186
f 2202 2203 2186
f 2186 2203 2187
f 2203 2204 2187
f 2187 2204 2188
f 2204 2205 2188
f 2188 2205 2189
f 2205 2206 2189
f 2189 2206 2190
f 2206 2207 2190
f 2190 2207 2191
f 2207 2208 2191
f 2191 2208 2192
f 2208 2209 2192
f 2192 2209 2193
f 2209 2194 2193
f 2193 2194 2178
f 2194 1893 2178
f 2178 1893 1892
f 2210 1896 1895
f 2052 2051 2053
f 2051 2211 2053
f 2053 2211 2195
f 2211 2212 2195
f 2195 2212 2196
f 2212 2213 2196
f 2196 2213 2197
f 2213 2214 2197
f 2197 2214 2198
f 2214 2215 2198
f 2198 2215 2199
f 2215 2216 2199
f 2199 2216 2200
f 2216 2217 2200
f 2200 2217 2201
f 2217 2218 2201
f 2201 2218 2202
f 2218 2219 2202
f 2202 2219 2203
f 2219 2220 2203
f 2203 2220 2204
f 2220 2221 2204
f 2204 2221 2205
f 2221 2222 2205
f 2205 2222 2206
f 2222 2223 2206
f 2206 2223 2207
f 2223 2224 2207
f 2207 2224 2208
f 2224 2225 2208
f 2208 2225 2209
f 2225 2210 2209
f 2209 2210 2194
f 2210 1895 2194
f 2194 1895 1894
f 2226 1898 1897
f 2050 2049 2051
f 2049 2227 2051
f 2051 2227 2211
f 2227 2228 2211
f 2211 2228 2212
f 2228 2229 2212
f 2212 2229 2213
f 2229 2230 2213
f 2213 2230 2214
f 2230 2231 2214
f 2214 2231 2215
f 2231 2232 2215
f 2215 2232 2216
f 2232 2233 2216
f 2216 2233 2217
f 2233 2234 2217
f 2217 2234 2218
f 2234 2235 2218
f 2218 2235 2219
f 2235 2236 2219
f 2219 2236 2220
f 2236 2237 2220
f 2220 2237 2221
f 2237 2238 2221
f 2221 2238 2222
f 2238 2239 2222
f 2222 2239 2223
f 2239 2240 2223
f 2223 2240 2224
f 2240 2241 2224
f 2224 2241 2225
f 2241 2226 2225
f 2225 2226 2210
f 2226 1897 2210
f 2210 1897 1896
f 2242 1900 1899
f 2048 2047 2049
f 2047 2243 2049
f 2049 2243 2227
f 2243 2244 2227
f 2227 2244 2228
f 2244 2245 2228
f 2228 2245 2229
f 2245 2246 2229
f 2229 2246 2230
f 2246 2247 2230
f 2230 2247 2231
f 2247 2248 2231
f 2231 2248 2232
f 2248 2249 2232
f 2232 2249 2233
f 2249 2250 2233
f 2233 2250 2234
f 2250 2251 2234
f 2234 2251 2235
f 2251 2252 2235
f 2235 2252 2236
f 2252 2253 2236
f 2236 2253 2237
f 2253 2254 2237
f 2237 2254 2238
f 2254 2255 2238
f 2238 2255 2239
f 2255 2256 2239
f 2239 2256 2240
f 2256 2257 2240
f 2240 2257 2241
f 2257 2242 2241
f 2241 2242 2226
f 2242 1899 2226
f 2226 1899 1898
f 2258 1902 1901
f 2046 2045 2047
f 2045 2259 2047
f 2047 2259 2243
f 2259 2260 2243
f 2243 2260 2244
f 2260 2261 2244
f 2244 2261 2245
f 2261 2262 2245
f 2245 2262 2246
f 2262 2263 2246
f 2246 2263 2247
f 2263 2264 2247
f 2247 2264 2248
f 2264 2265 2248
f 2248 2265 2249
f 2265 2266 2249
f 2249 2266 2250
f 2266 2267 2250
f 2250 2267 2251
f 2267 2268 2251
f 2251 2268 2252
f 2268 2269 2252
f 2252 2269 2253
f 2269 2270 2253
f 2253 2270 2254
f 2270 2271 2254
f 2254 2271 2255
f 2271 2272 2255
f 2255 2272 2256
f 2272 2273 2256
f 2256 2273 2257
f 2273 2258 2257
f 2257 2258 2242
f 2258 1901 2242
f 2242 1901 1900
f 2274 1904 1903
f 2044 2043 2045
f 2043 2275 2045
f 2045 2275 2259
f 2275 2276 2259
f 2259 2276 2260
f 2276 2277 2260
f 2260 2277 2261
f 2277 2278 2261
f 2261 2278 2262
f 2278 2279 2262
f 2262 2279 2263
f 2279 2280 2263
f 2263 2280 2264
f 2280 2281 2264
f 2264 2281 2265
f 2281 2282 2265
f 2265 2282 2266
f 2282 2283 2266
f 2266 2283 2267
f 2283 2284 2267
f 2267 2284 2268
f 2284 2285 2268
f 2268 2285 2269
f 2285 2286 2269
f 2269 2286 2270
f 2286 2287 2270
f 2270 2287 2271
f 2287 2288 2271
f 2271 2288 2272
f 2288 2289 2272
f 2272 2289 2273
f 2289 2274 2273
f 2273 2274 2258
f 2274 1903 2258
f 2258 1903 1902
f 2290 1906 1905
f 2042 2041 2043
f 2041 2291 2043
f 2043 2291 2275
f 2291 2292 2275
f 2275 2292 2276
f 2292 2293 2276
f 2276 2293 2277
f 2293 2294 2277
f 2277 2294 2278
f 2294 2295 2278
f 2278 2295 2279
f 2295 2296 2279
f 2279 2296 2280
f 2296 2297 2280
f 2280 2297 2281
f 2297 2298 2281
f 2281 2298 2282
f 2298 2299 2282
f 2282 2299 2283
f 2299 2300 2283
f 2283 2300 2284
f 2300 2301 2284
f 2284 2301 2285
f 2301 2302 2285
f 2285 2302 2286
f 2302 2303 2286
f 2286 2303 2287
f 2303 2304 2287
f 2287 2304 2288
f 2304 2305 2288
f 2288 2305 2289
f 2305 2290 2289
f 2289 2290 2274
f 2290 1905 2274
f 2274 1905 1904
f 2306 1908 1907
f 2040 2039 2041
f 2039 2307 2041
f 2041 2307 2291
f 2307 2308 2291
f 2291 2308 2292
f 2308 2309 2292
f 2292 2309 2293
f 2309 2310 2293
f 2293 2310 2294
f 2310 2311 2294
f 2294 2311 2295
f 2311 2312 2295
f 2295 2312 2296
f 2312 2313 2296
f 2296 2313 2297
f 2313 2314 2297
f 2297 2314 2298
f 2314 2315 2298
f 2298 2315 2299
f 2315 2316 2299
f 2299 2316 2300
f 2316 2317 2300
f 2300 2317 2301
f 2317 2318 2301
f 2301 2318 2302
f 2318 2319 2302
f 2302 2319 2303
f 2319 2320 2303
f 2303 2320 2304
f 2320 2321 2304
f 2304 2321 2305
f 2321 2306 2305
f 2305 2306 2290
f 2306 1907 2290
f 2290 1907 1906
f 2322 1910 1909
f 2038 2037 2039
f 2037 2323 2039
f 2039 2323 2307
f 2323 2324 2307
f 2307 2324 2308
f 2324 2325 2308
f 2308 2325 2309
f 2325 2326 2309
f 2309 2326 2310
f 2326 2327 2310
f 2310 2327 2311
f 2327 2328 2311
f 2311 2328 2312
f 2328 2329 2312
f 2312 2329 2313
f 2329 2330 2313
f 2313 2330 2314
f 2330 2331 2314
f 2314 2331 2315
f 2331 2332 2315
f 2315 2332 2316
f 2332 2333 2316
f 2316 2333 2317
f 2333 2334 2317
f 2317 2334 2318
f 2334 2335 2318
f 2318 2335 2319
f 2335 2336 2319
f 2319 2336 2320
f 2336 2337 2320
f 2320 2337 2321
f 2337 2322 2321
f 2321 2322 2306
f 2322 1909 2306
f 2306 1909 1908
f 2338 1912 1911
f 2036 2035 2037
f 2035 2339 2037
f 2037 2339 2323
f 2339 2340 2323
f 2323 2340 2324
f 2340 2341 2324
f 2324 2341 2325
f 2341 2342 2325
f 2325 2342 2326
f 2342 2343 2326
f 2326 2343 2327
f 2343 2344 2327
f 2327 2344 2328
f 2344 2345 2328
f 2328 2345 2329
f 2345 2346 2329
f 2329 2346 2330
f 2346 2347 2330
f 2330 2347 2331
f 2347 2348 2331
f 2331 2348 2332
f 2348 2349 2332
f 2332 2349 2333
f 2349 2350 2333
f 2333 2350 2334
f 2350 2351 2334
f 2334 2351 2335
f 2351 2352 2335
f 2335 2352 2336
f 2352 2353 2336
f 2336 2353 2337
f 2353 2338 2337
f 2337 2338 2322
f 2338 1911 2322
f 2322 1911 1910
f 2354 1914 1913
f 2034 2033 2035
f 2033 2355 2035
f 2035 2355 2339
f 2355 2356 2339
f 2339 2356 2340
f 2356 2357 2340
f 2340 2357 2341
f 2357 2358 2341
f 2341 2358 2342
f 2358 2359 2342
f 2342 2359 2343
f 2359 2360 2343
f 2343 2360 2344
f 2360 2361 2344
f 2344 2361 2345
f 2361 2362 2345
f 2345 2362 2346
f 2362 2363 2346
f 2346 2363 2347
f 2363 2364 2347
f 2347 2364 2348
f 2364 2365 2348
f 2348 2365 2349
f 2365 2366 2349
f 2349 2366 2350
f 2366 2367 2350
f 2350 2367 2351
f 2367 2368 2351
f 2351 2368 2352
f 2368 2369 2352
f 2352 2369 2353
f 2369 2354 2353
f 2353 2354 2338
f 2354 1913 2338
f 2338 1913 1912
f 2370 1916 1915
f 2032 2031 2033
f 2031 2371 2033
f 2033 2371 2355
f 2371 2372 2355
f 2355 2372 2356
f 2372 2373 2356
f 2356 2373 2357
f 2373 2374 2357
f 2357 2374 2358
f 2374 2375 2358
f 2358 2375 2359
f 2375 2376 2359
f 2359 2376 2360
f 2376 2377 2360
f 2360 2377 2361
f 2377 2378 2361
f 2361 2378 2362
f 2378 2379 2362
f 2362 2379 2363
f 2379 2380 2363
f 2363 2380 2364
f 2380 2381 2364
f 2364 2381 2365
f 2381 2382 2365
f 2365 2382 2366
f 2382 2383 2366
f 2366 2383 2367
f 2383 2384 2367
f 2367 2384 2368
f 2384 2385 2368
f 2368 2385 2369
f 2385 2370 2369
f 2369 2370 2354
f 2370 1915 2354
f 2354 1915 1914
f 2386 1918 1917
f 2030 2029 2031
f 2029 2387 2031
f 2031 2387 2371
f 2387 2388 2371
f 2371 2388 2372
f 2388 2389 2372
f 2372 2389 2373
f 2389 2390 2373
f 2373 2390 2374
f 2390 2391 2374
f 2374 2391 2375
f 2391 2392 2375
f 2375 2392 2376
f 2392 2393 2376
f 2376 2393 2377
f 2393 2394 2377
f 2377 2394 2378
f 2394 2395 2378
f 2378 2395 2379
f 2395 2396 2379
f 2379 2396 2380
f 2396 2397 2380
f 2380 2397 2381
f 2397 2398 2381
f 2381 2398 2382
f 2398 2399 2382
f 2382 2399 2383
f 2399 2400 2383
f 2383 2400 2384
f 2400 2401 2384
f 2384 2401 2385
f 2401 2386 2385
f 2385 2386 2370
f 2386 1917 2370
f 2370 1917 1916
f 2402 1920 1919
f 2028 2027 2029
f 2027 2403 2029
f 2029 2403 2387
f 2403 2404 2387
f 2387 2404 2388
f 2404 2405 2388
f 2388 2405 2389
f 2405 2406 2389
f 2389 2406 2390
f 2406 2407 2390
f 2390 2407 2391
f 2407 2408 2391
f 2391 2408 2392
f 2408 2409 2392
f 2392 2409 2393
f 2409 2410 2393
f 2393 2410 2394
f 2410 2411 2394
f 2394 2411 2395
f 2411 2412 2395
f 2395 2412 2396
f 2412 2413 2396
f 2396 2413 2397
f 2413 2414 2397
f 2397 2414 2398
f 2414 2415 2398
f 2398 2415 2399
f 2415 2416 2399
f 2399 2416 2400
f 2416 2417 2400
f 2400 2417 2401
f 2417 2402 2401
f 2401 2402 2386
f 2402 1919 2386
f 2386 1919 1918
f 2418 1922 1921
f 2026 2025 2027
f 2025 2419 2027
f 2027 2419 2403
f 2419 2420 2403
f 2403 2420 2404
f 2420 2421 2404
f 2404 2421 2405
f 2421 2422 2405
f 2405 2422 2406
f 2422 2423 2406
f 2406 2423 2407
f 2423 2424 2407
f 2407 2424 2408
f 2424 2425 2408
f 2408 2425 2409
f 2425 2426 2409
f 2409 2426 2410
f 2426 2427 2410
f 2410 2427 2411
f 2427 2428 2411
f 2411 2428 2412
f 2428 2429 2412
f 2412 2429 2413
f 2429 2430 2413
f 2413 2430 2414
f 2430 2431 2414
f 2414 2431 2415
f 2431 2432 2415
f 2415 2432 2416
f 2432 2433 2416
f 2416 2433 2417
f 2433 2418 2417
f 2417 2418 2402
f 2418 1921 2402
f 2402 1921 1920
f 2434 1924 1923
f 2024 2023 2025
f 2023 2435 2025
f 2025 2435 2419
f 2435 2436 2419
f 2419 2436 2420
f 2436 2437 2420
f 2420 2437 2421
f 2437 2438 2421
f 2421 2438 2422
f 2438 2439 2422
f 2422 2439 2423
f 2439 2440 2423
f 2423 2440 2424
f 2440 2441 2424
f 2424 2441 2425
f 2441 2442 2425
f 2425 2442 2426
f 2442 2443 2426
f 2426 2443 2427
f 2443 2444 2427
f 2427 2444 2428
f 2444 2445 2428
f 2428 2445 2429
f 2445 2446 2429
f 2429 2446 2430
f 2446 2447 2430
f 2430 2447 2431
f 2447 2448 2431
f 2431 2448 2432
f 2448 2449 2432
f 2432 2449 2433
f 2449 2434 2433
f 2433 2434 2418
f 2434 1923 2418
f 2418 1923 1922
f 2450 1926 1925
f 2022 2021 2023
f 2021 2451 2023
f 2023 2451 2435
f 2451 2452 2435
f 2435 2452 2436
f 2452 2453 2436
f 2436 2453 2437
f 2453 2454 2437
f 2437 2454 2438
f 2454 2455 2438
f 2438 2455 2439
f 2455 2456 2439
f 2439 2456 2440
f 2456 2457 2440
f 2440 2457 2441
f 2457 2458 2441
f 2441 2458 2442
f 2458 2459 2442
f 2442 2459 2443
f 2459 2460 2443
f 2443 2460 2444
f 2460 2461 2444
f 2444 2461 2445
f 2461 2462 2445
f 2445 2462 2446
f 2462 2463 2446
f 2446 2463 2447
f 2463 2464 2447
f 2447 2464 2448
f 2464 2465 2448
f 2448 2465 2449
f 2465 2450 2449
f 2449 2450 2434
f 2450 1925 2434
f 2434 1925 1924
f 2466 1928 1927
f 2020 2019 2021
f 2019 2467 2021
f 2021 2467 2451
f 2467 2468 2451
f 2451 2468 2452
f 2468 2469 2452
f 2452 2469 2453
f 2469 2470 2453
f 2453 2470 2454
f 2470 2471 2454
f 2454 2471 2455
f 2471 2472 2455
f 2455 2472 2456
f 2472 2473 2456
f 2456 2473 2457
f 2473 2474 2457
f 2457 2474 2458
f 2474 2475 2458
f 2458 2475 2459
f 2475 2476 2459
f 2459 2476 2460
f 2476 2477 2460
f 2460 2477 2461
f 2477 2478 2461
f 2461 2478 2462
f 2478 2479 2462
f 2462 2479 2463
f 2479 2480 2463
f 2463 2480 2464
f 2480 2481 2464
f 2464 2481 2465
f 2481 2466 2465
f 2465 2466 2450
f 2466 1927 2450
f 2450 1927 1926
f 2482 1930 1929
f 2018 2017 2019
f 2017 2483 2019
f 2019 2483 2467
f 2483 2484 2467
f 2467 2484 2468
f 2484 2485 2468
f 2468 2485 2469
f 2485 2486 2469
f 2469 2486 2470
f 2486 2487 2470
f 2470 2487 2471
f 2487 2488 2471
f 2471 2488 2472
f 2488 2489 2472
f 2472 2489 2473
f 2489 2490 2473
f 2473 2490 2474
f 2490 2491 2474
f 2474 2491 2475
f 2491 2492 2475
f 2475 2492 2476
f 2492 2493 2476
f 2476 2493 2477
f 2493 2494 2477
f 2477 2494 2478
f 2494 2495 2478
f 2478 2495 2479
f 2495 2496 2479
f 2479 2496 2480
f 2496 2497 2480
f 2480 2497 2481
f 2497 2482 2481
f 2481 2482 2466
f 2482 1929 2466
f 2466 1929 1928
f 2498 1932 1931
f 2016 2015 2017
f 2015 2499 2017
f 2017 2499 2483
f 2499 2500 2483
f 2483 2500 2484
f 2500 2501 2484
f 2484 2501 2485
f 2501 2502 2485
f 2485 2502 2486
f 2502 2503 2486
f 2486 2503 2487
f 2503 2504 2487
f 2487 2504 2488
f 2504 2505 2488
f 2488 2505 2489
f 2505 2506 2489
f 2489 2506 2490
f 2506 2507 2490
f 2490 2507 2491
f 2507 2508 2491
f 2491 2508 2492
f 2508 2509 2492
f 2492 2509 2493
f 2509 2510 2493
f 2493 2510 2494
f 2510 2511 2494
f 2494 2511 2495
f 2511 2512 2495
f 2495 2512 2496
f 2512 2513 2496
f 2496 2513 2497
f 2513 2498 2497
f 2497 2498 2482
f 2498 1931 2482
f 2482 1931 1930
f 2514 1934 1933
f 2014 2013 2015
f 2013 2515 2015
f 2015 2515 2499
f 2515 2516 2499
f 2499 2516 2500
f 2516 2517 2500
f 2500 2517 2501
f 2517 2518 2501
f 2501 2518 2502
f 2518 2519 2502
f 2502 2519 2503
f 2519 2520 2503
f 2503 2520 2504
f 2520 2521 2504
f 2504 2521 2505
f 2521 2522 2505
f 2505 2522 2506
f 2522 2523 2506
f 2506 2523 2507
f 2523 2524 2507
f 2507 2524 2508
f 2524 2525 2508
f 2508 2525 2509
f 2525 2526 2509
f 2509 2526 2510
f 2526 2527 2510
f 2510 2527 2511
f 2527 2528 2511
f 2511 2528 2512
f 2528 2529 2512
f 2512 2529 2513
f 2529 2514 2513
f 2513 2514 2498
f 2514 1933 2498
f 2498 1933 1932
f 2530 1936 1935
f 2012 2011 2013
f 2011 2531 2013
f 2013 2531 2515
f 2531 2532 2515
f 2515 2532 2516
f 2532 2533 2516
f 2516 2533 2517
f 2533 2534 2517
f 2517 2534 2518
f 2534 2535 2518
f 2518 2535 2519
f 2535 2536 2519
f 2519 2536 2520
f 2536 2537 2520
f 2520 2537 2521
f 2537 2538 2521
f 2521 2538 2522
f 2538 2539 2522
f 2522 2539 2523
f 2539 2540 2523
f 2523 2540 2524
f 2540 2541 2524
f 2524 2541 2525
f 2541 2542 2525
f 2525 2542 2526
f 2542 2543 2526
f 2526 2543 2527
f 2543 2544 2527
f 2527 2544 2528
f 2544 2545 2528
f 2528 2545 2529
f 2545 2530 2529
f 2529 2530 2514
f 2530 1935 2514
f 2514 1935 1934
f 2546 1938 1937
f 2010 2009 2011
f 2009 2547 2011
f 2011 2547 2531
f 2547 2548 2531
f 2531 2548 2532
f 2548 2549 2532
f 2532 2549 2533
f 2549 2550 2533
f 2533 2550 2534
f 2550 2551 2534
f 2534 2551 2535
f 2551 2552 2535
f 2535 2552 2536
f 2552 2553 2536
f 2536 2553 2537
f 2553 2554 2537
f 2537 2554 2538
f 2554 2555 2538
f 2538 2555 2539
f 2555 2556 2539
f 2539 2556 2540
f 2556 2557 2540
f 2540 2557 2541
f 2557 2558 2541
f 2541 2558 2542
f 2558 2559 2542
f 2542 2559 2543
f 2559 2560 2543
f 2543 2560 2544
f 2560 2561 2544
f 2544 2561 2545
f 2561 2546 2545
f 2545 2546 2530
f 2546 1937 2530
f 2530 1937 1936
f 2562 1940 1939
f 2008 2007 2009
f 2007 2563 2009
f 2009 2563 2547
f 2563 2564 2547
f 2547 2564 2548
f 2564 2565 2548
f 2548 2565 2549
f 2565 2566 2549
f 2549 2566 2550
f 2566 2567 2550
f 2550 2567 2551
f 2567 2568 2551
f 2551 2568 2552
f 2568 2569 2552
f 2552 2569 2553
f 2569 2570 2553
f 2553 2570 2554
f 2570 2571 2554
f 2554 2571 2555
f 2571 2572 2555
f 2555 2572 2556
f 2572 2573 2556
f 2556 2573 2557
f 2573 2574 2557
f 2557 2574 2558
f 2574 2575 2558
f 2558 2575 2559
f 2575 2576 2559
f 2559 2576 2560
f 2576 2577 2560
f 2560 2577 2561
f 2577 2562 2561
f 2561 2562 2546
f 2562 1939 2546
f 2546 1939 1938
f 2578 1942 1941
f 2006 2005 2007
f 2005 2579 2007
f 2007 2579 2563
f 2579 2580 2563
f 2563 2580 2564
f 2580 2581 2564
f 2564 2581 2565
f 2581 2582 2565
f 2565 2582 2566
f 2582 2583 2566
f 2566 2583 2567
f 2583 2584 2567
f 2567 2584 2568
f 2584 2585 2568
f 2568 2585 2569
f 2585 2586 2569
f 2569 2586 2570
f 2586 2587 2570
f 2570 2587 2571
f 2587 2588 2571
f 2571 2588 2572
f 2588 2589 2572
f 2572 2589 2573
f 2589 2590 2573
f 2573 2590 2574
f 2590 2591 2574
f 2574 2591 2575
f 2591 2592 2575
f 2575 2592 2576
f 2592 2593 2576
f 2576 2593 2577
f 2593 2578 2577
f 2577 2578 2562
f 2578 1941 2562
f 2562 1941 1940
f 2594 1944 1943
f 2004 2003 2005
f 2003 2595 2005
f 2005 2595 2579
f 2595 2596 2579
f 2579 2596 2580
f 2596 2597 2580
f 2580 2597 2581
f 2597 2598 2581
f 2581 2598 2582
f 2598 2599 2582
f 2582 2599 2583
f 2599 2600 2583
f 2583 2600 2584
f 2600 2601 2584
f 2584 2601 2585
f 2601 2602 2585
f 2585 2602 2586
f 2602 2603 2586
f 2586 2603 2587
f 2603 2604 2587
f 2587 2604 2588
f 2604 2605 2588
f 2588 2605 2589
f 2605 2606 2589
f 2589 2606 2590
f 2606 2607 2590
f 2590 2607 2591
f 2607 2608 2591
f 2591 2608 2592
f 2608 2609 2592
f 2592 2609 2593
f 2609 2594 2593
f 2593 2594 2578
f 2594 1943 2578
f 2578 1943 1942
f 2610 1946 1945
f 2002 2001 2003
f 2001 2611 2003
f 2003 2611 2595
f 2611 2612 2595
f 2595 2612 2596
f 2612 2613 2596
f 2596 2613 2597
f 2613 2614 2597
f 2597 2614 2598
f 2614 2615 2598
f 2598 2615 2599
f 2615 2616 2599
f 2599 2616 2600
f 2616 2617 2600
f 2600 2617 2601
f 2617 2618 2601
f 2601 2618 2602
f 2618 2619 2602
f 2602 2619 2603
f 2619 2620 2603
f 2603 2620 2604
f 2620 2621 2604
f 2604 2621 2605
f 2621 2622 2605
f 2605 2622 2606
f 2622 2623 2606
f 2606 2623 2607
f 2623 2624 2607
f 2607 2624 2608
f 2624 2625 2608
f 2608 2625 2609
f 2625 2610 2609
f 2609 2610 2594
f 2610 1945 2594
f 2594 1945 1944
f 2626 1948 1947
f 2000 1999 2001
f 1999 2627 2001
f 2001 2627 2611
f 2627 2628 2611
f 2611 2628 2612
f 2628 2629 2612
f 2612 2629 2613
f 2629 2630 2613
f 2613 2630 2614
f 2630 2631 2614
f 2614 2631 2615
f 2631 2632 2615
f 2615 2632 2616
f 2632 2633 2616
f 2616 2633 2617
f 2633 2634 2617
f 2617 2634 2618
f 2634 2635 2618
f 2618 2635 2619
f 2635 2636 2619
f 2619 2636 2620
f 2636 2637 2620
f 2620 2637 2621
f 2637 2638 2621
f 2621 2638 2622
f 2638 2639 2622
f 2622 2639 2623
f 2639 2640 2623
f 2623 2640 2624
f 2640 2641 2624
f 2624 2641 2625
f 2641 2626 2625
f 2625 2626 2610
f 2626 1947 2610
f 2610 1947 1946
f 2642 1950 1949
f 1998 1997 1999
f 1997 2643 1999
f 1999 2643 2627
f 2643 2644 2627
f 2627 2644 2628
f 2644 2645 2628
f 2628 2645 2629
f 2645 2646 2629
f 2629 2646 2630
f 2646 2647 2630
f 2630 2647 2631
f 2647 2648 2631
f 2631 2648 2632
f 2648 2649 2632
f 2632 2649 2633
f 2649 2650 2633
f 2633 2650 2634
f 2650 2651 2634
f 2634 2651 2635
f 2651 2652 2635
f 2635 2652 2636
f 2652 2653 2636
f 2636 2653 2637
f 2653 2654 2637
f 2637 2654 2638
f 2654 2655 2638
f 2638 2655 2639
f 2655 2656 2639
f 2639 2656 2640
f 2656 2657 2640
f 2640 2657 2641
f 2657 2642 2641
f 2641 2642 2626
f 2642 1949 2626
f 2626 1949 1948
f 2658 1952 1951
f 1996 1995 1997
f 1995 2659 1997
f 1997 2659 2643
f 2659 2660 2643
f 2643 2660 2644
f 2660 2661 2644
f 2644 2661 2645
f 2661 2662 2645
f 2645 2662 2646
f 2662 2663 2646
f 2646 2663 2647
f 2663 2664 2647
f 2647 2664 2648
f 2664 2665 2648
f 2648 2665 2649
f 2665 2666 2649
f 2649 2666 2650
f 2666 2667 2650
f 2650 2667 2651
f 2667 2668 2651
f 2651 2668 2652
f 2668 2669 2652
f 2652 2669 2653
f 2669 2670 2653
f 2653 2670 2654
f 2670 2671 2654
f 2654 2671 2655
f 2671 2672 2655
f 2655 2672 2656
f 2672 2673 2656
f 2656 2673 2657
f 2673 2658 2657
f 2657 2658 2642
f 2658 1951 2642
f 2642 1951 1950
f 2674 1810 1953
f 1994 1993 1995
f 1993 2675 1995
f 1995 2675 2659
f 2675 2676 2659
f 2659 2676 2660
f 2676 2677 2660
f 2660 2677 2661
f 2677 2678 2661
f 2661 2678 2662
f 2678 2679 2662
f 2662 2679 2663
f 2679 2680 2663
f 2663 2680 2664
f 2680 2681 2664
f 2664 2681 2665
f 2681 2682 2665
f 2665 2682 2666
f 2682 2683 2666
f 2666 2683 2667
f 2683 2684 2667
f 2667 2684 2668
f 2684 2685 2668
f 2668 2685 2669
f 2685 2686 2669
f 2669 2686 2670
f 2686 2687 2670
f 2670 2687 2671
f 2687 2688 2671
f 2671 2688 2672
f 2688 2689 2672
f 2672 2689 2673
f 2689 2674 2673
f 2673 2674 2658
f 2674 1953 2658
f 2658 1953 1952
f 2690 1812 1811
f 1992 1991 1993
f 1991 2691 1993
f 1993 2691 2675
f 2691 2692 2675
f 2675 2692 2676
f 2692 2693 2676
f 2676 2693 2677
f 2693 2694 2677
f 2677 2694 2678
f 2694 2695 2678
f 2678 2695 2679
f 2695 2696 2679
f 2679 2696 2680
f 2696 2697 2680
f 2680 2697 2681
f 2697 2698 2681
f 2681 2698 2682
f 2698 2699 2682
f 2682 2699 2683
f 2699 2700 2683
f 2683 2700 2684
f 2700 2701 2684
f 2684 2701 2685
f 2701 2702 2685
f 2685 2702 2686
f 2702 2703 2686
f 2686 2703 2687
f 2703 2704 2687
f 2687 2704 2688
f 2704 2705 2688
f 2688 2705 2689
f 2705 2690 2689
f 2689 2690 2674
f 2690 1811 2674
f 2674 1811 1810
f 2706 1814 1813
f 1990 1989 1991
f 1989 2707 1991
f 1991 2707 2691
f 2707 2708 2691
f 2691 2708 2692
f 2708 2709 2692
f 2692 2709 2693
f 2709 2710 2693
f 2693 2710 2694
f 2710 2711 2694
f 2694 2711 2695
f 2711 2712 2695
f 2695 2712 2696
f 2712 2713 2696
f 2696 2713 2697
f 2713 2714 2697
f 2697 2714 2698
f 2714 2715 2698
f 2698 2715 2699
f 2715 2716 2699
f 2699 2716 2700
f 2716 2717 2700
f 2700 2717 2701
f 2717 2718 2701
f 2701 2718 2702
f 2718 2719 2702
f 2702 2719 2703
f 2719 2720 2703
f 2703 2720 2704
f 2720 2721 2704
f 2704 2721 2705
f 2721 2706 2705
f 2705 2706 2690
f 2706 1813 2690
f 2690 1813 1812
f 2722 1816 1815
f 1988 1987 1989
f 1987 2723 1989
f 1989 2723 2707
f 2723 2724 2707
f 2707 2724 2708
f 2724 2725 2708
f 2708 2725 2709
f 2725 2726 2709
f 2709 2726 2710
f 2726 2727 2710
f 2710 2727 2711
f 2727 2728 2711
f 2711 2728 2712
f 2728 2729 2712
f 2712 2729 2713
f 2729 2730 2713
f 2713 2730 2714
f 2730 2731 2714
f 2714 2731 2715
f 2731 2732 2715
f 2715 2732 2716
f 2732 2733 2716
f 2716 2733 2717
f 2733 2734 2717
f 2717 2734 2718
f 2734 2735 2718
f 2718 2735 2719
f 2735 2736 2719
f 2719 2736 2720
f 2736 2737 2720
f 2720 2737 2721
f 2737 2722 2721
f 2721 2722 2706
f 2722 1815 2706
f 2706 1815 1814
f 2738 1818 1817
f 1986 1985 1987
f 1985 2739 1987
f 1987 2739 2723
f 2739 2740 2723
f 2723 2740 2724
f 2740 2741 2724
f 2724 2741 2725
f 2741 2742 2725
f 2725 2742 2726
f 2742 2743 2726
f 2726 2743 2727
f 2743 2744 2727
f 2727 2744 2728
f 2744 2745 2728
f 2728 2745 2729
f 2745 2746 2729
f 2729 2746 2730
f 2746 2747 2730
f 2730 2747 2731
f 2747 2748 2731
f 2731 2748 2732
f 2748 2749 2732
f 2732 2749 2733
f 2749 2750 2733
f 2733 2750 2734
f 2750 2751 2734
f 2734 2751 2735
f 2751 2752 2735
f 2735 2752 2736
f 2752 2753 2736
f 2736 2753 2737
f 2753 2738 2737
f 2737 2738 2722
f 2738 1817 2722
f 2722 1817 1816
f 2754 1820 1819
f 1984 1983 1985
f 1983 2755 1985
f 1985 2755 2739
f 2755 2756 2739
f 2739 2756 2740
f 2756 2757 2740
f 2740 2757 2741
f 2757 2758 2741
f 2741 2758 2742
f 2758 2759 2742
f 2742 2759 2743
f 2759 2760 2743
f 2743 2760 2744
f 2760 2761 2744
f 2744 2761 2745
f 2761 2762 2745
f 2745 2762 2746
f 2762 2763 2746
f 2746 2763 2747
f 2763 2764 2747
f 2747 2764 2748
f 2764 2765 2748
f 2748 2765 2749
f 2765 2766 2749
f 2749 2766 2750
f 2766 2767 2750
f 2750 2767 2751
f 2767 2768 2751
f 2751 2768 2752
f 2768 2769 2752
f 2752 2769 2753
f 2769 2754 2753
f 2753 2754 2738
f 2754 1819 2738
f 2738 1819 1818
f 2770 1822 1821
f 1982 1981 1983
f 1981 2771 1983
f 1983 2771 2755
f 2771 2772 2755
f 2755 2772 2756
f 2772 2773 2756
f 2756 2773 2757
f 2773 2774 2757
f 2757 2774 2758
f 2774 2775 2758
f 2758 2775 2759
f 2775 2776 2759
f 2759 2776 2760
f 2776 2777 2760
f 2760 2777 2761
f 2777 2778 2761
f 2761 2778 2762
f 2778 2779 2762
f 2762 2779 2763
f 2779 2780 2763
f 2763 2780 2764
f 2780 2781 2764
f 2764 2781 2765
f 2781 2782 2765
f 2765 2782 2766
f 2782 2783 2766
f 2766 2783 2767
f 2783 2784 2767
f 2767 2784 2768
f 2784 2785 2768
f 2768 2785 2769
f 2785 2770 2769
f 2769 2770 2754
f 2770 1821 2754
f 2754 1821 1820
f 2786 1824 1823
f 1980 1979 1981
f 1979 2787 1981
f 1981 2787 2771
f 2787 2788 2771
f 2771 2788 2772
f 2788 2789 2772
f 2772 2789 2773
f 2789 2790 2773
f 2773 2790 2774
f 2790 2791 2774
f 2774 2791 2775
f 2791 2792 2775
f 2775 2792 2776
f 2792 2793 2776
f 2776 2793 2777
f 2793 2794 2777
f 2777 2794 2778
f 2794 2795 2778
f 2778 2795 2779
f 2795 2796 2779
f 2779 2796 2780
f 2796 2797 2780
f 2780 2797 2781
f 2797 2798 2781
f 2781 2798 2782
f 2798 2799 2782
f 2782 2799 2783
f 2799 2800 2783
f 2783 2800 2784
f 2800 2801 2784
f 2784 2801 2785
f 2801 2786 2785
f 2785 2786 2770
f 2786 1823 2770
f 2770 1823 1822
f 2802 1826 1825
f 1978 1977 1979
f 1977 2803 1979
f 1979 2803 2787
f 2803 2804 2787
f 2787 2804 2788
f 2804 2805 2788
f 2788 2805 2789
f 2805 2806 2789
f 2789 2806 2790
f 2806 2807 2790
f 2790 2807 2791
f 2807 2808 2791
f 2791 2808 2792
f 2808 2809 2792
f 2792 2809 2793
f 2809 2810 2793
f 2793 2810 2794
f 2810 2811 2794
f 2794 2811 2795
f 2811 2812 2795
f 2795 2812 2796
f 2812 2813 2796
f 2796 2813 2797
f 2813 2814 2797
f 2797 2814 2798
f 2814 2815 2798
f 2798 2815 2799
f 2815 2816 2799
f 2799 2816 2800
f 2816 2817 2800
f 2800 2817 2801
f 2817 2802 2801
f 2801 2802 2786
f 2802 1825 2786
f 2786 1825 1824
f 2818 1828 1827
f 1976 1975 1977
f 1975 2819 1977
f 1977 2819 2803
f 2819 2820 2803
f 2803 2820 2804
f 2820 2821 2804
f 2804 2821 2805
f 2821 2822 2805
f 2805 2822 2806
f 2822 2823 2806
f 2806 2823 2807
f 2823 2824 2807
f 2807 2824 2808
f 2824 2825 2808
f 2808 2825 2809
f 2825 2826 2809
f 2809 2826 2810
f 2826 2827 2810
f 2810 2827 2811
f 2827 2828 2811
f 2811 2828 2812
f 2828 2829 2812
f 2812 2829 2813
f 2829 2830 2813
f 2813 2830 2814
f 2830 2831 2814
f 2814 2831 2815
f 2831 2832 2815
f 2815 2832 2816
f 2832 2833 2816
f 2816 2833 2817
f 2833 2818 2817
f 2817 2818 2802
f 2818 1827 2802
f 2802 1827 1826
f 2834 1830 1829
f 1974 1973 1975
f 1973 2835 1975
f 1975 2835 2819
f 2835 2836 2819
f 2819 2836 2820
f 2836 2837 2820
f 2820 2837 2821
f 2837 2838 2821
f 2821 2838 2822
f 2838 2839 2822
f 2822 2839 2823
f 2839 2840 2823
f 2823 2840 2824
f 2840 2841 2824
f 2824 2841 2825
f 2841 2842 2825
f 2825 2842 2826
f 2842 2843 2826
f 2826 2843 2827
f 2843 2844 2827
f 2827 2844 2828
f 2844 2845 2828
f 2828 2845 2829
f 2845 2846 2829
f 2829 2846 2830
f 2846 2847 2830
f 2830 2847 2831
f 2847 2848 2831
f 2831 2848 2832
f 2848 2849 2832
f 2832 2849 2833
f 2849 2834 2833
f 2833 2834 2818
f 2834 1829 2818
f 2818 1829 1828
f 2850 1832 1831
f 1972 1971 1973
f 1971 2851 1973
f 1973 2851 2835
f 2851 2852 2835
f 2835 2852 2836
f 2852 2853 2836
f 2836 2853 2837
f 2853 2854 2837
f 2837 2854 2838
f 2854 2855 2838
f 2838 2855 2839
f 2855 2856 2839
f 2839 2856 2840
f 2856 2857 2840
f 2840 2857 2841
f 2857 2858 2841
f 2841 2858 2842
f 2858 2859 2842
f 2842 2859 2843
f 2859 2860 2843
f 2843 2860 2844
f 2860 2861 2844
f 2844 2861 2845
f 2861 2862 2845
f 2845 2862 2846
f 2862 2863 2846
f 2846 2863 2847
f 2863 2864 2847
f 2847 2864 2848
f 2864 2865 2848
f 2848 2865 2849
f 2865 2850 2849
f 2849 2850 2834
f 2850 1831 2834
f 2834 1831 1830
f 2866 1834 1833
f 1970 1969 1971
f 1969 2867 1971
f 1971 2867 2851
f 2867 2868 2851
f 2851 2868 2852
f 2868 2869 2852
f 2852 2869 2853
f 2869 2870 2853
f 2853 2870 2854
f 2870 2871 2854
f 2854 2871 2855
f 2871 2872 2855
f 2855 2872 2856
f 2872 2873 2856
f 2856 2873 2857
f 2873 2874 2857
f 2857 2874 2858
f 2874 2875 2858
f 2858 2875 2859
f 2875 2876 2859
f 2859 2876 2860
f 2876 2877 2860
f 2860 2877 2861
f 2877 2878 2861
f 2861 2878 2862
f 2878 2879 2862
f 2862 2879 2863
f 2879 2880 2863
f 2863 2880 2864
f 2880 2881 2864
f 2864 2881 2865
f 2881 2866 2865
f 2865 2866 2850
f 2866 1833 2850
f 2850 1833 1832
f 2882 1836 1835
f 1968 1967 1969
f 1967 2883 1969
f 1969 2883 2867
f 2883 2884 2867
f 2867 2884 2868
f 2884 2885 2868
f 2868 2885 2869
f 2885 2886 2869
f 2869 2886 2870
f 2886 2887 2870
f 2870 2887 2871
f 2887 2888 2871
f 2871 2888 2872
f 2888 2889 2872
f 2872 2889 2873
f 2889 2890 2873
f 2873 2890 2874
f 2890 2891 2874
f 2874 2891 2875
f 2891 2892 2875
f 2875 2892 2876
f 2892 2893 2876
f 2876 2893 2877
f 2893 2894 2877
f 2877 2894 2878
f 2894 2895 2878
f 2878 2895 2879
f 2895 2896 2879
f 2879 2896 2880
f 2896 2897 2880
f 2880 2897 2881
f 2897 2882 2881
f 2881 2882 2866
f 2882 1835 2866
f 2866 1835 1834
f 2898 1838 1837
f 1966 1965 1967
f 1965 2899 1967
f 1967 2899 2883
f 2899 2900 2883
f 2883 2900 2884
f 2900 2901 2884
f 2884 2901 2885
f 2901 2902 2885
f 2885 2902 2886
f 2902 2903 2886
f 2886 2903 2887
f 2903 2904 2887
f 2887 2904 2888
f 2904 2905 2888
f 2888 2905 2889
f 2905 2906 2889
f 2889 2906 2890
f 2906 2907 2890
f 2890 2907 2891
f 2907 2908 2891
f 2891 2908 2892
f 2908 2909 2892
f 2892 2909 2893
f 2909 2910 2893
f 2893 2910 2894
f 2910 2911 2894
f 2894 2911 2895
f 2911 2912 2895
f 2895 2912 2896
f 2912 2913 2896
f 2896 2913 2897
f 2913 2898 2897
f 2897 2898 2882
f 2898 1837 2882
f 2882 1837 1836
f 2914 1840 1839
f 1964 1963 1965
f 1963 2915 1965
f 1965 2915 2899
f 2915 2916 2899
f 2899 2916 2900
f 2916 2917 2900
f 2900 2917 2901
f 2917 2918 2901
f 2901 2918 2902
f 2918 2919 2902
f 2902 2919 2903
f 2919 2920 2903
f 2903 2920 2904
f 2920 2921 2904
f 2904 2921 2905
f 2921 2922 2905
f 2905 2922 2906
f 2922 2923 2906
f 2906 2923 2907
f 2923 2924 2907
f 2907 2924 2908
f 2924 2925 2908
f 2908 2925 2909
f 2925 2926 2909
f 2909 2926 2910
f 2926 2927 2910
f 2910 2927 2911
f 2927 2928 2911
f 2911 2928 2912
f 2928 2929 2912
f 2912 2929 2913
f 2929 2914 2913
f 2913 2914 2898
f 2914 1839 2898
f 2898 1839 1838
f 2930 1842 1841
f 1962 1961 1963
f 1961 2931 1963
f 1963 2931 2915
f 2931 2932 2915
f 2915 2932 2916
f 2932 2933 2916
f 2916 2933 2917
f 2933 2934 2917
f 2917 2934 2918
f 2934 2935 2918
f 2918 2935 2919
f 2935 2936 2919
f 2919 2936 2920
f 2936 2937 2920
f 2920 2937 2921
f 2937 2938 2921
f 2921 2938 2922
f 2938 2939 2922
f 2922 2939 2923
f 2939 2940 2923
f 2923 2940 2924
f 2940 2941 2924
f 2924 2941 2925
f 2941 2942 2925
f 2925 2942 2926
f 2942 2943 2926
f 2926 2943 2927
f 2943 2944 2927
f 2927 2944 2928
f 2944 2945 2928
f 2928 2945 2929
f 2945 2930 2929
f 2929 2930 2914
f 2930 1841 2914
f 2914 1841 1840
f 2946 1844 1843
f 1960 1959 1961
f 1959 2947 1961
f 1961 2947 2931
f 2947 2948 2931
f 2931 2948 2932
f 2948 2949 2932
f 2932 2949 2933
f 2949 2950 2933
f 2933 2950 2934
f 2950 2951 2934
f 2934 2951 2935
f 2951 2952 2935
f 2935 2952 2936
f 2952 2953 2936
f 2936 2953 2937
f 2953 2954 2937
f 2937 2954 2938
f 2954 2955 2938
f 2938 2955 2939
f 2955 2956 2939
f 2939 2956 2940
f 2956 2957 2940
f 2940 2957 2941
f 2957 2958 2941
f 2941 2958 2942
f 2958 2959 2942
f 2942 2959 2943
f 2959 2960 2943
f 2943 2960 2944
f 2960 2961 2944
f 2944 2961 2945
f 2961 2946 2945
f 2945 2946 2930
f 2946 1843 2930
f 2930 1843 1842
f 2962 1846 1845
f 1958 1957 1959
f 1957 2963 1959
f 1959 2963 2947
f 2963 2964 2947
f 2947 2964 2948
f 2964 2965 2948
f 2948 2965 2949
f 2965 2966 2949
f 2949 2966 2950
f 2966 2967 2950
f 2950 2967 2951
f 2967 2968 2951
f 2951 2968 2952
f 2968 2969 2952
f 2952 2969 2953
f 2969 2970 2953
f 2953 2970 2954
f 2970 2971 2954
f 2954 2971 2955
f 2971 2972 2955
f 2955 2972 2956
f 2972 2973 2956
f 2956 2973 2957
f 2973 2974 2957
f 2957 2974 2958
f 2974 2975 2958
f 2958 2975 2959
f 2975 2976 2959
f 2959 2976 2960
f 2976 2977 2960
f 2960 2977 2961
f 2977 2962 2961
f 2961 2962 2946
f 2962 1845 2946
f 2946 1845 1844
f 2978 1848 1847
f 1955 1954 1957
f 1954 2979 1957
f 1957 2979 2963
f 2979 2980 2963
f 2963 2980 2964
f 2980 2981 2964
f 2964 2981 2965
f 2981 2982 2965
f 2965 2982 2966
f 2982 2983 2966
f 2966 2983 2967
f 2983 2984 2967
f 2967 2984 2968
f 2984 2985 2968
f 2968 2985 2969
f 2985 2986 2969
f 2969 2986 2970
f 2986 2987 2970
f 2970 2987 2971
f 2987 2988 2971
f 2971 2988 2972
f 2988 2989 2972
f 2972 2989 2973
f 2989 2990 2973
f 2973 2990 2974
f 2990 2991 2974
f 2974 2991 2975
f 2991 2992 2975
f 2975 2992 2976
f 2992 2993 2976
f 2976 2993 2977
f 2993 2978 2977
f 2977 2978 2962
f 2978 1847 2962
f 2962 1847 1846
f 2994 1850 1849
f 1956 2096 1954
f 2096 2995 1954
f 1954 2995 2979
f 2995 2996 2979
f 2979 2996 2980
f 2996 2997 2980
f 2980 2997 2981
f 2997 2998 2981
f 2981 2998 2982
f 2998 2999 2982
f 2982 2999 2983
f 2999 3000 2983
f 2983 3000 2984
f 3000 3001 2984
f 2984 3001 2985
f 3001 3002 2985
f 2985 3002 2986
f 3002 3003 2986
f 2986 3003 2987
f 3003 3004 2987
f 2987 3004 2988
f 3004 3005 2988
f 2988 3005 2989
f 3005 3006 2989
f 2989 3006 2990
f 3006 3007 2990
f 2990 3007 2991
f 3007 3008 2991
f 2991 3008 2992
f 3008 3009 2992
f 2992 3009 2993
f 3009 2994 2993
f 2993 2994 2978
f 2994 1849 2978
f 2978 1849 1848
f 3010 1852 1851
f 2095 2094 2096
f 2094 3011 2096
f 2096 3011 2995
f 3011 3012 2995
f 2995 3012 2996
f 3012 3013 2996
f 2996 3013 2997
f 3013 3014 2997
f 2997 3014 2998
f 3014 3015 2998
f 2998 3015 2999
f 3015 3016 2999
f 2999 3016 3000
f 3016 3017 3000
f 3000 3017 3001
f 3017 3018 3001
f 3001 3018 3002
f 3018 3019 3002
f 3002 3019 3003
f 3019 3020 3003
f 3003 3020 3004
f 3020 3021 3004
f 3004 3021 3005
f 3021 3022 3005
f 3005 3022 3006
f 3022 3023 3006
f 3006 3023 3007
f 3023 3024 3007
f 3007 3024 3008
f 3024 3025 3008
f 3008 3025 3009
f 3025 3010 3009
f 3009 3010 2994
f 3010 1851 2994
f 2994 1851 1850
f 3026 1854 1853
f 2093 2092 2094
f 2092 3027 2094
f 2094 3027 3011
f 3027 3028 3011
f 3011 3028 3012
f 3028 3029 3012
f 3012 3029 3013
f 3029 3030 3013
f 3013 3030 3014
f 3030 3031 3014
f 3014 3031 3015
f 3031 3032 3015
f 3015 3032 3016
f 3032 3033 3016
f 3016 3033 3017
f 3033 3034 3017
f 3017 3034 3018
f 3034 3035 3018
f 3018 3035 3019
f 3035 3036 3019
f 3019 3036 3020
f 3036 3037 3020
f 3020 3037 3021
f 3037 3038 3021
f 3021 3038 3022
f 3038 3039 3022
f 3022 3039 3023
f 3039 3040 3023
f 3023 3040 3024
f 3040 3041 3024
f 3024 3041 3025
f 3041 3026 3025
f 3025 3026 3010
f 3026 1853 3010
f 3010 1853 1852
f 3042 1856 1855
f 2091 2090 2092
f 2090 3043 2092
f 2092 3043 3027
f 3043 3044 3027
f 3027 3044 3028
f 3044 3045 3028
f 3028 3045 3029
f 3045 3046 3029
f 3029 3046 3030
f 3046 3047 3030
f 3030 3047 3031
f 3047 3048 3031
f 3031 3048 3032
f 3048 3049 3032
f 3032 3049 3033
f 3049 3050 3033
f 3033 3050 3034
f 3050 3051 3034
f 3034 3051 3035
f 3051 3052 3035
f 3035 3052 3036
f 3052 3053 3036
f 3036 3053 3037
f 3053 3054 3037
f 3037 3054 3038
f 3054 3055 3038
f 3038 3055 3039
f 3055 3056 3039
f 3039 3056 3040
f 3056 3057 3040
f 3040 3057 3041
f 3057 3042 3041
f 3041 3042 3026
f 3042 1855 3026
f 3026 1855 1854
f 3058 1858 1857
f 2089 2088 2090
f 2088 3059 2090
f 2090 3059 3043
f 3059 3060 3043
f 3043 3060 3044
f 3060 3061 3044
f 3044 3061 3045
f 3061 3062 3045
f 3045 3062 3046
f 3062 3063 3046
f 3046 3063 3047
f 3063 3064 3047
f 3047 3064 3048
f 3064 3065 3048
f 3048 3065 3049
f 3065 3066 3049
f 3049 3066 3050
f 3066 3067 3050
f 3050 3067 3051
f 3067 3068 3051
f 3051 3068 3052
f 3068 3069 3052
f 3052 3069 3053
f 3069 3070 3053
f 3053 3070 3054
f 3070 3071 3054
f 3054 3071 3055
f 3071 3072 3055
f 3055 3072 3056
f 3072 3073 3056
f 3056 3073 3057
f 3073 3058 3057
f 3057 3058 3042
f 3058 1857 3042
f 3042 1857 1856
f 3074 1860 1859
f 2087 2086 2088
f 2086 3075 2088
f 2088 3075 3059
f 3075 3076 3059
f 3059 3076 3060
f 3076 3077 3060
f 3060 3077 3061
f 3077 3078 3061
f 3061 3078 3062
f 3078 3079 3062
f 3062 3079 3063
f 3079 3080 3063
f 3063 3080 3064
f 3080 3081 3064
f 3064 3081 3065
f 3081 3082 3065
f 3065 3082 3066
f 3082 3083 3066
f 3066 3083 3067
f 3083 3084 3067
f 3067 3084 3068
f 3084 3085 3068
f 3068 3085 3069
f 3085 3086 3069
f 3069 3086 3070
f 3086 3087 3070
f 3070 3087 3071
f 3087 3088 3071
f 3071 3088 3072
f 3088 3089 3072
f 3072 3089 3073
f 3089 3074 3073
f 3073 3074 3058
f 3074 1859 3058
f 3058 1859 1858
f 3090 1862 1861
f 2085 2084 2086
f 2084 3091 2086
f 2086 3091 3075
f 3091 3092 3075
f 3075 3092 3076
f 3092 3093 3076
f 3076 3093 3077
f 3093 3094 3077
f 3077 3094 3078
f 3094 3095 3078
f 3078 3095 3079
f 3095 3096 3079
f 3079 3096 3080
f 3096 3097 3080
f 3080 3097 3081
f 3097 3098 3081
f 3081 3098 3082
f 3098 3099 3082
f 3082 3099 3083
f 3099 3100 3083
f 3083 3100 3084
f 3100 3101 3084
f 3084 3101 3085
f 3101 3102 3085
f 3085 3102 3086
f 3102 3103 3086
f 3086 3103 3087
f 3103 3104 3087
f 3087 3104 3088
f 3104 3105 3088
f 3088 3105 3089
f 3105 3090 3089
f 3089 3090 3074
f 3090 1861 3074
f 3074 1861 1860
f 3106 1864 1863
f 2083 2082 2084
f 2082 3107 2084
f 2084 3107 3091
f 3107 3108 3091
f 3091 3108 3092
f 3108 3109 3092
f 3092 3109 3093
f 3109 3110 3093
f 3093 3110 3094
f 3110 3111 3094
f 3094 3111 3095
f 3111 3112 3095
f 3095 3112 3096
f 3112 3113 3096
f 3096 3113 3097
f 3113 3114 3097
f 3097 3114 3098
f 3114 3115 3098
f 3098 3115 3099
f 3115 3116 3099
f 3099 3116 3100
f 3116 3117 3100
f 3100 3117 3101
f 3117 3118 3101
f 3101 3118 3102
f 3118 3119 3102
f 3102 3119 3103
f 3119 3120 3103
f 3103 3120 3104
f 3120 3121 3104
f 3104 3121 3105
f 3121 3106 3105
f 3105 3106 3090
f 3106 1863 3090
f 3090 1863 1862
f 3122 1866 1865
f 2081 2080 2082
f 2080 3123 2082
f 2082 3123 3107
f 3123 3124 3107
f 3107 3124 3108
f 3124 3125 3108
f 3108 3125 3109
f 3125 3126 3109
f 3109 3126 3110
f 3126 3127 3110
f 3110 3127 3111
f 3127 3128 3111
f 3111 3128 3112
f 3128 3129 3112
f 3112 3129 3113
f 3129 3130 3113
f 3113 3130 3114
f 3130 3131 3114
f 3114 3131 3115
f 3131 3132 3115
f 3115 3132 3116
f 3132 3133 3116
f 3116 3133 3117
f 3133 3134 3117
f 3117 3134 3118
f 3134 3135 3118
f 3118 3135 3119
f 3135 3136 3119
f 3119 3136 3120
f 3136 3137 3120
f 3120 3137 3121
f 3137 3122 3121
f 3121 3122 3106
f 3122 1865 3106
f 3106 1865 1864
f 3138 1868 1867
f 2079 2078 2080
f 2078 3139 2080
f 2080 3139 3123
f 3139 3140 3123
f 3123 3140 3124
f 3140 3141 3124
f 3124 3141 3125
f 3141 3142 3125
f 3125 3142 3126
f 3142 3143 3126
f 3126 3143 3127
f 3143 3144 3127
f 3127 3144 3128
f 3144 3145 3128
f 3128 3145 3129
f 3145 3146 3129
f 3129 3146 3130
f 3146 3147 3130
f 3130 3147 3131
f 3147 3148 3131
f 3131 3148 3132
f 3148 3149 3132
f 3132 3149 3133
f 3149 3150 3133
f 3133 3150 3134
f 3150 3151 3134
f 3134 3151 3135
f 3151 3152 3135
f 3135 3152 3136
f 3152 3153 3136
f 3136 3153 3137
f 3153 3138 3137
f 3137 3138 3122
f 3138 1867 3122
f 3122 1867 1866
f 3154 1870 1869
f 2077 2076 2078
f 2076 3155 2078
f 2078 3155 3139
f 3155 3156 3139
f 3139 3156 3140
f 3156 3157 3140
f 3140 3157 3141
f 3157 3158 3141
f 3141 3158 3142
f 3158 3159 3142
f 3142 3159 3143
f 3159 3160 3143
f 3143 3160 3144
f 3160 3161 3144
f 3144 3161 3145
f 3161 3162 3145
f 3145 3162 3146
f 3162 3163 3146
f 3146 3163 3147
f 3163 3164 3147
f 3147 3164 3148
f 3164 3165 3148
f 3148 3165 3149
f 3165 3166 3149
f 3149 3166 3150
f 3166 3167 3150
f 3150 3167 3151
f 3167 3168 3151
f 3151 3168 3152
f 3168 3169 3152
f 3152 3169 3153
f 3169 3154 3153
f 3153 3154 3138
f 3154 1869 3138
f 3138 1869 1868
f 3170 1872 1871
f 2075 2074 2076
f 2074 3171 2076
f 2076 3171 3155
f 3171 3172 3155
f 3155 3172 3156
f 3172 3173 3156
f 3156 3173 3157
f 3173 3174 3157
f 3157 3174 3158
f 3174 3175 3158
f 3158 3175 3159
f 3175 3176 3159
f 3159 3176 3160
f 3176 3177 3160
f 3160 3177 3161
f 3177 3178 3161
f 3161 3178 3162
f 3178 3179 3162
f 3162 3179 3163
f 3179 3180 3163
f 3163 3180 3164
f 3180 3181 3164
f 3164 3181 3165
f 3181 3182 3165
f 3165 3182 3166
f 3182 3183 3166
f 3166 3183 3167
f 3183 3184 3167
f 3167 3184 3168
f 3184 3185 3168
f 3168 3185 3169
f 3185 3170 3169
f 3169 3170 3154
f 3170 1871 3154
f 3154 1871 1870
f 3186 1874 1873
f 2073 2072 2074
f 2072 3187 2074
f 2074 3187 3171
f 3187 3188 3171
f 3171 3188 3172
f 3188 3189 3172
f 3172 3189 3173
f 3189 3190 3173
f 3173 3190 3174
f 3190 3191 3174
f 3174 3191 3175
f 3191 3192 3175
f 3175 3192 3176
f 3192 3193 3176
f 3176 3193 3177
f 3193 3194 3177
f 3177 3194 3178
f 3194 3195 3178
f 3178 3195 3179
f 3195 3196 3179
f 3179 3196 3180
f 3196 3197 3180
f 3180 3197 3181
f 3197 3198 3181
f 3181 3198 3182
f 3198 3199 3182
f 3182 3199 3183
f 3199 3200 3183
f 3183 3200 3184
f 3200 3201 3184
f 3184 3201 3185
f 3201 3186 3185
f 3185 3186 3170
f 3186 1873 3170
f 3170 1873 1872
f 3202 1876 1875
f 2071 2070 2072
f 2070 3203 2072
f 2072 3203 3187
f 3203 3204 3187
f 3187 3204 3188
f 3204 3205 3188
f 3188 3205 3189
f 3205 3206 3189
f 3189 3206 3190
f 3206 3207 3190
f 3190 3207 3191
f 3207 3208 3191
f 3191 3208 3192
f 3208 3209 3192
f 3192 3209 3193
f 3209 3210 3193
f 3193 3210 3194
f 3210 3211 3194
f 3194 3211 3195
f 3211 3212 3195
f 3195 3212 3196
f 3212 3213 3196
f 3196 3213 3197
f 3213 3214 3197
f 3197 3214 3198
f 3214 3215 3198
f 3198 3215 3199
f 3215 3216 3199
f 3199 3216 3200
f 3216 3217 3200
f 3200 3217 3201
f 3217 3202 3201
f 3201 3202 3186
f 3202 1875 3186
f 3186 1875 1874
f 3218 1878 1877
f 2069 2068 2070
f 2068 3219 2070
f 2070 3219 3203
f 3219 3220 3203
f 3203 3220 3204
f 3220 3221 3204
f 3204 3221 3205
f 3221 3222 3205
f 3205 3222 3206
f 3222 3223 3206
f 3206 3223 3207
f 3223 3224 3207
f 3207 3224 3208
f 3224 3225 3208
f 3208 3225 3209
f 3225 3226 3209
f 3209 3226 3210
f 3226 3227 3210
f 3210 3227 3211
f 3227 3228 3211
f 3211 3228 3212
f 3228 3229 3212
f 3212 3229 3213
f 3229 3230 3213
f 3213 3230 3214
f 3230 3231 3214
f 3214 3231 3215
f 3231 3232 3215
f 3215 3232 3216
f 3232 3233 3216
f 3216 3233 3217
f 3233 3218 3217
f 3217 3218 3202
f 3218 1877 3202
f 3202 1877 1876
f 3234 1880 1879
f 2067 2066 2068
f 2066 3235 2068
f 2068 3235 3219
f 3235 3236 3219
f 3219 3236 3220
f 3236 3237 3220
f 3220 3237 3221
f 3237 3238 3221
f 3221 3238 3222
f 3238 3239 3222
f 3222 3239 3223
f 3239 3240 3223
f 3223 3240 3224
f 3240 3241 3224
f 3224 3241 3225
f 3241 3242 3225
f 3225 3242 3226
f 3242 3243 3226
f 3226 3243 3227
f 3243 3244 3227
f 3227 3244 3228
f 3244 3245 3228
f 3228 3245 3229
f 3245 3246 3229
f 3229 3246 3230
f 3246 3247 3230
f 3230 3247 3231
f 3247 3248 3231
f 3231 3248 3232
f 3248 3249 3232
f 3232 3249 3233
f 3249 3234 3233
f 3233 3234 3218
f 3234 1879 3218
f 3218 1879 1878
f 1885 1884 2127
f 1884 1883 2127
f 2127 1883 2128
f 1883 1882 2128
f 2128 1882 1881
f 2065 2064 2066
f 2064 2098 2066
f 2066 2098 3235
f 2098 2100 3235
f 3235 2100 3236
f 2100 2102 3236
f 3236 2102 3237
f 2102 2104 3237
f 3237 2104 3238
f 2104 2106 3238
f 3238 2106 3239
f 2106 2108 3239
f 3239 2108 3240
f 2108 2110 3240
f 3240 2110 3241
f 2110 2112 3241
f 3241 2112 3242
f 2112 2114 3242
f 3242 2114 3243
f 2114 2116 3243
f 3243 2116 3244
f 2116 2118 3244
f 3244 2118 3245
f 2118 2120 3245
f 3245 2120 3246
f 2120 2122 3246
f 3246 2122 3247
f 2122 2124 3247
f 3247 2124 3248
f 2124 2126 3248
f 3248 2126 3249
f 2126 2128 3249
f 3249 2128 3234
f 2128 1881 3234
f 3234 1881 1880
f 3250 2000 3251
f 2000 2002 3251
f 3251 2002 3252
f 2002 2004 3252
f 3252 2004 3253
f 2004 2006 3253
f 3253 2006 3254
f 2006 2008 3254
f 3254 2008 3255
f 2008 2010 3255
f 3255 2010 3256
f 2010 2012 3256
f 3256 2012 3257
f 2012 2014 3257
f 3257 2014 3258
f 2014 2016 3258
f 3258 2016 3259
f 2016 2018 3259
f 3259 2018 3260
f 2018 2020 3260
f 3260 2020 3261
f 2020 2022 3261
f 3261 2022 3262
f 2022 2024 3262
f 3262 2024 3263
f 2024 2026 3263
f 3263 2026 3264
f 2026 2028 3264
f 3264 2028 3265
f 2028 2030 3265
f 3265 2030 3266
f 2030 2032 3266
f 3266 2032 3267
f 2032 2034 3267
f 3267 2034 3268
f 2034 2036 3268
f 3268 2036 3269
f 2036 2038 3269
f 3269 2038 3270
f 2038 2040 3270
f 3270 2040 3271
f 2040 2042 3271
f 3271 2042 3272
f 2042 2044 3272
f 3272 2044 3273
f 2044 2046 3273
f 3273 2046 3274
f 2046 2048 3274
f 3274 2048 3275
f 2048 2050 3275
f 3275 2050 3276
f 2050 2052 3276
f 3276 2052 3277
f 2052 2054 3277
f 3277 2054 3278
f 2054 2056 3278
f 3278 2056 3279
f 2056 2058 3279
f 3279 2058 3280
f 2058 2060 3280
f 3280 2060 3281
f 2060 2063 3281
f 3281 2063 3282
f 2063 2062 3282
f 3282 2062 3283
f 2062 2065 3283
f 3283 2065 3284
f 2065 2067 3284
f 3284 2067 3285
f 2067 2069 3285
f 3285 2069 3286
f 2069 2071 3286
f 3286 2071 3287
f 2071 2073 3287
f 3287 2073 3288
f 2073 2075 3288
f 3288 2075 3289
f 2075 2077 3289
f 3289 2077 3290
f 2077 2079 3290
f 3290 2079 3291
f 2079 2081 3291
f 3291 2081 3292
f 2081 2083 3292
f 3292 2083 3293
f 2083 2085 3293
f 3293 2085 3294
f 2085 2087 3294
f 3294 2087 3295
f 2087 2089 3295
f 3295 2089 3296
f 2089 2091 3296
f 3296 2091 3297
f 2091 2093 3297
f 3297 2093 3298
f 2093 2095 3298
f 3298 2095 3299
f 2095 1956 3299
f 3299 1956 3300
f 1956 1955 3300
f 3300 1955 3301
f 1955 1958 3301
f 3301 1958 3302
f 1958 1960 3302
f 3302 1960 3303
f 1960 1962 3303
f 3303 1962 3304
f 1962 1964 3304
f 3304 1964 3305
f 1964 1966 3305
f 3305 1966 3306
f 1966 1968 3306
f 3306 1968 3307
f 1968 1970 3307
f 3307 1970 3308
f 1970 1972 3308
f 3308 1972 3309
f 1972 1974 3309
f 3309 1974 3310
f 1974 1976 3310
f 3310 1976 3311
f 1976 1978 3311
f 3311 1978 3312
f 1978 1980 3312
f 3312 1980 3313
f 1980 1982 3313
f 3313 1982 3314
f 1982 1984 3314
f 3314 1984 3315
f 1984 1986 3315
f 3315 1986 3316
f 1986 1988 3316
f 3316 1988 3317
f 1988 1990 3317
f 3317 1990 3318
f 1990 1992 3318
f 3318 1992 3319
f 1992 1994 3319
f 3319 1994 3320
f 1994 1996 3320
f 3320 1996 3321
f 1996 1998 3321
f 3321 1998 3250
f 1998 2000 3250
f 3322 3262 3263
f 3322 3323 3262
f 3323 3324 3262
f 3262 3324 3261
f 3324 3325 3261
f 3325 3326 3261
f 3261 3326 3260
f 3326 3327 3260
f 3327 3328 3260
f 3260 3328 3259
f 3328 3329 3259
f 3329 3330 3259
f 3259 3330 3258
f 3330 3331 3258
f 3331 3332 3258
f 3258 3332 3257
f 3332 3333 3257
f 3333 3334 3257
f 3257 3334 3256
f 3334 3335 3256
f 3335 3336 3256
f 3256 3336 3255
f 3336 3337 3255
f 3337 3338 3255
f 3255 3338 3254
f 3338 3339 3254
f 3339 3340 3254
f 3254 3340 3253
f 3340 3341 3253
f 3341 3342 3253
f 3253 3342 3252
f 3342 3343 3252
f 3343 3344 3252
f 3252 3344 3251
f 3344 3345 3251
f 3345 3346 3251
f 3251 3346 3250
f 3346 3347 3250
f 3347 3348 3250
f 3250 3348 3321
f 3348 3349 3321
f 3349 3350 3321
f 3321 3350 3320
f 3350 3351 3320
f 3351 3352 3320
f 3320 3352 3319
f 3352 3353 3319
f 3353 3354 3319
f 3319 3354 3318
f 3354 3355 3318
f 3355 3356 3318
f 3318 3356 3317
f 3356 3357 3317
f 3357 3358 3317
f 3317 3358 3316
f 3358 3359 3316
f 3359 3360 3316
f 3316 3360 3315
f 3360 3361 3315
f 3361 3362 3315
f 3315 3362 3314
f 3362 3363 3314
f 3363 3364 3314
f 3314 3364 3313
f 3364 3365 3313
f 3365 3366 3313
f 3313 3366 3312
f 3366 3367 3312
f 3367 3368 3312
f 3312 3368 3311
f 3368 3369 3311
f 3369 3370 3311
f 3311 3370 3310
f 3370 3371 3310
f 3371 3372 3310
f 3310 3372 3309
f 3372 3373 3309
f 3373 3374 3309
f 3309 3374 3308
f 3374 3375 3308
f 3375 3376 3308
f 3308 3376 3307
f 3376 3377 3307
f 3377 3378 3307
f 3307 3378 3306
f 3378 3379 3306
f 3379 3380 3306
f 3306 3380 3305
f 3380 3381 3305
f 3381 3382 3305
f 3305 3382 3304
f 3382 3383 3304
f 3383 3384 3304
f 3304 3384 3303
f 3384 3385 3303
f 3385 3386 3303
f 3303 3386 3302
f 3386 3387 3302
f 3387 3388 3302
f 3302 3388 3301
f 3388 3389 3301
f 3389 3390 3301
f 3301 3390 3300
f 3390 3391 3300
f 3391 3392 3300
f 3300 3392 3299
f 3392 3393 3299
f 3393 3394 3299
f 3299 3394 3298
f 3394 3395 3298
f 3395 3396 3298
f 3298 3396 3297
f 3396 3397 3297
f 3397 3398 3297
f 3297 3398 3296
f 3398 3399 3296
f 3399 3400 3296
f 3296 3400 3295
f 3400 3401 3295
f 3401 3402 3295
f 3295 3402 3294
f 3402 3403 3294
f 3403 3404 3294
f 3294 3404 3293
f 3404 3405 3293
f 3405 3406 3293
f 3293 3406 3292
f 3406 3407 3292
f 3407 3408 3292
f 3292 3408 3291
f 3408 3409 3291
f 3409 3410 3291
f 3291 3410 3290
f 3410 3411 3290
f 3411 3412 3290
f 3290 3412 3289
f 3412 3413 3289
f 3413 3414 3289
f 3289 3414 3288
f 3414 3415 3288
f 3415 3416 3288
f 3288 3416 3287
f 3416 3417 3287
f 3417 3418 3287
f 3287 3418 3286
f 3418 3419 3286
f 3419 3420 3286
f 3286 3420 3285
f 3420 3421 3285
f 3421 3422 3285
f 3285 3422 3284
f 3422 3423 3284
f 3423 3424 3284
f 3284 3424 3283
f 3424 3425 3283
f 3425 3426 3283
f 3283 3426 3282
f 3426 3427 3282
f 3427 3428 3282
f 3282 3428 3281
f 3428 3429 3281
f 3429 3430 3281
f 3281 3430 3280
f 3430 3431 3280
f 3431 3432 3280
f 3280 3432 3279
f 3432 3433 3279
f 3433 3434 3279
f 3279 3434 3278
f 3434 3435 3278
f 3435 3436 3278
f 3278 3436 3277
f 3436 3437 3277
f 3437 3438 3277
f 3277 3438 3276
f 3438 3439 3276
f 3439 3440 3276
f 3276 3440 3275
f 3440 3441 3275
f 3441 3442 3275
f 3275 3442 3274
f 3442 3443 3274
f 3443 3444 3274
f 3274 3444 3273
f 3444 3445 3273
f 3445 3446 3273
f 3273 3446 3272
f 3446 3447 3272
f 3447 3448 3272
f 3272 3448 3271
f 3448 3449 3271
f 3449 3450 3271
f 3271 3450 3270
f 3450 3451 3270
f 3451 3452 3270
f 3270 3452 3269
f 3452 3453 3269
f 3453 3454 3269
f 3269 3454 3268
f 3454 3455 3268
f 3455 3456 3268
f 3268 3456 3267
f 3456 3457 3267
f 3457 3458 3267
f 3267 3458 3266
f 3458 3459 3266
f 3459 3460 3266
f 3266 3460 3265
f 3460 3461 3265
f 3461 3462 3265
f 3265 3462 3264
f 3462 3463 3264
f 3463 3464 3264
f 3264 3464 3263
f 3464 3465 3263
f 3263 3465 3322
f 3393 3392 3466
f 3391 3390 3467
f 3389 3388 3468
f 3387 3386 3469
f 3385 3384 3470
f 3383 3382 3471
f 3381 3380 3472
f 3379 3378 3473
f 3377 3376 3474
f 3375 3374 3475
f 3373 3372 3476
f 3371 3370 3477
f 3369 3368 3478
f 3367 3366 3479
f 3365 3364 3480
f 3363 3362 3481
f 3361 3360 3482
f 3359 3358 3483
f 3357 3356 3484
f 3355 3354 3485
f 3353 3352 3486
f 3351 3350 3487
f 3349 3348 3488
f 3347 3346 3489
f 3345 3344 3490
f 3343 3342 3491
f 3341 3340 3492
f 3339 3338 3493
f 3337 3336 3494
f 3335 3334 3495
f 3333 3332 3496
f 3331 3330 3497
f 3329 3328 3498
f 3327 3326 3499
f 3325 3324 3500
f 3323 3322 3501
f 3465 3464 3502
f 3463 3462 3503
f 3461 3460 3504
f 3459 3458 3505
f 3457 3456 3506
f 3455 3454 3507
f 3453 3452 3508
f 3451 3450 3509
f 3449 3448 3510
f 3447 3446 3511
f 3445 3444 3512
f 3443 3442 3513
f 3441 3440 3514
f 3439 3438 3515
f 3437 3436 3516
f 3435 3434 3517
f 3433 3432 3518
f 3431 3430 3519
f 3429 3428 3520
f 3427 3426 3521
f 3425 3424 3522
f 3423 3422 3523
f 3421 3420 3524
f 3419 3418 3525
f 3417 3416 3526
f 3415 3414 3527
f 3413 3412 3528
f 3411 3410 3529
f 3409 3408 3530
f 3407 3406 3531
f 3405 3404 3532
f 3403 3402 3533
f 3401 3400 3534
f 3399 3398 3535
f 3397 3396 3536
f 3395 3394 3537
f 3396 3395 3536
f 3395 3537 3536
f 3536 3537 3538
f 3537 3539 3538
f 3538 3539 3540
f 3539 3541 3540
f 3540 3541 3542
f 3541 3543 3542
f 3542 3543 3544
f 3543 3545 3544
f 3544 3545 3546
f 3545 3547 3546
f 3546 3547 3548
f 3547 3549 3548
f 3548 3549 3550
f 3549 3551 3550
f 3550 3551 3552
f 3551 3553 3552
f 3552 3553 3554
f 3553 3555 3554
f 3554 3555 3556
f 3555 3557 3556
f 3556 3557 3558
f 3557 3559 3558
f 3558 3559 3560
f 3559 3561 3560
f 3560 3561 3562
f 3561 3563 3562
f 3562 3563 3564
f 3563 3565 3564
f 3564 3565 3566
f 3565 3567 3566
f 3566 3567 3568
f 3567 3569 3568
f 3568 3569 3570
f 3569 3571 3570
f 3398 3397 3535
f 3397 3536 3535
f 3535 3536 3572
f 3536 3538 3572
f 3572 3538 3573
f 3538 3540 3573
f 3573 3540 3574
f 3540 3542 3574
f 3574 3542 3575
f 3542 3544 3575
f 3575 3544 3576
f 3544 3546 3576
f 3576 3546 3577
f 3546 3548 3577
f 3577 3548 3578
f 3548 3550 3578
f 3578 3550 3579
f 3550 3552 3579
f 3579 3552 3580
f 3552 3554 3580
f 3580 3554 3581
f 3554 3556 3581
f 3581 3556 3582
f 3556 3558 3582
f 3582 3558 3583
f 3558 3560 3583
f 3583 3560 3584
f 3560 3562 3584
f 3584 3562 3585
f 3562 3564 3585
f 3585 3564 3586
f 3564 3566 3586
f 3586 3566 3587
f 3566 3568 3587
f 3587 3568 3588
f 3568 3570 3588
f 3400 3399 3534
f 3399 3535 3534
f 3534 3535 3589
f 3535 3572 3589
f 3589 3572 3590
f 3572 3573 3590
f 3590 3573 3591
f 3573 3574 3591
f 3591 3574 3592
f 3574 3575 3592
f 3592 3575 3593
f 3575 3576 3593
f 3593 3576 3594
f 3576 3577 3594
f 3594 3577 3595
f 3577 3578 3595
f 3595 3578 3596
f 3578 3579 3596
f 3596 3579 3597
f 3579 3580 3597
f 3597 3580 3598
f 3580 3581 3598
f 3598 3581 3599
f 3581 3582 3599
f 3599 3582 3600
f 3582 3583 3600
f 3600 3583 3601
f 3583 3584 3601
f 3601 3584 3602
f 3584 3585 3602
f 3602 3585 3603
f 3585 3586 3603
f 3603 3586 3604
f 3586 3587 3604
f 3604 3587 3605
f 3587 3588 3605
f 3402 3401 3533
f 3401 3534 3533
f 3533 3534 3606
f 3534 3589 3606
f 3606 3589 3607
f 3589 3590 3607
f 3607 3590 3608
f 3590 3591 3608
f 3608 3591 3609
f 3591 3592 3609
f 3609 3592 3610
f 3592 3593 3610
f 3610 3593 3611
f 3593 3594 3611
f 3611 3594 3612
f 3594 3595 3612
f 3612 3595 3613
f 3595 3596 3613
f 3613 3596 3614
f 3596 3597 3614
f 3614 3597 3615
f 3597 3598 3615
f 3615 3598 3616
f 3598 3599 3616
f 3616 3599 3617
f 3599 3600 3617
f 3617 3600 3618
f 3600 3601 3618
f 3618 3601 3619
f 3601 3602 3619
f 3619 3602 3620
f 3602 3603 3620
f 3620 3603 3621
f 3603 3604 3621
f 3621 3604 3622
f 3604 3605 3622
f 3404 3403 3532
f 3403 3533 3532
f 3532 3533 3623
f 3533 3606 3623
f 3623 3606 3624
f 3606 3607 3624
f 3624 3607 3625
f 3607 3608 3625
f 3625 3608 3626
f 3608 3609 3626
f 3626 3609 3627
f 3609 3610 3627
f 3627 3610 3628
f 3610 3611 3628
f 3628 3611 3629
f 3611 3612 3629
f 3629 3612 3630
f 3612 3613 3630
f 3630 3613 3631
f 3613 3614 3631
f 3631 3614 3632
f 3614 3615 3632
f 3632 3615 3633
f 3615 3616 3633
f 3633 3616 3634
f 3616 3617 3634
f 3634 3617 3635
f 3617 3618 3635
f 3635 3618 3636
f 3618 3619 3636
f 3636 3619 3637
f 3619 3620 3637
f 3637 3620 3638
f 3620 3621 3638
f 3638 3621 3639
f 3621 3622 3639
f 3406 3405 3531
f 3405 3532 3531
f 3531 3532 3640
f 3532 3623 3640
f 3640 3623 3641
f 3623 3624 3641
f 3641 3624 3642
f 3624 3625 3642
f 3642 3625 3643
f 3625 3626 3643
f 3643 3626 3644
f 3626 3627 3644
f 3644 3627 3645
f 3627 3628 3645
f 3645 3628 3646
f 3628 3629 3646
f 3646 3629 3647
f 3629 3630 3647
f 3647 3630 3648
f 3630 3631 3648
f 3648 3631 3649
f 3631 3632 3649
f 3649 3632 3650
f 3632 3633 3650
f 3650 3633 3651
f 3633 3634 3651
f 3651 3634 3652
f 3634 3635 3652
f 3652 3635 3653
f 3635 3636 3653
f 3653 3636 3654
f 3636 3637 3654
f 3654 3637 3655
f 3637 3638 3655
f 3655 3638 3656
f 3638 3639 3656
f 3408 3407 3530
f 3407 3531 3530
f 3530 3531 3657
f 3531 3640 3657
f 3657 3640 3658
f 3640 3641 3658
f 3658 3641 3659
f 3641 3642 3659
f 3659 3642 3660
f 3642 3643 3660
f 3660 3643 3661
f 3643 3644 3661
f 3661 3644 3662
f 3644 3645 3662
f 3662 3645 3663
f 3645 3646 3663
f 3663 3646 3664
f 3646 3647 3664
f 3664 3647 3665
f 3647 3648 3665
f 3665 3648 3666
f 3648 3649 3666
f 3666 3649 3667
f 3649 3650 3667
f 3667 3650 3668
f 3650 3651 3668
f 3668 3651 3669
f 3651 3652 3669
f 3669 3652 3670
f 3652 3653 3670
f 3670 3653 3671
f 3653 3654 3671
f 3671 3654 3672
f 3654 3655 3672
f 3672 3655 3673
f 3655 3656 3673
f 3410 3409 3529
f 3409 3530 3529
f 3529 3530 3674
f 3530 3657 3674
f 3674 3657 3675
f 3657 3658 3675
f 3675 3658 3676
f 3658 3659 3676
f 3676 3659 3677
f 3659 3660 3677
f 3677 3660 3678
f 3660 3661 3678
f 3678 3661 3679
f 3661 3662 3679
f 3679 3662 3680
f 3662 3663 3680
f 3680 3663 3681
f 3663 3664 3681
f 3681 3664 3682
f 3664 3665 3682
f 3682 3665 3683
f 3665 3666 3683
f 3683 3666 3684
f 3666 3667 3684
f 3684 3667 3685
f 3667 3668 3685
f 3685 3668 3686
f 3668 3669 3686
f 3686 3669 3687
f 3669 3670 3687
f 3687 3670 3688
f 3670 3671 3688
f 3688 3671 3689
f 3671 3672 3689
f 3689 3672 3690
f 3672 3673 3690
f 3412 3411 3528
f 3411 3529 3528
f 3528 3529 3691
f 3529 3674 3691
f 3691 3674 3692
f 3674 3675 3692
f 3692 3675 3693
f 3675 3676 3693
f 3693 3676 3694
f 3676 3677 3694
f 3694 3677 3695
f 3677 3678 3695
f 3695 3678 3696
f 3678 3679 3696
f 3696 3679 3697
f 3679 3680 3697
f 3697 3680 3698
f 3680 3681 3698
f 3698 3681 3699
f 3681 3682 3699
f 3699 3682 3700
f 3682 3683 3700
f 3700 3683 3701
f 3683 3684 3701
f 3701 3684 3702
f 3684 3685 3702
f 3702 3685 3703
f 3685 3686 3703
f 3703 3686 3704
f 3686 3687 3704
f 3704 3687 3705
f 3687 3688 3705
f 3705 3688 3706
f 3688 3689 3706
f 3706 3689 3707
f 3689 3690 3707
f 3414 3413 3527
f 3413 3528 3527
f 3527 3528 3708
f 3528 3691 3708
f 3708 3691 3709
f 3691 3692 3709
f 3709 3692 3710
f 3692 3693 3710
f 3710 3693 3711
f 3693 3694 3711
f 3711 3694 3712
f 3694 3695 3712
f 3712 3695 3713
f 3695 3696 3713
f 3713 3696 3714
f 3696 3697 3714
f 3714 3697 3715
f 3697 3698 3715
f 3715 3698 3716
f 3698 3699 3716
f 3716 3699 3717
f 3699 3700 3717
f 3717 3700 3718
f 3700 3701 3718
f 3718 3701 3719
f 3701 3702 3719
f 3719 3702 3720
f 3702 3703 3720
f 3720 3703 3721
f 3703 3704 3721
f 3721 3704 3722
f 3704 3705 3722
f 3722 3705 3723
f 3705 3706 3723
f 3723 3706 3724
f 3706 3707 3724
f 3416 3415 3526
f 3415 3527 3526
f 3526 3527 3725
f 3527 3708 3725
f 3725 3708 3726
f 3708 3709 3726
f 3726 3709 3727
f 3709 3710 3727
f 3727 3710 3728
f 3710 3711 3728
f 3728 3711 3729
f 3711 3712 3729
f 3729 3712 3730
f 3712 3713 3730
f 3730 3713 3731
f 3713 3714 3731
f 3731 3714 3732
f 3714 3715 3732
f 3732 3715 3733
f 3715 3716 3733
f 3733 3716 3734
f 3716 3717 3734
f 3734 3717 3735
f 3717 3718 3735
f 3735 3718 3736
f 3718 3719 3736
f 3736 3719 3737
f 3719 3720 3737
f 3737 3720 3738
f 3720 3721 3738
f 3738 3721 3739
f 3721 3722 3739
f 3739 3722 3740
f 3722 3723 3740
f 3740 3723 3741
f 3723 3724 3741
f 3418 3417 3525
f 3417 3526 3525
f 3525 3526 3742
f 3526 3725 3742
f 3742 3725 3743
f 3725 3726 3743
f 3743 3726 3744
f 3726 3727 3744
f 3744 3727 3745
f 3727 3728 3745
f 3745 3728 3746
f 3728 3729 3746
f 3746 3729 3747
f 3729 3730 3747
f 3747 3730 3748
f 3730 3731 3748
f 3748 3731 3749
f 3731 3732 3749
f 3749 3732 3750
f 3732 3733 3750
f 3750 3733 3751
f 3733 3734 3751
f 3751 3734 3752
f 3734 3735 3752
f 3752 3735 3753
f 3735 3736 3753
f 3753 3736 3754
f 3736 3737 3754
f 3754 3737 3755
f 3737 3738 3755
f 3755 3738 3756
f 3738 3739 3756
f 3756 3739 3757
f 3739 3740 3757
f 3757 3740 3758
f 3740 3741 3758
f 3420 3419 3524
f 3419 3525 3524
f 3524 3525 3759
f 3525 3742 3759
f 3759 3742 3760
f 3742 3743 3760
f 3760 3743 3761
f 3743 3744 3761
f 3761 3744 3762
f 3744 3745 3762
f 3762 3745 3763
f 3745 3746 3763
f 3763 3746 3764
f 3746 3747 3764
f 3764 3747 3765
f 3747 3748 3765
f 3765 3748 3766
f 3748 3749 3766
f 3766 3749 3767
f 3749 3750 3767
f 3767 3750 3768
f 3750 3751 3768
f 3768 3751 3769
f 3751 3752 3769
f 3769 3752 3770
f 3752 3753 3770
f 3770 3753 3771
f 3753 3754 3771
f 3771 3754 3772
f 3754 3755 3772
f 3772 3755 3773
f 3755 3756 3773
f 3773 3756 3774
f 3756 3757 3774
f 3774 3757 3775
f 3757 3758 3775
f 3422 3421 3523
f 3421 3524 3523
f 3523 3524 3776
f 3524 3759 3776
f 3776 3759 3777
f 3759 3760 3777
f 3777 3760 3778
f 3760 3761 3778
f 3778 3761 3779
f 3761 3762 3779
f 3779 3762 3780
f 3762 3763 3780
f 3780 3763 3781
f 3763 3764 3781
f 3781 3764 3782
f 3764 3765 3782
f 3782 3765 3783
f 3765 3766 3783
f 3783 3766 3784
f 3766 3767 3784
f 3784 3767 3785
f 3767 3768 3785
f 3785 3768 3786
f 3768 3769 3786
f 3786 3769 3787
f 3769 3770 3787
f 3787 3770 3788
f 3770 3771 3788
f 3788 3771 3789
f 3771 3772 3789
f 3789 3772 3790
f 3772 3773 3790
f 3790 3773 3791
f 3773 3774 3791
f 3791 3774 3792
f 3774 3775 3792
f 3424 3423 3522
f 3423 3523 3522
f 3522 3523 3793
f 3523 3776 3793
f 3793 3776 3794
f 3776 3777 3794
f 3794 3777 3795
f 3777 3778 3795
f 3795 3778 3796
f 3778 3779 3796
f 3796 3779 3797
f 3779 3780 3797
f 3797 3780 3798
f 3780 3781 3798
f 3798 3781 3799
f 3781 3782 3799
f 3799 3782 3800
f 3782 3783 3800
f 3800 3783 3801
f 3783 3784 3801
f 3801 3784 3802
f 3784 3785 3802
f 3802 3785 3803
f 3785 3786 3803
f 3803 3786 3804
f 3786 3787 3804
f 3804 3787 3805
f 3787 3788 3805
f 3805 3788 3806
f 3788 3789 3806
f 3806 3789 3807
f 3789 3790 3807
f 3807 3790 3808
f 3790 3791 3808
f 3808 3791 3809
f 3791 3792 3809
f 3426 3425 3521
f 3425 3522 3521
f 3521 3522 3810
f 3522 3793 3810
f 3810 3793 3811
f 3793 3794 3811
f 3811 3794 3812
f 3794 3795 3812
f 3812 3795 3813
f 3795 3796 3813
f 3813 3796 3814
f 3796 3797 3814
f 3814 3797 3815
f 3797 3798 3815
f 3815 3798 3816
f 3798 3799 3816
f 3816 3799 3817
f 3799 3800 3817
f 3817 3800 3818
f 3800 3801 3818
f 3818 3801 3819
f 3801 3802 3819
f 3819 3802 3820
f 3802 3803 3820
f 3820 3803 3821
f 3803 3804 3821
f 3821 3804 3822
f 3804 3805 3822
f 3822 3805 3823
f 3805 3806 3823
f 3823 3806 3824
f 3806 3807 3824
f 3824 3807 3825
f 3807 3808 3825
f 3825 3808 3826
f 3808 3809 3826
f 3428 3427 3520
f 3427 3521 3520
f 3520 3521 3827
f 3521 3810 3827
f 3827 3810 3828
f 3810 3811 3828
f 3828 3811 3829
f 3811 3812 3829
f 3829 3812 3830
f 3812 3813 3830
f 3830 3813 3831
f 3813 3814 3831
f 3831 3814 3832
f 3814 3815 3832
f 3832 3815 3833
f 3815 3816 3833
f 3833 3816 3834
f 3816 3817 3834
f 3834 3817 3835
f 3817 3818 3835
f 3835 3818 3836
f 3818 3819 3836
f 3836 3819 3837
f 3819 3820 3837
f 3837 3820 3838
f 3820 3821 3838
f 3838 3821 3839
f 3821 3822 3839
f 3839 3822 3840
f 3822 3823 3840
f 3840 3823 3841
f 3823 3824 3841
f 3841 3824 3842
f 3824 3825 3842
f 3842 3825 3843
f 3825 3826 3843
f 3430 3429 3519
f 3429 3520 3519
f 3519 3520 3844
f 3520 3827 3844
f 3844 3827 3845
f 3827 3828 3845
f 3845 3828 3846
f 3828 3829 3846
f 3846 3829 3847
f 3829 3830 3847
f 3847 3830 3848
f 3830 3831 3848
f 3848 3831 3849
f 3831 3832 3849
f 3849 3832 3850
f 3832 3833 3850
f 3850 3833 3851
f 3833 3834 3851
f 3851 3834 3852
f 3834 3835 3852
f 3852 3835 3853
f 3835 3836 3853
f 3853 3836 3854
f 3836 3837 3854
f 3854 3837 3855
f 3837 3838 3855
f 3855 3838 3856
f 3838 3839 3856
f 3856 3839 3857
f 3839 3840 3857
f 3857 3840 3858
f 3840 3841 3858
f 3858 3841 3859
f 3841 3842 3859
f 3859 3842 3860
f 3842 3843 3860
f 3432 3431 3518
f 3431 3519 3518
f 3518 3519 3861
f 3519 3844 3861
f 3861 3844 3862
f 3844 3845 3862
f 3862 3845 3863
f 3845 3846 3863
f 3863 3846 3864
f 3846 3847 3864
f 3864 3847 3865
f 3847 3848 3865
f 3865 3848 3866
f 3848 3849 3866
f 3866 3849 3867
f 3849 3850 3867
f 3867 3850 3868
f 3850 3851 3868
f 3868 3851 3869
f 3851 3852 3869
f 3869 3852 3870
f 3852 3853 3870
f 3870 3853 3871
f 3853 3854 3871
f 3871 3854 3872
f 3854 3855 3872
f 3872 3855 3873
f 3855 3856 3873
f 3873 3856 3874
f 3856 3857 3874
f 3874 3857 3875
f 3857 3858 3875
f 3875 3858 3876
f 3858 3859 3876
f 3876 3859 3877
f 3859 3860 3877
f 3434 3433 3517
f 3433 3518 3517
f 3517 3518 3878
f 3518 3861 3878
f 3878 3861 3879
f 3861 3862 3879
f 3879 3862 3880
f 3862 3863 3880
f 3880 3863 3881
f 3863 3864 3881
f 3881 3864 3882
f 3864 3865 3882
f 3882 3865 3883
f 3865 3866 3883
f 3883 3866 3884
f 3866 3867 3884
f 3884 3867 3885
f 3867 3868 3885
f 3885 3868 3886
f 3868 3869 3886
f 3886 3869 3887
f 3869 3870 3887
f 3887 3870 3888
f 3870 3871 3888
f 3888 3871 3889
f 3871 3872 3889
f 3889 3872 3890
f 3872 3873 3890
f 3890 3873 3891
f 3873 3874 3891
f 3891 3874 3892
f 3874 3875 3892
f 3892 3875 3893
f 3875 3876 3893
f 3893 3876 3894
f 3876 3877 3894
f 3436 3435 3516
f 3435 3517 3516
f 3516 3517 3895
f 3517 3878 3895
f 3895 3878 3896
f 3878 3879 3896
f 3896 3879 3897
f 3879 3880 3897
f 3897 3880 3898
f 3880 3881 3898
f 3898 3881 3899
f 3881 3882 3899
f 3899 3882 3900
f 3882 3883 3900
f 3900 3883 3901
f 3883 3884 3901
f 3901 3884 3902
f 3884 3885 3902
f 3902 3885 3903
f 3885 3886 3903
f 3903 3886 3904
f 3886 3887 3904
f 3904 3887 3905
f 3887 3888 3905
f 3905 3888 3906
f 3888 3889 3906
f 3906 3889 3907
f 3889 3890 3907
f 3907 3890 3908
f 3890 3891 3908
f 3908 3891 3909
f 3891 3892 3909
f 3909 3892 3910
f 3892 3893 3910
f 3910 3893 3911
f 3893 3894 3911
f 3438 3437 3515
f 3437 3516 3515
f 3515 3516 3912
f 3516 3895 3912
f 3912 3895 3913
f 3895 3896 3913
f 3913 3896 3914
f 3896 3897 3914
f 3914 3897 3915
f 3897 3898 3915
f 3915 3898 3916
f 3898 3899 3916
f 3916 3899 3917
f 3899 3900 3917
f 3917 3900 3918
f 3900 3901 3918
f 3918 3901 3919
f 3901 3902 3919
f 3919 3902 3920
f 3902 3903 3920
f 3920 3903 3921
f 3903 3904 3921
f 3921 3904 3922
f 3904 3905 3922
f 3922 3905 3923
f 3905 3906 3923
f 3923 3906 3924
f 3906 3907 3924
f 3924 3907 3925
f 3907 3908 3925
f 3925 3908 3926
f 3908 3909 3926
f 3926 3909 3927
f 3909 3910 3927
f 3927 3910 3928
f 3910 3911 3928
f 3440 3439 3514
f 3439 3515 3514
f 3514 3515 3929
f 3515 3912 3929
f 3929 3912 3930
f 3912 3913 3930
f 3930 3913 3931
f 3913 3914 3931
f 3931 3914 3932
f 3914 3915 3932
f 3932 3915 3933
f 3915 3916 3933
f 3933 3916 3934
f 3916 3917 3934
f 3934 3917 3935
f 3917 3918 3935
f 3935 3918 3936
f 3918 3919 3936
f 3936 3919 3937
f 3919 3920 3937
f 3937 3920 3938
f 3920 3921 3938
f 3938 3921 3939
f 3921 3922 3939
f 3939 3922 3940
f 3922 3923 3940
f 3940 3923 3941
f 3923 3924 3941
f 3941 3924 3942
f 3924 3925 3942
f 3942 3925 3943
f 3925 3926 3943
f 3943 3926 3944
f 3926 3927 3944
f 3944 3927 3945
f 3927 3928 3945
f 3442 3441 3513
f 3441 3514 3513
f 3513 3514 3946
f 3514 3929 3946
f 3946 3929 3947
f 3929 3930 3947
f 3947 3930 3948
f 3930 3931 3948
f 3948 3931 3949
f 3931 3932 3949
f 3949 3932 3950
f 3932 3933 3950
f 3950 3933 3951
f 3933 3934 3951
f 3951 3934 3952
f 3934 3935 3952
f 3952 3935 3953
f 3935 3936 3953
f 3953 3936 3954
f 3936 3937 3954
f 3954 3937 3955
f 3937 3938 3955
f 3955 3938 3956
f 3938 3939 3956
f 3956 3939 3957
f 3939 3940 3957
f 3957 3940 3958
f 3940 3941 3958
f 3958 3941 3959
f 3941 3942 3959
f 3959 3942 3960
f 3942 3943 3960
f 3960 3943 3961
f 3943 3944 3961
f 3961 3944 3962
f 3944 3945 3962
f 3444 3443 3512
f 3443 3513 3512
f 3512 3513 3963
f 3513 3946 3963
f 3963 3946 3964
f 3946 3947 3964
f 3964 3947 3965
f 3947 3948 3965
f 3965 3948 3966
f 3948 3949 3966
f 3966 3949 3967
f 3949 3950 3967
f 3967 3950 3968
f 3950 3951 3968
f 3968 3951 3969
f 3951 3952 3969
f 3969 3952 3970
f 3952 3953 3970
f 3970 3953 3971
f 3953 3954 3971
f 3971 3954 3972
f 3954 3955 3972
f 3972 3955 3973
f 3955 3956 3973
f 3973 3956 3974
f 3956 3957 3974
f 3974 3957 3975
f 3957 3958 3975
f 3975 3958 3976
f 3958 3959 3976
f 3976 3959 3977
f 3959 3960 3977
f 3977 3960 3978
f 3960 3961 3978
f 3978 3961 3979
f 3961 3962 3979
f 3446 3445 3511
f 3445 3512 3511
f 3511 3512 3980
f 3512 3963 3980
f 3980 3963 3981
f 3963 3964 3981
f 3981 3964 3982
f 3964 3965 3982
f 3982 3965 3983
f 3965 3966 3983
f 3983 3966 3984
f 3966 3967 3984
f 3984 3967 3985
f 3967 3968 3985
f 3985 3968 3986
f 3968 3969 3986
f 3986 3969 3987
f 3969 3970 3987
f 3987 3970 3988
f 3970 3971 3988
f 3988 3971 3989
f 3971 3972 3989
f 3989 3972 3990
f 3972 3973 3990
f 3990 3973 3991
f 3973 3974 3991
f 3991 3974 3992
f 3974 3975 3992
f 3992 3975 3993
f 3975 3976 3993
f 3993 3976 3994
f 3976 3977 3994
f 3994 3977 3995
f 3977 3978 3995
f 3995 3978 3996
f 3978 3979 3996
f 3448 3447 3510
f 3447 3511 3510
f 3510 3511 3997
f 3511 3980 3997
f 3997 3980 3998
f 3980 3981 3998
f 3998 3981 3999
f 3981 3982 3999
f 3999 3982 4000
f 3982 3983 4000
f 4000 3983 4001
f 3983 3984 4001
f 4001 3984 4002
f 3984 3985 4002
f 4002 3985 4003
f 3985 3986 4003
f 4003 3986 4004
f 3986 3987 4004
f 4004 3987 4005
f 3987 3988 4005
f 4005 3988 4006
f 3988 3989 4006
f 4006 3989 4007
f 3989 3990 4007
f 4007 3990 4008
f 3990 3991 4008
f 4008 3991 4009
f 3991 3992 4009
f 4009 3992 4010
f 3992 3993 4010
f 4010 3993 4011
f 3993 3994 4011
f 4011 3994 4012
f 3994 3995 4012
f 4012 3995 4013
f 3995 3996 4013
f 3450 3449 3509
f 3449 3510 3509
f 3509 3510 4014
f 3510 3997 4014
f 4014 3997 4015
f 3997 3998 4015
f 4015 3998 4016
f 3998 3999 4016
f 4016 3999 4017
f 3999 4000 4017
f 4017 4000 4018
f 4000 4001 4018
f 4018 4001 4019
f 4001 4002 4019
f 4019 4002 4020
f 4002 4003 4020
f 4020 4003 4021
f 4003 4004 4021
f 4021 4004 4022
f 4004 4005 4022
f 4022 4005 4023
f 4005 4006 4023
f 4023 4006 4024
f 4006 4007 4024
f 4024 4007 4025
f 4007 4008 4025
f 4025 4008 4026
f 4008 4009 4026
f 4026 4009 4027
f 4009 4010 4027
f 4027 4010 4028
f 4010 4011 4028
f 4028 4011 4029
f 4011 4012 4029
f 4029 4012 4030
f 4012 4013 4030
f 3452 3451 3508
f 3451 3509 3508
f 3508 3509 4031
f 3509 4014 4031
f 4031 4014 4032
f 4014 4015 4032
f 4032 4015 4033
f 4015 4016 4033
f 4033 4016 4034
f 4016 4017 4034
f 4034 4017 4035
f 4017 4018 4035
f 4035 4018 4036
f 4018 4019 4036
f 4036 4019 4037
f 4019 4020 4037
f 4037 4020 4038
f 4020 4021 4038
f 4038 4021 4039
f 4021 4022 4039
f 4039 4022 4040
f 4022 4023 4040
f 4040 4023 4041
f 4023 4024 4041
f 4041 4024 4042
f 4024 4025 4042
f 4042 4025 4043
f 4025 4026 4043
f 4043 4026 4044
f 4026 4027 4044
f 4044 4027 4045
f 4027 4028 4045
f 4045 4028 4046
f 4028 4029 4046
f 4046 4029 4047
f 4029 4030 4047
f 3454 3453 3507
f 3453 3508 3507
f 3507 3508 4048
f 3508 4031 4048
f 4048 4031 4049
f 4031 4032 4049
f 4049 4032 4050
f 4032 4033 4050
f 4050 4033 4051
f 4033 4034 4051
f 4051 4034 4052
f 4034 4035 4052
f 4052 4035 4053
f 4035 4036 4053
f 4053 4036 4054
f 4036 4037 4054
f 4054 4037 4055
f 4037 4038 4055
f 4055 4038 4056
f 4038 4039 4056
f 4056 4039 4057
f 4039 4040 4057
f 4057 4040 4058
f 4040 4041 4058
f 4058 4041 4059
f 4041 4042 4059
f 4059 4042 4060
f 4042 4043 4060
f 4060 4043 4061
f 4043 4044 4061
f 4061 4044 4062
f 4044 4045 4062
f 4062 4045 4063
f 4045 4046 4063
f 4063 4046 4064
f 4046 4047 4064
f 3456 3455 3506
f 3455 3507 3506
f 3506 3507 4065
f 3507 4048 4065
f 4065 4048 4066
f 4048 4049 4066
f 4066 4049 4067
f 4049 4050 4067
f 4067 4050 4068
f 4050 4051 4068
f 4068 4051 4069
f 4051 4052 4069
f 4069 4052 4070
f 4052 4053 4070
f 4070 4053 4071
f 4053 4054 4071
f 4071 4054 4072
f 4054 4055 4072
f 4072 4055 4073
f 4055 4056 4073
f 4073 4056 4074
f 4056 4057 4074
f 4074 4057 4075
f 4057 4058 4075
f 4075 4058 4076
f 4058 4059 4076
f 4076 4059 4077
f 4059 4060 4077
f 4077 4060 4078
f 4060 4061 4078
f 4078 4061 4079
f 4061 4062 4079
f 4079 4062 4080
f 4062 4063 4080
f 4080 4063 4081
f 4063 4064 4081
f 3458 3457 3505
f 3457 3506 3505
f 3505 3506 4082
f 3506 4065 4082
f 4082 4065 4083
f 4065 4066 4083
f 4083 4066 4084
f 4066 4067 4084
f 4084 4067 4085
f 4067 4068 4085
f 4085 4068 4086
f 4068 4069 4086
f 4086 4069 4087
f 4069 4070 4087
f 4087 4070 4088
f 4070 4071 4088
f 4088 4071 4089
f 4071 4072 4089
f 4089 4072 4090
f 4072 4073 4090
f 4090 4073 4091
f 4073 4074 4091
f 4091 4074 4092
f 4074 4075 4092
f 4092 4075 4093
f 4075 4076 4093
f 4093 4076 4094
f 4076 4077 4094
f 4094 4077 4095
f 4077 4078 4095
f 4095 4078 4096
f 4078 4079 4096
f 4096 4079 4097
f 4079 4080 4097
f 4097 4080 4098
f 4080 4081 4098
f 3460 3459 3504
f 3459 3505 3504
f 3504 3505 4099
f 3505 4082 4099
f 4099 4082 4100
f 4082 4083 4100
f 4100 4083 4101
f 4083 4084 4101
f 4101 4084 4102
f 4084 4085 4102
f 4102 4085 4103
f 4085 4086 4103
f 4103 4086 4104
f 4086 4087 4104
f 4104 4087 4105
f 4087 4088 4105
f 4105 4088 4106
f 4088 4089 4106
f 4106 4089 4107
f 4089 4090 4107
f 4107 4090 4108
f 4090 4091 4108
f 4108 4091 4109
f 4091 4092 4109
f 4109 4092 4110
f 4092 4093 4110
f 4110 4093 4111
f 4093 4094 4111
f 4111 4094 4112
f 4094 4095 4112
f 4112 4095 4113
f 4095 4096 4113
f 4113 4096 4114
f 4096 4097 4114
f 4114 4097 4115
f 4097 4098 4115
f 3462 3461 3503
f 3461 3504 3503
f 3503 3504 4116
f 3504 4099 4116
f 4116 4099 4117
f 4099 4100 4117
f 4117 4100 4118
f 4100 4101 4118
f 4118 4101 4119
f 4101 4102 4119
f 4119 4102 4120
f 4102 4103 4120
f 4120 4103 4121
f 4103 4104 4121
f 4121 4104 4122
f 4104 4105 4122
f 4122 4105 4123
f 4105 4106 4123
f 4123 4106 4124
f 4106 4107 4124
f 4124 4107 4125
f 4107 4108 4125
f 4125 4108 4126
f 4108 4109 4126
f 4126 4109 4127
f 4109 4110 4127
f 4127 4110 4128
f 4110 4111 4128
f 4128 4111 4129
f 4111 4112 4129
f 4129 4112 4130
f 4112 4113 4130
f 4130 4113 4131
f 4113 4114 4131
f 4131 4114 4132
f 4114 4115 4132
f 3464 3463 3502
f 3463 3503 3502
f 3502 3503 4133
f 3503 4116 4133
f 4133 4116 4134
f 4116 4117 4134
f 4134 4117 4135
f 4117 4118 4135
f 4135 4118 4136
f 4118 4119 4136
f 4136 4119 4137
f 4119 4120 4137
f 4137 4120 4138
f 4120 4121 4138
f 4138 4121 4139
f 4121 4122 4139
f 4139 4122 4140
f 4122 4123 4140
f 4140 4123 4141
f 4123 4124 4141
f 4141 4124 4142
f 4124 4125 4142
f 4142 4125 4143
f 4125 4126 4143
f 4143 4126 4144
f 4126 4127 4144
f 4144 4127 4145
f 4127 4128 4145
f 4145 4128 4146
f 4128 4129 4146
f 4146 4129 4147
f 4129 4130 4147
f 4147 4130 4148
f 4130 4131 4148
f 4148 4131 4149
f 4131 4132 4149
f 3322 3465 3501
f 3465 3502 3501
f 3501 3502 4150
f 3502 4133 4150
f 4150 4133 4151
f 4133 4134 4151
f 4151 4134 4152
f 4134 4135 4152
f 4152 4135 4153
f 4135 4136 4153
f 4153 4136 4154
f 4136 4137 4154
f 4154 4137 4155
f 4137 4138 4155
f 4155 4138 4156
f 4138 4139 4156
f 4156 4139 4157
f 4139 4140 4157
f 4157 4140 4158
f 4140 4141 4158
f 4158 4141 4159
f 4141 4142 4159
f 4159 4142 4160
f 4142 4143 4160
f 4160 4143 4161
f 4143 4144 4161
f 4161 4144 4162
f 4144 4145 4162
f 4162 4145 4163
f 4145 4146 4163
f 4163 4146 4164
f 4146 4147 4164
f 4164 4147 4165
f 4147 4148 4165
f 4165 4148 4166
f 4148 4149 4166
f 3324 3323 3500
f 3323 3501 3500
f 3500 3501 4167
f 3501 4150 4167
f 4167 4150 4168
f 4150 4151 4168
f 4168 4151 4169
f 4151 4152 4169
f 4169 4152 4170
f 4152 4153 4170
f 4170 4153 4171
f 4153 4154 4171
f 4171 4154 4172
f 4154 4155 4172
f 4172 4155 4173
f 4155 4156 4173
f 4173 4156 4174
f 4156 4157 4174
f 4174 4157 4175
f 4157 4158 4175
f 4175 4158 4176
f 4158 4159 4176
f 4176 4159 4177
f 4159 4160 4177
f 4177 4160 4178
f 4160 4161 4178
f 4178 4161 4179
f 4161 4162 4179
f 4179 4162 4180
f 4162 4163 4180
f 4180 4163 4181
f 4163 4164 4181
f 4181 4164 4182
f 4164 4165 4182
f 4182 4165 4183
f 4165 4166 4183
f 3326 3325 3499
f 3325 3500 3499
f 3499 3500 4184
f 3500 4167 4184
f 4184 4167 4185
f 4167 4168 4185
f 4185 4168 4186
f 4168 4169 4186
f 4186 4169 4187
f 4169 4170 4187
f 4187 4170 4188
f 4170 4171 4188
f 4188 4171 4189
f 4171 4172 4189
f 4189 4172 4190
f 4172 4173 4190
f 4190 4173 4191
f 4173 4174 4191
f 4191 4174 4192
f 4174 4175 4192
f 4192 4175 4193
f 4175 4176 4193
f 4193 4176 4194
f 4176 4177 4194
f 4194 4177 4195
f 4177 4178 4195
f 4195 4178 4196
f 4178 4179 4196
f 4196 4179 4197
f 4179 4180 4197
f 4197 4180 4198
f 4180 4181 4198
f 4198 4181 4199
f 4181 4182 4199
f 4199 4182 4200
f 4182 4183 4200
f 3328 3327 3498
f 3327 3499 3498
f 3498 3499 4201
f 3499 4184 4201
f 4201 4184 4202
f 4184 4185 4202
f 4202 4185 4203
f 4185 4186 4203
f 4203 4186 4204
f 4186 4187 4204
f 4204 4187 4205
f 4187 4188 4205
f 4205 4188 4206
f 4188 4189 4206
f 4206 4189 4207
f 4189 4190 4207
f 4207 4190 4208
f 4190 4191 4208
f 4208 4191 4209
f 4191 4192 4209
f 4209 4192 4210
f 4192 4193 4210
f 4210 4193 4211
f 4193 4194 4211
f 4211 4194 4212
f 4194 4195 4212
f 4212 4195 4213
f 4195 4196 4213
f 4213 4196 4214
f 4196 4197 4214
f 4214 4197 4215
f 4197 4198 4215
f 4215 4198 4216
f 4198 4199 4216
f 4216 4199 4217
f 4199 4200 4217
f 3330 3329 3497
f 3329 3498 3497
f 3497 3498 4218
f 3498 4201 4218
f 4218 4201 4219
f 4201 4202 4219
f 4219 4202 4220
f 4202 4203 4220
f 4220 4203 4221
f 4203 4204 4221
f 4221 4204 4222
f 4204 4205 4222
f 4222 4205 4223
f 4205 4206 4223
f 4223 4206 4224
f 4206 4207 4224
f 4224 4207 4225
f 4207 4208 4225
f 4225 4208 4226
f 4208 4209 4226
f 4226 4209 4227
f 4209 4210 4227
f 4227 4210 4228
f 4210 4211 4228
f 4228 4211 4229
f 4211 4212 4229
f 4229 4212 4230
f 4212 4213 4230
f 4230 4213 4231
f 4213 4214 4231
f 4231 4214 4232
f 4214 4215 4232
f 4232 4215 4233
f 4215 4216 4233
f 4233 4216 4234
f 4216 4217 4234
f 3332 3331 3496
f 3331 3497 3496
f 3496 3497 4235
f 3497 4218 4235
f 4235 4218 4236
f 4218 4219 4236
f 4236 4219 4237
f 4219 4220 4237
f 4237 4220 4238
f 4220 4221 4238
f 4238 4221 4239
f 4221 4222 4239
f 4239 4222 4240
f 4222 4223 4240
f 4240 4223 4241
f 4223 4224 4241
f 4241 4224 4242
f 4224 4225 4242
f 4242 4225 4243
f 4225 4226 4243
f 4243 4226 4244
f 4226 4227 4244
f 4244 4227 4245
f 4227 4228 4245
f 4245 4228 4246
f 4228 4229 4246
f 4246 4229 4247
f 4229 4230 4247
f 4247 4230 4248
f 4230 4231 4248
f 4248 4231 4249
f 4231 4232 4249
f 4249 4232 4250
f 4232 4233 4250
f 4250 4233 4251
f 4233 4234 4251
f 3334 3333 3495
f 3333 3496 3495
f 3495 3496 4252
f 3496 4235 4252
f 4252 4235 4253
f 4235 4236 4253
f 4253 4236 4254
f 4236 4237 4254
f 4254 4237 4255
f 4237 4238 4255
f 4255 4238 4256
f 4238 4239 4256
f 4256 4239 4257
f 4239 4240 4257
f 4257 4240 4258
f 4240 4241 4258
f 4258 4241 4259
f 4241 4242 4259
f 4259 4242 4260
f 4242 4243 4260
f 4260 4243 4261
f 4243 4244 4261
f 4261 4244 4262
f 4244 4245 4262
f 4262 4245 4263
f 4245 4246 4263
f 4263 4246 4264
f 4246 4247 4264
f 4264 4247 4265
f 4247 4248 4265
f 4265 4248 4266
f 4248 4249 4266
f 4266 4249 4267
f 4249 4250 4267
f 4267 4250 4268
f 4250 4251 4268
f 3336 3335 3494
f 3335 3495 3494
f 3494 3495 4269
f 3495 4252 4269
f 4269 4252 4270
f 4252 4253 4270
f 4270 4253 4271
f 4253 4254 4271
f 4271 4254 4272
f 4254 4255 4272
f 4272 4255 4273
f 4255 4256 4273
f 4273 4256 4274
f 4256 4257 4274
f 4274 4257 4275
f 4257 4258 4275
f 4275 4258 4276
f 4258 4259 4276
f 4276 4259 4277
f 4259 4260 4277
f 4277 4260 4278
f 4260 4261 4278
f 4278 4261 4279
f 4261 4262 4279
f 4279 4262 4280
f 4262 4263 4280
f 4280 4263 4281
f 4263 4264 4281
f 4281 4264 4282
f 4264 4265 4282
f 4282 4265 4283
f 4265 4266 4283
f 4283 4266 4284
f 4266 4267 4284
f 4284 4267 4285
f 4267 4268 4285
f 3338 3337 3493
f 3337 3494 3493
f 3493 3494 4286
f 3494 4269 4286
f 4286 4269 4287
f 4269 4270 4287
f 4287 4270 4288
f 4270 4271 4288
f 4288 4271 4289
f 4271 4272 4289
f 4289 4272 4290
f 4272 4273 4290
f 4290 4273 4291
f 4273 4274 4291
f 4291 4274 4292
f 4274 4275 4292
f 4292 4275 4293
f 4275 4276 4293
f 4293 4276 4294
f 4276 4277 4294
f 4294 4277 4295
f 4277 4278 4295
f 4295 4278 4296
f 4278 4279 4296
f 4296 4279 4297
f 4279 4280 4297
f 4297 4280 4298
f 4280 4281 4298
f 4298 4281 4299
f 4281 4282 4299
f 4299 4282 4300
f 4282 4283 4300
f 4300 4283 4301
f 4283 4284 4301
f 4301 4284 4302
f 4284 4285 4302
f 3340 3339 3492
f 3339 3493 3492
f 3492 3493 4303
f 3493 4286 4303
f 4303 4286 4304
f 4286 4287 4304
f 4304 4287 4305
f 4287 4288 4305
f 4305 4288 4306
f 4288 4289 4306
f 4306 4289 4307
f 4289 4290 4307
f 4307 4290 4308
f 4290 4291 4308
f 4308 4291 4309
f 4291 4292 4309
f 4309 4292 4310
f 4292 4293 4310
f 4310 4293 4311
f 4293 4294 4311
f 4311 4294 4312
f 4294 4295 4312
f 4312 4295 4313
f 4295 4296 4313
f 4313 4296 4314
f 4296 4297 4314
f 4314 4297 4315
f 4297 4298 4315
f 4315 4298 4316
f 4298 4299 4316
f 4316 4299 4317
f 4299 4300 4317
f 4317 4300 4318
f 4300 4301 4318
f 4318 4301 4319
f 4301 4302 4319
f 3342 3341 3491
f 3341 3492 3491
f 3491 3492 4320
f 3492 4303 4320
f 4320 4303 4321
f 4303 4304 4321
f 4321 4304 4322
f 4304 4305 4322
f 4322 4305 4323
f 4305 4306 4323
f 4323 4306 4324
f 4306 4307 4324
f 4324 4307 4325
f 4307 4308 4325
f 4325 4308 4326
f 4308 4309 4326
f 4326 4309 4327
f 4309 4310 4327
f 4327 4310 4328
f 4310 4311 4328
f 4328 4311 4329
f 4311 4312 4329
f 4329 4312 4330
f 4312 4313 4330
f 4330 4313 4331
f 4313 4314 4331
f 4331 4314 4332
f 4314 4315 4332
f 4332 4315 4333
f 4315 4316 4333
f 4333 4316 4334
f 4316 4317 4334
f 4334 4317 4335
f 4317 4318 4335
f 4335 4318 4336
f 4318 4319 4336
f 3344 3343 3490
f 3343 3491 3490
f 3490 3491 4337
f 3491 4320 4337
f 4337 4320 4338
f 4320 4321 4338
f 4338 4321 4339
f 4321 4322 4339
f 4339 4322 4340
f 4322 4323 4340
f 4340 4323 4341
f 4323 4324 4341
f 4341 4324 4342
f 4324 4325 4342
f 4342 4325 4343
f 4325 4326 4343
f 4343 4326 4344
f 4326 4327 4344
f 4344 4327 4345
f 4327 4328 4345
f 4345 4328 4346
f 4328 4329 4346
f 4346 4329 4347
f 4329 4330 4347
f 4347 4330 4348
f 4330 4331 4348
f 4348 4331 4349
f 4331 4332 4349
f 4349 4332 4350
f 4332 4333 4350
f 4350 4333 4351
f 4333 4334 4351
f 4351 4334 4352
f 4334 4335 4352
f 4352 4335 4353
f 4335 4336 4353
f 3346 3345 3489
f 3345 3490 3489
f 3489 3490 4354
f 3490 4337 4354
f 4354 4337 4355
f 4337 4338 4355
f 4355 4338 4356
f 4338 4339 4356
f 4356 4339 4357
f 4339 4340 4357
f 4357 4340 4358
f 4340 4341 4358
f 4358 4341 4359
f 4341 4342 4359
f 4359 4342 4360
f 4342 4343 4360
f 4360 4343 4361
f 4343 4344 4361
f 4361 4344 4362
f 4344 4345 4362
f 4362 4345 4363
f 4345 4346 4363
f 4363 4346 4364
f 4346 4347 4364
f 4364 4347 4365
f 4347 4348 4365
f 4365 4348 4366
f 4348 4349 4366
f 4366 4349 4367
f 4349 4350 4367
f 4367 4350 4368
f 4350 4351 4368
f 4368 4351 4369
f 4351 4352 4369
f 4369 4352 4370
f 4352 4353 4370
f 3348 3347 3488
f 3347 3489 3488
f 3488 3489 4371
f 3489 4354 4371
f 4371 4354 4372
f 4354 4355 4372
f 4372 4355 4373
f 4355 4356 4373
f 4373 4356 4374
f 4356 4357 4374
f 4374 4357 4375
f 4357 4358 4375
f 4375 4358 4376
f 4358 4359 4376
f 4376 4359 4377
f 4359 4360 4377
f 4377 4360 4378
f 4360 4361 4378
f 4378 4361 4379
f 4361 4362 4379
f 4379 4362 4380
f 4362 4363 4380
f 4380 4363 4381
f 4363 4364 4381
f 4381 4364 4382
f 4364 4365 4382
f 4382 4365 4383
f 4365 4366 4383
f 4383 4366 4384
f 4366 4367 4384
f 4384 4367 4385
f 4367 4368 4385
f 4385 4368 4386
f 4368 4369 4386
f 4386 4369 4387
f 4369 4370 4387
f 3350 3349 3487
f 3349 3488 3487
f 3487 3488 4388
f 3488 4371 4388
f 4388 4371 4389
f 4371 4372 4389
f 4389 4372 4390
f 4372 4373 4390
f 4390 4373 4391
f 4373 4374 4391
f 4391 4374 4392
f 4374 4375 4392
f 4392 4375 4393
f 4375 4376 4393
f 4393 4376 4394
f 4376 4377 4394
f 4394 4377 4395
f 4377 4378 4395
f 4395 4378 4396
f 4378 4379 4396
f 4396 4379 4397
f 4379 4380 4397
f 4397 4380 4398
f 4380 4381 4398
f 4398 4381 4399
f 4381 4382 4399
f 4399 4382 4400
f 4382 4383 4400
f 4400 4383 4401
f 4383 4384 4401
f 4401 4384 4402
f 4384 4385 4402
f 4402 4385 4403
f 4385 4386 4403
f 4403 4386 4404
f 4386 4387 4404
f 3352 3351 3486
f 3351 3487 3486
f 3486 3487 4405
f 3487 4388 4405
f 4405 4388 4406
f 4388 4389 4406
f 4406 4389 4407
f 4389 4390 4407
f 4407 4390 4408
f 4390 4391 4408
f 4408 4391 4409
f 4391 4392 4409
f 4409 4392 4410
f 4392 4393 4410
f 4410 4393 4411
f 4393 4394 4411
f 4411 4394 4412
f 4394 4395 4412
f 4412 4395 4413
f 4395 4396 4413
f 4413 4396 4414
f 4396 4397 4414
f 4414 4397 4415
f 4397 4398 4415
f 4415 4398 4416
f 4398 4399 4416
f 4416 4399 4417
f 4399 4400 4417
f 4417 4400 4418
f 4400 4401 4418
f 4418 4401 4419
f 4401 4402 4419
f 4419 4402 4420
f 4402 4403 4420
f 4420 4403 4421
f 4403 4404 4421
f 3354 3353 3485
f 3353 3486 3485
f 3485 3486 4422
f 3486 4405 4422
f 4422 4405 4423
f 4405 4406 4423
f 4423 4406 4424
f 4406 4407 4424
f 4424 4407 4425
f 4407 4408 4425
f 4425 4408 4426
f 4408 4409 4426
f 4426 4409 4427
f 4409 4410 4427
f 4427 4410 4428
f 4410 4411 4428
f 4428 4411 4429
f 4411 4412 4429
f 4429 4412 4430
f 4412 4413 4430
f 4430 4413 4431
f 4413 4414 4431
f 4431 4414 4432
f 4414 4415 4432
f 4432 4415 4433
f 4415 4416 4433
f 4433 4416 4434
f 4416 4417 4434
f 4434 4417 4435
f 4417 4418 4435
f 4435 4418 4436
f 4418 4419 4436
f 4436 4419 4437
f 4419 4420 4437
f 4437 4420 4438
f 4420 4421 4438
f 3356 3355 3484
f 3355 3485 3484
f 3484 3485 4439
f 3485 4422 4439
f 4439 4422 4440
f 4422 4423 4440
f 4440 4423 4441
f 4423 4424 4441
f 4441 4424 4442
f 4424 4425 4442
f 4442 4425 4443
f 4425 4426 4443
f 4443 4426 4444
f 4426 4427 4444
f 4444 4427 4445
f 4427 4428 4445
f 4445 4428 4446
f 4428 4429 4446
f 4446 4429 4447
f 4429 4430 4447
f 4447 4430 4448
f 4430 4431 4448
f 4448 4431 4449
f 4431 4432 4449
f 4449 4432 4450
f 4432 4433 4450
f 4450 4433 4451
f 4433 4434 4451
f 4451 4434 4452
f 4434 4435 4452
f 4452 4435 4453
f 4435 4436 4453
f 4453 4436 4454
f 4436 4437 4454
f 4454 4437 4455
f 4437 4438 4455
f 3358 3357 3483
f 3357 3484 3483
f 3483 3484 4456
f 3484 4439 4456
f 4456 4439 4457
f 4439 4440 4457
f 4457 4440 4458
f 4440 4441 4458
f 4458 4441 4459
f 4441 4442 4459
f 4459 4442 4460
f 4442 4443 4460
f 4460 4443 4461
f 4443 4444 4461
f 4461 4444 4462
f 4444 4445 4462
f 4462 4445 4463
f 4445 4446 4463
f 4463 4446 4464
f 4446 4447 4464
f 4464 4447 4465
f 4447 4448 4465
f 4465 4448 4466
f 4448 4449 4466
f 4466 4449 4467
f 4449 4450 4467
f 4467 4450 4468
f 4450 4451 4468
f 4468 4451 4469
f 4451 4452 4469
f 4469 4452 4470
f 4452 4453 4470
f 4470 4453 4471
f 4453 4454 4471
f 4471 4454 4472
f 4454 4455 4472
f 3360 3359 3482
f 3359 3483 3482
f 3482 3483 4473
f 3483 4456 4473
f 4473 4456 4474
f 4456 4457 4474
f 4474 4457 4475
f 4457 4458 4475
f 4475 4458 4476
f 4458 4459 4476
f 4476 4459 4477
f 4459 4460 4477
f 4477 4460 4478
f 4460 4461 4478
f 4478 4461 4479
f 4461 4462 4479
f 4479 4462 4480
f 4462 4463 4480
f 4480 4463 4481
f 4463 4464 4481
f 4481 4464 4482
f 4464 4465 4482
f 4482 4465 4483
f 4465 4466 4483
f 4483 4466 4484
f 4466 4467 4484
f 4484 4467 4485
f 4467 4468 4485
f 4485 4468 4486
f 4468 4469 4486
f 4486 4469 4487
f 4469 4470 4487
f 4487 4470 4488
f 4470 4471 4488
f 4488 4471 4489
f 4471 4472 4489
f 3362 3361 3481
f 3361 3482 3481
f 3481 3482 4490
f 3482 4473 4490
f 4490 4473 4491
f 4473 4474 4491
f 4491 4474 4492
f 4474 4475 4492
f 4492 4475 4493
f 4475 4476 4493
f 4493 4476 4494
f 4476 4477 4494
f 4494 4477 4495
f 4477 4478 4495
f 4495 4478 4496
f 4478 4479 4496
f 4496 4479 4497
f 4479 4480 4497
f 4497 4480 4498
f 4480 4481 4498
f 4498 4481 4499
f 4481 4482 4499
f 4499 4482 4500
f 4482 4483 4500
f 4500 4483 4501
f 4483 4484 4501
f 4501 4484 4502
f 4484 4485 4502
f 4502 4485 4503
f 4485 4486 4503
f 4503 4486 4504
f 4486 4487 4504
f 4504 4487 4505
f 4487 4488 4505
f 4505 4488 4506
f 4488 4489 4506
f 3364 3363 3480
f 3363 3481 3480
f 3480 3481 4507
f 3481 4490 4507
f 4507 4490 4508
f 4490 4491 4508
f 4508 4491 4509
f 4491 4492 4509
f 4509 4492 4510
f 4492 4493 4510
f 4510 4493 4511
f 4493 4494 4511
f 4511 4494 4512
f 4494 4495 4512
f 4512 4495 4513
f 4495 4496 4513
f 4513 4496 4514
f 4496 4497 4514
f 4514 4497 4515
f 4497 4498 4515
f 4515 4498 4516
f 4498 4499 4516
f 4516 4499 4517
f 4499 4500 4517
f 4517 4500 4518
f 4500 4501 4518
f 4518 4501 4519
f 4501 4502 4519
f 4519 4502 4520
f 4502 4503 4520
f 4520 4503 4521
f 4503 4504 4521
f 4521 4504 4522
f 4504 4505 4522
f 4522 4505 4523
f 4505 4506 4523
f 3366 3365 3479
f 3365 3480 3479
f 3479 3480 4524
f 3480 4507 4524
f 4524 4507 4525
f 4507 4508 4525
f 4525 4508 4526
f 4508 4509 4526
f 4526 4509 4527
f 4509 4510 4527
f 4527 4510 4528
f 4510 4511 4528
f 4528 4511 4529
f 4511 4512 4529
f 4529 4512 4530
f 4512 4513 4530
f 4530 4513 4531
f 4513 4514 4531
f 4531 4514 4532
f 4514 4515 4532
f 4532 4515 4533
f 4515 4516 4533
f 4533 4516 4534
f 4516 4517 4534
f 4534 4517 4535
f 4517 4518 4535
f 4535 4518 4536
f 4518 4519 4536
f 4536 4519 4537
f 4519 4520 4537
f 4537 4520 4538
f 4520 4521 4538
f 4538 4521 4539
f 4521 4522 4539
f 4539 4522 4540
f 4522 4523 4540
f 3368 3367 3478
f 3367 3479 3478
f 3478 3479 4541
f 3479 4524 4541
f 4541 4524 4542
f 4524 4525 4542
f 4542 4525 4543
f 4525 4526 4543
f 4543 4526 4544
f 4526 4527 4544
f 4544 4527 4545
f 4527 4528 4545
f 4545 4528 4546
f 4528 4529 4546
f 4546 4529 4547
f 4529 4530 4547
f 4547 4530 4548
f 4530 4531 4548
f 4548 4531 4549
f 4531 4532 4549
f 4549 4532 4550
f 4532 4533 4550
f 4550 4533 4551
f 4533 4534 4551
f 4551 4534 4552
f 4534 4535 4552
f 4552 4535 4553
f 4535 4536 4553
f 4553 4536 4554
f 4536 4537 4554
f 4554 4537 4555
f 4537 4538 4555
f 4555 4538 4556
f 4538 4539 4556
f 4556 4539 4557
f 4539 4540 4557
f 3370 3369 3477
f 3369 3478 3477
f 3477 3478 4558
f 3478 4541 4558
f 4558 4541 4559
f 4541 4542 4559
f 4559 4542 4560
f 4542 4543 4560
f 4560 4543 4561
f 4543 4544 4561
f 4561 4544 4562
f 4544 4545 4562
f 4562 4545 4563
f 4545 4546 4563
f 4563 4546 4564
f 4546 4547 4564
f 4564 4547 4565
f 4547 4548 4565
f 4565 4548 4566
f 4548 4549 4566
f 4566 4549 4567
f 4549 4550 4567
f 4567 4550 4568
f 4550 4551 4568
f 4568 4551 4569
f 4551 4552 4569
f 4569 4552 4570
f 4552 4553 4570
f 4570 4553 4571
f 4553 4554 4571
f 4571 4554 4572
f 4554 4555 4572
f 4572 4555 4573
f 4555 4556 4573
f 4573 4556 4574
f 4556 4557 4574
f 3372 3371 3476
f 3371 3477 3476
f 3476 3477 4575
f 3477 4558 4575
f 4575 4558 4576
f 4558 4559 4576
f 4576 4559 4577
f 4559 4560 4577
f 4577 4560 4578
f 4560 4561 4578
f 4578 4561 4579
f 4561 4562 4579
f 4579 4562 4580
f 4562 4563 4580
f 4580 4563 4581
f 4563 4564 4581
f 4581 4564 4582
f 4564 4565 4582
f 4582 4565 4583
f 4565 4566 4583
f 4583 4566 4584
f 4566 4567 4584
f 4584 4567 4585
f 4567 4568 4585
f 4585 4568 4586
f 4568 4569 4586
f 4586 4569 4587
f 4569 4570 4587
f 4587 4570 4588
f 4570 4571 4588
f 4588 4571 4589
f 4571 4572 4589
f 4589 4572 4590
f 4572 4573 4590
f 4590 4573 4591
f 4573 4574 4591
f 3374 3373 3475
f 3373 3476 3475
f 3475 3476 4592
f 3476 4575 4592
f 4592 4575 4593
f 4575 4576 4593
f 4593 4576 4594
f 4576 4577 4594
f 4594 4577 4595
f 4577 4578 4595
f 4595 4578 4596
f 4578 4579 4596
f 4596 4579 4597
f 4579 4580 4597
f 4597 4580 4598
f 4580 4581 4598
f 4598 4581 4599
f 4581 4582 4599
f 4599 4582 4600
f 4582 4583 4600
f 4600 4583 4601
f 4583 4584 4601
f 4601 4584 4602
f 4584 4585 4602
f 4602 4585 4603
f 4585 4586 4603
f 4603 4586 4604
f 4586 4587 4604
f 4604 4587 4605
f 4587 4588 4605
f 4605 4588 4606
f 4588 4589 4606
f 4606 4589 4607
f 4589 4590 4607
f 4607 4590 4608
f 4590 4591 4608
f 3376 3375 3474
f 3375 3475 3474
f 3474 3475 4609
f 3475 4592 4609
f 4609 4592 4610
f 4592 4593 4610
f 4610 4593 4611
f 4593 4594 4611
f 4611 4594 4612
f 4594 4595 4612
f 4612 4595 4613
f 4595 4596 4613
f 4613 4596 4614
f 4596 4597 4614
f 4614 4597 4615
f 4597 4598 4615
f 4615 4598 4616
f 4598 4599 4616
f 4616 4599 4617
f 4599 4600 4617
f 4617 4600 4618
f 4600 4601 4618
f 4618 4601 4619
f 4601 4602 4619
f 4619 4602 4620
f 4602 4603 4620
f 4620 4603 4621
f 4603 4604 4621
f 4621 4604 4622
f 4604 4605 4622
f 4622 4605 4623
f 4605 4606 4623
f 4623 4606 4624
f 4606 4607 4624
f 4624 4607 4625
f 4607 4608 4625
f 3378 3377 3473
f 3377 3474 3473
f 3473 3474 4626
f 3474 4609 4626
f 4626 4609 4627
f 4609 4610 4627
f 4627 4610 4628
f 4610 4611 4628
f 4628 4611 4629
f 4611 4612 4629
f 4629 4612 4630
f 4612 4613 4630
f 4630 4613 4631
f 4613 4614 4631
f 4631 4614 4632
f 4614 4615 4632
f 4632 4615 4633
f 4615 4616 4633
f 4633 4616 4634
f 4616 4617 4634
f 4634 4617 4635
f 4617 4618 4635
f 4635 4618 4636
f 4618 4619 4636
f 4636 4619 4637
f 4619 4620 4637
f 4637 4620 4638
f 4620 4621 4638
f 4638 4621 4639
f 4621 4622 4639
f 4639 4622 4640
f 4622 4623 4640
f 4640 4623 4641
f 4623 4624 4641
f 4641 4624 4642
f 4624 4625 4642
f 3380 3379 3472
f 3379 3473 3472
f 3472 3473 4643
f 3473 4626 4643
f 4643 4626 4644
f 4626 4627 4644
f 4644 4627 4645
f 4627 4628 4645
f 4645 4628 4646
f 4628 4629 4646
f 4646 4629 4647
f 4629 4630 4647
f 4647 4630 4648
f 4630 4631 4648
f 4648 4631 4649
f 4631 4632 4649
f 4649 4632 4650
f 4632 4633 4650
f 4650 4633 4651
f 4633 4634 4651
f 4651 4634 4652
f 4634 4635 4652
f 4652 4635 4653
f 4635 4636 4653
f 4653 4636 4654
f 4636 4637 4654
f 4654 4637 4655
f 4637 4638 4655
f 4655 4638 4656
f 4638 4639 4656
f 4656 4639 4657
f 4639 4640 4657
f 4657 4640 4658
f 4640 4641 4658
f 4658 4641 4659
f 4641 4642 4659
f 3382 3381 3471
f 3381 3472 3471
f 3471 3472 4660
f 3472 4643 4660
f 4660 4643 4661
f 4643 4644 4661
f 4661 4644 4662
f 4644 4645 4662
f 4662 4645 4663
f 4645 4646 4663
f 4663 4646 4664
f 4646 4647 4664
f 4664 4647 4665
f 4647 4648 4665
f 4665 4648 4666
f 4648 4649 4666
f 4666 4649 4667
f 4649 4650 4667
f 4667 4650 4668
f 4650 4651 4668
f 4668 4651 4669
f 4651 4652 4669
f 4669 4652 4670
f 4652 4653 4670
f 4670 4653 4671
f 4653 4654 4671
f 4671 4654 4672
f 4654 4655 4672
f 4672 4655 4673
f 4655 4656 4673
f 4673 4656 4674
f 4656 4657 4674
f 4674 4657 4675
f 4657 4658 4675
f 4675 4658 4676
f 4658 4659 4676
f 3384 3383 3470
f 3383 3471 3470
f 3470 3471 4677
f 3471 4660 4677
f 4677 4660 4678
f 4660 4661 4678
f 4678 4661 4679
f 4661 4662 4679
f 4679 4662 4680
f 4662 4663 4680
f 4680 4663 4681
f 4663 4664 4681
f 4681 4664 4682
f 4664 4665 4682
f 4682 4665 4683
f 4665 4666 4683
f 4683 4666 4684
f 4666 4667 4684
f 4684 4667 4685
f 4667 4668 4685
f 4685 4668 4686
f 4668 4669 4686
f 4686 4669 4687
f 4669 4670 4687
f 4687 4670 4688
f 4670 4671 4688
f 4688 4671 4689
f 4671 4672 4689
f 4689 4672 4690
f 4672 4673 4690
f 4690 4673 4691
f 4673 4674 4691
f 4691 4674 4692
f 4674 4675 4692
f 4692 4675 4693
f 4675 4676 4693
f 3386 3385 3469
f 3385 3470 3469
f 3469 3470 4694
f 3470 4677 4694
f 4694 4677 4695
f 4677 4678 4695
f 4695 4678 4696
f 4678 4679 4696
f 4696 4679 4697
f 4679 4680 4697
f 4697 4680 4698
f 4680 4681 4698
f 4698 4681 4699
f 4681 4682 4699
f 4699 4682 4700
f 4682 4683 4700
f 4700 4683 4701
f 4683 4684 4701
f 4701 4684 4702
f 4684 4685 4702
f 4702 4685 4703
f 4685 4686 4703
f 4703 4686 4704
f 4686 4687 4704
f 4704 4687 4705
f 4687 4688 4705
f 4705 4688 4706
f 4688 4689 4706
f 4706 4689 4707
f 4689 4690 4707
f 4707 4690 4708
f 4690 4691 4708
f 4708 4691 4709
f 4691 4692 4709
f 4709 4692 4710
f 4692 4693 4710
f 3388 3387 3468
f 3387 3469 3468
f 3468 3469 4711
f 3469 4694 4711
f 4711 4694 4712
f 4694 4695 4712
f 4712 4695 4713
f 4695 4696 4713
f 4713 4696 4714
f 4696 4697 4714
f 4714 4697 4715
f 4697 4698 4715
f 4715 4698 4716
f 4698 4699 4716
f 4716 4699 4717
f 4699 4700 4717
f 4717 4700 4718
f 4700 4701 4718
f 4718 4701 4719
f 4701 4702 4719
f 4719 4702 4720
f 4702 4703 4720
f 4720 4703 4721
f 4703 4704 4721
f 4721 4704 4722
f 4704 4705 4722
f 4722 4705 4723
f 4705 4706 4723
f 4723 4706 4724
f 4706 4707 4724
f 4724 4707 4725
f 4707 4708 4725
f 4725 4708 4726
f 4708 4709 4726
f 4726 4709 4727
f 4709 4710 4727
f 3390 3389 3467
f 3389 3468 3467
f 3467 3468 4728
f 3468 4711 4728
f 4728 4711 4729
f 4711 4712 4729
f 4729 4712 4730
f 4712 4713 4730
f 4730 4713 4731
f 4713 4714 4731
f 4731 4714 4732
f 4714 4715 4732
f 4732 4715 4733
f 4715 4716 4733
f 4733 4716 4734
f 4716 4717 4734
f 4734 4717 4735
f 4717 4718 4735
f 4735 4718 4736
f 4718 4719 4736
f 4736 4719 4737
f 4719 4720 4737
f 4737 4720 4738
f 4720 4721 4738
f 4738 4721 4739
f 4721 4722 4739
f 4739 4722 4740
f 4722 4723 4740
f 4740 4723 4741
f 4723 4724 4741
f 4741 4724 4742
f 4724 4725 4742
f 4742 4725 4743
f 4725 4726 4743
f 4743 4726 4744
f 4726 4727 4744
f 3392 3391 3466
f 3391 3467 3466
f 3466 3467 4745
f 3467 4728 4745
f 4745 4728 4746
f 4728 4729 4746
f 4746 4729 4747
f 4729 4730 4747
f 4747 4730 4748
f 4730 4731 4748
f 4748 4731 4749
f 4731 4732 4749
f 4749 4732 4750
f 4732 4733 4750
f 4750 4733 4751
f 4733 4734 4751
f 4751 4734 4752
f 4734 4735 4752
f 4752 4735 4753
f 4735 4736 4753
f 4753 4736 4754
f 4736 4737 4754
f 4754 4737 4755
f 4737 4738 4755
f 4755 4738 4756
f 4738 4739 4756
f 4756 4739 4757
f 4739 4740 4757
f 4757 4740 4758
f 4740 4741 4758
f 4758 4741 4759
f 4741 4742 4759
f 4759 4742 4760
f 4742 4743 4760
f 4760 4743 4761
f 4743 4744 4761
f 3394 3393 3537
f 3393 3466 3537
f 3537 3466 3539
f 3466 4745 3539
f 3539 4745 3541
f 4745 4746 3541
f 3541 4746 3543
f 4746 4747 3543
f 3543 4747 3545
f 4747 4748 3545
f 3545 4748 3547
f 4748 4749 3547
f 3547 4749 3549
f 4749 4750 3549
f 3549 4750 3551
f 4750 4751 3551
f 3551 4751 3553
f 4751 4752 3553
f 3553 4752 3555
f 4752 4753 3555
f 3555 4753 3557
f 4753 4754 3557
f 3557 4754 3559
f 4754 4755 3559
f 3559 4755 3561
f 4755 4756 3561
f 3561 4756 3563
f 4756 4757 3563
f 3563 4757 3565
f 4757 4758 3565
f 3565 4758 3567
f 4758 4759 3567
f 3567 4759 3569
f 4759 4760 3569
f 3569 4760 3571
f 4760 4761 3571
f 3588 3570 4762
f 3570 3571 4762
f 4762 3571 4761
f 3639 3622 4762
f 3622 3605 4762
f 4762 3605 3588
f 3690 3673 4762
f 3673 3656 4762
f 4762 3656 3639
f 3741 3724 4762
f 3724 3707 4762
f 4762 3707 3690
f 3792 3775 4762
f 3775 3758 4762
f 4762 3758 3741
f 3843 3826 4762
f 3826 3809 4762
f 4762 3809 3792
f 3894 3877 4762
f 3877 3860 4762
f 4762 3860 3843
f 3945 3928 4762
f 3928 3911 4762
f 4762 3911 3894
f 3996 3979 4762
f 3979 3962 4762
f 4762 3962 3945
f 4047 4030 4762
f 4030 4013 4762
f 4762 4013 3996
f 4098 4081 4762
f 4081 4064 4762
f 4762 4064 4047
f 4149 4132 4762
f 4132 4115 4762
f 4762 4115 4098
f 4200 4183 4762
f 4183 4166 4762
f 4762 4166 4149
f 4251 4234 4762
f 4234 4217 4762
f 4762 4217 4200
f 4302 4285 4762
f 4285 4268 4762
f 4762 4268 4251
f 4353 4336 4762
f 4336 4319 4762
f 4762 4319 4302
f 4404 4387 4762
f 4387 4370 4762
f 4762 4370 4353
f 4455 4438 4762
f 4438 4421 4762
f 4762 4421 4404
f 4506 4489 4762
f 4489 4472 4762
f 4762 4472 4455
f 4557 4540 4762
f 4540 4523 4762
f 4762 4523 4506
f 4608 4591 4762
f 4591 4574 4762
f 4762 4574 4557
f 4659 4642 4762
f 4642 4625 4762
f 4762 4625 4608
f 4710 4693 4762
f 4693 4676 4762
f 4762 4676 4659
f 4761 4744 4762
f 4744 4727 4762
f 4762 4727 4710
f 4763 1697 4764
f 1697 1695 4764
f 4764 1695 4765
f 1695 1694 4765
f 4765 1694 4766
f 1694 1605 4766
f 4766 1605 4767
f 1605 1604 4767
f 4767 1604 4768
f 1604 1732 4768
f 4768 1732 4769
f 1732 1731 4769
f 4769 1731 4770
f 1731 1730 4770
f 4770 1730 4771
f 1730 1679 4771
f 4771 1679 4772
f 1679 1801 4772
f 4772 1801 4773
f 1801 1784 4773
f 4773 1784 4774
f 1784 1783 4774
f 4774 1783 4775
f 1783 1782 4775
f 4775 1782 4776
f 1782 1757 4776
f 4776 1757 4777
f 1757 1756 4777
f 4777 1756 4778
f 1756 1755 4778
f 4778 1755 4779
f 1755 1754 4779
f 4779 1754 4780
f 1754 1753 4780
f 4780 1753 4781
f 1753 1752 4781
f 4781 1752 4782
f 1752 1751 4782
f 4782 1751 4783
f 1751 1750 4783
f 4783 1750 4784
f 1750 1749 4784
f 4784 1749 4785
f 1749 1748 4785
f 4785 1748 4786
f 1748 1747 4786
f 4786 1747 4787
f 1747 1729 4787
f 4787 1729 4788
f 1729 1728 4788
f 4788 1728 4789
f 1728 1727 4789
f 4789 1727 4790
f 1727 1671 4790
f 4790 1671 4791
f 1671 1670 4791
f 4791 1670 4792
f 1670 1607 4792
f 4792 1607 4793
f 1607 1608 4793
f 4793 1608 4794
f 1608 1623 4794
f 4794 1623 4795
f 1623 1595 4795
f 4795 1595 4796
f 1595 1594 4796
f 4796 1594 4797
f 1594 1669 4797
f 4797 1669 4798
f 1669 1668 4798
f 4798 1668 4799
f 1668 1667 4799
f 4799 1667 4800
f 1667 1666 4800
f 4800 1666 4801
f 1666 1665 4801
f 4801 1665 4802
f 1665 1664 4802
f 4802 1664 4803
f 1664 1622 4803
f 4803 1622 4804
f 1622 1621 4804
f 4804 1621 4805
f 1621 1618 4805
f 4805 1618 4806
f 1618 1619 4806
f 4806 1619 4807
f 1619 1620 4807
f 4807 1620 4808
f 1620 1617 4808
f 4808 1617 4809
f 1617 1616 4809
f 4809 1616 4810
f 1616 1615 4810
f 4810 1615 4811
f 1615 1663 4811
f 4811 1663 4812
f 1663 1662 4812
f 4812 1662 4813
f 1662 1603 4813
f 4813 1603 4814
f 1603 1602 4814
f 4814 1602 4815
f 1602 1775 4815
f 4815 1775 4816
f 1775 1776 4816
f 4816 1776 4817
f 1776 1777 4817
f 4817 1777 4818
f 1777 1778 4818
f 4818 1778 4819
f 1778 1779 4819
f 4819 1779 4820
f 1779 1780 4820
f 4820 1780 4821
f 1780 1781 4821
f 4821 1781 4822
f 1781 1770 4822
f 4822 1770 4823
f 1770 1771 4823
f 4823 1771 4824
f 1771 1772 4824
f 4824 1772 4825
f 1772 1773 4825
f 4825 1773 4826
f 1773 1774 4826
f 4826 1774 4827
f 1774 1702 4827
f 4827 1702 4828
f 1702 1704 4828
f 4828 1704 4829
f 1704 1706 4829
f 4829 1706 4830
f 1706 1707 4830
f 4830 1707 4831
f 1707 1675 4831
f 4831 1675 4832
f 1675 1701 4832
f 4832 1701 4833
f 1701 1700 4833
f 4833 1700 4834
f 1700 1699 4834
f 4834 1699 4763
f 1699 1697 4763
f 4797 4798 4835
f 4798 4799 4835
f 4835 4799 4800
f 4794 4795 4835
f 4795 4796 4835
f 4835 4796 4797
f 4791 4792 4835
f 4792 4793 4835
f 4835 4793 4794
f 4788 4789 4835
f 4789 4790 4835
f 4835 4790 4791
f 4785 4786 4835
f 4786 4787 4835
f 4835 4787 4788
f 4782 4783 4835
f 4783 4784 4835
f 4835 4784 4785
f 4779 4780 4835
f 4780 4781 4835
f 4835 4781 4782
f 4776 4777 4835
f 4777 4778 4835
f 4835 4778 4779
f 4773 4774 4835
f 4774 4775 4835
f 4835 4775 4776
f 4770 4771 4835
f 4771 4772 4835
f 4835 4772 4773
f 4767 4768 4835
f 4768 4769 4835
f 4835 4769 4770
f 4764 4765 4835
f 4765 4766 4835
f 4835 4766 4767
f 4833 4834 4835
f 4834 4763 4835
f 4835 4763 4764
f 4830 4831 4835
f 4831 4832 4835
f 4835 4832 4833
f 4827 4828 4835
f 4828 4829 4835
f 4835 4829 4830
f 4824 4825 4835
f 4825 4826 4835
f 4835 4826 4827
f 4821 4822 4835
f 4822 4823 4835
f 4835 4823 4824
f 4818 4819 4835
f 4819 4820 4835
f 4835 4820 4821
f 4815 4816 4835
f 4816 4817 4835
f 4835 4817 4818
f 4812 4813 4835
f 4813 4814 4835
f 4835 4814 4815
f 4809 4810 4835
f 4810 4811 4835
f 4835 4811 4812
f 4806 4807 4835
f 4807 4808 4835
f 4835 4808 4809
f 4803 4804 4835
f 4804 4805 4835
f 4835 4805 4806
f 4800 4801 4835
f 4801 4802 4835
f 4835 4802 4803
f 4836 1721 4837
f 1721 1716 4837
f 4837 1716 4838
f 1716 1717 4838
f 4838 1717 4839
f 1717 1718 4839
f 4839 1718 4840
f 1718 1645 4840
f 4840 1645 4841
f 1645 1644 4841
f 4841 1644 4842
f 1644 1683 4842
f 4842 1683 4843
f 1683 1682 4843
f 4843 1682 4844
f 1682 1738 4844
f 4844 1738 4845
f 1738 1737 4845
f 4845 1737 4846
f 1737 1736 4846
f 4846 1736 4847
f 1736 1693 4847
f 4847 1693 4848
f 1693 1735 4848
f 4848 1735 4849
f 1735 1734 4849
f 4849 1734 4850
f 1734 1733 4850
f 4850 1733 4851
f 1733 1769 4851
f 4851 1769 4852
f 1769 1768 4852
f 4852 1768 4853
f 1768 1767 4853
f 4853 1767 4854
f 1767 1766 4854
f 4854 1766 4855
f 1766 1765 4855
f 4855 1765 4856
f 1765 1764 4856
f 4856 1764 4857
f 1764 1763 4857
f 4857 1763 4858
f 1763 1762 4858
f 4858 1762 4859
f 1762 1715 4859
f 4859 1715 4860
f 1715 1761 4860
f 4860 1761 4861
f 1761 1643 4861
f 4861 1643 4862
f 1643 1642 4862
f 4862 1642 4863
f 1642 1802 4863
f 4863 1802 4864
f 1802 1803 4864
f 4864 1803 4865
f 1803 1804 4865
f 4865 1804 4866
f 1804 1805 4866
f 4866 1805 4867
f 1805 1639 4867
f 4867 1639 4868
f 1639 1609 4868
f 4868 1609 4869
f 1609 1661 4869
f 4869 1661 4870
f 1661 1660 4870
f 4870 1660 4871
f 1660 1659 4871
f 4871 1659 4872
f 1659 1635 4872
f 4872 1635 4873
f 1635 1633 4873
f 4873 1633 4874
f 1633 1658 4874
f 4874 1658 4875
f 1658 1657 4875
f 4875 1657 4876
f 1657 1655 4876
f 4876 1655 4877
f 1655 1653 4877
f 4877 1653 4878
f 1653 1601 4878
f 4878 1601 4879
f 1601 1600 4879
f 4879 1600 4880
f 1600 1599 4880
f 4880 1599 4881
f 1599 1598 4881
f 4881 1598 4882
f 1598 1597 4882
f 4882 1597 4883
f 1597 1596 4883
f 4883 1596 4884
f 1596 1624 4884
f 4884 1624 4885
f 1624 1625 4885
f 4885 1625 4886
f 1625 1791 4886
f 4886 1791 4887
f 1791 1792 4887
f 4887 1792 4888
f 1792 1793 4888
f 4888 1793 4889
f 1793 1794 4889
f 4889 1794 4890
f 1794 1795 4890
f 4890 1795 4891
f 1795 1796 4891
f 4891 1796 4892
f 1796 1797 4892
f 4892 1797 4893
f 1797 1798 4893
f 4893 1798 4894
f 1798 1799 4894
f 4894 1799 4895
f 1799 1809 4895
f 4895 1809 4896
f 1809 1808 4896
f 4896 1808 4897
f 1808 1807 4897
f 4897 1807 4898
f 1807 1806 4898
f 4898 1806 4899
f 1806 1673 4899
f 4899 1673 4900
f 1673 1672 4900
f 4900 1672 4901
f 1672 1723 4901
f 4901 1723 4902
f 1723 1722 4902
f 4902 1722 4903
f 1722 1741 4903
f 4903 1741 4904
f 1741 1740 4904
f 4904 1740 4905
f 1740 1739 4905
f 4905 1739 4906
f 1739 1719 4906
f 4906 1719 4907
f 1719 1720 4907
f 4907 1720 4836
f 1720 1721 4836
f 4870 4871 4908
f 4871 4872 4908
f 4908 4872 4873
f 4867 4868 4908
f 4868 4869 4908
f 4908 4869 4870
f 4864 4865 4908
f 4865 4866 4908
f 4908 4866 4867
f 4861 4862 4908
f 4862 4863 4908
f 4908 4863 4864
f 4858 4859 4908
f 4859 4860 4908
f 4908 4860 4861
f 4855 4856 4908
f 4856 4857 4908
f 4908 4857 4858
f 4852 4853 4908
f 4853 4854 4908
f 4908 4854 4855
f 4849 4850 4908
f 4850 4851 4908
f 4908 4851 4852
f 4846 4847 4908
f 4847 4848 4908
f 4908 4848 4849
f 4843 4844 4908
f 4844 4845 4908
f 4908 4845 4846
f 4840 4841 4908
f 4841 4842 4908
f 4908 4842 4843
f 4837 4838 4908
f 4838 4839 4908
f 4908 4839 4840
f 4906 4907 4908
f 4907 4836 4908
f 4908 4836 4837
f 4903 4904 4908
f 4904 4905 4908
f 4908 4905 4906
f 4900 4901 4908
f 4901 4902 4908
f 4908 4902 4903
f 4897 4898 4908
f 4898 4899 4908
f 4908 4899 4900
f 4894 4895 4908
f 4895 4896 4908
f 4908 4896 4897
f 4891 4892 4908
f 4892 4893 4908
f 4908 4893 4894
f 4888 4889 4908
f 4889 4890 4908
f 4908 4890 4891
f 4885 4886 4908
f 4886 4887 4908
f 4908 4887 4888
f 4882 4883 4908
f 4883 4884 4908
f 4908 4884 4885
f 4879 4880 4908
f 4880 4881 4908
f 4908 4881 4882
f 4876 4877 4908
f 4877 4878 4908
f 4908 4878 4879
f 4873 4874 4908
f 4874 4875 4908
f 4908 4875 4876
f 131 150 4909
f 4909 4910 131
f 4910 4911 131
f 131 4911 132
f 4911 4912 132
f 4912 4913 132
f 132 4913 133
f 4913 4914 133
f 4914 4915 133
f 133 4915 134
f 4915 4916 134
f 4916 4917 134
f 134 4917 151
f 4917 4918 151
f 4918 4919 151
f 151 4919 152
f 4919 4920 152
f 4920 4921 152
f 152 4921 135
f 4921 4922 135
f 4922 4923 135
f 135 4923 136
f 4923 4924 136
f 4924 4925 136
f 136 4925 137
f 4925 4926 137
f 4926 4927 137
f 137 4927 138
f 4927 4928 138
f 4928 4929 138
f 138 4929 75
f 4929 4930 75
f 4930 4931 75
f 75 4931 76
f 4931 4932 76
f 4932 4933 76
f 76 4933 103
f 4933 4934 103
f 4934 4935 103
f 103 4935 104
f 4935 4936 104
f 4936 4937 104
f 104 4937 105
f 4937 4938 105
f 4938 4939 105
f 105 4939 139
f 4939 4940 139
f 4940 4941 139
f 139 4941 140
f 4941 4942 140
f 4942 4943 140
f 140 4943 141
f 4943 4944 141
f 4944 4945 141
f 141 4945 53
f 4945 4946 53
f 4946 4947 53
f 53 4947 54
f 4947 4948 54
f 4948 4949 54
f 54 4949 106
f 4949 4950 106
f 4950 4951 106
f 106 4951 107
f 4951 4952 107
f 4952 4953 107
f 107 4953 79
f 4953 4954 79
f 4954 4955 79
f 79 4955 78
f 4955 4956 78
f 4956 4957 78
f 78 4957 77
f 4957 4958 77
f 4958 4959 77
f 77 4959 142
f 4959 4960 142
f 4960 4961 142
f 142 4961 143
f 4961 4962 143
f 4962 4963 143
f 143 4963 144
f 4963 4964 144
f 4964 4965 144
f 144 4965 113
f 4965 4966 113
f 4966 4967 113
f 113 4967 114
f 4967 4968 114
f 4968 4969 114
f 114 4969 145
f 4969 4970 145
f 4970 4971 145
f 145 4971 146
f 4971 4972 146
f 4972 4973 146
f 146 4973 55
f 4973 4974 55
f 4974 4975 55
f 55 4975 56
f 4975 4976 56
f 4976 4977 56
f 56 4977 88
f 4977 4978 88
f 4978 4979 88
f 88 4979 89
f 4979 4980 89
f 4980 4981 89
f 89 4981 91
f 4981 4982 91
f 4982 4983 91
f 91 4983 51
f 4983 4984 51
f 4984 4985 51
f 51 4985 52
f 4985 4986 52
f 4986 4987 52
f 52 4987 115
f 4987 4988 115
f 4988 4989 115
f 115 4989 116
f 4989 4990 116
f 4990 4991 116
f 116 4991 117
f 4991 4992 117
f 4992 4993 117
f 117 4993 118
f 4993 4994 118
f 4994 4995 118
f 118 4995 119
f 4995 4996 119
f 4996 4997 119
f 119 4997 120
f 4997 4998 120
f 4998 4999 120
f 120 4999 121
f 4999 5000 121
f 5000 5001 121
f 121 5001 122
f 5001 5002 122
f 5002 5003 122
f 122 5003 94
f 5003 5004 94
f 5004 5005 94
f 94 5005 95
f 5005 5006 95
f 5006 5007 95
f 95 5007 96
f 5007 5008 96
f 5008 5009 96
f 96 5009 97
f 5009 5010 97
f 5010 5011 97
f 97 5011 123
f 5011 5012 123
f 5012 5013 123
f 123 5013 124
f 5013 5014 124
f 5014 5015 124
f 124 5015 125
f 5015 5016 125
f 5016 5017 125
f 125 5017 126
f 5017 5018 126
f 5018 5019 126
f 126 5019 127
f 5019 5020 127
f 5020 5021 127
f 127 5021 147
f 5021 5022 147
f 5022 5023 147
f 147 5023 148
f 5023 5024 148
f 5024 5025 148
f 148 5025 98
f 5025 5026 98
f 5026 5027 98
f 98 5027 99
f 5027 5028 99
f 5028 5029 99
f 99 5029 100
f 5029 5030 100
f 5030 5031 100
f 100 5031 108
f 5031 5032 108
f 5032 5033 108
f 108 5033 109
f 5033 5034 109
f 5034 5035 109
f 109 5035 101
f 5035 5036 101
f 5036 5037 101
f 101 5037 110
f 5037 5038 110
f 5038 5039 110
f 110 5039 111
f 5039 5040 111
f 5040 5041 111
f 111 5041 112
f 5041 5042 112
f 5042 5043 112
f 112 5043 128
f 5043 5044 128
f 5044 5045 128
f 128 5045 129
f 5045 5046 129
f 5046 5047 129
f 129 5047 130
f 5047 5048 130
f 5048 5049 130
f 130 5049 149
f 5049 5050 149
f 5050 5051 149
f 149 5051 150
f 5051 5052 150
f 150 5052 4909
f 5053 5054 5055
f 5053 5055 5056
f 5055 5057 5056
f 5056 5057 5058
f 5057 5059 5058
f 5058 5059 5060
f 5059 5061 5060
f 5060 5061 5062
f 5061 5063 5062
f 5062 5063 5064
f 5063 5065 5064
f 5064 5065 5066
f 5065 5067 5066
f 5066 5067 5068
f 5067 5069 5068
f 5068 5069 5070
f 5069 5071 5070
f 5070 5071 5072
f 5071 5073 5072
f 5072 5073 5074
f 5073 5075 5074
f 5074 5075 5076
f 5075 5077 5076
f 5076 5077 5078
f 5077 5079 5078
f 5078 5079 5080
f 5079 5081 5080
f 5080 5081 5082
f 5081 5083 5082
f 5082 5083 5084
f 5083 5085 5084
f 5084 5085 5086
f 5085 5087 5086
f 5086 5087 5088
f 5087 5089 5088
f 5088 5089 5090
f 28 5054 21
f 5054 5053 21
f 2 21 5091
f 21 5053 5091
f 5090 5053 5056
f 5074 5076 5064
f 5064 5076 5062
f 5092 5093 5091
f 5066 5068 5070
f 5053 5090 5091
f 5090 5094 5091
f 5091 5094 5092
f 5062 5076 5060
f 5076 5078 5060
f 5060 5078 5080
f 5080 5082 5060
f 5082 5084 5060
f 5060 5084 5086
f 5056 5058 5090
f 5058 5060 5090
f 5090 5060 5088
f 5060 5086 5088
f 5093 5095 5091
f 5095 5096 5091
f 5091 5096 5097
f 5098 5099 5100
f 5066 5070 5064
f 5070 5072 5064
f 5064 5072 5074
f 5101 5102 5103
f 5102 5091 5103
f 5103 5091 5104
f 5091 5097 5104
f 5098 5100 5105
f 5099 5106 5100
f 5106 5107 5100
f 5100 5107 5108
f 5101 5103 5100
f 5103 5109 5100
f 5100 5109 5105
f 2 5091 37
f 5091 5110 37
f 5094 5090 5111
f 5090 5089 5111
f 5110 5091 5102
f 5110 5102 5112
f 5102 5101 5112
f 5112 5101 5113
f 5101 5100 5113
f 5113 5100 5114
f 5100 5108 5114
f 5114 5108 5115
f 5108 5107 5115
f 5115 5107 5116
f 5107 5106 5116
f 5116 5106 5117
f 5106 5099 5117
f 5117 5099 5118
f 5099 5098 5118
f 5118 5098 5119
f 5098 5105 5119
f 5119 5105 5120
f 5105 5109 5120
f 5120 5109 5121
f 5109 5103 5121
f 5121 5103 5122
f 5103 5104 5122
f 5122 5104 5123
f 5104 5097 5123
f 5123 5097 5124
f 5097 5096 5124
f 5124 5096 5125
f 5096 5095 5125
f 5125 5095 5126
f 5095 5093 5126
f 5126 5093 5127
f 5093 5092 5127
f 5127 5092 5128
f 5092 5094 5128
f 5128 5094 5111
f 28 37 5054
f 37 5110 5054
f 5111 5110 5112
f 5121 5122 5116
f 5116 5122 5115
f 5087 5085 5054
f 5117 5118 5119
f 5110 5111 5054
f 5111 5089 5054
f 5054 5089 5087
f 5115 5122 5114
f 5122 5123 5114
f 5114 5123 5124
f 5124 5125 5114
f 5125 5126 5114
f 5114 5126 5127
f 5112 5113 5111
f 5113 5114 5111
f 5111 5114 5128
f 5114 5127 5128
f 5085 5083 5054
f 5083 5081 5054
f 5054 5081 5079
f 5069 5067 5059
f 5117 5119 5116
f 5119 5120 5116
f 5116 5120 5121
f 5057 5055 5075
f 5055 5054 5075
f 5075 5054 5077
f 5054 5079 5077
f 5069 5059 5071
f 5067 5065 5059
f 5065 5063 5059
f 5059 5063 5061
f 5057 5075 5059
f 5075 5073 5059
f 5059 5073 5071
f 6 5129 16
f 5129 5130 16
f 31 5131 11
f 5131 5132 11
f 5132 5131 5133
f 5132 5133 5134
f 5133 5135 5134
f 5134 5135 5136
f 5135 5137 5136
f 5136 5137 5138
f 5137 5139 5138
f 5138 5139 5140
f 5139 5141 5140
f 5140 5141 5142
f 5141 5143 5142
f 5142 5143 5144
f 5143 5145 5144
f 5144 5145 5146
f 5145 5147 5146
f 5146 5147 5148
f 5147 5149 5148
f 5148 5149 5150
f 5149 5151 5150
f 5150 5151 5152
f 5151 5153 5152
f 5152 5153 5154
f 5153 5155 5154
f 5154 5155 5156
f 5155 5157 5156
f 5156 5157 5158
f 5157 5159 5158
f 5158 5159 5160
f 5159 5161 5160
f 5160 5161 5162
f 5161 5163 5162
f 5162 5163 5164
f 5163 5165 5164
f 5164 5165 5166
f 5165 5167 5166
f 5166 5167 5168
f 5167 5169 5168
f 5169 5170 5168
f 6 11 5129
f 11 5132 5129
f 5168 5132 5134
f 5152 5154 5142
f 5142 5154 5140
f 5171 5172 5129
f 5144 5146 5148
f 5132 5168 5129
f 5168 5170 5129
f 5129 5170 5171
f 5140 5154 5138
f 5154 5156 5138
f 5138 5156 5158
f 5158 5160 5138
f 5160 5162 5138
f 5138 5162 5164
f 5134 5136 5168
f 5136 5138 5168
f 5168 5138 5166
f 5138 5164 5166
f 5172 5173 5129
f 5173 5174 5129
f 5129 5174 5175
f 5176 5177 5178
f 5144 5148 5142
f 5148 5150 5142
f 5142 5150 5152
f 5179 5180 5181
f 5180 5129 5181
f 5181 5129 5182
f 5129 5175 5182
f 5176 5178 5183
f 5177 5184 5178
f 5184 5185 5178
f 5178 5185 5186
f 5179 5181 5178
f 5181 5187 5178
f 5178 5187 5183
f 5130 5129 5180
f 5130 5180 5188
f 5180 5179 5188
f 5188 5179 5189
f 5179 5178 5189
f 5189 5178 5190
f 5178 5186 5190
f 5190 5186 5191
f 5186 5185 5191
f 5191 5185 5192
f 5185 5184 5192
f 5192 5184 5193
f 5184 5177 5193
f 5193 5177 5194
f 5177 5176 5194
f 5194 5176 5195
f 5176 5183 5195
f 5195 5183 5196
f 5183 5187 5196
f 5196 5187 5197
f 5187 5181 5197
f 5197 5181 5198
f 5181 5182 5198
f 5198 5182 5199
f 5182 5175 5199
f 5199 5175 5200
f 5175 5174 5200
f 5200 5174 5201
f 5174 5173 5201
f 5201 5173 5202
f 5173 5172 5202
f 5202 5172 5203
f 5172 5171 5203
f 5203 5171 5204
f 5171 5170 5204
f 5204 5170 5169
f 31 16 5131
f 16 5130 5131
f 5169 5130 5188
f 5197 5198 5192
f 5192 5198 5191
f 5165 5163 5131
f 5193 5194 5195
f 5130 5169 5131
f 5169 5167 5131
f 5131 5167 5165
f 5191 5198 5190
f 5198 5199 5190
f 5190 5199 5200
f 5200 5201 5190
f 5201 5202 5190
f 5190 5202 5203
f 5188 5189 5169
f 5189 5190 5169
f 5169 5190 5204
f 5190 5203 5204
f 5163 5161 5131
f 5161 5159 5131
f 5131 5159 5157
f 5147 5145 5137
f 5193 5195 5192
f 5195 5196 5192
f 5192 5196 5197
f 5135 5133 5153
f 5133 5131 5153
f 5153 5131 5155
f 5131 5157 5155
f 5147 5137 5149
f 5145 5143 5137
f 5143 5141 5137
f 5137 5141 5139
f 5135 5153 5137
f 5153 5151 5137
f 5137 5151 5149
f 5205 5206 5207
f 5208 5209 5207
f 5209 5210 5207
f 5207 5210 5205
f 5211 5212 5207
f 5212 5213 5207
f 5207 5213 5208
f 5214 5215 5207
f 5215 5216 5207
f 5207 5216 5211
f 5217 5218 5207
f 5218 5219 5207
f 5207 5219 5214
f 5220 5221 5207
f 5221 5222 5207
f 5207 5222 5217
f 5223 5224 5207
f 5224 5225 5207
f 5207 5225 5220
f 5226 5227 5207
f 5227 5228 5207
f 5207 5228 5223
f 5229 5230 5207
f 5230 5231 5207
f 5207 5231 5226
f 5232 5233 5207
f 5233 5234 5207
f 5207 5234 5229
f 5235 5236 5207
f 5236 5237 5207
f 5207 5237 5232
f 5238 5239 5207
f 5239 5240 5207
f 5207 5240 5235
f 5241 5242 5207
f 5242 5243 5207
f 5207 5243 5238
f 5244 5245 5207
f 5245 5246 5207
f 5207 5246 5241
f 5247 5248 5207
f 5248 5249 5207
f 5207 5249 5244
f 5250 5251 5207
f 5251 5252 5207
f 5207 5252 5247
f 5253 5254 5207
f 5254 5255 5207
f 5207 5255 5250
f 5256 5257 5207
f 5257 5258 5207
f 5207 5258 5253
f 5259 5260 5207
f 5260 5261 5207
f 5207 5261 5256
f 5262 5263 5207
f 5263 5264 5207
f 5207 5264 5259
f 5265 5266 5207
f 5266 5267 5207
f 5207 5267 5262
f 5268 5269 5207
f 5269 5270 5207
f 5207 5270 5265
f 5271 5272 5207
f 5272 5273 5207
f 5207 5273 5268
f 5274 5275 5207
f 5275 5276 5207
f 5207 5276 5271
f 5206 5277 5207
f 5277 5278 5207
f 5207 5278 5274
f 4980 4979 5279
f 4978 4977 5280
f 4976 4975 5281
f 4974 4973 5282
f 4972 4971 5283
f 4970 4969 5284
f 4968 4967 5285
f 4966 4965 5286
f 4964 4963 5287
f 4962 4961 5288
f 4960 4959 5289
f 4958 4957 5290
f 4956 4955 5291
f 4954 4953 5292
f 4952 4951 5293
f 4950 4949 5294
f 4948 4947 5295
f 4946 4945 5296
f 4944 4943 5297
f 4942 4941 5298
f 4940 4939 5299
f 4938 4937 5300
f 4936 4935 5301
f 4934 4933 5302
f 4932 4931 5303
f 4930 4929 5304
f 4928 4927 5305
f 4926 4925 5306
f 4924 4923 5307
f 4922 4921 5308
f 4920 4919 5309
f 4918 4917 5310
f 4916 4915 5311
f 4914 4913 5312
f 5313 5241 5246
f 5314 5242 5241
f 5315 5243 5242
f 5316 5238 5243
f 5317 5239 5238
f 5318 5240 5239
f 5319 5235 5240
f 5320 5236 5235
f 5321 5237 5236
f 5322 5232 5237
f 5323 5233 5232
f 5324 5234 5233
f 5325 5229 5234
f 5326 5230 5229
f 5327 5231 5230
f 5328 5226 5231
f 5329 5227 5226
f 5330 5228 5227
f 5331 5223 5228
f 5332 5224 5223
f 5205 5210 5333
f 5334 5261 5260
f 5335 5256 5261
f 5336 5257 5256
f 5337 5258 5257
f 5338 5253 5258
f 5339 5254 5253
f 5340 5255 5254
f 5341 5250 5255
f 5342 5251 5250
f 5343 5252 5251
f 5344 5247 5252
f 5345 5248 5247
f 5346 5249 5248
f 5347 5244 5249
f 5348 5245 5244
f 5349 5246 5245
f 5205 5333 5206
f 5225 5224 5350
f 5224 5332 5350
f 5350 5332 5351
f 5220 5225 5352
f 5225 5350 5352
f 5352 5350 5353
f 5350 5351 5353
f 5353 5351 5354
f 5221 5220 5355
f 5220 5352 5355
f 5355 5352 5356
f 5352 5353 5356
f 5356 5353 5357
f 5353 5354 5357
f 5357 5354 5358
f 5222 5221 5359
f 5221 5355 5359
f 5359 5355 5360
f 5355 5356 5360
f 5360 5356 5361
f 5356 5357 5361
f 5361 5357 5362
f 5357 5358 5362
f 5362 5358 5363
f 5217 5222 5364
f 5222 5359 5364
f 5364 5359 5365
f 5359 5360 5365
f 5365 5360 5366
f 5360 5361 5366
f 5366 5361 5367
f 5361 5362 5367
f 5367 5362 5368
f 5362 5363 5368
f 5368 5363 5369
f 5218 5217 5370
f 5217 5364 5370
f 5370 5364 5371
f 5364 5365 5371
f 5371 5365 5372
f 5365 5366 5372
f 5372 5366 5373
f 5366 5367 5373
f 5373 5367 5374
f 5367 5368 5374
f 5374 5368 5375
f 5368 5369 5375
f 5375 5369 5376
f 5219 5218 5377
f 5218 5370 5377
f 5377 5370 5378
f 5370 5371 5378
f 5378 5371 5379
f 5371 5372 5379
f 5379 5372 5380
f 5372 5373 5380
f 5380 5373 5381
f 5373 5374 5381
f 5381 5374 5382
f 5374 5375 5382
f 5382 5375 5383
f 5375 5376 5383
f 5383 5376 5384
f 5214 5219 5385
f 5219 5377 5385
f 5385 5377 5386
f 5377 5378 5386
f 5386 5378 5387
f 5378 5379 5387
f 5387 5379 5388
f 5379 5380 5388
f 5388 5380 5389
f 5380 5381 5389
f 5389 5381 5390
f 5381 5382 5390
f 5390 5382 5391
f 5382 5383 5391
f 5391 5383 5392
f 5383 5384 5392
f 5392 5384 5393
f 5215 5214 5394
f 5214 5385 5394
f 5394 5385 5395
f 5385 5386 5395
f 5395 5386 5396
f 5386 5387 5396
f 5396 5387 5397
f 5387 5388 5397
f 5397 5388 5398
f 5388 5389 5398
f 5398 5389 5399
f 5389 5390 5399
f 5399 5390 5400
f 5390 5391 5400
f 5400 5391 5401
f 5391 5392 5401
f 5401 5392 5402
f 5392 5393 5402
f 5402 5393 5403
f 5216 5215 5404
f 5215 5394 5404
f 5404 5394 5405
f 5394 5395 5405
f 5405 5395 5406
f 5395 5396 5406
f 5406 5396 5407
f 5396 5397 5407
f 5407 5397 5408
f 5397 5398 5408
f 5408 5398 5409
f 5398 5399 5409
f 5409 5399 5410
f 5399 5400 5410
f 5410 5400 5411
f 5400 5401 5411
f 5411 5401 5412
f 5401 5402 5412
f 5412 5402 5413
f 5402 5403 5413
f 5413 5403 5414
f 5211 5216 5415
f 5216 5404 5415
f 5415 5404 5416
f 5404 5405 5416
f 5416 5405 5417
f 5405 5406 5417
f 5417 5406 5418
f 5406 5407 5418
f 5418 5407 5419
f 5407 5408 5419
f 5419 5408 5420
f 5408 5409 5420
f 5420 5409 5421
f 5409 5410 5421
f 5421 5410 5422
f 5410 5411 5422
f 5422 5411 5423
f 5411 5412 5423
f 5423 5412 5424
f 5412 5413 5424
f 5424 5413 5425
f 5413 5414 5425
f 5425 5414 5426
f 5212 5211 5427
f 5211 5415 5427
f 5427 5415 5428
f 5415 5416 5428
f 5428 5416 5429
f 5416 5417 5429
f 5429 5417 5430
f 5417 5418 5430
f 5430 5418 5431
f 5418 5419 5431
f 5431 5419 5432
f 5419 5420 5432
f 5432 5420 5433
f 5420 5421 5433
f 5433 5421 5434
f 5421 5422 5434
f 5434 5422 5435
f 5422 5423 5435
f 5435 5423 5436
f 5423 5424 5436
f 5436 5424 5437
f 5424 5425 5437
f 5437 5425 5438
f 5425 5426 5438
f 5438 5426 5439
f 5213 5212 5440
f 5212 5427 5440
f 5440 5427 5441
f 5427 5428 5441
f 5441 5428 5442
f 5428 5429 5442
f 5442 5429 5443
f 5429 5430 5443
f 5443 5430 5444
f 5430 5431 5444
f 5444 5431 5445
f 5431 5432 5445
f 5445 5432 5446
f 5432 5433 5446
f 5446 5433 5447
f 5433 5434 5447
f 5447 5434 5448
f 5434 5435 5448
f 5448 5435 5449
f 5435 5436 5449
f 5449 5436 5450
f 5436 5437 5450
f 5450 5437 5451
f 5437 5438 5451
f 5451 5438 5452
f 5438 5439 5452
f 5452 5439 5453
f 5208 5213 5454
f 5213 5440 5454
f 5454 5440 5455
f 5440 5441 5455
f 5455 5441 5456
f 5441 5442 5456
f 5456 5442 5457
f 5442 5443 5457
f 5457 5443 5458
f 5443 5444 5458
f 5458 5444 5459
f 5444 5445 5459
f 5459 5445 5460
f 5445 5446 5460
f 5460 5446 5461
f 5446 5447 5461
f 5461 5447 5462
f 5447 5448 5462
f 5462 5448 5463
f 5448 5449 5463
f 5463 5449 5464
f 5449 5450 5464
f 5464 5450 5465
f 5450 5451 5465
f 5465 5451 5466
f 5451 5452 5466
f 5466 5452 5467
f 5452 5453 5467
f 5467 5453 5468
f 5209 5208 5469
f 5208 5454 5469
f 5469 5454 5470
f 5454 5455 5470
f 5470 5455 5471
f 5455 5456 5471
f 5471 5456 5472
f 5456 5457 5472
f 5472 5457 5473
f 5457 5458 5473
f 5473 5458 5474
f 5458 5459 5474
f 5474 5459 5475
f 5459 5460 5475
f 5475 5460 5476
f 5460 5461 5476
f 5476 5461 5477
f 5461 5462 5477
f 5477 5462 5478
f 5462 5463 5478
f 5478 5463 5479
f 5463 5464 5479
f 5479 5464 5480
f 5464 5465 5480
f 5480 5465 5481
f 5465 5466 5481
f 5481 5466 5482
f 5466 5467 5482
f 5482 5467 5483
f 5467 5468 5483
f 5483 5468 5484
f 5210 5209 5333
f 5209 5469 5333
f 5333 5469 5485
f 5469 5470 5485
f 5485 5470 5486
f 5470 5471 5486
f 5486 5471 5487
f 5471 5472 5487
f 5487 5472 5488
f 5472 5473 5488
f 5488 5473 5489
f 5473 5474 5489
f 5489 5474 5490
f 5474 5475 5490
f 5490 5475 5491
f 5475 5476 5491
f 5491 5476 5492
f 5476 5477 5492
f 5492 5477 5493
f 5477 5478 5493
f 5493 5478 5494
f 5478 5479 5494
f 5494 5479 5495
f 5479 5480 5495
f 5495 5480 5496
f 5480 5481 5496
f 5496 5481 5497
f 5481 5482 5497
f 5497 5482 5498
f 5482 5483 5498
f 5498 5483 5499
f 5483 5484 5499
f 5499 5484 5500
f 5501 5502 5503
f 4913 4912 5312
f 4912 5502 5312
f 5312 5502 5504
f 5502 5501 5504
f 5504 5501 5505
f 4915 4914 5311
f 4914 5312 5311
f 5311 5312 5506
f 5312 5504 5506
f 5506 5504 5507
f 5504 5505 5507
f 5507 5505 5508
f 4917 4916 5310
f 4916 5311 5310
f 5310 5311 5509
f 5311 5506 5509
f 5509 5506 5510
f 5506 5507 5510
f 5510 5507 5511
f 5507 5508 5511
f 5511 5508 5512
f 4919 4918 5309
f 4918 5310 5309
f 5309 5310 5513
f 5310 5509 5513
f 5513 5509 5514
f 5509 5510 5514
f 5514 5510 5515
f 5510 5511 5515
f 5515 5511 5516
f 5511 5512 5516
f 5516 5512 5517
f 4921 4920 5308
f 4920 5309 5308
f 5308 5309 5518
f 5309 5513 5518
f 5518 5513 5519
f 5513 5514 5519
f 5519 5514 5520
f 5514 5515 5520
f 5520 5515 5521
f 5515 5516 5521
f 5521 5516 5522
f 5516 5517 5522
f 5522 5517 5523
f 4923 4922 5307
f 4922 5308 5307
f 5307 5308 5524
f 5308 5518 5524
f 5524 5518 5525
f 5518 5519 5525
f 5525 5519 5526
f 5519 5520 5526
f 5526 5520 5527
f 5520 5521 5527
f 5527 5521 5528
f 5521 5522 5528
f 5528 5522 5529
f 5522 5523 5529
f 5529 5523 5530
f 4925 4924 5306
f 4924 5307 5306
f 5306 5307 5531
f 5307 5524 5531
f 5531 5524 5532
f 5524 5525 5532
f 5532 5525 5533
f 5525 5526 5533
f 5533 5526 5534
f 5526 5527 5534
f 5534 5527 5535
f 5527 5528 5535
f 5535 5528 5536
f 5528 5529 5536
f 5536 5529 5537
f 5529 5530 5537
f 5537 5530 5538
f 4927 4926 5305
f 4926 5306 5305
f 5305 5306 5539
f 5306 5531 5539
f 5539 5531 5540
f 5531 5532 5540
f 5540 5532 5541
f 5532 5533 5541
f 5541 5533 5542
f 5533 5534 5542
f 5542 5534 5543
f 5534 5535 5543
f 5543 5535 5544
f 5535 5536 5544
f 5544 5536 5545
f 5536 5537 5545
f 5545 5537 5546
f 5537 5538 5546
f 5546 5538 5547
f 4929 4928 5304
f 4928 5305 5304
f 5304 5305 5548
f 5305 5539 5548
f 5548 5539 5549
f 5539 5540 5549
f 5549 5540 5550
f 5540 5541 5550
f 5550 5541 5551
f 5541 5542 5551
f 5551 5542 5552
f 5542 5543 5552
f 5552 5543 5553
f 5543 5544 5553
f 5553 5544 5554
f 5544 5545 5554
f 5554 5545 5555
f 5545 5546 5555
f 5555 5546 5556
f 5546 5547 5556
f 5556 5547 5557
f 4931 4930 5303
f 4930 5304 5303
f 5303 5304 5558
f 5304 5548 5558
f 5558 5548 5559
f 5548 5549 5559
f 5559 5549 5560
f 5549 5550 5560
f 5560 5550 5561
f 5550 5551 5561
f 5561 5551 5562
f 5551 5552 5562
f 5562 5552 5563
f 5552 5553 5563
f 5563 5553 5564
f 5553 5554 5564
f 5564 5554 5565
f 5554 5555 5565
f 5565 5555 5566
f 5555 5556 5566
f 5566 5556 5567
f 5556 5557 5567
f 5567 5557 5568
f 4933 4932 5302
f 4932 5303 5302
f 5302 5303 5569
f 5303 5558 5569
f 5569 5558 5570
f 5558 5559 5570
f 5570 5559 5571
f 5559 5560 5571
f 5571 5560 5572
f 5560 5561 5572
f 5572 5561 5573
f 5561 5562 5573
f 5573 5562 5574
f 5562 5563 5574
f 5574 5563 5575
f 5563 5564 5575
f 5575 5564 5576
f 5564 5565 5576
f 5576 5565 5577
f 5565 5566 5577
f 5577 5566 5578
f 5566 5567 5578
f 5578 5567 5579
f 5567 5568 5579
f 5579 5568 5580
f 4935 4934 5301
f 4934 5302 5301
f 5301 5302 5581
f 5302 5569 5581
f 5581 5569 5582
f 5569 5570 5582
f 5582 5570 5583
f 5570 5571 5583
f 5583 5571 5584
f 5571 5572 5584
f 5584 5572 5585
f 5572 5573 5585
f 5585 5573 5586
f 5573 5574 5586
f 5586 5574 5587
f 5574 5575 5587
f 5587 5575 5588
f 5575 5576 5588
f 5588 5576 5589
f 5576 5577 5589
f 5589 5577 5590
f 5577 5578 5590
f 5590 5578 5591
f 5578 5579 5591
f 5591 5579 5592
f 5579 5580 5592
f 5592 5580 5593
f 4937 4936 5300
f 4936 5301 5300
f 5300 5301 5594
f 5301 5581 5594
f 5594 5581 5595
f 5581 5582 5595
f 5595 5582 5596
f 5582 5583 5596
f 5596 5583 5597
f 5583 5584 5597
f 5597 5584 5598
f 5584 5585 5598
f 5598 5585 5599
f 5585 5586 5599
f 5599 5586 5600
f 5586 5587 5600
f 5600 5587 5601
f 5587 5588 5601
f 5601 5588 5602
f 5588 5589 5602
f 5602 5589 5603
f 5589 5590 5603
f 5603 5590 5604
f 5590 5591 5604
f 5604 5591 5605
f 5591 5592 5605
f 5605 5592 5606
f 5592 5593 5606
f 5606 5593 5607
f 4939 4938 5299
f 4938 5300 5299
f 5299 5300 5608
f 5300 5594 5608
f 5608 5594 5609
f 5594 5595 5609
f 5609 5595 5610
f 5595 5596 5610
f 5610 5596 5611
f 5596 5597 5611
f 5611 5597 5612
f 5597 5598 5612
f 5612 5598 5613
f 5598 5599 5613
f 5613 5599 5614
f 5599 5600 5614
f 5614 5600 5615
f 5600 5601 5615
f 5615 5601 5616
f 5601 5602 5616
f 5616 5602 5617
f 5602 5603 5617
f 5617 5603 5618
f 5603 5604 5618
f 5618 5604 5619
f 5604 5605 5619
f 5619 5605 5620
f 5605 5606 5620
f 5620 5606 5621
f 5606 5607 5621
f 5621 5607 5622
f 4941 4940 5298
f 4940 5299 5298
f 5298 5299 5623
f 5299 5608 5623
f 5623 5608 5624
f 5608 5609 5624
f 5624 5609 5625
f 5609 5610 5625
f 5625 5610 5626
f 5610 5611 5626
f 5626 5611 5627
f 5611 5612 5627
f 5627 5612 5628
f 5612 5613 5628
f 5628 5613 5629
f 5613 5614 5629
f 5629 5614 5630
f 5614 5615 5630
f 5630 5615 5631
f 5615 5616 5631
f 5631 5616 5632
f 5616 5617 5632
f 5632 5617 5633
f 5617 5618 5633
f 5633 5618 5634
f 5618 5619 5634
f 5634 5619 5635
f 5619 5620 5635
f 5635 5620 5636
f 5620 5621 5636
f 5636 5621 5637
f 5621 5622 5637
f 5637 5622 5638
f 4943 4942 5297
f 4942 5298 5297
f 5297 5298 5639
f 5298 5623 5639
f 5639 5623 5640
f 5623 5624 5640
f 5640 5624 5641
f 5624 5625 5641
f 5641 5625 5642
f 5625 5626 5642
f 5642 5626 5643
f 5626 5627 5643
f 5643 5627 5644
f 5627 5628 5644
f 5644 5628 5645
f 5628 5629 5645
f 5645 5629 5646
f 5629 5630 5646
f 5646 5630 5647
f 5630 5631 5647
f 5647 5631 5648
f 5631 5632 5648
f 5648 5632 5649
f 5632 5633 5649
f 5649 5633 5650
f 5633 5634 5650
f 5650 5634 5651
f 5634 5635 5651
f 5651 5635 5652
f 5635 5636 5652
f 5652 5636 5653
f 5636 5637 5653
f 5653 5637 5654
f 5637 5638 5654
f 4945 4944 5296
f 4944 5297 5296
f 5296 5297 5655
f 5297 5639 5655
f 5655 5639 5656
f 5639 5640 5656
f 5656 5640 5657
f 5640 5641 5657
f 5657 5641 5658
f 5641 5642 5658
f 5658 5642 5659
f 5642 5643 5659
f 5659 5643 5660
f 5643 5644 5660
f 5660 5644 5661
f 5644 5645 5661
f 5661 5645 5662
f 5645 5646 5662
f 5662 5646 5663
f 5646 5647 5663
f 5663 5647 5664
f 5647 5648 5664
f 5664 5648 5665
f 5648 5649 5665
f 5665 5649 5666
f 5649 5650 5666
f 5666 5650 5667
f 5650 5651 5667
f 5667 5651 5668
f 5651 5652 5668
f 5668 5652 5669
f 5652 5653 5669
f 5669 5653 5670
f 5653 5654 5670
f 4947 4946 5295
f 4946 5296 5295
f 5295 5296 5671
f 5296 5655 5671
f 5671 5655 5672
f 5655 5656 5672
f 5672 5656 5673
f 5656 5657 5673
f 5673 5657 5674
f 5657 5658 5674
f 5674 5658 5675
f 5658 5659 5675
f 5675 5659 5676
f 5659 5660 5676
f 5676 5660 5677
f 5660 5661 5677
f 5677 5661 5678
f 5661 5662 5678
f 5678 5662 5679
f 5662 5663 5679
f 5679 5663 5680
f 5663 5664 5680
f 5680 5664 5681
f 5664 5665 5681
f 5681 5665 5682
f 5665 5666 5682
f 5682 5666 5683
f 5666 5667 5683
f 5683 5667 5684
f 5667 5668 5684
f 5684 5668 5685
f 5668 5669 5685
f 5685 5669 5686
f 5669 5670 5686
f 4949 4948 5294
f 4948 5295 5294
f 5294 5295 5687
f 5295 5671 5687
f 5687 5671 5688
f 5671 5672 5688
f 5688 5672 5689
f 5672 5673 5689
f 5689 5673 5690
f 5673 5674 5690
f 5690 5674 5691
f 5674 5675 5691
f 5691 5675 5692
f 5675 5676 5692
f 5692 5676 5693
f 5676 5677 5693
f 5693 5677 5694
f 5677 5678 5694
f 5694 5678 5695
f 5678 5679 5695
f 5695 5679 5696
f 5679 5680 5696
f 5696 5680 5697
f 5680 5681 5697
f 5697 5681 5698
f 5681 5682 5698
f 5698 5682 5699
f 5682 5683 5699
f 5699 5683 5700
f 5683 5684 5700
f 5700 5684 5701
f 5684 5685 5701
f 5701 5685 5702
f 5685 5686 5702
f 4951 4950 5293
f 4950 5294 5293
f 5293 5294 5703
f 5294 5687 5703
f 5703 5687 5704
f 5687 5688 5704
f 5704 5688 5705
f 5688 5689 5705
f 5705 5689 5706
f 5689 5690 5706
f 5706 5690 5707
f 5690 5691 5707
f 5707 5691 5708
f 5691 5692 5708
f 5708 5692 5709
f 5692 5693 5709
f 5709 5693 5710
f 5693 5694 5710
f 5710 5694 5711
f 5694 5695 5711
f 5711 5695 5712
f 5695 5696 5712
f 5712 5696 5713
f 5696 5697 5713
f 5713 5697 5714
f 5697 5698 5714
f 5714 5698 5715
f 5698 5699 5715
f 5715 5699 5716
f 5699 5700 5716
f 5716 5700 5717
f 5700 5701 5717
f 5717 5701 5718
f 5701 5702 5718
f 4953 4952 5292
f 4952 5293 5292
f 5292 5293 5719
f 5293 5703 5719
f 5719 5703 5720
f 5703 5704 5720
f 5720 5704 5721
f 5704 5705 5721
f 5721 5705 5722
f 5705 5706 5722
f 5722 5706 5723
f 5706 5707 5723
f 5723 5707 5724
f 5707 5708 5724
f 5724 5708 5725
f 5708 5709 5725
f 5725 5709 5726
f 5709 5710 5726
f 5726 5710 5727
f 5710 5711 5727
f 5727 5711 5728
f 5711 5712 5728
f 5728 5712 5729
f 5712 5713 5729
f 5729 5713 5730
f 5713 5714 5730
f 5730 5714 5731
f 5714 5715 5731
f 5731 5715 5732
f 5715 5716 5732
f 5732 5716 5733
f 5716 5717 5733
f 5733 5717 5734
f 5717 5718 5734
f 4955 4954 5291
f 4954 5292 5291
f 5291 5292 5735
f 5292 5719 5735
f 5735 5719 5736
f 5719 5720 5736
f 5736 5720 5737
f 5720 5721 5737
f 5737 5721 5738
f 5721 5722 5738
f 5738 5722 5739
f 5722 5723 5739
f 5739 5723 5740
f 5723 5724 5740
f 5740 5724 5741
f 5724 5725 5741
f 5741 5725 5742
f 5725 5726 5742
f 5742 5726 5743
f 5726 5727 5743
f 5743 5727 5744
f 5727 5728 5744
f 5744 5728 5745
f 5728 5729 5745
f 5745 5729 5746
f 5729 5730 5746
f 5746 5730 5747
f 5730 5731 5747
f 5747 5731 5748
f 5731 5732 5748
f 5748 5732 5749
f 5732 5733 5749
f 5749 5733 5750
f 5733 5734 5750
f 4957 4956 5290
f 4956 5291 5290
f 5290 5291 5751
f 5291 5735 5751
f 5751 5735 5752
f 5735 5736 5752
f 5752 5736 5753
f 5736 5737 5753
f 5753 5737 5754
f 5737 5738 5754
f 5754 5738 5755
f 5738 5739 5755
f 5755 5739 5756
f 5739 5740 5756
f 5756 5740 5757
f 5740 5741 5757
f 5757 5741 5758
f 5741 5742 5758
f 5758 5742 5759
f 5742 5743 5759
f 5759 5743 5760
f 5743 5744 5760
f 5760 5744 5761
f 5744 5745 5761
f 5761 5745 5762
f 5745 5746 5762
f 5762 5746 5763
f 5746 5747 5763
f 5763 5747 5764
f 5747 5748 5764
f 5764 5748 5765
f 5748 5749 5765
f 5765 5749 5766
f 5749 5750 5766
f 4959 4958 5289
f 4958 5290 5289
f 5289 5290 5767
f 5290 5751 5767
f 5767 5751 5768
f 5751 5752 5768
f 5768 5752 5769
f 5752 5753 5769
f 5769 5753 5770
f 5753 5754 5770
f 5770 5754 5771
f 5754 5755 5771
f 5771 5755 5772
f 5755 5756 5772
f 5772 5756 5773
f 5756 5757 5773
f 5773 5757 5774
f 5757 5758 5774
f 5774 5758 5775
f 5758 5759 5775
f 5775 5759 5776
f 5759 5760 5776
f 5776 5760 5777
f 5760 5761 5777
f 5777 5761 5778
f 5761 5762 5778
f 5778 5762 5779
f 5762 5763 5779
f 5779 5763 5780
f 5763 5764 5780
f 5780 5764 5781
f 5764 5765 5781
f 5781 5765 5782
f 5765 5766 5782
f 4961 4960 5288
f 4960 5289 5288
f 5288 5289 5783
f 5289 5767 5783
f 5783 5767 5784
f 5767 5768 5784
f 5784 5768 5785
f 5768 5769 5785
f 5785 5769 5786
f 5769 5770 5786
f 5786 5770 5787
f 5770 5771 5787
f 5787 5771 5788
f 5771 5772 5788
f 5788 5772 5789
f 5772 5773 5789
f 5789 5773 5790
f 5773 5774 5790
f 5790 5774 5791
f 5774 5775 5791
f 5791 5775 5792
f 5775 5776 5792
f 5792 5776 5793
f 5776 5777 5793
f 5793 5777 5794
f 5777 5778 5794
f 5794 5778 5795
f 5778 5779 5795
f 5795 5779 5796
f 5779 5780 5796
f 5796 5780 5797
f 5780 5781 5797
f 5797 5781 5798
f 5781 5782 5798
f 4963 4962 5287
f 4962 5288 5287
f 5287 5288 5799
f 5288 5783 5799
f 5799 5783 5800
f 5783 5784 5800
f 5800 5784 5801
f 5784 5785 5801
f 5801 5785 5802
f 5785 5786 5802
f 5802 5786 5803
f 5786 5787 5803
f 5803 5787 5804
f 5787 5788 5804
f 5804 5788 5805
f 5788 5789 5805
f 5805 5789 5806
f 5789 5790 5806
f 5806 5790 5807
f 5790 5791 5807
f 5807 5791 5808
f 5791 5792 5808
f 5808 5792 5809
f 5792 5793 5809
f 5809 5793 5810
f 5793 5794 5810
f 5810 5794 5811
f 5794 5795 5811
f 5811 5795 5812
f 5795 5796 5812
f 5812 5796 5813
f 5796 5797 5813
f 5813 5797 5814
f 5797 5798 5814
f 4965 4964 5286
f 4964 5287 5286
f 5286 5287 5815
f 5287 5799 5815
f 5815 5799 5816
f 5799 5800 5816
f 5816 5800 5817
f 5800 5801 5817
f 5817 5801 5818
f 5801 5802 5818
f 5818 5802 5819
f 5802 5803 5819
f 5819 5803 5820
f 5803 5804 5820
f 5820 5804 5821
f 5804 5805 5821
f 5821 5805 5822
f 5805 5806 5822
f 5822 5806 5823
f 5806 5807 5823
f 5823 5807 5824
f 5807 5808 5824
f 5824 5808 5825
f 5808 5809 5825
f 5825 5809 5826
f 5809 5810 5826
f 5826 5810 5827
f 5810 5811 5827
f 5827 5811 5828
f 5811 5812 5828
f 5828 5812 5829
f 5812 5813 5829
f 5829 5813 5830
f 5813 5814 5830
f 4967 4966 5285
f 4966 5286 5285
f 5285 5286 5831
f 5286 5815 5831
f 5831 5815 5832
f 5815 5816 5832
f 5832 5816 5833
f 5816 5817 5833
f 5833 5817 5834
f 5817 5818 5834
f 5834 5818 5835
f 5818 5819 5835
f 5835 5819 5836
f 5819 5820 5836
f 5836 5820 5837
f 5820 5821 5837
f 5837 5821 5838
f 5821 5822 5838
f 5838 5822 5839
f 5822 5823 5839
f 5839 5823 5840
f 5823 5824 5840
f 5840 5824 5841
f 5824 5825 5841
f 5841 5825 5842
f 5825 5826 5842
f 5842 5826 5843
f 5826 5827 5843
f 5843 5827 5844
f 5827 5828 5844
f 5844 5828 5845
f 5828 5829 5845
f 5845 5829 5846
f 5829 5830 5846
f 4969 4968 5284
f 4968 5285 5284
f 5284 5285 5847
f 5285 5831 5847
f 5847 5831 5848
f 5831 5832 5848
f 5848 5832 5849
f 5832 5833 5849
f 5849 5833 5850
f 5833 5834 5850
f 5850 5834 5851
f 5834 5835 5851
f 5851 5835 5852
f 5835 5836 5852
f 5852 5836 5853
f 5836 5837 5853
f 5853 5837 5854
f 5837 5838 5854
f 5854 5838 5855
f 5838 5839 5855
f 5855 5839 5856
f 5839 5840 5856
f 5856 5840 5857
f 5840 5841 5857
f 5857 5841 5858
f 5841 5842 5858
f 5858 5842 5859
f 5842 5843 5859
f 5859 5843 5860
f 5843 5844 5860
f 5860 5844 5861
f 5844 5845 5861
f 5861 5845 5862
f 5845 5846 5862
f 4971 4970 5283
f 4970 5284 5283
f 5283 5284 5863
f 5284 5847 5863
f 5863 5847 5864
f 5847 5848 5864
f 5864 5848 5865
f 5848 5849 5865
f 5865 5849 5866
f 5849 5850 5866
f 5866 5850 5867
f 5850 5851 5867
f 5867 5851 5868
f 5851 5852 5868
f 5868 5852 5869
f 5852 5853 5869
f 5869 5853 5870
f 5853 5854 5870
f 5870 5854 5871
f 5854 5855 5871
f 5871 5855 5872
f 5855 5856 5872
f 5872 5856 5873
f 5856 5857 5873
f 5873 5857 5874
f 5857 5858 5874
f 5874 5858 5875
f 5858 5859 5875
f 5875 5859 5876
f 5859 5860 5876
f 5876 5860 5877
f 5860 5861 5877
f 5877 5861 5878
f 5861 5862 5878
f 4973 4972 5282
f 4972 5283 5282
f 5282 5283 5879
f 5283 5863 5879
f 5879 5863 5880
f 5863 5864 5880
f 5880 5864 5881
f 5864 5865 5881
f 5881 5865 5882
f 5865 5866 5882
f 5882 5866 5883
f 5866 5867 5883
f 5883 5867 5884
f 5867 5868 5884
f 5884 5868 5885
f 5868 5869 5885
f 5885 5869 5886
f 5869 5870 5886
f 5886 5870 5887
f 5870 5871 5887
f 5887 5871 5888
f 5871 5872 5888
f 5888 5872 5889
f 5872 5873 5889
f 5889 5873 5890
f 5873 5874 5890
f 5890 5874 5891
f 5874 5875 5891
f 5891 5875 5892
f 5875 5876 5892
f 5892 5876 5893
f 5876 5877 5893
f 5893 5877 5894
f 5877 5878 5894
f 4975 4974 5281
f 4974 5282 5281
f 5281 5282 5895
f 5282 5879 5895
f 5895 5879 5896
f 5879 5880 5896
f 5896 5880 5897
f 5880 5881 5897
f 5897 5881 5898
f 5881 5882 5898
f 5898 5882 5899
f 5882 5883 5899
f 5899 5883 5900
f 5883 5884 5900
f 5900 5884 5901
f 5884 5885 5901
f 5901 5885 5902
f 5885 5886 5902
f 5902 5886 5903
f 5886 5887 5903
f 5903 5887 5904
f 5887 5888 5904
f 5904 5888 5905
f 5888 5889 5905
f 5905 5889 5906
f 5889 5890 5906
f 5906 5890 5907
f 5890 5891 5907
f 5907 5891 5908
f 5891 5892 5908
f 5908 5892 5909
f 5892 5893 5909
f 5909 5893 5910
f 5893 5894 5910
f 4977 4976 5280
f 4976 5281 5280
f 5280 5281 5911
f 5281 5895 5911
f 5911 5895 5912
f 5895 5896 5912
f 5912 5896 5913
f 5896 5897 5913
f 5913 5897 5914
f 5897 5898 5914
f 5914 5898 5915
f 5898 5899 5915
f 5915 5899 5916
f 5899 5900 5916
f 5916 5900 5917
f 5900 5901 5917
f 5917 5901 5918
f 5901 5902 5918
f 5918 5902 5919
f 5902 5903 5919
f 5919 5903 5920
f 5903 5904 5920
f 5920 5904 5921
f 5904 5905 5921
f 5921 5905 5922
f 5905 5906 5922
f 5922 5906 5923
f 5906 5907 5923
f 5923 5907 5924
f 5907 5908 5924
f 5924 5908 5925
f 5908 5909 5925
f 5925 5909 5926
f 5909 5910 5926
f 4979 4978 5279
f 4978 5280 5279
f 5279 5280 5927
f 5280 5911 5927
f 5927 5911 5928
f 5911 5912 5928
f 5928 5912 5929
f 5912 5913 5929
f 5929 5913 5930
f 5913 5914 5930
f 5930 5914 5931
f 5914 5915 5931
f 5931 5915 5932
f 5915 5916 5932
f 5932 5916 5933
f 5916 5917 5933
f 5933 5917 5934
f 5917 5918 5934
f 5934 5918 5935
f 5918 5919 5935
f 5935 5919 5936
f 5919 5920 5936
f 5936 5920 5937
f 5920 5921 5937
f 5937 5921 5938
f 5921 5922 5938
f 5938 5922 5939
f 5922 5923 5939
f 5939 5923 5940
f 5923 5924 5940
f 5940 5924 5941
f 5924 5925 5941
f 5941 5925 5942
f 5925 5926 5942
f 4981 4980 5500
f 4980 5279 5500
f 5500 5279 5499
f 5279 5927 5499
f 5499 5927 5498
f 5927 5928 5498
f 5498 5928 5497
f 5928 5929 5497
f 5497 5929 5496
f 5929 5930 5496
f 5496 5930 5495
f 5930 5931 5495
f 5495 5931 5494
f 5931 5932 5494
f 5494 5932 5493
f 5932 5933 5493
f 5493 5933 5492
f 5933 5934 5492
f 5492 5934 5491
f 5934 5935 5491
f 5491 5935 5490
f 5935 5936 5490
f 5490 5936 5489
f 5936 5937 5489
f 5489 5937 5488
f 5937 5938 5488
f 5488 5938 5487
f 5938 5939 5487
f 5487 5939 5486
f 5939 5940 5486
f 5486 5940 5485
f 5940 5941 5485
f 5485 5941 5333
f 5941 5942 5333
f 5333 5942 5206
f 5942 5926 5206
f 5206 5926 5277
f 5926 5910 5277
f 5277 5910 5278
f 5910 5894 5278
f 5278 5894 5274
f 5894 5878 5274
f 5274 5878 5275
f 5878 5862 5275
f 5275 5862 5276
f 5862 5846 5276
f 5276 5846 5271
f 5846 5830 5271
f 5271 5830 5272
f 5830 5814 5272
f 5272 5814 5273
f 5814 5798 5273
f 5273 5798 5268
f 5798 5782 5268
f 5268 5782 5269
f 5782 5766 5269
f 5269 5766 5270
f 5766 5750 5270
f 5270 5750 5265
f 5750 5734 5265
f 5265 5734 5266
f 5734 5718 5266
f 5266 5718 5267
f 5718 5702 5267
f 5267 5702 5262
f 5702 5686 5262
f 5262 5686 5263
f 5686 5670 5263
f 5263 5670 5264
f 5670 5654 5264
f 5264 5654 5259
f 5654 5638 5259
f 5259 5638 5260
f 5943 4983 4982
f 5223 5331 5332
f 5331 5944 5332
f 5332 5944 5351
f 5944 5945 5351
f 5351 5945 5354
f 5945 5946 5354
f 5354 5946 5358
f 5946 5947 5358
f 5358 5947 5363
f 5947 5948 5363
f 5363 5948 5369
f 5948 5949 5369
f 5369 5949 5376
f 5949 5950 5376
f 5376 5950 5384
f 5950 5951 5384
f 5384 5951 5393
f 5951 5952 5393
f 5393 5952 5403
f 5952 5953 5403
f 5403 5953 5414
f 5953 5954 5414
f 5414 5954 5426
f 5954 5955 5426
f 5426 5955 5439
f 5955 5956 5439
f 5439 5956 5453
f 5956 5957 5453
f 5453 5957 5468
f 5957 5958 5468
f 5468 5958 5484
f 5958 5943 5484
f 5484 5943 5500
f 5943 4982 5500
f 5500 4982 4981
f 5959 4985 4984
f 5228 5330 5331
f 5330 5960 5331
f 5331 5960 5944
f 5960 5961 5944
f 5944 5961 5945
f 5961 5962 5945
f 5945 5962 5946
f 5962 5963 5946
f 5946 5963 5947
f 5963 5964 5947
f 5947 5964 5948
f 5964 5965 5948
f 5948 5965 5949
f 5965 5966 5949
f 5949 5966 5950
f 5966 5967 5950
f 5950 5967 5951
f 5967 5968 5951
f 5951 5968 5952
f 5968 5969 5952
f 5952 5969 5953
f 5969 5970 5953
f 5953 5970 5954
f 5970 5971 5954
f 5954 5971 5955
f 5971 5972 5955
f 5955 5972 5956
f 5972 5973 5956
f 5956 5973 5957
f 5973 5974 5957
f 5957 5974 5958
f 5974 5959 5958
f 5958 5959 5943
f 5959 4984 5943
f 5943 4984 4983
f 5975 4987 4986
f 5227 5329 5330
f 5329 5976 5330
f 5330 5976 5960
f 5976 5977 5960
f 5960 5977 5961
f 5977 5978 5961
f 5961 5978 5962
f 5978 5979 5962
f 5962 5979 5963
f 5979 5980 5963
f 5963 5980 5964
f 5980 5981 5964
f 5964 5981 5965
f 5981 5982 5965
f 5965 5982 5966
f 5982 5983 5966
f 5966 5983 5967
f 5983 5984 5967
f 5967 5984 5968
f 5984 5985 5968
f 5968 5985 5969
f 5985 5986 5969
f 5969 5986 5970
f 5986 5987 5970
f 5970 5987 5971
f 5987 5988 5971
f 5971 5988 5972
f 5988 5989 5972
f 5972 5989 5973
f 5989 5990 5973
f 5973 5990 5974
f 5990 5975 5974
f 5974 5975 5959
f 5975 4986 5959
f 5959 4986 4985
f 5991 4989 4988
f 5226 5328 5329
f 5328 5992 5329
f 5329 5992 5976
f 5992 5993 5976
f 5976 5993 5977
f 5993 5994 5977
f 5977 5994 5978
f 5994 5995 5978
f 5978 5995 5979
f 5995 5996 5979
f 5979 5996 5980
f 5996 5997 5980
f 5980 5997 5981
f 5997 5998 5981
f 5981 5998 5982
f 5998 5999 5982
f 5982 5999 5983
f 5999 6000 5983
f 5983 6000 5984
f 6000 6001 5984
f 5984 6001 5985
f 6001 6002 5985
f 5985 6002 5986
f 6002 6003 5986
f 5986 6003 5987
f 6003 6004 5987
f 5987 6004 5988
f 6004 6005 5988
f 5988 6005 5989
f 6005 6006 5989
f 5989 6006 5990
f 6006 5991 5990
f 5990 5991 5975
f 5991 4988 5975
f 5975 4988 4987
f 6007 4991 4990
f 5231 5327 5328
f 5327 6008 5328
f 5328 6008 5992
f 6008 6009 5992
f 5992 6009 5993
f 6009 6010 5993
f 5993 6010 5994
f 6010 6011 5994
f 5994 6011 5995
f 6011 6012 5995
f 5995 6012 5996
f 6012 6013 5996
f 5996 6013 5997
f 6013 6014 5997
f 5997 6014 5998
f 6014 6015 5998
f 5998 6015 5999
f 6015 6016 5999
f 5999 6016 6000
f 6016 6017 6000
f 6000 6017 6001
f 6017 6018 6001
f 6001 6018 6002
f 6018 6019 6002
f 6002 6019 6003
f 6019 6020 6003
f 6003 6020 6004
f 6020 6021 6004
f 6004 6021 6005
f 6021 6022 6005
f 6005 6022 6006
f 6022 6007 6006
f 6006 6007 5991
f 6007 4990 5991
f 5991 4990 4989
f 6023 4993 4992
f 5230 5326 5327
f 5326 6024 5327
f 5327 6024 6008
f 6024 6025 6008
f 6008 6025 6009
f 6025 6026 6009
f 6009 6026 6010
f 6026 6027 6010
f 6010 6027 6011
f 6027 6028 6011
f 6011 6028 6012
f 6028 6029 6012
f 6012 6029 6013
f 6029 6030 6013
f 6013 6030 6014
f 6030 6031 6014
f 6014 6031 6015
f 6031 6032 6015
f 6015 6032 6016
f 6032 6033 6016
f 6016 6033 6017
f 6033 6034 6017
f 6017 6034 6018
f 6034 6035 6018
f 6018 6035 6019
f 6035 6036 6019
f 6019 6036 6020
f 6036 6037 6020
f 6020 6037 6021
f 6037 6038 6021
f 6021 6038 6022
f 6038 6023 6022
f 6022 6023 6007
f 6023 4992 6007
f 6007 4992 4991
f 6039 4995 4994
f 5229 5325 5326
f 5325 6040 5326
f 5326 6040 6024
f 6040 6041 6024
f 6024 6041 6025
f 6041 6042 6025
f 6025 6042 6026
f 6042 6043 6026
f 6026 6043 6027
f 6043 6044 6027
f 6027 6044 6028
f 6044 6045 6028
f 6028 6045 6029
f 6045 6046 6029
f 6029 6046 6030
f 6046 6047 6030
f 6030 6047 6031
f 6047 6048 6031
f 6031 6048 6032
f 6048 6049 6032
f 6032 6049 6033
f 6049 6050 6033
f 6033 6050 6034
f 6050 6051 6034
f 6034 6051 6035
f 6051 6052 6035
f 6035 6052 6036
f 6052 6053 6036
f 6036 6053 6037
f 6053 6054 6037
f 6037 6054 6038
f 6054 6039 6038
f 6038 6039 6023
f 6039 4994 6023
f 6023 4994 4993
f 6055 4997 4996
f 5234 5324 5325
f 5324 6056 5325
f 5325 6056 6040
f 6056 6057 6040
f 6040 6057 6041
f 6057 6058 6041
f 6041 6058 6042
f 6058 6059 6042
f 6042 6059 6043
f 6059 6060 6043
f 6043 6060 6044
f 6060 6061 6044
f 6044 6061 6045
f 6061 6062 6045
f 6045 6062 6046
f 6062 6063 6046
f 6046 6063 6047
f 6063 6064 6047
f 6047 6064 6048
f 6064 6065 6048
f 6048 6065 6049
f 6065 6066 6049
f 6049 6066 6050
f 6066 6067 6050
f 6050 6067 6051
f 6067 6068 6051
f 6051 6068 6052
f 6068 6069 6052
f 6052 6069 6053
f 6069 6070 6053
f 6053 6070 6054
f 6070 6055 6054
f 6054 6055 6039
f 6055 4996 6039
f 6039 4996 4995
f 6071 4999 4998
f 5233 5323 5324
f 5323 6072 5324
f 5324 6072 6056
f 6072 6073 6056
f 6056 6073 6057
f 6073 6074 6057
f 6057 6074 6058
f 6074 6075 6058
f 6058 6075 6059
f 6075 6076 6059
f 6059 6076 6060
f 6076 6077 6060
f 6060 6077 6061
f 6077 6078 6061
f 6061 6078 6062
f 6078 6079 6062
f 6062 6079 6063
f 6079 6080 6063
f 6063 6080 6064
f 6080 6081 6064
f 6064 6081 6065
f 6081 6082 6065
f 6065 6082 6066
f 6082 6083 6066
f 6066 6083 6067
f 6083 6084 6067
f 6067 6084 6068
f 6084 6085 6068
f 6068 6085 6069
f 6085 6086 6069
f 6069 6086 6070
f 6086 6071 6070
f 6070 6071 6055
f 6071 4998 6055
f 6055 4998 4997
f 6087 5001 5000
f 5232 5322 5323
f 5322 6088 5323
f 5323 6088 6072
f 6088 6089 6072
f 6072 6089 6073
f 6089 6090 6073
f 6073 6090 6074
f 6090 6091 6074
f 6074 6091 6075
f 6091 6092 6075
f 6075 6092 6076
f 6092 6093 6076
f 6076 6093 6077
f 6093 6094 6077
f 6077 6094 6078
f 6094 6095 6078
f 6078 6095 6079
f 6095 6096 6079
f 6079 6096 6080
f 6096 6097 6080
f 6080 6097 6081
f 6097 6098 6081
f 6081 6098 6082
f 6098 6099 6082
f 6082 6099 6083
f 6099 6100 6083
f 6083 6100 6084
f 6100 6101 6084
f 6084 6101 6085
f 6101 6102 6085
f 6085 6102 6086
f 6102 6087 6086
f 6086 6087 6071
f 6087 5000 6071
f 6071 5000 4999
f 6103 5003 5002
f 5237 5321 5322
f 5321 6104 5322
f 5322 6104 6088
f 6104 6105 6088
f 6088 6105 6089
f 6105 6106 6089
f 6089 6106 6090
f 6106 6107 6090
f 6090 6107 6091
f 6107 6108 6091
f 6091 6108 6092
f 6108 6109 6092
f 6092 6109 6093
f 6109 6110 6093
f 6093 6110 6094
f 6110 6111 6094
f 6094 6111 6095
f 6111 6112 6095
f 6095 6112 6096
f 6112 6113 6096
f 6096 6113 6097
f 6113 6114 6097
f 6097 6114 6098
f 6114 6115 6098
f 6098 6115 6099
f 6115 6116 6099
f 6099 6116 6100
f 6116 6117 6100
f 6100 6117 6101
f 6117 6118 6101
f 6101 6118 6102
f 6118 6103 6102
f 6102 6103 6087
f 6103 5002 6087
f 6087 5002 5001
f 6119 5005 5004
f 5236 5320 5321
f 5320 6120 5321
f 5321 6120 6104
f 6120 6121 6104
f 6104 6121 6105
f 6121 6122 6105
f 6105 6122 6106
f 6122 6123 6106
f 6106 6123 6107
f 6123 6124 6107
f 6107 6124 6108
f 6124 6125 6108
f 6108 6125 6109
f 6125 6126 6109
f 6109 6126 6110
f 6126 6127 6110
f 6110 6127 6111
f 6127 6128 6111
f 6111 6128 6112
f 6128 6129 6112
f 6112 6129 6113
f 6129 6130 6113
f 6113 6130 6114
f 6130 6131 6114
f 6114 6131 6115
f 6131 6132 6115
f 6115 6132 6116
f 6132 6133 6116
f 6116 6133 6117
f 6133 6134 6117
f 6117 6134 6118
f 6134 6119 6118
f 6118 6119 6103
f 6119 5004 6103
f 6103 5004 5003
f 6135 5007 5006
f 5235 5319 5320
f 5319 6136 5320
f 5320 6136 6120
f 6136 6137 6120
f 6120 6137 6121
f 6137 6138 6121
f 6121 6138 6122
f 6138 6139 6122
f 6122 6139 6123
f 6139 6140 6123
f 6123 6140 6124
f 6140 6141 6124
f 6124 6141 6125
f 6141 6142 6125
f 6125 6142 6126
f 6142 6143 6126
f 6126 6143 6127
f 6143 6144 6127
f 6127 6144 6128
f 6144 6145 6128
f 6128 6145 6129
f 6145 6146 6129
f 6129 6146 6130
f 6146 6147 6130
f 6130 6147 6131
f 6147 6148 6131
f 6131 6148 6132
f 6148 6149 6132
f 6132 6149 6133
f 6149 6150 6133
f 6133 6150 6134
f 6150 6135 6134
f 6134 6135 6119
f 6135 5006 6119
f 6119 5006 5005
f 6151 5009 5008
f 5240 5318 5319
f 5318 6152 5319
f 5319 6152 6136
f 6152 6153 6136
f 6136 6153 6137
f 6153 6154 6137
f 6137 6154 6138
f 6154 6155 6138
f 6138 6155 6139
f 6155 6156 6139
f 6139 6156 6140
f 6156 6157 6140
f 6140 6157 6141
f 6157 6158 6141
f 6141 6158 6142
f 6158 6159 6142
f 6142 6159 6143
f 6159 6160 6143
f 6143 6160 6144
f 6160 6161 6144
f 6144 6161 6145
f 6161 6162 6145
f 6145 6162 6146
f 6162 6163 6146
f 6146 6163 6147
f 6163 6164 6147
f 6147 6164 6148
f 6164 6165 6148
f 6148 6165 6149
f 6165 6166 6149
f 6149 6166 6150
f 6166 6151 6150
f 6150 6151 6135
f 6151 5008 6135
f 6135 5008 5007
f 6167 5011 5010
f 5239 5317 5318
f 5317 6168 5318
f 5318 6168 6152
f 6168 6169 6152
f 6152 6169 6153
f 6169 6170 6153
f 6153 6170 6154
f 6170 6171 6154
f 6154 6171 6155
f 6171 6172 6155
f 6155 6172 6156
f 6172 6173 6156
f 6156 6173 6157
f 6173 6174 6157
f 6157 6174 6158
f 6174 6175 6158
f 6158 6175 6159
f 6175 6176 6159
f 6159 6176 6160
f 6176 6177 6160
f 6160 6177 6161
f 6177 6178 6161
f 6161 6178 6162
f 6178 6179 6162
f 6162 6179 6163
f 6179 6180 6163
f 6163 6180 6164
f 6180 6181 6164
f 6164 6181 6165
f 6181 6182 6165
f 6165 6182 6166
f 6182 6167 6166
f 6166 6167 6151
f 6167 5010 6151
f 6151 5010 5009
f 6183 5013 5012
f 5238 5316 5317
f 5316 6184 5317
f 5317 6184 6168
f 6184 6185 6168
f 6168 6185 6169
f 6185 6186 6169
f 6169 6186 6170
f 6186 6187 6170
f 6170 6187 6171
f 6187 6188 6171
f 6171 6188 6172
f 6188 6189 6172
f 6172 6189 6173
f 6189 6190 6173
f 6173 6190 6174
f 6190 6191 6174
f 6174 6191 6175
f 6191 6192 6175
f 6175 6192 6176
f 6192 6193 6176
f 6176 6193 6177
f 6193 6194 6177
f 6177 6194 6178
f 6194 6195 6178
f 6178 6195 6179
f 6195 6196 6179
f 6179 6196 6180
f 6196 6197 6180
f 6180 6197 6181
f 6197 6198 6181
f 6181 6198 6182
f 6198 6183 6182
f 6182 6183 6167
f 6183 5012 6167
f 6167 5012 5011
f 6199 5015 5014
f 5243 5315 5316
f 5315 6200 5316
f 5316 6200 6184
f 6200 6201 6184
f 6184 6201 6185
f 6201 6202 6185
f 6185 6202 6186
f 6202 6203 6186
f 6186 6203 6187
f 6203 6204 6187
f 6187 6204 6188
f 6204 6205 6188
f 6188 6205 6189
f 6205 6206 6189
f 6189 6206 6190
f 6206 6207 6190
f 6190 6207 6191
f 6207 6208 6191
f 6191 6208 6192
f 6208 6209 6192
f 6192 6209 6193
f 6209 6210 6193
f 6193 6210 6194
f 6210 6211 6194
f 6194 6211 6195
f 6211 6212 6195
f 6195 6212 6196
f 6212 6213 6196
f 6196 6213 6197
f 6213 6214 6197
f 6197 6214 6198
f 6214 6199 6198
f 6198 6199 6183
f 6199 5014 6183
f 6183 5014 5013
f 6215 5017 5016
f 5242 5314 5315
f 5314 6216 5315
f 5315 6216 6200
f 6216 6217 6200
f 6200 6217 6201
f 6217 6218 6201
f 6201 6218 6202
f 6218 6219 6202
f 6202 6219 6203
f 6219 6220 6203
f 6203 6220 6204
f 6220 6221 6204
f 6204 6221 6205
f 6221 6222 6205
f 6205 6222 6206
f 6222 6223 6206
f 6206 6223 6207
f 6223 6224 6207
f 6207 6224 6208
f 6224 6225 6208
f 6208 6225 6209
f 6225 6226 6209
f 6209 6226 6210
f 6226 6227 6210
f 6210 6227 6211
f 6227 6228 6211
f 6211 6228 6212
f 6228 6229 6212
f 6212 6229 6213
f 6229 6230 6213
f 6213 6230 6214
f 6230 6215 6214
f 6214 6215 6199
f 6215 5016 6199
f 6199 5016 5015
f 6231 5019 5018
f 5241 5313 5314
f 5313 6232 5314
f 5314 6232 6216
f 6232 6233 6216
f 6216 6233 6217
f 6233 6234 6217
f 6217 6234 6218
f 6234 6235 6218
f 6218 6235 6219
f 6235 6236 6219
f 6219 6236 6220
f 6236 6237 6220
f 6220 6237 6221
f 6237 6238 6221
f 6221 6238 6222
f 6238 6239 6222
f 6222 6239 6223
f 6239 6240 6223
f 6223 6240 6224
f 6240 6241 6224
f 6224 6241 6225
f 6241 6242 6225
f 6225 6242 6226
f 6242 6243 6226
f 6226 6243 6227
f 6243 6244 6227
f 6227 6244 6228
f 6244 6245 6228
f 6228 6245 6229
f 6245 6246 6229
f 6229 6246 6230
f 6246 6231 6230
f 6230 6231 6215
f 6231 5018 6215
f 6215 5018 5017
f 6247 5021 5020
f 5246 5349 5313
f 5349 6248 5313
f 5313 6248 6232
f 6248 6249 6232
f 6232 6249 6233
f 6249 6250 6233
f 6233 6250 6234
f 6250 6251 6234
f 6234 6251 6235
f 6251 6252 6235
f 6235 6252 6236
f 6252 6253 6236
f 6236 6253 6237
f 6253 6254 6237
f 6237 6254 6238
f 6254 6255 6238
f 6238 6255 6239
f 6255 6256 6239
f 6239 6256 6240
f 6256 6257 6240
f 6240 6257 6241
f 6257 6258 6241
f 6241 6258 6242
f 6258 6259 6242
f 6242 6259 6243
f 6259 6260 6243
f 6243 6260 6244
f 6260 6261 6244
f 6244 6261 6245
f 6261 6262 6245
f 6245 6262 6246
f 6262 6247 6246
f 6246 6247 6231
f 6247 5020 6231
f 6231 5020 5019
f 6263 5023 5022
f 5245 5348 5349
f 5348 6264 5349
f 5349 6264 6248
f 6264 6265 6248
f 6248 6265 6249
f 6265 6266 6249
f 6249 6266 6250
f 6266 6267 6250
f 6250 6267 6251
f 6267 6268 6251
f 6251 6268 6252
f 6268 6269 6252
f 6252 6269 6253
f 6269 6270 6253
f 6253 6270 6254
f 6270 6271 6254
f 6254 6271 6255
f 6271 6272 6255
f 6255 6272 6256
f 6272 6273 6256
f 6256 6273 6257
f 6273 6274 6257
f 6257 6274 6258
f 6274 6275 6258
f 6258 6275 6259
f 6275 6276 6259
f 6259 6276 6260
f 6276 6277 6260
f 6260 6277 6261
f 6277 6278 6261
f 6261 6278 6262
f 6278 6263 6262
f 6262 6263 6247
f 6263 5022 6247
f 6247 5022 5021
f 6279 5025 5024
f 5244 5347 5348
f 5347 6280 5348
f 5348 6280 6264
f 6280 6281 6264
f 6264 6281 6265
f 6281 6282 6265
f 6265 6282 6266
f 6282 6283 6266
f 6266 6283 6267
f 6283 6284 6267
f 6267 6284 6268
f 6284 6285 6268
f 6268 6285 6269
f 6285 6286 6269
f 6269 6286 6270
f 6286 6287 6270
f 6270 6287 6271
f 6287 6288 6271
f 6271 6288 6272
f 6288 6289 6272
f 6272 6289 6273
f 6289 6290 6273
f 6273 6290 6274
f 6290 6291 6274
f 6274 6291 6275
f 6291 6292 6275
f 6275 6292 6276
f 6292 6293 6276
f 6276 6293 6277
f 6293 6294 6277
f 6277 6294 6278
f 6294 6279 6278
f 6278 6279 6263
f 6279 5024 6263
f 6263 5024 5023
f 6295 5027 5026
f 5249 5346 5347
f 5346 6296 5347
f 5347 6296 6280
f 6296 6297 6280
f 6280 6297 6281
f 6297 6298 6281
f 6281 6298 6282
f 6298 6299 6282
f 6282 6299 6283
f 6299 6300 6283
f 6283 6300 6284
f 6300 6301 6284
f 6284 6301 6285
f 6301 6302 6285
f 6285 6302 6286
f 6302 6303 6286
f 6286 6303 6287
f 6303 6304 6287
f 6287 6304 6288
f 6304 6305 6288
f 6288 6305 6289
f 6305 6306 6289
f 6289 6306 6290
f 6306 6307 6290
f 6290 6307 6291
f 6307 6308 6291
f 6291 6308 6292
f 6308 6309 6292
f 6292 6309 6293
f 6309 6310 6293
f 6293 6310 6294
f 6310 6295 6294
f 6294 6295 6279
f 6295 5026 6279
f 6279 5026 5025
f 6311 5029 5028
f 5248 5345 5346
f 5345 6312 5346
f 5346 6312 6296
f 6312 6313 6296
f 6296 6313 6297
f 6313 6314 6297
f 6297 6314 6298
f 6314 6315 6298
f 6298 6315 6299
f 6315 6316 6299
f 6299 6316 6300
f 6316 6317 6300
f 6300 6317 6301
f 6317 6318 6301
f 6301 6318 6302
f 6318 6319 6302
f 6302 6319 6303
f 6319 6320 6303
f 6303 6320 6304
f 6320 6321 6304
f 6304 6321 6305
f 6321 6322 6305
f 6305 6322 6306
f 6322 6323 6306
f 6306 6323 6307
f 6323 6324 6307
f 6307 6324 6308
f 6324 6325 6308
f 6308 6325 6309
f 6325 6326 6309
f 6309 6326 6310
f 6326 6311 6310
f 6310 6311 6295
f 6311 5028 6295
f 6295 5028 5027
f 6327 5031 5030
f 5247 5344 5345
f 5344 6328 5345
f 5345 6328 6312
f 6328 6329 6312
f 6312 6329 6313
f 6329 6330 6313
f 6313 6330 6314
f 6330 6331 6314
f 6314 6331 6315
f 6331 6332 6315
f 6315 6332 6316
f 6332 6333 6316
f 6316 6333 6317
f 6333 6334 6317
f 6317 6334 6318
f 6334 6335 6318
f 6318 6335 6319
f 6335 6336 6319
f 6319 6336 6320
f 6336 6337 6320
f 6320 6337 6321
f 6337 6338 6321
f 6321 6338 6322
f 6338 6339 6322
f 6322 6339 6323
f 6339 6340 6323
f 6323 6340 6324
f 6340 6341 6324
f 6324 6341 6325
f 6341 6342 6325
f 6325 6342 6326
f 6342 6327 6326
f 6326 6327 6311
f 6327 5030 6311
f 6311 5030 5029
f 6343 5033 5032
f 5252 5343 5344
f 5343 6344 5344
f 5344 6344 6328
f 6344 6345 6328
f 6328 6345 6329
f 6345 6346 6329
f 6329 6346 6330
f 6346 6347 6330
f 6330 6347 6331
f 6347 6348 6331
f 6331 6348 6332
f 6348 6349 6332
f 6332 6349 6333
f 6349 6350 6333
f 6333 6350 6334
f 6350 6351 6334
f 6334 6351 6335
f 6351 6352 6335
f 6335 6352 6336
f 6352 6353 6336
f 6336 6353 6337
f 6353 6354 6337
f 6337 6354 6338
f 6354 6355 6338
f 6338 6355 6339
f 6355 6356 6339
f 6339 6356 6340
f 6356 6357 6340
f 6340 6357 6341
f 6357 6358 6341
f 6341 6358 6342
f 6358 6343 6342
f 6342 6343 6327
f 6343 5032 6327
f 6327 5032 5031
f 6359 5035 5034
f 5251 5342 5343
f 5342 6360 5343
f 5343 6360 6344
f 6360 6361 6344
f 6344 6361 6345
f 6361 6362 6345
f 6345 6362 6346
f 6362 6363 6346
f 6346 6363 6347
f 6363 6364 6347
f 6347 6364 6348
f 6364 6365 6348
f 6348 6365 6349
f 6365 6366 6349
f 6349 6366 6350
f 6366 6367 6350
f 6350 6367 6351
f 6367 6368 6351
f 6351 6368 6352
f 6368 6369 6352
f 6352 6369 6353
f 6369 6370 6353
f 6353 6370 6354
f 6370 6371 6354
f 6354 6371 6355
f 6371 6372 6355
f 6355 6372 6356
f 6372 6373 6356
f 6356 6373 6357
f 6373 6374 6357
f 6357 6374 6358
f 6374 6359 6358
f 6358 6359 6343
f 6359 5034 6343
f 6343 5034 5033
f 6375 5037 5036
f 5250 5341 5342
f 5341 6376 5342
f 5342 6376 6360
f 6376 6377 6360
f 6360 6377 6361
f 6377 6378 6361
f 6361 6378 6362
f 6378 6379 6362
f 6362 6379 6363
f 6379 6380 6363
f 6363 6380 6364
f 6380 6381 6364
f 6364 6381 6365
f 6381 6382 6365
f 6365 6382 6366
f 6382 6383 6366
f 6366 6383 6367
f 6383 6384 6367
f 6367 6384 6368
f 6384 6385 6368
f 6368 6385 6369
f 6385 6386 6369
f 6369 6386 6370
f 6386 6387 6370
f 6370 6387 6371
f 6387 6388 6371
f 6371 6388 6372
f 6388 6389 6372
f 6372 6389 6373
f 6389 6390 6373
f 6373 6390 6374
f 6390 6375 6374
f 6374 6375 6359
f 6375 5036 6359
f 6359 5036 5035
f 6391 5039 5038
f 5255 5340 5341
f 5340 6392 5341
f 5341 6392 6376
f 6392 6393 6376
f 6376 6393 6377
f 6393 6394 6377
f 6377 6394 6378
f 6394 6395 6378
f 6378 6395 6379
f 6395 6396 6379
f 6379 6396 6380
f 6396 6397 6380
f 6380 6397 6381
f 6397 6398 6381
f 6381 6398 6382
f 6398 6399 6382
f 6382 6399 6383
f 6399 6400 6383
f 6383 6400 6384
f 6400 6401 6384
f 6384 6401 6385
f 6401 6402 6385
f 6385 6402 6386
f 6402 6403 6386
f 6386 6403 6387
f 6403 6404 6387
f 6387 6404 6388
f 6404 6405 6388
f 6388 6405 6389
f 6405 6406 6389
f 6389 6406 6390
f 6406 6391 6390
f 6390 6391 6375
f 6391 5038 6375
f 6375 5038 5037
f 6407 5041 5040
f 5254 5339 5340
f 5339 6408 5340
f 5340 6408 6392
f 6408 6409 6392
f 6392 6409 6393
f 6409 6410 6393
f 6393 6410 6394
f 6410 6411 6394
f 6394 6411 6395
f 6411 6412 6395
f 6395 6412 6396
f 6412 6413 6396
f 6396 6413 6397
f 6413 6414 6397
f 6397 6414 6398
f 6414 6415 6398
f 6398 6415 6399
f 6415 6416 6399
f 6399 6416 6400
f 6416 6417 6400
f 6400 6417 6401
f 6417 6418 6401
f 6401 6418 6402
f 6418 6419 6402
f 6402 6419 6403
f 6419 6420 6403
f 6403 6420 6404
f 6420 6421 6404
f 6404 6421 6405
f 6421 6422 6405
f 6405 6422 6406
f 6422 6407 6406
f 6406 6407 6391
f 6407 5040 6391
f 6391 5040 5039
f 6423 5043 5042
f 5253 5338 5339
f 5338 6424 5339
f 5339 6424 6408
f 6424 6425 6408
f 6408 6425 6409
f 6425 6426 6409
f 6409 6426 6410
f 6426 6427 6410
f 6410 6427 6411
f 6427 6428 6411
f 6411 6428 6412
f 6428 6429 6412
f 6412 6429 6413
f 6429 6430 6413
f 6413 6430 6414
f 6430 6431 6414
f 6414 6431 6415
f 6431 6432 6415
f 6415 6432 6416
f 6432 6433 6416
f 6416 6433 6417
f 6433 6434 6417
f 6417 6434 6418
f 6434 6435 6418
f 6418 6435 6419
f 6435 6436 6419
f 6419 6436 6420
f 6436 6437 6420
f 6420 6437 6421
f 6437 6438 6421
f 6421 6438 6422
f 6438 6423 6422
f 6422 6423 6407
f 6423 5042 6407
f 6407 5042 5041
f 6439 5045 5044
f 5258 5337 5338
f 5337 6440 5338
f 5338 6440 6424
f 6440 6441 6424
f 6424 6441 6425
f 6441 6442 6425
f 6425 6442 6426
f 6442 6443 6426
f 6426 6443 6427
f 6443 6444 6427
f 6427 6444 6428
f 6444 6445 6428
f 6428 6445 6429
f 6445 6446 6429
f 6429 6446 6430
f 6446 6447 6430
f 6430 6447 6431
f 6447 6448 6431
f 6431 6448 6432
f 6448 6449 6432
f 6432 6449 6433
f 6449 6450 6433
f 6433 6450 6434
f 6450 6451 6434
f 6434 6451 6435
f 6451 6452 6435
f 6435 6452 6436
f 6452 6453 6436
f 6436 6453 6437
f 6453 6454 6437
f 6437 6454 6438
f 6454 6439 6438
f 6438 6439 6423
f 6439 5044 6423
f 6423 5044 5043
f 6455 5047 5046
f 5257 5336 5337
f 5336 6456 5337
f 5337 6456 6440
f 6456 6457 6440
f 6440 6457 6441
f 6457 6458 6441
f 6441 6458 6442
f 6458 6459 6442
f 6442 6459 6443
f 6459 6460 6443
f 6443 6460 6444
f 6460 6461 6444
f 6444 6461 6445
f 6461 6462 6445
f 6445 6462 6446
f 6462 6463 6446
f 6446 6463 6447
f 6463 6464 6447
f 6447 6464 6448
f 6464 6465 6448
f 6448 6465 6449
f 6465 6466 6449
f 6449 6466 6450
f 6466 6467 6450
f 6450 6467 6451
f 6467 6468 6451
f 6451 6468 6452
f 6468 6469 6452
f 6452 6469 6453
f 6469 6470 6453
f 6453 6470 6454
f 6470 6455 6454
f 6454 6455 6439
f 6455 5046 6439
f 6439 5046 5045
f 6471 5049 5048
f 5256 5335 5336
f 5335 6472 5336
f 5336 6472 6456
f 6472 6473 6456
f 6456 6473 6457
f 6473 6474 6457
f 6457 6474 6458
f 6474 6475 6458
f 6458 6475 6459
f 6475 6476 6459
f 6459 6476 6460
f 6476 6477 6460
f 6460 6477 6461
f 6477 6478 6461
f 6461 6478 6462
f 6478 6479 6462
f 6462 6479 6463
f 6479 6480 6463
f 6463 6480 6464
f 6480 6481 6464
f 6464 6481 6465
f 6481 6482 6465
f 6465 6482 6466
f 6482 6483 6466
f 6466 6483 6467
f 6483 6484 6467
f 6467 6484 6468
f 6484 6485 6468
f 6468 6485 6469
f 6485 6486 6469
f 6469 6486 6470
f 6486 6471 6470
f 6470 6471 6455
f 6471 5048 6455
f 6455 5048 5047
f 6487 5051 5050
f 5261 5334 5335
f 5334 6488 5335
f 5335 6488 6472
f 6488 6489 6472
f 6472 6489 6473
f 6489 6490 6473
f 6473 6490 6474
f 6490 6491 6474
f 6474 6491 6475
f 6491 6492 6475
f 6475 6492 6476
f 6492 6493 6476
f 6476 6493 6477
f 6493 6494 6477
f 6477 6494 6478
f 6494 6495 6478
f 6478 6495 6479
f 6495 6496 6479
f 6479 6496 6480
f 6496 6497 6480
f 6480 6497 6481
f 6497 6498 6481
f 6481 6498 6482
f 6498 6499 6482
f 6482 6499 6483
f 6499 6500 6483
f 6483 6500 6484
f 6500 6501 6484
f 6484 6501 6485
f 6501 6502 6485
f 6485 6502 6486
f 6502 6487 6486
f 6486 6487 6471
f 6487 5050 6471
f 6471 5050 5049
f 4912 4911 5502
f 4911 4910 5502
f 5502 4910 5503
f 4910 4909 5503
f 5503 4909 5052
f 5260 5638 5334
f 5638 5622 5334
f 5334 5622 6488
f 5622 5607 6488
f 6488 5607 6489
f 5607 5593 6489
f 6489 5593 6490
f 5593 5580 6490
f 6490 5580 6491
f 5580 5568 6491
f 6491 5568 6492
f 5568 5557 6492
f 6492 5557 6493
f 5557 5547 6493
f 6493 5547 6494
f 5547 5538 6494
f 6494 5538 6495
f 5538 5530 6495
f 6495 5530 6496
f 5530 5523 6496
f 6496 5523 6497
f 5523 5517 6497
f 6497 5517 6498
f 5517 5512 6498
f 6498 5512 6499
f 5512 5508 6499
f 6499 5508 6500
f 5508 5505 6500
f 6500 5505 6501
f 5505 5501 6501
f 6501 5501 6502
f 5501 5503 6502
f 6502 5503 6487
f 5503 5052 6487
f 6487 5052 5051
# 13000 faces, 0 coords texture

# End of File
