####
#
# OBJ File Generated by Meshlab
#
####
# Object p__bearing__single_row_radial__open__metric_6200_series_____6200___10mm_id___30mm_od___9mm_w__7.obj
#
# Vertices: 2522
# Faces: 5040
#
####
v 0.000519 -0.010745 0.000048
v 0.000517 -0.010740 0.000072
v 0.000413 -0.010491 -0.000000
v 0.006546 -0.008771 -0.000278
v 0.006498 -0.008534 -0.000139
v 0.006502 -0.008544 -0.000118
v 0.006427 -0.008302 -0.000000
v 0.006494 -0.008521 -0.000160
v 0.006326 -0.008060 0.000095
v 0.006203 -0.007828 0.000190
v 0.006209 -0.007846 0.000235
v 0.006537 -0.008747 -0.000319
v 0.006557 -0.008977 -0.000475
v 0.006489 -0.008507 -0.000179
v 0.006527 -0.008719 -0.000357
v 0.006542 -0.008936 -0.000532
v 0.006533 -0.009156 -0.000704
v 0.006483 -0.008492 -0.000197
v 0.006516 -0.008688 -0.000393
v 0.006525 -0.008890 -0.000586
v 0.006511 -0.009096 -0.000774
v 0.006473 -0.009304 -0.000956
v 0.006477 -0.008475 -0.000214
v 0.006504 -0.008655 -0.000426
v 0.006507 -0.008840 -0.000634
v 0.006486 -0.009030 -0.000838
v 0.006443 -0.009222 -0.001036
v 0.006376 -0.009416 -0.001226
v 0.006470 -0.008457 -0.000228
v 0.006491 -0.008619 -0.000455
v 0.006487 -0.008786 -0.000678
v 0.006461 -0.008958 -0.000897
v 0.006411 -0.009134 -0.001108
v 0.006338 -0.009311 -0.001311
v 0.006243 -0.009490 -0.001504
v 0.006463 -0.008438 -0.000242
v 0.005528 -0.007086 0.000676
v 0.005314 -0.006937 0.000776
v 0.005340 -0.007007 0.000918
v 0.006477 -0.008580 -0.000481
v 0.006466 -0.008729 -0.000717
v 0.006433 -0.008883 -0.000948
v 0.006377 -0.009040 -0.001171
v 0.006298 -0.009201 -0.001386
v 0.006197 -0.009363 -0.001590
v 0.006075 -0.009525 -0.001781
v 0.006456 -0.008417 -0.000253
v 0.005114 -0.006885 0.001028
v 0.005147 -0.006975 0.001180
v 0.006462 -0.008540 -0.000504
v 0.006444 -0.008669 -0.000751
v 0.006404 -0.008803 -0.000992
v 0.006341 -0.008942 -0.001226
v 0.006256 -0.009085 -0.001450
v 0.006149 -0.009229 -0.001663
v 0.006021 -0.009375 -0.001864
v 0.005874 -0.009522 -0.002051
v 0.006448 -0.008396 -0.000262
v 0.004913 -0.006881 0.001298
v 0.004954 -0.006994 0.001454
v 0.006447 -0.008498 -0.000522
v 0.006422 -0.008606 -0.000778
v 0.006374 -0.008720 -0.001028
v 0.006304 -0.008840 -0.001271
v 0.006212 -0.008963 -0.001504
v 0.006098 -0.009090 -0.001725
v 0.005964 -0.009220 -0.001933
v 0.005811 -0.009350 -0.002126
v 0.005640 -0.009481 -0.002304
v 0.006440 -0.008374 -0.000269
v 0.004711 -0.006929 0.001576
v 0.004760 -0.007065 0.001733
v 0.006431 -0.008454 -0.000537
v 0.006398 -0.008541 -0.000800
v 0.006343 -0.008635 -0.001057
v 0.006265 -0.008734 -0.001306
v 0.006166 -0.008838 -0.001545
v 0.006046 -0.008947 -0.001773
v 0.005906 -0.009059 -0.001987
v 0.005747 -0.009173 -0.002186
v 0.005570 -0.009290 -0.002368
v 0.005377 -0.009407 -0.002532
v 0.006432 -0.008352 -0.000275
v 0.004511 -0.007027 0.001854
v 0.004569 -0.007186 0.002008
v 0.006415 -0.008410 -0.000547
v 0.006374 -0.008475 -0.000816
v 0.006311 -0.008547 -0.001078
v 0.006226 -0.008626 -0.001332
v 0.006119 -0.008710 -0.001576
v 0.005992 -0.008800 -0.001808
v 0.005846 -0.008894 -0.002026
v 0.005681 -0.008992 -0.002228
v 0.005499 -0.009093 -0.002414
v 0.005301 -0.009197 -0.002581
v 0.005088 -0.009302 -0.002729
v 0.006424 -0.008329 -0.000278
v 0.004314 -0.007176 0.002123
v 0.004380 -0.007356 0.002270
v 0.006398 -0.008365 -0.000554
v 0.006349 -0.008408 -0.000825
v 0.006278 -0.008458 -0.001090
v 0.006186 -0.008516 -0.001347
v 0.006072 -0.008580 -0.001594
v 0.005938 -0.008651 -0.001828
v 0.005785 -0.008727 -0.002049
v 0.005614 -0.008808 -0.002254
v 0.005426 -0.008894 -0.002442
v 0.005223 -0.008984 -0.002611
v 0.005006 -0.009077 -0.002761
v 0.004777 -0.009172 -0.002889
v 0.006416 -0.008307 -0.000279
v 0.004122 -0.007371 0.002376
v 0.004195 -0.007572 0.002512
v 0.006382 -0.008319 -0.000556
v 0.006325 -0.008340 -0.000828
v 0.006246 -0.008368 -0.001094
v 0.006145 -0.008405 -0.001352
v 0.006024 -0.008449 -0.001600
v 0.005883 -0.008500 -0.001835
v 0.005724 -0.008559 -0.002057
v 0.005546 -0.008623 -0.002263
v 0.005353 -0.008693 -0.002451
v 0.005145 -0.008769 -0.002621
v 0.004924 -0.008850 -0.002771
v 0.004691 -0.008934 -0.002900
v 0.004449 -0.009023 -0.003007
v 0.006407 -0.008284 -0.000278
v 0.003934 -0.007610 0.002604
v 0.004014 -0.007828 0.002725
v 0.006365 -0.008274 -0.000554
v 0.006300 -0.008272 -0.000825
v 0.006213 -0.008279 -0.001090
v 0.006105 -0.008294 -0.001347
v 0.005977 -0.008318 -0.001594
v 0.005829 -0.008350 -0.001828
v 0.005662 -0.008390 -0.002049
v 0.005479 -0.008438 -0.002254
v 0.005280 -0.008493 -0.002442
v 0.005067 -0.008554 -0.002611
v 0.004841 -0.008623 -0.002761
v 0.004605 -0.008697 -0.002889
v 0.004359 -0.008776 -0.002996
v 0.004106 -0.008861 -0.003079
v 0.006399 -0.008261 -0.000275
v 0.003752 -0.007886 0.002801
v 0.003837 -0.008120 0.002905
v 0.006349 -0.008228 -0.000547
v 0.006276 -0.008205 -0.000816
v 0.006181 -0.008190 -0.001078
v 0.006065 -0.008184 -0.001332
v 0.005929 -0.008188 -0.001576
v 0.005774 -0.008201 -0.001808
v 0.005602 -0.008223 -0.002026
v 0.005412 -0.008254 -0.002228
v 0.005207 -0.008293 -0.002414
v 0.004989 -0.008341 -0.002581
v 0.004759 -0.008397 -0.002729
v 0.004519 -0.008461 -0.002856
v 0.004270 -0.008532 -0.002961
v 0.004015 -0.008609 -0.003044
v 0.003755 -0.008693 -0.003104
v 0.006391 -0.008239 -0.000269
v 0.003574 -0.008194 0.002961
v 0.003663 -0.008440 0.003044
v 0.006332 -0.008184 -0.000537
v 0.006251 -0.008138 -0.000800
v 0.006149 -0.008102 -0.001057
v 0.006026 -0.008076 -0.001306
v 0.005883 -0.008060 -0.001545
v 0.005721 -0.008054 -0.001773
v 0.005542 -0.008058 -0.001987
v 0.005346 -0.008073 -0.002186
v 0.005136 -0.008097 -0.002368
v 0.004913 -0.008132 -0.002532
v 0.004678 -0.008176 -0.002677
v 0.004434 -0.008229 -0.002801
v 0.004182 -0.008291 -0.002905
v 0.003925 -0.008362 -0.002986
v 0.003663 -0.008440 -0.003044
v 0.003400 -0.008526 -0.003079
v 0.006383 -0.008217 -0.000262
v 0.003400 -0.008526 0.003079
v 0.003493 -0.008781 0.003139
v 0.006317 -0.008140 -0.000522
v 0.006228 -0.008074 -0.000778
v 0.006118 -0.008017 -0.001028
v 0.005987 -0.007970 -0.001271
v 0.005837 -0.007935 -0.001504
v 0.005669 -0.007910 -0.001725
v 0.005483 -0.007897 -0.001933
v 0.005282 -0.007896 -0.002126
v 0.005066 -0.007906 -0.002304
v 0.004838 -0.007927 -0.002463
v 0.004600 -0.007959 -0.002604
v 0.004352 -0.008002 -0.002725
v 0.004097 -0.008056 -0.002826
v 0.003837 -0.008120 -0.002905
v 0.003574 -0.008194 -0.002961
v 0.003309 -0.008277 -0.002996
v 0.003046 -0.008368 -0.003007
v 0.006375 -0.008196 -0.000253
v 0.003230 -0.008875 0.003151
v 0.003325 -0.009135 0.003188
v 0.006301 -0.008098 -0.000504
v 0.006205 -0.008011 -0.000751
v 0.006088 -0.007934 -0.000992
v 0.005950 -0.007868 -0.001226
v 0.005793 -0.007814 -0.001450
v 0.005618 -0.007771 -0.001663
v 0.005426 -0.007742 -0.001864
v 0.005219 -0.007724 -0.002051
v 0.004999 -0.007720 -0.002222
v 0.004766 -0.007728 -0.002376
v 0.004523 -0.007749 -0.002512
v 0.004272 -0.007783 -0.002628
v 0.004014 -0.007828 -0.002725
v 0.003752 -0.007886 -0.002801
v 0.003487 -0.007955 -0.002856
v 0.003221 -0.008036 -0.002889
v 0.002958 -0.008126 -0.002900
v 0.002697 -0.008226 -0.002889
v 0.006368 -0.008176 -0.000242
v 0.003063 -0.009231 0.003176
v 0.003158 -0.009492 0.003188
v 0.006287 -0.008058 -0.000481
v 0.006183 -0.007951 -0.000717
v 0.006059 -0.007854 -0.000948
v 0.005914 -0.007770 -0.001171
v 0.005751 -0.007697 -0.001386
v 0.005570 -0.007638 -0.001590
v 0.005372 -0.007592 -0.001781
v 0.005160 -0.007560 -0.001960
v 0.004934 -0.007542 -0.002123
v 0.004697 -0.007538 -0.002270
v 0.004450 -0.007548 -0.002400
v 0.004195 -0.007572 -0.002512
v 0.003934 -0.007610 -0.002604
v 0.003670 -0.007661 -0.002677
v 0.003403 -0.007726 -0.002729
v 0.003137 -0.007804 -0.002761
v 0.002873 -0.007893 -0.002771
v 0.002613 -0.007995 -0.002761
v 0.002359 -0.008106 -0.002729
v 0.006361 -0.008156 -0.000228
v 0.002898 -0.009587 0.003151
v 0.002992 -0.009845 0.003139
v 0.006273 -0.008020 -0.000455
v 0.006162 -0.007893 -0.000678
v 0.006031 -0.007779 -0.000897
v 0.005880 -0.007676 -0.001108
v 0.005710 -0.007587 -0.001311
v 0.005523 -0.007511 -0.001504
v 0.005320 -0.007450 -0.001685
v 0.005103 -0.007403 -0.001854
v 0.004872 -0.007372 -0.002008
v 0.004631 -0.007356 -0.002147
v 0.004380 -0.007356 -0.002270
v 0.004122 -0.007371 -0.002376
v 0.003859 -0.007402 -0.002463
v 0.003592 -0.007448 -0.002532
v 0.003324 -0.007508 -0.002581
v 0.003057 -0.007583 -0.002611
v 0.002792 -0.007672 -0.002621
v 0.002533 -0.007774 -0.002611
v 0.002280 -0.007888 -0.002581
v 0.002036 -0.008014 -0.002532
v 0.006354 -0.008138 -0.000214
v 0.002734 -0.009933 0.003079
v 0.002826 -0.010185 0.003044
v 0.006259 -0.007983 -0.000426
v 0.006143 -0.007839 -0.000634
v 0.006005 -0.007707 -0.000838
v 0.005848 -0.007588 -0.001036
v 0.005673 -0.007483 -0.001226
v 0.005480 -0.007392 -0.001406
v 0.005272 -0.007316 -0.001576
v 0.005049 -0.007256 -0.001733
v 0.004814 -0.007213 -0.001878
v 0.004569 -0.007186 -0.002008
v 0.004314 -0.007176 -0.002123
v 0.004053 -0.007183 -0.002222
v 0.003788 -0.007206 -0.002304
v 0.003519 -0.007247 -0.002368
v 0.003250 -0.007303 -0.002414
v 0.002981 -0.007376 -0.002442
v 0.002717 -0.007464 -0.002451
v 0.002457 -0.007567 -0.002442
v 0.002205 -0.007683 -0.002414
v 0.001962 -0.007813 -0.002368
v 0.001731 -0.007955 -0.002304
v 0.006348 -0.008121 -0.000197
v 0.002570 -0.010262 0.002961
v 0.002658 -0.010503 0.002905
v 0.006247 -0.007950 -0.000393
v 0.006124 -0.007789 -0.000586
v 0.005981 -0.007641 -0.000774
v 0.005818 -0.007506 -0.000956
v 0.005637 -0.007386 -0.001131
v 0.005440 -0.007281 -0.001298
v 0.005226 -0.007192 -0.001454
v 0.004999 -0.007120 -0.001600
v 0.004760 -0.007065 -0.001733
v 0.004511 -0.007027 -0.001854
v 0.004253 -0.007008 -0.001960
v 0.003990 -0.007007 -0.002051
v 0.003721 -0.007025 -0.002126
v 0.003451 -0.007060 -0.002186
v 0.003180 -0.007113 -0.002228
v 0.002911 -0.007183 -0.002254
v 0.002646 -0.007271 -0.002263
v 0.002387 -0.007374 -0.002254
v 0.002136 -0.007493 -0.002228
v 0.001894 -0.007626 -0.002186
v 0.001665 -0.007773 -0.002126
v 0.001448 -0.007932 -0.002051
v 0.006343 -0.008106 -0.000179
v 0.002406 -0.010565 0.002801
v 0.002489 -0.010792 0.002725
v 0.006236 -0.007919 -0.000357
v 0.006108 -0.007744 -0.000532
v 0.005959 -0.007581 -0.000704
v 0.005791 -0.007432 -0.000869
v 0.005605 -0.007297 -0.001028
v 0.005403 -0.007179 -0.001180
v 0.005185 -0.007078 -0.001322
v 0.004954 -0.006994 -0.001454
v 0.004711 -0.006929 -0.001576
v 0.004458 -0.006882 -0.001685
v 0.004198 -0.006855 -0.001781
v 0.003931 -0.006847 -0.001864
v 0.003661 -0.006858 -0.001933
v 0.003389 -0.006889 -0.001987
v 0.003117 -0.006938 -0.002026
v 0.002847 -0.007007 -0.002049
v 0.002582 -0.007093 -0.002057
v 0.002323 -0.007198 -0.002049
v 0.002072 -0.007318 -0.002026
v 0.001832 -0.007455 -0.001987
v 0.001604 -0.007607 -0.001933
v 0.001390 -0.007772 -0.001864
v 0.001191 -0.007949 -0.001781
v 0.006338 -0.008092 -0.000160
v 0.002241 -0.010835 0.002604
v 0.002317 -0.011045 0.002512
v 0.006226 -0.007891 -0.000319
v 0.006093 -0.007702 -0.000475
v 0.005939 -0.007526 -0.000628
v 0.005767 -0.007364 -0.000776
v 0.005576 -0.007217 -0.000918
v 0.005369 -0.007088 -0.001053
v 0.005147 -0.006975 -0.001180
v 0.004913 -0.006881 -0.001298
v 0.004666 -0.006806 -0.001406
v 0.004411 -0.006751 -0.001504
v 0.004147 -0.006716 -0.001590
v 0.003878 -0.006702 -0.001663
v 0.003606 -0.006708 -0.001725
v 0.003332 -0.006734 -0.001773
v 0.003059 -0.006781 -0.001808
v 0.002789 -0.006848 -0.001828
v 0.002524 -0.006934 -0.001835
v 0.002265 -0.007038 -0.001828
v 0.002015 -0.007161 -0.001808
v 0.001776 -0.007301 -0.001773
v 0.001549 -0.007457 -0.001725
v 0.001337 -0.007627 -0.001663
v 0.001140 -0.007811 -0.001590
v 0.000961 -0.008007 -0.001504
v 0.006333 -0.008080 -0.000139
v 0.002074 -0.011066 0.002376
v 0.002144 -0.011256 0.002270
v 0.006217 -0.007867 -0.000278
v 0.006079 -0.007666 -0.000414
v 0.005922 -0.007478 -0.000547
v 0.005745 -0.007304 -0.000676
v 0.005550 -0.007147 -0.000800
v 0.005340 -0.007007 -0.000918
v 0.005114 -0.006885 -0.001028
v 0.004876 -0.006782 -0.001131
v 0.004627 -0.006699 -0.001226
v 0.004369 -0.006636 -0.001311
v 0.004103 -0.006594 -0.001386
v 0.003832 -0.006574 -0.001450
v 0.003558 -0.006575 -0.001504
v 0.003283 -0.006598 -0.001545
v 0.003009 -0.006642 -0.001576
v 0.002738 -0.006707 -0.001594
v 0.002472 -0.006793 -0.001600
v 0.002214 -0.006898 -0.001594
v 0.001965 -0.007022 -0.001576
v 0.001726 -0.007165 -0.001545
v 0.001501 -0.007324 -0.001504
v 0.001290 -0.007499 -0.001450
v 0.001096 -0.007689 -0.001386
v 0.000919 -0.007891 -0.001311
v 0.000761 -0.008106 -0.001226
v 0.006329 -0.008069 -0.000118
v 0.001907 -0.011252 0.002123
v 0.001968 -0.011422 0.002008
v 0.006209 -0.007846 -0.000235
v 0.006068 -0.007634 -0.000350
v 0.005907 -0.007436 -0.000463
v 0.005726 -0.007253 -0.000572
v 0.005528 -0.007086 -0.000676
v 0.005314 -0.006937 -0.000776
v 0.005086 -0.006807 -0.000869
v 0.004845 -0.006696 -0.000956
v 0.004593 -0.006606 -0.001036
v 0.004332 -0.006537 -0.001108
v 0.004065 -0.006490 -0.001171
v 0.003792 -0.006464 -0.001226
v 0.003517 -0.006462 -0.001271
v 0.003240 -0.006481 -0.001306
v 0.002966 -0.006523 -0.001332
v 0.002694 -0.006587 -0.001347
v 0.002428 -0.006672 -0.001352
v 0.002170 -0.006777 -0.001347
v 0.001921 -0.006903 -0.001332
v 0.001684 -0.007048 -0.001306
v 0.001460 -0.007210 -0.001271
v 0.001250 -0.007390 -0.001226
v 0.001058 -0.007584 -0.001171
v 0.000883 -0.007792 -0.001108
v 0.000727 -0.008013 -0.001036
v 0.000593 -0.008244 -0.000956
v 0.006326 -0.008060 -0.000095
v 0.001738 -0.011390 0.001854
v 0.001791 -0.011538 0.001733
v 0.006203 -0.007828 -0.000190
v 0.006059 -0.007608 -0.000283
v 0.005894 -0.007402 -0.000374
v 0.005711 -0.007211 -0.000463
v 0.005510 -0.007036 -0.000547
v 0.005294 -0.006880 -0.000628
v 0.005063 -0.006742 -0.000704
v 0.004819 -0.006625 -0.000774
v 0.004565 -0.006529 -0.000838
v 0.004302 -0.006455 -0.000897
v 0.004033 -0.006403 -0.000948
v 0.003759 -0.006373 -0.000992
v 0.003482 -0.006367 -0.001028
v 0.003205 -0.006384 -0.001057
v 0.002930 -0.006424 -0.001078
v 0.002658 -0.006487 -0.001090
v 0.002392 -0.006571 -0.001094
v 0.002134 -0.006677 -0.001090
v 0.001885 -0.006804 -0.001078
v 0.001649 -0.006951 -0.001057
v 0.001425 -0.007116 -0.001028
v 0.001217 -0.007299 -0.000992
v 0.001026 -0.007497 -0.000948
v 0.000853 -0.007710 -0.000897
v 0.000699 -0.007936 -0.000838
v 0.000567 -0.008173 -0.000774
v 0.000456 -0.008419 -0.000704
v 0.006324 -0.008053 -0.000072
v 0.001569 -0.011478 0.001576
v 0.001614 -0.011602 0.001454
v 0.006198 -0.007815 -0.000144
v 0.006051 -0.007588 -0.000214
v 0.005884 -0.007375 -0.000283
v 0.005699 -0.007177 -0.000350
v 0.005496 -0.006997 -0.000414
v 0.005277 -0.006834 -0.000475
v 0.005044 -0.006692 -0.000532
v 0.004799 -0.006569 -0.000586
v 0.004543 -0.006468 -0.000634
v 0.004279 -0.006390 -0.000678
v 0.004008 -0.006334 -0.000717
v 0.003733 -0.006302 -0.000751
v 0.003455 -0.006293 -0.000778
v 0.003177 -0.006308 -0.000800
v 0.002901 -0.006346 -0.000816
v 0.002629 -0.006408 -0.000825
v 0.002363 -0.006492 -0.000828
v 0.002105 -0.006599 -0.000825
v 0.001857 -0.006727 -0.000816
v 0.001621 -0.006875 -0.000800
v 0.001398 -0.007042 -0.000778
v 0.001191 -0.007227 -0.000751
v 0.001001 -0.007429 -0.000717
v 0.000829 -0.007645 -0.000678
v 0.000677 -0.007875 -0.000634
v 0.000546 -0.008117 -0.000586
v 0.000437 -0.008368 -0.000532
v 0.000351 -0.008627 -0.000475
v 0.006322 -0.008049 -0.000048
v 0.001401 -0.011513 0.001298
v 0.001438 -0.011615 0.001180
v 0.006194 -0.007805 -0.000096
v 0.006046 -0.007573 -0.000144
v 0.005877 -0.007356 -0.000190
v 0.005690 -0.007153 -0.000235
v 0.005485 -0.006968 -0.000278
v 0.005265 -0.006802 -0.000319
v 0.005031 -0.006655 -0.000357
v 0.004784 -0.006529 -0.000393
v 0.004527 -0.006425 -0.000426
v 0.004262 -0.006343 -0.000455
v 0.003990 -0.006285 -0.000481
v 0.003714 -0.006251 -0.000504
v 0.003436 -0.006240 -0.000522
v 0.003157 -0.006253 -0.000537
v 0.002881 -0.006291 -0.000547
v 0.002609 -0.006351 -0.000554
v 0.002342 -0.006436 -0.000556
v 0.002084 -0.006542 -0.000554
v 0.001837 -0.006671 -0.000547
v 0.001601 -0.006820 -0.000537
v 0.001379 -0.006989 -0.000522
v 0.001173 -0.007176 -0.000504
v 0.000983 -0.007380 -0.000481
v 0.000813 -0.007599 -0.000455
v 0.000662 -0.007832 -0.000426
v 0.000532 -0.008077 -0.000393
v 0.000424 -0.008332 -0.000357
v 0.000339 -0.008595 -0.000319
v 0.000277 -0.008864 -0.000278
v 0.006321 -0.008046 -0.000024
v 0.001235 -0.011497 0.001028
v 0.001264 -0.011576 0.000918
v 0.006192 -0.007799 -0.000048
v 0.006043 -0.007564 -0.000072
v 0.005873 -0.007344 -0.000095
v 0.005685 -0.007139 -0.000118
v 0.005479 -0.006951 -0.000139
v 0.005258 -0.006782 -0.000160
v 0.005023 -0.006633 -0.000179
v 0.004776 -0.006505 -0.000197
v 0.004518 -0.006399 -0.000214
v 0.004252 -0.006315 -0.000228
v 0.003979 -0.006255 -0.000242
v 0.003703 -0.006219 -0.000253
v 0.003424 -0.006208 -0.000262
v 0.003145 -0.006220 -0.000269
v 0.002869 -0.006257 -0.000275
v 0.002596 -0.006317 -0.000278
v 0.002330 -0.006401 -0.000279
v 0.002072 -0.006508 -0.000278
v 0.001824 -0.006637 -0.000275
v 0.001589 -0.006787 -0.000269
v 0.001367 -0.006956 -0.000262
v 0.001161 -0.007145 -0.000253
v 0.000972 -0.007350 -0.000242
v 0.000802 -0.007571 -0.000228
v 0.000652 -0.007806 -0.000214
v 0.000523 -0.008053 -0.000197
v 0.000416 -0.008310 -0.000179
v 0.000332 -0.008575 -0.000160
v 0.000271 -0.008847 -0.000139
v 0.000234 -0.009123 -0.000118
v 0.006320 -0.008045 -0.000000
v 0.001074 -0.011430 0.000776
v 0.001095 -0.011489 0.000676
v 0.006191 -0.007797 -0.000000
v 0.006041 -0.007561 -0.000000
v 0.005872 -0.007340 -0.000000
v 0.005683 -0.007134 -0.000000
v 0.005477 -0.006946 -0.000000
v 0.005256 -0.006776 -0.000000
v 0.005020 -0.006626 -0.000000
v 0.004773 -0.006497 -0.000000
v 0.004515 -0.006390 -0.000000
v 0.004248 -0.006306 -0.000000
v 0.003976 -0.006246 -0.000000
v 0.003699 -0.006209 -0.000000
v 0.003420 -0.006197 -0.000000
v 0.003141 -0.006209 -0.000000
v 0.002865 -0.006246 -0.000000
v 0.002592 -0.006306 -0.000000
v 0.002326 -0.006390 -0.000000
v 0.002068 -0.006497 -0.000000
v 0.001820 -0.006626 -0.000000
v 0.001585 -0.006776 -0.000000
v 0.001363 -0.006946 -0.000000
v 0.001157 -0.007134 -0.000000
v 0.000969 -0.007340 -0.000000
v 0.000799 -0.007561 -0.000000
v 0.000649 -0.007797 -0.000000
v 0.000520 -0.008045 -0.000000
v 0.000413 -0.008302 -0.000000
v 0.000329 -0.008569 -0.000000
v 0.000269 -0.008841 -0.000000
v 0.000232 -0.009118 -0.000000
v 0.000220 -0.009397 -0.000000
v 0.006321 -0.008046 0.000024
v 0.000919 -0.011316 0.000547
v 0.000934 -0.011357 0.000463
v 0.006192 -0.007799 0.000048
v 0.006043 -0.007564 0.000072
v 0.005873 -0.007344 0.000095
v 0.005685 -0.007139 0.000118
v 0.005479 -0.006951 0.000139
v 0.005258 -0.006782 0.000160
v 0.005023 -0.006633 0.000179
v 0.004776 -0.006505 0.000197
v 0.004518 -0.006399 0.000214
v 0.004252 -0.006315 0.000228
v 0.003979 -0.006255 0.000242
v 0.003703 -0.006219 0.000253
v 0.003424 -0.006208 0.000262
v 0.003145 -0.006220 0.000269
v 0.002869 -0.006257 0.000275
v 0.002596 -0.006317 0.000278
v 0.002330 -0.006401 0.000279
v 0.002072 -0.006508 0.000278
v 0.001824 -0.006637 0.000275
v 0.001589 -0.006787 0.000269
v 0.001367 -0.006956 0.000262
v 0.001161 -0.007145 0.000253
v 0.000972 -0.007350 0.000242
v 0.000802 -0.007571 0.000228
v 0.000652 -0.007806 0.000214
v 0.000523 -0.008053 0.000197
v 0.000416 -0.008310 0.000179
v 0.000332 -0.008575 0.000160
v 0.000271 -0.008847 0.000139
v 0.000234 -0.009123 0.000118
v 0.000222 -0.009401 0.000095
v 0.000233 -0.009679 0.000072
v 0.006322 -0.008049 0.000048
v 0.000772 -0.011159 0.000350
v 0.000782 -0.011185 0.000283
v 0.006194 -0.007805 0.000096
v 0.006046 -0.007573 0.000144
v 0.005877 -0.007356 0.000190
v 0.005690 -0.007153 0.000235
v 0.005485 -0.006968 0.000278
v 0.005265 -0.006802 0.000319
v 0.005031 -0.006655 0.000357
v 0.004784 -0.006529 0.000393
v 0.004527 -0.006425 0.000426
v 0.004262 -0.006343 0.000455
v 0.003990 -0.006285 0.000481
v 0.003714 -0.006251 0.000504
v 0.003436 -0.006240 0.000522
v 0.003157 -0.006253 0.000537
v 0.002881 -0.006291 0.000547
v 0.002609 -0.006351 0.000554
v 0.002342 -0.006436 0.000556
v 0.002084 -0.006542 0.000554
v 0.001837 -0.006671 0.000547
v 0.001601 -0.006820 0.000537
v 0.001379 -0.006989 0.000522
v 0.001173 -0.007176 0.000504
v 0.000983 -0.007380 0.000481
v 0.000813 -0.007599 0.000455
v 0.000662 -0.007832 0.000426
v 0.000532 -0.008077 0.000393
v 0.000424 -0.008332 0.000357
v 0.000339 -0.008595 0.000319
v 0.000277 -0.008864 0.000278
v 0.000239 -0.009137 0.000235
v 0.000226 -0.009413 0.000190
v 0.000237 -0.009688 0.000144
v 0.000272 -0.009961 0.000096
v 0.006324 -0.008053 0.000072
v 0.000637 -0.010965 0.000190
v 0.000642 -0.010979 0.000144
v 0.005907 -0.007436 0.000463
v 0.005726 -0.007253 0.000572
v 0.005745 -0.007304 0.000676
v 0.005550 -0.007147 0.000800
v 0.005576 -0.007217 0.000918
v 0.005369 -0.007088 0.001053
v 0.005403 -0.007179 0.001180
v 0.005185 -0.007078 0.001322
v 0.005226 -0.007192 0.001454
v 0.004999 -0.007120 0.001600
v 0.005049 -0.007256 0.001733
v 0.004814 -0.007213 0.001878
v 0.004872 -0.007372 0.002008
v 0.004631 -0.007356 0.002147
v 0.004697 -0.007538 0.002270
v 0.004450 -0.007548 0.002400
v 0.004523 -0.007749 0.002512
v 0.004272 -0.007783 0.002628
v 0.004352 -0.008002 0.002725
v 0.004097 -0.008056 0.002826
v 0.004182 -0.008291 0.002905
v 0.003925 -0.008362 0.002986
v 0.004015 -0.008609 0.003044
v 0.003755 -0.008693 0.003104
v 0.003848 -0.008949 0.003139
v 0.003587 -0.009040 0.003176
v 0.003682 -0.009302 0.003188
v 0.003420 -0.009397 0.003200
v 0.003516 -0.009659 0.003188
v 0.003253 -0.009753 0.003176
v 0.003347 -0.010012 0.003139
v 0.003085 -0.010101 0.003104
v 0.003177 -0.010353 0.003044
v 0.002916 -0.010432 0.002986
v 0.003004 -0.010674 0.002905
v 0.002743 -0.010738 0.002826
v 0.002826 -0.010965 0.002725
v 0.002569 -0.011011 0.002628
v 0.002645 -0.011222 0.002512
v 0.002391 -0.011246 0.002400
v 0.002460 -0.011438 0.002270
v 0.002210 -0.011438 0.002147
v 0.002272 -0.011608 0.002008
v 0.002026 -0.011581 0.001878
v 0.002080 -0.011729 0.001733
v 0.001841 -0.011674 0.001600
v 0.001887 -0.011800 0.001454
v 0.001656 -0.011716 0.001322
v 0.001693 -0.011819 0.001180
v 0.001471 -0.011706 0.001053
v 0.001501 -0.011787 0.000918
v 0.001290 -0.011647 0.000800
v 0.001312 -0.011707 0.000676
v 0.001114 -0.011541 0.000572
v 0.001130 -0.011583 0.000463
v 0.000946 -0.011392 0.000374
v 0.000956 -0.011419 0.000283
v 0.000789 -0.011206 0.000214
v 0.000795 -0.011221 0.000144
v 0.000646 -0.010989 0.000096
v 0.000648 -0.010995 0.000048
v 0.000520 -0.010748 0.000024
v 0.000520 -0.010749 -0.000000
v 0.000514 -0.010733 0.000095
v 0.000631 -0.010948 0.000235
v 0.000511 -0.010725 0.000118
v 0.000761 -0.011128 0.000414
v 0.000623 -0.010927 0.000278
v 0.000507 -0.010714 0.000139
v 0.000901 -0.011268 0.000628
v 0.000748 -0.011092 0.000475
v 0.000615 -0.010902 0.000319
v 0.000503 -0.010702 0.000160
v 0.001049 -0.011362 0.000869
v 0.000881 -0.011213 0.000704
v 0.000733 -0.011050 0.000532
v 0.000604 -0.010875 0.000357
v 0.000498 -0.010688 0.000179
v 0.001203 -0.011408 0.001131
v 0.001022 -0.011287 0.000956
v 0.000859 -0.011153 0.000774
v 0.000716 -0.011004 0.000586
v 0.000593 -0.010844 0.000393
v 0.000492 -0.010673 0.000197
v 0.001361 -0.011402 0.001406
v 0.001168 -0.011311 0.001226
v 0.000992 -0.011206 0.001036
v 0.000835 -0.011086 0.000838
v 0.000698 -0.010954 0.000634
v 0.000581 -0.010810 0.000426
v 0.000486 -0.010656 0.000214
v 0.001520 -0.011344 0.001685
v 0.001317 -0.011283 0.001504
v 0.001130 -0.011207 0.001311
v 0.000960 -0.011118 0.001108
v 0.000809 -0.011015 0.000897
v 0.000678 -0.010900 0.000678
v 0.000568 -0.010774 0.000455
v 0.000479 -0.010638 0.000228
v 0.001681 -0.011234 0.001960
v 0.001468 -0.011202 0.001781
v 0.001271 -0.011156 0.001590
v 0.001090 -0.011097 0.001386
v 0.000926 -0.011024 0.001171
v 0.000782 -0.010940 0.000948
v 0.000657 -0.010843 0.000717
v 0.000554 -0.010736 0.000481
v 0.000472 -0.010618 0.000242
v 0.001842 -0.011074 0.002222
v 0.001621 -0.011069 0.002051
v 0.001414 -0.011052 0.001864
v 0.001222 -0.011022 0.001663
v 0.001047 -0.010980 0.001450
v 0.000890 -0.010926 0.001226
v 0.000753 -0.010860 0.000992
v 0.000635 -0.010783 0.000751
v 0.000539 -0.010695 0.000504
v 0.000465 -0.010598 0.000253
v 0.002002 -0.010867 0.002463
v 0.001774 -0.010888 0.002304
v 0.001559 -0.010898 0.002126
v 0.001357 -0.010896 0.001933
v 0.001172 -0.010883 0.001725
v 0.001003 -0.010859 0.001504
v 0.000853 -0.010823 0.001271
v 0.000723 -0.010777 0.001028
v 0.000613 -0.010720 0.000778
v 0.000524 -0.010653 0.000522
v 0.000457 -0.010577 0.000262
v 0.002162 -0.010618 0.002677
v 0.001927 -0.010662 0.002532
v 0.001704 -0.010697 0.002368
v 0.001494 -0.010721 0.002186
v 0.001299 -0.010736 0.001987
v 0.001119 -0.010740 0.001773
v 0.000958 -0.010734 0.001545
v 0.000815 -0.010718 0.001306
v 0.000691 -0.010692 0.001057
v 0.000589 -0.010656 0.000800
v 0.000508 -0.010610 0.000537
v 0.000449 -0.010555 0.000269
v 0.002322 -0.010333 0.002856
v 0.002081 -0.010396 0.002729
v 0.001851 -0.010452 0.002581
v 0.001633 -0.010500 0.002414
v 0.001428 -0.010540 0.002228
v 0.001239 -0.010571 0.002026
v 0.001066 -0.010593 0.001808
v 0.000911 -0.010606 0.001576
v 0.000775 -0.010610 0.001332
v 0.000660 -0.010604 0.001078
v 0.000565 -0.010589 0.000816
v 0.000492 -0.010565 0.000547
v 0.000441 -0.010533 0.000275
v 0.002481 -0.010018 0.002996
v 0.002236 -0.010097 0.002889
v 0.001999 -0.010171 0.002761
v 0.001774 -0.010239 0.002611
v 0.001560 -0.010301 0.002442
v 0.001361 -0.010356 0.002254
v 0.001178 -0.010404 0.002049
v 0.001012 -0.010444 0.001828
v 0.000864 -0.010476 0.001594
v 0.000735 -0.010500 0.001347
v 0.000627 -0.010515 0.001090
v 0.000540 -0.010522 0.000825
v 0.000475 -0.010520 0.000554
v 0.000433 -0.010510 0.000278
v 0.002642 -0.009680 0.003091
v 0.002392 -0.009771 0.003007
v 0.002149 -0.009859 0.002900
v 0.001917 -0.009944 0.002771
v 0.001695 -0.010025 0.002621
v 0.001487 -0.010100 0.002451
v 0.001294 -0.010171 0.002263
v 0.001117 -0.010235 0.002057
v 0.000957 -0.010293 0.001835
v 0.000816 -0.010345 0.001600
v 0.000695 -0.010389 0.001352
v 0.000595 -0.010425 0.001094
v 0.000516 -0.010454 0.000828
v 0.000459 -0.010475 0.000556
v 0.000425 -0.010487 0.000279
v 0.002804 -0.009329 0.003139
v 0.002550 -0.009427 0.003079
v 0.002302 -0.009525 0.002996
v 0.002063 -0.009622 0.002889
v 0.001834 -0.009717 0.002761
v 0.001617 -0.009810 0.002611
v 0.001414 -0.009900 0.002442
v 0.001226 -0.009986 0.002254
v 0.001055 -0.010067 0.002049
v 0.000902 -0.010143 0.001828
v 0.000768 -0.010214 0.001594
v 0.000655 -0.010278 0.001347
v 0.000562 -0.010336 0.001090
v 0.000491 -0.010386 0.000825
v 0.000442 -0.010429 0.000554
v 0.000416 -0.010464 0.000278
v 0.002969 -0.008972 0.003139
v 0.002711 -0.009073 0.003104
v 0.002458 -0.009176 0.003044
v 0.002213 -0.009281 0.002961
v 0.001977 -0.009386 0.002856
v 0.001752 -0.009492 0.002729
v 0.001540 -0.009597 0.002581
v 0.001342 -0.009700 0.002414
v 0.001160 -0.009802 0.002228
v 0.000995 -0.009900 0.002026
v 0.000848 -0.009994 0.001808
v 0.000721 -0.010084 0.001576
v 0.000615 -0.010168 0.001332
v 0.000530 -0.010247 0.001078
v 0.000466 -0.010319 0.000816
v 0.000426 -0.010384 0.000547
v 0.000408 -0.010442 0.000275
v 0.003137 -0.008619 0.003091
v 0.002876 -0.008717 0.003079
v 0.002619 -0.008821 0.003044
v 0.002368 -0.008928 0.002986
v 0.002126 -0.009040 0.002905
v 0.001893 -0.009154 0.002801
v 0.001671 -0.009270 0.002677
v 0.001463 -0.009387 0.002532
v 0.001270 -0.009504 0.002368
v 0.001094 -0.009621 0.002186
v 0.000935 -0.009735 0.001987
v 0.000795 -0.009847 0.001773
v 0.000674 -0.009956 0.001545
v 0.000575 -0.010060 0.001306
v 0.000498 -0.010159 0.001057
v 0.000442 -0.010253 0.000800
v 0.000410 -0.010340 0.000537
v 0.000400 -0.010419 0.000269
v 0.003309 -0.008277 0.002996
v 0.003046 -0.008368 0.003007
v 0.002785 -0.008468 0.002996
v 0.002529 -0.008574 0.002961
v 0.002280 -0.008687 0.002905
v 0.002040 -0.008805 0.002826
v 0.001810 -0.008927 0.002725
v 0.001593 -0.009053 0.002604
v 0.001389 -0.009182 0.002463
v 0.001201 -0.009313 0.002304
v 0.001029 -0.009444 0.002126
v 0.000876 -0.009574 0.001933
v 0.000742 -0.009704 0.001725
v 0.000629 -0.009831 0.001504
v 0.000537 -0.009954 0.001271
v 0.000467 -0.010074 0.001028
v 0.000419 -0.010188 0.000778
v 0.000394 -0.010296 0.000522
v 0.000392 -0.010398 0.000262
v 0.003487 -0.007955 0.002856
v 0.003221 -0.008036 0.002889
v 0.002958 -0.008126 0.002900
v 0.002697 -0.008226 0.002889
v 0.002443 -0.008335 0.002856
v 0.002195 -0.008453 0.002801
v 0.001957 -0.008577 0.002725
v 0.001730 -0.008708 0.002628
v 0.001516 -0.008844 0.002512
v 0.001317 -0.008984 0.002376
v 0.001133 -0.009127 0.002222
v 0.000967 -0.009272 0.002051
v 0.000819 -0.009418 0.001864
v 0.000692 -0.009565 0.001663
v 0.000585 -0.009709 0.001450
v 0.000499 -0.009852 0.001226
v 0.000436 -0.009991 0.000992
v 0.000396 -0.010125 0.000751
v 0.000379 -0.010254 0.000504
v 0.000384 -0.010376 0.000253
v 0.003670 -0.007661 0.002677
v 0.003403 -0.007726 0.002729
v 0.003137 -0.007804 0.002761
v 0.002873 -0.007893 0.002771
v 0.002613 -0.007995 0.002761
v 0.002359 -0.008106 0.002729
v 0.002113 -0.008228 0.002677
v 0.001878 -0.008358 0.002604
v 0.001653 -0.008497 0.002512
v 0.001443 -0.008642 0.002400
v 0.001247 -0.008793 0.002270
v 0.001068 -0.008949 0.002123
v 0.000907 -0.009108 0.001960
v 0.000765 -0.009269 0.001781
v 0.000643 -0.009431 0.001590
v 0.000542 -0.009593 0.001386
v 0.000464 -0.009753 0.001171
v 0.000407 -0.009911 0.000948
v 0.000374 -0.010065 0.000717
v 0.000364 -0.010214 0.000481
v 0.000377 -0.010356 0.000242
v 0.003859 -0.007402 0.002463
v 0.003592 -0.007448 0.002532
v 0.003324 -0.007508 0.002581
v 0.003057 -0.007583 0.002611
v 0.002792 -0.007672 0.002621
v 0.002533 -0.007774 0.002611
v 0.002280 -0.007888 0.002581
v 0.002036 -0.008014 0.002532
v 0.001802 -0.008151 0.002463
v 0.001580 -0.008296 0.002376
v 0.001373 -0.008450 0.002270
v 0.001181 -0.008612 0.002147
v 0.001006 -0.008779 0.002008
v 0.000850 -0.008951 0.001854
v 0.000713 -0.009127 0.001685
v 0.000597 -0.009304 0.001504
v 0.000502 -0.009482 0.001311
v 0.000430 -0.009660 0.001108
v 0.000380 -0.009835 0.000897
v 0.000353 -0.010008 0.000678
v 0.000350 -0.010175 0.000455
v 0.000370 -0.010337 0.000228
v 0.004053 -0.007183 0.002222
v 0.003788 -0.007206 0.002304
v 0.003519 -0.007247 0.002368
v 0.003250 -0.007303 0.002414
v 0.002981 -0.007376 0.002442
v 0.002717 -0.007464 0.002451
v 0.002457 -0.007567 0.002442
v 0.002205 -0.007683 0.002414
v 0.001962 -0.007813 0.002368
v 0.001731 -0.007955 0.002304
v 0.001512 -0.008108 0.002222
v 0.001307 -0.008270 0.002123
v 0.001119 -0.008441 0.002008
v 0.000948 -0.008620 0.001878
v 0.000796 -0.008804 0.001733
v 0.000664 -0.008993 0.001576
v 0.000553 -0.009185 0.001406
v 0.000464 -0.009378 0.001226
v 0.000398 -0.009572 0.001036
v 0.000354 -0.009764 0.000838
v 0.000334 -0.009954 0.000634
v 0.000337 -0.010139 0.000426
v 0.000363 -0.010319 0.000214
v 0.004253 -0.007008 0.001960
v 0.003990 -0.007007 0.002051
v 0.003721 -0.007025 0.002126
v 0.003451 -0.007060 0.002186
v 0.003180 -0.007113 0.002228
v 0.002911 -0.007183 0.002254
v 0.002646 -0.007271 0.002263
v 0.002387 -0.007374 0.002254
v 0.002136 -0.007493 0.002228
v 0.001894 -0.007626 0.002186
v 0.001665 -0.007773 0.002126
v 0.001448 -0.007932 0.002051
v 0.001246 -0.008103 0.001960
v 0.001062 -0.008283 0.001854
v 0.000894 -0.008472 0.001733
v 0.000747 -0.008667 0.001600
v 0.000619 -0.008869 0.001454
v 0.000513 -0.009074 0.001298
v 0.000429 -0.009282 0.001131
v 0.000368 -0.009490 0.000956
v 0.000330 -0.009698 0.000774
v 0.000315 -0.009904 0.000586
v 0.000324 -0.010106 0.000393
v 0.000357 -0.010302 0.000197
v 0.004458 -0.006882 0.001685
v 0.004198 -0.006855 0.001781
v 0.003931 -0.006847 0.001864
v 0.003661 -0.006858 0.001933
v 0.003389 -0.006889 0.001987
v 0.003117 -0.006938 0.002026
v 0.002847 -0.007007 0.002049
v 0.002582 -0.007093 0.002057
v 0.002323 -0.007198 0.002049
v 0.002072 -0.007318 0.002026
v 0.001832 -0.007455 0.001987
v 0.001604 -0.007607 0.001933
v 0.001390 -0.007772 0.001864
v 0.001191 -0.007949 0.001781
v 0.001009 -0.008138 0.001685
v 0.000845 -0.008336 0.001576
v 0.000701 -0.008542 0.001454
v 0.000578 -0.008755 0.001322
v 0.000476 -0.008972 0.001180
v 0.000397 -0.009193 0.001028
v 0.000341 -0.009415 0.000869
v 0.000308 -0.009638 0.000704
v 0.000299 -0.009858 0.000532
v 0.000313 -0.010075 0.000357
v 0.000352 -0.010286 0.000179
v 0.004666 -0.006806 0.001406
v 0.004411 -0.006751 0.001504
v 0.004147 -0.006716 0.001590
v 0.003878 -0.006702 0.001663
v 0.003606 -0.006708 0.001725
v 0.003332 -0.006734 0.001773
v 0.003059 -0.006781 0.001808
v 0.002789 -0.006848 0.001828
v 0.002524 -0.006934 0.001835
v 0.002265 -0.007038 0.001828
v 0.002015 -0.007161 0.001808
v 0.001776 -0.007301 0.001773
v 0.001549 -0.007457 0.001725
v 0.001337 -0.007627 0.001663
v 0.001140 -0.007811 0.001590
v 0.000961 -0.008007 0.001504
v 0.000801 -0.008214 0.001406
v 0.000660 -0.008429 0.001298
v 0.000540 -0.008652 0.001180
v 0.000443 -0.008881 0.001053
v 0.000368 -0.009113 0.000918
v 0.000316 -0.009348 0.000776
v 0.000288 -0.009583 0.000628
v 0.000284 -0.009817 0.000475
v 0.000303 -0.010047 0.000319
v 0.000346 -0.010273 0.000160
v 0.004876 -0.006782 0.001131
v 0.004627 -0.006699 0.001226
v 0.004369 -0.006636 0.001311
v 0.004103 -0.006594 0.001386
v 0.003832 -0.006574 0.001450
v 0.003558 -0.006575 0.001504
v 0.003283 -0.006598 0.001545
v 0.003009 -0.006642 0.001576
v 0.002738 -0.006707 0.001594
v 0.002472 -0.006793 0.001600
v 0.002214 -0.006898 0.001594
v 0.001965 -0.007022 0.001576
v 0.001726 -0.007165 0.001545
v 0.001501 -0.007324 0.001504
v 0.001290 -0.007499 0.001450
v 0.001096 -0.007689 0.001386
v 0.000919 -0.007891 0.001311
v 0.000761 -0.008106 0.001226
v 0.000624 -0.008329 0.001131
v 0.000507 -0.008561 0.001028
v 0.000413 -0.008800 0.000918
v 0.000342 -0.009043 0.000800
v 0.000294 -0.009288 0.000676
v 0.000270 -0.009535 0.000547
v 0.000270 -0.009780 0.000414
v 0.000294 -0.010023 0.000278
v 0.000342 -0.010260 0.000139
v 0.005086 -0.006807 0.000869
v 0.004845 -0.006696 0.000956
v 0.004593 -0.006606 0.001036
v 0.004332 -0.006537 0.001108
v 0.004065 -0.006490 0.001171
v 0.003792 -0.006464 0.001226
v 0.003517 -0.006462 0.001271
v 0.003240 -0.006481 0.001306
v 0.002966 -0.006523 0.001332
v 0.002694 -0.006587 0.001347
v 0.002428 -0.006672 0.001352
v 0.002170 -0.006777 0.001347
v 0.001921 -0.006903 0.001332
v 0.001684 -0.007048 0.001306
v 0.001460 -0.007210 0.001271
v 0.001250 -0.007390 0.001226
v 0.001058 -0.007584 0.001171
v 0.000883 -0.007792 0.001108
v 0.000727 -0.008013 0.001036
v 0.000593 -0.008244 0.000956
v 0.000479 -0.008484 0.000869
v 0.000388 -0.008730 0.000776
v 0.000320 -0.008982 0.000676
v 0.000276 -0.009237 0.000572
v 0.000255 -0.009493 0.000463
v 0.000259 -0.009749 0.000350
v 0.000287 -0.010002 0.000235
v 0.000338 -0.010250 0.000118
v 0.006198 -0.007815 0.000144
v 0.006059 -0.007608 0.000283
v 0.006051 -0.007588 0.000214
v 0.005894 -0.007402 0.000374
v 0.005884 -0.007375 0.000283
v 0.005711 -0.007211 0.000463
v 0.005699 -0.007177 0.000350
v 0.005510 -0.007036 0.000547
v 0.005496 -0.006997 0.000414
v 0.005294 -0.006880 0.000628
v 0.005277 -0.006834 0.000475
v 0.005063 -0.006742 0.000704
v 0.005044 -0.006692 0.000532
v 0.004819 -0.006625 0.000774
v 0.004799 -0.006569 0.000586
v 0.004565 -0.006529 0.000838
v 0.004543 -0.006468 0.000634
v 0.004302 -0.006455 0.000897
v 0.004279 -0.006390 0.000678
v 0.004033 -0.006403 0.000948
v 0.004008 -0.006334 0.000717
v 0.003759 -0.006373 0.000992
v 0.003733 -0.006302 0.000751
v 0.003482 -0.006367 0.001028
v 0.003455 -0.006293 0.000778
v 0.003205 -0.006384 0.001057
v 0.003177 -0.006308 0.000800
v 0.002930 -0.006424 0.001078
v 0.002901 -0.006346 0.000816
v 0.002658 -0.006487 0.001090
v 0.002629 -0.006408 0.000825
v 0.002392 -0.006571 0.001094
v 0.002363 -0.006492 0.000828
v 0.002134 -0.006677 0.001090
v 0.002105 -0.006599 0.000825
v 0.001885 -0.006804 0.001078
v 0.001857 -0.006727 0.000816
v 0.001649 -0.006951 0.001057
v 0.001621 -0.006875 0.000800
v 0.001425 -0.007116 0.001028
v 0.001398 -0.007042 0.000778
v 0.001217 -0.007299 0.000992
v 0.001191 -0.007227 0.000751
v 0.001026 -0.007497 0.000948
v 0.001001 -0.007429 0.000717
v 0.000853 -0.007710 0.000897
v 0.000829 -0.007645 0.000678
v 0.000699 -0.007936 0.000838
v 0.000677 -0.007875 0.000634
v 0.000567 -0.008173 0.000774
v 0.000546 -0.008117 0.000586
v 0.000456 -0.008419 0.000704
v 0.000437 -0.008368 0.000532
v 0.000367 -0.008673 0.000628
v 0.000351 -0.008627 0.000475
v 0.000302 -0.008932 0.000547
v 0.000287 -0.008892 0.000414
v 0.000260 -0.009195 0.000463
v 0.000248 -0.009161 0.000350
v 0.000243 -0.009459 0.000374
v 0.000233 -0.009432 0.000283
v 0.000249 -0.009723 0.000283
v 0.000242 -0.009702 0.000214
v 0.000280 -0.009984 0.000190
v 0.000275 -0.009970 0.000144
v 0.000335 -0.010241 0.000095
v 0.000332 -0.010234 0.000072
v 0.000331 -0.010229 0.000048
v 0.000330 -0.010226 0.000024
v 0.000270 -0.009955 0.000048
v 0.000269 -0.009953 -0.000000
v 0.000232 -0.009676 -0.000000
v 0.000233 -0.009679 -0.000072
v 0.000222 -0.009401 -0.000095
v 0.000226 -0.009413 -0.000190
v 0.000239 -0.009137 -0.000235
v 0.000248 -0.009161 -0.000350
v 0.000287 -0.008892 -0.000414
v 0.000302 -0.008932 -0.000547
v 0.000367 -0.008673 -0.000628
v 0.000388 -0.008730 -0.000776
v 0.000479 -0.008484 -0.000869
v 0.000507 -0.008561 -0.001028
v 0.000624 -0.008329 -0.001131
v 0.000660 -0.008429 -0.001298
v 0.000801 -0.008214 -0.001406
v 0.000845 -0.008336 -0.001576
v 0.001009 -0.008138 -0.001685
v 0.001062 -0.008283 -0.001854
v 0.001246 -0.008103 -0.001960
v 0.001307 -0.008270 -0.002123
v 0.001512 -0.008108 -0.002222
v 0.001580 -0.008296 -0.002376
v 0.001802 -0.008151 -0.002463
v 0.001878 -0.008358 -0.002604
v 0.002113 -0.008228 -0.002677
v 0.002195 -0.008453 -0.002801
v 0.002443 -0.008335 -0.002856
v 0.002529 -0.008574 -0.002961
v 0.002785 -0.008468 -0.002996
v 0.002876 -0.008717 -0.003079
v 0.003137 -0.008619 -0.003091
v 0.003230 -0.008875 -0.003151
v 0.003493 -0.008781 -0.003139
v 0.003587 -0.009040 -0.003176
v 0.003848 -0.008949 -0.003139
v 0.003942 -0.009207 -0.003151
v 0.004198 -0.009114 -0.003091
v 0.004291 -0.009367 -0.003079
v 0.004538 -0.009269 -0.002996
v 0.004627 -0.009513 -0.002961
v 0.004863 -0.009408 -0.002856
v 0.004948 -0.009640 -0.002801
v 0.005169 -0.009524 -0.002677
v 0.005248 -0.009740 -0.002604
v 0.005452 -0.009612 -0.002463
v 0.005524 -0.009810 -0.002376
v 0.005707 -0.009667 -0.002222
v 0.005772 -0.009845 -0.002123
v 0.005933 -0.009686 -0.001960
v 0.005990 -0.009843 -0.001854
v 0.006127 -0.009667 -0.001685
v 0.006176 -0.009801 -0.001576
v 0.006287 -0.009609 -0.001406
v 0.006327 -0.009720 -0.001298
v 0.006411 -0.009512 -0.001131
v 0.006444 -0.009601 -0.001028
v 0.006500 -0.009379 -0.000869
v 0.006524 -0.009446 -0.000776
v 0.006553 -0.009211 -0.000628
v 0.006570 -0.009259 -0.000547
v 0.006570 -0.009014 -0.000414
v 0.006581 -0.009045 -0.000350
v 0.006554 -0.008792 -0.000235
v 0.006560 -0.008810 -0.000190
v 0.006505 -0.008553 -0.000095
v 0.006508 -0.008560 -0.000072
v 0.000329 -0.010225 -0.000000
v 0.000330 -0.010226 -0.000024
v 0.000270 -0.009955 -0.000048
v 0.000272 -0.009961 -0.000096
v 0.000237 -0.009688 -0.000144
v 0.000242 -0.009702 -0.000214
v 0.000233 -0.009432 -0.000283
v 0.000243 -0.009459 -0.000374
v 0.000260 -0.009195 -0.000463
v 0.000276 -0.009237 -0.000572
v 0.000320 -0.008982 -0.000676
v 0.000342 -0.009043 -0.000800
v 0.000413 -0.008800 -0.000918
v 0.000443 -0.008881 -0.001053
v 0.000540 -0.008652 -0.001180
v 0.000578 -0.008755 -0.001322
v 0.000701 -0.008542 -0.001454
v 0.000747 -0.008667 -0.001600
v 0.000894 -0.008472 -0.001733
v 0.000948 -0.008620 -0.001878
v 0.001119 -0.008441 -0.002008
v 0.001181 -0.008612 -0.002147
v 0.001373 -0.008450 -0.002270
v 0.001443 -0.008642 -0.002400
v 0.001653 -0.008497 -0.002512
v 0.001730 -0.008708 -0.002628
v 0.001957 -0.008577 -0.002725
v 0.002040 -0.008805 -0.002826
v 0.002280 -0.008687 -0.002905
v 0.002368 -0.008928 -0.002986
v 0.002619 -0.008821 -0.003044
v 0.002711 -0.009073 -0.003104
v 0.002969 -0.008972 -0.003139
v 0.003063 -0.009231 -0.003176
v 0.003325 -0.009135 -0.003188
v 0.003420 -0.009397 -0.003200
v 0.003682 -0.009302 -0.003188
v 0.003777 -0.009563 -0.003176
v 0.004036 -0.009465 -0.003139
v 0.004130 -0.009721 -0.003104
v 0.004382 -0.009618 -0.003044
v 0.004472 -0.009865 -0.002986
v 0.004715 -0.009754 -0.002905
v 0.004800 -0.009989 -0.002826
v 0.005030 -0.009866 -0.002725
v 0.005110 -0.010086 -0.002628
v 0.005324 -0.009950 -0.002512
v 0.005398 -0.010152 -0.002400
v 0.005593 -0.010001 -0.002270
v 0.005659 -0.010182 -0.002147
v 0.005834 -0.010015 -0.002008
v 0.005892 -0.010174 -0.001878
v 0.006044 -0.009990 -0.001733
v 0.006094 -0.010127 -0.001600
v 0.006221 -0.009925 -0.001454
v 0.006263 -0.010039 -0.001322
v 0.006364 -0.009822 -0.001180
v 0.006398 -0.009913 -0.001053
v 0.006473 -0.009681 -0.000918
v 0.006498 -0.009751 -0.000800
v 0.006546 -0.009506 -0.000676
v 0.006565 -0.009557 -0.000572
v 0.006585 -0.009301 -0.000463
v 0.006598 -0.009335 -0.000374
v 0.006591 -0.009071 -0.000283
v 0.006598 -0.009092 -0.000214
v 0.006565 -0.008823 -0.000144
v 0.006569 -0.008833 -0.000096
v 0.006510 -0.008565 -0.000048
v 0.006511 -0.008568 -0.000024
v 0.006511 -0.008569 -0.000000
v 0.006571 -0.008839 -0.000048
v 0.006604 -0.009106 -0.000144
v 0.006607 -0.009362 -0.000283
v 0.006580 -0.009599 -0.000463
v 0.006520 -0.009812 -0.000676
v 0.006427 -0.009994 -0.000918
v 0.006300 -0.010142 -0.001180
v 0.006139 -0.010252 -0.001454
v 0.005946 -0.010322 -0.001733
v 0.005721 -0.010352 -0.002008
v 0.005467 -0.010343 -0.002270
v 0.005187 -0.010297 -0.002512
v 0.004883 -0.010217 -0.002725
v 0.004560 -0.010107 -0.002905
v 0.004221 -0.009973 -0.003044
v 0.003872 -0.009822 -0.003139
v 0.003516 -0.009659 -0.003188
v 0.003158 -0.009492 -0.003188
v 0.002804 -0.009329 -0.003139
v 0.002458 -0.009176 -0.003044
v 0.002126 -0.009040 -0.002905
v 0.001810 -0.008927 -0.002725
v 0.001516 -0.008844 -0.002512
v 0.001247 -0.008793 -0.002270
v 0.001006 -0.008779 -0.002008
v 0.000796 -0.008804 -0.001733
v 0.000619 -0.008869 -0.001454
v 0.000476 -0.008972 -0.001180
v 0.000368 -0.009113 -0.000918
v 0.000294 -0.009288 -0.000676
v 0.000255 -0.009493 -0.000463
v 0.000249 -0.009723 -0.000283
v 0.000275 -0.009970 -0.000144
v 0.000331 -0.010229 -0.000048
v 0.006511 -0.008568 0.000024
v 0.006572 -0.008841 -0.000000
v 0.006607 -0.009115 -0.000072
v 0.006615 -0.009381 -0.000190
v 0.006592 -0.009633 -0.000350
v 0.006539 -0.009862 -0.000547
v 0.006452 -0.010064 -0.000776
v 0.006333 -0.010232 -0.001028
v 0.006180 -0.010365 -0.001298
v 0.005995 -0.010458 -0.001576
v 0.005779 -0.010511 -0.001854
v 0.005533 -0.010524 -0.002123
v 0.005260 -0.010498 -0.002376
v 0.004963 -0.010435 -0.002604
v 0.004645 -0.010341 -0.002801
v 0.004311 -0.010220 -0.002961
v 0.003964 -0.010077 -0.003079
v 0.003610 -0.009919 -0.003151
v 0.003253 -0.009753 -0.003176
v 0.002898 -0.009587 -0.003151
v 0.002550 -0.009427 -0.003079
v 0.002213 -0.009281 -0.002961
v 0.001893 -0.009154 -0.002801
v 0.001593 -0.009053 -0.002604
v 0.001317 -0.008984 -0.002376
v 0.001068 -0.008949 -0.002123
v 0.000850 -0.008951 -0.001854
v 0.000664 -0.008993 -0.001576
v 0.000513 -0.009074 -0.001298
v 0.000397 -0.009193 -0.001028
v 0.000316 -0.009348 -0.000776
v 0.000270 -0.009535 -0.000547
v 0.000259 -0.009749 -0.000350
v 0.000280 -0.009984 -0.000190
v 0.000332 -0.010234 -0.000072
v 0.006510 -0.008565 0.000048
v 0.006571 -0.008839 0.000048
v 0.006608 -0.009118 -0.000000
v 0.006619 -0.009393 -0.000095
v 0.006601 -0.009657 -0.000235
v 0.006553 -0.009901 -0.000414
v 0.006473 -0.010121 -0.000628
v 0.006361 -0.010310 -0.000869
v 0.006217 -0.010464 -0.001131
v 0.006040 -0.010580 -0.001406
v 0.005832 -0.010656 -0.001685
v 0.005594 -0.010691 -0.001960
v 0.005329 -0.010686 -0.002222
v 0.005039 -0.010643 -0.002463
v 0.004727 -0.010566 -0.002677
v 0.004398 -0.010458 -0.002856
v 0.004055 -0.010326 -0.002996
v 0.003703 -0.010175 -0.003091
v 0.003347 -0.010012 -0.003139
v 0.002992 -0.009845 -0.003139
v 0.002642 -0.009680 -0.003091
v 0.002302 -0.009525 -0.002996
v 0.001977 -0.009386 -0.002856
v 0.001671 -0.009270 -0.002677
v 0.001389 -0.009182 -0.002463
v 0.001133 -0.009127 -0.002222
v 0.000907 -0.009108 -0.001960
v 0.000713 -0.009127 -0.001685
v 0.000553 -0.009185 -0.001406
v 0.000429 -0.009282 -0.001131
v 0.000341 -0.009415 -0.000869
v 0.000288 -0.009583 -0.000628
v 0.000270 -0.009780 -0.000414
v 0.000287 -0.010002 -0.000235
v 0.000335 -0.010241 -0.000095
v 0.006508 -0.008560 0.000072
v 0.006569 -0.008833 0.000096
v 0.006607 -0.009115 0.000072
v 0.006620 -0.009397 -0.000000
v 0.006606 -0.009671 -0.000118
v 0.006563 -0.009930 -0.000278
v 0.006490 -0.010166 -0.000475
v 0.006385 -0.010375 -0.000704
v 0.006248 -0.010550 -0.000956
v 0.006079 -0.010688 -0.001226
v 0.005879 -0.010787 -0.001504
v 0.005650 -0.010845 -0.001781
v 0.005392 -0.010861 -0.002051
v 0.005110 -0.010839 -0.002304
v 0.004805 -0.010780 -0.002532
v 0.004481 -0.010688 -0.002729
v 0.004143 -0.010568 -0.002889
v 0.003795 -0.010425 -0.003007
v 0.003440 -0.010268 -0.003079
v 0.003085 -0.010101 -0.003104
v 0.002734 -0.009933 -0.003079
v 0.002392 -0.009771 -0.003007
v 0.002063 -0.009622 -0.002889
v 0.001752 -0.009492 -0.002729
v 0.001463 -0.009387 -0.002532
v 0.001201 -0.009313 -0.002304
v 0.000967 -0.009272 -0.002051
v 0.000765 -0.009269 -0.001781
v 0.000597 -0.009304 -0.001504
v 0.000464 -0.009378 -0.001226
v 0.000368 -0.009490 -0.000956
v 0.000308 -0.009638 -0.000704
v 0.000284 -0.009817 -0.000475
v 0.000294 -0.010023 -0.000278
v 0.000338 -0.010250 -0.000118
v 0.006505 -0.008553 0.000095
v 0.006565 -0.008823 0.000144
v 0.006604 -0.009106 0.000144
v 0.006619 -0.009393 0.000095
v 0.006608 -0.009676 -0.000000
v 0.006570 -0.009947 -0.000139
v 0.006502 -0.010199 -0.000319
v 0.006403 -0.010426 -0.000532
v 0.006274 -0.010621 -0.000774
v 0.006113 -0.010781 -0.001036
v 0.005921 -0.010902 -0.001311
v 0.005700 -0.010983 -0.001590
v 0.005451 -0.011022 -0.001864
v 0.005176 -0.011021 -0.002126
v 0.004878 -0.010981 -0.002368
v 0.004561 -0.010905 -0.002581
v 0.004227 -0.010799 -0.002761
v 0.003883 -0.010668 -0.002900
v 0.003531 -0.010517 -0.002996
v 0.003177 -0.010353 -0.003044
v 0.002826 -0.010185 -0.003044
v 0.002481 -0.010018 -0.002996
v 0.002149 -0.009859 -0.002900
v 0.001834 -0.009717 -0.002761
v 0.001540 -0.009597 -0.002581
v 0.001270 -0.009504 -0.002368
v 0.001029 -0.009444 -0.002126
v 0.000819 -0.009418 -0.001864
v 0.000643 -0.009431 -0.001590
v 0.000502 -0.009482 -0.001311
v 0.000398 -0.009572 -0.001036
v 0.000330 -0.009698 -0.000774
v 0.000299 -0.009858 -0.000532
v 0.000303 -0.010047 -0.000319
v 0.000342 -0.010260 -0.000139
v 0.006502 -0.008544 0.000118
v 0.006560 -0.008810 0.000190
v 0.006598 -0.009092 0.000214
v 0.006615 -0.009381 0.000190
v 0.006606 -0.009671 0.000118
v 0.006572 -0.009953 -0.000000
v 0.006509 -0.010219 -0.000160
v 0.006417 -0.010462 -0.000357
v 0.006294 -0.010677 -0.000586
v 0.006141 -0.010858 -0.000838
v 0.005957 -0.011002 -0.001108
v 0.005745 -0.011105 -0.001386
v 0.005504 -0.011167 -0.001663
v 0.005237 -0.011187 -0.001933
v 0.004946 -0.011167 -0.002186
v 0.004635 -0.011110 -0.002414
v 0.004308 -0.011020 -0.002611
v 0.003967 -0.010900 -0.002771
v 0.003619 -0.010758 -0.002889
v 0.003267 -0.010600 -0.002961
v 0.002916 -0.010432 -0.002986
v 0.002570 -0.010262 -0.002961
v 0.002236 -0.010097 -0.002889
v 0.001917 -0.009944 -0.002771
v 0.001617 -0.009810 -0.002611
v 0.001342 -0.009700 -0.002414
v 0.001094 -0.009621 -0.002186
v 0.000876 -0.009574 -0.001933
v 0.000692 -0.009565 -0.001663
v 0.000542 -0.009593 -0.001386
v 0.000430 -0.009660 -0.001108
v 0.000354 -0.009764 -0.000838
v 0.000315 -0.009904 -0.000586
v 0.000313 -0.010075 -0.000357
v 0.000346 -0.010273 -0.000160
v 0.006498 -0.008534 0.000139
v 0.006554 -0.008792 0.000235
v 0.006591 -0.009071 0.000283
v 0.006607 -0.009362 0.000283
v 0.006601 -0.009657 0.000235
v 0.006570 -0.009947 0.000139
v 0.006511 -0.010225 -0.000000
v 0.006425 -0.010484 -0.000179
v 0.006309 -0.010717 -0.000393
v 0.006163 -0.010918 -0.000634
v 0.005987 -0.011084 -0.000897
v 0.005783 -0.011210 -0.001171
v 0.005550 -0.011295 -0.001450
v 0.005291 -0.011337 -0.001725
v 0.005008 -0.011339 -0.001987
v 0.004705 -0.011301 -0.002228
v 0.004383 -0.011227 -0.002442
v 0.004048 -0.011122 -0.002621
v 0.003703 -0.010990 -0.002761
v 0.003354 -0.010838 -0.002856
v 0.003004 -0.010674 -0.002905
v 0.002658 -0.010503 -0.002905
v 0.002322 -0.010333 -0.002856
v 0.001999 -0.010171 -0.002761
v 0.001695 -0.010025 -0.002621
v 0.001414 -0.009900 -0.002442
v 0.001160 -0.009802 -0.002228
v 0.000935 -0.009735 -0.001987
v 0.000742 -0.009704 -0.001725
v 0.000585 -0.009709 -0.001450
v 0.000464 -0.009753 -0.001171
v 0.000380 -0.009835 -0.000897
v 0.000334 -0.009954 -0.000634
v 0.000324 -0.010106 -0.000393
v 0.000352 -0.010286 -0.000179
v 0.006494 -0.008521 0.000160
v 0.006546 -0.008771 0.000278
v 0.006581 -0.009045 0.000350
v 0.006598 -0.009335 0.000374
v 0.006592 -0.009633 0.000350
v 0.006563 -0.009930 0.000278
v 0.006509 -0.010219 0.000160
v 0.006427 -0.010491 -0.000000
v 0.006317 -0.010741 -0.000197
v 0.006179 -0.010962 -0.000426
v 0.006011 -0.011148 -0.000678
v 0.005814 -0.011297 -0.000948
v 0.005590 -0.011404 -0.001226
v 0.005339 -0.011470 -0.001504
v 0.005064 -0.011493 -0.001773
v 0.004768 -0.011475 -0.002026
v 0.004453 -0.011420 -0.002254
v 0.004124 -0.011330 -0.002451
v 0.003783 -0.011211 -0.002611
v 0.003437 -0.011068 -0.002729
v 0.003089 -0.010908 -0.002801
v 0.002743 -0.010738 -0.002826
v 0.002406 -0.010565 -0.002801
v 0.002081 -0.010396 -0.002729
v 0.001774 -0.010239 -0.002611
v 0.001487 -0.010100 -0.002451
v 0.001226 -0.009986 -0.002254
v 0.000995 -0.009900 -0.002026
v 0.000795 -0.009847 -0.001773
v 0.000629 -0.009831 -0.001504
v 0.000499 -0.009852 -0.001226
v 0.000407 -0.009911 -0.000948
v 0.000353 -0.010008 -0.000678
v 0.000337 -0.010139 -0.000426
v 0.000357 -0.010302 -0.000197
v 0.006489 -0.008507 0.000179
v 0.006537 -0.008747 0.000319
v 0.006570 -0.009014 0.000414
v 0.006585 -0.009301 0.000463
v 0.006580 -0.009599 0.000463
v 0.006553 -0.009901 0.000414
v 0.006502 -0.010199 0.000319
v 0.006425 -0.010484 0.000179
v 0.006320 -0.010749 -0.000000
v 0.006188 -0.010988 -0.000214
v 0.006028 -0.011195 -0.000455
v 0.005839 -0.011365 -0.000717
v 0.005623 -0.011495 -0.000992
v 0.005381 -0.011584 -0.001271
v 0.005114 -0.011629 -0.001545
v 0.004825 -0.011633 -0.001808
v 0.004517 -0.011596 -0.002049
v 0.004194 -0.011523 -0.002263
v 0.003859 -0.011418 -0.002442
v 0.003516 -0.011286 -0.002581
v 0.003171 -0.011132 -0.002677
v 0.002826 -0.010965 -0.002725
v 0.002489 -0.010792 -0.002725
v 0.002162 -0.010618 -0.002677
v 0.001851 -0.010452 -0.002581
v 0.001560 -0.010301 -0.002442
v 0.001294 -0.010171 -0.002263
v 0.001055 -0.010067 -0.002049
v 0.000848 -0.009994 -0.001808
v 0.000674 -0.009956 -0.001545
v 0.000537 -0.009954 -0.001271
v 0.000436 -0.009991 -0.000992
v 0.000374 -0.010065 -0.000717
v 0.000350 -0.010175 -0.000455
v 0.000363 -0.010319 -0.000214
v 0.006483 -0.008492 0.000197
v 0.006527 -0.008719 0.000357
v 0.006557 -0.008977 0.000475
v 0.006570 -0.009259 0.000547
v 0.006565 -0.009557 0.000572
v 0.006539 -0.009862 0.000547
v 0.006490 -0.010166 0.000475
v 0.006417 -0.010462 0.000357
v 0.006317 -0.010741 0.000197
v 0.006191 -0.010997 -0.000000
v 0.006038 -0.011223 -0.000228
v 0.005857 -0.011414 -0.000481
v 0.005649 -0.011567 -0.000751
v 0.005415 -0.011678 -0.001028
v 0.005157 -0.011746 -0.001306
v 0.004876 -0.011771 -0.001576
v 0.004575 -0.011755 -0.001828
v 0.004259 -0.011700 -0.002057
v 0.003929 -0.011611 -0.002254
v 0.003591 -0.011490 -0.002414
v 0.003248 -0.011346 -0.002532
v 0.002906 -0.011184 -0.002604
v 0.002569 -0.011011 -0.002628
v 0.002241 -0.010835 -0.002604
v 0.001927 -0.010662 -0.002532
v 0.001633 -0.010500 -0.002414
v 0.001361 -0.010356 -0.002254
v 0.001117 -0.010235 -0.002057
v 0.000902 -0.010143 -0.001828
v 0.000721 -0.010084 -0.001576
v 0.000575 -0.010060 -0.001306
v 0.000467 -0.010074 -0.001028
v 0.000396 -0.010125 -0.000751
v 0.000364 -0.010214 -0.000481
v 0.000370 -0.010337 -0.000228
v 0.006477 -0.008475 0.000214
v 0.006516 -0.008688 0.000393
v 0.006542 -0.008936 0.000532
v 0.006553 -0.009211 0.000628
v 0.006546 -0.009506 0.000676
v 0.006520 -0.009812 0.000676
v 0.006473 -0.010121 0.000628
v 0.006403 -0.010426 0.000532
v 0.006309 -0.010717 0.000393
v 0.006188 -0.010988 0.000214
v 0.006041 -0.011232 -0.000000
v 0.005868 -0.011444 -0.000242
v 0.005668 -0.011618 -0.000504
v 0.005442 -0.011752 -0.000778
v 0.005192 -0.011843 -0.001057
v 0.004919 -0.011891 -0.001332
v 0.004627 -0.011896 -0.001594
v 0.004317 -0.011860 -0.001835
v 0.003993 -0.011787 -0.002049
v 0.003660 -0.011681 -0.002228
v 0.003321 -0.011547 -0.002368
v 0.002982 -0.011392 -0.002463
v 0.002645 -0.011222 -0.002512
v 0.002317 -0.011045 -0.002512
v 0.002002 -0.010867 -0.002463
v 0.001704 -0.010697 -0.002368
v 0.001428 -0.010540 -0.002228
v 0.001178 -0.010404 -0.002049
v 0.000957 -0.010293 -0.001835
v 0.000768 -0.010214 -0.001594
v 0.000615 -0.010168 -0.001332
v 0.000498 -0.010159 -0.001057
v 0.000419 -0.010188 -0.000778
v 0.000379 -0.010254 -0.000504
v 0.000377 -0.010356 -0.000242
v 0.006470 -0.008457 0.000228
v 0.006504 -0.008655 0.000426
v 0.006525 -0.008890 0.000586
v 0.006533 -0.009156 0.000704
v 0.006524 -0.009446 0.000776
v 0.006498 -0.009751 0.000800
v 0.006452 -0.010064 0.000776
v 0.006385 -0.010375 0.000704
v 0.006294 -0.010677 0.000586
v 0.006179 -0.010962 0.000426
v 0.006038 -0.011223 0.000228
v 0.005872 -0.011454 -0.000000
v 0.005679 -0.011649 -0.000253
v 0.005461 -0.011805 -0.000522
v 0.005220 -0.011919 -0.000800
v 0.004955 -0.011990 -0.001078
v 0.004670 -0.012016 -0.001347
v 0.004368 -0.012001 -0.001600
v 0.004051 -0.011946 -0.001828
v 0.003724 -0.011855 -0.002026
v 0.003389 -0.011734 -0.002186
v 0.003053 -0.011588 -0.002304
v 0.002718 -0.011423 -0.002376
v 0.002391 -0.011246 -0.002400
v 0.002074 -0.011066 -0.002376
v 0.001774 -0.010888 -0.002304
v 0.001494 -0.010721 -0.002186
v 0.001239 -0.010571 -0.002026
v 0.001012 -0.010444 -0.001828
v 0.000816 -0.010345 -0.001600
v 0.000655 -0.010278 -0.001347
v 0.000530 -0.010247 -0.001078
v 0.000442 -0.010253 -0.000800
v 0.000394 -0.010296 -0.000522
v 0.000384 -0.010376 -0.000253
v 0.006463 -0.008438 0.000242
v 0.006491 -0.008619 0.000455
v 0.006507 -0.008840 0.000634
v 0.006511 -0.009096 0.000774
v 0.006500 -0.009379 0.000869
v 0.006473 -0.009681 0.000918
v 0.006427 -0.009994 0.000918
v 0.006361 -0.010310 0.000869
v 0.006274 -0.010621 0.000774
v 0.006163 -0.010918 0.000634
v 0.006028 -0.011195 0.000455
v 0.005868 -0.011444 0.000242
v 0.005683 -0.011660 -0.000000
v 0.005473 -0.011838 -0.000262
v 0.005240 -0.011974 -0.000537
v 0.004983 -0.012067 -0.000816
v 0.004707 -0.012116 -0.001090
v 0.004412 -0.012122 -0.001352
v 0.004102 -0.012087 -0.001594
v 0.003781 -0.012013 -0.001808
v 0.003452 -0.011905 -0.001987
v 0.003119 -0.011769 -0.002126
v 0.002787 -0.011611 -0.002222
v 0.002460 -0.011438 -0.002270
v 0.002144 -0.011256 -0.002270
v 0.001842 -0.011074 -0.002222
v 0.001559 -0.010898 -0.002126
v 0.001299 -0.010736 -0.001987
v 0.001066 -0.010593 -0.001808
v 0.000864 -0.010476 -0.001594
v 0.000695 -0.010389 -0.001352
v 0.000562 -0.010336 -0.001090
v 0.000466 -0.010319 -0.000816
v 0.000410 -0.010340 -0.000537
v 0.000392 -0.010398 -0.000262
v 0.006456 -0.008417 0.000253
v 0.006477 -0.008580 0.000481
v 0.006487 -0.008786 0.000678
v 0.006486 -0.009030 0.000838
v 0.006473 -0.009304 0.000956
v 0.006444 -0.009601 0.001028
v 0.006398 -0.009913 0.001053
v 0.006333 -0.010232 0.001028
v 0.006248 -0.010550 0.000956
v 0.006141 -0.010858 0.000838
v 0.006011 -0.011148 0.000678
v 0.005857 -0.011414 0.000481
v 0.005679 -0.011649 0.000253
v 0.005477 -0.011848 -0.000000
v 0.005252 -0.012007 -0.000269
v 0.005004 -0.012123 -0.000547
v 0.004735 -0.012195 -0.000825
v 0.004449 -0.012223 -0.001094
v 0.004146 -0.012207 -0.001347
v 0.003831 -0.012152 -0.001576
v 0.003508 -0.012059 -0.001773
v 0.003180 -0.011936 -0.001933
v 0.002851 -0.011787 -0.002051
v 0.002526 -0.011618 -0.002123
v 0.002210 -0.011438 -0.002147
v 0.001907 -0.011252 -0.002123
v 0.001621 -0.011069 -0.002051
v 0.001357 -0.010896 -0.001933
v 0.001119 -0.010740 -0.001773
v 0.000911 -0.010606 -0.001576
v 0.000735 -0.010500 -0.001347
v 0.000595 -0.010425 -0.001094
v 0.000491 -0.010386 -0.000825
v 0.000426 -0.010384 -0.000547
v 0.000400 -0.010419 -0.000269
v 0.006448 -0.008396 0.000262
v 0.006462 -0.008540 0.000504
v 0.006466 -0.008729 0.000717
v 0.006461 -0.008958 0.000897
v 0.006443 -0.009222 0.001036
v 0.006411 -0.009512 0.001131
v 0.006364 -0.009822 0.001180
v 0.006300 -0.010142 0.001180
v 0.006217 -0.010464 0.001131
v 0.006113 -0.010781 0.001036
v 0.005987 -0.011084 0.000897
v 0.005839 -0.011365 0.000717
v 0.005668 -0.011618 0.000504
v 0.005473 -0.011838 0.000262
v 0.005256 -0.012018 -0.000000
v 0.005016 -0.012157 -0.000275
v 0.004756 -0.012252 -0.000554
v 0.004477 -0.012301 -0.000828
v 0.004183 -0.012307 -0.001090
v 0.003875 -0.012271 -0.001332
v 0.003557 -0.012196 -0.001545
v 0.003234 -0.012086 -0.001725
v 0.002909 -0.011947 -0.001864
v 0.002587 -0.011786 -0.001960
v 0.002272 -0.011608 -0.002008
v 0.001968 -0.011422 -0.002008
v 0.001681 -0.011234 -0.001960
v 0.001414 -0.011052 -0.001864
v 0.001172 -0.010883 -0.001725
v 0.000958 -0.010734 -0.001545
v 0.000775 -0.010610 -0.001332
v 0.000627 -0.010515 -0.001090
v 0.000516 -0.010454 -0.000828
v 0.000442 -0.010429 -0.000554
v 0.000408 -0.010442 -0.000275
v 0.006440 -0.008374 0.000269
v 0.006447 -0.008498 0.000522
v 0.006444 -0.008669 0.000751
v 0.006433 -0.008883 0.000948
v 0.006411 -0.009134 0.001108
v 0.006376 -0.009416 0.001226
v 0.006327 -0.009720 0.001298
v 0.006263 -0.010039 0.001322
v 0.006180 -0.010365 0.001298
v 0.006079 -0.010688 0.001226
v 0.005957 -0.011002 0.001108
v 0.005814 -0.011297 0.000948
v 0.005649 -0.011567 0.000751
v 0.005461 -0.011805 0.000522
v 0.005252 -0.012007 0.000269
v 0.005020 -0.012168 -0.000000
v 0.004768 -0.012286 -0.000278
v 0.004498 -0.012358 -0.000556
v 0.004211 -0.012386 -0.000825
v 0.003911 -0.012370 -0.001078
v 0.003600 -0.012313 -0.001306
v 0.003282 -0.012218 -0.001504
v 0.002962 -0.012092 -0.001663
v 0.002643 -0.011939 -0.001781
v 0.002329 -0.011766 -0.001854
v 0.002026 -0.011581 -0.001878
v 0.001738 -0.011390 -0.001854
v 0.001468 -0.011202 -0.001781
v 0.001222 -0.011022 -0.001663
v 0.001003 -0.010859 -0.001504
v 0.000815 -0.010718 -0.001306
v 0.000660 -0.010604 -0.001078
v 0.000540 -0.010522 -0.000825
v 0.000459 -0.010475 -0.000556
v 0.000416 -0.010464 -0.000278
v 0.006432 -0.008352 0.000275
v 0.006431 -0.008454 0.000537
v 0.006422 -0.008606 0.000778
v 0.006404 -0.008803 0.000992
v 0.006377 -0.009040 0.001171
v 0.006338 -0.009311 0.001311
v 0.006287 -0.009609 0.001406
v 0.006221 -0.009925 0.001454
v 0.006139 -0.010252 0.001454
v 0.006040 -0.010580 0.001406
v 0.005921 -0.010902 0.001311
v 0.005783 -0.011210 0.001171
v 0.005623 -0.011495 0.000992
v 0.005442 -0.011752 0.000778
v 0.005240 -0.011974 0.000537
v 0.005016 -0.012157 0.000275
v 0.004773 -0.012297 -0.000000
v 0.004511 -0.012393 -0.000279
v 0.004232 -0.012442 -0.000554
v 0.003939 -0.012447 -0.000816
v 0.003635 -0.012410 -0.001057
v 0.003324 -0.012332 -0.001271
v 0.003008 -0.012220 -0.001450
v 0.002693 -0.012077 -0.001590
v 0.002382 -0.011912 -0.001685
v 0.002080 -0.011729 -0.001733
v 0.001791 -0.011538 -0.001733
v 0.001520 -0.011344 -0.001685
v 0.001271 -0.011156 -0.001590
v 0.001047 -0.010980 -0.001450
v 0.000853 -0.010823 -0.001271
v 0.000691 -0.010692 -0.001057
v 0.000565 -0.010589 -0.000816
v 0.000475 -0.010520 -0.000554
v 0.000425 -0.010487 -0.000279
v 0.006424 -0.008329 0.000278
v 0.006415 -0.008410 0.000547
v 0.006398 -0.008541 0.000800
v 0.006374 -0.008720 0.001028
v 0.006341 -0.008942 0.001226
v 0.006298 -0.009201 0.001386
v 0.006243 -0.009490 0.001504
v 0.006176 -0.009801 0.001576
v 0.006094 -0.010127 0.001600
v 0.005995 -0.010458 0.001576
v 0.005879 -0.010787 0.001504
v 0.005745 -0.011105 0.001386
v 0.005590 -0.011404 0.001226
v 0.005415 -0.011678 0.001028
v 0.005220 -0.011919 0.000800
v 0.005004 -0.012123 0.000547
v 0.004768 -0.012286 0.000278
v 0.004515 -0.012404 -0.000000
v 0.004244 -0.012476 -0.000278
v 0.003960 -0.012503 -0.000547
v 0.003663 -0.012486 -0.000800
v 0.003358 -0.012427 -0.001028
v 0.003048 -0.012329 -0.001226
v 0.002738 -0.012199 -0.001386
v 0.002430 -0.012042 -0.001504
v 0.002130 -0.011865 -0.001576
v 0.001841 -0.011674 -0.001600
v 0.001569 -0.011478 -0.001576
v 0.001317 -0.011283 -0.001504
v 0.001090 -0.011097 -0.001386
v 0.000890 -0.010926 -0.001226
v 0.000723 -0.010777 -0.001028
v 0.000589 -0.010656 -0.000800
v 0.000492 -0.010565 -0.000547
v 0.000433 -0.010510 -0.000278
v 0.006416 -0.008307 0.000279
v 0.006398 -0.008365 0.000554
v 0.006374 -0.008475 0.000816
v 0.006343 -0.008635 0.001057
v 0.006304 -0.008840 0.001271
v 0.006256 -0.009085 0.001450
v 0.006197 -0.009363 0.001590
v 0.006127 -0.009667 0.001685
v 0.006044 -0.009990 0.001733
v 0.005946 -0.010322 0.001733
v 0.005832 -0.010656 0.001685
v 0.005700 -0.010983 0.001590
v 0.005550 -0.011295 0.001450
v 0.005381 -0.011584 0.001271
v 0.005192 -0.011843 0.001057
v 0.004983 -0.012067 0.000816
v 0.004756 -0.012252 0.000554
v 0.004511 -0.012393 0.000279
v 0.004248 -0.012488 -0.000000
v 0.003972 -0.012537 -0.000275
v 0.003683 -0.012541 -0.000537
v 0.003385 -0.012501 -0.000778
v 0.003081 -0.012420 -0.000992
v 0.002776 -0.012304 -0.001171
v 0.002472 -0.012158 -0.001311
v 0.002174 -0.011987 -0.001406
v 0.001887 -0.011800 -0.001454
v 0.001614 -0.011602 -0.001454
v 0.001361 -0.011402 -0.001406
v 0.001130 -0.011207 -0.001311
v 0.000926 -0.011024 -0.001171
v 0.000753 -0.010860 -0.000992
v 0.000613 -0.010720 -0.000778
v 0.000508 -0.010610 -0.000537
v 0.000441 -0.010533 -0.000275
v 0.006407 -0.008284 0.000278
v 0.006382 -0.008319 0.000556
v 0.006349 -0.008408 0.000825
v 0.006311 -0.008547 0.001078
v 0.006265 -0.008734 0.001306
v 0.006212 -0.008963 0.001504
v 0.006149 -0.009229 0.001663
v 0.006075 -0.009525 0.001781
v 0.005990 -0.009843 0.001854
v 0.005892 -0.010174 0.001878
v 0.005779 -0.010511 0.001854
v 0.005650 -0.010845 0.001781
v 0.005504 -0.011167 0.001663
v 0.005339 -0.011470 0.001504
v 0.005157 -0.011746 0.001306
v 0.004955 -0.011990 0.001078
v 0.004735 -0.012195 0.000825
v 0.004498 -0.012358 0.000556
v 0.004244 -0.012476 0.000278
v 0.003976 -0.012548 -0.000000
v 0.003695 -0.012574 -0.000269
v 0.003405 -0.012554 -0.000522
v 0.003108 -0.012492 -0.000751
v 0.002807 -0.012391 -0.000948
v 0.002508 -0.012257 -0.001108
v 0.002213 -0.012095 -0.001226
v 0.001928 -0.011913 -0.001298
v 0.001656 -0.011716 -0.001322
v 0.001401 -0.011513 -0.001298
v 0.001168 -0.011311 -0.001226
v 0.000960 -0.011118 -0.001108
v 0.000782 -0.010940 -0.000948
v 0.000635 -0.010783 -0.000751
v 0.000524 -0.010653 -0.000522
v 0.000449 -0.010555 -0.000269
v 0.006399 -0.008261 0.000275
v 0.006365 -0.008274 0.000554
v 0.006325 -0.008340 0.000828
v 0.006278 -0.008458 0.001090
v 0.006226 -0.008626 0.001332
v 0.006166 -0.008838 0.001545
v 0.006098 -0.009090 0.001725
v 0.006021 -0.009375 0.001864
v 0.005933 -0.009686 0.001960
v 0.005834 -0.010015 0.002008
v 0.005721 -0.010352 0.002008
v 0.005594 -0.010691 0.001960
v 0.005451 -0.011022 0.001864
v 0.005291 -0.011337 0.001725
v 0.005114 -0.011629 0.001545
v 0.004919 -0.011891 0.001332
v 0.004707 -0.012116 0.001090
v 0.004477 -0.012301 0.000828
v 0.004232 -0.012442 0.000554
v 0.003972 -0.012537 0.000275
v 0.003699 -0.012585 -0.000000
v 0.003416 -0.012586 -0.000262
v 0.003126 -0.012543 -0.000504
v 0.002832 -0.012460 -0.000717
v 0.002538 -0.012339 -0.000897
v 0.002247 -0.012188 -0.001036
v 0.001964 -0.012012 -0.001131
v 0.001693 -0.011819 -0.001180
v 0.001438 -0.011615 -0.001180
v 0.001203 -0.011408 -0.001131
v 0.000992 -0.011206 -0.001036
v 0.000809 -0.011015 -0.000897
v 0.000657 -0.010843 -0.000717
v 0.000539 -0.010695 -0.000504
v 0.000457 -0.010577 -0.000262
v 0.006391 -0.008239 0.000269
v 0.006349 -0.008228 0.000547
v 0.006300 -0.008272 0.000825
v 0.006246 -0.008368 0.001094
v 0.006186 -0.008516 0.001347
v 0.006119 -0.008710 0.001576
v 0.006046 -0.008947 0.001773
v 0.005964 -0.009220 0.001933
v 0.005874 -0.009522 0.002051
v 0.005772 -0.009845 0.002123
v 0.005659 -0.010182 0.002147
v 0.005533 -0.010524 0.002123
v 0.005392 -0.010861 0.002051
v 0.005237 -0.011187 0.001933
v 0.005064 -0.011493 0.001773
v 0.004876 -0.011771 0.001576
v 0.004670 -0.012016 0.001347
v 0.004449 -0.012223 0.001094
v 0.004211 -0.012386 0.000825
v 0.003960 -0.012503 0.000547
v 0.003695 -0.012574 0.000269
v 0.003420 -0.012597 -0.000000
v 0.003138 -0.012574 -0.000253
v 0.002850 -0.012509 -0.000481
v 0.002561 -0.012404 -0.000678
v 0.002275 -0.012265 -0.000838
v 0.001995 -0.012098 -0.000956
v 0.001726 -0.011909 -0.001028
v 0.001471 -0.011706 -0.001053
v 0.001235 -0.011497 -0.001028
v 0.001022 -0.011287 -0.000956
v 0.000835 -0.011086 -0.000838
v 0.000678 -0.010900 -0.000678
v 0.000554 -0.010736 -0.000481
v 0.000465 -0.010598 -0.000253
v 0.006383 -0.008217 0.000262
v 0.006332 -0.008184 0.000537
v 0.006276 -0.008205 0.000816
v 0.006213 -0.008279 0.001090
v 0.006145 -0.008405 0.001352
v 0.006072 -0.008580 0.001594
v 0.005992 -0.008800 0.001808
v 0.005906 -0.009059 0.001987
v 0.005811 -0.009350 0.002126
v 0.005707 -0.009667 0.002222
v 0.005593 -0.010001 0.002270
v 0.005467 -0.010343 0.002270
v 0.005329 -0.010686 0.002222
v 0.005176 -0.011021 0.002126
v 0.005008 -0.011339 0.001987
v 0.004825 -0.011633 0.001808
v 0.004627 -0.011896 0.001594
v 0.004412 -0.012122 0.001352
v 0.004183 -0.012307 0.001090
v 0.003939 -0.012447 0.000816
v 0.003683 -0.012541 0.000537
v 0.003416 -0.012586 0.000262
v 0.003141 -0.012585 -0.000000
v 0.002861 -0.012538 -0.000242
v 0.002578 -0.012450 -0.000455
v 0.002297 -0.012325 -0.000634
v 0.002021 -0.012169 -0.000774
v 0.001754 -0.011987 -0.000869
v 0.001501 -0.011787 -0.000918
v 0.001264 -0.011576 -0.000918
v 0.001049 -0.011362 -0.000869
v 0.000859 -0.011153 -0.000774
v 0.000698 -0.010954 -0.000634
v 0.000568 -0.010774 -0.000455
v 0.000472 -0.010618 -0.000242
v 0.006375 -0.008196 0.000253
v 0.006317 -0.008140 0.000522
v 0.006251 -0.008138 0.000800
v 0.006181 -0.008190 0.001078
v 0.006105 -0.008294 0.001347
v 0.006024 -0.008449 0.001600
v 0.005938 -0.008651 0.001828
v 0.005846 -0.008894 0.002026
v 0.005747 -0.009173 0.002186
v 0.005640 -0.009481 0.002304
v 0.005524 -0.009810 0.002376
v 0.005398 -0.010152 0.002400
v 0.005260 -0.010498 0.002376
v 0.005110 -0.010839 0.002304
v 0.004946 -0.011167 0.002186
v 0.004768 -0.011475 0.002026
v 0.004575 -0.011755 0.001828
v 0.004368 -0.012001 0.001600
v 0.004146 -0.012207 0.001347
v 0.003911 -0.012370 0.001078
v 0.003663 -0.012486 0.000800
v 0.003405 -0.012554 0.000522
v 0.003138 -0.012574 0.000253
v 0.002865 -0.012548 -0.000000
v 0.002589 -0.012479 -0.000228
v 0.002313 -0.012369 -0.000426
v 0.002041 -0.012225 -0.000586
v 0.001778 -0.012052 -0.000704
v 0.001526 -0.011857 -0.000776
v 0.001290 -0.011647 -0.000800
v 0.001074 -0.011430 -0.000776
v 0.000881 -0.011213 -0.000704
v 0.000716 -0.011004 -0.000586
v 0.000581 -0.010810 -0.000426
v 0.000479 -0.010638 -0.000228
v 0.006368 -0.008176 0.000242
v 0.006301 -0.008098 0.000504
v 0.006228 -0.008074 0.000778
v 0.006149 -0.008102 0.001057
v 0.006065 -0.008184 0.001332
v 0.005977 -0.008318 0.001594
v 0.005883 -0.008500 0.001835
v 0.005785 -0.008727 0.002049
v 0.005681 -0.008992 0.002228
v 0.005570 -0.009290 0.002368
v 0.005452 -0.009612 0.002463
v 0.005324 -0.009950 0.002512
v 0.005187 -0.010297 0.002512
v 0.005039 -0.010643 0.002463
v 0.004878 -0.010981 0.002368
v 0.004705 -0.011301 0.002228
v 0.004517 -0.011596 0.002049
v 0.004317 -0.011860 0.001835
v 0.004102 -0.012087 0.001594
v 0.003875 -0.012271 0.001332
v 0.003635 -0.012410 0.001057
v 0.003385 -0.012501 0.000778
v 0.003126 -0.012543 0.000504
v 0.002861 -0.012538 0.000242
v 0.002592 -0.012488 -0.000000
v 0.002323 -0.012395 -0.000214
v 0.002056 -0.012265 -0.000393
v 0.001796 -0.012102 -0.000532
v 0.001547 -0.011914 -0.000628
v 0.001312 -0.011707 -0.000676
v 0.001095 -0.011489 -0.000676
v 0.000901 -0.011268 -0.000628
v 0.000733 -0.011050 -0.000532
v 0.000593 -0.010844 -0.000393
v 0.000486 -0.010656 -0.000214
v 0.006361 -0.008156 0.000228
v 0.006287 -0.008058 0.000481
v 0.006205 -0.008011 0.000751
v 0.006118 -0.008017 0.001028
v 0.006026 -0.008076 0.001306
v 0.005929 -0.008188 0.001576
v 0.005829 -0.008350 0.001828
v 0.005724 -0.008559 0.002057
v 0.005614 -0.008808 0.002254
v 0.005499 -0.009093 0.002414
v 0.005377 -0.009407 0.002532
v 0.005248 -0.009740 0.002604
v 0.005110 -0.010086 0.002628
v 0.004963 -0.010435 0.002604
v 0.004805 -0.010780 0.002532
v 0.004635 -0.011110 0.002414
v 0.004453 -0.011420 0.002254
v 0.004259 -0.011700 0.002057
v 0.004051 -0.011946 0.001828
v 0.003831 -0.012152 0.001576
v 0.003600 -0.012313 0.001306
v 0.003358 -0.012427 0.001028
v 0.003108 -0.012492 0.000751
v 0.002850 -0.012509 0.000481
v 0.002589 -0.012479 0.000228
v 0.002326 -0.012404 -0.000000
v 0.002065 -0.012289 -0.000197
v 0.001810 -0.012139 -0.000357
v 0.001563 -0.011959 -0.000475
v 0.001330 -0.011758 -0.000547
v 0.001114 -0.011541 -0.000572
v 0.000919 -0.011316 -0.000547
v 0.000748 -0.011092 -0.000475
v 0.000604 -0.010875 -0.000357
v 0.000492 -0.010673 -0.000197
v 0.006354 -0.008138 0.000214
v 0.006273 -0.008020 0.000455
v 0.006183 -0.007951 0.000717
v 0.006088 -0.007934 0.000992
v 0.005987 -0.007970 0.001271
v 0.005883 -0.008060 0.001545
v 0.005774 -0.008201 0.001808
v 0.005662 -0.008390 0.002049
v 0.005546 -0.008623 0.002263
v 0.005426 -0.008894 0.002442
v 0.005301 -0.009197 0.002581
v 0.005169 -0.009524 0.002677
v 0.005030 -0.009866 0.002725
v 0.004883 -0.010217 0.002725
v 0.004727 -0.010566 0.002677
v 0.004561 -0.010905 0.002581
v 0.004383 -0.011227 0.002442
v 0.004194 -0.011523 0.002263
v 0.003993 -0.011787 0.002049
v 0.003781 -0.012013 0.001808
v 0.003557 -0.012196 0.001545
v 0.003324 -0.012332 0.001271
v 0.003081 -0.012420 0.000992
v 0.002832 -0.012460 0.000717
v 0.002578 -0.012450 0.000455
v 0.002323 -0.012395 0.000214
v 0.002068 -0.012297 -0.000000
v 0.001818 -0.012161 -0.000179
v 0.001575 -0.011992 -0.000319
v 0.001345 -0.011797 -0.000414
v 0.001130 -0.011583 -0.000463
v 0.000934 -0.011357 -0.000463
v 0.000761 -0.011128 -0.000414
v 0.000615 -0.010902 -0.000319
v 0.000498 -0.010688 -0.000179
v 0.006348 -0.008121 0.000197
v 0.006259 -0.007983 0.000426
v 0.006162 -0.007893 0.000678
v 0.006059 -0.007854 0.000948
v 0.005950 -0.007868 0.001226
v 0.005837 -0.007935 0.001504
v 0.005721 -0.008054 0.001773
v 0.005602 -0.008223 0.002026
v 0.005479 -0.008438 0.002254
v 0.005353 -0.008693 0.002451
v 0.005223 -0.008984 0.002611
v 0.005088 -0.009302 0.002729
v 0.004948 -0.009640 0.002801
v 0.004800 -0.009989 0.002826
v 0.004645 -0.010341 0.002801
v 0.004481 -0.010688 0.002729
v 0.004308 -0.011020 0.002611
v 0.004124 -0.011330 0.002451
v 0.003929 -0.011611 0.002254
v 0.003724 -0.011855 0.002026
v 0.003508 -0.012059 0.001773
v 0.003282 -0.012218 0.001504
v 0.003048 -0.012329 0.001226
v 0.002807 -0.012391 0.000948
v 0.002561 -0.012404 0.000678
v 0.002313 -0.012369 0.000426
v 0.002065 -0.012289 0.000197
v 0.001820 -0.012168 -0.000000
v 0.001582 -0.012012 -0.000160
v 0.001355 -0.011825 -0.000278
v 0.001142 -0.011616 -0.000350
v 0.000946 -0.011392 -0.000374
v 0.000772 -0.011159 -0.000350
v 0.000623 -0.010927 -0.000278
v 0.000503 -0.010702 -0.000160
v 0.006343 -0.008106 0.000179
v 0.006247 -0.007950 0.000393
v 0.006143 -0.007839 0.000634
v 0.006031 -0.007779 0.000897
v 0.005914 -0.007770 0.001171
v 0.005793 -0.007814 0.001450
v 0.005669 -0.007910 0.001725
v 0.005542 -0.008058 0.001987
v 0.005412 -0.008254 0.002228
v 0.005280 -0.008493 0.002442
v 0.005145 -0.008769 0.002621
v 0.005006 -0.009077 0.002761
v 0.004863 -0.009408 0.002856
v 0.004715 -0.009754 0.002905
v 0.004560 -0.010107 0.002905
v 0.004398 -0.010458 0.002856
v 0.004227 -0.010799 0.002761
v 0.004048 -0.011122 0.002621
v 0.003859 -0.011418 0.002442
v 0.003660 -0.011681 0.002228
v 0.003452 -0.011905 0.001987
v 0.003234 -0.012086 0.001725
v 0.003008 -0.012220 0.001450
v 0.002776 -0.012304 0.001171
v 0.002538 -0.012339 0.000897
v 0.002297 -0.012325 0.000634
v 0.002056 -0.012265 0.000393
v 0.001818 -0.012161 0.000179
v 0.001585 -0.012018 -0.000000
v 0.001361 -0.011843 -0.000139
v 0.001150 -0.011640 -0.000235
v 0.000956 -0.011419 -0.000283
v 0.000782 -0.011185 -0.000283
v 0.000631 -0.010948 -0.000235
v 0.000507 -0.010714 -0.000139
v 0.006338 -0.008092 0.000160
v 0.006236 -0.007919 0.000357
v 0.006124 -0.007789 0.000586
v 0.006005 -0.007707 0.000838
v 0.005880 -0.007676 0.001108
v 0.005751 -0.007697 0.001386
v 0.005618 -0.007771 0.001663
v 0.005483 -0.007897 0.001933
v 0.005346 -0.008073 0.002186
v 0.005207 -0.008293 0.002414
v 0.005067 -0.008554 0.002611
v 0.004924 -0.008850 0.002771
v 0.004777 -0.009172 0.002889
v 0.004627 -0.009513 0.002961
v 0.004472 -0.009865 0.002986
v 0.004311 -0.010220 0.002961
v 0.004143 -0.010568 0.002889
v 0.003967 -0.010900 0.002771
v 0.003783 -0.011211 0.002611
v 0.003591 -0.011490 0.002414
v 0.003389 -0.011734 0.002186
v 0.003180 -0.011936 0.001933
v 0.002962 -0.012092 0.001663
v 0.002738 -0.012199 0.001386
v 0.002508 -0.012257 0.001108
v 0.002275 -0.012265 0.000838
v 0.002041 -0.012225 0.000586
v 0.001810 -0.012139 0.000357
v 0.001582 -0.012012 0.000160
v 0.001363 -0.011848 -0.000000
v 0.001156 -0.011655 -0.000118
v 0.000963 -0.011438 -0.000190
v 0.000789 -0.011206 -0.000214
v 0.000637 -0.010965 -0.000190
v 0.000511 -0.010725 -0.000118
v 0.006333 -0.008080 0.000139
v 0.006226 -0.007891 0.000319
v 0.006108 -0.007744 0.000532
v 0.005981 -0.007641 0.000774
v 0.005848 -0.007588 0.001036
v 0.005710 -0.007587 0.001311
v 0.005570 -0.007638 0.001590
v 0.005426 -0.007742 0.001864
v 0.005282 -0.007896 0.002126
v 0.005136 -0.008097 0.002368
v 0.004989 -0.008341 0.002581
v 0.004841 -0.008623 0.002761
v 0.004691 -0.008934 0.002900
v 0.004538 -0.009269 0.002996
v 0.004382 -0.009618 0.003044
v 0.004221 -0.009973 0.003044
v 0.004055 -0.010326 0.002996
v 0.003883 -0.010668 0.002900
v 0.003703 -0.010990 0.002761
v 0.003516 -0.011286 0.002581
v 0.003321 -0.011547 0.002368
v 0.003119 -0.011769 0.002126
v 0.002909 -0.011947 0.001864
v 0.002693 -0.012077 0.001590
v 0.002472 -0.012158 0.001311
v 0.002247 -0.012188 0.001036
v 0.002021 -0.012169 0.000774
v 0.001796 -0.012102 0.000532
v 0.001575 -0.011992 0.000319
v 0.001361 -0.011843 0.000139
v 0.001157 -0.011660 -0.000000
v 0.000967 -0.011450 -0.000095
v 0.000795 -0.011221 -0.000144
v 0.000642 -0.010979 -0.000144
v 0.000514 -0.010733 -0.000095
v 0.006329 -0.008069 0.000118
v 0.006217 -0.007867 0.000278
v 0.006093 -0.007702 0.000475
v 0.005959 -0.007581 0.000704
v 0.005818 -0.007506 0.000956
v 0.005673 -0.007483 0.001226
v 0.005523 -0.007511 0.001504
v 0.005372 -0.007592 0.001781
v 0.005219 -0.007724 0.002051
v 0.005066 -0.007906 0.002304
v 0.004913 -0.008132 0.002532
v 0.004759 -0.008397 0.002729
v 0.004605 -0.008697 0.002889
v 0.004449 -0.009023 0.003007
v 0.004291 -0.009367 0.003079
v 0.004130 -0.009721 0.003104
v 0.003964 -0.010077 0.003079
v 0.003795 -0.010425 0.003007
v 0.003619 -0.010758 0.002889
v 0.003437 -0.011068 0.002729
v 0.003248 -0.011346 0.002532
v 0.003053 -0.011588 0.002304
v 0.002851 -0.011787 0.002051
v 0.002643 -0.011939 0.001781
v 0.002430 -0.012042 0.001504
v 0.002213 -0.012095 0.001226
v 0.001995 -0.012098 0.000956
v 0.001778 -0.012052 0.000704
v 0.001563 -0.011959 0.000475
v 0.001355 -0.011825 0.000278
v 0.001156 -0.011655 0.000118
v 0.000969 -0.011454 -0.000000
v 0.000798 -0.011229 -0.000072
v 0.000646 -0.010989 -0.000096
v 0.000517 -0.010740 -0.000072
v 0.000799 -0.011232 -0.000000
v 0.000648 -0.010995 -0.000048
v 0.000519 -0.010745 -0.000048
v 0.006068 -0.007634 0.000350
v 0.006079 -0.007666 0.000414
v 0.005922 -0.007478 0.000547
v 0.005939 -0.007526 0.000628
v 0.005767 -0.007364 0.000776
v 0.005791 -0.007432 0.000869
v 0.005605 -0.007297 0.001028
v 0.005637 -0.007386 0.001131
v 0.005440 -0.007281 0.001298
v 0.005480 -0.007392 0.001406
v 0.005272 -0.007316 0.001576
v 0.005320 -0.007450 0.001685
v 0.005103 -0.007403 0.001854
v 0.005160 -0.007560 0.001960
v 0.004934 -0.007542 0.002123
v 0.004999 -0.007720 0.002222
v 0.004766 -0.007728 0.002376
v 0.004838 -0.007927 0.002463
v 0.004600 -0.007959 0.002604
v 0.004678 -0.008176 0.002677
v 0.004434 -0.008229 0.002801
v 0.004519 -0.008461 0.002856
v 0.004270 -0.008532 0.002961
v 0.004359 -0.008776 0.002996
v 0.004106 -0.008861 0.003079
v 0.004198 -0.009114 0.003091
v 0.003942 -0.009207 0.003151
v 0.004036 -0.009465 0.003139
v 0.003777 -0.009563 0.003176
v 0.003872 -0.009822 0.003139
v 0.003610 -0.009919 0.003151
v 0.003703 -0.010175 0.003091
v 0.003440 -0.010268 0.003079
v 0.003531 -0.010517 0.002996
v 0.003267 -0.010600 0.002961
v 0.003354 -0.010838 0.002856
v 0.003089 -0.010908 0.002801
v 0.003171 -0.011132 0.002677
v 0.002906 -0.011184 0.002604
v 0.002982 -0.011392 0.002463
v 0.002718 -0.011423 0.002376
v 0.002787 -0.011611 0.002222
v 0.002526 -0.011618 0.002123
v 0.002587 -0.011786 0.001960
v 0.002329 -0.011766 0.001854
v 0.002382 -0.011912 0.001685
v 0.002130 -0.011865 0.001576
v 0.002174 -0.011987 0.001406
v 0.001928 -0.011913 0.001298
v 0.001964 -0.012012 0.001131
v 0.001726 -0.011909 0.001028
v 0.001754 -0.011987 0.000869
v 0.001526 -0.011857 0.000776
v 0.001547 -0.011914 0.000628
v 0.001330 -0.011758 0.000547
v 0.001345 -0.011797 0.000414
v 0.001142 -0.011616 0.000350
v 0.001150 -0.011640 0.000235
v 0.000963 -0.011438 0.000190
v 0.000967 -0.011450 0.000095
v 0.000798 -0.011229 0.000072
v 0.000649 -0.010997 -0.000000
v 0.000520 -0.010748 -0.000024
# 2522 vertices, 0 vertices normals

f 1 2 3
f 4 5 6
f 6 5 7
f 8 7 5
f 9 10 11
f 8 5 12
f 5 4 12
f 12 4 13
f 14 7 8
f 14 8 15
f 8 12 15
f 15 12 16
f 12 13 16
f 16 13 17
f 18 7 14
f 18 14 19
f 14 15 19
f 19 15 20
f 15 16 20
f 20 16 21
f 16 17 21
f 21 17 22
f 23 7 18
f 23 18 24
f 18 19 24
f 24 19 25
f 19 20 25
f 25 20 26
f 20 21 26
f 26 21 27
f 21 22 27
f 27 22 28
f 29 7 23
f 29 23 30
f 23 24 30
f 30 24 31
f 24 25 31
f 31 25 32
f 25 26 32
f 32 26 33
f 26 27 33
f 33 27 34
f 27 28 34
f 34 28 35
f 36 7 29
f 37 38 39
f 36 29 40
f 29 30 40
f 40 30 41
f 30 31 41
f 41 31 42
f 31 32 42
f 42 32 43
f 32 33 43
f 43 33 44
f 33 34 44
f 44 34 45
f 34 35 45
f 45 35 46
f 47 7 36
f 39 48 49
f 47 36 50
f 36 40 50
f 50 40 51
f 40 41 51
f 51 41 52
f 41 42 52
f 52 42 53
f 42 43 53
f 53 43 54
f 43 44 54
f 54 44 55
f 44 45 55
f 55 45 56
f 45 46 56
f 56 46 57
f 58 7 47
f 49 59 60
f 58 47 61
f 47 50 61
f 61 50 62
f 50 51 62
f 62 51 63
f 51 52 63
f 63 52 64
f 52 53 64
f 64 53 65
f 53 54 65
f 65 54 66
f 54 55 66
f 66 55 67
f 55 56 67
f 67 56 68
f 56 57 68
f 68 57 69
f 70 7 58
f 60 71 72
f 70 58 73
f 58 61 73
f 73 61 74
f 61 62 74
f 74 62 75
f 62 63 75
f 75 63 76
f 63 64 76
f 76 64 77
f 64 65 77
f 77 65 78
f 65 66 78
f 78 66 79
f 66 67 79
f 79 67 80
f 67 68 80
f 80 68 81
f 68 69 81
f 81 69 82
f 83 7 70
f 72 84 85
f 83 70 86
f 70 73 86
f 86 73 87
f 73 74 87
f 87 74 88
f 74 75 88
f 88 75 89
f 75 76 89
f 89 76 90
f 76 77 90
f 90 77 91
f 77 78 91
f 91 78 92
f 78 79 92
f 92 79 93
f 79 80 93
f 93 80 94
f 80 81 94
f 94 81 95
f 81 82 95
f 95 82 96
f 97 7 83
f 85 98 99
f 97 83 100
f 83 86 100
f 100 86 101
f 86 87 101
f 101 87 102
f 87 88 102
f 102 88 103
f 88 89 103
f 103 89 104
f 89 90 104
f 104 90 105
f 90 91 105
f 105 91 106
f 91 92 106
f 106 92 107
f 92 93 107
f 107 93 108
f 93 94 108
f 108 94 109
f 94 95 109
f 109 95 110
f 95 96 110
f 110 96 111
f 112 7 97
f 99 113 114
f 112 97 115
f 97 100 115
f 115 100 116
f 100 101 116
f 116 101 117
f 101 102 117
f 117 102 118
f 102 103 118
f 118 103 119
f 103 104 119
f 119 104 120
f 104 105 120
f 120 105 121
f 105 106 121
f 121 106 122
f 106 107 122
f 122 107 123
f 107 108 123
f 123 108 124
f 108 109 124
f 124 109 125
f 109 110 125
f 125 110 126
f 110 111 126
f 126 111 127
f 128 7 112
f 114 129 130
f 128 112 131
f 112 115 131
f 131 115 132
f 115 116 132
f 132 116 133
f 116 117 133
f 133 117 134
f 117 118 134
f 134 118 135
f 118 119 135
f 135 119 136
f 119 120 136
f 136 120 137
f 120 121 137
f 137 121 138
f 121 122 138
f 138 122 139
f 122 123 139
f 139 123 140
f 123 124 140
f 140 124 141
f 124 125 141
f 141 125 142
f 125 126 142
f 142 126 143
f 126 127 143
f 143 127 144
f 145 7 128
f 130 146 147
f 145 128 148
f 128 131 148
f 148 131 149
f 131 132 149
f 149 132 150
f 132 133 150
f 150 133 151
f 133 134 151
f 151 134 152
f 134 135 152
f 152 135 153
f 135 136 153
f 153 136 154
f 136 137 154
f 154 137 155
f 137 138 155
f 155 138 156
f 138 139 156
f 156 139 157
f 139 140 157
f 157 140 158
f 140 141 158
f 158 141 159
f 141 142 159
f 159 142 160
f 142 143 160
f 160 143 161
f 143 144 161
f 161 144 162
f 163 7 145
f 147 164 165
f 163 145 166
f 145 148 166
f 166 148 167
f 148 149 167
f 167 149 168
f 149 150 168
f 168 150 169
f 150 151 169
f 169 151 170
f 151 152 170
f 170 152 171
f 152 153 171
f 171 153 172
f 153 154 172
f 172 154 173
f 154 155 173
f 173 155 174
f 155 156 174
f 174 156 175
f 156 157 175
f 175 157 176
f 157 158 176
f 176 158 177
f 158 159 177
f 177 159 178
f 159 160 178
f 178 160 179
f 160 161 179
f 179 161 180
f 161 162 180
f 180 162 181
f 182 7 163
f 165 183 184
f 182 163 185
f 163 166 185
f 185 166 186
f 166 167 186
f 186 167 187
f 167 168 187
f 187 168 188
f 168 169 188
f 188 169 189
f 169 170 189
f 189 170 190
f 170 171 190
f 190 171 191
f 171 172 191
f 191 172 192
f 172 173 192
f 192 173 193
f 173 174 193
f 193 174 194
f 174 175 194
f 194 175 195
f 175 176 195
f 195 176 196
f 176 177 196
f 196 177 197
f 177 178 197
f 197 178 198
f 178 179 198
f 198 179 199
f 179 180 199
f 199 180 200
f 180 181 200
f 200 181 201
f 202 7 182
f 184 203 204
f 202 182 205
f 182 185 205
f 205 185 206
f 185 186 206
f 206 186 207
f 186 187 207
f 207 187 208
f 187 188 208
f 208 188 209
f 188 189 209
f 209 189 210
f 189 190 210
f 210 190 211
f 190 191 211
f 211 191 212
f 191 192 212
f 212 192 213
f 192 193 213
f 213 193 214
f 193 194 214
f 214 194 215
f 194 195 215
f 215 195 216
f 195 196 216
f 216 196 217
f 196 197 217
f 217 197 218
f 197 198 218
f 218 198 219
f 198 199 219
f 219 199 220
f 199 200 220
f 220 200 221
f 200 201 221
f 221 201 222
f 223 7 202
f 204 224 225
f 223 202 226
f 202 205 226
f 226 205 227
f 205 206 227
f 227 206 228
f 206 207 228
f 228 207 229
f 207 208 229
f 229 208 230
f 208 209 230
f 230 209 231
f 209 210 231
f 231 210 232
f 210 211 232
f 232 211 233
f 211 212 233
f 233 212 234
f 212 213 234
f 234 213 235
f 213 214 235
f 235 214 236
f 214 215 236
f 236 215 237
f 215 216 237
f 237 216 238
f 216 217 238
f 238 217 239
f 217 218 239
f 239 218 240
f 218 219 240
f 240 219 241
f 219 220 241
f 241 220 242
f 220 221 242
f 242 221 243
f 221 222 243
f 243 222 244
f 245 7 223
f 225 246 247
f 245 223 248
f 223 226 248
f 248 226 249
f 226 227 249
f 249 227 250
f 227 228 250
f 250 228 251
f 228 229 251
f 251 229 252
f 229 230 252
f 252 230 253
f 230 231 253
f 253 231 254
f 231 232 254
f 254 232 255
f 232 233 255
f 255 233 256
f 233 234 256
f 256 234 257
f 234 235 257
f 257 235 258
f 235 236 258
f 258 236 259
f 236 237 259
f 259 237 260
f 237 238 260
f 260 238 261
f 238 239 261
f 261 239 262
f 239 240 262
f 262 240 263
f 240 241 263
f 263 241 264
f 241 242 264
f 264 242 265
f 242 243 265
f 265 243 266
f 243 244 266
f 266 244 267
f 268 7 245
f 247 269 270
f 268 245 271
f 245 248 271
f 271 248 272
f 248 249 272
f 272 249 273
f 249 250 273
f 273 250 274
f 250 251 274
f 274 251 275
f 251 252 275
f 275 252 276
f 252 253 276
f 276 253 277
f 253 254 277
f 277 254 278
f 254 255 278
f 278 255 279
f 255 256 279
f 279 256 280
f 256 257 280
f 280 257 281
f 257 258 281
f 281 258 282
f 258 259 282
f 282 259 283
f 259 260 283
f 283 260 284
f 260 261 284
f 284 261 285
f 261 262 285
f 285 262 286
f 262 263 286
f 286 263 287
f 263 264 287
f 287 264 288
f 264 265 288
f 288 265 289
f 265 266 289
f 289 266 290
f 266 267 290
f 290 267 291
f 292 7 268
f 270 293 294
f 292 268 295
f 268 271 295
f 295 271 296
f 271 272 296
f 296 272 297
f 272 273 297
f 297 273 298
f 273 274 298
f 298 274 299
f 274 275 299
f 299 275 300
f 275 276 300
f 300 276 301
f 276 277 301
f 301 277 302
f 277 278 302
f 302 278 303
f 278 279 303
f 303 279 304
f 279 280 304
f 304 280 305
f 280 281 305
f 305 281 306
f 281 282 306
f 306 282 307
f 282 283 307
f 307 283 308
f 283 284 308
f 308 284 309
f 284 285 309
f 309 285 310
f 285 286 310
f 310 286 311
f 286 287 311
f 311 287 312
f 287 288 312
f 312 288 313
f 288 289 313
f 313 289 314
f 289 290 314
f 314 290 315
f 290 291 315
f 315 291 316
f 317 7 292
f 294 318 319
f 317 292 320
f 292 295 320
f 320 295 321
f 295 296 321
f 321 296 322
f 296 297 322
f 322 297 323
f 297 298 323
f 323 298 324
f 298 299 324
f 324 299 325
f 299 300 325
f 325 300 326
f 300 301 326
f 326 301 327
f 301 302 327
f 327 302 328
f 302 303 328
f 328 303 329
f 303 304 329
f 329 304 330
f 304 305 330
f 330 305 331
f 305 306 331
f 331 306 332
f 306 307 332
f 332 307 333
f 307 308 333
f 333 308 334
f 308 309 334
f 334 309 335
f 309 310 335
f 335 310 336
f 310 311 336
f 336 311 337
f 311 312 337
f 337 312 338
f 312 313 338
f 338 313 339
f 313 314 339
f 339 314 340
f 314 315 340
f 340 315 341
f 315 316 341
f 341 316 342
f 343 7 317
f 319 344 345
f 343 317 346
f 317 320 346
f 346 320 347
f 320 321 347
f 347 321 348
f 321 322 348
f 348 322 349
f 322 323 349
f 349 323 350
f 323 324 350
f 350 324 351
f 324 325 351
f 351 325 352
f 325 326 352
f 352 326 353
f 326 327 353
f 353 327 354
f 327 328 354
f 354 328 355
f 328 329 355
f 355 329 356
f 329 330 356
f 356 330 357
f 330 331 357
f 357 331 358
f 331 332 358
f 358 332 359
f 332 333 359
f 359 333 360
f 333 334 360
f 360 334 361
f 334 335 361
f 361 335 362
f 335 336 362
f 362 336 363
f 336 337 363
f 363 337 364
f 337 338 364
f 364 338 365
f 338 339 365
f 365 339 366
f 339 340 366
f 366 340 367
f 340 341 367
f 367 341 368
f 341 342 368
f 368 342 369
f 370 7 343
f 345 371 372
f 370 343 373
f 343 346 373
f 373 346 374
f 346 347 374
f 374 347 375
f 347 348 375
f 375 348 376
f 348 349 376
f 376 349 377
f 349 350 377
f 377 350 378
f 350 351 378
f 378 351 379
f 351 352 379
f 379 352 380
f 352 353 380
f 380 353 381
f 353 354 381
f 381 354 382
f 354 355 382
f 382 355 383
f 355 356 383
f 383 356 384
f 356 357 384
f 384 357 385
f 357 358 385
f 385 358 386
f 358 359 386
f 386 359 387
f 359 360 387
f 387 360 388
f 360 361 388
f 388 361 389
f 361 362 389
f 389 362 390
f 362 363 390
f 390 363 391
f 363 364 391
f 391 364 392
f 364 365 392
f 392 365 393
f 365 366 393
f 393 366 394
f 366 367 394
f 394 367 395
f 367 368 395
f 395 368 396
f 368 369 396
f 396 369 397
f 398 7 370
f 372 399 400
f 398 370 401
f 370 373 401
f 401 373 402
f 373 374 402
f 402 374 403
f 374 375 403
f 403 375 404
f 375 376 404
f 404 376 405
f 376 377 405
f 405 377 406
f 377 378 406
f 406 378 407
f 378 379 407
f 407 379 408
f 379 380 408
f 408 380 409
f 380 381 409
f 409 381 410
f 381 382 410
f 410 382 411
f 382 383 411
f 411 383 412
f 383 384 412
f 412 384 413
f 384 385 413
f 413 385 414
f 385 386 414
f 414 386 415
f 386 387 415
f 415 387 416
f 387 388 416
f 416 388 417
f 388 389 417
f 417 389 418
f 389 390 418
f 418 390 419
f 390 391 419
f 419 391 420
f 391 392 420
f 420 392 421
f 392 393 421
f 421 393 422
f 393 394 422
f 422 394 423
f 394 395 423
f 423 395 424
f 395 396 424
f 424 396 425
f 396 397 425
f 425 397 426
f 427 7 398
f 400 428 429
f 427 398 430
f 398 401 430
f 430 401 431
f 401 402 431
f 431 402 432
f 402 403 432
f 432 403 433
f 403 404 433
f 433 404 434
f 404 405 434
f 434 405 435
f 405 406 435
f 435 406 436
f 406 407 436
f 436 407 437
f 407 408 437
f 437 408 438
f 408 409 438
f 438 409 439
f 409 410 439
f 439 410 440
f 410 411 440
f 440 411 441
f 411 412 441
f 441 412 442
f 412 413 442
f 442 413 443
f 413 414 443
f 443 414 444
f 414 415 444
f 444 415 445
f 415 416 445
f 445 416 446
f 416 417 446
f 446 417 447
f 417 418 447
f 447 418 448
f 418 419 448
f 448 419 449
f 419 420 449
f 449 420 450
f 420 421 450
f 450 421 451
f 421 422 451
f 451 422 452
f 422 423 452
f 452 423 453
f 423 424 453
f 453 424 454
f 424 425 454
f 454 425 455
f 425 426 455
f 455 426 456
f 457 7 427
f 429 458 459
f 457 427 460
f 427 430 460
f 460 430 461
f 430 431 461
f 461 431 462
f 431 432 462
f 462 432 463
f 432 433 463
f 463 433 464
f 433 434 464
f 464 434 465
f 434 435 465
f 465 435 466
f 435 436 466
f 466 436 467
f 436 437 467
f 467 437 468
f 437 438 468
f 468 438 469
f 438 439 469
f 469 439 470
f 439 440 470
f 470 440 471
f 440 441 471
f 471 441 472
f 441 442 472
f 472 442 473
f 442 443 473
f 473 443 474
f 443 444 474
f 474 444 475
f 444 445 475
f 475 445 476
f 445 446 476
f 476 446 477
f 446 447 477
f 477 447 478
f 447 448 478
f 478 448 479
f 448 449 479
f 479 449 480
f 449 450 480
f 480 450 481
f 450 451 481
f 481 451 482
f 451 452 482
f 482 452 483
f 452 453 483
f 483 453 484
f 453 454 484
f 484 454 485
f 454 455 485
f 485 455 486
f 455 456 486
f 486 456 487
f 488 7 457
f 459 489 490
f 488 457 491
f 457 460 491
f 491 460 492
f 460 461 492
f 492 461 493
f 461 462 493
f 493 462 494
f 462 463 494
f 494 463 495
f 463 464 495
f 495 464 496
f 464 465 496
f 496 465 497
f 465 466 497
f 497 466 498
f 466 467 498
f 498 467 499
f 467 468 499
f 499 468 500
f 468 469 500
f 500 469 501
f 469 470 501
f 501 470 502
f 470 471 502
f 502 471 503
f 471 472 503
f 503 472 504
f 472 473 504
f 504 473 505
f 473 474 505
f 505 474 506
f 474 475 506
f 506 475 507
f 475 476 507
f 507 476 508
f 476 477 508
f 508 477 509
f 477 478 509
f 509 478 510
f 478 479 510
f 510 479 511
f 479 480 511
f 511 480 512
f 480 481 512
f 512 481 513
f 481 482 513
f 513 482 514
f 482 483 514
f 514 483 515
f 483 484 515
f 515 484 516
f 484 485 516
f 516 485 517
f 485 486 517
f 517 486 518
f 486 487 518
f 518 487 519
f 520 7 488
f 490 521 522
f 520 488 523
f 488 491 523
f 523 491 524
f 491 492 524
f 524 492 525
f 492 493 525
f 525 493 526
f 493 494 526
f 526 494 527
f 494 495 527
f 527 495 528
f 495 496 528
f 528 496 529
f 496 497 529
f 529 497 530
f 497 498 530
f 530 498 531
f 498 499 531
f 531 499 532
f 499 500 532
f 532 500 533
f 500 501 533
f 533 501 534
f 501 502 534
f 534 502 535
f 502 503 535
f 535 503 536
f 503 504 536
f 536 504 537
f 504 505 537
f 537 505 538
f 505 506 538
f 538 506 539
f 506 507 539
f 539 507 540
f 507 508 540
f 540 508 541
f 508 509 541
f 541 509 542
f 509 510 542
f 542 510 543
f 510 511 543
f 543 511 544
f 511 512 544
f 544 512 545
f 512 513 545
f 545 513 546
f 513 514 546
f 546 514 547
f 514 515 547
f 547 515 548
f 515 516 548
f 548 516 549
f 516 517 549
f 549 517 550
f 517 518 550
f 550 518 551
f 518 519 551
f 551 519 552
f 553 7 520
f 522 554 555
f 553 520 556
f 520 523 556
f 556 523 557
f 523 524 557
f 557 524 558
f 524 525 558
f 558 525 559
f 525 526 559
f 559 526 560
f 526 527 560
f 560 527 561
f 527 528 561
f 561 528 562
f 528 529 562
f 562 529 563
f 529 530 563
f 563 530 564
f 530 531 564
f 564 531 565
f 531 532 565
f 565 532 566
f 532 533 566
f 566 533 567
f 533 534 567
f 567 534 568
f 534 535 568
f 568 535 569
f 535 536 569
f 569 536 570
f 536 537 570
f 570 537 571
f 537 538 571
f 571 538 572
f 538 539 572
f 572 539 573
f 539 540 573
f 573 540 574
f 540 541 574
f 574 541 575
f 541 542 575
f 575 542 576
f 542 543 576
f 576 543 577
f 543 544 577
f 577 544 578
f 544 545 578
f 578 545 579
f 545 546 579
f 579 546 580
f 546 547 580
f 580 547 581
f 547 548 581
f 581 548 582
f 548 549 582
f 582 549 583
f 549 550 583
f 583 550 584
f 550 551 584
f 584 551 585
f 551 552 585
f 585 552 586
f 587 7 553
f 555 588 589
f 587 553 590
f 553 556 590
f 590 556 591
f 556 557 591
f 591 557 592
f 557 558 592
f 592 558 593
f 558 559 593
f 593 559 594
f 559 560 594
f 594 560 595
f 560 561 595
f 595 561 596
f 561 562 596
f 596 562 597
f 562 563 597
f 597 563 598
f 563 564 598
f 598 564 599
f 564 565 599
f 599 565 600
f 565 566 600
f 600 566 601
f 566 567 601
f 601 567 602
f 567 568 602
f 602 568 603
f 568 569 603
f 603 569 604
f 569 570 604
f 604 570 605
f 570 571 605
f 605 571 606
f 571 572 606
f 606 572 607
f 572 573 607
f 607 573 608
f 573 574 608
f 608 574 609
f 574 575 609
f 609 575 610
f 575 576 610
f 610 576 611
f 576 577 611
f 611 577 612
f 577 578 612
f 612 578 613
f 578 579 613
f 613 579 614
f 579 580 614
f 614 580 615
f 580 581 615
f 615 581 616
f 581 582 616
f 616 582 617
f 582 583 617
f 617 583 618
f 583 584 618
f 618 584 619
f 584 585 619
f 619 585 620
f 585 586 620
f 620 586 621
f 622 7 587
f 589 623 624
f 622 587 625
f 587 590 625
f 625 590 626
f 590 591 626
f 626 591 627
f 591 592 627
f 627 592 628
f 592 593 628
f 628 593 629
f 593 594 629
f 629 594 630
f 594 595 630
f 630 595 631
f 595 596 631
f 631 596 632
f 596 597 632
f 632 597 633
f 597 598 633
f 633 598 634
f 598 599 634
f 634 599 635
f 599 600 635
f 635 600 636
f 600 601 636
f 636 601 637
f 601 602 637
f 637 602 638
f 602 603 638
f 638 603 639
f 603 604 639
f 639 604 640
f 604 605 640
f 640 605 641
f 605 606 641
f 641 606 642
f 606 607 642
f 642 607 643
f 607 608 643
f 643 608 644
f 608 609 644
f 644 609 645
f 609 610 645
f 645 610 646
f 610 611 646
f 646 611 647
f 611 612 647
f 647 612 648
f 612 613 648
f 648 613 649
f 613 614 649
f 649 614 650
f 614 615 650
f 650 615 651
f 615 616 651
f 651 616 652
f 616 617 652
f 652 617 653
f 617 618 653
f 653 618 654
f 618 619 654
f 654 619 655
f 619 620 655
f 655 620 656
f 620 621 656
f 656 621 657
f 658 7 622
f 624 659 660
f 661 662 663
f 662 664 663
f 663 664 665
f 664 666 665
f 665 666 667
f 666 668 667
f 667 668 669
f 668 670 669
f 669 670 671
f 670 672 671
f 671 672 673
f 672 674 673
f 673 674 675
f 674 676 675
f 675 676 677
f 676 678 677
f 677 678 679
f 678 680 679
f 679 680 681
f 680 682 681
f 681 682 683
f 682 684 683
f 683 684 685
f 684 686 685
f 685 686 687
f 686 688 687
f 687 688 689
f 688 690 689
f 689 690 691
f 690 692 691
f 691 692 693
f 692 694 693
f 693 694 695
f 694 696 695
f 695 696 697
f 696 698 697
f 697 698 699
f 698 700 699
f 699 700 701
f 700 702 701
f 701 702 703
f 702 704 703
f 703 704 705
f 704 706 705
f 705 706 707
f 706 708 707
f 707 708 709
f 708 710 709
f 709 710 711
f 710 712 711
f 711 712 713
f 712 714 713
f 713 714 715
f 714 716 715
f 715 716 717
f 716 718 717
f 717 718 719
f 718 720 719
f 719 720 721
f 720 722 721
f 721 722 723
f 2 1 660
f 660 659 2
f 659 724 2
f 2 724 3
f 624 623 659
f 623 725 659
f 659 725 724
f 725 726 724
f 724 726 3
f 589 588 623
f 588 727 623
f 623 727 725
f 727 728 725
f 725 728 726
f 728 729 726
f 726 729 3
f 555 554 588
f 554 730 588
f 588 730 727
f 730 731 727
f 727 731 728
f 731 732 728
f 728 732 729
f 732 733 729
f 729 733 3
f 522 521 554
f 521 734 554
f 554 734 730
f 734 735 730
f 730 735 731
f 735 736 731
f 731 736 732
f 736 737 732
f 732 737 733
f 737 738 733
f 733 738 3
f 490 489 521
f 489 739 521
f 521 739 734
f 739 740 734
f 734 740 735
f 740 741 735
f 735 741 736
f 741 742 736
f 736 742 737
f 742 743 737
f 737 743 738
f 743 744 738
f 738 744 3
f 459 458 489
f 458 745 489
f 489 745 739
f 745 746 739
f 739 746 740
f 746 747 740
f 740 747 741
f 747 748 741
f 741 748 742
f 748 749 742
f 742 749 743
f 749 750 743
f 743 750 744
f 750 751 744
f 744 751 3
f 429 428 458
f 428 752 458
f 458 752 745
f 752 753 745
f 745 753 746
f 753 754 746
f 746 754 747
f 754 755 747
f 747 755 748
f 755 756 748
f 748 756 749
f 756 757 749
f 749 757 750
f 757 758 750
f 750 758 751
f 758 759 751
f 751 759 3
f 400 399 428
f 399 760 428
f 428 760 752
f 760 761 752
f 752 761 753
f 761 762 753
f 753 762 754
f 762 763 754
f 754 763 755
f 763 764 755
f 755 764 756
f 764 765 756
f 756 765 757
f 765 766 757
f 757 766 758
f 766 767 758
f 758 767 759
f 767 768 759
f 759 768 3
f 372 371 399
f 371 769 399
f 399 769 760
f 769 770 760
f 760 770 761
f 770 771 761
f 761 771 762
f 771 772 762
f 762 772 763
f 772 773 763
f 763 773 764
f 773 774 764
f 764 774 765
f 774 775 765
f 765 775 766
f 775 776 766
f 766 776 767
f 776 777 767
f 767 777 768
f 777 778 768
f 768 778 3
f 345 344 371
f 344 779 371
f 371 779 769
f 779 780 769
f 769 780 770
f 780 781 770
f 770 781 771
f 781 782 771
f 771 782 772
f 782 783 772
f 772 783 773
f 783 784 773
f 773 784 774
f 784 785 774
f 774 785 775
f 785 786 775
f 775 786 776
f 786 787 776
f 776 787 777
f 787 788 777
f 777 788 778
f 788 789 778
f 778 789 3
f 319 318 344
f 318 790 344
f 344 790 779
f 790 791 779
f 779 791 780
f 791 792 780
f 780 792 781
f 792 793 781
f 781 793 782
f 793 794 782
f 782 794 783
f 794 795 783
f 783 795 784
f 795 796 784
f 784 796 785
f 796 797 785
f 785 797 786
f 797 798 786
f 786 798 787
f 798 799 787
f 787 799 788
f 799 800 788
f 788 800 789
f 800 801 789
f 789 801 3
f 294 293 318
f 293 802 318
f 318 802 790
f 802 803 790
f 790 803 791
f 803 804 791
f 791 804 792
f 804 805 792
f 792 805 793
f 805 806 793
f 793 806 794
f 806 807 794
f 794 807 795
f 807 808 795
f 795 808 796
f 808 809 796
f 796 809 797
f 809 810 797
f 797 810 798
f 810 811 798
f 798 811 799
f 811 812 799
f 799 812 800
f 812 813 800
f 800 813 801
f 813 814 801
f 801 814 3
f 270 269 293
f 269 815 293
f 293 815 802
f 815 816 802
f 802 816 803
f 816 817 803
f 803 817 804
f 817 818 804
f 804 818 805
f 818 819 805
f 805 819 806
f 819 820 806
f 806 820 807
f 820 821 807
f 807 821 808
f 821 822 808
f 808 822 809
f 822 823 809
f 809 823 810
f 823 824 810
f 810 824 811
f 824 825 811
f 811 825 812
f 825 826 812
f 812 826 813
f 826 827 813
f 813 827 814
f 827 828 814
f 814 828 3
f 247 246 269
f 246 829 269
f 269 829 815
f 829 830 815
f 815 830 816
f 830 831 816
f 816 831 817
f 831 832 817
f 817 832 818
f 832 833 818
f 818 833 819
f 833 834 819
f 819 834 820
f 834 835 820
f 820 835 821
f 835 836 821
f 821 836 822
f 836 837 822
f 822 837 823
f 837 838 823
f 823 838 824
f 838 839 824
f 824 839 825
f 839 840 825
f 825 840 826
f 840 841 826
f 826 841 827
f 841 842 827
f 827 842 828
f 842 843 828
f 828 843 3
f 225 224 246
f 224 844 246
f 246 844 829
f 844 845 829
f 829 845 830
f 845 846 830
f 830 846 831
f 846 847 831
f 831 847 832
f 847 848 832
f 832 848 833
f 848 849 833
f 833 849 834
f 849 850 834
f 834 850 835
f 850 851 835
f 835 851 836
f 851 852 836
f 836 852 837
f 852 853 837
f 837 853 838
f 853 854 838
f 838 854 839
f 854 855 839
f 839 855 840
f 855 856 840
f 840 856 841
f 856 857 841
f 841 857 842
f 857 858 842
f 842 858 843
f 858 859 843
f 843 859 3
f 204 203 224
f 203 860 224
f 224 860 844
f 860 861 844
f 844 861 845
f 861 862 845
f 845 862 846
f 862 863 846
f 846 863 847
f 863 864 847
f 847 864 848
f 864 865 848
f 848 865 849
f 865 866 849
f 849 866 850
f 866 867 850
f 850 867 851
f 867 868 851
f 851 868 852
f 868 869 852
f 852 869 853
f 869 870 853
f 853 870 854
f 870 871 854
f 854 871 855
f 871 872 855
f 855 872 856
f 872 873 856
f 856 873 857
f 873 874 857
f 857 874 858
f 874 875 858
f 858 875 859
f 875 876 859
f 859 876 3
f 184 183 203
f 183 877 203
f 203 877 860
f 877 878 860
f 860 878 861
f 878 879 861
f 861 879 862
f 879 880 862
f 862 880 863
f 880 881 863
f 863 881 864
f 881 882 864
f 864 882 865
f 882 883 865
f 865 883 866
f 883 884 866
f 866 884 867
f 884 885 867
f 867 885 868
f 885 886 868
f 868 886 869
f 886 887 869
f 869 887 870
f 887 888 870
f 870 888 871
f 888 889 871
f 871 889 872
f 889 890 872
f 872 890 873
f 890 891 873
f 873 891 874
f 891 892 874
f 874 892 875
f 892 893 875
f 875 893 876
f 893 894 876
f 876 894 3
f 165 164 183
f 164 895 183
f 183 895 877
f 895 896 877
f 877 896 878
f 896 897 878
f 878 897 879
f 897 898 879
f 879 898 880
f 898 899 880
f 880 899 881
f 899 900 881
f 881 900 882
f 900 901 882
f 882 901 883
f 901 902 883
f 883 902 884
f 902 903 884
f 884 903 885
f 903 904 885
f 885 904 886
f 904 905 886
f 886 905 887
f 905 906 887
f 887 906 888
f 906 907 888
f 888 907 889
f 907 908 889
f 889 908 890
f 908 909 890
f 890 909 891
f 909 910 891
f 891 910 892
f 910 911 892
f 892 911 893
f 911 912 893
f 893 912 894
f 912 913 894
f 894 913 3
f 147 146 164
f 146 914 164
f 164 914 895
f 914 915 895
f 895 915 896
f 915 916 896
f 896 916 897
f 916 917 897
f 897 917 898
f 917 918 898
f 898 918 899
f 918 919 899
f 899 919 900
f 919 920 900
f 900 920 901
f 920 921 901
f 901 921 902
f 921 922 902
f 902 922 903
f 922 923 903
f 903 923 904
f 923 924 904
f 904 924 905
f 924 925 905
f 905 925 906
f 925 926 906
f 906 926 907
f 926 927 907
f 907 927 908
f 927 928 908
f 908 928 909
f 928 929 909
f 909 929 910
f 929 930 910
f 910 930 911
f 930 931 911
f 911 931 912
f 931 932 912
f 912 932 913
f 932 933 913
f 913 933 3
f 130 129 146
f 129 934 146
f 146 934 914
f 934 935 914
f 914 935 915
f 935 936 915
f 915 936 916
f 936 937 916
f 916 937 917
f 937 938 917
f 917 938 918
f 938 939 918
f 918 939 919
f 939 940 919
f 919 940 920
f 940 941 920
f 920 941 921
f 941 942 921
f 921 942 922
f 942 943 922
f 922 943 923
f 943 944 923
f 923 944 924
f 944 945 924
f 924 945 925
f 945 946 925
f 925 946 926
f 946 947 926
f 926 947 927
f 947 948 927
f 927 948 928
f 948 949 928
f 928 949 929
f 949 950 929
f 929 950 930
f 950 951 930
f 930 951 931
f 951 952 931
f 931 952 932
f 952 953 932
f 932 953 933
f 953 954 933
f 933 954 3
f 114 113 129
f 113 955 129
f 129 955 934
f 955 956 934
f 934 956 935
f 956 957 935
f 935 957 936
f 957 958 936
f 936 958 937
f 958 959 937
f 937 959 938
f 959 960 938
f 938 960 939
f 960 961 939
f 939 961 940
f 961 962 940
f 940 962 941
f 962 963 941
f 941 963 942
f 963 964 942
f 942 964 943
f 964 965 943
f 943 965 944
f 965 966 944
f 944 966 945
f 966 967 945
f 945 967 946
f 967 968 946
f 946 968 947
f 968 969 947
f 947 969 948
f 969 970 948
f 948 970 949
f 970 971 949
f 949 971 950
f 971 972 950
f 950 972 951
f 972 973 951
f 951 973 952
f 973 974 952
f 952 974 953
f 974 975 953
f 953 975 954
f 975 976 954
f 954 976 3
f 99 98 113
f 98 977 113
f 113 977 955
f 977 978 955
f 955 978 956
f 978 979 956
f 956 979 957
f 979 980 957
f 957 980 958
f 980 981 958
f 958 981 959
f 981 982 959
f 959 982 960
f 982 983 960
f 960 983 961
f 983 984 961
f 961 984 962
f 984 985 962
f 962 985 963
f 985 986 963
f 963 986 964
f 986 987 964
f 964 987 965
f 987 988 965
f 965 988 966
f 988 989 966
f 966 989 967
f 989 990 967
f 967 990 968
f 990 991 968
f 968 991 969
f 991 992 969
f 969 992 970
f 992 993 970
f 970 993 971
f 993 994 971
f 971 994 972
f 994 995 972
f 972 995 973
f 995 996 973
f 973 996 974
f 996 997 974
f 974 997 975
f 997 998 975
f 975 998 976
f 998 999 976
f 976 999 3
f 85 84 98
f 84 1000 98
f 98 1000 977
f 1000 1001 977
f 977 1001 978
f 1001 1002 978
f 978 1002 979
f 1002 1003 979
f 979 1003 980
f 1003 1004 980
f 980 1004 981
f 1004 1005 981
f 981 1005 982
f 1005 1006 982
f 982 1006 983
f 1006 1007 983
f 983 1007 984
f 1007 1008 984
f 984 1008 985
f 1008 1009 985
f 985 1009 986
f 1009 1010 986
f 986 1010 987
f 1010 1011 987
f 987 1011 988
f 1011 1012 988
f 988 1012 989
f 1012 1013 989
f 989 1013 990
f 1013 1014 990
f 990 1014 991
f 1014 1015 991
f 991 1015 992
f 1015 1016 992
f 992 1016 993
f 1016 1017 993
f 993 1017 994
f 1017 1018 994
f 994 1018 995
f 1018 1019 995
f 995 1019 996
f 1019 1020 996
f 996 1020 997
f 1020 1021 997
f 997 1021 998
f 1021 1022 998
f 998 1022 999
f 1022 1023 999
f 999 1023 3
f 72 71 84
f 71 1024 84
f 84 1024 1000
f 1024 1025 1000
f 1000 1025 1001
f 1025 1026 1001
f 1001 1026 1002
f 1026 1027 1002
f 1002 1027 1003
f 1027 1028 1003
f 1003 1028 1004
f 1028 1029 1004
f 1004 1029 1005
f 1029 1030 1005
f 1005 1030 1006
f 1030 1031 1006
f 1006 1031 1007
f 1031 1032 1007
f 1007 1032 1008
f 1032 1033 1008
f 1008 1033 1009
f 1033 1034 1009
f 1009 1034 1010
f 1034 1035 1010
f 1010 1035 1011
f 1035 1036 1011
f 1011 1036 1012
f 1036 1037 1012
f 1012 1037 1013
f 1037 1038 1013
f 1013 1038 1014
f 1038 1039 1014
f 1014 1039 1015
f 1039 1040 1015
f 1015 1040 1016
f 1040 1041 1016
f 1016 1041 1017
f 1041 1042 1017
f 1017 1042 1018
f 1042 1043 1018
f 1018 1043 1019
f 1043 1044 1019
f 1019 1044 1020
f 1044 1045 1020
f 1020 1045 1021
f 1045 1046 1021
f 1021 1046 1022
f 1046 1047 1022
f 1022 1047 1023
f 1047 1048 1023
f 1023 1048 3
f 60 59 71
f 59 1049 71
f 71 1049 1024
f 1049 1050 1024
f 1024 1050 1025
f 1050 1051 1025
f 1025 1051 1026
f 1051 1052 1026
f 1026 1052 1027
f 1052 1053 1027
f 1027 1053 1028
f 1053 1054 1028
f 1028 1054 1029
f 1054 1055 1029
f 1029 1055 1030
f 1055 1056 1030
f 1030 1056 1031
f 1056 1057 1031
f 1031 1057 1032
f 1057 1058 1032
f 1032 1058 1033
f 1058 1059 1033
f 1033 1059 1034
f 1059 1060 1034
f 1034 1060 1035
f 1060 1061 1035
f 1035 1061 1036
f 1061 1062 1036
f 1036 1062 1037
f 1062 1063 1037
f 1037 1063 1038
f 1063 1064 1038
f 1038 1064 1039
f 1064 1065 1039
f 1039 1065 1040
f 1065 1066 1040
f 1040 1066 1041
f 1066 1067 1041
f 1041 1067 1042
f 1067 1068 1042
f 1042 1068 1043
f 1068 1069 1043
f 1043 1069 1044
f 1069 1070 1044
f 1044 1070 1045
f 1070 1071 1045
f 1045 1071 1046
f 1071 1072 1046
f 1046 1072 1047
f 1072 1073 1047
f 1047 1073 1048
f 1073 1074 1048
f 1048 1074 3
f 49 48 59
f 48 1075 59
f 59 1075 1049
f 1075 1076 1049
f 1049 1076 1050
f 1076 1077 1050
f 1050 1077 1051
f 1077 1078 1051
f 1051 1078 1052
f 1078 1079 1052
f 1052 1079 1053
f 1079 1080 1053
f 1053 1080 1054
f 1080 1081 1054
f 1054 1081 1055
f 1081 1082 1055
f 1055 1082 1056
f 1082 1083 1056
f 1056 1083 1057
f 1083 1084 1057
f 1057 1084 1058
f 1084 1085 1058
f 1058 1085 1059
f 1085 1086 1059
f 1059 1086 1060
f 1086 1087 1060
f 1060 1087 1061
f 1087 1088 1061
f 1061 1088 1062
f 1088 1089 1062
f 1062 1089 1063
f 1089 1090 1063
f 1063 1090 1064
f 1090 1091 1064
f 1064 1091 1065
f 1091 1092 1065
f 1065 1092 1066
f 1092 1093 1066
f 1066 1093 1067
f 1093 1094 1067
f 1067 1094 1068
f 1094 1095 1068
f 1068 1095 1069
f 1095 1096 1069
f 1069 1096 1070
f 1096 1097 1070
f 1070 1097 1071
f 1097 1098 1071
f 1071 1098 1072
f 1098 1099 1072
f 1072 1099 1073
f 1099 1100 1073
f 1073 1100 1074
f 1100 1101 1074
f 1074 1101 3
f 39 38 48
f 38 1102 48
f 48 1102 1075
f 1102 1103 1075
f 1075 1103 1076
f 1103 1104 1076
f 1076 1104 1077
f 1104 1105 1077
f 1077 1105 1078
f 1105 1106 1078
f 1078 1106 1079
f 1106 1107 1079
f 1079 1107 1080
f 1107 1108 1080
f 1080 1108 1081
f 1108 1109 1081
f 1081 1109 1082
f 1109 1110 1082
f 1082 1110 1083
f 1110 1111 1083
f 1083 1111 1084
f 1111 1112 1084
f 1084 1112 1085
f 1112 1113 1085
f 1085 1113 1086
f 1113 1114 1086
f 1086 1114 1087
f 1114 1115 1087
f 1087 1115 1088
f 1115 1116 1088
f 1088 1116 1089
f 1116 1117 1089
f 1089 1117 1090
f 1117 1118 1090
f 1090 1118 1091
f 1118 1119 1091
f 1091 1119 1092
f 1119 1120 1092
f 1092 1120 1093
f 1120 1121 1093
f 1093 1121 1094
f 1121 1122 1094
f 1094 1122 1095
f 1122 1123 1095
f 1095 1123 1096
f 1123 1124 1096
f 1096 1124 1097
f 1124 1125 1097
f 1097 1125 1098
f 1125 1126 1098
f 1098 1126 1099
f 1126 1127 1099
f 1099 1127 1100
f 1127 1128 1100
f 1100 1128 1101
f 1128 1129 1101
f 1101 1129 3
f 9 658 10
f 658 1130 10
f 10 1130 1131
f 1130 1132 1131
f 1131 1132 1133
f 1132 1134 1133
f 1133 1134 1135
f 1134 1136 1135
f 1135 1136 1137
f 1136 1138 1137
f 1137 1138 1139
f 1138 1140 1139
f 1139 1140 1141
f 1140 1142 1141
f 1141 1142 1143
f 1142 1144 1143
f 1143 1144 1145
f 1144 1146 1145
f 1145 1146 1147
f 1146 1148 1147
f 1147 1148 1149
f 1148 1150 1149
f 1149 1150 1151
f 1150 1152 1151
f 1151 1152 1153
f 1152 1154 1153
f 1153 1154 1155
f 1154 1156 1155
f 1155 1156 1157
f 1156 1158 1157
f 1157 1158 1159
f 1158 1160 1159
f 1159 1160 1161
f 1160 1162 1161
f 1161 1162 1163
f 1162 1164 1163
f 1163 1164 1165
f 1164 1166 1165
f 1165 1166 1167
f 1166 1168 1167
f 1167 1168 1169
f 1168 1170 1169
f 1169 1170 1171
f 1170 1172 1171
f 1171 1172 1173
f 1172 1174 1173
f 1173 1174 1175
f 1174 1176 1175
f 1175 1176 1177
f 1176 1178 1177
f 1177 1178 1179
f 1178 1180 1179
f 1179 1180 1181
f 1180 1182 1181
f 1181 1182 1183
f 1182 1184 1183
f 1183 1184 1185
f 1184 1186 1185
f 1185 1186 1187
f 1186 1188 1187
f 1187 1188 1189
f 1188 1190 1189
f 1189 1190 1191
f 1190 1192 1191
f 1191 1192 1193
f 1192 1194 1193
f 1193 1194 1195
f 1194 1196 1195
f 1195 1196 3
f 3 1197 1198
f 1197 1199 1198
f 1198 1199 1200
f 1199 1201 1200
f 1200 1201 1202
f 1201 1203 1202
f 1202 1203 1204
f 1203 1205 1204
f 1204 1205 1206
f 1205 1207 1206
f 1206 1207 1208
f 1207 1209 1208
f 1208 1209 1210
f 1209 1211 1210
f 1210 1211 1212
f 1211 1213 1212
f 1212 1213 1214
f 1213 1215 1214
f 1214 1215 1216
f 1215 1217 1216
f 1216 1217 1218
f 1217 1219 1218
f 1218 1219 1220
f 1219 1221 1220
f 1220 1221 1222
f 1221 1223 1222
f 1222 1223 1224
f 1223 1225 1224
f 1224 1225 1226
f 1225 1227 1226
f 1226 1227 1228
f 1227 1229 1228
f 1228 1229 1230
f 1229 1231 1230
f 1230 1231 1232
f 1231 1233 1232
f 1232 1233 1234
f 1233 1235 1234
f 1234 1235 1236
f 1235 1237 1236
f 1236 1237 1238
f 1237 1239 1238
f 1238 1239 1240
f 1239 1241 1240
f 1240 1241 1242
f 1241 1243 1242
f 1242 1243 1244
f 1243 1245 1244
f 1244 1245 1246
f 1245 1247 1246
f 1246 1247 1248
f 1247 1249 1248
f 1248 1249 1250
f 1249 1251 1250
f 1250 1251 1252
f 1251 1253 1252
f 1252 1253 1254
f 1253 1255 1254
f 1254 1255 1256
f 1255 1257 1256
f 1256 1257 1258
f 1257 1259 1258
f 1258 1259 1260
f 1259 1261 1260
f 1260 1261 1262
f 1261 1263 1262
f 1262 1263 1264
f 1263 1265 1264
f 1264 1265 1266
f 1265 7 1266
f 3 1267 1268
f 1267 1269 1268
f 1268 1269 1270
f 1269 1271 1270
f 1270 1271 1272
f 1271 1273 1272
f 1272 1273 1274
f 1273 1275 1274
f 1274 1275 1276
f 1275 1277 1276
f 1276 1277 1278
f 1277 1279 1278
f 1278 1279 1280
f 1279 1281 1280
f 1280 1281 1282
f 1281 1283 1282
f 1282 1283 1284
f 1283 1285 1284
f 1284 1285 1286
f 1285 1287 1286
f 1286 1287 1288
f 1287 1289 1288
f 1288 1289 1290
f 1289 1291 1290
f 1290 1291 1292
f 1291 1293 1292
f 1292 1293 1294
f 1293 1295 1294
f 1294 1295 1296
f 1295 1297 1296
f 1296 1297 1298
f 1297 1299 1298
f 1298 1299 1300
f 1299 1301 1300
f 1300 1301 1302
f 1301 1303 1302
f 1302 1303 1304
f 1303 1305 1304
f 1304 1305 1306
f 1305 1307 1306
f 1306 1307 1308
f 1307 1309 1308
f 1308 1309 1310
f 1309 1311 1310
f 1310 1311 1312
f 1311 1313 1312
f 1312 1313 1314
f 1313 1315 1314
f 1314 1315 1316
f 1315 1317 1316
f 1316 1317 1318
f 1317 1319 1318
f 1318 1319 1320
f 1319 1321 1320
f 1320 1321 1322
f 1321 1323 1322
f 1322 1323 1324
f 1323 1325 1324
f 1324 1325 1326
f 1325 1327 1326
f 1326 1327 1328
f 1327 1329 1328
f 1328 1329 1330
f 1329 1331 1330
f 1330 1331 1332
f 1331 1333 1332
f 1332 1333 1334
f 1333 1335 1334
f 1334 1335 1336
f 1335 7 1336
f 7 1337 1336
f 1337 1338 1336
f 1336 1338 1334
f 1338 1339 1334
f 1334 1339 1332
f 1339 1340 1332
f 1332 1340 1330
f 1340 1341 1330
f 1330 1341 1328
f 1341 1342 1328
f 1328 1342 1326
f 1342 1343 1326
f 1326 1343 1324
f 1343 1344 1324
f 1324 1344 1322
f 1344 1345 1322
f 1322 1345 1320
f 1345 1346 1320
f 1320 1346 1318
f 1346 1347 1318
f 1318 1347 1316
f 1347 1348 1316
f 1316 1348 1314
f 1348 1349 1314
f 1314 1349 1312
f 1349 1350 1312
f 1312 1350 1310
f 1350 1351 1310
f 1310 1351 1308
f 1351 1352 1308
f 1308 1352 1306
f 1352 1353 1306
f 1306 1353 1304
f 1353 1354 1304
f 1304 1354 1302
f 1354 1355 1302
f 1302 1355 1300
f 1355 1356 1300
f 1300 1356 1298
f 1356 1357 1298
f 1298 1357 1296
f 1357 1358 1296
f 1296 1358 1294
f 1358 1359 1294
f 1294 1359 1292
f 1359 1360 1292
f 1292 1360 1290
f 1360 1361 1290
f 1290 1361 1288
f 1361 1362 1288
f 1288 1362 1286
f 1362 1363 1286
f 1286 1363 1284
f 1363 1364 1284
f 1284 1364 1282
f 1364 1365 1282
f 1282 1365 1280
f 1365 1366 1280
f 1280 1366 1278
f 1366 1367 1278
f 1278 1367 1276
f 1367 1368 1276
f 1276 1368 1274
f 1368 1369 1274
f 1274 1369 1272
f 1369 1370 1272
f 1272 1370 1270
f 1370 1371 1270
f 1270 1371 1268
f 1371 3 1268
f 7 1372 1337
f 1372 1373 1337
f 1337 1373 1338
f 1373 1374 1338
f 1338 1374 1339
f 1374 1375 1339
f 1339 1375 1340
f 1375 1376 1340
f 1340 1376 1341
f 1376 1377 1341
f 1341 1377 1342
f 1377 1378 1342
f 1342 1378 1343
f 1378 1379 1343
f 1343 1379 1344
f 1379 1380 1344
f 1344 1380 1345
f 1380 1381 1345
f 1345 1381 1346
f 1381 1382 1346
f 1346 1382 1347
f 1382 1383 1347
f 1347 1383 1348
f 1383 1384 1348
f 1348 1384 1349
f 1384 1385 1349
f 1349 1385 1350
f 1385 1386 1350
f 1350 1386 1351
f 1386 1387 1351
f 1351 1387 1352
f 1387 1388 1352
f 1352 1388 1353
f 1388 1389 1353
f 1353 1389 1354
f 1389 1390 1354
f 1354 1390 1355
f 1390 1391 1355
f 1355 1391 1356
f 1391 1392 1356
f 1356 1392 1357
f 1392 1393 1357
f 1357 1393 1358
f 1393 1394 1358
f 1358 1394 1359
f 1394 1395 1359
f 1359 1395 1360
f 1395 1396 1360
f 1360 1396 1361
f 1396 1397 1361
f 1361 1397 1362
f 1397 1398 1362
f 1362 1398 1363
f 1398 1399 1363
f 1363 1399 1364
f 1399 1400 1364
f 1364 1400 1365
f 1400 1401 1365
f 1365 1401 1366
f 1401 1402 1366
f 1366 1402 1367
f 1402 1403 1367
f 1367 1403 1368
f 1403 1404 1368
f 1368 1404 1369
f 1404 1405 1369
f 1369 1405 1370
f 1405 1406 1370
f 1370 1406 1371
f 1406 3 1371
f 7 1407 1372
f 1407 1408 1372
f 1372 1408 1373
f 1408 1409 1373
f 1373 1409 1374
f 1409 1410 1374
f 1374 1410 1375
f 1410 1411 1375
f 1375 1411 1376
f 1411 1412 1376
f 1376 1412 1377
f 1412 1413 1377
f 1377 1413 1378
f 1413 1414 1378
f 1378 1414 1379
f 1414 1415 1379
f 1379 1415 1380
f 1415 1416 1380
f 1380 1416 1381
f 1416 1417 1381
f 1381 1417 1382
f 1417 1418 1382
f 1382 1418 1383
f 1418 1419 1383
f 1383 1419 1384
f 1419 1420 1384
f 1384 1420 1385
f 1420 1421 1385
f 1385 1421 1386
f 1421 1422 1386
f 1386 1422 1387
f 1422 1423 1387
f 1387 1423 1388
f 1423 1424 1388
f 1388 1424 1389
f 1424 1425 1389
f 1389 1425 1390
f 1425 1426 1390
f 1390 1426 1391
f 1426 1427 1391
f 1391 1427 1392
f 1427 1428 1392
f 1392 1428 1393
f 1428 1429 1393
f 1393 1429 1394
f 1429 1430 1394
f 1394 1430 1395
f 1430 1431 1395
f 1395 1431 1396
f 1431 1432 1396
f 1396 1432 1397
f 1432 1433 1397
f 1397 1433 1398
f 1433 1434 1398
f 1398 1434 1399
f 1434 1435 1399
f 1399 1435 1400
f 1435 1436 1400
f 1400 1436 1401
f 1436 1437 1401
f 1401 1437 1402
f 1437 1438 1402
f 1402 1438 1403
f 1438 1439 1403
f 1403 1439 1404
f 1439 1440 1404
f 1404 1440 1405
f 1440 1441 1405
f 1405 1441 1406
f 1441 3 1406
f 7 1442 1407
f 1442 1443 1407
f 1407 1443 1408
f 1443 1444 1408
f 1408 1444 1409
f 1444 1445 1409
f 1409 1445 1410
f 1445 1446 1410
f 1410 1446 1411
f 1446 1447 1411
f 1411 1447 1412
f 1447 1448 1412
f 1412 1448 1413
f 1448 1449 1413
f 1413 1449 1414
f 1449 1450 1414
f 1414 1450 1415
f 1450 1451 1415
f 1415 1451 1416
f 1451 1452 1416
f 1416 1452 1417
f 1452 1453 1417
f 1417 1453 1418
f 1453 1454 1418
f 1418 1454 1419
f 1454 1455 1419
f 1419 1455 1420
f 1455 1456 1420
f 1420 1456 1421
f 1456 1457 1421
f 1421 1457 1422
f 1457 1458 1422
f 1422 1458 1423
f 1458 1459 1423
f 1423 1459 1424
f 1459 1460 1424
f 1424 1460 1425
f 1460 1461 1425
f 1425 1461 1426
f 1461 1462 1426
f 1426 1462 1427
f 1462 1463 1427
f 1427 1463 1428
f 1463 1464 1428
f 1428 1464 1429
f 1464 1465 1429
f 1429 1465 1430
f 1465 1466 1430
f 1430 1466 1431
f 1466 1467 1431
f 1431 1467 1432
f 1467 1468 1432
f 1432 1468 1433
f 1468 1469 1433
f 1433 1469 1434
f 1469 1470 1434
f 1434 1470 1435
f 1470 1471 1435
f 1435 1471 1436
f 1471 1472 1436
f 1436 1472 1437
f 1472 1473 1437
f 1437 1473 1438
f 1473 1474 1438
f 1438 1474 1439
f 1474 1475 1439
f 1439 1475 1440
f 1475 1476 1440
f 1440 1476 1441
f 1476 3 1441
f 7 1477 1442
f 1477 1478 1442
f 1442 1478 1443
f 1478 1479 1443
f 1443 1479 1444
f 1479 1480 1444
f 1444 1480 1445
f 1480 1481 1445
f 1445 1481 1446
f 1481 1482 1446
f 1446 1482 1447
f 1482 1483 1447
f 1447 1483 1448
f 1483 1484 1448
f 1448 1484 1449
f 1484 1485 1449
f 1449 1485 1450
f 1485 1486 1450
f 1450 1486 1451
f 1486 1487 1451
f 1451 1487 1452
f 1487 1488 1452
f 1452 1488 1453
f 1488 1489 1453
f 1453 1489 1454
f 1489 1490 1454
f 1454 1490 1455
f 1490 1491 1455
f 1455 1491 1456
f 1491 1492 1456
f 1456 1492 1457
f 1492 1493 1457
f 1457 1493 1458
f 1493 1494 1458
f 1458 1494 1459
f 1494 1495 1459
f 1459 1495 1460
f 1495 1496 1460
f 1460 1496 1461
f 1496 1497 1461
f 1461 1497 1462
f 1497 1498 1462
f 1462 1498 1463
f 1498 1499 1463
f 1463 1499 1464
f 1499 1500 1464
f 1464 1500 1465
f 1500 1501 1465
f 1465 1501 1466
f 1501 1502 1466
f 1466 1502 1467
f 1502 1503 1467
f 1467 1503 1468
f 1503 1504 1468
f 1468 1504 1469
f 1504 1505 1469
f 1469 1505 1470
f 1505 1506 1470
f 1470 1506 1471
f 1506 1507 1471
f 1471 1507 1472
f 1507 1508 1472
f 1472 1508 1473
f 1508 1509 1473
f 1473 1509 1474
f 1509 1510 1474
f 1474 1510 1475
f 1510 1511 1475
f 1475 1511 1476
f 1511 3 1476
f 7 1512 1477
f 1512 1513 1477
f 1477 1513 1478
f 1513 1514 1478
f 1478 1514 1479
f 1514 1515 1479
f 1479 1515 1480
f 1515 1516 1480
f 1480 1516 1481
f 1516 1517 1481
f 1481 1517 1482
f 1517 1518 1482
f 1482 1518 1483
f 1518 1519 1483
f 1483 1519 1484
f 1519 1520 1484
f 1484 1520 1485
f 1520 1521 1485
f 1485 1521 1486
f 1521 1522 1486
f 1486 1522 1487
f 1522 1523 1487
f 1487 1523 1488
f 1523 1524 1488
f 1488 1524 1489
f 1524 1525 1489
f 1489 1525 1490
f 1525 1526 1490
f 1490 1526 1491
f 1526 1527 1491
f 1491 1527 1492
f 1527 1528 1492
f 1492 1528 1493
f 1528 1529 1493
f 1493 1529 1494
f 1529 1530 1494
f 1494 1530 1495
f 1530 1531 1495
f 1495 1531 1496
f 1531 1532 1496
f 1496 1532 1497
f 1532 1533 1497
f 1497 1533 1498
f 1533 1534 1498
f 1498 1534 1499
f 1534 1535 1499
f 1499 1535 1500
f 1535 1536 1500
f 1500 1536 1501
f 1536 1537 1501
f 1501 1537 1502
f 1537 1538 1502
f 1502 1538 1503
f 1538 1539 1503
f 1503 1539 1504
f 1539 1540 1504
f 1504 1540 1505
f 1540 1541 1505
f 1505 1541 1506
f 1541 1542 1506
f 1506 1542 1507
f 1542 1543 1507
f 1507 1543 1508
f 1543 1544 1508
f 1508 1544 1509
f 1544 1545 1509
f 1509 1545 1510
f 1545 1546 1510
f 1510 1546 1511
f 1546 3 1511
f 7 1547 1512
f 1547 1548 1512
f 1512 1548 1513
f 1548 1549 1513
f 1513 1549 1514
f 1549 1550 1514
f 1514 1550 1515
f 1550 1551 1515
f 1515 1551 1516
f 1551 1552 1516
f 1516 1552 1517
f 1552 1553 1517
f 1517 1553 1518
f 1553 1554 1518
f 1518 1554 1519
f 1554 1555 1519
f 1519 1555 1520
f 1555 1556 1520
f 1520 1556 1521
f 1556 1557 1521
f 1521 1557 1522
f 1557 1558 1522
f 1522 1558 1523
f 1558 1559 1523
f 1523 1559 1524
f 1559 1560 1524
f 1524 1560 1525
f 1560 1561 1525
f 1525 1561 1526
f 1561 1562 1526
f 1526 1562 1527
f 1562 1563 1527
f 1527 1563 1528
f 1563 1564 1528
f 1528 1564 1529
f 1564 1565 1529
f 1529 1565 1530
f 1565 1566 1530
f 1530 1566 1531
f 1566 1567 1531
f 1531 1567 1532
f 1567 1568 1532
f 1532 1568 1533
f 1568 1569 1533
f 1533 1569 1534
f 1569 1570 1534
f 1534 1570 1535
f 1570 1571 1535
f 1535 1571 1536
f 1571 1572 1536
f 1536 1572 1537
f 1572 1573 1537
f 1537 1573 1538
f 1573 1574 1538
f 1538 1574 1539
f 1574 1575 1539
f 1539 1575 1540
f 1575 1576 1540
f 1540 1576 1541
f 1576 1577 1541
f 1541 1577 1542
f 1577 1578 1542
f 1542 1578 1543
f 1578 1579 1543
f 1543 1579 1544
f 1579 1580 1544
f 1544 1580 1545
f 1580 1581 1545
f 1545 1581 1546
f 1581 3 1546
f 7 1582 1547
f 1582 1583 1547
f 1547 1583 1548
f 1583 1584 1548
f 1548 1584 1549
f 1584 1585 1549
f 1549 1585 1550
f 1585 1586 1550
f 1550 1586 1551
f 1586 1587 1551
f 1551 1587 1552
f 1587 1588 1552
f 1552 1588 1553
f 1588 1589 1553
f 1553 1589 1554
f 1589 1590 1554
f 1554 1590 1555
f 1590 1591 1555
f 1555 1591 1556
f 1591 1592 1556
f 1556 1592 1557
f 1592 1593 1557
f 1557 1593 1558
f 1593 1594 1558
f 1558 1594 1559
f 1594 1595 1559
f 1559 1595 1560
f 1595 1596 1560
f 1560 1596 1561
f 1596 1597 1561
f 1561 1597 1562
f 1597 1598 1562
f 1562 1598 1563
f 1598 1599 1563
f 1563 1599 1564
f 1599 1600 1564
f 1564 1600 1565
f 1600 1601 1565
f 1565 1601 1566
f 1601 1602 1566
f 1566 1602 1567
f 1602 1603 1567
f 1567 1603 1568
f 1603 1604 1568
f 1568 1604 1569
f 1604 1605 1569
f 1569 1605 1570
f 1605 1606 1570
f 1570 1606 1571
f 1606 1607 1571
f 1571 1607 1572
f 1607 1608 1572
f 1572 1608 1573
f 1608 1609 1573
f 1573 1609 1574
f 1609 1610 1574
f 1574 1610 1575
f 1610 1611 1575
f 1575 1611 1576
f 1611 1612 1576
f 1576 1612 1577
f 1612 1613 1577
f 1577 1613 1578
f 1613 1614 1578
f 1578 1614 1579
f 1614 1615 1579
f 1579 1615 1580
f 1615 1616 1580
f 1580 1616 1581
f 1616 3 1581
f 7 1617 1582
f 1617 1618 1582
f 1582 1618 1583
f 1618 1619 1583
f 1583 1619 1584
f 1619 1620 1584
f 1584 1620 1585
f 1620 1621 1585
f 1585 1621 1586
f 1621 1622 1586
f 1586 1622 1587
f 1622 1623 1587
f 1587 1623 1588
f 1623 1624 1588
f 1588 1624 1589
f 1624 1625 1589
f 1589 1625 1590
f 1625 1626 1590
f 1590 1626 1591
f 1626 1627 1591
f 1591 1627 1592
f 1627 1628 1592
f 1592 1628 1593
f 1628 1629 1593
f 1593 1629 1594
f 1629 1630 1594
f 1594 1630 1595
f 1630 1631 1595
f 1595 1631 1596
f 1631 1632 1596
f 1596 1632 1597
f 1632 1633 1597
f 1597 1633 1598
f 1633 1634 1598
f 1598 1634 1599
f 1634 1635 1599
f 1599 1635 1600
f 1635 1636 1600
f 1600 1636 1601
f 1636 1637 1601
f 1601 1637 1602
f 1637 1638 1602
f 1602 1638 1603
f 1638 1639 1603
f 1603 1639 1604
f 1639 1640 1604
f 1604 1640 1605
f 1640 1641 1605
f 1605 1641 1606
f 1641 1642 1606
f 1606 1642 1607
f 1642 1643 1607
f 1607 1643 1608
f 1643 1644 1608
f 1608 1644 1609
f 1644 1645 1609
f 1609 1645 1610
f 1645 1646 1610
f 1610 1646 1611
f 1646 1647 1611
f 1611 1647 1612
f 1647 1648 1612
f 1612 1648 1613
f 1648 1649 1613
f 1613 1649 1614
f 1649 1650 1614
f 1614 1650 1615
f 1650 1651 1615
f 1615 1651 1616
f 1651 3 1616
f 7 1652 1617
f 1652 1653 1617
f 1617 1653 1618
f 1653 1654 1618
f 1618 1654 1619
f 1654 1655 1619
f 1619 1655 1620
f 1655 1656 1620
f 1620 1656 1621
f 1656 1657 1621
f 1621 1657 1622
f 1657 1658 1622
f 1622 1658 1623
f 1658 1659 1623
f 1623 1659 1624
f 1659 1660 1624
f 1624 1660 1625
f 1660 1661 1625
f 1625 1661 1626
f 1661 1662 1626
f 1626 1662 1627
f 1662 1663 1627
f 1627 1663 1628
f 1663 1664 1628
f 1628 1664 1629
f 1664 1665 1629
f 1629 1665 1630
f 1665 1666 1630
f 1630 1666 1631
f 1666 1667 1631
f 1631 1667 1632
f 1667 1668 1632
f 1632 1668 1633
f 1668 1669 1633
f 1633 1669 1634
f 1669 1670 1634
f 1634 1670 1635
f 1670 1671 1635
f 1635 1671 1636
f 1671 1672 1636
f 1636 1672 1637
f 1672 1673 1637
f 1637 1673 1638
f 1673 1674 1638
f 1638 1674 1639
f 1674 1675 1639
f 1639 1675 1640
f 1675 1676 1640
f 1640 1676 1641
f 1676 1677 1641
f 1641 1677 1642
f 1677 1678 1642
f 1642 1678 1643
f 1678 1679 1643
f 1643 1679 1644
f 1679 1680 1644
f 1644 1680 1645
f 1680 1681 1645
f 1645 1681 1646
f 1681 1682 1646
f 1646 1682 1647
f 1682 1683 1647
f 1647 1683 1648
f 1683 1684 1648
f 1648 1684 1649
f 1684 1685 1649
f 1649 1685 1650
f 1685 1686 1650
f 1650 1686 1651
f 1686 3 1651
f 7 1687 1652
f 1687 1688 1652
f 1652 1688 1653
f 1688 1689 1653
f 1653 1689 1654
f 1689 1690 1654
f 1654 1690 1655
f 1690 1691 1655
f 1655 1691 1656
f 1691 1692 1656
f 1656 1692 1657
f 1692 1693 1657
f 1657 1693 1658
f 1693 1694 1658
f 1658 1694 1659
f 1694 1695 1659
f 1659 1695 1660
f 1695 1696 1660
f 1660 1696 1661
f 1696 1697 1661
f 1661 1697 1662
f 1697 1698 1662
f 1662 1698 1663
f 1698 1699 1663
f 1663 1699 1664
f 1699 1700 1664
f 1664 1700 1665
f 1700 1701 1665
f 1665 1701 1666
f 1701 1702 1666
f 1666 1702 1667
f 1702 1703 1667
f 1667 1703 1668
f 1703 1704 1668
f 1668 1704 1669
f 1704 1705 1669
f 1669 1705 1670
f 1705 1706 1670
f 1670 1706 1671
f 1706 1707 1671
f 1671 1707 1672
f 1707 1708 1672
f 1672 1708 1673
f 1708 1709 1673
f 1673 1709 1674
f 1709 1710 1674
f 1674 1710 1675
f 1710 1711 1675
f 1675 1711 1676
f 1711 1712 1676
f 1676 1712 1677
f 1712 1713 1677
f 1677 1713 1678
f 1713 1714 1678
f 1678 1714 1679
f 1714 1715 1679
f 1679 1715 1680
f 1715 1716 1680
f 1680 1716 1681
f 1716 1717 1681
f 1681 1717 1682
f 1717 1718 1682
f 1682 1718 1683
f 1718 1719 1683
f 1683 1719 1684
f 1719 1720 1684
f 1684 1720 1685
f 1720 1721 1685
f 1685 1721 1686
f 1721 3 1686
f 7 1722 1687
f 1722 1723 1687
f 1687 1723 1688
f 1723 1724 1688
f 1688 1724 1689
f 1724 1725 1689
f 1689 1725 1690
f 1725 1726 1690
f 1690 1726 1691
f 1726 1727 1691
f 1691 1727 1692
f 1727 1728 1692
f 1692 1728 1693
f 1728 1729 1693
f 1693 1729 1694
f 1729 1730 1694
f 1694 1730 1695
f 1730 1731 1695
f 1695 1731 1696
f 1731 1732 1696
f 1696 1732 1697
f 1732 1733 1697
f 1697 1733 1698
f 1733 1734 1698
f 1698 1734 1699
f 1734 1735 1699
f 1699 1735 1700
f 1735 1736 1700
f 1700 1736 1701
f 1736 1737 1701
f 1701 1737 1702
f 1737 1738 1702
f 1702 1738 1703
f 1738 1739 1703
f 1703 1739 1704
f 1739 1740 1704
f 1704 1740 1705
f 1740 1741 1705
f 1705 1741 1706
f 1741 1742 1706
f 1706 1742 1707
f 1742 1743 1707
f 1707 1743 1708
f 1743 1744 1708
f 1708 1744 1709
f 1744 1745 1709
f 1709 1745 1710
f 1745 1746 1710
f 1710 1746 1711
f 1746 1747 1711
f 1711 1747 1712
f 1747 1748 1712
f 1712 1748 1713
f 1748 1749 1713
f 1713 1749 1714
f 1749 1750 1714
f 1714 1750 1715
f 1750 1751 1715
f 1715 1751 1716
f 1751 1752 1716
f 1716 1752 1717
f 1752 1753 1717
f 1717 1753 1718
f 1753 1754 1718
f 1718 1754 1719
f 1754 1755 1719
f 1719 1755 1720
f 1755 1756 1720
f 1720 1756 1721
f 1756 3 1721
f 7 1757 1722
f 1757 1758 1722
f 1722 1758 1723
f 1758 1759 1723
f 1723 1759 1724
f 1759 1760 1724
f 1724 1760 1725
f 1760 1761 1725
f 1725 1761 1726
f 1761 1762 1726
f 1726 1762 1727
f 1762 1763 1727
f 1727 1763 1728
f 1763 1764 1728
f 1728 1764 1729
f 1764 1765 1729
f 1729 1765 1730
f 1765 1766 1730
f 1730 1766 1731
f 1766 1767 1731
f 1731 1767 1732
f 1767 1768 1732
f 1732 1768 1733
f 1768 1769 1733
f 1733 1769 1734
f 1769 1770 1734
f 1734 1770 1735
f 1770 1771 1735
f 1735 1771 1736
f 1771 1772 1736
f 1736 1772 1737
f 1772 1773 1737
f 1737 1773 1738
f 1773 1774 1738
f 1738 1774 1739
f 1774 1775 1739
f 1739 1775 1740
f 1775 1776 1740
f 1740 1776 1741
f 1776 1777 1741
f 1741 1777 1742
f 1777 1778 1742
f 1742 1778 1743
f 1778 1779 1743
f 1743 1779 1744
f 1779 1780 1744
f 1744 1780 1745
f 1780 1781 1745
f 1745 1781 1746
f 1781 1782 1746
f 1746 1782 1747
f 1782 1783 1747
f 1747 1783 1748
f 1783 1784 1748
f 1748 1784 1749
f 1784 1785 1749
f 1749 1785 1750
f 1785 1786 1750
f 1750 1786 1751
f 1786 1787 1751
f 1751 1787 1752
f 1787 1788 1752
f 1752 1788 1753
f 1788 1789 1753
f 1753 1789 1754
f 1789 1790 1754
f 1754 1790 1755
f 1790 1791 1755
f 1755 1791 1756
f 1791 3 1756
f 7 1792 1757
f 1792 1793 1757
f 1757 1793 1758
f 1793 1794 1758
f 1758 1794 1759
f 1794 1795 1759
f 1759 1795 1760
f 1795 1796 1760
f 1760 1796 1761
f 1796 1797 1761
f 1761 1797 1762
f 1797 1798 1762
f 1762 1798 1763
f 1798 1799 1763
f 1763 1799 1764
f 1799 1800 1764
f 1764 1800 1765
f 1800 1801 1765
f 1765 1801 1766
f 1801 1802 1766
f 1766 1802 1767
f 1802 1803 1767
f 1767 1803 1768
f 1803 1804 1768
f 1768 1804 1769
f 1804 1805 1769
f 1769 1805 1770
f 1805 1806 1770
f 1770 1806 1771
f 1806 1807 1771
f 1771 1807 1772
f 1807 1808 1772
f 1772 1808 1773
f 1808 1809 1773
f 1773 1809 1774
f 1809 1810 1774
f 1774 1810 1775
f 1810 1811 1775
f 1775 1811 1776
f 1811 1812 1776
f 1776 1812 1777
f 1812 1813 1777
f 1777 1813 1778
f 1813 1814 1778
f 1778 1814 1779
f 1814 1815 1779
f 1779 1815 1780
f 1815 1816 1780
f 1780 1816 1781
f 1816 1817 1781
f 1781 1817 1782
f 1817 1818 1782
f 1782 1818 1783
f 1818 1819 1783
f 1783 1819 1784
f 1819 1820 1784
f 1784 1820 1785
f 1820 1821 1785
f 1785 1821 1786
f 1821 1822 1786
f 1786 1822 1787
f 1822 1823 1787
f 1787 1823 1788
f 1823 1824 1788
f 1788 1824 1789
f 1824 1825 1789
f 1789 1825 1790
f 1825 1826 1790
f 1790 1826 1791
f 1826 3 1791
f 7 1827 1792
f 1827 1828 1792
f 1792 1828 1793
f 1828 1829 1793
f 1793 1829 1794
f 1829 1830 1794
f 1794 1830 1795
f 1830 1831 1795
f 1795 1831 1796
f 1831 1832 1796
f 1796 1832 1797
f 1832 1833 1797
f 1797 1833 1798
f 1833 1834 1798
f 1798 1834 1799
f 1834 1835 1799
f 1799 1835 1800
f 1835 1836 1800
f 1800 1836 1801
f 1836 1837 1801
f 1801 1837 1802
f 1837 1838 1802
f 1802 1838 1803
f 1838 1839 1803
f 1803 1839 1804
f 1839 1840 1804
f 1804 1840 1805
f 1840 1841 1805
f 1805 1841 1806
f 1841 1842 1806
f 1806 1842 1807
f 1842 1843 1807
f 1807 1843 1808
f 1843 1844 1808
f 1808 1844 1809
f 1844 1845 1809
f 1809 1845 1810
f 1845 1846 1810
f 1810 1846 1811
f 1846 1847 1811
f 1811 1847 1812
f 1847 1848 1812
f 1812 1848 1813
f 1848 1849 1813
f 1813 1849 1814
f 1849 1850 1814
f 1814 1850 1815
f 1850 1851 1815
f 1815 1851 1816
f 1851 1852 1816
f 1816 1852 1817
f 1852 1853 1817
f 1817 1853 1818
f 1853 1854 1818
f 1818 1854 1819
f 1854 1855 1819
f 1819 1855 1820
f 1855 1856 1820
f 1820 1856 1821
f 1856 1857 1821
f 1821 1857 1822
f 1857 1858 1822
f 1822 1858 1823
f 1858 1859 1823
f 1823 1859 1824
f 1859 1860 1824
f 1824 1860 1825
f 1860 1861 1825
f 1825 1861 1826
f 1861 3 1826
f 7 1862 1827
f 1862 1863 1827
f 1827 1863 1828
f 1863 1864 1828
f 1828 1864 1829
f 1864 1865 1829
f 1829 1865 1830
f 1865 1866 1830
f 1830 1866 1831
f 1866 1867 1831
f 1831 1867 1832
f 1867 1868 1832
f 1832 1868 1833
f 1868 1869 1833
f 1833 1869 1834
f 1869 1870 1834
f 1834 1870 1835
f 1870 1871 1835
f 1835 1871 1836
f 1871 1872 1836
f 1836 1872 1837
f 1872 1873 1837
f 1837 1873 1838
f 1873 1874 1838
f 1838 1874 1839
f 1874 1875 1839
f 1839 1875 1840
f 1875 1876 1840
f 1840 1876 1841
f 1876 1877 1841
f 1841 1877 1842
f 1877 1878 1842
f 1842 1878 1843
f 1878 1879 1843
f 1843 1879 1844
f 1879 1880 1844
f 1844 1880 1845
f 1880 1881 1845
f 1845 1881 1846
f 1881 1882 1846
f 1846 1882 1847
f 1882 1883 1847
f 1847 1883 1848
f 1883 1884 1848
f 1848 1884 1849
f 1884 1885 1849
f 1849 1885 1850
f 1885 1886 1850
f 1850 1886 1851
f 1886 1887 1851
f 1851 1887 1852
f 1887 1888 1852
f 1852 1888 1853
f 1888 1889 1853
f 1853 1889 1854
f 1889 1890 1854
f 1854 1890 1855
f 1890 1891 1855
f 1855 1891 1856
f 1891 1892 1856
f 1856 1892 1857
f 1892 1893 1857
f 1857 1893 1858
f 1893 1894 1858
f 1858 1894 1859
f 1894 1895 1859
f 1859 1895 1860
f 1895 1896 1860
f 1860 1896 1861
f 1896 3 1861
f 7 1897 1862
f 1897 1898 1862
f 1862 1898 1863
f 1898 1899 1863
f 1863 1899 1864
f 1899 1900 1864
f 1864 1900 1865
f 1900 1901 1865
f 1865 1901 1866
f 1901 1902 1866
f 1866 1902 1867
f 1902 1903 1867
f 1867 1903 1868
f 1903 1904 1868
f 1868 1904 1869
f 1904 1905 1869
f 1869 1905 1870
f 1905 1906 1870
f 1870 1906 1871
f 1906 1907 1871
f 1871 1907 1872
f 1907 1908 1872
f 1872 1908 1873
f 1908 1909 1873
f 1873 1909 1874
f 1909 1910 1874
f 1874 1910 1875
f 1910 1911 1875
f 1875 1911 1876
f 1911 1912 1876
f 1876 1912 1877
f 1912 1913 1877
f 1877 1913 1878
f 1913 1914 1878
f 1878 1914 1879
f 1914 1915 1879
f 1879 1915 1880
f 1915 1916 1880
f 1880 1916 1881
f 1916 1917 1881
f 1881 1917 1882
f 1917 1918 1882
f 1882 1918 1883
f 1918 1919 1883
f 1883 1919 1884
f 1919 1920 1884
f 1884 1920 1885
f 1920 1921 1885
f 1885 1921 1886
f 1921 1922 1886
f 1886 1922 1887
f 1922 1923 1887
f 1887 1923 1888
f 1923 1924 1888
f 1888 1924 1889
f 1924 1925 1889
f 1889 1925 1890
f 1925 1926 1890
f 1890 1926 1891
f 1926 1927 1891
f 1891 1927 1892
f 1927 1928 1892
f 1892 1928 1893
f 1928 1929 1893
f 1893 1929 1894
f 1929 1930 1894
f 1894 1930 1895
f 1930 1931 1895
f 1895 1931 1896
f 1931 3 1896
f 7 1932 1897
f 1932 1933 1897
f 1897 1933 1898
f 1933 1934 1898
f 1898 1934 1899
f 1934 1935 1899
f 1899 1935 1900
f 1935 1936 1900
f 1900 1936 1901
f 1936 1937 1901
f 1901 1937 1902
f 1937 1938 1902
f 1902 1938 1903
f 1938 1939 1903
f 1903 1939 1904
f 1939 1940 1904
f 1904 1940 1905
f 1940 1941 1905
f 1905 1941 1906
f 1941 1942 1906
f 1906 1942 1907
f 1942 1943 1907
f 1907 1943 1908
f 1943 1944 1908
f 1908 1944 1909
f 1944 1945 1909
f 1909 1945 1910
f 1945 1946 1910
f 1910 1946 1911
f 1946 1947 1911
f 1911 1947 1912
f 1947 1948 1912
f 1912 1948 1913
f 1948 1949 1913
f 1913 1949 1914
f 1949 1950 1914
f 1914 1950 1915
f 1950 1951 1915
f 1915 1951 1916
f 1951 1952 1916
f 1916 1952 1917
f 1952 1953 1917
f 1917 1953 1918
f 1953 1954 1918
f 1918 1954 1919
f 1954 1955 1919
f 1919 1955 1920
f 1955 1956 1920
f 1920 1956 1921
f 1956 1957 1921
f 1921 1957 1922
f 1957 1958 1922
f 1922 1958 1923
f 1958 1959 1923
f 1923 1959 1924
f 1959 1960 1924
f 1924 1960 1925
f 1960 1961 1925
f 1925 1961 1926
f 1961 1962 1926
f 1926 1962 1927
f 1962 1963 1927
f 1927 1963 1928
f 1963 1964 1928
f 1928 1964 1929
f 1964 1965 1929
f 1929 1965 1930
f 1965 1966 1930
f 1930 1966 1931
f 1966 3 1931
f 7 1967 1932
f 1967 1968 1932
f 1932 1968 1933
f 1968 1969 1933
f 1933 1969 1934
f 1969 1970 1934
f 1934 1970 1935
f 1970 1971 1935
f 1935 1971 1936
f 1971 1972 1936
f 1936 1972 1937
f 1972 1973 1937
f 1937 1973 1938
f 1973 1974 1938
f 1938 1974 1939
f 1974 1975 1939
f 1939 1975 1940
f 1975 1976 1940
f 1940 1976 1941
f 1976 1977 1941
f 1941 1977 1942
f 1977 1978 1942
f 1942 1978 1943
f 1978 1979 1943
f 1943 1979 1944
f 1979 1980 1944
f 1944 1980 1945
f 1980 1981 1945
f 1945 1981 1946
f 1981 1982 1946
f 1946 1982 1947
f 1982 1983 1947
f 1947 1983 1948
f 1983 1984 1948
f 1948 1984 1949
f 1984 1985 1949
f 1949 1985 1950
f 1985 1986 1950
f 1950 1986 1951
f 1986 1987 1951
f 1951 1987 1952
f 1987 1988 1952
f 1952 1988 1953
f 1988 1989 1953
f 1953 1989 1954
f 1989 1990 1954
f 1954 1990 1955
f 1990 1991 1955
f 1955 1991 1956
f 1991 1992 1956
f 1956 1992 1957
f 1992 1993 1957
f 1957 1993 1958
f 1993 1994 1958
f 1958 1994 1959
f 1994 1995 1959
f 1959 1995 1960
f 1995 1996 1960
f 1960 1996 1961
f 1996 1997 1961
f 1961 1997 1962
f 1997 1998 1962
f 1962 1998 1963
f 1998 1999 1963
f 1963 1999 1964
f 1999 2000 1964
f 1964 2000 1965
f 2000 2001 1965
f 1965 2001 1966
f 2001 3 1966
f 7 2002 1967
f 2002 2003 1967
f 1967 2003 1968
f 2003 2004 1968
f 1968 2004 1969
f 2004 2005 1969
f 1969 2005 1970
f 2005 2006 1970
f 1970 2006 1971
f 2006 2007 1971
f 1971 2007 1972
f 2007 2008 1972
f 1972 2008 1973
f 2008 2009 1973
f 1973 2009 1974
f 2009 2010 1974
f 1974 2010 1975
f 2010 2011 1975
f 1975 2011 1976
f 2011 2012 1976
f 1976 2012 1977
f 2012 2013 1977
f 1977 2013 1978
f 2013 2014 1978
f 1978 2014 1979
f 2014 2015 1979
f 1979 2015 1980
f 2015 2016 1980
f 1980 2016 1981
f 2016 2017 1981
f 1981 2017 1982
f 2017 2018 1982
f 1982 2018 1983
f 2018 2019 1983
f 1983 2019 1984
f 2019 2020 1984
f 1984 2020 1985
f 2020 2021 1985
f 1985 2021 1986
f 2021 2022 1986
f 1986 2022 1987
f 2022 2023 1987
f 1987 2023 1988
f 2023 2024 1988
f 1988 2024 1989
f 2024 2025 1989
f 1989 2025 1990
f 2025 2026 1990
f 1990 2026 1991
f 2026 2027 1991
f 1991 2027 1992
f 2027 2028 1992
f 1992 2028 1993
f 2028 2029 1993
f 1993 2029 1994
f 2029 2030 1994
f 1994 2030 1995
f 2030 2031 1995
f 1995 2031 1996
f 2031 2032 1996
f 1996 2032 1997
f 2032 2033 1997
f 1997 2033 1998
f 2033 2034 1998
f 1998 2034 1999
f 2034 2035 1999
f 1999 2035 2000
f 2035 2036 2000
f 2000 2036 2001
f 2036 3 2001
f 7 2037 2002
f 2037 2038 2002
f 2002 2038 2003
f 2038 2039 2003
f 2003 2039 2004
f 2039 2040 2004
f 2004 2040 2005
f 2040 2041 2005
f 2005 2041 2006
f 2041 2042 2006
f 2006 2042 2007
f 2042 2043 2007
f 2007 2043 2008
f 2043 2044 2008
f 2008 2044 2009
f 2044 2045 2009
f 2009 2045 2010
f 2045 2046 2010
f 2010 2046 2011
f 2046 2047 2011
f 2011 2047 2012
f 2047 2048 2012
f 2012 2048 2013
f 2048 2049 2013
f 2013 2049 2014
f 2049 2050 2014
f 2014 2050 2015
f 2050 2051 2015
f 2015 2051 2016
f 2051 2052 2016
f 2016 2052 2017
f 2052 2053 2017
f 2017 2053 2018
f 2053 2054 2018
f 2018 2054 2019
f 2054 2055 2019
f 2019 2055 2020
f 2055 2056 2020
f 2020 2056 2021
f 2056 2057 2021
f 2021 2057 2022
f 2057 2058 2022
f 2022 2058 2023
f 2058 2059 2023
f 2023 2059 2024
f 2059 2060 2024
f 2024 2060 2025
f 2060 2061 2025
f 2025 2061 2026
f 2061 2062 2026
f 2026 2062 2027
f 2062 2063 2027
f 2027 2063 2028
f 2063 2064 2028
f 2028 2064 2029
f 2064 2065 2029
f 2029 2065 2030
f 2065 2066 2030
f 2030 2066 2031
f 2066 2067 2031
f 2031 2067 2032
f 2067 2068 2032
f 2032 2068 2033
f 2068 2069 2033
f 2033 2069 2034
f 2069 2070 2034
f 2034 2070 2035
f 2070 2071 2035
f 2035 2071 2036
f 2071 3 2036
f 7 2072 2037
f 2072 2073 2037
f 2037 2073 2038
f 2073 2074 2038
f 2038 2074 2039
f 2074 2075 2039
f 2039 2075 2040
f 2075 2076 2040
f 2040 2076 2041
f 2076 2077 2041
f 2041 2077 2042
f 2077 2078 2042
f 2042 2078 2043
f 2078 2079 2043
f 2043 2079 2044
f 2079 2080 2044
f 2044 2080 2045
f 2080 2081 2045
f 2045 2081 2046
f 2081 2082 2046
f 2046 2082 2047
f 2082 2083 2047
f 2047 2083 2048
f 2083 2084 2048
f 2048 2084 2049
f 2084 2085 2049
f 2049 2085 2050
f 2085 2086 2050
f 2050 2086 2051
f 2086 2087 2051
f 2051 2087 2052
f 2087 2088 2052
f 2052 2088 2053
f 2088 2089 2053
f 2053 2089 2054
f 2089 2090 2054
f 2054 2090 2055
f 2090 2091 2055
f 2055 2091 2056
f 2091 2092 2056
f 2056 2092 2057
f 2092 2093 2057
f 2057 2093 2058
f 2093 2094 2058
f 2058 2094 2059
f 2094 2095 2059
f 2059 2095 2060
f 2095 2096 2060
f 2060 2096 2061
f 2096 2097 2061
f 2061 2097 2062
f 2097 2098 2062
f 2062 2098 2063
f 2098 2099 2063
f 2063 2099 2064
f 2099 2100 2064
f 2064 2100 2065
f 2100 2101 2065
f 2065 2101 2066
f 2101 2102 2066
f 2066 2102 2067
f 2102 2103 2067
f 2067 2103 2068
f 2103 2104 2068
f 2068 2104 2069
f 2104 2105 2069
f 2069 2105 2070
f 2105 2106 2070
f 2070 2106 2071
f 2106 3 2071
f 7 2107 2072
f 2107 2108 2072
f 2072 2108 2073
f 2108 2109 2073
f 2073 2109 2074
f 2109 2110 2074
f 2074 2110 2075
f 2110 2111 2075
f 2075 2111 2076
f 2111 2112 2076
f 2076 2112 2077
f 2112 2113 2077
f 2077 2113 2078
f 2113 2114 2078
f 2078 2114 2079
f 2114 2115 2079
f 2079 2115 2080
f 2115 2116 2080
f 2080 2116 2081
f 2116 2117 2081
f 2081 2117 2082
f 2117 2118 2082
f 2082 2118 2083
f 2118 2119 2083
f 2083 2119 2084
f 2119 2120 2084
f 2084 2120 2085
f 2120 2121 2085
f 2085 2121 2086
f 2121 2122 2086
f 2086 2122 2087
f 2122 2123 2087
f 2087 2123 2088
f 2123 2124 2088
f 2088 2124 2089
f 2124 2125 2089
f 2089 2125 2090
f 2125 2126 2090
f 2090 2126 2091
f 2126 2127 2091
f 2091 2127 2092
f 2127 2128 2092
f 2092 2128 2093
f 2128 2129 2093
f 2093 2129 2094
f 2129 2130 2094
f 2094 2130 2095
f 2130 2131 2095
f 2095 2131 2096
f 2131 2132 2096
f 2096 2132 2097
f 2132 2133 2097
f 2097 2133 2098
f 2133 2134 2098
f 2098 2134 2099
f 2134 2135 2099
f 2099 2135 2100
f 2135 2136 2100
f 2100 2136 2101
f 2136 2137 2101
f 2101 2137 2102
f 2137 2138 2102
f 2102 2138 2103
f 2138 2139 2103
f 2103 2139 2104
f 2139 2140 2104
f 2104 2140 2105
f 2140 2141 2105
f 2105 2141 2106
f 2141 3 2106
f 7 2142 2107
f 2142 2143 2107
f 2107 2143 2108
f 2143 2144 2108
f 2108 2144 2109
f 2144 2145 2109
f 2109 2145 2110
f 2145 2146 2110
f 2110 2146 2111
f 2146 2147 2111
f 2111 2147 2112
f 2147 2148 2112
f 2112 2148 2113
f 2148 2149 2113
f 2113 2149 2114
f 2149 2150 2114
f 2114 2150 2115
f 2150 2151 2115
f 2115 2151 2116
f 2151 2152 2116
f 2116 2152 2117
f 2152 2153 2117
f 2117 2153 2118
f 2153 2154 2118
f 2118 2154 2119
f 2154 2155 2119
f 2119 2155 2120
f 2155 2156 2120
f 2120 2156 2121
f 2156 2157 2121
f 2121 2157 2122
f 2157 2158 2122
f 2122 2158 2123
f 2158 2159 2123
f 2123 2159 2124
f 2159 2160 2124
f 2124 2160 2125
f 2160 2161 2125
f 2125 2161 2126
f 2161 2162 2126
f 2126 2162 2127
f 2162 2163 2127
f 2127 2163 2128
f 2163 2164 2128
f 2128 2164 2129
f 2164 2165 2129
f 2129 2165 2130
f 2165 2166 2130
f 2130 2166 2131
f 2166 2167 2131
f 2131 2167 2132
f 2167 2168 2132
f 2132 2168 2133
f 2168 2169 2133
f 2133 2169 2134
f 2169 2170 2134
f 2134 2170 2135
f 2170 2171 2135
f 2135 2171 2136
f 2171 2172 2136
f 2136 2172 2137
f 2172 2173 2137
f 2137 2173 2138
f 2173 2174 2138
f 2138 2174 2139
f 2174 2175 2139
f 2139 2175 2140
f 2175 2176 2140
f 2140 2176 2141
f 2176 3 2141
f 7 2177 2142
f 2177 2178 2142
f 2142 2178 2143
f 2178 2179 2143
f 2143 2179 2144
f 2179 2180 2144
f 2144 2180 2145
f 2180 2181 2145
f 2145 2181 2146
f 2181 2182 2146
f 2146 2182 2147
f 2182 2183 2147
f 2147 2183 2148
f 2183 2184 2148
f 2148 2184 2149
f 2184 2185 2149
f 2149 2185 2150
f 2185 2186 2150
f 2150 2186 2151
f 2186 2187 2151
f 2151 2187 2152
f 2187 2188 2152
f 2152 2188 2153
f 2188 2189 2153
f 2153 2189 2154
f 2189 2190 2154
f 2154 2190 2155
f 2190 2191 2155
f 2155 2191 2156
f 2191 2192 2156
f 2156 2192 2157
f 2192 2193 2157
f 2157 2193 2158
f 2193 2194 2158
f 2158 2194 2159
f 2194 2195 2159
f 2159 2195 2160
f 2195 2196 2160
f 2160 2196 2161
f 2196 2197 2161
f 2161 2197 2162
f 2197 2198 2162
f 2162 2198 2163
f 2198 2199 2163
f 2163 2199 2164
f 2199 2200 2164
f 2164 2200 2165
f 2200 2201 2165
f 2165 2201 2166
f 2201 2202 2166
f 2166 2202 2167
f 2202 2203 2167
f 2167 2203 2168
f 2203 2204 2168
f 2168 2204 2169
f 2204 2205 2169
f 2169 2205 2170
f 2205 2206 2170
f 2170 2206 2171
f 2206 2207 2171
f 2171 2207 2172
f 2207 2208 2172
f 2172 2208 2173
f 2208 2209 2173
f 2173 2209 2174
f 2209 2210 2174
f 2174 2210 2175
f 2210 2211 2175
f 2175 2211 2176
f 2211 3 2176
f 7 2212 2177
f 2212 2213 2177
f 2177 2213 2178
f 2213 2214 2178
f 2178 2214 2179
f 2214 2215 2179
f 2179 2215 2180
f 2215 2216 2180
f 2180 2216 2181
f 2216 2217 2181
f 2181 2217 2182
f 2217 2218 2182
f 2182 2218 2183
f 2218 2219 2183
f 2183 2219 2184
f 2219 2220 2184
f 2184 2220 2185
f 2220 2221 2185
f 2185 2221 2186
f 2221 2222 2186
f 2186 2222 2187
f 2222 2223 2187
f 2187 2223 2188
f 2223 2224 2188
f 2188 2224 2189
f 2224 2225 2189
f 2189 2225 2190
f 2225 2226 2190
f 2190 2226 2191
f 2226 2227 2191
f 2191 2227 2192
f 2227 2228 2192
f 2192 2228 2193
f 2228 2229 2193
f 2193 2229 2194
f 2229 2230 2194
f 2194 2230 2195
f 2230 2231 2195
f 2195 2231 2196
f 2231 2232 2196
f 2196 2232 2197
f 2232 2233 2197
f 2197 2233 2198
f 2233 2234 2198
f 2198 2234 2199
f 2234 2235 2199
f 2199 2235 2200
f 2235 2236 2200
f 2200 2236 2201
f 2236 2237 2201
f 2201 2237 2202
f 2237 2238 2202
f 2202 2238 2203
f 2238 2239 2203
f 2203 2239 2204
f 2239 2240 2204
f 2204 2240 2205
f 2240 2241 2205
f 2205 2241 2206
f 2241 2242 2206
f 2206 2242 2207
f 2242 2243 2207
f 2207 2243 2208
f 2243 2244 2208
f 2208 2244 2209
f 2244 2245 2209
f 2209 2245 2210
f 2245 2246 2210
f 2210 2246 2211
f 2246 3 2211
f 7 2247 2212
f 2247 2248 2212
f 2212 2248 2213
f 2248 2249 2213
f 2213 2249 2214
f 2249 2250 2214
f 2214 2250 2215
f 2250 2251 2215
f 2215 2251 2216
f 2251 2252 2216
f 2216 2252 2217
f 2252 2253 2217
f 2217 2253 2218
f 2253 2254 2218
f 2218 2254 2219
f 2254 2255 2219
f 2219 2255 2220
f 2255 2256 2220
f 2220 2256 2221
f 2256 2257 2221
f 2221 2257 2222
f 2257 2258 2222
f 2222 2258 2223
f 2258 2259 2223
f 2223 2259 2224
f 2259 2260 2224
f 2224 2260 2225
f 2260 2261 2225
f 2225 2261 2226
f 2261 2262 2226
f 2226 2262 2227
f 2262 2263 2227
f 2227 2263 2228
f 2263 2264 2228
f 2228 2264 2229
f 2264 2265 2229
f 2229 2265 2230
f 2265 2266 2230
f 2230 2266 2231
f 2266 2267 2231
f 2231 2267 2232
f 2267 2268 2232
f 2232 2268 2233
f 2268 2269 2233
f 2233 2269 2234
f 2269 2270 2234
f 2234 2270 2235
f 2270 2271 2235
f 2235 2271 2236
f 2271 2272 2236
f 2236 2272 2237
f 2272 2273 2237
f 2237 2273 2238
f 2273 2274 2238
f 2238 2274 2239
f 2274 2275 2239
f 2239 2275 2240
f 2275 2276 2240
f 2240 2276 2241
f 2276 2277 2241
f 2241 2277 2242
f 2277 2278 2242
f 2242 2278 2243
f 2278 2279 2243
f 2243 2279 2244
f 2279 2280 2244
f 2244 2280 2245
f 2280 2281 2245
f 2245 2281 2246
f 2281 3 2246
f 7 2282 2247
f 2282 2283 2247
f 2247 2283 2248
f 2283 2284 2248
f 2248 2284 2249
f 2284 2285 2249
f 2249 2285 2250
f 2285 2286 2250
f 2250 2286 2251
f 2286 2287 2251
f 2251 2287 2252
f 2287 2288 2252
f 2252 2288 2253
f 2288 2289 2253
f 2253 2289 2254
f 2289 2290 2254
f 2254 2290 2255
f 2290 2291 2255
f 2255 2291 2256
f 2291 2292 2256
f 2256 2292 2257
f 2292 2293 2257
f 2257 2293 2258
f 2293 2294 2258
f 2258 2294 2259
f 2294 2295 2259
f 2259 2295 2260
f 2295 2296 2260
f 2260 2296 2261
f 2296 2297 2261
f 2261 2297 2262
f 2297 2298 2262
f 2262 2298 2263
f 2298 2299 2263
f 2263 2299 2264
f 2299 2300 2264
f 2264 2300 2265
f 2300 2301 2265
f 2265 2301 2266
f 2301 2302 2266
f 2266 2302 2267
f 2302 2303 2267
f 2267 2303 2268
f 2303 2304 2268
f 2268 2304 2269
f 2304 2305 2269
f 2269 2305 2270
f 2305 2306 2270
f 2270 2306 2271
f 2306 2307 2271
f 2271 2307 2272
f 2307 2308 2272
f 2272 2308 2273
f 2308 2309 2273
f 2273 2309 2274
f 2309 2310 2274
f 2274 2310 2275
f 2310 2311 2275
f 2275 2311 2276
f 2311 2312 2276
f 2276 2312 2277
f 2312 2313 2277
f 2277 2313 2278
f 2313 2314 2278
f 2278 2314 2279
f 2314 2315 2279
f 2279 2315 2280
f 2315 2316 2280
f 2280 2316 2281
f 2316 3 2281
f 7 2317 2282
f 2317 2318 2282
f 2282 2318 2283
f 2318 2319 2283
f 2283 2319 2284
f 2319 2320 2284
f 2284 2320 2285
f 2320 2321 2285
f 2285 2321 2286
f 2321 2322 2286
f 2286 2322 2287
f 2322 2323 2287
f 2287 2323 2288
f 2323 2324 2288
f 2288 2324 2289
f 2324 2325 2289
f 2289 2325 2290
f 2325 2326 2290
f 2290 2326 2291
f 2326 2327 2291
f 2291 2327 2292
f 2327 2328 2292
f 2292 2328 2293
f 2328 2329 2293
f 2293 2329 2294
f 2329 2330 2294
f 2294 2330 2295
f 2330 2331 2295
f 2295 2331 2296
f 2331 2332 2296
f 2296 2332 2297
f 2332 2333 2297
f 2297 2333 2298
f 2333 2334 2298
f 2298 2334 2299
f 2334 2335 2299
f 2299 2335 2300
f 2335 2336 2300
f 2300 2336 2301
f 2336 2337 2301
f 2301 2337 2302
f 2337 2338 2302
f 2302 2338 2303
f 2338 2339 2303
f 2303 2339 2304
f 2339 2340 2304
f 2304 2340 2305
f 2340 2341 2305
f 2305 2341 2306
f 2341 2342 2306
f 2306 2342 2307
f 2342 2343 2307
f 2307 2343 2308
f 2343 2344 2308
f 2308 2344 2309
f 2344 2345 2309
f 2309 2345 2310
f 2345 2346 2310
f 2310 2346 2311
f 2346 2347 2311
f 2311 2347 2312
f 2347 2348 2312
f 2312 2348 2313
f 2348 2349 2313
f 2313 2349 2314
f 2349 2350 2314
f 2314 2350 2315
f 2350 2351 2315
f 2315 2351 2316
f 2351 3 2316
f 7 2352 2317
f 2352 2353 2317
f 2317 2353 2318
f 2353 2354 2318
f 2318 2354 2319
f 2354 2355 2319
f 2319 2355 2320
f 2355 2356 2320
f 2320 2356 2321
f 2356 2357 2321
f 2321 2357 2322
f 2357 2358 2322
f 2322 2358 2323
f 2358 2359 2323
f 2323 2359 2324
f 2359 2360 2324
f 2324 2360 2325
f 2360 2361 2325
f 2325 2361 2326
f 2361 2362 2326
f 2326 2362 2327
f 2362 2363 2327
f 2327 2363 2328
f 2363 2364 2328
f 2328 2364 2329
f 2364 2365 2329
f 2329 2365 2330
f 2365 2366 2330
f 2330 2366 2331
f 2366 2367 2331
f 2331 2367 2332
f 2367 2368 2332
f 2332 2368 2333
f 2368 2369 2333
f 2333 2369 2334
f 2369 2370 2334
f 2334 2370 2335
f 2370 2371 2335
f 2335 2371 2336
f 2371 2372 2336
f 2336 2372 2337
f 2372 2373 2337
f 2337 2373 2338
f 2373 2374 2338
f 2338 2374 2339
f 2374 2375 2339
f 2339 2375 2340
f 2375 2376 2340
f 2340 2376 2341
f 2376 2377 2341
f 2341 2377 2342
f 2377 2378 2342
f 2342 2378 2343
f 2378 2379 2343
f 2343 2379 2344
f 2379 2380 2344
f 2344 2380 2345
f 2380 2381 2345
f 2345 2381 2346
f 2381 2382 2346
f 2346 2382 2347
f 2382 2383 2347
f 2347 2383 2348
f 2383 2384 2348
f 2348 2384 2349
f 2384 2385 2349
f 2349 2385 2350
f 2385 2386 2350
f 2350 2386 2351
f 2386 3 2351
f 7 2387 2352
f 2387 2388 2352
f 2352 2388 2353
f 2388 2389 2353
f 2353 2389 2354
f 2389 2390 2354
f 2354 2390 2355
f 2390 2391 2355
f 2355 2391 2356
f 2391 2392 2356
f 2356 2392 2357
f 2392 2393 2357
f 2357 2393 2358
f 2393 2394 2358
f 2358 2394 2359
f 2394 2395 2359
f 2359 2395 2360
f 2395 2396 2360
f 2360 2396 2361
f 2396 2397 2361
f 2361 2397 2362
f 2397 2398 2362
f 2362 2398 2363
f 2398 2399 2363
f 2363 2399 2364
f 2399 2400 2364
f 2364 2400 2365
f 2400 2401 2365
f 2365 2401 2366
f 2401 2402 2366
f 2366 2402 2367
f 2402 2403 2367
f 2367 2403 2368
f 2403 2404 2368
f 2368 2404 2369
f 2404 2405 2369
f 2369 2405 2370
f 2405 2406 2370
f 2370 2406 2371
f 2406 2407 2371
f 2371 2407 2372
f 2407 2408 2372
f 2372 2408 2373
f 2408 2409 2373
f 2373 2409 2374
f 2409 2410 2374
f 2374 2410 2375
f 2410 2411 2375
f 2375 2411 2376
f 2411 2412 2376
f 2376 2412 2377
f 2412 2413 2377
f 2377 2413 2378
f 2413 2414 2378
f 2378 2414 2379
f 2414 2415 2379
f 2379 2415 2380
f 2415 2416 2380
f 2380 2416 2381
f 2416 2417 2381
f 2381 2417 2382
f 2417 2418 2382
f 2382 2418 2383
f 2418 2419 2383
f 2383 2419 2384
f 2419 2420 2384
f 2384 2420 2385
f 2420 2421 2385
f 2385 2421 2386
f 2421 3 2386
f 7 2422 2387
f 2422 2423 2387
f 2387 2423 2388
f 2423 2424 2388
f 2388 2424 2389
f 2424 2425 2389
f 2389 2425 2390
f 2425 2426 2390
f 2390 2426 2391
f 2426 2427 2391
f 2391 2427 2392
f 2427 2428 2392
f 2392 2428 2393
f 2428 2429 2393
f 2393 2429 2394
f 2429 2430 2394
f 2394 2430 2395
f 2430 2431 2395
f 2395 2431 2396
f 2431 2432 2396
f 2396 2432 2397
f 2432 2433 2397
f 2397 2433 2398
f 2433 2434 2398
f 2398 2434 2399
f 2434 2435 2399
f 2399 2435 2400
f 2435 2436 2400
f 2400 2436 2401
f 2436 2437 2401
f 2401 2437 2402
f 2437 2438 2402
f 2402 2438 2403
f 2438 2439 2403
f 2403 2439 2404
f 2439 2440 2404
f 2404 2440 2405
f 2440 2441 2405
f 2405 2441 2406
f 2441 2442 2406
f 2406 2442 2407
f 2442 2443 2407
f 2407 2443 2408
f 2443 2444 2408
f 2408 2444 2409
f 2444 2445 2409
f 2409 2445 2410
f 2445 2446 2410
f 2410 2446 2411
f 2446 2447 2411
f 2411 2447 2412
f 2447 2448 2412
f 2412 2448 2413
f 2448 2449 2413
f 2413 2449 2414
f 2449 2450 2414
f 2414 2450 2415
f 2450 2451 2415
f 2415 2451 2416
f 2451 2452 2416
f 2416 2452 2417
f 2452 2453 2417
f 2417 2453 2418
f 2453 2454 2418
f 2418 2454 2419
f 2454 2455 2419
f 2419 2455 2420
f 2455 2456 2420
f 2420 2456 2421
f 2456 3 2421
f 2453 2457 2454
f 2457 2458 2454
f 2454 2458 2455
f 2458 2459 2455
f 2455 2459 2456
f 2459 3 2456
f 11 2460 2461
f 2460 2462 2461
f 2461 2462 2463
f 2462 2464 2463
f 2463 2464 2465
f 2464 2466 2465
f 2465 2466 2467
f 2466 2468 2467
f 2467 2468 2469
f 2468 2470 2469
f 2469 2470 2471
f 2470 2472 2471
f 2471 2472 2473
f 2472 2474 2473
f 2473 2474 2475
f 2474 2476 2475
f 2475 2476 2477
f 2476 2478 2477
f 2477 2478 2479
f 2478 2480 2479
f 2479 2480 2481
f 2480 2482 2481
f 2481 2482 2483
f 2482 2484 2483
f 2483 2484 2485
f 2484 2486 2485
f 2485 2486 2487
f 2486 2488 2487
f 2487 2488 2489
f 2488 2490 2489
f 2489 2490 2491
f 2490 2492 2491
f 2491 2492 2493
f 2492 2494 2493
f 2493 2494 2495
f 2494 2496 2495
f 2495 2496 2497
f 2496 2498 2497
f 2497 2498 2499
f 2498 2500 2499
f 2499 2500 2501
f 2500 2502 2501
f 2501 2502 2503
f 2502 2504 2503
f 2503 2504 2505
f 2504 2506 2505
f 2505 2506 2507
f 2506 2508 2507
f 2507 2508 2509
f 2508 2510 2509
f 2509 2510 2511
f 2510 2512 2511
f 2511 2512 2513
f 2512 2514 2513
f 2513 2514 2515
f 2514 2516 2515
f 2515 2516 2517
f 2516 2518 2517
f 2517 2518 2519
f 2518 2520 2519
f 2519 2520 2457
f 2520 2521 2457
f 2457 2521 2458
f 2521 2522 2458
f 2458 2522 2459
f 2522 3 2459
f 2460 661 2462
f 661 663 2462
f 2462 663 2464
f 663 665 2464
f 2464 665 2466
f 665 667 2466
f 2466 667 2468
f 667 669 2468
f 2468 669 2470
f 669 671 2470
f 2470 671 2472
f 671 673 2472
f 2472 673 2474
f 673 675 2474
f 2474 675 2476
f 675 677 2476
f 2476 677 2478
f 677 679 2478
f 2478 679 2480
f 679 681 2480
f 2480 681 2482
f 681 683 2482
f 2482 683 2484
f 683 685 2484
f 2484 685 2486
f 685 687 2486
f 2486 687 2488
f 687 689 2488
f 2488 689 2490
f 689 691 2490
f 2490 691 2492
f 691 693 2492
f 2492 693 2494
f 693 695 2494
f 2494 695 2496
f 695 697 2496
f 2496 697 2498
f 697 699 2498
f 2498 699 2500
f 699 701 2500
f 2500 701 2502
f 701 703 2502
f 2502 703 2504
f 703 705 2504
f 2504 705 2506
f 705 707 2506
f 2506 707 2508
f 707 709 2508
f 2508 709 2510
f 709 711 2510
f 2510 711 2512
f 711 713 2512
f 2512 713 2514
f 713 715 2514
f 2514 715 2516
f 715 717 2516
f 2516 717 2518
f 717 719 2518
f 2518 719 2520
f 719 721 2520
f 2520 721 2521
f 721 723 2521
f 2521 723 2522
f 723 3 2522
f 3 1198 1267
f 1198 1200 1267
f 1267 1200 1269
f 1200 1202 1269
f 1269 1202 1271
f 1202 1204 1271
f 1271 1204 1273
f 1204 1206 1273
f 1273 1206 1275
f 1206 1208 1275
f 1275 1208 1277
f 1208 1210 1277
f 1277 1210 1279
f 1210 1212 1279
f 1279 1212 1281
f 1212 1214 1281
f 1281 1214 1283
f 1214 1216 1283
f 1283 1216 1285
f 1216 1218 1285
f 1285 1218 1287
f 1218 1220 1287
f 1287 1220 1289
f 1220 1222 1289
f 1289 1222 1291
f 1222 1224 1291
f 1291 1224 1293
f 1224 1226 1293
f 1293 1226 1295
f 1226 1228 1295
f 1295 1228 1297
f 1228 1230 1297
f 1297 1230 1299
f 1230 1232 1299
f 1299 1232 1301
f 1232 1234 1301
f 1301 1234 1303
f 1234 1236 1303
f 1303 1236 1305
f 1236 1238 1305
f 1305 1238 1307
f 1238 1240 1307
f 1307 1240 1309
f 1240 1242 1309
f 1309 1242 1311
f 1242 1244 1311
f 1311 1244 1313
f 1244 1246 1313
f 1313 1246 1315
f 1246 1248 1315
f 1315 1248 1317
f 1248 1250 1317
f 1317 1250 1319
f 1250 1252 1319
f 1319 1252 1321
f 1252 1254 1321
f 1321 1254 1323
f 1254 1256 1323
f 1323 1256 1325
f 1256 1258 1325
f 1325 1258 1327
f 1258 1260 1327
f 1327 1260 1329
f 1260 1262 1329
f 1329 1262 1331
f 1262 1264 1331
f 1331 1264 1333
f 1264 1266 1333
f 1333 1266 1335
f 1266 7 1335
f 1197 657 1199
f 657 621 1199
f 1199 621 1201
f 621 586 1201
f 1201 586 1203
f 586 552 1203
f 1203 552 1205
f 552 519 1205
f 1205 519 1207
f 519 487 1207
f 1207 487 1209
f 487 456 1209
f 1209 456 1211
f 456 426 1211
f 1211 426 1213
f 426 397 1213
f 1213 397 1215
f 397 369 1215
f 1215 369 1217
f 369 342 1217
f 1217 342 1219
f 342 316 1219
f 1219 316 1221
f 316 291 1221
f 1221 291 1223
f 291 267 1223
f 1223 267 1225
f 267 244 1225
f 1225 244 1227
f 244 222 1227
f 1227 222 1229
f 222 201 1229
f 1229 201 1231
f 201 181 1231
f 1231 181 1233
f 181 162 1233
f 1233 162 1235
f 162 144 1235
f 1235 144 1237
f 144 127 1237
f 1237 127 1239
f 127 111 1239
f 1239 111 1241
f 111 96 1241
f 1241 96 1243
f 96 82 1243
f 1243 82 1245
f 82 69 1245
f 1245 69 1247
f 69 57 1247
f 1247 57 1249
f 57 46 1249
f 1249 46 1251
f 46 35 1251
f 1251 35 1253
f 35 28 1253
f 1253 28 1255
f 28 22 1255
f 1255 22 1257
f 22 17 1257
f 1257 17 1259
f 17 13 1259
f 1259 13 1261
f 13 4 1261
f 1261 4 1263
f 4 6 1263
f 1263 6 1265
f 6 7 1265
f 658 622 1130
f 622 625 1130
f 1130 625 1132
f 625 626 1132
f 1132 626 1134
f 626 627 1134
f 1134 627 1136
f 627 628 1136
f 1136 628 1138
f 628 629 1138
f 1138 629 1140
f 629 630 1140
f 1140 630 1142
f 630 631 1142
f 1142 631 1144
f 631 632 1144
f 1144 632 1146
f 632 633 1146
f 1146 633 1148
f 633 634 1148
f 1148 634 1150
f 634 635 1150
f 1150 635 1152
f 635 636 1152
f 1152 636 1154
f 636 637 1154
f 1154 637 1156
f 637 638 1156
f 1156 638 1158
f 638 639 1158
f 1158 639 1160
f 639 640 1160
f 1160 640 1162
f 640 641 1162
f 1162 641 1164
f 641 642 1164
f 1164 642 1166
f 642 643 1166
f 1166 643 1168
f 643 644 1168
f 1168 644 1170
f 644 645 1170
f 1170 645 1172
f 645 646 1172
f 1172 646 1174
f 646 647 1174
f 1174 647 1176
f 647 648 1176
f 1176 648 1178
f 648 649 1178
f 1178 649 1180
f 649 650 1180
f 1180 650 1182
f 650 651 1182
f 1182 651 1184
f 651 652 1184
f 1184 652 1186
f 652 653 1186
f 1186 653 1188
f 653 654 1188
f 1188 654 1190
f 654 655 1190
f 1190 655 1192
f 655 656 1192
f 1192 656 1194
f 656 657 1194
f 1194 657 1196
f 657 1197 1196
f 1196 1197 3
f 722 3 723
f 662 37 664
f 37 39 664
f 664 39 666
f 39 49 666
f 666 49 668
f 49 60 668
f 668 60 670
f 60 72 670
f 670 72 672
f 72 85 672
f 672 85 674
f 85 99 674
f 674 99 676
f 99 114 676
f 676 114 678
f 114 130 678
f 678 130 680
f 130 147 680
f 680 147 682
f 147 165 682
f 682 165 684
f 165 184 684
f 684 184 686
f 184 204 686
f 686 204 688
f 204 225 688
f 688 225 690
f 225 247 690
f 690 247 692
f 247 270 692
f 692 270 694
f 270 294 694
f 694 294 696
f 294 319 696
f 696 319 698
f 319 345 698
f 698 345 700
f 345 372 700
f 700 372 702
f 372 400 702
f 702 400 704
f 400 429 704
f 704 429 706
f 429 459 706
f 706 459 708
f 459 490 708
f 708 490 710
f 490 522 710
f 710 522 712
f 522 555 712
f 712 555 714
f 555 589 714
f 714 589 716
f 589 624 716
f 716 624 718
f 624 660 718
f 718 660 720
f 660 1 720
f 720 1 722
f 1 3 722
f 9 7 658
f 11 10 2460
f 10 1131 2460
f 2460 1131 661
f 1131 1133 661
f 661 1133 662
f 1133 1135 662
f 662 1135 37
f 1135 1137 37
f 37 1137 38
f 1137 1139 38
f 38 1139 1102
f 1139 1141 1102
f 1102 1141 1103
f 1141 1143 1103
f 1103 1143 1104
f 1143 1145 1104
f 1104 1145 1105
f 1145 1147 1105
f 1105 1147 1106
f 1147 1149 1106
f 1106 1149 1107
f 1149 1151 1107
f 1107 1151 1108
f 1151 1153 1108
f 1108 1153 1109
f 1153 1155 1109
f 1109 1155 1110
f 1155 1157 1110
f 1110 1157 1111
f 1157 1159 1111
f 1111 1159 1112
f 1159 1161 1112
f 1112 1161 1113
f 1161 1163 1113
f 1113 1163 1114
f 1163 1165 1114
f 1114 1165 1115
f 1165 1167 1115
f 1115 1167 1116
f 1167 1169 1116
f 1116 1169 1117
f 1169 1171 1117
f 1117 1171 1118
f 1171 1173 1118
f 1118 1173 1119
f 1173 1175 1119
f 1119 1175 1120
f 1175 1177 1120
f 1120 1177 1121
f 1177 1179 1121
f 1121 1179 1122
f 1179 1181 1122
f 1122 1181 1123
f 1181 1183 1123
f 1123 1183 1124
f 1183 1185 1124
f 1124 1185 1125
f 1185 1187 1125
f 1125 1187 1126
f 1187 1189 1126
f 1126 1189 1127
f 1189 1191 1127
f 1127 1191 1128
f 1191 1193 1128
f 1128 1193 1129
f 1193 1195 1129
f 1129 1195 3
f 2457 2453 2519
f 2453 2452 2519
f 2519 2452 2517
f 2452 2451 2517
f 2517 2451 2515
f 2451 2450 2515
f 2515 2450 2513
f 2450 2449 2513
f 2513 2449 2511
f 2449 2448 2511
f 2511 2448 2509
f 2448 2447 2509
f 2509 2447 2507
f 2447 2446 2507
f 2507 2446 2505
f 2446 2445 2505
f 2505 2445 2503
f 2445 2444 2503
f 2503 2444 2501
f 2444 2443 2501
f 2501 2443 2499
f 2443 2442 2499
f 2499 2442 2497
f 2442 2441 2497
f 2497 2441 2495
f 2441 2440 2495
f 2495 2440 2493
f 2440 2439 2493
f 2493 2439 2491
f 2439 2438 2491
f 2491 2438 2489
f 2438 2437 2489
f 2489 2437 2487
f 2437 2436 2487
f 2487 2436 2485
f 2436 2435 2485
f 2485 2435 2483
f 2435 2434 2483
f 2483 2434 2481
f 2434 2433 2481
f 2481 2433 2479
f 2433 2432 2479
f 2479 2432 2477
f 2432 2431 2477
f 2477 2431 2475
f 2431 2430 2475
f 2475 2430 2473
f 2430 2429 2473
f 2473 2429 2471
f 2429 2428 2471
f 2471 2428 2469
f 2428 2427 2469
f 2469 2427 2467
f 2427 2426 2467
f 2467 2426 2465
f 2426 2425 2465
f 2465 2425 2463
f 2425 2424 2463
f 2463 2424 2461
f 2424 2423 2461
f 2461 2423 11
f 2423 2422 11
f 11 2422 9
f 2422 7 9
# 5040 faces, 0 coords texture

# End of File
