####
#
# OBJ File Generated by Meshlab
#
####
# Object p__bearing__single_row_radial__open__metric_6200_series_____6200___10mm_id___30mm_od___9mm_w__2.obj
#
# Vertices: 2522
# Faces: 5040
#
####
v -0.010492 -0.002377 0.000048
v -0.010487 -0.002374 0.000072
v -0.010260 -0.002229 -0.000000
v -0.007501 -0.007970 -0.000278
v -0.007276 -0.007882 -0.000139
v -0.007285 -0.007887 -0.000118
v -0.007060 -0.007771 -0.000000
v -0.007264 -0.007875 -0.000160
v -0.006839 -0.007630 0.000095
v -0.006632 -0.007468 0.000190
v -0.006648 -0.007477 0.000235
v -0.007479 -0.007957 -0.000319
v -0.007702 -0.008016 -0.000475
v -0.007251 -0.007868 -0.000179
v -0.007453 -0.007942 -0.000357
v -0.007664 -0.007994 -0.000532
v -0.007883 -0.008023 -0.000704
v -0.007237 -0.007859 -0.000197
v -0.007425 -0.007926 -0.000393
v -0.007622 -0.007970 -0.000586
v -0.007827 -0.007991 -0.000774
v -0.008038 -0.007990 -0.000956
v -0.007222 -0.007850 -0.000214
v -0.007394 -0.007908 -0.000426
v -0.007576 -0.007943 -0.000634
v -0.007766 -0.007956 -0.000838
v -0.007963 -0.007946 -0.001036
v -0.008165 -0.007914 -0.001226
v -0.007205 -0.007841 -0.000228
v -0.007361 -0.007889 -0.000455
v -0.007526 -0.007914 -0.000678
v -0.007700 -0.007918 -0.000897
v -0.007882 -0.007899 -0.001108
v -0.008069 -0.007859 -0.001311
v -0.008261 -0.007796 -0.001504
v -0.007187 -0.007830 -0.000242
v -0.006019 -0.006675 0.000676
v -0.005909 -0.006438 0.000776
v -0.005973 -0.006475 0.000918
v -0.007325 -0.007868 -0.000481
v -0.007473 -0.007884 -0.000717
v -0.007631 -0.007878 -0.000948
v -0.007796 -0.007850 -0.001171
v -0.007967 -0.007800 -0.001386
v -0.008144 -0.007729 -0.001590
v -0.008325 -0.007637 -0.001781
v -0.007168 -0.007820 -0.000253
v -0.005892 -0.006232 0.001028
v -0.005975 -0.006280 0.001180
v -0.007288 -0.007847 -0.000504
v -0.007418 -0.007852 -0.000751
v -0.007557 -0.007835 -0.000992
v -0.007705 -0.007797 -0.001226
v -0.007860 -0.007738 -0.001450
v -0.008021 -0.007658 -0.001663
v -0.008187 -0.007558 -0.001864
v -0.008357 -0.007438 -0.002051
v -0.007149 -0.007808 -0.000262
v -0.005924 -0.006033 0.001298
v -0.006028 -0.006093 0.001454
v -0.007249 -0.007824 -0.000522
v -0.007360 -0.007818 -0.000778
v -0.007481 -0.007791 -0.001028
v -0.007611 -0.007743 -0.001271
v -0.007749 -0.007674 -0.001504
v -0.007893 -0.007584 -0.001725
v -0.008044 -0.007475 -0.001933
v -0.008199 -0.007347 -0.002126
v -0.008358 -0.007201 -0.002304
v -0.007129 -0.007797 -0.000269
v -0.006006 -0.005842 0.001576
v -0.006131 -0.005915 0.001733
v -0.007209 -0.007801 -0.000537
v -0.007300 -0.007784 -0.000800
v -0.007402 -0.007746 -0.001057
v -0.007513 -0.007687 -0.001306
v -0.007633 -0.007607 -0.001545
v -0.007761 -0.007508 -0.001773
v -0.007896 -0.007389 -0.001987
v -0.008036 -0.007252 -0.002186
v -0.008181 -0.007099 -0.002368
v -0.008330 -0.006929 -0.002532
v -0.007108 -0.007785 -0.000275
v -0.006137 -0.005663 0.001854
v -0.006283 -0.005747 0.002008
v -0.007168 -0.007777 -0.000547
v -0.007239 -0.007749 -0.000816
v -0.007321 -0.007699 -0.001078
v -0.007414 -0.007629 -0.001332
v -0.007515 -0.007539 -0.001576
v -0.007626 -0.007429 -0.001808
v -0.007744 -0.007302 -0.002026
v -0.007869 -0.007156 -0.002228
v -0.008000 -0.006994 -0.002414
v -0.008137 -0.006817 -0.002581
v -0.008277 -0.006626 -0.002729
v -0.007087 -0.007773 -0.000278
v -0.006318 -0.005495 0.002123
v -0.006484 -0.005591 0.002270
v -0.007127 -0.007753 -0.000554
v -0.007177 -0.007713 -0.000825
v -0.007239 -0.007652 -0.001090
v -0.007312 -0.007571 -0.001347
v -0.007395 -0.007470 -0.001594
v -0.007488 -0.007350 -0.001828
v -0.007590 -0.007213 -0.002049
v -0.007700 -0.007058 -0.002254
v -0.007817 -0.006888 -0.002442
v -0.007940 -0.006704 -0.002611
v -0.008069 -0.006506 -0.002761
v -0.008203 -0.006298 -0.002889
v -0.007066 -0.007761 -0.000279
v -0.006543 -0.005339 0.002376
v -0.006728 -0.005446 0.002512
v -0.007085 -0.007729 -0.000556
v -0.007115 -0.007677 -0.000828
v -0.007157 -0.007604 -0.001094
v -0.007210 -0.007512 -0.001352
v -0.007275 -0.007400 -0.001600
v -0.007350 -0.007270 -0.001835
v -0.007435 -0.007123 -0.002057
v -0.007529 -0.006960 -0.002263
v -0.007632 -0.006781 -0.002451
v -0.007743 -0.006590 -0.002621
v -0.007860 -0.006386 -0.002771
v -0.007984 -0.006171 -0.002900
v -0.008113 -0.005948 -0.003007
v -0.007045 -0.007749 -0.000278
v -0.006811 -0.005196 0.002604
v -0.007012 -0.005312 0.002725
v -0.007043 -0.007705 -0.000554
v -0.007052 -0.007641 -0.000825
v -0.007074 -0.007556 -0.001090
v -0.007108 -0.007453 -0.001347
v -0.007154 -0.007330 -0.001594
v -0.007211 -0.007190 -0.001828
v -0.007279 -0.007033 -0.002049
v -0.007358 -0.006861 -0.002254
v -0.007447 -0.006675 -0.002442
v -0.007545 -0.006475 -0.002611
v -0.007651 -0.006265 -0.002761
v -0.007765 -0.006045 -0.002889
v -0.007886 -0.005817 -0.002996
v -0.008013 -0.005583 -0.003079
v -0.007024 -0.007737 -0.000275
v -0.007115 -0.005064 0.002801
v -0.007331 -0.005189 0.002905
v -0.007001 -0.007681 -0.000547
v -0.006990 -0.007605 -0.000816
v -0.006992 -0.007509 -0.001078
v -0.007007 -0.007394 -0.001332
v -0.007034 -0.007261 -0.001576
v -0.007074 -0.007111 -0.001808
v -0.007125 -0.006944 -0.002026
v -0.007189 -0.006763 -0.002228
v -0.007263 -0.006569 -0.002414
v -0.007348 -0.006362 -0.002581
v -0.007443 -0.006145 -0.002729
v -0.007548 -0.005919 -0.002856
v -0.007661 -0.005687 -0.002961
v -0.007781 -0.005449 -0.003044
v -0.007908 -0.005208 -0.003104
v -0.007004 -0.007725 -0.000269
v -0.007449 -0.004942 0.002961
v -0.007676 -0.005073 0.003044
v -0.006960 -0.007657 -0.000537
v -0.006929 -0.007570 -0.000800
v -0.006911 -0.007463 -0.001057
v -0.006907 -0.007337 -0.001306
v -0.006916 -0.007193 -0.001545
v -0.006938 -0.007033 -0.001773
v -0.006974 -0.006857 -0.001987
v -0.007022 -0.006667 -0.002186
v -0.007082 -0.006464 -0.002368
v -0.007155 -0.006250 -0.002532
v -0.007239 -0.006027 -0.002677
v -0.007334 -0.005796 -0.002801
v -0.007439 -0.005559 -0.002905
v -0.007553 -0.005317 -0.002986
v -0.007676 -0.005073 -0.003044
v -0.007806 -0.004829 -0.003079
v -0.006984 -0.007713 -0.000262
v -0.007806 -0.004829 0.003079
v -0.008041 -0.004965 0.003139
v -0.006920 -0.007634 -0.000522
v -0.006869 -0.007535 -0.000778
v -0.006833 -0.007417 -0.001028
v -0.006810 -0.007280 -0.001271
v -0.006801 -0.007126 -0.001504
v -0.006806 -0.006956 -0.001725
v -0.006825 -0.006771 -0.001933
v -0.006859 -0.006573 -0.002126
v -0.006906 -0.006362 -0.002304
v -0.006966 -0.006141 -0.002463
v -0.007039 -0.005912 -0.002604
v -0.007125 -0.005675 -0.002725
v -0.007222 -0.005434 -0.002826
v -0.007331 -0.005189 -0.002905
v -0.007449 -0.004942 -0.002961
v -0.007577 -0.004696 -0.002996
v -0.007712 -0.004453 -0.003007
v -0.006964 -0.007702 -0.000253
v -0.008179 -0.004722 0.003151
v -0.008419 -0.004861 0.003188
v -0.006881 -0.007612 -0.000504
v -0.006812 -0.007502 -0.000751
v -0.006756 -0.007373 -0.000992
v -0.006715 -0.007226 -0.001226
v -0.006689 -0.007062 -0.001450
v -0.006678 -0.006882 -0.001663
v -0.006682 -0.006688 -0.001864
v -0.006701 -0.006481 -0.002051
v -0.006735 -0.006263 -0.002222
v -0.006783 -0.006036 -0.002376
v -0.006846 -0.005800 -0.002512
v -0.006923 -0.005558 -0.002628
v -0.007012 -0.005312 -0.002725
v -0.007115 -0.005064 -0.002801
v -0.007229 -0.004815 -0.002856
v -0.007354 -0.004568 -0.002889
v -0.007489 -0.004324 -0.002900
v -0.007633 -0.004085 -0.002889
v -0.006946 -0.007691 -0.000242
v -0.008559 -0.004620 0.003176
v -0.008800 -0.004758 0.003188
v -0.006844 -0.007590 -0.000481
v -0.006756 -0.007470 -0.000717
v -0.006683 -0.007331 -0.000948
v -0.006625 -0.007174 -0.001171
v -0.006582 -0.007000 -0.001386
v -0.006555 -0.006811 -0.001590
v -0.006544 -0.006609 -0.001781
v -0.006549 -0.006394 -0.001960
v -0.006570 -0.006169 -0.002123
v -0.006607 -0.005934 -0.002270
v -0.006660 -0.005693 -0.002400
v -0.006728 -0.005446 -0.002512
v -0.006811 -0.005196 -0.002604
v -0.006908 -0.004945 -0.002677
v -0.007018 -0.004693 -0.002729
v -0.007140 -0.004445 -0.002761
v -0.007275 -0.004200 -0.002771
v -0.007419 -0.003962 -0.002761
v -0.007574 -0.003731 -0.002729
v -0.006928 -0.007681 -0.000228
v -0.008938 -0.004519 0.003151
v -0.009176 -0.004656 0.003139
v -0.006809 -0.007570 -0.000455
v -0.006703 -0.007439 -0.000678
v -0.006613 -0.007290 -0.000897
v -0.006538 -0.007124 -0.001108
v -0.006480 -0.006941 -0.001311
v -0.006438 -0.006744 -0.001504
v -0.006413 -0.006533 -0.001685
v -0.006405 -0.006311 -0.001854
v -0.006414 -0.006078 -0.002008
v -0.006440 -0.005838 -0.002147
v -0.006484 -0.005591 -0.002270
v -0.006543 -0.005339 -0.002376
v -0.006619 -0.005085 -0.002463
v -0.006711 -0.004831 -0.002532
v -0.006817 -0.004577 -0.002581
v -0.006937 -0.004327 -0.002611
v -0.007071 -0.004082 -0.002621
v -0.007216 -0.003844 -0.002611
v -0.007373 -0.003615 -0.002581
v -0.007539 -0.003396 -0.002532
v -0.006911 -0.007671 -0.000214
v -0.009308 -0.004417 0.003079
v -0.009539 -0.004551 0.003044
v -0.006775 -0.007551 -0.000426
v -0.006654 -0.007411 -0.000634
v -0.006547 -0.007252 -0.000838
v -0.006457 -0.007077 -0.001036
v -0.006384 -0.006886 -0.001226
v -0.006328 -0.006680 -0.001406
v -0.006290 -0.006462 -0.001576
v -0.006269 -0.006232 -0.001733
v -0.006267 -0.005993 -0.001878
v -0.006283 -0.005747 -0.002008
v -0.006318 -0.005495 -0.002123
v -0.006370 -0.005239 -0.002222
v -0.006439 -0.004981 -0.002304
v -0.006525 -0.004724 -0.002368
v -0.006628 -0.004468 -0.002414
v -0.006746 -0.004217 -0.002442
v -0.006879 -0.003972 -0.002451
v -0.007025 -0.003734 -0.002442
v -0.007184 -0.003506 -0.002414
v -0.007354 -0.003289 -0.002368
v -0.007534 -0.003086 -0.002304
v -0.006896 -0.007662 -0.000197
v -0.009660 -0.004313 0.002961
v -0.009881 -0.004441 0.002905
v -0.006744 -0.007533 -0.000393
v -0.006608 -0.007384 -0.000586
v -0.006487 -0.007217 -0.000774
v -0.006382 -0.007033 -0.000956
v -0.006295 -0.006834 -0.001131
v -0.006226 -0.006621 -0.001298
v -0.006175 -0.006396 -0.001454
v -0.006143 -0.006160 -0.001600
v -0.006131 -0.005915 -0.001733
v -0.006137 -0.005663 -0.001854
v -0.006163 -0.005406 -0.001960
v -0.006208 -0.005146 -0.002051
v -0.006272 -0.004885 -0.002126
v -0.006353 -0.004624 -0.002186
v -0.006453 -0.004367 -0.002228
v -0.006569 -0.004114 -0.002254
v -0.006701 -0.003869 -0.002263
v -0.006848 -0.003631 -0.002254
v -0.007008 -0.003405 -0.002228
v -0.007182 -0.003190 -0.002186
v -0.007366 -0.002989 -0.002126
v -0.007560 -0.002803 -0.002051
v -0.006881 -0.007654 -0.000179
v -0.009987 -0.004204 0.002801
v -0.010195 -0.004325 0.002725
v -0.006716 -0.007516 -0.000357
v -0.006565 -0.007360 -0.000532
v -0.006431 -0.007185 -0.000704
v -0.006313 -0.006994 -0.000869
v -0.006213 -0.006787 -0.001028
v -0.006132 -0.006567 -0.001180
v -0.006070 -0.006335 -0.001322
v -0.006028 -0.006093 -0.001454
v -0.006006 -0.005842 -0.001576
v -0.006004 -0.005586 -0.001685
v -0.006022 -0.005324 -0.001781
v -0.006060 -0.005060 -0.001864
v -0.006118 -0.004796 -0.001933
v -0.006196 -0.004533 -0.001987
v -0.006292 -0.004274 -0.002026
v -0.006406 -0.004021 -0.002049
v -0.006537 -0.003774 -0.002057
v -0.006685 -0.003537 -0.002049
v -0.006847 -0.003312 -0.002026
v -0.007024 -0.003099 -0.001987
v -0.007213 -0.002900 -0.001933
v -0.007412 -0.002718 -0.001864
v -0.007622 -0.002553 -0.001781
v -0.006868 -0.007647 -0.000160
v -0.010281 -0.004088 0.002604
v -0.010475 -0.004200 0.002512
v -0.006690 -0.007502 -0.000319
v -0.006527 -0.007338 -0.000475
v -0.006380 -0.007156 -0.000628
v -0.006251 -0.006958 -0.000776
v -0.006140 -0.006745 -0.000918
v -0.006048 -0.006518 -0.001053
v -0.005975 -0.006280 -0.001180
v -0.005924 -0.006033 -0.001298
v -0.005893 -0.005777 -0.001406
v -0.005883 -0.005516 -0.001504
v -0.005894 -0.005251 -0.001590
v -0.005927 -0.004983 -0.001663
v -0.005980 -0.004716 -0.001725
v -0.006053 -0.004451 -0.001773
v -0.006147 -0.004190 -0.001808
v -0.006259 -0.003936 -0.001828
v -0.006390 -0.003689 -0.001835
v -0.006538 -0.003453 -0.001828
v -0.006702 -0.003228 -0.001808
v -0.006882 -0.003017 -0.001773
v -0.007074 -0.002821 -0.001725
v -0.007279 -0.002641 -0.001663
v -0.007494 -0.002479 -0.001590
v -0.007718 -0.002337 -0.001504
v -0.006857 -0.007640 -0.000139
v -0.010537 -0.003964 0.002376
v -0.010713 -0.004066 0.002270
v -0.006668 -0.007489 -0.000278
v -0.006494 -0.007318 -0.000414
v -0.006336 -0.007130 -0.000547
v -0.006196 -0.006926 -0.000676
v -0.006075 -0.006707 -0.000800
v -0.005973 -0.006475 -0.000918
v -0.005892 -0.006232 -0.001028
v -0.005832 -0.005980 -0.001131
v -0.005793 -0.005720 -0.001226
v -0.005777 -0.005454 -0.001311
v -0.005782 -0.005186 -0.001386
v -0.005809 -0.004915 -0.001450
v -0.005858 -0.004646 -0.001504
v -0.005928 -0.004379 -0.001545
v -0.006019 -0.004117 -0.001576
v -0.006130 -0.003861 -0.001594
v -0.006260 -0.003614 -0.001600
v -0.006409 -0.003378 -0.001594
v -0.006575 -0.003154 -0.001576
v -0.006756 -0.002944 -0.001545
v -0.006952 -0.002750 -0.001504
v -0.007161 -0.002573 -0.001450
v -0.007382 -0.002414 -0.001386
v -0.007612 -0.002275 -0.001311
v -0.007850 -0.002157 -0.001226
v -0.006847 -0.007634 -0.000118
v -0.010750 -0.003831 0.002123
v -0.010906 -0.003922 0.002008
v -0.006648 -0.007477 -0.000235
v -0.006465 -0.007302 -0.000350
v -0.006298 -0.007108 -0.000463
v -0.006149 -0.006899 -0.000572
v -0.006019 -0.006675 -0.000676
v -0.005909 -0.006438 -0.000776
v -0.005820 -0.006191 -0.000869
v -0.005753 -0.005934 -0.000956
v -0.005708 -0.005671 -0.001036
v -0.005685 -0.005402 -0.001108
v -0.005685 -0.005130 -0.001171
v -0.005708 -0.004857 -0.001226
v -0.005753 -0.004585 -0.001271
v -0.005820 -0.004317 -0.001306
v -0.005909 -0.004053 -0.001332
v -0.006019 -0.003797 -0.001347
v -0.006149 -0.003550 -0.001352
v -0.006298 -0.003314 -0.001347
v -0.006465 -0.003091 -0.001332
v -0.006648 -0.002882 -0.001306
v -0.006847 -0.002690 -0.001271
v -0.007060 -0.002515 -0.001226
v -0.007285 -0.002359 -0.001171
v -0.007521 -0.002223 -0.001108
v -0.007765 -0.002108 -0.001036
v -0.008016 -0.002015 -0.000956
v -0.006839 -0.007630 -0.000095
v -0.010916 -0.003689 0.001854
v -0.011051 -0.003768 0.001733
v -0.006632 -0.007468 -0.000190
v -0.006441 -0.007288 -0.000283
v -0.006266 -0.007090 -0.000374
v -0.006110 -0.006876 -0.000463
v -0.005973 -0.006648 -0.000547
v -0.005856 -0.006408 -0.000628
v -0.005761 -0.006156 -0.000704
v -0.005687 -0.005896 -0.000774
v -0.005637 -0.005630 -0.000838
v -0.005609 -0.005358 -0.000897
v -0.005605 -0.005084 -0.000948
v -0.005624 -0.004809 -0.000992
v -0.005666 -0.004535 -0.001028
v -0.005731 -0.004265 -0.001057
v -0.005818 -0.004001 -0.001078
v -0.005927 -0.003744 -0.001090
v -0.006056 -0.003496 -0.001094
v -0.006205 -0.003261 -0.001090
v -0.006374 -0.003038 -0.001078
v -0.006559 -0.002830 -0.001057
v -0.006760 -0.002639 -0.001028
v -0.006976 -0.002466 -0.000992
v -0.007205 -0.002312 -0.000948
v -0.007445 -0.002179 -0.000897
v -0.007694 -0.002067 -0.000838
v -0.007950 -0.001977 -0.000774
v -0.008212 -0.001911 -0.000704
v -0.006833 -0.007626 -0.000072
v -0.011031 -0.003538 0.001576
v -0.011146 -0.003604 0.001454
v -0.006620 -0.007461 -0.000144
v -0.006422 -0.007277 -0.000214
v -0.006241 -0.007076 -0.000283
v -0.006079 -0.006858 -0.000350
v -0.005936 -0.006627 -0.000414
v -0.005814 -0.006384 -0.000475
v -0.005714 -0.006130 -0.000532
v -0.005636 -0.005867 -0.000586
v -0.005581 -0.005597 -0.000634
v -0.005550 -0.005324 -0.000678
v -0.005542 -0.005047 -0.000717
v -0.005558 -0.004771 -0.000751
v -0.005598 -0.004496 -0.000778
v -0.005661 -0.004224 -0.000800
v -0.005746 -0.003959 -0.000816
v -0.005854 -0.003702 -0.000825
v -0.005983 -0.003455 -0.000828
v -0.006133 -0.003219 -0.000825
v -0.006302 -0.002997 -0.000816
v -0.006489 -0.002790 -0.000800
v -0.006692 -0.002600 -0.000778
v -0.006910 -0.002428 -0.000751
v -0.007142 -0.002276 -0.000717
v -0.007385 -0.002144 -0.000678
v -0.007638 -0.002035 -0.000634
v -0.007899 -0.001948 -0.000586
v -0.008165 -0.001884 -0.000532
v -0.008436 -0.001843 -0.000475
v -0.006828 -0.007623 -0.000048
v -0.011095 -0.003379 0.001298
v -0.011189 -0.003433 0.001180
v -0.006611 -0.007456 -0.000096
v -0.006408 -0.007269 -0.000144
v -0.006223 -0.007065 -0.000190
v -0.006057 -0.006846 -0.000235
v -0.005910 -0.006612 -0.000278
v -0.005784 -0.006366 -0.000319
v -0.005680 -0.006110 -0.000357
v -0.005599 -0.005845 -0.000393
v -0.005541 -0.005574 -0.000426
v -0.005507 -0.005299 -0.000455
v -0.005497 -0.005021 -0.000481
v -0.005511 -0.004743 -0.000504
v -0.005548 -0.004467 -0.000522
v -0.005610 -0.004195 -0.000537
v -0.005695 -0.003929 -0.000547
v -0.005802 -0.003672 -0.000554
v -0.005931 -0.003424 -0.000556
v -0.006081 -0.003189 -0.000554
v -0.006250 -0.002967 -0.000547
v -0.006438 -0.002761 -0.000537
v -0.006643 -0.002571 -0.000522
v -0.006863 -0.002401 -0.000504
v -0.007097 -0.002250 -0.000481
v -0.007342 -0.002120 -0.000455
v -0.007598 -0.002012 -0.000426
v -0.007862 -0.001926 -0.000393
v -0.008132 -0.001864 -0.000357
v -0.008406 -0.001826 -0.000319
v -0.008681 -0.001812 -0.000278
v -0.006826 -0.007622 -0.000024
v -0.011107 -0.003213 0.001028
v -0.011181 -0.003255 0.000918
v -0.006605 -0.007452 -0.000048
v -0.006400 -0.007264 -0.000072
v -0.006213 -0.007059 -0.000095
v -0.006043 -0.006838 -0.000118
v -0.005894 -0.006603 -0.000139
v -0.005766 -0.006356 -0.000160
v -0.005660 -0.006098 -0.000179
v -0.005577 -0.005833 -0.000197
v -0.005517 -0.005560 -0.000214
v -0.005481 -0.005284 -0.000228
v -0.005469 -0.005005 -0.000242
v -0.005482 -0.004727 -0.000253
v -0.005519 -0.004450 -0.000262
v -0.005579 -0.004178 -0.000269
v -0.005664 -0.003912 -0.000275
v -0.005771 -0.003654 -0.000278
v -0.005900 -0.003406 -0.000279
v -0.006049 -0.003171 -0.000278
v -0.006219 -0.002949 -0.000275
v -0.006408 -0.002743 -0.000269
v -0.006613 -0.002554 -0.000262
v -0.006834 -0.002384 -0.000253
v -0.007069 -0.002234 -0.000242
v -0.007317 -0.002105 -0.000228
v -0.007574 -0.001998 -0.000214
v -0.007839 -0.001913 -0.000197
v -0.008111 -0.001853 -0.000179
v -0.008387 -0.001816 -0.000160
v -0.008666 -0.001803 -0.000139
v -0.008944 -0.001815 -0.000118
v -0.006825 -0.007621 -0.000000
v -0.011070 -0.003042 0.000776
v -0.011125 -0.003074 0.000676
v -0.006603 -0.007451 -0.000000
v -0.006398 -0.007263 -0.000000
v -0.006209 -0.007057 -0.000000
v -0.006039 -0.006835 -0.000000
v -0.005889 -0.006600 -0.000000
v -0.005760 -0.006352 -0.000000
v -0.005653 -0.006094 -0.000000
v -0.005569 -0.005828 -0.000000
v -0.005509 -0.005556 -0.000000
v -0.005472 -0.005279 -0.000000
v -0.005460 -0.005000 -0.000000
v -0.005472 -0.004721 -0.000000
v -0.005509 -0.004444 -0.000000
v -0.005569 -0.004172 -0.000000
v -0.005653 -0.003906 -0.000000
v -0.005760 -0.003648 -0.000000
v -0.005889 -0.003400 -0.000000
v -0.006039 -0.003165 -0.000000
v -0.006209 -0.002943 -0.000000
v -0.006398 -0.002737 -0.000000
v -0.006603 -0.002549 -0.000000
v -0.006825 -0.002379 -0.000000
v -0.007060 -0.002229 -0.000000
v -0.007308 -0.002100 -0.000000
v -0.007566 -0.001993 -0.000000
v -0.007832 -0.001909 -0.000000
v -0.008105 -0.001849 -0.000000
v -0.008381 -0.001812 -0.000000
v -0.008660 -0.001800 -0.000000
v -0.008939 -0.001812 -0.000000
v -0.009216 -0.001849 -0.000000
v -0.006826 -0.007622 0.000024
v -0.010985 -0.002870 0.000547
v -0.011023 -0.002892 0.000463
v -0.006605 -0.007452 0.000048
v -0.006400 -0.007264 0.000072
v -0.006213 -0.007059 0.000095
v -0.006043 -0.006838 0.000118
v -0.005894 -0.006603 0.000139
v -0.005766 -0.006356 0.000160
v -0.005660 -0.006098 0.000179
v -0.005577 -0.005833 0.000197
v -0.005517 -0.005560 0.000214
v -0.005481 -0.005284 0.000228
v -0.005469 -0.005005 0.000242
v -0.005482 -0.004727 0.000253
v -0.005519 -0.004450 0.000262
v -0.005579 -0.004178 0.000269
v -0.005664 -0.003912 0.000275
v -0.005771 -0.003654 0.000278
v -0.005900 -0.003406 0.000279
v -0.006049 -0.003171 0.000278
v -0.006219 -0.002949 0.000275
v -0.006408 -0.002743 0.000269
v -0.006613 -0.002554 0.000262
v -0.006834 -0.002384 0.000253
v -0.007069 -0.002234 0.000242
v -0.007317 -0.002105 0.000228
v -0.007574 -0.001998 0.000214
v -0.007839 -0.001913 0.000197
v -0.008111 -0.001853 0.000179
v -0.008387 -0.001816 0.000160
v -0.008666 -0.001803 0.000139
v -0.008944 -0.001815 0.000118
v -0.009220 -0.001851 0.000095
v -0.009491 -0.001911 0.000072
v -0.006828 -0.007623 0.000048
v -0.010856 -0.002698 0.000350
v -0.010880 -0.002712 0.000283
v -0.006611 -0.007456 0.000096
v -0.006408 -0.007269 0.000144
v -0.006223 -0.007065 0.000190
v -0.006057 -0.006846 0.000235
v -0.005910 -0.006612 0.000278
v -0.005784 -0.006366 0.000319
v -0.005680 -0.006110 0.000357
v -0.005599 -0.005845 0.000393
v -0.005541 -0.005574 0.000426
v -0.005507 -0.005299 0.000455
v -0.005497 -0.005021 0.000481
v -0.005511 -0.004743 0.000504
v -0.005548 -0.004467 0.000522
v -0.005610 -0.004195 0.000537
v -0.005695 -0.003929 0.000547
v -0.005802 -0.003672 0.000554
v -0.005931 -0.003424 0.000556
v -0.006081 -0.003189 0.000554
v -0.006250 -0.002967 0.000547
v -0.006438 -0.002761 0.000537
v -0.006643 -0.002571 0.000522
v -0.006863 -0.002401 0.000504
v -0.007097 -0.002250 0.000481
v -0.007342 -0.002120 0.000455
v -0.007598 -0.002012 0.000426
v -0.007862 -0.001926 0.000393
v -0.008132 -0.001864 0.000357
v -0.008406 -0.001826 0.000319
v -0.008681 -0.001812 0.000278
v -0.008957 -0.001822 0.000235
v -0.009230 -0.001857 0.000190
v -0.009499 -0.001915 0.000144
v -0.009762 -0.001997 0.000096
v -0.006833 -0.007626 0.000072
v -0.010688 -0.002532 0.000190
v -0.010701 -0.002539 0.000144
v -0.006298 -0.007108 0.000463
v -0.006149 -0.006899 0.000572
v -0.006196 -0.006926 0.000676
v -0.006075 -0.006707 0.000800
v -0.006140 -0.006745 0.000918
v -0.006048 -0.006518 0.001053
v -0.006132 -0.006567 0.001180
v -0.006070 -0.006335 0.001322
v -0.006175 -0.006396 0.001454
v -0.006143 -0.006160 0.001600
v -0.006269 -0.006232 0.001733
v -0.006267 -0.005993 0.001878
v -0.006414 -0.006078 0.002008
v -0.006440 -0.005838 0.002147
v -0.006607 -0.005934 0.002270
v -0.006660 -0.005693 0.002400
v -0.006846 -0.005800 0.002512
v -0.006923 -0.005558 0.002628
v -0.007125 -0.005675 0.002725
v -0.007222 -0.005434 0.002826
v -0.007439 -0.005559 0.002905
v -0.007553 -0.005317 0.002986
v -0.007781 -0.005449 0.003044
v -0.007908 -0.005208 0.003104
v -0.008145 -0.005344 0.003139
v -0.008280 -0.005103 0.003176
v -0.008521 -0.005242 0.003188
v -0.008660 -0.005000 0.003200
v -0.008902 -0.005139 0.003188
v -0.009040 -0.004897 0.003176
v -0.009279 -0.005035 0.003139
v -0.009412 -0.004792 0.003104
v -0.009644 -0.004927 0.003044
v -0.009767 -0.004683 0.002986
v -0.009990 -0.004811 0.002905
v -0.010098 -0.004566 0.002826
v -0.010308 -0.004688 0.002725
v -0.010398 -0.004442 0.002628
v -0.010592 -0.004554 0.002512
v -0.010660 -0.004307 0.002400
v -0.010837 -0.004409 0.002270
v -0.010880 -0.004162 0.002147
v -0.011037 -0.004253 0.002008
v -0.011053 -0.004007 0.001878
v -0.011190 -0.004085 0.001733
v -0.011177 -0.003840 0.001600
v -0.011293 -0.003907 0.001454
v -0.011251 -0.003665 0.001322
v -0.011345 -0.003720 0.001180
v -0.011273 -0.003482 0.001053
v -0.011347 -0.003525 0.000918
v -0.011246 -0.003293 0.000800
v -0.011302 -0.003325 0.000676
v -0.011172 -0.003101 0.000572
v -0.011211 -0.003124 0.000463
v -0.011054 -0.002910 0.000374
v -0.011079 -0.002924 0.000283
v -0.010899 -0.002723 0.000214
v -0.010912 -0.002731 0.000144
v -0.010710 -0.002544 0.000096
v -0.010715 -0.002548 0.000048
v -0.010495 -0.002378 0.000024
v -0.010496 -0.002379 -0.000000
v -0.010481 -0.002370 0.000095
v -0.010672 -0.002523 0.000235
v -0.010473 -0.002366 0.000118
v -0.010827 -0.002682 0.000414
v -0.010653 -0.002511 0.000278
v -0.010463 -0.002360 0.000139
v -0.010940 -0.002844 0.000628
v -0.010793 -0.002662 0.000475
v -0.010630 -0.002498 0.000319
v -0.010452 -0.002353 0.000160
v -0.011008 -0.003006 0.000869
v -0.010890 -0.002815 0.000704
v -0.010755 -0.002640 0.000532
v -0.010605 -0.002484 0.000357
v -0.010439 -0.002346 0.000179
v -0.011026 -0.003166 0.001131
v -0.010939 -0.002967 0.000956
v -0.010834 -0.002783 0.000774
v -0.010713 -0.002616 0.000586
v -0.010576 -0.002467 0.000393
v -0.010425 -0.002338 0.000197
v -0.010993 -0.003320 0.001406
v -0.010937 -0.003114 0.001226
v -0.010863 -0.002923 0.001036
v -0.010773 -0.002748 0.000838
v -0.010667 -0.002589 0.000634
v -0.010545 -0.002449 0.000426
v -0.010409 -0.002329 0.000214
v -0.010908 -0.003467 0.001685
v -0.010883 -0.003256 0.001504
v -0.010841 -0.003059 0.001311
v -0.010782 -0.002876 0.001108
v -0.010707 -0.002710 0.000897
v -0.010617 -0.002561 0.000678
v -0.010512 -0.002430 0.000455
v -0.010393 -0.002319 0.000228
v -0.010771 -0.003606 0.001960
v -0.010777 -0.003391 0.001781
v -0.010766 -0.003189 0.001590
v -0.010739 -0.003000 0.001386
v -0.010696 -0.002826 0.001171
v -0.010638 -0.002669 0.000948
v -0.010564 -0.002530 0.000717
v -0.010477 -0.002410 0.000481
v -0.010375 -0.002309 0.000242
v -0.010586 -0.003737 0.002222
v -0.010620 -0.003519 0.002051
v -0.010639 -0.003312 0.001864
v -0.010643 -0.003118 0.001663
v -0.010631 -0.002938 0.001450
v -0.010605 -0.002774 0.001226
v -0.010564 -0.002627 0.000992
v -0.010509 -0.002498 0.000751
v -0.010439 -0.002388 0.000504
v -0.010356 -0.002298 0.000253
v -0.010354 -0.003859 0.002463
v -0.010415 -0.003638 0.002304
v -0.010462 -0.003427 0.002126
v -0.010495 -0.003229 0.001933
v -0.010515 -0.003044 0.001725
v -0.010520 -0.002874 0.001504
v -0.010511 -0.002720 0.001271
v -0.010488 -0.002583 0.001028
v -0.010451 -0.002465 0.000778
v -0.010401 -0.002366 0.000522
v -0.010337 -0.002287 0.000262
v -0.010081 -0.003973 0.002677
v -0.010166 -0.003750 0.002532
v -0.010238 -0.003536 0.002368
v -0.010299 -0.003333 0.002186
v -0.010347 -0.003143 0.001987
v -0.010382 -0.002967 0.001773
v -0.010405 -0.002807 0.001545
v -0.010413 -0.002663 0.001306
v -0.010409 -0.002537 0.001057
v -0.010391 -0.002430 0.000800
v -0.010360 -0.002343 0.000537
v -0.010317 -0.002275 0.000269
v -0.009773 -0.004081 0.002856
v -0.009877 -0.003855 0.002729
v -0.009972 -0.003638 0.002581
v -0.010057 -0.003431 0.002414
v -0.010132 -0.003237 0.002228
v -0.010195 -0.003056 0.002026
v -0.010247 -0.002889 0.001808
v -0.010287 -0.002739 0.001576
v -0.010314 -0.002606 0.001332
v -0.010328 -0.002491 0.001078
v -0.010330 -0.002395 0.000816
v -0.010320 -0.002319 0.000547
v -0.010296 -0.002263 0.000275
v -0.009434 -0.004183 0.002996
v -0.009555 -0.003955 0.002889
v -0.009669 -0.003735 0.002761
v -0.009776 -0.003525 0.002611
v -0.009874 -0.003325 0.002442
v -0.009962 -0.003139 0.002254
v -0.010041 -0.002967 0.002049
v -0.010109 -0.002810 0.001828
v -0.010167 -0.002670 0.001594
v -0.010212 -0.002547 0.001347
v -0.010246 -0.002444 0.001090
v -0.010268 -0.002359 0.000825
v -0.010278 -0.002295 0.000554
v -0.010275 -0.002251 0.000278
v -0.009074 -0.004283 0.003091
v -0.009207 -0.004052 0.003007
v -0.009336 -0.003829 0.002900
v -0.009460 -0.003614 0.002771
v -0.009578 -0.003410 0.002621
v -0.009689 -0.003219 0.002451
v -0.009792 -0.003040 0.002263
v -0.009886 -0.002877 0.002057
v -0.009971 -0.002730 0.001835
v -0.010046 -0.002600 0.001600
v -0.010110 -0.002488 0.001352
v -0.010164 -0.002396 0.001094
v -0.010206 -0.002323 0.000828
v -0.010236 -0.002271 0.000556
v -0.010254 -0.002239 0.000279
v -0.008700 -0.004381 0.003139
v -0.008841 -0.004148 0.003079
v -0.008981 -0.003921 0.002996
v -0.009118 -0.003702 0.002889
v -0.009251 -0.003494 0.002761
v -0.009380 -0.003296 0.002611
v -0.009504 -0.003112 0.002442
v -0.009621 -0.002942 0.002254
v -0.009731 -0.002787 0.002049
v -0.009832 -0.002650 0.001828
v -0.009925 -0.002530 0.001594
v -0.010008 -0.002429 0.001347
v -0.010081 -0.002348 0.001090
v -0.010143 -0.002287 0.000825
v -0.010194 -0.002247 0.000554
v -0.010233 -0.002227 0.000278
v -0.008320 -0.004482 0.003139
v -0.008464 -0.004245 0.003104
v -0.008610 -0.004014 0.003044
v -0.008755 -0.003791 0.002961
v -0.008900 -0.003577 0.002856
v -0.009043 -0.003374 0.002729
v -0.009184 -0.003183 0.002581
v -0.009320 -0.003006 0.002414
v -0.009451 -0.002844 0.002228
v -0.009577 -0.002698 0.002026
v -0.009695 -0.002571 0.001808
v -0.009805 -0.002461 0.001576
v -0.009907 -0.002371 0.001332
v -0.009999 -0.002301 0.001078
v -0.010081 -0.002251 0.000816
v -0.010152 -0.002223 0.000547
v -0.010212 -0.002215 0.000275
v -0.007943 -0.004586 0.003091
v -0.008085 -0.004346 0.003079
v -0.008232 -0.004111 0.003044
v -0.008382 -0.003883 0.002986
v -0.008533 -0.003663 0.002905
v -0.008686 -0.003453 0.002801
v -0.008839 -0.003256 0.002677
v -0.008990 -0.003071 0.002532
v -0.009139 -0.002901 0.002368
v -0.009284 -0.002748 0.002186
v -0.009425 -0.002611 0.001987
v -0.009559 -0.002492 0.001773
v -0.009687 -0.002393 0.001545
v -0.009807 -0.002313 0.001306
v -0.009918 -0.002254 0.001057
v -0.010020 -0.002216 0.000800
v -0.010111 -0.002199 0.000537
v -0.010192 -0.002203 0.000269
v -0.007577 -0.004696 0.002996
v -0.007712 -0.004453 0.003007
v -0.007855 -0.004213 0.002996
v -0.008005 -0.003980 0.002961
v -0.008159 -0.003754 0.002905
v -0.008317 -0.003538 0.002826
v -0.008477 -0.003333 0.002725
v -0.008639 -0.003140 0.002604
v -0.008802 -0.002962 0.002463
v -0.008963 -0.002799 0.002304
v -0.009121 -0.002653 0.002126
v -0.009277 -0.002525 0.001933
v -0.009427 -0.002416 0.001725
v -0.009572 -0.002326 0.001504
v -0.009710 -0.002257 0.001271
v -0.009840 -0.002209 0.001028
v -0.009960 -0.002182 0.000778
v -0.010071 -0.002176 0.000522
v -0.010172 -0.002192 0.000262
v -0.007229 -0.004815 0.002856
v -0.007354 -0.004568 0.002889
v -0.007489 -0.004324 0.002900
v -0.007633 -0.004085 0.002889
v -0.007785 -0.003853 0.002856
v -0.007943 -0.003630 0.002801
v -0.008107 -0.003417 0.002725
v -0.008275 -0.003216 0.002628
v -0.008446 -0.003029 0.002512
v -0.008619 -0.002857 0.002376
v -0.008792 -0.002701 0.002222
v -0.008963 -0.002562 0.002051
v -0.009133 -0.002442 0.001864
v -0.009299 -0.002342 0.001663
v -0.009460 -0.002262 0.001450
v -0.009615 -0.002203 0.001226
v -0.009763 -0.002165 0.000992
v -0.009903 -0.002148 0.000751
v -0.010033 -0.002153 0.000504
v -0.010152 -0.002180 0.000253
v -0.006908 -0.004945 0.002677
v -0.007018 -0.004693 0.002729
v -0.007140 -0.004445 0.002761
v -0.007275 -0.004200 0.002771
v -0.007419 -0.003962 0.002761
v -0.007574 -0.003731 0.002729
v -0.007736 -0.003510 0.002677
v -0.007905 -0.003300 0.002604
v -0.008081 -0.003104 0.002512
v -0.008260 -0.002922 0.002400
v -0.008443 -0.002755 0.002270
v -0.008627 -0.002606 0.002123
v -0.008812 -0.002475 0.001960
v -0.008995 -0.002363 0.001781
v -0.009176 -0.002271 0.001590
v -0.009353 -0.002200 0.001386
v -0.009525 -0.002150 0.001171
v -0.009690 -0.002122 0.000948
v -0.009847 -0.002116 0.000717
v -0.009995 -0.002132 0.000481
v -0.010133 -0.002170 0.000242
v -0.006619 -0.005085 0.002463
v -0.006711 -0.004831 0.002532
v -0.006817 -0.004577 0.002581
v -0.006937 -0.004327 0.002611
v -0.007071 -0.004082 0.002621
v -0.007216 -0.003844 0.002611
v -0.007373 -0.003615 0.002581
v -0.007539 -0.003396 0.002532
v -0.007714 -0.003190 0.002463
v -0.007896 -0.002997 0.002376
v -0.008084 -0.002820 0.002270
v -0.008276 -0.002659 0.002147
v -0.008471 -0.002516 0.002008
v -0.008668 -0.002391 0.001854
v -0.008864 -0.002287 0.001685
v -0.009059 -0.002204 0.001504
v -0.009251 -0.002141 0.001311
v -0.009439 -0.002101 0.001108
v -0.009620 -0.002082 0.000897
v -0.009794 -0.002086 0.000678
v -0.009960 -0.002111 0.000455
v -0.010116 -0.002159 0.000228
v -0.006370 -0.005239 0.002222
v -0.006439 -0.004981 0.002304
v -0.006525 -0.004724 0.002368
v -0.006628 -0.004468 0.002414
v -0.006746 -0.004217 0.002442
v -0.006879 -0.003972 0.002451
v -0.007025 -0.003734 0.002442
v -0.007184 -0.003506 0.002414
v -0.007354 -0.003289 0.002368
v -0.007534 -0.003086 0.002304
v -0.007722 -0.002897 0.002222
v -0.007918 -0.002724 0.002123
v -0.008119 -0.002568 0.002008
v -0.008324 -0.002431 0.001878
v -0.008532 -0.002313 0.001733
v -0.008741 -0.002216 0.001576
v -0.008949 -0.002140 0.001406
v -0.009155 -0.002086 0.001226
v -0.009358 -0.002054 0.001036
v -0.009555 -0.002044 0.000838
v -0.009745 -0.002057 0.000634
v -0.009927 -0.002092 0.000426
v -0.010099 -0.002150 0.000214
v -0.006163 -0.005406 0.001960
v -0.006208 -0.005146 0.002051
v -0.006272 -0.004885 0.002126
v -0.006353 -0.004624 0.002186
v -0.006453 -0.004367 0.002228
v -0.006569 -0.004114 0.002254
v -0.006701 -0.003869 0.002263
v -0.006848 -0.003631 0.002254
v -0.007008 -0.003405 0.002228
v -0.007182 -0.003190 0.002186
v -0.007366 -0.002989 0.002126
v -0.007560 -0.002803 0.002051
v -0.007763 -0.002635 0.001960
v -0.007973 -0.002484 0.001854
v -0.008188 -0.002352 0.001733
v -0.008406 -0.002240 0.001600
v -0.008626 -0.002150 0.001454
v -0.008847 -0.002081 0.001298
v -0.009066 -0.002034 0.001131
v -0.009282 -0.002010 0.000956
v -0.009494 -0.002009 0.000774
v -0.009699 -0.002030 0.000586
v -0.009896 -0.002074 0.000393
v -0.010083 -0.002141 0.000197
v -0.006004 -0.005586 0.001685
v -0.006022 -0.005324 0.001781
v -0.006060 -0.005060 0.001864
v -0.006118 -0.004796 0.001933
v -0.006196 -0.004533 0.001987
v -0.006292 -0.004274 0.002026
v -0.006406 -0.004021 0.002049
v -0.006537 -0.003774 0.002057
v -0.006685 -0.003537 0.002049
v -0.006847 -0.003312 0.002026
v -0.007024 -0.003099 0.001987
v -0.007213 -0.002900 0.001933
v -0.007412 -0.002718 0.001864
v -0.007622 -0.002553 0.001781
v -0.007839 -0.002406 0.001685
v -0.008062 -0.002280 0.001576
v -0.008290 -0.002174 0.001454
v -0.008521 -0.002089 0.001322
v -0.008753 -0.002027 0.001180
v -0.008984 -0.001987 0.001028
v -0.009213 -0.001970 0.000869
v -0.009438 -0.001977 0.000704
v -0.009656 -0.002006 0.000532
v -0.009867 -0.002058 0.000357
v -0.010069 -0.002132 0.000179
v -0.005893 -0.005777 0.001406
v -0.005883 -0.005516 0.001504
v -0.005894 -0.005251 0.001590
v -0.005927 -0.004983 0.001663
v -0.005980 -0.004716 0.001725
v -0.006053 -0.004451 0.001773
v -0.006147 -0.004190 0.001808
v -0.006259 -0.003936 0.001828
v -0.006390 -0.003689 0.001835
v -0.006538 -0.003453 0.001828
v -0.006702 -0.003228 0.001808
v -0.006882 -0.003017 0.001773
v -0.007074 -0.002821 0.001725
v -0.007279 -0.002641 0.001663
v -0.007494 -0.002479 0.001590
v -0.007718 -0.002337 0.001504
v -0.007950 -0.002215 0.001406
v -0.008186 -0.002114 0.001298
v -0.008427 -0.002035 0.001180
v -0.008669 -0.001978 0.001053
v -0.008911 -0.001945 0.000918
v -0.009151 -0.001934 0.000776
v -0.009387 -0.001948 0.000628
v -0.009618 -0.001984 0.000475
v -0.009842 -0.002043 0.000319
v -0.010056 -0.002125 0.000160
v -0.005832 -0.005980 0.001131
v -0.005793 -0.005720 0.001226
v -0.005777 -0.005454 0.001311
v -0.005782 -0.005186 0.001386
v -0.005809 -0.004915 0.001450
v -0.005858 -0.004646 0.001504
v -0.005928 -0.004379 0.001545
v -0.006019 -0.004117 0.001576
v -0.006130 -0.003861 0.001594
v -0.006260 -0.003614 0.001600
v -0.006409 -0.003378 0.001594
v -0.006575 -0.003154 0.001576
v -0.006756 -0.002944 0.001545
v -0.006952 -0.002750 0.001504
v -0.007161 -0.002573 0.001450
v -0.007382 -0.002414 0.001386
v -0.007612 -0.002275 0.001311
v -0.007850 -0.002157 0.001226
v -0.008095 -0.002061 0.001131
v -0.008343 -0.001986 0.001028
v -0.008594 -0.001935 0.000918
v -0.008846 -0.001907 0.000800
v -0.009096 -0.001903 0.000676
v -0.009343 -0.001922 0.000547
v -0.009585 -0.001965 0.000414
v -0.009819 -0.002030 0.000278
v -0.010045 -0.002118 0.000139
v -0.005820 -0.006191 0.000869
v -0.005753 -0.005934 0.000956
v -0.005708 -0.005671 0.001036
v -0.005685 -0.005402 0.001108
v -0.005685 -0.005130 0.001171
v -0.005708 -0.004857 0.001226
v -0.005753 -0.004585 0.001271
v -0.005820 -0.004317 0.001306
v -0.005909 -0.004053 0.001332
v -0.006019 -0.003797 0.001347
v -0.006149 -0.003550 0.001352
v -0.006298 -0.003314 0.001347
v -0.006465 -0.003091 0.001332
v -0.006648 -0.002882 0.001306
v -0.006847 -0.002690 0.001271
v -0.007060 -0.002515 0.001226
v -0.007285 -0.002359 0.001171
v -0.007521 -0.002223 0.001108
v -0.007765 -0.002108 0.001036
v -0.008016 -0.002015 0.000956
v -0.008271 -0.001945 0.000869
v -0.008530 -0.001898 0.000776
v -0.008790 -0.001875 0.000676
v -0.009049 -0.001876 0.000572
v -0.009305 -0.001900 0.000463
v -0.009556 -0.001948 0.000350
v -0.009800 -0.002019 0.000235
v -0.010035 -0.002113 0.000118
v -0.006620 -0.007461 0.000144
v -0.006441 -0.007288 0.000283
v -0.006422 -0.007277 0.000214
v -0.006266 -0.007090 0.000374
v -0.006241 -0.007076 0.000283
v -0.006110 -0.006876 0.000463
v -0.006079 -0.006858 0.000350
v -0.005973 -0.006648 0.000547
v -0.005936 -0.006627 0.000414
v -0.005856 -0.006408 0.000628
v -0.005814 -0.006384 0.000475
v -0.005761 -0.006156 0.000704
v -0.005714 -0.006130 0.000532
v -0.005687 -0.005896 0.000774
v -0.005636 -0.005867 0.000586
v -0.005637 -0.005630 0.000838
v -0.005581 -0.005597 0.000634
v -0.005609 -0.005358 0.000897
v -0.005550 -0.005324 0.000678
v -0.005605 -0.005084 0.000948
v -0.005542 -0.005047 0.000717
v -0.005624 -0.004809 0.000992
v -0.005558 -0.004771 0.000751
v -0.005666 -0.004535 0.001028
v -0.005598 -0.004496 0.000778
v -0.005731 -0.004265 0.001057
v -0.005661 -0.004224 0.000800
v -0.005818 -0.004001 0.001078
v -0.005746 -0.003959 0.000816
v -0.005927 -0.003744 0.001090
v -0.005854 -0.003702 0.000825
v -0.006056 -0.003496 0.001094
v -0.005983 -0.003455 0.000828
v -0.006205 -0.003261 0.001090
v -0.006133 -0.003219 0.000825
v -0.006374 -0.003038 0.001078
v -0.006302 -0.002997 0.000816
v -0.006559 -0.002830 0.001057
v -0.006489 -0.002790 0.000800
v -0.006760 -0.002639 0.001028
v -0.006692 -0.002600 0.000778
v -0.006976 -0.002466 0.000992
v -0.006910 -0.002428 0.000751
v -0.007205 -0.002312 0.000948
v -0.007142 -0.002276 0.000717
v -0.007445 -0.002179 0.000897
v -0.007385 -0.002144 0.000678
v -0.007694 -0.002067 0.000838
v -0.007638 -0.002035 0.000634
v -0.007950 -0.001977 0.000774
v -0.007899 -0.001948 0.000586
v -0.008212 -0.001911 0.000704
v -0.008165 -0.001884 0.000532
v -0.008477 -0.001868 0.000628
v -0.008436 -0.001843 0.000475
v -0.008744 -0.001848 0.000547
v -0.008707 -0.001827 0.000414
v -0.009010 -0.001853 0.000463
v -0.008979 -0.001835 0.000350
v -0.009273 -0.001882 0.000374
v -0.009248 -0.001867 0.000283
v -0.009532 -0.001934 0.000283
v -0.009513 -0.001923 0.000214
v -0.009784 -0.002010 0.000190
v -0.009771 -0.002002 0.000144
v -0.010027 -0.002108 0.000095
v -0.010021 -0.002105 0.000072
v -0.010016 -0.002102 0.000048
v -0.010014 -0.002100 0.000024
v -0.009757 -0.001994 0.000048
v -0.009755 -0.001993 -0.000000
v -0.009488 -0.001909 -0.000000
v -0.009491 -0.001911 -0.000072
v -0.009220 -0.001851 -0.000095
v -0.009230 -0.001857 -0.000190
v -0.008957 -0.001822 -0.000235
v -0.008979 -0.001835 -0.000350
v -0.008707 -0.001827 -0.000414
v -0.008744 -0.001848 -0.000547
v -0.008477 -0.001868 -0.000628
v -0.008530 -0.001898 -0.000776
v -0.008271 -0.001945 -0.000869
v -0.008343 -0.001986 -0.001028
v -0.008095 -0.002061 -0.001131
v -0.008186 -0.002114 -0.001298
v -0.007950 -0.002215 -0.001406
v -0.008062 -0.002280 -0.001576
v -0.007839 -0.002406 -0.001685
v -0.007973 -0.002484 -0.001854
v -0.007763 -0.002635 -0.001960
v -0.007918 -0.002724 -0.002123
v -0.007722 -0.002897 -0.002222
v -0.007896 -0.002997 -0.002376
v -0.007714 -0.003190 -0.002463
v -0.007905 -0.003300 -0.002604
v -0.007736 -0.003510 -0.002677
v -0.007943 -0.003630 -0.002801
v -0.007785 -0.003853 -0.002856
v -0.008005 -0.003980 -0.002961
v -0.007855 -0.004213 -0.002996
v -0.008085 -0.004346 -0.003079
v -0.007943 -0.004586 -0.003091
v -0.008179 -0.004722 -0.003151
v -0.008041 -0.004965 -0.003139
v -0.008280 -0.005103 -0.003176
v -0.008145 -0.005344 -0.003139
v -0.008382 -0.005481 -0.003151
v -0.008246 -0.005717 -0.003091
v -0.008479 -0.005852 -0.003079
v -0.008340 -0.006079 -0.002996
v -0.008565 -0.006209 -0.002961
v -0.008420 -0.006423 -0.002856
v -0.008634 -0.006547 -0.002801
v -0.008481 -0.006744 -0.002677
v -0.008681 -0.006860 -0.002604
v -0.008519 -0.007038 -0.002463
v -0.008702 -0.007143 -0.002376
v -0.008529 -0.007299 -0.002222
v -0.008693 -0.007394 -0.002123
v -0.008509 -0.007525 -0.001960
v -0.008653 -0.007609 -0.001854
v -0.008456 -0.007713 -0.001685
v -0.008580 -0.007784 -0.001576
v -0.008371 -0.007860 -0.001406
v -0.008474 -0.007919 -0.001298
v -0.008254 -0.007966 -0.001131
v -0.008336 -0.008013 -0.001028
v -0.008107 -0.008030 -0.000869
v -0.008170 -0.008066 -0.000776
v -0.007933 -0.008052 -0.000628
v -0.007978 -0.008078 -0.000547
v -0.007736 -0.008035 -0.000414
v -0.007765 -0.008052 -0.000350
v -0.007521 -0.007981 -0.000235
v -0.007537 -0.007990 -0.000190
v -0.007293 -0.007892 -0.000095
v -0.007300 -0.007895 -0.000072
v -0.010013 -0.002100 -0.000000
v -0.010014 -0.002100 -0.000024
v -0.009757 -0.001994 -0.000048
v -0.009762 -0.001997 -0.000096
v -0.009499 -0.001915 -0.000144
v -0.009513 -0.001923 -0.000214
v -0.009248 -0.001867 -0.000283
v -0.009273 -0.001882 -0.000374
v -0.009010 -0.001853 -0.000463
v -0.009049 -0.001876 -0.000572
v -0.008790 -0.001875 -0.000676
v -0.008846 -0.001907 -0.000800
v -0.008594 -0.001935 -0.000918
v -0.008669 -0.001978 -0.001053
v -0.008427 -0.002035 -0.001180
v -0.008521 -0.002089 -0.001322
v -0.008290 -0.002174 -0.001454
v -0.008406 -0.002240 -0.001600
v -0.008188 -0.002352 -0.001733
v -0.008324 -0.002431 -0.001878
v -0.008119 -0.002568 -0.002008
v -0.008276 -0.002659 -0.002147
v -0.008084 -0.002820 -0.002270
v -0.008260 -0.002922 -0.002400
v -0.008081 -0.003104 -0.002512
v -0.008275 -0.003216 -0.002628
v -0.008107 -0.003417 -0.002725
v -0.008317 -0.003538 -0.002826
v -0.008159 -0.003754 -0.002905
v -0.008382 -0.003883 -0.002986
v -0.008232 -0.004111 -0.003044
v -0.008464 -0.004245 -0.003104
v -0.008320 -0.004482 -0.003139
v -0.008559 -0.004620 -0.003176
v -0.008419 -0.004861 -0.003188
v -0.008660 -0.005000 -0.003200
v -0.008521 -0.005242 -0.003188
v -0.008761 -0.005380 -0.003176
v -0.008620 -0.005619 -0.003139
v -0.008856 -0.005755 -0.003104
v -0.008711 -0.005986 -0.003044
v -0.008939 -0.006117 -0.002986
v -0.008787 -0.006337 -0.002905
v -0.009004 -0.006462 -0.002826
v -0.008843 -0.006667 -0.002725
v -0.009046 -0.006784 -0.002628
v -0.008875 -0.006971 -0.002512
v -0.009060 -0.007078 -0.002400
v -0.008878 -0.007245 -0.002270
v -0.009045 -0.007341 -0.002147
v -0.008849 -0.007484 -0.002008
v -0.008996 -0.007569 -0.001878
v -0.008788 -0.007687 -0.001733
v -0.008915 -0.007760 -0.001600
v -0.008694 -0.007850 -0.001454
v -0.008799 -0.007911 -0.001322
v -0.008567 -0.007973 -0.001180
v -0.008652 -0.008022 -0.001053
v -0.008410 -0.008055 -0.000918
v -0.008475 -0.008093 -0.000800
v -0.008224 -0.008097 -0.000676
v -0.008272 -0.008124 -0.000572
v -0.008016 -0.008100 -0.000463
v -0.008047 -0.008118 -0.000374
v -0.007789 -0.008066 -0.000283
v -0.007808 -0.008077 -0.000214
v -0.007549 -0.007998 -0.000144
v -0.007558 -0.008003 -0.000096
v -0.007304 -0.007898 -0.000048
v -0.007307 -0.007900 -0.000024
v -0.007308 -0.007900 -0.000000
v -0.007564 -0.008006 -0.000048
v -0.007821 -0.008085 -0.000144
v -0.008072 -0.008133 -0.000283
v -0.008311 -0.008147 -0.000463
v -0.008530 -0.008125 -0.000676
v -0.008726 -0.008065 -0.000918
v -0.008894 -0.007965 -0.001180
v -0.009030 -0.007826 -0.001454
v -0.009133 -0.007648 -0.001733
v -0.009202 -0.007432 -0.002008
v -0.009237 -0.007180 -0.002270
v -0.009240 -0.006896 -0.002512
v -0.009214 -0.006583 -0.002725
v -0.009162 -0.006246 -0.002905
v -0.009089 -0.005889 -0.003044
v -0.009000 -0.005518 -0.003139
v -0.008902 -0.005139 -0.003188
v -0.008800 -0.004758 -0.003188
v -0.008700 -0.004381 -0.003139
v -0.008610 -0.004014 -0.003044
v -0.008533 -0.003663 -0.002905
v -0.008477 -0.003333 -0.002725
v -0.008446 -0.003029 -0.002512
v -0.008443 -0.002755 -0.002270
v -0.008471 -0.002516 -0.002008
v -0.008532 -0.002313 -0.001733
v -0.008626 -0.002150 -0.001454
v -0.008753 -0.002027 -0.001180
v -0.008911 -0.001945 -0.000918
v -0.009096 -0.001903 -0.000676
v -0.009305 -0.001900 -0.000463
v -0.009532 -0.001934 -0.000283
v -0.009771 -0.002002 -0.000144
v -0.010016 -0.002102 -0.000048
v -0.007307 -0.007900 0.000024
v -0.007566 -0.008007 -0.000000
v -0.007829 -0.008089 -0.000072
v -0.008090 -0.008143 -0.000190
v -0.008341 -0.008165 -0.000350
v -0.008577 -0.008152 -0.000547
v -0.008790 -0.008102 -0.000776
v -0.008977 -0.008014 -0.001028
v -0.009134 -0.007886 -0.001298
v -0.009258 -0.007720 -0.001576
v -0.009348 -0.007516 -0.001854
v -0.009403 -0.007276 -0.002123
v -0.009425 -0.007003 -0.002376
v -0.009415 -0.006700 -0.002604
v -0.009377 -0.006370 -0.002801
v -0.009316 -0.006020 -0.002961
v -0.009235 -0.005654 -0.003079
v -0.009141 -0.005278 -0.003151
v -0.009040 -0.004897 -0.003176
v -0.008938 -0.004519 -0.003151
v -0.008841 -0.004148 -0.003079
v -0.008755 -0.003791 -0.002961
v -0.008686 -0.003453 -0.002801
v -0.008639 -0.003140 -0.002604
v -0.008619 -0.002857 -0.002376
v -0.008627 -0.002606 -0.002123
v -0.008668 -0.002391 -0.001854
v -0.008741 -0.002216 -0.001576
v -0.008847 -0.002081 -0.001298
v -0.008984 -0.001987 -0.001028
v -0.009151 -0.001934 -0.000776
v -0.009343 -0.001922 -0.000547
v -0.009556 -0.001948 -0.000350
v -0.009784 -0.002010 -0.000190
v -0.010021 -0.002105 -0.000072
v -0.007304 -0.007898 0.000048
v -0.007564 -0.008006 0.000048
v -0.007832 -0.008091 -0.000000
v -0.008101 -0.008149 -0.000095
v -0.008364 -0.008178 -0.000235
v -0.008613 -0.008173 -0.000414
v -0.008843 -0.008132 -0.000628
v -0.009049 -0.008055 -0.000869
v -0.009226 -0.007939 -0.001131
v -0.009371 -0.007785 -0.001406
v -0.009482 -0.007594 -0.001685
v -0.009557 -0.007365 -0.001960
v -0.009599 -0.007103 -0.002222
v -0.009607 -0.006810 -0.002463
v -0.009585 -0.006490 -0.002677
v -0.009536 -0.006147 -0.002856
v -0.009465 -0.005787 -0.002996
v -0.009378 -0.005414 -0.003091
v -0.009279 -0.005035 -0.003139
v -0.009176 -0.004656 -0.003139
v -0.009074 -0.004283 -0.003091
v -0.008981 -0.003921 -0.002996
v -0.008900 -0.003577 -0.002856
v -0.008839 -0.003256 -0.002677
v -0.008802 -0.002962 -0.002463
v -0.008792 -0.002701 -0.002222
v -0.008812 -0.002475 -0.001960
v -0.008864 -0.002287 -0.001685
v -0.008949 -0.002140 -0.001406
v -0.009066 -0.002034 -0.001131
v -0.009213 -0.001970 -0.000869
v -0.009387 -0.001948 -0.000628
v -0.009585 -0.001965 -0.000414
v -0.009800 -0.002019 -0.000235
v -0.010027 -0.002108 -0.000095
v -0.007300 -0.007895 0.000072
v -0.007558 -0.008003 0.000096
v -0.007829 -0.008089 0.000072
v -0.008105 -0.008151 -0.000000
v -0.008377 -0.008185 -0.000118
v -0.008639 -0.008188 -0.000278
v -0.008885 -0.008157 -0.000475
v -0.009108 -0.008089 -0.000704
v -0.009305 -0.007985 -0.000956
v -0.009470 -0.007843 -0.001226
v -0.009602 -0.007663 -0.001504
v -0.009699 -0.007447 -0.001781
v -0.009760 -0.007197 -0.002051
v -0.009787 -0.006914 -0.002304
v -0.009782 -0.006604 -0.002532
v -0.009747 -0.006269 -0.002729
v -0.009688 -0.005915 -0.002889
v -0.009608 -0.005547 -0.003007
v -0.009514 -0.005171 -0.003079
v -0.009412 -0.004792 -0.003104
v -0.009308 -0.004417 -0.003079
v -0.009207 -0.004052 -0.003007
v -0.009118 -0.003702 -0.002889
v -0.009043 -0.003374 -0.002729
v -0.008990 -0.003071 -0.002532
v -0.008963 -0.002799 -0.002304
v -0.008963 -0.002562 -0.002051
v -0.008995 -0.002363 -0.001781
v -0.009059 -0.002204 -0.001504
v -0.009155 -0.002086 -0.001226
v -0.009282 -0.002010 -0.000956
v -0.009438 -0.001977 -0.000704
v -0.009618 -0.001984 -0.000475
v -0.009819 -0.002030 -0.000278
v -0.010035 -0.002113 -0.000118
v -0.007293 -0.007892 0.000095
v -0.007549 -0.007998 0.000144
v -0.007821 -0.008085 0.000144
v -0.008101 -0.008149 0.000095
v -0.008381 -0.008188 -0.000000
v -0.008655 -0.008197 -0.000139
v -0.008915 -0.008174 -0.000319
v -0.009155 -0.008116 -0.000532
v -0.009370 -0.008023 -0.000774
v -0.009556 -0.007892 -0.001036
v -0.009708 -0.007725 -0.001311
v -0.009826 -0.007521 -0.001590
v -0.009908 -0.007282 -0.001864
v -0.009954 -0.007011 -0.002126
v -0.009967 -0.006711 -0.002368
v -0.009948 -0.006385 -0.002581
v -0.009901 -0.006038 -0.002761
v -0.009831 -0.005676 -0.002900
v -0.009744 -0.005304 -0.002996
v -0.009644 -0.004927 -0.003044
v -0.009539 -0.004551 -0.003044
v -0.009434 -0.004183 -0.002996
v -0.009336 -0.003829 -0.002900
v -0.009251 -0.003494 -0.002761
v -0.009184 -0.003183 -0.002581
v -0.009139 -0.002901 -0.002368
v -0.009121 -0.002653 -0.002126
v -0.009133 -0.002442 -0.001864
v -0.009176 -0.002271 -0.001590
v -0.009251 -0.002141 -0.001311
v -0.009358 -0.002054 -0.001036
v -0.009494 -0.002009 -0.000774
v -0.009656 -0.002006 -0.000532
v -0.009842 -0.002043 -0.000319
v -0.010045 -0.002118 -0.000139
v -0.007285 -0.007887 0.000118
v -0.007537 -0.007990 0.000190
v -0.007808 -0.008077 0.000214
v -0.008090 -0.008143 0.000190
v -0.008377 -0.008185 0.000118
v -0.008660 -0.008200 -0.000000
v -0.008933 -0.008184 -0.000160
v -0.009189 -0.008136 -0.000357
v -0.009422 -0.008052 -0.000586
v -0.009627 -0.007933 -0.000838
v -0.009800 -0.007777 -0.001108
v -0.009939 -0.007586 -0.001386
v -0.010041 -0.007359 -0.001663
v -0.010108 -0.007100 -0.001933
v -0.010139 -0.006810 -0.002186
v -0.010137 -0.006494 -0.002414
v -0.010104 -0.006156 -0.002611
v -0.010046 -0.005800 -0.002771
v -0.009966 -0.005432 -0.002889
v -0.009872 -0.005058 -0.002961
v -0.009767 -0.004683 -0.002986
v -0.009660 -0.004313 -0.002961
v -0.009555 -0.003955 -0.002889
v -0.009460 -0.003614 -0.002771
v -0.009380 -0.003296 -0.002611
v -0.009320 -0.003006 -0.002414
v -0.009284 -0.002748 -0.002186
v -0.009277 -0.002525 -0.001933
v -0.009299 -0.002342 -0.001663
v -0.009353 -0.002200 -0.001386
v -0.009439 -0.002101 -0.001108
v -0.009555 -0.002044 -0.000838
v -0.009699 -0.002030 -0.000586
v -0.009867 -0.002058 -0.000357
v -0.010056 -0.002125 -0.000160
v -0.007276 -0.007882 0.000139
v -0.007521 -0.007981 0.000235
v -0.007789 -0.008066 0.000283
v -0.008072 -0.008133 0.000283
v -0.008364 -0.008178 0.000235
v -0.008655 -0.008197 0.000139
v -0.008939 -0.008188 -0.000000
v -0.009209 -0.008147 -0.000179
v -0.009459 -0.008074 -0.000393
v -0.009682 -0.007965 -0.000634
v -0.009876 -0.007821 -0.000897
v -0.010035 -0.007641 -0.001171
v -0.010159 -0.007427 -0.001450
v -0.010246 -0.007179 -0.001725
v -0.010297 -0.006901 -0.001987
v -0.010312 -0.006595 -0.002228
v -0.010295 -0.006266 -0.002442
v -0.010250 -0.005918 -0.002621
v -0.010180 -0.005555 -0.002761
v -0.010091 -0.005185 -0.002856
v -0.009990 -0.004811 -0.002905
v -0.009881 -0.004441 -0.002905
v -0.009773 -0.004081 -0.002856
v -0.009669 -0.003735 -0.002761
v -0.009578 -0.003410 -0.002621
v -0.009504 -0.003112 -0.002442
v -0.009451 -0.002844 -0.002228
v -0.009425 -0.002611 -0.001987
v -0.009427 -0.002416 -0.001725
v -0.009460 -0.002262 -0.001450
v -0.009525 -0.002150 -0.001171
v -0.009620 -0.002082 -0.000897
v -0.009745 -0.002057 -0.000634
v -0.009896 -0.002074 -0.000393
v -0.010069 -0.002132 -0.000179
v -0.007264 -0.007875 0.000160
v -0.007501 -0.007970 0.000278
v -0.007765 -0.008052 0.000350
v -0.008047 -0.008118 0.000374
v -0.008341 -0.008165 0.000350
v -0.008639 -0.008188 0.000278
v -0.008933 -0.008184 0.000160
v -0.009216 -0.008151 -0.000000
v -0.009481 -0.008087 -0.000197
v -0.009722 -0.007988 -0.000426
v -0.009935 -0.007856 -0.000678
v -0.010116 -0.007688 -0.000948
v -0.010260 -0.007485 -0.001226
v -0.010368 -0.007250 -0.001504
v -0.010439 -0.006983 -0.001773
v -0.010473 -0.006688 -0.002026
v -0.010473 -0.006369 -0.002254
v -0.010442 -0.006028 -0.002451
v -0.010383 -0.005673 -0.002611
v -0.010303 -0.005307 -0.002729
v -0.010206 -0.004936 -0.002801
v -0.010098 -0.004566 -0.002826
v -0.009987 -0.004204 -0.002801
v -0.009877 -0.003855 -0.002729
v -0.009776 -0.003525 -0.002611
v -0.009689 -0.003219 -0.002451
v -0.009621 -0.002942 -0.002254
v -0.009577 -0.002698 -0.002026
v -0.009559 -0.002492 -0.001773
v -0.009572 -0.002326 -0.001504
v -0.009615 -0.002203 -0.001226
v -0.009690 -0.002122 -0.000948
v -0.009794 -0.002086 -0.000678
v -0.009927 -0.002092 -0.000426
v -0.010083 -0.002141 -0.000197
v -0.007251 -0.007868 0.000179
v -0.007479 -0.007957 0.000319
v -0.007736 -0.008035 0.000414
v -0.008016 -0.008100 0.000463
v -0.008311 -0.008147 0.000463
v -0.008613 -0.008173 0.000414
v -0.008915 -0.008174 0.000319
v -0.009209 -0.008147 0.000179
v -0.009488 -0.008091 -0.000000
v -0.009747 -0.008002 -0.000214
v -0.009978 -0.007880 -0.000455
v -0.010178 -0.007724 -0.000717
v -0.010344 -0.007534 -0.000992
v -0.010473 -0.007310 -0.001271
v -0.010564 -0.007056 -0.001545
v -0.010618 -0.006772 -0.001808
v -0.010636 -0.006463 -0.002049
v -0.010620 -0.006131 -0.002263
v -0.010574 -0.005783 -0.002442
v -0.010503 -0.005423 -0.002581
v -0.010413 -0.005055 -0.002677
v -0.010308 -0.004688 -0.002725
v -0.010195 -0.004325 -0.002725
v -0.010081 -0.003973 -0.002677
v -0.009972 -0.003638 -0.002581
v -0.009874 -0.003325 -0.002442
v -0.009792 -0.003040 -0.002263
v -0.009731 -0.002787 -0.002049
v -0.009695 -0.002571 -0.001808
v -0.009687 -0.002393 -0.001545
v -0.009710 -0.002257 -0.001271
v -0.009763 -0.002165 -0.000992
v -0.009847 -0.002116 -0.000717
v -0.009960 -0.002111 -0.000455
v -0.010099 -0.002150 -0.000214
v -0.007237 -0.007859 0.000197
v -0.007453 -0.007942 0.000357
v -0.007702 -0.008016 0.000475
v -0.007978 -0.008078 0.000547
v -0.008272 -0.008124 0.000572
v -0.008577 -0.008152 0.000547
v -0.008885 -0.008157 0.000475
v -0.009189 -0.008136 0.000357
v -0.009481 -0.008087 0.000197
v -0.009755 -0.008007 -0.000000
v -0.010004 -0.007895 -0.000228
v -0.010224 -0.007750 -0.000481
v -0.010410 -0.007572 -0.000751
v -0.010560 -0.007361 -0.001028
v -0.010672 -0.007118 -0.001306
v -0.010746 -0.006846 -0.001576
v -0.010782 -0.006547 -0.001828
v -0.010783 -0.006226 -0.002057
v -0.010752 -0.005886 -0.002254
v -0.010692 -0.005532 -0.002414
v -0.010610 -0.005169 -0.002532
v -0.010510 -0.004804 -0.002604
v -0.010398 -0.004442 -0.002628
v -0.010281 -0.004088 -0.002604
v -0.010166 -0.003750 -0.002532
v -0.010057 -0.003431 -0.002414
v -0.009962 -0.003139 -0.002254
v -0.009886 -0.002877 -0.002057
v -0.009832 -0.002650 -0.001828
v -0.009805 -0.002461 -0.001576
v -0.009807 -0.002313 -0.001306
v -0.009840 -0.002209 -0.001028
v -0.009903 -0.002148 -0.000751
v -0.009995 -0.002132 -0.000481
v -0.010116 -0.002159 -0.000228
v -0.007222 -0.007850 0.000214
v -0.007425 -0.007926 0.000393
v -0.007664 -0.007994 0.000532
v -0.007933 -0.008052 0.000628
v -0.008224 -0.008097 0.000676
v -0.008530 -0.008125 0.000676
v -0.008843 -0.008132 0.000628
v -0.009155 -0.008116 0.000532
v -0.009459 -0.008074 0.000393
v -0.009747 -0.008002 0.000214
v -0.010013 -0.007900 -0.000000
v -0.010251 -0.007766 -0.000242
v -0.010458 -0.007599 -0.000504
v -0.010628 -0.007400 -0.000778
v -0.010762 -0.007170 -0.001057
v -0.010856 -0.006909 -0.001332
v -0.010912 -0.006622 -0.001594
v -0.010930 -0.006311 -0.001835
v -0.010915 -0.005979 -0.002049
v -0.010868 -0.005633 -0.002228
v -0.010795 -0.005276 -0.002368
v -0.010701 -0.004915 -0.002463
v -0.010592 -0.004554 -0.002512
v -0.010475 -0.004200 -0.002512
v -0.010354 -0.003859 -0.002463
v -0.010238 -0.003536 -0.002368
v -0.010132 -0.003237 -0.002228
v -0.010041 -0.002967 -0.002049
v -0.009971 -0.002730 -0.001835
v -0.009925 -0.002530 -0.001594
v -0.009907 -0.002371 -0.001332
v -0.009918 -0.002254 -0.001057
v -0.009960 -0.002182 -0.000778
v -0.010033 -0.002153 -0.000504
v -0.010133 -0.002170 -0.000242
v -0.007205 -0.007841 0.000228
v -0.007394 -0.007908 0.000426
v -0.007622 -0.007970 0.000586
v -0.007883 -0.008023 0.000704
v -0.008170 -0.008066 0.000776
v -0.008475 -0.008093 0.000800
v -0.008790 -0.008102 0.000776
v -0.009108 -0.008089 0.000704
v -0.009422 -0.008052 0.000586
v -0.009722 -0.007988 0.000426
v -0.010004 -0.007895 0.000228
v -0.010260 -0.007771 -0.000000
v -0.010486 -0.007616 -0.000253
v -0.010678 -0.007429 -0.000522
v -0.010832 -0.007210 -0.000800
v -0.010947 -0.006962 -0.001078
v -0.011023 -0.006686 -0.001347
v -0.011060 -0.006386 -0.001600
v -0.011061 -0.006064 -0.001828
v -0.011029 -0.005726 -0.002026
v -0.010967 -0.005376 -0.002186
v -0.010881 -0.005019 -0.002304
v -0.010777 -0.004661 -0.002376
v -0.010660 -0.004307 -0.002400
v -0.010537 -0.003964 -0.002376
v -0.010415 -0.003638 -0.002304
v -0.010299 -0.003333 -0.002186
v -0.010195 -0.003056 -0.002026
v -0.010109 -0.002810 -0.001828
v -0.010046 -0.002600 -0.001600
v -0.010008 -0.002429 -0.001347
v -0.009999 -0.002301 -0.001078
v -0.010020 -0.002216 -0.000800
v -0.010071 -0.002176 -0.000522
v -0.010152 -0.002180 -0.000253
v -0.007187 -0.007830 0.000242
v -0.007361 -0.007889 0.000455
v -0.007576 -0.007943 0.000634
v -0.007827 -0.007991 0.000774
v -0.008107 -0.008030 0.000869
v -0.008410 -0.008055 0.000918
v -0.008726 -0.008065 0.000918
v -0.009049 -0.008055 0.000869
v -0.009370 -0.008023 0.000774
v -0.009682 -0.007965 0.000634
v -0.009978 -0.007880 0.000455
v -0.010251 -0.007766 0.000242
v -0.010496 -0.007621 -0.000000
v -0.010707 -0.007446 -0.000262
v -0.010882 -0.007239 -0.000537
v -0.011019 -0.007003 -0.000816
v -0.011115 -0.006739 -0.001090
v -0.011172 -0.006450 -0.001352
v -0.011191 -0.006139 -0.001594
v -0.011174 -0.005810 -0.001808
v -0.011125 -0.005467 -0.001987
v -0.011049 -0.005115 -0.002126
v -0.010951 -0.004761 -0.002222
v -0.010837 -0.004409 -0.002270
v -0.010713 -0.004066 -0.002270
v -0.010586 -0.003737 -0.002222
v -0.010462 -0.003427 -0.002126
v -0.010347 -0.003143 -0.001987
v -0.010247 -0.002889 -0.001808
v -0.010167 -0.002670 -0.001594
v -0.010110 -0.002488 -0.001352
v -0.010081 -0.002348 -0.001090
v -0.010081 -0.002251 -0.000816
v -0.010111 -0.002199 -0.000537
v -0.010172 -0.002192 -0.000262
v -0.007168 -0.007820 0.000253
v -0.007325 -0.007868 0.000481
v -0.007526 -0.007914 0.000678
v -0.007766 -0.007956 0.000838
v -0.008038 -0.007990 0.000956
v -0.008336 -0.008013 0.001028
v -0.008652 -0.008022 0.001053
v -0.008977 -0.008014 0.001028
v -0.009305 -0.007985 0.000956
v -0.009627 -0.007933 0.000838
v -0.009935 -0.007856 0.000678
v -0.010224 -0.007750 0.000481
v -0.010486 -0.007616 0.000253
v -0.010717 -0.007451 -0.000000
v -0.010913 -0.007257 -0.000269
v -0.011070 -0.007033 -0.000547
v -0.011187 -0.006781 -0.000825
v -0.011264 -0.006504 -0.001094
v -0.011302 -0.006203 -0.001347
v -0.011302 -0.005883 -0.001576
v -0.011267 -0.005549 -0.001773
v -0.011202 -0.005204 -0.001933
v -0.011112 -0.004854 -0.002051
v -0.011003 -0.004505 -0.002123
v -0.010880 -0.004162 -0.002147
v -0.010750 -0.003831 -0.002123
v -0.010620 -0.003519 -0.002051
v -0.010495 -0.003229 -0.001933
v -0.010382 -0.002967 -0.001773
v -0.010287 -0.002739 -0.001576
v -0.010212 -0.002547 -0.001347
v -0.010164 -0.002396 -0.001094
v -0.010143 -0.002287 -0.000825
v -0.010152 -0.002223 -0.000547
v -0.010192 -0.002203 -0.000269
v -0.007149 -0.007808 0.000262
v -0.007288 -0.007847 0.000504
v -0.007473 -0.007884 0.000717
v -0.007700 -0.007918 0.000897
v -0.007963 -0.007946 0.001036
v -0.008254 -0.007966 0.001131
v -0.008567 -0.007973 0.001180
v -0.008894 -0.007965 0.001180
v -0.009226 -0.007939 0.001131
v -0.009556 -0.007892 0.001036
v -0.009876 -0.007821 0.000897
v -0.010178 -0.007724 0.000717
v -0.010458 -0.007599 0.000504
v -0.010707 -0.007446 0.000262
v -0.010923 -0.007263 -0.000000
v -0.011101 -0.007051 -0.000275
v -0.011240 -0.006811 -0.000554
v -0.011337 -0.006545 -0.000828
v -0.011394 -0.006256 -0.001090
v -0.011412 -0.005947 -0.001332
v -0.011393 -0.005621 -0.001545
v -0.011341 -0.005284 -0.001725
v -0.011260 -0.004940 -0.001864
v -0.011157 -0.004594 -0.001960
v -0.011037 -0.004253 -0.002008
v -0.010906 -0.003922 -0.002008
v -0.010771 -0.003606 -0.001960
v -0.010639 -0.003312 -0.001864
v -0.010515 -0.003044 -0.001725
v -0.010405 -0.002807 -0.001545
v -0.010314 -0.002606 -0.001332
v -0.010246 -0.002444 -0.001090
v -0.010206 -0.002323 -0.000828
v -0.010194 -0.002247 -0.000554
v -0.010212 -0.002215 -0.000275
v -0.007129 -0.007797 0.000269
v -0.007249 -0.007824 0.000522
v -0.007418 -0.007852 0.000751
v -0.007631 -0.007878 0.000948
v -0.007882 -0.007899 0.001108
v -0.008165 -0.007914 0.001226
v -0.008474 -0.007919 0.001298
v -0.008799 -0.007911 0.001322
v -0.009134 -0.007886 0.001298
v -0.009470 -0.007843 0.001226
v -0.009800 -0.007777 0.001108
v -0.010116 -0.007688 0.000948
v -0.010410 -0.007572 0.000751
v -0.010678 -0.007429 0.000522
v -0.010913 -0.007257 0.000269
v -0.011112 -0.007057 -0.000000
v -0.011271 -0.006829 -0.000278
v -0.011389 -0.006576 -0.000556
v -0.011466 -0.006298 -0.000825
v -0.011503 -0.005999 -0.001078
v -0.011500 -0.005683 -0.001306
v -0.011463 -0.005354 -0.001504
v -0.011394 -0.005017 -0.001663
v -0.011299 -0.004676 -0.001781
v -0.011183 -0.004337 -0.001854
v -0.011053 -0.004007 -0.001878
v -0.010916 -0.003689 -0.001854
v -0.010777 -0.003391 -0.001781
v -0.010643 -0.003118 -0.001663
v -0.010520 -0.002874 -0.001504
v -0.010413 -0.002663 -0.001306
v -0.010328 -0.002491 -0.001078
v -0.010268 -0.002359 -0.000825
v -0.010236 -0.002271 -0.000556
v -0.010233 -0.002227 -0.000278
v -0.007108 -0.007785 0.000275
v -0.007209 -0.007801 0.000537
v -0.007360 -0.007818 0.000778
v -0.007557 -0.007835 0.000992
v -0.007796 -0.007850 0.001171
v -0.008069 -0.007859 0.001311
v -0.008371 -0.007860 0.001406
v -0.008694 -0.007850 0.001454
v -0.009030 -0.007826 0.001454
v -0.009371 -0.007785 0.001406
v -0.009708 -0.007725 0.001311
v -0.010035 -0.007641 0.001171
v -0.010344 -0.007534 0.000992
v -0.010628 -0.007400 0.000778
v -0.010882 -0.007239 0.000537
v -0.011101 -0.007051 0.000275
v -0.011282 -0.006835 -0.000000
v -0.011421 -0.006594 -0.000279
v -0.011518 -0.006328 -0.000554
v -0.011574 -0.006041 -0.000816
v -0.011590 -0.005735 -0.001057
v -0.011568 -0.005415 -0.001271
v -0.011512 -0.005085 -0.001450
v -0.011426 -0.004749 -0.001590
v -0.011317 -0.004414 -0.001685
v -0.011190 -0.004085 -0.001733
v -0.011051 -0.003768 -0.001733
v -0.010908 -0.003467 -0.001685
v -0.010766 -0.003189 -0.001590
v -0.010631 -0.002938 -0.001450
v -0.010511 -0.002720 -0.001271
v -0.010409 -0.002537 -0.001057
v -0.010330 -0.002395 -0.000816
v -0.010278 -0.002295 -0.000554
v -0.010254 -0.002239 -0.000279
v -0.007087 -0.007773 0.000278
v -0.007168 -0.007777 0.000547
v -0.007300 -0.007784 0.000800
v -0.007481 -0.007791 0.001028
v -0.007705 -0.007797 0.001226
v -0.007967 -0.007800 0.001386
v -0.008261 -0.007796 0.001504
v -0.008580 -0.007784 0.001576
v -0.008915 -0.007760 0.001600
v -0.009258 -0.007720 0.001576
v -0.009602 -0.007663 0.001504
v -0.009939 -0.007586 0.001386
v -0.010260 -0.007485 0.001226
v -0.010560 -0.007361 0.001028
v -0.010832 -0.007210 0.000800
v -0.011070 -0.007033 0.000547
v -0.011271 -0.006829 0.000278
v -0.011432 -0.006600 -0.000000
v -0.011550 -0.006346 -0.000278
v -0.011626 -0.006071 -0.000547
v -0.011660 -0.005776 -0.000800
v -0.011655 -0.005465 -0.001028
v -0.011613 -0.005143 -0.001226
v -0.011539 -0.004814 -0.001386
v -0.011438 -0.004484 -0.001504
v -0.011315 -0.004158 -0.001576
v -0.011177 -0.003840 -0.001600
v -0.011031 -0.003538 -0.001576
v -0.010883 -0.003256 -0.001504
v -0.010739 -0.003000 -0.001386
v -0.010605 -0.002774 -0.001226
v -0.010488 -0.002583 -0.001028
v -0.010391 -0.002430 -0.000800
v -0.010320 -0.002319 -0.000547
v -0.010275 -0.002251 -0.000278
v -0.007066 -0.007761 0.000279
v -0.007127 -0.007753 0.000554
v -0.007239 -0.007749 0.000816
v -0.007402 -0.007746 0.001057
v -0.007611 -0.007743 0.001271
v -0.007860 -0.007738 0.001450
v -0.008144 -0.007729 0.001590
v -0.008456 -0.007713 0.001685
v -0.008788 -0.007687 0.001733
v -0.009133 -0.007648 0.001733
v -0.009482 -0.007594 0.001685
v -0.009826 -0.007521 0.001590
v -0.010159 -0.007427 0.001450
v -0.010473 -0.007310 0.001271
v -0.010762 -0.007170 0.001057
v -0.011019 -0.007003 0.000816
v -0.011240 -0.006811 0.000554
v -0.011421 -0.006594 0.000279
v -0.011560 -0.006352 -0.000000
v -0.011657 -0.006088 -0.000275
v -0.011711 -0.005805 -0.000537
v -0.011723 -0.005504 -0.000778
v -0.011697 -0.005191 -0.000992
v -0.011635 -0.004870 -0.001171
v -0.011544 -0.004546 -0.001311
v -0.011428 -0.004223 -0.001406
v -0.011293 -0.003907 -0.001454
v -0.011146 -0.003604 -0.001454
v -0.010993 -0.003320 -0.001406
v -0.010841 -0.003059 -0.001311
v -0.010696 -0.002826 -0.001171
v -0.010564 -0.002627 -0.000992
v -0.010451 -0.002465 -0.000778
v -0.010360 -0.002343 -0.000537
v -0.010296 -0.002263 -0.000275
v -0.007045 -0.007749 0.000278
v -0.007085 -0.007729 0.000556
v -0.007177 -0.007713 0.000825
v -0.007321 -0.007699 0.001078
v -0.007513 -0.007687 0.001306
v -0.007749 -0.007674 0.001504
v -0.008021 -0.007658 0.001663
v -0.008325 -0.007637 0.001781
v -0.008653 -0.007609 0.001854
v -0.008996 -0.007569 0.001878
v -0.009348 -0.007516 0.001854
v -0.009699 -0.007447 0.001781
v -0.010041 -0.007359 0.001663
v -0.010368 -0.007250 0.001504
v -0.010672 -0.007118 0.001306
v -0.010947 -0.006962 0.001078
v -0.011187 -0.006781 0.000825
v -0.011389 -0.006576 0.000556
v -0.011550 -0.006346 0.000278
v -0.011667 -0.006094 -0.000000
v -0.011741 -0.005822 -0.000269
v -0.011772 -0.005533 -0.000522
v -0.011762 -0.005229 -0.000751
v -0.011716 -0.004916 -0.000948
v -0.011635 -0.004598 -0.001108
v -0.011527 -0.004280 -0.001226
v -0.011397 -0.003967 -0.001298
v -0.011251 -0.003665 -0.001322
v -0.011095 -0.003379 -0.001298
v -0.010937 -0.003114 -0.001226
v -0.010782 -0.002876 -0.001108
v -0.010638 -0.002669 -0.000948
v -0.010509 -0.002498 -0.000751
v -0.010401 -0.002366 -0.000522
v -0.010317 -0.002275 -0.000269
v -0.007024 -0.007737 0.000275
v -0.007043 -0.007705 0.000554
v -0.007115 -0.007677 0.000828
v -0.007239 -0.007652 0.001090
v -0.007414 -0.007629 0.001332
v -0.007633 -0.007607 0.001545
v -0.007893 -0.007584 0.001725
v -0.008187 -0.007558 0.001864
v -0.008509 -0.007525 0.001960
v -0.008849 -0.007484 0.002008
v -0.009202 -0.007432 0.002008
v -0.009557 -0.007365 0.001960
v -0.009908 -0.007282 0.001864
v -0.010246 -0.007179 0.001725
v -0.010564 -0.007056 0.001545
v -0.010856 -0.006909 0.001332
v -0.011115 -0.006739 0.001090
v -0.011337 -0.006545 0.000828
v -0.011518 -0.006328 0.000554
v -0.011657 -0.006088 0.000275
v -0.011751 -0.005828 -0.000000
v -0.011802 -0.005550 -0.000262
v -0.011810 -0.005257 -0.000504
v -0.011778 -0.004953 -0.000717
v -0.011711 -0.004642 -0.000897
v -0.011613 -0.004329 -0.001036
v -0.011489 -0.004020 -0.001131
v -0.011345 -0.003720 -0.001180
v -0.011189 -0.003433 -0.001180
v -0.011026 -0.003166 -0.001131
v -0.010863 -0.002923 -0.001036
v -0.010707 -0.002710 -0.000897
v -0.010564 -0.002530 -0.000717
v -0.010439 -0.002388 -0.000504
v -0.010337 -0.002287 -0.000262
v -0.007004 -0.007725 0.000269
v -0.007001 -0.007681 0.000547
v -0.007052 -0.007641 0.000825
v -0.007157 -0.007604 0.001094
v -0.007312 -0.007571 0.001347
v -0.007515 -0.007539 0.001576
v -0.007761 -0.007508 0.001773
v -0.008044 -0.007475 0.001933
v -0.008357 -0.007438 0.002051
v -0.008693 -0.007394 0.002123
v -0.009045 -0.007341 0.002147
v -0.009403 -0.007276 0.002123
v -0.009760 -0.007197 0.002051
v -0.010108 -0.007100 0.001933
v -0.010439 -0.006983 0.001773
v -0.010746 -0.006846 0.001576
v -0.011023 -0.006686 0.001347
v -0.011264 -0.006504 0.001094
v -0.011466 -0.006298 0.000825
v -0.011626 -0.006071 0.000547
v -0.011741 -0.005822 0.000269
v -0.011812 -0.005556 -0.000000
v -0.011839 -0.005273 -0.000253
v -0.011824 -0.004979 -0.000481
v -0.011771 -0.004676 -0.000678
v -0.011684 -0.004370 -0.000838
v -0.011568 -0.004066 -0.000956
v -0.011429 -0.003768 -0.001028
v -0.011273 -0.003482 -0.001053
v -0.011107 -0.003213 -0.001028
v -0.010939 -0.002967 -0.000956
v -0.010773 -0.002748 -0.000838
v -0.010617 -0.002561 -0.000678
v -0.010477 -0.002410 -0.000481
v -0.010356 -0.002298 -0.000253
v -0.006984 -0.007713 0.000262
v -0.006960 -0.007657 0.000537
v -0.006990 -0.007605 0.000816
v -0.007074 -0.007556 0.001090
v -0.007210 -0.007512 0.001352
v -0.007395 -0.007470 0.001594
v -0.007626 -0.007429 0.001808
v -0.007896 -0.007389 0.001987
v -0.008199 -0.007347 0.002126
v -0.008529 -0.007299 0.002222
v -0.008878 -0.007245 0.002270
v -0.009237 -0.007180 0.002270
v -0.009599 -0.007103 0.002222
v -0.009954 -0.007011 0.002126
v -0.010297 -0.006901 0.001987
v -0.010618 -0.006772 0.001808
v -0.010912 -0.006622 0.001594
v -0.011172 -0.006450 0.001352
v -0.011394 -0.006256 0.001090
v -0.011574 -0.006041 0.000816
v -0.011711 -0.005805 0.000537
v -0.011802 -0.005550 0.000262
v -0.011848 -0.005279 -0.000000
v -0.011851 -0.004995 -0.000242
v -0.011814 -0.004701 -0.000455
v -0.011739 -0.004403 -0.000634
v -0.011633 -0.004104 -0.000774
v -0.011500 -0.003809 -0.000869
v -0.011347 -0.003525 -0.000918
v -0.011181 -0.003255 -0.000918
v -0.011008 -0.003006 -0.000869
v -0.010834 -0.002783 -0.000774
v -0.010667 -0.002589 -0.000634
v -0.010512 -0.002430 -0.000455
v -0.010375 -0.002309 -0.000242
v -0.006964 -0.007702 0.000253
v -0.006920 -0.007634 0.000522
v -0.006929 -0.007570 0.000800
v -0.006992 -0.007509 0.001078
v -0.007108 -0.007453 0.001347
v -0.007275 -0.007400 0.001600
v -0.007488 -0.007350 0.001828
v -0.007744 -0.007302 0.002026
v -0.008036 -0.007252 0.002186
v -0.008358 -0.007201 0.002304
v -0.008702 -0.007143 0.002376
v -0.009060 -0.007078 0.002400
v -0.009425 -0.007003 0.002376
v -0.009787 -0.006914 0.002304
v -0.010139 -0.006810 0.002186
v -0.010473 -0.006688 0.002026
v -0.010782 -0.006547 0.001828
v -0.011060 -0.006386 0.001600
v -0.011302 -0.006203 0.001347
v -0.011503 -0.005999 0.001078
v -0.011660 -0.005776 0.000800
v -0.011772 -0.005533 0.000522
v -0.011839 -0.005273 0.000253
v -0.011860 -0.005000 -0.000000
v -0.011839 -0.004716 -0.000228
v -0.011779 -0.004426 -0.000426
v -0.011684 -0.004133 -0.000586
v -0.011560 -0.003844 -0.000704
v -0.011412 -0.003562 -0.000776
v -0.011246 -0.003293 -0.000800
v -0.011070 -0.003042 -0.000776
v -0.010890 -0.002815 -0.000704
v -0.010713 -0.002616 -0.000586
v -0.010545 -0.002449 -0.000426
v -0.010393 -0.002319 -0.000228
v -0.006946 -0.007691 0.000242
v -0.006881 -0.007612 0.000504
v -0.006869 -0.007535 0.000778
v -0.006911 -0.007463 0.001057
v -0.007007 -0.007394 0.001332
v -0.007154 -0.007330 0.001594
v -0.007350 -0.007270 0.001835
v -0.007590 -0.007213 0.002049
v -0.007869 -0.007156 0.002228
v -0.008181 -0.007099 0.002368
v -0.008519 -0.007038 0.002463
v -0.008875 -0.006971 0.002512
v -0.009240 -0.006896 0.002512
v -0.009607 -0.006810 0.002463
v -0.009967 -0.006711 0.002368
v -0.010312 -0.006595 0.002228
v -0.010636 -0.006463 0.002049
v -0.010930 -0.006311 0.001835
v -0.011191 -0.006139 0.001594
v -0.011412 -0.005947 0.001332
v -0.011590 -0.005735 0.001057
v -0.011723 -0.005504 0.000778
v -0.011810 -0.005257 0.000504
v -0.011851 -0.004995 0.000242
v -0.011848 -0.004721 -0.000000
v -0.011804 -0.004440 -0.000214
v -0.011721 -0.004155 -0.000393
v -0.011607 -0.003870 -0.000532
v -0.011465 -0.003592 -0.000628
v -0.011302 -0.003325 -0.000676
v -0.011125 -0.003074 -0.000676
v -0.010940 -0.002844 -0.000628
v -0.010755 -0.002640 -0.000532
v -0.010576 -0.002467 -0.000393
v -0.010409 -0.002329 -0.000214
v -0.006928 -0.007681 0.000228
v -0.006844 -0.007590 0.000481
v -0.006812 -0.007502 0.000751
v -0.006833 -0.007417 0.001028
v -0.006907 -0.007337 0.001306
v -0.007034 -0.007261 0.001576
v -0.007211 -0.007190 0.001828
v -0.007435 -0.007123 0.002057
v -0.007700 -0.007058 0.002254
v -0.008000 -0.006994 0.002414
v -0.008330 -0.006929 0.002532
v -0.008681 -0.006860 0.002604
v -0.009046 -0.006784 0.002628
v -0.009415 -0.006700 0.002604
v -0.009782 -0.006604 0.002532
v -0.010137 -0.006494 0.002414
v -0.010473 -0.006369 0.002254
v -0.010783 -0.006226 0.002057
v -0.011061 -0.006064 0.001828
v -0.011302 -0.005883 0.001576
v -0.011500 -0.005683 0.001306
v -0.011655 -0.005465 0.001028
v -0.011762 -0.005229 0.000751
v -0.011824 -0.004979 0.000481
v -0.011839 -0.004716 0.000228
v -0.011812 -0.004444 -0.000000
v -0.011744 -0.004167 -0.000197
v -0.011640 -0.003890 -0.000357
v -0.011506 -0.003616 -0.000475
v -0.011348 -0.003352 -0.000547
v -0.011172 -0.003101 -0.000572
v -0.010985 -0.002870 -0.000547
v -0.010793 -0.002662 -0.000475
v -0.010605 -0.002484 -0.000357
v -0.010425 -0.002338 -0.000197
v -0.006911 -0.007671 0.000214
v -0.006809 -0.007570 0.000455
v -0.006756 -0.007470 0.000717
v -0.006756 -0.007373 0.000992
v -0.006810 -0.007280 0.001271
v -0.006916 -0.007193 0.001545
v -0.007074 -0.007111 0.001808
v -0.007279 -0.007033 0.002049
v -0.007529 -0.006960 0.002263
v -0.007817 -0.006888 0.002442
v -0.008137 -0.006817 0.002581
v -0.008481 -0.006744 0.002677
v -0.008843 -0.006667 0.002725
v -0.009214 -0.006583 0.002725
v -0.009585 -0.006490 0.002677
v -0.009948 -0.006385 0.002581
v -0.010295 -0.006266 0.002442
v -0.010620 -0.006131 0.002263
v -0.010915 -0.005979 0.002049
v -0.011174 -0.005810 0.001808
v -0.011393 -0.005621 0.001545
v -0.011568 -0.005415 0.001271
v -0.011697 -0.005191 0.000992
v -0.011778 -0.004953 0.000717
v -0.011814 -0.004701 0.000455
v -0.011804 -0.004440 0.000214
v -0.011751 -0.004172 -0.000000
v -0.011660 -0.003902 -0.000179
v -0.011536 -0.003634 -0.000319
v -0.011384 -0.003373 -0.000414
v -0.011211 -0.003124 -0.000463
v -0.011023 -0.002892 -0.000463
v -0.010827 -0.002682 -0.000414
v -0.010630 -0.002498 -0.000319
v -0.010439 -0.002346 -0.000179
v -0.006896 -0.007662 0.000197
v -0.006775 -0.007551 0.000426
v -0.006703 -0.007439 0.000678
v -0.006683 -0.007331 0.000948
v -0.006715 -0.007226 0.001226
v -0.006801 -0.007126 0.001504
v -0.006938 -0.007033 0.001773
v -0.007125 -0.006944 0.002026
v -0.007358 -0.006861 0.002254
v -0.007632 -0.006781 0.002451
v -0.007940 -0.006704 0.002611
v -0.008277 -0.006626 0.002729
v -0.008634 -0.006547 0.002801
v -0.009004 -0.006462 0.002826
v -0.009377 -0.006370 0.002801
v -0.009747 -0.006269 0.002729
v -0.010104 -0.006156 0.002611
v -0.010442 -0.006028 0.002451
v -0.010752 -0.005886 0.002254
v -0.011029 -0.005726 0.002026
v -0.011267 -0.005549 0.001773
v -0.011463 -0.005354 0.001504
v -0.011613 -0.005143 0.001226
v -0.011716 -0.004916 0.000948
v -0.011771 -0.004676 0.000678
v -0.011779 -0.004426 0.000426
v -0.011744 -0.004167 0.000197
v -0.011667 -0.003906 -0.000000
v -0.011554 -0.003644 -0.000160
v -0.011410 -0.003388 -0.000278
v -0.011242 -0.003142 -0.000350
v -0.011054 -0.002910 -0.000374
v -0.010856 -0.002698 -0.000350
v -0.010653 -0.002511 -0.000278
v -0.010452 -0.002353 -0.000160
v -0.006881 -0.007654 0.000179
v -0.006744 -0.007533 0.000393
v -0.006654 -0.007411 0.000634
v -0.006613 -0.007290 0.000897
v -0.006625 -0.007174 0.001171
v -0.006689 -0.007062 0.001450
v -0.006806 -0.006956 0.001725
v -0.006974 -0.006857 0.001987
v -0.007189 -0.006763 0.002228
v -0.007447 -0.006675 0.002442
v -0.007743 -0.006590 0.002621
v -0.008069 -0.006506 0.002761
v -0.008420 -0.006423 0.002856
v -0.008787 -0.006337 0.002905
v -0.009162 -0.006246 0.002905
v -0.009536 -0.006147 0.002856
v -0.009901 -0.006038 0.002761
v -0.010250 -0.005918 0.002621
v -0.010574 -0.005783 0.002442
v -0.010868 -0.005633 0.002228
v -0.011125 -0.005467 0.001987
v -0.011341 -0.005284 0.001725
v -0.011512 -0.005085 0.001450
v -0.011635 -0.004870 0.001171
v -0.011711 -0.004642 0.000897
v -0.011739 -0.004403 0.000634
v -0.011721 -0.004155 0.000393
v -0.011660 -0.003902 0.000179
v -0.011560 -0.003648 -0.000000
v -0.011426 -0.003397 -0.000139
v -0.011264 -0.003154 -0.000235
v -0.011079 -0.002924 -0.000283
v -0.010880 -0.002712 -0.000283
v -0.010672 -0.002523 -0.000235
v -0.010463 -0.002360 -0.000139
v -0.006868 -0.007647 0.000160
v -0.006716 -0.007516 0.000357
v -0.006608 -0.007384 0.000586
v -0.006547 -0.007252 0.000838
v -0.006538 -0.007124 0.001108
v -0.006582 -0.007000 0.001386
v -0.006678 -0.006882 0.001663
v -0.006825 -0.006771 0.001933
v -0.007022 -0.006667 0.002186
v -0.007263 -0.006569 0.002414
v -0.007545 -0.006475 0.002611
v -0.007860 -0.006386 0.002771
v -0.008203 -0.006298 0.002889
v -0.008565 -0.006209 0.002961
v -0.008939 -0.006117 0.002986
v -0.009316 -0.006020 0.002961
v -0.009688 -0.005915 0.002889
v -0.010046 -0.005800 0.002771
v -0.010383 -0.005673 0.002611
v -0.010692 -0.005532 0.002414
v -0.010967 -0.005376 0.002186
v -0.011202 -0.005204 0.001933
v -0.011394 -0.005017 0.001663
v -0.011539 -0.004814 0.001386
v -0.011635 -0.004598 0.001108
v -0.011684 -0.004370 0.000838
v -0.011684 -0.004133 0.000586
v -0.011640 -0.003890 0.000357
v -0.011554 -0.003644 0.000160
v -0.011432 -0.003400 -0.000000
v -0.011277 -0.003162 -0.000118
v -0.011097 -0.002935 -0.000190
v -0.010899 -0.002723 -0.000214
v -0.010688 -0.002532 -0.000190
v -0.010473 -0.002366 -0.000118
v -0.006857 -0.007640 0.000139
v -0.006690 -0.007502 0.000319
v -0.006565 -0.007360 0.000532
v -0.006487 -0.007217 0.000774
v -0.006457 -0.007077 0.001036
v -0.006480 -0.006941 0.001311
v -0.006555 -0.006811 0.001590
v -0.006682 -0.006688 0.001864
v -0.006859 -0.006573 0.002126
v -0.007082 -0.006464 0.002368
v -0.007348 -0.006362 0.002581
v -0.007651 -0.006265 0.002761
v -0.007984 -0.006171 0.002900
v -0.008340 -0.006079 0.002996
v -0.008711 -0.005986 0.003044
v -0.009089 -0.005889 0.003044
v -0.009465 -0.005787 0.002996
v -0.009831 -0.005676 0.002900
v -0.010180 -0.005555 0.002761
v -0.010503 -0.005423 0.002581
v -0.010795 -0.005276 0.002368
v -0.011049 -0.005115 0.002126
v -0.011260 -0.004940 0.001864
v -0.011426 -0.004749 0.001590
v -0.011544 -0.004546 0.001311
v -0.011613 -0.004329 0.001036
v -0.011633 -0.004104 0.000774
v -0.011607 -0.003870 0.000532
v -0.011536 -0.003634 0.000319
v -0.011426 -0.003397 0.000139
v -0.011282 -0.003165 -0.000000
v -0.011108 -0.002941 -0.000095
v -0.010912 -0.002731 -0.000144
v -0.010701 -0.002539 -0.000144
v -0.010481 -0.002370 -0.000095
v -0.006847 -0.007634 0.000118
v -0.006668 -0.007489 0.000278
v -0.006527 -0.007338 0.000475
v -0.006431 -0.007185 0.000704
v -0.006382 -0.007033 0.000956
v -0.006384 -0.006886 0.001226
v -0.006438 -0.006744 0.001504
v -0.006544 -0.006609 0.001781
v -0.006701 -0.006481 0.002051
v -0.006906 -0.006362 0.002304
v -0.007155 -0.006250 0.002532
v -0.007443 -0.006145 0.002729
v -0.007765 -0.006045 0.002889
v -0.008113 -0.005948 0.003007
v -0.008479 -0.005852 0.003079
v -0.008856 -0.005755 0.003104
v -0.009235 -0.005654 0.003079
v -0.009608 -0.005547 0.003007
v -0.009966 -0.005432 0.002889
v -0.010303 -0.005307 0.002729
v -0.010610 -0.005169 0.002532
v -0.010881 -0.005019 0.002304
v -0.011112 -0.004854 0.002051
v -0.011299 -0.004676 0.001781
v -0.011438 -0.004484 0.001504
v -0.011527 -0.004280 0.001226
v -0.011568 -0.004066 0.000956
v -0.011560 -0.003844 0.000704
v -0.011506 -0.003616 0.000475
v -0.011410 -0.003388 0.000278
v -0.011277 -0.003162 0.000118
v -0.011112 -0.002943 -0.000000
v -0.010920 -0.002736 -0.000072
v -0.010710 -0.002544 -0.000096
v -0.010487 -0.002374 -0.000072
v -0.010923 -0.002737 -0.000000
v -0.010715 -0.002548 -0.000048
v -0.010492 -0.002377 -0.000048
v -0.006465 -0.007302 0.000350
v -0.006494 -0.007318 0.000414
v -0.006336 -0.007130 0.000547
v -0.006380 -0.007156 0.000628
v -0.006251 -0.006958 0.000776
v -0.006313 -0.006994 0.000869
v -0.006213 -0.006787 0.001028
v -0.006295 -0.006834 0.001131
v -0.006226 -0.006621 0.001298
v -0.006328 -0.006680 0.001406
v -0.006290 -0.006462 0.001576
v -0.006413 -0.006533 0.001685
v -0.006405 -0.006311 0.001854
v -0.006549 -0.006394 0.001960
v -0.006570 -0.006169 0.002123
v -0.006735 -0.006263 0.002222
v -0.006783 -0.006036 0.002376
v -0.006966 -0.006141 0.002463
v -0.007039 -0.005912 0.002604
v -0.007239 -0.006027 0.002677
v -0.007334 -0.005796 0.002801
v -0.007548 -0.005919 0.002856
v -0.007661 -0.005687 0.002961
v -0.007886 -0.005817 0.002996
v -0.008013 -0.005583 0.003079
v -0.008246 -0.005717 0.003091
v -0.008382 -0.005481 0.003151
v -0.008620 -0.005619 0.003139
v -0.008761 -0.005380 0.003176
v -0.009000 -0.005518 0.003139
v -0.009141 -0.005278 0.003151
v -0.009378 -0.005414 0.003091
v -0.009514 -0.005171 0.003079
v -0.009744 -0.005304 0.002996
v -0.009872 -0.005058 0.002961
v -0.010091 -0.005185 0.002856
v -0.010206 -0.004936 0.002801
v -0.010413 -0.005055 0.002677
v -0.010510 -0.004804 0.002604
v -0.010701 -0.004915 0.002463
v -0.010777 -0.004661 0.002376
v -0.010951 -0.004761 0.002222
v -0.011003 -0.004505 0.002123
v -0.011157 -0.004594 0.001960
v -0.011183 -0.004337 0.001854
v -0.011317 -0.004414 0.001685
v -0.011315 -0.004158 0.001576
v -0.011428 -0.004223 0.001406
v -0.011397 -0.003967 0.001298
v -0.011489 -0.004020 0.001131
v -0.011429 -0.003768 0.001028
v -0.011500 -0.003809 0.000869
v -0.011412 -0.003562 0.000776
v -0.011465 -0.003592 0.000628
v -0.011348 -0.003352 0.000547
v -0.011384 -0.003373 0.000414
v -0.011242 -0.003142 0.000350
v -0.011264 -0.003154 0.000235
v -0.011097 -0.002935 0.000190
v -0.011108 -0.002941 0.000095
v -0.010920 -0.002736 0.000072
v -0.010717 -0.002549 -0.000000
v -0.010495 -0.002378 -0.000024
# 2522 vertices, 0 vertices normals

f 1 2 3
f 4 5 6
f 6 5 7
f 8 7 5
f 9 10 11
f 8 5 12
f 5 4 12
f 12 4 13
f 14 7 8
f 14 8 15
f 8 12 15
f 15 12 16
f 12 13 16
f 16 13 17
f 18 7 14
f 18 14 19
f 14 15 19
f 19 15 20
f 15 16 20
f 20 16 21
f 16 17 21
f 21 17 22
f 23 7 18
f 23 18 24
f 18 19 24
f 24 19 25
f 19 20 25
f 25 20 26
f 20 21 26
f 26 21 27
f 21 22 27
f 27 22 28
f 29 7 23
f 29 23 30
f 23 24 30
f 30 24 31
f 24 25 31
f 31 25 32
f 25 26 32
f 32 26 33
f 26 27 33
f 33 27 34
f 27 28 34
f 34 28 35
f 36 7 29
f 37 38 39
f 36 29 40
f 29 30 40
f 40 30 41
f 30 31 41
f 41 31 42
f 31 32 42
f 42 32 43
f 32 33 43
f 43 33 44
f 33 34 44
f 44 34 45
f 34 35 45
f 45 35 46
f 47 7 36
f 39 48 49
f 47 36 50
f 36 40 50
f 50 40 51
f 40 41 51
f 51 41 52
f 41 42 52
f 52 42 53
f 42 43 53
f 53 43 54
f 43 44 54
f 54 44 55
f 44 45 55
f 55 45 56
f 45 46 56
f 56 46 57
f 58 7 47
f 49 59 60
f 58 47 61
f 47 50 61
f 61 50 62
f 50 51 62
f 62 51 63
f 51 52 63
f 63 52 64
f 52 53 64
f 64 53 65
f 53 54 65
f 65 54 66
f 54 55 66
f 66 55 67
f 55 56 67
f 67 56 68
f 56 57 68
f 68 57 69
f 70 7 58
f 60 71 72
f 70 58 73
f 58 61 73
f 73 61 74
f 61 62 74
f 74 62 75
f 62 63 75
f 75 63 76
f 63 64 76
f 76 64 77
f 64 65 77
f 77 65 78
f 65 66 78
f 78 66 79
f 66 67 79
f 79 67 80
f 67 68 80
f 80 68 81
f 68 69 81
f 81 69 82
f 83 7 70
f 72 84 85
f 83 70 86
f 70 73 86
f 86 73 87
f 73 74 87
f 87 74 88
f 74 75 88
f 88 75 89
f 75 76 89
f 89 76 90
f 76 77 90
f 90 77 91
f 77 78 91
f 91 78 92
f 78 79 92
f 92 79 93
f 79 80 93
f 93 80 94
f 80 81 94
f 94 81 95
f 81 82 95
f 95 82 96
f 97 7 83
f 85 98 99
f 97 83 100
f 83 86 100
f 100 86 101
f 86 87 101
f 101 87 102
f 87 88 102
f 102 88 103
f 88 89 103
f 103 89 104
f 89 90 104
f 104 90 105
f 90 91 105
f 105 91 106
f 91 92 106
f 106 92 107
f 92 93 107
f 107 93 108
f 93 94 108
f 108 94 109
f 94 95 109
f 109 95 110
f 95 96 110
f 110 96 111
f 112 7 97
f 99 113 114
f 112 97 115
f 97 100 115
f 115 100 116
f 100 101 116
f 116 101 117
f 101 102 117
f 117 102 118
f 102 103 118
f 118 103 119
f 103 104 119
f 119 104 120
f 104 105 120
f 120 105 121
f 105 106 121
f 121 106 122
f 106 107 122
f 122 107 123
f 107 108 123
f 123 108 124
f 108 109 124
f 124 109 125
f 109 110 125
f 125 110 126
f 110 111 126
f 126 111 127
f 128 7 112
f 114 129 130
f 128 112 131
f 112 115 131
f 131 115 132
f 115 116 132
f 132 116 133
f 116 117 133
f 133 117 134
f 117 118 134
f 134 118 135
f 118 119 135
f 135 119 136
f 119 120 136
f 136 120 137
f 120 121 137
f 137 121 138
f 121 122 138
f 138 122 139
f 122 123 139
f 139 123 140
f 123 124 140
f 140 124 141
f 124 125 141
f 141 125 142
f 125 126 142
f 142 126 143
f 126 127 143
f 143 127 144
f 145 7 128
f 130 146 147
f 145 128 148
f 128 131 148
f 148 131 149
f 131 132 149
f 149 132 150
f 132 133 150
f 150 133 151
f 133 134 151
f 151 134 152
f 134 135 152
f 152 135 153
f 135 136 153
f 153 136 154
f 136 137 154
f 154 137 155
f 137 138 155
f 155 138 156
f 138 139 156
f 156 139 157
f 139 140 157
f 157 140 158
f 140 141 158
f 158 141 159
f 141 142 159
f 159 142 160
f 142 143 160
f 160 143 161
f 143 144 161
f 161 144 162
f 163 7 145
f 147 164 165
f 163 145 166
f 145 148 166
f 166 148 167
f 148 149 167
f 167 149 168
f 149 150 168
f 168 150 169
f 150 151 169
f 169 151 170
f 151 152 170
f 170 152 171
f 152 153 171
f 171 153 172
f 153 154 172
f 172 154 173
f 154 155 173
f 173 155 174
f 155 156 174
f 174 156 175
f 156 157 175
f 175 157 176
f 157 158 176
f 176 158 177
f 158 159 177
f 177 159 178
f 159 160 178
f 178 160 179
f 160 161 179
f 179 161 180
f 161 162 180
f 180 162 181
f 182 7 163
f 165 183 184
f 182 163 185
f 163 166 185
f 185 166 186
f 166 167 186
f 186 167 187
f 167 168 187
f 187 168 188
f 168 169 188
f 188 169 189
f 169 170 189
f 189 170 190
f 170 171 190
f 190 171 191
f 171 172 191
f 191 172 192
f 172 173 192
f 192 173 193
f 173 174 193
f 193 174 194
f 174 175 194
f 194 175 195
f 175 176 195
f 195 176 196
f 176 177 196
f 196 177 197
f 177 178 197
f 197 178 198
f 178 179 198
f 198 179 199
f 179 180 199
f 199 180 200
f 180 181 200
f 200 181 201
f 202 7 182
f 184 203 204
f 202 182 205
f 182 185 205
f 205 185 206
f 185 186 206
f 206 186 207
f 186 187 207
f 207 187 208
f 187 188 208
f 208 188 209
f 188 189 209
f 209 189 210
f 189 190 210
f 210 190 211
f 190 191 211
f 211 191 212
f 191 192 212
f 212 192 213
f 192 193 213
f 213 193 214
f 193 194 214
f 214 194 215
f 194 195 215
f 215 195 216
f 195 196 216
f 216 196 217
f 196 197 217
f 217 197 218
f 197 198 218
f 218 198 219
f 198 199 219
f 219 199 220
f 199 200 220
f 220 200 221
f 200 201 221
f 221 201 222
f 223 7 202
f 204 224 225
f 223 202 226
f 202 205 226
f 226 205 227
f 205 206 227
f 227 206 228
f 206 207 228
f 228 207 229
f 207 208 229
f 229 208 230
f 208 209 230
f 230 209 231
f 209 210 231
f 231 210 232
f 210 211 232
f 232 211 233
f 211 212 233
f 233 212 234
f 212 213 234
f 234 213 235
f 213 214 235
f 235 214 236
f 214 215 236
f 236 215 237
f 215 216 237
f 237 216 238
f 216 217 238
f 238 217 239
f 217 218 239
f 239 218 240
f 218 219 240
f 240 219 241
f 219 220 241
f 241 220 242
f 220 221 242
f 242 221 243
f 221 222 243
f 243 222 244
f 245 7 223
f 225 246 247
f 245 223 248
f 223 226 248
f 248 226 249
f 226 227 249
f 249 227 250
f 227 228 250
f 250 228 251
f 228 229 251
f 251 229 252
f 229 230 252
f 252 230 253
f 230 231 253
f 253 231 254
f 231 232 254
f 254 232 255
f 232 233 255
f 255 233 256
f 233 234 256
f 256 234 257
f 234 235 257
f 257 235 258
f 235 236 258
f 258 236 259
f 236 237 259
f 259 237 260
f 237 238 260
f 260 238 261
f 238 239 261
f 261 239 262
f 239 240 262
f 262 240 263
f 240 241 263
f 263 241 264
f 241 242 264
f 264 242 265
f 242 243 265
f 265 243 266
f 243 244 266
f 266 244 267
f 268 7 245
f 247 269 270
f 268 245 271
f 245 248 271
f 271 248 272
f 248 249 272
f 272 249 273
f 249 250 273
f 273 250 274
f 250 251 274
f 274 251 275
f 251 252 275
f 275 252 276
f 252 253 276
f 276 253 277
f 253 254 277
f 277 254 278
f 254 255 278
f 278 255 279
f 255 256 279
f 279 256 280
f 256 257 280
f 280 257 281
f 257 258 281
f 281 258 282
f 258 259 282
f 282 259 283
f 259 260 283
f 283 260 284
f 260 261 284
f 284 261 285
f 261 262 285
f 285 262 286
f 262 263 286
f 286 263 287
f 263 264 287
f 287 264 288
f 264 265 288
f 288 265 289
f 265 266 289
f 289 266 290
f 266 267 290
f 290 267 291
f 292 7 268
f 270 293 294
f 292 268 295
f 268 271 295
f 295 271 296
f 271 272 296
f 296 272 297
f 272 273 297
f 297 273 298
f 273 274 298
f 298 274 299
f 274 275 299
f 299 275 300
f 275 276 300
f 300 276 301
f 276 277 301
f 301 277 302
f 277 278 302
f 302 278 303
f 278 279 303
f 303 279 304
f 279 280 304
f 304 280 305
f 280 281 305
f 305 281 306
f 281 282 306
f 306 282 307
f 282 283 307
f 307 283 308
f 283 284 308
f 308 284 309
f 284 285 309
f 309 285 310
f 285 286 310
f 310 286 311
f 286 287 311
f 311 287 312
f 287 288 312
f 312 288 313
f 288 289 313
f 313 289 314
f 289 290 314
f 314 290 315
f 290 291 315
f 315 291 316
f 317 7 292
f 294 318 319
f 317 292 320
f 292 295 320
f 320 295 321
f 295 296 321
f 321 296 322
f 296 297 322
f 322 297 323
f 297 298 323
f 323 298 324
f 298 299 324
f 324 299 325
f 299 300 325
f 325 300 326
f 300 301 326
f 326 301 327
f 301 302 327
f 327 302 328
f 302 303 328
f 328 303 329
f 303 304 329
f 329 304 330
f 304 305 330
f 330 305 331
f 305 306 331
f 331 306 332
f 306 307 332
f 332 307 333
f 307 308 333
f 333 308 334
f 308 309 334
f 334 309 335
f 309 310 335
f 335 310 336
f 310 311 336
f 336 311 337
f 311 312 337
f 337 312 338
f 312 313 338
f 338 313 339
f 313 314 339
f 339 314 340
f 314 315 340
f 340 315 341
f 315 316 341
f 341 316 342
f 343 7 317
f 319 344 345
f 343 317 346
f 317 320 346
f 346 320 347
f 320 321 347
f 347 321 348
f 321 322 348
f 348 322 349
f 322 323 349
f 349 323 350
f 323 324 350
f 350 324 351
f 324 325 351
f 351 325 352
f 325 326 352
f 352 326 353
f 326 327 353
f 353 327 354
f 327 328 354
f 354 328 355
f 328 329 355
f 355 329 356
f 329 330 356
f 356 330 357
f 330 331 357
f 357 331 358
f 331 332 358
f 358 332 359
f 332 333 359
f 359 333 360
f 333 334 360
f 360 334 361
f 334 335 361
f 361 335 362
f 335 336 362
f 362 336 363
f 336 337 363
f 363 337 364
f 337 338 364
f 364 338 365
f 338 339 365
f 365 339 366
f 339 340 366
f 366 340 367
f 340 341 367
f 367 341 368
f 341 342 368
f 368 342 369
f 370 7 343
f 345 371 372
f 370 343 373
f 343 346 373
f 373 346 374
f 346 347 374
f 374 347 375
f 347 348 375
f 375 348 376
f 348 349 376
f 376 349 377
f 349 350 377
f 377 350 378
f 350 351 378
f 378 351 379
f 351 352 379
f 379 352 380
f 352 353 380
f 380 353 381
f 353 354 381
f 381 354 382
f 354 355 382
f 382 355 383
f 355 356 383
f 383 356 384
f 356 357 384
f 384 357 385
f 357 358 385
f 385 358 386
f 358 359 386
f 386 359 387
f 359 360 387
f 387 360 388
f 360 361 388
f 388 361 389
f 361 362 389
f 389 362 390
f 362 363 390
f 390 363 391
f 363 364 391
f 391 364 392
f 364 365 392
f 392 365 393
f 365 366 393
f 393 366 394
f 366 367 394
f 394 367 395
f 367 368 395
f 395 368 396
f 368 369 396
f 396 369 397
f 398 7 370
f 372 399 400
f 398 370 401
f 370 373 401
f 401 373 402
f 373 374 402
f 402 374 403
f 374 375 403
f 403 375 404
f 375 376 404
f 404 376 405
f 376 377 405
f 405 377 406
f 377 378 406
f 406 378 407
f 378 379 407
f 407 379 408
f 379 380 408
f 408 380 409
f 380 381 409
f 409 381 410
f 381 382 410
f 410 382 411
f 382 383 411
f 411 383 412
f 383 384 412
f 412 384 413
f 384 385 413
f 413 385 414
f 385 386 414
f 414 386 415
f 386 387 415
f 415 387 416
f 387 388 416
f 416 388 417
f 388 389 417
f 417 389 418
f 389 390 418
f 418 390 419
f 390 391 419
f 419 391 420
f 391 392 420
f 420 392 421
f 392 393 421
f 421 393 422
f 393 394 422
f 422 394 423
f 394 395 423
f 423 395 424
f 395 396 424
f 424 396 425
f 396 397 425
f 425 397 426
f 427 7 398
f 400 428 429
f 427 398 430
f 398 401 430
f 430 401 431
f 401 402 431
f 431 402 432
f 402 403 432
f 432 403 433
f 403 404 433
f 433 404 434
f 404 405 434
f 434 405 435
f 405 406 435
f 435 406 436
f 406 407 436
f 436 407 437
f 407 408 437
f 437 408 438
f 408 409 438
f 438 409 439
f 409 410 439
f 439 410 440
f 410 411 440
f 440 411 441
f 411 412 441
f 441 412 442
f 412 413 442
f 442 413 443
f 413 414 443
f 443 414 444
f 414 415 444
f 444 415 445
f 415 416 445
f 445 416 446
f 416 417 446
f 446 417 447
f 417 418 447
f 447 418 448
f 418 419 448
f 448 419 449
f 419 420 449
f 449 420 450
f 420 421 450
f 450 421 451
f 421 422 451
f 451 422 452
f 422 423 452
f 452 423 453
f 423 424 453
f 453 424 454
f 424 425 454
f 454 425 455
f 425 426 455
f 455 426 456
f 457 7 427
f 429 458 459
f 457 427 460
f 427 430 460
f 460 430 461
f 430 431 461
f 461 431 462
f 431 432 462
f 462 432 463
f 432 433 463
f 463 433 464
f 433 434 464
f 464 434 465
f 434 435 465
f 465 435 466
f 435 436 466
f 466 436 467
f 436 437 467
f 467 437 468
f 437 438 468
f 468 438 469
f 438 439 469
f 469 439 470
f 439 440 470
f 470 440 471
f 440 441 471
f 471 441 472
f 441 442 472
f 472 442 473
f 442 443 473
f 473 443 474
f 443 444 474
f 474 444 475
f 444 445 475
f 475 445 476
f 445 446 476
f 476 446 477
f 446 447 477
f 477 447 478
f 447 448 478
f 478 448 479
f 448 449 479
f 479 449 480
f 449 450 480
f 480 450 481
f 450 451 481
f 481 451 482
f 451 452 482
f 482 452 483
f 452 453 483
f 483 453 484
f 453 454 484
f 484 454 485
f 454 455 485
f 485 455 486
f 455 456 486
f 486 456 487
f 488 7 457
f 459 489 490
f 488 457 491
f 457 460 491
f 491 460 492
f 460 461 492
f 492 461 493
f 461 462 493
f 493 462 494
f 462 463 494
f 494 463 495
f 463 464 495
f 495 464 496
f 464 465 496
f 496 465 497
f 465 466 497
f 497 466 498
f 466 467 498
f 498 467 499
f 467 468 499
f 499 468 500
f 468 469 500
f 500 469 501
f 469 470 501
f 501 470 502
f 470 471 502
f 502 471 503
f 471 472 503
f 503 472 504
f 472 473 504
f 504 473 505
f 473 474 505
f 505 474 506
f 474 475 506
f 506 475 507
f 475 476 507
f 507 476 508
f 476 477 508
f 508 477 509
f 477 478 509
f 509 478 510
f 478 479 510
f 510 479 511
f 479 480 511
f 511 480 512
f 480 481 512
f 512 481 513
f 481 482 513
f 513 482 514
f 482 483 514
f 514 483 515
f 483 484 515
f 515 484 516
f 484 485 516
f 516 485 517
f 485 486 517
f 517 486 518
f 486 487 518
f 518 487 519
f 520 7 488
f 490 521 522
f 520 488 523
f 488 491 523
f 523 491 524
f 491 492 524
f 524 492 525
f 492 493 525
f 525 493 526
f 493 494 526
f 526 494 527
f 494 495 527
f 527 495 528
f 495 496 528
f 528 496 529
f 496 497 529
f 529 497 530
f 497 498 530
f 530 498 531
f 498 499 531
f 531 499 532
f 499 500 532
f 532 500 533
f 500 501 533
f 533 501 534
f 501 502 534
f 534 502 535
f 502 503 535
f 535 503 536
f 503 504 536
f 536 504 537
f 504 505 537
f 537 505 538
f 505 506 538
f 538 506 539
f 506 507 539
f 539 507 540
f 507 508 540
f 540 508 541
f 508 509 541
f 541 509 542
f 509 510 542
f 542 510 543
f 510 511 543
f 543 511 544
f 511 512 544
f 544 512 545
f 512 513 545
f 545 513 546
f 513 514 546
f 546 514 547
f 514 515 547
f 547 515 548
f 515 516 548
f 548 516 549
f 516 517 549
f 549 517 550
f 517 518 550
f 550 518 551
f 518 519 551
f 551 519 552
f 553 7 520
f 522 554 555
f 553 520 556
f 520 523 556
f 556 523 557
f 523 524 557
f 557 524 558
f 524 525 558
f 558 525 559
f 525 526 559
f 559 526 560
f 526 527 560
f 560 527 561
f 527 528 561
f 561 528 562
f 528 529 562
f 562 529 563
f 529 530 563
f 563 530 564
f 530 531 564
f 564 531 565
f 531 532 565
f 565 532 566
f 532 533 566
f 566 533 567
f 533 534 567
f 567 534 568
f 534 535 568
f 568 535 569
f 535 536 569
f 569 536 570
f 536 537 570
f 570 537 571
f 537 538 571
f 571 538 572
f 538 539 572
f 572 539 573
f 539 540 573
f 573 540 574
f 540 541 574
f 574 541 575
f 541 542 575
f 575 542 576
f 542 543 576
f 576 543 577
f 543 544 577
f 577 544 578
f 544 545 578
f 578 545 579
f 545 546 579
f 579 546 580
f 546 547 580
f 580 547 581
f 547 548 581
f 581 548 582
f 548 549 582
f 582 549 583
f 549 550 583
f 583 550 584
f 550 551 584
f 584 551 585
f 551 552 585
f 585 552 586
f 587 7 553
f 555 588 589
f 587 553 590
f 553 556 590
f 590 556 591
f 556 557 591
f 591 557 592
f 557 558 592
f 592 558 593
f 558 559 593
f 593 559 594
f 559 560 594
f 594 560 595
f 560 561 595
f 595 561 596
f 561 562 596
f 596 562 597
f 562 563 597
f 597 563 598
f 563 564 598
f 598 564 599
f 564 565 599
f 599 565 600
f 565 566 600
f 600 566 601
f 566 567 601
f 601 567 602
f 567 568 602
f 602 568 603
f 568 569 603
f 603 569 604
f 569 570 604
f 604 570 605
f 570 571 605
f 605 571 606
f 571 572 606
f 606 572 607
f 572 573 607
f 607 573 608
f 573 574 608
f 608 574 609
f 574 575 609
f 609 575 610
f 575 576 610
f 610 576 611
f 576 577 611
f 611 577 612
f 577 578 612
f 612 578 613
f 578 579 613
f 613 579 614
f 579 580 614
f 614 580 615
f 580 581 615
f 615 581 616
f 581 582 616
f 616 582 617
f 582 583 617
f 617 583 618
f 583 584 618
f 618 584 619
f 584 585 619
f 619 585 620
f 585 586 620
f 620 586 621
f 622 7 587
f 589 623 624
f 622 587 625
f 587 590 625
f 625 590 626
f 590 591 626
f 626 591 627
f 591 592 627
f 627 592 628
f 592 593 628
f 628 593 629
f 593 594 629
f 629 594 630
f 594 595 630
f 630 595 631
f 595 596 631
f 631 596 632
f 596 597 632
f 632 597 633
f 597 598 633
f 633 598 634
f 598 599 634
f 634 599 635
f 599 600 635
f 635 600 636
f 600 601 636
f 636 601 637
f 601 602 637
f 637 602 638
f 602 603 638
f 638 603 639
f 603 604 639
f 639 604 640
f 604 605 640
f 640 605 641
f 605 606 641
f 641 606 642
f 606 607 642
f 642 607 643
f 607 608 643
f 643 608 644
f 608 609 644
f 644 609 645
f 609 610 645
f 645 610 646
f 610 611 646
f 646 611 647
f 611 612 647
f 647 612 648
f 612 613 648
f 648 613 649
f 613 614 649
f 649 614 650
f 614 615 650
f 650 615 651
f 615 616 651
f 651 616 652
f 616 617 652
f 652 617 653
f 617 618 653
f 653 618 654
f 618 619 654
f 654 619 655
f 619 620 655
f 655 620 656
f 620 621 656
f 656 621 657
f 658 7 622
f 624 659 660
f 661 662 663
f 662 664 663
f 663 664 665
f 664 666 665
f 665 666 667
f 666 668 667
f 667 668 669
f 668 670 669
f 669 670 671
f 670 672 671
f 671 672 673
f 672 674 673
f 673 674 675
f 674 676 675
f 675 676 677
f 676 678 677
f 677 678 679
f 678 680 679
f 679 680 681
f 680 682 681
f 681 682 683
f 682 684 683
f 683 684 685
f 684 686 685
f 685 686 687
f 686 688 687
f 687 688 689
f 688 690 689
f 689 690 691
f 690 692 691
f 691 692 693
f 692 694 693
f 693 694 695
f 694 696 695
f 695 696 697
f 696 698 697
f 697 698 699
f 698 700 699
f 699 700 701
f 700 702 701
f 701 702 703
f 702 704 703
f 703 704 705
f 704 706 705
f 705 706 707
f 706 708 707
f 707 708 709
f 708 710 709
f 709 710 711
f 710 712 711
f 711 712 713
f 712 714 713
f 713 714 715
f 714 716 715
f 715 716 717
f 716 718 717
f 717 718 719
f 718 720 719
f 719 720 721
f 720 722 721
f 721 722 723
f 2 1 660
f 660 659 2
f 659 724 2
f 2 724 3
f 624 623 659
f 623 725 659
f 659 725 724
f 725 726 724
f 724 726 3
f 589 588 623
f 588 727 623
f 623 727 725
f 727 728 725
f 725 728 726
f 728 729 726
f 726 729 3
f 555 554 588
f 554 730 588
f 588 730 727
f 730 731 727
f 727 731 728
f 731 732 728
f 728 732 729
f 732 733 729
f 729 733 3
f 522 521 554
f 521 734 554
f 554 734 730
f 734 735 730
f 730 735 731
f 735 736 731
f 731 736 732
f 736 737 732
f 732 737 733
f 737 738 733
f 733 738 3
f 490 489 521
f 489 739 521
f 521 739 734
f 739 740 734
f 734 740 735
f 740 741 735
f 735 741 736
f 741 742 736
f 736 742 737
f 742 743 737
f 737 743 738
f 743 744 738
f 738 744 3
f 459 458 489
f 458 745 489
f 489 745 739
f 745 746 739
f 739 746 740
f 746 747 740
f 740 747 741
f 747 748 741
f 741 748 742
f 748 749 742
f 742 749 743
f 749 750 743
f 743 750 744
f 750 751 744
f 744 751 3
f 429 428 458
f 428 752 458
f 458 752 745
f 752 753 745
f 745 753 746
f 753 754 746
f 746 754 747
f 754 755 747
f 747 755 748
f 755 756 748
f 748 756 749
f 756 757 749
f 749 757 750
f 757 758 750
f 750 758 751
f 758 759 751
f 751 759 3
f 400 399 428
f 399 760 428
f 428 760 752
f 760 761 752
f 752 761 753
f 761 762 753
f 753 762 754
f 762 763 754
f 754 763 755
f 763 764 755
f 755 764 756
f 764 765 756
f 756 765 757
f 765 766 757
f 757 766 758
f 766 767 758
f 758 767 759
f 767 768 759
f 759 768 3
f 372 371 399
f 371 769 399
f 399 769 760
f 769 770 760
f 760 770 761
f 770 771 761
f 761 771 762
f 771 772 762
f 762 772 763
f 772 773 763
f 763 773 764
f 773 774 764
f 764 774 765
f 774 775 765
f 765 775 766
f 775 776 766
f 766 776 767
f 776 777 767
f 767 777 768
f 777 778 768
f 768 778 3
f 345 344 371
f 344 779 371
f 371 779 769
f 779 780 769
f 769 780 770
f 780 781 770
f 770 781 771
f 781 782 771
f 771 782 772
f 782 783 772
f 772 783 773
f 783 784 773
f 773 784 774
f 784 785 774
f 774 785 775
f 785 786 775
f 775 786 776
f 786 787 776
f 776 787 777
f 787 788 777
f 777 788 778
f 788 789 778
f 778 789 3
f 319 318 344
f 318 790 344
f 344 790 779
f 790 791 779
f 779 791 780
f 791 792 780
f 780 792 781
f 792 793 781
f 781 793 782
f 793 794 782
f 782 794 783
f 794 795 783
f 783 795 784
f 795 796 784
f 784 796 785
f 796 797 785
f 785 797 786
f 797 798 786
f 786 798 787
f 798 799 787
f 787 799 788
f 799 800 788
f 788 800 789
f 800 801 789
f 789 801 3
f 294 293 318
f 293 802 318
f 318 802 790
f 802 803 790
f 790 803 791
f 803 804 791
f 791 804 792
f 804 805 792
f 792 805 793
f 805 806 793
f 793 806 794
f 806 807 794
f 794 807 795
f 807 808 795
f 795 808 796
f 808 809 796
f 796 809 797
f 809 810 797
f 797 810 798
f 810 811 798
f 798 811 799
f 811 812 799
f 799 812 800
f 812 813 800
f 800 813 801
f 813 814 801
f 801 814 3
f 270 269 293
f 269 815 293
f 293 815 802
f 815 816 802
f 802 816 803
f 816 817 803
f 803 817 804
f 817 818 804
f 804 818 805
f 818 819 805
f 805 819 806
f 819 820 806
f 806 820 807
f 820 821 807
f 807 821 808
f 821 822 808
f 808 822 809
f 822 823 809
f 809 823 810
f 823 824 810
f 810 824 811
f 824 825 811
f 811 825 812
f 825 826 812
f 812 826 813
f 826 827 813
f 813 827 814
f 827 828 814
f 814 828 3
f 247 246 269
f 246 829 269
f 269 829 815
f 829 830 815
f 815 830 816
f 830 831 816
f 816 831 817
f 831 832 817
f 817 832 818
f 832 833 818
f 818 833 819
f 833 834 819
f 819 834 820
f 834 835 820
f 820 835 821
f 835 836 821
f 821 836 822
f 836 837 822
f 822 837 823
f 837 838 823
f 823 838 824
f 838 839 824
f 824 839 825
f 839 840 825
f 825 840 826
f 840 841 826
f 826 841 827
f 841 842 827
f 827 842 828
f 842 843 828
f 828 843 3
f 225 224 246
f 224 844 246
f 246 844 829
f 844 845 829
f 829 845 830
f 845 846 830
f 830 846 831
f 846 847 831
f 831 847 832
f 847 848 832
f 832 848 833
f 848 849 833
f 833 849 834
f 849 850 834
f 834 850 835
f 850 851 835
f 835 851 836
f 851 852 836
f 836 852 837
f 852 853 837
f 837 853 838
f 853 854 838
f 838 854 839
f 854 855 839
f 839 855 840
f 855 856 840
f 840 856 841
f 856 857 841
f 841 857 842
f 857 858 842
f 842 858 843
f 858 859 843
f 843 859 3
f 204 203 224
f 203 860 224
f 224 860 844
f 860 861 844
f 844 861 845
f 861 862 845
f 845 862 846
f 862 863 846
f 846 863 847
f 863 864 847
f 847 864 848
f 864 865 848
f 848 865 849
f 865 866 849
f 849 866 850
f 866 867 850
f 850 867 851
f 867 868 851
f 851 868 852
f 868 869 852
f 852 869 853
f 869 870 853
f 853 870 854
f 870 871 854
f 854 871 855
f 871 872 855
f 855 872 856
f 872 873 856
f 856 873 857
f 873 874 857
f 857 874 858
f 874 875 858
f 858 875 859
f 875 876 859
f 859 876 3
f 184 183 203
f 183 877 203
f 203 877 860
f 877 878 860
f 860 878 861
f 878 879 861
f 861 879 862
f 879 880 862
f 862 880 863
f 880 881 863
f 863 881 864
f 881 882 864
f 864 882 865
f 882 883 865
f 865 883 866
f 883 884 866
f 866 884 867
f 884 885 867
f 867 885 868
f 885 886 868
f 868 886 869
f 886 887 869
f 869 887 870
f 887 888 870
f 870 888 871
f 888 889 871
f 871 889 872
f 889 890 872
f 872 890 873
f 890 891 873
f 873 891 874
f 891 892 874
f 874 892 875
f 892 893 875
f 875 893 876
f 893 894 876
f 876 894 3
f 165 164 183
f 164 895 183
f 183 895 877
f 895 896 877
f 877 896 878
f 896 897 878
f 878 897 879
f 897 898 879
f 879 898 880
f 898 899 880
f 880 899 881
f 899 900 881
f 881 900 882
f 900 901 882
f 882 901 883
f 901 902 883
f 883 902 884
f 902 903 884
f 884 903 885
f 903 904 885
f 885 904 886
f 904 905 886
f 886 905 887
f 905 906 887
f 887 906 888
f 906 907 888
f 888 907 889
f 907 908 889
f 889 908 890
f 908 909 890
f 890 909 891
f 909 910 891
f 891 910 892
f 910 911 892
f 892 911 893
f 911 912 893
f 893 912 894
f 912 913 894
f 894 913 3
f 147 146 164
f 146 914 164
f 164 914 895
f 914 915 895
f 895 915 896
f 915 916 896
f 896 916 897
f 916 917 897
f 897 917 898
f 917 918 898
f 898 918 899
f 918 919 899
f 899 919 900
f 919 920 900
f 900 920 901
f 920 921 901
f 901 921 902
f 921 922 902
f 902 922 903
f 922 923 903
f 903 923 904
f 923 924 904
f 904 924 905
f 924 925 905
f 905 925 906
f 925 926 906
f 906 926 907
f 926 927 907
f 907 927 908
f 927 928 908
f 908 928 909
f 928 929 909
f 909 929 910
f 929 930 910
f 910 930 911
f 930 931 911
f 911 931 912
f 931 932 912
f 912 932 913
f 932 933 913
f 913 933 3
f 130 129 146
f 129 934 146
f 146 934 914
f 934 935 914
f 914 935 915
f 935 936 915
f 915 936 916
f 936 937 916
f 916 937 917
f 937 938 917
f 917 938 918
f 938 939 918
f 918 939 919
f 939 940 919
f 919 940 920
f 940 941 920
f 920 941 921
f 941 942 921
f 921 942 922
f 942 943 922
f 922 943 923
f 943 944 923
f 923 944 924
f 944 945 924
f 924 945 925
f 945 946 925
f 925 946 926
f 946 947 926
f 926 947 927
f 947 948 927
f 927 948 928
f 948 949 928
f 928 949 929
f 949 950 929
f 929 950 930
f 950 951 930
f 930 951 931
f 951 952 931
f 931 952 932
f 952 953 932
f 932 953 933
f 953 954 933
f 933 954 3
f 114 113 129
f 113 955 129
f 129 955 934
f 955 956 934
f 934 956 935
f 956 957 935
f 935 957 936
f 957 958 936
f 936 958 937
f 958 959 937
f 937 959 938
f 959 960 938
f 938 960 939
f 960 961 939
f 939 961 940
f 961 962 940
f 940 962 941
f 962 963 941
f 941 963 942
f 963 964 942
f 942 964 943
f 964 965 943
f 943 965 944
f 965 966 944
f 944 966 945
f 966 967 945
f 945 967 946
f 967 968 946
f 946 968 947
f 968 969 947
f 947 969 948
f 969 970 948
f 948 970 949
f 970 971 949
f 949 971 950
f 971 972 950
f 950 972 951
f 972 973 951
f 951 973 952
f 973 974 952
f 952 974 953
f 974 975 953
f 953 975 954
f 975 976 954
f 954 976 3
f 99 98 113
f 98 977 113
f 113 977 955
f 977 978 955
f 955 978 956
f 978 979 956
f 956 979 957
f 979 980 957
f 957 980 958
f 980 981 958
f 958 981 959
f 981 982 959
f 959 982 960
f 982 983 960
f 960 983 961
f 983 984 961
f 961 984 962
f 984 985 962
f 962 985 963
f 985 986 963
f 963 986 964
f 986 987 964
f 964 987 965
f 987 988 965
f 965 988 966
f 988 989 966
f 966 989 967
f 989 990 967
f 967 990 968
f 990 991 968
f 968 991 969
f 991 992 969
f 969 992 970
f 992 993 970
f 970 993 971
f 993 994 971
f 971 994 972
f 994 995 972
f 972 995 973
f 995 996 973
f 973 996 974
f 996 997 974
f 974 997 975
f 997 998 975
f 975 998 976
f 998 999 976
f 976 999 3
f 85 84 98
f 84 1000 98
f 98 1000 977
f 1000 1001 977
f 977 1001 978
f 1001 1002 978
f 978 1002 979
f 1002 1003 979
f 979 1003 980
f 1003 1004 980
f 980 1004 981
f 1004 1005 981
f 981 1005 982
f 1005 1006 982
f 982 1006 983
f 1006 1007 983
f 983 1007 984
f 1007 1008 984
f 984 1008 985
f 1008 1009 985
f 985 1009 986
f 1009 1010 986
f 986 1010 987
f 1010 1011 987
f 987 1011 988
f 1011 1012 988
f 988 1012 989
f 1012 1013 989
f 989 1013 990
f 1013 1014 990
f 990 1014 991
f 1014 1015 991
f 991 1015 992
f 1015 1016 992
f 992 1016 993
f 1016 1017 993
f 993 1017 994
f 1017 1018 994
f 994 1018 995
f 1018 1019 995
f 995 1019 996
f 1019 1020 996
f 996 1020 997
f 1020 1021 997
f 997 1021 998
f 1021 1022 998
f 998 1022 999
f 1022 1023 999
f 999 1023 3
f 72 71 84
f 71 1024 84
f 84 1024 1000
f 1024 1025 1000
f 1000 1025 1001
f 1025 1026 1001
f 1001 1026 1002
f 1026 1027 1002
f 1002 1027 1003
f 1027 1028 1003
f 1003 1028 1004
f 1028 1029 1004
f 1004 1029 1005
f 1029 1030 1005
f 1005 1030 1006
f 1030 1031 1006
f 1006 1031 1007
f 1031 1032 1007
f 1007 1032 1008
f 1032 1033 1008
f 1008 1033 1009
f 1033 1034 1009
f 1009 1034 1010
f 1034 1035 1010
f 1010 1035 1011
f 1035 1036 1011
f 1011 1036 1012
f 1036 1037 1012
f 1012 1037 1013
f 1037 1038 1013
f 1013 1038 1014
f 1038 1039 1014
f 1014 1039 1015
f 1039 1040 1015
f 1015 1040 1016
f 1040 1041 1016
f 1016 1041 1017
f 1041 1042 1017
f 1017 1042 1018
f 1042 1043 1018
f 1018 1043 1019
f 1043 1044 1019
f 1019 1044 1020
f 1044 1045 1020
f 1020 1045 1021
f 1045 1046 1021
f 1021 1046 1022
f 1046 1047 1022
f 1022 1047 1023
f 1047 1048 1023
f 1023 1048 3
f 60 59 71
f 59 1049 71
f 71 1049 1024
f 1049 1050 1024
f 1024 1050 1025
f 1050 1051 1025
f 1025 1051 1026
f 1051 1052 1026
f 1026 1052 1027
f 1052 1053 1027
f 1027 1053 1028
f 1053 1054 1028
f 1028 1054 1029
f 1054 1055 1029
f 1029 1055 1030
f 1055 1056 1030
f 1030 1056 1031
f 1056 1057 1031
f 1031 1057 1032
f 1057 1058 1032
f 1032 1058 1033
f 1058 1059 1033
f 1033 1059 1034
f 1059 1060 1034
f 1034 1060 1035
f 1060 1061 1035
f 1035 1061 1036
f 1061 1062 1036
f 1036 1062 1037
f 1062 1063 1037
f 1037 1063 1038
f 1063 1064 1038
f 1038 1064 1039
f 1064 1065 1039
f 1039 1065 1040
f 1065 1066 1040
f 1040 1066 1041
f 1066 1067 1041
f 1041 1067 1042
f 1067 1068 1042
f 1042 1068 1043
f 1068 1069 1043
f 1043 1069 1044
f 1069 1070 1044
f 1044 1070 1045
f 1070 1071 1045
f 1045 1071 1046
f 1071 1072 1046
f 1046 1072 1047
f 1072 1073 1047
f 1047 1073 1048
f 1073 1074 1048
f 1048 1074 3
f 49 48 59
f 48 1075 59
f 59 1075 1049
f 1075 1076 1049
f 1049 1076 1050
f 1076 1077 1050
f 1050 1077 1051
f 1077 1078 1051
f 1051 1078 1052
f 1078 1079 1052
f 1052 1079 1053
f 1079 1080 1053
f 1053 1080 1054
f 1080 1081 1054
f 1054 1081 1055
f 1081 1082 1055
f 1055 1082 1056
f 1082 1083 1056
f 1056 1083 1057
f 1083 1084 1057
f 1057 1084 1058
f 1084 1085 1058
f 1058 1085 1059
f 1085 1086 1059
f 1059 1086 1060
f 1086 1087 1060
f 1060 1087 1061
f 1087 1088 1061
f 1061 1088 1062
f 1088 1089 1062
f 1062 1089 1063
f 1089 1090 1063
f 1063 1090 1064
f 1090 1091 1064
f 1064 1091 1065
f 1091 1092 1065
f 1065 1092 1066
f 1092 1093 1066
f 1066 1093 1067
f 1093 1094 1067
f 1067 1094 1068
f 1094 1095 1068
f 1068 1095 1069
f 1095 1096 1069
f 1069 1096 1070
f 1096 1097 1070
f 1070 1097 1071
f 1097 1098 1071
f 1071 1098 1072
f 1098 1099 1072
f 1072 1099 1073
f 1099 1100 1073
f 1073 1100 1074
f 1100 1101 1074
f 1074 1101 3
f 39 38 48
f 38 1102 48
f 48 1102 1075
f 1102 1103 1075
f 1075 1103 1076
f 1103 1104 1076
f 1076 1104 1077
f 1104 1105 1077
f 1077 1105 1078
f 1105 1106 1078
f 1078 1106 1079
f 1106 1107 1079
f 1079 1107 1080
f 1107 1108 1080
f 1080 1108 1081
f 1108 1109 1081
f 1081 1109 1082
f 1109 1110 1082
f 1082 1110 1083
f 1110 1111 1083
f 1083 1111 1084
f 1111 1112 1084
f 1084 1112 1085
f 1112 1113 1085
f 1085 1113 1086
f 1113 1114 1086
f 1086 1114 1087
f 1114 1115 1087
f 1087 1115 1088
f 1115 1116 1088
f 1088 1116 1089
f 1116 1117 1089
f 1089 1117 1090
f 1117 1118 1090
f 1090 1118 1091
f 1118 1119 1091
f 1091 1119 1092
f 1119 1120 1092
f 1092 1120 1093
f 1120 1121 1093
f 1093 1121 1094
f 1121 1122 1094
f 1094 1122 1095
f 1122 1123 1095
f 1095 1123 1096
f 1123 1124 1096
f 1096 1124 1097
f 1124 1125 1097
f 1097 1125 1098
f 1125 1126 1098
f 1098 1126 1099
f 1126 1127 1099
f 1099 1127 1100
f 1127 1128 1100
f 1100 1128 1101
f 1128 1129 1101
f 1101 1129 3
f 9 658 10
f 658 1130 10
f 10 1130 1131
f 1130 1132 1131
f 1131 1132 1133
f 1132 1134 1133
f 1133 1134 1135
f 1134 1136 1135
f 1135 1136 1137
f 1136 1138 1137
f 1137 1138 1139
f 1138 1140 1139
f 1139 1140 1141
f 1140 1142 1141
f 1141 1142 1143
f 1142 1144 1143
f 1143 1144 1145
f 1144 1146 1145
f 1145 1146 1147
f 1146 1148 1147
f 1147 1148 1149
f 1148 1150 1149
f 1149 1150 1151
f 1150 1152 1151
f 1151 1152 1153
f 1152 1154 1153
f 1153 1154 1155
f 1154 1156 1155
f 1155 1156 1157
f 1156 1158 1157
f 1157 1158 1159
f 1158 1160 1159
f 1159 1160 1161
f 1160 1162 1161
f 1161 1162 1163
f 1162 1164 1163
f 1163 1164 1165
f 1164 1166 1165
f 1165 1166 1167
f 1166 1168 1167
f 1167 1168 1169
f 1168 1170 1169
f 1169 1170 1171
f 1170 1172 1171
f 1171 1172 1173
f 1172 1174 1173
f 1173 1174 1175
f 1174 1176 1175
f 1175 1176 1177
f 1176 1178 1177
f 1177 1178 1179
f 1178 1180 1179
f 1179 1180 1181
f 1180 1182 1181
f 1181 1182 1183
f 1182 1184 1183
f 1183 1184 1185
f 1184 1186 1185
f 1185 1186 1187
f 1186 1188 1187
f 1187 1188 1189
f 1188 1190 1189
f 1189 1190 1191
f 1190 1192 1191
f 1191 1192 1193
f 1192 1194 1193
f 1193 1194 1195
f 1194 1196 1195
f 1195 1196 3
f 3 1197 1198
f 1197 1199 1198
f 1198 1199 1200
f 1199 1201 1200
f 1200 1201 1202
f 1201 1203 1202
f 1202 1203 1204
f 1203 1205 1204
f 1204 1205 1206
f 1205 1207 1206
f 1206 1207 1208
f 1207 1209 1208
f 1208 1209 1210
f 1209 1211 1210
f 1210 1211 1212
f 1211 1213 1212
f 1212 1213 1214
f 1213 1215 1214
f 1214 1215 1216
f 1215 1217 1216
f 1216 1217 1218
f 1217 1219 1218
f 1218 1219 1220
f 1219 1221 1220
f 1220 1221 1222
f 1221 1223 1222
f 1222 1223 1224
f 1223 1225 1224
f 1224 1225 1226
f 1225 1227 1226
f 1226 1227 1228
f 1227 1229 1228
f 1228 1229 1230
f 1229 1231 1230
f 1230 1231 1232
f 1231 1233 1232
f 1232 1233 1234
f 1233 1235 1234
f 1234 1235 1236
f 1235 1237 1236
f 1236 1237 1238
f 1237 1239 1238
f 1238 1239 1240
f 1239 1241 1240
f 1240 1241 1242
f 1241 1243 1242
f 1242 1243 1244
f 1243 1245 1244
f 1244 1245 1246
f 1245 1247 1246
f 1246 1247 1248
f 1247 1249 1248
f 1248 1249 1250
f 1249 1251 1250
f 1250 1251 1252
f 1251 1253 1252
f 1252 1253 1254
f 1253 1255 1254
f 1254 1255 1256
f 1255 1257 1256
f 1256 1257 1258
f 1257 1259 1258
f 1258 1259 1260
f 1259 1261 1260
f 1260 1261 1262
f 1261 1263 1262
f 1262 1263 1264
f 1263 1265 1264
f 1264 1265 1266
f 1265 7 1266
f 3 1267 1268
f 1267 1269 1268
f 1268 1269 1270
f 1269 1271 1270
f 1270 1271 1272
f 1271 1273 1272
f 1272 1273 1274
f 1273 1275 1274
f 1274 1275 1276
f 1275 1277 1276
f 1276 1277 1278
f 1277 1279 1278
f 1278 1279 1280
f 1279 1281 1280
f 1280 1281 1282
f 1281 1283 1282
f 1282 1283 1284
f 1283 1285 1284
f 1284 1285 1286
f 1285 1287 1286
f 1286 1287 1288
f 1287 1289 1288
f 1288 1289 1290
f 1289 1291 1290
f 1290 1291 1292
f 1291 1293 1292
f 1292 1293 1294
f 1293 1295 1294
f 1294 1295 1296
f 1295 1297 1296
f 1296 1297 1298
f 1297 1299 1298
f 1298 1299 1300
f 1299 1301 1300
f 1300 1301 1302
f 1301 1303 1302
f 1302 1303 1304
f 1303 1305 1304
f 1304 1305 1306
f 1305 1307 1306
f 1306 1307 1308
f 1307 1309 1308
f 1308 1309 1310
f 1309 1311 1310
f 1310 1311 1312
f 1311 1313 1312
f 1312 1313 1314
f 1313 1315 1314
f 1314 1315 1316
f 1315 1317 1316
f 1316 1317 1318
f 1317 1319 1318
f 1318 1319 1320
f 1319 1321 1320
f 1320 1321 1322
f 1321 1323 1322
f 1322 1323 1324
f 1323 1325 1324
f 1324 1325 1326
f 1325 1327 1326
f 1326 1327 1328
f 1327 1329 1328
f 1328 1329 1330
f 1329 1331 1330
f 1330 1331 1332
f 1331 1333 1332
f 1332 1333 1334
f 1333 1335 1334
f 1334 1335 1336
f 1335 7 1336
f 7 1337 1336
f 1337 1338 1336
f 1336 1338 1334
f 1338 1339 1334
f 1334 1339 1332
f 1339 1340 1332
f 1332 1340 1330
f 1340 1341 1330
f 1330 1341 1328
f 1341 1342 1328
f 1328 1342 1326
f 1342 1343 1326
f 1326 1343 1324
f 1343 1344 1324
f 1324 1344 1322
f 1344 1345 1322
f 1322 1345 1320
f 1345 1346 1320
f 1320 1346 1318
f 1346 1347 1318
f 1318 1347 1316
f 1347 1348 1316
f 1316 1348 1314
f 1348 1349 1314
f 1314 1349 1312
f 1349 1350 1312
f 1312 1350 1310
f 1350 1351 1310
f 1310 1351 1308
f 1351 1352 1308
f 1308 1352 1306
f 1352 1353 1306
f 1306 1353 1304
f 1353 1354 1304
f 1304 1354 1302
f 1354 1355 1302
f 1302 1355 1300
f 1355 1356 1300
f 1300 1356 1298
f 1356 1357 1298
f 1298 1357 1296
f 1357 1358 1296
f 1296 1358 1294
f 1358 1359 1294
f 1294 1359 1292
f 1359 1360 1292
f 1292 1360 1290
f 1360 1361 1290
f 1290 1361 1288
f 1361 1362 1288
f 1288 1362 1286
f 1362 1363 1286
f 1286 1363 1284
f 1363 1364 1284
f 1284 1364 1282
f 1364 1365 1282
f 1282 1365 1280
f 1365 1366 1280
f 1280 1366 1278
f 1366 1367 1278
f 1278 1367 1276
f 1367 1368 1276
f 1276 1368 1274
f 1368 1369 1274
f 1274 1369 1272
f 1369 1370 1272
f 1272 1370 1270
f 1370 1371 1270
f 1270 1371 1268
f 1371 3 1268
f 7 1372 1337
f 1372 1373 1337
f 1337 1373 1338
f 1373 1374 1338
f 1338 1374 1339
f 1374 1375 1339
f 1339 1375 1340
f 1375 1376 1340
f 1340 1376 1341
f 1376 1377 1341
f 1341 1377 1342
f 1377 1378 1342
f 1342 1378 1343
f 1378 1379 1343
f 1343 1379 1344
f 1379 1380 1344
f 1344 1380 1345
f 1380 1381 1345
f 1345 1381 1346
f 1381 1382 1346
f 1346 1382 1347
f 1382 1383 1347
f 1347 1383 1348
f 1383 1384 1348
f 1348 1384 1349
f 1384 1385 1349
f 1349 1385 1350
f 1385 1386 1350
f 1350 1386 1351
f 1386 1387 1351
f 1351 1387 1352
f 1387 1388 1352
f 1352 1388 1353
f 1388 1389 1353
f 1353 1389 1354
f 1389 1390 1354
f 1354 1390 1355
f 1390 1391 1355
f 1355 1391 1356
f 1391 1392 1356
f 1356 1392 1357
f 1392 1393 1357
f 1357 1393 1358
f 1393 1394 1358
f 1358 1394 1359
f 1394 1395 1359
f 1359 1395 1360
f 1395 1396 1360
f 1360 1396 1361
f 1396 1397 1361
f 1361 1397 1362
f 1397 1398 1362
f 1362 1398 1363
f 1398 1399 1363
f 1363 1399 1364
f 1399 1400 1364
f 1364 1400 1365
f 1400 1401 1365
f 1365 1401 1366
f 1401 1402 1366
f 1366 1402 1367
f 1402 1403 1367
f 1367 1403 1368
f 1403 1404 1368
f 1368 1404 1369
f 1404 1405 1369
f 1369 1405 1370
f 1405 1406 1370
f 1370 1406 1371
f 1406 3 1371
f 7 1407 1372
f 1407 1408 1372
f 1372 1408 1373
f 1408 1409 1373
f 1373 1409 1374
f 1409 1410 1374
f 1374 1410 1375
f 1410 1411 1375
f 1375 1411 1376
f 1411 1412 1376
f 1376 1412 1377
f 1412 1413 1377
f 1377 1413 1378
f 1413 1414 1378
f 1378 1414 1379
f 1414 1415 1379
f 1379 1415 1380
f 1415 1416 1380
f 1380 1416 1381
f 1416 1417 1381
f 1381 1417 1382
f 1417 1418 1382
f 1382 1418 1383
f 1418 1419 1383
f 1383 1419 1384
f 1419 1420 1384
f 1384 1420 1385
f 1420 1421 1385
f 1385 1421 1386
f 1421 1422 1386
f 1386 1422 1387
f 1422 1423 1387
f 1387 1423 1388
f 1423 1424 1388
f 1388 1424 1389
f 1424 1425 1389
f 1389 1425 1390
f 1425 1426 1390
f 1390 1426 1391
f 1426 1427 1391
f 1391 1427 1392
f 1427 1428 1392
f 1392 1428 1393
f 1428 1429 1393
f 1393 1429 1394
f 1429 1430 1394
f 1394 1430 1395
f 1430 1431 1395
f 1395 1431 1396
f 1431 1432 1396
f 1396 1432 1397
f 1432 1433 1397
f 1397 1433 1398
f 1433 1434 1398
f 1398 1434 1399
f 1434 1435 1399
f 1399 1435 1400
f 1435 1436 1400
f 1400 1436 1401
f 1436 1437 1401
f 1401 1437 1402
f 1437 1438 1402
f 1402 1438 1403
f 1438 1439 1403
f 1403 1439 1404
f 1439 1440 1404
f 1404 1440 1405
f 1440 1441 1405
f 1405 1441 1406
f 1441 3 1406
f 7 1442 1407
f 1442 1443 1407
f 1407 1443 1408
f 1443 1444 1408
f 1408 1444 1409
f 1444 1445 1409
f 1409 1445 1410
f 1445 1446 1410
f 1410 1446 1411
f 1446 1447 1411
f 1411 1447 1412
f 1447 1448 1412
f 1412 1448 1413
f 1448 1449 1413
f 1413 1449 1414
f 1449 1450 1414
f 1414 1450 1415
f 1450 1451 1415
f 1415 1451 1416
f 1451 1452 1416
f 1416 1452 1417
f 1452 1453 1417
f 1417 1453 1418
f 1453 1454 1418
f 1418 1454 1419
f 1454 1455 1419
f 1419 1455 1420
f 1455 1456 1420
f 1420 1456 1421
f 1456 1457 1421
f 1421 1457 1422
f 1457 1458 1422
f 1422 1458 1423
f 1458 1459 1423
f 1423 1459 1424
f 1459 1460 1424
f 1424 1460 1425
f 1460 1461 1425
f 1425 1461 1426
f 1461 1462 1426
f 1426 1462 1427
f 1462 1463 1427
f 1427 1463 1428
f 1463 1464 1428
f 1428 1464 1429
f 1464 1465 1429
f 1429 1465 1430
f 1465 1466 1430
f 1430 1466 1431
f 1466 1467 1431
f 1431 1467 1432
f 1467 1468 1432
f 1432 1468 1433
f 1468 1469 1433
f 1433 1469 1434
f 1469 1470 1434
f 1434 1470 1435
f 1470 1471 1435
f 1435 1471 1436
f 1471 1472 1436
f 1436 1472 1437
f 1472 1473 1437
f 1437 1473 1438
f 1473 1474 1438
f 1438 1474 1439
f 1474 1475 1439
f 1439 1475 1440
f 1475 1476 1440
f 1440 1476 1441
f 1476 3 1441
f 7 1477 1442
f 1477 1478 1442
f 1442 1478 1443
f 1478 1479 1443
f 1443 1479 1444
f 1479 1480 1444
f 1444 1480 1445
f 1480 1481 1445
f 1445 1481 1446
f 1481 1482 1446
f 1446 1482 1447
f 1482 1483 1447
f 1447 1483 1448
f 1483 1484 1448
f 1448 1484 1449
f 1484 1485 1449
f 1449 1485 1450
f 1485 1486 1450
f 1450 1486 1451
f 1486 1487 1451
f 1451 1487 1452
f 1487 1488 1452
f 1452 1488 1453
f 1488 1489 1453
f 1453 1489 1454
f 1489 1490 1454
f 1454 1490 1455
f 1490 1491 1455
f 1455 1491 1456
f 1491 1492 1456
f 1456 1492 1457
f 1492 1493 1457
f 1457 1493 1458
f 1493 1494 1458
f 1458 1494 1459
f 1494 1495 1459
f 1459 1495 1460
f 1495 1496 1460
f 1460 1496 1461
f 1496 1497 1461
f 1461 1497 1462
f 1497 1498 1462
f 1462 1498 1463
f 1498 1499 1463
f 1463 1499 1464
f 1499 1500 1464
f 1464 1500 1465
f 1500 1501 1465
f 1465 1501 1466
f 1501 1502 1466
f 1466 1502 1467
f 1502 1503 1467
f 1467 1503 1468
f 1503 1504 1468
f 1468 1504 1469
f 1504 1505 1469
f 1469 1505 1470
f 1505 1506 1470
f 1470 1506 1471
f 1506 1507 1471
f 1471 1507 1472
f 1507 1508 1472
f 1472 1508 1473
f 1508 1509 1473
f 1473 1509 1474
f 1509 1510 1474
f 1474 1510 1475
f 1510 1511 1475
f 1475 1511 1476
f 1511 3 1476
f 7 1512 1477
f 1512 1513 1477
f 1477 1513 1478
f 1513 1514 1478
f 1478 1514 1479
f 1514 1515 1479
f 1479 1515 1480
f 1515 1516 1480
f 1480 1516 1481
f 1516 1517 1481
f 1481 1517 1482
f 1517 1518 1482
f 1482 1518 1483
f 1518 1519 1483
f 1483 1519 1484
f 1519 1520 1484
f 1484 1520 1485
f 1520 1521 1485
f 1485 1521 1486
f 1521 1522 1486
f 1486 1522 1487
f 1522 1523 1487
f 1487 1523 1488
f 1523 1524 1488
f 1488 1524 1489
f 1524 1525 1489
f 1489 1525 1490
f 1525 1526 1490
f 1490 1526 1491
f 1526 1527 1491
f 1491 1527 1492
f 1527 1528 1492
f 1492 1528 1493
f 1528 1529 1493
f 1493 1529 1494
f 1529 1530 1494
f 1494 1530 1495
f 1530 1531 1495
f 1495 1531 1496
f 1531 1532 1496
f 1496 1532 1497
f 1532 1533 1497
f 1497 1533 1498
f 1533 1534 1498
f 1498 1534 1499
f 1534 1535 1499
f 1499 1535 1500
f 1535 1536 1500
f 1500 1536 1501
f 1536 1537 1501
f 1501 1537 1502
f 1537 1538 1502
f 1502 1538 1503
f 1538 1539 1503
f 1503 1539 1504
f 1539 1540 1504
f 1504 1540 1505
f 1540 1541 1505
f 1505 1541 1506
f 1541 1542 1506
f 1506 1542 1507
f 1542 1543 1507
f 1507 1543 1508
f 1543 1544 1508
f 1508 1544 1509
f 1544 1545 1509
f 1509 1545 1510
f 1545 1546 1510
f 1510 1546 1511
f 1546 3 1511
f 7 1547 1512
f 1547 1548 1512
f 1512 1548 1513
f 1548 1549 1513
f 1513 1549 1514
f 1549 1550 1514
f 1514 1550 1515
f 1550 1551 1515
f 1515 1551 1516
f 1551 1552 1516
f 1516 1552 1517
f 1552 1553 1517
f 1517 1553 1518
f 1553 1554 1518
f 1518 1554 1519
f 1554 1555 1519
f 1519 1555 1520
f 1555 1556 1520
f 1520 1556 1521
f 1556 1557 1521
f 1521 1557 1522
f 1557 1558 1522
f 1522 1558 1523
f 1558 1559 1523
f 1523 1559 1524
f 1559 1560 1524
f 1524 1560 1525
f 1560 1561 1525
f 1525 1561 1526
f 1561 1562 1526
f 1526 1562 1527
f 1562 1563 1527
f 1527 1563 1528
f 1563 1564 1528
f 1528 1564 1529
f 1564 1565 1529
f 1529 1565 1530
f 1565 1566 1530
f 1530 1566 1531
f 1566 1567 1531
f 1531 1567 1532
f 1567 1568 1532
f 1532 1568 1533
f 1568 1569 1533
f 1533 1569 1534
f 1569 1570 1534
f 1534 1570 1535
f 1570 1571 1535
f 1535 1571 1536
f 1571 1572 1536
f 1536 1572 1537
f 1572 1573 1537
f 1537 1573 1538
f 1573 1574 1538
f 1538 1574 1539
f 1574 1575 1539
f 1539 1575 1540
f 1575 1576 1540
f 1540 1576 1541
f 1576 1577 1541
f 1541 1577 1542
f 1577 1578 1542
f 1542 1578 1543
f 1578 1579 1543
f 1543 1579 1544
f 1579 1580 1544
f 1544 1580 1545
f 1580 1581 1545
f 1545 1581 1546
f 1581 3 1546
f 7 1582 1547
f 1582 1583 1547
f 1547 1583 1548
f 1583 1584 1548
f 1548 1584 1549
f 1584 1585 1549
f 1549 1585 1550
f 1585 1586 1550
f 1550 1586 1551
f 1586 1587 1551
f 1551 1587 1552
f 1587 1588 1552
f 1552 1588 1553
f 1588 1589 1553
f 1553 1589 1554
f 1589 1590 1554
f 1554 1590 1555
f 1590 1591 1555
f 1555 1591 1556
f 1591 1592 1556
f 1556 1592 1557
f 1592 1593 1557
f 1557 1593 1558
f 1593 1594 1558
f 1558 1594 1559
f 1594 1595 1559
f 1559 1595 1560
f 1595 1596 1560
f 1560 1596 1561
f 1596 1597 1561
f 1561 1597 1562
f 1597 1598 1562
f 1562 1598 1563
f 1598 1599 1563
f 1563 1599 1564
f 1599 1600 1564
f 1564 1600 1565
f 1600 1601 1565
f 1565 1601 1566
f 1601 1602 1566
f 1566 1602 1567
f 1602 1603 1567
f 1567 1603 1568
f 1603 1604 1568
f 1568 1604 1569
f 1604 1605 1569
f 1569 1605 1570
f 1605 1606 1570
f 1570 1606 1571
f 1606 1607 1571
f 1571 1607 1572
f 1607 1608 1572
f 1572 1608 1573
f 1608 1609 1573
f 1573 1609 1574
f 1609 1610 1574
f 1574 1610 1575
f 1610 1611 1575
f 1575 1611 1576
f 1611 1612 1576
f 1576 1612 1577
f 1612 1613 1577
f 1577 1613 1578
f 1613 1614 1578
f 1578 1614 1579
f 1614 1615 1579
f 1579 1615 1580
f 1615 1616 1580
f 1580 1616 1581
f 1616 3 1581
f 7 1617 1582
f 1617 1618 1582
f 1582 1618 1583
f 1618 1619 1583
f 1583 1619 1584
f 1619 1620 1584
f 1584 1620 1585
f 1620 1621 1585
f 1585 1621 1586
f 1621 1622 1586
f 1586 1622 1587
f 1622 1623 1587
f 1587 1623 1588
f 1623 1624 1588
f 1588 1624 1589
f 1624 1625 1589
f 1589 1625 1590
f 1625 1626 1590
f 1590 1626 1591
f 1626 1627 1591
f 1591 1627 1592
f 1627 1628 1592
f 1592 1628 1593
f 1628 1629 1593
f 1593 1629 1594
f 1629 1630 1594
f 1594 1630 1595
f 1630 1631 1595
f 1595 1631 1596
f 1631 1632 1596
f 1596 1632 1597
f 1632 1633 1597
f 1597 1633 1598
f 1633 1634 1598
f 1598 1634 1599
f 1634 1635 1599
f 1599 1635 1600
f 1635 1636 1600
f 1600 1636 1601
f 1636 1637 1601
f 1601 1637 1602
f 1637 1638 1602
f 1602 1638 1603
f 1638 1639 1603
f 1603 1639 1604
f 1639 1640 1604
f 1604 1640 1605
f 1640 1641 1605
f 1605 1641 1606
f 1641 1642 1606
f 1606 1642 1607
f 1642 1643 1607
f 1607 1643 1608
f 1643 1644 1608
f 1608 1644 1609
f 1644 1645 1609
f 1609 1645 1610
f 1645 1646 1610
f 1610 1646 1611
f 1646 1647 1611
f 1611 1647 1612
f 1647 1648 1612
f 1612 1648 1613
f 1648 1649 1613
f 1613 1649 1614
f 1649 1650 1614
f 1614 1650 1615
f 1650 1651 1615
f 1615 1651 1616
f 1651 3 1616
f 7 1652 1617
f 1652 1653 1617
f 1617 1653 1618
f 1653 1654 1618
f 1618 1654 1619
f 1654 1655 1619
f 1619 1655 1620
f 1655 1656 1620
f 1620 1656 1621
f 1656 1657 1621
f 1621 1657 1622
f 1657 1658 1622
f 1622 1658 1623
f 1658 1659 1623
f 1623 1659 1624
f 1659 1660 1624
f 1624 1660 1625
f 1660 1661 1625
f 1625 1661 1626
f 1661 1662 1626
f 1626 1662 1627
f 1662 1663 1627
f 1627 1663 1628
f 1663 1664 1628
f 1628 1664 1629
f 1664 1665 1629
f 1629 1665 1630
f 1665 1666 1630
f 1630 1666 1631
f 1666 1667 1631
f 1631 1667 1632
f 1667 1668 1632
f 1632 1668 1633
f 1668 1669 1633
f 1633 1669 1634
f 1669 1670 1634
f 1634 1670 1635
f 1670 1671 1635
f 1635 1671 1636
f 1671 1672 1636
f 1636 1672 1637
f 1672 1673 1637
f 1637 1673 1638
f 1673 1674 1638
f 1638 1674 1639
f 1674 1675 1639
f 1639 1675 1640
f 1675 1676 1640
f 1640 1676 1641
f 1676 1677 1641
f 1641 1677 1642
f 1677 1678 1642
f 1642 1678 1643
f 1678 1679 1643
f 1643 1679 1644
f 1679 1680 1644
f 1644 1680 1645
f 1680 1681 1645
f 1645 1681 1646
f 1681 1682 1646
f 1646 1682 1647
f 1682 1683 1647
f 1647 1683 1648
f 1683 1684 1648
f 1648 1684 1649
f 1684 1685 1649
f 1649 1685 1650
f 1685 1686 1650
f 1650 1686 1651
f 1686 3 1651
f 7 1687 1652
f 1687 1688 1652
f 1652 1688 1653
f 1688 1689 1653
f 1653 1689 1654
f 1689 1690 1654
f 1654 1690 1655
f 1690 1691 1655
f 1655 1691 1656
f 1691 1692 1656
f 1656 1692 1657
f 1692 1693 1657
f 1657 1693 1658
f 1693 1694 1658
f 1658 1694 1659
f 1694 1695 1659
f 1659 1695 1660
f 1695 1696 1660
f 1660 1696 1661
f 1696 1697 1661
f 1661 1697 1662
f 1697 1698 1662
f 1662 1698 1663
f 1698 1699 1663
f 1663 1699 1664
f 1699 1700 1664
f 1664 1700 1665
f 1700 1701 1665
f 1665 1701 1666
f 1701 1702 1666
f 1666 1702 1667
f 1702 1703 1667
f 1667 1703 1668
f 1703 1704 1668
f 1668 1704 1669
f 1704 1705 1669
f 1669 1705 1670
f 1705 1706 1670
f 1670 1706 1671
f 1706 1707 1671
f 1671 1707 1672
f 1707 1708 1672
f 1672 1708 1673
f 1708 1709 1673
f 1673 1709 1674
f 1709 1710 1674
f 1674 1710 1675
f 1710 1711 1675
f 1675 1711 1676
f 1711 1712 1676
f 1676 1712 1677
f 1712 1713 1677
f 1677 1713 1678
f 1713 1714 1678
f 1678 1714 1679
f 1714 1715 1679
f 1679 1715 1680
f 1715 1716 1680
f 1680 1716 1681
f 1716 1717 1681
f 1681 1717 1682
f 1717 1718 1682
f 1682 1718 1683
f 1718 1719 1683
f 1683 1719 1684
f 1719 1720 1684
f 1684 1720 1685
f 1720 1721 1685
f 1685 1721 1686
f 1721 3 1686
f 7 1722 1687
f 1722 1723 1687
f 1687 1723 1688
f 1723 1724 1688
f 1688 1724 1689
f 1724 1725 1689
f 1689 1725 1690
f 1725 1726 1690
f 1690 1726 1691
f 1726 1727 1691
f 1691 1727 1692
f 1727 1728 1692
f 1692 1728 1693
f 1728 1729 1693
f 1693 1729 1694
f 1729 1730 1694
f 1694 1730 1695
f 1730 1731 1695
f 1695 1731 1696
f 1731 1732 1696
f 1696 1732 1697
f 1732 1733 1697
f 1697 1733 1698
f 1733 1734 1698
f 1698 1734 1699
f 1734 1735 1699
f 1699 1735 1700
f 1735 1736 1700
f 1700 1736 1701
f 1736 1737 1701
f 1701 1737 1702
f 1737 1738 1702
f 1702 1738 1703
f 1738 1739 1703
f 1703 1739 1704
f 1739 1740 1704
f 1704 1740 1705
f 1740 1741 1705
f 1705 1741 1706
f 1741 1742 1706
f 1706 1742 1707
f 1742 1743 1707
f 1707 1743 1708
f 1743 1744 1708
f 1708 1744 1709
f 1744 1745 1709
f 1709 1745 1710
f 1745 1746 1710
f 1710 1746 1711
f 1746 1747 1711
f 1711 1747 1712
f 1747 1748 1712
f 1712 1748 1713
f 1748 1749 1713
f 1713 1749 1714
f 1749 1750 1714
f 1714 1750 1715
f 1750 1751 1715
f 1715 1751 1716
f 1751 1752 1716
f 1716 1752 1717
f 1752 1753 1717
f 1717 1753 1718
f 1753 1754 1718
f 1718 1754 1719
f 1754 1755 1719
f 1719 1755 1720
f 1755 1756 1720
f 1720 1756 1721
f 1756 3 1721
f 7 1757 1722
f 1757 1758 1722
f 1722 1758 1723
f 1758 1759 1723
f 1723 1759 1724
f 1759 1760 1724
f 1724 1760 1725
f 1760 1761 1725
f 1725 1761 1726
f 1761 1762 1726
f 1726 1762 1727
f 1762 1763 1727
f 1727 1763 1728
f 1763 1764 1728
f 1728 1764 1729
f 1764 1765 1729
f 1729 1765 1730
f 1765 1766 1730
f 1730 1766 1731
f 1766 1767 1731
f 1731 1767 1732
f 1767 1768 1732
f 1732 1768 1733
f 1768 1769 1733
f 1733 1769 1734
f 1769 1770 1734
f 1734 1770 1735
f 1770 1771 1735
f 1735 1771 1736
f 1771 1772 1736
f 1736 1772 1737
f 1772 1773 1737
f 1737 1773 1738
f 1773 1774 1738
f 1738 1774 1739
f 1774 1775 1739
f 1739 1775 1740
f 1775 1776 1740
f 1740 1776 1741
f 1776 1777 1741
f 1741 1777 1742
f 1777 1778 1742
f 1742 1778 1743
f 1778 1779 1743
f 1743 1779 1744
f 1779 1780 1744
f 1744 1780 1745
f 1780 1781 1745
f 1745 1781 1746
f 1781 1782 1746
f 1746 1782 1747
f 1782 1783 1747
f 1747 1783 1748
f 1783 1784 1748
f 1748 1784 1749
f 1784 1785 1749
f 1749 1785 1750
f 1785 1786 1750
f 1750 1786 1751
f 1786 1787 1751
f 1751 1787 1752
f 1787 1788 1752
f 1752 1788 1753
f 1788 1789 1753
f 1753 1789 1754
f 1789 1790 1754
f 1754 1790 1755
f 1790 1791 1755
f 1755 1791 1756
f 1791 3 1756
f 7 1792 1757
f 1792 1793 1757
f 1757 1793 1758
f 1793 1794 1758
f 1758 1794 1759
f 1794 1795 1759
f 1759 1795 1760
f 1795 1796 1760
f 1760 1796 1761
f 1796 1797 1761
f 1761 1797 1762
f 1797 1798 1762
f 1762 1798 1763
f 1798 1799 1763
f 1763 1799 1764
f 1799 1800 1764
f 1764 1800 1765
f 1800 1801 1765
f 1765 1801 1766
f 1801 1802 1766
f 1766 1802 1767
f 1802 1803 1767
f 1767 1803 1768
f 1803 1804 1768
f 1768 1804 1769
f 1804 1805 1769
f 1769 1805 1770
f 1805 1806 1770
f 1770 1806 1771
f 1806 1807 1771
f 1771 1807 1772
f 1807 1808 1772
f 1772 1808 1773
f 1808 1809 1773
f 1773 1809 1774
f 1809 1810 1774
f 1774 1810 1775
f 1810 1811 1775
f 1775 1811 1776
f 1811 1812 1776
f 1776 1812 1777
f 1812 1813 1777
f 1777 1813 1778
f 1813 1814 1778
f 1778 1814 1779
f 1814 1815 1779
f 1779 1815 1780
f 1815 1816 1780
f 1780 1816 1781
f 1816 1817 1781
f 1781 1817 1782
f 1817 1818 1782
f 1782 1818 1783
f 1818 1819 1783
f 1783 1819 1784
f 1819 1820 1784
f 1784 1820 1785
f 1820 1821 1785
f 1785 1821 1786
f 1821 1822 1786
f 1786 1822 1787
f 1822 1823 1787
f 1787 1823 1788
f 1823 1824 1788
f 1788 1824 1789
f 1824 1825 1789
f 1789 1825 1790
f 1825 1826 1790
f 1790 1826 1791
f 1826 3 1791
f 7 1827 1792
f 1827 1828 1792
f 1792 1828 1793
f 1828 1829 1793
f 1793 1829 1794
f 1829 1830 1794
f 1794 1830 1795
f 1830 1831 1795
f 1795 1831 1796
f 1831 1832 1796
f 1796 1832 1797
f 1832 1833 1797
f 1797 1833 1798
f 1833 1834 1798
f 1798 1834 1799
f 1834 1835 1799
f 1799 1835 1800
f 1835 1836 1800
f 1800 1836 1801
f 1836 1837 1801
f 1801 1837 1802
f 1837 1838 1802
f 1802 1838 1803
f 1838 1839 1803
f 1803 1839 1804
f 1839 1840 1804
f 1804 1840 1805
f 1840 1841 1805
f 1805 1841 1806
f 1841 1842 1806
f 1806 1842 1807
f 1842 1843 1807
f 1807 1843 1808
f 1843 1844 1808
f 1808 1844 1809
f 1844 1845 1809
f 1809 1845 1810
f 1845 1846 1810
f 1810 1846 1811
f 1846 1847 1811
f 1811 1847 1812
f 1847 1848 1812
f 1812 1848 1813
f 1848 1849 1813
f 1813 1849 1814
f 1849 1850 1814
f 1814 1850 1815
f 1850 1851 1815
f 1815 1851 1816
f 1851 1852 1816
f 1816 1852 1817
f 1852 1853 1817
f 1817 1853 1818
f 1853 1854 1818
f 1818 1854 1819
f 1854 1855 1819
f 1819 1855 1820
f 1855 1856 1820
f 1820 1856 1821
f 1856 1857 1821
f 1821 1857 1822
f 1857 1858 1822
f 1822 1858 1823
f 1858 1859 1823
f 1823 1859 1824
f 1859 1860 1824
f 1824 1860 1825
f 1860 1861 1825
f 1825 1861 1826
f 1861 3 1826
f 7 1862 1827
f 1862 1863 1827
f 1827 1863 1828
f 1863 1864 1828
f 1828 1864 1829
f 1864 1865 1829
f 1829 1865 1830
f 1865 1866 1830
f 1830 1866 1831
f 1866 1867 1831
f 1831 1867 1832
f 1867 1868 1832
f 1832 1868 1833
f 1868 1869 1833
f 1833 1869 1834
f 1869 1870 1834
f 1834 1870 1835
f 1870 1871 1835
f 1835 1871 1836
f 1871 1872 1836
f 1836 1872 1837
f 1872 1873 1837
f 1837 1873 1838
f 1873 1874 1838
f 1838 1874 1839
f 1874 1875 1839
f 1839 1875 1840
f 1875 1876 1840
f 1840 1876 1841
f 1876 1877 1841
f 1841 1877 1842
f 1877 1878 1842
f 1842 1878 1843
f 1878 1879 1843
f 1843 1879 1844
f 1879 1880 1844
f 1844 1880 1845
f 1880 1881 1845
f 1845 1881 1846
f 1881 1882 1846
f 1846 1882 1847
f 1882 1883 1847
f 1847 1883 1848
f 1883 1884 1848
f 1848 1884 1849
f 1884 1885 1849
f 1849 1885 1850
f 1885 1886 1850
f 1850 1886 1851
f 1886 1887 1851
f 1851 1887 1852
f 1887 1888 1852
f 1852 1888 1853
f 1888 1889 1853
f 1853 1889 1854
f 1889 1890 1854
f 1854 1890 1855
f 1890 1891 1855
f 1855 1891 1856
f 1891 1892 1856
f 1856 1892 1857
f 1892 1893 1857
f 1857 1893 1858
f 1893 1894 1858
f 1858 1894 1859
f 1894 1895 1859
f 1859 1895 1860
f 1895 1896 1860
f 1860 1896 1861
f 1896 3 1861
f 7 1897 1862
f 1897 1898 1862
f 1862 1898 1863
f 1898 1899 1863
f 1863 1899 1864
f 1899 1900 1864
f 1864 1900 1865
f 1900 1901 1865
f 1865 1901 1866
f 1901 1902 1866
f 1866 1902 1867
f 1902 1903 1867
f 1867 1903 1868
f 1903 1904 1868
f 1868 1904 1869
f 1904 1905 1869
f 1869 1905 1870
f 1905 1906 1870
f 1870 1906 1871
f 1906 1907 1871
f 1871 1907 1872
f 1907 1908 1872
f 1872 1908 1873
f 1908 1909 1873
f 1873 1909 1874
f 1909 1910 1874
f 1874 1910 1875
f 1910 1911 1875
f 1875 1911 1876
f 1911 1912 1876
f 1876 1912 1877
f 1912 1913 1877
f 1877 1913 1878
f 1913 1914 1878
f 1878 1914 1879
f 1914 1915 1879
f 1879 1915 1880
f 1915 1916 1880
f 1880 1916 1881
f 1916 1917 1881
f 1881 1917 1882
f 1917 1918 1882
f 1882 1918 1883
f 1918 1919 1883
f 1883 1919 1884
f 1919 1920 1884
f 1884 1920 1885
f 1920 1921 1885
f 1885 1921 1886
f 1921 1922 1886
f 1886 1922 1887
f 1922 1923 1887
f 1887 1923 1888
f 1923 1924 1888
f 1888 1924 1889
f 1924 1925 1889
f 1889 1925 1890
f 1925 1926 1890
f 1890 1926 1891
f 1926 1927 1891
f 1891 1927 1892
f 1927 1928 1892
f 1892 1928 1893
f 1928 1929 1893
f 1893 1929 1894
f 1929 1930 1894
f 1894 1930 1895
f 1930 1931 1895
f 1895 1931 1896
f 1931 3 1896
f 7 1932 1897
f 1932 1933 1897
f 1897 1933 1898
f 1933 1934 1898
f 1898 1934 1899
f 1934 1935 1899
f 1899 1935 1900
f 1935 1936 1900
f 1900 1936 1901
f 1936 1937 1901
f 1901 1937 1902
f 1937 1938 1902
f 1902 1938 1903
f 1938 1939 1903
f 1903 1939 1904
f 1939 1940 1904
f 1904 1940 1905
f 1940 1941 1905
f 1905 1941 1906
f 1941 1942 1906
f 1906 1942 1907
f 1942 1943 1907
f 1907 1943 1908
f 1943 1944 1908
f 1908 1944 1909
f 1944 1945 1909
f 1909 1945 1910
f 1945 1946 1910
f 1910 1946 1911
f 1946 1947 1911
f 1911 1947 1912
f 1947 1948 1912
f 1912 1948 1913
f 1948 1949 1913
f 1913 1949 1914
f 1949 1950 1914
f 1914 1950 1915
f 1950 1951 1915
f 1915 1951 1916
f 1951 1952 1916
f 1916 1952 1917
f 1952 1953 1917
f 1917 1953 1918
f 1953 1954 1918
f 1918 1954 1919
f 1954 1955 1919
f 1919 1955 1920
f 1955 1956 1920
f 1920 1956 1921
f 1956 1957 1921
f 1921 1957 1922
f 1957 1958 1922
f 1922 1958 1923
f 1958 1959 1923
f 1923 1959 1924
f 1959 1960 1924
f 1924 1960 1925
f 1960 1961 1925
f 1925 1961 1926
f 1961 1962 1926
f 1926 1962 1927
f 1962 1963 1927
f 1927 1963 1928
f 1963 1964 1928
f 1928 1964 1929
f 1964 1965 1929
f 1929 1965 1930
f 1965 1966 1930
f 1930 1966 1931
f 1966 3 1931
f 7 1967 1932
f 1967 1968 1932
f 1932 1968 1933
f 1968 1969 1933
f 1933 1969 1934
f 1969 1970 1934
f 1934 1970 1935
f 1970 1971 1935
f 1935 1971 1936
f 1971 1972 1936
f 1936 1972 1937
f 1972 1973 1937
f 1937 1973 1938
f 1973 1974 1938
f 1938 1974 1939
f 1974 1975 1939
f 1939 1975 1940
f 1975 1976 1940
f 1940 1976 1941
f 1976 1977 1941
f 1941 1977 1942
f 1977 1978 1942
f 1942 1978 1943
f 1978 1979 1943
f 1943 1979 1944
f 1979 1980 1944
f 1944 1980 1945
f 1980 1981 1945
f 1945 1981 1946
f 1981 1982 1946
f 1946 1982 1947
f 1982 1983 1947
f 1947 1983 1948
f 1983 1984 1948
f 1948 1984 1949
f 1984 1985 1949
f 1949 1985 1950
f 1985 1986 1950
f 1950 1986 1951
f 1986 1987 1951
f 1951 1987 1952
f 1987 1988 1952
f 1952 1988 1953
f 1988 1989 1953
f 1953 1989 1954
f 1989 1990 1954
f 1954 1990 1955
f 1990 1991 1955
f 1955 1991 1956
f 1991 1992 1956
f 1956 1992 1957
f 1992 1993 1957
f 1957 1993 1958
f 1993 1994 1958
f 1958 1994 1959
f 1994 1995 1959
f 1959 1995 1960
f 1995 1996 1960
f 1960 1996 1961
f 1996 1997 1961
f 1961 1997 1962
f 1997 1998 1962
f 1962 1998 1963
f 1998 1999 1963
f 1963 1999 1964
f 1999 2000 1964
f 1964 2000 1965
f 2000 2001 1965
f 1965 2001 1966
f 2001 3 1966
f 7 2002 1967
f 2002 2003 1967
f 1967 2003 1968
f 2003 2004 1968
f 1968 2004 1969
f 2004 2005 1969
f 1969 2005 1970
f 2005 2006 1970
f 1970 2006 1971
f 2006 2007 1971
f 1971 2007 1972
f 2007 2008 1972
f 1972 2008 1973
f 2008 2009 1973
f 1973 2009 1974
f 2009 2010 1974
f 1974 2010 1975
f 2010 2011 1975
f 1975 2011 1976
f 2011 2012 1976
f 1976 2012 1977
f 2012 2013 1977
f 1977 2013 1978
f 2013 2014 1978
f 1978 2014 1979
f 2014 2015 1979
f 1979 2015 1980
f 2015 2016 1980
f 1980 2016 1981
f 2016 2017 1981
f 1981 2017 1982
f 2017 2018 1982
f 1982 2018 1983
f 2018 2019 1983
f 1983 2019 1984
f 2019 2020 1984
f 1984 2020 1985
f 2020 2021 1985
f 1985 2021 1986
f 2021 2022 1986
f 1986 2022 1987
f 2022 2023 1987
f 1987 2023 1988
f 2023 2024 1988
f 1988 2024 1989
f 2024 2025 1989
f 1989 2025 1990
f 2025 2026 1990
f 1990 2026 1991
f 2026 2027 1991
f 1991 2027 1992
f 2027 2028 1992
f 1992 2028 1993
f 2028 2029 1993
f 1993 2029 1994
f 2029 2030 1994
f 1994 2030 1995
f 2030 2031 1995
f 1995 2031 1996
f 2031 2032 1996
f 1996 2032 1997
f 2032 2033 1997
f 1997 2033 1998
f 2033 2034 1998
f 1998 2034 1999
f 2034 2035 1999
f 1999 2035 2000
f 2035 2036 2000
f 2000 2036 2001
f 2036 3 2001
f 7 2037 2002
f 2037 2038 2002
f 2002 2038 2003
f 2038 2039 2003
f 2003 2039 2004
f 2039 2040 2004
f 2004 2040 2005
f 2040 2041 2005
f 2005 2041 2006
f 2041 2042 2006
f 2006 2042 2007
f 2042 2043 2007
f 2007 2043 2008
f 2043 2044 2008
f 2008 2044 2009
f 2044 2045 2009
f 2009 2045 2010
f 2045 2046 2010
f 2010 2046 2011
f 2046 2047 2011
f 2011 2047 2012
f 2047 2048 2012
f 2012 2048 2013
f 2048 2049 2013
f 2013 2049 2014
f 2049 2050 2014
f 2014 2050 2015
f 2050 2051 2015
f 2015 2051 2016
f 2051 2052 2016
f 2016 2052 2017
f 2052 2053 2017
f 2017 2053 2018
f 2053 2054 2018
f 2018 2054 2019
f 2054 2055 2019
f 2019 2055 2020
f 2055 2056 2020
f 2020 2056 2021
f 2056 2057 2021
f 2021 2057 2022
f 2057 2058 2022
f 2022 2058 2023
f 2058 2059 2023
f 2023 2059 2024
f 2059 2060 2024
f 2024 2060 2025
f 2060 2061 2025
f 2025 2061 2026
f 2061 2062 2026
f 2026 2062 2027
f 2062 2063 2027
f 2027 2063 2028
f 2063 2064 2028
f 2028 2064 2029
f 2064 2065 2029
f 2029 2065 2030
f 2065 2066 2030
f 2030 2066 2031
f 2066 2067 2031
f 2031 2067 2032
f 2067 2068 2032
f 2032 2068 2033
f 2068 2069 2033
f 2033 2069 2034
f 2069 2070 2034
f 2034 2070 2035
f 2070 2071 2035
f 2035 2071 2036
f 2071 3 2036
f 7 2072 2037
f 2072 2073 2037
f 2037 2073 2038
f 2073 2074 2038
f 2038 2074 2039
f 2074 2075 2039
f 2039 2075 2040
f 2075 2076 2040
f 2040 2076 2041
f 2076 2077 2041
f 2041 2077 2042
f 2077 2078 2042
f 2042 2078 2043
f 2078 2079 2043
f 2043 2079 2044
f 2079 2080 2044
f 2044 2080 2045
f 2080 2081 2045
f 2045 2081 2046
f 2081 2082 2046
f 2046 2082 2047
f 2082 2083 2047
f 2047 2083 2048
f 2083 2084 2048
f 2048 2084 2049
f 2084 2085 2049
f 2049 2085 2050
f 2085 2086 2050
f 2050 2086 2051
f 2086 2087 2051
f 2051 2087 2052
f 2087 2088 2052
f 2052 2088 2053
f 2088 2089 2053
f 2053 2089 2054
f 2089 2090 2054
f 2054 2090 2055
f 2090 2091 2055
f 2055 2091 2056
f 2091 2092 2056
f 2056 2092 2057
f 2092 2093 2057
f 2057 2093 2058
f 2093 2094 2058
f 2058 2094 2059
f 2094 2095 2059
f 2059 2095 2060
f 2095 2096 2060
f 2060 2096 2061
f 2096 2097 2061
f 2061 2097 2062
f 2097 2098 2062
f 2062 2098 2063
f 2098 2099 2063
f 2063 2099 2064
f 2099 2100 2064
f 2064 2100 2065
f 2100 2101 2065
f 2065 2101 2066
f 2101 2102 2066
f 2066 2102 2067
f 2102 2103 2067
f 2067 2103 2068
f 2103 2104 2068
f 2068 2104 2069
f 2104 2105 2069
f 2069 2105 2070
f 2105 2106 2070
f 2070 2106 2071
f 2106 3 2071
f 7 2107 2072
f 2107 2108 2072
f 2072 2108 2073
f 2108 2109 2073
f 2073 2109 2074
f 2109 2110 2074
f 2074 2110 2075
f 2110 2111 2075
f 2075 2111 2076
f 2111 2112 2076
f 2076 2112 2077
f 2112 2113 2077
f 2077 2113 2078
f 2113 2114 2078
f 2078 2114 2079
f 2114 2115 2079
f 2079 2115 2080
f 2115 2116 2080
f 2080 2116 2081
f 2116 2117 2081
f 2081 2117 2082
f 2117 2118 2082
f 2082 2118 2083
f 2118 2119 2083
f 2083 2119 2084
f 2119 2120 2084
f 2084 2120 2085
f 2120 2121 2085
f 2085 2121 2086
f 2121 2122 2086
f 2086 2122 2087
f 2122 2123 2087
f 2087 2123 2088
f 2123 2124 2088
f 2088 2124 2089
f 2124 2125 2089
f 2089 2125 2090
f 2125 2126 2090
f 2090 2126 2091
f 2126 2127 2091
f 2091 2127 2092
f 2127 2128 2092
f 2092 2128 2093
f 2128 2129 2093
f 2093 2129 2094
f 2129 2130 2094
f 2094 2130 2095
f 2130 2131 2095
f 2095 2131 2096
f 2131 2132 2096
f 2096 2132 2097
f 2132 2133 2097
f 2097 2133 2098
f 2133 2134 2098
f 2098 2134 2099
f 2134 2135 2099
f 2099 2135 2100
f 2135 2136 2100
f 2100 2136 2101
f 2136 2137 2101
f 2101 2137 2102
f 2137 2138 2102
f 2102 2138 2103
f 2138 2139 2103
f 2103 2139 2104
f 2139 2140 2104
f 2104 2140 2105
f 2140 2141 2105
f 2105 2141 2106
f 2141 3 2106
f 7 2142 2107
f 2142 2143 2107
f 2107 2143 2108
f 2143 2144 2108
f 2108 2144 2109
f 2144 2145 2109
f 2109 2145 2110
f 2145 2146 2110
f 2110 2146 2111
f 2146 2147 2111
f 2111 2147 2112
f 2147 2148 2112
f 2112 2148 2113
f 2148 2149 2113
f 2113 2149 2114
f 2149 2150 2114
f 2114 2150 2115
f 2150 2151 2115
f 2115 2151 2116
f 2151 2152 2116
f 2116 2152 2117
f 2152 2153 2117
f 2117 2153 2118
f 2153 2154 2118
f 2118 2154 2119
f 2154 2155 2119
f 2119 2155 2120
f 2155 2156 2120
f 2120 2156 2121
f 2156 2157 2121
f 2121 2157 2122
f 2157 2158 2122
f 2122 2158 2123
f 2158 2159 2123
f 2123 2159 2124
f 2159 2160 2124
f 2124 2160 2125
f 2160 2161 2125
f 2125 2161 2126
f 2161 2162 2126
f 2126 2162 2127
f 2162 2163 2127
f 2127 2163 2128
f 2163 2164 2128
f 2128 2164 2129
f 2164 2165 2129
f 2129 2165 2130
f 2165 2166 2130
f 2130 2166 2131
f 2166 2167 2131
f 2131 2167 2132
f 2167 2168 2132
f 2132 2168 2133
f 2168 2169 2133
f 2133 2169 2134
f 2169 2170 2134
f 2134 2170 2135
f 2170 2171 2135
f 2135 2171 2136
f 2171 2172 2136
f 2136 2172 2137
f 2172 2173 2137
f 2137 2173 2138
f 2173 2174 2138
f 2138 2174 2139
f 2174 2175 2139
f 2139 2175 2140
f 2175 2176 2140
f 2140 2176 2141
f 2176 3 2141
f 7 2177 2142
f 2177 2178 2142
f 2142 2178 2143
f 2178 2179 2143
f 2143 2179 2144
f 2179 2180 2144
f 2144 2180 2145
f 2180 2181 2145
f 2145 2181 2146
f 2181 2182 2146
f 2146 2182 2147
f 2182 2183 2147
f 2147 2183 2148
f 2183 2184 2148
f 2148 2184 2149
f 2184 2185 2149
f 2149 2185 2150
f 2185 2186 2150
f 2150 2186 2151
f 2186 2187 2151
f 2151 2187 2152
f 2187 2188 2152
f 2152 2188 2153
f 2188 2189 2153
f 2153 2189 2154
f 2189 2190 2154
f 2154 2190 2155
f 2190 2191 2155
f 2155 2191 2156
f 2191 2192 2156
f 2156 2192 2157
f 2192 2193 2157
f 2157 2193 2158
f 2193 2194 2158
f 2158 2194 2159
f 2194 2195 2159
f 2159 2195 2160
f 2195 2196 2160
f 2160 2196 2161
f 2196 2197 2161
f 2161 2197 2162
f 2197 2198 2162
f 2162 2198 2163
f 2198 2199 2163
f 2163 2199 2164
f 2199 2200 2164
f 2164 2200 2165
f 2200 2201 2165
f 2165 2201 2166
f 2201 2202 2166
f 2166 2202 2167
f 2202 2203 2167
f 2167 2203 2168
f 2203 2204 2168
f 2168 2204 2169
f 2204 2205 2169
f 2169 2205 2170
f 2205 2206 2170
f 2170 2206 2171
f 2206 2207 2171
f 2171 2207 2172
f 2207 2208 2172
f 2172 2208 2173
f 2208 2209 2173
f 2173 2209 2174
f 2209 2210 2174
f 2174 2210 2175
f 2210 2211 2175
f 2175 2211 2176
f 2211 3 2176
f 7 2212 2177
f 2212 2213 2177
f 2177 2213 2178
f 2213 2214 2178
f 2178 2214 2179
f 2214 2215 2179
f 2179 2215 2180
f 2215 2216 2180
f 2180 2216 2181
f 2216 2217 2181
f 2181 2217 2182
f 2217 2218 2182
f 2182 2218 2183
f 2218 2219 2183
f 2183 2219 2184
f 2219 2220 2184
f 2184 2220 2185
f 2220 2221 2185
f 2185 2221 2186
f 2221 2222 2186
f 2186 2222 2187
f 2222 2223 2187
f 2187 2223 2188
f 2223 2224 2188
f 2188 2224 2189
f 2224 2225 2189
f 2189 2225 2190
f 2225 2226 2190
f 2190 2226 2191
f 2226 2227 2191
f 2191 2227 2192
f 2227 2228 2192
f 2192 2228 2193
f 2228 2229 2193
f 2193 2229 2194
f 2229 2230 2194
f 2194 2230 2195
f 2230 2231 2195
f 2195 2231 2196
f 2231 2232 2196
f 2196 2232 2197
f 2232 2233 2197
f 2197 2233 2198
f 2233 2234 2198
f 2198 2234 2199
f 2234 2235 2199
f 2199 2235 2200
f 2235 2236 2200
f 2200 2236 2201
f 2236 2237 2201
f 2201 2237 2202
f 2237 2238 2202
f 2202 2238 2203
f 2238 2239 2203
f 2203 2239 2204
f 2239 2240 2204
f 2204 2240 2205
f 2240 2241 2205
f 2205 2241 2206
f 2241 2242 2206
f 2206 2242 2207
f 2242 2243 2207
f 2207 2243 2208
f 2243 2244 2208
f 2208 2244 2209
f 2244 2245 2209
f 2209 2245 2210
f 2245 2246 2210
f 2210 2246 2211
f 2246 3 2211
f 7 2247 2212
f 2247 2248 2212
f 2212 2248 2213
f 2248 2249 2213
f 2213 2249 2214
f 2249 2250 2214
f 2214 2250 2215
f 2250 2251 2215
f 2215 2251 2216
f 2251 2252 2216
f 2216 2252 2217
f 2252 2253 2217
f 2217 2253 2218
f 2253 2254 2218
f 2218 2254 2219
f 2254 2255 2219
f 2219 2255 2220
f 2255 2256 2220
f 2220 2256 2221
f 2256 2257 2221
f 2221 2257 2222
f 2257 2258 2222
f 2222 2258 2223
f 2258 2259 2223
f 2223 2259 2224
f 2259 2260 2224
f 2224 2260 2225
f 2260 2261 2225
f 2225 2261 2226
f 2261 2262 2226
f 2226 2262 2227
f 2262 2263 2227
f 2227 2263 2228
f 2263 2264 2228
f 2228 2264 2229
f 2264 2265 2229
f 2229 2265 2230
f 2265 2266 2230
f 2230 2266 2231
f 2266 2267 2231
f 2231 2267 2232
f 2267 2268 2232
f 2232 2268 2233
f 2268 2269 2233
f 2233 2269 2234
f 2269 2270 2234
f 2234 2270 2235
f 2270 2271 2235
f 2235 2271 2236
f 2271 2272 2236
f 2236 2272 2237
f 2272 2273 2237
f 2237 2273 2238
f 2273 2274 2238
f 2238 2274 2239
f 2274 2275 2239
f 2239 2275 2240
f 2275 2276 2240
f 2240 2276 2241
f 2276 2277 2241
f 2241 2277 2242
f 2277 2278 2242
f 2242 2278 2243
f 2278 2279 2243
f 2243 2279 2244
f 2279 2280 2244
f 2244 2280 2245
f 2280 2281 2245
f 2245 2281 2246
f 2281 3 2246
f 7 2282 2247
f 2282 2283 2247
f 2247 2283 2248
f 2283 2284 2248
f 2248 2284 2249
f 2284 2285 2249
f 2249 2285 2250
f 2285 2286 2250
f 2250 2286 2251
f 2286 2287 2251
f 2251 2287 2252
f 2287 2288 2252
f 2252 2288 2253
f 2288 2289 2253
f 2253 2289 2254
f 2289 2290 2254
f 2254 2290 2255
f 2290 2291 2255
f 2255 2291 2256
f 2291 2292 2256
f 2256 2292 2257
f 2292 2293 2257
f 2257 2293 2258
f 2293 2294 2258
f 2258 2294 2259
f 2294 2295 2259
f 2259 2295 2260
f 2295 2296 2260
f 2260 2296 2261
f 2296 2297 2261
f 2261 2297 2262
f 2297 2298 2262
f 2262 2298 2263
f 2298 2299 2263
f 2263 2299 2264
f 2299 2300 2264
f 2264 2300 2265
f 2300 2301 2265
f 2265 2301 2266
f 2301 2302 2266
f 2266 2302 2267
f 2302 2303 2267
f 2267 2303 2268
f 2303 2304 2268
f 2268 2304 2269
f 2304 2305 2269
f 2269 2305 2270
f 2305 2306 2270
f 2270 2306 2271
f 2306 2307 2271
f 2271 2307 2272
f 2307 2308 2272
f 2272 2308 2273
f 2308 2309 2273
f 2273 2309 2274
f 2309 2310 2274
f 2274 2310 2275
f 2310 2311 2275
f 2275 2311 2276
f 2311 2312 2276
f 2276 2312 2277
f 2312 2313 2277
f 2277 2313 2278
f 2313 2314 2278
f 2278 2314 2279
f 2314 2315 2279
f 2279 2315 2280
f 2315 2316 2280
f 2280 2316 2281
f 2316 3 2281
f 7 2317 2282
f 2317 2318 2282
f 2282 2318 2283
f 2318 2319 2283
f 2283 2319 2284
f 2319 2320 2284
f 2284 2320 2285
f 2320 2321 2285
f 2285 2321 2286
f 2321 2322 2286
f 2286 2322 2287
f 2322 2323 2287
f 2287 2323 2288
f 2323 2324 2288
f 2288 2324 2289
f 2324 2325 2289
f 2289 2325 2290
f 2325 2326 2290
f 2290 2326 2291
f 2326 2327 2291
f 2291 2327 2292
f 2327 2328 2292
f 2292 2328 2293
f 2328 2329 2293
f 2293 2329 2294
f 2329 2330 2294
f 2294 2330 2295
f 2330 2331 2295
f 2295 2331 2296
f 2331 2332 2296
f 2296 2332 2297
f 2332 2333 2297
f 2297 2333 2298
f 2333 2334 2298
f 2298 2334 2299
f 2334 2335 2299
f 2299 2335 2300
f 2335 2336 2300
f 2300 2336 2301
f 2336 2337 2301
f 2301 2337 2302
f 2337 2338 2302
f 2302 2338 2303
f 2338 2339 2303
f 2303 2339 2304
f 2339 2340 2304
f 2304 2340 2305
f 2340 2341 2305
f 2305 2341 2306
f 2341 2342 2306
f 2306 2342 2307
f 2342 2343 2307
f 2307 2343 2308
f 2343 2344 2308
f 2308 2344 2309
f 2344 2345 2309
f 2309 2345 2310
f 2345 2346 2310
f 2310 2346 2311
f 2346 2347 2311
f 2311 2347 2312
f 2347 2348 2312
f 2312 2348 2313
f 2348 2349 2313
f 2313 2349 2314
f 2349 2350 2314
f 2314 2350 2315
f 2350 2351 2315
f 2315 2351 2316
f 2351 3 2316
f 7 2352 2317
f 2352 2353 2317
f 2317 2353 2318
f 2353 2354 2318
f 2318 2354 2319
f 2354 2355 2319
f 2319 2355 2320
f 2355 2356 2320
f 2320 2356 2321
f 2356 2357 2321
f 2321 2357 2322
f 2357 2358 2322
f 2322 2358 2323
f 2358 2359 2323
f 2323 2359 2324
f 2359 2360 2324
f 2324 2360 2325
f 2360 2361 2325
f 2325 2361 2326
f 2361 2362 2326
f 2326 2362 2327
f 2362 2363 2327
f 2327 2363 2328
f 2363 2364 2328
f 2328 2364 2329
f 2364 2365 2329
f 2329 2365 2330
f 2365 2366 2330
f 2330 2366 2331
f 2366 2367 2331
f 2331 2367 2332
f 2367 2368 2332
f 2332 2368 2333
f 2368 2369 2333
f 2333 2369 2334
f 2369 2370 2334
f 2334 2370 2335
f 2370 2371 2335
f 2335 2371 2336
f 2371 2372 2336
f 2336 2372 2337
f 2372 2373 2337
f 2337 2373 2338
f 2373 2374 2338
f 2338 2374 2339
f 2374 2375 2339
f 2339 2375 2340
f 2375 2376 2340
f 2340 2376 2341
f 2376 2377 2341
f 2341 2377 2342
f 2377 2378 2342
f 2342 2378 2343
f 2378 2379 2343
f 2343 2379 2344
f 2379 2380 2344
f 2344 2380 2345
f 2380 2381 2345
f 2345 2381 2346
f 2381 2382 2346
f 2346 2382 2347
f 2382 2383 2347
f 2347 2383 2348
f 2383 2384 2348
f 2348 2384 2349
f 2384 2385 2349
f 2349 2385 2350
f 2385 2386 2350
f 2350 2386 2351
f 2386 3 2351
f 7 2387 2352
f 2387 2388 2352
f 2352 2388 2353
f 2388 2389 2353
f 2353 2389 2354
f 2389 2390 2354
f 2354 2390 2355
f 2390 2391 2355
f 2355 2391 2356
f 2391 2392 2356
f 2356 2392 2357
f 2392 2393 2357
f 2357 2393 2358
f 2393 2394 2358
f 2358 2394 2359
f 2394 2395 2359
f 2359 2395 2360
f 2395 2396 2360
f 2360 2396 2361
f 2396 2397 2361
f 2361 2397 2362
f 2397 2398 2362
f 2362 2398 2363
f 2398 2399 2363
f 2363 2399 2364
f 2399 2400 2364
f 2364 2400 2365
f 2400 2401 2365
f 2365 2401 2366
f 2401 2402 2366
f 2366 2402 2367
f 2402 2403 2367
f 2367 2403 2368
f 2403 2404 2368
f 2368 2404 2369
f 2404 2405 2369
f 2369 2405 2370
f 2405 2406 2370
f 2370 2406 2371
f 2406 2407 2371
f 2371 2407 2372
f 2407 2408 2372
f 2372 2408 2373
f 2408 2409 2373
f 2373 2409 2374
f 2409 2410 2374
f 2374 2410 2375
f 2410 2411 2375
f 2375 2411 2376
f 2411 2412 2376
f 2376 2412 2377
f 2412 2413 2377
f 2377 2413 2378
f 2413 2414 2378
f 2378 2414 2379
f 2414 2415 2379
f 2379 2415 2380
f 2415 2416 2380
f 2380 2416 2381
f 2416 2417 2381
f 2381 2417 2382
f 2417 2418 2382
f 2382 2418 2383
f 2418 2419 2383
f 2383 2419 2384
f 2419 2420 2384
f 2384 2420 2385
f 2420 2421 2385
f 2385 2421 2386
f 2421 3 2386
f 7 2422 2387
f 2422 2423 2387
f 2387 2423 2388
f 2423 2424 2388
f 2388 2424 2389
f 2424 2425 2389
f 2389 2425 2390
f 2425 2426 2390
f 2390 2426 2391
f 2426 2427 2391
f 2391 2427 2392
f 2427 2428 2392
f 2392 2428 2393
f 2428 2429 2393
f 2393 2429 2394
f 2429 2430 2394
f 2394 2430 2395
f 2430 2431 2395
f 2395 2431 2396
f 2431 2432 2396
f 2396 2432 2397
f 2432 2433 2397
f 2397 2433 2398
f 2433 2434 2398
f 2398 2434 2399
f 2434 2435 2399
f 2399 2435 2400
f 2435 2436 2400
f 2400 2436 2401
f 2436 2437 2401
f 2401 2437 2402
f 2437 2438 2402
f 2402 2438 2403
f 2438 2439 2403
f 2403 2439 2404
f 2439 2440 2404
f 2404 2440 2405
f 2440 2441 2405
f 2405 2441 2406
f 2441 2442 2406
f 2406 2442 2407
f 2442 2443 2407
f 2407 2443 2408
f 2443 2444 2408
f 2408 2444 2409
f 2444 2445 2409
f 2409 2445 2410
f 2445 2446 2410
f 2410 2446 2411
f 2446 2447 2411
f 2411 2447 2412
f 2447 2448 2412
f 2412 2448 2413
f 2448 2449 2413
f 2413 2449 2414
f 2449 2450 2414
f 2414 2450 2415
f 2450 2451 2415
f 2415 2451 2416
f 2451 2452 2416
f 2416 2452 2417
f 2452 2453 2417
f 2417 2453 2418
f 2453 2454 2418
f 2418 2454 2419
f 2454 2455 2419
f 2419 2455 2420
f 2455 2456 2420
f 2420 2456 2421
f 2456 3 2421
f 2453 2457 2454
f 2457 2458 2454
f 2454 2458 2455
f 2458 2459 2455
f 2455 2459 2456
f 2459 3 2456
f 11 2460 2461
f 2460 2462 2461
f 2461 2462 2463
f 2462 2464 2463
f 2463 2464 2465
f 2464 2466 2465
f 2465 2466 2467
f 2466 2468 2467
f 2467 2468 2469
f 2468 2470 2469
f 2469 2470 2471
f 2470 2472 2471
f 2471 2472 2473
f 2472 2474 2473
f 2473 2474 2475
f 2474 2476 2475
f 2475 2476 2477
f 2476 2478 2477
f 2477 2478 2479
f 2478 2480 2479
f 2479 2480 2481
f 2480 2482 2481
f 2481 2482 2483
f 2482 2484 2483
f 2483 2484 2485
f 2484 2486 2485
f 2485 2486 2487
f 2486 2488 2487
f 2487 2488 2489
f 2488 2490 2489
f 2489 2490 2491
f 2490 2492 2491
f 2491 2492 2493
f 2492 2494 2493
f 2493 2494 2495
f 2494 2496 2495
f 2495 2496 2497
f 2496 2498 2497
f 2497 2498 2499
f 2498 2500 2499
f 2499 2500 2501
f 2500 2502 2501
f 2501 2502 2503
f 2502 2504 2503
f 2503 2504 2505
f 2504 2506 2505
f 2505 2506 2507
f 2506 2508 2507
f 2507 2508 2509
f 2508 2510 2509
f 2509 2510 2511
f 2510 2512 2511
f 2511 2512 2513
f 2512 2514 2513
f 2513 2514 2515
f 2514 2516 2515
f 2515 2516 2517
f 2516 2518 2517
f 2517 2518 2519
f 2518 2520 2519
f 2519 2520 2457
f 2520 2521 2457
f 2457 2521 2458
f 2521 2522 2458
f 2458 2522 2459
f 2522 3 2459
f 2460 661 2462
f 661 663 2462
f 2462 663 2464
f 663 665 2464
f 2464 665 2466
f 665 667 2466
f 2466 667 2468
f 667 669 2468
f 2468 669 2470
f 669 671 2470
f 2470 671 2472
f 671 673 2472
f 2472 673 2474
f 673 675 2474
f 2474 675 2476
f 675 677 2476
f 2476 677 2478
f 677 679 2478
f 2478 679 2480
f 679 681 2480
f 2480 681 2482
f 681 683 2482
f 2482 683 2484
f 683 685 2484
f 2484 685 2486
f 685 687 2486
f 2486 687 2488
f 687 689 2488
f 2488 689 2490
f 689 691 2490
f 2490 691 2492
f 691 693 2492
f 2492 693 2494
f 693 695 2494
f 2494 695 2496
f 695 697 2496
f 2496 697 2498
f 697 699 2498
f 2498 699 2500
f 699 701 2500
f 2500 701 2502
f 701 703 2502
f 2502 703 2504
f 703 705 2504
f 2504 705 2506
f 705 707 2506
f 2506 707 2508
f 707 709 2508
f 2508 709 2510
f 709 711 2510
f 2510 711 2512
f 711 713 2512
f 2512 713 2514
f 713 715 2514
f 2514 715 2516
f 715 717 2516
f 2516 717 2518
f 717 719 2518
f 2518 719 2520
f 719 721 2520
f 2520 721 2521
f 721 723 2521
f 2521 723 2522
f 723 3 2522
f 3 1198 1267
f 1198 1200 1267
f 1267 1200 1269
f 1200 1202 1269
f 1269 1202 1271
f 1202 1204 1271
f 1271 1204 1273
f 1204 1206 1273
f 1273 1206 1275
f 1206 1208 1275
f 1275 1208 1277
f 1208 1210 1277
f 1277 1210 1279
f 1210 1212 1279
f 1279 1212 1281
f 1212 1214 1281
f 1281 1214 1283
f 1214 1216 1283
f 1283 1216 1285
f 1216 1218 1285
f 1285 1218 1287
f 1218 1220 1287
f 1287 1220 1289
f 1220 1222 1289
f 1289 1222 1291
f 1222 1224 1291
f 1291 1224 1293
f 1224 1226 1293
f 1293 1226 1295
f 1226 1228 1295
f 1295 1228 1297
f 1228 1230 1297
f 1297 1230 1299
f 1230 1232 1299
f 1299 1232 1301
f 1232 1234 1301
f 1301 1234 1303
f 1234 1236 1303
f 1303 1236 1305
f 1236 1238 1305
f 1305 1238 1307
f 1238 1240 1307
f 1307 1240 1309
f 1240 1242 1309
f 1309 1242 1311
f 1242 1244 1311
f 1311 1244 1313
f 1244 1246 1313
f 1313 1246 1315
f 1246 1248 1315
f 1315 1248 1317
f 1248 1250 1317
f 1317 1250 1319
f 1250 1252 1319
f 1319 1252 1321
f 1252 1254 1321
f 1321 1254 1323
f 1254 1256 1323
f 1323 1256 1325
f 1256 1258 1325
f 1325 1258 1327
f 1258 1260 1327
f 1327 1260 1329
f 1260 1262 1329
f 1329 1262 1331
f 1262 1264 1331
f 1331 1264 1333
f 1264 1266 1333
f 1333 1266 1335
f 1266 7 1335
f 1197 657 1199
f 657 621 1199
f 1199 621 1201
f 621 586 1201
f 1201 586 1203
f 586 552 1203
f 1203 552 1205
f 552 519 1205
f 1205 519 1207
f 519 487 1207
f 1207 487 1209
f 487 456 1209
f 1209 456 1211
f 456 426 1211
f 1211 426 1213
f 426 397 1213
f 1213 397 1215
f 397 369 1215
f 1215 369 1217
f 369 342 1217
f 1217 342 1219
f 342 316 1219
f 1219 316 1221
f 316 291 1221
f 1221 291 1223
f 291 267 1223
f 1223 267 1225
f 267 244 1225
f 1225 244 1227
f 244 222 1227
f 1227 222 1229
f 222 201 1229
f 1229 201 1231
f 201 181 1231
f 1231 181 1233
f 181 162 1233
f 1233 162 1235
f 162 144 1235
f 1235 144 1237
f 144 127 1237
f 1237 127 1239
f 127 111 1239
f 1239 111 1241
f 111 96 1241
f 1241 96 1243
f 96 82 1243
f 1243 82 1245
f 82 69 1245
f 1245 69 1247
f 69 57 1247
f 1247 57 1249
f 57 46 1249
f 1249 46 1251
f 46 35 1251
f 1251 35 1253
f 35 28 1253
f 1253 28 1255
f 28 22 1255
f 1255 22 1257
f 22 17 1257
f 1257 17 1259
f 17 13 1259
f 1259 13 1261
f 13 4 1261
f 1261 4 1263
f 4 6 1263
f 1263 6 1265
f 6 7 1265
f 658 622 1130
f 622 625 1130
f 1130 625 1132
f 625 626 1132
f 1132 626 1134
f 626 627 1134
f 1134 627 1136
f 627 628 1136
f 1136 628 1138
f 628 629 1138
f 1138 629 1140
f 629 630 1140
f 1140 630 1142
f 630 631 1142
f 1142 631 1144
f 631 632 1144
f 1144 632 1146
f 632 633 1146
f 1146 633 1148
f 633 634 1148
f 1148 634 1150
f 634 635 1150
f 1150 635 1152
f 635 636 1152
f 1152 636 1154
f 636 637 1154
f 1154 637 1156
f 637 638 1156
f 1156 638 1158
f 638 639 1158
f 1158 639 1160
f 639 640 1160
f 1160 640 1162
f 640 641 1162
f 1162 641 1164
f 641 642 1164
f 1164 642 1166
f 642 643 1166
f 1166 643 1168
f 643 644 1168
f 1168 644 1170
f 644 645 1170
f 1170 645 1172
f 645 646 1172
f 1172 646 1174
f 646 647 1174
f 1174 647 1176
f 647 648 1176
f 1176 648 1178
f 648 649 1178
f 1178 649 1180
f 649 650 1180
f 1180 650 1182
f 650 651 1182
f 1182 651 1184
f 651 652 1184
f 1184 652 1186
f 652 653 1186
f 1186 653 1188
f 653 654 1188
f 1188 654 1190
f 654 655 1190
f 1190 655 1192
f 655 656 1192
f 1192 656 1194
f 656 657 1194
f 1194 657 1196
f 657 1197 1196
f 1196 1197 3
f 722 3 723
f 662 37 664
f 37 39 664
f 664 39 666
f 39 49 666
f 666 49 668
f 49 60 668
f 668 60 670
f 60 72 670
f 670 72 672
f 72 85 672
f 672 85 674
f 85 99 674
f 674 99 676
f 99 114 676
f 676 114 678
f 114 130 678
f 678 130 680
f 130 147 680
f 680 147 682
f 147 165 682
f 682 165 684
f 165 184 684
f 684 184 686
f 184 204 686
f 686 204 688
f 204 225 688
f 688 225 690
f 225 247 690
f 690 247 692
f 247 270 692
f 692 270 694
f 270 294 694
f 694 294 696
f 294 319 696
f 696 319 698
f 319 345 698
f 698 345 700
f 345 372 700
f 700 372 702
f 372 400 702
f 702 400 704
f 400 429 704
f 704 429 706
f 429 459 706
f 706 459 708
f 459 490 708
f 708 490 710
f 490 522 710
f 710 522 712
f 522 555 712
f 712 555 714
f 555 589 714
f 714 589 716
f 589 624 716
f 716 624 718
f 624 660 718
f 718 660 720
f 660 1 720
f 720 1 722
f 1 3 722
f 9 7 658
f 11 10 2460
f 10 1131 2460
f 2460 1131 661
f 1131 1133 661
f 661 1133 662
f 1133 1135 662
f 662 1135 37
f 1135 1137 37
f 37 1137 38
f 1137 1139 38
f 38 1139 1102
f 1139 1141 1102
f 1102 1141 1103
f 1141 1143 1103
f 1103 1143 1104
f 1143 1145 1104
f 1104 1145 1105
f 1145 1147 1105
f 1105 1147 1106
f 1147 1149 1106
f 1106 1149 1107
f 1149 1151 1107
f 1107 1151 1108
f 1151 1153 1108
f 1108 1153 1109
f 1153 1155 1109
f 1109 1155 1110
f 1155 1157 1110
f 1110 1157 1111
f 1157 1159 1111
f 1111 1159 1112
f 1159 1161 1112
f 1112 1161 1113
f 1161 1163 1113
f 1113 1163 1114
f 1163 1165 1114
f 1114 1165 1115
f 1165 1167 1115
f 1115 1167 1116
f 1167 1169 1116
f 1116 1169 1117
f 1169 1171 1117
f 1117 1171 1118
f 1171 1173 1118
f 1118 1173 1119
f 1173 1175 1119
f 1119 1175 1120
f 1175 1177 1120
f 1120 1177 1121
f 1177 1179 1121
f 1121 1179 1122
f 1179 1181 1122
f 1122 1181 1123
f 1181 1183 1123
f 1123 1183 1124
f 1183 1185 1124
f 1124 1185 1125
f 1185 1187 1125
f 1125 1187 1126
f 1187 1189 1126
f 1126 1189 1127
f 1189 1191 1127
f 1127 1191 1128
f 1191 1193 1128
f 1128 1193 1129
f 1193 1195 1129
f 1129 1195 3
f 2457 2453 2519
f 2453 2452 2519
f 2519 2452 2517
f 2452 2451 2517
f 2517 2451 2515
f 2451 2450 2515
f 2515 2450 2513
f 2450 2449 2513
f 2513 2449 2511
f 2449 2448 2511
f 2511 2448 2509
f 2448 2447 2509
f 2509 2447 2507
f 2447 2446 2507
f 2507 2446 2505
f 2446 2445 2505
f 2505 2445 2503
f 2445 2444 2503
f 2503 2444 2501
f 2444 2443 2501
f 2501 2443 2499
f 2443 2442 2499
f 2499 2442 2497
f 2442 2441 2497
f 2497 2441 2495
f 2441 2440 2495
f 2495 2440 2493
f 2440 2439 2493
f 2493 2439 2491
f 2439 2438 2491
f 2491 2438 2489
f 2438 2437 2489
f 2489 2437 2487
f 2437 2436 2487
f 2487 2436 2485
f 2436 2435 2485
f 2485 2435 2483
f 2435 2434 2483
f 2483 2434 2481
f 2434 2433 2481
f 2481 2433 2479
f 2433 2432 2479
f 2479 2432 2477
f 2432 2431 2477
f 2477 2431 2475
f 2431 2430 2475
f 2475 2430 2473
f 2430 2429 2473
f 2473 2429 2471
f 2429 2428 2471
f 2471 2428 2469
f 2428 2427 2469
f 2469 2427 2467
f 2427 2426 2467
f 2467 2426 2465
f 2426 2425 2465
f 2465 2425 2463
f 2425 2424 2463
f 2463 2424 2461
f 2424 2423 2461
f 2461 2423 11
f 2423 2422 11
f 11 2422 9
f 2422 7 9
# 5040 faces, 0 coords texture

# End of File
