####
#
# OBJ File Generated by Meshlab
#
####
# Object part_1.obj
#
# Vertices: 1957
# Faces: 3926
#
####
v 0.006337 -0.014150 -0.001444
v 0.006230 -0.014150 -0.001854
v 0.003094 -0.014150 -0.005716
v -0.001091 -0.014150 0.006408
v -0.000671 -0.014150 0.006465
v 0.000000 -0.014150 0.002500
v 0.000603 -0.014150 0.007956
v 0.001028 -0.014150 0.006418
v 0.007988 -0.014150 -0.000593
v 0.007956 -0.014150 -0.000603
v 0.008239 -0.014150 -0.000128
v -0.005199 -0.014150 0.006052
v -0.003811 -0.014150 0.005266
v -0.005046 -0.014150 0.004097
v -0.000218 -0.014150 0.002490
v -0.003094 -0.014150 0.005716
v -0.000434 -0.014150 0.002462
v -0.000647 -0.014150 0.002415
v 0.002487 -0.014150 -0.007581
v 0.001506 -0.014150 -0.006323
v 0.004097 -0.014150 0.005046
v 0.006102 -0.014150 0.005360
v 0.006098 -0.014150 0.005326
v 0.005558 -0.014150 0.005768
v 0.005503 -0.014150 0.003460
v 0.005716 -0.014150 0.003094
v -0.000075 -0.014150 0.008122
v -0.000051 -0.014150 0.008145
v 0.000095 -0.014150 0.008230
v 0.000128 -0.014150 0.008239
v 0.002509 -0.014150 -0.007607
v -0.002048 -0.014150 -0.001434
v -0.001915 -0.014150 -0.001607
v -0.004097 -0.014150 -0.005046
v -0.006323 -0.014150 -0.001506
v -0.005716 -0.014150 -0.003094
v -0.007581 -0.014150 -0.002487
v -0.007308 -0.014150 -0.003202
v 0.006080 -0.014150 0.005261
v 0.006068 -0.014150 0.005229
v 0.005527 -0.014150 0.005755
v 0.006052 -0.014150 0.005199
v 0.005266 -0.014150 0.003811
v 0.003811 -0.014150 -0.005266
v 0.003460 -0.014150 -0.005503
v 0.005046 -0.014150 -0.004097
v 0.005302 -0.014150 -0.003760
v -0.006418 -0.014150 0.001028
v -0.006337 -0.014150 0.001444
v -0.006465 -0.014150 -0.000671
v -0.006230 -0.014150 0.001854
v -0.000855 -0.014150 0.002349
v -0.001057 -0.014150 0.002266
v -0.001250 -0.014150 0.002165
v -0.001506 -0.014150 0.006323
v -0.003202 -0.014150 0.007308
v 0.001444 -0.014150 0.006337
v 0.001854 -0.014150 0.006230
v 0.003406 -0.014150 0.005536
v -0.001854 -0.014150 -0.006230
v -0.003406 -0.014150 -0.005536
v 0.001434 -0.014150 -0.002048
v -0.001607 -0.014150 0.001915
v -0.001434 -0.014150 0.002048
v -0.001768 -0.014150 0.001768
v -0.001915 -0.014150 0.001607
v -0.006408 -0.014150 -0.001091
v 0.005536 -0.014150 -0.003406
v 0.007119 -0.014150 -0.003602
v -0.007456 -0.014150 0.002927
v -0.007479 -0.014150 0.002952
v -0.007119 -0.014150 0.003602
v -0.005755 -0.014150 0.005527
v -0.005768 -0.014150 0.005558
v -0.005779 -0.014150 0.005590
v -0.005787 -0.014150 0.005791
v -0.005778 -0.014150 0.005824
v -0.005394 -0.014150 0.006104
v -0.005360 -0.014150 0.006102
v -0.005695 -0.014150 0.005970
v 0.000063 -0.014150 0.008218
v 0.002927 -0.014150 0.007456
v 0.002952 -0.014150 0.007479
v 0.003602 -0.014150 0.007119
v 0.002266 -0.014150 -0.001057
v 0.002165 -0.014150 -0.001250
v 0.001091 -0.014150 -0.006408
v 0.000671 -0.014150 -0.006465
v -0.000161 -0.014150 -0.008245
v -0.000195 -0.014150 -0.008248
v -0.000525 -0.014150 -0.008105
v -0.000564 -0.014150 -0.008049
v -0.000580 -0.014150 -0.008019
v -0.000128 -0.014150 -0.008239
v 0.001607 -0.014150 -0.001915
v 0.001768 -0.014150 -0.001768
v -0.001028 -0.014150 -0.006418
v 0.001915 -0.014150 -0.001607
v 0.002048 -0.014150 -0.001434
v 0.005791 -0.014150 0.005787
v 0.005824 -0.014150 0.005778
v 0.006091 -0.014150 0.005293
v 0.007631 -0.014150 0.002533
v 0.007607 -0.014150 0.002509
v 0.007308 -0.014150 0.003202
v 0.007581 -0.014150 0.002487
v 0.006323 -0.014150 0.001506
v 0.006408 -0.014150 0.001091
v 0.006465 -0.014150 0.000671
v -0.008167 -0.014150 -0.000025
v -0.008187 -0.014150 0.000003
v -0.007956 -0.014150 0.000603
v -0.008204 -0.014150 0.000033
v -0.008218 -0.014150 0.000063
v -0.008230 -0.014150 0.000095
v -0.008239 -0.014150 0.000128
v -0.008245 -0.014150 0.000161
v -0.008248 -0.014150 0.000195
v -0.008209 -0.014150 0.000393
v -0.008193 -0.014150 0.000422
v -0.008174 -0.014150 0.000451
v -0.008153 -0.014150 0.000478
v -0.005302 -0.014150 0.003760
v -0.005536 -0.014150 0.003406
v -0.007431 -0.014150 0.002904
v -0.005788 -0.014150 0.005623
v -0.005793 -0.014150 0.005656
v -0.005796 -0.014150 0.005690
v -0.003460 -0.014150 0.005503
v -0.002559 -0.014150 0.007652
v -0.002533 -0.014150 0.007631
v -0.000161 -0.014150 0.007977
v -0.000149 -0.014150 0.008009
v -0.000134 -0.014150 0.008039
v -0.000025 -0.014150 0.008167
v 0.000003 -0.014150 0.008187
v 0.000033 -0.014150 0.008204
v 0.002904 -0.014150 0.007431
v 0.002880 -0.014150 -0.007727
v 0.002847 -0.014150 -0.007733
v 0.002813 -0.014150 -0.007735
v 0.002779 -0.014150 -0.007734
v 0.000149 -0.014150 -0.008009
v 0.000134 -0.014150 -0.008039
v -0.000603 -0.014150 -0.007956
v -0.000003 -0.014150 -0.008187
v -0.000033 -0.014150 -0.008204
v -0.000063 -0.014150 -0.008218
v -0.000095 -0.014150 -0.008230
v -0.000593 -0.014150 -0.007988
v -0.001444 -0.014150 -0.006337
v -0.003103 -0.014150 -0.007555
v -0.003136 -0.014150 -0.007562
v -0.003602 -0.014150 -0.007119
v -0.002415 -0.014150 0.000647
v -0.002462 -0.014150 0.000434
v -0.002490 -0.014150 0.000218
v -0.002500 -0.014150 -0.000000
v -0.002490 -0.014150 -0.000218
v -0.002048 -0.014150 0.001434
v -0.005503 -0.014150 -0.003460
v -0.002165 -0.014150 0.001250
v -0.002266 -0.014150 0.001057
v -0.007652 -0.014150 -0.002559
v -0.007631 -0.014150 -0.002533
v -0.007607 -0.014150 -0.002509
v 0.002976 -0.014150 -0.007695
v 0.002945 -0.014150 -0.007709
v 0.003202 -0.014150 -0.007308
v 0.008009 -0.014150 0.000149
v 0.008039 -0.014150 0.000134
v 0.008122 -0.014150 0.000075
v 0.008145 -0.014150 0.000051
v 0.008204 -0.014150 -0.000033
v 0.008218 -0.014150 -0.000063
v 0.008230 -0.014150 -0.000095
v 0.007431 -0.014150 -0.002904
v 0.007456 -0.014150 -0.002927
v 0.007479 -0.014150 -0.002952
v 0.007532 -0.014150 -0.003039
v 0.007545 -0.014150 -0.003070
v 0.007458 -0.014150 -0.003481
v 0.005199 -0.014150 -0.006052
v 0.005755 -0.014150 -0.005527
v 0.005768 -0.014150 -0.005558
v -0.008009 -0.014150 -0.000149
v -0.008039 -0.014150 -0.000134
v -0.008068 -0.014150 -0.000117
v -0.008096 -0.014150 -0.000097
v -0.007532 -0.014150 0.003039
v -0.007545 -0.014150 0.003070
v -0.005796 -0.014150 0.005724
v -0.005793 -0.014150 0.005758
v -0.005326 -0.014150 0.006098
v -0.005293 -0.014150 0.006091
v -0.005261 -0.014150 0.006080
v -0.003109 -0.014150 0.007592
v -0.003086 -0.014150 0.007617
v -0.003062 -0.014150 0.007640
v -0.003035 -0.014150 0.007661
v -0.002509 -0.014150 0.007607
v -0.002487 -0.014150 0.007581
v -0.000117 -0.014150 0.008068
v -0.000097 -0.014150 0.008096
v 0.000195 -0.014150 0.008248
v 0.000451 -0.014150 0.008174
v 0.000478 -0.014150 0.008153
v 0.000564 -0.014150 0.008049
v 0.000546 -0.014150 0.008078
v 0.000525 -0.014150 0.008105
v 0.000580 -0.014150 0.008019
v 0.000593 -0.014150 0.007988
v 0.002980 -0.014150 0.007499
v 0.003009 -0.014150 0.007517
v 0.003039 -0.014150 0.007532
v 0.002745 -0.014150 -0.007731
v 0.002712 -0.014150 -0.007724
v 0.002679 -0.014150 -0.007715
v 0.000647 -0.014150 0.002415
v 0.000855 -0.014150 0.002349
v 0.001057 -0.014150 0.002266
v 0.000434 -0.014150 0.002462
v 0.000218 -0.014150 0.002490
v 0.000161 -0.014150 -0.007977
v -0.000546 -0.014150 -0.008078
v -0.002904 -0.014150 -0.007431
v -0.002927 -0.014150 -0.007456
v -0.003169 -0.014150 -0.007567
v -0.003203 -0.014150 -0.007568
v -0.003237 -0.014150 -0.007567
v -0.003337 -0.014150 -0.007546
v -0.003368 -0.014150 -0.007533
v -0.003561 -0.014150 -0.007350
v 0.000855 -0.014150 -0.002349
v 0.000647 -0.014150 -0.002415
v 0.000434 -0.014150 -0.002462
v 0.001057 -0.014150 -0.002266
v 0.001250 -0.014150 -0.002165
v -0.007734 -0.014150 -0.002779
v -0.007731 -0.014150 -0.002745
v -0.007724 -0.014150 -0.002712
v -0.007715 -0.014150 -0.002679
v -0.007704 -0.014150 -0.002647
v -0.007689 -0.014150 -0.002616
v -0.007672 -0.014150 -0.002587
v 0.005856 -0.014150 0.005766
v 0.005887 -0.014150 0.005752
v 0.005916 -0.014150 0.005735
v 0.006099 -0.014150 0.005461
v 0.006103 -0.014150 0.005428
v 0.006104 -0.014150 0.005394
v 0.002913 -0.014150 -0.007719
v 0.007689 -0.014150 0.002616
v 0.007704 -0.014150 0.002647
v 0.007715 -0.014150 0.002679
v 0.006418 -0.014150 -0.001028
v 0.007977 -0.014150 0.000161
v 0.007499 -0.014150 -0.002980
v 0.007517 -0.014150 -0.003009
v 0.007153 -0.014150 -0.003605
v 0.005779 -0.014150 -0.005590
v 0.005788 -0.014150 -0.005623
v 0.005793 -0.014150 -0.005656
v -0.007977 -0.014150 -0.000161
v -0.008122 -0.014150 -0.000075
v -0.008145 -0.014150 -0.000051
v -0.008049 -0.014150 0.000564
v -0.008019 -0.014150 0.000580
v -0.008078 -0.014150 0.000546
v -0.008105 -0.014150 0.000525
v -0.008130 -0.014150 0.000502
v -0.007988 -0.014150 0.000593
v -0.007499 -0.014150 0.002980
v -0.007517 -0.014150 0.003009
v -0.007555 -0.014150 0.003103
v -0.007562 -0.014150 0.003136
v -0.007567 -0.014150 0.003169
v -0.007533 -0.014150 0.003368
v -0.007518 -0.014150 0.003399
v -0.007458 -0.014150 0.003481
v -0.007434 -0.014150 0.003504
v -0.007407 -0.014150 0.003526
v -0.007379 -0.014150 0.003545
v -0.007350 -0.014150 0.003561
v -0.007319 -0.014150 0.003575
v -0.005766 -0.014150 0.005856
v -0.005752 -0.014150 0.005887
v -0.005735 -0.014150 0.005916
v -0.005716 -0.014150 0.005944
v -0.005229 -0.014150 0.006068
v -0.003200 -0.014150 0.007376
v -0.003196 -0.014150 0.007409
v -0.003202 -0.014150 0.007342
v -0.003188 -0.014150 0.007442
v -0.003177 -0.014150 0.007475
v -0.003164 -0.014150 0.007506
v -0.003006 -0.014150 0.007679
v -0.002976 -0.014150 0.007695
v -0.002945 -0.014150 0.007709
v 0.000161 -0.014150 0.008245
v 0.000502 -0.014150 0.008130
v 0.003070 -0.014150 0.007545
v 0.003103 -0.014150 0.007555
v 0.003605 -0.014150 0.007153
v 0.003136 -0.014150 0.007562
v 0.003271 -0.014150 0.007563
v 0.003304 -0.014150 0.007556
v 0.003575 -0.014150 0.007319
v 0.002647 -0.014150 -0.007704
v 0.002616 -0.014150 -0.007689
v 0.002587 -0.014150 -0.007672
v 0.002559 -0.014150 -0.007652
v 0.002533 -0.014150 -0.007631
v 0.002349 -0.014150 -0.000855
v 0.002415 -0.014150 -0.000647
v 0.002462 -0.014150 -0.000434
v 0.002490 -0.014150 -0.000218
v 0.000075 -0.014150 -0.008122
v 0.000051 -0.014150 -0.008145
v 0.000025 -0.014150 -0.008167
v -0.000263 -0.014150 -0.008247
v -0.000451 -0.014150 -0.008174
v -0.000478 -0.014150 -0.008153
v -0.002952 -0.014150 -0.007479
v -0.002980 -0.014150 -0.007499
v -0.003009 -0.014150 -0.007517
v -0.003039 -0.014150 -0.007532
v -0.003070 -0.014150 -0.007545
v -0.003304 -0.014150 -0.007556
v -0.003575 -0.014150 -0.007319
v -0.003587 -0.014150 -0.007287
v -0.002462 -0.014150 -0.000434
v -0.002415 -0.014150 -0.000647
v -0.002349 -0.014150 -0.000855
v -0.002266 -0.014150 -0.001057
v -0.002165 -0.014150 -0.001250
v -0.001057 -0.014150 -0.002266
v -0.000855 -0.014150 -0.002349
v -0.002349 -0.014150 0.000855
v -0.005266 -0.014150 -0.003811
v -0.006052 -0.014150 -0.005199
v -0.005527 -0.014150 -0.005755
v -0.006068 -0.014150 -0.005229
v -0.005558 -0.014150 -0.005768
v -0.005590 -0.014150 -0.005779
v -0.007342 -0.014150 -0.003202
v -0.007376 -0.014150 -0.003200
v -0.007592 -0.014150 -0.003109
v -0.007727 -0.014150 -0.002880
v -0.007733 -0.014150 -0.002847
v -0.007735 -0.014150 -0.002813
v 0.005758 -0.014150 0.005793
v 0.005590 -0.014150 0.005779
v 0.005623 -0.014150 0.005788
v 0.005995 -0.014150 0.005671
v 0.006017 -0.014150 0.005645
v 0.007734 -0.014150 0.002779
v 0.007735 -0.014150 0.002813
v 0.007733 -0.014150 0.002847
v 0.007731 -0.014150 0.002745
v 0.007724 -0.014150 0.002712
v 0.007672 -0.014150 0.002587
v 0.007652 -0.014150 0.002559
v 0.008068 -0.014150 0.000117
v 0.008096 -0.014150 0.000097
v 0.008167 -0.014150 0.000025
v 0.008187 -0.014150 -0.000003
v 0.005796 -0.014150 -0.005690
v 0.005796 -0.014150 -0.005724
v 0.005793 -0.014150 -0.005758
v 0.005394 -0.014150 -0.006104
v 0.005360 -0.014150 -0.006102
v 0.005778 -0.014150 -0.005824
v 0.005787 -0.014150 -0.005791
v 0.005229 -0.014150 -0.006068
v 0.005261 -0.014150 -0.006080
v -0.008249 -0.014150 0.000229
v -0.008247 -0.014150 0.000263
v -0.008241 -0.014150 0.000296
v -0.007568 -0.014150 0.003203
v -0.007567 -0.014150 0.003237
v -0.007563 -0.014150 0.003271
v -0.007556 -0.014150 0.003304
v -0.007546 -0.014150 0.003337
v -0.007501 -0.014150 0.003428
v -0.007481 -0.014150 0.003455
v -0.007221 -0.014150 0.003601
v -0.007153 -0.014150 0.003605
v -0.007187 -0.014150 0.003605
v -0.005671 -0.014150 0.005995
v -0.005645 -0.014150 0.006017
v -0.005559 -0.014150 0.006070
v -0.005618 -0.014150 0.006037
v -0.005589 -0.014150 0.006055
v -0.005494 -0.014150 0.006092
v -0.005461 -0.014150 0.006099
v -0.005428 -0.014150 0.006103
v -0.003148 -0.014150 0.007536
v -0.003130 -0.014150 0.007565
v -0.002913 -0.014150 0.007719
v -0.002880 -0.014150 0.007727
v -0.002847 -0.014150 0.007733
v -0.002813 -0.014150 0.007735
v -0.002779 -0.014150 0.007734
v -0.002745 -0.014150 0.007731
v -0.002712 -0.014150 0.007724
v -0.002679 -0.014150 0.007715
v -0.002647 -0.014150 0.007704
v 0.000229 -0.014150 0.008249
v 0.000263 -0.014150 0.008247
v 0.000422 -0.014150 0.008193
v 0.000393 -0.014150 0.008209
v 0.003587 -0.014150 0.007287
v 0.003596 -0.014150 0.007254
v 0.003203 -0.014150 0.007568
v 0.003601 -0.014150 0.007221
v 0.002500 -0.014150 0.000000
v 0.002490 -0.014150 0.000218
v 0.002462 -0.014150 0.000434
v 0.002415 -0.014150 0.000647
v 0.002349 -0.014150 0.000855
v 0.002266 -0.014150 0.001057
v 0.002165 -0.014150 0.001250
v 0.002048 -0.014150 0.001434
v 0.001915 -0.014150 0.001607
v 0.000117 -0.014150 -0.008068
v 0.000097 -0.014150 -0.008096
v -0.000229 -0.014150 -0.008249
v -0.000502 -0.014150 -0.008130
v -0.003271 -0.014150 -0.007563
v -0.003605 -0.014150 -0.007153
v -0.003605 -0.014150 -0.007187
v -0.000647 -0.014150 -0.002415
v -0.000434 -0.014150 -0.002462
v -0.000218 -0.014150 -0.002490
v -0.005623 -0.014150 -0.005788
v -0.005656 -0.014150 -0.005793
v -0.005690 -0.014150 -0.005796
v 0.005656 -0.014150 0.005793
v 0.005690 -0.014150 0.005796
v 0.005724 -0.014150 0.005796
v 0.005944 -0.014150 0.005716
v 0.005970 -0.014150 0.005695
v 0.006037 -0.014150 0.005618
v 0.006055 -0.014150 0.005589
v 0.006070 -0.014150 0.005559
v 0.006082 -0.014150 0.005527
v 0.006092 -0.014150 0.005494
v 0.003202 -0.014150 -0.007342
v 0.003164 -0.014150 -0.007506
v 0.003148 -0.014150 -0.007536
v 0.003130 -0.014150 -0.007565
v 0.003109 -0.014150 -0.007592
v 0.003086 -0.014150 -0.007617
v 0.003062 -0.014150 -0.007640
v 0.003035 -0.014150 -0.007661
v 0.003006 -0.014150 -0.007679
v 0.007342 -0.014150 0.003202
v 0.007565 -0.014150 0.003130
v 0.007592 -0.014150 0.003109
v 0.008209 -0.014150 -0.000393
v 0.008193 -0.014150 -0.000422
v 0.008247 -0.014150 -0.000263
v 0.008174 -0.014150 -0.000451
v 0.008249 -0.014150 -0.000229
v 0.008248 -0.014150 -0.000195
v 0.008153 -0.014150 -0.000478
v 0.008130 -0.014150 -0.000502
v 0.008105 -0.014150 -0.000525
v 0.008078 -0.014150 -0.000546
v 0.008049 -0.014150 -0.000564
v 0.008245 -0.014150 -0.000161
v 0.008019 -0.014150 -0.000580
v 0.007555 -0.014150 -0.003103
v 0.007562 -0.014150 -0.003136
v 0.007567 -0.014150 -0.003169
v 0.007407 -0.014150 -0.003526
v 0.007379 -0.014150 -0.003545
v 0.007350 -0.014150 -0.003561
v 0.007319 -0.014150 -0.003575
v 0.007287 -0.014150 -0.003587
v 0.007254 -0.014150 -0.003596
v 0.007221 -0.014150 -0.003601
v 0.007187 -0.014150 -0.003605
v -0.008233 -0.014150 0.000329
v -0.008222 -0.014150 0.000361
v -0.007287 -0.014150 0.003587
v -0.007254 -0.014150 0.003596
v -0.005527 -0.014150 0.006082
v -0.002616 -0.014150 0.007689
v -0.002587 -0.014150 0.007672
v 0.000361 -0.014150 0.008222
v 0.000296 -0.014150 0.008241
v 0.000329 -0.014150 0.008233
v 0.003237 -0.014150 0.007567
v 0.003337 -0.014150 0.007546
v 0.003368 -0.014150 0.007533
v 0.003481 -0.014150 0.007458
v 0.003169 -0.014150 0.007567
v 0.003605 -0.014150 0.007187
v 0.001768 -0.014150 0.001768
v 0.001607 -0.014150 0.001915
v 0.003760 -0.014150 0.005302
v 0.001434 -0.014150 0.002048
v 0.001250 -0.014150 0.002165
v -0.000329 -0.014150 -0.008233
v -0.000361 -0.014150 -0.008222
v -0.000296 -0.014150 -0.008241
v -0.000393 -0.014150 -0.008209
v -0.000422 -0.014150 -0.008193
v -0.003399 -0.014150 -0.007518
v -0.003428 -0.014150 -0.007501
v -0.003455 -0.014150 -0.007481
v -0.003481 -0.014150 -0.007458
v -0.003504 -0.014150 -0.007434
v -0.003526 -0.014150 -0.007407
v -0.003545 -0.014150 -0.007379
v -0.003596 -0.014150 -0.007254
v -0.003601 -0.014150 -0.007221
v -0.001768 -0.014150 -0.001768
v -0.001607 -0.014150 -0.001915
v -0.003760 -0.014150 -0.005302
v -0.001434 -0.014150 -0.002048
v -0.001250 -0.014150 -0.002165
v 0.000000 -0.014150 -0.002500
v 0.000218 -0.014150 -0.002490
v -0.005724 -0.014150 -0.005796
v -0.005758 -0.014150 -0.005793
v -0.005791 -0.014150 -0.005787
v -0.005887 -0.014150 -0.005752
v -0.005916 -0.014150 -0.005735
v -0.005944 -0.014150 -0.005716
v -0.005970 -0.014150 -0.005695
v -0.006103 -0.014150 -0.005428
v -0.006104 -0.014150 -0.005394
v -0.006102 -0.014150 -0.005360
v -0.006098 -0.014150 -0.005326
v -0.006091 -0.014150 -0.005293
v -0.006080 -0.014150 -0.005261
v -0.007617 -0.014150 -0.003086
v -0.007640 -0.014150 -0.003062
v 0.003200 -0.014150 -0.007376
v 0.003196 -0.014150 -0.007409
v 0.003177 -0.014150 -0.007475
v 0.003188 -0.014150 -0.007442
v 0.007617 -0.014150 0.003086
v 0.007640 -0.014150 0.003062
v 0.007661 -0.014150 0.003035
v 0.007679 -0.014150 0.003006
v 0.007695 -0.014150 0.002976
v 0.007709 -0.014150 0.002945
v 0.008222 -0.014150 -0.000361
v 0.008241 -0.014150 -0.000296
v 0.008233 -0.014150 -0.000329
v 0.007568 -0.014150 -0.003203
v 0.007567 -0.014150 -0.003237
v 0.007563 -0.014150 -0.003271
v 0.007556 -0.014150 -0.003304
v 0.007546 -0.014150 -0.003337
v 0.007533 -0.014150 -0.003368
v 0.007434 -0.014150 -0.003504
v 0.005766 -0.014150 -0.005856
v 0.005752 -0.014150 -0.005887
v 0.005461 -0.014150 -0.006099
v 0.005735 -0.014150 -0.005916
v 0.005716 -0.014150 -0.005944
v 0.005428 -0.014150 -0.006103
v 0.005326 -0.014150 -0.006098
v 0.005293 -0.014150 -0.006091
v 0.003504 -0.014150 0.007434
v 0.003526 -0.014150 0.007407
v -0.005824 -0.014150 -0.005778
v -0.005856 -0.014150 -0.005766
v -0.007409 -0.014150 -0.003196
v -0.007442 -0.014150 -0.003188
v -0.007475 -0.014150 -0.003177
v -0.007661 -0.014150 -0.003035
v -0.007679 -0.014150 -0.003006
v -0.007695 -0.014150 -0.002976
v 0.007376 -0.014150 0.003200
v 0.007409 -0.014150 0.003196
v 0.007442 -0.014150 0.003188
v 0.007475 -0.014150 0.003177
v 0.007506 -0.014150 0.003164
v 0.007536 -0.014150 0.003148
v 0.007719 -0.014150 0.002913
v 0.007727 -0.014150 0.002880
v 0.007518 -0.014150 -0.003399
v 0.007501 -0.014150 -0.003428
v 0.007481 -0.014150 -0.003455
v 0.005671 -0.014150 -0.005995
v 0.005645 -0.014150 -0.006017
v 0.005618 -0.014150 -0.006037
v 0.003399 -0.014150 0.007518
v 0.003428 -0.014150 0.007501
v 0.003455 -0.014150 0.007481
v 0.003545 -0.014150 0.007379
v 0.003561 -0.014150 0.007350
v -0.006037 -0.014150 -0.005618
v -0.006055 -0.014150 -0.005589
v -0.006070 -0.014150 -0.005559
v -0.007506 -0.014150 -0.003164
v -0.007536 -0.014150 -0.003148
v -0.007565 -0.014150 -0.003130
v -0.007709 -0.014150 -0.002945
v -0.007719 -0.014150 -0.002913
v 0.005589 -0.014150 -0.006055
v 0.005559 -0.014150 -0.006070
v 0.005527 -0.014150 -0.006082
v 0.005695 -0.014150 -0.005970
v 0.005494 -0.014150 -0.006092
v -0.005995 -0.014150 -0.005671
v -0.006092 -0.014150 -0.005494
v -0.006099 -0.014150 -0.005461
v -0.006017 -0.014150 -0.005645
v -0.006082 -0.014150 -0.005527
v 0.006408 -0.019150 0.001091
v 0.006323 -0.019150 0.001506
v 0.001506 -0.019150 -0.006323
v 0.001091 -0.019150 -0.006408
v 0.007456 -0.019150 -0.002927
v 0.007431 -0.019150 -0.002904
v 0.007119 -0.019150 -0.003602
v -0.001444 -0.019150 -0.006337
v -0.001028 -0.019150 -0.006418
v -0.003406 -0.019150 -0.005536
v 0.003460 -0.019150 -0.005503
v 0.003811 -0.019150 -0.005266
v 0.006230 -0.019150 -0.001854
v -0.007562 -0.019150 0.003136
v -0.007555 -0.019150 0.003103
v -0.007119 -0.019150 0.003602
v -0.006337 -0.019150 0.001444
v -0.006418 -0.019150 0.001028
v 0.007376 -0.019150 0.003200
v 0.007342 -0.019150 0.003202
v 0.007565 -0.019150 0.003130
v -0.007308 -0.019150 -0.003202
v -0.005716 -0.019150 -0.003094
v -0.006323 -0.019150 -0.001506
v -0.005536 -0.019150 0.003406
v -0.000161 -0.019150 -0.008245
v -0.000603 -0.019150 -0.007956
v 0.005503 -0.019150 0.003460
v 0.005266 -0.019150 0.003811
v 0.004097 -0.019150 0.005046
v 0.003760 -0.019150 0.005302
v -0.003811 -0.019150 0.005266
v 0.003406 -0.019150 0.005536
v -0.003460 -0.019150 0.005503
v 0.001854 -0.019150 0.006230
v 0.002904 -0.019150 0.007431
v 0.003602 -0.019150 0.007119
v 0.002927 -0.019150 0.007456
v -0.005787 -0.019150 0.005791
v -0.005793 -0.019150 0.005758
v -0.006230 -0.019150 0.001854
v -0.007431 -0.019150 0.002904
v -0.007456 -0.019150 0.002927
v 0.000149 -0.019150 -0.008009
v 0.000161 -0.019150 -0.007977
v 0.000671 -0.019150 -0.006465
v -0.005302 -0.019150 0.003760
v -0.005046 -0.019150 0.004097
v -0.005755 -0.019150 0.005527
v -0.005768 -0.019150 0.005558
v 0.005536 -0.019150 -0.003406
v 0.006337 -0.019150 -0.001444
v 0.006418 -0.019150 -0.001028
v 0.006465 -0.019150 0.000671
v 0.007977 -0.019150 0.000161
v 0.007956 -0.019150 -0.000603
v 0.008009 -0.019150 0.000149
v -0.007545 -0.019150 0.003070
v -0.007532 -0.019150 0.003039
v -0.007517 -0.019150 0.003009
v -0.003760 -0.019150 -0.005302
v 0.007607 -0.019150 0.002509
v 0.007581 -0.019150 0.002487
v 0.007308 -0.019150 0.003202
v 0.005716 -0.019150 0.003094
v 0.006052 -0.019150 0.005199
v 0.006068 -0.019150 0.005229
v 0.005527 -0.019150 0.005755
v 0.006080 -0.019150 0.005261
v 0.001444 -0.019150 0.006337
v -0.000671 -0.019150 0.006465
v 0.001028 -0.019150 0.006418
v -0.000161 -0.019150 0.007977
v 0.000603 -0.019150 0.007956
v -0.000149 -0.019150 0.008009
v -0.000128 -0.019150 -0.008239
v -0.000095 -0.019150 -0.008230
v -0.000063 -0.019150 -0.008218
v -0.000033 -0.019150 -0.008204
v -0.000003 -0.019150 -0.008187
v 0.000025 -0.019150 -0.008167
v 0.005046 -0.019150 -0.004097
v 0.005755 -0.019150 -0.005527
v 0.005199 -0.019150 -0.006052
v 0.005768 -0.019150 -0.005558
v 0.005302 -0.019150 -0.003760
v -0.007153 -0.019150 0.003605
v -0.007379 -0.019150 0.003545
v -0.007407 -0.019150 0.003526
v -0.007434 -0.019150 0.003504
v -0.007458 -0.019150 0.003481
v -0.007481 -0.019150 0.003455
v -0.007533 -0.019150 0.003368
v -0.007546 -0.019150 0.003337
v -0.007499 -0.019150 0.002980
v -0.007479 -0.019150 0.002952
v -0.000593 -0.019150 -0.007988
v -0.000580 -0.019150 -0.008019
v -0.000564 -0.019150 -0.008049
v 0.007631 -0.019150 0.002533
v 0.007652 -0.019150 0.002559
v 0.007672 -0.019150 0.002587
v 0.007689 -0.019150 0.002616
v 0.007704 -0.019150 0.002647
v 0.007715 -0.019150 0.002679
v 0.006091 -0.019150 0.005293
v 0.006098 -0.019150 0.005326
v 0.006102 -0.019150 0.005360
v 0.003601 -0.019150 0.007221
v 0.003596 -0.019150 0.007254
v 0.003203 -0.019150 0.007568
v 0.003103 -0.019150 0.007555
v 0.003136 -0.019150 0.007562
v 0.003169 -0.019150 0.007567
v 0.003009 -0.019150 0.007517
v 0.002980 -0.019150 0.007499
v 0.002952 -0.019150 0.007479
v -0.001091 -0.019150 0.006408
v -0.001506 -0.019150 0.006323
v -0.005716 -0.019150 0.005944
v -0.005735 -0.019150 0.005916
v -0.005752 -0.019150 0.005887
v -0.005793 -0.019150 0.005656
v -0.005788 -0.019150 0.005623
v -0.005779 -0.019150 0.005590
v 0.008245 -0.019150 -0.000161
v 0.008239 -0.019150 -0.000128
v 0.008230 -0.019150 -0.000095
v -0.007501 -0.019150 0.003428
v -0.007518 -0.019150 0.003399
v -0.007556 -0.019150 0.003304
v -0.007563 -0.019150 0.003271
v -0.007567 -0.019150 0.003237
v -0.007568 -0.019150 0.003203
v -0.007567 -0.019150 0.003169
v -0.008245 -0.019150 0.000161
v -0.008239 -0.019150 0.000128
v -0.007956 -0.019150 0.000603
v -0.006408 -0.019150 -0.001091
v -0.005503 -0.019150 -0.003460
v -0.005266 -0.019150 -0.003811
v -0.000546 -0.019150 -0.008078
v -0.000525 -0.019150 -0.008105
v -0.000195 -0.019150 -0.008248
v 0.007724 -0.019150 0.002712
v 0.007731 -0.019150 0.002745
v 0.007734 -0.019150 0.002779
v 0.005887 -0.019150 0.005752
v 0.005856 -0.019150 0.005766
v 0.005824 -0.019150 0.005778
v 0.005791 -0.019150 0.005787
v 0.005758 -0.019150 0.005793
v -0.005261 -0.019150 0.006080
v -0.005293 -0.019150 0.006091
v -0.005695 -0.019150 0.005970
v -0.005326 -0.019150 0.006098
v -0.005360 -0.019150 0.006102
v 0.003605 -0.019150 0.007187
v 0.003070 -0.019150 0.007545
v 0.003039 -0.019150 0.007532
v 0.000051 -0.019150 -0.008145
v 0.000075 -0.019150 -0.008122
v 0.000097 -0.019150 -0.008096
v -0.005766 -0.019150 0.005856
v -0.005778 -0.019150 0.005824
v -0.005796 -0.019150 0.005724
v -0.005796 -0.019150 0.005690
v 0.002679 -0.019150 -0.007715
v 0.002712 -0.019150 -0.007724
v 0.003202 -0.019150 -0.007308
v 0.002813 -0.019150 -0.007735
v 0.002847 -0.019150 -0.007733
v 0.002880 -0.019150 -0.007727
v 0.003202 -0.019150 -0.007342
v 0.007517 -0.019150 -0.003009
v 0.007499 -0.019150 -0.002980
v 0.007479 -0.019150 -0.002952
v -0.007187 -0.019150 0.003605
v -0.007319 -0.019150 0.003575
v -0.007350 -0.019150 0.003561
v -0.007221 -0.019150 0.003601
v -0.007254 -0.019150 0.003596
v -0.007287 -0.019150 0.003587
v -0.004097 -0.019150 -0.005046
v -0.005527 -0.019150 -0.005755
v -0.006052 -0.019150 -0.005199
v -0.005558 -0.019150 -0.005768
v -0.003602 -0.019150 -0.007119
v -0.002904 -0.019150 -0.007431
v -0.001854 -0.019150 -0.006230
v 0.007735 -0.019150 0.002813
v 0.007733 -0.019150 0.002847
v 0.007727 -0.019150 0.002880
v 0.007695 -0.019150 0.002976
v 0.007679 -0.019150 0.003006
v 0.007661 -0.019150 0.003035
v 0.007640 -0.019150 0.003062
v 0.006104 -0.019150 0.005394
v 0.006103 -0.019150 0.005428
v 0.006099 -0.019150 0.005461
v 0.006017 -0.019150 0.005645
v 0.005995 -0.019150 0.005671
v 0.005970 -0.019150 0.005695
v -0.005199 -0.019150 0.006052
v -0.005229 -0.019150 0.006068
v -0.005394 -0.019150 0.006104
v -0.005428 -0.019150 0.006103
v -0.005461 -0.019150 0.006099
v 0.003545 -0.019150 0.007379
v 0.003526 -0.019150 0.007407
v 0.003304 -0.019150 0.007556
v 0.003587 -0.019150 0.007287
v 0.003575 -0.019150 0.007319
v 0.003237 -0.019150 0.007567
v 0.003271 -0.019150 0.007563
v 0.000580 -0.019150 0.008019
v 0.000564 -0.019150 0.008049
v 0.000128 -0.019150 0.008239
v 0.000478 -0.019150 0.008153
v 0.000451 -0.019150 0.008174
v 0.000195 -0.019150 0.008248
v 0.000095 -0.019150 0.008230
v 0.000063 -0.019150 0.008218
v 0.000117 -0.019150 -0.008068
v 0.000134 -0.019150 -0.008039
v 0.003094 -0.019150 -0.005716
v 0.002487 -0.019150 -0.007581
v 0.002509 -0.019150 -0.007607
v 0.002745 -0.019150 -0.007731
v 0.002779 -0.019150 -0.007734
v 0.005793 -0.019150 -0.005758
v 0.005787 -0.019150 -0.005791
v 0.005778 -0.019150 -0.005824
v 0.007546 -0.019150 -0.003337
v 0.007556 -0.019150 -0.003304
v 0.007458 -0.019150 -0.003481
v 0.008078 -0.019150 -0.000546
v 0.008105 -0.019150 -0.000525
v 0.008130 -0.019150 -0.000502
v 0.008247 -0.019150 -0.000263
v 0.008249 -0.019150 -0.000229
v 0.008248 -0.019150 -0.000195
v 0.008218 -0.019150 -0.000063
v 0.008204 -0.019150 -0.000033
v 0.008187 -0.019150 -0.000003
v 0.008122 -0.019150 0.000075
v 0.008096 -0.019150 0.000097
v -0.007581 -0.019150 -0.002487
v -0.007607 -0.019150 -0.002509
v -0.007631 -0.019150 -0.002533
v -0.007652 -0.019150 -0.002559
v -0.007672 -0.019150 -0.002587
v -0.007689 -0.019150 -0.002616
v -0.007704 -0.019150 -0.002647
v -0.007715 -0.019150 -0.002679
v -0.007724 -0.019150 -0.002712
v -0.007731 -0.019150 -0.002745
v -0.007734 -0.019150 -0.002779
v -0.007735 -0.019150 -0.002813
v -0.000502 -0.019150 -0.008130
v -0.000263 -0.019150 -0.008247
v -0.000229 -0.019150 -0.008249
v -0.000478 -0.019150 -0.008153
v -0.000451 -0.019150 -0.008174
v -0.000422 -0.019150 -0.008193
v 0.007617 -0.019150 0.003086
v 0.007592 -0.019150 0.003109
v 0.007475 -0.019150 0.003177
v 0.007506 -0.019150 0.003164
v 0.007536 -0.019150 0.003148
v 0.007442 -0.019150 0.003188
v 0.007409 -0.019150 0.003196
v 0.006092 -0.019150 0.005494
v 0.006082 -0.019150 0.005527
v 0.006070 -0.019150 0.005559
v 0.006055 -0.019150 0.005589
v 0.006037 -0.019150 0.005618
v 0.005944 -0.019150 0.005716
v 0.005916 -0.019150 0.005735
v 0.005724 -0.019150 0.005796
v 0.005690 -0.019150 0.005796
v 0.005656 -0.019150 0.005793
v 0.005623 -0.019150 0.005788
v 0.005590 -0.019150 0.005779
v 0.005558 -0.019150 0.005768
v -0.005559 -0.019150 0.006070
v -0.005589 -0.019150 0.006055
v -0.005618 -0.019150 0.006037
v -0.005645 -0.019150 0.006017
v -0.005671 -0.019150 0.005995
v 0.003605 -0.019150 0.007153
v 0.003504 -0.019150 0.007434
v 0.003481 -0.019150 0.007458
v 0.003337 -0.019150 0.007546
v 0.003455 -0.019150 0.007481
v 0.003428 -0.019150 0.007501
v 0.000593 -0.019150 0.007988
v 0.000546 -0.019150 0.008078
v 0.000525 -0.019150 0.008105
v 0.000161 -0.019150 0.008245
v -0.003094 -0.019150 0.005716
v -0.003202 -0.019150 0.007308
v -0.002487 -0.019150 0.007581
v -0.002509 -0.019150 0.007607
v -0.002533 -0.019150 0.007631
v -0.002559 -0.019150 0.007652
v -0.002587 -0.019150 0.007672
v -0.002976 -0.019150 0.007695
v -0.003006 -0.019150 0.007679
v -0.003035 -0.019150 0.007661
v -0.003062 -0.019150 0.007640
v 0.002533 -0.019150 -0.007631
v 0.002559 -0.019150 -0.007652
v 0.002587 -0.019150 -0.007672
v 0.002616 -0.019150 -0.007689
v 0.002647 -0.019150 -0.007704
v 0.002913 -0.019150 -0.007719
v 0.002945 -0.019150 -0.007709
v 0.002976 -0.019150 -0.007695
v 0.003006 -0.019150 -0.007679
v 0.003035 -0.019150 -0.007661
v 0.003062 -0.019150 -0.007640
v 0.003086 -0.019150 -0.007617
v 0.003109 -0.019150 -0.007592
v 0.003130 -0.019150 -0.007565
v 0.005793 -0.019150 -0.005656
v 0.005788 -0.019150 -0.005623
v 0.005779 -0.019150 -0.005590
v 0.007153 -0.019150 -0.003605
v 0.007187 -0.019150 -0.003605
v 0.007221 -0.019150 -0.003601
v 0.007254 -0.019150 -0.003596
v 0.007287 -0.019150 -0.003587
v 0.007319 -0.019150 -0.003575
v 0.007350 -0.019150 -0.003561
v 0.007379 -0.019150 -0.003545
v 0.007407 -0.019150 -0.003526
v 0.007568 -0.019150 -0.003203
v 0.007567 -0.019150 -0.003169
v 0.007562 -0.019150 -0.003136
v 0.007555 -0.019150 -0.003103
v 0.007545 -0.019150 -0.003070
v 0.008019 -0.019150 -0.000580
v 0.008049 -0.019150 -0.000564
v 0.008174 -0.019150 -0.000451
v 0.008153 -0.019150 -0.000478
v 0.008193 -0.019150 -0.000422
v 0.008209 -0.019150 -0.000393
v 0.008222 -0.019150 -0.000361
v 0.008167 -0.019150 0.000025
v 0.008145 -0.019150 0.000051
v 0.008068 -0.019150 0.000117
v 0.008039 -0.019150 0.000134
v -0.008153 -0.019150 0.000478
v -0.008174 -0.019150 0.000451
v -0.008230 -0.019150 0.000095
v -0.008218 -0.019150 0.000063
v -0.008204 -0.019150 0.000033
v -0.003575 -0.019150 -0.007319
v -0.003561 -0.019150 -0.007350
v -0.003304 -0.019150 -0.007556
v -0.003271 -0.019150 -0.007563
v -0.000393 -0.019150 -0.008209
v -0.000361 -0.019150 -0.008222
v -0.000296 -0.019150 -0.008241
v -0.000329 -0.019150 -0.008233
v 0.007719 -0.019150 0.002913
v 0.007709 -0.019150 0.002945
v -0.005494 -0.019150 0.006092
v -0.005527 -0.019150 0.006082
v 0.003561 -0.019150 0.007350
v 0.003399 -0.019150 0.007518
v 0.003368 -0.019150 0.007533
v 0.000502 -0.019150 0.008130
v 0.000033 -0.019150 0.008204
v 0.000003 -0.019150 0.008187
v -0.000025 -0.019150 0.008167
v -0.000051 -0.019150 0.008145
v -0.000075 -0.019150 0.008122
v -0.000097 -0.019150 0.008096
v -0.002679 -0.019150 0.007715
v -0.002712 -0.019150 0.007724
v -0.002745 -0.019150 0.007731
v -0.002847 -0.019150 0.007733
v -0.002880 -0.019150 0.007727
v -0.003086 -0.019150 0.007617
v -0.003109 -0.019150 0.007592
v -0.003130 -0.019150 0.007565
v -0.003177 -0.019150 0.007475
v -0.003188 -0.019150 0.007442
v -0.003196 -0.019150 0.007409
v -0.003200 -0.019150 0.007376
v -0.003202 -0.019150 0.007342
v 0.003188 -0.019150 -0.007442
v 0.003196 -0.019150 -0.007409
v 0.003177 -0.019150 -0.007475
v 0.003164 -0.019150 -0.007506
v 0.003148 -0.019150 -0.007536
v 0.003200 -0.019150 -0.007376
v 0.005735 -0.019150 -0.005916
v 0.005752 -0.019150 -0.005887
v 0.005461 -0.019150 -0.006099
v 0.005796 -0.019150 -0.005724
v 0.005796 -0.019150 -0.005690
v 0.007532 -0.019150 -0.003039
v 0.007434 -0.019150 -0.003504
v 0.007481 -0.019150 -0.003455
v 0.007501 -0.019150 -0.003428
v 0.007563 -0.019150 -0.003271
v 0.007567 -0.019150 -0.003237
v 0.007988 -0.019150 -0.000593
v -0.008247 -0.019150 0.000263
v -0.008249 -0.019150 0.000229
v -0.008248 -0.019150 0.000195
v -0.008187 -0.019150 0.000003
v -0.008167 -0.019150 -0.000025
v -0.008145 -0.019150 -0.000051
v -0.008068 -0.019150 -0.000117
v -0.008039 -0.019150 -0.000134
v -0.007733 -0.019150 -0.002847
v -0.007727 -0.019150 -0.002880
v -0.007719 -0.019150 -0.002913
v -0.007679 -0.019150 -0.003006
v -0.007661 -0.019150 -0.003035
v -0.007640 -0.019150 -0.003062
v -0.005916 -0.019150 -0.005735
v -0.005887 -0.019150 -0.005752
v -0.005856 -0.019150 -0.005766
v -0.005656 -0.019150 -0.005793
v -0.005623 -0.019150 -0.005788
v -0.005590 -0.019150 -0.005779
v -0.003237 -0.019150 -0.007567
v -0.003203 -0.019150 -0.007568
v -0.003169 -0.019150 -0.007567
v -0.003136 -0.019150 -0.007562
v -0.003103 -0.019150 -0.007555
v -0.003070 -0.019150 -0.007545
v 0.000422 -0.019150 0.008193
v 0.000263 -0.019150 0.008247
v 0.000229 -0.019150 0.008249
v -0.000117 -0.019150 0.008068
v -0.000134 -0.019150 0.008039
v -0.002779 -0.019150 0.007734
v -0.002813 -0.019150 0.007735
v -0.002913 -0.019150 0.007719
v -0.002945 -0.019150 0.007709
v -0.003148 -0.019150 0.007536
v -0.003164 -0.019150 0.007506
v 0.005229 -0.019150 -0.006068
v 0.005261 -0.019150 -0.006080
v 0.005293 -0.019150 -0.006091
v 0.007518 -0.019150 -0.003399
v 0.007533 -0.019150 -0.003368
v 0.008233 -0.019150 -0.000329
v 0.008241 -0.019150 -0.000296
v -0.007988 -0.019150 0.000593
v -0.008105 -0.019150 0.000525
v -0.008130 -0.019150 0.000502
v -0.008019 -0.019150 0.000580
v -0.008049 -0.019150 0.000564
v -0.008078 -0.019150 0.000546
v -0.008193 -0.019150 0.000422
v -0.008209 -0.019150 0.000393
v -0.008222 -0.019150 0.000361
v -0.008122 -0.019150 -0.000075
v -0.008096 -0.019150 -0.000097
v -0.008009 -0.019150 -0.000149
v -0.007977 -0.019150 -0.000161
v -0.006465 -0.019150 -0.000671
v -0.007475 -0.019150 -0.003177
v -0.007442 -0.019150 -0.003188
v -0.007592 -0.019150 -0.003109
v -0.007409 -0.019150 -0.003196
v -0.007376 -0.019150 -0.003200
v -0.007617 -0.019150 -0.003086
v -0.007342 -0.019150 -0.003202
v -0.006068 -0.019150 -0.005229
v -0.006080 -0.019150 -0.005261
v -0.005970 -0.019150 -0.005695
v -0.006091 -0.019150 -0.005293
v -0.006098 -0.019150 -0.005326
v -0.005944 -0.019150 -0.005716
v -0.005758 -0.019150 -0.005793
v -0.005724 -0.019150 -0.005796
v -0.005690 -0.019150 -0.005796
v -0.003039 -0.019150 -0.007532
v -0.003009 -0.019150 -0.007517
v -0.002980 -0.019150 -0.007499
v -0.002952 -0.019150 -0.007479
v -0.002927 -0.019150 -0.007456
v 0.000393 -0.019150 0.008209
v 0.000361 -0.019150 0.008222
v 0.000296 -0.019150 0.008241
v 0.000329 -0.019150 0.008233
v -0.002616 -0.019150 0.007689
v -0.002647 -0.019150 0.007704
v 0.005326 -0.019150 -0.006098
v 0.005360 -0.019150 -0.006102
v 0.005394 -0.019150 -0.006104
v 0.005766 -0.019150 -0.005856
v 0.005428 -0.019150 -0.006103
v -0.007565 -0.019150 -0.003130
v -0.007536 -0.019150 -0.003148
v -0.007506 -0.019150 -0.003164
v -0.006102 -0.019150 -0.005360
v -0.006104 -0.019150 -0.005394
v -0.006103 -0.019150 -0.005428
v -0.005824 -0.019150 -0.005778
v -0.005791 -0.019150 -0.005787
v -0.003605 -0.019150 -0.007153
v -0.003605 -0.019150 -0.007187
v -0.003601 -0.019150 -0.007221
v -0.003545 -0.019150 -0.007379
v -0.003368 -0.019150 -0.007533
v -0.003337 -0.019150 -0.007546
v 0.005618 -0.019150 -0.006037
v 0.005645 -0.019150 -0.006017
v 0.005671 -0.019150 -0.005995
v -0.008233 -0.019150 0.000329
v -0.008241 -0.019150 0.000296
v -0.007709 -0.019150 -0.002945
v -0.007695 -0.019150 -0.002976
v -0.006092 -0.019150 -0.005494
v -0.006037 -0.019150 -0.005618
v -0.006017 -0.019150 -0.005645
v -0.003596 -0.019150 -0.007254
v -0.003587 -0.019150 -0.007287
v -0.003526 -0.019150 -0.007407
v -0.003504 -0.019150 -0.007434
v -0.003481 -0.019150 -0.007458
v -0.003455 -0.019150 -0.007481
v -0.003428 -0.019150 -0.007501
v -0.003399 -0.019150 -0.007518
v 0.005494 -0.019150 -0.006092
v 0.005695 -0.019150 -0.005970
v 0.005716 -0.019150 -0.005944
v -0.006082 -0.019150 -0.005527
v -0.006070 -0.019150 -0.005559
v -0.006055 -0.019150 -0.005589
v -0.006099 -0.019150 -0.005461
v -0.005995 -0.019150 -0.005671
v 0.005527 -0.019150 -0.006082
v 0.005559 -0.019150 -0.006070
v 0.005589 -0.019150 -0.006055
v -0.000000 -0.002000 0.008650
v -0.000000 -0.000000 0.008650
v 0.000144 -0.002000 0.008644
v 0.000144 -0.000000 0.008644
v 0.000287 -0.002000 0.008625
v 0.000287 -0.000000 0.008625
v 0.000427 -0.002000 0.008594
v 0.000427 -0.000000 0.008594
v 0.000564 -0.002000 0.008550
v 0.000564 -0.000000 0.008550
v 0.000697 -0.002000 0.008495
v 0.000697 -0.000000 0.008495
v 0.000825 -0.002000 0.008429
v 0.000825 -0.000000 0.008429
v 0.000946 -0.002000 0.008352
v 0.000946 -0.000000 0.008352
v 0.001061 -0.002000 0.008264
v 0.001061 -0.000000 0.008264
v 0.001167 -0.002000 0.008167
v 0.001167 -0.000000 0.008167
v 0.001264 -0.002000 0.008061
v 0.001264 -0.000000 0.008061
v 0.001352 -0.002000 0.007946
v 0.001352 -0.000000 0.007946
v 0.001429 -0.002000 0.007825
v 0.001429 -0.000000 0.007825
v 0.001495 -0.002000 0.007697
v 0.001495 -0.000000 0.007697
v 0.001550 -0.002000 0.007564
v 0.001550 -0.000000 0.007564
v 0.001594 -0.002000 0.007427
v 0.001594 -0.000000 0.007427
v 0.001625 -0.002000 0.007287
v 0.001625 -0.000000 0.007287
v 0.001644 -0.002000 0.007144
v 0.001644 -0.000000 0.007144
v 0.001650 -0.002000 0.007000
v 0.001650 -0.000000 0.007000
v 0.001644 -0.002000 0.006856
v 0.001644 -0.000000 0.006856
v 0.001625 -0.002000 0.006713
v 0.001625 -0.000000 0.006713
v 0.001594 -0.002000 0.006573
v 0.001594 -0.000000 0.006573
v 0.001550 -0.002000 0.006436
v 0.001550 -0.000000 0.006436
v 0.001495 -0.002000 0.006303
v 0.001495 -0.000000 0.006303
v 0.001429 -0.002000 0.006175
v 0.001429 -0.000000 0.006175
v 0.001352 -0.002000 0.006054
v 0.001352 -0.000000 0.006054
v 0.001264 -0.002000 0.005939
v 0.001264 -0.000000 0.005939
v 0.001167 -0.002000 0.005833
v 0.001167 -0.000000 0.005833
v 0.001061 -0.002000 0.005736
v 0.001061 -0.000000 0.005736
v 0.000946 -0.002000 0.005648
v 0.000946 -0.000000 0.005648
v 0.000825 -0.002000 0.005571
v 0.000825 -0.000000 0.005571
v 0.000697 -0.002000 0.005505
v 0.000697 -0.000000 0.005505
v 0.000564 -0.002000 0.005450
v 0.000564 -0.000000 0.005450
v 0.000427 -0.002000 0.005406
v 0.000427 -0.000000 0.005406
v 0.000287 -0.002000 0.005375
v 0.000287 -0.000000 0.005375
v 0.000144 -0.002000 0.005356
v 0.000144 -0.000000 0.005356
v 0.000000 -0.002000 0.005350
v 0.000000 -0.000000 0.005350
v -0.000144 -0.002000 0.005356
v -0.000144 -0.000000 0.005356
v -0.000287 -0.002000 0.005375
v -0.000287 -0.000000 0.005375
v -0.000427 -0.002000 0.005406
v -0.000427 -0.000000 0.005406
v -0.000564 -0.002000 0.005450
v -0.000564 -0.000000 0.005450
v -0.000697 -0.002000 0.005505
v -0.000697 -0.000000 0.005505
v -0.000825 -0.002000 0.005571
v -0.000825 -0.000000 0.005571
v -0.000946 -0.002000 0.005648
v -0.000946 -0.000000 0.005648
v -0.001061 -0.002000 0.005736
v -0.001061 -0.000000 0.005736
v -0.001167 -0.002000 0.005833
v -0.001167 -0.000000 0.005833
v -0.001264 -0.002000 0.005939
v -0.001264 -0.000000 0.005939
v -0.001352 -0.002000 0.006054
v -0.001352 -0.000000 0.006054
v -0.001429 -0.002000 0.006175
v -0.001429 -0.000000 0.006175
v -0.001495 -0.002000 0.006303
v -0.001495 -0.000000 0.006303
v -0.001550 -0.002000 0.006436
v -0.001550 -0.000000 0.006436
v -0.001594 -0.002000 0.006573
v -0.001594 -0.000000 0.006573
v -0.001625 -0.002000 0.006713
v -0.001625 -0.000000 0.006713
v -0.001644 -0.002000 0.006856
v -0.001644 -0.000000 0.006856
v -0.001650 -0.002000 0.007000
v -0.001650 -0.000000 0.007000
v -0.001644 -0.002000 0.007144
v -0.001644 -0.000000 0.007144
v -0.001625 -0.002000 0.007287
v -0.001625 -0.000000 0.007287
v -0.001594 -0.002000 0.007427
v -0.001594 -0.000000 0.007427
v -0.001550 -0.002000 0.007564
v -0.001550 -0.000000 0.007564
v -0.001495 -0.002000 0.007697
v -0.001495 -0.000000 0.007697
v -0.001429 -0.002000 0.007825
v -0.001429 -0.000000 0.007825
v -0.001352 -0.002000 0.007946
v -0.001352 -0.000000 0.007946
v -0.001264 -0.002000 0.008061
v -0.001264 -0.000000 0.008061
v -0.001167 -0.002000 0.008167
v -0.001167 -0.000000 0.008167
v -0.001061 -0.002000 0.008264
v -0.001061 -0.000000 0.008264
v -0.000946 -0.002000 0.008352
v -0.000946 -0.000000 0.008352
v -0.000825 -0.002000 0.008429
v -0.000825 -0.000000 0.008429
v -0.000697 -0.002000 0.008495
v -0.000697 -0.000000 0.008495
v -0.000564 -0.002000 0.008550
v -0.000564 -0.000000 0.008550
v -0.000427 -0.002000 0.008594
v -0.000427 -0.000000 0.008594
v -0.000287 -0.002000 0.008625
v -0.000287 -0.000000 0.008625
v -0.000144 -0.002000 0.008644
v -0.000144 -0.000000 0.008644
v 0.007000 -0.002000 0.001650
v 0.007000 -0.000000 0.001650
v 0.007144 -0.002000 0.001644
v 0.007144 -0.000000 0.001644
v 0.007287 -0.002000 0.001625
v 0.007287 -0.000000 0.001625
v 0.007427 -0.002000 0.001594
v 0.007427 -0.000000 0.001594
v 0.007564 -0.002000 0.001550
v 0.007564 -0.000000 0.001550
v 0.007697 -0.002000 0.001495
v 0.007697 -0.000000 0.001495
v 0.007825 -0.002000 0.001429
v 0.007825 -0.000000 0.001429
v 0.007946 -0.002000 0.001352
v 0.007946 -0.000000 0.001352
v 0.008061 -0.002000 0.001264
v 0.008061 -0.000000 0.001264
v 0.008167 -0.002000 0.001167
v 0.008167 -0.000000 0.001167
v 0.008264 -0.002000 0.001061
v 0.008264 -0.000000 0.001061
v 0.008352 -0.002000 0.000946
v 0.008352 -0.000000 0.000946
v 0.008429 -0.002000 0.000825
v 0.008429 -0.000000 0.000825
v 0.008495 -0.002000 0.000697
v 0.008495 -0.000000 0.000697
v 0.008550 -0.002000 0.000564
v 0.008550 -0.000000 0.000564
v 0.008594 -0.002000 0.000427
v 0.008594 -0.000000 0.000427
v 0.008625 -0.002000 0.000287
v 0.008625 -0.000000 0.000287
v 0.008644 -0.002000 0.000144
v 0.008644 -0.000000 0.000144
v 0.008650 -0.002000 0.000000
v 0.008650 -0.000000 0.000000
v 0.008644 -0.002000 -0.000144
v 0.008644 -0.000000 -0.000144
v 0.008625 -0.002000 -0.000287
v 0.008625 -0.000000 -0.000287
v 0.008594 -0.002000 -0.000427
v 0.008594 -0.000000 -0.000427
v 0.008550 -0.002000 -0.000564
v 0.008550 -0.000000 -0.000564
v 0.008495 -0.002000 -0.000697
v 0.008495 -0.000000 -0.000697
v 0.008429 -0.002000 -0.000825
v 0.008429 -0.000000 -0.000825
v 0.008352 -0.002000 -0.000946
v 0.008352 -0.000000 -0.000946
v 0.008264 -0.002000 -0.001061
v 0.008264 -0.000000 -0.001061
v 0.008167 -0.002000 -0.001167
v 0.008167 -0.000000 -0.001167
v 0.008061 -0.002000 -0.001264
v 0.008061 -0.000000 -0.001264
v 0.007946 -0.002000 -0.001352
v 0.007946 -0.000000 -0.001352
v 0.007825 -0.002000 -0.001429
v 0.007825 -0.000000 -0.001429
v 0.007697 -0.002000 -0.001495
v 0.007697 -0.000000 -0.001495
v 0.007564 -0.002000 -0.001550
v 0.007564 -0.000000 -0.001550
v 0.007427 -0.002000 -0.001594
v 0.007427 -0.000000 -0.001594
v 0.007287 -0.002000 -0.001625
v 0.007287 -0.000000 -0.001625
v 0.007144 -0.002000 -0.001644
v 0.007144 -0.000000 -0.001644
v 0.007000 -0.002000 -0.001650
v 0.007000 -0.000000 -0.001650
v 0.006856 -0.002000 -0.001644
v 0.006856 -0.000000 -0.001644
v 0.006713 -0.002000 -0.001625
v 0.006713 -0.000000 -0.001625
v 0.006573 -0.002000 -0.001594
v 0.006573 -0.000000 -0.001594
v 0.006436 -0.002000 -0.001550
v 0.006436 -0.000000 -0.001550
v 0.006303 -0.002000 -0.001495
v 0.006303 -0.000000 -0.001495
v 0.006175 -0.002000 -0.001429
v 0.006175 -0.000000 -0.001429
v 0.006054 -0.002000 -0.001352
v 0.006054 -0.000000 -0.001352
v 0.005939 -0.002000 -0.001264
v 0.005939 -0.000000 -0.001264
v 0.005833 -0.002000 -0.001167
v 0.005833 -0.000000 -0.001167
v 0.005736 -0.002000 -0.001061
v 0.005736 -0.000000 -0.001061
v 0.005648 -0.002000 -0.000946
v 0.005648 -0.000000 -0.000946
v 0.005571 -0.002000 -0.000825
v 0.005571 -0.000000 -0.000825
v 0.005505 -0.002000 -0.000697
v 0.005505 -0.000000 -0.000697
v 0.005450 -0.002000 -0.000564
v 0.005450 -0.000000 -0.000564
v 0.005406 -0.002000 -0.000427
v 0.005406 -0.000000 -0.000427
v 0.005375 -0.002000 -0.000287
v 0.005375 -0.000000 -0.000287
v 0.005356 -0.002000 -0.000144
v 0.005356 -0.000000 -0.000144
v 0.005350 -0.002000 -0.000000
v 0.005350 -0.000000 -0.000000
v 0.005356 -0.002000 0.000144
v 0.005356 -0.000000 0.000144
v 0.005375 -0.002000 0.000287
v 0.005375 -0.000000 0.000287
v 0.005406 -0.002000 0.000427
v 0.005406 -0.000000 0.000427
v 0.005450 -0.002000 0.000564
v 0.005450 -0.000000 0.000564
v 0.005505 -0.002000 0.000697
v 0.005505 -0.000000 0.000697
v 0.005571 -0.002000 0.000825
v 0.005571 -0.000000 0.000825
v 0.005648 -0.002000 0.000946
v 0.005648 -0.000000 0.000946
v 0.005736 -0.002000 0.001061
v 0.005736 -0.000000 0.001061
v 0.005833 -0.002000 0.001167
v 0.005833 -0.000000 0.001167
v 0.005939 -0.002000 0.001264
v 0.005939 -0.000000 0.001264
v 0.006054 -0.002000 0.001352
v 0.006054 -0.000000 0.001352
v 0.006175 -0.002000 0.001429
v 0.006175 -0.000000 0.001429
v 0.006303 -0.002000 0.001495
v 0.006303 -0.000000 0.001495
v 0.006436 -0.002000 0.001550
v 0.006436 -0.000000 0.001550
v 0.006573 -0.002000 0.001594
v 0.006573 -0.000000 0.001594
v 0.006713 -0.002000 0.001625
v 0.006713 -0.000000 0.001625
v 0.006856 -0.002000 0.001644
v 0.006856 -0.000000 0.001644
v -0.007000 -0.002000 0.001650
v -0.007000 -0.000000 0.001650
v -0.006856 -0.002000 0.001644
v -0.006856 -0.000000 0.001644
v -0.006713 -0.002000 0.001625
v -0.006713 -0.000000 0.001625
v -0.006573 -0.002000 0.001594
v -0.006573 -0.000000 0.001594
v -0.006436 -0.002000 0.001550
v -0.006436 -0.000000 0.001550
v -0.006303 -0.002000 0.001495
v -0.006303 -0.000000 0.001495
v -0.006175 -0.002000 0.001429
v -0.006175 -0.000000 0.001429
v -0.006054 -0.002000 0.001352
v -0.006054 -0.000000 0.001352
v -0.005939 -0.002000 0.001264
v -0.005939 -0.000000 0.001264
v -0.005833 -0.002000 0.001167
v -0.005833 -0.000000 0.001167
v -0.005736 -0.002000 0.001061
v -0.005736 -0.000000 0.001061
v -0.005648 -0.002000 0.000946
v -0.005648 -0.000000 0.000946
v -0.005571 -0.002000 0.000825
v -0.005571 -0.000000 0.000825
v -0.005505 -0.002000 0.000697
v -0.005505 -0.000000 0.000697
v -0.005450 -0.002000 0.000564
v -0.005450 -0.000000 0.000564
v -0.005406 -0.002000 0.000427
v -0.005406 -0.000000 0.000427
v -0.005375 -0.002000 0.000287
v -0.005375 -0.000000 0.000287
v -0.005356 -0.002000 0.000144
v -0.005356 -0.000000 0.000144
v -0.005350 -0.002000 0.000000
v -0.005350 -0.000000 0.000000
v -0.005356 -0.002000 -0.000144
v -0.005356 -0.000000 -0.000144
v -0.005375 -0.002000 -0.000287
v -0.005375 -0.000000 -0.000287
v -0.005406 -0.002000 -0.000427
v -0.005406 -0.000000 -0.000427
v -0.005450 -0.002000 -0.000564
v -0.005450 -0.000000 -0.000564
v -0.005505 -0.002000 -0.000697
v -0.005505 -0.000000 -0.000697
v -0.005571 -0.002000 -0.000825
v -0.005571 -0.000000 -0.000825
v -0.005648 -0.002000 -0.000946
v -0.005648 -0.000000 -0.000946
v -0.005736 -0.002000 -0.001061
v -0.005736 -0.000000 -0.001061
v -0.005833 -0.002000 -0.001167
v -0.005833 -0.000000 -0.001167
v -0.005939 -0.002000 -0.001264
v -0.005939 -0.000000 -0.001264
v -0.006054 -0.002000 -0.001352
v -0.006054 -0.000000 -0.001352
v -0.006175 -0.002000 -0.001429
v -0.006175 -0.000000 -0.001429
v -0.006303 -0.002000 -0.001495
v -0.006303 -0.000000 -0.001495
v -0.006436 -0.002000 -0.001550
v -0.006436 -0.000000 -0.001550
v -0.006573 -0.002000 -0.001594
v -0.006573 -0.000000 -0.001594
v -0.006713 -0.002000 -0.001625
v -0.006713 -0.000000 -0.001625
v -0.006856 -0.002000 -0.001644
v -0.006856 -0.000000 -0.001644
v -0.007000 -0.002000 -0.001650
v -0.007000 -0.000000 -0.001650
v -0.007144 -0.002000 -0.001644
v -0.007144 -0.000000 -0.001644
v -0.007287 -0.002000 -0.001625
v -0.007287 -0.000000 -0.001625
v -0.007427 -0.002000 -0.001594
v -0.007427 -0.000000 -0.001594
v -0.007564 -0.002000 -0.001550
v -0.007564 -0.000000 -0.001550
v -0.007697 -0.002000 -0.001495
v -0.007697 -0.000000 -0.001495
v -0.007825 -0.002000 -0.001429
v -0.007825 -0.000000 -0.001429
v -0.007946 -0.002000 -0.001352
v -0.007946 -0.000000 -0.001352
v -0.008061 -0.002000 -0.001264
v -0.008061 -0.000000 -0.001264
v -0.008167 -0.002000 -0.001167
v -0.008167 -0.000000 -0.001167
v -0.008264 -0.002000 -0.001061
v -0.008264 -0.000000 -0.001061
v -0.008352 -0.002000 -0.000946
v -0.008352 -0.000000 -0.000946
v -0.008429 -0.002000 -0.000825
v -0.008429 -0.000000 -0.000825
v -0.008495 -0.002000 -0.000697
v -0.008495 -0.000000 -0.000697
v -0.008550 -0.002000 -0.000564
v -0.008550 -0.000000 -0.000564
v -0.008594 -0.002000 -0.000427
v -0.008594 -0.000000 -0.000427
v -0.008625 -0.002000 -0.000287
v -0.008625 -0.000000 -0.000287
v -0.008644 -0.002000 -0.000144
v -0.008644 -0.000000 -0.000144
v -0.008650 -0.002000 -0.000000
v -0.008650 -0.000000 -0.000000
v -0.008644 -0.002000 0.000144
v -0.008644 -0.000000 0.000144
v -0.008625 -0.002000 0.000287
v -0.008625 -0.000000 0.000287
v -0.008594 -0.002000 0.000427
v -0.008594 -0.000000 0.000427
v -0.008550 -0.002000 0.000564
v -0.008550 -0.000000 0.000564
v -0.008495 -0.002000 0.000697
v -0.008495 -0.000000 0.000697
v -0.008429 -0.002000 0.000825
v -0.008429 -0.000000 0.000825
v -0.008352 -0.002000 0.000946
v -0.008352 -0.000000 0.000946
v -0.008264 -0.002000 0.001061
v -0.008264 -0.000000 0.001061
v -0.008167 -0.002000 0.001167
v -0.008167 -0.000000 0.001167
v -0.008061 -0.002000 0.001264
v -0.008061 -0.000000 0.001264
v -0.007946 -0.002000 0.001352
v -0.007946 -0.000000 0.001352
v -0.007825 -0.002000 0.001429
v -0.007825 -0.000000 0.001429
v -0.007697 -0.002000 0.001495
v -0.007697 -0.000000 0.001495
v -0.007564 -0.002000 0.001550
v -0.007564 -0.000000 0.001550
v -0.007427 -0.002000 0.001594
v -0.007427 -0.000000 0.001594
v -0.007287 -0.002000 0.001625
v -0.007287 -0.000000 0.001625
v -0.007144 -0.002000 0.001644
v -0.007144 -0.000000 0.001644
v -0.000000 -0.002000 -0.005350
v -0.000000 -0.000000 -0.005350
v 0.000144 -0.002000 -0.005356
v 0.000144 -0.000000 -0.005356
v 0.000287 -0.002000 -0.005375
v 0.000287 -0.000000 -0.005375
v 0.000427 -0.002000 -0.005406
v 0.000427 -0.000000 -0.005406
v 0.000564 -0.002000 -0.005450
v 0.000564 -0.000000 -0.005450
v 0.000697 -0.002000 -0.005505
v 0.000697 -0.000000 -0.005505
v 0.000825 -0.002000 -0.005571
v 0.000825 -0.000000 -0.005571
v 0.000946 -0.002000 -0.005648
v 0.000946 -0.000000 -0.005648
v 0.001061 -0.002000 -0.005736
v 0.001061 -0.000000 -0.005736
v 0.001167 -0.002000 -0.005833
v 0.001167 -0.000000 -0.005833
v 0.001264 -0.002000 -0.005939
v 0.001264 -0.000000 -0.005939
v 0.001352 -0.002000 -0.006054
v 0.001352 -0.000000 -0.006054
v 0.001429 -0.002000 -0.006175
v 0.001429 -0.000000 -0.006175
v 0.001495 -0.002000 -0.006303
v 0.001495 -0.000000 -0.006303
v 0.001550 -0.002000 -0.006436
v 0.001550 -0.000000 -0.006436
v 0.001594 -0.002000 -0.006573
v 0.001594 -0.000000 -0.006573
v 0.001625 -0.002000 -0.006713
v 0.001625 -0.000000 -0.006713
v 0.001644 -0.002000 -0.006856
v 0.001644 -0.000000 -0.006856
v 0.001650 -0.002000 -0.007000
v 0.001650 -0.000000 -0.007000
v 0.001644 -0.002000 -0.007144
v 0.001644 -0.000000 -0.007144
v 0.001625 -0.002000 -0.007287
v 0.001625 -0.000000 -0.007287
v 0.001594 -0.002000 -0.007427
v 0.001594 -0.000000 -0.007427
v 0.001550 -0.002000 -0.007564
v 0.001550 -0.000000 -0.007564
v 0.001495 -0.002000 -0.007697
v 0.001495 -0.000000 -0.007697
v 0.001429 -0.002000 -0.007825
v 0.001429 -0.000000 -0.007825
v 0.001352 -0.002000 -0.007946
v 0.001352 -0.000000 -0.007946
v 0.001264 -0.002000 -0.008061
v 0.001264 -0.000000 -0.008061
v 0.001167 -0.002000 -0.008167
v 0.001167 -0.000000 -0.008167
v 0.001061 -0.002000 -0.008264
v 0.001061 -0.000000 -0.008264
v 0.000946 -0.002000 -0.008352
v 0.000946 -0.000000 -0.008352
v 0.000825 -0.002000 -0.008429
v 0.000825 -0.000000 -0.008429
v 0.000697 -0.002000 -0.008495
v 0.000697 -0.000000 -0.008495
v 0.000564 -0.002000 -0.008550
v 0.000564 -0.000000 -0.008550
v 0.000427 -0.002000 -0.008594
v 0.000427 -0.000000 -0.008594
v 0.000287 -0.002000 -0.008625
v 0.000287 -0.000000 -0.008625
v 0.000144 -0.002000 -0.008644
v 0.000144 -0.000000 -0.008644
v 0.000000 -0.002000 -0.008650
v 0.000000 -0.000000 -0.008650
v -0.000144 -0.002000 -0.008644
v -0.000144 -0.000000 -0.008644
v -0.000287 -0.002000 -0.008625
v -0.000287 -0.000000 -0.008625
v -0.000427 -0.002000 -0.008594
v -0.000427 -0.000000 -0.008594
v -0.000564 -0.002000 -0.008550
v -0.000564 -0.000000 -0.008550
v -0.000697 -0.002000 -0.008495
v -0.000697 -0.000000 -0.008495
v -0.000825 -0.002000 -0.008429
v -0.000825 -0.000000 -0.008429
v -0.000946 -0.002000 -0.008352
v -0.000946 -0.000000 -0.008352
v -0.001061 -0.002000 -0.008264
v -0.001061 -0.000000 -0.008264
v -0.001167 -0.002000 -0.008167
v -0.001167 -0.000000 -0.008167
v -0.001264 -0.002000 -0.008061
v -0.001264 -0.000000 -0.008061
v -0.001352 -0.002000 -0.007946
v -0.001352 -0.000000 -0.007946
v -0.001429 -0.002000 -0.007825
v -0.001429 -0.000000 -0.007825
v -0.001495 -0.002000 -0.007697
v -0.001495 -0.000000 -0.007697
v -0.001550 -0.002000 -0.007564
v -0.001550 -0.000000 -0.007564
v -0.001594 -0.002000 -0.007427
v -0.001594 -0.000000 -0.007427
v -0.001625 -0.002000 -0.007287
v -0.001625 -0.000000 -0.007287
v -0.001644 -0.002000 -0.007144
v -0.001644 -0.000000 -0.007144
v -0.001650 -0.002000 -0.007000
v -0.001650 -0.000000 -0.007000
v -0.001644 -0.002000 -0.006856
v -0.001644 -0.000000 -0.006856
v -0.001625 -0.002000 -0.006713
v -0.001625 -0.000000 -0.006713
v -0.001594 -0.002000 -0.006573
v -0.001594 -0.000000 -0.006573
v -0.001550 -0.002000 -0.006436
v -0.001550 -0.000000 -0.006436
v -0.001495 -0.002000 -0.006303
v -0.001495 -0.000000 -0.006303
v -0.001429 -0.002000 -0.006175
v -0.001429 -0.000000 -0.006175
v -0.001352 -0.002000 -0.006054
v -0.001352 -0.000000 -0.006054
v -0.001264 -0.002000 -0.005939
v -0.001264 -0.000000 -0.005939
v -0.001167 -0.002000 -0.005833
v -0.001167 -0.000000 -0.005833
v -0.001061 -0.002000 -0.005736
v -0.001061 -0.000000 -0.005736
v -0.000946 -0.002000 -0.005648
v -0.000946 -0.000000 -0.005648
v -0.000825 -0.002000 -0.005571
v -0.000825 -0.000000 -0.005571
v -0.000697 -0.002000 -0.005505
v -0.000697 -0.000000 -0.005505
v -0.000564 -0.002000 -0.005450
v -0.000564 -0.000000 -0.005450
v -0.000427 -0.002000 -0.005406
v -0.000427 -0.000000 -0.005406
v -0.000287 -0.002000 -0.005375
v -0.000287 -0.000000 -0.005375
v -0.000144 -0.002000 -0.005356
v -0.000144 -0.000000 -0.005356
v 0.009659 0.000000 -0.002588
v 0.009397 -0.002000 -0.003420
v 0.009397 0.000000 -0.003420
v 0.009063 -0.002000 -0.004226
v 0.009063 0.000000 -0.004226
v 0.008660 -0.002000 -0.005000
v 0.008660 0.000000 -0.005000
v 0.008192 -0.002000 -0.005736
v 0.008192 0.000000 -0.005736
v 0.007660 -0.002000 -0.006428
v 0.007660 0.000000 -0.006428
v 0.007071 -0.002000 -0.007071
v 0.007071 0.000000 -0.007071
v 0.006428 -0.002000 -0.007660
v 0.006428 0.000000 -0.007660
v 0.005736 -0.002000 -0.008192
v 0.005736 0.000000 -0.008192
v 0.005000 -0.002000 -0.008660
v 0.005000 0.000000 -0.008660
v 0.004226 -0.002000 -0.009063
v 0.004226 0.000000 -0.009063
v 0.003420 -0.002000 -0.009397
v 0.003420 0.000000 -0.009397
v 0.002588 -0.002000 -0.009659
v 0.002588 0.000000 -0.009659
v 0.001736 -0.002000 -0.009848
v 0.001736 0.000000 -0.009848
v 0.000872 -0.002000 -0.009962
v 0.000872 0.000000 -0.009962
v 0.000000 -0.002000 -0.010000
v 0.000000 0.000000 -0.010000
v -0.000872 -0.002000 -0.009962
v -0.000872 0.000000 -0.009962
v -0.001736 -0.002000 -0.009848
v -0.001736 0.000000 -0.009848
v -0.002588 -0.002000 -0.009659
v -0.002588 0.000000 -0.009659
v -0.003420 -0.002000 -0.009397
v -0.003420 0.000000 -0.009397
v -0.004226 -0.002000 -0.009063
v -0.004226 0.000000 -0.009063
v -0.005000 -0.002000 -0.008660
v -0.005000 0.000000 -0.008660
v -0.005736 -0.002000 -0.008192
v -0.005736 0.000000 -0.008192
v -0.006428 -0.002000 -0.007660
v -0.006428 0.000000 -0.007660
v -0.007071 -0.002000 -0.007071
v -0.007071 0.000000 -0.007071
v -0.007660 -0.002000 -0.006428
v -0.007660 0.000000 -0.006428
v -0.008192 -0.002000 -0.005736
v -0.008192 0.000000 -0.005736
v -0.008660 -0.002000 -0.005000
v -0.008660 0.000000 -0.005000
v -0.009063 -0.002000 -0.004226
v -0.009063 0.000000 -0.004226
v -0.009397 -0.002000 -0.003420
v -0.009397 0.000000 -0.003420
v -0.009659 -0.002000 -0.002588
v -0.009659 0.000000 -0.002588
v -0.009848 -0.002000 -0.001736
v -0.009848 0.000000 -0.001736
v -0.009962 -0.002000 -0.000872
v -0.009962 0.000000 -0.000872
v -0.010000 -0.002000 -0.000000
v -0.010000 0.000000 -0.000000
v -0.009962 -0.002000 0.000872
v -0.009962 0.000000 0.000872
v -0.009848 -0.002000 0.001736
v -0.009848 0.000000 0.001736
v -0.009659 -0.002000 0.002588
v -0.009659 0.000000 0.002588
v -0.009397 -0.002000 0.003420
v -0.009397 0.000000 0.003420
v -0.009063 -0.002000 0.004226
v -0.009063 0.000000 0.004226
v -0.008660 -0.002000 0.005000
v -0.008660 0.000000 0.005000
v -0.008192 -0.002000 0.005736
v -0.008192 0.000000 0.005736
v -0.007660 -0.002000 0.006428
v -0.007660 0.000000 0.006428
v -0.007071 -0.002000 0.007071
v -0.007071 0.000000 0.007071
v -0.006428 -0.002000 0.007660
v -0.006428 0.000000 0.007660
v -0.005736 -0.002000 0.008192
v -0.005736 0.000000 0.008192
v -0.005000 -0.002000 0.008660
v -0.005000 0.000000 0.008660
v -0.004226 -0.002000 0.009063
v -0.004226 0.000000 0.009063
v -0.003420 -0.002000 0.009397
v -0.003420 0.000000 0.009397
v -0.002588 -0.002000 0.009659
v -0.002588 0.000000 0.009659
v -0.002077 -0.002000 0.009782
v -0.001736 0.000000 0.009848
v -0.001736 -0.002000 0.009848
v -0.000872 -0.002000 0.009962
v -0.000872 0.000000 0.009962
v 0.000000 -0.002000 0.010000
v 0.000000 0.000000 0.010000
v 0.000872 -0.002000 0.009962
v 0.000872 0.000000 0.009962
v 0.001736 -0.002000 0.009848
v 0.001736 0.000000 0.009848
v 0.002588 -0.002000 0.009659
v 0.002588 0.000000 0.009659
v 0.003420 -0.002000 0.009397
v 0.003420 0.000000 0.009397
v 0.004226 -0.002000 0.009063
v 0.004226 0.000000 0.009063
v 0.005000 -0.002000 0.008660
v 0.005000 0.000000 0.008660
v 0.005736 -0.002000 0.008192
v 0.005736 0.000000 0.008192
v 0.006428 -0.002000 0.007660
v 0.006428 0.000000 0.007660
v 0.007071 -0.002000 0.007071
v 0.007071 0.000000 0.007071
v 0.007660 -0.002000 0.006428
v 0.007660 0.000000 0.006428
v 0.008192 -0.002000 0.005736
v 0.008192 0.000000 0.005736
v 0.008660 -0.002000 0.005000
v 0.008660 0.000000 0.005000
v 0.009063 -0.002000 0.004226
v 0.009063 0.000000 0.004226
v 0.009397 -0.002000 0.003420
v 0.009397 0.000000 0.003420
v 0.009659 -0.002000 0.002588
v 0.009659 0.000000 0.002588
v 0.009848 -0.002000 0.001736
v 0.009848 0.000000 0.001736
v 0.009962 -0.002000 0.000872
v 0.009962 0.000000 0.000872
v 0.010000 -0.002000 0.000000
v 0.010000 0.000000 0.000000
v 0.009962 -0.002000 -0.000872
v 0.009962 0.000000 -0.000872
v 0.009848 -0.002000 -0.001736
v 0.009848 0.000000 -0.001736
v 0.009782 -0.002000 -0.002077
v 0.009659 -0.002000 -0.002588
v -0.002048 -0.002000 0.001434
v -0.002076 -0.002000 0.001392
v -0.002165 -0.002000 0.001250
v -0.002266 -0.002000 0.001057
v -0.002349 -0.002000 0.000855
v -0.002415 -0.002000 0.000647
v -0.002462 -0.002000 0.000434
v -0.002490 -0.002000 0.000218
v -0.002500 -0.002000 -0.000000
v -0.002490 -0.002000 -0.000218
v -0.002462 -0.002000 -0.000434
v -0.002415 -0.002000 -0.000647
v -0.002349 -0.002000 -0.000855
v -0.002266 -0.002000 -0.001057
v -0.002165 -0.002000 -0.001250
v -0.002048 -0.002000 -0.001434
v -0.001915 -0.002000 -0.001607
v -0.001768 -0.002000 -0.001768
v -0.001607 -0.002000 -0.001915
v -0.001434 -0.002000 -0.002048
v -0.001250 -0.002000 -0.002165
v -0.001057 -0.002000 -0.002266
v -0.000855 -0.002000 -0.002349
v -0.000647 -0.002000 -0.002415
v -0.000434 -0.002000 -0.002462
v -0.000218 -0.002000 -0.002490
v 0.000000 -0.002000 -0.002500
v 0.000218 -0.002000 -0.002490
v 0.000434 -0.002000 -0.002462
v 0.000647 -0.002000 -0.002415
v 0.000855 -0.002000 -0.002349
v 0.001057 -0.002000 -0.002266
v 0.001250 -0.002000 -0.002165
v 0.001392 -0.002000 -0.002076
v -0.001915 -0.002000 0.001607
v -0.001768 -0.002000 0.001768
v -0.001607 -0.002000 0.001915
v -0.001434 -0.002000 0.002048
v -0.001250 -0.002000 0.002165
v -0.001057 -0.002000 0.002266
v -0.000855 -0.002000 0.002349
v -0.000647 -0.002000 0.002415
v -0.000434 -0.002000 0.002462
v -0.000218 -0.002000 0.002490
v 0.000000 -0.002000 0.002500
v 0.000218 -0.002000 0.002490
v 0.000434 -0.002000 0.002462
v 0.000647 -0.002000 0.002415
v 0.000855 -0.002000 0.002349
v 0.001057 -0.002000 0.002266
v 0.001250 -0.002000 0.002165
v 0.001434 -0.002000 0.002048
v 0.001607 -0.002000 0.001915
v 0.001768 -0.002000 0.001768
v 0.001915 -0.002000 0.001607
v 0.002048 -0.002000 0.001434
v 0.002165 -0.002000 0.001250
v 0.002266 -0.002000 0.001057
v 0.002349 -0.002000 0.000855
v 0.002415 -0.002000 0.000647
v 0.002462 -0.002000 0.000434
v 0.002490 -0.002000 0.000218
v 0.002500 -0.002000 0.000000
v 0.002490 -0.002000 -0.000218
v 0.002462 -0.002000 -0.000434
v 0.002415 -0.002000 -0.000647
v 0.002349 -0.002000 -0.000855
v 0.002266 -0.002000 -0.001057
v 0.002165 -0.002000 -0.001250
v 0.002048 -0.002000 -0.001434
v 0.001915 -0.002000 -0.001607
v 0.001768 -0.002000 -0.001768
v 0.001607 -0.002000 -0.001915
v 0.001434 -0.002000 -0.002048
v -0.002075 -0.002000 -0.002075
# 1957 vertices, 0 vertices normals

f 1 2 3
f 4 5 6
f 7 8 6
f 9 10 11
f 12 13 14
f 6 15 16
f 15 17 16
f 16 17 18
f 19 20 21
f 22 23 24
f 25 26 3
f 27 28 6
f 29 30 7
f 19 21 31
f 32 33 34
f 35 36 37
f 36 38 37
f 39 40 41
f 40 42 41
f 41 42 21
f 25 3 43
f 44 45 46
f 45 3 46
f 46 3 47
f 48 49 50
f 49 51 50
f 18 52 16
f 52 53 16
f 16 53 54
f 4 6 55
f 6 16 55
f 55 16 56
f 8 57 6
f 57 58 6
f 6 58 59
f 60 61 62
f 63 50 64
f 50 54 64
f 63 65 50
f 65 66 50
f 50 66 67
f 66 35 67
f 47 3 68
f 3 2 68
f 68 2 69
f 70 71 72
f 14 73 12
f 73 74 12
f 12 74 75
f 76 77 12
f 78 79 80
f 29 7 81
f 82 83 84
f 85 20 86
f 20 87 86
f 86 87 88
f 89 90 91
f 92 93 94
f 95 96 97
f 96 98 97
f 97 98 99
f 100 101 24
f 24 23 41
f 23 102 41
f 41 102 39
f 103 104 105
f 104 106 105
f 105 106 26
f 106 107 26
f 26 107 3
f 107 108 3
f 3 108 109
f 110 111 112
f 111 113 112
f 113 114 112
f 112 114 115
f 115 116 112
f 116 117 112
f 112 117 118
f 119 120 112
f 120 121 112
f 112 121 122
f 123 50 124
f 50 51 124
f 124 51 72
f 51 125 72
f 72 125 70
f 75 126 12
f 126 127 12
f 12 127 128
f 123 14 50
f 14 13 50
f 50 13 54
f 13 129 54
f 54 129 16
f 130 131 56
f 5 132 6
f 132 133 6
f 6 133 134
f 28 135 6
f 135 136 6
f 6 136 7
f 136 137 7
f 7 137 81
f 59 58 84
f 58 138 84
f 84 138 82
f 139 140 21
f 140 141 21
f 21 141 142
f 143 144 145
f 146 147 145
f 147 148 145
f 148 149 145
f 149 94 145
f 145 94 150
f 94 93 150
f 95 97 62
f 97 151 62
f 62 151 60
f 152 153 154
f 34 155 156
f 156 157 34
f 157 158 34
f 34 158 159
f 35 66 36
f 66 160 36
f 36 160 161
f 160 162 161
f 161 162 163
f 164 165 38
f 165 166 38
f 38 166 37
f 167 168 169
f 170 171 10
f 10 172 173
f 174 175 10
f 175 176 10
f 10 176 11
f 2 177 69
f 177 178 69
f 69 178 179
f 180 181 182
f 44 46 183
f 46 184 183
f 183 184 185
f 186 187 112
f 187 188 112
f 112 188 189
f 72 190 191
f 128 192 12
f 192 193 12
f 12 193 76
f 79 194 80
f 194 195 80
f 80 195 196
f 197 198 56
f 198 199 56
f 56 199 200
f 131 201 56
f 201 202 56
f 56 202 55
f 134 203 6
f 203 204 6
f 6 204 27
f 205 206 207
f 208 30 209
f 30 210 209
f 208 211 30
f 211 212 30
f 30 212 7
f 83 213 84
f 213 214 84
f 84 214 215
f 142 216 21
f 216 217 21
f 21 217 218
f 219 59 220
f 59 221 220
f 219 222 59
f 222 223 59
f 59 223 6
f 99 86 97
f 86 88 97
f 97 88 145
f 88 224 145
f 145 224 143
f 89 91 94
f 91 225 94
f 94 225 92
f 61 60 154
f 60 226 154
f 154 226 227
f 153 228 154
f 228 229 154
f 154 229 230
f 231 232 233
f 234 61 235
f 61 236 235
f 234 237 61
f 237 238 61
f 61 238 62
f 38 239 240
f 240 241 38
f 241 242 38
f 38 242 243
f 243 244 38
f 244 245 38
f 38 245 164
f 101 246 24
f 246 247 24
f 24 247 248
f 249 250 24
f 250 251 24
f 24 251 22
f 42 43 21
f 43 3 21
f 21 3 139
f 3 169 139
f 139 169 252
f 169 168 252
f 253 105 254
f 105 255 254
f 1 3 256
f 3 109 256
f 256 109 10
f 109 257 10
f 10 257 170
f 179 258 69
f 258 259 69
f 69 259 260
f 185 261 183
f 261 262 183
f 183 262 263
f 48 50 112
f 50 264 112
f 112 264 186
f 189 265 112
f 265 266 112
f 112 266 110
f 267 268 269
f 268 270 269
f 122 271 112
f 271 270 112
f 112 270 272
f 270 268 272
f 71 273 72
f 273 274 72
f 72 274 190
f 191 275 72
f 275 276 72
f 72 276 277
f 72 278 279
f 280 281 72
f 281 282 72
f 282 283 72
f 283 284 72
f 72 284 285
f 77 286 12
f 286 287 12
f 12 287 288
f 288 289 12
f 289 80 12
f 12 80 290
f 80 196 290
f 291 292 293
f 292 56 293
f 292 294 56
f 294 295 56
f 56 295 296
f 200 297 56
f 297 298 56
f 56 298 299
f 30 300 210
f 300 205 210
f 210 205 301
f 205 207 301
f 215 302 84
f 302 303 84
f 84 303 304
f 303 305 304
f 306 307 308
f 218 309 21
f 309 310 21
f 21 310 311
f 311 312 21
f 312 313 21
f 21 313 31
f 85 314 20
f 314 315 20
f 20 315 21
f 315 316 21
f 21 316 317
f 318 319 145
f 319 320 145
f 145 320 146
f 321 322 323
f 227 324 154
f 324 325 154
f 154 325 326
f 326 327 154
f 327 328 154
f 154 328 152
f 231 233 329
f 233 330 329
f 329 330 331
f 159 332 34
f 332 333 34
f 34 333 334
f 334 335 34
f 335 336 34
f 34 336 32
f 337 338 61
f 163 339 161
f 339 155 161
f 161 155 340
f 155 34 340
f 340 34 341
f 34 342 341
f 341 342 343
f 342 344 343
f 343 344 345
f 346 347 348
f 349 350 38
f 350 351 38
f 38 351 239
f 100 24 352
f 24 353 352
f 352 353 354
f 24 355 356
f 357 105 358
f 105 359 358
f 357 360 105
f 360 361 105
f 105 361 255
f 253 362 105
f 362 363 105
f 105 363 103
f 171 364 10
f 364 365 10
f 10 365 172
f 173 366 10
f 366 367 10
f 10 367 174
f 263 368 183
f 368 369 183
f 183 369 370
f 371 372 373
f 370 374 183
f 374 373 183
f 183 373 375
f 373 376 375
f 118 377 112
f 377 378 112
f 112 378 379
f 277 380 72
f 380 381 72
f 72 381 382
f 382 383 72
f 383 384 72
f 72 384 278
f 279 385 72
f 385 386 72
f 72 386 280
f 72 387 388
f 387 389 388
f 390 391 392
f 391 393 392
f 392 393 394
f 395 396 80
f 396 397 80
f 80 397 78
f 296 398 56
f 398 399 56
f 56 399 197
f 299 400 56
f 400 401 56
f 56 401 402
f 402 403 56
f 403 404 56
f 56 404 405
f 405 406 56
f 406 407 56
f 56 407 408
f 205 409 206
f 409 410 206
f 206 410 411
f 410 412 411
f 413 414 415
f 414 416 415
f 317 417 21
f 417 418 21
f 21 418 419
f 419 420 21
f 420 421 21
f 21 421 422
f 422 423 21
f 423 424 21
f 21 424 425
f 144 426 145
f 426 427 145
f 145 427 318
f 90 428 91
f 428 321 91
f 91 321 429
f 321 323 429
f 230 430 154
f 430 329 154
f 154 329 431
f 329 432 431
f 338 433 61
f 433 434 61
f 61 434 435
f 345 436 343
f 436 437 343
f 343 437 438
f 354 439 352
f 439 440 352
f 352 440 441
f 248 442 24
f 442 443 24
f 24 443 355
f 356 444 24
f 444 445 24
f 24 445 446
f 446 447 24
f 447 448 24
f 24 448 249
f 449 450 451
f 451 452 449
f 452 453 449
f 449 453 454
f 454 455 449
f 455 456 449
f 449 456 169
f 456 457 169
f 169 457 167
f 458 459 105
f 459 460 105
f 461 462 463
f 462 464 463
f 463 464 465
f 465 464 466
f 464 467 466
f 466 467 468
f 468 469 466
f 469 470 466
f 466 470 471
f 11 472 9
f 472 466 9
f 9 466 473
f 466 471 473
f 181 474 182
f 474 475 182
f 182 475 476
f 477 478 259
f 478 479 259
f 479 480 259
f 480 481 259
f 259 481 482
f 482 483 259
f 483 484 259
f 259 484 260
f 379 485 112
f 485 486 112
f 112 486 119
f 285 487 72
f 487 488 72
f 72 488 387
f 390 392 80
f 392 489 80
f 80 489 395
f 408 490 56
f 490 491 56
f 56 491 130
f 412 410 492
f 410 493 492
f 492 493 494
f 413 415 308
f 415 495 308
f 308 495 306
f 496 497 498
f 305 499 304
f 499 415 304
f 304 415 500
f 415 416 500
f 425 501 21
f 501 502 21
f 21 502 503
f 502 504 503
f 503 504 59
f 504 505 59
f 59 505 221
f 506 507 508
f 507 509 508
f 508 509 321
f 509 510 321
f 321 510 322
f 232 511 512
f 512 513 232
f 513 514 232
f 232 514 515
f 515 516 232
f 516 517 232
f 232 517 233
f 331 518 329
f 518 519 329
f 329 519 432
f 33 520 34
f 520 521 34
f 34 521 522
f 521 523 522
f 522 523 61
f 523 524 61
f 61 524 337
f 435 525 61
f 525 526 61
f 61 526 236
f 438 527 343
f 527 528 343
f 343 528 529
f 530 531 343
f 531 532 343
f 343 532 533
f 534 535 533
f 535 536 533
f 533 536 537
f 537 538 533
f 538 539 533
f 533 539 343
f 346 348 38
f 348 540 38
f 38 540 541
f 449 542 450
f 542 543 450
f 450 543 544
f 543 545 544
f 460 546 105
f 546 547 105
f 105 547 548
f 548 549 105
f 549 550 105
f 105 550 551
f 461 463 552
f 463 553 552
f 552 553 554
f 476 555 182
f 555 556 182
f 182 556 557
f 557 558 182
f 558 559 182
f 182 559 560
f 180 182 259
f 182 561 259
f 259 561 477
f 562 563 564
f 563 565 564
f 564 565 566
f 562 564 373
f 564 567 373
f 373 567 371
f 372 568 373
f 568 569 373
f 373 569 376
f 496 498 307
f 498 570 307
f 307 570 571
f 529 572 343
f 572 573 343
f 343 573 530
f 347 574 348
f 574 575 348
f 348 575 576
f 541 577 38
f 577 578 38
f 38 578 579
f 458 580 459
f 580 581 459
f 459 581 582
f 582 583 459
f 583 584 459
f 459 584 585
f 551 586 105
f 586 587 105
f 105 587 359
f 560 588 182
f 588 589 182
f 182 589 590
f 591 592 593
f 497 594 498
f 594 595 498
f 498 595 596
f 571 597 307
f 597 598 307
f 307 598 308
f 599 600 601
f 576 602 348
f 602 603 348
f 348 603 604
f 579 605 38
f 605 606 38
f 38 606 349
f 593 607 591
f 607 608 591
f 591 608 609
f 566 610 564
f 610 591 564
f 564 591 611
f 591 609 611
f 612 613 533
f 613 614 533
f 533 614 534
f 612 615 613
f 615 599 613
f 613 599 616
f 599 601 616
f 617 618 619
f 619 618 620
f 621 622 623
f 624 625 626
f 627 628 629
f 630 631 632
f 633 634 625
f 635 636 637
f 638 639 640
f 641 625 642
f 625 643 642
f 618 644 645
f 646 647 648
f 647 649 648
f 648 649 650
f 651 649 652
f 649 653 652
f 652 653 654
f 655 656 618
f 633 625 657
f 625 641 657
f 657 641 658
f 641 632 658
f 658 632 659
f 660 661 641
f 661 662 641
f 641 662 663
f 662 620 663
f 663 620 664
f 620 618 664
f 664 618 665
f 618 666 665
f 623 622 667
f 629 668 619
f 668 669 619
f 617 619 670
f 619 669 670
f 670 669 671
f 669 672 671
f 671 672 673
f 631 674 632
f 674 675 632
f 632 675 676
f 626 625 677
f 678 636 679
f 636 680 679
f 679 680 618
f 680 681 618
f 618 681 644
f 682 683 684
f 683 685 684
f 651 686 687
f 686 688 687
f 687 688 689
f 688 690 689
f 689 690 691
f 642 692 641
f 692 693 641
f 641 693 694
f 694 695 641
f 695 696 641
f 641 696 697
f 698 628 699
f 628 700 699
f 699 700 701
f 698 702 628
f 702 667 628
f 628 667 629
f 667 622 629
f 703 704 632
f 704 705 632
f 705 706 632
f 706 707 632
f 632 707 708
f 632 709 710
f 676 711 632
f 711 712 632
f 632 712 659
f 643 713 642
f 713 714 642
f 642 714 715
f 678 716 636
f 716 717 636
f 636 717 718
f 718 719 636
f 719 720 636
f 636 720 721
f 685 722 684
f 722 723 684
f 684 723 724
f 725 726 727
f 728 653 729
f 653 730 729
f 731 732 653
f 732 733 653
f 653 733 654
f 651 687 649
f 687 734 649
f 649 734 735
f 736 737 618
f 737 738 618
f 739 740 618
f 740 741 618
f 618 741 666
f 742 743 672
f 743 744 672
f 708 745 632
f 745 746 632
f 632 746 709
f 710 747 632
f 747 748 632
f 632 748 749
f 749 750 632
f 750 751 632
f 632 751 630
f 752 753 754
f 755 640 634
f 640 639 634
f 634 639 625
f 639 756 625
f 625 756 757
f 715 758 642
f 758 759 642
f 642 759 760
f 721 761 636
f 761 762 636
f 636 762 763
f 684 764 765
f 765 766 684
f 766 767 684
f 684 767 768
f 769 770 771
f 770 772 771
f 771 772 773
f 725 727 774
f 728 775 653
f 775 776 653
f 653 776 731
f 697 777 641
f 777 778 641
f 641 778 779
f 738 780 618
f 780 781 618
f 618 781 655
f 656 782 618
f 782 783 618
f 618 783 739
f 784 785 786
f 787 788 786
f 788 789 786
f 786 789 790
f 791 792 623
f 792 793 623
f 623 793 621
f 794 795 703
f 795 796 703
f 703 796 704
f 794 797 795
f 797 798 795
f 795 798 799
f 677 625 800
f 625 757 800
f 800 757 801
f 757 802 801
f 801 802 803
f 804 805 626
f 805 806 626
f 626 806 624
f 763 807 636
f 807 808 636
f 636 808 809
f 810 811 636
f 811 812 636
f 636 812 813
f 724 814 684
f 814 815 684
f 684 815 816
f 817 818 684
f 818 819 684
f 682 684 645
f 684 646 645
f 645 646 618
f 646 648 618
f 618 648 736
f 648 820 736
f 736 820 771
f 820 821 771
f 771 821 769
f 773 822 771
f 822 823 771
f 771 823 824
f 825 826 827
f 726 828 727
f 828 829 727
f 727 829 830
f 829 831 830
f 832 833 834
f 835 836 837
f 690 838 839
f 779 840 641
f 840 841 641
f 641 841 660
f 627 629 842
f 629 619 842
f 842 619 786
f 619 843 786
f 786 843 844
f 785 845 786
f 845 846 786
f 786 846 787
f 847 700 848
f 700 849 848
f 850 851 852
f 853 854 855
f 856 857 672
f 857 858 672
f 672 858 742
f 744 859 672
f 859 860 672
f 672 860 861
f 672 862 863
f 640 864 638
f 864 865 638
f 638 865 866
f 866 867 638
f 867 868 638
f 638 868 869
f 869 870 638
f 870 871 638
f 638 871 872
f 872 873 638
f 873 874 638
f 638 874 875
f 876 877 759
f 877 878 759
f 759 878 760
f 876 879 877
f 879 880 877
f 877 880 881
f 813 882 636
f 882 883 636
f 636 883 637
f 884 637 885
f 637 886 885
f 884 887 637
f 887 888 637
f 637 888 635
f 816 889 684
f 889 890 684
f 684 890 891
f 891 892 684
f 892 893 684
f 684 893 817
f 819 894 684
f 894 895 684
f 684 895 764
f 896 897 768
f 897 898 768
f 768 898 899
f 899 900 768
f 900 901 768
f 768 901 684
f 902 903 904
f 904 905 902
f 905 906 902
f 902 906 771
f 730 653 727
f 653 907 727
f 727 907 774
f 826 908 827
f 908 909 827
f 827 909 910
f 909 911 912
f 838 690 834
f 690 913 834
f 834 913 832
f 833 914 834
f 914 915 834
f 834 915 916
f 650 649 917
f 649 735 917
f 917 735 918
f 735 919 918
f 918 919 920
f 920 921 918
f 921 922 918
f 918 922 923
f 924 925 918
f 925 926 918
f 918 926 927
f 844 928 786
f 928 929 786
f 786 929 930
f 930 931 786
f 931 932 786
f 786 932 784
f 789 933 790
f 933 934 790
f 790 934 935
f 935 936 790
f 936 937 790
f 790 937 938
f 938 939 790
f 939 940 790
f 790 940 941
f 942 943 700
f 943 944 700
f 700 944 701
f 623 945 791
f 945 946 791
f 791 946 947
f 947 948 791
f 948 949 791
f 791 949 950
f 950 951 791
f 951 952 791
f 791 952 953
f 852 954 955
f 955 956 852
f 956 957 852
f 852 957 958
f 959 960 961
f 960 853 961
f 961 853 962
f 853 855 962
f 963 964 672
f 964 965 672
f 861 966 672
f 966 967 672
f 672 967 862
f 863 968 672
f 968 969 672
f 672 969 673
f 754 970 971
f 753 972 754
f 972 973 754
f 754 973 974
f 975 976 977
f 804 977 978
f 881 979 877
f 979 980 877
f 877 980 981
f 980 982 981
f 809 983 636
f 983 984 636
f 636 984 810
f 824 985 771
f 985 986 771
f 771 986 902
f 831 829 827
f 829 987 827
f 827 987 825
f 912 988 909
f 988 989 909
f 909 989 910
f 916 915 837
f 915 990 837
f 837 990 835
f 839 991 690
f 991 992 690
f 690 992 993
f 993 994 690
f 994 995 690
f 690 995 996
f 997 998 918
f 998 999 918
f 918 1000 1001
f 927 1002 918
f 1002 1003 918
f 918 1003 1004
f 918 1005 1006
f 1006 1007 918
f 1007 1008 918
f 918 1008 1009
f 1010 1011 1012
f 1011 1013 1012
f 941 1014 790
f 1014 1013 790
f 790 1013 1015
f 1013 1011 1015
f 1016 1017 1018
f 847 1019 700
f 1019 1020 700
f 700 1020 942
f 958 1021 852
f 1021 791 852
f 852 791 1022
f 791 953 1022
f 852 1023 1024
f 851 1025 852
f 1025 1026 852
f 852 1026 954
f 963 672 961
f 672 1027 961
f 961 1027 959
f 1028 1029 754
f 1029 1030 754
f 754 1030 752
f 974 1031 754
f 1031 1032 754
f 754 1032 1033
f 754 1034 1035
f 875 1036 638
f 1036 1037 638
f 638 1037 1038
f 1039 1040 638
f 1040 1041 638
f 1042 1043 802
f 1043 1044 802
f 1045 1046 802
f 1046 1047 802
f 802 1047 803
f 978 1048 804
f 1048 1049 804
f 804 1049 1050
f 1050 1051 804
f 1051 1052 804
f 804 1052 1053
f 1054 1055 836
f 1055 1056 836
f 836 1056 837
f 996 1057 690
f 1057 1058 690
f 690 1058 691
f 999 1059 918
f 1059 1060 918
f 918 1060 1000
f 1001 1061 918
f 1061 1062 918
f 918 1062 924
f 1004 1063 918
f 1063 1064 918
f 918 1064 1005
f 700 1065 849
f 1065 1066 849
f 849 1066 1067
f 1024 1068 852
f 1068 1069 852
f 852 1069 850
f 965 1070 672
f 1070 1071 672
f 672 1071 856
f 1072 1073 754
f 1073 1074 754
f 754 1074 970
f 1072 1075 1073
f 1075 1076 1073
f 1073 1076 1077
f 971 1078 754
f 1078 1079 754
f 754 1079 1080
f 1033 1081 754
f 1081 1082 754
f 754 1082 1034
f 1035 1083 754
f 1083 1084 754
f 754 1084 634
f 1084 1085 634
f 634 1085 755
f 1086 1087 1088
f 1087 1089 1088
f 1088 1089 1090
f 1041 1091 638
f 1091 1088 638
f 638 1088 1092
f 1088 1090 1092
f 1093 1094 1095
f 1094 1096 1095
f 1095 1096 1097
f 1093 1095 802
f 1095 1098 802
f 802 1098 1042
f 1099 1100 802
f 1100 1101 802
f 802 1101 1045
f 1053 1102 804
f 1102 1103 804
f 804 1103 1104
f 1104 1105 804
f 1105 1106 804
f 804 1106 805
f 1054 1107 1055
f 1107 1108 1055
f 1055 1108 1109
f 1108 1110 1109
f 923 1111 918
f 1111 1112 918
f 918 1112 997
f 1067 1113 849
f 1113 1114 849
f 849 1114 1115
f 1017 1116 1018
f 1116 849 1018
f 1018 849 1117
f 849 1115 1117
f 1118 1119 1088
f 1119 1120 1088
f 1088 1120 1086
f 1097 1121 1095
f 1121 1122 1095
f 1095 1122 1123
f 1044 1124 802
f 1124 1125 802
f 802 1125 1099
f 804 1126 977
f 1126 1127 977
f 977 1127 1128
f 1129 1130 976
f 1130 1131 976
f 976 1131 977
f 1132 1133 1134
f 1080 1135 754
f 1135 1136 754
f 754 1136 1028
f 1038 1137 638
f 1137 1138 638
f 638 1138 1039
f 1139 1140 1141
f 1128 1142 977
f 1142 1143 977
f 977 1143 975
f 1129 1144 1130
f 1144 1145 1130
f 1130 1145 1146
f 1146 1147 1130
f 1147 1148 1130
f 1130 1148 1149
f 1150 1151 1018
f 1151 1152 1018
f 1018 1152 1016
f 1139 1153 1140
f 1153 1154 1140
f 1140 1154 1155
f 1123 1156 1095
f 1156 1139 1095
f 1095 1139 1157
f 1139 1141 1157
f 1150 1158 1151
f 1158 1159 1151
f 1151 1159 1134
f 1159 1160 1134
f 1134 1160 1132
f 806 805 60
f 805 226 60
f 804 154 431
f 804 431 1126
f 431 432 1126
f 1126 432 1127
f 432 519 1127
f 1127 519 1128
f 519 518 1128
f 1128 518 1142
f 518 331 1142
f 1142 331 1143
f 331 330 1143
f 1143 330 975
f 330 233 975
f 975 233 976
f 233 517 976
f 976 517 1129
f 517 516 1129
f 1129 516 1144
f 516 515 1144
f 1144 515 1145
f 515 514 1145
f 1145 514 1146
f 514 513 1146
f 1146 513 1147
f 513 512 1147
f 1147 512 1148
f 512 511 1148
f 1148 511 1149
f 511 232 1149
f 1149 232 1130
f 232 231 1130
f 1130 231 1131
f 231 329 1131
f 1131 329 977
f 329 430 977
f 977 430 978
f 430 230 978
f 978 230 1048
f 230 229 1048
f 1048 229 1049
f 229 228 1049
f 1049 228 1050
f 228 153 1050
f 1050 153 1051
f 153 152 1051
f 1051 152 1052
f 152 328 1052
f 1052 328 1053
f 328 327 1053
f 1053 327 1102
f 327 326 1102
f 1102 326 1103
f 326 325 1103
f 1103 325 1104
f 325 324 1104
f 1104 324 1105
f 324 227 1105
f 1105 227 1106
f 227 226 1106
f 1106 226 805
f 804 626 154
f 626 61 154
f 800 34 522
f 800 522 677
f 522 61 677
f 677 61 626
f 1161 1162 1163
f 1162 1164 1163
f 1163 1164 1165
f 1164 1166 1165
f 1165 1166 1167
f 1166 1168 1167
f 1167 1168 1169
f 1168 1170 1169
f 1169 1170 1171
f 1170 1172 1171
f 1171 1172 1173
f 1172 1174 1173
f 1173 1174 1175
f 1174 1176 1175
f 1175 1176 1177
f 1176 1178 1177
f 1177 1178 1179
f 1178 1180 1179
f 1179 1180 1181
f 1180 1182 1181
f 1181 1182 1183
f 1182 1184 1183
f 1183 1184 1185
f 1184 1186 1185
f 1185 1186 1187
f 1186 1188 1187
f 1187 1188 1189
f 1188 1190 1189
f 1189 1190 1191
f 1190 1192 1191
f 1191 1192 1193
f 1192 1194 1193
f 1193 1194 1195
f 1194 1196 1195
f 1195 1196 1197
f 1196 1198 1197
f 1197 1198 1199
f 1198 1200 1199
f 1199 1200 1201
f 1200 1202 1201
f 1201 1202 1203
f 1202 1204 1203
f 1203 1204 1205
f 1204 1206 1205
f 1205 1206 1207
f 1206 1208 1207
f 1207 1208 1209
f 1208 1210 1209
f 1209 1210 1211
f 1210 1212 1211
f 1211 1212 1213
f 1212 1214 1213
f 1213 1214 1215
f 1214 1216 1215
f 1215 1216 1217
f 1216 1218 1217
f 1217 1218 1219
f 1218 1220 1219
f 1219 1220 1221
f 1220 1222 1221
f 1221 1222 1223
f 1222 1224 1223
f 1223 1224 1225
f 1224 1226 1225
f 1225 1226 1227
f 1226 1228 1227
f 1227 1228 1229
f 1228 1230 1229
f 1229 1230 1231
f 1230 1232 1231
f 1231 1232 1233
f 1232 1234 1233
f 1233 1234 1235
f 1234 1236 1235
f 1235 1236 1237
f 1236 1238 1237
f 1237 1238 1239
f 1238 1240 1239
f 1239 1240 1241
f 1240 1242 1241
f 1241 1242 1243
f 1242 1244 1243
f 1243 1244 1245
f 1244 1246 1245
f 1245 1246 1247
f 1246 1248 1247
f 1247 1248 1249
f 1248 1250 1249
f 1249 1250 1251
f 1250 1252 1251
f 1251 1252 1253
f 1252 1254 1253
f 1253 1254 1255
f 1254 1256 1255
f 1255 1256 1257
f 1256 1258 1257
f 1257 1258 1259
f 1258 1260 1259
f 1259 1260 1261
f 1260 1262 1261
f 1261 1262 1263
f 1262 1264 1263
f 1263 1264 1265
f 1264 1266 1265
f 1265 1266 1267
f 1266 1268 1267
f 1267 1268 1269
f 1268 1270 1269
f 1269 1270 1271
f 1270 1272 1271
f 1271 1272 1273
f 1272 1274 1273
f 1273 1274 1275
f 1274 1276 1275
f 1275 1276 1277
f 1276 1278 1277
f 1277 1278 1279
f 1278 1280 1279
f 1279 1280 1281
f 1280 1282 1281
f 1281 1282 1283
f 1282 1284 1283
f 1283 1284 1285
f 1284 1286 1285
f 1285 1286 1287
f 1286 1288 1287
f 1287 1288 1289
f 1288 1290 1289
f 1289 1290 1291
f 1290 1292 1291
f 1291 1292 1293
f 1292 1294 1293
f 1293 1294 1295
f 1294 1296 1295
f 1295 1296 1297
f 1296 1298 1297
f 1297 1298 1299
f 1298 1300 1299
f 1299 1300 1301
f 1300 1302 1301
f 1301 1302 1303
f 1302 1304 1303
f 1303 1304 1161
f 1304 1162 1161
f 800 801 34
f 801 342 34
f 1305 1306 1307
f 1306 1308 1307
f 1307 1308 1309
f 1308 1310 1309
f 1309 1310 1311
f 1310 1312 1311
f 1311 1312 1313
f 1312 1314 1313
f 1313 1314 1315
f 1314 1316 1315
f 1315 1316 1317
f 1316 1318 1317
f 1317 1318 1319
f 1318 1320 1319
f 1319 1320 1321
f 1320 1322 1321
f 1321 1322 1323
f 1322 1324 1323
f 1323 1324 1325
f 1324 1326 1325
f 1325 1326 1327
f 1326 1328 1327
f 1327 1328 1329
f 1328 1330 1329
f 1329 1330 1331
f 1330 1332 1331
f 1331 1332 1333
f 1332 1334 1333
f 1333 1334 1335
f 1334 1336 1335
f 1335 1336 1337
f 1336 1338 1337
f 1337 1338 1339
f 1338 1340 1339
f 1339 1340 1341
f 1340 1342 1341
f 1341 1342 1343
f 1342 1344 1343
f 1343 1344 1345
f 1344 1346 1345
f 1345 1346 1347
f 1346 1348 1347
f 1347 1348 1349
f 1348 1350 1349
f 1349 1350 1351
f 1350 1352 1351
f 1351 1352 1353
f 1352 1354 1353
f 1353 1354 1355
f 1354 1356 1355
f 1355 1356 1357
f 1356 1358 1357
f 1357 1358 1359
f 1358 1360 1359
f 1359 1360 1361
f 1360 1362 1361
f 1361 1362 1363
f 1362 1364 1363
f 1363 1364 1365
f 1364 1366 1365
f 1365 1366 1367
f 1366 1368 1367
f 1367 1368 1369
f 1368 1370 1369
f 1369 1370 1371
f 1370 1372 1371
f 1371 1372 1373
f 1372 1374 1373
f 1373 1374 1375
f 1374 1376 1375
f 1375 1376 1377
f 1376 1378 1377
f 1377 1378 1379
f 1378 1380 1379
f 1379 1380 1381
f 1380 1382 1381
f 1381 1382 1383
f 1382 1384 1383
f 1383 1384 1385
f 1384 1386 1385
f 1385 1386 1387
f 1386 1388 1387
f 1387 1388 1389
f 1388 1390 1389
f 1389 1390 1391
f 1390 1392 1391
f 1391 1392 1393
f 1392 1394 1393
f 1393 1394 1395
f 1394 1396 1395
f 1395 1396 1397
f 1396 1398 1397
f 1397 1398 1399
f 1398 1400 1399
f 1399 1400 1401
f 1400 1402 1401
f 1401 1402 1403
f 1402 1404 1403
f 1403 1404 1405
f 1404 1406 1405
f 1405 1406 1407
f 1406 1408 1407
f 1407 1408 1409
f 1408 1410 1409
f 1409 1410 1411
f 1410 1412 1411
f 1411 1412 1413
f 1412 1414 1413
f 1413 1414 1415
f 1414 1416 1415
f 1415 1416 1417
f 1416 1418 1417
f 1417 1418 1419
f 1418 1420 1419
f 1419 1420 1421
f 1420 1422 1421
f 1421 1422 1423
f 1422 1424 1423
f 1423 1424 1425
f 1424 1426 1425
f 1425 1426 1427
f 1426 1428 1427
f 1427 1428 1429
f 1428 1430 1429
f 1429 1430 1431
f 1430 1432 1431
f 1431 1432 1433
f 1432 1434 1433
f 1433 1434 1435
f 1434 1436 1435
f 1435 1436 1437
f 1436 1438 1437
f 1437 1438 1439
f 1438 1440 1439
f 1439 1440 1441
f 1440 1442 1441
f 1441 1442 1443
f 1442 1444 1443
f 1443 1444 1445
f 1444 1446 1445
f 1445 1446 1447
f 1446 1448 1447
f 1447 1448 1305
f 1448 1306 1305
f 802 341 343
f 802 343 1093
f 343 539 1093
f 1093 539 1094
f 539 538 1094
f 1094 538 1096
f 538 537 1096
f 1096 537 1097
f 537 536 1097
f 1097 536 1121
f 536 535 1121
f 1121 535 1122
f 535 534 1122
f 1122 534 1123
f 534 614 1123
f 1123 614 1156
f 614 613 1156
f 1156 613 1139
f 613 616 1139
f 1139 616 1153
f 616 601 1153
f 1153 601 1154
f 601 600 1154
f 1154 600 1155
f 600 599 1155
f 1155 599 1140
f 599 615 1140
f 1140 615 1141
f 615 612 1141
f 1141 612 1157
f 612 533 1157
f 1157 533 1095
f 533 532 1095
f 1095 532 1098
f 532 531 1098
f 1098 531 1042
f 531 530 1042
f 1042 530 1043
f 530 573 1043
f 1043 573 1044
f 573 572 1044
f 1044 572 1124
f 572 529 1124
f 1124 529 1125
f 529 528 1125
f 1125 528 1099
f 528 527 1099
f 1099 527 1100
f 527 438 1100
f 1100 438 1101
f 438 437 1101
f 1101 437 1045
f 437 436 1045
f 1045 436 1046
f 436 345 1046
f 1046 345 1047
f 345 344 1047
f 1047 344 803
f 344 342 803
f 803 342 801
f 802 757 341
f 757 340 341
f 639 36 161
f 639 161 756
f 161 340 756
f 756 340 757
f 639 638 36
f 638 38 36
f 864 37 166
f 864 166 865
f 166 165 865
f 865 165 866
f 165 164 866
f 866 164 867
f 164 245 867
f 867 245 868
f 245 244 868
f 868 244 869
f 244 243 869
f 869 243 870
f 243 242 870
f 870 242 871
f 242 241 871
f 871 241 872
f 241 240 872
f 872 240 873
f 240 239 873
f 873 239 874
f 239 351 874
f 874 351 875
f 351 350 875
f 875 350 1036
f 350 349 1036
f 1036 349 1037
f 349 606 1037
f 1037 606 1038
f 606 605 1038
f 1038 605 1137
f 605 579 1137
f 1137 579 1138
f 579 578 1138
f 1138 578 1039
f 578 577 1039
f 1039 577 1040
f 577 541 1040
f 1040 541 1041
f 541 540 1041
f 1041 540 1091
f 540 348 1091
f 1091 348 1088
f 348 604 1088
f 1088 604 1118
f 604 603 1118
f 1118 603 1119
f 603 602 1119
f 1119 602 1120
f 602 576 1120
f 1120 576 1086
f 576 575 1086
f 1086 575 1087
f 575 574 1087
f 1087 574 1089
f 574 347 1089
f 1089 347 1090
f 347 346 1090
f 1090 346 1092
f 346 38 1092
f 1092 38 638
f 864 640 37
f 640 35 37
f 1085 50 67
f 1085 67 755
f 67 35 755
f 755 35 640
f 1085 1084 50
f 1084 264 50
f 754 112 272
f 754 272 1072
f 272 268 1072
f 1072 268 1075
f 268 267 1075
f 1075 267 1076
f 267 269 1076
f 1076 269 1077
f 269 270 1077
f 1077 270 1073
f 270 271 1073
f 1073 271 1074
f 271 122 1074
f 1074 122 970
f 122 121 970
f 970 121 971
f 121 120 971
f 971 120 1078
f 120 119 1078
f 1078 119 1079
f 119 486 1079
f 1079 486 1080
f 486 485 1080
f 1080 485 1135
f 485 379 1135
f 1135 379 1136
f 379 378 1136
f 1136 378 1028
f 378 377 1028
f 1028 377 1029
f 377 118 1029
f 1029 118 1030
f 118 117 1030
f 1030 117 752
f 117 116 752
f 752 116 753
f 116 115 753
f 753 115 972
f 115 114 972
f 972 114 973
f 114 113 973
f 973 113 974
f 113 111 974
f 974 111 1031
f 111 110 1031
f 1031 110 1032
f 110 266 1032
f 1032 266 1033
f 266 265 1033
f 1033 265 1081
f 265 189 1081
f 1081 189 1082
f 189 188 1082
f 1082 188 1034
f 188 187 1034
f 1034 187 1035
f 187 186 1035
f 1035 186 1083
f 186 264 1083
f 1083 264 1084
f 657 51 49
f 657 49 633
f 49 48 633
f 633 48 634
f 657 658 51
f 658 125 51
f 632 72 388
f 632 388 703
f 388 389 703
f 703 389 794
f 389 387 794
f 794 387 797
f 387 488 797
f 797 488 798
f 488 487 798
f 798 487 799
f 487 285 799
f 799 285 795
f 285 284 795
f 795 284 796
f 284 283 796
f 796 283 704
f 283 282 704
f 704 282 705
f 282 281 705
f 705 281 706
f 281 280 706
f 706 280 707
f 280 386 707
f 707 386 708
f 386 385 708
f 708 385 745
f 385 279 745
f 745 279 746
f 279 278 746
f 746 278 709
f 278 384 709
f 709 384 710
f 384 383 710
f 710 383 747
f 383 382 747
f 747 382 748
f 382 381 748
f 748 381 749
f 381 380 749
f 749 380 750
f 380 277 750
f 750 277 751
f 277 276 751
f 751 276 630
f 276 275 630
f 630 275 631
f 275 191 631
f 631 191 674
f 191 190 674
f 674 190 675
f 190 274 675
f 675 274 676
f 274 273 676
f 676 273 711
f 273 71 711
f 711 71 712
f 71 70 712
f 712 70 659
f 70 125 659
f 659 125 658
f 632 641 72
f 641 124 72
f 664 14 123
f 664 123 663
f 123 124 663
f 663 124 641
f 664 665 14
f 665 73 14
f 820 12 290
f 820 290 821
f 290 196 821
f 821 196 769
f 196 195 769
f 769 195 770
f 195 194 770
f 770 194 772
f 194 79 772
f 772 79 773
f 79 78 773
f 773 78 822
f 78 397 822
f 822 397 823
f 397 396 823
f 823 396 824
f 396 395 824
f 824 395 985
f 395 489 985
f 985 489 986
f 489 392 986
f 986 392 902
f 392 394 902
f 902 394 903
f 394 393 903
f 903 393 904
f 393 391 904
f 904 391 905
f 391 390 905
f 905 390 906
f 390 80 906
f 906 80 771
f 80 289 771
f 771 289 736
f 289 288 736
f 736 288 737
f 288 287 737
f 737 287 738
f 287 286 738
f 738 286 780
f 286 77 780
f 780 77 781
f 77 76 781
f 781 76 655
f 76 193 655
f 655 193 656
f 193 192 656
f 656 192 782
f 192 128 782
f 782 128 783
f 128 127 783
f 783 127 739
f 127 126 739
f 739 126 740
f 126 75 740
f 740 75 741
f 75 74 741
f 741 74 666
f 74 73 666
f 666 73 665
f 820 648 12
f 648 13 12
f 1449 1450 1451
f 1450 1452 1451
f 1451 1452 1453
f 1452 1454 1453
f 1453 1454 1455
f 1454 1456 1455
f 1455 1456 1457
f 1456 1458 1457
f 1457 1458 1459
f 1458 1460 1459
f 1459 1460 1461
f 1460 1462 1461
f 1461 1462 1463
f 1462 1464 1463
f 1463 1464 1465
f 1464 1466 1465
f 1465 1466 1467
f 1466 1468 1467
f 1467 1468 1469
f 1468 1470 1469
f 1469 1470 1471
f 1470 1472 1471
f 1471 1472 1473
f 1472 1474 1473
f 1473 1474 1475
f 1474 1476 1475
f 1475 1476 1477
f 1476 1478 1477
f 1477 1478 1479
f 1478 1480 1479
f 1479 1480 1481
f 1480 1482 1481
f 1481 1482 1483
f 1482 1484 1483
f 1483 1484 1485
f 1484 1486 1485
f 1485 1486 1487
f 1486 1488 1487
f 1487 1488 1489
f 1488 1490 1489
f 1489 1490 1491
f 1490 1492 1491
f 1491 1492 1493
f 1492 1494 1493
f 1493 1494 1495
f 1494 1496 1495
f 1495 1496 1497
f 1496 1498 1497
f 1497 1498 1499
f 1498 1500 1499
f 1499 1500 1501
f 1500 1502 1501
f 1501 1502 1503
f 1502 1504 1503
f 1503 1504 1505
f 1504 1506 1505
f 1505 1506 1507
f 1506 1508 1507
f 1507 1508 1509
f 1508 1510 1509
f 1509 1510 1511
f 1510 1512 1511
f 1511 1512 1513
f 1512 1514 1513
f 1513 1514 1515
f 1514 1516 1515
f 1515 1516 1517
f 1516 1518 1517
f 1517 1518 1519
f 1518 1520 1519
f 1519 1520 1521
f 1520 1522 1521
f 1521 1522 1523
f 1522 1524 1523
f 1523 1524 1525
f 1524 1526 1525
f 1525 1526 1527
f 1526 1528 1527
f 1527 1528 1529
f 1528 1530 1529
f 1529 1530 1531
f 1530 1532 1531
f 1531 1532 1533
f 1532 1534 1533
f 1533 1534 1535
f 1534 1536 1535
f 1535 1536 1537
f 1536 1538 1537
f 1537 1538 1539
f 1538 1540 1539
f 1539 1540 1541
f 1540 1542 1541
f 1541 1542 1543
f 1542 1544 1543
f 1543 1544 1545
f 1544 1546 1545
f 1545 1546 1547
f 1546 1548 1547
f 1547 1548 1549
f 1548 1550 1549
f 1549 1550 1551
f 1550 1552 1551
f 1551 1552 1553
f 1552 1554 1553
f 1553 1554 1555
f 1554 1556 1555
f 1555 1556 1557
f 1556 1558 1557
f 1557 1558 1559
f 1558 1560 1559
f 1559 1560 1561
f 1560 1562 1561
f 1561 1562 1563
f 1562 1564 1563
f 1563 1564 1565
f 1564 1566 1565
f 1565 1566 1567
f 1566 1568 1567
f 1567 1568 1569
f 1568 1570 1569
f 1569 1570 1571
f 1570 1572 1571
f 1571 1572 1573
f 1572 1574 1573
f 1573 1574 1575
f 1574 1576 1575
f 1575 1576 1577
f 1576 1578 1577
f 1577 1578 1579
f 1578 1580 1579
f 1579 1580 1581
f 1580 1582 1581
f 1581 1582 1583
f 1582 1584 1583
f 1583 1584 1585
f 1584 1586 1585
f 1585 1586 1587
f 1586 1588 1587
f 1587 1588 1589
f 1588 1590 1589
f 1589 1590 1591
f 1590 1592 1591
f 1591 1592 1449
f 1592 1450 1449
f 917 16 129
f 917 129 650
f 129 13 650
f 650 13 648
f 917 918 16
f 918 56 16
f 919 202 201
f 919 201 920
f 201 131 920
f 920 131 921
f 131 130 921
f 921 130 922
f 130 491 922
f 922 491 923
f 491 490 923
f 923 490 1111
f 490 408 1111
f 1111 408 1112
f 408 407 1112
f 1112 407 997
f 407 406 997
f 997 406 998
f 406 405 998
f 998 405 999
f 405 404 999
f 999 404 1059
f 404 403 1059
f 1059 403 1060
f 403 402 1060
f 1060 402 1000
f 402 401 1000
f 1000 401 1001
f 401 400 1001
f 1001 400 1061
f 400 299 1061
f 1061 299 1062
f 299 298 1062
f 1062 298 924
f 298 297 924
f 924 297 925
f 297 200 925
f 925 200 926
f 200 199 926
f 926 199 927
f 199 198 927
f 927 198 1002
f 198 197 1002
f 1002 197 1003
f 197 399 1003
f 1003 399 1004
f 399 398 1004
f 1004 398 1063
f 398 296 1063
f 1063 296 1064
f 296 295 1064
f 1064 295 1005
f 295 294 1005
f 1005 294 1006
f 294 292 1006
f 1006 292 1007
f 292 291 1007
f 1007 291 1008
f 291 293 1008
f 1008 293 1009
f 293 56 1009
f 1009 56 918
f 919 735 202
f 735 55 202
f 1593 1594 1595
f 1594 1596 1595
f 1595 1596 1597
f 1596 1598 1597
f 1597 1598 1599
f 1598 1600 1599
f 1599 1600 1601
f 1600 1602 1601
f 1601 1602 1603
f 1602 1604 1603
f 1603 1604 1605
f 1604 1606 1605
f 1605 1606 1607
f 1606 1608 1607
f 1607 1608 1609
f 1608 1610 1609
f 1609 1610 1611
f 1610 1612 1611
f 1611 1612 1613
f 1612 1614 1613
f 1613 1614 1615
f 1614 1616 1615
f 1615 1616 1617
f 1616 1618 1617
f 1617 1618 1619
f 1618 1620 1619
f 1619 1620 1621
f 1620 1622 1621
f 1621 1622 1623
f 1622 1624 1623
f 1623 1624 1625
f 1624 1626 1625
f 1625 1626 1627
f 1626 1628 1627
f 1627 1628 1629
f 1628 1630 1629
f 1629 1630 1631
f 1630 1632 1631
f 1631 1632 1633
f 1632 1634 1633
f 1633 1634 1635
f 1634 1636 1635
f 1635 1636 1637
f 1636 1638 1637
f 1637 1638 1639
f 1638 1640 1639
f 1639 1640 1641
f 1640 1642 1641
f 1641 1642 1643
f 1642 1644 1643
f 1643 1644 1645
f 1644 1646 1645
f 1645 1646 1647
f 1646 1648 1647
f 1647 1648 1649
f 1648 1650 1649
f 1649 1650 1651
f 1650 1652 1651
f 1651 1652 1653
f 1652 1654 1653
f 1653 1654 1655
f 1654 1656 1655
f 1655 1656 1657
f 1656 1658 1657
f 1657 1658 1659
f 1658 1660 1659
f 1659 1660 1661
f 1660 1662 1661
f 1661 1662 1663
f 1662 1664 1663
f 1663 1664 1665
f 1664 1666 1665
f 1665 1666 1667
f 1666 1668 1667
f 1667 1668 1669
f 1668 1670 1669
f 1669 1670 1671
f 1670 1672 1671
f 1671 1672 1673
f 1672 1674 1673
f 1673 1674 1675
f 1674 1676 1675
f 1675 1676 1677
f 1676 1678 1677
f 1677 1678 1679
f 1678 1680 1679
f 1679 1680 1681
f 1680 1682 1681
f 1681 1682 1683
f 1682 1684 1683
f 1683 1684 1685
f 1684 1686 1685
f 1685 1686 1687
f 1686 1688 1687
f 1687 1688 1689
f 1688 1690 1689
f 1689 1690 1691
f 1690 1692 1691
f 1691 1692 1693
f 1692 1694 1693
f 1693 1694 1695
f 1694 1696 1695
f 1695 1696 1697
f 1696 1698 1697
f 1697 1698 1699
f 1698 1700 1699
f 1699 1700 1701
f 1700 1702 1701
f 1701 1702 1703
f 1702 1704 1703
f 1703 1704 1705
f 1704 1706 1705
f 1705 1706 1707
f 1706 1708 1707
f 1707 1708 1709
f 1708 1710 1709
f 1709 1710 1711
f 1710 1712 1711
f 1711 1712 1713
f 1712 1714 1713
f 1713 1714 1715
f 1714 1716 1715
f 1715 1716 1717
f 1716 1718 1717
f 1717 1718 1719
f 1718 1720 1719
f 1719 1720 1721
f 1720 1722 1721
f 1721 1722 1723
f 1722 1724 1723
f 1723 1724 1725
f 1724 1726 1725
f 1725 1726 1727
f 1726 1728 1727
f 1727 1728 1729
f 1728 1730 1729
f 1729 1730 1731
f 1730 1732 1731
f 1731 1732 1733
f 1732 1734 1733
f 1733 1734 1735
f 1734 1736 1735
f 1735 1736 1593
f 1736 1594 1593
f 687 5 4
f 687 4 734
f 4 55 734
f 734 55 735
f 687 689 5
f 689 132 5
f 690 7 212
f 690 212 913
f 212 211 913
f 913 211 832
f 211 208 832
f 832 208 833
f 208 209 833
f 833 209 914
f 209 210 914
f 914 210 915
f 210 301 915
f 915 301 990
f 301 207 990
f 990 207 835
f 207 206 835
f 835 206 836
f 206 411 836
f 836 411 1054
f 411 412 1054
f 1054 412 1107
f 412 492 1107
f 1107 492 1108
f 492 494 1108
f 1108 494 1110
f 494 493 1110
f 1110 493 1109
f 493 410 1109
f 1109 410 1055
f 410 409 1055
f 1055 409 1056
f 409 205 1056
f 1056 205 837
f 205 300 837
f 837 300 916
f 300 30 916
f 916 30 834
f 30 29 834
f 834 29 838
f 29 81 838
f 838 81 839
f 81 137 839
f 839 137 991
f 137 136 991
f 991 136 992
f 136 135 992
f 992 135 993
f 135 28 993
f 993 28 994
f 28 27 994
f 994 27 995
f 27 204 995
f 995 204 996
f 204 203 996
f 996 203 1057
f 203 134 1057
f 1057 134 1058
f 134 133 1058
f 1058 133 691
f 133 132 691
f 691 132 689
f 690 688 7
f 688 8 7
f 698 699 46
f 699 184 46
f 700 183 375
f 700 375 1065
f 375 376 1065
f 1065 376 1066
f 376 569 1066
f 1066 569 1067
f 569 568 1067
f 1067 568 1113
f 568 372 1113
f 1113 372 1114
f 372 371 1114
f 1114 371 1115
f 371 567 1115
f 1115 567 1117
f 567 564 1117
f 1117 564 1018
f 564 611 1018
f 1018 611 1150
f 611 609 1150
f 1150 609 1158
f 609 608 1158
f 1158 608 1159
f 608 607 1159
f 1159 607 1160
f 607 593 1160
f 1160 593 1132
f 593 592 1132
f 1132 592 1133
f 592 591 1133
f 1133 591 1134
f 591 610 1134
f 1134 610 1151
f 610 566 1151
f 1151 566 1152
f 566 565 1152
f 1152 565 1016
f 565 563 1016
f 1016 563 1017
f 563 562 1017
f 1017 562 1116
f 562 373 1116
f 1116 373 849
f 373 374 849
f 849 374 848
f 374 370 848
f 848 370 847
f 370 369 847
f 847 369 1019
f 369 368 1019
f 1019 368 1020
f 368 263 1020
f 1020 263 942
f 263 262 942
f 942 262 943
f 262 261 943
f 943 261 944
f 261 185 944
f 944 185 701
f 185 184 701
f 701 184 699
f 700 628 183
f 628 44 183
f 842 786 3
f 786 169 3
f 843 619 19
f 619 20 19
f 662 88 87
f 662 87 620
f 87 20 620
f 620 20 619
f 681 680 26
f 680 105 26
f 842 3 45
f 842 45 627
f 45 44 627
f 627 44 628
f 679 106 104
f 679 104 678
f 104 103 678
f 678 103 716
f 103 363 716
f 716 363 717
f 363 362 717
f 717 362 718
f 362 253 718
f 718 253 719
f 253 254 719
f 719 254 720
f 254 255 720
f 720 255 721
f 255 361 721
f 721 361 761
f 361 360 761
f 761 360 762
f 360 357 762
f 762 357 763
f 357 358 763
f 763 358 807
f 358 359 807
f 807 359 808
f 359 587 808
f 808 587 809
f 587 586 809
f 809 586 983
f 586 551 983
f 983 551 984
f 551 550 984
f 984 550 810
f 550 549 810
f 810 549 811
f 549 548 811
f 811 548 812
f 548 547 812
f 812 547 813
f 547 546 813
f 813 546 882
f 546 460 882
f 882 460 883
f 460 459 883
f 883 459 637
f 459 585 637
f 637 585 886
f 585 584 886
f 886 584 885
f 584 583 885
f 885 583 884
f 583 582 884
f 884 582 887
f 582 581 887
f 887 581 888
f 581 580 888
f 888 580 635
f 580 458 635
f 635 458 636
f 458 105 636
f 636 105 680
f 662 661 88
f 661 224 88
f 653 649 84
f 649 59 84
f 643 145 150
f 643 150 713
f 150 93 713
f 713 93 714
f 93 92 714
f 714 92 715
f 92 225 715
f 715 225 758
f 225 91 758
f 758 91 759
f 91 429 759
f 759 429 876
f 429 323 876
f 876 323 879
f 323 322 879
f 879 322 880
f 322 510 880
f 880 510 881
f 510 509 881
f 881 509 979
f 509 507 979
f 979 507 980
f 507 506 980
f 980 506 982
f 506 508 982
f 982 508 981
f 508 321 981
f 981 321 877
f 321 428 877
f 877 428 878
f 428 90 878
f 878 90 760
f 90 89 760
f 760 89 642
f 89 94 642
f 642 94 692
f 94 149 692
f 692 149 693
f 149 148 693
f 693 148 694
f 148 147 694
f 694 147 695
f 147 146 695
f 695 146 696
f 146 320 696
f 696 320 697
f 320 319 697
f 697 319 777
f 319 318 777
f 777 318 778
f 318 427 778
f 778 427 779
f 427 426 779
f 779 426 840
f 426 144 840
f 840 144 841
f 144 143 841
f 841 143 660
f 143 224 660
f 660 224 661
f 754 634 112
f 634 48 112
f 1737 1738 1739
f 1738 1740 1739
f 1739 1740 1741
f 1740 1742 1741
f 1741 1742 1743
f 1742 1744 1743
f 1743 1744 1745
f 1744 1746 1745
f 1745 1746 1747
f 1746 1748 1747
f 1747 1748 1749
f 1748 1750 1749
f 1749 1750 1751
f 1750 1752 1751
f 1751 1752 1753
f 1752 1754 1753
f 1753 1754 1755
f 1754 1756 1755
f 1755 1756 1757
f 1756 1758 1757
f 1757 1758 1759
f 1758 1760 1759
f 1759 1760 1761
f 1760 1762 1761
f 1761 1762 1763
f 1762 1764 1763
f 1763 1764 1765
f 1764 1766 1765
f 1765 1766 1767
f 1766 1768 1767
f 1767 1768 1769
f 1768 1770 1769
f 1769 1770 1771
f 1770 1772 1771
f 1771 1772 1773
f 1772 1774 1773
f 1773 1774 1775
f 1774 1776 1775
f 1775 1776 1777
f 1776 1778 1777
f 1777 1778 1779
f 1778 1780 1779
f 1779 1780 1781
f 1780 1782 1781
f 1781 1782 1783
f 1782 1784 1783
f 1783 1784 1785
f 1784 1786 1785
f 1785 1786 1787
f 1786 1788 1787
f 1787 1788 1789
f 1788 1790 1789
f 1789 1790 1791
f 1790 1792 1791
f 1791 1792 1793
f 1792 1794 1793
f 1793 1794 1795
f 1794 1796 1795
f 1795 1796 1797
f 1796 1798 1797
f 1797 1798 1799
f 1798 1800 1799
f 1799 1800 1801
f 1800 1802 1801
f 1801 1802 1803
f 1802 1804 1803
f 1803 1804 1805
f 1804 1806 1805
f 1805 1806 1807
f 1806 1808 1807
f 1807 1808 1809
f 1808 1810 1809
f 1809 1810 1811
f 1810 1812 1811
f 1811 1812 1813
f 1812 1814 1813
f 1813 1814 1815
f 1814 1816 1815
f 1815 1816 1817
f 1816 1818 1817
f 1817 1818 1819
f 1818 1820 1819
f 1819 1820 1821
f 1820 1822 1821
f 1821 1822 1823
f 1822 1824 1823
f 1823 1824 1825
f 1824 1826 1825
f 1825 1826 1827
f 1826 1828 1827
f 1827 1828 1829
f 1828 1830 1829
f 1829 1830 1831
f 1830 1832 1831
f 1831 1832 1833
f 1832 1834 1833
f 1833 1834 1835
f 1834 1836 1835
f 1836 1837 1835
f 1835 1837 1838
f 1837 1839 1838
f 1838 1839 1840
f 1839 1841 1840
f 1840 1841 1842
f 1841 1843 1842
f 1842 1843 1844
f 1843 1845 1844
f 1844 1845 1846
f 1845 1847 1846
f 1846 1847 1848
f 1847 1849 1848
f 1848 1849 1850
f 1849 1851 1850
f 1850 1851 1852
f 1851 1853 1852
f 1852 1853 1854
f 1853 1855 1854
f 1854 1855 1856
f 1855 1857 1856
f 1856 1857 1858
f 1857 1859 1858
f 1858 1859 1860
f 1859 1861 1860
f 1860 1861 1862
f 1861 1863 1862
f 1862 1863 1864
f 1863 1865 1864
f 1864 1865 1866
f 1865 1867 1866
f 1866 1867 1868
f 1867 1869 1868
f 1868 1869 1870
f 1869 1871 1870
f 1870 1871 1872
f 1871 1873 1872
f 1872 1873 1874
f 1873 1875 1874
f 1874 1875 1876
f 1875 1877 1876
f 1876 1877 1878
f 1877 1879 1878
f 1878 1879 1880
f 1879 1881 1880
f 1880 1881 1737
f 1881 1882 1737
f 1737 1882 1738
f 698 46 47
f 698 47 702
f 47 68 702
f 702 68 667
f 679 618 106
f 618 107 106
f 651 58 57
f 651 57 686
f 57 8 686
f 686 8 688
f 1584 1582 1813
f 1408 1406 1626
f 1164 1840 1166
f 1840 1842 1166
f 1166 1842 1168
f 1809 1811 1578
f 1680 1678 1771
f 1678 1676 1771
f 1771 1676 1769
f 1676 1674 1769
f 1260 1258 1594
f 1258 1256 1594
f 1174 1172 1844
f 1844 1172 1842
f 1172 1170 1842
f 1842 1170 1168
f 1813 1582 1811
f 1582 1580 1811
f 1811 1580 1578
f 1548 1799 1550
f 1799 1801 1550
f 1550 1801 1552
f 1256 1254 1594
f 1254 1252 1594
f 1594 1252 1250
f 1654 1652 1763
f 1584 1813 1586
f 1813 1815 1586
f 1586 1815 1588
f 1815 1817 1588
f 1588 1817 1590
f 1548 1546 1799
f 1546 1544 1799
f 1799 1544 1797
f 1544 1542 1797
f 1542 1540 1797
f 1797 1540 1795
f 1540 1538 1795
f 1538 1536 1795
f 1795 1536 1793
f 1680 1771 1682
f 1771 1773 1682
f 1682 1773 1684
f 1594 1736 1494
f 1736 1734 1494
f 1494 1734 1496
f 1494 1492 1594
f 1492 1490 1594
f 1594 1490 1488
f 1266 1264 1594
f 1264 1262 1594
f 1594 1262 1260
f 1662 1765 1664
f 1765 1767 1664
f 1664 1767 1666
f 1763 1652 1761
f 1572 1807 1574
f 1807 1809 1574
f 1574 1809 1576
f 1809 1578 1576
f 1560 1803 1562
f 1803 1805 1562
f 1562 1805 1564
f 1560 1558 1803
f 1558 1556 1803
f 1803 1556 1801
f 1556 1554 1801
f 1801 1554 1552
f 1302 1838 1304
f 1838 1840 1304
f 1304 1840 1162
f 1840 1164 1162
f 1296 1835 1298
f 1835 1838 1298
f 1298 1838 1300
f 1838 1302 1300
f 1296 1294 1835
f 1294 1292 1835
f 1835 1292 1833
f 1612 1244 1614
f 1244 1616 1614
f 1612 1610 1244
f 1610 1608 1244
f 1244 1608 1606
f 1606 1604 1244
f 1604 1602 1244
f 1244 1602 1600
f 1428 1244 1242
f 1640 1638 1402
f 1638 1636 1402
f 1572 1570 1807
f 1570 1568 1807
f 1807 1568 1805
f 1568 1566 1805
f 1805 1566 1564
f 1730 1728 1502
f 1728 1726 1502
f 1730 1502 1732
f 1502 1500 1732
f 1732 1500 1734
f 1500 1498 1734
f 1734 1498 1496
f 1829 1831 1284
f 1622 1244 1624
f 1244 1626 1624
f 1622 1620 1244
f 1620 1618 1244
f 1244 1618 1616
f 1600 1598 1244
f 1598 1596 1244
f 1244 1596 1246
f 1596 1594 1246
f 1246 1594 1248
f 1594 1250 1248
f 1230 1228 1428
f 1228 1226 1428
f 1428 1226 1224
f 1416 1414 1244
f 1414 1412 1244
f 1244 1412 1626
f 1412 1410 1626
f 1626 1410 1408
f 1636 1634 1402
f 1634 1632 1402
f 1402 1632 1630
f 1406 1404 1626
f 1404 1402 1626
f 1626 1402 1628
f 1402 1630 1628
f 1674 1672 1769
f 1672 1670 1769
f 1769 1670 1767
f 1670 1668 1767
f 1767 1668 1666
f 1662 1660 1765
f 1660 1658 1765
f 1765 1658 1763
f 1658 1656 1763
f 1763 1656 1654
f 1292 1290 1833
f 1290 1288 1833
f 1833 1288 1831
f 1288 1286 1831
f 1831 1286 1284
f 1242 1240 1428
f 1240 1238 1428
f 1428 1238 1236
f 1236 1234 1428
f 1234 1232 1428
f 1428 1232 1230
f 1428 1426 1244
f 1426 1424 1244
f 1244 1424 1422
f 1652 1650 1761
f 1650 1648 1761
f 1761 1648 1759
f 1648 1646 1759
f 1759 1646 1644
f 1739 1741 1366
f 1868 1870 1324
f 1536 1534 1793
f 1534 1532 1793
f 1793 1532 1791
f 1532 1530 1791
f 1791 1530 1789
f 1516 1514 1775
f 1714 1712 1508
f 1712 1710 1508
f 1508 1710 1708
f 1488 1486 1594
f 1486 1484 1594
f 1594 1484 1266
f 1484 1482 1266
f 1284 1282 1829
f 1282 1280 1829
f 1829 1280 1462
f 1224 1222 1428
f 1222 1220 1428
f 1428 1220 1218
f 1422 1420 1244
f 1420 1418 1244
f 1244 1418 1416
f 1402 1400 1640
f 1400 1398 1640
f 1640 1398 1642
f 1398 1396 1642
f 1356 1880 1358
f 1880 1737 1358
f 1350 1878 1352
f 1878 1880 1352
f 1352 1880 1354
f 1880 1356 1354
f 1306 1858 1308
f 1858 1860 1308
f 1308 1860 1310
f 1860 1862 1310
f 1775 1514 1773
f 1482 1480 1266
f 1480 1478 1266
f 1266 1478 1476
f 1210 1306 1212
f 1306 1448 1212
f 1212 1448 1446
f 1759 1386 1757
f 1386 1384 1757
f 1757 1384 1755
f 1366 1364 1739
f 1364 1362 1739
f 1739 1362 1737
f 1362 1360 1737
f 1737 1360 1358
f 1332 1872 1334
f 1872 1874 1334
f 1334 1874 1336
f 1332 1330 1872
f 1330 1328 1872
f 1872 1328 1870
f 1328 1326 1870
f 1870 1326 1324
f 1324 1322 1868
f 1322 1320 1868
f 1868 1320 1866
f 1320 1318 1866
f 1318 1316 1866
f 1866 1316 1864
f 1316 1314 1864
f 1864 1314 1862
f 1314 1312 1862
f 1862 1312 1310
f 1726 1724 1502
f 1724 1722 1502
f 1502 1722 1504
f 1722 1720 1504
f 1504 1720 1506
f 1720 1718 1506
f 1506 1718 1508
f 1718 1716 1508
f 1508 1716 1714
f 1696 1694 1508
f 1694 1692 1508
f 1280 1278 1462
f 1278 1276 1462
f 1462 1276 1274
f 1462 1460 1829
f 1460 1458 1829
f 1829 1458 1456
f 1396 1394 1642
f 1394 1392 1642
f 1642 1392 1644
f 1392 1390 1644
f 1644 1390 1759
f 1390 1388 1759
f 1759 1388 1386
f 1755 1384 1753
f 1384 1382 1753
f 1753 1382 1751
f 1382 1380 1751
f 1751 1380 1749
f 1380 1378 1749
f 1749 1378 1747
f 1378 1376 1747
f 1747 1376 1745
f 1376 1374 1745
f 1374 1372 1745
f 1745 1372 1743
f 1372 1370 1743
f 1743 1370 1741
f 1370 1368 1741
f 1741 1368 1366
f 1708 1706 1508
f 1706 1704 1508
f 1508 1704 1702
f 1476 1474 1266
f 1474 1472 1266
f 1266 1472 1470
f 1274 1272 1462
f 1272 1270 1462
f 1462 1270 1268
f 1446 1444 1212
f 1444 1442 1212
f 1212 1442 1440
f 1440 1438 1212
f 1438 1436 1212
f 1212 1436 1214
f 1436 1434 1214
f 1214 1434 1216
f 1434 1432 1216
f 1216 1432 1218
f 1432 1430 1218
f 1218 1430 1428
f 1210 1208 1306
f 1208 1206 1306
f 1306 1206 1858
f 1206 1204 1858
f 1858 1204 1202
f 1350 1348 1878
f 1348 1346 1878
f 1878 1346 1876
f 1346 1344 1876
f 1344 1342 1876
f 1342 1340 1876
f 1876 1340 1874
f 1340 1338 1874
f 1874 1338 1336
f 1530 1528 1789
f 1528 1526 1789
f 1789 1526 1787
f 1526 1524 1787
f 1787 1524 1785
f 1524 1522 1785
f 1785 1522 1783
f 1522 1520 1783
f 1783 1520 1781
f 1520 1518 1781
f 1781 1518 1779
f 1518 1516 1779
f 1779 1516 1777
f 1516 1775 1777
f 1514 1512 1773
f 1512 1510 1773
f 1773 1510 1508
f 1590 1817 1592
f 1817 1819 1592
f 1592 1819 1450
f 1819 1821 1450
f 1450 1821 1452
f 1821 1823 1452
f 1452 1823 1454
f 1823 1825 1454
f 1454 1825 1456
f 1825 1827 1456
f 1456 1827 1829
f 1202 1200 1858
f 1200 1198 1858
f 1858 1198 1856
f 1198 1196 1856
f 1856 1196 1854
f 1196 1194 1854
f 1194 1192 1854
f 1854 1192 1852
f 1192 1190 1852
f 1852 1190 1850
f 1846 1178 1844
f 1178 1176 1844
f 1844 1176 1174
f 1692 1690 1508
f 1690 1688 1508
f 1508 1688 1773
f 1688 1686 1773
f 1773 1686 1684
f 1702 1700 1508
f 1700 1698 1508
f 1508 1698 1696
f 1470 1468 1266
f 1468 1466 1266
f 1266 1466 1268
f 1466 1464 1268
f 1268 1464 1462
f 1190 1188 1850
f 1188 1186 1850
f 1850 1186 1848
f 1186 1184 1848
f 1184 1182 1848
f 1848 1182 1846
f 1182 1180 1846
f 1846 1180 1178
f 646 684 21
f 684 41 21
f 843 19 31
f 843 31 844
f 31 313 844
f 844 313 928
f 313 312 928
f 928 312 929
f 312 311 929
f 929 311 930
f 311 310 930
f 930 310 931
f 310 309 931
f 931 309 932
f 309 218 932
f 932 218 784
f 218 217 784
f 784 217 785
f 217 216 785
f 785 216 845
f 216 142 845
f 845 142 846
f 142 141 846
f 846 141 787
f 141 140 787
f 787 140 788
f 140 139 788
f 788 139 789
f 139 252 789
f 789 252 933
f 252 168 933
f 933 168 934
f 168 167 934
f 934 167 935
f 167 457 935
f 935 457 936
f 457 456 936
f 936 456 937
f 456 455 937
f 937 455 938
f 455 454 938
f 938 454 939
f 454 453 939
f 939 453 940
f 453 452 940
f 940 452 941
f 452 451 941
f 941 451 1014
f 451 450 1014
f 1014 450 1013
f 450 544 1013
f 1013 544 1012
f 544 545 1012
f 1012 545 1010
f 545 543 1010
f 1010 543 1011
f 543 542 1011
f 1011 542 1015
f 542 449 1015
f 1015 449 790
f 449 169 790
f 790 169 786
f 806 60 151
f 806 151 624
f 151 97 624
f 624 97 625
f 1883 1884 162
f 1884 1885 162
f 1885 1886 162
f 162 1886 163
f 1886 1887 163
f 163 1887 339
f 1887 1888 339
f 339 1888 155
f 1888 1889 155
f 155 1889 156
f 1889 1890 156
f 156 1890 157
f 1890 1891 157
f 157 1891 158
f 1891 1892 158
f 158 1892 159
f 1892 1893 159
f 159 1893 332
f 1893 1894 332
f 332 1894 333
f 1894 1895 333
f 333 1895 334
f 1895 1896 334
f 334 1896 335
f 1896 1897 335
f 335 1897 336
f 1897 1898 336
f 336 1898 32
f 1898 1899 32
f 32 1899 33
f 1899 1900 33
f 33 1900 520
f 1900 1901 520
f 520 1901 521
f 1901 1902 521
f 521 1902 523
f 1902 1903 523
f 523 1903 524
f 1903 1904 524
f 524 1904 337
f 1904 1905 337
f 337 1905 338
f 1905 1906 338
f 338 1906 433
f 1906 1907 433
f 433 1907 434
f 1907 1908 434
f 434 1908 435
f 1908 1909 435
f 435 1909 525
f 1909 1910 525
f 525 1910 526
f 1910 1911 526
f 526 1911 236
f 1911 1912 236
f 236 1912 235
f 1912 1913 235
f 235 1913 234
f 1913 1914 234
f 234 1914 237
f 1914 1915 237
f 237 1915 238
f 1915 1916 238
f 238 1916 62
f 162 160 1883
f 160 66 1883
f 1883 66 1917
f 66 65 1917
f 1917 65 1918
f 65 63 1918
f 1918 63 1919
f 63 64 1919
f 1919 64 1920
f 64 54 1920
f 1920 54 1921
f 54 53 1921
f 1921 53 1922
f 53 52 1922
f 1922 52 1923
f 52 18 1923
f 1923 18 1924
f 18 17 1924
f 1924 17 1925
f 17 15 1925
f 1925 15 1926
f 15 6 1926
f 1926 6 1927
f 6 223 1927
f 1927 223 1928
f 223 222 1928
f 1928 222 1929
f 222 219 1929
f 1929 219 1930
f 219 220 1930
f 1930 220 1931
f 220 221 1931
f 1931 221 1932
f 221 505 1932
f 1932 505 1933
f 505 504 1933
f 1933 504 1934
f 504 502 1934
f 1934 502 1935
f 502 501 1935
f 1935 501 1936
f 501 425 1936
f 1936 425 1937
f 425 424 1937
f 1937 424 1938
f 424 423 1938
f 1938 423 1939
f 423 422 1939
f 1939 422 1940
f 422 421 1940
f 1940 421 1941
f 421 420 1941
f 1941 420 1942
f 420 419 1942
f 1942 419 1943
f 419 418 1943
f 1943 418 1944
f 418 417 1944
f 1944 417 1945
f 417 317 1945
f 1945 317 1946
f 317 316 1946
f 1946 316 1947
f 316 315 1947
f 1947 315 1948
f 315 314 1948
f 1948 314 1949
f 314 85 1949
f 1949 85 1950
f 85 86 1950
f 1950 86 1951
f 86 99 1951
f 1951 99 1952
f 99 98 1952
f 1952 98 1953
f 98 96 1953
f 1953 96 1954
f 96 95 1954
f 1954 95 1955
f 95 62 1955
f 1955 62 1956
f 62 1916 1956
f 682 645 42
f 645 43 42
f 643 625 145
f 625 97 145
f 623 667 69
f 667 68 69
f 623 69 260
f 623 260 945
f 260 484 945
f 945 484 946
f 484 483 946
f 946 483 947
f 483 482 947
f 947 482 948
f 482 481 948
f 948 481 949
f 481 480 949
f 949 480 950
f 480 479 950
f 950 479 951
f 479 478 951
f 951 478 952
f 478 477 952
f 952 477 953
f 477 561 953
f 953 561 1022
f 561 182 1022
f 1022 182 852
f 182 590 852
f 852 590 1023
f 590 589 1023
f 1023 589 1024
f 589 588 1024
f 1024 588 1068
f 588 560 1068
f 1068 560 1069
f 560 559 1069
f 1069 559 850
f 559 558 850
f 850 558 851
f 558 557 851
f 851 557 1025
f 557 556 1025
f 1025 556 1026
f 556 555 1026
f 1026 555 954
f 555 476 954
f 954 476 955
f 476 475 955
f 955 475 956
f 475 474 956
f 956 474 957
f 474 181 957
f 957 181 958
f 181 180 958
f 958 180 1021
f 180 259 1021
f 1021 259 791
f 259 258 791
f 791 258 792
f 258 179 792
f 792 179 793
f 179 178 793
f 793 178 621
f 178 177 621
f 621 177 622
f 629 622 2
f 622 177 2
f 1669 1768 1667
f 1768 1766 1667
f 1667 1766 1665
f 1659 1661 1764
f 1675 1770 1673
f 1770 1768 1673
f 1673 1768 1671
f 1768 1669 1671
f 1764 1661 1766
f 1661 1663 1766
f 1766 1663 1665
f 1709 1711 1957
f 1725 1727 1957
f 1727 1729 1957
f 1675 1677 1770
f 1677 1679 1770
f 1770 1679 1772
f 1679 1681 1772
f 1772 1681 1683
f 1957 1717 1719
f 1651 1762 1649
f 1762 1760 1649
f 1649 1760 1647
f 1711 1713 1957
f 1713 1715 1957
f 1957 1715 1717
f 1719 1721 1957
f 1721 1723 1957
f 1957 1723 1725
f 1651 1653 1762
f 1653 1655 1762
f 1762 1655 1764
f 1655 1657 1764
f 1764 1657 1659
f 1683 1685 1772
f 1685 1687 1772
f 1772 1687 1689
f 1913 1912 1597
f 1912 1911 1597
f 1597 1911 1910
f 1733 1735 1907
f 1907 1735 1908
f 1647 1760 1645
f 1760 1758 1645
f 1645 1758 1643
f 1689 1691 1772
f 1691 1693 1772
f 1772 1693 1695
f 1703 1705 1957
f 1705 1707 1957
f 1957 1707 1709
f 1603 1916 1601
f 1916 1915 1601
f 1601 1915 1914
f 1881 1611 1613
f 1643 1758 1641
f 1758 1756 1641
f 1641 1756 1639
f 1908 1735 1909
f 1735 1593 1909
f 1909 1593 1910
f 1593 1595 1910
f 1910 1595 1597
f 1913 1597 1914
f 1597 1599 1914
f 1914 1599 1601
f 1603 1605 1916
f 1605 1607 1916
f 1916 1607 1881
f 1607 1609 1881
f 1881 1609 1611
f 1695 1697 1772
f 1697 1699 1772
f 1772 1699 1701
f 1639 1756 1637
f 1756 1754 1637
f 1637 1754 1635
f 1754 1752 1635
f 1635 1752 1633
f 1623 1740 1621
f 1740 1738 1621
f 1621 1738 1619
f 1738 1882 1619
f 1619 1882 1617
f 1882 1881 1617
f 1617 1881 1615
f 1881 1613 1615
f 1633 1752 1631
f 1752 1750 1631
f 1631 1750 1629
f 1750 1748 1629
f 1629 1748 1627
f 1748 1746 1627
f 1627 1746 1625
f 1746 1744 1625
f 1625 1744 1623
f 1744 1742 1623
f 1623 1742 1740
f 1957 1796 1794
f 1794 1792 1957
f 1792 1790 1957
f 1957 1790 1788
f 1701 1703 1772
f 1703 1957 1772
f 1772 1957 1774
f 1957 1776 1774
f 1788 1786 1957
f 1786 1784 1957
f 1957 1784 1782
f 1782 1780 1957
f 1780 1778 1957
f 1957 1778 1776
f 1535 1537 1796
f 1523 1525 1796
f 1525 1527 1796
f 1796 1527 1529
f 1529 1531 1796
f 1531 1533 1796
f 1796 1533 1535
f 1549 1800 1547
f 1800 1798 1547
f 1547 1798 1545
f 1569 1571 1806
f 1810 1808 1575
f 1499 1501 1957
f 1501 1503 1957
f 1503 1505 1957
f 1505 1507 1957
f 1957 1507 1509
f 1537 1539 1796
f 1539 1541 1796
f 1796 1541 1798
f 1541 1543 1798
f 1798 1543 1545
f 1549 1551 1800
f 1551 1553 1800
f 1800 1553 1802
f 1553 1555 1802
f 1455 1457 1830
f 1493 1957 1898
f 1509 1511 1957
f 1511 1513 1957
f 1957 1513 1515
f 1561 1804 1559
f 1804 1802 1559
f 1559 1802 1557
f 1802 1555 1557
f 1806 1571 1808
f 1571 1573 1808
f 1808 1573 1575
f 1575 1577 1810
f 1577 1579 1810
f 1810 1579 1812
f 1463 1465 1834
f 1493 1495 1957
f 1495 1497 1957
f 1957 1497 1499
f 1561 1563 1804
f 1563 1565 1804
f 1804 1565 1806
f 1565 1567 1806
f 1806 1567 1569
f 1830 1457 1832
f 1457 1459 1832
f 1832 1459 1834
f 1459 1461 1834
f 1834 1461 1463
f 1896 1895 1489
f 1515 1517 1957
f 1517 1519 1957
f 1957 1519 1796
f 1519 1521 1796
f 1796 1521 1523
f 1898 1897 1493
f 1897 1896 1493
f 1493 1896 1491
f 1896 1489 1491
f 1579 1581 1812
f 1581 1583 1812
f 1812 1583 1814
f 1583 1585 1814
f 1814 1585 1816
f 1483 1889 1481
f 1889 1888 1481
f 1481 1888 1479
f 1888 1887 1479
f 1473 1475 1884
f 1475 1477 1884
f 1884 1477 1885
f 1477 1479 1885
f 1885 1479 1886
f 1479 1887 1886
f 1895 1894 1489
f 1894 1893 1489
f 1489 1893 1487
f 1893 1892 1487
f 1487 1892 1485
f 1892 1891 1485
f 1485 1891 1483
f 1891 1890 1483
f 1483 1890 1889
f 1585 1587 1816
f 1587 1589 1816
f 1816 1589 1818
f 1589 1591 1818
f 1818 1591 1820
f 1591 1449 1820
f 1820 1449 1822
f 1449 1451 1822
f 1822 1451 1824
f 1451 1453 1824
f 1824 1453 1826
f 1453 1455 1826
f 1826 1455 1828
f 1455 1830 1828
f 1465 1467 1834
f 1467 1469 1834
f 1834 1469 1884
f 1469 1471 1884
f 1884 1471 1473
f 1237 1239 1925
f 1231 1233 1427
f 1883 1917 1243
f 1916 1391 1393
f 1347 1349 1877
f 1239 1921 1922
f 1917 1918 1243
f 1918 1919 1243
f 1243 1919 1920
f 1836 1295 1837
f 1295 1297 1837
f 1385 1916 1383
f 1916 1381 1383
f 1393 1395 1916
f 1395 1397 1916
f 1916 1397 1399
f 1399 1401 1916
f 1401 1403 1916
f 1916 1403 1956
f 1403 1405 1956
f 1922 1923 1239
f 1923 1924 1239
f 1239 1924 1925
f 1237 1925 1235
f 1925 1926 1235
f 1235 1926 1233
f 1247 1249 1884
f 1249 1251 1884
f 1884 1251 1253
f 1834 1285 1287
f 1287 1289 1834
f 1289 1291 1834
f 1834 1291 1836
f 1291 1293 1836
f 1836 1293 1295
f 1297 1299 1837
f 1299 1301 1837
f 1837 1301 1839
f 1301 1303 1839
f 1385 1387 1916
f 1387 1389 1916
f 1916 1389 1391
f 1948 1949 1409
f 1921 1239 1920
f 1239 1241 1920
f 1920 1241 1243
f 1883 1243 1884
f 1243 1245 1884
f 1884 1245 1247
f 1273 1275 1834
f 1275 1277 1834
f 1834 1277 1279
f 1279 1281 1834
f 1281 1283 1834
f 1834 1283 1285
f 1165 1841 1163
f 1841 1839 1163
f 1163 1839 1161
f 1839 1303 1161
f 1171 1843 1169
f 1843 1841 1169
f 1169 1841 1167
f 1841 1165 1167
f 1327 1871 1325
f 1871 1869 1325
f 1325 1869 1323
f 1363 1365 1881
f 1365 1367 1881
f 1409 1949 1407
f 1949 1950 1407
f 1407 1950 1405
f 1203 1205 1867
f 1219 1221 1427
f 1221 1223 1427
f 1427 1223 1225
f 1225 1227 1427
f 1227 1229 1427
f 1427 1229 1231
f 1877 1349 1879
f 1367 1369 1881
f 1369 1371 1881
f 1881 1371 1373
f 1253 1255 1884
f 1255 1257 1884
f 1884 1257 1259
f 1950 1951 1405
f 1951 1952 1405
f 1405 1952 1953
f 1333 1873 1331
f 1873 1871 1331
f 1331 1871 1329
f 1871 1327 1329
f 1349 1351 1879
f 1351 1353 1879
f 1879 1353 1881
f 1353 1355 1881
f 1881 1355 1357
f 1357 1359 1881
f 1359 1361 1881
f 1881 1361 1363
f 1373 1375 1881
f 1375 1377 1881
f 1881 1377 1916
f 1377 1379 1916
f 1916 1379 1381
f 1953 1954 1405
f 1954 1955 1405
f 1405 1955 1956
f 1926 1927 1233
f 1927 1928 1233
f 1233 1928 1929
f 1171 1173 1843
f 1173 1175 1843
f 1843 1175 1845
f 1333 1335 1873
f 1335 1337 1873
f 1873 1337 1875
f 1337 1339 1875
f 1259 1261 1884
f 1261 1263 1884
f 1884 1263 1265
f 1929 1930 1233
f 1930 1931 1233
f 1233 1931 1932
f 1936 1937 1427
f 1937 1938 1427
f 1427 1938 1939
f 1939 1940 1427
f 1940 1941 1427
f 1427 1941 1425
f 1323 1869 1321
f 1869 1867 1321
f 1321 1867 1319
f 1339 1341 1875
f 1341 1343 1875
f 1875 1343 1877
f 1343 1345 1877
f 1877 1345 1347
f 1932 1933 1233
f 1933 1934 1233
f 1233 1934 1427
f 1934 1935 1427
f 1427 1935 1936
f 1425 1941 1423
f 1941 1942 1423
f 1423 1942 1943
f 1415 1944 1413
f 1944 1945 1413
f 1413 1945 1411
f 1945 1946 1411
f 1411 1946 1409
f 1946 1947 1409
f 1409 1947 1948
f 1175 1177 1845
f 1177 1179 1845
f 1845 1179 1847
f 1445 1447 1211
f 1315 1317 1211
f 1317 1319 1211
f 1211 1319 1209
f 1319 1867 1209
f 1209 1867 1207
f 1867 1205 1207
f 1213 1435 1211
f 1435 1437 1211
f 1211 1437 1439
f 1447 1305 1211
f 1305 1307 1211
f 1211 1307 1309
f 1309 1311 1211
f 1311 1313 1211
f 1211 1313 1315
f 1265 1267 1884
f 1267 1269 1884
f 1884 1269 1834
f 1269 1271 1834
f 1834 1271 1273
f 1415 1417 1944
f 1417 1419 1944
f 1944 1419 1943
f 1419 1421 1943
f 1943 1421 1423
f 1849 1187 1851
f 1187 1189 1851
f 1851 1189 1853
f 1219 1427 1217
f 1427 1429 1217
f 1217 1429 1215
f 1429 1431 1215
f 1215 1431 1213
f 1431 1433 1213
f 1213 1433 1435
f 1439 1441 1211
f 1441 1443 1211
f 1211 1443 1445
f 1179 1181 1847
f 1181 1183 1847
f 1847 1183 1849
f 1183 1185 1849
f 1849 1185 1187
f 1867 1865 1203
f 1865 1863 1203
f 1203 1863 1201
f 1863 1861 1201
f 1201 1861 1199
f 1861 1859 1199
f 1199 1859 1197
f 1859 1857 1197
f 1197 1857 1195
f 1857 1855 1195
f 1195 1855 1193
f 1855 1853 1193
f 1193 1853 1191
f 1853 1189 1191
f 1907 1906 1733
f 1906 1905 1733
f 1733 1905 1731
f 1905 1904 1731
f 1731 1904 1729
f 1904 1903 1729
f 1729 1903 1957
f 1903 1902 1957
f 1957 1902 1901
f 1901 1900 1957
f 1900 1899 1957
f 1957 1899 1898
f 646 21 503
f 646 503 647
f 503 59 647
f 647 59 649
f 629 2 1
f 629 1 668
f 1 256 668
f 668 256 669
f 670 671 109
f 671 257 109
f 672 669 10
f 669 256 10
f 681 26 25
f 681 25 644
f 25 43 644
f 644 43 645
f 672 10 9
f 672 9 1027
f 9 473 1027
f 1027 473 959
f 473 471 959
f 959 471 960
f 471 470 960
f 960 470 853
f 470 469 853
f 853 469 854
f 469 468 854
f 854 468 855
f 468 467 855
f 855 467 962
f 467 464 962
f 962 464 961
f 464 462 961
f 961 462 963
f 462 461 963
f 963 461 964
f 461 552 964
f 964 552 965
f 552 554 965
f 965 554 1070
f 554 553 1070
f 1070 553 1071
f 553 463 1071
f 1071 463 856
f 463 465 856
f 856 465 857
f 465 466 857
f 857 466 858
f 466 472 858
f 858 472 742
f 472 11 742
f 742 11 743
f 11 176 743
f 743 176 744
f 176 175 744
f 744 175 859
f 175 174 859
f 859 174 860
f 174 367 860
f 860 367 861
f 367 366 861
f 861 366 966
f 366 173 966
f 966 173 967
f 173 172 967
f 967 172 862
f 172 365 862
f 862 365 863
f 365 364 863
f 863 364 968
f 364 171 968
f 968 171 969
f 171 170 969
f 969 170 673
f 170 257 673
f 673 257 671
f 670 109 108
f 670 108 617
f 108 107 617
f 617 107 618
f 682 42 40
f 682 40 683
f 40 39 683
f 683 39 685
f 39 102 685
f 685 102 722
f 102 23 722
f 722 23 723
f 23 22 723
f 723 22 724
f 22 251 724
f 724 251 814
f 251 250 814
f 814 250 815
f 250 249 815
f 815 249 816
f 249 448 816
f 816 448 889
f 448 447 889
f 889 447 890
f 447 446 890
f 890 446 891
f 446 445 891
f 891 445 892
f 445 444 892
f 892 444 893
f 444 356 893
f 893 356 817
f 356 355 817
f 817 355 818
f 355 443 818
f 818 443 819
f 443 442 819
f 819 442 894
f 442 248 894
f 894 248 895
f 248 247 895
f 895 247 764
f 247 246 764
f 764 246 765
f 246 101 765
f 765 101 766
f 101 100 766
f 766 100 767
f 100 352 767
f 767 352 768
f 352 441 768
f 768 441 896
f 441 440 896
f 896 440 897
f 440 439 897
f 897 439 898
f 439 354 898
f 898 354 899
f 354 353 899
f 899 353 900
f 353 24 900
f 900 24 901
f 24 41 901
f 901 41 684
f 653 84 304
f 653 304 907
f 304 500 907
f 907 500 774
f 500 416 774
f 774 416 725
f 416 414 725
f 725 414 726
f 414 413 726
f 726 413 828
f 413 308 828
f 828 308 829
f 308 598 829
f 829 598 987
f 598 597 987
f 987 597 825
f 597 571 825
f 825 571 826
f 571 570 826
f 826 570 908
f 570 498 908
f 908 498 909
f 498 596 909
f 909 596 911
f 596 595 911
f 911 595 912
f 595 594 912
f 912 594 988
f 594 497 988
f 988 497 989
f 497 496 989
f 989 496 910
f 496 307 910
f 910 307 827
f 307 306 827
f 827 306 831
f 306 495 831
f 831 495 830
f 495 415 830
f 830 415 727
f 415 499 727
f 727 499 730
f 499 305 730
f 730 305 729
f 305 303 729
f 729 303 728
f 303 302 728
f 728 302 775
f 302 215 775
f 775 215 776
f 215 214 776
f 776 214 731
f 214 213 731
f 731 213 732
f 213 83 732
f 732 83 733
f 83 82 733
f 733 82 654
f 82 138 654
f 654 138 652
f 651 652 58
f 652 138 58
# 3926 faces, 0 coords texture

# End of File
