####
#
# OBJ File Generated by Meshlab
#
####
# Object rotating_base.obj
#
# Vertices: 1917
# Faces: 3870
#
####
v 0.005917 -0.007191 0.008100
v 0.005904 -0.007096 0.008100
v 0.007000 -0.007000 0.008100
v 0.005900 -0.007000 0.008100
v 0.005904 -0.006904 0.008100
v 0.006003 -0.007465 0.008100
v 0.005966 -0.007376 0.008100
v 0.005937 -0.007285 0.008100
v 0.006157 -0.007707 0.008100
v 0.006099 -0.007631 0.008100
v 0.006047 -0.007550 0.008100
v 0.006369 -0.007901 0.008100
v 0.006293 -0.007843 0.008100
v 0.006222 -0.007778 0.008100
v 0.006624 -0.008034 0.008100
v 0.006535 -0.007997 0.008100
v 0.006450 -0.007953 0.008100
v 0.006904 -0.008096 0.008100
v 0.006809 -0.008083 0.008100
v 0.006715 -0.008063 0.008100
v 0.007191 -0.008083 0.008100
v 0.007096 -0.008096 0.008100
v 0.007000 -0.008100 0.008100
v 0.007465 -0.007997 0.008100
v 0.007376 -0.008034 0.008100
v 0.007285 -0.008063 0.008100
v 0.007707 -0.007843 0.008100
v 0.007631 -0.007901 0.008100
v 0.007550 -0.007953 0.008100
v 0.007901 -0.007631 0.008100
v 0.007843 -0.007707 0.008100
v 0.007778 -0.007778 0.008100
v 0.008034 -0.007376 0.008100
v 0.007997 -0.007465 0.008100
v 0.007953 -0.007550 0.008100
v 0.008096 -0.007096 0.008100
v 0.008083 -0.007191 0.008100
v 0.008063 -0.007285 0.008100
v 0.008083 -0.006809 0.008100
v 0.008096 -0.006904 0.008100
v 0.008100 -0.007000 0.008100
v 0.007997 -0.006535 0.008100
v 0.008034 -0.006624 0.008100
v 0.008063 -0.006715 0.008100
v 0.007843 -0.006293 0.008100
v 0.007901 -0.006369 0.008100
v 0.007953 -0.006450 0.008100
v 0.007631 -0.006099 0.008100
v 0.007707 -0.006157 0.008100
v 0.007778 -0.006222 0.008100
v 0.007376 -0.005966 0.008100
v 0.007465 -0.006003 0.008100
v 0.007550 -0.006047 0.008100
v 0.007096 -0.005904 0.008100
v 0.007191 -0.005917 0.008100
v 0.007285 -0.005937 0.008100
v 0.006809 -0.005917 0.008100
v 0.006904 -0.005904 0.008100
v 0.007000 -0.005900 0.008100
v 0.006535 -0.006003 0.008100
v 0.006624 -0.005966 0.008100
v 0.006715 -0.005937 0.008100
v 0.006293 -0.006157 0.008100
v 0.006369 -0.006099 0.008100
v 0.006450 -0.006047 0.008100
v 0.006099 -0.006369 0.008100
v 0.006157 -0.006293 0.008100
v 0.006222 -0.006222 0.008100
v 0.005966 -0.006624 0.008100
v 0.006003 -0.006535 0.008100
v 0.006047 -0.006450 0.008100
v 0.005917 -0.006809 0.008100
v 0.005937 -0.006715 0.008100
v -0.009406 0.000427 0.005000
v -0.009450 0.000564 0.005000
v 0.000427 0.009406 0.005000
v 0.000564 0.009450 0.005000
v 0.000697 0.009505 0.005000
v 0.003775 -0.003775 0.005000
v 0.000825 0.009571 0.005000
v 0.000946 0.009648 0.005000
v -0.010054 -0.001352 0.005000
v -0.009939 -0.001264 0.005000
v 0.000144 0.009356 0.005000
v 0.000287 0.009375 0.005000
v -0.009571 0.000825 0.005000
v -0.009505 0.000697 0.005000
v -0.000287 0.009375 0.005000
v -0.000144 0.009356 0.005000
v 0.000000 0.009350 0.005000
v 0.001061 0.009736 0.005000
v 0.001167 0.009833 0.005000
v 0.001264 0.009939 0.005000
v -0.012061 -0.001264 0.005000
v -0.011946 -0.001352 0.005000
v -0.014569 -0.003776 0.005000
v -0.011825 -0.001429 0.005000
v -0.009648 -0.000946 0.005000
v -0.009571 -0.000825 0.005000
v -0.009505 -0.000697 0.005000
v -0.009450 -0.000564 0.005000
v -0.009406 -0.000427 0.005000
v -0.009375 -0.000287 0.005000
v -0.009356 -0.000144 0.005000
v -0.000697 0.009505 0.005000
v -0.000564 0.009450 0.005000
v -0.000427 0.009406 0.005000
v 0.001429 0.011825 0.005000
v 0.001352 0.011946 0.005000
v 0.003776 0.014569 0.005000
v -0.015050 -0.000000 0.005000
v -0.012644 -0.000144 0.005000
v -0.014993 -0.001312 0.005000
v -0.012625 -0.000287 0.005000
v -0.012594 -0.000427 0.005000
v -0.012550 -0.000564 0.005000
v -0.012495 -0.000697 0.005000
v -0.014821 -0.002613 0.005000
v -0.012429 -0.000825 0.005000
v -0.011697 -0.001495 0.005000
v -0.011564 -0.001550 0.005000
v -0.011427 -0.001594 0.005000
v -0.009833 -0.001167 0.005000
v -0.009736 -0.001061 0.005000
v -0.009375 0.000287 0.005000
v -0.012594 0.000427 0.005000
v -0.012625 0.000287 0.005000
v 0.001352 0.010054 0.005000
v 0.001429 0.010175 0.005000
v 0.001495 0.010303 0.005000
v -0.012352 -0.000946 0.005000
v -0.012264 -0.001061 0.005000
v -0.012167 -0.001167 0.005000
v -0.009350 0.000000 0.005000
v -0.009356 0.000144 0.005000
v -0.012644 0.000144 0.005000
v -0.012650 -0.000000 0.005000
v 0.001495 0.011697 0.005000
v 0.001061 0.012264 0.005000
v 0.002613 0.014821 0.005000
v 0.001167 0.012167 0.005000
v 0.001264 0.012061 0.005000
v 0.000564 0.012550 0.005000
v 0.000427 0.012594 0.005000
v 0.001312 0.014993 0.005000
v 0.000287 0.012625 0.005000
v -0.000000 0.015050 0.005000
v 0.000144 0.012644 0.005000
v -0.000000 0.012650 0.005000
v -0.000144 0.012644 0.005000
v -0.001312 0.014993 0.005000
v -0.000287 0.012625 0.005000
v -0.000427 0.012594 0.005000
v -0.000564 0.012550 0.005000
v -0.000697 0.012495 0.005000
v -0.002613 0.014821 0.005000
v -0.000825 0.012429 0.005000
v -0.000946 0.012352 0.005000
v -0.001061 0.012264 0.005000
v -0.003895 0.014537 0.005000
v -0.010436 -0.001550 0.005000
v -0.010303 -0.001495 0.005000
v -0.010175 -0.001429 0.005000
v 0.000946 0.012352 0.005000
v 0.000825 0.012429 0.005000
v 0.000697 0.012495 0.005000
v -0.006360 0.013640 0.005000
v -0.005147 0.014142 0.005000
v -0.001429 0.011825 0.005000
v -0.011287 -0.001625 0.005000
v -0.011144 -0.001644 0.005000
v -0.011000 -0.001650 0.005000
v -0.001061 0.009736 0.005000
v -0.000946 0.009648 0.005000
v -0.000825 0.009571 0.005000
v -0.011825 0.001429 0.005000
v -0.011946 0.001352 0.005000
v -0.012061 0.001264 0.005000
v -0.012167 0.001167 0.005000
v -0.012264 0.001061 0.005000
v -0.012352 0.000946 0.005000
v -0.012429 0.000825 0.005000
v 0.001625 0.011287 0.005000
v 0.001594 0.011427 0.005000
v 0.001550 0.011564 0.005000
v -0.001167 0.012167 0.005000
v -0.001264 0.012061 0.005000
v -0.001352 0.011946 0.005000
v -0.012495 0.000697 0.005000
v -0.012550 0.000564 0.005000
v 0.001550 0.010436 0.005000
v 0.001594 0.010573 0.005000
v 0.001625 0.010713 0.005000
v 0.001644 0.010856 0.005000
v -0.001495 0.010303 0.005000
v -0.014142 0.005147 0.005000
v -0.001550 0.010436 0.005000
v -0.013640 0.006360 0.005000
v -0.001594 0.010573 0.005000
v -0.013034 0.007525 0.005000
v -0.001625 0.010713 0.005000
v -0.012328 0.008632 0.005000
v -0.001644 0.010856 0.005000
v -0.011529 0.009674 0.005000
v -0.001650 0.011000 0.005000
v -0.010642 0.010642 0.005000
v -0.001644 0.011144 0.005000
v -0.009674 0.011529 0.005000
v -0.001625 0.011287 0.005000
v -0.008632 0.012328 0.005000
v -0.001594 0.011427 0.005000
v -0.007525 0.013034 0.005000
v -0.001550 0.011564 0.005000
v -0.001495 0.011697 0.005000
v 0.001650 0.011000 0.005000
v 0.001644 0.011144 0.005000
v -0.009648 0.000946 0.005000
v -0.009736 0.001061 0.005000
v -0.001167 0.009833 0.005000
v -0.009833 0.001167 0.005000
v -0.001264 0.009939 0.005000
v -0.009939 0.001264 0.005000
v -0.010856 -0.001644 0.005000
v -0.010713 -0.001625 0.005000
v -0.010573 -0.001594 0.005000
v -0.010713 0.001625 0.005000
v -0.010856 0.001644 0.005000
v -0.011287 0.001625 0.005000
v -0.011427 0.001594 0.005000
v -0.011564 0.001550 0.005000
v -0.011697 0.001495 0.005000
v -0.001352 0.010054 0.005000
v -0.014993 0.001312 0.005000
v -0.001429 0.010175 0.005000
v -0.014821 0.002613 0.005000
v -0.014537 0.003895 0.005000
v -0.010054 0.001352 0.005000
v -0.010175 0.001429 0.005000
v -0.010303 0.001495 0.005000
v -0.010436 0.001550 0.005000
v -0.010573 0.001594 0.005000
v -0.011000 0.001650 0.005000
v -0.011144 0.001644 0.005000
v 0.001061 -0.009736 0.005000
v 0.000946 -0.009648 0.005000
v -0.002613 -0.014821 0.005000
v -0.000946 -0.012352 0.005000
v -0.000825 -0.012429 0.005000
v 0.000825 -0.012429 0.005000
v 0.002613 -0.014821 0.005000
v 0.000697 -0.012495 0.005000
v 0.001312 -0.014993 0.005000
v 0.000564 -0.012550 0.005000
v 0.000427 -0.012594 0.005000
v -0.005147 -0.014142 0.005000
v -0.001429 -0.011825 0.005000
v -0.001352 -0.011946 0.005000
v 0.001429 -0.011825 0.005000
v 0.003776 -0.014569 0.005000
v 0.001352 -0.011946 0.005000
v 0.001264 -0.012061 0.005000
v -0.003895 -0.014537 0.005000
v -0.001312 -0.014993 0.005000
v -0.000697 -0.012495 0.005000
v -0.000564 -0.012550 0.005000
v -0.000427 -0.012594 0.005000
v -0.000287 -0.012625 0.005000
v 0.000000 -0.015050 0.005000
v -0.000144 -0.012644 0.005000
v 0.000000 -0.012650 0.005000
v 0.000144 -0.012644 0.005000
v 0.000287 -0.012625 0.005000
v 0.000946 -0.012352 0.005000
v 0.001061 -0.012264 0.005000
v 0.001167 -0.012167 0.005000
v 0.000825 -0.009571 0.005000
v 0.000697 -0.009505 0.005000
v 0.000564 -0.009450 0.005000
v -0.001495 -0.011697 0.005000
v -0.006360 -0.013640 0.005000
v -0.001550 -0.011564 0.005000
v -0.001264 -0.012061 0.005000
v -0.001167 -0.012167 0.005000
v -0.001061 -0.012264 0.005000
v -0.000287 -0.009375 0.005000
v -0.000427 -0.009406 0.005000
v -0.001061 -0.009736 0.005000
v -0.001167 -0.009833 0.005000
v -0.001264 -0.009939 0.005000
v -0.001352 -0.010054 0.005000
v -0.001429 -0.010175 0.005000
v -0.014537 -0.003895 0.005000
v -0.001495 -0.010303 0.005000
v 0.001495 -0.011697 0.005000
v 0.001550 -0.011564 0.005000
v 0.001594 -0.011427 0.005000
v 0.001352 -0.010054 0.005000
v 0.001264 -0.009939 0.005000
v 0.001167 -0.009833 0.005000
v 0.000427 -0.009406 0.005000
v 0.000287 -0.009375 0.005000
v 0.000144 -0.009356 0.005000
v -0.000564 -0.009450 0.005000
v -0.000697 -0.009505 0.005000
v -0.001594 -0.011427 0.005000
v -0.007525 -0.013034 0.005000
v -0.001625 -0.011287 0.005000
v -0.008632 -0.012328 0.005000
v -0.001644 -0.011144 0.005000
v -0.009674 -0.011529 0.005000
v -0.001650 -0.011000 0.005000
v -0.010642 -0.010642 0.005000
v -0.001644 -0.010856 0.005000
v -0.011529 -0.009674 0.005000
v -0.001625 -0.010713 0.005000
v -0.012328 -0.008632 0.005000
v -0.001594 -0.010573 0.005000
v -0.013034 -0.007525 0.005000
v -0.001550 -0.010436 0.005000
v -0.013640 -0.006360 0.005000
v -0.014142 -0.005147 0.005000
v 0.001644 -0.010856 0.005000
v 0.001625 -0.010713 0.005000
v 0.001594 -0.010573 0.005000
v 0.001550 -0.010436 0.005000
v 0.001495 -0.010303 0.005000
v 0.001429 -0.010175 0.005000
v -0.000000 -0.009350 0.005000
v -0.000144 -0.009356 0.005000
v -0.000825 -0.009571 0.005000
v -0.000946 -0.009648 0.005000
v 0.001625 -0.011287 0.005000
v 0.001644 -0.011144 0.005000
v 0.001650 -0.011000 0.005000
v 0.007191 -0.005917 0.005000
v 0.007096 -0.005904 0.005000
v 0.007000 -0.005900 0.005000
v 0.006904 -0.005904 0.005000
v 0.008083 -0.007191 0.005000
v 0.013034 -0.007525 0.005000
v 0.008063 -0.007285 0.005000
v 0.012328 -0.008632 0.005000
v 0.006809 -0.005917 0.005000
v 0.006715 -0.005937 0.005000
v 0.006624 -0.005966 0.005000
v 0.007901 -0.007631 0.005000
v 0.011529 -0.009674 0.005000
v 0.007843 -0.007707 0.005000
v 0.010642 -0.010642 0.005000
v 0.007778 -0.007778 0.005000
v 0.008096 -0.007096 0.005000
v 0.008100 -0.007000 0.005000
v 0.013640 -0.006360 0.005000
v 0.008096 -0.006904 0.005000
v 0.014142 -0.005147 0.005000
v 0.006222 -0.006222 0.005000
v 0.006293 -0.006157 0.005000
v 0.006369 -0.006099 0.005000
v 0.007953 -0.006450 0.005000
v 0.007901 -0.006369 0.005000
v 0.014569 -0.003776 0.005000
v 0.007843 -0.006293 0.005000
v 0.007778 -0.006222 0.005000
v 0.006535 -0.006003 0.005000
v 0.006450 -0.006047 0.005000
v 0.006157 -0.006293 0.005000
v 0.006099 -0.006369 0.005000
v 0.006047 -0.006450 0.005000
v 0.006293 -0.007843 0.005000
v 0.006369 -0.007901 0.005000
v 0.007000 -0.008100 0.005000
v 0.007525 -0.013034 0.005000
v 0.006904 -0.008096 0.005000
v 0.006360 -0.013640 0.005000
v 0.006809 -0.008083 0.005000
v 0.005147 -0.014142 0.005000
v 0.007953 -0.007550 0.005000
v 0.007997 -0.007465 0.005000
v 0.008034 -0.007376 0.005000
v 0.008083 -0.006809 0.005000
v 0.008063 -0.006715 0.005000
v 0.014537 -0.003895 0.005000
v 0.008034 -0.006624 0.005000
v 0.007997 -0.006535 0.005000
v 0.007707 -0.006157 0.005000
v 0.007631 -0.006099 0.005000
v 0.007550 -0.006047 0.005000
v 0.007465 -0.006003 0.005000
v 0.007376 -0.005966 0.005000
v 0.007285 -0.005937 0.005000
v 0.005937 -0.006715 0.005000
v 0.005917 -0.006809 0.005000
v 0.005904 -0.006904 0.005000
v 0.005900 -0.007000 0.005000
v 0.005904 -0.007096 0.005000
v 0.006450 -0.007953 0.005000
v 0.006535 -0.007997 0.005000
v 0.003895 -0.014537 0.005000
v 0.006624 -0.008034 0.005000
v 0.006715 -0.008063 0.005000
v 0.007096 -0.008096 0.005000
v 0.007191 -0.008083 0.005000
v 0.008632 -0.012328 0.005000
v 0.007285 -0.008063 0.005000
v 0.007376 -0.008034 0.005000
v 0.009674 -0.011529 0.005000
v 0.007465 -0.007997 0.005000
v 0.007550 -0.007953 0.005000
v 0.007631 -0.007901 0.005000
v 0.007707 -0.007843 0.005000
v 0.006003 -0.006535 0.005000
v 0.005966 -0.006624 0.005000
v 0.005917 -0.007191 0.005000
v 0.005937 -0.007285 0.005000
v 0.005966 -0.007376 0.005000
v 0.006003 -0.007465 0.005000
v 0.006047 -0.007550 0.005000
v 0.006099 -0.007631 0.005000
v 0.006157 -0.007707 0.005000
v 0.006222 -0.007778 0.005000
v 0.014993 -0.001312 0.005000
v 0.012495 -0.000697 0.005000
v 0.012550 -0.000564 0.005000
v 0.009939 0.001264 0.005000
v 0.009833 0.001167 0.005000
v 0.009375 0.000287 0.005000
v 0.009356 0.000144 0.005000
v 0.009350 -0.000000 0.005000
v 0.009356 -0.000144 0.005000
v 0.009375 -0.000287 0.005000
v 0.009406 -0.000427 0.005000
v 0.009450 -0.000564 0.005000
v 0.009648 -0.000946 0.005000
v 0.009736 -0.001061 0.005000
v 0.009833 -0.001167 0.005000
v 0.010175 -0.001429 0.005000
v 0.010303 -0.001495 0.005000
v 0.010436 -0.001550 0.005000
v 0.010573 -0.001594 0.005000
v 0.012429 -0.000825 0.005000
v 0.014821 -0.002613 0.005000
v 0.012352 -0.000946 0.005000
v 0.012594 -0.000427 0.005000
v 0.012625 -0.000287 0.005000
v 0.015050 0.000000 0.005000
v 0.012644 -0.000144 0.005000
v 0.009736 0.001061 0.005000
v 0.009648 0.000946 0.005000
v 0.009571 0.000825 0.005000
v 0.009505 -0.000697 0.005000
v 0.009571 -0.000825 0.005000
v 0.009939 -0.001264 0.005000
v 0.010054 -0.001352 0.005000
v 0.011946 -0.001352 0.005000
v 0.012061 -0.001264 0.005000
v 0.012167 -0.001167 0.005000
v 0.012264 -0.001061 0.005000
v 0.012650 0.000000 0.005000
v 0.012644 0.000144 0.005000
v 0.014993 0.001312 0.005000
v 0.012625 0.000287 0.005000
v 0.012594 0.000427 0.005000
v 0.009505 0.000697 0.005000
v 0.009450 0.000564 0.005000
v 0.009406 0.000427 0.005000
v 0.011564 -0.001550 0.005000
v 0.011697 -0.001495 0.005000
v 0.011825 -0.001429 0.005000
v 0.014821 0.002613 0.005000
v 0.012352 0.000946 0.005000
v 0.012264 0.001061 0.005000
v 0.010713 -0.001625 0.005000
v 0.014537 0.003895 0.005000
v 0.012550 0.000564 0.005000
v 0.012495 0.000697 0.005000
v 0.012429 0.000825 0.005000
v 0.012167 0.001167 0.005000
v 0.012061 0.001264 0.005000
v 0.014142 0.005147 0.005000
v 0.010303 0.001495 0.005000
v 0.010175 0.001429 0.005000
v 0.010054 0.001352 0.005000
v 0.010856 -0.001644 0.005000
v 0.011000 -0.001650 0.005000
v 0.011144 -0.001644 0.005000
v 0.011287 -0.001625 0.005000
v 0.011427 -0.001594 0.005000
v 0.011946 0.001352 0.005000
v 0.011825 0.001429 0.005000
v 0.013640 0.006360 0.005000
v 0.003895 0.014537 0.005000
v 0.005147 0.014142 0.005000
v 0.010436 0.001550 0.005000
v 0.006360 0.013640 0.005000
v 0.010573 0.001594 0.005000
v 0.007525 0.013034 0.005000
v 0.010713 0.001625 0.005000
v 0.008632 0.012328 0.005000
v 0.010856 0.001644 0.005000
v 0.009674 0.011529 0.005000
v 0.011000 0.001650 0.005000
v 0.010642 0.010642 0.005000
v 0.011144 0.001644 0.005000
v 0.011529 0.009674 0.005000
v 0.011287 0.001625 0.005000
v 0.012328 0.008632 0.005000
v 0.011427 0.001594 0.005000
v 0.013034 0.007525 0.005000
v 0.011564 0.001550 0.005000
v 0.011697 0.001495 0.005000
v 0.014537 -0.003895 0.000000
v 0.014821 -0.002613 0.000000
v 0.014993 -0.001312 0.000000
v 0.015050 0.000000 0.000000
v 0.014993 0.001312 0.000000
v 0.014821 0.002613 0.000000
v 0.014537 0.003895 0.000000
v 0.014142 0.005147 0.000000
v 0.013640 0.006360 0.000000
v 0.013034 0.007525 0.000000
v 0.012328 0.008632 0.000000
v 0.011529 0.009674 0.000000
v 0.010642 0.010642 0.000000
v 0.009674 0.011529 0.000000
v 0.008632 0.012328 0.000000
v 0.007525 0.013034 0.000000
v 0.006360 0.013640 0.000000
v 0.005147 0.014142 0.000000
v 0.003895 0.014537 0.000000
v 0.002613 -0.014821 0.000000
v 0.003895 -0.014537 0.000000
v 0.005147 -0.014142 0.000000
v 0.006360 -0.013640 0.000000
v 0.007525 -0.013034 0.000000
v 0.008632 -0.012328 0.000000
v 0.009674 -0.011529 0.000000
v 0.010642 -0.010642 0.000000
v 0.011529 -0.009674 0.000000
v 0.012328 -0.008632 0.000000
v 0.013034 -0.007525 0.000000
v 0.013640 -0.006360 0.000000
v 0.014142 -0.005147 0.000000
v -0.014821 -0.002613 0.000000
v -0.014537 -0.003895 0.000000
v -0.014142 -0.005147 0.000000
v -0.013640 -0.006360 0.000000
v -0.013034 -0.007525 0.000000
v -0.012328 -0.008632 0.000000
v -0.011529 -0.009674 0.000000
v -0.010642 -0.010642 0.000000
v -0.009674 -0.011529 0.000000
v -0.008632 -0.012328 0.000000
v -0.007525 -0.013034 0.000000
v -0.006360 -0.013640 0.000000
v -0.005147 -0.014142 0.000000
v -0.003895 -0.014537 0.000000
v -0.002613 -0.014821 0.000000
v -0.001312 -0.014993 0.000000
v 0.000000 -0.015050 0.000000
v 0.001312 -0.014993 0.000000
v 0.002613 0.014821 0.000000
v 0.001312 0.014993 0.000000
v -0.000000 0.015050 0.000000
v -0.001312 0.014993 0.000000
v -0.002613 0.014821 0.000000
v -0.003895 0.014537 0.000000
v -0.005147 0.014142 0.000000
v -0.006360 0.013640 0.000000
v -0.007525 0.013034 0.000000
v -0.008632 0.012328 0.000000
v -0.009674 0.011529 0.000000
v -0.010642 0.010642 0.000000
v -0.011529 0.009674 0.000000
v -0.012328 0.008632 0.000000
v -0.013034 0.007525 0.000000
v -0.013640 0.006360 0.000000
v -0.014142 0.005147 0.000000
v -0.014537 0.003895 0.000000
v -0.014821 0.002613 0.000000
v -0.014993 0.001312 0.000000
v -0.015050 -0.000000 0.000000
v -0.014993 -0.001312 0.000000
v 0.002650 -0.025000 0.000000
v 0.002650 -0.025000 0.010000
v 0.002640 -0.024769 0.000000
v 0.002640 -0.024769 0.010000
v 0.002610 -0.024540 0.000000
v 0.002610 -0.024540 0.010000
v 0.002560 -0.024314 0.000000
v 0.002560 -0.024314 0.010000
v 0.002490 -0.024094 0.000000
v 0.002490 -0.024094 0.010000
v 0.002402 -0.023880 0.000000
v 0.002402 -0.023880 0.010000
v 0.002295 -0.023675 0.000000
v 0.002295 -0.023675 0.010000
v 0.002171 -0.023480 0.000000
v 0.002171 -0.023480 0.010000
v 0.002030 -0.023297 0.000000
v 0.002030 -0.023297 0.010000
v 0.001874 -0.023126 0.000000
v 0.001874 -0.023126 0.010000
v 0.001703 -0.022970 0.000000
v 0.001703 -0.022970 0.010000
v 0.001520 -0.022829 0.000000
v 0.001520 -0.022829 0.010000
v 0.001325 -0.022705 0.000000
v 0.001325 -0.022705 0.010000
v 0.001120 -0.022598 0.000000
v 0.001120 -0.022598 0.010000
v 0.000906 -0.022510 0.000000
v 0.000906 -0.022510 0.010000
v 0.000686 -0.022440 0.000000
v 0.000686 -0.022440 0.010000
v 0.000460 -0.022390 0.000000
v 0.000460 -0.022390 0.010000
v 0.000231 -0.022360 0.000000
v 0.000231 -0.022360 0.010000
v 0.000000 -0.022350 0.000000
v 0.000000 -0.022350 0.010000
v -0.000231 -0.022360 0.000000
v -0.000231 -0.022360 0.010000
v -0.000460 -0.022390 0.000000
v -0.000460 -0.022390 0.010000
v -0.000686 -0.022440 0.000000
v -0.000686 -0.022440 0.010000
v -0.000906 -0.022510 0.000000
v -0.000906 -0.022510 0.010000
v -0.001120 -0.022598 0.000000
v -0.001120 -0.022598 0.010000
v -0.001325 -0.022705 0.000000
v -0.001325 -0.022705 0.010000
v -0.001520 -0.022829 0.000000
v -0.001520 -0.022829 0.010000
v -0.001703 -0.022970 0.000000
v -0.001703 -0.022970 0.010000
v -0.001874 -0.023126 0.000000
v -0.001874 -0.023126 0.010000
v -0.002030 -0.023297 0.000000
v -0.002030 -0.023297 0.010000
v -0.002171 -0.023480 0.000000
v -0.002171 -0.023480 0.010000
v -0.002295 -0.023675 0.000000
v -0.002295 -0.023675 0.010000
v -0.002402 -0.023880 0.000000
v -0.002402 -0.023880 0.010000
v -0.002490 -0.024094 0.000000
v -0.002490 -0.024094 0.010000
v -0.002560 -0.024314 0.000000
v -0.002560 -0.024314 0.010000
v -0.002610 -0.024540 0.000000
v -0.002610 -0.024540 0.010000
v -0.002640 -0.024769 0.000000
v -0.002640 -0.024769 0.010000
v -0.002650 -0.025000 0.000000
v -0.002650 -0.025000 0.010000
v -0.002640 -0.025231 0.000000
v -0.002640 -0.025231 0.010000
v -0.002610 -0.025460 0.000000
v -0.002610 -0.025460 0.010000
v -0.002560 -0.025686 0.000000
v -0.002560 -0.025686 0.010000
v -0.002490 -0.025906 0.000000
v -0.002490 -0.025906 0.010000
v -0.002402 -0.026120 0.000000
v -0.002402 -0.026120 0.010000
v -0.002295 -0.026325 0.000000
v -0.002295 -0.026325 0.010000
v -0.002171 -0.026520 0.000000
v -0.002171 -0.026520 0.010000
v -0.002030 -0.026703 0.000000
v -0.002030 -0.026703 0.010000
v -0.001874 -0.026874 0.000000
v -0.001874 -0.026874 0.010000
v -0.001703 -0.027030 0.000000
v -0.001703 -0.027030 0.010000
v -0.001520 -0.027171 0.000000
v -0.001520 -0.027171 0.010000
v -0.001325 -0.027295 0.000000
v -0.001325 -0.027295 0.010000
v -0.001120 -0.027402 0.000000
v -0.001120 -0.027402 0.010000
v -0.000906 -0.027490 0.000000
v -0.000906 -0.027490 0.010000
v -0.000686 -0.027560 0.000000
v -0.000686 -0.027560 0.010000
v -0.000460 -0.027610 0.000000
v -0.000460 -0.027610 0.010000
v -0.000231 -0.027640 0.000000
v -0.000231 -0.027640 0.010000
v -0.000000 -0.027650 0.000000
v -0.000000 -0.027650 0.010000
v 0.000231 -0.027640 0.000000
v 0.000231 -0.027640 0.010000
v 0.000460 -0.027610 0.000000
v 0.000460 -0.027610 0.010000
v 0.000686 -0.027560 0.000000
v 0.000686 -0.027560 0.010000
v 0.000906 -0.027490 0.000000
v 0.000906 -0.027490 0.010000
v 0.001120 -0.027402 0.000000
v 0.001120 -0.027402 0.010000
v 0.001325 -0.027295 0.000000
v 0.001325 -0.027295 0.010000
v 0.001520 -0.027171 0.000000
v 0.001520 -0.027171 0.010000
v 0.001703 -0.027030 0.000000
v 0.001703 -0.027030 0.010000
v 0.001874 -0.026874 0.000000
v 0.001874 -0.026874 0.010000
v 0.002030 -0.026703 0.000000
v 0.002030 -0.026703 0.010000
v 0.002171 -0.026520 0.000000
v 0.002171 -0.026520 0.010000
v 0.002295 -0.026325 0.000000
v 0.002295 -0.026325 0.010000
v 0.002402 -0.026120 0.000000
v 0.002402 -0.026120 0.010000
v 0.002490 -0.025906 0.000000
v 0.002490 -0.025906 0.010000
v 0.002560 -0.025686 0.000000
v 0.002560 -0.025686 0.010000
v 0.002610 -0.025460 0.000000
v 0.002610 -0.025460 0.010000
v 0.002640 -0.025231 0.000000
v 0.002640 -0.025231 0.010000
v -0.050000 0.000000 0.000000
v -0.049810 0.004358 0.010000
v -0.049810 0.004358 0.000000
v -0.049240 0.008682 0.010000
v -0.049240 0.008682 0.000000
v -0.048296 0.012941 0.010000
v -0.048296 0.012941 0.000000
v -0.046985 0.017101 0.010000
v -0.046985 0.017101 0.000000
v -0.045315 0.021131 0.010000
v -0.045315 0.021131 0.000000
v -0.043301 0.025000 0.010000
v -0.043301 0.025000 0.000000
v -0.040958 0.028679 0.010000
v -0.040958 0.028679 0.000000
v -0.038302 0.032139 0.010000
v -0.038302 0.032139 0.000000
v -0.035355 0.035355 0.010000
v -0.035355 0.035355 0.000000
v -0.032139 0.038302 0.010000
v -0.032139 0.038302 0.000000
v -0.028679 0.040958 0.010000
v -0.028679 0.040958 0.000000
v -0.025000 0.043301 0.010000
v -0.025000 0.043301 0.000000
v -0.021131 0.045315 0.010000
v -0.021131 0.045315 0.000000
v -0.017101 0.046985 0.010000
v -0.017101 0.046985 0.000000
v -0.012941 0.048296 0.010000
v -0.012941 0.048296 0.000000
v -0.008682 0.049240 0.010000
v -0.008682 0.049240 0.000000
v -0.004358 0.049810 0.010000
v -0.004358 0.049810 0.000000
v -0.000000 0.050000 0.010000
v -0.000000 0.050000 0.000000
v 0.004358 0.049810 0.010000
v 0.004358 0.049810 0.000000
v 0.008682 0.049240 0.010000
v 0.008682 0.049240 0.000000
v 0.012941 0.048296 0.010000
v 0.012941 0.048296 0.000000
v 0.017101 0.046985 0.010000
v 0.017101 0.046985 0.000000
v 0.021131 0.045315 0.010000
v 0.021131 0.045315 0.000000
v 0.025000 0.043301 0.010000
v 0.025000 0.043301 0.000000
v 0.028679 0.040958 0.010000
v 0.028679 0.040958 0.000000
v 0.032139 0.038302 0.010000
v 0.032139 0.038302 0.000000
v 0.035355 0.035355 0.010000
v 0.035355 0.035355 0.000000
v 0.038302 0.032139 0.010000
v 0.038302 0.032139 0.000000
v 0.040958 0.028679 0.010000
v 0.040958 0.028679 0.000000
v 0.043301 0.025000 0.010000
v 0.043301 0.025000 0.000000
v 0.045315 0.021131 0.010000
v 0.045315 0.021131 0.000000
v 0.046985 0.017101 0.010000
v 0.046985 0.017101 0.000000
v 0.048296 0.012941 0.010000
v 0.048296 0.012941 0.000000
v 0.049240 0.008682 0.010000
v 0.049240 0.008682 0.000000
v 0.049810 0.004358 0.010000
v 0.049810 0.004358 0.000000
v 0.050000 0.000000 0.010000
v 0.050000 0.000000 0.000000
v 0.049810 -0.004358 0.010000
v 0.049810 -0.004358 0.000000
v 0.049240 -0.008682 0.010000
v 0.049240 -0.008682 0.000000
v 0.048296 -0.012941 0.010000
v 0.048296 -0.012941 0.000000
v 0.046985 -0.017101 0.010000
v 0.046985 -0.017101 0.000000
v 0.045315 -0.021131 0.010000
v 0.045315 -0.021131 0.000000
v 0.043301 -0.025000 0.010000
v 0.043301 -0.025000 0.000000
v 0.040958 -0.028679 0.010000
v 0.040958 -0.028679 0.000000
v 0.038302 -0.032139 0.010000
v 0.038302 -0.032139 0.000000
v 0.035355 -0.035355 0.010000
v 0.035355 -0.035355 0.000000
v 0.032139 -0.038302 0.010000
v 0.032139 -0.038302 0.000000
v 0.028679 -0.040958 0.010000
v 0.028679 -0.040958 0.000000
v 0.025000 -0.043301 0.010000
v 0.025000 -0.043301 0.000000
v 0.021131 -0.045315 0.010000
v 0.021131 -0.045315 0.000000
v 0.017101 -0.046985 0.010000
v 0.017101 -0.046985 0.000000
v 0.012941 -0.048296 0.010000
v 0.012941 -0.048296 0.000000
v 0.008682 -0.049240 0.010000
v 0.008682 -0.049240 0.000000
v 0.004358 -0.049810 0.010000
v 0.004358 -0.049810 0.000000
v 0.000000 -0.050000 0.010000
v 0.000000 -0.050000 0.000000
v -0.004358 -0.049810 0.010000
v -0.004358 -0.049810 0.000000
v -0.008682 -0.049240 0.010000
v -0.008682 -0.049240 0.000000
v -0.012941 -0.048296 0.010000
v -0.012941 -0.048296 0.000000
v -0.017101 -0.046985 0.010000
v -0.017101 -0.046985 0.000000
v -0.021131 -0.045315 0.010000
v -0.021131 -0.045315 0.000000
v -0.025000 -0.043301 0.010000
v -0.025000 -0.043301 0.000000
v -0.028679 -0.040958 0.010000
v -0.028679 -0.040958 0.000000
v -0.032139 -0.038302 0.010000
v -0.032139 -0.038302 0.000000
v -0.035355 -0.035355 0.010000
v -0.035355 -0.035355 0.000000
v -0.038302 -0.032139 0.010000
v -0.038302 -0.032139 0.000000
v -0.040958 -0.028679 0.010000
v -0.040958 -0.028679 0.000000
v -0.043301 -0.025000 0.010000
v -0.043301 -0.025000 0.000000
v -0.045315 -0.021131 0.010000
v -0.045315 -0.021131 0.000000
v -0.046985 -0.017101 0.010000
v -0.046985 -0.017101 0.000000
v -0.048296 -0.012941 0.010000
v -0.048296 -0.012941 0.000000
v -0.049240 -0.008682 0.010000
v -0.049240 -0.008682 0.000000
v -0.049810 -0.004358 0.010000
v -0.049810 -0.004358 0.000000
v -0.050000 0.000000 0.010000
v -0.012850 0.025000 0.000000
v -0.012850 0.025000 0.010000
v -0.012860 0.025231 0.000000
v -0.012860 0.025231 0.010000
v -0.012890 0.025460 0.000000
v -0.012890 0.025460 0.010000
v -0.012940 0.025686 0.000000
v -0.012940 0.025686 0.010000
v -0.013010 0.025906 0.000000
v -0.013010 0.025906 0.010000
v -0.013098 0.026120 0.000000
v -0.013098 0.026120 0.010000
v -0.013205 0.026325 0.000000
v -0.013205 0.026325 0.010000
v -0.013329 0.026520 0.000000
v -0.013329 0.026520 0.010000
v -0.013470 0.026703 0.000000
v -0.013470 0.026703 0.010000
v -0.013626 0.026874 0.000000
v -0.013626 0.026874 0.010000
v -0.013797 0.027030 0.000000
v -0.013797 0.027030 0.010000
v -0.013980 0.027171 0.000000
v -0.013980 0.027171 0.010000
v -0.014175 0.027295 0.000000
v -0.014175 0.027295 0.010000
v -0.014380 0.027402 0.000000
v -0.014380 0.027402 0.010000
v -0.014594 0.027490 0.000000
v -0.014594 0.027490 0.010000
v -0.014814 0.027560 0.000000
v -0.014814 0.027560 0.010000
v -0.015040 0.027610 0.000000
v -0.015040 0.027610 0.010000
v -0.015269 0.027640 0.000000
v -0.015269 0.027640 0.010000
v -0.015500 0.027650 0.000000
v -0.015500 0.027650 0.010000
v -0.015731 0.027640 0.000000
v -0.015731 0.027640 0.010000
v -0.015960 0.027610 0.000000
v -0.015960 0.027610 0.010000
v -0.016186 0.027560 0.000000
v -0.016186 0.027560 0.010000
v -0.016406 0.027490 0.000000
v -0.016406 0.027490 0.010000
v -0.016620 0.027402 0.000000
v -0.016620 0.027402 0.010000
v -0.016825 0.027295 0.000000
v -0.016825 0.027295 0.010000
v -0.017020 0.027171 0.000000
v -0.017020 0.027171 0.010000
v -0.017203 0.027030 0.000000
v -0.017203 0.027030 0.010000
v -0.017374 0.026874 0.000000
v -0.017374 0.026874 0.010000
v -0.017530 0.026703 0.000000
v -0.017530 0.026703 0.010000
v -0.017671 0.026520 0.000000
v -0.017671 0.026520 0.010000
v -0.017795 0.026325 0.000000
v -0.017795 0.026325 0.010000
v -0.017902 0.026120 0.000000
v -0.017902 0.026120 0.010000
v -0.017990 0.025906 0.000000
v -0.017990 0.025906 0.010000
v -0.018060 0.025686 0.000000
v -0.018060 0.025686 0.010000
v -0.018110 0.025460 0.000000
v -0.018110 0.025460 0.010000
v -0.018140 0.025231 0.000000
v -0.018140 0.025231 0.010000
v -0.018150 0.025000 0.000000
v -0.018150 0.025000 0.010000
v -0.018140 0.024769 0.000000
v -0.018140 0.024769 0.010000
v -0.018110 0.024540 0.000000
v -0.018110 0.024540 0.010000
v -0.018060 0.024314 0.000000
v -0.018060 0.024314 0.010000
v -0.017990 0.024094 0.000000
v -0.017990 0.024094 0.010000
v -0.017902 0.023880 0.000000
v -0.017902 0.023880 0.010000
v -0.017795 0.023675 0.000000
v -0.017795 0.023675 0.010000
v -0.017671 0.023480 0.000000
v -0.017671 0.023480 0.010000
v -0.017530 0.023297 0.000000
v -0.017530 0.023297 0.010000
v -0.017374 0.023126 0.000000
v -0.017374 0.023126 0.010000
v -0.017203 0.022970 0.000000
v -0.017203 0.022970 0.010000
v -0.017020 0.022829 0.000000
v -0.017020 0.022829 0.010000
v -0.016825 0.022705 0.000000
v -0.016825 0.022705 0.010000
v -0.016620 0.022598 0.000000
v -0.016620 0.022598 0.010000
v -0.016406 0.022510 0.000000
v -0.016406 0.022510 0.010000
v -0.016186 0.022440 0.000000
v -0.016186 0.022440 0.010000
v -0.015960 0.022390 0.000000
v -0.015960 0.022390 0.010000
v -0.015731 0.022360 0.000000
v -0.015731 0.022360 0.010000
v -0.015500 0.022350 0.000000
v -0.015500 0.022350 0.010000
v -0.015269 0.022360 0.000000
v -0.015269 0.022360 0.010000
v -0.015040 0.022390 0.000000
v -0.015040 0.022390 0.010000
v -0.014814 0.022440 0.000000
v -0.014814 0.022440 0.010000
v -0.014594 0.022510 0.000000
v -0.014594 0.022510 0.010000
v -0.014380 0.022598 0.000000
v -0.014380 0.022598 0.010000
v -0.014175 0.022705 0.000000
v -0.014175 0.022705 0.010000
v -0.013980 0.022829 0.000000
v -0.013980 0.022829 0.010000
v -0.013797 0.022970 0.000000
v -0.013797 0.022970 0.010000
v -0.013626 0.023126 0.000000
v -0.013626 0.023126 0.010000
v -0.013470 0.023297 0.000000
v -0.013470 0.023297 0.010000
v -0.013329 0.023480 0.000000
v -0.013329 0.023480 0.010000
v -0.013205 0.023675 0.000000
v -0.013205 0.023675 0.010000
v -0.013098 0.023880 0.000000
v -0.013098 0.023880 0.010000
v -0.013010 0.024094 0.000000
v -0.013010 0.024094 0.010000
v -0.012940 0.024314 0.000000
v -0.012940 0.024314 0.010000
v -0.012890 0.024540 0.000000
v -0.012890 0.024540 0.010000
v -0.012860 0.024769 0.000000
v -0.012860 0.024769 0.010000
v 0.012750 0.005500 0.010000
v 0.012750 0.017500 0.010000
v 0.006000 0.017500 0.010000
v 0.006000 -0.025000 0.010000
v 0.012750 -0.038825 0.010000
v -0.012860 -0.024769 0.010000
v -0.012850 -0.025000 0.010000
v -0.012750 -0.025000 0.010000
v -0.018140 -0.024769 0.010000
v -0.018110 -0.024540 0.010000
v -0.034075 -0.025000 0.010000
v -0.018060 -0.024314 0.010000
v -0.017990 -0.024094 0.010000
v -0.034075 -0.005500 0.010000
v -0.017902 -0.023880 0.010000
v -0.017795 -0.023675 0.010000
v -0.017671 -0.023480 0.010000
v -0.017530 -0.023297 0.010000
v -0.017374 -0.023126 0.010000
v -0.017203 -0.022970 0.010000
v -0.015269 -0.022360 0.010000
v -0.015040 -0.022390 0.010000
v -0.012750 -0.005500 0.010000
v -0.014814 -0.022440 0.010000
v -0.014594 -0.022510 0.010000
v -0.014380 -0.022598 0.010000
v -0.014175 -0.022705 0.010000
v -0.013980 -0.022829 0.010000
v -0.013470 -0.023297 0.010000
v -0.013329 -0.023480 0.010000
v -0.013205 -0.023675 0.010000
v -0.013098 -0.023880 0.010000
v -0.016186 -0.022440 0.010000
v -0.015960 -0.022390 0.010000
v -0.013797 -0.022970 0.010000
v -0.013626 -0.023126 0.010000
v -0.013010 -0.024094 0.010000
v -0.012940 -0.024314 0.010000
v -0.012890 -0.024540 0.010000
v -0.017020 -0.022829 0.010000
v -0.016825 -0.022705 0.010000
v -0.016620 -0.022598 0.010000
v -0.016406 -0.022510 0.010000
v -0.015731 -0.022360 0.010000
v -0.015500 -0.022350 0.010000
v -0.018060 -0.025686 0.010000
v -0.018110 -0.025460 0.010000
v -0.018140 -0.025231 0.010000
v -0.018150 -0.025000 0.010000
v -0.013010 -0.025906 0.010000
v -0.013098 -0.026120 0.010000
v -0.012750 -0.038825 0.010000
v -0.013205 -0.026325 0.010000
v -0.013329 -0.026520 0.010000
v -0.013797 -0.027030 0.010000
v -0.013980 -0.027171 0.010000
v -0.014175 -0.027295 0.010000
v -0.014380 -0.027402 0.010000
v -0.014594 -0.027490 0.010000
v -0.014814 -0.027560 0.010000
v -0.012860 -0.025231 0.010000
v -0.012890 -0.025460 0.010000
v -0.012940 -0.025686 0.010000
v -0.013470 -0.026703 0.010000
v -0.013626 -0.026874 0.010000
v -0.015040 -0.027610 0.010000
v -0.015269 -0.027640 0.010000
v -0.015500 -0.027650 0.010000
v -0.016186 -0.027560 0.010000
v -0.016406 -0.027490 0.010000
v -0.016620 -0.027402 0.010000
v -0.016825 -0.027295 0.010000
v -0.017020 -0.027171 0.010000
v -0.017203 -0.027030 0.010000
v -0.017374 -0.026874 0.010000
v -0.017902 -0.026120 0.010000
v -0.017990 -0.025906 0.010000
v -0.015731 -0.027640 0.010000
v -0.015960 -0.027610 0.010000
v -0.017530 -0.026703 0.010000
v -0.017671 -0.026520 0.010000
v -0.017795 -0.026325 0.010000
v 0.013980 -0.022829 0.010000
v 0.014175 -0.022705 0.010000
v 0.012750 -0.005500 0.010000
v 0.014380 -0.022598 0.010000
v 0.014594 -0.022510 0.010000
v 0.014814 -0.022440 0.010000
v 0.015040 -0.022390 0.010000
v 0.015269 -0.022360 0.010000
v 0.015500 -0.022350 0.010000
v 0.015731 -0.022360 0.010000
v 0.015960 -0.022390 0.010000
v 0.016186 -0.022440 0.010000
v 0.016406 -0.022510 0.010000
v 0.013010 -0.024094 0.010000
v 0.013098 -0.023880 0.010000
v 0.013205 -0.023675 0.010000
v 0.013329 -0.023480 0.010000
v 0.013470 -0.023297 0.010000
v 0.013626 -0.023126 0.010000
v 0.013797 -0.022970 0.010000
v 0.016620 -0.022598 0.010000
v 0.016825 -0.022705 0.010000
v 0.017020 -0.022829 0.010000
v 0.017530 -0.023297 0.010000
v 0.017671 -0.023480 0.010000
v 0.017795 -0.023675 0.010000
v 0.017902 -0.023880 0.010000
v 0.017990 -0.024094 0.010000
v 0.018060 -0.024314 0.010000
v 0.012850 -0.025000 0.010000
v 0.012860 -0.024769 0.010000
v 0.012750 -0.025000 0.010000
v 0.012890 -0.024540 0.010000
v 0.012940 -0.024314 0.010000
v 0.017203 -0.022970 0.010000
v 0.017374 -0.023126 0.010000
v 0.017990 -0.025906 0.010000
v 0.018110 -0.024540 0.010000
v 0.018140 -0.024769 0.010000
v 0.018150 -0.025000 0.010000
v 0.013470 -0.026703 0.010000
v 0.013329 -0.026520 0.010000
v 0.013205 -0.026325 0.010000
v 0.013098 -0.026120 0.010000
v 0.013010 -0.025906 0.010000
v 0.018140 -0.025231 0.010000
v 0.018110 -0.025460 0.010000
v 0.018060 -0.025686 0.010000
v 0.017671 -0.026520 0.010000
v 0.017795 -0.026325 0.010000
v 0.017902 -0.026120 0.010000
v 0.017530 -0.026703 0.010000
v 0.017374 -0.026874 0.010000
v 0.017203 -0.027030 0.010000
v 0.017020 -0.027171 0.010000
v 0.016825 -0.027295 0.010000
v 0.016620 -0.027402 0.010000
v 0.016406 -0.027490 0.010000
v 0.016186 -0.027560 0.010000
v 0.015960 -0.027610 0.010000
v 0.015731 -0.027640 0.010000
v 0.015500 -0.027650 0.010000
v 0.015269 -0.027640 0.010000
v 0.015040 -0.027610 0.010000
v 0.014814 -0.027560 0.010000
v 0.014594 -0.027490 0.010000
v 0.014380 -0.027402 0.010000
v 0.014175 -0.027295 0.010000
v 0.013980 -0.027171 0.010000
v 0.013797 -0.027030 0.010000
v 0.013626 -0.026874 0.010000
v 0.012940 -0.025686 0.010000
v 0.012890 -0.025460 0.010000
v 0.012860 -0.025231 0.010000
v -0.002150 -0.038825 0.010000
v 0.002150 -0.038825 0.010000
v 0.006000 -0.038825 0.010000
v -0.034075 0.005500 0.010000
v -0.034075 0.017500 0.010000
v -0.012750 0.017500 0.010000
v -0.002171 0.023480 0.010000
v -0.002295 0.023675 0.010000
v -0.002402 0.023880 0.010000
v -0.002490 0.024094 0.010000
v -0.002560 0.024314 0.010000
v -0.002610 0.024540 0.010000
v -0.002490 0.025906 0.010000
v -0.002560 0.025686 0.010000
v -0.002610 0.025460 0.010000
v -0.002640 0.025231 0.010000
v -0.002640 0.024769 0.010000
v -0.002650 0.025000 0.010000
v 0.000460 0.027610 0.010000
v 0.000686 0.027560 0.010000
v 0.000906 0.027490 0.010000
v 0.001120 0.027402 0.010000
v 0.001325 0.027295 0.010000
v -0.002030 0.026703 0.010000
v -0.001874 0.026874 0.010000
v -0.001325 0.027295 0.010000
v -0.001120 0.027402 0.010000
v -0.000906 0.027490 0.010000
v -0.000686 0.027560 0.010000
v -0.000460 0.027610 0.010000
v -0.000231 0.027640 0.010000
v 0.000000 0.027650 0.010000
v 0.000231 0.027640 0.010000
v 0.001520 0.027171 0.010000
v 0.001703 0.027030 0.010000
v 0.001874 0.026874 0.010000
v -0.002402 0.026120 0.010000
v -0.002295 0.026325 0.010000
v -0.002171 0.026520 0.010000
v -0.001703 0.027030 0.010000
v -0.001520 0.027171 0.010000
v 0.002560 0.025686 0.010000
v 0.002610 0.025460 0.010000
v 0.002030 0.026703 0.010000
v 0.002171 0.026520 0.010000
v 0.002295 0.026325 0.010000
v 0.002402 0.023880 0.010000
v 0.002295 0.023675 0.010000
v 0.002640 0.024769 0.010000
v 0.002610 0.024540 0.010000
v 0.002640 0.025231 0.010000
v 0.002650 0.025000 0.010000
v 0.002560 0.024314 0.010000
v 0.002490 0.024094 0.010000
v 0.002402 0.026120 0.010000
v 0.002490 0.025906 0.010000
v 0.017530 0.023297 0.010000
v 0.017374 0.023126 0.010000
v 0.017990 0.024094 0.010000
v 0.017902 0.023880 0.010000
v 0.018140 0.025231 0.010000
v 0.018150 0.025000 0.010000
v 0.017795 0.023675 0.010000
v 0.017671 0.023480 0.010000
v 0.018140 0.024769 0.010000
v 0.018110 0.024540 0.010000
v 0.018060 0.024314 0.010000
v 0.017203 0.022970 0.010000
v 0.017020 0.022829 0.010000
v 0.016825 0.022705 0.010000
v 0.012850 0.025000 0.010000
v 0.012860 0.025231 0.010000
v 0.013980 0.027171 0.010000
v 0.014175 0.027295 0.010000
v 0.014380 0.027402 0.010000
v 0.015269 0.027640 0.010000
v 0.018060 0.025686 0.010000
v 0.018110 0.025460 0.010000
v 0.013470 0.023297 0.010000
v 0.013329 0.023480 0.010000
v 0.014594 0.027490 0.010000
v 0.014814 0.027560 0.010000
v 0.015040 0.027610 0.010000
v 0.015960 0.027610 0.010000
v 0.015731 0.027640 0.010000
v 0.015500 0.027650 0.010000
v 0.016186 0.027560 0.010000
v 0.016406 0.027490 0.010000
v 0.016620 0.022598 0.010000
v 0.016406 0.022510 0.010000
v 0.016186 0.022440 0.010000
v 0.015960 0.022390 0.010000
v 0.015731 0.022360 0.010000
v 0.015500 0.022350 0.010000
v 0.015269 0.022360 0.010000
v 0.015040 0.022390 0.010000
v 0.014814 0.022440 0.010000
v 0.014594 0.022510 0.010000
v 0.014380 0.022598 0.010000
v 0.014175 0.022705 0.010000
v 0.013980 0.022829 0.010000
v 0.013797 0.022970 0.010000
v 0.013626 0.023126 0.010000
v 0.013205 0.023675 0.010000
v 0.013098 0.023880 0.010000
v 0.013010 0.024094 0.010000
v 0.017671 0.026520 0.010000
v 0.017795 0.026325 0.010000
v 0.017902 0.026120 0.010000
v 0.017990 0.025906 0.010000
v 0.012940 0.024314 0.010000
v 0.012890 0.024540 0.010000
v 0.012860 0.024769 0.010000
v 0.013010 0.025906 0.010000
v 0.013098 0.026120 0.010000
v 0.013205 0.026325 0.010000
v 0.013329 0.026520 0.010000
v 0.013470 0.026703 0.010000
v 0.013626 0.026874 0.010000
v 0.013797 0.027030 0.010000
v 0.016620 0.027402 0.010000
v 0.016825 0.027295 0.010000
v 0.017020 0.027171 0.010000
v 0.017203 0.027030 0.010000
v 0.017374 0.026874 0.010000
v 0.017530 0.026703 0.010000
v 0.012890 0.025460 0.010000
v 0.012940 0.025686 0.010000
v 0.002150 -0.005500 0.010000
v 0.006000 -0.005500 0.010000
v 0.000144 -0.012644 0.010000
v 0.001550 -0.011564 0.010000
v 0.001495 -0.011697 0.010000
v 0.000946 -0.012352 0.010000
v 0.000825 -0.012429 0.010000
v 0.000697 -0.012495 0.010000
v 0.000564 -0.012550 0.010000
v -0.002150 -0.005500 0.010000
v 0.001061 -0.009736 0.010000
v 0.001167 -0.009833 0.010000
v 0.001644 -0.011144 0.010000
v 0.001594 -0.011427 0.010000
v 0.001429 -0.011825 0.010000
v 0.001352 -0.011946 0.010000
v 0.001264 -0.012061 0.010000
v 0.001167 -0.012167 0.010000
v 0.001061 -0.012264 0.010000
v 0.001594 -0.010573 0.010000
v 0.001625 -0.010713 0.010000
v 0.000427 -0.012594 0.010000
v 0.000287 -0.012625 0.010000
v 0.001625 -0.011287 0.010000
v 0.001264 -0.009939 0.010000
v 0.001352 -0.010054 0.010000
v 0.001429 -0.010175 0.010000
v 0.001644 -0.010856 0.010000
v 0.001650 -0.011000 0.010000
v -0.000427 -0.012594 0.010000
v -0.000564 -0.012550 0.010000
v -0.000697 -0.012495 0.010000
v -0.000825 -0.012429 0.010000
v -0.000946 -0.012352 0.010000
v -0.001061 -0.012264 0.010000
v -0.001167 -0.012167 0.010000
v -0.001264 -0.012061 0.010000
v -0.001352 -0.011946 0.010000
v -0.001429 -0.011825 0.010000
v 0.000697 -0.009505 0.010000
v 0.000825 -0.009571 0.010000
v 0.000946 -0.009648 0.010000
v 0.001495 -0.010303 0.010000
v 0.001550 -0.010436 0.010000
v 0.000000 -0.012650 0.010000
v -0.000144 -0.012644 0.010000
v -0.000287 -0.012625 0.010000
v -0.001495 -0.011697 0.010000
v -0.001550 -0.011564 0.010000
v -0.001594 -0.011427 0.010000
v -0.001644 -0.011144 0.010000
v -0.001650 -0.011000 0.010000
v -0.001644 -0.010856 0.010000
v -0.001625 -0.010713 0.010000
v -0.001594 -0.010573 0.010000
v -0.001550 -0.010436 0.010000
v -0.001495 -0.010303 0.010000
v -0.001429 -0.010175 0.010000
v -0.001352 -0.010054 0.010000
v -0.001264 -0.009939 0.010000
v -0.001167 -0.009833 0.010000
v -0.001061 -0.009736 0.010000
v -0.000946 -0.009648 0.010000
v -0.000287 -0.009375 0.010000
v -0.000427 -0.009406 0.010000
v -0.000564 -0.009450 0.010000
v -0.001625 -0.011287 0.010000
v -0.000825 -0.009571 0.010000
v -0.000697 -0.009505 0.010000
v 0.000287 -0.009375 0.010000
v 0.000427 -0.009406 0.010000
v 0.000564 -0.009450 0.010000
v -0.000144 -0.009356 0.010000
v -0.000000 -0.009350 0.010000
v 0.000144 -0.009356 0.010000
v -0.001120 0.022598 0.010000
v -0.001325 0.022705 0.010000
v -0.002150 0.017500 0.010000
v -0.001520 0.022829 0.010000
v 0.002171 0.023480 0.010000
v 0.002150 0.017500 0.010000
v 0.002030 0.023297 0.010000
v 0.001874 0.023126 0.010000
v 0.001703 0.022970 0.010000
v 0.001520 0.022829 0.010000
v 0.001325 0.022705 0.010000
v 0.001120 0.022598 0.010000
v 0.000906 0.022510 0.010000
v 0.000686 0.022440 0.010000
v -0.001703 0.022970 0.010000
v -0.001874 0.023126 0.010000
v -0.002030 0.023297 0.010000
v -0.000231 0.022360 0.010000
v -0.000460 0.022390 0.010000
v -0.000686 0.022440 0.010000
v -0.000906 0.022510 0.010000
v 0.000460 0.022390 0.010000
v 0.000231 0.022360 0.010000
v -0.000000 0.022350 0.010000
v 0.002150 0.005500 0.010000
v 0.006000 0.005500 0.010000
v 0.001352 0.010054 0.010000
v 0.001264 0.009939 0.010000
v 0.000946 0.009648 0.010000
v 0.000825 0.009571 0.010000
v 0.000697 0.009505 0.010000
v 0.001167 0.009833 0.010000
v 0.001061 0.009736 0.010000
v 0.000564 0.009450 0.010000
v 0.000427 0.009406 0.010000
v 0.000287 0.009375 0.010000
v -0.000564 0.012550 0.010000
v -0.000427 0.012594 0.010000
v -0.000287 0.012625 0.010000
v 0.000946 0.012352 0.010000
v 0.001061 0.012264 0.010000
v 0.001167 0.012167 0.010000
v 0.001644 0.010856 0.010000
v 0.001625 0.010713 0.010000
v 0.001594 0.010573 0.010000
v 0.001550 0.010436 0.010000
v 0.001495 0.010303 0.010000
v 0.001429 0.010175 0.010000
v 0.000564 0.012550 0.010000
v 0.000427 0.012594 0.010000
v 0.000287 0.012625 0.010000
v 0.001264 0.012061 0.010000
v 0.001352 0.011946 0.010000
v 0.001429 0.011825 0.010000
v -0.000564 0.009450 0.010000
v -0.002150 0.005500 0.010000
v -0.000427 0.009406 0.010000
v -0.000287 0.009375 0.010000
v 0.000697 0.012495 0.010000
v 0.000825 0.012429 0.010000
v 0.001495 0.011697 0.010000
v 0.001550 0.011564 0.010000
v 0.001594 0.011427 0.010000
v 0.000144 0.009356 0.010000
v 0.000000 0.009350 0.010000
v -0.000144 0.009356 0.010000
v -0.000144 0.012644 0.010000
v -0.000000 0.012650 0.010000
v 0.000144 0.012644 0.010000
v 0.001625 0.011287 0.010000
v 0.001644 0.011144 0.010000
v 0.001650 0.011000 0.010000
v -0.000697 0.009505 0.010000
v -0.000825 0.009571 0.010000
v -0.000946 0.009648 0.010000
v -0.001061 0.009736 0.010000
v -0.001167 0.009833 0.010000
v -0.001264 0.009939 0.010000
v -0.001061 0.012264 0.010000
v -0.000946 0.012352 0.010000
v -0.001167 0.012167 0.010000
v -0.000825 0.012429 0.010000
v -0.000697 0.012495 0.010000
v -0.001352 0.010054 0.010000
v -0.001429 0.010175 0.010000
v -0.001495 0.010303 0.010000
v -0.001429 0.011825 0.010000
v -0.001352 0.011946 0.010000
v -0.001264 0.012061 0.010000
v -0.001550 0.010436 0.010000
v -0.001594 0.010573 0.010000
v -0.001625 0.010713 0.010000
v -0.001644 0.010856 0.010000
v -0.001650 0.011000 0.010000
v -0.001644 0.011144 0.010000
v -0.001625 0.011287 0.010000
v -0.001594 0.011427 0.010000
v -0.001550 0.011564 0.010000
v -0.001495 0.011697 0.010000
v -0.012750 0.005500 0.010000
v 0.012550 -0.000564 0.010000
v 0.012594 -0.000427 0.010000
v 0.012625 -0.000287 0.010000
v 0.012495 -0.000697 0.010000
v 0.012429 -0.000825 0.010000
v 0.012352 -0.000946 0.010000
v 0.009736 -0.001061 0.010000
v 0.009648 -0.000946 0.010000
v 0.012625 0.000287 0.010000
v 0.012594 0.000427 0.010000
v 0.012550 0.000564 0.010000
v 0.012264 -0.001061 0.010000
v 0.012167 -0.001167 0.010000
v 0.012061 -0.001264 0.010000
v 0.012644 0.000144 0.010000
v 0.012650 0.000000 0.010000
v 0.012644 -0.000144 0.010000
v 0.011946 -0.001352 0.010000
v 0.011825 -0.001429 0.010000
v 0.011697 -0.001495 0.010000
v 0.010713 -0.001625 0.010000
v 0.010573 -0.001594 0.010000
v 0.010436 -0.001550 0.010000
v 0.010303 -0.001495 0.010000
v 0.010175 -0.001429 0.010000
v 0.010054 -0.001352 0.010000
v 0.009939 -0.001264 0.010000
v 0.009833 -0.001167 0.010000
v 0.009571 -0.000825 0.010000
v 0.009505 -0.000697 0.010000
v 0.009450 -0.000564 0.010000
v 0.009406 -0.000427 0.010000
v 0.009375 -0.000287 0.010000
v 0.009356 -0.000144 0.010000
v 0.009375 0.000287 0.010000
v 0.009406 0.000427 0.010000
v 0.009450 0.000564 0.010000
v 0.009505 0.000697 0.010000
v 0.009571 0.000825 0.010000
v 0.009648 0.000946 0.010000
v 0.009736 0.001061 0.010000
v 0.009833 0.001167 0.010000
v 0.011564 -0.001550 0.010000
v 0.011427 -0.001594 0.010000
v 0.011287 -0.001625 0.010000
v 0.009350 -0.000000 0.010000
v 0.009356 0.000144 0.010000
v 0.009939 0.001264 0.010000
v 0.010054 0.001352 0.010000
v 0.010175 0.001429 0.010000
v 0.011144 -0.001644 0.010000
v 0.011000 -0.001650 0.010000
v 0.010856 -0.001644 0.010000
v 0.010303 0.001495 0.010000
v 0.010436 0.001550 0.010000
v 0.010573 0.001594 0.010000
v 0.010713 0.001625 0.010000
v 0.010856 0.001644 0.010000
v 0.012061 0.001264 0.010000
v 0.012167 0.001167 0.010000
v 0.012264 0.001061 0.010000
v 0.012352 0.000946 0.010000
v 0.012429 0.000825 0.010000
v 0.012495 0.000697 0.010000
v 0.011000 0.001650 0.010000
v 0.011144 0.001644 0.010000
v 0.011287 0.001625 0.010000
v 0.011427 0.001594 0.010000
v 0.011564 0.001550 0.010000
v 0.011697 0.001495 0.010000
v 0.011825 0.001429 0.010000
v 0.011946 0.001352 0.010000
v -0.009356 -0.000144 0.010000
v -0.009375 -0.000287 0.010000
v -0.009505 0.000697 0.010000
v -0.009450 0.000564 0.010000
v -0.009406 0.000427 0.010000
v -0.009375 0.000287 0.010000
v -0.009356 0.000144 0.010000
v -0.009350 0.000000 0.010000
v -0.009406 -0.000427 0.010000
v -0.009450 -0.000564 0.010000
v -0.009505 -0.000697 0.010000
v -0.010054 -0.001352 0.010000
v -0.010175 -0.001429 0.010000
v -0.009571 -0.000825 0.010000
v -0.009648 -0.000946 0.010000
v -0.009736 -0.001061 0.010000
v -0.012264 -0.001061 0.010000
v -0.012352 -0.000946 0.010000
v -0.012429 -0.000825 0.010000
v -0.012495 -0.000697 0.010000
v -0.009833 -0.001167 0.010000
v -0.009939 -0.001264 0.010000
v -0.011144 -0.001644 0.010000
v -0.011287 -0.001625 0.010000
v -0.011427 -0.001594 0.010000
v -0.011564 -0.001550 0.010000
v -0.011697 -0.001495 0.010000
v -0.011825 -0.001429 0.010000
v -0.011946 -0.001352 0.010000
v -0.012061 -0.001264 0.010000
v -0.012167 -0.001167 0.010000
v -0.012550 -0.000564 0.010000
v -0.012594 -0.000427 0.010000
v -0.012625 -0.000287 0.010000
v -0.012550 0.000564 0.010000
v -0.012594 0.000427 0.010000
v -0.012625 0.000287 0.010000
v -0.012495 0.000697 0.010000
v -0.012429 0.000825 0.010000
v -0.012352 0.000946 0.010000
v -0.012264 0.001061 0.010000
v -0.012167 0.001167 0.010000
v -0.012061 0.001264 0.010000
v -0.012644 -0.000144 0.010000
v -0.012650 -0.000000 0.010000
v -0.012644 0.000144 0.010000
v -0.010303 -0.001495 0.010000
v -0.010436 -0.001550 0.010000
v -0.010573 -0.001594 0.010000
v -0.010713 -0.001625 0.010000
v -0.011946 0.001352 0.010000
v -0.011825 0.001429 0.010000
v -0.011697 0.001495 0.010000
v -0.009939 0.001264 0.010000
v -0.009833 0.001167 0.010000
v -0.009736 0.001061 0.010000
v -0.010856 -0.001644 0.010000
v -0.011000 -0.001650 0.010000
v -0.011564 0.001550 0.010000
v -0.011427 0.001594 0.010000
v -0.011287 0.001625 0.010000
v -0.009648 0.000946 0.010000
v -0.009571 0.000825 0.010000
v -0.011144 0.001644 0.010000
v -0.011000 0.001650 0.010000
v -0.010856 0.001644 0.010000
v -0.010713 0.001625 0.010000
v -0.010573 0.001594 0.010000
v -0.010436 0.001550 0.010000
v -0.010303 0.001495 0.010000
v -0.010175 0.001429 0.010000
v -0.010054 0.001352 0.010000
v 0.002650 0.025000 0.000000
v 0.002640 0.025231 0.000000
v 0.002610 0.025460 0.000000
v 0.002560 0.025686 0.000000
v 0.002490 0.025906 0.000000
v 0.002402 0.026120 0.000000
v 0.002295 0.026325 0.000000
v 0.002171 0.026520 0.000000
v 0.002030 0.026703 0.000000
v 0.001874 0.026874 0.000000
v 0.001703 0.027030 0.000000
v 0.001520 0.027171 0.000000
v 0.001325 0.027295 0.000000
v 0.001120 0.027402 0.000000
v 0.000906 0.027490 0.000000
v 0.000686 0.027560 0.000000
v 0.000460 0.027610 0.000000
v 0.000231 0.027640 0.000000
v 0.000000 0.027650 0.000000
v -0.000231 0.027640 0.000000
v -0.000460 0.027610 0.000000
v -0.000686 0.027560 0.000000
v -0.000906 0.027490 0.000000
v -0.001120 0.027402 0.000000
v -0.001325 0.027295 0.000000
v -0.001520 0.027171 0.000000
v -0.001703 0.027030 0.000000
v -0.001874 0.026874 0.000000
v -0.002030 0.026703 0.000000
v -0.002171 0.026520 0.000000
v -0.002295 0.026325 0.000000
v -0.002402 0.026120 0.000000
v -0.002490 0.025906 0.000000
v -0.002560 0.025686 0.000000
v -0.002610 0.025460 0.000000
v -0.002640 0.025231 0.000000
v -0.002650 0.025000 0.000000
v -0.002640 0.024769 0.000000
v -0.002610 0.024540 0.000000
v -0.002560 0.024314 0.000000
v -0.002490 0.024094 0.000000
v -0.002402 0.023880 0.000000
v -0.002295 0.023675 0.000000
v -0.002171 0.023480 0.000000
v -0.002030 0.023297 0.000000
v -0.001874 0.023126 0.000000
v -0.001703 0.022970 0.000000
v -0.001520 0.022829 0.000000
v -0.001325 0.022705 0.000000
v -0.001120 0.022598 0.000000
v -0.000906 0.022510 0.000000
v -0.000686 0.022440 0.000000
v -0.000460 0.022390 0.000000
v -0.000231 0.022360 0.000000
v -0.000000 0.022350 0.000000
v 0.000231 0.022360 0.000000
v 0.000460 0.022390 0.000000
v 0.000686 0.022440 0.000000
v 0.000906 0.022510 0.000000
v 0.001120 0.022598 0.000000
v 0.001325 0.022705 0.000000
v 0.001520 0.022829 0.000000
v 0.001703 0.022970 0.000000
v 0.001874 0.023126 0.000000
v 0.002030 0.023297 0.000000
v 0.002171 0.023480 0.000000
v 0.002295 0.023675 0.000000
v 0.002402 0.023880 0.000000
v 0.002490 0.024094 0.000000
v 0.002560 0.024314 0.000000
v 0.002610 0.024540 0.000000
v 0.002640 0.024769 0.000000
v -0.007750 0.018700 0.000000
v 0.016406 0.022510 0.000000
v 0.016620 0.022598 0.000000
v 0.016600 0.018700 0.000000
v 0.016406 -0.027490 0.000000
v 0.016620 -0.027402 0.000000
v 0.016600 -0.038825 0.000000
v -0.016825 -0.027295 0.000000
v -0.016620 -0.027402 0.000000
v -0.016600 -0.038825 0.000000
v -0.016406 -0.027490 0.000000
v -0.016186 -0.027560 0.000000
v -0.015960 -0.027610 0.000000
v -0.015731 -0.027640 0.000000
v -0.015500 -0.027650 0.000000
v -0.014594 -0.027490 0.000000
v -0.014380 -0.027402 0.000000
v -0.007750 -0.038825 0.000000
v -0.015269 -0.027640 0.000000
v -0.015040 -0.027610 0.000000
v -0.014814 -0.027560 0.000000
v -0.014175 -0.027295 0.000000
v -0.013980 -0.027171 0.000000
v -0.013797 -0.027030 0.000000
v -0.014594 -0.022510 0.000000
v -0.007750 -0.018700 0.000000
v -0.014380 -0.022598 0.000000
v -0.014175 -0.022705 0.000000
v -0.015269 -0.022360 0.000000
v -0.015500 -0.022350 0.000000
v -0.016600 -0.018700 0.000000
v -0.015731 -0.022360 0.000000
v -0.012850 -0.025000 0.000000
v -0.012860 -0.024769 0.000000
v -0.014814 -0.022440 0.000000
v -0.015040 -0.022390 0.000000
v -0.015960 -0.022390 0.000000
v -0.016186 -0.022440 0.000000
v -0.016406 -0.022510 0.000000
v -0.013626 -0.026874 0.000000
v -0.013470 -0.026703 0.000000
v -0.013329 -0.026520 0.000000
v -0.013205 -0.026325 0.000000
v -0.013098 -0.026120 0.000000
v -0.013010 -0.025906 0.000000
v -0.013205 -0.023675 0.000000
v -0.013098 -0.023880 0.000000
v -0.013010 -0.024094 0.000000
v -0.013329 -0.023480 0.000000
v -0.013470 -0.023297 0.000000
v -0.013626 -0.023126 0.000000
v -0.013797 -0.022970 0.000000
v -0.013980 -0.022829 0.000000
v -0.012890 -0.024540 0.000000
v -0.012940 -0.024314 0.000000
v -0.012940 -0.025686 0.000000
v -0.012890 -0.025460 0.000000
v -0.012860 -0.025231 0.000000
v -0.017671 -0.023480 0.000000
v -0.017795 -0.023675 0.000000
v -0.017902 -0.023880 0.000000
v -0.017203 -0.022970 0.000000
v -0.017374 -0.023126 0.000000
v -0.017530 -0.023297 0.000000
v -0.017530 -0.026703 0.000000
v -0.017374 -0.026874 0.000000
v -0.017203 -0.027030 0.000000
v -0.017020 -0.027171 0.000000
v -0.016620 -0.022598 0.000000
v -0.016825 -0.022705 0.000000
v -0.017020 -0.022829 0.000000
v -0.017990 -0.025906 0.000000
v -0.017990 -0.024094 0.000000
v -0.018060 -0.024314 0.000000
v -0.018110 -0.024540 0.000000
v -0.018140 -0.024769 0.000000
v -0.018150 -0.025000 0.000000
v -0.018140 -0.025231 0.000000
v -0.018110 -0.025460 0.000000
v -0.018060 -0.025686 0.000000
v -0.017902 -0.026120 0.000000
v -0.017795 -0.026325 0.000000
v -0.017671 -0.026520 0.000000
v 0.017203 -0.027030 0.000000
v 0.017374 -0.026874 0.000000
v 0.018110 -0.024540 0.000000
v 0.018060 -0.024314 0.000000
v 0.017902 -0.026120 0.000000
v 0.017990 -0.024094 0.000000
v 0.017902 -0.023880 0.000000
v 0.017795 -0.023675 0.000000
v 0.017671 -0.023480 0.000000
v 0.017530 -0.023297 0.000000
v 0.017374 -0.023126 0.000000
v 0.016825 -0.027295 0.000000
v 0.017020 -0.027171 0.000000
v 0.017530 -0.026703 0.000000
v 0.017671 -0.026520 0.000000
v 0.017795 -0.026325 0.000000
v 0.017203 -0.022970 0.000000
v 0.017020 -0.022829 0.000000
v 0.016600 -0.018700 0.000000
v 0.016825 -0.022705 0.000000
v 0.016620 -0.022598 0.000000
v 0.017990 -0.025906 0.000000
v 0.018060 -0.025686 0.000000
v 0.018110 -0.025460 0.000000
v 0.018140 -0.025231 0.000000
v 0.018150 -0.025000 0.000000
v 0.018140 -0.024769 0.000000
v 0.014380 -0.022598 0.000000
v 0.014175 -0.022705 0.000000
v 0.007750 -0.018700 0.000000
v 0.016406 -0.022510 0.000000
v 0.016186 -0.022440 0.000000
v 0.015960 -0.022390 0.000000
v 0.015731 -0.022360 0.000000
v 0.015500 -0.022350 0.000000
v 0.015269 -0.022360 0.000000
v 0.015040 -0.022390 0.000000
v 0.014814 -0.022440 0.000000
v 0.014594 -0.022510 0.000000
v 0.013010 -0.025906 0.000000
v 0.013098 -0.026120 0.000000
v 0.007750 -0.038825 0.000000
v 0.013205 -0.026325 0.000000
v 0.013329 -0.026520 0.000000
v 0.013470 -0.026703 0.000000
v 0.013626 -0.026874 0.000000
v 0.014814 -0.027560 0.000000
v 0.015040 -0.027610 0.000000
v 0.013980 -0.022829 0.000000
v 0.013797 -0.022970 0.000000
v 0.013626 -0.023126 0.000000
v 0.013470 -0.023297 0.000000
v 0.013329 -0.023480 0.000000
v 0.013205 -0.023675 0.000000
v 0.013797 -0.027030 0.000000
v 0.013980 -0.027171 0.000000
v 0.014175 -0.027295 0.000000
v 0.014380 -0.027402 0.000000
v 0.014594 -0.027490 0.000000
v 0.015269 -0.027640 0.000000
v 0.015500 -0.027650 0.000000
v 0.015731 -0.027640 0.000000
v 0.015960 -0.027610 0.000000
v 0.016186 -0.027560 0.000000
v 0.013098 -0.023880 0.000000
v 0.013010 -0.024094 0.000000
v 0.012940 -0.024314 0.000000
v 0.012890 -0.024540 0.000000
v 0.012860 -0.024769 0.000000
v 0.012850 -0.025000 0.000000
v 0.012860 -0.025231 0.000000
v 0.012890 -0.025460 0.000000
v 0.012940 -0.025686 0.000000
v 0.018110 0.025460 0.000000
v 0.017374 0.023126 0.000000
v 0.017530 0.023297 0.000000
v 0.017671 0.023480 0.000000
v 0.017795 0.023675 0.000000
v 0.017902 0.023880 0.000000
v 0.017795 0.026325 0.000000
v 0.016825 0.022705 0.000000
v 0.017020 0.022829 0.000000
v 0.017203 0.022970 0.000000
v 0.018060 0.025686 0.000000
v 0.017990 0.025906 0.000000
v 0.017902 0.026120 0.000000
v 0.017671 0.026520 0.000000
v 0.017530 0.026703 0.000000
v 0.017374 0.026874 0.000000
v 0.017990 0.024094 0.000000
v 0.018060 0.024314 0.000000
v 0.018110 0.024540 0.000000
v 0.018140 0.024769 0.000000
v 0.018150 0.025000 0.000000
v 0.018140 0.025231 0.000000
v 0.016186 0.027560 0.000000
v 0.015960 0.027610 0.000000
v 0.013010 0.024094 0.000000
v 0.013098 0.023880 0.000000
v 0.007750 0.018700 0.000000
v 0.017203 0.027030 0.000000
v 0.017020 0.027171 0.000000
v 0.016825 0.027295 0.000000
v 0.016620 0.027402 0.000000
v 0.016406 0.027490 0.000000
v 0.015731 0.027640 0.000000
v 0.015500 0.027650 0.000000
v 0.014175 0.027295 0.000000
v 0.014380 0.027402 0.000000
v 0.014594 0.027490 0.000000
v 0.015269 0.027640 0.000000
v 0.015040 0.027610 0.000000
v 0.014814 0.027560 0.000000
v 0.013205 0.023675 0.000000
v 0.013329 0.023480 0.000000
v 0.013470 0.023297 0.000000
v 0.015269 0.022360 0.000000
v 0.015500 0.022350 0.000000
v 0.015731 0.022360 0.000000
v 0.013980 0.027171 0.000000
v 0.013797 0.027030 0.000000
v 0.013626 0.026874 0.000000
v 0.013470 0.026703 0.000000
v 0.013329 0.026520 0.000000
v 0.013205 0.026325 0.000000
v 0.013626 0.023126 0.000000
v 0.013797 0.022970 0.000000
v 0.013980 0.022829 0.000000
v 0.014175 0.022705 0.000000
v 0.014380 0.022598 0.000000
v 0.014594 0.022510 0.000000
v 0.015960 0.022390 0.000000
v 0.016186 0.022440 0.000000
v 0.014814 0.022440 0.000000
v 0.015040 0.022390 0.000000
v 0.013098 0.026120 0.000000
v 0.013010 0.025906 0.000000
v 0.012940 0.025686 0.000000
v 0.012890 0.025460 0.000000
v 0.012860 0.025231 0.000000
v 0.012850 0.025000 0.000000
v 0.012860 0.024769 0.000000
v 0.012890 0.024540 0.000000
v 0.012940 0.024314 0.000000
v -0.016600 0.018700 0.000000
# 1917 vertices, 0 vertices normals

f 1 2 3
f 2 4 3
f 3 4 5
f 6 7 3
f 7 8 3
f 3 8 1
f 9 10 3
f 10 11 3
f 3 11 6
f 12 13 3
f 13 14 3
f 3 14 9
f 15 16 3
f 16 17 3
f 3 17 12
f 18 19 3
f 19 20 3
f 3 20 15
f 21 22 3
f 22 23 3
f 3 23 18
f 24 25 3
f 25 26 3
f 3 26 21
f 27 28 3
f 28 29 3
f 3 29 24
f 30 31 3
f 31 32 3
f 3 32 27
f 33 34 3
f 34 35 3
f 3 35 30
f 36 37 3
f 37 38 3
f 3 38 33
f 39 40 3
f 40 41 3
f 3 41 36
f 42 43 3
f 43 44 3
f 3 44 39
f 45 46 3
f 46 47 3
f 3 47 42
f 48 49 3
f 49 50 3
f 3 50 45
f 51 52 3
f 52 53 3
f 3 53 48
f 54 55 3
f 55 56 3
f 3 56 51
f 57 58 3
f 58 59 3
f 3 59 54
f 60 61 3
f 61 62 3
f 3 62 57
f 63 64 3
f 64 65 3
f 3 65 60
f 66 67 3
f 67 68 3
f 3 68 63
f 69 70 3
f 70 71 3
f 3 71 66
f 5 72 3
f 72 73 3
f 3 73 69
f 74 75 76
f 77 78 79
f 78 80 79
f 79 80 81
f 82 83 79
f 84 85 86
f 85 76 86
f 86 76 87
f 76 75 87
f 88 89 86
f 89 90 86
f 86 90 84
f 81 91 79
f 91 92 79
f 79 92 93
f 94 95 96
f 95 97 96
f 98 99 79
f 99 100 79
f 79 100 101
f 101 102 79
f 102 103 79
f 79 103 104
f 105 106 86
f 106 107 86
f 86 107 88
f 108 109 110
f 111 112 113
f 112 114 113
f 113 114 115
f 115 116 113
f 116 117 113
f 113 117 118
f 117 119 118
f 97 120 96
f 120 121 96
f 96 121 122
f 83 123 79
f 123 124 79
f 79 124 98
f 77 79 76
f 79 125 76
f 76 125 74
f 126 127 111
f 93 128 79
f 128 129 79
f 79 129 130
f 119 131 118
f 131 132 118
f 118 132 96
f 132 133 96
f 96 133 94
f 104 134 79
f 134 135 79
f 79 135 125
f 127 136 111
f 136 137 111
f 111 137 112
f 108 110 138
f 139 140 141
f 140 110 141
f 141 110 142
f 110 109 142
f 143 144 145
f 144 146 145
f 145 146 147
f 146 148 147
f 148 149 147
f 149 150 147
f 147 150 151
f 150 152 151
f 151 152 153
f 153 154 151
f 154 155 151
f 151 155 156
f 155 157 156
f 157 158 156
f 158 159 156
f 156 159 160
f 161 162 79
f 162 163 79
f 79 163 82
f 139 164 140
f 164 165 140
f 140 165 145
f 165 166 145
f 145 166 143
f 167 168 169
f 122 170 96
f 170 171 96
f 96 171 172
f 173 174 86
f 174 175 86
f 86 175 105
f 176 177 111
f 177 178 111
f 111 178 179
f 179 180 111
f 180 181 111
f 111 181 182
f 183 184 110
f 184 185 110
f 110 185 138
f 159 186 160
f 186 187 160
f 160 187 168
f 187 188 168
f 168 188 169
f 182 189 111
f 189 190 111
f 111 190 126
f 130 191 79
f 191 192 79
f 79 192 110
f 192 193 110
f 110 193 194
f 195 196 197
f 196 198 197
f 197 198 199
f 198 200 199
f 199 200 201
f 200 202 201
f 201 202 203
f 202 204 203
f 203 204 205
f 204 206 205
f 205 206 207
f 206 208 207
f 207 208 209
f 208 210 209
f 209 210 211
f 210 212 211
f 211 212 213
f 212 167 213
f 213 167 214
f 167 169 214
f 194 215 110
f 215 216 110
f 110 216 183
f 86 217 173
f 217 218 173
f 173 218 219
f 218 220 219
f 219 220 221
f 220 222 221
f 172 223 96
f 223 224 96
f 96 224 79
f 224 225 79
f 79 225 161
f 226 227 221
f 228 229 221
f 229 230 221
f 221 230 231
f 231 176 221
f 176 111 221
f 221 111 232
f 111 233 232
f 232 233 234
f 233 235 234
f 234 235 195
f 235 236 195
f 195 236 196
f 222 237 221
f 237 238 221
f 221 238 239
f 239 240 221
f 240 241 221
f 221 241 226
f 227 242 221
f 242 243 221
f 221 243 228
f 244 245 79
f 246 247 248
f 249 250 251
f 250 252 251
f 251 252 253
f 252 254 253
f 255 256 257
f 258 259 260
f 259 261 260
f 255 257 262
f 246 248 263
f 248 264 263
f 263 264 265
f 265 266 263
f 266 267 263
f 263 267 268
f 267 269 268
f 269 270 268
f 270 271 268
f 268 271 252
f 271 272 252
f 252 272 254
f 249 273 250
f 273 274 250
f 250 274 259
f 274 275 259
f 259 275 261
f 245 276 79
f 276 277 79
f 79 277 278
f 256 255 279
f 255 280 279
f 279 280 281
f 257 282 262
f 282 283 262
f 262 283 246
f 283 284 246
f 246 284 247
f 79 285 286
f 287 288 96
f 288 289 96
f 289 290 96
f 290 291 96
f 96 291 292
f 291 293 292
f 258 294 259
f 294 295 259
f 259 295 296
f 297 298 79
f 298 299 79
f 79 299 244
f 278 300 79
f 300 301 79
f 79 301 302
f 79 286 96
f 286 303 96
f 96 303 304
f 281 280 305
f 280 306 305
f 305 306 307
f 306 308 307
f 307 308 309
f 308 310 309
f 309 310 311
f 310 312 311
f 311 312 313
f 312 314 313
f 313 314 315
f 314 316 315
f 315 316 317
f 316 318 317
f 317 318 319
f 318 320 319
f 319 320 293
f 320 321 293
f 293 321 292
f 322 323 79
f 323 324 79
f 79 324 325
f 325 326 79
f 326 327 79
f 79 327 297
f 302 328 79
f 328 329 79
f 79 329 285
f 304 330 96
f 330 331 96
f 96 331 287
f 296 332 259
f 332 333 259
f 259 333 334
f 335 336 79
f 336 337 79
f 79 337 338
f 339 340 341
f 340 342 341
f 338 343 79
f 343 344 79
f 79 344 345
f 346 347 348
f 347 349 348
f 348 349 350
f 339 351 340
f 351 352 340
f 340 352 353
f 352 354 353
f 353 354 355
f 356 79 357
f 79 358 357
f 359 360 361
f 360 362 361
f 361 362 363
f 345 364 79
f 364 365 79
f 79 365 358
f 356 366 79
f 366 367 79
f 79 367 368
f 259 369 370
f 371 372 373
f 372 374 373
f 373 374 375
f 374 376 375
f 346 377 347
f 377 378 347
f 347 378 342
f 378 379 342
f 342 379 341
f 354 380 355
f 380 381 355
f 355 381 382
f 381 383 382
f 382 383 361
f 383 384 361
f 361 384 359
f 363 385 361
f 385 386 361
f 361 386 387
f 387 388 361
f 388 389 361
f 361 389 390
f 391 392 79
f 392 393 79
f 79 393 394
f 394 395 79
f 395 259 79
f 79 259 322
f 259 334 322
f 370 396 259
f 396 397 259
f 259 397 398
f 397 399 398
f 398 399 376
f 399 400 376
f 376 400 375
f 371 401 372
f 401 402 372
f 372 402 403
f 402 404 403
f 404 405 403
f 403 405 406
f 405 407 406
f 407 408 406
f 408 409 406
f 406 409 349
f 409 410 349
f 349 410 350
f 368 411 79
f 411 412 79
f 79 412 391
f 395 413 259
f 413 414 259
f 259 414 415
f 415 416 259
f 416 417 259
f 259 417 418
f 418 419 259
f 419 420 259
f 259 420 369
f 421 422 423
f 424 425 110
f 426 427 79
f 427 428 79
f 79 428 429
f 429 430 79
f 430 431 79
f 79 431 432
f 433 434 79
f 434 435 79
f 436 437 79
f 437 438 79
f 79 438 439
f 422 421 440
f 421 441 440
f 440 441 442
f 423 443 421
f 443 444 421
f 421 444 445
f 444 446 445
f 425 447 110
f 447 448 110
f 110 448 449
f 432 450 79
f 450 451 79
f 79 451 433
f 435 452 79
f 452 453 79
f 79 453 436
f 454 455 361
f 455 456 361
f 361 456 441
f 456 457 441
f 441 457 442
f 446 458 445
f 458 459 445
f 445 459 460
f 459 461 460
f 460 461 462
f 449 463 110
f 463 464 110
f 110 464 79
f 464 465 79
f 79 465 426
f 466 467 361
f 467 468 361
f 361 468 454
f 469 470 471
f 439 472 79
f 472 361 79
f 79 361 335
f 361 390 335
f 469 471 473
f 462 474 460
f 474 475 460
f 460 475 469
f 475 476 469
f 469 476 470
f 471 477 473
f 477 478 473
f 473 478 479
f 480 481 110
f 481 482 110
f 110 482 424
f 472 483 361
f 483 484 361
f 361 484 485
f 485 486 361
f 486 487 361
f 361 487 466
f 478 488 479
f 488 489 479
f 479 489 490
f 110 491 480
f 491 492 480
f 480 492 493
f 492 494 493
f 493 494 495
f 494 496 495
f 495 496 497
f 496 498 497
f 497 498 499
f 498 500 499
f 499 500 501
f 500 502 501
f 501 502 503
f 502 504 503
f 503 504 505
f 504 506 505
f 505 506 507
f 506 508 507
f 507 508 509
f 508 490 509
f 509 490 510
f 490 489 510
f 511 361 512
f 361 441 512
f 512 441 513
f 441 421 513
f 513 421 514
f 421 445 514
f 514 445 515
f 445 460 515
f 515 460 516
f 460 469 516
f 516 469 517
f 469 473 517
f 517 473 518
f 473 479 518
f 518 479 519
f 479 490 519
f 519 490 520
f 490 508 520
f 520 508 521
f 508 506 521
f 521 506 522
f 506 504 522
f 522 504 523
f 504 502 523
f 523 502 524
f 502 500 524
f 524 500 525
f 500 498 525
f 525 498 526
f 498 496 526
f 526 496 527
f 496 494 527
f 527 494 528
f 494 492 528
f 528 492 529
f 530 259 531
f 259 398 531
f 531 398 532
f 398 376 532
f 532 376 533
f 376 374 533
f 533 374 534
f 374 372 534
f 534 372 535
f 372 403 535
f 535 403 536
f 403 406 536
f 536 406 537
f 406 349 537
f 537 349 538
f 349 347 538
f 538 347 539
f 347 342 539
f 539 342 540
f 342 340 540
f 540 340 541
f 340 353 541
f 541 353 542
f 353 355 542
f 542 355 511
f 355 382 511
f 511 382 361
f 543 96 544
f 96 292 544
f 544 292 545
f 292 321 545
f 545 321 546
f 321 320 546
f 546 320 547
f 320 318 547
f 547 318 548
f 318 316 548
f 548 316 549
f 316 314 549
f 549 314 550
f 314 312 550
f 550 312 551
f 312 310 551
f 551 310 552
f 310 308 552
f 552 308 553
f 308 306 553
f 553 306 554
f 306 280 554
f 554 280 555
f 280 255 555
f 555 255 556
f 255 262 556
f 556 262 557
f 262 246 557
f 557 246 558
f 246 263 558
f 558 263 559
f 263 268 559
f 559 268 560
f 268 252 560
f 560 252 530
f 252 250 530
f 530 250 259
f 492 491 529
f 491 110 529
f 529 110 561
f 110 140 561
f 561 140 562
f 140 145 562
f 562 145 563
f 145 147 563
f 563 147 564
f 147 151 564
f 564 151 565
f 151 156 565
f 565 156 566
f 156 160 566
f 566 160 567
f 160 168 567
f 567 168 568
f 168 167 568
f 568 167 569
f 167 212 569
f 569 212 570
f 212 210 570
f 570 210 571
f 210 208 571
f 571 208 572
f 208 206 572
f 572 206 573
f 206 204 573
f 573 204 574
f 204 202 574
f 574 202 575
f 202 200 575
f 575 200 576
f 200 198 576
f 576 198 577
f 198 196 577
f 577 196 578
f 196 236 578
f 578 236 579
f 236 235 579
f 579 235 580
f 235 233 580
f 580 233 581
f 233 111 581
f 581 111 582
f 111 113 582
f 582 113 543
f 113 118 543
f 543 118 96
f 583 584 585
f 584 586 585
f 585 586 587
f 586 588 587
f 587 588 589
f 588 590 589
f 589 590 591
f 590 592 591
f 591 592 593
f 592 594 593
f 593 594 595
f 594 596 595
f 595 596 597
f 596 598 597
f 597 598 599
f 598 600 599
f 599 600 601
f 600 602 601
f 601 602 603
f 602 604 603
f 603 604 605
f 604 606 605
f 605 606 607
f 606 608 607
f 607 608 609
f 608 610 609
f 609 610 611
f 610 612 611
f 611 612 613
f 612 614 613
f 613 614 615
f 614 616 615
f 615 616 617
f 616 618 617
f 617 618 619
f 618 620 619
f 619 620 621
f 620 622 621
f 621 622 623
f 622 624 623
f 623 624 625
f 624 626 625
f 625 626 627
f 626 628 627
f 627 628 629
f 628 630 629
f 629 630 631
f 630 632 631
f 631 632 633
f 632 634 633
f 633 634 635
f 634 636 635
f 635 636 637
f 636 638 637
f 637 638 639
f 638 640 639
f 639 640 641
f 640 642 641
f 641 642 643
f 642 644 643
f 643 644 645
f 644 646 645
f 645 646 647
f 646 648 647
f 647 648 649
f 648 650 649
f 649 650 651
f 650 652 651
f 651 652 653
f 652 654 653
f 653 654 655
f 654 656 655
f 655 656 657
f 656 658 657
f 657 658 659
f 658 660 659
f 659 660 661
f 660 662 661
f 661 662 663
f 662 664 663
f 663 664 665
f 664 666 665
f 665 666 667
f 666 668 667
f 667 668 669
f 668 670 669
f 669 670 671
f 670 672 671
f 671 672 673
f 672 674 673
f 673 674 675
f 674 676 675
f 675 676 677
f 676 678 677
f 677 678 679
f 678 680 679
f 679 680 681
f 680 682 681
f 681 682 683
f 682 684 683
f 683 684 685
f 684 686 685
f 685 686 687
f 686 688 687
f 687 688 689
f 688 690 689
f 689 690 691
f 690 692 691
f 691 692 693
f 692 694 693
f 693 694 695
f 694 696 695
f 695 696 697
f 696 698 697
f 697 698 699
f 698 700 699
f 699 700 701
f 700 702 701
f 701 702 703
f 702 704 703
f 703 704 705
f 704 706 705
f 705 706 707
f 706 708 707
f 707 708 709
f 708 710 709
f 709 710 711
f 710 712 711
f 711 712 713
f 712 714 713
f 713 714 715
f 714 716 715
f 715 716 717
f 716 718 717
f 717 718 719
f 718 720 719
f 719 720 721
f 720 722 721
f 721 722 723
f 722 724 723
f 723 724 725
f 724 726 725
f 725 726 583
f 726 584 583
f 727 728 729
f 728 730 729
f 729 730 731
f 730 732 731
f 731 732 733
f 732 734 733
f 733 734 735
f 734 736 735
f 735 736 737
f 736 738 737
f 737 738 739
f 738 740 739
f 739 740 741
f 740 742 741
f 741 742 743
f 742 744 743
f 743 744 745
f 744 746 745
f 745 746 747
f 746 748 747
f 747 748 749
f 748 750 749
f 749 750 751
f 750 752 751
f 751 752 753
f 752 754 753
f 753 754 755
f 754 756 755
f 755 756 757
f 756 758 757
f 757 758 759
f 758 760 759
f 759 760 761
f 760 762 761
f 761 762 763
f 762 764 763
f 763 764 765
f 764 766 765
f 765 766 767
f 766 768 767
f 767 768 769
f 768 770 769
f 769 770 771
f 770 772 771
f 771 772 773
f 772 774 773
f 773 774 775
f 774 776 775
f 775 776 777
f 776 778 777
f 777 778 779
f 778 780 779
f 779 780 781
f 780 782 781
f 781 782 783
f 782 784 783
f 783 784 785
f 784 786 785
f 785 786 787
f 786 788 787
f 787 788 789
f 788 790 789
f 789 790 791
f 790 792 791
f 791 792 793
f 792 794 793
f 793 794 795
f 794 796 795
f 795 796 797
f 796 798 797
f 797 798 799
f 798 800 799
f 799 800 801
f 800 802 801
f 801 802 803
f 802 804 803
f 803 804 805
f 804 806 805
f 805 806 807
f 806 808 807
f 807 808 809
f 808 810 809
f 809 810 811
f 810 812 811
f 811 812 813
f 812 814 813
f 813 814 815
f 814 816 815
f 815 816 817
f 816 818 817
f 817 818 819
f 818 820 819
f 819 820 821
f 820 822 821
f 821 822 823
f 822 824 823
f 823 824 825
f 824 826 825
f 825 826 827
f 826 828 827
f 827 828 829
f 828 830 829
f 829 830 831
f 830 832 831
f 831 832 833
f 832 834 833
f 833 834 835
f 834 836 835
f 835 836 837
f 836 838 837
f 837 838 839
f 838 840 839
f 839 840 841
f 840 842 841
f 841 842 843
f 842 844 843
f 843 844 845
f 844 846 845
f 845 846 847
f 846 848 847
f 847 848 849
f 848 850 849
f 849 850 851
f 850 852 851
f 851 852 853
f 852 854 853
f 853 854 855
f 854 856 855
f 855 856 857
f 856 858 857
f 857 858 859
f 858 860 859
f 859 860 861
f 860 862 861
f 861 862 863
f 862 864 863
f 863 864 865
f 864 866 865
f 865 866 867
f 866 868 867
f 867 868 869
f 868 870 869
f 869 870 727
f 870 728 727
f 871 872 873
f 872 874 873
f 873 874 875
f 874 876 875
f 875 876 877
f 876 878 877
f 877 878 879
f 878 880 879
f 879 880 881
f 880 882 881
f 881 882 883
f 882 884 883
f 883 884 885
f 884 886 885
f 885 886 887
f 886 888 887
f 887 888 889
f 888 890 889
f 889 890 891
f 890 892 891
f 891 892 893
f 892 894 893
f 893 894 895
f 894 896 895
f 895 896 897
f 896 898 897
f 897 898 899
f 898 900 899
f 899 900 901
f 900 902 901
f 901 902 903
f 902 904 903
f 903 904 905
f 904 906 905
f 905 906 907
f 906 908 907
f 907 908 909
f 908 910 909
f 909 910 911
f 910 912 911
f 911 912 913
f 912 914 913
f 913 914 915
f 914 916 915
f 915 916 917
f 916 918 917
f 917 918 919
f 918 920 919
f 919 920 921
f 920 922 921
f 921 922 923
f 922 924 923
f 923 924 925
f 924 926 925
f 925 926 927
f 926 928 927
f 927 928 929
f 928 930 929
f 929 930 931
f 930 932 931
f 931 932 933
f 932 934 933
f 933 934 935
f 934 936 935
f 935 936 937
f 936 938 937
f 937 938 939
f 938 940 939
f 939 940 941
f 940 942 941
f 941 942 943
f 942 944 943
f 943 944 945
f 944 946 945
f 945 946 947
f 946 948 947
f 947 948 949
f 948 950 949
f 949 950 951
f 950 952 951
f 951 952 953
f 952 954 953
f 953 954 955
f 954 956 955
f 955 956 957
f 956 958 957
f 957 958 959
f 958 960 959
f 959 960 961
f 960 962 961
f 961 962 963
f 962 964 963
f 963 964 965
f 964 966 965
f 965 966 967
f 966 968 967
f 967 968 969
f 968 970 969
f 969 970 971
f 970 972 971
f 971 972 973
f 972 974 973
f 973 974 975
f 974 976 975
f 975 976 977
f 976 978 977
f 977 978 979
f 978 980 979
f 979 980 981
f 980 982 981
f 981 982 983
f 982 984 983
f 983 984 985
f 984 986 985
f 985 986 987
f 986 988 987
f 987 988 989
f 988 990 989
f 989 990 991
f 990 992 991
f 991 992 993
f 992 994 993
f 993 994 995
f 994 996 995
f 995 996 997
f 996 998 997
f 997 998 999
f 998 1000 999
f 999 1000 1001
f 1000 1002 1001
f 1001 1002 1003
f 1002 1004 1003
f 1003 1004 1005
f 1004 1006 1005
f 1005 1006 1007
f 1006 1008 1007
f 1007 1008 1009
f 1008 1010 1009
f 1009 1010 1011
f 1010 1012 1011
f 1011 1012 1013
f 1012 1014 1013
f 1013 1014 871
f 1014 872 871
f 1015 1016 1017
f 586 584 1018
f 830 828 1019
f 1020 1021 1022
f 1023 1024 1025
f 1024 1026 1025
f 1026 1027 1025
f 1025 1027 1028
f 1027 1029 1028
f 1029 1030 1028
f 1028 1030 1031
f 1031 1032 1028
f 1032 1033 1028
f 1028 1033 1034
f 1035 1036 1037
f 1036 1038 1037
f 1037 1038 1039
f 1039 1040 1037
f 1040 1041 1037
f 1037 1041 1042
f 1043 1044 1037
f 1044 1045 1037
f 1037 1045 1046
f 1047 1048 1037
f 1042 1049 1037
f 1049 1050 1037
f 1037 1050 1043
f 1046 1051 1037
f 1051 1052 1037
f 1037 1052 1022
f 1052 1053 1022
f 1022 1053 1020
f 1034 1054 1028
f 1054 1055 1028
f 1028 1055 1056
f 1047 1037 1057
f 1048 1058 1037
f 1058 1059 1037
f 1037 1059 1035
f 1060 1061 1025
f 1061 1062 1025
f 1062 1063 1025
f 1025 1063 1023
f 1064 1065 1066
f 1065 1067 1066
f 1066 1067 1068
f 1069 1070 1066
f 1070 1071 1066
f 1071 1072 1066
f 1072 1073 1066
f 1066 1073 1074
f 1021 1075 1022
f 1075 1076 1022
f 1022 1076 1066
f 1076 1077 1066
f 1066 1077 1064
f 1068 1078 1066
f 1078 1079 1066
f 1066 1079 1069
f 1074 1080 1066
f 1080 1081 1066
f 1066 1081 1082
f 1083 1084 850
f 1084 1085 850
f 850 1085 1086
f 1086 1087 850
f 1087 1088 850
f 850 1088 1089
f 852 1090 1091
f 1082 1092 1066
f 1092 1093 1066
f 1066 1093 1083
f 1089 1094 850
f 1094 1095 850
f 850 1095 852
f 1095 1096 852
f 852 1096 1090
f 1097 1098 1099
f 1098 1100 1099
f 1100 1101 1099
f 1101 1102 1099
f 1099 1102 1103
f 1103 1104 1099
f 1104 1105 1099
f 1099 1105 1106
f 1106 1107 1099
f 1107 1108 1099
f 1099 1108 1109
f 1099 1110 1111
f 1111 1112 1099
f 1112 1113 1099
f 1099 1113 1114
f 1114 1115 1099
f 1115 1116 1099
f 1099 1116 1097
f 1117 1118 800
f 1118 1119 800
f 1120 1121 800
f 1121 1122 800
f 800 1122 802
f 1122 1123 802
f 802 1123 804
f 1123 1124 804
f 804 1124 806
f 1124 1125 806
f 806 1125 808
f 1126 1127 1128
f 1127 1129 1128
f 1128 1129 1099
f 1129 1130 1099
f 1099 1130 1110
f 1119 1131 800
f 1131 1132 800
f 800 1132 1120
f 816 814 1133
f 1125 1134 808
f 1134 1135 808
f 808 1135 810
f 1135 1136 810
f 810 1136 812
f 1019 1137 1138
f 1138 1139 1019
f 1139 1140 1019
f 1019 1140 1141
f 1136 1142 812
f 1142 1143 812
f 812 1143 814
f 1143 1144 814
f 814 1144 1133
f 1145 818 1146
f 818 816 1146
f 1146 816 1147
f 816 1133 1147
f 1145 1148 818
f 1148 1149 818
f 818 1149 1150
f 1150 1151 818
f 1151 1152 818
f 818 1152 1153
f 1154 1155 1019
f 1155 1156 1019
f 1156 1157 1019
f 1157 1158 1019
f 1019 1158 1159
f 1159 1160 1019
f 1160 1161 1019
f 1019 1161 1162
f 1162 1163 1019
f 1163 1164 1019
f 1019 1164 1165
f 1165 1166 1019
f 1166 1167 1019
f 1019 1167 1137
f 1141 1168 1019
f 1168 1169 1019
f 1019 1169 1128
f 1169 1170 1128
f 1128 1170 1126
f 796 1015 798
f 1015 1099 798
f 798 1099 800
f 1099 1109 800
f 800 1109 1117
f 1153 1154 818
f 1154 1019 818
f 818 1019 820
f 1019 822 820
f 828 826 1019
f 826 824 1019
f 1019 824 822
f 838 836 1171
f 836 834 1171
f 1171 834 1172
f 834 832 1172
f 1172 832 1173
f 1083 850 1066
f 850 848 1066
f 1066 848 846
f 846 844 1066
f 844 842 1066
f 1066 842 840
f 1091 1060 852
f 1060 1025 852
f 852 1025 854
f 1025 856 854
f 1028 866 864
f 864 862 1028
f 862 860 1028
f 1028 860 1025
f 860 858 1025
f 1025 858 856
f 730 728 1174
f 728 870 1174
f 1174 870 1028
f 870 868 1028
f 1028 868 866
f 730 1174 732
f 1174 1175 732
f 732 1175 734
f 744 742 1175
f 742 740 1175
f 740 738 1175
f 738 736 1175
f 1175 736 734
f 934 932 744
f 1010 1008 1176
f 984 982 1176
f 946 944 1175
f 744 932 746
f 874 872 758
f 872 1014 758
f 758 1014 1176
f 1014 1012 1176
f 1176 1012 1010
f 1008 1006 1176
f 1006 1004 1176
f 1176 1004 1002
f 996 994 1176
f 994 992 1176
f 1176 992 990
f 990 988 1176
f 988 986 1176
f 1176 986 984
f 974 972 1175
f 940 938 744
f 938 936 744
f 744 936 934
f 1002 1000 1176
f 1000 998 1176
f 1176 998 996
f 1175 944 744
f 944 942 744
f 744 942 940
f 900 898 758
f 898 896 758
f 758 896 894
f 758 888 886
f 886 884 758
f 884 882 758
f 758 882 880
f 972 970 1175
f 970 968 1175
f 1175 968 966
f 966 964 1175
f 964 962 1175
f 1175 962 960
f 1175 954 952
f 932 930 746
f 930 928 746
f 746 928 748
f 928 926 748
f 914 912 752
f 756 904 758
f 904 902 758
f 758 902 900
f 894 892 758
f 892 890 758
f 758 890 888
f 880 878 758
f 878 876 758
f 758 876 874
f 982 980 1176
f 980 978 1176
f 1176 978 976
f 960 958 1175
f 958 956 1175
f 1175 956 954
f 952 950 1175
f 950 948 1175
f 1175 948 946
f 752 912 754
f 926 924 748
f 924 922 748
f 748 922 750
f 912 910 754
f 910 908 754
f 754 908 756
f 908 906 756
f 756 906 904
f 922 920 750
f 920 918 750
f 750 918 752
f 918 916 752
f 752 916 914
f 1177 1178 1176
f 1178 1179 1176
f 1179 1180 1176
f 1180 1181 1176
f 1176 1181 1182
f 1183 758 1184
f 758 1176 1184
f 1184 1176 1185
f 1176 1186 1185
f 1182 1187 1176
f 1187 1188 1176
f 1176 1188 1186
f 764 1189 1190
f 1190 1191 764
f 1191 1192 764
f 764 1192 1193
f 1194 1195 760
f 1196 1197 760
f 1197 1198 760
f 760 1198 1199
f 1199 1200 760
f 1200 1201 760
f 760 1201 762
f 1201 1202 762
f 762 1202 764
f 1202 1203 764
f 764 1203 1189
f 1193 1204 764
f 1204 1205 764
f 764 1205 1206
f 1183 1207 758
f 1207 1208 758
f 758 1208 760
f 1208 1209 760
f 760 1209 1194
f 1195 1210 760
f 1210 1211 760
f 760 1211 1196
f 1212 1213 764
f 1206 1214 764
f 1214 1215 764
f 764 1215 1216
f 1017 1217 1218
f 1017 1219 1220
f 1213 1221 1017
f 1221 1222 1017
f 1017 1222 1219
f 1220 1223 1017
f 1223 1224 1017
f 1017 1224 1217
f 1216 1225 764
f 1225 1226 764
f 764 1226 1212
f 1227 1228 790
f 790 1229 1230
f 784 1231 786
f 1231 1232 786
f 786 1232 788
f 1230 1233 790
f 1233 1234 790
f 790 1234 1227
f 1232 1235 788
f 1235 1236 788
f 788 1236 790
f 1236 1237 790
f 790 1237 1229
f 1228 1238 790
f 1238 1239 790
f 790 1239 1240
f 1241 1242 766
f 1243 1244 766
f 1244 1245 766
f 770 768 1246
f 782 1247 784
f 1247 1248 784
f 784 1248 1231
f 1016 1249 1250
f 1245 1251 766
f 1251 1252 766
f 766 1252 768
f 1252 1253 768
f 768 1253 1246
f 1254 772 1255
f 772 770 1255
f 1255 770 1256
f 770 1246 1256
f 1254 1257 772
f 1257 1258 772
f 772 1258 774
f 1259 1260 1016
f 1260 1261 1016
f 1016 1261 1262
f 1262 1263 1016
f 1263 1264 1016
f 1016 1264 1265
f 1265 1266 1016
f 1266 1267 1016
f 1016 1267 1268
f 1268 1269 1016
f 1269 1270 1016
f 1016 1270 1271
f 1271 1272 1016
f 1272 1273 1016
f 1016 1273 1249
f 1250 1274 1016
f 1274 1275 1016
f 1016 1275 1276
f 780 778 1277
f 1277 1278 780
f 1278 1279 780
f 780 1279 782
f 1279 1280 782
f 782 1280 1247
f 1276 1281 1016
f 1281 1282 1016
f 1016 1282 1283
f 766 1284 1285
f 1285 1286 766
f 1286 1287 766
f 766 1287 1288
f 1288 1289 766
f 1289 1290 766
f 766 1290 1243
f 1258 1291 774
f 1291 1292 774
f 774 1292 776
f 1292 1293 776
f 1293 1294 776
f 1294 1295 776
f 776 1295 778
f 1295 1296 778
f 778 1296 1277
f 1213 1017 764
f 1017 1016 764
f 764 1016 766
f 1016 1283 766
f 766 1283 1241
f 1242 1297 766
f 1297 1298 766
f 766 1298 1284
f 1240 1259 790
f 1259 1016 790
f 790 1016 792
f 1016 1015 792
f 792 1015 794
f 1015 796 794
f 592 590 1018
f 590 588 1018
f 1018 588 586
f 1299 598 1300
f 598 596 1300
f 1300 596 1018
f 596 594 1018
f 1018 594 592
f 618 616 1301
f 1302 1303 616
f 1304 1305 616
f 1305 1306 616
f 616 1306 1307
f 632 630 1308
f 1309 1310 1299
f 610 1299 612
f 1299 1311 612
f 612 1311 614
f 610 608 1299
f 608 606 1299
f 1299 606 604
f 604 602 1299
f 602 600 1299
f 1299 600 598
f 1302 616 1312
f 1303 1313 616
f 1313 1314 616
f 616 1314 1315
f 1315 1316 616
f 1316 1317 616
f 616 1317 1304
f 1318 1319 1299
f 1307 1320 616
f 1320 1321 616
f 616 1321 1301
f 614 1311 616
f 1311 1322 616
f 616 1322 1312
f 638 1308 640
f 1308 642 640
f 638 636 1308
f 636 634 1308
f 1308 634 632
f 1310 1323 1299
f 1323 1324 1299
f 1299 1324 1325
f 1319 1326 1299
f 1326 1327 1299
f 1299 1327 1311
f 1328 1329 624
f 1329 1330 624
f 624 1330 1331
f 1331 1332 624
f 1332 1333 624
f 624 1333 1334
f 1334 1335 624
f 1335 1336 624
f 624 1336 1337
f 1338 1339 1299
f 1339 1340 1299
f 1299 1340 1309
f 1325 1341 1299
f 1341 1342 1299
f 1299 1342 1318
f 618 1301 620
f 1301 1343 620
f 620 1343 622
f 1343 1344 622
f 622 1344 624
f 1344 1345 624
f 624 1345 1328
f 1337 1346 624
f 1346 1347 624
f 624 1347 1348
f 1349 1350 1308
f 1350 1351 1308
f 1308 1351 1352
f 1352 1353 1308
f 1353 1354 1308
f 1308 1354 1355
f 1355 1356 1308
f 1356 1357 1308
f 1308 1357 1358
f 1358 1359 1308
f 1359 1360 1308
f 1308 1360 1361
f 1362 1308 1363
f 1308 1364 1363
f 1348 1365 624
f 1365 1349 624
f 624 1349 626
f 1349 1308 626
f 626 1308 628
f 1308 630 628
f 1361 1366 1308
f 1366 1367 1308
f 1308 1367 1364
f 1368 1369 1299
f 1369 1370 1299
f 1299 1370 1338
f 1362 1371 1308
f 1371 1372 1308
f 1308 1372 1299
f 1372 1373 1299
f 1299 1373 1368
f 642 1308 644
f 1308 1037 644
f 644 1037 646
f 1037 1022 646
f 646 1022 648
f 654 652 1022
f 652 650 1022
f 1022 650 648
f 670 1066 1171
f 1066 840 1171
f 1171 840 838
f 1022 662 660
f 660 658 1022
f 658 656 1022
f 1022 656 654
f 670 668 1066
f 668 666 1066
f 1066 666 1022
f 666 664 1022
f 1022 664 662
f 1172 712 710
f 682 680 1171
f 680 678 1171
f 1171 678 676
f 710 708 1172
f 708 706 1172
f 1172 706 704
f 704 702 1172
f 702 700 1172
f 1172 700 698
f 676 674 1171
f 674 672 1171
f 1171 672 670
f 690 688 1171
f 688 686 1171
f 686 684 1171
f 1171 684 682
f 698 696 1172
f 696 694 1172
f 1172 694 1171
f 694 692 1171
f 1171 692 690
f 584 726 1018
f 726 724 1018
f 1018 724 722
f 722 720 1018
f 720 718 1018
f 1018 718 1173
f 718 716 1173
f 1173 716 1172
f 716 714 1172
f 1172 714 712
f 1374 1375 1376
f 1375 1377 1376
f 1218 1378 1379
f 1378 1380 1379
f 1379 1380 1381
f 1381 1382 1379
f 1382 1383 1379
f 1379 1383 1384
f 1384 1385 1379
f 1385 1386 1379
f 1379 1386 1387
f 1377 1388 1376
f 1388 1389 1376
f 1376 1389 1390
f 1391 1392 1376
f 1392 1393 1376
f 1393 1394 1376
f 1376 1394 1374
f 1387 1395 1379
f 1395 1396 1379
f 1379 1396 1376
f 1396 1397 1376
f 1376 1397 1391
f 1379 1398 1399
f 1398 1400 1401
f 1402 1403 1398
f 1403 1404 1398
f 1401 1405 1398
f 1405 1406 1398
f 1398 1406 1402
f 1404 1407 1398
f 1407 1408 1398
f 1398 1408 1409
f 1410 1411 1376
f 1411 1412 1376
f 1413 1414 1379
f 1414 1415 1379
f 1416 1417 1398
f 1417 1418 1398
f 1398 1418 1419
f 1419 1420 1398
f 1420 1421 1398
f 1398 1421 1400
f 1422 1379 1423
f 1379 1424 1423
f 1415 1425 1379
f 1425 1426 1379
f 1379 1426 1427
f 1428 1429 1430
f 1429 1431 1430
f 1422 1432 1379
f 1432 1433 1379
f 1379 1433 1413
f 1427 1434 1379
f 1434 1435 1379
f 1379 1435 1436
f 1409 1437 1398
f 1437 1438 1398
f 1398 1438 1429
f 1438 1439 1429
f 1429 1439 1431
f 1412 1440 1376
f 1440 1441 1376
f 1376 1441 1379
f 1441 1442 1379
f 1379 1442 1424
f 1436 1443 1379
f 1443 1444 1379
f 1379 1444 1398
f 1444 1445 1398
f 1398 1445 1416
f 1428 1446 1429
f 1446 1447 1429
f 1429 1447 1448
f 1448 1449 1429
f 1449 1450 1429
f 1429 1450 1451
f 1452 1453 1376
f 1452 1376 1454
f 1453 1455 1376
f 1455 1456 1376
f 1376 1456 1410
f 1451 1457 1429
f 1457 1458 1429
f 1429 1458 1459
f 1460 1461 1376
f 1461 1462 1376
f 1376 1462 1454
f 1459 1463 1429
f 1463 1464 1429
f 1429 1464 1465
f 1465 1466 1429
f 1466 1467 1429
f 1429 1467 1376
f 1467 1468 1376
f 1468 1469 1376
f 1376 1469 1470
f 1470 1471 1376
f 1471 1472 1376
f 1376 1472 1460
f 1390 1177 1376
f 1177 1176 1376
f 1376 1176 1429
f 1176 1473 1429
f 1474 1099 1475
f 1099 1476 1475
f 1474 1477 1099
f 1477 1478 1099
f 1099 1478 1479
f 1480 1481 1300
f 1482 1015 1483
f 1015 1484 1483
f 1479 1485 1099
f 1485 1486 1099
f 1099 1486 1487
f 1482 1488 1015
f 1488 1489 1015
f 1015 1489 1099
f 1489 1490 1099
f 1099 1490 1476
f 1487 1491 1099
f 1491 1492 1099
f 1099 1492 1493
f 1494 1495 1300
f 1495 1496 1300
f 1496 1497 1300
f 1497 1498 1300
f 1300 1498 1499
f 1499 1500 1300
f 1500 1501 1300
f 1300 1501 1480
f 1481 1502 1300
f 1502 1503 1300
f 1300 1503 1504
f 1504 1505 1300
f 1505 1506 1300
f 1300 1506 1507
f 1399 1508 1509
f 1509 1510 1399
f 1510 1511 1399
f 1399 1511 1512
f 1512 1513 1399
f 1513 1514 1399
f 1399 1514 1515
f 1493 1516 1099
f 1516 1517 1099
f 1099 1517 1518
f 1507 1519 1399
f 1519 1520 1399
f 1399 1520 1508
f 1515 1521 1399
f 1521 1522 1399
f 1399 1522 1523
f 1518 1524 1099
f 1524 1525 1099
f 1099 1525 1526
f 1523 1527 1399
f 1527 1528 1399
f 1399 1528 1529
f 1015 1530 1531
f 1532 1533 1015
f 1533 1534 1015
f 1015 1534 1535
f 1218 1379 1017
f 1379 1399 1017
f 1017 1399 1015
f 1399 1529 1015
f 1015 1529 1530
f 1535 1536 1015
f 1536 1537 1015
f 1015 1537 1484
f 1531 1538 1015
f 1538 1539 1015
f 1015 1539 1540
f 1540 1541 1015
f 1541 1542 1015
f 1015 1542 1543
f 1543 1544 1015
f 1544 1545 1015
f 1015 1545 1532
f 1546 1547 1308
f 1548 1549 1429
f 1549 1550 1429
f 1550 1551 1429
f 1551 1552 1429
f 1429 1552 1553
f 1507 1399 1300
f 1399 1398 1300
f 1300 1398 1299
f 1398 1429 1299
f 1299 1429 1308
f 1429 1553 1308
f 1308 1553 1546
f 1547 1554 1308
f 1554 1555 1308
f 1308 1555 1556
f 1557 1558 1308
f 1556 1559 1308
f 1559 1560 1308
f 1308 1560 1561
f 1562 1563 1037
f 1563 1564 1037
f 1037 1564 1565
f 1561 1566 1308
f 1566 1567 1308
f 1308 1567 1557
f 1568 1569 1037
f 1569 1570 1037
f 1037 1570 1571
f 1571 1572 1037
f 1572 1573 1037
f 1037 1573 1574
f 1574 1575 1037
f 1575 1576 1037
f 1037 1576 1562
f 1565 1577 1037
f 1577 1578 1037
f 1037 1578 1579
f 1580 1473 1581
f 1473 1582 1581
f 1580 1583 1473
f 1583 1584 1473
f 1473 1584 1585
f 1585 1586 1473
f 1586 1587 1473
f 1473 1587 1588
f 1579 1589 1037
f 1589 1590 1037
f 1037 1590 1473
f 1590 1591 1473
f 1473 1591 1582
f 1558 1592 1308
f 1592 1593 1308
f 1308 1593 1037
f 1593 1594 1037
f 1037 1594 1595
f 1588 1596 1473
f 1596 1597 1473
f 1473 1597 1598
f 1599 1600 1429
f 1600 1601 1429
f 1595 1602 1037
f 1602 1603 1037
f 1037 1603 1568
f 1598 1604 1473
f 1604 1605 1473
f 1473 1605 1606
f 1601 1607 1429
f 1607 1608 1429
f 1429 1608 1548
f 1606 1609 1473
f 1609 1610 1473
f 1473 1610 1611
f 1611 1612 1473
f 1612 1613 1473
f 1473 1613 1429
f 1613 1614 1429
f 1429 1614 1615
f 1615 1616 1429
f 1616 1617 1429
f 1429 1617 1599
f 976 974 1176
f 974 1175 1176
f 1176 1175 1473
f 1175 1174 1473
f 1473 1174 1037
f 1174 1028 1037
f 1037 1028 1057
f 1028 1056 1057
f 1526 1494 1099
f 1494 1300 1099
f 1099 1300 1128
f 1300 1018 1128
f 1128 1018 1019
f 1018 1173 1019
f 1019 1173 830
f 1173 832 830
f 1618 1222 1619
f 1222 1221 1619
f 1619 1221 1620
f 1221 1213 1620
f 1620 1213 1621
f 1213 1212 1621
f 1621 1212 1622
f 1212 1226 1622
f 1622 1226 1623
f 1226 1225 1623
f 1623 1225 1624
f 1225 1216 1624
f 1624 1216 1625
f 1216 1215 1625
f 1625 1215 1626
f 1215 1214 1626
f 1626 1214 1627
f 1214 1206 1627
f 1627 1206 1628
f 1206 1205 1628
f 1628 1205 1629
f 1205 1204 1629
f 1629 1204 1630
f 1204 1193 1630
f 1630 1193 1631
f 1193 1192 1631
f 1631 1192 1632
f 1192 1191 1632
f 1632 1191 1633
f 1191 1190 1633
f 1633 1190 1634
f 1190 1189 1634
f 1634 1189 1635
f 1189 1203 1635
f 1635 1203 1636
f 1203 1202 1636
f 1636 1202 1637
f 1202 1201 1637
f 1637 1201 1638
f 1201 1200 1638
f 1638 1200 1639
f 1200 1199 1639
f 1639 1199 1640
f 1199 1198 1640
f 1640 1198 1641
f 1198 1197 1641
f 1641 1197 1642
f 1197 1196 1642
f 1642 1196 1643
f 1196 1211 1643
f 1643 1211 1644
f 1211 1210 1644
f 1644 1210 1645
f 1210 1195 1645
f 1645 1195 1646
f 1195 1194 1646
f 1646 1194 1647
f 1194 1209 1647
f 1647 1209 1648
f 1209 1208 1648
f 1648 1208 1649
f 1208 1207 1649
f 1649 1207 1650
f 1207 1183 1650
f 1650 1183 1651
f 1183 1184 1651
f 1651 1184 1652
f 1184 1185 1652
f 1652 1185 1653
f 1185 1186 1653
f 1653 1186 1654
f 1186 1188 1654
f 1654 1188 1655
f 1188 1187 1655
f 1655 1187 1656
f 1187 1182 1656
f 1656 1182 1657
f 1182 1181 1657
f 1657 1181 1658
f 1181 1180 1658
f 1658 1180 1659
f 1180 1179 1659
f 1659 1179 1660
f 1179 1178 1660
f 1660 1178 1661
f 1178 1177 1661
f 1661 1177 1662
f 1177 1390 1662
f 1662 1390 1663
f 1390 1389 1663
f 1663 1389 1664
f 1389 1388 1664
f 1664 1388 1665
f 1388 1377 1665
f 1665 1377 1666
f 1377 1375 1666
f 1666 1375 1667
f 1375 1374 1667
f 1667 1374 1668
f 1374 1394 1668
f 1668 1394 1669
f 1394 1393 1669
f 1669 1393 1670
f 1393 1392 1670
f 1670 1392 1671
f 1392 1391 1671
f 1671 1391 1672
f 1391 1397 1672
f 1672 1397 1673
f 1397 1396 1673
f 1673 1396 1674
f 1396 1395 1674
f 1674 1395 1675
f 1395 1387 1675
f 1675 1387 1676
f 1387 1386 1676
f 1676 1386 1677
f 1386 1385 1677
f 1677 1385 1678
f 1385 1384 1678
f 1678 1384 1679
f 1384 1383 1679
f 1679 1383 1680
f 1383 1382 1680
f 1680 1382 1681
f 1382 1381 1681
f 1681 1381 1682
f 1381 1380 1682
f 1682 1380 1683
f 1380 1378 1683
f 1683 1378 1684
f 1378 1218 1684
f 1684 1218 1685
f 1218 1217 1685
f 1685 1217 1686
f 1217 1224 1686
f 1686 1224 1687
f 1224 1223 1687
f 1687 1223 1688
f 1223 1220 1688
f 1688 1220 1689
f 1220 1219 1689
f 1689 1219 1618
f 1219 1222 1618
f 1653 1654 1690
f 1691 1692 1693
f 1694 1695 1696
f 1697 1698 1699
f 1698 1700 1699
f 1699 1700 1701
f 1701 1702 1699
f 1702 1703 1699
f 1699 1703 1704
f 1705 1706 1707
f 1704 1708 1699
f 1708 1709 1699
f 1699 1709 1707
f 1709 1710 1707
f 1707 1710 1705
f 1706 1711 1707
f 1711 1712 1707
f 1707 1712 1713
f 1714 1715 1716
f 1715 1717 1716
f 1718 1719 1720
f 1719 1721 1720
f 1722 1723 1715
f 1714 1724 1720
f 1724 1725 1720
f 1720 1725 1718
f 1721 1726 1720
f 1726 1727 1720
f 1720 1727 1728
f 1713 1729 1707
f 1729 1730 1707
f 1707 1730 1731
f 1731 1732 1707
f 1732 1733 1707
f 1707 1733 1734
f 1735 1715 1736
f 1715 1737 1736
f 1735 1738 1715
f 1738 1739 1715
f 1715 1739 1740
f 1740 1741 1715
f 1741 1742 1715
f 1715 1742 1717
f 1723 1743 1715
f 1743 1744 1715
f 1715 1744 1737
f 1734 1745 1707
f 1745 1746 1707
f 1707 1746 1715
f 1746 1747 1715
f 1715 1747 1722
f 1748 1749 863
f 1749 1750 863
f 1751 1752 863
f 1752 1753 863
f 863 1753 1748
f 1754 1755 851
f 1755 1756 851
f 851 1756 1757
f 1728 1758 1720
f 1758 1759 1720
f 1720 1759 1760
f 853 855 1761
f 1750 1762 863
f 1762 1763 863
f 863 1763 861
f 1763 1764 861
f 1764 1765 861
f 861 1765 859
f 1765 1766 859
f 859 1766 857
f 1766 1767 857
f 1767 1768 857
f 857 1768 855
f 1768 1769 855
f 855 1769 1761
f 1761 1770 853
f 1770 1771 853
f 853 1771 851
f 1771 1772 851
f 851 1772 1754
f 1773 1774 819
f 809 1775 807
f 1775 1776 807
f 815 817 1777
f 1776 1778 807
f 1778 1779 807
f 807 1779 1780
f 1780 1781 807
f 1781 1782 807
f 807 1782 1783
f 1695 1784 819
f 1784 1785 819
f 819 1785 1773
f 1774 1786 819
f 1786 1787 819
f 819 1787 817
f 1787 1788 817
f 817 1788 1777
f 1789 1790 1791
f 1790 1792 1791
f 1791 1792 1793
f 1777 1794 815
f 1794 1795 815
f 815 1795 813
f 1795 1796 813
f 1796 1797 813
f 813 1797 811
f 1797 1798 811
f 811 1798 809
f 1798 1799 809
f 809 1799 1775
f 1800 1801 1802
f 1793 1803 1791
f 1803 1804 1791
f 1791 1804 1805
f 1805 1806 1791
f 1806 1807 1791
f 1791 1807 1808
f 1808 1809 1791
f 1809 1810 1791
f 1791 1810 1802
f 1810 1811 1802
f 1802 1811 1800
f 1812 1813 1814
f 1813 1815 1814
f 1815 1816 1814
f 1816 1817 1814
f 1814 1817 1818
f 1819 1820 1696
f 1801 1821 1802
f 1821 1822 1802
f 1802 1822 1823
f 1823 1824 1802
f 1824 1825 1802
f 1802 1825 1826
f 1818 1827 1814
f 1827 1828 1814
f 1814 1828 1829
f 1829 1830 1814
f 1830 1831 1814
f 1814 1831 1819
f 1820 1832 1696
f 1832 1833 1696
f 1696 1833 1834
f 1834 1835 1696
f 1835 1836 1696
f 1696 1836 1694
f 1826 1837 1802
f 1837 1838 1802
f 1802 1838 1839
f 1839 1840 1802
f 1840 1841 1802
f 1802 1841 1842
f 1843 1844 1814
f 1844 1845 1814
f 1814 1845 1812
f 1783 1789 807
f 1789 1791 807
f 807 1791 805
f 1791 803 805
f 791 793 1693
f 793 795 1693
f 795 797 1693
f 797 799 1693
f 1693 799 1791
f 799 801 1791
f 1791 801 803
f 783 785 1846
f 791 1847 1848
f 1848 1849 791
f 1849 1850 791
f 791 1850 1851
f 779 781 1852
f 1692 1853 1693
f 1853 1854 1693
f 1693 1854 791
f 1854 1855 791
f 791 1855 1847
f 1846 1856 783
f 1856 1857 783
f 783 1857 781
f 1857 1858 781
f 781 1858 1852
f 1852 1859 779
f 1859 1860 779
f 779 1860 777
f 1860 1861 777
f 1851 1862 791
f 1862 1863 791
f 791 1863 789
f 1863 1864 789
f 1864 1865 789
f 789 1865 787
f 1865 1866 787
f 787 1866 785
f 1866 1867 785
f 785 1867 1846
f 1868 1869 771
f 1870 1871 1872
f 1861 1873 777
f 1873 1874 777
f 777 1874 775
f 1874 1875 775
f 775 1875 773
f 1875 1876 773
f 773 1876 771
f 1876 1877 771
f 771 1877 1868
f 1869 1878 771
f 1878 1879 771
f 771 1879 769
f 1880 767 1881
f 767 1882 1881
f 1879 1883 769
f 1883 1884 769
f 769 1884 767
f 1884 1885 767
f 767 1885 1882
f 1871 1886 1872
f 1886 1887 1872
f 1872 1887 1888
f 1889 1890 1693
f 1890 1891 1693
f 1880 1892 767
f 1892 1893 767
f 767 1893 1894
f 1894 1895 767
f 1895 1896 767
f 767 1896 1897
f 1888 1898 1872
f 1898 1899 1872
f 1872 1899 1900
f 1900 1901 1872
f 1901 1902 1872
f 1872 1902 1903
f 1891 1904 1693
f 1904 1905 1693
f 1693 1905 1691
f 1903 1906 1693
f 1906 1907 1693
f 1693 1907 1889
f 1897 1908 767
f 1908 1909 767
f 767 1909 1872
f 1909 1910 1872
f 1872 1910 1911
f 1911 1912 1872
f 1912 1913 1872
f 1872 1913 1914
f 1914 1915 1872
f 1915 1916 1872
f 1872 1916 1870
f 1661 1662 1690
f 1690 1657 1658
f 1665 1666 1690
f 1666 1667 1690
f 1630 1631 767
f 765 1635 763
f 1635 1636 763
f 763 1636 761
f 1636 1637 761
f 1637 1638 761
f 761 1638 759
f 1638 1639 759
f 759 1639 1640
f 1640 1641 759
f 1641 1642 759
f 759 1642 1643
f 1654 1655 1690
f 1655 1656 1690
f 1690 1656 1657
f 1658 1659 1690
f 1659 1660 1690
f 1690 1660 1661
f 1662 1663 1690
f 1663 1664 1690
f 1690 1664 1665
f 1674 1675 1872
f 1675 1676 1872
f 1872 1676 1677
f 1630 767 1629
f 1643 1644 759
f 1644 1645 759
f 759 1645 1646
f 1631 1632 767
f 1632 1633 767
f 767 1633 765
f 1633 1634 765
f 765 1634 1635
f 1646 1647 759
f 1647 1648 759
f 759 1648 1649
f 1667 1668 1690
f 1668 1669 1690
f 1690 1669 1670
f 1677 1678 1872
f 1678 1679 1872
f 1872 1679 1680
f 1625 1626 767
f 1670 1671 1690
f 1671 1672 1690
f 1690 1672 1872
f 1672 1673 1872
f 1872 1673 1674
f 1680 1681 1872
f 1681 1682 1872
f 1872 1682 1683
f 1626 1627 767
f 1627 1628 767
f 767 1628 1629
f 1649 1650 759
f 1650 1651 759
f 759 1651 1690
f 1651 1652 1690
f 1690 1652 1653
f 1683 1684 1872
f 1684 1685 1872
f 1872 1685 1686
f 1872 1689 1618
f 1686 1687 1872
f 1687 1688 1872
f 1872 1688 1689
f 1618 1619 1872
f 1619 1620 1872
f 1872 1620 767
f 1620 1621 767
f 767 1621 1622
f 1622 1623 767
f 1623 1624 767
f 767 1624 1625
f 995 997 1690
f 975 1917 973
f 1917 971 973
f 975 977 1917
f 977 979 1917
f 1917 979 981
f 989 991 1690
f 991 993 1690
f 1690 993 995
f 981 983 1917
f 983 985 1917
f 1917 985 1690
f 985 987 1690
f 1690 987 989
f 759 895 897
f 909 911 755
f 911 913 755
f 897 899 759
f 899 901 759
f 759 901 757
f 901 903 757
f 903 905 757
f 757 905 755
f 905 907 755
f 755 907 909
f 997 999 1690
f 999 1001 1690
f 1690 1001 1003
f 1003 1005 1690
f 1005 1007 1690
f 1690 1007 1009
f 883 759 881
f 759 879 881
f 883 885 759
f 885 887 759
f 759 887 889
f 889 891 759
f 891 893 759
f 759 893 895
f 1009 1011 1690
f 1011 1013 1690
f 1690 1013 871
f 871 873 1690
f 873 875 1690
f 1690 875 759
f 875 877 759
f 759 877 879
f 963 965 1917
f 965 967 1917
f 967 969 1917
f 1917 969 971
f 747 927 929
f 747 929 745
f 929 931 745
f 931 933 745
f 745 933 743
f 951 953 735
f 953 955 735
f 913 915 755
f 915 917 755
f 755 917 753
f 917 919 753
f 753 919 751
f 927 747 925
f 747 749 925
f 925 749 923
f 955 957 735
f 957 959 735
f 735 959 961
f 751 919 749
f 919 921 749
f 749 921 923
f 933 935 743
f 935 937 743
f 743 937 741
f 937 939 741
f 939 941 741
f 741 941 739
f 941 943 739
f 739 943 737
f 943 945 737
f 945 947 737
f 737 947 735
f 947 949 735
f 735 949 951
f 729 731 1917
f 961 963 735
f 963 1917 735
f 735 1917 733
f 1917 731 733
f 865 1720 863
f 1720 1760 863
f 863 1760 1751
f 865 867 1720
f 867 869 1720
f 1720 869 1917
f 869 727 1917
f 1917 727 729
f 847 1699 845
f 1699 843 845
f 1757 1697 851
f 1697 1699 851
f 851 1699 849
f 1699 847 849
f 843 1699 841
f 1699 1707 841
f 841 1707 839
f 831 833 1814
f 833 835 1814
f 1814 835 1707
f 835 837 1707
f 1707 837 839
f 1819 1696 1814
f 1696 829 1814
f 1814 829 831
f 1695 819 1696
f 819 821 1696
f 1696 821 823
f 823 825 1696
f 825 827 1696
f 1696 827 829
f 551 552 1720
f 547 548 1720
f 1714 1720 1715
f 1720 552 1715
f 1715 552 553
f 547 1720 546
f 548 549 1720
f 549 550 1720
f 1720 550 551
f 1917 578 579
f 543 544 1720
f 544 545 1720
f 1720 545 546
f 1917 571 572
f 572 573 1917
f 573 574 1917
f 1917 574 575
f 575 576 1917
f 576 577 1917
f 1917 577 578
f 579 580 1917
f 580 581 1917
f 1917 581 1720
f 581 582 1720
f 1720 582 543
f 526 527 1872
f 527 528 1872
f 1872 528 529
f 567 568 1690
f 568 569 1690
f 1690 569 1917
f 569 570 1917
f 1917 570 571
f 564 565 1690
f 565 566 1690
f 1690 566 567
f 529 561 1872
f 561 562 1872
f 1872 562 1690
f 562 563 1690
f 1690 563 564
f 521 522 1693
f 542 511 1791
f 511 512 1791
f 1903 1693 1872
f 1693 525 1872
f 1872 525 526
f 536 537 1791
f 537 538 1791
f 1791 538 539
f 522 523 1693
f 523 524 1693
f 1693 524 525
f 539 540 1791
f 540 541 1791
f 1791 541 542
f 517 518 1693
f 517 1693 516
f 518 519 1693
f 519 520 1693
f 1693 520 521
f 512 513 1791
f 513 514 1791
f 1791 514 1693
f 514 515 1693
f 1693 515 516
f 553 554 1715
f 554 555 1715
f 1715 555 556
f 532 533 1802
f 533 534 1802
f 1802 534 1791
f 534 535 1791
f 1791 535 536
f 556 557 1715
f 557 558 1715
f 1715 558 1802
f 558 559 1802
f 1802 559 560
f 560 530 1802
f 530 531 1802
f 1802 531 532
f 669 671 1707
f 617 619 1802
f 1715 623 625
f 659 661 1707
f 661 663 1707
f 677 679 1707
f 679 681 1707
f 1802 619 1715
f 619 621 1715
f 1715 621 623
f 625 627 1715
f 627 629 1715
f 1715 629 631
f 663 665 1707
f 665 667 1707
f 1707 667 669
f 695 697 1814
f 659 1707 657
f 1707 1715 657
f 657 1715 655
f 671 673 1707
f 673 675 1707
f 1707 675 677
f 697 699 1814
f 699 701 1814
f 1814 701 703
f 605 607 1802
f 607 609 1802
f 1802 609 611
f 611 613 1802
f 613 615 1802
f 1802 615 617
f 631 633 1715
f 633 635 1715
f 1715 635 637
f 637 639 1715
f 639 641 1715
f 1715 641 643
f 643 645 1715
f 645 647 1715
f 1715 647 649
f 681 683 1707
f 683 685 1707
f 1707 685 687
f 703 705 1814
f 705 707 1814
f 1814 707 709
f 597 599 1802
f 649 651 1715
f 651 653 1715
f 1715 653 655
f 687 689 1707
f 689 691 1707
f 1707 691 1814
f 691 693 1814
f 1814 693 695
f 599 601 1802
f 601 603 1802
f 1802 603 605
f 709 711 1814
f 711 713 1814
f 1814 713 715
f 715 717 1814
f 717 719 1814
f 1814 719 721
f 721 723 1814
f 723 1802 1814
f 1814 1802 1843
f 1802 1842 1843
f 723 725 1802
f 725 583 1802
f 1802 583 585
f 585 587 1802
f 587 589 1802
f 1802 589 591
f 591 593 1802
f 593 595 1802
f 1802 595 597
f 1798 1136 1799
f 1136 1135 1799
f 1799 1135 1775
f 1135 1134 1775
f 1775 1134 1776
f 1134 1125 1776
f 1776 1125 1778
f 1125 1124 1778
f 1778 1124 1779
f 1124 1123 1779
f 1779 1123 1780
f 1123 1122 1780
f 1780 1122 1781
f 1122 1121 1781
f 1781 1121 1782
f 1121 1120 1782
f 1782 1120 1783
f 1120 1132 1783
f 1783 1132 1789
f 1132 1131 1789
f 1789 1131 1790
f 1131 1119 1790
f 1790 1119 1792
f 1119 1118 1792
f 1792 1118 1793
f 1118 1117 1793
f 1793 1117 1803
f 1117 1109 1803
f 1803 1109 1804
f 1109 1108 1804
f 1804 1108 1805
f 1108 1107 1805
f 1805 1107 1806
f 1107 1106 1806
f 1806 1106 1807
f 1106 1105 1807
f 1807 1105 1808
f 1105 1104 1808
f 1808 1104 1809
f 1104 1103 1809
f 1809 1103 1810
f 1103 1102 1810
f 1810 1102 1811
f 1102 1101 1811
f 1811 1101 1800
f 1101 1100 1800
f 1800 1100 1801
f 1100 1098 1801
f 1801 1098 1821
f 1098 1097 1821
f 1821 1097 1822
f 1097 1116 1822
f 1822 1116 1823
f 1116 1115 1823
f 1823 1115 1824
f 1115 1114 1824
f 1824 1114 1825
f 1114 1113 1825
f 1825 1113 1826
f 1113 1112 1826
f 1826 1112 1837
f 1112 1111 1837
f 1837 1111 1838
f 1111 1110 1838
f 1838 1110 1839
f 1110 1130 1839
f 1839 1130 1840
f 1130 1129 1840
f 1840 1129 1841
f 1129 1127 1841
f 1841 1127 1842
f 1127 1126 1842
f 1842 1126 1843
f 1126 1170 1843
f 1843 1170 1844
f 1170 1169 1844
f 1844 1169 1845
f 1169 1168 1845
f 1845 1168 1812
f 1168 1141 1812
f 1812 1141 1813
f 1141 1140 1813
f 1813 1140 1815
f 1140 1139 1815
f 1815 1139 1816
f 1139 1138 1816
f 1816 1138 1817
f 1138 1137 1817
f 1817 1137 1818
f 1137 1167 1818
f 1818 1167 1827
f 1167 1166 1827
f 1827 1166 1828
f 1166 1165 1828
f 1828 1165 1829
f 1165 1164 1829
f 1829 1164 1830
f 1164 1163 1830
f 1830 1163 1831
f 1163 1162 1831
f 1831 1162 1819
f 1162 1161 1819
f 1819 1161 1820
f 1161 1160 1820
f 1820 1160 1832
f 1160 1159 1832
f 1832 1159 1833
f 1159 1158 1833
f 1833 1158 1834
f 1158 1157 1834
f 1834 1157 1835
f 1157 1156 1835
f 1835 1156 1836
f 1156 1155 1836
f 1836 1155 1694
f 1155 1154 1694
f 1694 1154 1695
f 1154 1153 1695
f 1695 1153 1784
f 1153 1152 1784
f 1784 1152 1785
f 1152 1151 1785
f 1785 1151 1773
f 1151 1150 1773
f 1773 1150 1774
f 1150 1149 1774
f 1774 1149 1786
f 1149 1148 1786
f 1786 1148 1787
f 1148 1145 1787
f 1787 1145 1788
f 1145 1146 1788
f 1788 1146 1777
f 1146 1147 1777
f 1777 1147 1794
f 1147 1133 1794
f 1794 1133 1795
f 1133 1144 1795
f 1795 1144 1796
f 1144 1143 1796
f 1796 1143 1797
f 1143 1142 1797
f 1797 1142 1798
f 1142 1136 1798
f 1722 1021 1723
f 1021 1020 1723
f 1723 1020 1743
f 1020 1053 1743
f 1743 1053 1744
f 1053 1052 1744
f 1744 1052 1737
f 1052 1051 1737
f 1737 1051 1736
f 1051 1046 1736
f 1736 1046 1735
f 1046 1045 1735
f 1735 1045 1738
f 1045 1044 1738
f 1738 1044 1739
f 1044 1043 1739
f 1739 1043 1740
f 1043 1050 1740
f 1740 1050 1741
f 1050 1049 1741
f 1741 1049 1742
f 1049 1042 1742
f 1742 1042 1717
f 1042 1041 1717
f 1717 1041 1716
f 1041 1040 1716
f 1716 1040 1714
f 1040 1039 1714
f 1714 1039 1724
f 1039 1038 1724
f 1724 1038 1725
f 1038 1036 1725
f 1725 1036 1718
f 1036 1035 1718
f 1718 1035 1719
f 1035 1059 1719
f 1719 1059 1721
f 1059 1058 1721
f 1721 1058 1726
f 1058 1048 1726
f 1726 1048 1727
f 1048 1047 1727
f 1727 1047 1728
f 1047 1057 1728
f 1728 1057 1758
f 1057 1056 1758
f 1758 1056 1759
f 1056 1055 1759
f 1759 1055 1760
f 1055 1054 1760
f 1760 1054 1751
f 1054 1034 1751
f 1751 1034 1752
f 1034 1033 1752
f 1752 1033 1753
f 1033 1032 1753
f 1753 1032 1748
f 1032 1031 1748
f 1748 1031 1749
f 1031 1030 1749
f 1749 1030 1750
f 1030 1029 1750
f 1750 1029 1762
f 1029 1027 1762
f 1762 1027 1763
f 1027 1026 1763
f 1763 1026 1764
f 1026 1024 1764
f 1764 1024 1765
f 1024 1023 1765
f 1765 1023 1766
f 1023 1063 1766
f 1766 1063 1767
f 1063 1062 1767
f 1767 1062 1768
f 1062 1061 1768
f 1768 1061 1769
f 1061 1060 1769
f 1769 1060 1761
f 1060 1091 1761
f 1761 1091 1770
f 1091 1090 1770
f 1770 1090 1771
f 1090 1096 1771
f 1771 1096 1772
f 1096 1095 1772
f 1772 1095 1754
f 1095 1094 1754
f 1754 1094 1755
f 1094 1089 1755
f 1755 1089 1756
f 1089 1088 1756
f 1756 1088 1757
f 1088 1087 1757
f 1757 1087 1697
f 1087 1086 1697
f 1697 1086 1698
f 1086 1085 1698
f 1698 1085 1700
f 1085 1084 1700
f 1700 1084 1701
f 1084 1083 1701
f 1701 1083 1702
f 1083 1093 1702
f 1702 1093 1703
f 1093 1092 1703
f 1703 1092 1704
f 1092 1082 1704
f 1704 1082 1708
f 1082 1081 1708
f 1708 1081 1709
f 1081 1080 1709
f 1709 1080 1710
f 1080 1074 1710
f 1710 1074 1705
f 1074 1073 1705
f 1705 1073 1706
f 1073 1072 1706
f 1706 1072 1711
f 1072 1071 1711
f 1711 1071 1712
f 1071 1070 1712
f 1712 1070 1713
f 1070 1069 1713
f 1713 1069 1729
f 1069 1079 1729
f 1729 1079 1730
f 1079 1078 1730
f 1730 1078 1731
f 1078 1068 1731
f 1731 1068 1732
f 1068 1067 1732
f 1732 1067 1733
f 1067 1065 1733
f 1733 1065 1734
f 1065 1064 1734
f 1734 1064 1745
f 1064 1077 1745
f 1745 1077 1746
f 1077 1076 1746
f 1746 1076 1747
f 1076 1075 1747
f 1747 1075 1722
f 1075 1021 1722
f 1866 1232 1867
f 1232 1231 1867
f 1867 1231 1846
f 1231 1248 1846
f 1846 1248 1856
f 1248 1247 1856
f 1856 1247 1857
f 1247 1280 1857
f 1857 1280 1858
f 1280 1279 1858
f 1858 1279 1852
f 1279 1278 1852
f 1852 1278 1859
f 1278 1277 1859
f 1859 1277 1860
f 1277 1296 1860
f 1860 1296 1861
f 1296 1295 1861
f 1861 1295 1873
f 1295 1294 1873
f 1873 1294 1874
f 1294 1293 1874
f 1874 1293 1875
f 1293 1292 1875
f 1875 1292 1876
f 1292 1291 1876
f 1876 1291 1877
f 1291 1258 1877
f 1877 1258 1868
f 1258 1257 1868
f 1868 1257 1869
f 1257 1254 1869
f 1869 1254 1878
f 1254 1255 1878
f 1878 1255 1879
f 1255 1256 1879
f 1879 1256 1883
f 1256 1246 1883
f 1883 1246 1884
f 1246 1253 1884
f 1884 1253 1885
f 1253 1252 1885
f 1885 1252 1882
f 1252 1251 1882
f 1882 1251 1881
f 1251 1245 1881
f 1881 1245 1880
f 1245 1244 1880
f 1880 1244 1892
f 1244 1243 1892
f 1892 1243 1893
f 1243 1290 1893
f 1893 1290 1894
f 1290 1289 1894
f 1894 1289 1895
f 1289 1288 1895
f 1895 1288 1896
f 1288 1287 1896
f 1896 1287 1897
f 1287 1286 1897
f 1897 1286 1908
f 1286 1285 1908
f 1908 1285 1909
f 1285 1284 1909
f 1909 1284 1910
f 1284 1298 1910
f 1910 1298 1911
f 1298 1297 1911
f 1911 1297 1912
f 1297 1242 1912
f 1912 1242 1913
f 1242 1241 1913
f 1913 1241 1914
f 1241 1283 1914
f 1914 1283 1915
f 1283 1282 1915
f 1915 1282 1916
f 1282 1281 1916
f 1916 1281 1870
f 1281 1276 1870
f 1870 1276 1871
f 1276 1275 1871
f 1871 1275 1886
f 1275 1274 1886
f 1886 1274 1887
f 1274 1250 1887
f 1887 1250 1888
f 1250 1249 1888
f 1888 1249 1898
f 1249 1273 1898
f 1898 1273 1899
f 1273 1272 1899
f 1899 1272 1900
f 1272 1271 1900
f 1900 1271 1901
f 1271 1270 1901
f 1901 1270 1902
f 1270 1269 1902
f 1902 1269 1903
f 1269 1268 1903
f 1903 1268 1906
f 1268 1267 1906
f 1906 1267 1907
f 1267 1266 1907
f 1907 1266 1889
f 1266 1265 1889
f 1889 1265 1890
f 1265 1264 1890
f 1890 1264 1891
f 1264 1263 1891
f 1891 1263 1904
f 1263 1262 1904
f 1904 1262 1905
f 1262 1261 1905
f 1905 1261 1691
f 1261 1260 1691
f 1691 1260 1692
f 1260 1259 1692
f 1692 1259 1853
f 1259 1240 1853
f 1853 1240 1854
f 1240 1239 1854
f 1854 1239 1855
f 1239 1238 1855
f 1855 1238 1847
f 1238 1228 1847
f 1847 1228 1848
f 1228 1227 1848
f 1848 1227 1849
f 1227 1234 1849
f 1849 1234 1850
f 1234 1233 1850
f 1850 1233 1851
f 1233 1230 1851
f 1851 1230 1862
f 1230 1229 1862
f 1862 1229 1863
f 1229 1237 1863
f 1863 1237 1864
f 1237 1236 1864
f 1864 1236 1865
f 1236 1235 1865
f 1865 1235 1866
f 1235 1232 1866
f 1467 205 1468
f 205 207 1468
f 1468 207 1469
f 207 209 1469
f 1469 209 1470
f 209 211 1470
f 1470 211 1471
f 211 213 1471
f 1471 213 1472
f 213 214 1472
f 1472 214 1460
f 214 169 1460
f 1460 169 1461
f 169 188 1461
f 1461 188 1462
f 188 187 1462
f 1462 187 1454
f 187 186 1454
f 1454 186 1452
f 186 159 1452
f 1452 159 1453
f 159 158 1453
f 1453 158 1455
f 158 157 1455
f 1455 157 1456
f 157 155 1456
f 1456 155 1410
f 155 154 1410
f 1410 154 1411
f 154 153 1411
f 1411 153 1412
f 153 152 1412
f 1412 152 1440
f 152 150 1440
f 1440 150 1441
f 150 149 1441
f 1441 149 1442
f 149 148 1442
f 1442 148 1424
f 148 146 1424
f 1424 146 1423
f 146 144 1423
f 1423 144 1422
f 144 143 1422
f 1422 143 1432
f 143 166 1432
f 1432 166 1433
f 166 165 1433
f 1433 165 1413
f 165 164 1413
f 1413 164 1414
f 164 139 1414
f 1414 139 1415
f 139 141 1415
f 1415 141 1425
f 141 142 1425
f 1425 142 1426
f 142 109 1426
f 1426 109 1427
f 109 108 1427
f 1427 108 1434
f 108 138 1434
f 1434 138 1435
f 138 185 1435
f 1435 185 1436
f 185 184 1436
f 1436 184 1443
f 184 183 1443
f 1443 183 1444
f 183 216 1444
f 1444 216 1445
f 216 215 1445
f 1445 215 1416
f 215 194 1416
f 1416 194 1417
f 194 193 1417
f 1417 193 1418
f 193 192 1418
f 1418 192 1419
f 192 191 1419
f 1419 191 1420
f 191 130 1420
f 1420 130 1421
f 130 129 1421
f 1421 129 1400
f 129 128 1400
f 1400 128 1401
f 128 93 1401
f 1401 93 1405
f 93 92 1405
f 1405 92 1406
f 92 91 1406
f 1406 91 1402
f 91 81 1402
f 1402 81 1403
f 81 80 1403
f 1403 80 1404
f 80 78 1404
f 1404 78 1407
f 78 77 1407
f 1407 77 1408
f 77 76 1408
f 1408 76 1409
f 76 85 1409
f 1409 85 1437
f 85 84 1437
f 1437 84 1438
f 84 90 1438
f 1438 90 1439
f 90 89 1439
f 1439 89 1431
f 89 88 1431
f 1431 88 1430
f 88 107 1430
f 1430 107 1428
f 107 106 1428
f 1428 106 1446
f 106 105 1446
f 1446 105 1447
f 105 175 1447
f 1447 175 1448
f 175 174 1448
f 1448 174 1449
f 174 173 1449
f 1449 173 1450
f 173 219 1450
f 1450 219 1451
f 219 221 1451
f 1451 221 1457
f 221 232 1457
f 1457 232 1458
f 232 234 1458
f 1458 234 1459
f 234 195 1459
f 1459 195 1463
f 195 197 1463
f 1463 197 1464
f 197 199 1464
f 1464 199 1465
f 199 201 1465
f 1465 201 1466
f 201 203 1466
f 1466 203 1467
f 203 205 1467
f 1519 428 1520
f 428 427 1520
f 1520 427 1508
f 427 426 1508
f 1508 426 1509
f 426 465 1509
f 1509 465 1510
f 465 464 1510
f 1510 464 1511
f 464 463 1511
f 1511 463 1512
f 463 449 1512
f 1512 449 1513
f 449 448 1513
f 1513 448 1514
f 448 447 1514
f 1514 447 1515
f 447 425 1515
f 1515 425 1521
f 425 424 1521
f 1521 424 1522
f 424 482 1522
f 1522 482 1523
f 482 481 1523
f 1523 481 1527
f 481 480 1527
f 1527 480 1528
f 480 493 1528
f 1528 493 1529
f 493 495 1529
f 1529 495 1530
f 495 497 1530
f 1530 497 1531
f 497 499 1531
f 1531 499 1538
f 499 501 1538
f 1538 501 1539
f 501 503 1539
f 1539 503 1540
f 503 505 1540
f 1540 505 1541
f 505 507 1541
f 1541 507 1542
f 507 509 1542
f 1542 509 1543
f 509 510 1543
f 1543 510 1544
f 510 489 1544
f 1544 489 1545
f 489 488 1545
f 1545 488 1532
f 488 478 1532
f 1532 478 1533
f 478 477 1533
f 1533 477 1534
f 477 471 1534
f 1534 471 1535
f 471 470 1535
f 1535 470 1536
f 470 476 1536
f 1536 476 1537
f 476 475 1537
f 1537 475 1484
f 475 474 1484
f 1484 474 1483
f 474 462 1483
f 1483 462 1482
f 462 461 1482
f 1482 461 1488
f 461 459 1488
f 1488 459 1489
f 459 458 1489
f 1489 458 1490
f 458 446 1490
f 1490 446 1476
f 446 444 1476
f 1476 444 1475
f 444 443 1475
f 1475 443 1474
f 443 423 1474
f 1474 423 1477
f 423 422 1477
f 1477 422 1478
f 422 440 1478
f 1478 440 1479
f 440 442 1479
f 1479 442 1485
f 442 457 1485
f 1485 457 1486
f 457 456 1486
f 1486 456 1487
f 456 455 1487
f 1487 455 1491
f 455 454 1491
f 1491 454 1492
f 454 468 1492
f 1492 468 1493
f 468 467 1493
f 1493 467 1516
f 467 466 1516
f 1516 466 1517
f 466 487 1517
f 1517 487 1518
f 487 486 1518
f 1518 486 1524
f 486 485 1524
f 1524 485 1525
f 485 484 1525
f 1525 484 1526
f 484 483 1526
f 1526 483 1494
f 483 472 1494
f 1494 472 1495
f 472 439 1495
f 1495 439 1496
f 439 438 1496
f 1496 438 1497
f 438 437 1497
f 1497 437 1498
f 437 436 1498
f 1498 436 1499
f 436 453 1499
f 1499 453 1500
f 453 452 1500
f 1500 452 1501
f 452 435 1501
f 1501 435 1480
f 435 434 1480
f 1480 434 1481
f 434 433 1481
f 1481 433 1502
f 433 451 1502
f 1502 451 1503
f 451 450 1503
f 1503 450 1504
f 450 432 1504
f 1504 432 1505
f 432 431 1505
f 1505 431 1506
f 431 430 1506
f 1506 430 1507
f 430 429 1507
f 1507 429 1519
f 429 428 1519
f 1350 311 1351
f 311 313 1351
f 1351 313 1352
f 313 315 1352
f 1352 315 1353
f 315 317 1353
f 1353 317 1354
f 317 319 1354
f 1354 319 1355
f 319 293 1355
f 1355 293 1356
f 293 291 1356
f 1356 291 1357
f 291 290 1357
f 1357 290 1358
f 290 289 1358
f 1358 289 1359
f 289 288 1359
f 1359 288 1360
f 288 287 1360
f 1360 287 1361
f 287 331 1361
f 1361 331 1366
f 331 330 1366
f 1366 330 1367
f 330 304 1367
f 1367 304 1364
f 304 303 1364
f 1364 303 1363
f 303 286 1363
f 1363 286 1362
f 286 285 1362
f 1362 285 1371
f 285 329 1371
f 1371 329 1372
f 329 328 1372
f 1372 328 1373
f 328 302 1373
f 1373 302 1368
f 302 301 1368
f 1368 301 1369
f 301 300 1369
f 1369 300 1370
f 300 278 1370
f 1370 278 1338
f 278 277 1338
f 1338 277 1339
f 277 276 1339
f 1339 276 1340
f 276 245 1340
f 1340 245 1309
f 245 244 1309
f 1309 244 1310
f 244 299 1310
f 1310 299 1323
f 299 298 1323
f 1323 298 1324
f 298 297 1324
f 1324 297 1325
f 297 327 1325
f 1325 327 1341
f 327 326 1341
f 1341 326 1342
f 326 325 1342
f 1342 325 1318
f 325 324 1318
f 1318 324 1319
f 324 323 1319
f 1319 323 1326
f 323 322 1326
f 1326 322 1327
f 322 334 1327
f 1327 334 1311
f 334 333 1311
f 1311 333 1322
f 333 332 1322
f 1322 332 1312
f 332 296 1312
f 1312 296 1302
f 296 295 1302
f 1302 295 1303
f 295 294 1303
f 1303 294 1313
f 294 258 1313
f 1313 258 1314
f 258 260 1314
f 1314 260 1315
f 260 261 1315
f 1315 261 1316
f 261 275 1316
f 1316 275 1317
f 275 274 1317
f 1317 274 1304
f 274 273 1304
f 1304 273 1305
f 273 249 1305
f 1305 249 1306
f 249 251 1306
f 1306 251 1307
f 251 253 1307
f 1307 253 1320
f 253 254 1320
f 1320 254 1321
f 254 272 1321
f 1321 272 1301
f 272 271 1301
f 1301 271 1343
f 271 270 1343
f 1343 270 1344
f 270 269 1344
f 1344 269 1345
f 269 267 1345
f 1345 267 1328
f 267 266 1328
f 1328 266 1329
f 266 265 1329
f 1329 265 1330
f 265 264 1330
f 1330 264 1331
f 264 248 1331
f 1331 248 1332
f 248 247 1332
f 1332 247 1333
f 247 284 1333
f 1333 284 1334
f 284 283 1334
f 1334 283 1335
f 283 282 1335
f 1335 282 1336
f 282 257 1336
f 1336 257 1337
f 257 256 1337
f 1337 256 1346
f 256 279 1346
f 1346 279 1347
f 279 281 1347
f 1347 281 1348
f 281 305 1348
f 1348 305 1365
f 305 307 1365
f 1365 307 1349
f 307 309 1349
f 1349 309 1350
f 309 311 1350
f 1590 137 1591
f 137 136 1591
f 1591 136 1582
f 136 127 1582
f 1582 127 1581
f 127 126 1581
f 1581 126 1580
f 126 190 1580
f 1580 190 1583
f 190 189 1583
f 1583 189 1584
f 189 182 1584
f 1584 182 1585
f 182 181 1585
f 1585 181 1586
f 181 180 1586
f 1586 180 1587
f 180 179 1587
f 1587 179 1588
f 179 178 1588
f 1588 178 1596
f 178 177 1596
f 1596 177 1597
f 177 176 1597
f 1597 176 1598
f 176 231 1598
f 1598 231 1604
f 231 230 1604
f 1604 230 1605
f 230 229 1605
f 1605 229 1606
f 229 228 1606
f 1606 228 1609
f 228 243 1609
f 1609 243 1610
f 243 242 1610
f 1610 242 1611
f 242 227 1611
f 1611 227 1612
f 227 226 1612
f 1612 226 1613
f 226 241 1613
f 1613 241 1614
f 241 240 1614
f 1614 240 1615
f 240 239 1615
f 1615 239 1616
f 239 238 1616
f 1616 238 1617
f 238 237 1617
f 1617 237 1599
f 237 222 1599
f 1599 222 1600
f 222 220 1600
f 1600 220 1601
f 220 218 1601
f 1601 218 1607
f 218 217 1607
f 1607 217 1608
f 217 86 1608
f 1608 86 1548
f 86 87 1548
f 1548 87 1549
f 87 75 1549
f 1549 75 1550
f 75 74 1550
f 1550 74 1551
f 74 125 1551
f 1551 125 1552
f 125 135 1552
f 1552 135 1553
f 135 134 1553
f 1553 134 1546
f 134 104 1546
f 1546 104 1547
f 104 103 1547
f 1547 103 1554
f 103 102 1554
f 1554 102 1555
f 102 101 1555
f 1555 101 1556
f 101 100 1556
f 1556 100 1559
f 100 99 1559
f 1559 99 1560
f 99 98 1560
f 1560 98 1561
f 98 124 1561
f 1561 124 1566
f 124 123 1566
f 1566 123 1567
f 123 83 1567
f 1567 83 1557
f 83 82 1557
f 1557 82 1558
f 82 163 1558
f 1558 163 1592
f 163 162 1592
f 1592 162 1593
f 162 161 1593
f 1593 161 1594
f 161 225 1594
f 1594 225 1595
f 225 224 1595
f 1595 224 1602
f 224 223 1602
f 1602 223 1603
f 223 172 1603
f 1603 172 1568
f 172 171 1568
f 1568 171 1569
f 171 170 1569
f 1569 170 1570
f 170 122 1570
f 1570 122 1571
f 122 121 1571
f 1571 121 1572
f 121 120 1572
f 1572 120 1573
f 120 97 1573
f 1573 97 1574
f 97 95 1574
f 1574 95 1575
f 95 94 1575
f 1575 94 1576
f 94 133 1576
f 1576 133 1562
f 133 132 1562
f 1562 132 1563
f 132 131 1563
f 1563 131 1564
f 131 119 1564
f 1564 119 1565
f 119 117 1565
f 1565 117 1577
f 117 116 1577
f 1577 116 1578
f 116 115 1578
f 1578 115 1579
f 115 114 1579
f 1579 114 1589
f 114 112 1589
f 1589 112 1590
f 112 137 1590
f 4 394 5
f 394 393 5
f 5 393 72
f 393 392 72
f 72 392 73
f 392 391 73
f 73 391 69
f 391 412 69
f 69 412 70
f 412 411 70
f 70 411 71
f 411 368 71
f 71 368 66
f 368 367 66
f 66 367 67
f 367 366 67
f 67 366 68
f 366 356 68
f 68 356 63
f 356 357 63
f 63 357 64
f 357 358 64
f 64 358 65
f 358 365 65
f 65 365 60
f 365 364 60
f 60 364 61
f 364 345 61
f 61 345 62
f 345 344 62
f 62 344 57
f 344 343 57
f 57 343 58
f 343 338 58
f 58 338 59
f 338 337 59
f 59 337 54
f 337 336 54
f 54 336 55
f 336 335 55
f 55 335 56
f 335 390 56
f 56 390 51
f 390 389 51
f 51 389 52
f 389 388 52
f 52 388 53
f 388 387 53
f 53 387 48
f 387 386 48
f 48 386 49
f 386 385 49
f 49 385 50
f 385 363 50
f 50 363 45
f 363 362 45
f 45 362 46
f 362 360 46
f 46 360 47
f 360 359 47
f 47 359 42
f 359 384 42
f 42 384 43
f 384 383 43
f 43 383 44
f 383 381 44
f 44 381 39
f 381 380 39
f 39 380 40
f 380 354 40
f 40 354 41
f 354 352 41
f 41 352 36
f 352 351 36
f 36 351 37
f 351 339 37
f 37 339 38
f 339 341 38
f 38 341 33
f 341 379 33
f 33 379 34
f 379 378 34
f 34 378 35
f 378 377 35
f 35 377 30
f 377 346 30
f 30 346 31
f 346 348 31
f 31 348 32
f 348 350 32
f 32 350 27
f 350 410 27
f 27 410 28
f 410 409 28
f 28 409 29
f 409 408 29
f 29 408 24
f 408 407 24
f 24 407 25
f 407 405 25
f 25 405 26
f 405 404 26
f 26 404 21
f 404 402 21
f 21 402 22
f 402 401 22
f 22 401 23
f 401 371 23
f 23 371 18
f 371 373 18
f 18 373 19
f 373 375 19
f 19 375 20
f 375 400 20
f 20 400 15
f 400 399 15
f 15 399 16
f 399 397 16
f 16 397 17
f 397 396 17
f 17 396 12
f 396 370 12
f 12 370 13
f 370 369 13
f 13 369 14
f 369 420 14
f 14 420 9
f 420 419 9
f 9 419 10
f 419 418 10
f 10 418 11
f 418 417 11
f 11 417 6
f 417 416 6
f 6 416 7
f 416 415 7
f 7 415 8
f 415 414 8
f 8 414 1
f 414 413 1
f 1 413 2
f 413 395 2
f 2 395 4
f 395 394 4
# 3870 faces, 0 coords texture

# End of File
