####
#
# OBJ File Generated by Meshlab
#
####
# Object servo_holder.obj
#
# Vertices: 2489
# Faces: 5018
#
####
v -0.010433 -0.005798 0.022504
v -0.011119 -0.006484 0.021819
v -0.013500 -0.004103 0.024200
v 0.010304 -0.005680 0.022622
v 0.013500 -0.004103 0.024200
v 0.010433 -0.005798 0.022504
v 0.011119 -0.006484 0.021819
v -0.009106 -0.005214 0.023088
v -0.009193 -0.005220 0.023082
v 0.009280 -0.005230 0.023073
v 0.009193 -0.005220 0.023082
v 0.009366 -0.005243 0.023060
v 0.009106 -0.005214 0.023088
v 0.009019 -0.005213 0.023090
v -0.009019 -0.005213 0.023090
v -0.009280 -0.005230 0.023073
v -0.009366 -0.005243 0.023060
v -0.009452 -0.005260 0.023043
v 0.009620 -0.005305 0.022997
v 0.009536 -0.005281 0.023022
v 0.009452 -0.005260 0.023043
v -0.009536 -0.005281 0.023022
v -0.009620 -0.005305 0.022997
v -0.009703 -0.005333 0.022969
v 0.009864 -0.005400 0.022903
v 0.009784 -0.005365 0.022938
v 0.009703 -0.005333 0.022969
v -0.009784 -0.005365 0.022938
v -0.009864 -0.005400 0.022903
v -0.009942 -0.005438 0.022864
v 0.010093 -0.005526 0.022777
v 0.010019 -0.005480 0.022822
v 0.009942 -0.005438 0.022864
v -0.010019 -0.005480 0.022822
v -0.010093 -0.005526 0.022777
v -0.010166 -0.005574 0.022728
v -0.010236 -0.005626 0.022677
v -0.010304 -0.005680 0.022622
v 0.010236 -0.005626 0.022677
v 0.010166 -0.005574 0.022728
v 0.011814 -0.005788 0.021123
v 0.012398 -0.005204 0.019796
v 0.012392 -0.005210 0.019883
v 0.013500 -0.004103 0.007630
v 0.012400 -0.005203 0.007630
v 0.012400 -0.005203 0.019709
v 0.012383 -0.005220 0.019970
v 0.012370 -0.005233 0.020056
v 0.012353 -0.005250 0.020142
v 0.012332 -0.005271 0.020226
v 0.012307 -0.005295 0.020310
v 0.012279 -0.005323 0.020393
v 0.012248 -0.005355 0.020474
v 0.012213 -0.005390 0.020554
v 0.012174 -0.005428 0.020632
v 0.012132 -0.005470 0.020709
v 0.012087 -0.005516 0.020783
v 0.012038 -0.005564 0.020856
v 0.011987 -0.005616 0.020926
v 0.011932 -0.005670 0.020994
v -0.011932 -0.005670 0.020994
v -0.011814 -0.005788 0.021123
v -0.012383 -0.005220 0.019970
v -0.012392 -0.005210 0.019883
v -0.012370 -0.005233 0.020056
v -0.012400 -0.005203 0.007900
v -0.013500 -0.004103 0.007900
v -0.012400 -0.005203 0.019709
v -0.012398 -0.005204 0.019796
v -0.012307 -0.005295 0.020310
v -0.012332 -0.005271 0.020226
v -0.012353 -0.005250 0.020142
v -0.012213 -0.005390 0.020554
v -0.012248 -0.005355 0.020474
v -0.012279 -0.005323 0.020393
v -0.012087 -0.005516 0.020783
v -0.012132 -0.005470 0.020709
v -0.012174 -0.005428 0.020632
v -0.011987 -0.005616 0.020926
v -0.012038 -0.005564 0.020856
v -0.019000 0.002000 -0.004000
v -0.019000 0.001000 -0.003000
v -0.016338 0.002000 -0.004000
v -0.017000 0.001000 -0.003000
v 0.019000 0.001000 -0.003000
v 0.019000 0.002000 -0.004000
v 0.017000 0.001000 -0.003000
v 0.016338 0.002000 -0.004000
v -0.006645 0.002000 -0.011328
v -0.005025 0.002000 -0.011823
v -0.008950 0.002000 -0.011854
v -0.022000 0.002000 -0.029000
v -0.022000 0.002000 -0.023900
v -0.015125 0.002000 -0.023900
v -0.009061 0.002000 -0.014491
v -0.009189 0.002000 -0.014393
v -0.009325 0.002000 -0.014306
v -0.009468 0.002000 -0.014232
v -0.009617 0.002000 -0.014170
v -0.009771 0.002000 -0.014122
v -0.015125 0.002000 -0.011854
v -0.011927 0.002000 -0.015127
v -0.015125 0.002000 -0.015604
v -0.011988 0.002000 -0.015276
v -0.012037 0.002000 -0.015430
v -0.009929 0.002000 -0.014087
v -0.010089 0.002000 -0.014066
v -0.010250 0.002000 -0.014059
v -0.010883 0.002000 -0.014170
v -0.011032 0.002000 -0.014232
v -0.011439 0.002000 -0.014491
v -0.011558 0.002000 -0.014600
v -0.011667 0.002000 -0.014719
v -0.010411 0.002000 -0.014066
v -0.010571 0.002000 -0.014087
v -0.010729 0.002000 -0.014122
v -0.011175 0.002000 -0.014306
v -0.011311 0.002000 -0.014393
v -0.011765 0.002000 -0.014847
v -0.011852 0.002000 -0.014984
v -0.000000 0.002000 -0.012464
v 0.000000 0.002000 -0.015604
v -0.008428 0.002000 -0.015587
v -0.008463 0.002000 -0.015430
v -0.008512 0.002000 -0.015276
v -0.001691 0.002000 -0.012393
v -0.008573 0.002000 -0.015127
v -0.003370 0.002000 -0.012178
v -0.008648 0.002000 -0.014984
v -0.008735 0.002000 -0.014847
v -0.008833 0.002000 -0.014719
v -0.008942 0.002000 -0.014600
v -0.008942 0.002000 -0.017217
v -0.008833 0.002000 -0.017098
v 0.000000 0.002000 -0.019204
v -0.008735 0.002000 -0.016970
v -0.008648 0.002000 -0.016834
v -0.008573 0.002000 -0.016690
v -0.008407 0.002000 -0.016070
v -0.008428 0.002000 -0.016230
v -0.008400 0.002000 -0.015909
v -0.008407 0.002000 -0.015747
v -0.008512 0.002000 -0.016541
v -0.008463 0.002000 -0.016387
v -0.010571 0.002000 -0.017730
v -0.010411 0.002000 -0.017751
v -0.008950 0.002000 -0.019204
v -0.010729 0.002000 -0.017695
v -0.010250 0.002000 -0.017759
v -0.010089 0.002000 -0.017751
v -0.009929 0.002000 -0.017730
v -0.012072 0.002000 -0.015587
v -0.012093 0.002000 -0.015747
v -0.012100 0.002000 -0.015909
v -0.009771 0.002000 -0.017695
v -0.009617 0.002000 -0.017647
v -0.009468 0.002000 -0.017585
v -0.011988 0.002000 -0.016541
v -0.011927 0.002000 -0.016690
v -0.015125 0.002000 -0.019204
v -0.011852 0.002000 -0.016834
v -0.011765 0.002000 -0.016970
v -0.011667 0.002000 -0.017098
v -0.009325 0.002000 -0.017511
v -0.009189 0.002000 -0.017424
v -0.009061 0.002000 -0.017326
v -0.012093 0.002000 -0.016070
v -0.012072 0.002000 -0.016230
v -0.012037 0.002000 -0.016387
v -0.011558 0.002000 -0.017217
v -0.011439 0.002000 -0.017326
v -0.011311 0.002000 -0.017424
v -0.011175 0.002000 -0.017511
v -0.011032 0.002000 -0.017585
v -0.010883 0.002000 -0.017647
v 0.009061 0.002000 -0.014491
v 0.008942 0.002000 -0.014600
v 0.005025 0.002000 -0.011823
v 0.012550 0.002000 -0.011854
v 0.011852 0.002000 -0.014984
v 0.011765 0.002000 -0.014847
v 0.011667 0.002000 -0.014719
v 0.011558 0.002000 -0.014600
v 0.011439 0.002000 -0.014491
v 0.011311 0.002000 -0.014393
v 0.011175 0.002000 -0.014306
v 0.011032 0.002000 -0.014232
v 0.010883 0.002000 -0.014170
v 0.010729 0.002000 -0.014122
v 0.010571 0.002000 -0.014087
v 0.010411 0.002000 -0.014066
v 0.010250 0.002000 -0.014059
v 0.010089 0.002000 -0.014066
v 0.009929 0.002000 -0.014087
v 0.009771 0.002000 -0.014122
v 0.009617 0.002000 -0.014170
v 0.009468 0.002000 -0.014232
v 0.012072 0.002000 -0.015587
v 0.012037 0.002000 -0.015430
v 0.012550 0.002000 -0.015604
v 0.011988 0.002000 -0.015276
v 0.011927 0.002000 -0.015127
v 0.009325 0.002000 -0.014306
v 0.009189 0.002000 -0.014393
v 0.008833 0.002000 -0.014719
v 0.008735 0.002000 -0.014847
v 0.003370 0.002000 -0.012178
v 0.008648 0.002000 -0.014984
v 0.001691 0.002000 -0.012393
v 0.008573 0.002000 -0.015127
v 0.009929 0.002000 -0.017730
v 0.010089 0.002000 -0.017751
v 0.012550 0.002000 -0.019204
v 0.010250 0.002000 -0.017759
v 0.010411 0.002000 -0.017751
v 0.008512 0.002000 -0.015276
v 0.008463 0.002000 -0.015430
v 0.008428 0.002000 -0.015587
v 0.008407 0.002000 -0.015747
v 0.010571 0.002000 -0.017730
v 0.010729 0.002000 -0.017695
v 0.010883 0.002000 -0.017647
v 0.008648 0.002000 -0.016834
v 0.008735 0.002000 -0.016970
v 0.008833 0.002000 -0.017098
v 0.008942 0.002000 -0.017217
v 0.008400 0.002000 -0.015909
v 0.008407 0.002000 -0.016070
v 0.008428 0.002000 -0.016230
v 0.008463 0.002000 -0.016387
v 0.008512 0.002000 -0.016541
v 0.008573 0.002000 -0.016690
v 0.009061 0.002000 -0.017326
v 0.009189 0.002000 -0.017424
v 0.009325 0.002000 -0.017511
v 0.011667 0.002000 -0.017098
v 0.011765 0.002000 -0.016970
v 0.011852 0.002000 -0.016834
v 0.011927 0.002000 -0.016690
v 0.012093 0.002000 -0.016070
v 0.012100 0.002000 -0.015909
v 0.012093 0.002000 -0.015747
v 0.009468 0.002000 -0.017585
v 0.009617 0.002000 -0.017647
v 0.009771 0.002000 -0.017695
v 0.011988 0.002000 -0.016541
v 0.012037 0.002000 -0.016387
v 0.012072 0.002000 -0.016230
v 0.011032 0.002000 -0.017585
v 0.011175 0.002000 -0.017511
v 0.011311 0.002000 -0.017424
v 0.011439 0.002000 -0.017326
v 0.011558 0.002000 -0.017217
v 0.012550 0.002000 -0.031325
v 0.011250 0.002000 -0.030650
v 0.011403 0.002000 -0.030643
v 0.011703 0.002000 -0.027210
v 0.011554 0.002000 -0.027177
v 0.012550 0.002000 -0.023900
v 0.011403 0.002000 -0.027157
v 0.011250 0.002000 -0.027150
v 0.011554 0.002000 -0.030623
v 0.011703 0.002000 -0.030590
v 0.011849 0.002000 -0.030544
v 0.012254 0.002000 -0.030334
v 0.012375 0.002000 -0.030241
v 0.012684 0.002000 -0.027896
v 0.012591 0.002000 -0.027775
v 0.012487 0.002000 -0.027663
v 0.010651 0.002000 -0.030544
v 0.010797 0.002000 -0.030590
v 0.000000 0.002000 -0.031325
v 0.010946 0.002000 -0.030623
v 0.011097 0.002000 -0.030643
v 0.011990 0.002000 -0.030486
v 0.012125 0.002000 -0.030416
v 0.012375 0.002000 -0.027559
v 0.012254 0.002000 -0.027466
v 0.012125 0.002000 -0.027384
v 0.011990 0.002000 -0.027314
v 0.011849 0.002000 -0.027256
v 0.011097 0.002000 -0.027157
v 0.010946 0.002000 -0.027177
v 0.010797 0.002000 -0.027210
v 0.010651 0.002000 -0.027256
v 0.010510 0.002000 -0.027314
v 0.000000 0.002000 -0.023900
v 0.010375 0.002000 -0.027384
v 0.010246 0.002000 -0.027466
v 0.010125 0.002000 -0.027559
v 0.010013 0.002000 -0.027663
v 0.009909 0.002000 -0.027775
v 0.010013 0.002000 -0.030137
v 0.010125 0.002000 -0.030241
v 0.010246 0.002000 -0.030334
v 0.010375 0.002000 -0.030416
v 0.010510 0.002000 -0.030486
v 0.009816 0.002000 -0.027896
v 0.009734 0.002000 -0.028025
v 0.009664 0.002000 -0.028160
v 0.009527 0.002000 -0.028596
v 0.009507 0.002000 -0.028747
v 0.009500 0.002000 -0.028900
v 0.009507 0.002000 -0.029053
v 0.009527 0.002000 -0.029204
v 0.009560 0.002000 -0.029353
v 0.009734 0.002000 -0.029775
v 0.009816 0.002000 -0.029904
v 0.009909 0.002000 -0.030025
v 0.009606 0.002000 -0.028301
v 0.009560 0.002000 -0.028447
v 0.009606 0.002000 -0.029499
v 0.009664 0.002000 -0.029640
v 0.012940 0.002000 -0.028447
v 0.012894 0.002000 -0.028301
v 0.015125 0.002000 -0.023900
v 0.012836 0.002000 -0.028160
v 0.012766 0.002000 -0.028025
v 0.012487 0.002000 -0.030137
v 0.012591 0.002000 -0.030025
v 0.015125 0.002000 -0.031325
v 0.012684 0.002000 -0.029904
v 0.012766 0.002000 -0.029775
v 0.012940 0.002000 -0.029353
v 0.012973 0.002000 -0.029204
v 0.012993 0.002000 -0.029053
v 0.012836 0.002000 -0.029640
v 0.012894 0.002000 -0.029499
v 0.013000 0.002000 -0.028900
v 0.012993 0.002000 -0.028747
v 0.012973 0.002000 -0.028596
v 0.020644 0.002000 -0.018301
v 0.020586 0.002000 -0.018160
v 0.021375 0.002000 -0.015604
v 0.017659 0.002000 -0.017775
v 0.017566 0.002000 -0.017896
v 0.015125 0.002000 -0.015604
v 0.017484 0.002000 -0.018025
v 0.020516 0.002000 -0.018025
v 0.020434 0.002000 -0.017896
v 0.020341 0.002000 -0.017775
v 0.020237 0.002000 -0.017663
v 0.020125 0.002000 -0.017559
v 0.020004 0.002000 -0.017466
v 0.017277 0.002000 -0.018596
v 0.017257 0.002000 -0.018747
v 0.015125 0.002000 -0.019204
v 0.017250 0.002000 -0.018900
v 0.019875 0.002000 -0.017384
v 0.019740 0.002000 -0.017314
v 0.019599 0.002000 -0.017256
v 0.019453 0.002000 -0.017210
v 0.019304 0.002000 -0.017177
v 0.019153 0.002000 -0.017157
v 0.017414 0.002000 -0.018160
v 0.017356 0.002000 -0.018301
v 0.017310 0.002000 -0.018447
v 0.021375 0.002000 -0.019204
v 0.020743 0.002000 -0.019053
v 0.020750 0.002000 -0.018900
v 0.019000 0.002000 -0.017150
v 0.018847 0.002000 -0.017157
v 0.018696 0.002000 -0.017177
v 0.018547 0.002000 -0.017210
v 0.020743 0.002000 -0.018747
v 0.020723 0.002000 -0.018596
v 0.020690 0.002000 -0.018447
v 0.018125 0.002000 -0.017384
v 0.017996 0.002000 -0.017466
v 0.018401 0.002000 -0.017256
v 0.018260 0.002000 -0.017314
v 0.017875 0.002000 -0.017559
v 0.017763 0.002000 -0.017663
v 0.017257 0.002000 -0.019053
v 0.017277 0.002000 -0.019204
v 0.017310 0.002000 -0.019353
v 0.017566 0.002000 -0.019904
v 0.017659 0.002000 -0.020025
v 0.020644 0.002000 -0.019499
v 0.020690 0.002000 -0.019353
v 0.020723 0.002000 -0.019204
v 0.017356 0.002000 -0.019499
v 0.017414 0.002000 -0.019640
v 0.017484 0.002000 -0.019775
v 0.017763 0.002000 -0.020137
v 0.017875 0.002000 -0.020241
v 0.017996 0.002000 -0.020334
v 0.019599 0.002000 -0.020544
v 0.019740 0.002000 -0.020486
v 0.021375 0.002000 -0.023900
v 0.019875 0.002000 -0.020416
v 0.020004 0.002000 -0.020334
v 0.020125 0.002000 -0.020241
v 0.020237 0.002000 -0.020137
v 0.020341 0.002000 -0.020025
v 0.020434 0.002000 -0.019904
v 0.020516 0.002000 -0.019775
v 0.020586 0.002000 -0.019640
v 0.019000 0.002000 -0.020650
v 0.019153 0.002000 -0.020643
v 0.018125 0.002000 -0.020416
v 0.018260 0.002000 -0.020486
v 0.018401 0.002000 -0.020544
v 0.019304 0.002000 -0.020623
v 0.019453 0.002000 -0.020590
v 0.018547 0.002000 -0.020590
v 0.018696 0.002000 -0.020623
v 0.018847 0.002000 -0.020643
v -0.020341 0.002000 -0.017775
v -0.020434 0.002000 -0.017896
v -0.022000 0.002000 -0.015604
v -0.020516 0.002000 -0.018025
v -0.017566 0.002000 -0.017896
v -0.017484 0.002000 -0.018025
v -0.017414 0.002000 -0.018160
v -0.017659 0.002000 -0.017775
v -0.017763 0.002000 -0.017663
v -0.017875 0.002000 -0.017559
v -0.017996 0.002000 -0.017466
v -0.018125 0.002000 -0.017384
v -0.018260 0.002000 -0.017314
v -0.020723 0.002000 -0.018596
v -0.020743 0.002000 -0.018747
v -0.022000 0.002000 -0.019204
v -0.020750 0.002000 -0.018900
v -0.018401 0.002000 -0.017256
v -0.018547 0.002000 -0.017210
v -0.018696 0.002000 -0.017177
v -0.020586 0.002000 -0.018160
v -0.020644 0.002000 -0.018301
v -0.020690 0.002000 -0.018447
v -0.017257 0.002000 -0.018747
v -0.017250 0.002000 -0.018900
v -0.017257 0.002000 -0.019053
v -0.017277 0.002000 -0.018596
v -0.017310 0.002000 -0.018447
v -0.017356 0.002000 -0.018301
v -0.018847 0.002000 -0.017157
v -0.019000 0.002000 -0.017150
v -0.019153 0.002000 -0.017157
v -0.019304 0.002000 -0.017177
v -0.019453 0.002000 -0.017210
v -0.019875 0.002000 -0.017384
v -0.020004 0.002000 -0.017466
v -0.019599 0.002000 -0.017256
v -0.019740 0.002000 -0.017314
v -0.020125 0.002000 -0.017559
v -0.020237 0.002000 -0.017663
v -0.020743 0.002000 -0.019053
v -0.020723 0.002000 -0.019204
v -0.020690 0.002000 -0.019353
v -0.017356 0.002000 -0.019499
v -0.017310 0.002000 -0.019353
v -0.017277 0.002000 -0.019204
v -0.020644 0.002000 -0.019499
v -0.020586 0.002000 -0.019640
v -0.020516 0.002000 -0.019775
v -0.020434 0.002000 -0.019904
v -0.020341 0.002000 -0.020025
v -0.020237 0.002000 -0.020137
v -0.020125 0.002000 -0.020241
v -0.020004 0.002000 -0.020334
v -0.019875 0.002000 -0.020416
v -0.019740 0.002000 -0.020486
v -0.018696 0.002000 -0.020623
v -0.018547 0.002000 -0.020590
v -0.018401 0.002000 -0.020544
v -0.018260 0.002000 -0.020486
v -0.018125 0.002000 -0.020416
v -0.017996 0.002000 -0.020334
v -0.017875 0.002000 -0.020241
v -0.017763 0.002000 -0.020137
v -0.017659 0.002000 -0.020025
v -0.017566 0.002000 -0.019904
v -0.017484 0.002000 -0.019775
v -0.017414 0.002000 -0.019640
v -0.019599 0.002000 -0.020544
v -0.019453 0.002000 -0.020590
v -0.019304 0.002000 -0.020623
v -0.019153 0.002000 -0.020643
v -0.019000 0.002000 -0.020650
v -0.018847 0.002000 -0.020643
v -0.021819 0.002000 -0.030026
v -0.021898 0.002000 -0.029776
v -0.015125 0.002000 -0.031325
v -0.021457 0.002000 -0.030721
v -0.021298 0.002000 -0.030928
v -0.021121 0.002000 -0.031121
v -0.021954 0.002000 -0.029521
v -0.021989 0.002000 -0.029261
v -0.021598 0.002000 -0.030500
v -0.021719 0.002000 -0.030268
v -0.015125 0.002000 -0.032000
v -0.019000 0.002000 -0.032000
v -0.020928 0.002000 -0.031298
v -0.019261 0.002000 -0.031989
v -0.019521 0.002000 -0.031954
v -0.019776 0.002000 -0.031898
v -0.020026 0.002000 -0.031819
v -0.020268 0.002000 -0.031719
v -0.020500 0.002000 -0.031598
v -0.020721 0.002000 -0.031457
v 0.019521 0.002000 -0.031954
v 0.019261 0.002000 -0.031989
v 0.020928 0.002000 -0.031298
v 0.020268 0.002000 -0.031719
v 0.020500 0.002000 -0.031598
v 0.020721 0.002000 -0.031457
v 0.020026 0.002000 -0.031819
v 0.019776 0.002000 -0.031898
v 0.019000 0.002000 -0.032000
v 0.021121 0.002000 -0.031121
v 0.021298 0.002000 -0.030928
v 0.021989 0.002000 -0.029261
v 0.021954 0.002000 -0.029521
v 0.021898 0.002000 -0.029776
v 0.021457 0.002000 -0.030721
v 0.021819 0.002000 -0.030026
v 0.021719 0.002000 -0.030268
v 0.021598 0.002000 -0.030500
v 0.021719 0.002000 -0.005732
v 0.022000 0.002000 -0.007000
v 0.021598 0.002000 -0.005500
v 0.021457 0.002000 -0.005279
v 0.021819 0.002000 -0.005974
v 0.021898 0.002000 -0.006224
v 0.021954 0.002000 -0.006479
v 0.021989 0.002000 -0.006739
v 0.017763 0.002000 -0.006663
v 0.017659 0.002000 -0.006775
v 0.016048 0.002000 -0.004400
v 0.017356 0.002000 -0.008499
v 0.017414 0.002000 -0.008640
v 0.015125 0.002000 -0.011854
v 0.014981 0.002000 -0.005714
v 0.019153 0.002000 -0.006157
v 0.019000 0.002000 -0.006150
v 0.018847 0.002000 -0.006157
v 0.017277 0.002000 -0.007596
v 0.017257 0.002000 -0.007747
v 0.017250 0.002000 -0.007900
v 0.018260 0.002000 -0.006314
v 0.018125 0.002000 -0.006384
v 0.017996 0.002000 -0.006466
v 0.017875 0.002000 -0.006559
v 0.017566 0.002000 -0.006896
v 0.017484 0.002000 -0.007025
v 0.017414 0.002000 -0.007160
v 0.017257 0.002000 -0.008053
v 0.017277 0.002000 -0.008204
v 0.017310 0.002000 -0.008353
v 0.020743 0.002000 -0.007747
v 0.020723 0.002000 -0.007596
v 0.020690 0.002000 -0.007447
v 0.020644 0.002000 -0.007301
v 0.020586 0.002000 -0.007160
v 0.020516 0.002000 -0.007025
v 0.020434 0.002000 -0.006896
v 0.018696 0.002000 -0.006177
v 0.018547 0.002000 -0.006210
v 0.018401 0.002000 -0.006256
v 0.017356 0.002000 -0.007301
v 0.017310 0.002000 -0.007447
v 0.020516 0.002000 -0.008775
v 0.020586 0.002000 -0.008640
v 0.021375 0.002000 -0.011854
v 0.020644 0.002000 -0.008499
v 0.020690 0.002000 -0.008353
v 0.020723 0.002000 -0.008204
v 0.020743 0.002000 -0.008053
v 0.020750 0.002000 -0.007900
v 0.020341 0.002000 -0.006775
v 0.020237 0.002000 -0.006663
v 0.021298 0.002000 -0.005072
v 0.020125 0.002000 -0.006559
v 0.021121 0.002000 -0.004879
v 0.020004 0.002000 -0.006466
v 0.020928 0.002000 -0.004702
v 0.019875 0.002000 -0.006384
v 0.020721 0.002000 -0.004543
v 0.019740 0.002000 -0.006314
v 0.017484 0.002000 -0.008775
v 0.017566 0.002000 -0.008904
v 0.017659 0.002000 -0.009025
v 0.019153 0.002000 -0.009643
v 0.019304 0.002000 -0.009623
v 0.019453 0.002000 -0.009590
v 0.019261 0.002000 -0.004011
v 0.019521 0.002000 -0.004046
v 0.019304 0.002000 -0.006177
v 0.019776 0.002000 -0.004102
v 0.019453 0.002000 -0.006210
v 0.020026 0.002000 -0.004181
v 0.019599 0.002000 -0.006256
v 0.020268 0.002000 -0.004281
v 0.020500 0.002000 -0.004402
v 0.018401 0.002000 -0.009544
v 0.018547 0.002000 -0.009590
v 0.018696 0.002000 -0.009623
v 0.018847 0.002000 -0.009643
v 0.019000 0.002000 -0.009650
v 0.019599 0.002000 -0.009544
v 0.019740 0.002000 -0.009486
v 0.019875 0.002000 -0.009416
v 0.020237 0.002000 -0.009137
v 0.020341 0.002000 -0.009025
v 0.020434 0.002000 -0.008904
v 0.020004 0.002000 -0.009334
v 0.020125 0.002000 -0.009241
v 0.017763 0.002000 -0.009137
v 0.017875 0.002000 -0.009241
v 0.017996 0.002000 -0.009334
v 0.018125 0.002000 -0.009416
v 0.018260 0.002000 -0.009486
v 0.013807 0.002000 -0.006934
v 0.012534 0.002000 -0.008049
v 0.006645 0.002000 -0.011328
v 0.008216 0.002000 -0.010699
v 0.009728 0.002000 -0.009939
v 0.011171 0.002000 -0.009054
v -0.014981 0.002000 -0.005714
v -0.013807 0.002000 -0.006934
v -0.012534 0.002000 -0.008049
v -0.011171 0.002000 -0.009054
v -0.009728 0.002000 -0.009939
v -0.008216 0.002000 -0.010699
v -0.020644 0.002000 -0.008499
v -0.020586 0.002000 -0.008640
v -0.022000 0.002000 -0.011854
v -0.020341 0.002000 -0.006775
v -0.021598 0.002000 -0.005500
v -0.020237 0.002000 -0.006663
v -0.021457 0.002000 -0.005279
v -0.020125 0.002000 -0.006559
v -0.021298 0.002000 -0.005072
v -0.020004 0.002000 -0.006466
v -0.021121 0.002000 -0.004879
v -0.019875 0.002000 -0.006384
v -0.020690 0.002000 -0.007447
v -0.020723 0.002000 -0.007596
v -0.022000 0.002000 -0.007000
v -0.020743 0.002000 -0.007747
v -0.020750 0.002000 -0.007900
v -0.020743 0.002000 -0.008053
v -0.020723 0.002000 -0.008204
v -0.020690 0.002000 -0.008353
v -0.017250 0.002000 -0.007900
v -0.017257 0.002000 -0.007747
v -0.017277 0.002000 -0.007596
v -0.017310 0.002000 -0.007447
v -0.017356 0.002000 -0.007301
v -0.017414 0.002000 -0.007160
v -0.020928 0.002000 -0.004702
v -0.020721 0.002000 -0.004543
v -0.019740 0.002000 -0.006314
v -0.020500 0.002000 -0.004402
v -0.019599 0.002000 -0.006256
v -0.020268 0.002000 -0.004281
v -0.019453 0.002000 -0.006210
v -0.020026 0.002000 -0.004181
v -0.019304 0.002000 -0.006177
v -0.017484 0.002000 -0.007025
v -0.017566 0.002000 -0.006896
v -0.016048 0.002000 -0.004400
v -0.017659 0.002000 -0.006775
v -0.017763 0.002000 -0.006663
v -0.017875 0.002000 -0.006559
v -0.017996 0.002000 -0.006466
v -0.018125 0.002000 -0.006384
v -0.019776 0.002000 -0.004102
v -0.019521 0.002000 -0.004046
v -0.019153 0.002000 -0.006157
v -0.019261 0.002000 -0.004011
v -0.019000 0.002000 -0.006150
v -0.018847 0.002000 -0.006157
v -0.018696 0.002000 -0.006177
v -0.020644 0.002000 -0.007301
v -0.021989 0.002000 -0.006739
v -0.020586 0.002000 -0.007160
v -0.021954 0.002000 -0.006479
v -0.020516 0.002000 -0.007025
v -0.021898 0.002000 -0.006224
v -0.020434 0.002000 -0.006896
v -0.021819 0.002000 -0.005974
v -0.021719 0.002000 -0.005732
v -0.017484 0.002000 -0.008775
v -0.017414 0.002000 -0.008640
v -0.017356 0.002000 -0.008499
v -0.017310 0.002000 -0.008353
v -0.017277 0.002000 -0.008204
v -0.017257 0.002000 -0.008053
v -0.020516 0.002000 -0.008775
v -0.020434 0.002000 -0.008904
v -0.020341 0.002000 -0.009025
v -0.018260 0.002000 -0.006314
v -0.018401 0.002000 -0.006256
v -0.018547 0.002000 -0.006210
v -0.019599 0.002000 -0.009544
v -0.019453 0.002000 -0.009590
v -0.019304 0.002000 -0.009623
v -0.019153 0.002000 -0.009643
v -0.019000 0.002000 -0.009650
v -0.018847 0.002000 -0.009643
v -0.018696 0.002000 -0.009623
v -0.018547 0.002000 -0.009590
v -0.018401 0.002000 -0.009544
v -0.018260 0.002000 -0.009486
v -0.018125 0.002000 -0.009416
v -0.017763 0.002000 -0.009137
v -0.017659 0.002000 -0.009025
v -0.017566 0.002000 -0.008904
v -0.017996 0.002000 -0.009334
v -0.017875 0.002000 -0.009241
v -0.020237 0.002000 -0.009137
v -0.020125 0.002000 -0.009241
v -0.020004 0.002000 -0.009334
v -0.019875 0.002000 -0.009416
v -0.019740 0.002000 -0.009486
v 0.022000 0.002000 -0.011854
v 0.022000 0.002000 -0.015604
v 0.022000 0.002000 -0.019204
v 0.022000 0.002000 -0.023900
v 0.022000 0.002000 -0.029000
v -0.011097 0.002000 -0.030643
v -0.010946 0.002000 -0.030623
v -0.008950 0.002000 -0.031325
v -0.011849 0.002000 -0.030544
v -0.011703 0.002000 -0.030590
v -0.011990 0.002000 -0.027314
v -0.012125 0.002000 -0.027384
v -0.012254 0.002000 -0.027466
v -0.010797 0.002000 -0.027210
v -0.010946 0.002000 -0.027177
v -0.008950 0.002000 -0.023900
v -0.011097 0.002000 -0.027157
v -0.011250 0.002000 -0.027150
v -0.011403 0.002000 -0.027157
v -0.011554 0.002000 -0.027177
v -0.011703 0.002000 -0.027210
v -0.011849 0.002000 -0.027256
v -0.012375 0.002000 -0.027559
v -0.012487 0.002000 -0.027663
v -0.012591 0.002000 -0.027775
v -0.011554 0.002000 -0.030623
v -0.011403 0.002000 -0.030643
v -0.011250 0.002000 -0.030650
v -0.012993 0.002000 -0.028747
v -0.013000 0.002000 -0.028900
v -0.012487 0.002000 -0.030137
v -0.012375 0.002000 -0.030241
v -0.012254 0.002000 -0.030334
v -0.009816 0.002000 -0.029904
v -0.009734 0.002000 -0.029775
v -0.010375 0.002000 -0.027384
v -0.010510 0.002000 -0.027314
v -0.010651 0.002000 -0.027256
v -0.012125 0.002000 -0.030416
v -0.011990 0.002000 -0.030486
v -0.009560 0.002000 -0.028447
v -0.009606 0.002000 -0.028301
v -0.009664 0.002000 -0.028160
v -0.009734 0.002000 -0.028025
v -0.012684 0.002000 -0.027896
v -0.012766 0.002000 -0.028025
v -0.012836 0.002000 -0.028160
v -0.012973 0.002000 -0.028596
v -0.012993 0.002000 -0.029053
v -0.012973 0.002000 -0.029204
v -0.012940 0.002000 -0.029353
v -0.012766 0.002000 -0.029775
v -0.012684 0.002000 -0.029904
v -0.012591 0.002000 -0.030025
v -0.012894 0.002000 -0.028301
v -0.012940 0.002000 -0.028447
v -0.012894 0.002000 -0.029499
v -0.012836 0.002000 -0.029640
v -0.010797 0.002000 -0.030590
v -0.010651 0.002000 -0.030544
v -0.010510 0.002000 -0.030486
v -0.010375 0.002000 -0.030416
v -0.010246 0.002000 -0.030334
v -0.010125 0.002000 -0.030241
v -0.009560 0.002000 -0.029353
v -0.009527 0.002000 -0.029204
v -0.009507 0.002000 -0.029053
v -0.009816 0.002000 -0.027896
v -0.009909 0.002000 -0.027775
v -0.010013 0.002000 -0.027663
v -0.010125 0.002000 -0.027559
v -0.010246 0.002000 -0.027466
v -0.010013 0.002000 -0.030137
v -0.009909 0.002000 -0.030025
v -0.009500 0.002000 -0.028900
v -0.009507 0.002000 -0.028747
v -0.009527 0.002000 -0.028596
v -0.009664 0.002000 -0.029640
v -0.009606 0.002000 -0.029499
v 0.015125 0.002000 -0.032000
v 0.012550 0.002000 -0.032000
v 0.000000 0.002000 -0.032000
v -0.008950 0.002000 -0.032000
v 0.016048 0.000000 -0.004400
v 0.017000 0.000000 -0.003000
v -0.017000 0.000000 -0.003000
v -0.016048 0.000000 -0.004400
v 0.014981 0.000000 -0.005714
v 0.013807 0.000000 -0.006934
v 0.012534 0.000000 -0.008049
v 0.011171 0.000000 -0.009054
v 0.009728 0.000000 -0.009939
v 0.008216 0.000000 -0.010699
v 0.006645 0.000000 -0.011328
v 0.005025 0.000000 -0.011823
v 0.003370 0.000000 -0.012178
v 0.001691 0.000000 -0.012393
v -0.000000 0.000000 -0.012464
v -0.001691 0.000000 -0.012393
v -0.003370 0.000000 -0.012178
v -0.005025 0.000000 -0.011823
v -0.006645 0.000000 -0.011328
v -0.008216 0.000000 -0.010699
v -0.009728 0.000000 -0.009939
v -0.011171 0.000000 -0.009054
v -0.012534 0.000000 -0.008049
v -0.013807 0.000000 -0.006934
v -0.014981 0.000000 -0.005714
v 0.011396 -0.002000 -0.015808
v 0.012093 -0.002000 -0.015747
v 0.011400 -0.002000 -0.015909
v 0.012100 -0.002000 -0.015909
v 0.011396 -0.002000 -0.016009
v 0.012093 -0.002000 -0.016070
v 0.011383 -0.002000 -0.016108
v 0.012072 -0.002000 -0.016230
v 0.011361 -0.002000 -0.016206
v 0.012037 -0.002000 -0.016387
v 0.011331 -0.002000 -0.016302
v 0.011988 -0.002000 -0.016541
v 0.011292 -0.002000 -0.016395
v 0.011927 -0.002000 -0.016690
v 0.011246 -0.002000 -0.016484
v 0.011852 -0.002000 -0.016834
v 0.011192 -0.002000 -0.016568
v 0.011765 -0.002000 -0.016970
v 0.011131 -0.002000 -0.016648
v 0.011667 -0.002000 -0.017098
v 0.011063 -0.002000 -0.016722
v 0.011558 -0.002000 -0.017217
v 0.010989 -0.002000 -0.016789
v 0.011439 -0.002000 -0.017326
v 0.010910 -0.002000 -0.016851
v 0.011311 -0.002000 -0.017424
v 0.010825 -0.002000 -0.016904
v 0.011175 -0.002000 -0.017511
v 0.010736 -0.002000 -0.016951
v 0.011032 -0.002000 -0.017585
v 0.010643 -0.002000 -0.016989
v 0.010883 -0.002000 -0.017647
v 0.010548 -0.002000 -0.017019
v 0.010729 -0.002000 -0.017695
v 0.010450 -0.002000 -0.017041
v 0.010571 -0.002000 -0.017730
v 0.010350 -0.002000 -0.017054
v 0.010411 -0.002000 -0.017751
v 0.010250 -0.002000 -0.017059
v 0.010250 -0.002000 -0.017759
v 0.010150 -0.002000 -0.017054
v 0.010089 -0.002000 -0.017751
v 0.010050 -0.002000 -0.017041
v 0.009929 -0.002000 -0.017730
v 0.009952 -0.002000 -0.017019
v 0.009771 -0.002000 -0.017695
v 0.009857 -0.002000 -0.016989
v 0.009617 -0.002000 -0.017647
v 0.009764 -0.002000 -0.016951
v 0.009468 -0.002000 -0.017585
v 0.009675 -0.002000 -0.016904
v 0.009325 -0.002000 -0.017511
v 0.009590 -0.002000 -0.016851
v 0.009189 -0.002000 -0.017424
v 0.009511 -0.002000 -0.016789
v 0.009061 -0.002000 -0.017326
v 0.009437 -0.002000 -0.016722
v 0.008942 -0.002000 -0.017217
v 0.009369 -0.002000 -0.016648
v 0.008833 -0.002000 -0.017098
v 0.009308 -0.002000 -0.016568
v 0.008735 -0.002000 -0.016970
v 0.009254 -0.002000 -0.016484
v 0.008648 -0.002000 -0.016834
v 0.009208 -0.002000 -0.016395
v 0.008573 -0.002000 -0.016690
v 0.009169 -0.002000 -0.016302
v 0.008512 -0.002000 -0.016541
v 0.009139 -0.002000 -0.016206
v 0.008463 -0.002000 -0.016387
v 0.009117 -0.002000 -0.016108
v 0.008428 -0.002000 -0.016230
v 0.009104 -0.002000 -0.016009
v 0.008407 -0.002000 -0.016070
v 0.009100 -0.002000 -0.015909
v 0.008400 -0.002000 -0.015909
v 0.009104 -0.002000 -0.015808
v 0.008407 -0.002000 -0.015747
v 0.009117 -0.002000 -0.015709
v 0.008428 -0.002000 -0.015587
v 0.009139 -0.002000 -0.015611
v 0.008463 -0.002000 -0.015430
v 0.009169 -0.002000 -0.015515
v 0.008512 -0.002000 -0.015276
v 0.009208 -0.002000 -0.015423
v 0.008573 -0.002000 -0.015127
v 0.009254 -0.002000 -0.015334
v 0.008648 -0.002000 -0.014984
v 0.009308 -0.002000 -0.015249
v 0.008735 -0.002000 -0.014847
v 0.009369 -0.002000 -0.015169
v 0.008833 -0.002000 -0.014719
v 0.009437 -0.002000 -0.015095
v 0.008942 -0.002000 -0.014600
v 0.009511 -0.002000 -0.015028
v 0.009061 -0.002000 -0.014491
v 0.009590 -0.002000 -0.014966
v 0.009189 -0.002000 -0.014393
v 0.009675 -0.002000 -0.014913
v 0.009325 -0.002000 -0.014306
v 0.009764 -0.002000 -0.014866
v 0.009468 -0.002000 -0.014232
v 0.009857 -0.002000 -0.014828
v 0.009617 -0.002000 -0.014170
v 0.009952 -0.002000 -0.014798
v 0.009771 -0.002000 -0.014122
v 0.010050 -0.002000 -0.014776
v 0.009929 -0.002000 -0.014087
v 0.010150 -0.002000 -0.014763
v 0.010089 -0.002000 -0.014066
v 0.010250 -0.002000 -0.014759
v 0.010250 -0.002000 -0.014059
v 0.010350 -0.002000 -0.014763
v 0.010411 -0.002000 -0.014066
v 0.010450 -0.002000 -0.014776
v 0.010571 -0.002000 -0.014087
v 0.010548 -0.002000 -0.014798
v 0.010729 -0.002000 -0.014122
v 0.010643 -0.002000 -0.014828
v 0.010883 -0.002000 -0.014170
v 0.010736 -0.002000 -0.014866
v 0.011032 -0.002000 -0.014232
v 0.010825 -0.002000 -0.014913
v 0.011175 -0.002000 -0.014306
v 0.010910 -0.002000 -0.014966
v 0.011311 -0.002000 -0.014393
v 0.010989 -0.002000 -0.015028
v 0.011439 -0.002000 -0.014491
v 0.011063 -0.002000 -0.015095
v 0.011558 -0.002000 -0.014600
v 0.011131 -0.002000 -0.015169
v 0.011667 -0.002000 -0.014719
v 0.011192 -0.002000 -0.015249
v 0.011765 -0.002000 -0.014847
v 0.011246 -0.002000 -0.015334
v 0.011852 -0.002000 -0.014984
v 0.011292 -0.002000 -0.015423
v 0.011927 -0.002000 -0.015127
v 0.011331 -0.002000 -0.015515
v 0.011988 -0.002000 -0.015276
v 0.011361 -0.002000 -0.015611
v 0.012037 -0.002000 -0.015430
v 0.011383 -0.002000 -0.015709
v 0.012072 -0.002000 -0.015587
v -0.011361 -0.002000 -0.016206
v -0.012037 -0.002000 -0.016387
v -0.011383 -0.002000 -0.016108
v -0.012072 -0.002000 -0.016230
v -0.011396 -0.002000 -0.016009
v -0.012093 -0.002000 -0.016070
v -0.011400 -0.002000 -0.015909
v -0.012100 -0.002000 -0.015909
v -0.011396 -0.002000 -0.015808
v -0.012093 -0.002000 -0.015747
v -0.011383 -0.002000 -0.015709
v -0.012072 -0.002000 -0.015587
v -0.011361 -0.002000 -0.015611
v -0.012037 -0.002000 -0.015430
v -0.011331 -0.002000 -0.015515
v -0.011988 -0.002000 -0.015276
v -0.011292 -0.002000 -0.015423
v -0.011927 -0.002000 -0.015127
v -0.011246 -0.002000 -0.015334
v -0.011852 -0.002000 -0.014984
v -0.011192 -0.002000 -0.015249
v -0.011765 -0.002000 -0.014847
v -0.011131 -0.002000 -0.015169
v -0.011667 -0.002000 -0.014719
v -0.011063 -0.002000 -0.015095
v -0.011558 -0.002000 -0.014600
v -0.010989 -0.002000 -0.015028
v -0.011439 -0.002000 -0.014491
v -0.010910 -0.002000 -0.014966
v -0.011311 -0.002000 -0.014393
v -0.010825 -0.002000 -0.014913
v -0.011175 -0.002000 -0.014306
v -0.010736 -0.002000 -0.014866
v -0.011032 -0.002000 -0.014232
v -0.010643 -0.002000 -0.014828
v -0.010883 -0.002000 -0.014170
v -0.010548 -0.002000 -0.014798
v -0.010729 -0.002000 -0.014122
v -0.010450 -0.002000 -0.014776
v -0.010571 -0.002000 -0.014087
v -0.010350 -0.002000 -0.014763
v -0.010411 -0.002000 -0.014066
v -0.010250 -0.002000 -0.014759
v -0.010250 -0.002000 -0.014059
v -0.010150 -0.002000 -0.014763
v -0.010089 -0.002000 -0.014066
v -0.010050 -0.002000 -0.014776
v -0.009929 -0.002000 -0.014087
v -0.009952 -0.002000 -0.014798
v -0.009771 -0.002000 -0.014122
v -0.009857 -0.002000 -0.014828
v -0.009617 -0.002000 -0.014170
v -0.009764 -0.002000 -0.014866
v -0.009468 -0.002000 -0.014232
v -0.009675 -0.002000 -0.014913
v -0.009325 -0.002000 -0.014306
v -0.009590 -0.002000 -0.014966
v -0.009189 -0.002000 -0.014393
v -0.009511 -0.002000 -0.015028
v -0.009061 -0.002000 -0.014491
v -0.009437 -0.002000 -0.015095
v -0.008942 -0.002000 -0.014600
v -0.009369 -0.002000 -0.015169
v -0.008833 -0.002000 -0.014719
v -0.009308 -0.002000 -0.015249
v -0.008735 -0.002000 -0.014847
v -0.009254 -0.002000 -0.015334
v -0.008648 -0.002000 -0.014984
v -0.009208 -0.002000 -0.015423
v -0.008573 -0.002000 -0.015127
v -0.009169 -0.002000 -0.015515
v -0.008512 -0.002000 -0.015276
v -0.009139 -0.002000 -0.015611
v -0.008463 -0.002000 -0.015430
v -0.009117 -0.002000 -0.015709
v -0.008428 -0.002000 -0.015587
v -0.009104 -0.002000 -0.015808
v -0.008407 -0.002000 -0.015747
v -0.009100 -0.002000 -0.015909
v -0.008400 -0.002000 -0.015909
v -0.009104 -0.002000 -0.016009
v -0.008407 -0.002000 -0.016070
v -0.009117 -0.002000 -0.016108
v -0.008428 -0.002000 -0.016230
v -0.009139 -0.002000 -0.016206
v -0.008463 -0.002000 -0.016387
v -0.009169 -0.002000 -0.016302
v -0.008512 -0.002000 -0.016541
v -0.009208 -0.002000 -0.016395
v -0.008573 -0.002000 -0.016690
v -0.009254 -0.002000 -0.016484
v -0.008648 -0.002000 -0.016834
v -0.009308 -0.002000 -0.016568
v -0.008735 -0.002000 -0.016970
v -0.009369 -0.002000 -0.016648
v -0.008833 -0.002000 -0.017098
v -0.009437 -0.002000 -0.016722
v -0.008942 -0.002000 -0.017217
v -0.009511 -0.002000 -0.016789
v -0.009061 -0.002000 -0.017326
v -0.009590 -0.002000 -0.016851
v -0.009189 -0.002000 -0.017424
v -0.009675 -0.002000 -0.016904
v -0.009325 -0.002000 -0.017511
v -0.009764 -0.002000 -0.016951
v -0.009468 -0.002000 -0.017585
v -0.009857 -0.002000 -0.016989
v -0.009617 -0.002000 -0.017647
v -0.009952 -0.002000 -0.017019
v -0.009771 -0.002000 -0.017695
v -0.010050 -0.002000 -0.017041
v -0.009929 -0.002000 -0.017730
v -0.010150 -0.002000 -0.017054
v -0.010089 -0.002000 -0.017751
v -0.010250 -0.002000 -0.017059
v -0.010250 -0.002000 -0.017759
v -0.010350 -0.002000 -0.017054
v -0.010411 -0.002000 -0.017751
v -0.010450 -0.002000 -0.017041
v -0.010571 -0.002000 -0.017730
v -0.010548 -0.002000 -0.017019
v -0.010729 -0.002000 -0.017695
v -0.010643 -0.002000 -0.016989
v -0.010883 -0.002000 -0.017647
v -0.010736 -0.002000 -0.016951
v -0.011032 -0.002000 -0.017585
v -0.010825 -0.002000 -0.016904
v -0.011175 -0.002000 -0.017511
v -0.010910 -0.002000 -0.016851
v -0.011311 -0.002000 -0.017424
v -0.010989 -0.002000 -0.016789
v -0.011439 -0.002000 -0.017326
v -0.011063 -0.002000 -0.016722
v -0.011558 -0.002000 -0.017217
v -0.011131 -0.002000 -0.016648
v -0.011667 -0.002000 -0.017098
v -0.011192 -0.002000 -0.016568
v -0.011765 -0.002000 -0.016970
v -0.011246 -0.002000 -0.016484
v -0.011852 -0.002000 -0.016834
v -0.011292 -0.002000 -0.016395
v -0.011927 -0.002000 -0.016690
v -0.011331 -0.002000 -0.016302
v -0.011988 -0.002000 -0.016541
v -0.011250 -0.003000 -0.027150
v -0.011097 -0.003000 -0.027157
v -0.010946 -0.003000 -0.027177
v -0.010797 -0.003000 -0.027210
v -0.010651 -0.003000 -0.027256
v -0.010510 -0.003000 -0.027314
v -0.010375 -0.003000 -0.027384
v -0.010246 -0.003000 -0.027466
v -0.010125 -0.003000 -0.027559
v -0.010013 -0.003000 -0.027663
v -0.009909 -0.003000 -0.027775
v -0.009816 -0.003000 -0.027896
v -0.009734 -0.003000 -0.028025
v -0.009664 -0.003000 -0.028160
v -0.009606 -0.003000 -0.028301
v -0.009560 -0.003000 -0.028447
v -0.009527 -0.003000 -0.028596
v -0.009507 -0.003000 -0.028747
v -0.009500 -0.003000 -0.028900
v -0.009507 -0.003000 -0.029053
v -0.009527 -0.003000 -0.029204
v -0.009560 -0.003000 -0.029353
v -0.009606 -0.003000 -0.029499
v -0.009664 -0.003000 -0.029640
v -0.009734 -0.003000 -0.029775
v -0.009816 -0.003000 -0.029904
v -0.009909 -0.003000 -0.030025
v -0.010013 -0.003000 -0.030137
v -0.010125 -0.003000 -0.030241
v -0.010246 -0.003000 -0.030334
v -0.010375 -0.003000 -0.030416
v -0.010510 -0.003000 -0.030486
v -0.010651 -0.003000 -0.030544
v -0.010797 -0.003000 -0.030590
v -0.010946 -0.003000 -0.030623
v -0.011097 -0.003000 -0.030643
v -0.011250 -0.003000 -0.030650
v -0.011403 -0.003000 -0.030643
v -0.011554 -0.003000 -0.030623
v -0.011703 -0.003000 -0.030590
v -0.011849 -0.003000 -0.030544
v -0.011990 -0.003000 -0.030486
v -0.012125 -0.003000 -0.030416
v -0.012254 -0.003000 -0.030334
v -0.012375 -0.003000 -0.030241
v -0.012487 -0.003000 -0.030137
v -0.012591 -0.003000 -0.030025
v -0.012684 -0.003000 -0.029904
v -0.012766 -0.003000 -0.029775
v -0.012836 -0.003000 -0.029640
v -0.012894 -0.003000 -0.029499
v -0.012940 -0.003000 -0.029353
v -0.012973 -0.003000 -0.029204
v -0.012993 -0.003000 -0.029053
v -0.013000 -0.003000 -0.028900
v -0.012993 -0.003000 -0.028747
v -0.012973 -0.003000 -0.028596
v -0.012940 -0.003000 -0.028447
v -0.012894 -0.003000 -0.028301
v -0.012836 -0.003000 -0.028160
v -0.012766 -0.003000 -0.028025
v -0.012684 -0.003000 -0.027896
v -0.012591 -0.003000 -0.027775
v -0.012487 -0.003000 -0.027663
v -0.012375 -0.003000 -0.027559
v -0.012254 -0.003000 -0.027466
v -0.012125 -0.003000 -0.027384
v -0.011990 -0.003000 -0.027314
v -0.011849 -0.003000 -0.027256
v -0.011703 -0.003000 -0.027210
v -0.011554 -0.003000 -0.027177
v -0.011403 -0.003000 -0.027157
v -0.019000 -0.003000 -0.003000
v -0.015000 0.000000 -0.003000
v -0.015125 -0.003000 -0.003000
v -0.015000 -0.003000 -0.003000
v -0.019000 -0.003000 -0.017150
v -0.018847 -0.003000 -0.017157
v -0.018696 -0.003000 -0.017177
v -0.018547 -0.003000 -0.017210
v -0.018401 -0.003000 -0.017256
v -0.018260 -0.003000 -0.017314
v -0.018125 -0.003000 -0.017384
v -0.017996 -0.003000 -0.017466
v -0.017875 -0.003000 -0.017559
v -0.017763 -0.003000 -0.017663
v -0.017659 -0.003000 -0.017775
v -0.017566 -0.003000 -0.017896
v -0.017484 -0.003000 -0.018025
v -0.017414 -0.003000 -0.018160
v -0.017356 -0.003000 -0.018301
v -0.017310 -0.003000 -0.018447
v -0.017277 -0.003000 -0.018596
v -0.017257 -0.003000 -0.018747
v -0.017250 -0.003000 -0.018900
v -0.017257 -0.003000 -0.019053
v -0.017277 -0.003000 -0.019204
v -0.017310 -0.003000 -0.019353
v -0.017356 -0.003000 -0.019499
v -0.017414 -0.003000 -0.019640
v -0.017484 -0.003000 -0.019775
v -0.017566 -0.003000 -0.019904
v -0.017659 -0.003000 -0.020025
v -0.017763 -0.003000 -0.020137
v -0.017875 -0.003000 -0.020241
v -0.017996 -0.003000 -0.020334
v -0.018125 -0.003000 -0.020416
v -0.018260 -0.003000 -0.020486
v -0.018401 -0.003000 -0.020544
v -0.018547 -0.003000 -0.020590
v -0.018696 -0.003000 -0.020623
v -0.018847 -0.003000 -0.020643
v -0.019000 -0.003000 -0.020650
v -0.019153 -0.003000 -0.020643
v -0.019304 -0.003000 -0.020623
v -0.019453 -0.003000 -0.020590
v -0.019599 -0.003000 -0.020544
v -0.019740 -0.003000 -0.020486
v -0.019875 -0.003000 -0.020416
v -0.020004 -0.003000 -0.020334
v -0.020125 -0.003000 -0.020241
v -0.020237 -0.003000 -0.020137
v -0.020341 -0.003000 -0.020025
v -0.020434 -0.003000 -0.019904
v -0.020516 -0.003000 -0.019775
v -0.020586 -0.003000 -0.019640
v -0.020644 -0.003000 -0.019499
v -0.020690 -0.003000 -0.019353
v -0.020723 -0.003000 -0.019204
v -0.020743 -0.003000 -0.019053
v -0.020750 -0.003000 -0.018900
v -0.020743 -0.003000 -0.018747
v -0.020723 -0.003000 -0.018596
v -0.020690 -0.003000 -0.018447
v -0.020644 -0.003000 -0.018301
v -0.020586 -0.003000 -0.018160
v -0.020516 -0.003000 -0.018025
v -0.020434 -0.003000 -0.017896
v -0.020341 -0.003000 -0.017775
v -0.020237 -0.003000 -0.017663
v -0.020125 -0.003000 -0.017559
v -0.020004 -0.003000 -0.017466
v -0.019875 -0.003000 -0.017384
v -0.019740 -0.003000 -0.017314
v -0.019599 -0.003000 -0.017256
v -0.019453 -0.003000 -0.017210
v -0.019304 -0.003000 -0.017177
v -0.019153 -0.003000 -0.017157
v -0.019349 0.001000 -0.003015
v -0.019349 -0.003000 -0.003015
v -0.019695 0.001000 -0.003061
v -0.019695 -0.003000 -0.003061
v -0.020035 0.001000 -0.003136
v -0.020035 -0.003000 -0.003136
v -0.020368 0.001000 -0.003241
v -0.020368 -0.003000 -0.003241
v -0.020690 0.001000 -0.003375
v -0.020690 -0.003000 -0.003375
v -0.021000 0.001000 -0.003536
v -0.021000 -0.003000 -0.003536
v -0.021294 0.001000 -0.003723
v -0.021294 -0.003000 -0.003723
v -0.021571 0.001000 -0.003936
v -0.021571 -0.003000 -0.003936
v -0.021828 0.001000 -0.004172
v -0.021828 -0.003000 -0.004172
v -0.022064 0.001000 -0.004429
v -0.022064 -0.003000 -0.004429
v -0.022277 0.001000 -0.004706
v -0.022277 -0.003000 -0.004706
v -0.022464 0.001000 -0.005000
v -0.022464 -0.003000 -0.005000
v -0.022625 0.001000 -0.005310
v -0.022625 -0.003000 -0.005310
v -0.022759 0.001000 -0.005632
v -0.022759 -0.003000 -0.005632
v -0.022864 0.001000 -0.005965
v -0.022864 -0.003000 -0.005965
v -0.022939 0.001000 -0.006305
v -0.022939 -0.003000 -0.006305
v -0.022985 0.001000 -0.006651
v -0.022985 -0.003000 -0.006651
v -0.023000 0.001000 -0.007000
v -0.023000 -0.003000 -0.007000
v -0.023000 0.001000 -0.029000
v -0.023000 -0.003000 -0.029000
v -0.023000 -0.003000 -0.023900
v -0.023000 -0.003000 -0.013400
v -0.019000 -0.003000 -0.006150
v -0.018847 -0.003000 -0.006157
v -0.018696 -0.003000 -0.006177
v -0.018547 -0.003000 -0.006210
v -0.018401 -0.003000 -0.006256
v -0.018260 -0.003000 -0.006314
v -0.018125 -0.003000 -0.006384
v -0.017996 -0.003000 -0.006466
v -0.017875 -0.003000 -0.006559
v -0.017763 -0.003000 -0.006663
v -0.017659 -0.003000 -0.006775
v -0.017566 -0.003000 -0.006896
v -0.017484 -0.003000 -0.007025
v -0.017414 -0.003000 -0.007160
v -0.017356 -0.003000 -0.007301
v -0.017310 -0.003000 -0.007447
v -0.017277 -0.003000 -0.007596
v -0.017257 -0.003000 -0.007747
v -0.017250 -0.003000 -0.007900
v -0.017257 -0.003000 -0.008053
v -0.017277 -0.003000 -0.008204
v -0.017310 -0.003000 -0.008353
v -0.017356 -0.003000 -0.008499
v -0.017414 -0.003000 -0.008640
v -0.017484 -0.003000 -0.008775
v -0.017566 -0.003000 -0.008904
v -0.017659 -0.003000 -0.009025
v -0.017763 -0.003000 -0.009137
v -0.017875 -0.003000 -0.009241
v -0.017996 -0.003000 -0.009334
v -0.018125 -0.003000 -0.009416
v -0.018260 -0.003000 -0.009486
v -0.018401 -0.003000 -0.009544
v -0.018547 -0.003000 -0.009590
v -0.018696 -0.003000 -0.009623
v -0.018847 -0.003000 -0.009643
v -0.019000 -0.003000 -0.009650
v -0.019153 -0.003000 -0.009643
v -0.019304 -0.003000 -0.009623
v -0.019453 -0.003000 -0.009590
v -0.019599 -0.003000 -0.009544
v -0.019740 -0.003000 -0.009486
v -0.019875 -0.003000 -0.009416
v -0.020004 -0.003000 -0.009334
v -0.020125 -0.003000 -0.009241
v -0.020237 -0.003000 -0.009137
v -0.020341 -0.003000 -0.009025
v -0.020434 -0.003000 -0.008904
v -0.020516 -0.003000 -0.008775
v -0.020586 -0.003000 -0.008640
v -0.020644 -0.003000 -0.008499
v -0.020690 -0.003000 -0.008353
v -0.020723 -0.003000 -0.008204
v -0.020743 -0.003000 -0.008053
v -0.020750 -0.003000 -0.007900
v -0.020743 -0.003000 -0.007747
v -0.020723 -0.003000 -0.007596
v -0.020690 -0.003000 -0.007447
v -0.020644 -0.003000 -0.007301
v -0.020586 -0.003000 -0.007160
v -0.020516 -0.003000 -0.007025
v -0.020434 -0.003000 -0.006896
v -0.020341 -0.003000 -0.006775
v -0.020237 -0.003000 -0.006663
v -0.020125 -0.003000 -0.006559
v -0.020004 -0.003000 -0.006466
v -0.019875 -0.003000 -0.006384
v -0.019740 -0.003000 -0.006314
v -0.019599 -0.003000 -0.006256
v -0.019453 -0.003000 -0.006210
v -0.019304 -0.003000 -0.006177
v -0.019153 -0.003000 -0.006157
v -0.022985 0.001000 -0.029349
v -0.022985 -0.003000 -0.029349
v -0.022939 0.001000 -0.029695
v -0.022939 -0.003000 -0.029695
v -0.022864 0.001000 -0.030035
v -0.022864 -0.003000 -0.030035
v -0.022759 0.001000 -0.030368
v -0.022759 -0.003000 -0.030368
v -0.022625 0.001000 -0.030690
v -0.022625 -0.003000 -0.030690
v -0.022464 0.001000 -0.031000
v -0.022464 -0.003000 -0.031000
v -0.022277 0.001000 -0.031294
v -0.022277 -0.003000 -0.031294
v -0.022064 0.001000 -0.031571
v -0.022064 -0.003000 -0.031571
v -0.021828 0.001000 -0.031828
v -0.021828 -0.003000 -0.031828
v -0.021571 0.001000 -0.032064
v -0.021571 -0.003000 -0.032064
v -0.021294 0.001000 -0.032277
v -0.021294 -0.003000 -0.032277
v -0.021000 0.001000 -0.032464
v -0.021000 -0.003000 -0.032464
v -0.020690 0.001000 -0.032625
v -0.020690 -0.003000 -0.032625
v -0.020368 0.001000 -0.032759
v -0.020368 -0.003000 -0.032759
v -0.020035 0.001000 -0.032864
v -0.020035 -0.003000 -0.032864
v -0.019695 0.001000 -0.032939
v -0.019695 -0.003000 -0.032939
v -0.019349 0.001000 -0.032985
v -0.019349 -0.003000 -0.032985
v -0.019000 0.001000 -0.033000
v -0.019000 -0.003000 -0.033000
v 0.019000 -0.003000 -0.006150
v 0.019153 -0.003000 -0.006157
v 0.019304 -0.003000 -0.006177
v 0.019453 -0.003000 -0.006210
v 0.019599 -0.003000 -0.006256
v 0.019740 -0.003000 -0.006314
v 0.019875 -0.003000 -0.006384
v 0.020004 -0.003000 -0.006466
v 0.020125 -0.003000 -0.006559
v 0.020237 -0.003000 -0.006663
v 0.020341 -0.003000 -0.006775
v 0.020434 -0.003000 -0.006896
v 0.020516 -0.003000 -0.007025
v 0.020586 -0.003000 -0.007160
v 0.020644 -0.003000 -0.007301
v 0.020690 -0.003000 -0.007447
v 0.020723 -0.003000 -0.007596
v 0.020743 -0.003000 -0.007747
v 0.020750 -0.003000 -0.007900
v 0.020743 -0.003000 -0.008053
v 0.020723 -0.003000 -0.008204
v 0.020690 -0.003000 -0.008353
v 0.020644 -0.003000 -0.008499
v 0.020586 -0.003000 -0.008640
v 0.020516 -0.003000 -0.008775
v 0.020434 -0.003000 -0.008904
v 0.020341 -0.003000 -0.009025
v 0.020237 -0.003000 -0.009137
v 0.020125 -0.003000 -0.009241
v 0.020004 -0.003000 -0.009334
v 0.019875 -0.003000 -0.009416
v 0.019740 -0.003000 -0.009486
v 0.019599 -0.003000 -0.009544
v 0.019453 -0.003000 -0.009590
v 0.019304 -0.003000 -0.009623
v 0.019153 -0.003000 -0.009643
v 0.019000 -0.003000 -0.009650
v 0.018847 -0.003000 -0.009643
v 0.018696 -0.003000 -0.009623
v 0.018547 -0.003000 -0.009590
v 0.018401 -0.003000 -0.009544
v 0.018260 -0.003000 -0.009486
v 0.018125 -0.003000 -0.009416
v 0.017996 -0.003000 -0.009334
v 0.017875 -0.003000 -0.009241
v 0.017763 -0.003000 -0.009137
v 0.017659 -0.003000 -0.009025
v 0.017566 -0.003000 -0.008904
v 0.017484 -0.003000 -0.008775
v 0.017414 -0.003000 -0.008640
v 0.017356 -0.003000 -0.008499
v 0.017310 -0.003000 -0.008353
v 0.017277 -0.003000 -0.008204
v 0.017257 -0.003000 -0.008053
v 0.017250 -0.003000 -0.007900
v 0.017257 -0.003000 -0.007747
v 0.017277 -0.003000 -0.007596
v 0.017310 -0.003000 -0.007447
v 0.017356 -0.003000 -0.007301
v 0.017414 -0.003000 -0.007160
v 0.017484 -0.003000 -0.007025
v 0.017566 -0.003000 -0.006896
v 0.017659 -0.003000 -0.006775
v 0.017763 -0.003000 -0.006663
v 0.017875 -0.003000 -0.006559
v 0.017996 -0.003000 -0.006466
v 0.018125 -0.003000 -0.006384
v 0.018260 -0.003000 -0.006314
v 0.018401 -0.003000 -0.006256
v 0.018547 -0.003000 -0.006210
v 0.018696 -0.003000 -0.006177
v 0.018847 -0.003000 -0.006157
v 0.019000 -0.003000 -0.033000
v 0.015125 -0.003000 -0.033000
v 0.019000 0.001000 -0.033000
v 0.000000 -0.003000 -0.033000
v -0.015125 -0.003000 -0.033000
v 0.011250 -0.003000 -0.027150
v 0.011403 -0.003000 -0.027157
v 0.011554 -0.003000 -0.027177
v 0.011703 -0.003000 -0.027210
v 0.011849 -0.003000 -0.027256
v 0.011990 -0.003000 -0.027314
v 0.012125 -0.003000 -0.027384
v 0.012254 -0.003000 -0.027466
v 0.012375 -0.003000 -0.027559
v 0.012487 -0.003000 -0.027663
v 0.012591 -0.003000 -0.027775
v 0.012684 -0.003000 -0.027896
v 0.012766 -0.003000 -0.028025
v 0.012836 -0.003000 -0.028160
v 0.012894 -0.003000 -0.028301
v 0.012940 -0.003000 -0.028447
v 0.012973 -0.003000 -0.028596
v 0.012993 -0.003000 -0.028747
v 0.013000 -0.003000 -0.028900
v 0.012993 -0.003000 -0.029053
v 0.012973 -0.003000 -0.029204
v 0.012940 -0.003000 -0.029353
v 0.012894 -0.003000 -0.029499
v 0.012836 -0.003000 -0.029640
v 0.012766 -0.003000 -0.029775
v 0.012684 -0.003000 -0.029904
v 0.012591 -0.003000 -0.030025
v 0.012487 -0.003000 -0.030137
v 0.012375 -0.003000 -0.030241
v 0.012254 -0.003000 -0.030334
v 0.012125 -0.003000 -0.030416
v 0.011990 -0.003000 -0.030486
v 0.011849 -0.003000 -0.030544
v 0.011703 -0.003000 -0.030590
v 0.011554 -0.003000 -0.030623
v 0.011403 -0.003000 -0.030643
v 0.011250 -0.003000 -0.030650
v 0.011097 -0.003000 -0.030643
v 0.010946 -0.003000 -0.030623
v 0.010797 -0.003000 -0.030590
v 0.010651 -0.003000 -0.030544
v 0.010510 -0.003000 -0.030486
v 0.010375 -0.003000 -0.030416
v 0.010246 -0.003000 -0.030334
v 0.010125 -0.003000 -0.030241
v 0.010013 -0.003000 -0.030137
v 0.009909 -0.003000 -0.030025
v 0.009816 -0.003000 -0.029904
v 0.009734 -0.003000 -0.029775
v 0.009664 -0.003000 -0.029640
v 0.009606 -0.003000 -0.029499
v 0.009560 -0.003000 -0.029353
v 0.009527 -0.003000 -0.029204
v 0.009507 -0.003000 -0.029053
v 0.009500 -0.003000 -0.028900
v 0.009507 -0.003000 -0.028747
v 0.009527 -0.003000 -0.028596
v 0.009560 -0.003000 -0.028447
v 0.009606 -0.003000 -0.028301
v 0.009664 -0.003000 -0.028160
v 0.009734 -0.003000 -0.028025
v 0.009816 -0.003000 -0.027896
v 0.009909 -0.003000 -0.027775
v 0.010013 -0.003000 -0.027663
v 0.010125 -0.003000 -0.027559
v 0.010246 -0.003000 -0.027466
v 0.010375 -0.003000 -0.027384
v 0.010510 -0.003000 -0.027314
v 0.010651 -0.003000 -0.027256
v 0.010797 -0.003000 -0.027210
v 0.010946 -0.003000 -0.027177
v 0.011097 -0.003000 -0.027157
v 0.019349 0.001000 -0.032985
v 0.019349 -0.003000 -0.032985
v 0.019695 0.001000 -0.032939
v 0.019695 -0.003000 -0.032939
v 0.020035 0.001000 -0.032864
v 0.020035 -0.003000 -0.032864
v 0.020368 0.001000 -0.032759
v 0.020368 -0.003000 -0.032759
v 0.020690 0.001000 -0.032625
v 0.020690 -0.003000 -0.032625
v 0.021000 0.001000 -0.032464
v 0.021000 -0.003000 -0.032464
v 0.021294 0.001000 -0.032277
v 0.021294 -0.003000 -0.032277
v 0.021571 0.001000 -0.032064
v 0.021571 -0.003000 -0.032064
v 0.021828 0.001000 -0.031828
v 0.021828 -0.003000 -0.031828
v 0.022064 0.001000 -0.031571
v 0.022064 -0.003000 -0.031571
v 0.022277 0.001000 -0.031294
v 0.022277 -0.003000 -0.031294
v 0.022464 0.001000 -0.031000
v 0.022464 -0.003000 -0.031000
v 0.022625 0.001000 -0.030690
v 0.022625 -0.003000 -0.030690
v 0.022759 0.001000 -0.030368
v 0.022759 -0.003000 -0.030368
v 0.022864 0.001000 -0.030035
v 0.022864 -0.003000 -0.030035
v 0.022939 0.001000 -0.029695
v 0.022939 -0.003000 -0.029695
v 0.022985 0.001000 -0.029349
v 0.022985 -0.003000 -0.029349
v 0.023000 0.001000 -0.029000
v 0.023000 -0.003000 -0.029000
v 0.023000 0.001000 -0.007000
v 0.023000 -0.003000 -0.007000
v 0.023000 -0.003000 -0.013400
v 0.023000 -0.003000 -0.023900
v 0.019000 -0.003000 -0.017150
v 0.019153 -0.003000 -0.017157
v 0.019304 -0.003000 -0.017177
v 0.019453 -0.003000 -0.017210
v 0.019599 -0.003000 -0.017256
v 0.019740 -0.003000 -0.017314
v 0.019875 -0.003000 -0.017384
v 0.020004 -0.003000 -0.017466
v 0.020125 -0.003000 -0.017559
v 0.020237 -0.003000 -0.017663
v 0.020341 -0.003000 -0.017775
v 0.020434 -0.003000 -0.017896
v 0.020516 -0.003000 -0.018025
v 0.020586 -0.003000 -0.018160
v 0.020644 -0.003000 -0.018301
v 0.020690 -0.003000 -0.018447
v 0.020723 -0.003000 -0.018596
v 0.020743 -0.003000 -0.018747
v 0.020750 -0.003000 -0.018900
v 0.020743 -0.003000 -0.019053
v 0.020723 -0.003000 -0.019204
v 0.020690 -0.003000 -0.019353
v 0.020644 -0.003000 -0.019499
v 0.020586 -0.003000 -0.019640
v 0.020516 -0.003000 -0.019775
v 0.020434 -0.003000 -0.019904
v 0.020341 -0.003000 -0.020025
v 0.020237 -0.003000 -0.020137
v 0.020125 -0.003000 -0.020241
v 0.020004 -0.003000 -0.020334
v 0.019875 -0.003000 -0.020416
v 0.019740 -0.003000 -0.020486
v 0.019599 -0.003000 -0.020544
v 0.019453 -0.003000 -0.020590
v 0.019304 -0.003000 -0.020623
v 0.019153 -0.003000 -0.020643
v 0.019000 -0.003000 -0.020650
v 0.018847 -0.003000 -0.020643
v 0.018696 -0.003000 -0.020623
v 0.018547 -0.003000 -0.020590
v 0.018401 -0.003000 -0.020544
v 0.018260 -0.003000 -0.020486
v 0.018125 -0.003000 -0.020416
v 0.017996 -0.003000 -0.020334
v 0.017875 -0.003000 -0.020241
v 0.017763 -0.003000 -0.020137
v 0.017659 -0.003000 -0.020025
v 0.017566 -0.003000 -0.019904
v 0.017484 -0.003000 -0.019775
v 0.017414 -0.003000 -0.019640
v 0.017356 -0.003000 -0.019499
v 0.017310 -0.003000 -0.019353
v 0.017277 -0.003000 -0.019204
v 0.017257 -0.003000 -0.019053
v 0.017250 -0.003000 -0.018900
v 0.017257 -0.003000 -0.018747
v 0.017277 -0.003000 -0.018596
v 0.017310 -0.003000 -0.018447
v 0.017356 -0.003000 -0.018301
v 0.017414 -0.003000 -0.018160
v 0.017484 -0.003000 -0.018025
v 0.017566 -0.003000 -0.017896
v 0.017659 -0.003000 -0.017775
v 0.017763 -0.003000 -0.017663
v 0.017875 -0.003000 -0.017559
v 0.017996 -0.003000 -0.017466
v 0.018125 -0.003000 -0.017384
v 0.018260 -0.003000 -0.017314
v 0.018401 -0.003000 -0.017256
v 0.018547 -0.003000 -0.017210
v 0.018696 -0.003000 -0.017177
v 0.018847 -0.003000 -0.017157
v 0.022985 0.001000 -0.006651
v 0.022985 -0.003000 -0.006651
v 0.022939 0.001000 -0.006305
v 0.022939 -0.003000 -0.006305
v 0.022864 0.001000 -0.005965
v 0.022864 -0.003000 -0.005965
v 0.022759 0.001000 -0.005632
v 0.022759 -0.003000 -0.005632
v 0.022625 0.001000 -0.005310
v 0.022625 -0.003000 -0.005310
v 0.022464 0.001000 -0.005000
v 0.022464 -0.003000 -0.005000
v 0.022277 0.001000 -0.004706
v 0.022277 -0.003000 -0.004706
v 0.022064 0.001000 -0.004429
v 0.022064 -0.003000 -0.004429
v 0.021828 0.001000 -0.004172
v 0.021828 -0.003000 -0.004172
v 0.021571 0.001000 -0.003936
v 0.021571 -0.003000 -0.003936
v 0.021294 0.001000 -0.003723
v 0.021294 -0.003000 -0.003723
v 0.021000 0.001000 -0.003536
v 0.021000 -0.003000 -0.003536
v 0.020690 0.001000 -0.003375
v 0.020690 -0.003000 -0.003375
v 0.020368 0.001000 -0.003241
v 0.020368 -0.003000 -0.003241
v 0.020035 0.001000 -0.003136
v 0.020035 -0.003000 -0.003136
v 0.019695 0.001000 -0.003061
v 0.019695 -0.003000 -0.003061
v 0.019349 0.001000 -0.003015
v 0.019349 -0.003000 -0.003015
v 0.019000 -0.003000 -0.003000
v 0.015125 -0.003000 -0.003000
v 0.015000 0.000000 -0.003000
v 0.015000 -0.003000 -0.003000
v 0.003656 -0.003950 0.002197
v 0.002744 -0.003950 0.001931
v 0.007541 -0.003950 -0.022210
v -0.005526 -0.003950 0.003103
v -0.006328 -0.003950 0.003613
v -0.007541 -0.003950 -0.022210
v -0.007085 -0.003950 0.004188
v -0.007541 -0.003950 0.004588
v 0.006214 -0.003950 0.003444
v 0.006986 -0.003950 0.003998
v 0.007541 -0.003950 0.004464
v 0.005398 -0.003950 0.002956
v 0.004543 -0.003950 0.002539
v 0.001812 -0.003950 0.001743
v 0.000867 -0.003950 0.001635
v -0.000083 -0.003950 0.001608
v -0.001032 -0.003950 0.001661
v -0.001974 -0.003950 0.001794
v -0.002900 -0.003950 0.002007
v -0.003805 -0.003950 0.002298
v -0.004683 -0.003950 0.002664
v 0.007541 -0.005050 0.004464
v 0.007541 -0.005050 -0.022210
v 0.012400 -0.037050 0.019709
v 0.012392 -0.037050 0.019883
v 0.012370 -0.037050 0.020056
v 0.012332 -0.037050 0.020226
v 0.012279 -0.037050 0.020393
v 0.012213 -0.037050 0.020554
v 0.012132 -0.037050 0.020709
v 0.012038 -0.037050 0.020856
v 0.011932 -0.037050 0.020994
v 0.011814 -0.037050 0.021123
v -0.011814 -0.037050 0.021123
v -0.010433 -0.037050 0.022504
v 0.013500 0.000000 0.024200
v 0.013500 0.000000 0.007630
v 0.010250 -0.005050 -0.014759
v 0.010350 -0.005050 -0.014763
v 0.010450 -0.005050 -0.014776
v 0.010548 -0.005050 -0.014798
v 0.010643 -0.005050 -0.014828
v 0.010736 -0.005050 -0.014866
v 0.010825 -0.005050 -0.014913
v 0.010910 -0.005050 -0.014966
v 0.010989 -0.005050 -0.015028
v 0.011063 -0.005050 -0.015095
v 0.011131 -0.005050 -0.015169
v 0.011192 -0.005050 -0.015249
v 0.011246 -0.005050 -0.015334
v 0.011292 -0.005050 -0.015423
v 0.011331 -0.005050 -0.015515
v 0.011361 -0.005050 -0.015611
v 0.011383 -0.005050 -0.015709
v 0.011396 -0.005050 -0.015808
v 0.011400 -0.005050 -0.015909
v 0.011396 -0.005050 -0.016009
v 0.011383 -0.005050 -0.016108
v 0.011361 -0.005050 -0.016206
v 0.011331 -0.005050 -0.016302
v 0.011292 -0.005050 -0.016395
v 0.011246 -0.005050 -0.016484
v 0.011192 -0.005050 -0.016568
v 0.011131 -0.005050 -0.016648
v 0.011063 -0.005050 -0.016722
v 0.010989 -0.005050 -0.016789
v 0.010910 -0.005050 -0.016851
v 0.010825 -0.005050 -0.016904
v 0.010736 -0.005050 -0.016951
v 0.010643 -0.005050 -0.016989
v 0.010548 -0.005050 -0.017019
v 0.010450 -0.005050 -0.017041
v 0.010350 -0.005050 -0.017054
v 0.010250 -0.005050 -0.017059
v 0.010150 -0.005050 -0.017054
v 0.010050 -0.005050 -0.017041
v 0.009952 -0.005050 -0.017019
v 0.009857 -0.005050 -0.016989
v 0.009764 -0.005050 -0.016951
v 0.009675 -0.005050 -0.016904
v 0.009590 -0.005050 -0.016851
v 0.009511 -0.005050 -0.016789
v 0.009437 -0.005050 -0.016722
v 0.009369 -0.005050 -0.016648
v 0.009308 -0.005050 -0.016568
v 0.009254 -0.005050 -0.016484
v 0.009208 -0.005050 -0.016395
v 0.009169 -0.005050 -0.016302
v 0.009139 -0.005050 -0.016206
v 0.009117 -0.005050 -0.016108
v 0.009104 -0.005050 -0.016009
v 0.009100 -0.005050 -0.015909
v 0.009104 -0.005050 -0.015808
v 0.009117 -0.005050 -0.015709
v 0.009139 -0.005050 -0.015611
v 0.009169 -0.005050 -0.015515
v 0.009208 -0.005050 -0.015423
v 0.009254 -0.005050 -0.015334
v 0.009308 -0.005050 -0.015249
v 0.009369 -0.005050 -0.015169
v 0.009437 -0.005050 -0.015095
v 0.009511 -0.005050 -0.015028
v 0.009590 -0.005050 -0.014966
v 0.009675 -0.005050 -0.014913
v 0.009764 -0.005050 -0.014866
v 0.009857 -0.005050 -0.014828
v 0.009952 -0.005050 -0.014798
v 0.010050 -0.005050 -0.014776
v 0.010150 -0.005050 -0.014763
v -0.010250 -0.005050 -0.014759
v -0.010150 -0.005050 -0.014763
v -0.010050 -0.005050 -0.014776
v -0.009952 -0.005050 -0.014798
v -0.009857 -0.005050 -0.014828
v -0.009764 -0.005050 -0.014866
v -0.009675 -0.005050 -0.014913
v -0.009590 -0.005050 -0.014966
v -0.009511 -0.005050 -0.015028
v -0.009437 -0.005050 -0.015095
v -0.009369 -0.005050 -0.015169
v -0.009308 -0.005050 -0.015249
v -0.009254 -0.005050 -0.015334
v -0.009208 -0.005050 -0.015423
v -0.009169 -0.005050 -0.015515
v -0.009139 -0.005050 -0.015611
v -0.009117 -0.005050 -0.015709
v -0.009104 -0.005050 -0.015808
v -0.009100 -0.005050 -0.015909
v -0.009104 -0.005050 -0.016009
v -0.009117 -0.005050 -0.016108
v -0.009139 -0.005050 -0.016206
v -0.009169 -0.005050 -0.016302
v -0.009208 -0.005050 -0.016395
v -0.009254 -0.005050 -0.016484
v -0.009308 -0.005050 -0.016568
v -0.009369 -0.005050 -0.016648
v -0.009437 -0.005050 -0.016722
v -0.009511 -0.005050 -0.016789
v -0.009590 -0.005050 -0.016851
v -0.009675 -0.005050 -0.016904
v -0.009764 -0.005050 -0.016951
v -0.009857 -0.005050 -0.016989
v -0.009952 -0.005050 -0.017019
v -0.010050 -0.005050 -0.017041
v -0.010150 -0.005050 -0.017054
v -0.010250 -0.005050 -0.017059
v -0.010350 -0.005050 -0.017054
v -0.010450 -0.005050 -0.017041
v -0.010548 -0.005050 -0.017019
v -0.010643 -0.005050 -0.016989
v -0.010736 -0.005050 -0.016951
v -0.010825 -0.005050 -0.016904
v -0.010910 -0.005050 -0.016851
v -0.010989 -0.005050 -0.016789
v -0.011063 -0.005050 -0.016722
v -0.011131 -0.005050 -0.016648
v -0.011192 -0.005050 -0.016568
v -0.011246 -0.005050 -0.016484
v -0.011292 -0.005050 -0.016395
v -0.011331 -0.005050 -0.016302
v -0.011361 -0.005050 -0.016206
v -0.011383 -0.005050 -0.016108
v -0.011396 -0.005050 -0.016009
v -0.011400 -0.005050 -0.015909
v -0.011396 -0.005050 -0.015808
v -0.011383 -0.005050 -0.015709
v -0.011361 -0.005050 -0.015611
v -0.011331 -0.005050 -0.015515
v -0.011292 -0.005050 -0.015423
v -0.011246 -0.005050 -0.015334
v -0.011192 -0.005050 -0.015249
v -0.011131 -0.005050 -0.015169
v -0.011063 -0.005050 -0.015095
v -0.010989 -0.005050 -0.015028
v -0.010910 -0.005050 -0.014966
v -0.010825 -0.005050 -0.014913
v -0.010736 -0.005050 -0.014866
v -0.010643 -0.005050 -0.014828
v -0.010548 -0.005050 -0.014798
v -0.010450 -0.005050 -0.014776
v -0.010350 -0.005050 -0.014763
v -0.009019 -0.037050 0.023090
v -0.009193 -0.037050 0.023082
v -0.009366 -0.037050 0.023060
v -0.009536 -0.037050 0.023022
v -0.009703 -0.037050 0.022969
v -0.009864 -0.037050 0.022903
v -0.010019 -0.037050 0.022822
v -0.010166 -0.037050 0.022728
v -0.010304 -0.037050 0.022622
v 0.015125 -0.003000 -0.013400
v 0.021875 -0.003000 -0.013400
v 0.015125 -0.003000 -0.031825
v 0.015125 -0.003000 -0.023900
v -0.015125 -0.003000 -0.031825
v -0.015125 -0.003000 -0.013400
v -0.014879 -0.003000 -0.023684
v -0.014932 -0.003000 -0.023518
v -0.015125 -0.003000 -0.023900
v -0.014970 -0.003000 -0.023347
v -0.014992 -0.003000 -0.023174
v -0.015000 -0.003000 -0.023000
v -0.015000 -0.003000 -0.013400
v 0.000000 -0.003000 -0.031825
v -0.014000 -0.003000 -0.024732
v -0.014147 -0.003000 -0.024638
v -0.013000 -0.003000 -0.025000
v -0.013174 -0.003000 -0.024992
v -0.013347 -0.003000 -0.024970
v -0.013518 -0.003000 -0.024932
v -0.013684 -0.003000 -0.024879
v -0.013845 -0.003000 -0.024813
v -0.014638 -0.003000 -0.024147
v -0.014732 -0.003000 -0.024000
v -0.014813 -0.003000 -0.023845
v 0.000000 -0.003000 -0.025000
v -0.014286 -0.003000 -0.024532
v -0.014414 -0.003000 -0.024414
v -0.014532 -0.003000 -0.024286
v 0.013000 -0.003000 -0.025000
v 0.014414 -0.003000 -0.024414
v 0.014286 -0.003000 -0.024532
v 0.014147 -0.003000 -0.024638
v 0.014000 -0.003000 -0.024732
v 0.013845 -0.003000 -0.024813
v 0.013684 -0.003000 -0.024879
v 0.013518 -0.003000 -0.024932
v 0.013347 -0.003000 -0.024970
v 0.013174 -0.003000 -0.024992
v 0.014813 -0.003000 -0.023845
v 0.014732 -0.003000 -0.024000
v 0.014638 -0.003000 -0.024147
v 0.014532 -0.003000 -0.024286
v 0.014992 -0.003000 -0.023174
v 0.014970 -0.003000 -0.023347
v 0.014932 -0.003000 -0.023518
v 0.014879 -0.003000 -0.023684
v 0.015000 -0.003000 -0.023000
v 0.015000 -0.003000 -0.013400
v 0.021875 -0.003000 -0.023900
v 0.013000 -0.037050 -0.025000
v 0.013174 -0.037050 -0.024992
v 0.013347 -0.037050 -0.024970
v 0.013518 -0.037050 -0.024932
v 0.013684 -0.037050 -0.024879
v 0.013845 -0.037050 -0.024813
v 0.014000 -0.037050 -0.024732
v 0.014147 -0.037050 -0.024638
v 0.014286 -0.037050 -0.024532
v 0.014414 -0.037050 -0.024414
v 0.014532 -0.037050 -0.024286
v 0.014638 -0.037050 -0.024147
v 0.014732 -0.037050 -0.024000
v 0.014813 -0.037050 -0.023845
v 0.014879 -0.037050 -0.023684
v 0.014932 -0.037050 -0.023518
v 0.014970 -0.037050 -0.023347
v 0.014992 -0.037050 -0.023174
v 0.015000 -0.037050 -0.023000
v 0.012400 -0.005050 0.007630
v 0.012400 -0.005050 -0.020210
v 0.012400 -0.037050 -0.020210
v -0.013000 -0.037050 -0.025000
v 0.010000 0.000000 0.007630
v 0.010000 -0.005050 0.007630
v -0.015000 -0.037050 -0.023000
v -0.014992 -0.037050 -0.023174
v -0.014970 -0.037050 -0.023347
v -0.014932 -0.037050 -0.023518
v -0.014879 -0.037050 -0.023684
v -0.014813 -0.037050 -0.023845
v -0.014732 -0.037050 -0.024000
v -0.014638 -0.037050 -0.024147
v -0.014532 -0.037050 -0.024286
v -0.014414 -0.037050 -0.024414
v -0.014286 -0.037050 -0.024532
v -0.014147 -0.037050 -0.024638
v -0.014000 -0.037050 -0.024732
v -0.013845 -0.037050 -0.024813
v -0.013684 -0.037050 -0.024879
v -0.013518 -0.037050 -0.024932
v -0.013347 -0.037050 -0.024970
v -0.013174 -0.037050 -0.024992
v -0.011932 -0.037050 0.020994
v -0.012038 -0.037050 0.020856
v -0.012132 -0.037050 0.020709
v -0.012213 -0.037050 0.020554
v -0.012279 -0.037050 0.020393
v -0.012332 -0.037050 0.020226
v -0.012370 -0.037050 0.020056
v -0.012392 -0.037050 0.019883
v -0.012400 -0.037050 0.019709
v -0.015000 0.000000 0.023000
v -0.015000 -0.037050 0.023000
v -0.012400 -0.005050 0.007900
v -0.013500 0.000000 0.007900
v -0.010000 0.000000 0.007900
v -0.010000 -0.005050 0.007900
v 0.009019 -0.037050 0.023090
v 0.015000 0.000000 0.023000
v 0.015000 -0.037050 0.023000
v -0.012400 -0.037050 -0.020210
v -0.012400 -0.005050 -0.020210
v 0.010433 -0.037050 0.022504
v -0.013500 0.000000 0.024200
v 0.010304 -0.037050 0.022622
v 0.010166 -0.037050 0.022728
v 0.010019 -0.037050 0.022822
v 0.009864 -0.037050 0.022903
v 0.009703 -0.037050 0.022969
v 0.009536 -0.037050 0.023022
v 0.009366 -0.037050 0.023060
v 0.009193 -0.037050 0.023082
v 0.010747 -0.005050 -0.022180
v 0.010574 -0.005050 -0.022202
v 0.010400 -0.005050 -0.022210
v 0.011361 -0.005050 0.004494
v 0.011331 -0.005050 0.004398
v 0.011814 -0.005050 -0.021624
v 0.011686 -0.005050 -0.021742
v 0.011547 -0.005050 -0.021848
v 0.011400 -0.005050 -0.021942
v 0.010918 -0.005050 -0.022142
v 0.011084 -0.005050 -0.022089
v 0.011245 -0.005050 -0.022023
v 0.011192 -0.005050 0.005451
v 0.011246 -0.005050 0.005366
v 0.011292 -0.005050 0.005277
v 0.011331 -0.005050 0.005185
v 0.009139 -0.005050 0.005089
v 0.009169 -0.005050 0.005185
v 0.008375 -0.005050 0.005294
v 0.012392 -0.005050 -0.020384
v 0.011361 -0.005050 0.005089
v 0.011383 -0.005050 0.004991
v 0.011396 -0.005050 0.004892
v 0.011192 -0.005050 0.004132
v 0.011131 -0.005050 0.004052
v 0.011063 -0.005050 0.003978
v 0.009369 -0.005050 0.004052
v 0.009208 -0.005050 0.004305
v 0.009169 -0.005050 0.004398
v 0.009369 -0.005050 0.005531
v 0.009437 -0.005050 0.005605
v 0.008982 -0.005050 0.006026
v 0.011292 -0.005050 0.004305
v 0.011246 -0.005050 0.004216
v 0.012213 -0.005050 -0.021055
v 0.012279 -0.005050 -0.020894
v 0.012332 -0.005050 -0.020728
v 0.012370 -0.005050 -0.020557
v 0.011932 -0.005050 -0.021496
v 0.012038 -0.005050 -0.021357
v 0.012132 -0.005050 -0.021210
v 0.009308 -0.005050 0.004132
v 0.009254 -0.005050 0.004216
v 0.009139 -0.005050 0.004494
v 0.009117 -0.005050 0.004592
v 0.007708 -0.005050 0.004617
v 0.009104 -0.005050 0.004691
v 0.009208 -0.005050 0.005277
v 0.009254 -0.005050 0.005366
v 0.009308 -0.005050 0.005451
v 0.010450 -0.005050 0.005924
v 0.011383 -0.005050 0.004592
v 0.010910 -0.005050 0.003849
v 0.010825 -0.005050 0.003796
v 0.010736 -0.005050 0.003749
v 0.010643 -0.005050 0.003711
v 0.010548 -0.005050 0.003681
v 0.010450 -0.005050 0.003659
v 0.009100 -0.005050 0.004791
v 0.009104 -0.005050 0.004892
v 0.009117 -0.005050 0.004991
v 0.010150 -0.005050 0.005937
v 0.010250 -0.005050 0.005941
v 0.010350 -0.005050 0.005937
v 0.010548 -0.005050 0.005902
v 0.010643 -0.005050 0.005872
v 0.010736 -0.005050 0.005834
v 0.011400 -0.005050 0.004791
v 0.011396 -0.005050 0.004691
v 0.010989 -0.005050 0.003911
v 0.009952 -0.005050 0.003681
v 0.009857 -0.005050 0.003711
v 0.009511 -0.005050 0.005672
v 0.009590 -0.005050 0.005734
v 0.009525 -0.005050 0.006806
v 0.009675 -0.005050 0.005787
v 0.009764 -0.005050 0.005834
v 0.010825 -0.005050 0.005787
v 0.010910 -0.005050 0.005734
v 0.010989 -0.005050 0.005672
v 0.011063 -0.005050 0.005605
v 0.011131 -0.005050 0.005531
v 0.010050 -0.005050 0.003659
v 0.010150 -0.005050 0.003646
v 0.009764 -0.005050 0.003749
v 0.009675 -0.005050 0.003796
v 0.009590 -0.005050 0.003849
v 0.009857 -0.005050 0.005872
v 0.009952 -0.005050 0.005902
v 0.010050 -0.005050 0.005924
v 0.010250 -0.005050 0.003641
v 0.010350 -0.005050 0.003646
v 0.009511 -0.005050 0.003911
v 0.009437 -0.005050 0.003978
v 0.011245 -0.037050 -0.022023
v 0.011084 -0.037050 -0.022089
v 0.010918 -0.037050 -0.022142
v -0.010918 -0.037050 -0.022142
v -0.010747 -0.037050 -0.022180
v -0.010574 -0.037050 -0.022202
v 0.010400 -0.037050 -0.022210
v -0.010400 -0.037050 -0.022210
v 0.010747 -0.037050 -0.022180
v 0.010574 -0.037050 -0.022202
v 0.012392 -0.037050 -0.020384
v 0.012370 -0.037050 -0.020557
v 0.012332 -0.037050 -0.020728
v 0.012279 -0.037050 -0.020894
v 0.011814 -0.037050 -0.021624
v 0.011686 -0.037050 -0.021742
v 0.011547 -0.037050 -0.021848
v 0.011400 -0.037050 -0.021942
v -0.011686 -0.037050 -0.021742
v 0.012213 -0.037050 -0.021055
v 0.012132 -0.037050 -0.021210
v 0.012038 -0.037050 -0.021357
v 0.011932 -0.037050 -0.021496
v -0.011814 -0.037050 -0.021624
v -0.012213 -0.037050 -0.021055
v -0.012279 -0.037050 -0.020894
v -0.012332 -0.037050 -0.020728
v -0.012370 -0.037050 -0.020557
v -0.014992 -0.037050 0.023174
v -0.014970 -0.037050 0.023347
v -0.014932 -0.037050 0.023518
v -0.011084 -0.037050 -0.022089
v -0.011245 -0.037050 -0.022023
v -0.011400 -0.037050 -0.021942
v -0.011547 -0.037050 -0.021848
v -0.012132 -0.037050 -0.021210
v -0.012038 -0.037050 -0.021357
v -0.011932 -0.037050 -0.021496
v -0.012392 -0.037050 -0.020384
v 0.014992 -0.037050 0.023174
v 0.014970 -0.037050 0.023347
v -0.014879 -0.037050 0.023684
v -0.014813 -0.037050 0.023845
v -0.013000 -0.037050 0.025000
v -0.014532 -0.037050 0.024286
v -0.014638 -0.037050 0.024147
v -0.014732 -0.037050 0.024000
v 0.013000 -0.037050 0.025000
v -0.013174 -0.037050 0.024992
v -0.014147 -0.037050 0.024638
v -0.014286 -0.037050 0.024532
v -0.014414 -0.037050 0.024414
v -0.013347 -0.037050 0.024970
v -0.013518 -0.037050 0.024932
v -0.013684 -0.037050 0.024879
v 0.013684 -0.037050 0.024879
v 0.013518 -0.037050 0.024932
v 0.014932 -0.037050 0.023518
v 0.014879 -0.037050 0.023684
v -0.013845 -0.037050 0.024813
v -0.014000 -0.037050 0.024732
v 0.014286 -0.037050 0.024532
v 0.014147 -0.037050 0.024638
v 0.013174 -0.037050 0.024992
v 0.013347 -0.037050 0.024970
v 0.014000 -0.037050 0.024732
v 0.013845 -0.037050 0.024813
v 0.014813 -0.037050 0.023845
v 0.014732 -0.037050 0.024000
v 0.014638 -0.037050 0.024147
v 0.014532 -0.037050 0.024286
v 0.014414 -0.037050 0.024414
v -0.013000 0.000000 0.025000
v -0.013174 0.000000 0.024992
v -0.013347 0.000000 0.024970
v -0.013518 0.000000 0.024932
v -0.013684 0.000000 0.024879
v -0.013845 0.000000 0.024813
v -0.014000 0.000000 0.024732
v -0.014147 0.000000 0.024638
v -0.014286 0.000000 0.024532
v -0.014414 0.000000 0.024414
v -0.014532 0.000000 0.024286
v -0.014638 0.000000 0.024147
v -0.014732 0.000000 0.024000
v -0.014813 0.000000 0.023845
v -0.014879 0.000000 0.023684
v -0.014932 0.000000 0.023518
v -0.014970 0.000000 0.023347
v -0.014992 0.000000 0.023174
v 0.010250 0.000000 0.005941
v 0.010350 0.000000 0.005937
v 0.010450 0.000000 0.005924
v 0.010548 0.000000 0.005902
v 0.010643 0.000000 0.005872
v 0.010736 0.000000 0.005834
v 0.010825 0.000000 0.005787
v 0.010910 0.000000 0.005734
v 0.010989 0.000000 0.005672
v 0.011063 0.000000 0.005605
v 0.011131 0.000000 0.005531
v 0.011192 0.000000 0.005451
v 0.011246 0.000000 0.005366
v 0.011292 0.000000 0.005277
v 0.011331 0.000000 0.005185
v 0.011361 0.000000 0.005089
v 0.011383 0.000000 0.004991
v 0.011396 0.000000 0.004892
v 0.011400 0.000000 0.004791
v 0.011396 0.000000 0.004691
v 0.011383 0.000000 0.004592
v 0.011361 0.000000 0.004494
v 0.011331 0.000000 0.004398
v 0.011292 0.000000 0.004305
v 0.011246 0.000000 0.004216
v 0.011192 0.000000 0.004132
v 0.011131 0.000000 0.004052
v 0.011063 0.000000 0.003978
v 0.010989 0.000000 0.003911
v 0.010910 0.000000 0.003849
v 0.010825 0.000000 0.003796
v 0.010736 0.000000 0.003749
v 0.010643 0.000000 0.003711
v 0.010548 0.000000 0.003681
v 0.010450 0.000000 0.003659
v 0.010350 0.000000 0.003646
v 0.010250 0.000000 0.003641
v 0.010150 0.000000 0.003646
v 0.010050 0.000000 0.003659
v 0.009952 0.000000 0.003681
v 0.009857 0.000000 0.003711
v 0.009764 0.000000 0.003749
v 0.009675 0.000000 0.003796
v 0.009590 0.000000 0.003849
v 0.009511 0.000000 0.003911
v 0.009437 0.000000 0.003978
v 0.009369 0.000000 0.004052
v 0.009308 0.000000 0.004132
v 0.009254 0.000000 0.004216
v 0.009208 0.000000 0.004305
v 0.009169 0.000000 0.004398
v 0.009139 0.000000 0.004494
v 0.009117 0.000000 0.004592
v 0.009104 0.000000 0.004691
v 0.009100 0.000000 0.004791
v 0.009104 0.000000 0.004892
v 0.009117 0.000000 0.004991
v 0.009139 0.000000 0.005089
v 0.009169 0.000000 0.005185
v 0.009208 0.000000 0.005277
v 0.009254 0.000000 0.005366
v 0.009308 0.000000 0.005451
v 0.009369 0.000000 0.005531
v 0.009437 0.000000 0.005605
v 0.009511 0.000000 0.005672
v 0.009590 0.000000 0.005734
v 0.009675 0.000000 0.005787
v 0.009764 0.000000 0.005834
v 0.009857 0.000000 0.005872
v 0.009952 0.000000 0.005902
v 0.010050 0.000000 0.005924
v 0.010150 0.000000 0.005937
v 0.014992 0.000000 0.023174
v 0.014970 0.000000 0.023347
v 0.014932 0.000000 0.023518
v 0.014879 0.000000 0.023684
v 0.014813 0.000000 0.023845
v 0.014732 0.000000 0.024000
v 0.014638 0.000000 0.024147
v 0.014532 0.000000 0.024286
v 0.014414 0.000000 0.024414
v 0.014286 0.000000 0.024532
v 0.014147 0.000000 0.024638
v 0.014000 0.000000 0.024732
v 0.013845 0.000000 0.024813
v 0.013684 0.000000 0.024879
v 0.013518 0.000000 0.024932
v 0.013347 0.000000 0.024970
v 0.013174 0.000000 0.024992
v 0.013000 0.000000 0.025000
v -0.011400 -0.005050 -0.021942
v -0.011245 -0.005050 -0.022023
v -0.010918 -0.005050 -0.022142
v -0.010747 -0.005050 -0.022180
v -0.010574 -0.005050 -0.022202
v -0.010400 -0.005050 -0.022210
v -0.011084 -0.005050 -0.022089
v -0.007541 -0.005050 -0.022210
v -0.011932 -0.005050 -0.021496
v -0.011814 -0.005050 -0.021624
v -0.011686 -0.005050 -0.021742
v -0.011547 -0.005050 -0.021848
v -0.007541 -0.005050 0.004588
v -0.011131 -0.005050 0.004052
v -0.011192 -0.005050 0.004132
v -0.012279 -0.005050 -0.020894
v -0.012213 -0.005050 -0.021055
v -0.012132 -0.005050 -0.021210
v -0.012038 -0.005050 -0.021357
v -0.011400 -0.005050 0.004791
v -0.011396 -0.005050 0.004892
v -0.009254 -0.005050 0.005366
v -0.009208 -0.005050 0.005277
v -0.008439 -0.005050 0.005521
v -0.012392 -0.005050 -0.020384
v -0.012370 -0.005050 -0.020557
v -0.012332 -0.005050 -0.020728
v -0.010910 -0.005050 0.003849
v -0.010825 -0.005050 0.003796
v -0.010736 -0.005050 0.003749
v -0.011246 -0.005050 0.004216
v -0.011292 -0.005050 0.004305
v -0.011331 -0.005050 0.004398
v -0.011361 -0.005050 0.004494
v -0.011383 -0.005050 0.004592
v -0.011396 -0.005050 0.004691
v -0.010450 -0.005050 0.003659
v -0.010548 -0.005050 0.003681
v -0.010643 -0.005050 0.003711
v -0.010989 -0.005050 0.003911
v -0.011063 -0.005050 0.003978
v -0.009117 -0.005050 0.004592
v -0.009139 -0.005050 0.004494
v -0.009169 -0.005050 0.004398
v -0.009208 -0.005050 0.004305
v -0.011383 -0.005050 0.004991
v -0.011361 -0.005050 0.005089
v -0.011331 -0.005050 0.005185
v -0.011292 -0.005050 0.005277
v -0.011246 -0.005050 0.005366
v -0.011192 -0.005050 0.005451
v -0.009117 -0.005050 0.004991
v -0.007790 -0.005050 0.004826
v -0.009139 -0.005050 0.005089
v -0.009169 -0.005050 0.005185
v -0.009675 -0.005050 0.003796
v -0.009764 -0.005050 0.003749
v -0.009857 -0.005050 0.003711
v -0.009952 -0.005050 0.003681
v -0.010050 -0.005050 0.003659
v -0.009104 -0.005050 0.004892
v -0.009100 -0.005050 0.004791
v -0.009104 -0.005050 0.004691
v -0.009437 -0.005050 0.003978
v -0.009511 -0.005050 0.003911
v -0.009590 -0.005050 0.003849
v -0.009254 -0.005050 0.004216
v -0.009308 -0.005050 0.004132
v -0.009369 -0.005050 0.004052
v -0.011131 -0.005050 0.005531
v -0.011063 -0.005050 0.005605
v -0.010989 -0.005050 0.005672
v -0.010350 -0.005050 0.005937
v -0.010250 -0.005050 0.005941
v -0.010150 -0.005050 0.005937
v -0.010050 -0.005050 0.005924
v -0.009548 -0.005050 0.007064
v -0.009952 -0.005050 0.005902
v -0.009026 -0.005050 0.006269
v -0.009590 -0.005050 0.005734
v -0.009511 -0.005050 0.005672
v -0.010350 -0.005050 0.003646
v -0.010250 -0.005050 0.003641
v -0.010150 -0.005050 0.003646
v -0.010910 -0.005050 0.005734
v -0.010825 -0.005050 0.005787
v -0.010736 -0.005050 0.005834
v -0.009437 -0.005050 0.005605
v -0.009369 -0.005050 0.005531
v -0.009308 -0.005050 0.005451
v -0.010643 -0.005050 0.005872
v -0.010548 -0.005050 0.005902
v -0.010450 -0.005050 0.005924
v -0.009857 -0.005050 0.005872
v -0.009764 -0.005050 0.005834
v -0.009675 -0.005050 0.005787
v 0.008375 0.000000 0.005294
v 0.009525 0.000000 0.006806
v 0.008982 0.000000 0.006026
v -0.011246 0.000000 0.005366
v -0.011292 0.000000 0.005277
v -0.011331 0.000000 0.005185
v -0.011361 0.000000 0.005089
v -0.009104 0.000000 0.004892
v -0.009117 0.000000 0.004991
v -0.007790 0.000000 0.004826
v -0.010989 0.000000 0.005672
v -0.011063 0.000000 0.005605
v -0.011383 0.000000 0.004991
v -0.011396 0.000000 0.004892
v -0.011400 0.000000 0.004791
v -0.009169 0.000000 0.005185
v -0.009208 0.000000 0.005277
v -0.008439 0.000000 0.005521
v -0.011131 0.000000 0.005531
v -0.011192 0.000000 0.005451
v -0.011396 0.000000 0.004691
v 0.007708 0.000000 0.004617
v -0.010736 0.000000 0.005834
v -0.010825 0.000000 0.005787
v -0.010910 0.000000 0.005734
v -0.010050 0.000000 0.005924
v -0.010150 0.000000 0.005937
v -0.010250 0.000000 0.005941
v -0.010350 0.000000 0.005937
v -0.010450 0.000000 0.005924
v -0.010548 0.000000 0.005902
v -0.010643 0.000000 0.005872
v 0.006986 0.000000 0.003998
v 0.006214 0.000000 0.003444
v 0.004543 0.000000 0.002539
v 0.003656 0.000000 0.002197
v -0.011383 0.000000 0.004592
v -0.011361 0.000000 0.004494
v -0.011331 0.000000 0.004398
v -0.009139 0.000000 0.005089
v 0.005398 0.000000 0.002956
v -0.011292 0.000000 0.004305
v -0.011246 0.000000 0.004216
v -0.011192 0.000000 0.004132
v -0.009254 0.000000 0.004216
v -0.009208 0.000000 0.004305
v -0.003805 0.000000 0.002298
v -0.007085 0.000000 0.004188
v -0.009104 0.000000 0.004691
v -0.009100 0.000000 0.004791
v -0.009437 0.000000 0.005605
v -0.009511 0.000000 0.005672
v -0.009026 0.000000 0.006269
v -0.009952 0.000000 0.005902
v -0.009548 0.000000 0.007064
v -0.009857 0.000000 0.005872
v -0.009952 0.000000 0.003681
v -0.009857 0.000000 0.003711
v -0.009764 0.000000 0.003749
v -0.009675 0.000000 0.003796
v -0.009169 0.000000 0.004398
v -0.009139 0.000000 0.004494
v -0.009117 0.000000 0.004592
v -0.009254 0.000000 0.005366
v -0.009308 0.000000 0.005451
v -0.009369 0.000000 0.005531
v -0.010350 0.000000 0.003646
v -0.010250 0.000000 0.003641
v -0.006328 0.000000 0.003613
v -0.005526 0.000000 0.003103
v -0.004683 0.000000 0.002664
v -0.009590 0.000000 0.005734
v -0.009675 0.000000 0.005787
v -0.009764 0.000000 0.005834
v -0.010150 0.000000 0.003646
v -0.010050 0.000000 0.003659
v -0.002900 0.000000 0.002007
v -0.009369 0.000000 0.004052
v -0.009308 0.000000 0.004132
v -0.011131 0.000000 0.004052
v -0.011063 0.000000 0.003978
v -0.010989 0.000000 0.003911
v -0.010910 0.000000 0.003849
v -0.010825 0.000000 0.003796
v -0.010736 0.000000 0.003749
v -0.001974 0.000000 0.001794
v -0.001032 0.000000 0.001661
v -0.000083 0.000000 0.001608
v 0.000867 0.000000 0.001635
v 0.001812 0.000000 0.001743
v 0.002744 0.000000 0.001931
v -0.010643 0.000000 0.003711
v -0.010548 0.000000 0.003681
v -0.010450 0.000000 0.003659
v -0.009590 0.000000 0.003849
v -0.009511 0.000000 0.003911
v -0.009437 0.000000 0.003978
# 2489 vertices, 0 vertices normals

f 1 2 3
f 4 5 6
f 5 7 6
f 3 8 9
f 10 11 5
f 10 5 12
f 11 13 5
f 13 14 5
f 5 14 3
f 14 15 3
f 3 15 8
f 9 16 3
f 16 17 3
f 3 17 18
f 19 20 5
f 20 21 5
f 5 21 12
f 18 22 3
f 22 23 3
f 3 23 24
f 25 26 5
f 26 27 5
f 5 27 19
f 24 28 3
f 28 29 3
f 3 29 30
f 31 32 5
f 32 33 5
f 5 33 25
f 30 34 3
f 34 35 3
f 3 35 36
f 36 37 3
f 37 38 3
f 3 38 1
f 4 39 5
f 39 40 5
f 5 40 31
f 41 7 5
f 5 42 43
f 44 45 5
f 45 46 5
f 5 46 42
f 43 47 5
f 47 48 5
f 5 48 49
f 49 50 5
f 50 51 5
f 5 51 52
f 52 53 5
f 53 54 5
f 5 54 55
f 55 56 5
f 56 57 5
f 5 57 58
f 58 59 5
f 59 60 5
f 5 60 41
f 61 3 62
f 3 2 62
f 63 64 3
f 63 3 65
f 66 67 68
f 67 3 68
f 68 3 69
f 3 64 69
f 70 71 3
f 71 72 3
f 3 72 65
f 73 74 3
f 74 75 3
f 3 75 70
f 76 77 3
f 77 78 3
f 3 78 73
f 61 79 3
f 79 80 3
f 3 80 76
f 81 82 83
f 82 84 83
f 85 86 87
f 86 88 87
f 89 90 91
f 92 93 94
f 95 96 91
f 96 97 91
f 97 98 91
f 98 99 91
f 91 99 100
f 101 102 103
f 102 104 103
f 103 104 105
f 100 106 91
f 106 107 91
f 91 107 108
f 101 109 110
f 111 112 101
f 112 113 101
f 108 114 91
f 114 115 91
f 91 115 101
f 115 116 101
f 101 116 109
f 110 117 101
f 117 118 101
f 101 118 111
f 113 119 101
f 119 120 101
f 101 120 102
f 121 122 123
f 123 124 121
f 124 125 121
f 121 125 126
f 125 127 126
f 126 127 128
f 127 129 128
f 128 129 90
f 129 130 90
f 130 131 90
f 90 131 91
f 131 132 91
f 91 132 95
f 133 134 135
f 134 136 135
f 136 137 135
f 135 137 138
f 139 122 140
f 122 135 140
f 139 141 122
f 141 142 122
f 122 142 123
f 138 143 135
f 143 144 135
f 135 144 140
f 145 146 147
f 145 147 148
f 146 149 147
f 149 150 147
f 147 150 151
f 105 152 103
f 152 153 103
f 103 153 154
f 151 155 147
f 155 156 147
f 147 156 157
f 158 159 160
f 159 161 160
f 161 162 160
f 160 162 163
f 157 164 147
f 164 165 147
f 147 165 166
f 154 167 103
f 167 168 103
f 103 168 160
f 168 169 160
f 160 169 158
f 163 170 160
f 170 171 160
f 160 171 172
f 172 173 160
f 173 174 160
f 160 174 175
f 176 177 178
f 179 180 181
f 181 182 179
f 182 183 179
f 179 183 184
f 184 185 179
f 185 186 179
f 179 186 187
f 187 188 179
f 188 189 179
f 179 189 190
f 190 191 179
f 191 192 179
f 179 192 193
f 194 195 178
f 195 196 178
f 178 196 197
f 198 199 200
f 199 201 200
f 200 201 179
f 201 202 179
f 179 202 180
f 197 203 178
f 203 204 178
f 178 204 176
f 177 205 178
f 205 206 178
f 178 206 207
f 206 208 207
f 207 208 209
f 208 210 209
f 209 210 121
f 211 212 213
f 212 214 213
f 213 214 215
f 210 216 121
f 216 217 121
f 121 217 122
f 217 218 122
f 122 218 219
f 215 220 213
f 220 221 213
f 213 221 222
f 223 224 135
f 224 225 135
f 135 225 226
f 219 227 122
f 227 228 122
f 122 228 135
f 228 229 135
f 135 229 230
f 230 231 135
f 231 232 135
f 135 232 223
f 226 233 135
f 233 234 135
f 135 234 235
f 236 237 213
f 237 238 213
f 213 238 239
f 240 241 200
f 241 242 200
f 200 242 198
f 235 243 135
f 243 244 135
f 135 244 245
f 239 246 213
f 246 247 213
f 213 247 200
f 247 248 200
f 200 248 240
f 222 249 213
f 249 250 213
f 213 250 251
f 251 252 213
f 252 253 213
f 213 253 236
f 254 255 256
f 257 258 259
f 258 260 259
f 259 260 261
f 256 262 254
f 262 263 254
f 254 263 264
f 254 265 266
f 267 268 259
f 268 269 259
f 270 271 272
f 271 273 272
f 272 273 254
f 273 274 254
f 254 274 255
f 264 275 254
f 275 276 254
f 254 276 265
f 269 277 259
f 277 278 259
f 259 278 279
f 279 280 259
f 280 281 259
f 259 281 257
f 261 282 259
f 282 283 259
f 259 283 284
f 285 286 287
f 286 288 287
f 287 288 289
f 289 290 287
f 290 291 287
f 287 291 292
f 293 294 272
f 294 295 272
f 295 296 272
f 296 297 272
f 272 297 270
f 292 298 287
f 298 299 287
f 287 299 300
f 287 301 272
f 301 302 272
f 272 302 303
f 303 304 272
f 304 305 272
f 272 305 306
f 307 308 272
f 308 309 272
f 272 309 293
f 300 310 287
f 310 311 287
f 287 311 301
f 306 312 272
f 312 313 272
f 272 313 307
f 314 315 316
f 315 317 316
f 316 317 318
f 266 319 254
f 319 320 254
f 254 320 321
f 320 322 321
f 321 322 323
f 324 325 321
f 325 326 321
f 323 327 321
f 327 328 321
f 321 328 324
f 326 329 321
f 329 330 321
f 321 330 316
f 330 331 316
f 316 331 314
f 332 333 334
f 335 336 337
f 336 338 337
f 333 339 334
f 339 340 334
f 334 340 341
f 341 342 334
f 342 343 334
f 334 343 344
f 345 346 347
f 346 348 347
f 344 349 334
f 349 350 334
f 334 350 351
f 351 352 334
f 352 353 334
f 334 353 354
f 338 355 337
f 355 356 337
f 337 356 347
f 356 357 347
f 347 357 345
f 358 359 360
f 361 362 337
f 362 363 337
f 337 363 364
f 360 365 358
f 365 366 358
f 358 366 334
f 366 367 334
f 334 367 332
f 337 368 369
f 364 370 337
f 370 371 337
f 337 371 368
f 369 372 337
f 372 373 337
f 337 373 335
f 348 374 347
f 374 375 347
f 347 375 376
f 316 377 378
f 379 380 358
f 380 381 358
f 358 381 359
f 376 382 347
f 382 383 347
f 347 383 316
f 383 384 316
f 316 384 377
f 378 385 316
f 385 386 316
f 316 386 387
f 388 389 390
f 389 391 390
f 390 391 392
f 392 393 390
f 393 394 390
f 390 394 395
f 395 396 390
f 396 397 390
f 390 397 358
f 397 398 358
f 358 398 379
f 399 400 390
f 387 401 316
f 401 402 316
f 316 402 403
f 400 404 390
f 404 405 390
f 390 405 388
f 403 406 316
f 406 407 316
f 316 407 390
f 407 408 390
f 390 408 399
f 409 410 411
f 410 412 411
f 413 103 414
f 103 415 414
f 413 416 103
f 416 417 103
f 103 417 418
f 418 419 103
f 419 420 103
f 103 420 421
f 422 423 424
f 423 425 424
f 421 426 103
f 426 427 103
f 103 427 428
f 412 429 411
f 429 430 411
f 411 430 424
f 430 431 424
f 424 431 422
f 432 160 433
f 160 434 433
f 432 435 160
f 435 436 160
f 160 436 103
f 436 437 103
f 103 437 415
f 438 439 411
f 439 440 411
f 440 441 411
f 411 441 442
f 411 443 444
f 442 445 411
f 445 446 411
f 411 446 443
f 444 447 411
f 447 448 411
f 411 448 409
f 425 449 424
f 449 450 424
f 424 450 451
f 452 453 160
f 453 454 160
f 160 454 434
f 451 455 424
f 455 456 424
f 424 456 93
f 456 457 93
f 93 457 458
f 458 459 93
f 459 460 93
f 93 460 461
f 461 462 93
f 462 463 93
f 93 463 464
f 465 466 94
f 466 467 94
f 467 468 94
f 468 469 94
f 94 469 470
f 470 471 94
f 471 472 94
f 94 472 473
f 473 474 94
f 474 475 94
f 94 475 160
f 475 476 160
f 160 476 452
f 464 477 93
f 477 478 93
f 93 478 479
f 479 480 93
f 480 481 93
f 93 481 94
f 481 482 94
f 94 482 465
f 483 484 485
f 486 485 487
f 485 488 487
f 484 489 485
f 489 490 485
f 485 490 92
f 486 491 485
f 491 492 485
f 485 492 483
f 493 494 495
f 494 496 495
f 496 497 495
f 497 498 495
f 495 498 499
f 500 501 499
f 501 502 499
f 499 502 495
f 503 504 505
f 506 505 507
f 505 508 507
f 506 509 505
f 509 510 505
f 505 510 503
f 504 511 505
f 511 321 505
f 505 321 512
f 321 316 512
f 512 316 513
f 316 390 513
f 514 515 513
f 515 516 513
f 513 516 517
f 518 519 516
f 519 520 516
f 516 520 517
f 521 522 523
f 522 524 523
f 521 525 526
f 526 527 521
f 527 528 521
f 521 528 522
f 529 530 531
f 532 533 534
f 531 530 535
f 536 537 86
f 537 538 86
f 539 540 535
f 540 541 535
f 542 543 88
f 543 544 88
f 88 544 531
f 544 545 531
f 531 545 529
f 530 546 535
f 546 547 535
f 535 547 548
f 549 550 534
f 550 551 534
f 534 551 532
f 552 553 524
f 553 554 524
f 524 554 555
f 555 556 524
f 556 557 524
f 524 557 558
f 538 559 86
f 559 560 86
f 86 560 88
f 560 561 88
f 88 561 542
f 548 562 535
f 562 563 535
f 535 563 539
f 564 565 566
f 565 567 566
f 566 567 568
f 568 569 566
f 569 570 566
f 566 570 524
f 570 571 524
f 524 571 552
f 558 572 524
f 572 573 524
f 524 573 574
f 573 575 574
f 574 575 576
f 575 577 576
f 576 577 578
f 577 579 578
f 578 579 580
f 579 581 580
f 533 582 534
f 582 583 534
f 534 583 584
f 585 586 566
f 586 587 566
f 86 588 536
f 588 589 536
f 536 589 590
f 589 591 590
f 590 591 592
f 591 593 592
f 592 593 594
f 593 595 594
f 594 595 581
f 595 596 581
f 581 596 580
f 534 597 598
f 599 600 566
f 600 601 566
f 566 601 585
f 587 602 566
f 602 603 566
f 566 603 604
f 605 606 566
f 606 607 566
f 566 607 564
f 604 608 566
f 608 609 566
f 566 609 605
f 584 610 534
f 610 611 534
f 534 611 612
f 612 613 534
f 613 614 534
f 534 614 597
f 541 549 535
f 549 534 535
f 535 534 615
f 534 616 615
f 617 179 178
f 179 193 178
f 178 193 194
f 617 618 179
f 618 619 179
f 179 619 620
f 621 622 101
f 622 623 101
f 623 624 101
f 624 625 101
f 101 625 91
f 625 626 91
f 91 626 89
f 627 628 629
f 630 631 632
f 631 633 632
f 632 633 634
f 633 635 634
f 634 635 636
f 635 637 636
f 636 637 638
f 639 640 641
f 640 642 641
f 641 642 643
f 643 644 641
f 644 645 641
f 641 645 629
f 645 646 629
f 629 646 627
f 647 648 621
f 648 649 621
f 649 650 621
f 650 651 621
f 621 651 652
f 637 653 638
f 653 654 638
f 638 654 655
f 654 656 655
f 655 656 657
f 656 658 657
f 657 658 659
f 658 660 659
f 659 660 661
f 652 662 621
f 662 663 621
f 621 663 664
f 663 665 664
f 665 666 664
f 666 667 664
f 664 667 83
f 667 668 83
f 83 668 669
f 660 670 661
f 670 671 661
f 661 671 672
f 671 673 672
f 672 673 674
f 673 81 674
f 674 81 675
f 81 676 675
f 639 641 677
f 641 678 677
f 677 678 679
f 678 680 679
f 679 680 681
f 680 682 681
f 681 682 683
f 682 684 683
f 683 684 630
f 684 685 630
f 630 685 631
f 686 687 101
f 687 688 101
f 688 689 101
f 689 690 101
f 101 690 621
f 690 691 621
f 621 691 647
f 628 692 629
f 692 693 629
f 629 693 694
f 669 695 83
f 695 696 83
f 83 696 81
f 696 697 81
f 81 697 676
f 698 699 629
f 699 700 629
f 629 700 701
f 702 703 101
f 703 704 101
f 101 704 705
f 705 706 101
f 706 707 101
f 101 707 708
f 709 710 101
f 710 711 101
f 101 711 686
f 708 712 101
f 712 713 101
f 101 713 709
f 694 714 629
f 714 715 629
f 629 715 716
f 716 717 629
f 717 718 629
f 629 718 698
f 701 702 629
f 702 101 629
f 629 101 411
f 101 103 411
f 411 103 438
f 103 428 438
f 598 599 534
f 599 566 534
f 534 566 337
f 566 334 337
f 337 334 361
f 334 354 361
f 245 211 135
f 211 213 135
f 135 213 287
f 213 259 287
f 287 259 285
f 259 284 285
f 620 616 179
f 616 534 179
f 179 534 200
f 534 337 200
f 200 337 213
f 337 347 213
f 213 347 259
f 347 316 259
f 259 316 267
f 316 318 267
f 524 522 566
f 522 719 566
f 566 719 334
f 719 720 334
f 334 720 358
f 720 721 358
f 358 721 390
f 721 722 390
f 390 722 513
f 722 723 513
f 513 723 514
f 724 725 726
f 727 728 485
f 729 730 94
f 730 731 94
f 732 733 734
f 733 735 734
f 734 735 736
f 737 738 94
f 738 739 94
f 739 740 94
f 94 740 729
f 731 741 94
f 741 742 94
f 94 742 743
f 728 744 485
f 744 745 485
f 485 745 726
f 745 746 726
f 726 746 724
f 736 737 734
f 737 94 734
f 734 94 147
f 94 160 147
f 147 160 148
f 160 175 148
f 747 748 485
f 749 750 485
f 750 751 485
f 752 753 726
f 754 755 734
f 755 756 734
f 734 756 732
f 751 757 485
f 757 758 485
f 485 758 727
f 759 760 734
f 760 761 734
f 734 761 762
f 743 763 94
f 763 764 94
f 94 764 765
f 92 94 485
f 94 766 485
f 485 766 747
f 748 767 485
f 767 768 485
f 485 768 769
f 770 771 485
f 771 772 485
f 485 772 749
f 765 773 94
f 773 774 94
f 94 774 766
f 769 775 485
f 775 776 485
f 485 776 770
f 725 777 726
f 777 778 726
f 726 778 779
f 779 780 726
f 780 781 726
f 726 781 782
f 783 784 726
f 784 785 726
f 762 786 734
f 786 787 734
f 734 787 788
f 788 789 734
f 789 790 734
f 734 790 754
f 782 791 726
f 791 792 726
f 726 792 752
f 785 793 726
f 793 794 726
f 726 794 734
f 794 795 734
f 734 795 759
f 753 796 726
f 796 797 726
f 726 797 783
f 166 133 147
f 133 135 147
f 147 135 734
f 135 287 734
f 734 287 726
f 287 272 726
f 511 798 321
f 798 799 321
f 321 799 254
f 799 800 254
f 254 800 272
f 800 801 272
f 272 801 726
f 801 493 726
f 726 493 485
f 493 495 485
f 485 495 488
f 802 803 87
f 84 804 83
f 804 805 83
f 87 88 802
f 88 531 802
f 802 531 806
f 531 535 806
f 806 535 807
f 535 615 807
f 807 615 808
f 615 616 808
f 808 616 809
f 616 620 809
f 809 620 810
f 620 619 810
f 810 619 811
f 619 618 811
f 811 618 812
f 618 617 812
f 812 617 813
f 617 178 813
f 813 178 814
f 178 207 814
f 814 207 815
f 207 209 815
f 815 209 816
f 209 121 816
f 816 121 817
f 121 126 817
f 817 126 818
f 126 128 818
f 818 128 819
f 128 90 819
f 819 90 820
f 90 89 820
f 820 89 821
f 89 626 821
f 821 626 822
f 626 625 822
f 822 625 823
f 625 624 823
f 823 624 824
f 624 623 824
f 824 623 825
f 623 622 825
f 825 622 826
f 622 621 826
f 826 621 805
f 621 664 805
f 805 664 83
f 827 828 829
f 828 830 829
f 829 830 831
f 830 832 831
f 831 832 833
f 832 834 833
f 833 834 835
f 834 836 835
f 835 836 837
f 836 838 837
f 837 838 839
f 838 840 839
f 839 840 841
f 840 842 841
f 841 842 843
f 842 844 843
f 843 844 845
f 844 846 845
f 845 846 847
f 846 848 847
f 847 848 849
f 848 850 849
f 849 850 851
f 850 852 851
f 851 852 853
f 852 854 853
f 853 854 855
f 854 856 855
f 855 856 857
f 856 858 857
f 857 858 859
f 858 860 859
f 859 860 861
f 860 862 861
f 861 862 863
f 862 864 863
f 863 864 865
f 864 866 865
f 865 866 867
f 866 868 867
f 867 868 869
f 868 870 869
f 869 870 871
f 870 872 871
f 871 872 873
f 872 874 873
f 873 874 875
f 874 876 875
f 875 876 877
f 876 878 877
f 877 878 879
f 878 880 879
f 879 880 881
f 880 882 881
f 881 882 883
f 882 884 883
f 883 884 885
f 884 886 885
f 885 886 887
f 886 888 887
f 887 888 889
f 888 890 889
f 889 890 891
f 890 892 891
f 891 892 893
f 892 894 893
f 893 894 895
f 894 896 895
f 895 896 897
f 896 898 897
f 897 898 899
f 898 900 899
f 899 900 901
f 900 902 901
f 901 902 903
f 902 904 903
f 903 904 905
f 904 906 905
f 905 906 907
f 906 908 907
f 907 908 909
f 908 910 909
f 909 910 911
f 910 912 911
f 911 912 913
f 912 914 913
f 913 914 915
f 914 916 915
f 915 916 917
f 916 918 917
f 917 918 919
f 918 920 919
f 919 920 921
f 920 922 921
f 921 922 923
f 922 924 923
f 923 924 925
f 924 926 925
f 925 926 927
f 926 928 927
f 927 928 929
f 928 930 929
f 929 930 931
f 930 932 931
f 931 932 933
f 932 934 933
f 933 934 935
f 934 936 935
f 935 936 937
f 936 938 937
f 937 938 939
f 938 940 939
f 939 940 941
f 940 942 941
f 941 942 943
f 942 944 943
f 943 944 945
f 944 946 945
f 945 946 947
f 946 948 947
f 947 948 949
f 948 950 949
f 949 950 951
f 950 952 951
f 951 952 953
f 952 954 953
f 953 954 955
f 954 956 955
f 955 956 957
f 956 958 957
f 957 958 959
f 958 960 959
f 959 960 961
f 960 962 961
f 961 962 963
f 962 964 963
f 963 964 965
f 964 966 965
f 965 966 967
f 966 968 967
f 967 968 969
f 968 970 969
f 969 970 827
f 970 828 827
f 938 192 940
f 192 191 940
f 940 191 942
f 191 190 942
f 942 190 944
f 190 189 944
f 944 189 946
f 189 188 946
f 946 188 948
f 188 187 948
f 948 187 950
f 187 186 950
f 950 186 952
f 186 185 952
f 952 185 954
f 185 184 954
f 954 184 956
f 184 183 956
f 956 183 958
f 183 182 958
f 958 182 960
f 182 181 960
f 960 181 962
f 181 180 962
f 962 180 964
f 180 202 964
f 964 202 966
f 202 201 966
f 966 201 968
f 201 199 968
f 968 199 970
f 199 198 970
f 970 198 828
f 198 242 828
f 828 242 830
f 242 241 830
f 830 241 832
f 241 240 832
f 832 240 834
f 240 248 834
f 834 248 836
f 248 247 836
f 836 247 838
f 247 246 838
f 838 246 840
f 246 239 840
f 840 239 842
f 239 238 842
f 842 238 844
f 238 237 844
f 844 237 846
f 237 236 846
f 846 236 848
f 236 253 848
f 848 253 850
f 253 252 850
f 850 252 852
f 252 251 852
f 852 251 854
f 251 250 854
f 854 250 856
f 250 249 856
f 856 249 858
f 249 222 858
f 858 222 860
f 222 221 860
f 860 221 862
f 221 220 862
f 862 220 864
f 220 215 864
f 864 215 866
f 215 214 866
f 866 214 868
f 214 212 868
f 868 212 870
f 212 211 870
f 870 211 872
f 211 245 872
f 872 245 874
f 245 244 874
f 874 244 876
f 244 243 876
f 876 243 878
f 243 235 878
f 878 235 880
f 235 234 880
f 880 234 882
f 234 233 882
f 882 233 884
f 233 226 884
f 884 226 886
f 226 225 886
f 886 225 888
f 225 224 888
f 888 224 890
f 224 223 890
f 890 223 892
f 223 232 892
f 892 232 894
f 232 231 894
f 894 231 896
f 231 230 896
f 896 230 898
f 230 229 898
f 898 229 900
f 229 228 900
f 900 228 902
f 228 227 902
f 902 227 904
f 227 219 904
f 904 219 906
f 219 218 906
f 906 218 908
f 218 217 908
f 908 217 910
f 217 216 910
f 910 216 912
f 216 210 912
f 912 210 914
f 210 208 914
f 914 208 916
f 208 206 916
f 916 206 918
f 206 205 918
f 918 205 920
f 205 177 920
f 920 177 922
f 177 176 922
f 922 176 924
f 176 204 924
f 924 204 926
f 204 203 926
f 926 203 928
f 203 197 928
f 928 197 930
f 197 196 930
f 930 196 932
f 196 195 932
f 932 195 934
f 195 194 934
f 934 194 936
f 194 193 936
f 936 193 938
f 193 192 938
f 971 972 973
f 972 974 973
f 973 974 975
f 974 976 975
f 975 976 977
f 976 978 977
f 977 978 979
f 978 980 979
f 979 980 981
f 980 982 981
f 981 982 983
f 982 984 983
f 983 984 985
f 984 986 985
f 985 986 987
f 986 988 987
f 987 988 989
f 988 990 989
f 989 990 991
f 990 992 991
f 991 992 993
f 992 994 993
f 993 994 995
f 994 996 995
f 995 996 997
f 996 998 997
f 997 998 999
f 998 1000 999
f 999 1000 1001
f 1000 1002 1001
f 1001 1002 1003
f 1002 1004 1003
f 1003 1004 1005
f 1004 1006 1005
f 1005 1006 1007
f 1006 1008 1007
f 1007 1008 1009
f 1008 1010 1009
f 1009 1010 1011
f 1010 1012 1011
f 1011 1012 1013
f 1012 1014 1013
f 1013 1014 1015
f 1014 1016 1015
f 1015 1016 1017
f 1016 1018 1017
f 1017 1018 1019
f 1018 1020 1019
f 1019 1020 1021
f 1020 1022 1021
f 1021 1022 1023
f 1022 1024 1023
f 1023 1024 1025
f 1024 1026 1025
f 1025 1026 1027
f 1026 1028 1027
f 1027 1028 1029
f 1028 1030 1029
f 1029 1030 1031
f 1030 1032 1031
f 1031 1032 1033
f 1032 1034 1033
f 1033 1034 1035
f 1034 1036 1035
f 1035 1036 1037
f 1036 1038 1037
f 1037 1038 1039
f 1038 1040 1039
f 1039 1040 1041
f 1040 1042 1041
f 1041 1042 1043
f 1042 1044 1043
f 1043 1044 1045
f 1044 1046 1045
f 1045 1046 1047
f 1046 1048 1047
f 1047 1048 1049
f 1048 1050 1049
f 1049 1050 1051
f 1050 1052 1051
f 1051 1052 1053
f 1052 1054 1053
f 1053 1054 1055
f 1054 1056 1055
f 1055 1056 1057
f 1056 1058 1057
f 1057 1058 1059
f 1058 1060 1059
f 1059 1060 1061
f 1060 1062 1061
f 1061 1062 1063
f 1062 1064 1063
f 1063 1064 1065
f 1064 1066 1065
f 1065 1066 1067
f 1066 1068 1067
f 1067 1068 1069
f 1068 1070 1069
f 1069 1070 1071
f 1070 1072 1071
f 1071 1072 1073
f 1072 1074 1073
f 1073 1074 1075
f 1074 1076 1075
f 1075 1076 1077
f 1076 1078 1077
f 1077 1078 1079
f 1078 1080 1079
f 1079 1080 1081
f 1080 1082 1081
f 1081 1082 1083
f 1082 1084 1083
f 1083 1084 1085
f 1084 1086 1085
f 1085 1086 1087
f 1086 1088 1087
f 1087 1088 1089
f 1088 1090 1089
f 1089 1090 1091
f 1090 1092 1091
f 1091 1092 1093
f 1092 1094 1093
f 1093 1094 1095
f 1094 1096 1095
f 1095 1096 1097
f 1096 1098 1097
f 1097 1098 1099
f 1098 1100 1099
f 1099 1100 1101
f 1100 1102 1101
f 1101 1102 1103
f 1102 1104 1103
f 1103 1104 1105
f 1104 1106 1105
f 1105 1106 1107
f 1106 1108 1107
f 1107 1108 1109
f 1108 1110 1109
f 1109 1110 1111
f 1110 1112 1111
f 1111 1112 1113
f 1112 1114 1113
f 1113 1114 971
f 1114 972 971
f 1014 108 1016
f 108 107 1016
f 1016 107 1018
f 107 106 1018
f 1018 106 1020
f 106 100 1020
f 1020 100 1022
f 100 99 1022
f 1022 99 1024
f 99 98 1024
f 1024 98 1026
f 98 97 1026
f 1026 97 1028
f 97 96 1028
f 1028 96 1030
f 96 95 1030
f 1030 95 1032
f 95 132 1032
f 1032 132 1034
f 132 131 1034
f 1034 131 1036
f 131 130 1036
f 1036 130 1038
f 130 129 1038
f 1038 129 1040
f 129 127 1040
f 1040 127 1042
f 127 125 1042
f 1042 125 1044
f 125 124 1044
f 1044 124 1046
f 124 123 1046
f 1046 123 1048
f 123 142 1048
f 1048 142 1050
f 142 141 1050
f 1050 141 1052
f 141 139 1052
f 1052 139 1054
f 139 140 1054
f 1054 140 1056
f 140 144 1056
f 1056 144 1058
f 144 143 1058
f 1058 143 1060
f 143 138 1060
f 1060 138 1062
f 138 137 1062
f 1062 137 1064
f 137 136 1064
f 1064 136 1066
f 136 134 1066
f 1066 134 1068
f 134 133 1068
f 1068 133 1070
f 133 166 1070
f 1070 166 1072
f 166 165 1072
f 1072 165 1074
f 165 164 1074
f 1074 164 1076
f 164 157 1076
f 1076 157 1078
f 157 156 1078
f 1078 156 1080
f 156 155 1080
f 1080 155 1082
f 155 151 1082
f 1082 151 1084
f 151 150 1084
f 1084 150 1086
f 150 149 1086
f 1086 149 1088
f 149 146 1088
f 1088 146 1090
f 146 145 1090
f 1090 145 1092
f 145 148 1092
f 1092 148 1094
f 148 175 1094
f 1094 175 1096
f 175 174 1096
f 1096 174 1098
f 174 173 1098
f 1098 173 1100
f 173 172 1100
f 1100 172 1102
f 172 171 1102
f 1102 171 1104
f 171 170 1104
f 1104 170 1106
f 170 163 1106
f 1106 163 1108
f 163 162 1108
f 1108 162 1110
f 162 161 1110
f 1110 161 1112
f 161 159 1112
f 1112 159 1114
f 159 158 1114
f 1114 158 972
f 158 169 972
f 972 169 974
f 169 168 974
f 974 168 976
f 168 167 976
f 976 167 978
f 167 154 978
f 978 154 980
f 154 153 980
f 980 153 982
f 153 152 982
f 982 152 984
f 152 105 984
f 984 105 986
f 105 104 986
f 986 104 988
f 104 102 988
f 988 102 990
f 102 120 990
f 990 120 992
f 120 119 992
f 992 119 994
f 119 113 994
f 994 113 996
f 113 112 996
f 996 112 998
f 112 111 998
f 998 111 1000
f 111 118 1000
f 1000 118 1002
f 118 117 1002
f 1002 117 1004
f 117 110 1004
f 1004 110 1006
f 110 109 1006
f 1006 109 1008
f 109 116 1008
f 1008 116 1010
f 116 115 1010
f 1010 115 1012
f 115 114 1012
f 1012 114 1014
f 114 108 1014
f 1115 736 1116
f 736 735 1116
f 1116 735 1117
f 735 733 1117
f 1117 733 1118
f 733 732 1118
f 1118 732 1119
f 732 756 1119
f 1119 756 1120
f 756 755 1120
f 1120 755 1121
f 755 754 1121
f 1121 754 1122
f 754 790 1122
f 1122 790 1123
f 790 789 1123
f 1123 789 1124
f 789 788 1124
f 1124 788 1125
f 788 787 1125
f 1125 787 1126
f 787 786 1126
f 1126 786 1127
f 786 762 1127
f 1127 762 1128
f 762 761 1128
f 1128 761 1129
f 761 760 1129
f 1129 760 1130
f 760 759 1130
f 1130 759 1131
f 759 795 1131
f 1131 795 1132
f 795 794 1132
f 1132 794 1133
f 794 793 1133
f 1133 793 1134
f 793 785 1134
f 1134 785 1135
f 785 784 1135
f 1135 784 1136
f 784 783 1136
f 1136 783 1137
f 783 797 1137
f 1137 797 1138
f 797 796 1138
f 1138 796 1139
f 796 753 1139
f 1139 753 1140
f 753 752 1140
f 1140 752 1141
f 752 792 1141
f 1141 792 1142
f 792 791 1142
f 1142 791 1143
f 791 782 1143
f 1143 782 1144
f 782 781 1144
f 1144 781 1145
f 781 780 1145
f 1145 780 1146
f 780 779 1146
f 1146 779 1147
f 779 778 1147
f 1147 778 1148
f 778 777 1148
f 1148 777 1149
f 777 725 1149
f 1149 725 1150
f 725 724 1150
f 1150 724 1151
f 724 746 1151
f 1151 746 1152
f 746 745 1152
f 1152 745 1153
f 745 744 1153
f 1153 744 1154
f 744 728 1154
f 1154 728 1155
f 728 727 1155
f 1155 727 1156
f 727 758 1156
f 1156 758 1157
f 758 757 1157
f 1157 757 1158
f 757 751 1158
f 1158 751 1159
f 751 750 1159
f 1159 750 1160
f 750 749 1160
f 1160 749 1161
f 749 772 1161
f 1161 772 1162
f 772 771 1162
f 1162 771 1163
f 771 770 1163
f 1163 770 1164
f 770 776 1164
f 1164 776 1165
f 776 775 1165
f 1165 775 1166
f 775 769 1166
f 1166 769 1167
f 769 768 1167
f 1167 768 1168
f 768 767 1168
f 1168 767 1169
f 767 748 1169
f 1169 748 1170
f 748 747 1170
f 1170 747 1171
f 747 766 1171
f 1171 766 1172
f 766 774 1172
f 1172 774 1173
f 774 773 1173
f 1173 773 1174
f 773 765 1174
f 1174 765 1175
f 765 764 1175
f 1175 764 1176
f 764 763 1176
f 1176 763 1177
f 763 743 1177
f 1177 743 1178
f 743 742 1178
f 1178 742 1179
f 742 741 1179
f 1179 741 1180
f 741 731 1180
f 1180 731 1181
f 731 730 1181
f 1181 730 1182
f 730 729 1182
f 1182 729 1183
f 729 740 1183
f 1183 740 1184
f 740 739 1184
f 1184 739 1185
f 739 738 1185
f 1185 738 1186
f 738 737 1186
f 1186 737 1115
f 737 736 1115
f 84 82 804
f 82 1187 804
f 804 1187 1188
f 1187 1189 1188
f 1188 1189 1190
f 1191 439 1192
f 439 438 1192
f 1192 438 1193
f 438 428 1193
f 1193 428 1194
f 428 427 1194
f 1194 427 1195
f 427 426 1195
f 1195 426 1196
f 426 421 1196
f 1196 421 1197
f 421 420 1197
f 1197 420 1198
f 420 419 1198
f 1198 419 1199
f 419 418 1199
f 1199 418 1200
f 418 417 1200
f 1200 417 1201
f 417 416 1201
f 1201 416 1202
f 416 413 1202
f 1202 413 1203
f 413 414 1203
f 1203 414 1204
f 414 415 1204
f 1204 415 1205
f 415 437 1205
f 1205 437 1206
f 437 436 1206
f 1206 436 1207
f 436 435 1207
f 1207 435 1208
f 435 432 1208
f 1208 432 1209
f 432 433 1209
f 1209 433 1210
f 433 434 1210
f 1210 434 1211
f 434 454 1211
f 1211 454 1212
f 454 453 1212
f 1212 453 1213
f 453 452 1213
f 1213 452 1214
f 452 476 1214
f 1214 476 1215
f 476 475 1215
f 1215 475 1216
f 475 474 1216
f 1216 474 1217
f 474 473 1217
f 1217 473 1218
f 473 472 1218
f 1218 472 1219
f 472 471 1219
f 1219 471 1220
f 471 470 1220
f 1220 470 1221
f 470 469 1221
f 1221 469 1222
f 469 468 1222
f 1222 468 1223
f 468 467 1223
f 1223 467 1224
f 467 466 1224
f 1224 466 1225
f 466 465 1225
f 1225 465 1226
f 465 482 1226
f 1226 482 1227
f 482 481 1227
f 1227 481 1228
f 481 480 1228
f 1228 480 1229
f 480 479 1229
f 1229 479 1230
f 479 478 1230
f 1230 478 1231
f 478 477 1231
f 1231 477 1232
f 477 464 1232
f 1232 464 1233
f 464 463 1233
f 1233 463 1234
f 463 462 1234
f 1234 462 1235
f 462 461 1235
f 1235 461 1236
f 461 460 1236
f 1236 460 1237
f 460 459 1237
f 1237 459 1238
f 459 458 1238
f 1238 458 1239
f 458 457 1239
f 1239 457 1240
f 457 456 1240
f 1240 456 1241
f 456 455 1241
f 1241 455 1242
f 455 451 1242
f 1242 451 1243
f 451 450 1243
f 1243 450 1244
f 450 449 1244
f 1244 449 1245
f 449 425 1245
f 1245 425 1246
f 425 423 1246
f 1246 423 1247
f 423 422 1247
f 1247 422 1248
f 422 431 1248
f 1248 431 1249
f 431 430 1249
f 1249 430 1250
f 430 429 1250
f 1250 429 1251
f 429 412 1251
f 1251 412 1252
f 412 410 1252
f 1252 410 1253
f 410 409 1253
f 1253 409 1254
f 409 448 1254
f 1254 448 1255
f 448 447 1255
f 1255 447 1256
f 447 444 1256
f 1256 444 1257
f 444 443 1257
f 1257 443 1258
f 443 446 1258
f 1258 446 1259
f 446 445 1259
f 1259 445 1260
f 445 442 1260
f 1260 442 1261
f 442 441 1261
f 1261 441 1262
f 441 440 1262
f 1262 440 1191
f 440 439 1191
f 1187 82 1263
f 1187 1263 1264
f 1263 1265 1264
f 1264 1265 1266
f 1265 1267 1266
f 1266 1267 1268
f 1267 1269 1268
f 1268 1269 1270
f 1269 1271 1270
f 1270 1271 1272
f 1271 1273 1272
f 1272 1273 1274
f 1273 1275 1274
f 1274 1275 1276
f 1275 1277 1276
f 1276 1277 1278
f 1277 1279 1278
f 1278 1279 1280
f 1279 1281 1280
f 1280 1281 1282
f 1281 1283 1282
f 1282 1283 1284
f 1283 1285 1284
f 1284 1285 1286
f 1285 1287 1286
f 1286 1287 1288
f 1287 1289 1288
f 1288 1289 1290
f 1289 1291 1290
f 1290 1291 1292
f 1291 1293 1292
f 1292 1293 1294
f 1293 1295 1294
f 1294 1295 1296
f 1295 1297 1296
f 1296 1297 1298
f 1299 1300 1301
f 1299 1301 1297
f 1301 1302 1297
f 1297 1302 1298
f 1303 674 1304
f 674 675 1304
f 1304 675 1305
f 675 676 1305
f 1305 676 1306
f 676 697 1306
f 1306 697 1307
f 697 696 1307
f 1307 696 1308
f 696 695 1308
f 1308 695 1309
f 695 669 1309
f 1309 669 1310
f 669 668 1310
f 1310 668 1311
f 668 667 1311
f 1311 667 1312
f 667 666 1312
f 1312 666 1313
f 666 665 1313
f 1313 665 1314
f 665 663 1314
f 1314 663 1315
f 663 662 1315
f 1315 662 1316
f 662 652 1316
f 1316 652 1317
f 652 651 1317
f 1317 651 1318
f 651 650 1318
f 1318 650 1319
f 650 649 1319
f 1319 649 1320
f 649 648 1320
f 1320 648 1321
f 648 647 1321
f 1321 647 1322
f 647 691 1322
f 1322 691 1323
f 691 690 1323
f 1323 690 1324
f 690 689 1324
f 1324 689 1325
f 689 688 1325
f 1325 688 1326
f 688 687 1326
f 1326 687 1327
f 687 686 1327
f 1327 686 1328
f 686 711 1328
f 1328 711 1329
f 711 710 1329
f 1329 710 1330
f 710 709 1330
f 1330 709 1331
f 709 713 1331
f 1331 713 1332
f 713 712 1332
f 1332 712 1333
f 712 708 1333
f 1333 708 1334
f 708 707 1334
f 1334 707 1335
f 707 706 1335
f 1335 706 1336
f 706 705 1336
f 1336 705 1337
f 705 704 1337
f 1337 704 1338
f 704 703 1338
f 1338 703 1339
f 703 702 1339
f 1339 702 1340
f 702 701 1340
f 1340 701 1341
f 701 700 1341
f 1341 700 1342
f 700 699 1342
f 1342 699 1343
f 699 698 1343
f 1343 698 1344
f 698 718 1344
f 1344 718 1345
f 718 717 1345
f 1345 717 1346
f 717 716 1346
f 1346 716 1347
f 716 715 1347
f 1347 715 1348
f 715 714 1348
f 1348 714 1349
f 714 694 1349
f 1349 694 1350
f 694 693 1350
f 1350 693 1351
f 693 692 1351
f 1351 692 1352
f 692 628 1352
f 1352 628 1353
f 628 627 1353
f 1353 627 1354
f 627 646 1354
f 1354 646 1355
f 646 645 1355
f 1355 645 1356
f 645 644 1356
f 1356 644 1357
f 644 643 1357
f 1357 643 1358
f 643 642 1358
f 1358 642 1359
f 642 640 1359
f 1359 640 1360
f 640 639 1360
f 1360 639 1361
f 639 677 1361
f 1361 677 1362
f 677 679 1362
f 1362 679 1363
f 679 681 1363
f 1363 681 1364
f 681 683 1364
f 1364 683 1365
f 683 630 1365
f 1365 630 1366
f 630 632 1366
f 1366 632 1367
f 632 634 1367
f 1367 634 1368
f 634 636 1368
f 1368 636 1369
f 636 638 1369
f 1369 638 1370
f 638 655 1370
f 1370 655 1371
f 655 657 1371
f 1371 657 1372
f 657 659 1372
f 1372 659 1373
f 659 661 1373
f 1373 661 1374
f 661 672 1374
f 1374 672 1303
f 672 674 1303
f 1300 1299 1375
f 1300 1375 1376
f 1375 1377 1376
f 1376 1377 1378
f 1377 1379 1378
f 1378 1379 1380
f 1379 1381 1380
f 1380 1381 1382
f 1381 1383 1382
f 1382 1383 1384
f 1383 1385 1384
f 1384 1385 1386
f 1385 1387 1386
f 1386 1387 1388
f 1387 1389 1388
f 1388 1389 1390
f 1389 1391 1390
f 1390 1391 1392
f 1391 1393 1392
f 1392 1393 1394
f 1393 1395 1394
f 1394 1395 1396
f 1395 1397 1396
f 1396 1397 1398
f 1397 1399 1398
f 1398 1399 1400
f 1399 1401 1400
f 1400 1401 1402
f 1401 1403 1402
f 1402 1403 1404
f 1403 1405 1404
f 1404 1405 1406
f 1405 1407 1406
f 1406 1407 1408
f 1407 1409 1408
f 1408 1409 1410
f 1411 537 1412
f 537 536 1412
f 1412 536 1413
f 536 590 1413
f 1413 590 1414
f 590 592 1414
f 1414 592 1415
f 592 594 1415
f 1415 594 1416
f 594 581 1416
f 1416 581 1417
f 581 579 1417
f 1417 579 1418
f 579 577 1418
f 1418 577 1419
f 577 575 1419
f 1419 575 1420
f 575 573 1420
f 1420 573 1421
f 573 572 1421
f 1421 572 1422
f 572 558 1422
f 1422 558 1423
f 558 557 1423
f 1423 557 1424
f 557 556 1424
f 1424 556 1425
f 556 555 1425
f 1425 555 1426
f 555 554 1426
f 1426 554 1427
f 554 553 1427
f 1427 553 1428
f 553 552 1428
f 1428 552 1429
f 552 571 1429
f 1429 571 1430
f 571 570 1430
f 1430 570 1431
f 570 569 1431
f 1431 569 1432
f 569 568 1432
f 1432 568 1433
f 568 567 1433
f 1433 567 1434
f 567 565 1434
f 1434 565 1435
f 565 564 1435
f 1435 564 1436
f 564 607 1436
f 1436 607 1437
f 607 606 1437
f 1437 606 1438
f 606 605 1438
f 1438 605 1439
f 605 609 1439
f 1439 609 1440
f 609 608 1440
f 1440 608 1441
f 608 604 1441
f 1441 604 1442
f 604 603 1442
f 1442 603 1443
f 603 602 1443
f 1443 602 1444
f 602 587 1444
f 1444 587 1445
f 587 586 1445
f 1445 586 1446
f 586 585 1446
f 1446 585 1447
f 585 601 1447
f 1447 601 1448
f 601 600 1448
f 1448 600 1449
f 600 599 1449
f 1449 599 1450
f 599 598 1450
f 1450 598 1451
f 598 597 1451
f 1451 597 1452
f 597 614 1452
f 1452 614 1453
f 614 613 1453
f 1453 613 1454
f 613 612 1454
f 1454 612 1455
f 612 611 1455
f 1455 611 1456
f 611 610 1456
f 1456 610 1457
f 610 584 1457
f 1457 584 1458
f 584 583 1458
f 1458 583 1459
f 583 582 1459
f 1459 582 1460
f 582 533 1460
f 1460 533 1461
f 533 532 1461
f 1461 532 1462
f 532 551 1462
f 1462 551 1463
f 551 550 1463
f 1463 550 1464
f 550 549 1464
f 1464 549 1465
f 549 541 1465
f 1465 541 1466
f 541 540 1466
f 1466 540 1467
f 540 539 1467
f 1467 539 1468
f 539 563 1468
f 1468 563 1469
f 563 562 1469
f 1469 562 1470
f 562 548 1470
f 1470 548 1471
f 548 547 1471
f 1471 547 1472
f 547 546 1472
f 1472 546 1473
f 546 530 1473
f 1473 530 1474
f 530 529 1474
f 1474 529 1475
f 529 545 1475
f 1475 545 1476
f 545 544 1476
f 1476 544 1477
f 544 543 1477
f 1477 543 1478
f 543 542 1478
f 1478 542 1479
f 542 561 1479
f 1479 561 1480
f 561 560 1480
f 1480 560 1481
f 560 559 1481
f 1481 559 1482
f 559 538 1482
f 1482 538 1411
f 538 537 1411
f 1483 1484 1485
f 1484 1486 1485
f 1485 1486 1409
f 1486 1487 1409
f 1409 1487 1410
f 1488 261 1489
f 261 260 1489
f 1489 260 1490
f 260 258 1490
f 1490 258 1491
f 258 257 1491
f 1491 257 1492
f 257 281 1492
f 1492 281 1493
f 281 280 1493
f 1493 280 1494
f 280 279 1494
f 1494 279 1495
f 279 278 1495
f 1495 278 1496
f 278 277 1496
f 1496 277 1497
f 277 269 1497
f 1497 269 1498
f 269 268 1498
f 1498 268 1499
f 268 267 1499
f 1499 267 1500
f 267 318 1500
f 1500 318 1501
f 318 317 1501
f 1501 317 1502
f 317 315 1502
f 1502 315 1503
f 315 314 1503
f 1503 314 1504
f 314 331 1504
f 1504 331 1505
f 331 330 1505
f 1505 330 1506
f 330 329 1506
f 1506 329 1507
f 329 326 1507
f 1507 326 1508
f 326 325 1508
f 1508 325 1509
f 325 324 1509
f 1509 324 1510
f 324 328 1510
f 1510 328 1511
f 328 327 1511
f 1511 327 1512
f 327 323 1512
f 1512 323 1513
f 323 322 1513
f 1513 322 1514
f 322 320 1514
f 1514 320 1515
f 320 319 1515
f 1515 319 1516
f 319 266 1516
f 1516 266 1517
f 266 265 1517
f 1517 265 1518
f 265 276 1518
f 1518 276 1519
f 276 275 1519
f 1519 275 1520
f 275 264 1520
f 1520 264 1521
f 264 263 1521
f 1521 263 1522
f 263 262 1522
f 1522 262 1523
f 262 256 1523
f 1523 256 1524
f 256 255 1524
f 1524 255 1525
f 255 274 1525
f 1525 274 1526
f 274 273 1526
f 1526 273 1527
f 273 271 1527
f 1527 271 1528
f 271 270 1528
f 1528 270 1529
f 270 297 1529
f 1529 297 1530
f 297 296 1530
f 1530 296 1531
f 296 295 1531
f 1531 295 1532
f 295 294 1532
f 1532 294 1533
f 294 293 1533
f 1533 293 1534
f 293 309 1534
f 1534 309 1535
f 309 308 1535
f 1535 308 1536
f 308 307 1536
f 1536 307 1537
f 307 313 1537
f 1537 313 1538
f 313 312 1538
f 1538 312 1539
f 312 306 1539
f 1539 306 1540
f 306 305 1540
f 1540 305 1541
f 305 304 1541
f 1541 304 1542
f 304 303 1542
f 1542 303 1543
f 303 302 1543
f 1543 302 1544
f 302 301 1544
f 1544 301 1545
f 301 311 1545
f 1545 311 1546
f 311 310 1546
f 1546 310 1547
f 310 300 1547
f 1547 300 1548
f 300 299 1548
f 1548 299 1549
f 299 298 1549
f 1549 298 1550
f 298 292 1550
f 1550 292 1551
f 292 291 1551
f 1551 291 1552
f 291 290 1552
f 1552 290 1553
f 290 289 1553
f 1553 289 1554
f 289 288 1554
f 1554 288 1555
f 288 286 1555
f 1555 286 1556
f 286 285 1556
f 1556 285 1557
f 285 284 1557
f 1557 284 1558
f 284 283 1558
f 1558 283 1559
f 283 282 1559
f 1559 282 1488
f 282 261 1488
f 1483 1485 1560
f 1483 1560 1561
f 1560 1562 1561
f 1561 1562 1563
f 1562 1564 1563
f 1563 1564 1565
f 1564 1566 1565
f 1565 1566 1567
f 1566 1568 1567
f 1567 1568 1569
f 1568 1570 1569
f 1569 1570 1571
f 1570 1572 1571
f 1571 1572 1573
f 1572 1574 1573
f 1573 1574 1575
f 1574 1576 1575
f 1575 1576 1577
f 1576 1578 1577
f 1577 1578 1579
f 1578 1580 1579
f 1579 1580 1581
f 1580 1582 1581
f 1581 1582 1583
f 1582 1584 1583
f 1583 1584 1585
f 1584 1586 1585
f 1585 1586 1587
f 1586 1588 1587
f 1587 1588 1589
f 1588 1590 1589
f 1589 1590 1591
f 1590 1592 1591
f 1591 1592 1593
f 1592 1594 1593
f 1593 1594 1595
f 1596 1597 1598
f 1596 1598 1594
f 1598 1599 1594
f 1594 1599 1595
f 1600 361 1601
f 361 354 1601
f 1601 354 1602
f 354 353 1602
f 1602 353 1603
f 353 352 1603
f 1603 352 1604
f 352 351 1604
f 1604 351 1605
f 351 350 1605
f 1605 350 1606
f 350 349 1606
f 1606 349 1607
f 349 344 1607
f 1607 344 1608
f 344 343 1608
f 1608 343 1609
f 343 342 1609
f 1609 342 1610
f 342 341 1610
f 1610 341 1611
f 341 340 1611
f 1611 340 1612
f 340 339 1612
f 1612 339 1613
f 339 333 1613
f 1613 333 1614
f 333 332 1614
f 1614 332 1615
f 332 367 1615
f 1615 367 1616
f 367 366 1616
f 1616 366 1617
f 366 365 1617
f 1617 365 1618
f 365 360 1618
f 1618 360 1619
f 360 359 1619
f 1619 359 1620
f 359 381 1620
f 1620 381 1621
f 381 380 1621
f 1621 380 1622
f 380 379 1622
f 1622 379 1623
f 379 398 1623
f 1623 398 1624
f 398 397 1624
f 1624 397 1625
f 397 396 1625
f 1625 396 1626
f 396 395 1626
f 1626 395 1627
f 395 394 1627
f 1627 394 1628
f 394 393 1628
f 1628 393 1629
f 393 392 1629
f 1629 392 1630
f 392 391 1630
f 1630 391 1631
f 391 389 1631
f 1631 389 1632
f 389 388 1632
f 1632 388 1633
f 388 405 1633
f 1633 405 1634
f 405 404 1634
f 1634 404 1635
f 404 400 1635
f 1635 400 1636
f 400 399 1636
f 1636 399 1637
f 399 408 1637
f 1637 408 1638
f 408 407 1638
f 1638 407 1639
f 407 406 1639
f 1639 406 1640
f 406 403 1640
f 1640 403 1641
f 403 402 1641
f 1641 402 1642
f 402 401 1642
f 1642 401 1643
f 401 387 1643
f 1643 387 1644
f 387 386 1644
f 1644 386 1645
f 386 385 1645
f 1645 385 1646
f 385 378 1646
f 1646 378 1647
f 378 377 1647
f 1647 377 1648
f 377 384 1648
f 1648 384 1649
f 384 383 1649
f 1649 383 1650
f 383 382 1650
f 1650 382 1651
f 382 376 1651
f 1651 376 1652
f 376 375 1652
f 1652 375 1653
f 375 374 1653
f 1653 374 1654
f 374 348 1654
f 1654 348 1655
f 348 346 1655
f 1655 346 1656
f 346 345 1656
f 1656 345 1657
f 345 357 1657
f 1657 357 1658
f 357 356 1658
f 1658 356 1659
f 356 355 1659
f 1659 355 1660
f 355 338 1660
f 1660 338 1661
f 338 336 1661
f 1661 336 1662
f 336 335 1662
f 1662 335 1663
f 335 373 1663
f 1663 373 1664
f 373 372 1664
f 1664 372 1665
f 372 369 1665
f 1665 369 1666
f 369 368 1666
f 1666 368 1667
f 368 371 1667
f 1667 371 1668
f 371 370 1668
f 1668 370 1669
f 370 364 1669
f 1669 364 1670
f 364 363 1670
f 1670 363 1671
f 363 362 1671
f 1671 362 1600
f 362 361 1600
f 1597 1596 1672
f 1597 1672 1673
f 1672 1674 1673
f 1673 1674 1675
f 1674 1676 1675
f 1675 1676 1677
f 1676 1678 1677
f 1677 1678 1679
f 1678 1680 1679
f 1679 1680 1681
f 1680 1682 1681
f 1681 1682 1683
f 1682 1684 1683
f 1683 1684 1685
f 1684 1686 1685
f 1685 1686 1687
f 1686 1688 1687
f 1687 1688 1689
f 1688 1690 1689
f 1689 1690 1691
f 1690 1692 1691
f 1691 1692 1693
f 1692 1694 1693
f 1693 1694 1695
f 1694 1696 1695
f 1695 1696 1697
f 1696 1698 1697
f 1697 1698 1699
f 1698 1700 1699
f 1699 1700 1701
f 1700 1702 1701
f 1701 1702 1703
f 1702 1704 1703
f 1703 1704 1705
f 1704 85 1705
f 1705 85 1706
f 85 87 1706
f 87 803 1706
f 1706 803 1707
f 803 1708 1707
f 1707 1708 1709
f 1710 1711 1712
f 1713 1714 1715
f 1714 1716 1715
f 1715 1716 1717
f 1718 1712 1719
f 1712 1720 1719
f 1718 1721 1712
f 1721 1722 1712
f 1712 1722 1710
f 1711 1723 1712
f 1723 1724 1712
f 1712 1724 1715
f 1724 1725 1715
f 1725 1726 1715
f 1726 1727 1715
f 1715 1727 1728
f 1728 1729 1715
f 1729 1730 1715
f 1715 1730 1713
f 1720 1712 1731
f 1712 1732 1731
f 641 1297 1295
f 641 1295 678
f 1295 1293 678
f 678 1293 680
f 1293 1291 680
f 680 1291 682
f 1291 1289 682
f 682 1289 684
f 1289 1287 684
f 684 1287 685
f 1287 1285 685
f 685 1285 631
f 1285 1283 631
f 631 1283 633
f 1283 1281 633
f 633 1281 635
f 1281 1279 635
f 635 1279 637
f 1279 1277 637
f 637 1277 653
f 1277 1275 653
f 653 1275 654
f 1275 1273 654
f 654 1273 656
f 1273 1271 656
f 656 1271 658
f 1271 1269 658
f 658 1269 660
f 1269 1267 660
f 660 1267 670
f 1267 1265 670
f 670 1265 671
f 1265 1263 671
f 671 1263 673
f 1263 82 673
f 673 82 81
f 46 1733 42
f 1733 1734 42
f 1735 47 1734
f 47 43 1734
f 1734 43 42
f 1736 49 1735
f 49 48 1735
f 1735 48 47
f 1737 51 1736
f 51 50 1736
f 1736 50 49
f 1738 53 1737
f 53 52 1737
f 1737 52 51
f 1739 55 1738
f 55 54 1738
f 1738 54 53
f 1740 57 1739
f 57 56 1739
f 1739 56 55
f 60 59 1740
f 59 58 1740
f 1740 58 57
f 1740 1741 60
f 1741 1742 60
f 60 1742 41
f 1743 62 1744
f 62 2 1744
f 1744 2 1
f 5 1745 44
f 1745 1746 44
f 1747 937 1748
f 937 939 1748
f 1748 939 1749
f 939 941 1749
f 1749 941 1750
f 941 943 1750
f 1750 943 1751
f 943 945 1751
f 1751 945 1752
f 945 947 1752
f 1752 947 1753
f 947 949 1753
f 1753 949 1754
f 949 951 1754
f 1754 951 1755
f 951 953 1755
f 1755 953 1756
f 953 955 1756
f 1756 955 1757
f 955 957 1757
f 1757 957 1758
f 957 959 1758
f 1758 959 1759
f 959 961 1759
f 1759 961 1760
f 961 963 1760
f 1760 963 1761
f 963 965 1761
f 1761 965 1762
f 965 967 1762
f 1762 967 1763
f 967 969 1763
f 1763 969 1764
f 969 827 1764
f 1764 827 1765
f 827 829 1765
f 1765 829 1766
f 829 831 1766
f 1766 831 1767
f 831 833 1767
f 1767 833 1768
f 833 835 1768
f 1768 835 1769
f 835 837 1769
f 1769 837 1770
f 837 839 1770
f 1770 839 1771
f 839 841 1771
f 1771 841 1772
f 841 843 1772
f 1772 843 1773
f 843 845 1773
f 1773 845 1774
f 845 847 1774
f 1774 847 1775
f 847 849 1775
f 1775 849 1776
f 849 851 1776
f 1776 851 1777
f 851 853 1777
f 1777 853 1778
f 853 855 1778
f 1778 855 1779
f 855 857 1779
f 1779 857 1780
f 857 859 1780
f 1780 859 1781
f 859 861 1781
f 1781 861 1782
f 861 863 1782
f 1782 863 1783
f 863 865 1783
f 1783 865 1784
f 865 867 1784
f 1784 867 1785
f 867 869 1785
f 1785 869 1786
f 869 871 1786
f 1786 871 1787
f 871 873 1787
f 1787 873 1788
f 873 875 1788
f 1788 875 1789
f 875 877 1789
f 1789 877 1790
f 877 879 1790
f 1790 879 1791
f 879 881 1791
f 1791 881 1792
f 881 883 1792
f 1792 883 1793
f 883 885 1793
f 1793 885 1794
f 885 887 1794
f 1794 887 1795
f 887 889 1795
f 1795 889 1796
f 889 891 1796
f 1796 891 1797
f 891 893 1797
f 1797 893 1798
f 893 895 1798
f 1798 895 1799
f 895 897 1799
f 1799 897 1800
f 897 899 1800
f 1800 899 1801
f 899 901 1801
f 1801 901 1802
f 901 903 1802
f 1802 903 1803
f 903 905 1803
f 1803 905 1804
f 905 907 1804
f 1804 907 1805
f 907 909 1805
f 1805 909 1806
f 909 911 1806
f 1806 911 1807
f 911 913 1807
f 1807 913 1808
f 913 915 1808
f 1808 915 1809
f 915 917 1809
f 1809 917 1810
f 917 919 1810
f 1810 919 1811
f 919 921 1811
f 1811 921 1812
f 921 923 1812
f 1812 923 1813
f 923 925 1813
f 1813 925 1814
f 925 927 1814
f 1814 927 1815
f 927 929 1815
f 1815 929 1816
f 929 931 1816
f 1816 931 1817
f 931 933 1817
f 1817 933 1818
f 933 935 1818
f 1818 935 1747
f 935 937 1747
f 1819 1013 1820
f 1013 1015 1820
f 1820 1015 1821
f 1015 1017 1821
f 1821 1017 1822
f 1017 1019 1822
f 1822 1019 1823
f 1019 1021 1823
f 1823 1021 1824
f 1021 1023 1824
f 1824 1023 1825
f 1023 1025 1825
f 1825 1025 1826
f 1025 1027 1826
f 1826 1027 1827
f 1027 1029 1827
f 1827 1029 1828
f 1029 1031 1828
f 1828 1031 1829
f 1031 1033 1829
f 1829 1033 1830
f 1033 1035 1830
f 1830 1035 1831
f 1035 1037 1831
f 1831 1037 1832
f 1037 1039 1832
f 1832 1039 1833
f 1039 1041 1833
f 1833 1041 1834
f 1041 1043 1834
f 1834 1043 1835
f 1043 1045 1835
f 1835 1045 1836
f 1045 1047 1836
f 1836 1047 1837
f 1047 1049 1837
f 1837 1049 1838
f 1049 1051 1838
f 1838 1051 1839
f 1051 1053 1839
f 1839 1053 1840
f 1053 1055 1840
f 1840 1055 1841
f 1055 1057 1841
f 1841 1057 1842
f 1057 1059 1842
f 1842 1059 1843
f 1059 1061 1843
f 1843 1061 1844
f 1061 1063 1844
f 1844 1063 1845
f 1063 1065 1845
f 1845 1065 1846
f 1065 1067 1846
f 1846 1067 1847
f 1067 1069 1847
f 1847 1069 1848
f 1069 1071 1848
f 1848 1071 1849
f 1071 1073 1849
f 1849 1073 1850
f 1073 1075 1850
f 1850 1075 1851
f 1075 1077 1851
f 1851 1077 1852
f 1077 1079 1852
f 1852 1079 1853
f 1079 1081 1853
f 1853 1081 1854
f 1081 1083 1854
f 1854 1083 1855
f 1083 1085 1855
f 1855 1085 1856
f 1085 1087 1856
f 1856 1087 1857
f 1087 1089 1857
f 1857 1089 1858
f 1089 1091 1858
f 1858 1091 1859
f 1091 1093 1859
f 1859 1093 1860
f 1093 1095 1860
f 1860 1095 1861
f 1095 1097 1861
f 1861 1097 1862
f 1097 1099 1862
f 1862 1099 1863
f 1099 1101 1863
f 1863 1101 1864
f 1101 1103 1864
f 1864 1103 1865
f 1103 1105 1865
f 1865 1105 1866
f 1105 1107 1866
f 1866 1107 1867
f 1107 1109 1867
f 1867 1109 1868
f 1109 1111 1868
f 1868 1111 1869
f 1111 1113 1869
f 1869 1113 1870
f 1113 971 1870
f 1870 971 1871
f 971 973 1871
f 1871 973 1872
f 973 975 1872
f 1872 975 1873
f 975 977 1873
f 1873 977 1874
f 977 979 1874
f 1874 979 1875
f 979 981 1875
f 1875 981 1876
f 981 983 1876
f 1876 983 1877
f 983 985 1877
f 1877 985 1878
f 985 987 1878
f 1878 987 1879
f 987 989 1879
f 1879 989 1880
f 989 991 1880
f 1880 991 1881
f 991 993 1881
f 1881 993 1882
f 993 995 1882
f 1882 995 1883
f 995 997 1883
f 1883 997 1884
f 997 999 1884
f 1884 999 1885
f 999 1001 1885
f 1885 1001 1886
f 1001 1003 1886
f 1886 1003 1887
f 1003 1005 1887
f 1887 1005 1888
f 1005 1007 1888
f 1888 1007 1889
f 1007 1009 1889
f 1889 1009 1890
f 1009 1011 1890
f 1890 1011 1819
f 1011 1013 1819
f 15 1891 8
f 1891 1892 8
f 1893 16 1892
f 16 9 1892
f 1892 9 8
f 1894 18 1893
f 18 17 1893
f 1893 17 16
f 1895 23 1894
f 23 22 1894
f 1894 22 18
f 1896 28 1895
f 28 24 1895
f 1895 24 23
f 1897 30 1896
f 30 29 1896
f 1896 29 28
f 1898 35 1897
f 35 34 1897
f 1897 34 30
f 38 37 1898
f 37 36 1898
f 1898 36 35
f 1898 1899 38
f 1899 1744 38
f 38 1744 1
f 1457 1458 1900
f 1458 1459 1900
f 1425 1426 1687
f 1459 1460 1900
f 1460 1461 1900
f 1900 1461 1462
f 1435 1436 1901
f 1447 1448 1900
f 1462 1463 1900
f 1463 1464 1900
f 1900 1464 1707
f 1464 1465 1707
f 1465 1466 1707
f 1466 1467 1707
f 1707 1467 1468
f 1471 1472 1707
f 1472 1473 1707
f 1707 1473 1474
f 1474 1475 1707
f 1475 1476 1707
f 1707 1476 1477
f 1426 1427 1687
f 1427 1428 1687
f 1687 1428 1429
f 1448 1449 1900
f 1449 1450 1900
f 1900 1450 1451
f 1468 1469 1707
f 1469 1470 1707
f 1707 1470 1471
f 1422 1687 1421
f 1687 1420 1421
f 1422 1423 1687
f 1423 1424 1687
f 1687 1424 1425
f 1432 1901 1431
f 1901 1430 1431
f 1432 1433 1901
f 1433 1434 1901
f 1901 1434 1435
f 1442 1443 1901
f 1443 1444 1901
f 1444 1445 1901
f 1445 1446 1901
f 1901 1446 1447
f 1451 1452 1900
f 1452 1453 1900
f 1900 1453 1454
f 1454 1455 1900
f 1455 1456 1900
f 1900 1456 1457
f 1436 1437 1901
f 1437 1438 1901
f 1901 1438 1439
f 1477 1478 1707
f 1478 1479 1707
f 1707 1479 1706
f 1479 1480 1706
f 1706 1480 1481
f 1439 1440 1901
f 1440 1441 1901
f 1901 1441 1442
f 1481 1482 1706
f 1482 1411 1706
f 1706 1411 1705
f 1411 1412 1705
f 1705 1412 1703
f 1412 1413 1703
f 1703 1413 1701
f 1413 1414 1701
f 1420 1687 1419
f 1687 1689 1419
f 1419 1689 1418
f 1689 1691 1418
f 1418 1691 1417
f 1691 1693 1417
f 1417 1693 1416
f 1693 1695 1416
f 1416 1695 1415
f 1695 1697 1415
f 1415 1697 1414
f 1697 1699 1414
f 1414 1699 1701
f 1598 1597 1687
f 1677 1679 1675
f 1679 1681 1675
f 1675 1681 1683
f 1597 1673 1687
f 1673 1675 1687
f 1687 1675 1685
f 1675 1683 1685
f 1581 1589 1591
f 1583 1585 1581
f 1585 1587 1581
f 1581 1587 1589
f 1902 1577 1579
f 1902 1579 1903
f 1573 1483 1571
f 1483 1561 1571
f 1571 1561 1563
f 1563 1565 1571
f 1565 1567 1571
f 1571 1567 1569
f 1392 1394 1406
f 1394 1396 1406
f 1406 1396 1398
f 1398 1400 1406
f 1400 1402 1406
f 1406 1402 1404
f 1301 1300 1904
f 1300 1376 1904
f 1376 1378 1904
f 1904 1378 1380
f 1386 1388 1904
f 1388 1390 1904
f 1904 1390 1392
f 1380 1382 1904
f 1382 1384 1904
f 1904 1384 1386
f 1349 1350 1302
f 1350 1351 1302
f 1355 1356 1298
f 1356 1357 1298
f 1298 1357 1358
f 1317 1318 1189
f 1318 1319 1189
f 1189 1319 1320
f 1327 1328 1905
f 1339 1340 1302
f 1351 1352 1302
f 1352 1353 1302
f 1302 1353 1298
f 1353 1354 1298
f 1298 1354 1355
f 1361 1362 1292
f 1340 1341 1302
f 1341 1342 1302
f 1302 1342 1343
f 1311 1312 1189
f 1312 1313 1189
f 1189 1313 1314
f 1314 1315 1189
f 1315 1316 1189
f 1189 1316 1317
f 1321 1322 1905
f 1322 1323 1905
f 1905 1323 1324
f 1324 1325 1905
f 1325 1326 1905
f 1905 1326 1327
f 1292 1362 1290
f 1362 1363 1290
f 1290 1363 1288
f 1363 1364 1288
f 1288 1364 1286
f 1364 1365 1286
f 1286 1365 1284
f 1365 1366 1284
f 1284 1366 1282
f 1366 1367 1282
f 1282 1367 1280
f 1367 1368 1280
f 1280 1368 1278
f 1334 1335 1905
f 1335 1336 1905
f 1336 1337 1905
f 1337 1338 1905
f 1905 1338 1339
f 1343 1344 1302
f 1344 1345 1302
f 1302 1345 1346
f 1346 1347 1302
f 1347 1348 1302
f 1302 1348 1349
f 1358 1359 1298
f 1359 1360 1298
f 1298 1360 1296
f 1360 1361 1296
f 1296 1361 1294
f 1361 1292 1294
f 1308 1309 1189
f 1309 1310 1189
f 1189 1310 1311
f 1328 1329 1905
f 1329 1330 1905
f 1905 1330 1331
f 1331 1332 1905
f 1332 1333 1905
f 1905 1333 1334
f 1278 1368 1276
f 1368 1369 1276
f 1276 1369 1274
f 1369 1370 1274
f 1274 1370 1272
f 1370 1371 1272
f 1272 1371 1270
f 1371 1372 1270
f 1270 1372 1268
f 1372 1373 1268
f 1268 1373 1266
f 1266 1373 1264
f 1373 1374 1264
f 1264 1374 1187
f 1374 1303 1187
f 1187 1303 1304
f 1304 1305 1187
f 1305 1306 1187
f 1187 1306 1189
f 1306 1307 1189
f 1189 1307 1308
f 1320 1321 1189
f 1321 1905 1189
f 1189 1905 1190
f 1906 1907 1908
f 1907 1909 1908
f 1909 1910 1908
f 1910 1911 1908
f 1908 1911 1905
f 1911 1912 1905
f 1905 1912 1190
f 1152 1153 1904
f 1148 1149 1913
f 1149 1150 1913
f 1913 1150 1904
f 1150 1151 1904
f 1904 1151 1152
f 1153 1154 1904
f 1154 1155 1904
f 1904 1155 1156
f 1175 1176 1908
f 1179 1914 1915
f 1185 1916 1184
f 1916 1183 1184
f 1185 1186 1916
f 1186 1115 1916
f 1916 1115 1116
f 1176 1177 1908
f 1177 1178 1908
f 1908 1178 1179
f 1917 1918 1181
f 1918 1919 1181
f 1181 1919 1180
f 1919 1920 1180
f 1180 1920 1179
f 1920 1921 1179
f 1179 1921 1914
f 1922 1923 1908
f 1923 1924 1908
f 1908 1924 1906
f 1917 1181 1916
f 1181 1182 1916
f 1916 1182 1183
f 1120 1121 1925
f 1161 1904 1160
f 1904 1159 1160
f 1915 1926 1179
f 1926 1927 1179
f 1179 1927 1908
f 1927 1928 1908
f 1908 1928 1922
f 1116 1117 1916
f 1117 1118 1916
f 1916 1118 1925
f 1118 1119 1925
f 1925 1119 1120
f 1156 1157 1904
f 1157 1158 1904
f 1904 1158 1159
f 1127 1128 1925
f 1128 1129 1925
f 1925 1129 1130
f 1161 1162 1904
f 1162 1163 1904
f 1904 1163 1164
f 1169 1904 1168
f 1904 1167 1168
f 1170 1171 1908
f 1171 1172 1908
f 1164 1165 1904
f 1165 1166 1904
f 1904 1166 1167
f 1172 1173 1908
f 1173 1174 1908
f 1908 1174 1175
f 1121 1122 1925
f 1122 1123 1925
f 1925 1123 1124
f 1124 1125 1925
f 1125 1126 1925
f 1925 1126 1127
f 1130 1131 1925
f 1131 1132 1925
f 1925 1132 1913
f 1132 1133 1913
f 1913 1133 1134
f 1140 1141 1913
f 1913 1144 1145
f 1134 1135 1913
f 1135 1136 1913
f 1913 1136 1137
f 1145 1146 1913
f 1146 1147 1913
f 1913 1147 1148
f 1137 1138 1913
f 1138 1139 1913
f 1913 1139 1140
f 1141 1142 1913
f 1142 1143 1913
f 1913 1143 1144
f 1553 1554 1925
f 1521 1522 1902
f 1522 1523 1902
f 1529 1913 1528
f 1913 1527 1528
f 1489 1490 1929
f 1490 1491 1929
f 1523 1524 1902
f 1524 1525 1902
f 1902 1525 1913
f 1525 1526 1913
f 1913 1526 1527
f 1548 1549 1925
f 1549 1550 1925
f 1558 1559 1929
f 1559 1488 1929
f 1929 1488 1489
f 1550 1551 1925
f 1551 1552 1925
f 1925 1552 1553
f 1554 1555 1925
f 1555 1556 1925
f 1925 1556 1929
f 1556 1557 1929
f 1929 1557 1558
f 1534 1913 1533
f 1913 1532 1533
f 1529 1530 1913
f 1530 1531 1913
f 1913 1531 1532
f 1930 1931 1495
f 1931 1932 1495
f 1502 1903 1501
f 1903 1500 1501
f 1534 1535 1913
f 1535 1536 1913
f 1913 1536 1537
f 1540 1541 1913
f 1541 1542 1913
f 1913 1542 1925
f 1542 1543 1925
f 1543 1544 1925
f 1925 1544 1545
f 1932 1933 1495
f 1933 1934 1495
f 1495 1934 1935
f 1935 1936 1495
f 1936 1937 1495
f 1495 1937 1938
f 1537 1538 1913
f 1538 1539 1913
f 1913 1539 1540
f 1545 1546 1925
f 1546 1547 1925
f 1925 1547 1548
f 1902 1506 1507
f 1513 1514 1902
f 1902 1517 1518
f 1491 1492 1929
f 1492 1493 1929
f 1929 1493 1938
f 1493 1494 1938
f 1938 1494 1495
f 1497 1498 1903
f 1498 1499 1903
f 1903 1499 1500
f 1502 1503 1903
f 1503 1504 1903
f 1903 1504 1902
f 1504 1505 1902
f 1902 1505 1506
f 1507 1508 1902
f 1508 1509 1902
f 1902 1509 1510
f 1518 1519 1902
f 1519 1520 1902
f 1902 1520 1521
f 1939 1940 1903
f 1940 1941 1903
f 1510 1511 1902
f 1511 1512 1902
f 1902 1512 1513
f 1514 1515 1902
f 1515 1516 1902
f 1902 1516 1517
f 1497 1903 1496
f 1903 1941 1496
f 1496 1941 1495
f 1941 1942 1495
f 1495 1942 1930
f 1903 1943 1944
f 1944 1945 1903
f 1945 1946 1903
f 1903 1946 1939
f 1943 1903 1947
f 1903 1900 1947
f 1947 1900 1948
f 1900 1707 1948
f 1948 1707 1709
f 1573 1575 1483
f 1575 1577 1483
f 1483 1577 1484
f 1577 1902 1484
f 1484 1902 1486
f 1902 1913 1486
f 1486 1913 1487
f 1913 1904 1487
f 1487 1904 1410
f 1904 1392 1410
f 1410 1392 1408
f 1392 1406 1408
f 1169 1170 1904
f 1170 1908 1904
f 1904 1908 1301
f 1908 1227 1301
f 1233 1234 1301
f 1261 1262 1302
f 1197 1198 1905
f 1201 1202 1905
f 1202 1203 1905
f 1215 1216 1908
f 1219 1220 1908
f 1220 1221 1908
f 1221 1222 1908
f 1222 1223 1908
f 1908 1223 1224
f 1227 1228 1301
f 1228 1229 1301
f 1301 1229 1230
f 1230 1231 1301
f 1231 1232 1301
f 1301 1232 1233
f 1234 1235 1301
f 1235 1236 1301
f 1301 1236 1237
f 1237 1238 1301
f 1238 1239 1301
f 1301 1239 1240
f 1198 1199 1905
f 1199 1200 1905
f 1905 1200 1201
f 1203 1204 1905
f 1204 1205 1905
f 1905 1205 1206
f 1216 1217 1908
f 1217 1218 1908
f 1908 1218 1219
f 1224 1225 1908
f 1225 1226 1908
f 1908 1226 1227
f 1251 1252 1302
f 1252 1253 1302
f 1302 1253 1254
f 1247 1248 1302
f 1302 1257 1258
f 1339 1302 1905
f 1302 1262 1905
f 1905 1262 1191
f 1191 1192 1905
f 1192 1193 1905
f 1905 1193 1194
f 1194 1195 1905
f 1195 1196 1905
f 1905 1196 1197
f 1212 1908 1211
f 1908 1210 1211
f 1212 1213 1908
f 1213 1214 1908
f 1908 1214 1215
f 1240 1241 1301
f 1241 1242 1301
f 1301 1242 1243
f 1248 1249 1302
f 1249 1250 1302
f 1302 1250 1251
f 1254 1255 1302
f 1255 1256 1302
f 1302 1256 1257
f 1258 1259 1302
f 1259 1260 1302
f 1302 1260 1261
f 1206 1207 1905
f 1207 1208 1905
f 1905 1208 1908
f 1208 1209 1908
f 1908 1209 1210
f 1243 1244 1301
f 1244 1245 1301
f 1301 1245 1302
f 1245 1246 1302
f 1302 1246 1247
f 1591 1593 1581
f 1593 1595 1581
f 1581 1595 1579
f 1595 1949 1579
f 1579 1949 1903
f 1949 1636 1903
f 1642 1643 1903
f 1670 1671 1900
f 1606 1607 1901
f 1610 1611 1901
f 1611 1612 1901
f 1901 1612 1613
f 1624 1625 1949
f 1628 1629 1949
f 1629 1630 1949
f 1630 1631 1949
f 1631 1632 1949
f 1949 1632 1633
f 1636 1637 1903
f 1637 1638 1903
f 1903 1638 1639
f 1639 1640 1903
f 1640 1641 1903
f 1903 1641 1642
f 1643 1644 1903
f 1644 1645 1903
f 1903 1645 1646
f 1646 1647 1903
f 1647 1648 1903
f 1903 1648 1649
f 1607 1608 1901
f 1608 1609 1901
f 1901 1609 1610
f 1625 1626 1949
f 1626 1627 1949
f 1949 1627 1628
f 1633 1634 1949
f 1634 1635 1949
f 1949 1635 1636
f 1660 1661 1900
f 1661 1662 1900
f 1900 1662 1663
f 1620 1621 1949
f 1656 1657 1900
f 1900 1666 1667
f 1447 1900 1901
f 1900 1671 1901
f 1901 1671 1600
f 1600 1601 1901
f 1601 1602 1901
f 1901 1602 1603
f 1603 1604 1901
f 1604 1605 1901
f 1901 1605 1606
f 1613 1614 1901
f 1614 1615 1901
f 1901 1615 1616
f 1621 1622 1949
f 1622 1623 1949
f 1949 1623 1624
f 1649 1650 1903
f 1650 1651 1903
f 1903 1651 1652
f 1657 1658 1900
f 1658 1659 1900
f 1900 1659 1660
f 1663 1664 1900
f 1664 1665 1900
f 1900 1665 1666
f 1667 1668 1900
f 1668 1669 1900
f 1900 1669 1670
f 1616 1617 1901
f 1617 1618 1901
f 1901 1618 1949
f 1618 1619 1949
f 1949 1619 1620
f 1652 1653 1903
f 1653 1654 1903
f 1903 1654 1900
f 1654 1655 1900
f 1900 1655 1656
f 1429 1430 1687
f 1430 1901 1687
f 1687 1901 1598
f 1901 1949 1598
f 1598 1949 1599
f 1949 1595 1599
f 86 85 1704
f 86 1704 588
f 1704 1702 588
f 588 1702 589
f 1702 1700 589
f 589 1700 591
f 1700 1698 591
f 591 1698 593
f 1698 1696 593
f 593 1696 595
f 1696 1694 595
f 595 1694 596
f 1694 1692 596
f 596 1692 580
f 1692 1690 580
f 580 1690 578
f 1690 1688 578
f 578 1688 576
f 1688 1686 576
f 576 1686 574
f 1686 1684 574
f 574 1684 524
f 1684 1682 524
f 524 1682 523
f 1682 1680 523
f 523 1680 521
f 1680 1678 521
f 521 1678 525
f 1678 1676 525
f 525 1676 526
f 1676 1674 526
f 526 1674 527
f 1674 1672 527
f 527 1672 528
f 1672 1596 528
f 528 1596 522
f 1950 1929 1938
f 1950 1938 1951
f 1938 1937 1951
f 1951 1937 1952
f 1937 1936 1952
f 1952 1936 1953
f 1936 1935 1953
f 1953 1935 1954
f 1935 1934 1954
f 1954 1934 1955
f 1934 1933 1955
f 1955 1933 1956
f 1933 1932 1956
f 1956 1932 1957
f 1932 1931 1957
f 1957 1931 1958
f 1931 1930 1958
f 1958 1930 1959
f 1930 1942 1959
f 1959 1942 1960
f 1942 1941 1960
f 1960 1941 1961
f 1941 1940 1961
f 1961 1940 1962
f 1940 1939 1962
f 1962 1939 1963
f 1939 1946 1963
f 1963 1946 1964
f 1946 1945 1964
f 1964 1945 1965
f 1945 1944 1965
f 1965 1944 1966
f 1944 1943 1966
f 1966 1943 1967
f 1943 1947 1967
f 1967 1947 1968
f 1969 1970 45
f 1970 1971 45
f 45 1971 46
f 1971 1733 46
f 1297 641 629
f 629 411 1297
f 411 424 1297
f 1297 424 1299
f 424 93 1299
f 1299 93 92
f 1929 1950 1925
f 1950 1972 1925
f 1925 1972 1916
f 1969 45 44
f 44 1746 1969
f 1746 1973 1969
f 1969 1973 1974
f 723 1594 1592
f 723 1592 514
f 1592 1590 514
f 514 1590 515
f 1590 1588 515
f 515 1588 516
f 1588 1586 516
f 516 1586 518
f 1586 1584 518
f 518 1584 519
f 1584 1582 519
f 519 1582 520
f 1582 1580 520
f 520 1580 517
f 1580 1578 517
f 517 1578 513
f 1578 1576 513
f 513 1576 512
f 1576 1574 512
f 512 1574 505
f 1574 1572 505
f 505 1572 508
f 1572 1570 508
f 508 1570 507
f 1570 1568 507
f 507 1568 506
f 1568 1566 506
f 506 1566 509
f 1566 1564 509
f 509 1564 510
f 1564 1562 510
f 510 1562 503
f 1562 1560 503
f 503 1560 504
f 1560 1485 504
f 504 1485 511
f 1975 1911 1910
f 1975 1910 1976
f 1910 1909 1976
f 1976 1909 1977
f 1909 1907 1977
f 1977 1907 1978
f 1907 1906 1978
f 1978 1906 1979
f 1906 1924 1979
f 1979 1924 1980
f 1924 1923 1980
f 1980 1923 1981
f 1923 1922 1981
f 1981 1922 1982
f 1922 1928 1982
f 1982 1928 1983
f 1928 1927 1983
f 1983 1927 1984
f 1927 1926 1984
f 1984 1926 1985
f 1926 1915 1985
f 1985 1915 1986
f 1915 1914 1986
f 1986 1914 1987
f 1914 1921 1987
f 1987 1921 1988
f 1921 1920 1988
f 1988 1920 1989
f 1920 1919 1989
f 1989 1919 1990
f 1919 1918 1990
f 1990 1918 1991
f 1918 1917 1991
f 1991 1917 1992
f 1917 1916 1992
f 1992 1916 1972
f 494 1409 1407
f 494 1407 496
f 1407 1405 496
f 496 1405 497
f 1405 1403 497
f 497 1403 498
f 1403 1401 498
f 498 1401 499
f 1401 1399 499
f 499 1399 500
f 1399 1397 500
f 500 1397 501
f 1397 1395 501
f 501 1395 502
f 1395 1393 502
f 502 1393 495
f 1393 1391 495
f 495 1391 488
f 1391 1389 488
f 488 1389 487
f 1389 1387 487
f 487 1387 486
f 1387 1385 486
f 486 1385 491
f 1385 1383 491
f 491 1383 492
f 1383 1381 492
f 492 1381 483
f 1381 1379 483
f 483 1379 484
f 1379 1377 484
f 484 1377 489
f 1377 1375 489
f 489 1375 490
f 1375 1299 490
f 490 1299 92
f 1743 1993 62
f 1993 61 62
f 61 1993 79
f 1993 1994 79
f 79 1994 80
f 80 1994 76
f 1994 1995 76
f 76 1995 77
f 77 1995 78
f 1995 1996 78
f 78 1996 73
f 73 1996 74
f 1996 1997 74
f 74 1997 75
f 75 1997 70
f 1997 1998 70
f 70 1998 71
f 71 1998 72
f 1998 1999 72
f 72 1999 65
f 65 1999 63
f 1999 2000 63
f 63 2000 64
f 64 2000 69
f 2000 2001 69
f 69 2001 68
f 719 522 1596
f 723 722 1594
f 722 721 1594
f 1594 721 1596
f 721 720 1596
f 1596 720 719
f 2002 1188 2003
f 1188 1190 2003
f 2003 1190 1975
f 1190 1912 1975
f 1975 1912 1911
f 67 66 2004
f 2005 67 2006
f 67 2004 2006
f 2006 2004 2007
f 14 2008 15
f 2008 1891 15
f 798 511 1485
f 1409 494 493
f 493 801 1409
f 801 800 1409
f 1409 800 1485
f 800 799 1485
f 1485 799 798
f 1708 2009 1709
f 2009 2010 1709
f 1709 2010 1948
f 2010 1968 1948
f 1948 1968 1947
f 68 2001 66
f 2001 2011 66
f 66 2011 2004
f 2011 2012 2004
f 41 1742 7
f 1742 2013 7
f 7 2013 6
f 67 2005 3
f 2005 2014 3
f 2013 2015 6
f 2015 4 6
f 4 2015 39
f 2015 2016 39
f 39 2016 40
f 40 2016 31
f 2016 2017 31
f 31 2017 32
f 32 2017 33
f 2017 2018 33
f 33 2018 25
f 25 2018 26
f 2018 2019 26
f 26 2019 27
f 27 2019 19
f 2019 2020 19
f 19 2020 20
f 20 2020 21
f 2020 2021 21
f 21 2021 12
f 12 2021 10
f 2021 2022 10
f 10 2022 11
f 11 2022 13
f 2022 2008 13
f 13 2008 14
f 2023 1782 2024
f 1782 1783 2024
f 2024 1783 2025
f 1792 1732 1791
f 1732 1790 1791
f 2026 2027 1752
f 1765 1766 1970
f 1766 1767 1970
f 1970 1767 1768
f 2028 1780 2029
f 1780 1781 2029
f 2029 1781 2030
f 1781 2031 2030
f 2023 2032 1782
f 2032 2033 1782
f 1782 2033 1781
f 2033 2034 1781
f 1781 2034 2031
f 1783 1784 2025
f 1784 1785 2025
f 2025 1785 1732
f 1785 1786 1732
f 1732 1786 1787
f 2035 2036 1969
f 2036 2037 1969
f 1969 2037 2038
f 1753 1754 1969
f 1754 1755 1969
f 1755 1756 1969
f 1756 1757 1969
f 1969 1757 1758
f 1787 1788 1732
f 1788 1789 1732
f 1732 1789 1790
f 1801 1731 1732
f 2039 2040 2041
f 1768 1769 1970
f 1769 1770 1970
f 1970 1770 1771
f 1771 1772 1970
f 1772 1773 1970
f 1970 1773 1774
f 1970 1777 2042
f 1777 1778 2042
f 1801 1802 1731
f 1802 1803 1731
f 1731 1803 1804
f 1804 1805 1731
f 1805 1806 1731
f 1731 1806 1807
f 2038 2043 1969
f 2043 2044 1969
f 1969 2044 2045
f 2046 2047 1752
f 2047 2048 1752
f 1752 2048 1751
f 1758 1759 1969
f 1759 1760 1969
f 1969 1760 1761
f 1774 1775 1970
f 1775 1776 1970
f 1970 1776 1777
f 1792 1793 1732
f 1793 1794 1732
f 1732 1794 1795
f 1807 1808 1731
f 1808 1809 1731
f 1731 1809 1810
f 1814 1815 2049
f 1731 2050 2051
f 2052 2053 2054
f 2027 2055 1752
f 2055 2056 1752
f 1752 2056 2046
f 1761 1762 1969
f 1762 1763 1969
f 1969 1763 1970
f 1763 1764 1970
f 1970 1764 1765
f 2057 2058 1779
f 2058 2059 1779
f 1779 2059 1778
f 2059 2060 1778
f 1778 2060 2042
f 2028 2061 1780
f 2061 2062 1780
f 1780 2062 1779
f 2062 2063 1779
f 1779 2063 2057
f 1795 1796 1732
f 1796 1797 1732
f 1732 1797 1798
f 1798 1799 1732
f 1799 1800 1732
f 1732 1800 1801
f 2049 2064 1731
f 2064 2065 1731
f 1731 2065 2050
f 2051 2066 1731
f 2066 2067 1731
f 1731 2067 2068
f 2067 2069 2068
f 2040 2070 2041
f 2070 2071 2041
f 2041 2071 2054
f 2071 2072 2054
f 2054 2072 2052
f 1969 1974 2073
f 1753 1969 1752
f 1969 2074 1752
f 1752 2074 2026
f 2075 2076 1750
f 2076 2077 1750
f 2077 2078 1750
f 2078 2079 1750
f 1750 2079 2080
f 1810 1811 1731
f 1811 1812 1731
f 1731 1812 2049
f 1812 1813 2049
f 2049 1813 1814
f 2069 2081 2068
f 2081 2082 2068
f 2068 2082 2041
f 2082 2083 2041
f 2041 2083 2039
f 2084 2085 1974
f 2085 2086 1974
f 1974 2086 2073
f 2073 2087 1969
f 2087 2088 1969
f 1969 2088 2089
f 2045 2090 1969
f 2090 2091 1969
f 1969 2091 2074
f 1751 2048 1750
f 2048 2092 1750
f 1750 2092 2075
f 1816 2093 1815
f 2093 2094 1815
f 2053 2095 2054
f 2095 2096 2054
f 2054 2096 2097
f 2096 2098 2097
f 2097 2098 2099
f 2089 2100 1969
f 2100 2101 1969
f 1969 2101 2102
f 2102 2103 1969
f 2103 2104 1969
f 1969 2104 2035
f 1816 1817 2093
f 1817 1818 2093
f 2093 1818 2105
f 1818 2106 2105
f 2094 2107 1815
f 2107 2108 1815
f 1815 2108 2109
f 2099 2110 2097
f 2110 2111 2097
f 2097 2111 1974
f 2111 2112 1974
f 1974 2112 2084
f 2106 1818 2113
f 1818 1747 2113
f 2113 1747 2114
f 1747 1748 2114
f 2114 1748 2080
f 1748 1749 2080
f 2080 1749 1750
f 2109 2115 1815
f 2115 2116 1815
f 1815 2116 2049
f 2117 2118 1950
f 2118 2119 1950
f 2120 1972 2121
f 1972 2122 2121
f 1738 2010 1739
f 2010 1740 1739
f 1738 1737 2010
f 1737 1736 2010
f 2010 1736 1735
f 1950 2123 1972
f 2123 2124 1972
f 1972 2124 2122
f 2119 2125 1950
f 2125 2126 1950
f 1950 2126 2123
f 2003 2000 1999
f 2127 2128 1968
f 2128 2129 1968
f 1968 2129 2130
f 1960 2131 1959
f 2131 2132 1959
f 1959 2132 1958
f 2132 1957 1958
f 1953 1954 2133
f 1954 1955 2133
f 2133 1955 2132
f 1955 1956 2132
f 2132 1956 1957
f 2117 1950 2134
f 1950 1951 2134
f 2134 1951 2133
f 1951 1952 2133
f 2133 1952 1953
f 1985 1986 2135
f 1999 1998 2003
f 1998 1997 2003
f 2003 1997 1996
f 1735 1734 2010
f 1734 1733 2010
f 2010 1733 1968
f 1733 1971 1968
f 1968 1971 2127
f 2130 2136 1968
f 2136 2137 1968
f 1968 2137 1967
f 2137 2138 1967
f 1967 2138 1966
f 1966 2138 1965
f 2138 2139 1965
f 1965 2139 1964
f 1982 1983 2140
f 2141 2142 1975
f 2142 2143 1975
f 1975 2143 2144
f 1996 1995 2003
f 1995 1994 2003
f 2003 1994 2145
f 1994 1993 2145
f 2145 1993 2146
f 1993 2147 2146
f 1960 1961 2131
f 1961 1962 2131
f 2131 1962 2139
f 1962 1963 2139
f 2139 1963 1964
f 2120 2148 1972
f 2148 2149 1972
f 1972 2149 1992
f 2149 2150 1992
f 1992 2150 1991
f 2150 2151 1991
f 1991 2151 1990
f 1986 1987 2135
f 1987 1988 2135
f 2135 1988 2151
f 1988 1989 2151
f 2151 1989 1990
f 2140 1983 2135
f 1983 1984 2135
f 2135 1984 1985
f 2141 1975 2152
f 1975 1976 2152
f 2152 1976 2153
f 1982 2140 1981
f 2140 2154 1981
f 1981 2154 1980
f 1976 1977 2153
f 1977 1978 2153
f 2153 1978 2154
f 1978 1979 2154
f 2154 1979 1980
f 2144 2155 1975
f 2155 2011 1975
f 1975 2011 2003
f 2011 2001 2003
f 2003 2001 2000
f 1740 2010 1741
f 2010 2156 1741
f 1741 2156 2157
f 2147 1993 2158
f 1993 1743 2158
f 2158 1743 2159
f 1899 1898 2160
f 1898 1897 2160
f 2160 1897 1896
f 2161 2162 1743
f 2162 2163 1743
f 1743 2163 2159
f 1896 1895 2160
f 1895 1894 2160
f 2160 1894 1893
f 2022 2021 2164
f 2021 2020 2164
f 2164 2020 2019
f 2019 2018 2164
f 2018 2017 2164
f 2164 2017 2016
f 2165 1743 2160
f 1743 1744 2160
f 2160 1744 1899
f 2166 2167 1743
f 2167 2168 1743
f 1743 2168 2161
f 2165 2169 1743
f 2169 2170 1743
f 1743 2170 2171
f 1893 1892 2160
f 1892 1891 2160
f 2160 1891 2164
f 1891 2008 2164
f 2164 2008 2022
f 2172 2173 1742
f 2157 2174 1741
f 2174 2175 1741
f 1741 2175 1742
f 2171 2176 1743
f 2176 2177 1743
f 1743 2177 2166
f 2178 2179 1742
f 2016 2015 2164
f 2015 2013 2164
f 2164 2013 2180
f 2013 1742 2180
f 2180 1742 2181
f 1742 2173 2181
f 2179 2182 1742
f 2182 2183 1742
f 1742 2183 2172
f 2175 2184 1742
f 2184 2185 1742
f 1742 2185 2186
f 2186 2187 1742
f 2187 2188 1742
f 1742 2188 2178
f 2160 2189 2190
f 2160 2190 2165
f 2190 2191 2165
f 2165 2191 2169
f 2191 2192 2169
f 2169 2192 2170
f 2192 2193 2170
f 2170 2193 2171
f 2193 2194 2171
f 2171 2194 2176
f 2194 2195 2176
f 2176 2195 2177
f 2195 2196 2177
f 2177 2196 2166
f 2196 2197 2166
f 2166 2197 2167
f 2197 2198 2167
f 2167 2198 2168
f 2198 2199 2168
f 2168 2199 2161
f 2199 2200 2161
f 2161 2200 2162
f 2200 2201 2162
f 2162 2201 2163
f 2201 2202 2163
f 2163 2202 2159
f 2202 2203 2159
f 2159 2203 2158
f 2203 2204 2158
f 2158 2204 2147
f 2204 2205 2147
f 2147 2205 2146
f 2205 2206 2146
f 2146 2206 2145
f 2206 2002 2145
f 2145 2002 2003
f 2085 2207 2086
f 2207 2208 2086
f 2086 2208 2073
f 2208 2209 2073
f 2073 2209 2087
f 2209 2210 2087
f 2087 2210 2088
f 2210 2211 2088
f 2088 2211 2089
f 2211 2212 2089
f 2089 2212 2100
f 2212 2213 2100
f 2100 2213 2101
f 2213 2214 2101
f 2101 2214 2102
f 2214 2215 2102
f 2102 2215 2103
f 2215 2216 2103
f 2103 2216 2104
f 2216 2217 2104
f 2104 2217 2035
f 2217 2218 2035
f 2035 2218 2036
f 2218 2219 2036
f 2036 2219 2037
f 2219 2220 2037
f 2037 2220 2038
f 2220 2221 2038
f 2038 2221 2043
f 2221 2222 2043
f 2043 2222 2044
f 2222 2223 2044
f 2044 2223 2045
f 2223 2224 2045
f 2045 2224 2090
f 2224 2225 2090
f 2090 2225 2091
f 2225 2226 2091
f 2091 2226 2074
f 2226 2227 2074
f 2074 2227 2026
f 2227 2228 2026
f 2026 2228 2027
f 2228 2229 2027
f 2027 2229 2055
f 2229 2230 2055
f 2055 2230 2056
f 2230 2231 2056
f 2056 2231 2046
f 2231 2232 2046
f 2046 2232 2047
f 2232 2233 2047
f 2047 2233 2048
f 2233 2234 2048
f 2048 2234 2092
f 2234 2235 2092
f 2092 2235 2075
f 2235 2236 2075
f 2075 2236 2076
f 2236 2237 2076
f 2076 2237 2077
f 2237 2238 2077
f 2077 2238 2078
f 2238 2239 2078
f 2078 2239 2079
f 2239 2240 2079
f 2079 2240 2080
f 2240 2241 2080
f 2080 2241 2114
f 2241 2242 2114
f 2114 2242 2113
f 2242 2243 2113
f 2113 2243 2106
f 2243 2244 2106
f 2106 2244 2105
f 2244 2245 2105
f 2105 2245 2093
f 2245 2246 2093
f 2093 2246 2094
f 2246 2247 2094
f 2094 2247 2107
f 2247 2248 2107
f 2107 2248 2108
f 2248 2249 2108
f 2108 2249 2109
f 2249 2250 2109
f 2109 2250 2115
f 2250 2251 2115
f 2115 2251 2116
f 2251 2252 2116
f 2116 2252 2049
f 2252 2253 2049
f 2049 2253 2064
f 2253 2254 2064
f 2064 2254 2065
f 2254 2255 2065
f 2065 2255 2050
f 2255 2256 2050
f 2050 2256 2051
f 2256 2257 2051
f 2051 2257 2066
f 2257 2258 2066
f 2066 2258 2067
f 2258 2259 2067
f 2067 2259 2069
f 2259 2260 2069
f 2069 2260 2081
f 2260 2261 2081
f 2081 2261 2082
f 2261 2262 2082
f 2082 2262 2083
f 2262 2263 2083
f 2083 2263 2039
f 2263 2264 2039
f 2039 2264 2040
f 2264 2265 2040
f 2040 2265 2070
f 2265 2266 2070
f 2070 2266 2071
f 2266 2267 2071
f 2071 2267 2072
f 2267 2268 2072
f 2072 2268 2052
f 2268 2269 2052
f 2052 2269 2053
f 2269 2270 2053
f 2053 2270 2095
f 2270 2271 2095
f 2095 2271 2096
f 2271 2272 2096
f 2096 2272 2098
f 2272 2273 2098
f 2098 2273 2099
f 2273 2274 2099
f 2099 2274 2110
f 2274 2275 2110
f 2110 2275 2111
f 2275 2276 2111
f 2111 2276 2112
f 2276 2277 2112
f 2112 2277 2084
f 2277 2278 2084
f 2084 2278 2085
f 2278 2207 2085
f 2010 2009 2279
f 2010 2279 2156
f 2279 2280 2156
f 2156 2280 2157
f 2280 2281 2157
f 2157 2281 2174
f 2281 2282 2174
f 2174 2282 2175
f 2282 2283 2175
f 2175 2283 2184
f 2283 2284 2184
f 2184 2284 2185
f 2284 2285 2185
f 2185 2285 2186
f 2285 2286 2186
f 2186 2286 2187
f 2286 2287 2187
f 2187 2287 2188
f 2287 2288 2188
f 2188 2288 2178
f 2288 2289 2178
f 2178 2289 2179
f 2289 2290 2179
f 2179 2290 2182
f 2290 2291 2182
f 2182 2291 2183
f 2291 2292 2183
f 2183 2292 2172
f 2292 2293 2172
f 2172 2293 2173
f 2293 2294 2173
f 2173 2294 2181
f 2294 2295 2181
f 2181 2295 2180
f 2295 2296 2180
f 2180 2296 2164
f 2160 2164 2189
f 2164 2296 2189
f 2297 2298 1857
f 2299 2300 1856
f 2300 2301 1856
f 1856 2301 1855
f 2301 2302 1855
f 1855 2302 1854
f 1857 2298 1856
f 2298 2303 1856
f 1856 2303 2299
f 1840 2304 1839
f 2304 1838 1839
f 2305 2306 1858
f 2306 2307 1858
f 1858 2307 1857
f 2307 2308 1857
f 1857 2308 2297
f 1876 1877 2004
f 1886 1887 2004
f 1887 1888 2004
f 2004 1888 1889
f 2309 1836 2304
f 1836 1837 2304
f 2304 1837 1838
f 1840 1841 2304
f 1841 1842 2304
f 2304 1842 1843
f 2304 1849 1850
f 1850 1851 2304
f 1851 1852 2304
f 2304 1852 2302
f 1852 1853 2302
f 2302 1853 1854
f 1880 1881 2004
f 1881 1882 2004
f 2004 1882 1883
f 1883 1884 2004
f 1884 1885 2004
f 2004 1885 1886
f 1843 1844 2304
f 1844 1845 2304
f 2304 1845 1846
f 1846 1847 2304
f 1847 1848 2304
f 2304 1848 1849
f 1863 1864 2012
f 1864 1865 2012
f 2012 1865 1866
f 1866 1867 2012
f 1867 1868 2012
f 2012 1868 1869
f 1889 2310 2311
f 2312 2313 1859
f 2313 2314 1859
f 1859 2314 1858
f 2314 2315 1858
f 1858 2315 2305
f 1860 1861 2012
f 1861 1862 2012
f 2012 1862 1863
f 1869 1870 2012
f 1870 1871 2012
f 2012 1871 1872
f 1877 1878 2004
f 1878 1879 2004
f 2004 1879 1880
f 2316 2317 2004
f 2318 2319 2320
f 2012 2321 1860
f 2321 2322 1860
f 1860 2322 1859
f 2322 2323 1859
f 1859 2323 2312
f 1872 1873 2012
f 1873 1874 2012
f 2012 1874 2004
f 1874 1875 2004
f 2004 1875 1876
f 2324 1889 2325
f 1889 2326 2325
f 2311 2327 1889
f 2327 2328 1889
f 1889 2328 2329
f 2329 2330 1889
f 2330 2331 1889
f 1889 2331 2004
f 2331 2332 2004
f 2004 2332 2316
f 2333 2334 1889
f 2334 2335 1889
f 1889 2335 2326
f 2324 2336 1889
f 2336 2337 1889
f 1889 2337 2310
f 2338 2339 2309
f 2339 2340 2309
f 2309 2340 2341
f 2309 1822 1823
f 1823 1824 2309
f 1824 1825 2309
f 2309 1825 1826
f 2309 1832 1833
f 2317 2342 2004
f 2342 2343 2004
f 2004 2343 2344
f 2344 2345 2004
f 2345 2346 2004
f 2004 2346 2347
f 2348 2349 2350
f 2349 2320 2350
f 2350 2320 2351
f 2320 2319 2351
f 1822 2352 2353
f 2353 2354 1822
f 2354 2355 1822
f 1822 2355 2356
f 1833 1834 2309
f 1834 1835 2309
f 2309 1835 1836
f 2348 2357 2349
f 2357 2358 2349
f 2349 2358 2309
f 2358 2359 2309
f 2309 2359 2338
f 2360 2361 1822
f 2361 2362 1822
f 1822 2362 2352
f 1826 1827 2309
f 1827 1828 2309
f 2309 1828 1829
f 1829 1830 2309
f 1830 1831 2309
f 2309 1831 1832
f 2341 2363 2309
f 2363 2364 2309
f 2309 2364 1822
f 2364 2365 1822
f 1822 2365 2360
f 2347 2366 2004
f 2366 2367 2004
f 2004 2367 2368
f 2007 2369 2370
f 2370 2371 2007
f 2371 2372 2007
f 2007 2372 2373
f 2372 2374 2373
f 2375 2376 2377
f 2333 1889 2378
f 1889 1890 2378
f 2378 1890 2379
f 1890 1819 2379
f 2379 1819 2380
f 1819 1820 2380
f 2380 1820 2356
f 1820 1821 2356
f 2356 1821 1822
f 2368 2381 2004
f 2381 2382 2004
f 2004 2382 2383
f 2377 2384 2375
f 2384 2385 2375
f 2375 2385 2320
f 2385 2386 2320
f 2320 2386 2318
f 2383 2387 2004
f 2387 2388 2004
f 2004 2388 2007
f 2388 2389 2007
f 2007 2389 2369
f 2374 2390 2373
f 2390 2391 2373
f 2373 2391 2375
f 2391 2392 2375
f 2375 2392 2376
f 2025 2123 2024
f 2123 2126 2024
f 2024 2126 2023
f 2126 2125 2023
f 2023 2125 2032
f 2125 2119 2032
f 2032 2119 2033
f 2119 2118 2033
f 2033 2118 2034
f 2118 2117 2034
f 2034 2117 2031
f 2117 2134 2031
f 2031 2134 2030
f 2134 2133 2030
f 2030 2133 2029
f 2133 2132 2029
f 2029 2132 2028
f 2132 2131 2028
f 2028 2131 2061
f 2131 2139 2061
f 2061 2139 2062
f 2139 2138 2062
f 2062 2138 2063
f 2138 2137 2063
f 2063 2137 2057
f 2137 2136 2057
f 2057 2136 2058
f 2136 2130 2058
f 2058 2130 2059
f 2130 2129 2059
f 2059 2129 2060
f 2129 2128 2060
f 2060 2128 2042
f 2128 2127 2042
f 2042 2127 1970
f 2127 1971 1970
f 2190 2189 2014
f 805 804 1188
f 2014 2189 1745
f 1708 1746 2009
f 1746 1745 2009
f 2009 1745 2279
f 1708 803 802
f 2193 2014 2194
f 2014 2195 2194
f 2193 2192 2014
f 2192 2191 2014
f 2014 2191 2190
f 821 822 1188
f 822 823 1188
f 1188 823 824
f 2189 2296 1745
f 2296 2295 1745
f 1745 2295 2294
f 2294 2293 1745
f 2293 2292 1745
f 1745 2292 2291
f 2201 2014 2202
f 2014 2203 2202
f 2201 2200 2014
f 2200 2199 2014
f 2014 2199 2198
f 2198 2197 2014
f 2197 2196 2014
f 2014 2196 2195
f 824 825 1188
f 825 826 1188
f 1188 826 805
f 2218 2217 1746
f 1973 2209 2208
f 2291 2290 1745
f 2290 2289 1745
f 1745 2289 2288
f 2206 2205 2014
f 2205 2204 2014
f 2014 2204 2203
f 808 809 1708
f 809 810 1708
f 1708 810 811
f 2266 2265 2393
f 2221 2220 1746
f 2220 2219 1746
f 1746 2219 2218
f 1973 2208 2394
f 2208 2207 2394
f 2394 2207 2395
f 802 806 1708
f 806 807 1708
f 1708 807 808
f 2396 2397 2005
f 2397 2398 2005
f 2005 2398 2399
f 2400 2401 2402
f 1746 2211 1973
f 2211 2210 1973
f 1973 2210 2209
f 2288 2287 1745
f 2287 2286 1745
f 1745 2286 2285
f 2285 2284 1745
f 2284 2283 1745
f 1745 2283 2282
f 2282 2281 1745
f 2281 2280 1745
f 1745 2280 2279
f 2005 2403 2404
f 2399 2405 2005
f 2405 2406 2005
f 2005 2406 2407
f 2273 2272 2395
f 2272 2271 2395
f 2395 2271 2270
f 2270 2269 2395
f 2269 2268 2395
f 2395 2268 2393
f 2268 2267 2393
f 2393 2267 2266
f 2408 2409 2410
f 2217 2216 1746
f 2216 2215 1746
f 1746 2215 2214
f 2214 2213 1746
f 2213 2212 1746
f 1746 2212 2211
f 2404 2411 2005
f 2411 2412 2005
f 2005 2412 2396
f 2206 2014 2002
f 2014 2005 2002
f 2002 2005 1188
f 2005 2407 1188
f 1188 2407 2413
f 2265 2264 2393
f 2264 2263 2393
f 2393 2263 2414
f 2263 2262 2414
f 2415 2416 2005
f 2416 2417 2005
f 2005 2417 2403
f 2207 2278 2395
f 2278 2277 2395
f 2395 2277 2276
f 2418 2419 2006
f 2419 2420 2006
f 2006 2420 2421
f 2421 2422 2006
f 2422 2423 2006
f 2006 2423 2005
f 2423 2424 2005
f 2005 2424 2415
f 2276 2275 2395
f 2275 2274 2395
f 2395 2274 2273
f 2262 2261 2414
f 2261 2260 2414
f 2414 2260 2425
f 2260 2259 2425
f 2425 2259 2426
f 2258 2257 2427
f 2257 2256 2427
f 2427 2256 2428
f 2413 2429 1188
f 2429 2430 1188
f 1188 2430 2431
f 2225 2224 1746
f 2402 2401 2410
f 2401 2432 2410
f 2410 2432 2408
f 2258 2427 2259
f 2427 2433 2259
f 2259 2433 2426
f 2431 2434 1188
f 2434 2435 1188
f 1188 2435 2436
f 2437 2438 2439
f 2224 2223 1746
f 2223 2222 1746
f 1746 2222 2221
f 2440 2441 2402
f 2441 2442 2402
f 2402 2442 2400
f 2251 2250 817
f 2233 2232 1708
f 2232 2231 1708
f 2231 2230 1708
f 1708 2230 2229
f 2229 2228 1708
f 2228 2227 1708
f 1708 2227 1746
f 2227 2226 1746
f 1746 2226 2225
f 2443 2444 2445
f 2418 2006 2446
f 2006 2447 2446
f 2446 2447 2448
f 2449 2450 821
f 2450 2451 821
f 821 2451 2452
f 2453 2454 2440
f 2454 2455 2440
f 2440 2455 2441
f 2409 2456 2410
f 2456 2457 2410
f 2410 2457 2445
f 2457 2458 2445
f 2445 2458 2443
f 821 2459 2460
f 2440 2461 2453
f 2461 2462 2453
f 2453 2462 2438
f 2462 2463 2438
f 2438 2463 2439
f 2239 2238 1708
f 2238 2237 1708
f 1708 2237 2236
f 2444 2464 2445
f 2464 2465 2445
f 2445 2465 2447
f 2465 2466 2447
f 2447 2466 2448
f 2460 2467 821
f 2467 2468 821
f 821 2468 2449
f 2469 2470 2439
f 2470 2471 2439
f 2439 2471 2437
f 817 2250 816
f 2250 2249 816
f 816 2249 815
f 2249 2248 815
f 815 2248 814
f 2248 2247 814
f 814 2247 813
f 2247 2246 813
f 813 2246 812
f 811 2244 2243
f 2236 2235 1708
f 2235 2234 1708
f 1708 2234 2233
f 2436 2472 1188
f 2472 2473 1188
f 1188 2473 2474
f 2474 2475 1188
f 2475 2476 1188
f 1188 2476 2477
f 812 2246 811
f 2246 2245 811
f 811 2245 2244
f 2243 2242 811
f 2242 2241 811
f 811 2241 1708
f 2241 2240 1708
f 1708 2240 2239
f 2469 2478 821
f 2478 2479 821
f 2479 2480 821
f 821 2480 2481
f 2481 2482 821
f 2482 2483 821
f 821 2483 2428
f 2477 2484 1188
f 2484 2485 1188
f 1188 2485 821
f 2485 2486 821
f 821 2486 2459
f 817 818 2251
f 818 819 2251
f 2251 819 2252
f 819 820 2252
f 2252 820 2253
f 820 821 2253
f 2253 821 2254
f 821 2428 2254
f 2254 2428 2255
f 2428 2256 2255
f 2452 2487 821
f 2487 2488 821
f 821 2488 2469
f 2488 2489 2469
f 2469 2489 2470
f 2123 2025 2124
f 2025 1732 2124
f 2302 2124 2304
f 2124 1732 2304
f 2304 1732 1715
f 1732 1712 1715
f 3 2014 5
f 2014 1745 5
f 2012 2011 2321
f 2011 2155 2321
f 2321 2155 2322
f 2155 2144 2322
f 2322 2144 2323
f 2144 2143 2323
f 2323 2143 2312
f 2143 2142 2312
f 2312 2142 2313
f 2142 2141 2313
f 2313 2141 2314
f 2141 2152 2314
f 2314 2152 2315
f 2152 2153 2315
f 2315 2153 2305
f 2153 2154 2305
f 2305 2154 2306
f 2154 2140 2306
f 2306 2140 2307
f 2140 2135 2307
f 2307 2135 2308
f 2135 2151 2308
f 2308 2151 2297
f 2151 2150 2297
f 2297 2150 2298
f 2150 2149 2298
f 2298 2149 2303
f 2149 2148 2303
f 2303 2148 2299
f 2148 2120 2299
f 2299 2120 2300
f 2120 2121 2300
f 2300 2121 2301
f 2121 2122 2301
f 2301 2122 2302
f 2122 2124 2302
f 1720 1731 2068
f 2402 1717 2440
f 1717 1716 2440
f 2440 1716 2461
f 1716 1714 2461
f 2461 1714 2462
f 1714 1713 2462
f 2462 1713 2463
f 1713 1730 2463
f 2463 1730 2439
f 1730 1729 2439
f 2439 1729 2469
f 1729 1728 2469
f 2469 1728 2478
f 1728 1727 2478
f 2478 1727 2479
f 1727 1726 2479
f 2479 1726 2480
f 1726 1725 2480
f 2480 1725 2481
f 1725 1724 2481
f 2481 1724 2482
f 1724 1723 2482
f 2482 1723 2483
f 1723 1711 2483
f 2483 1711 2428
f 1711 1710 2428
f 2428 1710 2427
f 1710 1722 2427
f 2427 1722 2433
f 1722 1721 2433
f 2433 1721 2426
f 1721 1718 2426
f 2426 1718 2425
f 1718 1719 2425
f 2425 1719 2414
f 1974 1973 2097
f 1973 2394 2097
f 2097 2394 2054
f 2394 2395 2054
f 2054 2395 2041
f 2395 2393 2041
f 2041 2393 2068
f 2393 2414 2068
f 2068 2414 1720
f 2414 1719 1720
f 2309 1717 2349
f 1717 2402 2349
f 2349 2402 2320
f 2402 2410 2320
f 2320 2410 2375
f 2410 2445 2375
f 2375 2445 2373
f 2445 2447 2373
f 2373 2447 2007
f 2447 2006 2007
f 2370 2420 2371
f 2420 2419 2371
f 2371 2419 2372
f 2419 2418 2372
f 2372 2418 2374
f 2418 2446 2374
f 2374 2446 2390
f 2446 2448 2390
f 2390 2448 2391
f 2448 2466 2391
f 2391 2466 2392
f 2466 2465 2392
f 2392 2465 2376
f 2465 2464 2376
f 2376 2464 2377
f 2464 2444 2377
f 2377 2444 2384
f 2444 2443 2384
f 2384 2443 2385
f 2443 2458 2385
f 2385 2458 2386
f 2458 2457 2386
f 2386 2457 2318
f 2457 2456 2318
f 2318 2456 2319
f 2456 2409 2319
f 2319 2409 2351
f 2409 2408 2351
f 2351 2408 2350
f 2408 2432 2350
f 2350 2432 2348
f 2432 2401 2348
f 2348 2401 2357
f 2401 2400 2357
f 2357 2400 2358
f 2400 2442 2358
f 2358 2442 2359
f 2442 2441 2359
f 2359 2441 2338
f 2441 2455 2338
f 2338 2455 2339
f 2455 2454 2339
f 2339 2454 2340
f 2454 2453 2340
f 2340 2453 2341
f 2453 2438 2341
f 2341 2438 2363
f 2438 2437 2363
f 2363 2437 2364
f 2437 2471 2364
f 2364 2471 2365
f 2471 2470 2365
f 2365 2470 2360
f 2470 2489 2360
f 2360 2489 2361
f 2489 2488 2361
f 2361 2488 2362
f 2488 2487 2362
f 2362 2487 2352
f 2487 2452 2352
f 2352 2452 2353
f 2452 2451 2353
f 2353 2451 2354
f 2451 2450 2354
f 2354 2450 2355
f 2450 2449 2355
f 2355 2449 2356
f 2449 2468 2356
f 2356 2468 2380
f 2468 2467 2380
f 2380 2467 2379
f 2467 2460 2379
f 2379 2460 2378
f 2460 2459 2378
f 2378 2459 2333
f 2459 2486 2333
f 2333 2486 2334
f 2486 2485 2334
f 2334 2485 2335
f 2485 2484 2335
f 2335 2484 2326
f 2484 2477 2326
f 2326 2477 2325
f 2477 2476 2325
f 2325 2476 2324
f 2476 2475 2324
f 2324 2475 2336
f 2475 2474 2336
f 2336 2474 2337
f 2474 2473 2337
f 2337 2473 2310
f 2473 2472 2310
f 2310 2472 2311
f 2472 2436 2311
f 2311 2436 2327
f 2436 2435 2327
f 2327 2435 2328
f 2435 2434 2328
f 2328 2434 2329
f 2434 2431 2329
f 2329 2431 2330
f 2431 2430 2330
f 2330 2430 2331
f 2430 2429 2331
f 2331 2429 2332
f 2429 2413 2332
f 2332 2413 2316
f 2413 2407 2316
f 2316 2407 2317
f 2407 2406 2317
f 2317 2406 2342
f 2406 2405 2342
f 2342 2405 2343
f 2405 2399 2343
f 2343 2399 2344
f 2399 2398 2344
f 2344 2398 2345
f 2398 2397 2345
f 2345 2397 2346
f 2397 2396 2346
f 2346 2396 2347
f 2396 2412 2347
f 2347 2412 2366
f 2412 2411 2366
f 2366 2411 2367
f 2411 2404 2367
f 2367 2404 2368
f 2404 2403 2368
f 2368 2403 2381
f 2403 2417 2381
f 2381 2417 2382
f 2417 2416 2382
f 2382 2416 2383
f 2416 2415 2383
f 2383 2415 2387
f 2415 2424 2387
f 2387 2424 2388
f 2424 2423 2388
f 2388 2423 2389
f 2423 2422 2389
f 2389 2422 2369
f 2422 2421 2369
f 2369 2421 2370
f 2421 2420 2370
f 1715 1717 2304
f 1717 2309 2304
# 5018 faces, 0 coords texture

# End of File
