####
#
# OBJ File Generated by Meshlab
#
####
# Object shaft_base.obj
#
# Vertices: 1638
# Faces: 3296
#
####
v -0.002444 -0.002904 0.002689
v -0.002432 -0.002809 0.002694
v -0.003039 -0.002856 0.003995
v -0.002413 -0.002715 0.002703
v -0.003026 -0.002762 0.004006
v -0.003033 -0.002809 0.004000
v -0.002387 -0.002624 0.002715
v -0.003005 -0.002669 0.004021
v -0.003016 -0.002715 0.004013
v -0.002354 -0.002535 0.002730
v -0.002978 -0.002579 0.004041
v -0.002993 -0.002624 0.004030
v -0.002267 -0.002369 0.002770
v -0.002926 -0.002450 0.004079
v -0.002314 -0.002450 0.002749
v -0.002945 -0.002492 0.004065
v -0.002963 -0.002535 0.004053
v -0.001948 -0.002047 0.002917
v -0.002655 -0.002099 0.004260
v -0.002021 -0.002099 0.002883
v -0.002720 -0.002157 0.004219
v -0.002091 -0.002157 0.002851
v -0.002780 -0.002222 0.004180
v -0.002155 -0.002222 0.002822
v -0.002834 -0.002293 0.004143
v -0.002214 -0.002293 0.002795
v -0.002880 -0.002363 0.004112
v -0.002883 -0.002369 0.004109
v -0.001871 -0.002003 0.002952
v -0.002549 -0.002024 0.004325
v -0.002586 -0.002047 0.004303
v -0.001790 -0.001966 0.002990
v -0.002510 -0.002002 0.004347
v -0.002512 -0.002003 0.004346
v -0.001707 -0.001937 0.003028
v -0.002395 -0.001951 0.004412
v -0.002435 -0.001966 0.004390
v -0.001622 -0.001917 0.003067
v -0.002313 -0.001926 0.004456
v -0.002354 -0.001937 0.004434
v -0.001535 -0.001904 0.003107
v -0.002228 -0.001909 0.004498
v -0.002271 -0.001917 0.004477
v -0.001448 -0.001900 0.003147
v -0.002122 -0.001900 0.004550
v -0.002185 -0.001904 0.004519
v -0.001361 -0.001904 0.003187
v -0.002055 -0.001901 0.004580
v -0.002099 -0.001900 0.004560
v -0.001275 -0.001917 0.003227
v -0.001967 -0.001909 0.004618
v -0.002011 -0.001904 0.004599
v -0.001190 -0.001937 0.003266
v -0.001880 -0.001926 0.004655
v -0.001924 -0.001917 0.004637
v -0.001106 -0.001966 0.003304
v -0.001794 -0.001951 0.004689
v -0.001837 -0.001937 0.004672
v -0.001026 -0.002003 0.003341
v -0.001717 -0.001980 0.004717
v -0.001751 -0.001966 0.004705
v -0.000683 -0.002293 0.003499
v -0.001367 -0.002222 0.004830
v -0.000742 -0.002222 0.003472
v -0.001435 -0.002157 0.004810
v -0.000806 -0.002157 0.003442
v -0.001509 -0.002099 0.004788
v -0.000875 -0.002099 0.003411
v -0.001586 -0.002047 0.004763
v -0.000949 -0.002047 0.003377
v -0.001626 -0.002024 0.004749
v -0.001667 -0.002003 0.004735
v -0.001246 -0.002369 0.004863
v -0.001299 -0.002298 0.004849
v -0.001303 -0.002293 0.004848
v -0.000630 -0.002369 0.003524
v -0.000583 -0.002450 0.003545
v -0.001195 -0.002450 0.004876
v -0.000543 -0.002535 0.003564
v -0.001151 -0.002535 0.004886
v -0.001172 -0.002492 0.004881
v -0.000509 -0.002624 0.003579
v -0.000483 -0.002715 0.003591
v -0.001086 -0.002715 0.004901
v -0.001099 -0.002669 0.004898
v -0.001115 -0.002624 0.004895
v -0.001132 -0.002579 0.004891
v -0.000464 -0.002809 0.003600
v -0.000453 -0.002904 0.003605
v -0.001053 -0.002904 0.004908
v -0.001058 -0.002856 0.004907
v -0.001065 -0.002809 0.004906
v -0.001075 -0.002762 0.004904
v -0.000453 -0.003096 0.003605
v -0.001049 -0.003048 0.004909
v -0.000449 -0.003000 0.003607
v -0.001048 -0.003000 0.004909
v -0.001049 -0.002952 0.004909
v -0.000464 -0.003191 0.003600
v -0.001058 -0.003143 0.004907
v -0.001053 -0.003096 0.004908
v -0.000483 -0.003285 0.003591
v -0.001075 -0.003238 0.004904
v -0.001065 -0.003191 0.004906
v -0.000509 -0.003376 0.003579
v -0.001099 -0.003331 0.004898
v -0.001086 -0.003285 0.004901
v -0.000543 -0.003465 0.003564
v -0.001132 -0.003421 0.004891
v -0.001115 -0.003376 0.004895
v -0.000630 -0.003631 0.003524
v -0.001195 -0.003550 0.004876
v -0.000583 -0.003550 0.003545
v -0.001172 -0.003508 0.004881
v -0.001151 -0.003465 0.004886
v -0.001303 -0.003707 0.004848
v -0.001299 -0.003702 0.004849
v -0.001246 -0.003631 0.004863
v -0.000949 -0.003953 0.003377
v -0.001509 -0.003901 0.004788
v -0.000875 -0.003901 0.003411
v -0.001435 -0.003843 0.004810
v -0.000806 -0.003843 0.003442
v -0.001367 -0.003778 0.004830
v -0.000742 -0.003778 0.003472
v -0.000683 -0.003707 0.003499
v -0.001026 -0.003997 0.003341
v -0.001626 -0.003976 0.004749
v -0.001586 -0.003953 0.004763
v -0.001106 -0.004034 0.003304
v -0.001717 -0.004020 0.004717
v -0.001667 -0.003997 0.004735
v -0.001190 -0.004063 0.003266
v -0.001794 -0.004049 0.004689
v -0.001751 -0.004034 0.004705
v -0.001275 -0.004083 0.003227
v -0.001880 -0.004074 0.004655
v -0.001837 -0.004063 0.004672
v -0.001361 -0.004096 0.003187
v -0.001967 -0.004091 0.004618
v -0.001924 -0.004083 0.004637
v -0.001448 -0.004100 0.003147
v -0.002055 -0.004099 0.004580
v -0.002011 -0.004096 0.004599
v -0.001535 -0.004096 0.003107
v -0.002122 -0.004100 0.004550
v -0.002099 -0.004100 0.004560
v -0.001622 -0.004083 0.003067
v -0.002228 -0.004091 0.004498
v -0.002185 -0.004096 0.004519
v -0.001707 -0.004063 0.003028
v -0.002313 -0.004074 0.004456
v -0.002271 -0.004083 0.004477
v -0.001790 -0.004034 0.002990
v -0.002395 -0.004049 0.004412
v -0.002354 -0.004063 0.004434
v -0.001871 -0.003997 0.002952
v -0.002510 -0.003998 0.004347
v -0.002435 -0.004034 0.004390
v -0.002214 -0.003707 0.002795
v -0.002780 -0.003778 0.004180
v -0.002155 -0.003778 0.002822
v -0.002720 -0.003843 0.004219
v -0.002091 -0.003843 0.002851
v -0.002655 -0.003901 0.004260
v -0.002021 -0.003901 0.002883
v -0.002586 -0.003953 0.004303
v -0.001948 -0.003953 0.002917
v -0.002549 -0.003976 0.004324
v -0.002512 -0.003997 0.004346
v -0.002883 -0.003631 0.004109
v -0.002880 -0.003637 0.004112
v -0.002834 -0.003707 0.004143
v -0.002267 -0.003631 0.002770
v -0.002314 -0.003550 0.002749
v -0.002926 -0.003550 0.004079
v -0.002354 -0.003465 0.002730
v -0.002963 -0.003465 0.004053
v -0.002945 -0.003508 0.004065
v -0.002387 -0.003376 0.002715
v -0.002413 -0.003285 0.002703
v -0.003016 -0.003285 0.004013
v -0.003005 -0.003331 0.004021
v -0.002993 -0.003376 0.004030
v -0.002978 -0.003421 0.004041
v -0.002432 -0.003191 0.002694
v -0.002444 -0.003096 0.002689
v -0.003044 -0.003096 0.003992
v -0.003039 -0.003144 0.003995
v -0.003033 -0.003191 0.004000
v -0.003026 -0.003238 0.004006
v -0.003044 -0.002904 0.003992
v -0.003046 -0.002952 0.003990
v -0.002447 -0.003000 0.002687
v -0.003047 -0.003000 0.003990
v -0.003046 -0.003048 0.003990
v 0.000453 -0.003096 -0.003605
v 0.000464 -0.003191 -0.003600
v 0.001058 -0.003144 -0.004907
v 0.000483 -0.003285 -0.003591
v 0.001075 -0.003238 -0.004904
v 0.001065 -0.003191 -0.004906
v 0.000509 -0.003376 -0.003579
v 0.001099 -0.003331 -0.004898
v 0.001086 -0.003285 -0.004901
v 0.000543 -0.003465 -0.003564
v 0.001132 -0.003421 -0.004891
v 0.001115 -0.003376 -0.004895
v 0.000630 -0.003631 -0.003524
v 0.001195 -0.003550 -0.004876
v 0.000583 -0.003550 -0.003545
v 0.001172 -0.003508 -0.004881
v 0.001151 -0.003465 -0.004886
v 0.001303 -0.003707 -0.004848
v 0.001299 -0.003702 -0.004849
v 0.001246 -0.003631 -0.004863
v 0.000949 -0.003953 -0.003377
v 0.001509 -0.003901 -0.004788
v 0.000875 -0.003901 -0.003411
v 0.001435 -0.003843 -0.004810
v 0.000806 -0.003843 -0.003442
v 0.001367 -0.003778 -0.004830
v 0.000742 -0.003778 -0.003472
v 0.000683 -0.003707 -0.003499
v 0.001026 -0.003997 -0.003341
v 0.001627 -0.003976 -0.004749
v 0.001586 -0.003953 -0.004763
v 0.001106 -0.004034 -0.003304
v 0.001717 -0.004020 -0.004717
v 0.001667 -0.003997 -0.004735
v 0.001190 -0.004063 -0.003266
v 0.001794 -0.004049 -0.004689
v 0.001751 -0.004034 -0.004705
v 0.001275 -0.004083 -0.003227
v 0.001880 -0.004074 -0.004655
v 0.001837 -0.004063 -0.004672
v 0.001361 -0.004096 -0.003187
v 0.001967 -0.004091 -0.004618
v 0.001924 -0.004083 -0.004637
v 0.001448 -0.004100 -0.003147
v 0.002055 -0.004099 -0.004580
v 0.002011 -0.004096 -0.004599
v 0.001535 -0.004096 -0.003107
v 0.002122 -0.004100 -0.004550
v 0.002099 -0.004100 -0.004560
v 0.001622 -0.004083 -0.003067
v 0.002228 -0.004091 -0.004498
v 0.002185 -0.004096 -0.004519
v 0.001707 -0.004063 -0.003028
v 0.002313 -0.004074 -0.004456
v 0.002271 -0.004083 -0.004477
v 0.001790 -0.004034 -0.002990
v 0.002395 -0.004049 -0.004412
v 0.002354 -0.004063 -0.004434
v 0.001871 -0.003997 -0.002952
v 0.002510 -0.003998 -0.004347
v 0.002435 -0.004034 -0.004390
v 0.002214 -0.003707 -0.002795
v 0.002780 -0.003778 -0.004180
v 0.002155 -0.003778 -0.002822
v 0.002720 -0.003843 -0.004219
v 0.002091 -0.003843 -0.002851
v 0.002655 -0.003901 -0.004260
v 0.002021 -0.003901 -0.002883
v 0.002586 -0.003953 -0.004303
v 0.001948 -0.003953 -0.002917
v 0.002549 -0.003976 -0.004324
v 0.002512 -0.003997 -0.004346
v 0.002883 -0.003631 -0.004109
v 0.002880 -0.003637 -0.004112
v 0.002834 -0.003707 -0.004143
v 0.002267 -0.003631 -0.002770
v 0.002314 -0.003550 -0.002749
v 0.002926 -0.003550 -0.004079
v 0.002354 -0.003465 -0.002730
v 0.002963 -0.003465 -0.004053
v 0.002945 -0.003508 -0.004065
v 0.002387 -0.003376 -0.002715
v 0.002413 -0.003285 -0.002703
v 0.003016 -0.003285 -0.004013
v 0.003005 -0.003331 -0.004021
v 0.002993 -0.003376 -0.004030
v 0.002978 -0.003421 -0.004041
v 0.002432 -0.003191 -0.002694
v 0.002444 -0.003096 -0.002689
v 0.003044 -0.003096 -0.003992
v 0.003039 -0.003144 -0.003995
v 0.003033 -0.003191 -0.004000
v 0.003026 -0.003238 -0.004006
v 0.002444 -0.002904 -0.002689
v 0.003046 -0.002952 -0.003990
v 0.002447 -0.003000 -0.002687
v 0.003047 -0.003000 -0.003990
v 0.003046 -0.003048 -0.003990
v 0.002432 -0.002809 -0.002694
v 0.003039 -0.002857 -0.003995
v 0.003044 -0.002904 -0.003992
v 0.002413 -0.002715 -0.002703
v 0.003026 -0.002762 -0.004006
v 0.003033 -0.002809 -0.004000
v 0.002387 -0.002624 -0.002715
v 0.003005 -0.002669 -0.004021
v 0.003016 -0.002715 -0.004013
v 0.002354 -0.002535 -0.002730
v 0.002978 -0.002579 -0.004041
v 0.002993 -0.002624 -0.004030
v 0.002267 -0.002369 -0.002770
v 0.002926 -0.002450 -0.004079
v 0.002314 -0.002450 -0.002749
v 0.002945 -0.002492 -0.004065
v 0.002963 -0.002535 -0.004053
v 0.001948 -0.002047 -0.002917
v 0.002655 -0.002099 -0.004260
v 0.002021 -0.002099 -0.002883
v 0.002720 -0.002157 -0.004219
v 0.002091 -0.002157 -0.002851
v 0.002780 -0.002222 -0.004180
v 0.002155 -0.002222 -0.002822
v 0.002834 -0.002293 -0.004143
v 0.002214 -0.002293 -0.002795
v 0.002880 -0.002363 -0.004112
v 0.002883 -0.002369 -0.004109
v 0.001871 -0.002003 -0.002952
v 0.002549 -0.002024 -0.004324
v 0.002586 -0.002047 -0.004303
v 0.001790 -0.001966 -0.002990
v 0.002510 -0.002002 -0.004347
v 0.002512 -0.002003 -0.004346
v 0.001707 -0.001937 -0.003028
v 0.002395 -0.001951 -0.004412
v 0.002435 -0.001966 -0.004390
v 0.001622 -0.001917 -0.003067
v 0.002313 -0.001926 -0.004456
v 0.002354 -0.001937 -0.004434
v 0.001535 -0.001904 -0.003107
v 0.002228 -0.001909 -0.004498
v 0.002271 -0.001917 -0.004477
v 0.001448 -0.001900 -0.003147
v 0.002122 -0.001900 -0.004550
v 0.002185 -0.001904 -0.004519
v 0.001361 -0.001904 -0.003187
v 0.002055 -0.001901 -0.004580
v 0.002099 -0.001900 -0.004560
v 0.001275 -0.001917 -0.003227
v 0.001967 -0.001909 -0.004618
v 0.002011 -0.001904 -0.004599
v 0.001190 -0.001937 -0.003266
v 0.001880 -0.001926 -0.004655
v 0.001924 -0.001917 -0.004637
v 0.001106 -0.001966 -0.003304
v 0.001794 -0.001951 -0.004689
v 0.001837 -0.001937 -0.004672
v 0.001026 -0.002003 -0.003341
v 0.001717 -0.001980 -0.004717
v 0.001751 -0.001966 -0.004705
v 0.000683 -0.002293 -0.003499
v 0.001367 -0.002222 -0.004830
v 0.000742 -0.002222 -0.003472
v 0.001435 -0.002157 -0.004810
v 0.000806 -0.002157 -0.003442
v 0.001509 -0.002099 -0.004788
v 0.000875 -0.002099 -0.003411
v 0.001586 -0.002047 -0.004763
v 0.000949 -0.002047 -0.003377
v 0.001627 -0.002024 -0.004749
v 0.001667 -0.002003 -0.004735
v 0.001246 -0.002369 -0.004863
v 0.001299 -0.002298 -0.004849
v 0.001303 -0.002293 -0.004848
v 0.000630 -0.002369 -0.003524
v 0.000583 -0.002450 -0.003545
v 0.001195 -0.002450 -0.004876
v 0.000543 -0.002535 -0.003564
v 0.001151 -0.002535 -0.004886
v 0.001172 -0.002492 -0.004881
v 0.000509 -0.002624 -0.003579
v 0.000483 -0.002715 -0.003591
v 0.001086 -0.002715 -0.004901
v 0.001099 -0.002669 -0.004898
v 0.001115 -0.002624 -0.004895
v 0.001132 -0.002579 -0.004891
v 0.000464 -0.002809 -0.003600
v 0.000453 -0.002904 -0.003605
v 0.001053 -0.002904 -0.004908
v 0.001058 -0.002856 -0.004907
v 0.001065 -0.002809 -0.004906
v 0.001075 -0.002762 -0.004904
v 0.001053 -0.003096 -0.004908
v 0.001049 -0.003048 -0.004909
v 0.000449 -0.003000 -0.003607
v 0.001048 -0.003000 -0.004909
v 0.001049 -0.002952 -0.004909
v -0.004347 0.000000 -0.002510
v -0.004550 0.000000 -0.002122
v -0.003634 0.000000 -0.001672
v -0.000872 0.000000 0.004944
v -0.000438 0.000000 0.005001
v 0.000369 0.000000 0.003983
v -0.004944 0.000000 -0.000872
v -0.005001 0.000000 -0.000438
v -0.003846 0.000000 0.003227
v -0.003550 0.000000 0.003550
v -0.003265 0.000000 0.002311
v -0.003227 0.000000 0.003846
v -0.002879 0.000000 0.004112
v -0.004849 0.000000 0.001299
v -0.004717 0.000000 0.001717
v -0.004550 0.000000 0.002122
v -0.001299 0.000000 0.004849
v -0.004347 0.000000 0.002510
v -0.004112 0.000000 0.002879
v 0.000000 0.000000 0.005020
v 0.000438 0.000000 0.005001
v 0.000872 0.000000 0.004944
v -0.004717 0.000000 -0.001717
v -0.004849 0.000000 -0.001299
v -0.005020 0.000000 -0.000000
v -0.005001 0.000000 0.000438
v -0.004944 0.000000 0.000872
v 0.000000 0.000000 -0.005020
v -0.000438 0.000000 -0.005001
v -0.000369 0.000000 -0.003983
v -0.000872 0.000000 -0.004944
v -0.001299 0.000000 -0.004849
v -0.001717 0.000000 -0.004717
v -0.002122 0.000000 -0.004550
v -0.002510 0.000000 -0.004347
v -0.002879 0.000000 -0.004112
v -0.003227 0.000000 -0.003846
v -0.003550 0.000000 -0.003550
v 0.004849 0.000000 -0.001299
v 0.004717 0.000000 -0.001717
v 0.003265 0.000000 -0.002311
v 0.001299 0.000000 0.004849
v 0.001717 0.000000 0.004717
v 0.002122 0.000000 0.004550
v 0.003550 0.000000 0.003550
v 0.003846 0.000000 0.003227
v 0.003634 0.000000 0.001672
v 0.004112 0.000000 0.002879
v -0.002510 0.000000 0.004347
v -0.002122 0.000000 0.004550
v -0.001717 0.000000 0.004717
v -0.003846 0.000000 -0.003227
v -0.004112 0.000000 -0.002879
v 0.002122 0.000000 -0.004550
v 0.001717 0.000000 -0.004717
v 0.001299 0.000000 -0.004849
v 0.000872 0.000000 -0.004944
v 0.000438 0.000000 -0.005001
v 0.002510 0.000000 0.004347
v 0.002879 0.000000 0.004112
v 0.003227 0.000000 0.003846
v 0.004347 0.000000 0.002510
v 0.004550 0.000000 0.002122
v 0.004717 0.000000 0.001717
v 0.004112 0.000000 -0.002879
v 0.003846 0.000000 -0.003227
v 0.003550 0.000000 -0.003550
v 0.003227 0.000000 -0.003846
v 0.004849 0.000000 0.001299
v 0.004944 0.000000 0.000872
v 0.005001 0.000000 0.000438
v 0.005020 0.000000 0.000000
v 0.005001 0.000000 -0.000438
v 0.004944 0.000000 -0.000872
v 0.004550 0.000000 -0.002122
v 0.004347 0.000000 -0.002510
v 0.002879 0.000000 -0.004112
v 0.002510 0.000000 -0.004347
v -0.003265 -0.010000 0.002311
v 0.000369 -0.010000 0.003983
v -0.000369 -0.010000 -0.003983
v 0.003265 -0.010000 -0.002311
v -0.003634 -0.010000 -0.001672
v 0.000187 -0.064000 -0.013142
v -0.000000 -0.064000 -0.013150
v 0.000000 -0.064000 -0.014000
v 0.004025 -0.064000 0.004025
v 0.000000 -0.064000 -0.008850
v 0.000187 -0.064000 -0.008858
v 0.000373 -0.064000 -0.008883
v 0.000556 -0.064000 -0.008923
v 0.000735 -0.064000 -0.008980
v 0.001382 -0.064000 -0.012647
v 0.001233 -0.064000 -0.012761
v 0.002431 -0.064000 -0.013787
v 0.000909 -0.064000 -0.012949
v 0.000735 -0.064000 -0.013020
v 0.001220 -0.064000 -0.013947
v 0.000556 -0.064000 -0.013077
v 0.000373 -0.064000 -0.013117
v -0.008980 -0.064000 -0.000735
v -0.001075 -0.064000 -0.009138
v -0.008923 -0.064000 -0.000556
v -0.008883 -0.064000 -0.000373
v -0.001382 -0.064000 -0.009353
v -0.001233 -0.064000 -0.009239
v -0.009138 -0.064000 -0.001075
v -0.009051 -0.064000 -0.000909
v 0.000909 -0.064000 -0.009051
v 0.001075 -0.064000 -0.009138
v 0.001233 -0.064000 -0.009239
v 0.001382 -0.064000 -0.009353
v 0.001520 -0.064000 -0.009480
v 0.001647 -0.064000 -0.009618
v 0.001761 -0.064000 -0.009767
v 0.001862 -0.064000 -0.009925
v 0.001949 -0.064000 -0.010091
v -0.012075 -0.064000 -0.001862
v -0.013523 -0.064000 -0.003623
v -0.011909 -0.064000 -0.001949
v -0.013156 -0.064000 -0.004788
v -0.011735 -0.064000 -0.002020
v -0.012688 -0.064000 -0.005917
v -0.012949 -0.064000 -0.000909
v -0.013020 -0.064000 -0.000735
v -0.013947 -0.064000 -0.001220
v -0.013077 -0.064000 -0.000556
v -0.014000 -0.064000 -0.000000
v -0.013117 -0.064000 -0.000373
v -0.013142 -0.064000 -0.000187
v -0.013150 -0.064000 0.000000
v 0.002142 -0.064000 -0.010813
v 0.002150 -0.064000 -0.011000
v 0.004029 -0.064000 -0.013408
v 0.002142 -0.064000 -0.011187
v 0.002020 -0.064000 -0.011735
v 0.001949 -0.064000 -0.011909
v 0.001862 -0.064000 -0.012075
v 0.003623 -0.064000 -0.013523
v -0.008980 -0.064000 0.000735
v -0.008923 -0.064000 0.000556
v -0.008883 -0.064000 0.000373
v -0.008858 -0.064000 0.000187
v -0.008850 -0.064000 -0.000000
v -0.008858 -0.064000 -0.000187
v -0.002077 -0.064000 -0.010444
v -0.002020 -0.064000 -0.010265
v -0.010725 -0.064000 -0.008999
v -0.011000 -0.064000 -0.002150
v -0.011468 -0.064000 -0.008030
v -0.011187 -0.064000 -0.002142
v -0.012124 -0.064000 -0.007000
v -0.011373 -0.064000 -0.002117
v -0.011556 -0.064000 -0.002077
v 0.001075 -0.064000 -0.012862
v -0.009239 -0.064000 0.001233
v -0.009138 -0.064000 0.001075
v -0.009051 -0.064000 0.000909
v -0.005917 -0.064000 -0.012688
v -0.004788 -0.064000 -0.013156
v -0.001949 -0.064000 -0.011909
v -0.009767 -0.064000 -0.001761
v -0.009925 -0.064000 -0.001862
v -0.001647 -0.064000 -0.009618
v -0.012233 -0.064000 -0.001761
v -0.012382 -0.064000 -0.001647
v -0.013787 -0.064000 -0.002431
v -0.012520 -0.064000 -0.001520
v -0.013142 -0.064000 0.000187
v -0.013117 -0.064000 0.000373
v -0.013947 -0.064000 0.001220
v -0.013077 -0.064000 0.000556
v -0.013020 -0.064000 0.000735
v -0.012761 -0.064000 0.001233
v -0.013787 -0.064000 0.002431
v -0.012862 -0.064000 0.001075
v -0.012949 -0.064000 0.000909
v -0.012075 -0.064000 0.001862
v -0.013408 -0.064000 0.004029
v -0.012233 -0.064000 0.001761
v -0.013523 -0.064000 0.003623
v -0.010265 -0.064000 0.002020
v -0.010091 -0.064000 0.001949
v -0.009925 -0.064000 0.001862
v -0.009767 -0.064000 0.001761
v -0.009353 -0.064000 0.001382
v -0.000909 -0.064000 -0.009051
v -0.000735 -0.064000 -0.008980
v 0.002020 -0.064000 -0.010265
v 0.002077 -0.064000 -0.010444
v 0.002117 -0.064000 -0.010627
v 0.002117 -0.064000 -0.011373
v 0.002077 -0.064000 -0.011556
v 0.001761 -0.064000 -0.012233
v 0.001647 -0.064000 -0.012382
v 0.001520 -0.064000 -0.012520
v -0.000187 -0.064000 -0.013142
v -0.000373 -0.064000 -0.013117
v -0.001220 -0.064000 -0.013947
v -0.000556 -0.064000 -0.013077
v -0.000735 -0.064000 -0.013020
v -0.001862 -0.064000 -0.012075
v -0.003623 -0.064000 -0.013523
v -0.001761 -0.064000 -0.012233
v -0.012647 -0.064000 -0.001382
v -0.012761 -0.064000 -0.001233
v -0.012862 -0.064000 -0.001075
v -0.012647 -0.064000 0.001382
v -0.012520 -0.064000 0.001520
v -0.012382 -0.064000 0.001647
v -0.011909 -0.064000 0.001949
v -0.011735 -0.064000 0.002020
v -0.011556 -0.064000 0.002077
v -0.001233 -0.064000 -0.012761
v -0.002431 -0.064000 -0.013787
v -0.001075 -0.064000 -0.012862
v -0.000909 -0.064000 -0.012949
v -0.001382 -0.064000 -0.012647
v -0.001520 -0.064000 -0.012520
v -0.001647 -0.064000 -0.012382
v -0.002020 -0.064000 -0.011735
v -0.002077 -0.064000 -0.011556
v -0.007000 -0.064000 -0.012124
v -0.002117 -0.064000 -0.011373
v -0.008030 -0.064000 -0.011468
v -0.002142 -0.064000 -0.011187
v -0.008999 -0.064000 -0.010725
v -0.002150 -0.064000 -0.011000
v -0.009899 -0.064000 -0.009899
v -0.002142 -0.064000 -0.010813
v -0.002117 -0.064000 -0.010627
v -0.010091 -0.064000 -0.001949
v -0.001862 -0.064000 -0.009925
v -0.001761 -0.064000 -0.009767
v -0.009618 -0.064000 0.001647
v -0.009480 -0.064000 0.001520
v -0.009239 -0.064000 -0.001233
v -0.009353 -0.064000 -0.001382
v -0.001520 -0.064000 -0.009480
v -0.009480 -0.064000 -0.001520
v -0.009618 -0.064000 -0.001647
v -0.010265 -0.064000 -0.002020
v -0.010444 -0.064000 -0.002077
v -0.010627 -0.064000 -0.002117
v -0.001949 -0.064000 -0.010091
v -0.010813 -0.064000 -0.002142
v -0.000556 -0.064000 -0.008923
v -0.000373 -0.064000 -0.008883
v -0.000187 -0.064000 -0.008858
v -0.011373 -0.064000 0.002117
v -0.011187 -0.064000 0.002142
v -0.011000 -0.064000 0.002150
v -0.010813 -0.064000 0.002142
v -0.010627 -0.064000 0.002117
v -0.010444 -0.064000 0.002077
v -0.000187 -0.064000 0.013142
v 0.000000 -0.064000 0.013150
v 0.000000 -0.064000 0.014000
v 0.000735 -0.064000 0.008980
v 0.000556 -0.064000 0.008923
v -0.001220 -0.064000 0.013947
v -0.001075 -0.064000 0.012862
v -0.000909 -0.064000 0.012949
v 0.000187 -0.064000 0.013142
v 0.000373 -0.064000 0.013117
v 0.001220 -0.064000 0.013947
v 0.000556 -0.064000 0.013077
v 0.000735 -0.064000 0.013020
v 0.001382 -0.064000 0.009353
v 0.001233 -0.064000 0.009239
v -0.001233 -0.064000 0.012761
v -0.002431 -0.064000 0.013787
v -0.001382 -0.064000 0.012647
v -0.000735 -0.064000 0.013020
v -0.000556 -0.064000 0.013077
v -0.000373 -0.064000 0.013117
v 0.002077 -0.064000 0.010444
v 0.002020 -0.064000 0.010265
v 0.000373 -0.064000 0.008883
v 0.000187 -0.064000 0.008858
v -0.000000 -0.064000 0.008850
v 0.000909 -0.064000 0.012949
v 0.001075 -0.064000 0.012862
v 0.002431 -0.064000 0.013787
v 0.001233 -0.064000 0.012761
v 0.001382 -0.064000 0.012647
v 0.001520 -0.064000 0.012520
v 0.003623 -0.064000 0.013523
v 0.001647 -0.064000 0.012382
v 0.001761 -0.064000 0.012233
v 0.004029 -0.064000 0.013408
v 0.001862 -0.064000 0.012075
v 0.001949 -0.064000 0.011909
v 0.001949 -0.064000 0.010091
v 0.001862 -0.064000 0.009925
v 0.001761 -0.064000 0.009767
v 0.001075 -0.064000 0.009138
v 0.000909 -0.064000 0.009051
v -0.001862 -0.064000 0.012075
v -0.003623 -0.064000 0.013523
v -0.001949 -0.064000 0.011909
v -0.004788 -0.064000 0.013156
v -0.002020 -0.064000 0.011735
v -0.005917 -0.064000 0.012688
v 0.002117 -0.064000 0.011373
v 0.002142 -0.064000 0.011187
v 0.001647 -0.064000 0.009618
v 0.001520 -0.064000 0.009480
v -0.000187 -0.064000 0.008858
v -0.000373 -0.064000 0.008883
v -0.000556 -0.064000 0.008923
v -0.000735 -0.064000 0.008980
v -0.000909 -0.064000 0.009051
v -0.001075 -0.064000 0.009138
v -0.001233 -0.064000 0.009239
v -0.001382 -0.064000 0.009353
v -0.001520 -0.064000 0.009480
v -0.001647 -0.064000 0.009618
v -0.001761 -0.064000 0.009767
v -0.001862 -0.064000 0.009925
v -0.013156 -0.064000 0.004788
v -0.001949 -0.064000 0.010091
v -0.012688 -0.064000 0.005917
v -0.001761 -0.064000 0.012233
v -0.001647 -0.064000 0.012382
v -0.001520 -0.064000 0.012520
v 0.002020 -0.064000 0.011735
v 0.002077 -0.064000 0.011556
v 0.002150 -0.064000 0.011000
v 0.002142 -0.064000 0.010813
v 0.002117 -0.064000 0.010627
v -0.012124 -0.064000 0.007000
v -0.002020 -0.064000 0.010265
v -0.011468 -0.064000 0.008030
v -0.002077 -0.064000 0.010444
v -0.010725 -0.064000 0.008999
v -0.002117 -0.064000 0.010627
v -0.009899 -0.064000 0.009899
v -0.002142 -0.064000 0.010813
v -0.008999 -0.064000 0.010725
v -0.002150 -0.064000 0.011000
v -0.008030 -0.064000 0.011468
v -0.002142 -0.064000 0.011187
v -0.007000 -0.064000 0.012124
v -0.002117 -0.064000 0.011373
v -0.002077 -0.064000 0.011556
v 0.007191 -0.064000 0.008083
v 0.008030 -0.064000 0.011468
v 0.007096 -0.064000 0.008096
v 0.007000 -0.064000 0.012124
v 0.007000 -0.064000 0.008100
v 0.005904 -0.064000 0.006904
v 0.005917 -0.064000 0.006809
v 0.005937 -0.064000 0.006715
v 0.005937 -0.064000 0.007285
v 0.005966 -0.064000 0.007376
v 0.007707 -0.064000 0.007843
v 0.009899 -0.064000 0.009899
v 0.007631 -0.064000 0.007901
v 0.008999 -0.064000 0.010725
v 0.007550 -0.064000 0.007953
v 0.007901 -0.064000 0.007631
v 0.010725 -0.064000 0.008999
v 0.007843 -0.064000 0.007707
v 0.007778 -0.064000 0.007778
v 0.007285 -0.064000 0.008063
v 0.007376 -0.064000 0.008034
v 0.007465 -0.064000 0.007997
v 0.007953 -0.064000 0.007550
v 0.007997 -0.064000 0.007465
v 0.011468 -0.064000 0.008030
v 0.008034 -0.064000 0.007376
v 0.008096 -0.064000 0.007096
v 0.012124 -0.064000 0.007000
v 0.008083 -0.064000 0.007191
v 0.008063 -0.064000 0.007285
v 0.008100 -0.064000 0.007000
v 0.008096 -0.064000 0.006904
v 0.012688 -0.064000 0.005917
v 0.007953 -0.064000 0.006450
v 0.007901 -0.064000 0.006369
v 0.013408 -0.064000 0.004029
v 0.007843 -0.064000 0.006293
v 0.007000 -0.064000 0.005900
v 0.006904 -0.064000 0.005904
v 0.006809 -0.064000 0.005917
v 0.006715 -0.064000 0.005937
v 0.006450 -0.064000 0.006047
v 0.006369 -0.064000 0.006099
v 0.006293 -0.064000 0.006157
v 0.006222 -0.064000 0.006222
v 0.005900 -0.064000 0.007000
v 0.005904 -0.064000 0.007096
v 0.005917 -0.064000 0.007191
v 0.008083 -0.064000 0.006809
v 0.008063 -0.064000 0.006715
v 0.013156 -0.064000 0.004788
v 0.008034 -0.064000 0.006624
v 0.007997 -0.064000 0.006535
v 0.006624 -0.064000 0.005966
v 0.006535 -0.064000 0.006003
v 0.006099 -0.064000 0.007631
v 0.006157 -0.064000 0.007707
v 0.005917 -0.064000 0.012688
v 0.006809 -0.064000 0.008083
v 0.006904 -0.064000 0.008096
v 0.007778 -0.064000 0.006222
v 0.007707 -0.064000 0.006157
v 0.007631 -0.064000 0.006099
v 0.007550 -0.064000 0.006047
v 0.007465 -0.064000 0.006003
v 0.007376 -0.064000 0.005966
v 0.007285 -0.064000 0.005937
v 0.007191 -0.064000 0.005917
v 0.007096 -0.064000 0.005904
v 0.006157 -0.064000 0.006293
v 0.006099 -0.064000 0.006369
v 0.006047 -0.064000 0.006450
v 0.006003 -0.064000 0.006535
v 0.005966 -0.064000 0.006624
v 0.006003 -0.064000 0.007465
v 0.006047 -0.064000 0.007550
v 0.006222 -0.064000 0.007778
v 0.006293 -0.064000 0.007843
v 0.006369 -0.064000 0.007901
v 0.006450 -0.064000 0.007953
v 0.006535 -0.064000 0.007997
v 0.004788 -0.064000 0.013156
v 0.006624 -0.064000 0.008034
v 0.006715 -0.064000 0.008063
v 0.008980 -0.064000 -0.000735
v 0.008923 -0.064000 -0.000556
v 0.012382 -0.064000 -0.001647
v 0.013523 -0.064000 -0.003623
v 0.012520 -0.064000 -0.001520
v 0.013787 -0.064000 -0.002431
v 0.012647 -0.064000 -0.001382
v 0.008883 -0.064000 -0.000373
v 0.008858 -0.064000 -0.000187
v 0.008850 -0.064000 0.000000
v 0.008858 -0.064000 0.000187
v 0.008883 -0.064000 0.000373
v 0.013020 -0.064000 -0.000735
v 0.012949 -0.064000 -0.000909
v 0.013947 -0.064000 -0.001220
v 0.012862 -0.064000 -0.001075
v 0.012761 -0.064000 -0.001233
v 0.012233 -0.064000 -0.001761
v 0.012075 -0.064000 -0.001862
v 0.013156 -0.064000 -0.004788
v 0.011909 -0.064000 -0.001949
v 0.012688 -0.064000 -0.005917
v 0.010091 -0.064000 -0.001949
v 0.009925 -0.064000 -0.001862
v 0.009767 -0.064000 -0.001761
v 0.009618 -0.064000 -0.001647
v 0.014000 -0.064000 0.000000
v 0.013117 -0.064000 -0.000373
v 0.013077 -0.064000 -0.000556
v 0.004788 -0.064000 -0.013156
v 0.005917 -0.064000 -0.012688
v 0.010265 -0.064000 -0.002020
v 0.007000 -0.064000 -0.012124
v 0.010444 -0.064000 -0.002077
v 0.008030 -0.064000 -0.011468
v 0.010627 -0.064000 -0.002117
v 0.008999 -0.064000 -0.010725
v 0.010813 -0.064000 -0.002142
v 0.009899 -0.064000 -0.009899
v 0.011000 -0.064000 -0.002150
v 0.010725 -0.064000 -0.008999
v 0.011187 -0.064000 -0.002142
v 0.011468 -0.064000 -0.008030
v 0.011373 -0.064000 -0.002117
v 0.012124 -0.064000 -0.007000
v 0.011556 -0.064000 -0.002077
v 0.011735 -0.064000 -0.002020
v 0.009480 -0.064000 -0.001520
v 0.009353 -0.064000 -0.001382
v 0.009239 -0.064000 -0.001233
v 0.009138 -0.064000 -0.001075
v 0.009051 -0.064000 -0.000909
v 0.008923 -0.064000 0.000556
v 0.008980 -0.064000 0.000735
v 0.009051 -0.064000 0.000909
v 0.009138 -0.064000 0.001075
v 0.009239 -0.064000 0.001233
v 0.009353 -0.064000 0.001382
v 0.009480 -0.064000 0.001520
v 0.009618 -0.064000 0.001647
v 0.009767 -0.064000 0.001761
v 0.009925 -0.064000 0.001862
v 0.010091 -0.064000 0.001949
v 0.010265 -0.064000 0.002020
v 0.013523 -0.064000 0.003623
v 0.012382 -0.064000 0.001647
v 0.013787 -0.064000 0.002431
v 0.012520 -0.064000 0.001520
v 0.011735 -0.064000 0.002020
v 0.011909 -0.064000 0.001949
v 0.012075 -0.064000 0.001862
v 0.012233 -0.064000 0.001761
v 0.013142 -0.064000 0.000187
v 0.013150 -0.064000 -0.000000
v 0.013142 -0.064000 -0.000187
v 0.012647 -0.064000 0.001382
v 0.012761 -0.064000 0.001233
v 0.013947 -0.064000 0.001220
v 0.012862 -0.064000 0.001075
v 0.012949 -0.064000 0.000909
v 0.013020 -0.064000 0.000735
v 0.013077 -0.064000 0.000556
v 0.013117 -0.064000 0.000373
v 0.011000 -0.064000 0.002150
v 0.011187 -0.064000 0.002142
v 0.010444 -0.064000 0.002077
v 0.010627 -0.064000 0.002117
v 0.010813 -0.064000 0.002142
v 0.011373 -0.064000 0.002117
v 0.011556 -0.064000 0.002077
v 0.006809 -0.060900 0.005917
v 0.006904 -0.060900 0.005904
v 0.007000 -0.060900 0.007000
v 0.007000 -0.060900 0.005900
v 0.007096 -0.060900 0.005904
v 0.006535 -0.060900 0.006003
v 0.006624 -0.060900 0.005966
v 0.006715 -0.060900 0.005937
v 0.006293 -0.060900 0.006157
v 0.006369 -0.060900 0.006099
v 0.006450 -0.060900 0.006047
v 0.006099 -0.060900 0.006369
v 0.006157 -0.060900 0.006293
v 0.006222 -0.060900 0.006222
v 0.005966 -0.060900 0.006624
v 0.006003 -0.060900 0.006535
v 0.006047 -0.060900 0.006450
v 0.005904 -0.060900 0.006904
v 0.005917 -0.060900 0.006809
v 0.005937 -0.060900 0.006715
v 0.005917 -0.060900 0.007191
v 0.005904 -0.060900 0.007096
v 0.005900 -0.060900 0.007000
v 0.006003 -0.060900 0.007465
v 0.005966 -0.060900 0.007376
v 0.005937 -0.060900 0.007285
v 0.006157 -0.060900 0.007707
v 0.006099 -0.060900 0.007631
v 0.006047 -0.060900 0.007550
v 0.006369 -0.060900 0.007901
v 0.006293 -0.060900 0.007843
v 0.006222 -0.060900 0.007778
v 0.006624 -0.060900 0.008034
v 0.006535 -0.060900 0.007997
v 0.006450 -0.060900 0.007953
v 0.006904 -0.060900 0.008096
v 0.006809 -0.060900 0.008083
v 0.006715 -0.060900 0.008063
v 0.007191 -0.060900 0.008083
v 0.007096 -0.060900 0.008096
v 0.007000 -0.060900 0.008100
v 0.007465 -0.060900 0.007997
v 0.007376 -0.060900 0.008034
v 0.007285 -0.060900 0.008063
v 0.007707 -0.060900 0.007843
v 0.007631 -0.060900 0.007901
v 0.007550 -0.060900 0.007953
v 0.007901 -0.060900 0.007631
v 0.007843 -0.060900 0.007707
v 0.007778 -0.060900 0.007778
v 0.008034 -0.060900 0.007376
v 0.007997 -0.060900 0.007465
v 0.007953 -0.060900 0.007550
v 0.008096 -0.060900 0.007096
v 0.008083 -0.060900 0.007191
v 0.008063 -0.060900 0.007285
v 0.008083 -0.060900 0.006809
v 0.008096 -0.060900 0.006904
v 0.008100 -0.060900 0.007000
v 0.007997 -0.060900 0.006535
v 0.008034 -0.060900 0.006624
v 0.008063 -0.060900 0.006715
v 0.007843 -0.060900 0.006293
v 0.007901 -0.060900 0.006369
v 0.007953 -0.060900 0.006450
v 0.007631 -0.060900 0.006099
v 0.007707 -0.060900 0.006157
v 0.007778 -0.060900 0.006222
v 0.007376 -0.060900 0.005966
v 0.007465 -0.060900 0.006003
v 0.007550 -0.060900 0.006047
v 0.007191 -0.060900 0.005917
v 0.007285 -0.060900 0.005937
v 0.014489 -0.063000 -0.003882
v 0.014772 -0.057000 -0.002605
v 0.014772 -0.063000 -0.002605
v 0.014943 -0.057000 -0.001307
v 0.014943 -0.063000 -0.001307
v 0.015000 -0.057000 -0.000000
v 0.015000 -0.063000 0.000000
v 0.014943 -0.057000 0.001307
v 0.014943 -0.063000 0.001307
v 0.014772 -0.057000 0.002605
v 0.014772 -0.063000 0.002605
v 0.014489 -0.057000 0.003882
v 0.014489 -0.063000 0.003882
v 0.014095 -0.057000 0.005130
v 0.014095 -0.063000 0.005130
v 0.013595 -0.057000 0.006339
v 0.013595 -0.063000 0.006339
v 0.012990 -0.057000 0.007500
v 0.012990 -0.063000 0.007500
v 0.012287 -0.057000 0.008604
v 0.012287 -0.063000 0.008604
v 0.011491 -0.057000 0.009642
v 0.011491 -0.063000 0.009642
v 0.010607 -0.057000 0.010607
v 0.010607 -0.063000 0.010607
v 0.009642 -0.057000 0.011491
v 0.009642 -0.063000 0.011491
v 0.008604 -0.057000 0.012287
v 0.008604 -0.063000 0.012287
v 0.007500 -0.057000 0.012990
v 0.007500 -0.063000 0.012990
v 0.006339 -0.057000 0.013595
v 0.006339 -0.063000 0.013595
v 0.005130 -0.057000 0.014095
v 0.005130 -0.063000 0.014095
v 0.003882 -0.057000 0.014489
v 0.003882 -0.063000 0.014489
v 0.002605 -0.057000 0.014772
v 0.002605 -0.063000 0.014772
v 0.001307 -0.057000 0.014943
v 0.001307 -0.063000 0.014943
v 0.000000 -0.057000 0.015000
v -0.000000 -0.063000 0.015000
v -0.001307 -0.057000 0.014943
v -0.001307 -0.063000 0.014943
v -0.002605 -0.057000 0.014772
v -0.002605 -0.063000 0.014772
v -0.003882 -0.057000 0.014489
v -0.003882 -0.063000 0.014489
v -0.004952 -0.057000 0.014159
v -0.005130 -0.063000 0.014095
v -0.005130 -0.057000 0.014095
v -0.006339 -0.057000 0.013595
v -0.006339 -0.063000 0.013595
v -0.007500 -0.057000 0.012990
v -0.007500 -0.063000 0.012990
v -0.008604 -0.057000 0.012287
v -0.008604 -0.063000 0.012287
v -0.009642 -0.057000 0.011491
v -0.009642 -0.063000 0.011491
v -0.010607 -0.057000 0.010607
v -0.010607 -0.063000 0.010607
v -0.011491 -0.057000 0.009642
v -0.011491 -0.063000 0.009642
v -0.012287 -0.057000 0.008604
v -0.012287 -0.063000 0.008604
v -0.012990 -0.057000 0.007500
v -0.012990 -0.063000 0.007500
v -0.013595 -0.057000 0.006339
v -0.013595 -0.063000 0.006339
v -0.014095 -0.057000 0.005130
v -0.014095 -0.063000 0.005130
v -0.014489 -0.057000 0.003882
v -0.014489 -0.063000 0.003882
v -0.014772 -0.057000 0.002605
v -0.014772 -0.063000 0.002605
v -0.014943 -0.057000 0.001307
v -0.014943 -0.063000 0.001307
v -0.015000 -0.057000 0.000000
v -0.015000 -0.063000 -0.000000
v -0.014943 -0.057000 -0.001307
v -0.014943 -0.063000 -0.001307
v -0.014772 -0.057000 -0.002605
v -0.014772 -0.063000 -0.002605
v -0.014489 -0.057000 -0.003882
v -0.014489 -0.063000 -0.003882
v -0.014095 -0.057000 -0.005130
v -0.014095 -0.063000 -0.005130
v -0.013595 -0.057000 -0.006339
v -0.013595 -0.063000 -0.006339
v -0.012990 -0.057000 -0.007500
v -0.012990 -0.063000 -0.007500
v -0.012287 -0.057000 -0.008604
v -0.012287 -0.063000 -0.008604
v -0.011491 -0.057000 -0.009642
v -0.011491 -0.063000 -0.009642
v -0.010607 -0.057000 -0.010607
v -0.010607 -0.063000 -0.010607
v -0.009642 -0.057000 -0.011491
v -0.009642 -0.063000 -0.011491
v -0.008604 -0.057000 -0.012287
v -0.008604 -0.063000 -0.012287
v -0.007500 -0.057000 -0.012990
v -0.007500 -0.063000 -0.012990
v -0.006339 -0.057000 -0.013595
v -0.006339 -0.063000 -0.013595
v -0.005130 -0.057000 -0.014095
v -0.005130 -0.063000 -0.014095
v -0.003882 -0.057000 -0.014489
v -0.003882 -0.063000 -0.014489
v -0.002605 -0.057000 -0.014772
v -0.002605 -0.063000 -0.014772
v -0.001307 -0.057000 -0.014943
v -0.001307 -0.063000 -0.014943
v -0.000000 -0.057000 -0.015000
v 0.000000 -0.063000 -0.015000
v 0.001307 -0.057000 -0.014943
v 0.001307 -0.063000 -0.014943
v 0.002605 -0.057000 -0.014772
v 0.002605 -0.063000 -0.014772
v 0.003882 -0.057000 -0.014489
v 0.003882 -0.063000 -0.014489
v 0.005130 -0.057000 -0.014095
v 0.005130 -0.063000 -0.014095
v 0.006339 -0.057000 -0.013595
v 0.006339 -0.063000 -0.013595
v 0.007500 -0.057000 -0.012990
v 0.007500 -0.063000 -0.012990
v 0.008604 -0.057000 -0.012287
v 0.008604 -0.063000 -0.012287
v 0.009642 -0.057000 -0.011491
v 0.009642 -0.063000 -0.011491
v 0.010607 -0.057000 -0.010607
v 0.010607 -0.063000 -0.010607
v 0.011491 -0.057000 -0.009642
v 0.011491 -0.063000 -0.009642
v 0.012287 -0.057000 -0.008604
v 0.012287 -0.063000 -0.008604
v 0.012990 -0.057000 -0.007500
v 0.012990 -0.063000 -0.007500
v 0.013595 -0.057000 -0.006339
v 0.013595 -0.063000 -0.006339
v 0.014095 -0.057000 -0.005130
v 0.014095 -0.063000 -0.005130
v 0.014159 -0.057000 -0.004952
v 0.014489 -0.057000 -0.003882
v 0.000000 -0.057000 -0.013150
v 0.000187 -0.057000 -0.013142
v 0.000373 -0.057000 -0.013117
v 0.000556 -0.057000 -0.013077
v 0.000735 -0.057000 -0.013020
v 0.000909 -0.057000 -0.012949
v 0.001075 -0.057000 -0.012862
v 0.001233 -0.057000 -0.012761
v 0.001382 -0.057000 -0.012647
v 0.001520 -0.057000 -0.012520
v 0.001647 -0.057000 -0.012382
v 0.001761 -0.057000 -0.012233
v 0.001862 -0.057000 -0.012075
v 0.001949 -0.057000 -0.011909
v 0.002020 -0.057000 -0.011735
v 0.002077 -0.057000 -0.011556
v 0.002117 -0.057000 -0.011373
v 0.002142 -0.057000 -0.011187
v 0.002150 -0.057000 -0.011000
v 0.002142 -0.057000 -0.010813
v 0.002117 -0.057000 -0.010627
v 0.002077 -0.057000 -0.010444
v 0.002020 -0.057000 -0.010265
v 0.001949 -0.057000 -0.010091
v 0.001862 -0.057000 -0.009925
v 0.001761 -0.057000 -0.009767
v 0.001647 -0.057000 -0.009618
v 0.001520 -0.057000 -0.009480
v 0.001382 -0.057000 -0.009353
v 0.001233 -0.057000 -0.009239
v 0.001075 -0.057000 -0.009138
v 0.000909 -0.057000 -0.009051
v 0.000735 -0.057000 -0.008980
v 0.000556 -0.057000 -0.008923
v 0.000373 -0.057000 -0.008883
v 0.000187 -0.057000 -0.008858
v 0.000000 -0.057000 -0.008850
v -0.000187 -0.057000 -0.008858
v -0.000373 -0.057000 -0.008883
v -0.000556 -0.057000 -0.008923
v -0.000735 -0.057000 -0.008980
v -0.000909 -0.057000 -0.009051
v -0.001075 -0.057000 -0.009138
v -0.001233 -0.057000 -0.009239
v -0.001382 -0.057000 -0.009353
v -0.001520 -0.057000 -0.009480
v -0.001647 -0.057000 -0.009618
v -0.001761 -0.057000 -0.009767
v -0.001862 -0.057000 -0.009925
v -0.001949 -0.057000 -0.010091
v -0.002020 -0.057000 -0.010265
v -0.002077 -0.057000 -0.010444
v -0.002117 -0.057000 -0.010627
v -0.002142 -0.057000 -0.010813
v -0.002150 -0.057000 -0.011000
v -0.002142 -0.057000 -0.011187
v -0.002117 -0.057000 -0.011373
v -0.002077 -0.057000 -0.011556
v -0.002020 -0.057000 -0.011735
v -0.001949 -0.057000 -0.011909
v -0.001862 -0.057000 -0.012075
v -0.001761 -0.057000 -0.012233
v -0.001647 -0.057000 -0.012382
v -0.001520 -0.057000 -0.012520
v -0.001382 -0.057000 -0.012647
v -0.001233 -0.057000 -0.012761
v -0.001075 -0.057000 -0.012862
v -0.000909 -0.057000 -0.012949
v -0.000735 -0.057000 -0.013020
v -0.000556 -0.057000 -0.013077
v -0.000373 -0.057000 -0.013117
v -0.000187 -0.057000 -0.013142
v 0.002510 -0.053000 -0.004347
v 0.000872 -0.053000 -0.004944
v 0.003227 -0.053000 -0.003846
v 0.002879 -0.053000 -0.004112
v 0.002122 -0.053000 -0.004550
v 0.001717 -0.053000 -0.004717
v 0.001299 -0.053000 -0.004849
v -0.003227 -0.053000 0.003846
v -0.002879 -0.053000 0.004112
v -0.002510 -0.053000 0.004347
v -0.002122 -0.053000 0.004550
v -0.001717 -0.053000 0.004717
v -0.000872 -0.053000 0.004944
v -0.001299 -0.053000 0.004849
v 0.000438 -0.053000 -0.005001
v 0.000000 -0.053000 -0.005020
v -0.000438 -0.053000 -0.005001
v -0.000872 -0.053000 -0.004944
v -0.001299 -0.053000 -0.004849
v -0.001717 -0.053000 -0.004717
v -0.002122 -0.053000 -0.004550
v -0.002510 -0.053000 -0.004347
v -0.002879 -0.053000 -0.004112
v -0.003227 -0.053000 -0.003846
v -0.003550 -0.053000 -0.003550
v -0.003846 -0.053000 -0.003227
v -0.004112 -0.053000 -0.002879
v -0.004347 -0.053000 -0.002510
v -0.004550 -0.053000 -0.002122
v -0.004717 -0.053000 -0.001717
v -0.004849 -0.053000 -0.001299
v -0.004944 -0.053000 -0.000872
v -0.005001 -0.053000 -0.000438
v -0.005020 -0.053000 -0.000000
v -0.005001 -0.053000 0.000438
v -0.004944 -0.053000 0.000872
v -0.004849 -0.053000 0.001299
v -0.004717 -0.053000 0.001717
v -0.004550 -0.053000 0.002122
v -0.004347 -0.053000 0.002510
v -0.004112 -0.053000 0.002879
v -0.003846 -0.053000 0.003227
v -0.003550 -0.053000 0.003550
v -0.000438 -0.053000 0.005001
v 0.000000 -0.053000 0.005020
v 0.000438 -0.053000 0.005001
v 0.000872 -0.053000 0.004944
v 0.001299 -0.053000 0.004849
v 0.001717 -0.053000 0.004717
v 0.002122 -0.053000 0.004550
v 0.002510 -0.053000 0.004347
v 0.002879 -0.053000 0.004112
v 0.003227 -0.053000 0.003846
v 0.003550 -0.053000 0.003550
v 0.003846 -0.053000 0.003227
v 0.004112 -0.053000 0.002879
v 0.004347 -0.053000 0.002510
v 0.004550 -0.053000 0.002122
v 0.004717 -0.053000 0.001717
v 0.004849 -0.053000 0.001299
v 0.004944 -0.053000 0.000872
v 0.005001 -0.053000 0.000438
v 0.005020 -0.053000 0.000000
v 0.005001 -0.053000 -0.000438
v 0.004944 -0.053000 -0.000872
v 0.004849 -0.053000 -0.001299
v 0.004717 -0.053000 -0.001717
v 0.004550 -0.053000 -0.002122
v 0.004347 -0.053000 -0.002510
v 0.004112 -0.053000 -0.002879
v 0.003846 -0.053000 -0.003227
v 0.003550 -0.053000 -0.003550
v 0.011000 -0.057000 -0.002150
v 0.011187 -0.057000 -0.002142
v 0.011373 -0.057000 -0.002117
v 0.011556 -0.057000 -0.002077
v 0.011735 -0.057000 -0.002020
v 0.011909 -0.057000 -0.001949
v 0.012075 -0.057000 -0.001862
v 0.012233 -0.057000 -0.001761
v 0.012382 -0.057000 -0.001647
v 0.012520 -0.057000 -0.001520
v 0.012647 -0.057000 -0.001382
v 0.012761 -0.057000 -0.001233
v 0.012862 -0.057000 -0.001075
v 0.012949 -0.057000 -0.000909
v 0.013020 -0.057000 -0.000735
v 0.013077 -0.057000 -0.000556
v 0.013117 -0.057000 -0.000373
v 0.013142 -0.057000 -0.000187
v 0.013150 -0.057000 -0.000000
v 0.013142 -0.057000 0.000187
v 0.013117 -0.057000 0.000373
v 0.013077 -0.057000 0.000556
v 0.013020 -0.057000 0.000735
v 0.012949 -0.057000 0.000909
v 0.012862 -0.057000 0.001075
v 0.012761 -0.057000 0.001233
v 0.012647 -0.057000 0.001382
v 0.012520 -0.057000 0.001520
v 0.012382 -0.057000 0.001647
v 0.012233 -0.057000 0.001761
v 0.012075 -0.057000 0.001862
v 0.011909 -0.057000 0.001949
v 0.011735 -0.057000 0.002020
v 0.011556 -0.057000 0.002077
v 0.011373 -0.057000 0.002117
v 0.011187 -0.057000 0.002142
v 0.011000 -0.057000 0.002150
v 0.010813 -0.057000 0.002142
v 0.010627 -0.057000 0.002117
v 0.010444 -0.057000 0.002077
v 0.010265 -0.057000 0.002020
v 0.010091 -0.057000 0.001949
v 0.009925 -0.057000 0.001862
v 0.009767 -0.057000 0.001761
v 0.009618 -0.057000 0.001647
v 0.009480 -0.057000 0.001520
v 0.009353 -0.057000 0.001382
v 0.009239 -0.057000 0.001233
v 0.009138 -0.057000 0.001075
v 0.009051 -0.057000 0.000909
v 0.008980 -0.057000 0.000735
v 0.008923 -0.057000 0.000556
v 0.008883 -0.057000 0.000373
v 0.008858 -0.057000 0.000187
v 0.008850 -0.057000 0.000000
v 0.008858 -0.057000 -0.000187
v 0.008883 -0.057000 -0.000373
v 0.008923 -0.057000 -0.000556
v 0.008980 -0.057000 -0.000735
v 0.009051 -0.057000 -0.000909
v 0.009138 -0.057000 -0.001075
v 0.009239 -0.057000 -0.001233
v 0.009353 -0.057000 -0.001382
v 0.009480 -0.057000 -0.001520
v 0.009618 -0.057000 -0.001647
v 0.009767 -0.057000 -0.001761
v 0.009925 -0.057000 -0.001862
v 0.010091 -0.057000 -0.001949
v 0.010265 -0.057000 -0.002020
v 0.010444 -0.057000 -0.002077
v 0.010627 -0.057000 -0.002117
v 0.010813 -0.057000 -0.002142
v 0.000000 -0.057000 -0.007750
v -0.000675 -0.057000 -0.007721
v 0.000675 -0.057000 -0.007721
v -0.003275 -0.057000 -0.007024
v -0.002651 -0.057000 -0.007283
v 0.005937 -0.057000 -0.004982
v 0.005962 -0.057000 -0.004951
v -0.001346 -0.057000 -0.007632
v -0.002006 -0.057000 -0.007486
v 0.001346 -0.057000 -0.007632
v -0.004982 -0.057000 -0.005937
v 0.005480 -0.057000 -0.005480
v 0.004982 -0.057000 -0.005937
v -0.003875 -0.057000 -0.006712
v 0.002006 -0.057000 -0.007486
v 0.002651 -0.057000 -0.007283
v 0.003275 -0.057000 -0.007024
v 0.003875 -0.057000 -0.006712
v 0.004445 -0.057000 -0.006348
v -0.004445 -0.057000 -0.006348
v 0.000000 -0.057000 0.013150
v -0.000187 -0.057000 0.013142
v -0.000373 -0.057000 0.013117
v -0.000556 -0.057000 0.013077
v -0.001075 -0.057000 0.012862
v -0.000909 -0.057000 0.012949
v -0.000735 -0.057000 0.013020
v 0.007632 -0.057000 -0.001346
v 0.007721 -0.057000 -0.000675
v -0.001233 -0.057000 0.012761
v -0.001382 -0.057000 0.012647
v 0.007750 -0.057000 -0.000000
v 0.000909 -0.057000 0.012949
v 0.000735 -0.057000 0.013020
v 0.000556 -0.057000 0.013077
v 0.000373 -0.057000 0.013117
v 0.000187 -0.057000 0.013142
v 0.006712 -0.057000 -0.003875
v 0.007024 -0.057000 -0.003275
v -0.001862 -0.057000 0.012075
v -0.001949 -0.057000 0.011909
v -0.002020 -0.057000 0.011735
v -0.002077 -0.057000 0.011556
v -0.002150 -0.057000 0.011000
v -0.002142 -0.057000 0.010813
v -0.004951 -0.057000 0.005962
v -0.002117 -0.057000 0.010627
v -0.000675 -0.057000 0.007721
v -0.001346 -0.057000 0.007632
v -0.000735 -0.057000 0.008980
v 0.007632 -0.057000 0.001346
v 0.007283 -0.057000 -0.002651
v 0.007486 -0.057000 -0.002006
v -0.002117 -0.057000 0.011373
v -0.002142 -0.057000 0.011187
v -0.002077 -0.057000 0.010444
v -0.002020 -0.057000 0.010265
v -0.001949 -0.057000 0.010091
v -0.001862 -0.057000 0.009925
v -0.001761 -0.057000 0.009767
v -0.004445 -0.057000 0.006348
v -0.003875 -0.057000 0.006712
v -0.000187 -0.057000 0.008858
v 0.000000 -0.057000 0.007750
v -0.000373 -0.057000 0.008883
v -0.000556 -0.057000 0.008923
v 0.007721 -0.057000 0.000675
v 0.001075 -0.057000 0.012862
v 0.001233 -0.057000 0.012761
v 0.006348 -0.057000 -0.004445
v -0.001520 -0.057000 0.012520
v -0.001647 -0.057000 0.012382
v -0.001761 -0.057000 0.012233
v 0.001346 -0.057000 0.007632
v 0.000675 -0.057000 0.007721
v 0.000556 -0.057000 0.008923
v -0.001647 -0.057000 0.009618
v -0.001520 -0.057000 0.009480
v -0.003275 -0.057000 0.007024
v -0.001382 -0.057000 0.009353
v -0.002651 -0.057000 0.007283
v -0.001233 -0.057000 0.009239
v -0.002006 -0.057000 0.007486
v -0.001075 -0.057000 0.009138
v -0.000909 -0.057000 0.009051
v 0.000000 -0.057000 0.008850
v 0.000187 -0.057000 0.008858
v 0.000373 -0.057000 0.008883
v 0.001949 -0.057000 0.011909
v 0.001761 -0.057000 0.009767
v 0.001862 -0.057000 0.009925
v 0.001949 -0.057000 0.010091
v 0.002020 -0.057000 0.010265
v 0.001520 -0.057000 0.012520
v 0.001382 -0.057000 0.012647
v 0.001233 -0.057000 0.009239
v 0.002651 -0.057000 0.007283
v 0.002006 -0.057000 0.007486
v 0.001862 -0.057000 0.012075
v 0.001761 -0.057000 0.012233
v 0.001647 -0.057000 0.012382
v 0.007486 -0.057000 0.002006
v 0.007283 -0.057000 0.002651
v 0.007024 -0.057000 0.003275
v 0.006712 -0.057000 0.003875
v 0.006348 -0.057000 0.004445
v 0.002142 -0.057000 0.011187
v 0.002117 -0.057000 0.011373
v 0.002077 -0.057000 0.011556
v 0.001520 -0.057000 0.009480
v 0.001647 -0.057000 0.009618
v 0.000735 -0.057000 0.008980
v 0.000909 -0.057000 0.009051
v 0.001075 -0.057000 0.009138
v 0.004445 -0.057000 0.006348
v 0.003875 -0.057000 0.006712
v 0.003275 -0.057000 0.007024
v 0.002077 -0.057000 0.010444
v 0.002117 -0.057000 0.010627
v 0.002142 -0.057000 0.010813
v 0.002150 -0.057000 0.011000
v 0.002020 -0.057000 0.011735
v 0.005937 -0.057000 0.004982
v 0.005480 -0.057000 0.005480
v 0.004982 -0.057000 0.005937
v 0.001382 -0.057000 0.009353
v -0.006348 -0.057000 -0.004445
v -0.005937 -0.057000 -0.004982
v -0.009480 -0.057000 -0.001520
v -0.009051 -0.057000 -0.000909
v -0.008980 -0.057000 -0.000735
v -0.007632 -0.057000 -0.001346
v -0.007721 -0.057000 -0.000675
v -0.011735 -0.057000 -0.002020
v -0.011909 -0.057000 -0.001949
v -0.012075 -0.057000 -0.001862
v -0.011187 -0.057000 -0.002142
v -0.011000 -0.057000 -0.002150
v -0.012075 -0.057000 0.001862
v -0.012233 -0.057000 0.001761
v -0.012949 -0.057000 0.000909
v -0.013020 -0.057000 0.000735
v -0.008923 -0.057000 -0.000556
v -0.008883 -0.057000 -0.000373
v -0.007750 -0.057000 0.000000
v -0.008858 -0.057000 -0.000187
v -0.010091 -0.057000 0.001949
v -0.009925 -0.057000 0.001862
v -0.009767 -0.057000 0.001761
v -0.013142 -0.057000 0.000187
v -0.013117 -0.057000 0.000373
v -0.013077 -0.057000 0.000556
v -0.013150 -0.057000 0.000000
v -0.013142 -0.057000 -0.000187
v -0.013117 -0.057000 -0.000373
v -0.013077 -0.057000 -0.000556
v -0.012761 -0.057000 -0.001233
v -0.012647 -0.057000 -0.001382
v -0.007632 -0.057000 0.001346
v -0.007721 -0.057000 0.000675
v -0.008923 -0.057000 0.000556
v -0.009239 -0.057000 0.001233
v -0.007283 -0.057000 0.002651
v -0.007486 -0.057000 0.002006
v -0.004982 -0.057000 0.005937
v -0.005480 -0.057000 0.005480
v -0.009618 -0.057000 0.001647
v -0.012862 -0.057000 0.001075
v -0.012761 -0.057000 0.001233
v -0.011556 -0.057000 -0.002077
v -0.011373 -0.057000 -0.002117
v -0.010813 -0.057000 -0.002142
v -0.010627 -0.057000 -0.002117
v -0.010444 -0.057000 -0.002077
v -0.010265 -0.057000 -0.002020
v -0.010091 -0.057000 -0.001949
v -0.009925 -0.057000 -0.001862
v -0.008850 -0.057000 -0.000000
v -0.008858 -0.057000 0.000187
v -0.008883 -0.057000 0.000373
v -0.005937 -0.057000 0.004982
v -0.006348 -0.057000 0.004445
v -0.006712 -0.057000 0.003875
v -0.011909 -0.057000 0.001949
v -0.011735 -0.057000 0.002020
v -0.012382 -0.057000 0.001647
v -0.012520 -0.057000 0.001520
v -0.012647 -0.057000 0.001382
v -0.013020 -0.057000 -0.000735
v -0.012949 -0.057000 -0.000909
v -0.012862 -0.057000 -0.001075
v -0.012520 -0.057000 -0.001520
v -0.012382 -0.057000 -0.001647
v -0.012233 -0.057000 -0.001761
v -0.009767 -0.057000 -0.001761
v -0.009618 -0.057000 -0.001647
v -0.009138 -0.057000 -0.001075
v -0.007486 -0.057000 -0.002006
v -0.009239 -0.057000 -0.001233
v -0.007283 -0.057000 -0.002651
v -0.009353 -0.057000 -0.001382
v -0.007024 -0.057000 -0.003275
v -0.006712 -0.057000 -0.003875
v -0.008980 -0.057000 0.000735
v -0.009051 -0.057000 0.000909
v -0.009138 -0.057000 0.001075
v -0.007024 -0.057000 0.003275
v -0.009353 -0.057000 0.001382
v -0.009480 -0.057000 0.001520
v -0.011556 -0.057000 0.002077
v -0.011373 -0.057000 0.002117
v -0.011187 -0.057000 0.002142
v -0.011000 -0.057000 0.002150
v -0.010813 -0.057000 0.002142
v -0.010627 -0.057000 0.002117
v -0.010444 -0.057000 0.002077
v -0.010265 -0.057000 0.002020
v -0.005480 -0.057000 -0.005480
v -0.004445 -0.053000 0.006348
v -0.003875 -0.053000 0.006712
v -0.003275 -0.053000 0.007024
v -0.002651 -0.053000 0.007283
v -0.002006 -0.053000 0.007486
v -0.001346 -0.053000 0.007632
v -0.000675 -0.053000 0.007721
v 0.000000 -0.053000 0.007750
v 0.000675 -0.053000 0.007721
v 0.001346 -0.053000 0.007632
v 0.002006 -0.053000 0.007486
v 0.002651 -0.053000 0.007283
v 0.003275 -0.053000 0.007024
v 0.003875 -0.053000 0.006712
v 0.004445 -0.053000 0.006348
v 0.004982 -0.053000 0.005937
v 0.005480 -0.053000 0.005480
v 0.005937 -0.053000 0.004982
v 0.006348 -0.053000 0.004445
v 0.006712 -0.053000 0.003875
v 0.007024 -0.053000 0.003275
v 0.007283 -0.053000 0.002651
v 0.007486 -0.053000 0.002006
v 0.007632 -0.053000 0.001346
v 0.007721 -0.053000 0.000675
v 0.007750 -0.053000 -0.000000
v 0.007721 -0.053000 -0.000675
v 0.007632 -0.053000 -0.001346
v 0.007486 -0.053000 -0.002006
v 0.007283 -0.053000 -0.002651
v 0.007024 -0.053000 -0.003275
v 0.006712 -0.053000 -0.003875
v 0.006348 -0.053000 -0.004445
v 0.005937 -0.053000 -0.004982
v 0.005480 -0.053000 -0.005480
v 0.004982 -0.053000 -0.005937
v 0.004445 -0.053000 -0.006348
v 0.003875 -0.053000 -0.006712
v 0.003275 -0.053000 -0.007024
v 0.002651 -0.053000 -0.007283
v 0.002006 -0.053000 -0.007486
v 0.001346 -0.053000 -0.007632
v 0.000675 -0.053000 -0.007721
v 0.000000 -0.053000 -0.007750
v -0.000675 -0.053000 -0.007721
v -0.001346 -0.053000 -0.007632
v -0.002006 -0.053000 -0.007486
v -0.002651 -0.053000 -0.007283
v -0.003275 -0.053000 -0.007024
v -0.003875 -0.053000 -0.006712
v -0.004445 -0.053000 -0.006348
v -0.004982 -0.053000 -0.005937
v -0.005480 -0.053000 -0.005480
v -0.005937 -0.053000 -0.004982
v -0.006348 -0.053000 -0.004445
v -0.006712 -0.053000 -0.003875
v -0.007024 -0.053000 -0.003275
v -0.007283 -0.053000 -0.002651
v -0.007486 -0.053000 -0.002006
v -0.007632 -0.053000 -0.001346
v -0.007721 -0.053000 -0.000675
v -0.007750 -0.053000 0.000000
v -0.007721 -0.053000 0.000675
v -0.007632 -0.053000 0.001346
v -0.007486 -0.053000 0.002006
v -0.007283 -0.053000 0.002651
v -0.007024 -0.053000 0.003275
v -0.006712 -0.053000 0.003875
v -0.006348 -0.053000 0.004445
v -0.005937 -0.053000 0.004982
v -0.005480 -0.053000 0.005480
v -0.004982 -0.053000 0.005937
v 0.003634 -0.010000 0.001672
# 1638 vertices, 0 vertices normals

f 1 2 3
f 4 5 2
f 5 6 2
f 2 6 3
f 7 8 4
f 8 9 4
f 4 9 5
f 10 11 7
f 11 12 7
f 7 12 8
f 13 14 15
f 14 16 15
f 15 16 10
f 16 17 10
f 10 17 11
f 18 19 20
f 19 21 20
f 20 21 22
f 21 23 22
f 22 23 24
f 23 25 24
f 24 25 26
f 25 27 26
f 26 27 13
f 27 28 13
f 13 28 14
f 29 30 18
f 30 31 18
f 18 31 19
f 32 33 29
f 33 34 29
f 29 34 30
f 35 36 32
f 36 37 32
f 32 37 33
f 38 39 35
f 39 40 35
f 35 40 36
f 41 42 38
f 42 43 38
f 38 43 39
f 44 45 41
f 45 46 41
f 41 46 42
f 47 48 44
f 48 49 44
f 44 49 45
f 50 51 47
f 51 52 47
f 47 52 48
f 53 54 50
f 54 55 50
f 50 55 51
f 56 57 53
f 57 58 53
f 53 58 54
f 59 60 56
f 60 61 56
f 56 61 57
f 62 63 64
f 63 65 64
f 64 65 66
f 65 67 66
f 66 67 68
f 67 69 68
f 68 69 70
f 69 71 70
f 70 71 59
f 71 72 59
f 59 72 60
f 73 74 62
f 74 75 62
f 62 75 63
f 62 76 73
f 76 77 73
f 73 77 78
f 79 80 77
f 80 81 77
f 77 81 78
f 82 83 84
f 84 85 82
f 85 86 82
f 82 86 79
f 86 87 79
f 79 87 80
f 88 89 90
f 90 91 88
f 91 92 88
f 88 92 83
f 92 93 83
f 83 93 84
f 94 95 96
f 95 97 96
f 96 97 89
f 97 98 89
f 89 98 90
f 99 100 94
f 100 101 94
f 94 101 95
f 102 103 99
f 103 104 99
f 99 104 100
f 105 106 102
f 106 107 102
f 102 107 103
f 108 109 105
f 109 110 105
f 105 110 106
f 111 112 113
f 112 114 113
f 113 114 108
f 114 115 108
f 108 115 109
f 116 117 111
f 117 118 111
f 111 118 112
f 119 120 121
f 120 122 121
f 121 122 123
f 122 124 123
f 123 124 125
f 124 116 125
f 125 116 126
f 116 111 126
f 127 128 119
f 128 129 119
f 119 129 120
f 130 131 127
f 131 132 127
f 127 132 128
f 133 134 130
f 134 135 130
f 130 135 131
f 136 137 133
f 137 138 133
f 133 138 134
f 139 140 136
f 140 141 136
f 136 141 137
f 142 143 139
f 143 144 139
f 139 144 140
f 145 146 142
f 146 147 142
f 142 147 143
f 148 149 145
f 149 150 145
f 145 150 146
f 151 152 148
f 152 153 148
f 148 153 149
f 154 155 151
f 155 156 151
f 151 156 152
f 157 158 154
f 158 159 154
f 154 159 155
f 160 161 162
f 161 163 162
f 162 163 164
f 163 165 164
f 164 165 166
f 165 167 166
f 166 167 168
f 167 169 168
f 168 169 157
f 169 170 157
f 157 170 158
f 171 172 160
f 172 173 160
f 160 173 161
f 160 174 171
f 174 175 171
f 171 175 176
f 177 178 175
f 178 179 175
f 175 179 176
f 180 181 182
f 182 183 180
f 183 184 180
f 180 184 177
f 184 185 177
f 177 185 178
f 186 187 188
f 188 189 186
f 189 190 186
f 186 190 181
f 190 191 181
f 181 191 182
f 3 192 1
f 192 193 1
f 1 193 194
f 193 195 194
f 194 195 187
f 195 196 187
f 187 196 188
f 197 198 199
f 200 201 198
f 201 202 198
f 198 202 199
f 203 204 200
f 204 205 200
f 200 205 201
f 206 207 203
f 207 208 203
f 203 208 204
f 209 210 211
f 210 212 211
f 211 212 206
f 212 213 206
f 206 213 207
f 214 215 209
f 215 216 209
f 209 216 210
f 217 218 219
f 218 220 219
f 219 220 221
f 220 222 221
f 221 222 223
f 222 214 223
f 223 214 224
f 214 209 224
f 225 226 217
f 226 227 217
f 217 227 218
f 228 229 225
f 229 230 225
f 225 230 226
f 231 232 228
f 232 233 228
f 228 233 229
f 234 235 231
f 235 236 231
f 231 236 232
f 237 238 234
f 238 239 234
f 234 239 235
f 240 241 237
f 241 242 237
f 237 242 238
f 243 244 240
f 244 245 240
f 240 245 241
f 246 247 243
f 247 248 243
f 243 248 244
f 249 250 246
f 250 251 246
f 246 251 247
f 252 253 249
f 253 254 249
f 249 254 250
f 255 256 252
f 256 257 252
f 252 257 253
f 258 259 260
f 259 261 260
f 260 261 262
f 261 263 262
f 262 263 264
f 263 265 264
f 264 265 266
f 265 267 266
f 266 267 255
f 267 268 255
f 255 268 256
f 269 270 258
f 270 271 258
f 258 271 259
f 258 272 269
f 272 273 269
f 269 273 274
f 275 276 273
f 276 277 273
f 273 277 274
f 278 279 280
f 280 281 278
f 281 282 278
f 278 282 275
f 282 283 275
f 275 283 276
f 284 285 286
f 286 287 284
f 287 288 284
f 284 288 279
f 288 289 279
f 279 289 280
f 290 291 292
f 291 293 292
f 292 293 285
f 293 294 285
f 285 294 286
f 295 296 290
f 296 297 290
f 290 297 291
f 298 299 295
f 299 300 295
f 295 300 296
f 301 302 298
f 302 303 298
f 298 303 299
f 304 305 301
f 305 306 301
f 301 306 302
f 307 308 309
f 308 310 309
f 309 310 304
f 310 311 304
f 304 311 305
f 312 313 314
f 313 315 314
f 314 315 316
f 315 317 316
f 316 317 318
f 317 319 318
f 318 319 320
f 319 321 320
f 320 321 307
f 321 322 307
f 307 322 308
f 323 324 312
f 324 325 312
f 312 325 313
f 326 327 323
f 327 328 323
f 323 328 324
f 329 330 326
f 330 331 326
f 326 331 327
f 332 333 329
f 333 334 329
f 329 334 330
f 335 336 332
f 336 337 332
f 332 337 333
f 338 339 335
f 339 340 335
f 335 340 336
f 341 342 338
f 342 343 338
f 338 343 339
f 344 345 341
f 345 346 341
f 341 346 342
f 347 348 344
f 348 349 344
f 344 349 345
f 350 351 347
f 351 352 347
f 347 352 348
f 353 354 350
f 354 355 350
f 350 355 351
f 356 357 358
f 357 359 358
f 358 359 360
f 359 361 360
f 360 361 362
f 361 363 362
f 362 363 364
f 363 365 364
f 364 365 353
f 365 366 353
f 353 366 354
f 367 368 356
f 368 369 356
f 356 369 357
f 356 370 367
f 370 371 367
f 367 371 372
f 373 374 371
f 374 375 371
f 371 375 372
f 376 377 378
f 378 379 376
f 379 380 376
f 376 380 373
f 380 381 373
f 373 381 374
f 382 383 384
f 384 385 382
f 385 386 382
f 382 386 377
f 386 387 377
f 377 387 378
f 199 388 197
f 388 389 197
f 197 389 390
f 389 391 390
f 390 391 383
f 391 392 383
f 383 392 384
f 393 394 395
f 396 397 398
f 399 400 395
f 401 402 403
f 402 404 403
f 403 404 405
f 406 407 403
f 407 408 403
f 396 398 409
f 408 410 403
f 410 411 403
f 403 411 401
f 397 412 398
f 412 413 398
f 398 413 414
f 394 415 395
f 415 416 395
f 395 416 399
f 400 417 395
f 417 418 395
f 395 418 403
f 418 419 403
f 403 419 406
f 420 421 422
f 421 423 422
f 423 424 422
f 424 425 422
f 422 425 426
f 426 427 422
f 427 428 422
f 422 428 395
f 428 429 395
f 395 429 430
f 431 432 433
f 414 434 398
f 434 435 398
f 398 435 436
f 437 438 439
f 438 440 439
f 405 441 403
f 441 442 403
f 403 442 398
f 442 443 398
f 398 443 409
f 430 444 395
f 444 445 395
f 395 445 393
f 433 446 422
f 446 447 422
f 422 447 448
f 448 449 422
f 449 450 422
f 422 450 420
f 436 451 398
f 451 452 398
f 398 452 439
f 452 453 439
f 439 453 437
f 440 454 439
f 454 455 439
f 439 455 456
f 457 458 433
f 458 459 433
f 433 459 460
f 456 461 439
f 461 462 439
f 439 462 463
f 463 464 439
f 464 465 439
f 439 465 433
f 465 466 433
f 433 466 431
f 432 467 433
f 467 468 433
f 433 468 457
f 460 469 433
f 469 470 433
f 433 470 446
f 70 59 398
f 1 194 403
f 194 187 403
f 403 187 471
f 22 24 403
f 24 26 403
f 403 26 13
f 125 472 123
f 472 121 123
f 125 126 472
f 126 111 472
f 472 111 113
f 64 66 398
f 66 68 398
f 398 68 70
f 13 15 403
f 15 10 403
f 403 10 7
f 187 186 471
f 186 181 471
f 471 181 180
f 162 471 160
f 471 174 160
f 162 164 471
f 164 166 471
f 471 166 168
f 168 157 471
f 157 154 471
f 471 154 151
f 151 148 471
f 148 145 471
f 471 145 472
f 145 142 472
f 472 142 139
f 130 127 472
f 127 119 472
f 472 119 121
f 89 88 398
f 88 83 398
f 83 82 398
f 82 79 398
f 398 79 77
f 59 56 398
f 56 53 398
f 398 53 50
f 7 4 403
f 4 2 403
f 403 2 1
f 180 177 471
f 177 175 471
f 471 175 174
f 113 108 472
f 108 105 472
f 472 105 102
f 77 76 398
f 76 62 398
f 398 62 64
f 50 47 398
f 47 44 398
f 398 44 403
f 44 41 403
f 403 41 38
f 38 35 403
f 35 32 403
f 403 32 29
f 139 136 472
f 136 133 472
f 472 133 130
f 102 99 472
f 99 94 472
f 472 94 398
f 94 96 398
f 398 96 89
f 29 18 403
f 18 20 403
f 403 20 22
f 234 231 473
f 332 329 433
f 329 326 433
f 433 326 323
f 362 364 422
f 422 347 344
f 474 279 278
f 255 252 474
f 234 473 237
f 364 353 422
f 353 350 422
f 422 350 347
f 344 341 422
f 341 338 422
f 422 338 433
f 338 335 433
f 433 335 332
f 323 312 433
f 312 314 433
f 433 314 316
f 316 318 433
f 318 320 433
f 433 320 307
f 307 309 433
f 309 304 433
f 433 304 301
f 301 298 433
f 298 295 433
f 433 295 290
f 290 292 433
f 292 285 433
f 433 285 474
f 285 284 474
f 474 284 279
f 474 243 473
f 243 240 473
f 473 240 237
f 252 249 474
f 249 246 474
f 474 246 243
f 231 228 473
f 228 225 473
f 473 225 217
f 217 219 473
f 219 221 473
f 473 221 223
f 422 376 373
f 356 358 422
f 358 360 422
f 422 360 362
f 278 275 474
f 275 273 474
f 474 273 272
f 272 258 474
f 258 260 474
f 474 260 262
f 223 224 473
f 224 209 473
f 473 209 211
f 211 206 473
f 206 203 473
f 473 203 200
f 200 198 473
f 198 197 473
f 473 197 422
f 197 390 422
f 422 390 383
f 373 371 422
f 371 370 422
f 422 370 356
f 262 264 474
f 264 266 474
f 474 266 255
f 383 382 422
f 382 377 422
f 422 377 376
f 471 475 403
f 475 395 403
f 476 477 478
f 479 480 481
f 481 482 479
f 482 483 479
f 479 483 484
f 485 486 487
f 488 489 490
f 489 491 490
f 490 491 478
f 491 492 478
f 478 492 476
f 493 494 495
f 494 496 495
f 497 498 499
f 498 494 499
f 499 494 500
f 494 493 500
f 484 501 479
f 501 502 479
f 479 502 503
f 503 504 479
f 504 505 479
f 479 505 506
f 506 507 479
f 507 508 479
f 479 508 509
f 510 511 512
f 511 513 512
f 512 513 514
f 513 515 514
f 516 517 518
f 517 519 518
f 518 519 520
f 519 521 520
f 521 522 520
f 520 522 523
f 524 525 526
f 525 527 526
f 528 529 526
f 529 530 526
f 526 530 531
f 532 533 494
f 533 534 494
f 494 534 535
f 535 536 494
f 536 537 494
f 494 537 496
f 538 539 540
f 539 541 540
f 540 541 542
f 541 543 542
f 542 543 544
f 543 545 544
f 544 545 515
f 545 546 515
f 515 546 514
f 487 486 490
f 486 547 490
f 490 547 488
f 548 549 494
f 549 550 494
f 494 550 532
f 551 552 553
f 554 555 556
f 510 557 511
f 557 558 511
f 511 558 559
f 558 560 559
f 523 561 520
f 561 562 520
f 520 562 563
f 562 564 563
f 563 564 565
f 566 567 568
f 567 563 568
f 568 563 569
f 563 565 569
f 570 571 572
f 571 573 572
f 574 575 479
f 575 576 479
f 479 576 577
f 548 494 578
f 494 579 578
f 578 579 580
f 509 581 479
f 581 582 479
f 479 582 526
f 582 583 526
f 526 583 524
f 527 584 526
f 584 585 526
f 526 585 528
f 530 586 531
f 586 587 531
f 531 587 487
f 587 588 487
f 487 588 485
f 477 589 478
f 589 590 478
f 478 590 591
f 590 592 591
f 591 592 593
f 553 552 594
f 552 595 594
f 594 595 596
f 560 597 559
f 597 598 559
f 559 598 518
f 598 599 518
f 518 599 516
f 566 600 567
f 600 601 567
f 567 601 573
f 601 602 573
f 573 602 572
f 570 603 571
f 603 604 571
f 571 604 605
f 606 607 608
f 607 591 608
f 608 591 609
f 591 593 609
f 606 610 607
f 610 611 607
f 607 611 595
f 611 612 595
f 595 612 596
f 553 613 551
f 613 614 551
f 551 614 615
f 614 616 615
f 615 616 617
f 616 618 617
f 617 618 619
f 618 620 619
f 619 620 621
f 620 622 621
f 621 622 540
f 622 623 540
f 540 623 538
f 624 625 555
f 625 626 555
f 555 626 556
f 577 627 479
f 627 628 479
f 479 628 578
f 499 629 497
f 629 630 497
f 497 630 631
f 630 632 631
f 631 632 556
f 632 633 556
f 556 633 554
f 624 634 625
f 634 635 625
f 625 635 636
f 539 637 541
f 637 625 541
f 541 625 638
f 625 636 638
f 580 639 578
f 639 640 578
f 578 640 479
f 640 641 479
f 479 641 480
f 605 642 571
f 642 643 571
f 571 643 644
f 644 645 571
f 645 646 571
f 571 646 479
f 646 647 479
f 479 647 574
f 648 649 650
f 651 652 479
f 653 654 655
f 649 656 650
f 656 657 650
f 650 657 658
f 657 659 658
f 658 659 660
f 661 662 479
f 654 653 663
f 653 664 663
f 663 664 665
f 655 666 653
f 666 667 653
f 653 667 650
f 667 668 650
f 650 668 648
f 669 670 479
f 652 671 479
f 671 672 479
f 479 672 673
f 660 674 658
f 674 675 658
f 658 675 676
f 675 677 676
f 677 678 676
f 678 679 676
f 676 679 680
f 679 681 680
f 681 682 680
f 680 682 683
f 682 684 683
f 683 684 685
f 670 686 479
f 686 687 479
f 479 687 688
f 662 689 479
f 689 690 479
f 479 690 651
f 691 692 693
f 692 694 693
f 693 694 695
f 694 696 695
f 683 697 698
f 688 699 479
f 699 700 479
f 479 700 661
f 673 701 479
f 701 702 479
f 479 702 571
f 702 703 571
f 571 703 704
f 704 705 571
f 705 706 571
f 571 706 707
f 707 708 571
f 708 709 571
f 571 709 710
f 710 711 571
f 711 712 571
f 571 712 713
f 712 714 713
f 713 714 715
f 691 716 692
f 716 717 692
f 692 717 664
f 717 718 664
f 664 718 665
f 685 719 683
f 719 720 683
f 683 720 697
f 698 721 683
f 721 722 683
f 683 722 479
f 722 723 479
f 479 723 669
f 715 714 724
f 714 725 724
f 724 725 726
f 725 727 726
f 726 727 728
f 727 729 728
f 728 729 730
f 729 731 730
f 730 731 732
f 731 733 732
f 732 733 734
f 733 735 734
f 734 735 736
f 735 737 736
f 736 737 696
f 737 738 696
f 696 738 695
f 739 740 741
f 740 742 741
f 741 742 743
f 744 479 745
f 479 746 745
f 747 748 683
f 749 750 751
f 750 752 751
f 751 752 753
f 754 755 756
f 755 750 756
f 756 750 757
f 750 749 757
f 739 758 740
f 758 759 740
f 740 759 752
f 759 760 752
f 752 760 753
f 754 761 755
f 761 762 755
f 755 762 763
f 762 764 763
f 765 766 767
f 766 763 767
f 767 763 768
f 763 764 768
f 765 769 766
f 769 770 766
f 766 770 771
f 772 773 774
f 773 775 774
f 776 777 479
f 777 778 479
f 479 778 779
f 780 781 479
f 781 782 479
f 479 782 783
f 744 784 479
f 784 785 479
f 479 785 683
f 785 786 683
f 683 786 747
f 770 787 771
f 787 788 771
f 771 788 789
f 788 790 789
f 789 790 774
f 790 791 774
f 774 791 772
f 779 792 479
f 792 793 479
f 479 793 780
f 683 794 795
f 796 797 742
f 797 798 742
f 742 798 743
f 775 799 774
f 799 800 774
f 774 800 801
f 801 802 774
f 802 803 774
f 774 803 804
f 804 805 774
f 805 806 774
f 774 806 479
f 806 807 479
f 479 807 776
f 783 808 479
f 808 809 479
f 479 809 810
f 810 811 479
f 811 812 479
f 479 812 746
f 748 813 683
f 813 814 683
f 683 814 794
f 795 815 683
f 815 816 683
f 683 816 817
f 817 818 683
f 818 819 683
f 683 819 820
f 819 821 820
f 820 821 796
f 821 822 796
f 796 822 797
f 823 824 526
f 825 826 827
f 826 828 827
f 827 828 829
f 526 824 479
f 824 830 479
f 479 830 831
f 831 832 479
f 832 833 479
f 479 833 834
f 835 836 837
f 836 838 837
f 837 838 828
f 838 839 828
f 828 839 829
f 825 840 826
f 840 841 826
f 826 841 842
f 841 843 842
f 842 843 844
f 845 846 526
f 846 847 526
f 526 847 848
f 849 850 837
f 850 851 837
f 837 851 835
f 526 852 845
f 852 853 845
f 845 853 854
f 853 855 854
f 854 855 856
f 855 857 856
f 856 857 858
f 857 859 858
f 858 859 860
f 859 861 860
f 860 861 862
f 861 863 862
f 862 863 864
f 863 865 864
f 864 865 866
f 865 867 866
f 866 867 868
f 867 844 868
f 868 844 869
f 844 843 869
f 848 870 526
f 870 871 526
f 526 871 872
f 872 873 526
f 873 874 526
f 526 874 823
f 834 875 479
f 875 876 479
f 479 876 877
f 877 878 479
f 878 879 479
f 479 879 880
f 880 881 479
f 881 882 479
f 479 882 883
f 883 884 479
f 884 885 479
f 479 885 886
f 887 888 889
f 888 890 889
f 891 892 774
f 892 893 774
f 774 893 887
f 893 894 887
f 887 894 888
f 895 896 849
f 896 897 849
f 849 897 850
f 890 898 889
f 898 899 889
f 889 899 900
f 899 901 900
f 900 901 902
f 902 903 900
f 903 904 900
f 900 904 849
f 904 905 849
f 849 905 895
f 774 906 907
f 886 908 479
f 908 909 479
f 479 909 774
f 909 910 774
f 774 910 906
f 907 911 774
f 911 912 774
f 774 912 891
f 913 914 915
f 914 916 915
f 915 916 917
f 918 919 915
f 919 920 915
f 915 920 913
f 921 922 915
f 922 923 915
f 915 923 918
f 924 925 915
f 925 926 915
f 915 926 921
f 927 928 915
f 928 929 915
f 915 929 924
f 930 931 915
f 931 932 915
f 915 932 927
f 933 934 915
f 934 935 915
f 915 935 930
f 936 937 915
f 937 938 915
f 915 938 933
f 939 940 915
f 940 941 915
f 915 941 936
f 942 943 915
f 943 944 915
f 915 944 939
f 945 946 915
f 946 947 915
f 915 947 942
f 948 949 915
f 949 950 915
f 915 950 945
f 951 952 915
f 952 953 915
f 915 953 948
f 954 955 915
f 955 956 915
f 915 956 951
f 957 958 915
f 958 959 915
f 915 959 954
f 960 961 915
f 961 962 915
f 915 962 957
f 963 964 915
f 964 965 915
f 915 965 960
f 966 967 915
f 967 968 915
f 915 968 963
f 969 970 915
f 970 971 915
f 915 971 966
f 972 973 915
f 973 974 915
f 915 974 969
f 975 976 915
f 976 977 915
f 915 977 972
f 978 979 915
f 979 980 915
f 915 980 975
f 981 982 915
f 982 983 915
f 915 983 978
f 917 984 915
f 984 985 915
f 915 985 981
f 916 776 917
f 776 807 917
f 917 807 984
f 807 806 984
f 984 806 985
f 806 805 985
f 985 805 981
f 805 804 981
f 981 804 982
f 804 803 982
f 982 803 983
f 803 802 983
f 983 802 978
f 802 801 978
f 978 801 979
f 801 800 979
f 979 800 980
f 800 799 980
f 980 799 975
f 799 775 975
f 975 775 976
f 775 773 976
f 976 773 977
f 773 772 977
f 977 772 972
f 772 791 972
f 972 791 973
f 791 790 973
f 973 790 974
f 790 788 974
f 974 788 969
f 788 787 969
f 969 787 970
f 787 770 970
f 970 770 971
f 770 769 971
f 971 769 966
f 769 765 966
f 966 765 967
f 765 767 967
f 967 767 968
f 767 768 968
f 968 768 963
f 768 764 963
f 963 764 964
f 764 762 964
f 964 762 965
f 762 761 965
f 965 761 960
f 761 754 960
f 960 754 961
f 754 756 961
f 961 756 962
f 756 757 962
f 962 757 957
f 757 749 957
f 957 749 958
f 749 751 958
f 958 751 959
f 751 753 959
f 959 753 954
f 753 760 954
f 954 760 955
f 760 759 955
f 955 759 956
f 759 758 956
f 956 758 951
f 758 739 951
f 951 739 952
f 739 741 952
f 952 741 953
f 741 743 953
f 953 743 948
f 743 798 948
f 948 798 949
f 798 797 949
f 949 797 950
f 797 822 950
f 950 822 945
f 822 821 945
f 945 821 946
f 821 819 946
f 946 819 947
f 819 818 947
f 947 818 942
f 818 817 942
f 942 817 943
f 817 816 943
f 943 816 944
f 816 815 944
f 944 815 939
f 815 795 939
f 939 795 940
f 795 794 940
f 940 794 941
f 794 814 941
f 941 814 936
f 814 813 936
f 936 813 937
f 813 748 937
f 937 748 938
f 748 747 938
f 938 747 933
f 747 786 933
f 933 786 934
f 786 785 934
f 934 785 935
f 785 784 935
f 935 784 930
f 784 744 930
f 930 744 931
f 744 745 931
f 931 745 932
f 745 746 932
f 932 746 927
f 746 812 927
f 927 812 928
f 812 811 928
f 928 811 929
f 811 810 929
f 929 810 924
f 810 809 924
f 924 809 925
f 809 808 925
f 925 808 926
f 808 783 926
f 926 783 921
f 783 782 921
f 921 782 922
f 782 781 922
f 922 781 923
f 781 780 923
f 923 780 918
f 780 793 918
f 918 793 919
f 793 792 919
f 919 792 920
f 792 779 920
f 920 779 913
f 779 778 913
f 913 778 914
f 778 777 914
f 914 777 916
f 777 776 916
f 986 987 988
f 987 989 988
f 988 989 990
f 989 991 990
f 990 991 992
f 991 993 992
f 992 993 994
f 993 995 994
f 994 995 996
f 995 997 996
f 996 997 998
f 997 999 998
f 998 999 1000
f 999 1001 1000
f 1000 1001 1002
f 1001 1003 1002
f 1002 1003 1004
f 1003 1005 1004
f 1004 1005 1006
f 1005 1007 1006
f 1006 1007 1008
f 1007 1009 1008
f 1008 1009 1010
f 1009 1011 1010
f 1010 1011 1012
f 1011 1013 1012
f 1012 1013 1014
f 1013 1015 1014
f 1014 1015 1016
f 1015 1017 1016
f 1016 1017 1018
f 1017 1019 1018
f 1018 1019 1020
f 1019 1021 1020
f 1020 1021 1022
f 1021 1023 1022
f 1022 1023 1024
f 1023 1025 1024
f 1024 1025 1026
f 1025 1027 1026
f 1026 1027 1028
f 1027 1029 1028
f 1028 1029 1030
f 1029 1031 1030
f 1030 1031 1032
f 1031 1033 1032
f 1032 1033 1034
f 1033 1035 1034
f 1034 1035 1036
f 1035 1037 1036
f 1037 1038 1036
f 1036 1038 1039
f 1038 1040 1039
f 1039 1040 1041
f 1040 1042 1041
f 1041 1042 1043
f 1042 1044 1043
f 1043 1044 1045
f 1044 1046 1045
f 1045 1046 1047
f 1046 1048 1047
f 1047 1048 1049
f 1048 1050 1049
f 1049 1050 1051
f 1050 1052 1051
f 1051 1052 1053
f 1052 1054 1053
f 1053 1054 1055
f 1054 1056 1055
f 1055 1056 1057
f 1056 1058 1057
f 1057 1058 1059
f 1058 1060 1059
f 1059 1060 1061
f 1060 1062 1061
f 1061 1062 1063
f 1062 1064 1063
f 1063 1064 1065
f 1064 1066 1065
f 1065 1066 1067
f 1066 1068 1067
f 1067 1068 1069
f 1068 1070 1069
f 1069 1070 1071
f 1070 1072 1071
f 1071 1072 1073
f 1072 1074 1073
f 1073 1074 1075
f 1074 1076 1075
f 1075 1076 1077
f 1076 1078 1077
f 1077 1078 1079
f 1078 1080 1079
f 1079 1080 1081
f 1080 1082 1081
f 1081 1082 1083
f 1082 1084 1083
f 1083 1084 1085
f 1084 1086 1085
f 1085 1086 1087
f 1086 1088 1087
f 1087 1088 1089
f 1088 1090 1089
f 1089 1090 1091
f 1090 1092 1091
f 1091 1092 1093
f 1092 1094 1093
f 1093 1094 1095
f 1094 1096 1095
f 1095 1096 1097
f 1096 1098 1097
f 1097 1098 1099
f 1098 1100 1099
f 1099 1100 1101
f 1100 1102 1101
f 1101 1102 1103
f 1102 1104 1103
f 1103 1104 1105
f 1104 1106 1105
f 1105 1106 1107
f 1106 1108 1107
f 1107 1108 1109
f 1108 1110 1109
f 1109 1110 1111
f 1110 1112 1111
f 1111 1112 1113
f 1112 1114 1113
f 1113 1114 1115
f 1114 1116 1115
f 1115 1116 1117
f 1116 1118 1117
f 1117 1118 1119
f 1118 1120 1119
f 1119 1120 1121
f 1120 1122 1121
f 1121 1122 1123
f 1122 1124 1123
f 1123 1124 1125
f 1124 1126 1125
f 1125 1126 1127
f 1126 1128 1127
f 1127 1128 1129
f 1128 1130 1129
f 1129 1130 986
f 1130 1131 986
f 986 1131 987
f 1132 477 1133
f 477 476 1133
f 1133 476 1134
f 476 492 1134
f 1134 492 1135
f 492 491 1135
f 1135 491 1136
f 491 489 1136
f 1136 489 1137
f 489 488 1137
f 1137 488 1138
f 488 547 1138
f 1138 547 1139
f 547 486 1139
f 1139 486 1140
f 486 485 1140
f 1140 485 1141
f 485 588 1141
f 1141 588 1142
f 588 587 1142
f 1142 587 1143
f 587 586 1143
f 1143 586 1144
f 586 530 1144
f 1144 530 1145
f 530 529 1145
f 1145 529 1146
f 529 528 1146
f 1146 528 1147
f 528 585 1147
f 1147 585 1148
f 585 584 1148
f 1148 584 1149
f 584 527 1149
f 1149 527 1150
f 527 525 1150
f 1150 525 1151
f 525 524 1151
f 1151 524 1152
f 524 583 1152
f 1152 583 1153
f 583 582 1153
f 1153 582 1154
f 582 581 1154
f 1154 581 1155
f 581 509 1155
f 1155 509 1156
f 509 508 1156
f 1156 508 1157
f 508 507 1157
f 1157 507 1158
f 507 506 1158
f 1158 506 1159
f 506 505 1159
f 1159 505 1160
f 505 504 1160
f 1160 504 1161
f 504 503 1161
f 1161 503 1162
f 503 502 1162
f 1162 502 1163
f 502 501 1163
f 1163 501 1164
f 501 484 1164
f 1164 484 1165
f 484 483 1165
f 1165 483 1166
f 483 482 1166
f 1166 482 1167
f 482 481 1167
f 1167 481 1168
f 481 480 1168
f 1168 480 1169
f 480 641 1169
f 1169 641 1170
f 641 640 1170
f 1170 640 1171
f 640 639 1171
f 1171 639 1172
f 639 580 1172
f 1172 580 1173
f 580 579 1173
f 1173 579 1174
f 579 494 1174
f 1174 494 1175
f 494 498 1175
f 1175 498 1176
f 498 497 1176
f 1176 497 1177
f 497 631 1177
f 1177 631 1178
f 631 556 1178
f 1178 556 1179
f 556 626 1179
f 1179 626 1180
f 626 625 1180
f 1180 625 1181
f 625 637 1181
f 1181 637 1182
f 637 539 1182
f 1182 539 1183
f 539 538 1183
f 1183 538 1184
f 538 623 1184
f 1184 623 1185
f 623 622 1185
f 1185 622 1186
f 622 620 1186
f 1186 620 1187
f 620 618 1187
f 1187 618 1188
f 618 616 1188
f 1188 616 1189
f 616 614 1189
f 1189 614 1190
f 614 613 1190
f 1190 613 1191
f 613 553 1191
f 1191 553 1192
f 553 594 1192
f 1192 594 1193
f 594 596 1193
f 1193 596 1194
f 596 612 1194
f 1194 612 1195
f 612 611 1195
f 1195 611 1196
f 611 610 1196
f 1196 610 1197
f 610 606 1197
f 1197 606 1198
f 606 608 1198
f 1198 608 1199
f 608 609 1199
f 1199 609 1200
f 609 593 1200
f 1200 593 1201
f 593 592 1201
f 1201 592 1202
f 592 590 1202
f 1202 590 1203
f 590 589 1203
f 1203 589 1132
f 589 477 1132
f 257 256 1204
f 385 384 449
f 381 380 449
f 380 379 449
f 449 379 378
f 372 375 449
f 375 374 449
f 449 374 381
f 378 387 449
f 387 386 449
f 449 386 385
f 384 392 449
f 392 391 449
f 449 391 389
f 1205 389 388
f 388 199 1205
f 199 202 1205
f 1205 202 201
f 201 205 1205
f 205 204 1205
f 1205 204 208
f 208 207 1205
f 207 213 1205
f 1205 213 212
f 359 357 448
f 365 363 448
f 363 361 448
f 448 361 359
f 357 369 448
f 369 368 448
f 448 368 449
f 368 367 449
f 449 367 372
f 343 342 446
f 446 342 447
f 342 346 447
f 346 345 447
f 447 345 349
f 349 348 447
f 348 352 447
f 447 352 351
f 351 355 447
f 355 354 447
f 447 354 448
f 354 366 448
f 448 366 365
f 470 331 330
f 330 334 470
f 334 333 470
f 470 333 337
f 337 336 470
f 336 340 470
f 470 340 446
f 340 339 446
f 446 339 343
f 319 317 469
f 317 315 469
f 315 313 469
f 469 313 325
f 325 324 469
f 324 328 469
f 469 328 470
f 328 327 470
f 470 327 331
f 280 289 1206
f 283 282 1206
f 282 281 1206
f 1206 281 280
f 274 277 1206
f 277 276 1206
f 1206 276 283
f 289 288 1206
f 288 287 1206
f 1206 287 286
f 294 293 460
f 293 291 460
f 460 291 297
f 297 296 460
f 296 300 460
f 460 300 299
f 299 303 460
f 303 302 460
f 460 302 306
f 306 305 460
f 305 311 460
f 460 311 310
f 310 308 460
f 308 322 460
f 460 322 469
f 322 321 469
f 469 321 319
f 261 259 1207
f 267 265 1207
f 265 263 1207
f 1207 263 261
f 1204 256 1207
f 256 268 1207
f 1207 268 267
f 259 271 1207
f 271 270 1207
f 1207 270 1206
f 270 269 1206
f 1206 269 274
f 1208 244 1204
f 244 248 1204
f 248 247 1204
f 247 251 1204
f 1204 251 250
f 250 254 1204
f 254 253 1204
f 1204 253 257
f 232 236 1209
f 232 1209 233
f 236 235 1209
f 235 239 1209
f 1209 239 238
f 238 242 1209
f 242 241 1209
f 1209 241 1208
f 241 245 1208
f 1208 245 244
f 212 210 1205
f 210 216 1205
f 1205 216 1210
f 216 215 1210
f 1210 215 1209
f 215 214 1209
f 214 222 1209
f 1209 222 220
f 220 218 1209
f 218 227 1209
f 1209 227 226
f 226 230 1209
f 230 229 1209
f 1209 229 233
f 185 184 1211
f 176 179 1211
f 179 178 1211
f 1211 178 185
f 184 183 1211
f 183 182 1211
f 1211 182 191
f 191 190 1211
f 190 189 1211
f 1211 189 188
f 196 195 404
f 195 193 404
f 404 193 192
f 192 3 404
f 3 6 404
f 404 6 5
f 5 9 404
f 9 8 404
f 404 8 12
f 12 11 404
f 11 17 404
f 404 17 16
f 163 161 1212
f 169 167 1212
f 167 165 1212
f 1212 165 163
f 1213 158 1212
f 158 170 1212
f 1212 170 169
f 161 173 1212
f 173 172 1212
f 1212 172 1211
f 172 171 1211
f 1211 171 176
f 1214 146 1213
f 146 150 1213
f 1213 150 149
f 149 153 1213
f 153 152 1213
f 1213 152 156
f 156 155 1213
f 155 159 1213
f 1213 159 158
f 141 140 1215
f 135 134 1215
f 134 138 1215
f 138 137 1215
f 1215 137 141
f 140 144 1215
f 144 143 1215
f 1215 143 1214
f 143 147 1214
f 1214 147 146
f 1215 124 122
f 122 120 1215
f 120 129 1215
f 1215 129 128
f 128 132 1215
f 132 131 1215
f 1215 131 135
f 91 90 396
f 84 93 396
f 93 92 396
f 396 92 91
f 87 86 396
f 86 85 396
f 396 85 84
f 78 81 396
f 81 80 396
f 396 80 87
f 90 98 396
f 98 97 396
f 396 97 95
f 1216 95 101
f 101 100 1216
f 100 104 1216
f 1216 104 103
f 103 107 1216
f 107 106 1216
f 1216 106 110
f 110 109 1216
f 109 115 1216
f 1216 115 114
f 114 112 1216
f 112 118 1216
f 1216 118 1217
f 118 117 1217
f 1217 117 1215
f 117 116 1215
f 1215 116 124
f 65 63 409
f 71 69 409
f 69 67 409
f 409 67 65
f 63 75 409
f 75 74 409
f 409 74 396
f 74 73 396
f 396 73 78
f 49 48 442
f 442 48 443
f 48 52 443
f 52 51 443
f 443 51 55
f 55 54 443
f 54 58 443
f 443 58 57
f 57 61 443
f 61 60 443
f 443 60 409
f 60 72 409
f 409 72 71
f 441 37 36
f 36 40 441
f 40 39 441
f 441 39 43
f 43 42 441
f 42 46 441
f 441 46 442
f 46 45 442
f 442 45 49
f 25 23 405
f 16 14 404
f 14 28 404
f 404 28 405
f 28 27 405
f 405 27 25
f 23 21 405
f 21 19 405
f 405 19 31
f 31 30 405
f 30 34 405
f 405 34 441
f 34 33 441
f 441 33 37
f 389 1205 449
f 1205 1218 449
f 449 1218 450
f 1218 1219 450
f 450 1219 420
f 1219 1220 420
f 420 1220 421
f 1220 1221 421
f 421 1221 423
f 1221 1222 423
f 423 1222 424
f 1222 1223 424
f 424 1223 425
f 1223 1224 425
f 425 1224 426
f 1224 1225 426
f 426 1225 427
f 1225 1226 427
f 427 1226 428
f 1226 1227 428
f 428 1227 429
f 1227 1228 429
f 429 1228 430
f 1228 1229 430
f 430 1229 444
f 1229 1230 444
f 444 1230 445
f 1230 1231 445
f 445 1231 393
f 1231 1232 393
f 393 1232 394
f 1232 1233 394
f 394 1233 415
f 1233 1234 415
f 415 1234 416
f 1234 1235 416
f 416 1235 399
f 1235 1236 399
f 399 1236 400
f 1236 1237 400
f 400 1237 417
f 1237 1238 417
f 417 1238 418
f 1238 1239 418
f 418 1239 419
f 1239 1240 419
f 419 1240 406
f 1240 1241 406
f 406 1241 407
f 1241 1242 407
f 407 1242 408
f 1242 1243 408
f 408 1243 410
f 1243 1244 410
f 410 1244 411
f 1244 1245 411
f 411 1245 401
f 1245 1246 401
f 401 1246 402
f 1246 1211 402
f 402 1211 404
f 1211 188 404
f 404 188 196
f 95 1216 396
f 1216 1247 396
f 396 1247 397
f 1247 1248 397
f 397 1248 412
f 1248 1249 412
f 412 1249 413
f 1249 1250 413
f 413 1250 414
f 1250 1251 414
f 414 1251 434
f 1251 1252 434
f 434 1252 435
f 1252 1253 435
f 435 1253 436
f 1253 1254 436
f 436 1254 451
f 1254 1255 451
f 451 1255 452
f 1255 1256 452
f 452 1256 453
f 1256 1257 453
f 453 1257 437
f 1257 1258 437
f 437 1258 438
f 1258 1259 438
f 438 1259 440
f 1259 1260 440
f 440 1260 454
f 1260 1261 454
f 454 1261 455
f 1261 1262 455
f 455 1262 456
f 1262 1263 456
f 456 1263 461
f 1263 1264 461
f 461 1264 462
f 1264 1265 462
f 462 1265 463
f 1265 1266 463
f 463 1266 464
f 1266 1267 464
f 464 1267 465
f 1267 1268 465
f 465 1268 466
f 1268 1269 466
f 466 1269 431
f 1269 1270 431
f 431 1270 432
f 1270 1271 432
f 432 1271 467
f 1271 1272 467
f 467 1272 468
f 1272 1273 468
f 468 1273 457
f 1273 1274 457
f 457 1274 458
f 1274 1275 458
f 458 1275 459
f 1275 1206 459
f 459 1206 460
f 1206 286 460
f 460 286 294
f 1276 862 1277
f 862 864 1277
f 1277 864 1278
f 864 866 1278
f 1278 866 1279
f 866 868 1279
f 1279 868 1280
f 868 869 1280
f 1280 869 1281
f 869 843 1281
f 1281 843 1282
f 843 841 1282
f 1282 841 1283
f 841 840 1283
f 1283 840 1284
f 840 825 1284
f 1284 825 1285
f 825 827 1285
f 1285 827 1286
f 827 829 1286
f 1286 829 1287
f 829 839 1287
f 1287 839 1288
f 839 838 1288
f 1288 838 1289
f 838 836 1289
f 1289 836 1290
f 836 835 1290
f 1290 835 1291
f 835 851 1291
f 1291 851 1292
f 851 850 1292
f 1292 850 1293
f 850 897 1293
f 1293 897 1294
f 897 896 1294
f 1294 896 1295
f 896 895 1295
f 1295 895 1296
f 895 905 1296
f 1296 905 1297
f 905 904 1297
f 1297 904 1298
f 904 903 1298
f 1298 903 1299
f 903 902 1299
f 1299 902 1300
f 902 901 1300
f 1300 901 1301
f 901 899 1301
f 1301 899 1302
f 899 898 1302
f 1302 898 1303
f 898 890 1303
f 1303 890 1304
f 890 888 1304
f 1304 888 1305
f 888 894 1305
f 1305 894 1306
f 894 893 1306
f 1306 893 1307
f 893 892 1307
f 1307 892 1308
f 892 891 1308
f 1308 891 1309
f 891 912 1309
f 1309 912 1310
f 912 911 1310
f 1310 911 1311
f 911 907 1311
f 1311 907 1312
f 907 906 1312
f 1312 906 1313
f 906 910 1313
f 1313 910 1314
f 910 909 1314
f 1314 909 1315
f 909 908 1315
f 1315 908 1316
f 908 886 1316
f 1316 886 1317
f 886 885 1317
f 1317 885 1318
f 885 884 1318
f 1318 884 1319
f 884 883 1319
f 1319 883 1320
f 883 882 1320
f 1320 882 1321
f 882 881 1321
f 1321 881 1322
f 881 880 1322
f 1322 880 1323
f 880 879 1323
f 1323 879 1324
f 879 878 1324
f 1324 878 1325
f 878 877 1325
f 1325 877 1326
f 877 876 1326
f 1326 876 1327
f 876 875 1327
f 1327 875 1328
f 875 834 1328
f 1328 834 1329
f 834 833 1329
f 1329 833 1330
f 833 832 1330
f 1330 832 1331
f 832 831 1331
f 1331 831 1332
f 831 830 1332
f 1332 830 1333
f 830 824 1333
f 1333 824 1334
f 824 823 1334
f 1334 823 1335
f 823 874 1335
f 1335 874 1336
f 874 873 1336
f 1336 873 1337
f 873 872 1337
f 1337 872 1338
f 872 871 1338
f 1338 871 1339
f 871 870 1339
f 1339 870 1340
f 870 848 1340
f 1340 848 1341
f 848 847 1341
f 1341 847 1342
f 847 846 1342
f 1342 846 1343
f 846 845 1343
f 1343 845 1344
f 845 854 1344
f 1344 854 1345
f 854 856 1345
f 1345 856 1346
f 856 858 1346
f 1346 858 1347
f 858 860 1347
f 1347 860 1276
f 860 862 1276
f 1348 1168 1169
f 1348 1169 1349
f 1165 1166 1350
f 1176 1351 1352
f 1134 1135 1102
f 1353 1354 1130
f 1169 1170 1349
f 1170 1171 1349
f 1349 1171 1355
f 1350 1166 1348
f 1166 1167 1348
f 1348 1167 1168
f 1171 1172 1355
f 1172 1173 1355
f 1355 1173 1356
f 1173 1174 1356
f 1356 1174 1352
f 1174 1175 1352
f 1352 1175 1176
f 1104 1139 1140
f 1165 1350 1164
f 1350 1357 1164
f 1164 1357 1163
f 1358 1180 1181
f 1134 1102 1133
f 1102 1100 1133
f 1133 1100 1132
f 1104 1140 1106
f 1181 1182 1358
f 1182 1183 1358
f 1358 1183 1184
f 1200 1201 1098
f 1201 1202 1098
f 1098 1202 1100
f 1202 1203 1100
f 1100 1203 1132
f 1110 1108 1144
f 1130 1157 1158
f 1184 1185 1092
f 1185 1186 1092
f 1186 1187 1092
f 1092 1187 1188
f 1188 1189 1092
f 1189 1190 1092
f 1092 1190 1191
f 1191 1192 1092
f 1192 1193 1092
f 1092 1193 1094
f 1135 1136 1102
f 1136 1137 1102
f 1102 1137 1104
f 1137 1138 1104
f 1104 1138 1139
f 1353 1130 1359
f 1130 1158 1359
f 1359 1158 1360
f 1351 1176 1361
f 1176 1177 1361
f 1361 1177 1178
f 1196 1096 1195
f 1096 1094 1195
f 1195 1094 1194
f 1094 1193 1194
f 1196 1197 1096
f 1197 1198 1096
f 1096 1198 1098
f 1198 1199 1098
f 1098 1199 1200
f 1140 1141 1106
f 1141 1142 1106
f 1106 1142 1108
f 1142 1143 1108
f 1108 1143 1144
f 1163 1357 1162
f 1357 1362 1162
f 1162 1362 1161
f 1362 1363 1161
f 1161 1363 1160
f 1363 1364 1160
f 1160 1364 1159
f 1364 1365 1159
f 1159 1365 1158
f 1365 1366 1158
f 1158 1366 1360
f 1358 1367 1180
f 1367 1361 1180
f 1180 1361 1179
f 1361 1178 1179
f 1144 1145 1110
f 1145 1146 1110
f 1110 1146 1112
f 1146 1147 1112
f 1112 1147 1114
f 1147 1148 1114
f 1114 1148 1116
f 1148 1149 1116
f 1116 1149 1118
f 1149 1150 1118
f 1118 1150 1120
f 1150 1151 1120
f 1120 1151 1122
f 1151 1152 1122
f 1122 1152 1124
f 1152 1153 1124
f 1124 1153 1126
f 1153 1154 1126
f 1126 1154 1128
f 1154 1155 1128
f 1128 1155 1130
f 1155 1156 1130
f 1130 1156 1157
f 1027 1368 1369
f 1027 1369 1029
f 1369 1370 1029
f 1029 1370 1371
f 1301 1302 995
f 1372 1031 1373
f 1031 1029 1373
f 1373 1029 1374
f 1029 1371 1374
f 1375 1376 1333
f 1372 1377 1031
f 1377 1378 1031
f 1031 1378 1033
f 1330 1331 1379
f 1025 1380 1381
f 1381 1382 1025
f 1382 1383 1025
f 1025 1383 1027
f 1383 1384 1027
f 1027 1384 1368
f 1385 1386 1339
f 1290 1291 989
f 1291 1292 989
f 989 1292 991
f 1292 1293 991
f 999 997 1304
f 1387 1388 1035
f 1388 1389 1035
f 1035 1389 1390
f 1391 1392 1393
f 1392 1394 1393
f 1395 1396 1397
f 1398 1325 1326
f 1337 1399 1400
f 1342 1354 1341
f 1354 1340 1341
f 1131 1285 987
f 1285 1286 987
f 1286 1287 987
f 1287 1288 987
f 987 1288 989
f 1288 1289 989
f 989 1289 1290
f 995 1302 997
f 1302 1303 997
f 997 1303 1304
f 1304 1305 999
f 1305 1306 999
f 999 1306 1001
f 1390 1401 1035
f 1401 1402 1035
f 1035 1402 1391
f 1394 1403 1393
f 1403 1404 1393
f 1393 1404 1405
f 1405 1406 1393
f 1406 1407 1393
f 1393 1407 1408
f 1407 1409 1408
f 1410 1411 1412
f 1411 1395 1412
f 1412 1395 1413
f 1395 1397 1413
f 1398 1326 1414
f 1380 1025 1415
f 1025 1023 1415
f 1415 1023 1416
f 1379 1331 1376
f 1331 1332 1376
f 1376 1332 1333
f 1340 1354 1339
f 1354 1417 1339
f 1339 1417 1385
f 1399 1337 1386
f 1337 1338 1386
f 1386 1338 1339
f 1277 1278 1130
f 1293 1294 991
f 1294 1295 991
f 991 1295 993
f 1295 1296 993
f 993 1296 1297
f 1297 1298 993
f 1298 1299 993
f 993 1299 995
f 1299 1300 995
f 995 1300 1301
f 1378 1418 1033
f 1418 1419 1033
f 1033 1419 1035
f 1419 1420 1035
f 1035 1420 1387
f 1421 1422 1423
f 1326 1327 1414
f 1327 1328 1414
f 1414 1328 1379
f 1328 1329 1379
f 1379 1329 1330
f 1333 1334 1375
f 1334 1335 1375
f 1375 1335 1400
f 1335 1336 1400
f 1400 1336 1337
f 1342 1343 1354
f 1343 1344 1354
f 1354 1344 1345
f 1345 1346 1354
f 1346 1347 1354
f 1354 1347 1130
f 1347 1276 1130
f 1130 1276 1277
f 1407 1424 1409
f 1424 1425 1409
f 1409 1425 1426
f 1425 1427 1426
f 1426 1427 1428
f 1427 1429 1428
f 1428 1429 1430
f 1429 1431 1430
f 1430 1431 1396
f 1431 1432 1396
f 1396 1432 1397
f 1410 1433 1411
f 1433 1434 1411
f 1411 1434 1422
f 1434 1435 1422
f 1422 1435 1423
f 1019 1017 1436
f 1437 1438 1320
f 1438 1439 1320
f 1320 1439 1440
f 1021 1441 1023
f 1441 1442 1023
f 1023 1442 1416
f 1278 1279 1130
f 1279 1280 1130
f 1130 1280 1281
f 1281 1282 1130
f 1282 1283 1130
f 1130 1283 1131
f 1283 1284 1131
f 1131 1284 1285
f 1443 1444 1445
f 1436 1446 1019
f 1446 1447 1019
f 1019 1447 1021
f 1447 1448 1021
f 1021 1448 1441
f 1325 1398 1324
f 1398 1449 1324
f 1324 1449 1323
f 1449 1450 1323
f 1323 1450 1322
f 1450 1451 1322
f 1322 1451 1321
f 1451 1452 1321
f 1321 1452 1453
f 1454 1455 1318
f 1455 1456 1318
f 1321 1457 1320
f 1457 1458 1320
f 1320 1458 1437
f 1423 1459 1421
f 1459 1460 1421
f 1421 1460 1445
f 1460 1461 1445
f 1445 1461 1443
f 1462 1463 1457
f 1463 1464 1457
f 1440 1465 1320
f 1465 1466 1320
f 1320 1466 1319
f 1466 1467 1319
f 1319 1467 1318
f 1467 1468 1318
f 1318 1468 1454
f 1017 1317 1436
f 1317 1318 1436
f 1436 1318 1469
f 1318 1456 1469
f 1306 1307 1001
f 1307 1308 1001
f 1001 1308 1003
f 1308 1309 1003
f 1003 1309 1005
f 1309 1310 1005
f 1005 1310 1007
f 1310 1311 1007
f 1007 1311 1009
f 1311 1312 1009
f 1009 1312 1011
f 1312 1313 1011
f 1011 1313 1013
f 1313 1314 1013
f 1013 1314 1015
f 1314 1315 1015
f 1015 1315 1017
f 1315 1316 1017
f 1017 1316 1317
f 1453 1470 1321
f 1470 1471 1321
f 1321 1471 1457
f 1471 1472 1457
f 1457 1472 1462
f 1444 1443 1464
f 1443 1473 1464
f 1464 1473 1457
f 1474 1475 1476
f 1477 1478 1479
f 1479 1478 1480
f 1481 1072 1482
f 1072 1483 1482
f 1484 1485 1072
f 1056 1486 1487
f 1062 1488 1489
f 1478 1490 1480
f 1490 1491 1480
f 1480 1491 1492
f 1491 1493 1492
f 1494 1035 1495
f 1035 1496 1495
f 1056 1487 1058
f 1497 1064 1498
f 1064 1062 1498
f 1498 1062 1499
f 1062 1489 1499
f 1497 1500 1064
f 1500 1501 1064
f 1064 1501 1066
f 1501 1502 1066
f 1066 1502 1503
f 1068 1504 1505
f 1506 1507 1508
f 1509 1510 1511
f 1391 1393 1035
f 1393 1512 1035
f 1035 1512 1496
f 1512 1513 1496
f 1496 1513 1514
f 1488 1062 1515
f 1062 1060 1515
f 1515 1060 1516
f 1068 1505 1070
f 1481 1517 1072
f 1517 1518 1072
f 1072 1518 1484
f 1519 1520 1475
f 1520 1521 1475
f 1521 1522 1475
f 1522 1523 1475
f 1475 1523 1524
f 1493 1525 1492
f 1525 1526 1492
f 1492 1526 1507
f 1526 1527 1507
f 1507 1527 1508
f 1513 1528 1514
f 1528 1529 1514
f 1514 1529 1530
f 1486 1056 1531
f 1056 1054 1531
f 1531 1054 1532
f 1487 1533 1058
f 1533 1534 1058
f 1058 1534 1060
f 1534 1535 1060
f 1060 1535 1516
f 1503 1536 1066
f 1536 1537 1066
f 1066 1537 1068
f 1537 1538 1068
f 1068 1538 1504
f 1505 1539 1070
f 1539 1540 1070
f 1070 1540 1072
f 1540 1541 1072
f 1072 1541 1483
f 1524 1542 1475
f 1542 1543 1475
f 1475 1543 1476
f 1477 1479 1544
f 1479 1545 1544
f 1544 1545 1546
f 1545 1547 1546
f 1546 1547 1548
f 1547 1549 1548
f 1548 1549 1476
f 1549 1550 1476
f 1476 1550 1474
f 1508 1551 1506
f 1551 1552 1506
f 1506 1552 1511
f 1552 1553 1511
f 1511 1553 1509
f 1510 1509 1554
f 1509 1555 1554
f 1554 1555 1530
f 1555 1556 1530
f 1530 1556 1514
f 1532 1054 1557
f 1054 1052 1557
f 1557 1052 1558
f 1052 1050 1558
f 1558 1050 1559
f 1050 1048 1559
f 1559 1048 1560
f 1048 1046 1560
f 1560 1046 1561
f 1046 1044 1561
f 1561 1044 1562
f 1044 1042 1562
f 1562 1042 1563
f 1042 1040 1563
f 1563 1040 1564
f 1040 1038 1564
f 1564 1038 1494
f 1038 1037 1494
f 1494 1037 1035
f 1485 1519 1072
f 1519 1475 1072
f 1072 1475 1074
f 1475 1076 1074
f 1565 1080 1475
f 1080 1078 1475
f 1475 1078 1076
f 1088 1086 1358
f 1086 1084 1358
f 1358 1084 1565
f 1084 1082 1565
f 1565 1082 1080
f 1184 1092 1358
f 1092 1090 1358
f 1358 1090 1088
f 1485 541 1519
f 541 638 1519
f 1519 638 1520
f 638 636 1520
f 1520 636 1521
f 636 635 1521
f 1521 635 1522
f 635 634 1522
f 1522 634 1523
f 634 624 1523
f 1523 624 1524
f 624 555 1524
f 1524 555 1542
f 555 554 1542
f 1542 554 1543
f 554 633 1543
f 1543 633 1476
f 633 632 1476
f 1476 632 1548
f 632 630 1548
f 1548 630 1546
f 630 629 1546
f 1546 629 1544
f 629 499 1544
f 1544 499 1477
f 499 500 1477
f 1477 500 1478
f 500 493 1478
f 1478 493 1490
f 493 495 1490
f 1490 495 1491
f 495 496 1491
f 1491 496 1493
f 496 537 1493
f 1493 537 1525
f 537 536 1525
f 1525 536 1526
f 536 535 1526
f 1526 535 1527
f 535 534 1527
f 1527 534 1508
f 534 533 1508
f 1508 533 1551
f 533 532 1551
f 1551 532 1552
f 532 550 1552
f 1552 550 1553
f 550 549 1553
f 1553 549 1509
f 549 548 1509
f 1509 548 1555
f 548 578 1555
f 1555 578 1556
f 578 628 1556
f 1556 628 1514
f 628 627 1514
f 1514 627 1496
f 627 577 1496
f 1496 577 1495
f 577 576 1495
f 1495 576 1494
f 576 575 1494
f 1494 575 1564
f 575 574 1564
f 1564 574 1563
f 574 647 1563
f 1563 647 1562
f 647 646 1562
f 1562 646 1561
f 646 645 1561
f 1561 645 1560
f 645 644 1560
f 1560 644 1559
f 644 643 1559
f 1559 643 1558
f 643 642 1558
f 1558 642 1557
f 642 605 1557
f 1557 605 1532
f 605 604 1532
f 1532 604 1531
f 604 603 1531
f 1531 603 1486
f 603 570 1486
f 1486 570 1487
f 570 572 1487
f 1487 572 1533
f 572 602 1533
f 1533 602 1534
f 602 601 1534
f 1534 601 1535
f 601 600 1535
f 1535 600 1516
f 600 566 1516
f 1516 566 1515
f 566 568 1515
f 1515 568 1488
f 568 569 1488
f 1488 569 1489
f 569 565 1489
f 1489 565 1499
f 565 564 1499
f 1499 564 1498
f 564 562 1498
f 1498 562 1497
f 562 561 1497
f 1497 561 1500
f 561 523 1500
f 1500 523 1501
f 523 522 1501
f 1501 522 1502
f 522 521 1502
f 1502 521 1503
f 521 519 1503
f 1503 519 1536
f 519 517 1536
f 1536 517 1537
f 517 516 1537
f 1537 516 1538
f 516 599 1538
f 1538 599 1504
f 599 598 1504
f 1504 598 1505
f 598 597 1505
f 1505 597 1539
f 597 560 1539
f 1539 560 1540
f 560 558 1540
f 1540 558 1541
f 558 557 1541
f 1541 557 1483
f 557 510 1483
f 1483 510 1482
f 510 512 1482
f 1482 512 1481
f 512 514 1481
f 1481 514 1517
f 514 546 1517
f 1517 546 1518
f 546 545 1518
f 1518 545 1484
f 545 543 1484
f 1484 543 1485
f 543 541 1485
f 475 473 395
f 473 422 395
f 1433 673 1434
f 673 672 1434
f 1434 672 1435
f 672 671 1435
f 1435 671 1423
f 671 652 1423
f 1423 652 1459
f 652 651 1459
f 1459 651 1460
f 651 690 1460
f 1460 690 1461
f 690 689 1461
f 1461 689 1443
f 689 662 1443
f 1443 662 1473
f 662 661 1473
f 1473 661 1457
f 661 700 1457
f 1457 700 1458
f 700 699 1458
f 1458 699 1437
f 699 688 1437
f 1437 688 1438
f 688 687 1438
f 1438 687 1439
f 687 686 1439
f 1439 686 1440
f 686 670 1440
f 1440 670 1465
f 670 669 1465
f 1465 669 1466
f 669 723 1466
f 1466 723 1467
f 723 722 1467
f 1467 722 1468
f 722 721 1468
f 1468 721 1454
f 721 698 1454
f 1454 698 1455
f 698 697 1455
f 1455 697 1456
f 697 720 1456
f 1456 720 1469
f 720 719 1469
f 1469 719 1436
f 719 685 1436
f 1436 685 1446
f 685 684 1446
f 1446 684 1447
f 684 682 1447
f 1447 682 1448
f 682 681 1448
f 1448 681 1441
f 681 679 1441
f 1441 679 1442
f 679 678 1442
f 1442 678 1416
f 678 677 1416
f 1416 677 1415
f 677 675 1415
f 1415 675 1380
f 675 674 1380
f 1380 674 1381
f 674 660 1381
f 1381 660 1382
f 660 659 1382
f 1382 659 1383
f 659 657 1383
f 1383 657 1384
f 657 656 1384
f 1384 656 1368
f 656 649 1368
f 1368 649 1369
f 649 648 1369
f 1369 648 1370
f 648 668 1370
f 1370 668 1371
f 668 667 1371
f 1371 667 1374
f 667 666 1374
f 1374 666 1373
f 666 655 1373
f 1373 655 1372
f 655 654 1372
f 1372 654 1377
f 654 663 1377
f 1377 663 1378
f 663 665 1378
f 1378 665 1418
f 665 718 1418
f 1418 718 1419
f 718 717 1419
f 1419 717 1420
f 717 716 1420
f 1420 716 1387
f 716 691 1387
f 1387 691 1388
f 691 693 1388
f 1388 693 1389
f 693 695 1389
f 1389 695 1390
f 695 738 1390
f 1390 738 1401
f 738 737 1401
f 1401 737 1402
f 737 735 1402
f 1402 735 1391
f 735 733 1391
f 1391 733 1392
f 733 731 1392
f 1392 731 1394
f 731 729 1394
f 1394 729 1403
f 729 727 1403
f 1403 727 1404
f 727 725 1404
f 1404 725 1405
f 725 714 1405
f 1405 714 1406
f 714 712 1406
f 1406 712 1407
f 712 711 1407
f 1407 711 1424
f 711 710 1424
f 1424 710 1425
f 710 709 1425
f 1425 709 1427
f 709 708 1427
f 1427 708 1429
f 708 707 1429
f 1429 707 1431
f 707 706 1431
f 1431 706 1432
f 706 705 1432
f 1432 705 1397
f 705 704 1397
f 1397 704 1413
f 704 703 1413
f 1413 703 1412
f 703 702 1412
f 1412 702 1410
f 702 701 1410
f 1410 701 1433
f 701 673 1433
f 1566 1409 1567
f 1409 1426 1567
f 1567 1426 1568
f 1426 1428 1568
f 1568 1428 1569
f 1428 1430 1569
f 1569 1430 1570
f 1430 1396 1570
f 1570 1396 1571
f 1396 1395 1571
f 1571 1395 1572
f 1395 1411 1572
f 1572 1411 1573
f 1411 1422 1573
f 1573 1422 1574
f 1422 1421 1574
f 1574 1421 1575
f 1421 1445 1575
f 1575 1445 1576
f 1445 1444 1576
f 1576 1444 1577
f 1444 1464 1577
f 1577 1464 1578
f 1464 1463 1578
f 1578 1463 1579
f 1463 1462 1579
f 1579 1462 1580
f 1462 1472 1580
f 1580 1472 1581
f 1472 1471 1581
f 1581 1471 1582
f 1471 1470 1582
f 1582 1470 1583
f 1470 1453 1583
f 1583 1453 1584
f 1453 1452 1584
f 1584 1452 1585
f 1452 1451 1585
f 1585 1451 1586
f 1451 1450 1586
f 1586 1450 1587
f 1450 1449 1587
f 1587 1449 1588
f 1449 1398 1588
f 1588 1398 1589
f 1398 1414 1589
f 1589 1414 1590
f 1414 1379 1590
f 1590 1379 1591
f 1379 1376 1591
f 1591 1376 1592
f 1376 1375 1592
f 1592 1375 1593
f 1375 1400 1593
f 1593 1400 1594
f 1400 1399 1594
f 1594 1399 1595
f 1399 1386 1595
f 1595 1386 1596
f 1386 1385 1596
f 1596 1385 1597
f 1385 1417 1597
f 1597 1417 1598
f 1417 1354 1598
f 1598 1354 1599
f 1354 1353 1599
f 1353 1359 1599
f 1599 1359 1600
f 1359 1360 1600
f 1600 1360 1601
f 1360 1366 1601
f 1601 1366 1602
f 1366 1365 1602
f 1602 1365 1603
f 1365 1364 1603
f 1603 1364 1604
f 1364 1363 1604
f 1604 1363 1605
f 1363 1362 1605
f 1605 1362 1606
f 1362 1357 1606
f 1606 1357 1607
f 1357 1350 1607
f 1607 1350 1608
f 1350 1348 1608
f 1608 1348 1609
f 1348 1349 1609
f 1609 1349 1610
f 1349 1355 1610
f 1610 1355 1611
f 1355 1356 1611
f 1611 1356 1612
f 1356 1352 1612
f 1612 1352 1613
f 1352 1351 1613
f 1613 1351 1614
f 1351 1361 1614
f 1614 1361 1615
f 1361 1367 1615
f 1615 1367 1616
f 1367 1358 1616
f 1616 1358 1617
f 1358 1565 1617
f 1617 1565 1618
f 1565 1475 1618
f 1618 1475 1619
f 1475 1474 1619
f 1619 1474 1620
f 1474 1550 1620
f 1620 1550 1621
f 1550 1549 1621
f 1621 1549 1622
f 1549 1547 1622
f 1622 1547 1623
f 1547 1545 1623
f 1623 1545 1624
f 1545 1479 1624
f 1624 1479 1625
f 1479 1480 1625
f 1625 1480 1626
f 1480 1492 1626
f 1626 1492 1627
f 1492 1507 1627
f 1627 1507 1628
f 1507 1506 1628
f 1628 1506 1629
f 1506 1511 1629
f 1629 1511 1630
f 1511 1510 1630
f 1630 1510 1631
f 1510 1554 1631
f 1631 1554 1632
f 1554 1530 1632
f 1632 1530 1633
f 1530 1529 1633
f 1633 1529 1634
f 1529 1528 1634
f 1634 1528 1635
f 1528 1513 1635
f 1635 1513 1636
f 1513 1512 1636
f 1636 1512 1637
f 1512 1393 1637
f 1637 1393 1566
f 1393 1408 1566
f 1566 1408 1409
f 1107 487 1105
f 487 490 1105
f 1105 490 1103
f 490 478 1103
f 1103 478 1101
f 478 591 1101
f 1101 591 1099
f 591 607 1099
f 1099 607 1097
f 607 595 1097
f 1097 595 1095
f 595 552 1095
f 1095 552 1093
f 552 551 1093
f 1093 551 1091
f 551 615 1091
f 1091 615 1089
f 615 617 1089
f 1089 617 1087
f 617 619 1087
f 1087 619 1085
f 619 621 1085
f 1085 621 1083
f 621 540 1083
f 1083 540 1081
f 540 542 1081
f 1081 542 1079
f 542 544 1079
f 1079 544 1077
f 544 515 1077
f 1077 515 1075
f 515 513 1075
f 1075 513 1073
f 513 511 1073
f 1073 511 1071
f 511 559 1071
f 1071 559 1069
f 559 518 1069
f 1069 518 1067
f 518 520 1067
f 1067 520 1065
f 520 563 1065
f 1065 563 1063
f 563 567 1063
f 1063 567 1061
f 567 573 1061
f 1061 573 1059
f 573 571 1059
f 1059 571 1057
f 852 526 1107
f 526 531 1107
f 1107 531 487
f 998 889 996
f 889 900 996
f 996 900 994
f 900 849 994
f 994 849 992
f 849 837 992
f 992 837 990
f 837 828 990
f 990 828 988
f 828 826 988
f 988 826 986
f 826 842 986
f 986 842 1129
f 842 844 1129
f 1129 844 1127
f 844 867 1127
f 1127 867 1125
f 867 865 1125
f 1125 865 1123
f 865 863 1123
f 1123 863 1121
f 863 861 1121
f 1121 861 1119
f 861 859 1119
f 1119 859 1117
f 859 857 1117
f 1117 857 1115
f 857 855 1115
f 1115 855 1113
f 855 853 1113
f 1113 853 1111
f 853 852 1111
f 1111 852 1109
f 852 1107 1109
f 789 774 998
f 774 887 998
f 998 887 889
f 1020 796 1018
f 796 742 1018
f 1018 742 1016
f 742 740 1016
f 1016 740 1014
f 740 752 1014
f 1014 752 1012
f 752 750 1012
f 1012 750 1010
f 750 755 1010
f 1010 755 1008
f 755 763 1008
f 1008 763 1006
f 763 766 1006
f 1006 766 1004
f 766 771 1004
f 1004 771 1002
f 771 789 1002
f 1002 789 1000
f 789 998 1000
f 571 713 1057
f 713 715 1057
f 1057 715 1055
f 715 724 1055
f 1055 724 1053
f 724 726 1053
f 1053 726 1051
f 726 728 1051
f 1051 728 1049
f 728 730 1049
f 1049 730 1047
f 730 732 1047
f 1047 732 1045
f 732 734 1045
f 1045 734 1043
f 734 736 1043
f 1043 736 1041
f 736 696 1041
f 1041 696 1039
f 696 694 1039
f 1039 694 1036
f 694 692 1036
f 1036 692 1034
f 692 664 1034
f 1034 664 1032
f 664 653 1032
f 1032 653 1030
f 653 650 1030
f 1030 650 1028
f 650 658 1028
f 1028 658 1026
f 658 676 1026
f 1026 676 1024
f 676 680 1024
f 1024 680 1022
f 680 683 1022
f 1022 683 1020
f 683 820 1020
f 1020 820 796
f 1236 1626 1237
f 1626 1627 1237
f 1237 1627 1238
f 1627 1628 1238
f 1238 1628 1239
f 1628 1629 1239
f 1239 1629 1240
f 1629 1630 1240
f 1240 1630 1241
f 1630 1631 1241
f 1241 1631 1242
f 1631 1632 1242
f 1242 1632 1243
f 1632 1633 1243
f 1243 1633 1244
f 1633 1634 1244
f 1244 1634 1245
f 1634 1635 1245
f 1245 1635 1246
f 1635 1636 1246
f 1246 1636 1211
f 1636 1637 1211
f 1211 1637 1212
f 1637 1566 1212
f 1212 1566 1213
f 1566 1567 1213
f 1213 1567 1214
f 1567 1568 1214
f 1214 1568 1215
f 1568 1569 1215
f 1215 1569 1217
f 1569 1570 1217
f 1217 1570 1216
f 1570 1571 1216
f 1216 1571 1247
f 1571 1572 1247
f 1247 1572 1248
f 1572 1573 1248
f 1248 1573 1249
f 1573 1574 1249
f 1249 1574 1250
f 1574 1575 1250
f 1250 1575 1251
f 1575 1576 1251
f 1251 1576 1252
f 1576 1577 1252
f 1252 1577 1253
f 1577 1578 1253
f 1253 1578 1254
f 1578 1579 1254
f 1254 1579 1255
f 1579 1580 1255
f 1255 1580 1256
f 1580 1581 1256
f 1256 1581 1257
f 1581 1582 1257
f 1257 1582 1258
f 1582 1583 1258
f 1258 1583 1259
f 1583 1584 1259
f 1259 1584 1260
f 1584 1585 1260
f 1260 1585 1261
f 1585 1586 1261
f 1261 1586 1262
f 1586 1587 1262
f 1262 1587 1263
f 1587 1588 1263
f 1263 1588 1264
f 1588 1589 1264
f 1264 1589 1265
f 1589 1590 1265
f 1265 1590 1266
f 1590 1591 1266
f 1266 1591 1267
f 1591 1592 1267
f 1267 1592 1268
f 1592 1593 1268
f 1268 1593 1269
f 1593 1594 1269
f 1269 1594 1270
f 1594 1595 1270
f 1270 1595 1271
f 1595 1596 1271
f 1271 1596 1272
f 1596 1597 1272
f 1272 1597 1273
f 1597 1598 1273
f 1273 1598 1274
f 1598 1599 1274
f 1274 1599 1275
f 1599 1600 1275
f 1275 1600 1206
f 1600 1601 1206
f 1206 1601 1207
f 1601 1602 1207
f 1207 1602 1204
f 1602 1603 1204
f 1204 1603 1208
f 1603 1604 1208
f 1208 1604 1209
f 1604 1605 1209
f 1209 1605 1210
f 1605 1606 1210
f 1210 1606 1205
f 1606 1607 1205
f 1205 1607 1218
f 1607 1608 1218
f 1218 1608 1219
f 1608 1609 1219
f 1219 1609 1220
f 1609 1610 1220
f 1220 1610 1221
f 1610 1611 1221
f 1221 1611 1222
f 1611 1612 1222
f 1222 1612 1223
f 1612 1613 1223
f 1223 1613 1224
f 1613 1614 1224
f 1224 1614 1225
f 1614 1615 1225
f 1225 1615 1226
f 1615 1616 1226
f 1226 1616 1227
f 1616 1617 1227
f 1227 1617 1228
f 1617 1618 1228
f 1228 1618 1229
f 1618 1619 1229
f 1229 1619 1230
f 1619 1620 1230
f 1230 1620 1231
f 1620 1621 1231
f 1231 1621 1232
f 1621 1622 1232
f 1232 1622 1233
f 1622 1623 1233
f 1233 1623 1234
f 1623 1624 1234
f 1234 1624 1235
f 1624 1625 1235
f 1235 1625 1236
f 1625 1626 1236
f 1638 474 472
f 474 473 472
f 472 473 471
f 473 475 471
f 1638 472 439
f 472 398 439
f 474 1638 433
f 1638 439 433
# 3296 faces, 0 coords texture

# End of File
