####
#
# OBJ File Generated by Meshlab
#
####
# Object sj_wk00_0022middlecase_68.obj
#
# Vertices: 1734
# Faces: 3476
#
####
v -0.035613 -0.014100 -0.008868
v -0.035613 -0.014100 0.008868
v -0.035500 -0.001200 -0.008822
v -0.035500 -0.001200 0.008822
v -0.035027 -0.014100 0.010282
v -0.034914 -0.001200 0.010236
v -0.035032 -0.001200 0.010107
v -0.035145 -0.014100 0.010154
v -0.035138 -0.001200 0.009969
v -0.035251 -0.014100 0.010015
v -0.035232 -0.001200 0.009822
v -0.035345 -0.014100 0.009868
v -0.035313 -0.001200 0.009667
v -0.035425 -0.014100 0.009713
v -0.035379 -0.001200 0.009506
v -0.035492 -0.014100 0.009552
v -0.035432 -0.001200 0.009339
v -0.035544 -0.014100 0.009386
v -0.035470 -0.001200 0.009169
v -0.035582 -0.014100 0.009216
v -0.035492 -0.001200 0.008996
v -0.035605 -0.014100 0.009043
v 0.009299 -0.014100 0.011437
v 0.008636 -0.014100 0.011079
v 0.008694 -0.014100 0.010987
v 0.008237 -0.014100 0.011444
v 0.008329 -0.014100 0.011386
v 0.008687 -0.014100 0.012049
v 0.009087 -0.014100 0.011714
v 0.008496 -0.014100 0.011246
v 0.008569 -0.014100 0.011165
v 0.009251 -0.014100 0.011510
v 0.009199 -0.014100 0.011580
v 0.009145 -0.014100 0.011648
v 0.008415 -0.014100 0.011319
v 0.008830 -0.014100 0.011949
v 0.008760 -0.014100 0.012001
v 0.009027 -0.014100 0.011777
v 0.008964 -0.014100 0.011837
v 0.008898 -0.014100 0.011895
v 0.008613 -0.014100 0.012095
v 0.008536 -0.014100 0.012137
v 0.008140 -0.014100 0.011495
v 0.008458 -0.014100 0.012175
v 0.008040 -0.014100 0.011536
v 0.008297 -0.014100 0.012242
v 0.007936 -0.014100 0.011569
v 0.008130 -0.014100 0.012294
v 0.007829 -0.014100 0.011593
v 0.007960 -0.014100 0.012332
v 0.007721 -0.014100 0.011607
v 0.007787 -0.014100 0.012355
v 0.007612 -0.014100 0.011612
v 0.007613 -0.014100 0.012363
v -0.032118 -0.014100 0.011612
v -0.032118 -0.014100 0.012363
v -0.032217 -0.014100 0.011608
v -0.032293 -0.014100 0.012355
v -0.032315 -0.014100 0.011596
v -0.032466 -0.014100 0.012332
v -0.032411 -0.014100 0.011577
v -0.032636 -0.014100 0.012294
v -0.032506 -0.014100 0.011550
v -0.032802 -0.014100 0.012242
v -0.032599 -0.014100 0.011515
v -0.032963 -0.014100 0.012175
v -0.032689 -0.014100 0.011474
v 0.008745 -0.014100 0.010890
v 0.009387 -0.014100 0.011286
v 0.009345 -0.014100 0.011363
v -0.032775 -0.014100 0.011425
v -0.033118 -0.014100 0.012095
v -0.032856 -0.014100 0.011370
v -0.033265 -0.014100 0.012001
v -0.032934 -0.014100 0.011309
v -0.033404 -0.014100 0.011895
v -0.033002 -0.014100 0.011246
v -0.033532 -0.014100 0.011777
v -0.034496 -0.014100 0.009752
v -0.034569 -0.014100 0.009671
v -0.034636 -0.014100 0.009585
v -0.034694 -0.014100 0.009493
v -0.034745 -0.014100 0.009396
v -0.034786 -0.014100 0.009295
v -0.034819 -0.014100 0.009191
v -0.034843 -0.014100 0.009085
v -0.034857 -0.014100 0.008977
v -0.034862 -0.014100 0.008868
v -0.034862 -0.014100 -0.008868
v -0.034857 -0.014100 -0.008977
v -0.035605 -0.014100 -0.009043
v -0.034843 -0.014100 -0.009085
v -0.035582 -0.014100 -0.009216
v -0.034819 -0.014100 -0.009191
v -0.035544 -0.014100 -0.009386
v -0.034786 -0.014100 -0.009295
v -0.035492 -0.014100 -0.009552
v -0.034745 -0.014100 -0.009396
v -0.035425 -0.014100 -0.009713
v -0.034694 -0.014100 -0.009493
v -0.035345 -0.014100 -0.009868
v -0.034636 -0.014100 -0.009585
v -0.035251 -0.014100 -0.010015
v -0.034569 -0.014100 -0.009671
v -0.035145 -0.014100 -0.010154
v -0.034496 -0.014100 -0.009752
v -0.035027 -0.014100 -0.010282
v -0.033002 -0.014100 -0.011246
v -0.033532 -0.014100 -0.011777
v -0.032921 -0.014100 -0.011319
v -0.033404 -0.014100 -0.011895
v -0.032835 -0.014100 -0.011386
v -0.033265 -0.014100 -0.012001
v -0.032743 -0.014100 -0.011444
v -0.033118 -0.014100 -0.012095
v -0.032646 -0.014100 -0.011495
v -0.032963 -0.014100 -0.012175
v -0.032545 -0.014100 -0.011536
v -0.032802 -0.014100 -0.012242
v -0.032441 -0.014100 -0.011569
v -0.032636 -0.014100 -0.012294
v -0.032335 -0.014100 -0.011593
v -0.032466 -0.014100 -0.012332
v -0.032227 -0.014100 -0.011607
v -0.032293 -0.014100 -0.012355
v -0.032118 -0.014100 -0.011612
v -0.032118 -0.014100 -0.012363
v 0.007612 -0.014100 -0.011612
v 0.007613 -0.014100 -0.012363
v 0.007721 -0.014100 -0.011607
v 0.007787 -0.014100 -0.012355
v 0.007829 -0.014100 -0.011593
v 0.007960 -0.014100 -0.012332
v 0.007936 -0.014100 -0.011569
v 0.008130 -0.014100 -0.012294
v 0.008040 -0.014100 -0.011536
v 0.008297 -0.014100 -0.012242
v 0.008140 -0.014100 -0.011495
v 0.008964 -0.014100 -0.011837
v 0.008496 -0.014100 -0.011246
v 0.008415 -0.014100 -0.011319
v 0.008458 -0.014100 -0.012175
v 0.008536 -0.014100 -0.012137
v 0.008237 -0.014100 -0.011444
v 0.008694 -0.014100 -0.010987
v 0.009387 -0.014100 -0.011286
v 0.008745 -0.014100 -0.010890
v 0.009425 -0.014100 -0.011208
v 0.008786 -0.014100 -0.010790
v 0.009492 -0.014100 -0.011047
v 0.008819 -0.014100 -0.010686
v 0.009544 -0.014100 -0.010880
v 0.008843 -0.014100 -0.010579
v 0.009582 -0.014100 -0.010710
v 0.008857 -0.014100 -0.010471
v 0.009605 -0.014100 -0.010537
v 0.008862 -0.014100 -0.010362
v 0.009613 -0.014100 -0.010363
v 0.008862 -0.014100 0.010362
v 0.009613 -0.014100 0.010363
v 0.008857 -0.014100 0.010471
v 0.009605 -0.014100 0.010537
v 0.008843 -0.014100 0.010579
v 0.009582 -0.014100 0.010710
v 0.008819 -0.014100 0.010686
v 0.009544 -0.014100 0.010880
v 0.008786 -0.014100 0.010790
v 0.009492 -0.014100 0.011047
v 0.009425 -0.014100 0.011208
v 0.008636 -0.014100 -0.011079
v 0.009299 -0.014100 -0.011437
v 0.009345 -0.014100 -0.011363
v 0.008569 -0.014100 -0.011165
v 0.009199 -0.014100 -0.011580
v 0.009251 -0.014100 -0.011510
v 0.009027 -0.014100 -0.011777
v 0.009087 -0.014100 -0.011714
v 0.009145 -0.014100 -0.011648
v 0.008329 -0.014100 -0.011386
v 0.008830 -0.014100 -0.011949
v 0.008898 -0.014100 -0.011895
v 0.008613 -0.014100 -0.012095
v 0.008687 -0.014100 -0.012049
v 0.008760 -0.014100 -0.012001
v 0.009500 -0.001200 0.010250
v 0.009492 -0.001200 0.010424
v 0.009470 -0.001200 0.010597
v 0.009432 -0.001200 0.010768
v 0.009379 -0.001200 0.010934
v 0.009313 -0.001200 0.011095
v 0.009274 -0.001200 0.011174
v 0.009232 -0.001200 0.011250
v 0.009187 -0.001200 0.011325
v 0.009138 -0.001200 0.011397
v 0.009087 -0.001200 0.011468
v 0.009032 -0.001200 0.011536
v 0.008975 -0.001200 0.011601
v 0.008914 -0.001200 0.011664
v 0.008851 -0.001200 0.011725
v 0.008786 -0.001200 0.011782
v 0.008718 -0.001200 0.011837
v 0.008647 -0.001200 0.011888
v 0.008575 -0.001200 0.011937
v 0.008500 -0.001200 0.011982
v 0.008424 -0.001200 0.012024
v 0.008345 -0.001200 0.012063
v 0.008184 -0.001200 0.012129
v 0.008018 -0.001200 0.012182
v 0.007847 -0.001200 0.012220
v 0.007674 -0.001200 0.012242
v 0.007500 -0.001200 0.012250
v -0.032072 -0.001200 0.012250
v -0.032246 -0.001200 0.012242
v -0.032419 -0.001200 0.012220
v -0.032589 -0.001200 0.012182
v -0.032756 -0.001200 0.012129
v -0.032917 -0.001200 0.012063
v -0.033072 -0.001200 0.011982
v -0.033219 -0.001200 0.011888
v -0.033357 -0.001200 0.011782
v -0.033486 -0.001200 0.011664
v -0.016459 -0.001200 0.011709
v -0.017078 -0.001200 0.011614
v -0.032072 -0.001200 0.011614
v 0.008681 -0.001200 0.010932
v 0.008617 -0.001200 0.011032
v 0.008076 -0.001200 0.011486
v 0.008182 -0.001200 0.011431
v -0.015834 -0.001200 0.011757
v -0.015208 -0.001200 0.011757
v -0.014583 -0.001200 0.011709
v -0.013964 -0.001200 0.011614
v 0.008975 -0.001200 -0.011601
v 0.008464 -0.001200 -0.011214
v 0.008545 -0.001200 -0.011127
v 0.008617 -0.001200 -0.011032
v 0.009087 -0.001200 -0.011468
v 0.009032 -0.001200 -0.011536
v 0.008464 -0.001200 0.011214
v 0.008377 -0.001200 0.011295
v 0.008914 -0.001200 -0.011664
v 0.008851 -0.001200 -0.011725
v 0.008377 -0.001200 -0.011295
v 0.008681 -0.001200 -0.010932
v 0.009187 -0.001200 -0.011325
v 0.009138 -0.001200 -0.011397
v 0.008736 -0.001200 -0.010826
v 0.009274 -0.001200 -0.011174
v 0.009232 -0.001200 -0.011250
v 0.008736 -0.001200 0.010826
v 0.008782 -0.001200 0.010716
v 0.008817 -0.001200 0.010603
v 0.008843 -0.001200 0.010487
v 0.008859 -0.001200 0.010369
v 0.008864 -0.001200 0.010250
v 0.008864 -0.001200 -0.010250
v 0.009500 -0.001200 -0.010250
v 0.008859 -0.001200 -0.010369
v 0.009492 -0.001200 -0.010424
v 0.008843 -0.001200 -0.010487
v 0.009470 -0.001200 -0.010597
v 0.008817 -0.001200 -0.010603
v 0.009432 -0.001200 -0.010768
v 0.008782 -0.001200 -0.010716
v 0.009379 -0.001200 -0.010934
v 0.009313 -0.001200 -0.011095
v 0.008545 -0.001200 0.011127
v 0.008282 -0.001200 0.011367
v 0.007966 -0.001200 0.011532
v 0.007853 -0.001200 0.011567
v 0.007737 -0.001200 0.011593
v 0.007619 -0.001200 0.011609
v 0.007500 -0.001200 0.011614
v 0.008786 -0.001200 -0.011782
v 0.008718 -0.001200 -0.011837
v 0.008282 -0.001200 -0.011367
v 0.008647 -0.001200 -0.011888
v 0.008575 -0.001200 -0.011937
v 0.008182 -0.001200 -0.011431
v -0.010782 -0.001200 -0.011666
v 0.007500 -0.001200 -0.012250
v -0.011431 -0.001200 -0.011666
v -0.032072 -0.001200 -0.012250
v -0.012079 -0.001200 -0.011614
v 0.008500 -0.001200 -0.011982
v 0.008424 -0.001200 -0.012024
v 0.008076 -0.001200 -0.011486
v 0.008345 -0.001200 -0.012063
v 0.007966 -0.001200 -0.011532
v 0.008184 -0.001200 -0.012129
v 0.007853 -0.001200 -0.011567
v 0.008018 -0.001200 -0.012182
v 0.007737 -0.001200 -0.011593
v 0.007847 -0.001200 -0.012220
v 0.007619 -0.001200 -0.011609
v 0.007674 -0.001200 -0.012242
v 0.007500 -0.001200 -0.011614
v -0.010134 -0.001200 -0.011614
v -0.032190 -0.001200 0.011609
v -0.032308 -0.001200 0.011593
v -0.032425 -0.001200 0.011567
v -0.032538 -0.001200 0.011532
v -0.032648 -0.001200 0.011486
v -0.032753 -0.001200 0.011431
v -0.032854 -0.001200 0.011367
v -0.032948 -0.001200 0.011295
v -0.033036 -0.001200 0.011214
v -0.034464 -0.001200 0.009786
v -0.034545 -0.001200 0.009698
v -0.034617 -0.001200 0.009604
v -0.034681 -0.001200 0.009503
v -0.034736 -0.001200 0.009398
v -0.034782 -0.001200 0.009288
v -0.034817 -0.001200 0.009175
v -0.034843 -0.001200 0.009058
v -0.034859 -0.001200 0.008940
v -0.034864 -0.001200 0.008822
v -0.034864 -0.001200 -0.008822
v -0.035492 -0.001200 -0.008996
v -0.034859 -0.001200 -0.008940
v -0.035470 -0.001200 -0.009169
v -0.034843 -0.001200 -0.009058
v -0.035432 -0.001200 -0.009339
v -0.034817 -0.001200 -0.009175
v -0.035379 -0.001200 -0.009506
v -0.034782 -0.001200 -0.009288
v -0.035313 -0.001200 -0.009667
v -0.034736 -0.001200 -0.009398
v -0.035232 -0.001200 -0.009822
v -0.034681 -0.001200 -0.009503
v -0.035138 -0.001200 -0.009969
v -0.034617 -0.001200 -0.009604
v -0.035032 -0.001200 -0.010107
v -0.034545 -0.001200 -0.009698
v -0.034914 -0.001200 -0.010236
v -0.034464 -0.001200 -0.009786
v -0.033486 -0.001200 -0.011664
v -0.033036 -0.001200 -0.011214
v -0.033357 -0.001200 -0.011782
v -0.032948 -0.001200 -0.011295
v -0.033219 -0.001200 -0.011888
v -0.032854 -0.001200 -0.011367
v -0.033072 -0.001200 -0.011982
v -0.032753 -0.001200 -0.011431
v -0.032917 -0.001200 -0.012063
v -0.032648 -0.001200 -0.011486
v -0.032756 -0.001200 -0.012129
v -0.032538 -0.001200 -0.011532
v -0.032589 -0.001200 -0.012182
v -0.032425 -0.001200 -0.011567
v -0.032419 -0.001200 -0.012220
v -0.032308 -0.001200 -0.011593
v -0.032246 -0.001200 -0.012242
v -0.032190 -0.001200 -0.011609
v -0.032072 -0.001200 -0.011614
v 0.008864 -0.002200 -0.010250
v 0.008864 -0.002200 0.010250
v 0.008000 -0.002200 0.004147
v 0.008414 -0.002200 0.000119
v 0.007546 -0.002200 0.004764
v 0.008277 -0.002200 0.000792
v 0.008085 -0.002200 0.001452
v 0.007841 -0.002200 0.002095
v 0.007546 -0.002200 0.002716
v 0.008085 -0.002200 -0.003952
v 0.008277 -0.002200 -0.003292
v 0.008000 -0.002200 -0.006647
v -0.033700 -0.002200 0.009350
v -0.033696 -0.002200 0.009254
v -0.034617 -0.002200 0.009604
v 0.007963 -0.002200 0.009163
v 0.008033 -0.002200 0.009228
v 0.008000 -0.002200 0.008254
v 0.007546 -0.002200 -0.007264
v 0.007546 -0.002200 -0.005216
v 0.007841 -0.002200 -0.004595
v -0.015834 -0.002200 0.011757
v -0.015208 -0.002200 0.011757
v -0.014583 -0.002200 0.011709
v -0.033065 -0.002200 0.010347
v -0.033150 -0.002200 0.010303
v -0.033036 -0.002200 0.011214
v -0.034000 -0.002200 -0.003250
v -0.034000 -0.002200 -0.008065
v -0.034235 -0.002200 -0.002550
v -0.034864 -0.002200 -0.008822
v -0.034413 -0.002200 -0.001833
v -0.034533 -0.002200 -0.001105
v 0.008285 -0.002200 0.009627
v 0.008313 -0.002200 0.009718
v -0.013964 -0.002200 0.011614
v 0.006486 -0.002200 0.010792
v -0.017078 -0.002200 0.011614
v -0.030551 -0.002200 0.010792
v -0.032072 -0.002200 0.011614
v -0.030551 -0.002200 0.010750
v -0.031315 -0.002200 0.010750
v -0.031500 -0.002200 0.009350
v -0.031504 -0.002200 0.009446
v -0.031517 -0.002200 0.009541
v -0.031603 -0.002200 0.009815
v -0.031647 -0.002200 0.009900
v -0.031699 -0.002200 0.009981
v -0.034859 -0.002200 0.008940
v -0.034843 -0.002200 0.009058
v -0.034000 -0.002200 0.008065
v -0.034817 -0.002200 0.009175
v -0.034782 -0.002200 0.009288
v -0.034736 -0.002200 0.009398
v -0.034681 -0.002200 0.009503
v -0.031315 -0.002200 -0.010750
v -0.030551 -0.002200 -0.010750
v -0.030551 -0.002200 -0.010792
v 0.008000 -0.002200 -0.008254
v 0.008497 -0.002200 -0.000563
v 0.008525 -0.002200 -0.001250
v 0.008497 -0.002200 -0.001937
v 0.008414 -0.002200 -0.002619
v -0.016459 -0.002200 0.011709
v -0.031537 -0.002200 0.009635
v -0.031566 -0.002200 0.009726
v -0.033634 -0.002200 0.008974
v -0.033663 -0.002200 0.009065
v -0.033683 -0.002200 0.009159
v -0.033597 -0.002200 0.008885
v -0.033553 -0.002200 0.008800
v -0.033501 -0.002200 0.008719
v -0.034782 -0.002200 -0.009288
v -0.033696 -0.002200 -0.009254
v -0.033700 -0.002200 -0.009350
v 0.007725 -0.002200 0.009008
v 0.007809 -0.002200 0.009052
v 0.007888 -0.002200 0.009104
v 0.008249 -0.002200 0.009539
v 0.008334 -0.002200 0.009811
v 0.008346 -0.002200 0.009906
v 0.008350 -0.002200 0.010001
v 0.006715 -0.002200 0.010961
v 0.006634 -0.002200 0.010911
v 0.006558 -0.002200 0.010855
v -0.032600 -0.002200 0.010450
v -0.032696 -0.002200 0.010446
v -0.032753 -0.002200 0.011431
v -0.032854 -0.002200 0.011367
v -0.032791 -0.002200 0.010433
v -0.032948 -0.002200 0.011295
v -0.032976 -0.002200 0.010384
v -0.033231 -0.002200 0.010251
v -0.033307 -0.002200 0.010193
v -0.034464 -0.002200 0.009786
v -0.033378 -0.002200 0.010128
v -0.033443 -0.002200 0.010057
v -0.033501 -0.002200 0.009981
v -0.033553 -0.002200 0.009900
v -0.033597 -0.002200 0.009815
v -0.033634 -0.002200 0.009726
v -0.033663 -0.002200 0.009635
v -0.034545 -0.002200 0.009698
v -0.033683 -0.002200 0.009541
v -0.033696 -0.002200 0.009446
v -0.034000 -0.002200 0.003250
v -0.034235 -0.002200 0.002550
v -0.032308 -0.002200 -0.011593
v -0.032425 -0.002200 -0.011567
v -0.032538 -0.002200 -0.011532
v -0.032648 -0.002200 -0.011486
v -0.032753 -0.002200 -0.011431
v -0.032854 -0.002200 -0.011367
v 0.008155 -0.002200 -0.009374
v 0.008097 -0.002200 -0.009298
v 0.007546 -0.002200 0.008123
v 0.007546 -0.002200 0.008941
v 0.007701 -0.002200 0.008154
v 0.007637 -0.002200 0.008970
v 0.007853 -0.002200 0.008198
v 0.008097 -0.002200 0.009298
v 0.008155 -0.002200 0.009374
v 0.008205 -0.002200 0.009455
v 0.007263 -0.002200 0.011100
v 0.007168 -0.002200 0.011097
v 0.007500 -0.002200 0.011614
v 0.007073 -0.002200 0.011086
v -0.032885 -0.002200 0.010413
v -0.030702 -0.002200 0.009432
v -0.030702 -0.002200 0.009267
v -0.031504 -0.002200 0.009254
v -0.030716 -0.002200 0.009102
v -0.031517 -0.002200 0.009159
v -0.034864 -0.002200 0.008822
v -0.034413 -0.002200 0.001833
v -0.032791 -0.002200 -0.008267
v -0.032885 -0.002200 -0.008287
v -0.033150 -0.002200 -0.008397
v -0.033231 -0.002200 -0.008449
v -0.033307 -0.002200 -0.008507
v -0.033378 -0.002200 -0.008572
v -0.033443 -0.002200 -0.008643
v -0.033683 -0.002200 -0.009541
v -0.034617 -0.002200 -0.009604
v -0.033696 -0.002200 -0.009446
v -0.034681 -0.002200 -0.009503
v -0.034736 -0.002200 -0.009398
v -0.033883 -0.002200 -0.007948
v -0.032600 -0.002200 -0.008250
v -0.032696 -0.002200 -0.008254
v -0.031757 -0.002200 0.010057
v -0.031822 -0.002200 0.010128
v -0.031893 -0.002200 0.010193
v -0.032648 -0.002200 0.011486
v -0.032538 -0.002200 0.011532
v -0.032504 -0.002200 0.010446
v -0.031537 -0.002200 0.009065
v -0.030745 -0.002200 0.008938
v -0.031566 -0.002200 0.008974
v -0.030788 -0.002200 0.008778
v -0.031603 -0.002200 0.008885
v -0.030845 -0.002200 0.008623
v -0.031647 -0.002200 0.008800
v -0.030915 -0.002200 0.008472
v -0.031699 -0.002200 0.008719
v -0.030998 -0.002200 0.008329
v -0.031757 -0.002200 0.008643
v -0.031093 -0.002200 0.008193
v -0.031822 -0.002200 0.008572
v -0.031092 -0.002200 0.010506
v -0.030997 -0.002200 0.010370
v -0.034533 -0.002200 0.001105
v -0.034593 -0.002200 0.000369
v -0.034593 -0.002200 -0.000369
v -0.033597 -0.002200 -0.008885
v -0.033553 -0.002200 -0.008800
v -0.033501 -0.002200 -0.008719
v -0.034817 -0.002200 -0.009175
v -0.034843 -0.002200 -0.009058
v -0.033683 -0.002200 -0.009159
v -0.034859 -0.002200 -0.008940
v -0.033663 -0.002200 -0.009065
v -0.033634 -0.002200 -0.008974
v -0.033663 -0.002200 -0.009635
v -0.034464 -0.002200 -0.009786
v -0.034545 -0.002200 -0.009698
v -0.033634 -0.002200 -0.009726
v -0.033597 -0.002200 -0.009815
v -0.033553 -0.002200 -0.009900
v -0.033501 -0.002200 -0.009981
v -0.033443 -0.002200 -0.010057
v -0.033036 -0.002200 -0.011214
v -0.033378 -0.002200 -0.010128
v -0.033307 -0.002200 -0.010193
v -0.010134 -0.002200 -0.011614
v -0.010782 -0.002200 -0.011666
v -0.011431 -0.002200 -0.011666
v 0.008033 -0.002200 -0.009228
v 0.007963 -0.002200 -0.009163
v 0.007888 -0.002200 -0.009104
v 0.008346 -0.002200 0.010096
v 0.008333 -0.002200 0.010190
v 0.008859 -0.002200 0.010369
v 0.008313 -0.002200 0.010283
v 0.008843 -0.002200 0.010487
v 0.008284 -0.002200 0.010374
v 0.008817 -0.002200 0.010603
v 0.008782 -0.002200 0.010716
v 0.008248 -0.002200 0.010462
v 0.008736 -0.002200 0.010826
v 0.008205 -0.002200 0.010547
v 0.008681 -0.002200 0.010932
v 0.008154 -0.002200 0.010627
v 0.008617 -0.002200 0.011032
v 0.008096 -0.002200 0.010703
v 0.008545 -0.002200 0.011127
v 0.008464 -0.002200 0.011214
v 0.008032 -0.002200 0.010774
v 0.008377 -0.002200 0.011295
v 0.007962 -0.002200 0.010838
v 0.008282 -0.002200 0.011367
v 0.007887 -0.002200 0.010897
v 0.008182 -0.002200 0.011431
v 0.007807 -0.002200 0.010948
v 0.008076 -0.002200 0.011486
v 0.007966 -0.002200 0.011532
v 0.007723 -0.002200 0.010993
v 0.007853 -0.002200 0.011567
v 0.007635 -0.002200 0.011030
v 0.007737 -0.002200 0.011593
v 0.007545 -0.002200 0.011060
v 0.007619 -0.002200 0.011609
v 0.007452 -0.002200 0.011081
v 0.007358 -0.002200 0.011095
v 0.006980 -0.002200 0.011066
v 0.006889 -0.002200 0.011039
v 0.006800 -0.002200 0.011004
v -0.031969 -0.002200 0.010251
v -0.032050 -0.002200 0.010303
v -0.032135 -0.002200 0.010347
v -0.031198 -0.002200 0.010633
v -0.030788 -0.002200 0.009921
v -0.030745 -0.002200 0.009760
v -0.030716 -0.002200 0.009597
v -0.032976 -0.002200 -0.008316
v -0.033065 -0.002200 -0.008353
v -0.033231 -0.002200 -0.010251
v -0.033150 -0.002200 -0.010303
v -0.033065 -0.002200 -0.010347
v 0.006634 -0.002200 -0.010911
v 0.006715 -0.002200 -0.010961
v 0.006800 -0.002200 -0.011004
v 0.007500 -0.002200 -0.011614
v 0.006889 -0.002200 -0.011039
v 0.006980 -0.002200 -0.011066
v 0.007073 -0.002200 -0.011086
v 0.007168 -0.002200 -0.011097
v 0.007263 -0.002200 -0.011100
v 0.008313 -0.002200 -0.010283
v 0.008333 -0.002200 -0.010190
v 0.008313 -0.002200 -0.009718
v 0.008334 -0.002200 -0.009811
v 0.008346 -0.002200 -0.009906
v 0.008285 -0.002200 -0.009627
v 0.008249 -0.002200 -0.009539
v 0.008205 -0.002200 -0.009455
v 0.007809 -0.002200 -0.009052
v 0.007725 -0.002200 -0.009008
v 0.007853 -0.002200 -0.008198
v 0.007637 -0.002200 -0.008970
v 0.007701 -0.002200 -0.008154
v 0.007546 -0.002200 -0.008941
v 0.007546 -0.002200 -0.008123
v -0.032425 -0.002200 0.011567
v -0.032308 -0.002200 0.011593
v -0.032409 -0.002200 0.010433
v -0.032190 -0.002200 0.011609
v -0.032315 -0.002200 0.010413
v -0.032224 -0.002200 0.010384
v -0.030914 -0.002200 0.010226
v -0.030844 -0.002200 0.010076
v -0.032135 -0.002200 -0.010347
v -0.032050 -0.002200 -0.010303
v -0.031969 -0.002200 -0.010251
v 0.006558 -0.002200 -0.010855
v 0.006486 -0.002200 -0.010792
v -0.012079 -0.002200 -0.011614
v -0.032072 -0.002200 -0.011614
v -0.032190 -0.002200 -0.011609
v 0.008346 -0.002200 -0.010096
v 0.008350 -0.002200 -0.010001
v -0.031199 -0.002200 0.008066
v -0.031316 -0.002200 0.007949
v -0.031893 -0.002200 0.008507
v -0.031443 -0.002200 0.007843
v -0.031969 -0.002200 0.008449
v -0.031579 -0.002200 0.007748
v -0.032050 -0.002200 0.008397
v -0.031722 -0.002200 0.007665
v -0.032135 -0.002200 0.008353
v -0.031873 -0.002200 0.007595
v -0.032224 -0.002200 0.008316
v -0.032028 -0.002200 0.007538
v -0.032315 -0.002200 0.008287
v -0.032188 -0.002200 0.007495
v -0.032409 -0.002200 0.008267
v -0.032352 -0.002200 0.007466
v -0.032504 -0.002200 0.008254
v -0.032517 -0.002200 0.007452
v -0.032600 -0.002200 0.008250
v -0.032682 -0.002200 0.007452
v -0.032696 -0.002200 0.008254
v -0.032847 -0.002200 0.007466
v -0.032791 -0.002200 0.008267
v -0.033010 -0.002200 0.007495
v -0.032885 -0.002200 0.008287
v -0.033171 -0.002200 0.007538
v -0.032976 -0.002200 0.008316
v -0.033326 -0.002200 0.007594
v -0.033065 -0.002200 0.008353
v -0.033476 -0.002200 0.007664
v -0.033150 -0.002200 0.008397
v -0.033620 -0.002200 0.007747
v -0.033231 -0.002200 0.008449
v -0.033756 -0.002200 0.007842
v -0.033307 -0.002200 0.008507
v -0.033883 -0.002200 0.007948
v -0.033378 -0.002200 0.008572
v -0.033443 -0.002200 0.008643
v -0.032976 -0.002200 -0.010384
v -0.032885 -0.002200 -0.010413
v -0.032948 -0.002200 -0.011295
v -0.032791 -0.002200 -0.010433
v -0.032696 -0.002200 -0.010446
v -0.032600 -0.002200 -0.010450
v -0.032504 -0.002200 -0.010446
v -0.031893 -0.002200 -0.008507
v -0.031316 -0.002200 -0.007949
v -0.031822 -0.002200 -0.008572
v -0.031199 -0.002200 -0.008066
v -0.031757 -0.002200 -0.008643
v -0.031093 -0.002200 -0.008193
v -0.031699 -0.002200 -0.008719
v -0.030998 -0.002200 -0.008329
v -0.031647 -0.002200 -0.008800
v -0.030915 -0.002200 -0.008472
v -0.031603 -0.002200 -0.008885
v -0.030845 -0.002200 -0.008623
v -0.031566 -0.002200 -0.008974
v -0.030788 -0.002200 -0.008778
v -0.031537 -0.002200 -0.009065
v -0.030745 -0.002200 -0.008938
v -0.031517 -0.002200 -0.009159
v -0.030716 -0.002200 -0.009102
v -0.031504 -0.002200 -0.009254
v -0.030702 -0.002200 -0.009267
v -0.031500 -0.002200 -0.009350
v -0.030702 -0.002200 -0.009432
v -0.031504 -0.002200 -0.009446
v -0.030716 -0.002200 -0.009597
v -0.031517 -0.002200 -0.009541
v -0.030745 -0.002200 -0.009760
v -0.031537 -0.002200 -0.009635
v -0.030788 -0.002200 -0.009921
v -0.031566 -0.002200 -0.009726
v -0.030844 -0.002200 -0.010076
v -0.031603 -0.002200 -0.009815
v -0.030914 -0.002200 -0.010226
v -0.031647 -0.002200 -0.009900
v -0.030997 -0.002200 -0.010370
v -0.031699 -0.002200 -0.009981
v -0.031092 -0.002200 -0.010506
v -0.031757 -0.002200 -0.010057
v -0.031198 -0.002200 -0.010633
v -0.031822 -0.002200 -0.010128
v -0.031893 -0.002200 -0.010193
v -0.033756 -0.002200 -0.007842
v -0.033620 -0.002200 -0.007747
v -0.033476 -0.002200 -0.007664
v -0.033326 -0.002200 -0.007594
v -0.033171 -0.002200 -0.007538
v -0.033010 -0.002200 -0.007495
v -0.032847 -0.002200 -0.007466
v -0.032682 -0.002200 -0.007452
v -0.032504 -0.002200 -0.008254
v -0.032517 -0.002200 -0.007452
v -0.032409 -0.002200 -0.008267
v -0.032352 -0.002200 -0.007466
v -0.032315 -0.002200 -0.008287
v -0.032188 -0.002200 -0.007495
v -0.032224 -0.002200 -0.008316
v -0.032028 -0.002200 -0.007538
v -0.032135 -0.002200 -0.008353
v -0.031873 -0.002200 -0.007595
v -0.032050 -0.002200 -0.008397
v -0.031722 -0.002200 -0.007665
v -0.031969 -0.002200 -0.008449
v -0.031579 -0.002200 -0.007748
v -0.031443 -0.002200 -0.007843
v 0.007358 -0.002200 -0.011095
v 0.007452 -0.002200 -0.011081
v 0.007619 -0.002200 -0.011609
v 0.007545 -0.002200 -0.011060
v -0.032409 -0.002200 -0.010433
v -0.032315 -0.002200 -0.010413
v -0.032224 -0.002200 -0.010384
v 0.007887 -0.002200 -0.010897
v 0.008182 -0.002200 -0.011431
v 0.007807 -0.002200 -0.010948
v 0.008076 -0.002200 -0.011486
v 0.007723 -0.002200 -0.010993
v 0.007966 -0.002200 -0.011532
v 0.007635 -0.002200 -0.011030
v 0.007853 -0.002200 -0.011567
v 0.007737 -0.002200 -0.011593
v 0.008154 -0.002200 -0.010627
v 0.008617 -0.002200 -0.011032
v 0.008096 -0.002200 -0.010703
v 0.008545 -0.002200 -0.011127
v 0.008032 -0.002200 -0.010774
v 0.008464 -0.002200 -0.011214
v 0.007962 -0.002200 -0.010838
v 0.008377 -0.002200 -0.011295
v 0.008282 -0.002200 -0.011367
v 0.008859 -0.002200 -0.010369
v 0.008843 -0.002200 -0.010487
v 0.008284 -0.002200 -0.010374
v 0.008817 -0.002200 -0.010603
v 0.008248 -0.002200 -0.010462
v 0.008782 -0.002200 -0.010716
v 0.008205 -0.002200 -0.010547
v 0.008736 -0.002200 -0.010826
v 0.008681 -0.002200 -0.010932
v -0.031500 -0.015100 0.009350
v -0.031504 -0.015100 0.009254
v -0.031517 -0.015100 0.009159
v -0.031537 -0.015100 0.009065
v -0.031566 -0.015100 0.008974
v -0.031603 -0.015100 0.008885
v -0.031647 -0.015100 0.008800
v -0.031699 -0.015100 0.008719
v -0.031757 -0.015100 0.008643
v -0.031822 -0.015100 0.008572
v -0.031893 -0.015100 0.008507
v -0.031969 -0.015100 0.008449
v -0.032050 -0.015100 0.008397
v -0.032135 -0.015100 0.008353
v -0.032224 -0.015100 0.008316
v -0.032315 -0.015100 0.008287
v -0.032409 -0.015100 0.008267
v -0.032504 -0.015100 0.008254
v -0.032600 -0.015100 0.008250
v -0.032696 -0.015100 0.008254
v -0.032791 -0.015100 0.008267
v -0.032885 -0.015100 0.008287
v -0.032976 -0.015100 0.008316
v -0.033065 -0.015100 0.008353
v -0.033150 -0.015100 0.008397
v -0.033231 -0.015100 0.008449
v -0.033307 -0.015100 0.008507
v -0.033378 -0.015100 0.008572
v -0.033443 -0.015100 0.008643
v -0.033501 -0.015100 0.008719
v -0.033553 -0.015100 0.008800
v -0.033597 -0.015100 0.008885
v -0.033634 -0.015100 0.008974
v -0.033663 -0.015100 0.009065
v -0.033683 -0.015100 0.009159
v -0.033696 -0.015100 0.009254
v -0.033700 -0.015100 0.009350
v -0.033696 -0.015100 0.009446
v -0.033683 -0.015100 0.009541
v -0.033663 -0.015100 0.009635
v -0.033634 -0.015100 0.009726
v -0.033597 -0.015100 0.009815
v -0.033553 -0.015100 0.009900
v -0.033501 -0.015100 0.009981
v -0.033443 -0.015100 0.010057
v -0.033378 -0.015100 0.010128
v -0.033307 -0.015100 0.010193
v -0.033231 -0.015100 0.010251
v -0.033150 -0.015100 0.010303
v -0.033065 -0.015100 0.010347
v -0.032976 -0.015100 0.010384
v -0.032885 -0.015100 0.010413
v -0.032791 -0.015100 0.010433
v -0.032696 -0.015100 0.010446
v -0.032600 -0.015100 0.010450
v -0.032504 -0.015100 0.010446
v -0.032409 -0.015100 0.010433
v -0.032315 -0.015100 0.010413
v -0.032224 -0.015100 0.010384
v -0.032135 -0.015100 0.010347
v -0.032050 -0.015100 0.010303
v -0.031969 -0.015100 0.010251
v -0.031893 -0.015100 0.010193
v -0.031822 -0.015100 0.010128
v -0.031757 -0.015100 0.010057
v -0.031699 -0.015100 0.009981
v -0.031647 -0.015100 0.009900
v -0.031603 -0.015100 0.009815
v -0.031566 -0.015100 0.009726
v -0.031537 -0.015100 0.009635
v -0.031517 -0.015100 0.009541
v -0.031504 -0.015100 0.009446
v 0.008000 -0.015100 0.004147
v 0.007546 -0.015100 0.004764
v 0.007546 -0.015100 0.002716
v 0.007841 -0.015100 0.002095
v 0.008085 -0.015100 0.001452
v 0.008277 -0.015100 0.000792
v -0.030551 -0.015100 -0.010792
v -0.030551 -0.015100 -0.010750
v -0.032118 -0.015100 -0.011612
v -0.031315 -0.015100 -0.010750
v -0.033700 -0.015100 -0.009350
v -0.033696 -0.015100 -0.009254
v -0.034636 -0.015100 -0.009585
v -0.034000 -0.015100 0.008065
v -0.034862 -0.015100 0.008868
v -0.034000 -0.015100 -0.008065
v -0.034862 -0.015100 -0.008868
v -0.031504 -0.015100 -0.009446
v -0.031500 -0.015100 -0.009350
v -0.031504 -0.015100 -0.009254
v -0.032976 -0.015100 -0.010384
v -0.033065 -0.015100 -0.010347
v -0.033002 -0.015100 -0.011246
v -0.034819 -0.015100 -0.009191
v -0.034786 -0.015100 -0.009295
v 0.007358 -0.015100 -0.011095
v 0.007263 -0.015100 -0.011100
v 0.007612 -0.015100 -0.011612
v 0.007168 -0.015100 -0.011097
v 0.007073 -0.015100 -0.011086
v -0.034857 -0.015100 -0.008977
v -0.034843 -0.015100 -0.009085
v -0.032217 -0.015100 0.011608
v -0.032315 -0.015100 0.011596
v -0.031315 -0.015100 0.010750
v -0.032411 -0.015100 0.011577
v -0.032506 -0.015100 0.011550
v -0.032599 -0.015100 0.011515
v -0.032689 -0.015100 0.011474
v -0.032775 -0.015100 0.011425
v -0.032856 -0.015100 0.011370
v 0.008346 -0.015100 0.010096
v 0.008350 -0.015100 0.010001
v 0.008862 -0.015100 0.010362
v 0.008000 -0.015100 0.008254
v 0.008414 -0.015100 0.000119
v 0.008497 -0.015100 -0.000563
v 0.008525 -0.015100 -0.001250
v 0.008862 -0.015100 -0.010362
v 0.008497 -0.015100 -0.001937
v 0.008414 -0.015100 -0.002619
v 0.007635 -0.015100 -0.011030
v 0.007545 -0.015100 -0.011060
v 0.007721 -0.015100 -0.011607
v 0.006486 -0.015100 -0.010792
v 0.006558 -0.015100 -0.010855
v 0.006634 -0.015100 -0.010911
v 0.006715 -0.015100 -0.010961
v -0.031517 -0.015100 -0.009541
v -0.031537 -0.015100 -0.009635
v -0.031566 -0.015100 -0.009726
v -0.033307 -0.015100 -0.010193
v -0.034496 -0.015100 -0.009752
v -0.033378 -0.015100 -0.010128
v -0.033443 -0.015100 -0.010057
v -0.034745 -0.015100 -0.009396
v -0.034694 -0.015100 -0.009493
v -0.034745 -0.015100 0.009396
v -0.034786 -0.015100 0.009295
v 0.006800 -0.015100 0.011004
v 0.006889 -0.015100 0.011039
v 0.007612 -0.015100 0.011612
v 0.006980 -0.015100 0.011066
v 0.007888 -0.015100 -0.009104
v 0.008000 -0.015100 -0.008254
v 0.007809 -0.015100 -0.009052
v 0.007725 -0.015100 -0.009008
v 0.008097 -0.015100 -0.009298
v 0.008155 -0.015100 -0.009374
v -0.032600 -0.015100 -0.010450
v -0.032696 -0.015100 -0.010446
v -0.032743 -0.015100 -0.011444
v -0.032835 -0.015100 -0.011386
v -0.032791 -0.015100 -0.010433
v -0.032921 -0.015100 -0.011319
v -0.032885 -0.015100 -0.010413
v -0.033150 -0.015100 -0.010303
v -0.033231 -0.015100 -0.010251
v -0.033501 -0.015100 -0.009981
v -0.033553 -0.015100 -0.009900
v -0.033597 -0.015100 -0.009815
v -0.033634 -0.015100 -0.009726
v -0.033663 -0.015100 -0.009635
v -0.034569 -0.015100 -0.009671
v -0.033683 -0.015100 -0.009541
v -0.033696 -0.015100 -0.009446
v -0.030702 -0.015100 -0.009432
v -0.030702 -0.015100 -0.009267
v -0.030716 -0.015100 -0.009102
v -0.031517 -0.015100 -0.009159
v -0.030551 -0.015100 0.010750
v -0.030551 -0.015100 0.010792
v 0.007963 -0.015100 0.009163
v 0.007888 -0.015100 0.009104
v 0.008000 -0.015100 -0.004195
v 0.008085 -0.015100 -0.003952
v 0.008277 -0.015100 -0.003292
v 0.007546 -0.015100 -0.008123
v 0.007546 -0.015100 -0.008941
v 0.007701 -0.015100 -0.008154
v 0.007637 -0.015100 -0.008970
v 0.007853 -0.015100 -0.008198
v 0.007963 -0.015100 -0.009163
v 0.008033 -0.015100 -0.009228
v 0.008205 -0.015100 -0.009455
v 0.008249 -0.015100 -0.009539
v 0.008285 -0.015100 -0.009627
v 0.008313 -0.015100 -0.009718
v 0.008334 -0.015100 -0.009811
v 0.008346 -0.015100 -0.009906
v 0.008350 -0.015100 -0.010001
v 0.006980 -0.015100 -0.011066
v 0.006889 -0.015100 -0.011039
v 0.006800 -0.015100 -0.011004
v -0.031603 -0.015100 -0.009815
v -0.031647 -0.015100 -0.009900
v -0.031699 -0.015100 -0.009981
v -0.031757 -0.015100 -0.010057
v -0.031822 -0.015100 -0.010128
v -0.031893 -0.015100 -0.010193
v -0.031537 -0.015100 -0.009065
v -0.030745 -0.015100 -0.008938
v -0.031566 -0.015100 -0.008974
v -0.030788 -0.015100 -0.008778
v -0.031603 -0.015100 -0.008885
v -0.030845 -0.015100 -0.008623
v -0.031647 -0.015100 -0.008800
v -0.030915 -0.015100 -0.008472
v -0.031699 -0.015100 -0.008719
v -0.030998 -0.015100 -0.008329
v -0.031757 -0.015100 -0.008643
v -0.031093 -0.015100 -0.008193
v -0.031822 -0.015100 -0.008572
v -0.031198 -0.015100 -0.010633
v -0.031092 -0.015100 -0.010506
v -0.030997 -0.015100 -0.010370
v -0.030788 -0.015100 -0.009921
v -0.030745 -0.015100 -0.009760
v -0.030716 -0.015100 -0.009597
v -0.034819 -0.015100 0.009191
v -0.034843 -0.015100 0.009085
v -0.034857 -0.015100 0.008977
v -0.032118 -0.015100 0.011612
v 0.006486 -0.015100 0.010792
v 0.006558 -0.015100 0.010855
v 0.006634 -0.015100 0.010911
v 0.006715 -0.015100 0.010961
v 0.007073 -0.015100 0.011086
v 0.007168 -0.015100 0.011097
v 0.007263 -0.015100 0.011100
v 0.007452 -0.015100 -0.011081
v -0.031969 -0.015100 -0.010251
v -0.032050 -0.015100 -0.010303
v -0.032135 -0.015100 -0.010347
v -0.032646 -0.015100 -0.011495
v -0.032545 -0.015100 -0.011536
v -0.032504 -0.015100 -0.010446
v -0.030914 -0.015100 -0.010226
v -0.030844 -0.015100 -0.010076
v -0.031198 -0.015100 0.010633
v -0.031092 -0.015100 0.010506
v -0.030997 -0.015100 0.010370
v -0.030914 -0.015100 0.010226
v -0.030844 -0.015100 0.010076
v -0.030788 -0.015100 0.009921
v -0.030745 -0.015100 0.009760
v -0.030716 -0.015100 0.009597
v -0.030702 -0.015100 0.009432
v -0.030702 -0.015100 0.009267
v -0.030716 -0.015100 0.009102
v -0.030745 -0.015100 0.008938
v -0.030788 -0.015100 0.008778
v -0.030845 -0.015100 0.008623
v -0.030915 -0.015100 0.008472
v -0.030998 -0.015100 0.008329
v -0.031093 -0.015100 0.008193
v -0.031199 -0.015100 0.008066
v -0.031316 -0.015100 0.007949
v 0.008154 -0.015100 0.010627
v 0.008205 -0.015100 0.010547
v 0.008745 -0.015100 0.010890
v 0.008346 -0.015100 0.009906
v 0.008334 -0.015100 0.009811
v 0.008313 -0.015100 0.009718
v -0.032441 -0.015100 -0.011569
v -0.032335 -0.015100 -0.011593
v -0.032409 -0.015100 -0.010433
v -0.032227 -0.015100 -0.011607
v -0.032315 -0.015100 -0.010413
v -0.032224 -0.015100 -0.010384
v 0.008786 -0.015100 0.010790
v 0.008248 -0.015100 0.010462
v 0.008819 -0.015100 0.010686
v 0.008155 -0.015100 0.009374
v 0.008097 -0.015100 0.009298
v 0.008033 -0.015100 0.009228
v -0.033634 -0.015100 -0.008974
v -0.033663 -0.015100 -0.009065
v -0.033683 -0.015100 -0.009159
v -0.033597 -0.015100 -0.008885
v -0.033553 -0.015100 -0.008800
v -0.033501 -0.015100 -0.008719
v -0.034694 -0.015100 0.009493
v -0.034636 -0.015100 0.009585
v -0.034569 -0.015100 0.009671
v -0.034496 -0.015100 0.009752
v 0.008694 -0.015100 0.010987
v 0.008636 -0.015100 0.011079
v 0.008096 -0.015100 0.010703
v 0.008569 -0.015100 0.011165
v 0.008032 -0.015100 0.010774
v 0.008496 -0.015100 0.011246
v 0.007962 -0.015100 0.010838
v 0.008843 -0.015100 0.010579
v 0.008284 -0.015100 0.010374
v 0.008857 -0.015100 0.010471
v 0.008313 -0.015100 0.010283
v 0.008333 -0.015100 0.010190
v 0.008285 -0.015100 0.009627
v 0.008249 -0.015100 0.009539
v 0.008205 -0.015100 0.009455
v 0.007809 -0.015100 0.009052
v 0.007725 -0.015100 0.009008
v 0.007853 -0.015100 0.008198
v 0.007637 -0.015100 0.008970
v 0.007701 -0.015100 0.008154
v 0.007546 -0.015100 0.008941
v 0.007546 -0.015100 0.008123
v 0.008346 -0.015100 -0.010096
v 0.008333 -0.015100 -0.010190
v 0.008857 -0.015100 -0.010471
v 0.008313 -0.015100 -0.010283
v 0.008843 -0.015100 -0.010579
v 0.008284 -0.015100 -0.010374
v 0.008819 -0.015100 -0.010686
v 0.008248 -0.015100 -0.010462
v 0.008786 -0.015100 -0.010790
v 0.008205 -0.015100 -0.010547
v 0.007887 -0.015100 -0.010897
v 0.008329 -0.015100 -0.011386
v 0.007962 -0.015100 -0.010838
v 0.008415 -0.015100 -0.011319
v 0.008032 -0.015100 -0.010774
v 0.008496 -0.015100 -0.011246
v 0.008096 -0.015100 -0.010703
v 0.007829 -0.015100 -0.011593
v 0.007936 -0.015100 -0.011569
v 0.007723 -0.015100 -0.010993
v 0.008040 -0.015100 -0.011536
v 0.007807 -0.015100 -0.010948
v 0.008140 -0.015100 -0.011495
v 0.008237 -0.015100 -0.011444
v -0.033756 -0.015100 0.007842
v -0.033620 -0.015100 0.007747
v -0.033476 -0.015100 0.007664
v -0.033326 -0.015100 0.007594
v -0.033171 -0.015100 0.007538
v -0.032682 -0.015100 0.007452
v -0.032517 -0.015100 0.007452
v -0.032352 -0.015100 0.007466
v -0.032188 -0.015100 0.007495
v -0.032028 -0.015100 0.007538
v -0.031873 -0.015100 0.007595
v -0.031722 -0.015100 0.007665
v -0.031579 -0.015100 0.007748
v -0.031443 -0.015100 0.007843
v 0.007358 -0.015100 0.011095
v 0.007452 -0.015100 0.011081
v 0.007721 -0.015100 0.011607
v 0.007545 -0.015100 0.011060
v 0.007829 -0.015100 0.011593
v 0.007635 -0.015100 0.011030
v 0.007936 -0.015100 0.011569
v 0.007723 -0.015100 0.010993
v -0.033002 -0.015100 0.011246
v -0.033883 -0.015100 0.007948
v -0.033010 -0.015100 0.007495
v -0.032847 -0.015100 0.007466
v 0.008415 -0.015100 0.011319
v 0.008329 -0.015100 0.011386
v 0.007887 -0.015100 0.010897
v 0.008237 -0.015100 0.011444
v 0.007807 -0.015100 0.010948
v 0.008140 -0.015100 0.011495
v 0.008040 -0.015100 0.011536
v 0.008569 -0.015100 -0.011165
v 0.008636 -0.015100 -0.011079
v 0.008154 -0.015100 -0.010627
v 0.008694 -0.015100 -0.010987
v 0.008745 -0.015100 -0.010890
v -0.031199 -0.015100 -0.008066
v -0.031316 -0.015100 -0.007949
v -0.031893 -0.015100 -0.008507
v -0.031443 -0.015100 -0.007843
v -0.031969 -0.015100 -0.008449
v -0.031579 -0.015100 -0.007748
v -0.032050 -0.015100 -0.008397
v -0.031722 -0.015100 -0.007665
v -0.032135 -0.015100 -0.008353
v -0.031873 -0.015100 -0.007595
v -0.032224 -0.015100 -0.008316
v -0.032028 -0.015100 -0.007538
v -0.032315 -0.015100 -0.008287
v -0.032188 -0.015100 -0.007495
v -0.032409 -0.015100 -0.008267
v -0.032352 -0.015100 -0.007466
v -0.032504 -0.015100 -0.008254
v -0.032517 -0.015100 -0.007452
v -0.032600 -0.015100 -0.008250
v -0.032682 -0.015100 -0.007452
v -0.032696 -0.015100 -0.008254
v -0.032847 -0.015100 -0.007466
v -0.032791 -0.015100 -0.008267
v -0.033010 -0.015100 -0.007495
v -0.032885 -0.015100 -0.008287
v -0.033171 -0.015100 -0.007538
v -0.032976 -0.015100 -0.008316
v -0.033326 -0.015100 -0.007594
v -0.033065 -0.015100 -0.008353
v -0.033476 -0.015100 -0.007664
v -0.033150 -0.015100 -0.008397
v -0.033620 -0.015100 -0.007747
v -0.033231 -0.015100 -0.008449
v -0.033756 -0.015100 -0.007842
v -0.033307 -0.015100 -0.008507
v -0.033883 -0.015100 -0.007948
v -0.033378 -0.015100 -0.008572
v -0.033443 -0.015100 -0.008643
v -0.032934 -0.015100 0.011309
v -0.031800 -0.009800 -0.000500
v -0.031800 -0.007600 -0.000500
v -0.031800 -0.009800 0.000000
v -0.031800 -0.007600 0.000000
v -0.034000 -0.009800 -0.000500
v -0.034000 -0.007600 -0.000500
v -0.033704 -0.013300 -0.005900
v -0.034000 -0.013300 -0.005900
v -0.033704 -0.007600 -0.005900
v -0.034000 -0.007600 -0.005900
v -0.032400 -0.007600 -0.007204
v -0.032400 -0.013300 -0.007204
v -0.032544 -0.013300 -0.007163
v -0.032544 -0.007600 -0.007163
v -0.032684 -0.013300 -0.007111
v -0.032684 -0.007600 -0.007111
v -0.032818 -0.013300 -0.007047
v -0.032818 -0.007600 -0.007047
v -0.032947 -0.013300 -0.006971
v -0.032947 -0.007600 -0.006971
v -0.033069 -0.013300 -0.006885
v -0.033069 -0.007600 -0.006885
v -0.033184 -0.013300 -0.006789
v -0.033184 -0.007600 -0.006789
v -0.033289 -0.013300 -0.006684
v -0.033289 -0.007600 -0.006684
v -0.033385 -0.013300 -0.006569
v -0.033385 -0.007600 -0.006569
v -0.033471 -0.013300 -0.006447
v -0.033471 -0.007600 -0.006447
v -0.033547 -0.013300 -0.006318
v -0.033547 -0.007600 -0.006318
v -0.033611 -0.013300 -0.006184
v -0.033611 -0.007600 -0.006184
v -0.033663 -0.013300 -0.006044
v -0.033663 -0.007600 -0.006044
v -0.032400 -0.013300 -0.007461
v -0.032400 -0.007600 -0.007461
v -0.034000 -0.007600 -0.008065
v -0.033883 -0.007600 -0.007948
v -0.033756 -0.007600 -0.007842
v -0.033620 -0.007600 -0.007747
v -0.033010 -0.007600 -0.007495
v -0.032847 -0.007600 -0.007466
v -0.033476 -0.007600 -0.007664
v -0.033326 -0.007600 -0.007594
v -0.033171 -0.007600 -0.007538
v -0.032517 -0.007600 -0.007452
v -0.032682 -0.007600 -0.007452
v -0.034000 -0.007600 0.008065
v -0.033883 -0.007600 0.007948
v -0.033756 -0.007600 0.007842
v -0.033620 -0.007600 0.007747
v -0.033476 -0.007600 0.007664
v -0.033326 -0.007600 0.007594
v -0.033171 -0.007600 0.007538
v -0.033010 -0.007600 0.007495
v -0.032847 -0.007600 0.007466
v -0.032682 -0.007600 0.007452
v -0.032517 -0.007600 0.007452
v -0.032352 -0.007600 0.007466
v -0.032188 -0.007600 0.007495
v -0.032028 -0.007600 0.007538
v -0.031873 -0.007600 0.007595
v -0.031722 -0.007600 0.007665
v -0.031579 -0.007600 0.007748
v -0.031443 -0.007600 0.007843
v -0.031316 -0.007600 0.007949
v -0.031199 -0.007600 0.008066
v -0.031093 -0.007600 0.008193
v -0.030998 -0.007600 0.008329
v -0.030915 -0.007600 0.008472
v -0.030845 -0.007600 0.008623
v -0.030788 -0.007600 0.008778
v -0.030745 -0.007600 0.008938
v -0.030716 -0.007600 0.009102
v -0.030702 -0.007600 0.009267
v -0.030702 -0.007600 0.009432
v -0.030716 -0.007600 0.009597
v -0.030745 -0.007600 0.009760
v -0.030788 -0.007600 0.009921
v -0.030844 -0.007600 0.010076
v -0.030914 -0.007600 0.010226
v -0.030997 -0.007600 0.010370
v -0.031092 -0.007600 0.010506
v -0.031198 -0.007600 0.010633
v -0.031315 -0.007600 0.010750
v -0.030551 -0.007600 0.010750
v -0.031315 -0.006100 0.010750
v -0.030551 -0.006100 0.010750
v -0.034000 -0.006100 0.008065
v -0.033883 -0.006100 0.007948
v -0.033756 -0.006100 0.007842
v -0.033620 -0.006100 0.007747
v -0.033476 -0.006100 0.007664
v -0.033326 -0.006100 0.007594
v -0.033171 -0.006100 0.007538
v -0.033010 -0.006100 0.007495
v -0.032847 -0.006100 0.007466
v -0.032682 -0.006100 0.007452
v -0.032517 -0.006100 0.007452
v -0.032352 -0.006100 0.007466
v -0.032188 -0.006100 0.007495
v -0.032028 -0.006100 0.007538
v -0.031873 -0.006100 0.007595
v -0.031722 -0.006100 0.007665
v -0.031579 -0.006100 0.007748
v -0.031443 -0.006100 0.007843
v -0.031316 -0.006100 0.007949
v -0.031199 -0.006100 0.008066
v -0.031093 -0.006100 0.008193
v -0.030998 -0.006100 0.008329
v -0.030915 -0.006100 0.008472
v -0.030845 -0.006100 0.008623
v -0.030788 -0.006100 0.008778
v -0.030745 -0.006100 0.008938
v -0.030716 -0.006100 0.009102
v -0.030702 -0.006100 0.009267
v -0.030702 -0.006100 0.009432
v -0.030716 -0.006100 0.009597
v -0.030745 -0.006100 0.009760
v -0.030788 -0.006100 0.009921
v -0.030844 -0.006100 0.010076
v -0.030914 -0.006100 0.010226
v -0.030997 -0.006100 0.010370
v -0.031092 -0.006100 0.010506
v -0.031198 -0.006100 0.010633
v -0.034000 -0.006100 0.003250
v -0.030551 -0.006100 0.003681
v -0.031730 -0.006100 0.000500
v -0.034586 -0.006100 0.000500
v -0.031700 -0.006100 0.000785
v -0.034533 -0.006100 0.001105
v -0.031613 -0.006100 0.001302
v -0.034413 -0.006100 0.001833
v -0.031482 -0.006100 0.001811
v -0.034235 -0.006100 0.002550
v -0.031309 -0.006100 0.002306
v -0.031095 -0.006100 0.002785
v -0.030842 -0.006100 0.003245
v -0.034586 -0.005800 -0.000500
v -0.034586 -0.006100 -0.000500
v -0.034533 -0.006100 -0.001105
v -0.034586 -0.005800 0.000500
v -0.034593 -0.005800 0.000369
v -0.034593 -0.005800 -0.000369
v -0.034000 -0.006100 -0.003250
v -0.034235 -0.006100 -0.002550
v -0.034413 -0.006100 -0.001833
v -0.031730 -0.005800 -0.000500
v -0.031744 -0.005800 -0.000262
v -0.031744 -0.005800 0.000262
v -0.031730 -0.005800 0.000500
v -0.031700 -0.003000 0.000785
v -0.031744 -0.003000 0.000262
v -0.031744 -0.003000 -0.000262
v -0.031700 -0.006100 -0.000785
v -0.031730 -0.006100 -0.000500
v -0.031613 -0.003000 0.001302
v -0.031482 -0.003000 0.001811
v -0.031309 -0.003000 0.002306
v -0.031095 -0.003000 0.002785
v -0.030842 -0.003000 0.003245
v -0.030551 -0.003000 0.003681
v -0.031700 -0.003000 -0.000785
v -0.031613 -0.003000 -0.001302
v -0.031613 -0.006100 -0.001302
v -0.031482 -0.003000 -0.001811
v -0.031482 -0.006100 -0.001811
v -0.031309 -0.003000 -0.002306
v -0.031309 -0.006100 -0.002306
v -0.031095 -0.003000 -0.002785
v -0.031095 -0.006100 -0.002785
v -0.030842 -0.003000 -0.003245
v -0.030842 -0.006100 -0.003245
v -0.030551 -0.003000 -0.003681
v -0.030551 -0.006100 -0.003681
v -0.030997 -0.006100 -0.010370
v -0.030914 -0.006100 -0.010226
v -0.030551 -0.006100 -0.010750
v -0.030844 -0.006100 -0.010076
v -0.030788 -0.006100 -0.009921
v -0.030745 -0.006100 -0.009760
v -0.030716 -0.006100 -0.009597
v -0.031315 -0.006100 -0.010750
v -0.031198 -0.006100 -0.010633
v -0.031092 -0.006100 -0.010506
v -0.030702 -0.006100 -0.009432
v -0.030702 -0.006100 -0.009267
v -0.030716 -0.006100 -0.009102
v -0.030745 -0.006100 -0.008938
v -0.030788 -0.006100 -0.008778
v -0.030845 -0.006100 -0.008623
v -0.030915 -0.006100 -0.008472
v -0.030998 -0.006100 -0.008329
v -0.031093 -0.006100 -0.008193
v -0.031199 -0.006100 -0.008066
v -0.031316 -0.006100 -0.007949
v -0.031443 -0.006100 -0.007843
v -0.031579 -0.006100 -0.007748
v -0.032847 -0.006100 -0.007466
v -0.033010 -0.006100 -0.007495
v -0.033171 -0.006100 -0.007538
v -0.033326 -0.006100 -0.007594
v -0.033476 -0.006100 -0.007664
v -0.033620 -0.006100 -0.007747
v -0.033756 -0.006100 -0.007842
v -0.033883 -0.006100 -0.007948
v -0.034000 -0.006100 -0.008065
v -0.031722 -0.006100 -0.007665
v -0.031873 -0.006100 -0.007595
v -0.032028 -0.006100 -0.007538
v -0.032188 -0.006100 -0.007495
v -0.032352 -0.006100 -0.007466
v -0.032517 -0.006100 -0.007452
v -0.032682 -0.006100 -0.007452
v 0.007546 -0.006300 0.008123
v 0.007701 -0.006300 0.008154
v 0.007853 -0.006300 0.008198
v 0.008000 -0.006300 0.008254
v 0.008000 -0.006300 0.004147
v 0.007546 -0.006300 0.004764
v 0.007546 -0.007600 0.008123
v 0.007701 -0.007600 0.008154
v 0.007853 -0.007600 0.008198
v 0.008000 -0.007600 0.008254
v 0.008000 -0.007600 0.004147
v 0.007546 -0.007600 0.004764
v 0.007546 -0.006300 -0.008123
v 0.007546 -0.006300 -0.007264
v 0.007701 -0.006300 -0.008154
v 0.008000 -0.006300 -0.006647
v 0.007853 -0.006300 -0.008198
v 0.008000 -0.006300 -0.008254
v -0.030551 -0.007600 -0.003765
v -0.030551 -0.010600 -0.003765
v -0.030836 -0.010600 -0.003349
v -0.031780 -0.010600 -0.000504
v -0.031800 -0.010600 0.000000
v -0.030836 -0.007600 -0.003349
v -0.031087 -0.010600 -0.002912
v -0.031087 -0.007600 -0.002912
v -0.031302 -0.010600 -0.002456
v -0.031302 -0.007600 -0.002456
v -0.031480 -0.010600 -0.001984
v -0.031480 -0.007600 -0.001984
v -0.031619 -0.010600 -0.001499
v -0.031619 -0.007600 -0.001499
v -0.031719 -0.010600 -0.001005
v -0.031719 -0.007600 -0.001005
v -0.031780 -0.007600 -0.000504
v -0.031020 -0.007600 0.000000
v -0.031020 -0.010600 0.000000
v -0.031001 -0.007600 -0.000458
v -0.031001 -0.010600 -0.000458
v -0.030944 -0.007600 -0.000913
v -0.030944 -0.010600 -0.000913
v -0.030850 -0.007600 -0.001361
v -0.030850 -0.010600 -0.001361
v -0.030718 -0.007600 -0.001800
v -0.030718 -0.010600 -0.001800
v -0.030551 -0.007600 -0.002227
v -0.030551 -0.010600 -0.002227
v -0.031020 -0.010600 0.006600
v -0.031020 -0.007600 0.006600
v -0.030551 -0.007600 0.006600
v -0.030551 -0.010600 0.006600
v -0.030551 -0.010600 0.007300
v -0.031800 -0.010600 0.007300
v -0.031800 -0.007600 0.007300
v -0.030551 -0.007600 0.007300
v -0.031800 -0.009800 0.000500
v -0.031800 -0.007600 0.000500
v -0.034000 -0.009800 0.000500
v -0.034000 -0.007600 0.000500
v -0.034000 -0.013300 -0.005100
v -0.034000 -0.007600 -0.005100
v -0.033704 -0.007600 -0.005100
v -0.033704 -0.013300 -0.005100
v -0.031600 -0.013300 -0.007734
v -0.031600 -0.007600 -0.007734
v -0.031600 -0.013300 -0.007204
v -0.031600 -0.007600 -0.007204
v -0.033663 -0.007600 -0.004956
v -0.033610 -0.007600 -0.004815
v -0.031500 -0.007600 -0.003823
v -0.031359 -0.007600 -0.003872
v -0.033546 -0.007600 -0.004680
v -0.033470 -0.007600 -0.004550
v -0.033383 -0.007600 -0.004428
v -0.030848 -0.007600 -0.004182
v -0.030740 -0.007600 -0.004286
v -0.030640 -0.007600 -0.004398
v -0.030551 -0.007600 -0.004519
v -0.033286 -0.007600 -0.004313
v -0.033180 -0.007600 -0.004207
v -0.033065 -0.007600 -0.004111
v -0.031221 -0.007600 -0.003933
v -0.031090 -0.007600 -0.004005
v -0.030965 -0.007600 -0.004089
v -0.032094 -0.007600 -0.003753
v -0.031944 -0.007600 -0.003751
v -0.032942 -0.007600 -0.004025
v -0.032812 -0.007600 -0.003950
v -0.032676 -0.007600 -0.003886
v -0.032535 -0.007600 -0.003834
v -0.032391 -0.007600 -0.003794
v -0.032243 -0.007600 -0.003767
v -0.031646 -0.007600 -0.003786
v -0.031794 -0.007600 -0.003762
v -0.031443 -0.007600 -0.007843
v -0.031316 -0.007600 -0.007949
v -0.030551 -0.007600 -0.006481
v -0.031199 -0.007600 -0.008066
v -0.030716 -0.007600 -0.009597
v -0.030745 -0.007600 -0.009760
v -0.030551 -0.007600 -0.010750
v -0.031460 -0.007600 -0.007165
v -0.031093 -0.007600 -0.008193
v -0.030998 -0.007600 -0.008329
v -0.030915 -0.007600 -0.008472
v -0.030914 -0.007600 -0.010226
v -0.030997 -0.007600 -0.010370
v -0.030845 -0.007600 -0.008623
v -0.030788 -0.007600 -0.008778
v -0.030745 -0.007600 -0.008938
v -0.030716 -0.007600 -0.009102
v -0.030702 -0.007600 -0.009267
v -0.030702 -0.007600 -0.009432
v -0.030788 -0.007600 -0.009921
v -0.030844 -0.007600 -0.010076
v -0.031579 -0.007600 -0.007748
v -0.031325 -0.007600 -0.007114
v -0.031193 -0.007600 -0.007053
v -0.031092 -0.007600 -0.010506
v -0.031198 -0.007600 -0.010633
v -0.031315 -0.007600 -0.010750
v -0.030637 -0.007600 -0.006598
v -0.030732 -0.007600 -0.006706
v -0.030836 -0.007600 -0.006807
v -0.030949 -0.007600 -0.006899
v -0.031068 -0.007600 -0.006981
v -0.033663 -0.013300 -0.004956
v -0.033610 -0.013300 -0.004815
v -0.033546 -0.013300 -0.004680
v -0.033470 -0.013300 -0.004550
v -0.033383 -0.013300 -0.004428
v -0.033286 -0.013300 -0.004313
v -0.033180 -0.013300 -0.004207
v -0.033065 -0.013300 -0.004111
v -0.032942 -0.013300 -0.004025
v -0.032812 -0.013300 -0.003950
v -0.032676 -0.013300 -0.003886
v -0.032535 -0.013300 -0.003834
v -0.032391 -0.013300 -0.003794
v -0.032243 -0.013300 -0.003767
v -0.032094 -0.013300 -0.003753
v -0.031944 -0.013300 -0.003751
v -0.031794 -0.013300 -0.003762
v -0.031646 -0.013300 -0.003786
v -0.031500 -0.013300 -0.003823
v -0.031359 -0.013300 -0.003872
v -0.031221 -0.013300 -0.003933
v -0.031090 -0.013300 -0.004005
v -0.030965 -0.013300 -0.004089
v -0.030848 -0.013300 -0.004182
v -0.030740 -0.013300 -0.004286
v -0.030640 -0.013300 -0.004398
v -0.030551 -0.013300 -0.004519
v -0.030551 -0.013300 -0.006481
v -0.030637 -0.013300 -0.006598
v -0.030732 -0.013300 -0.006706
v -0.030836 -0.013300 -0.006807
v -0.030949 -0.013300 -0.006899
v -0.031068 -0.013300 -0.006981
v -0.031193 -0.013300 -0.007053
v -0.031325 -0.013300 -0.007114
v -0.031460 -0.013300 -0.007165
v -0.032788 -0.007600 -0.005361
v -0.032797 -0.007600 -0.005430
v -0.032000 -0.007600 -0.005500
v -0.032800 -0.007600 -0.005500
v -0.032797 -0.007600 -0.005570
v -0.032725 -0.007600 -0.005162
v -0.032752 -0.007600 -0.005226
v -0.032773 -0.007600 -0.005293
v -0.032613 -0.007600 -0.004986
v -0.032655 -0.007600 -0.005041
v -0.032693 -0.007600 -0.005100
v -0.032459 -0.007600 -0.004845
v -0.032514 -0.007600 -0.004887
v -0.032566 -0.007600 -0.004934
v -0.032274 -0.007600 -0.004748
v -0.032338 -0.007600 -0.004775
v -0.032400 -0.007600 -0.004807
v -0.032070 -0.007600 -0.004703
v -0.032139 -0.007600 -0.004712
v -0.032207 -0.007600 -0.004727
v -0.031861 -0.007600 -0.004712
v -0.031930 -0.007600 -0.004703
v -0.032000 -0.007600 -0.004700
v -0.031662 -0.007600 -0.004775
v -0.031726 -0.007600 -0.004748
v -0.031793 -0.007600 -0.004727
v -0.031486 -0.007600 -0.004887
v -0.031541 -0.007600 -0.004845
v -0.031600 -0.007600 -0.004807
v -0.031345 -0.007600 -0.005041
v -0.031387 -0.007600 -0.004986
v -0.031434 -0.007600 -0.004934
v -0.031248 -0.007600 -0.005226
v -0.031275 -0.007600 -0.005162
v -0.031307 -0.007600 -0.005100
v -0.031203 -0.007600 -0.005430
v -0.031212 -0.007600 -0.005361
v -0.031227 -0.007600 -0.005293
v -0.031212 -0.007600 -0.005639
v -0.031203 -0.007600 -0.005570
v -0.031200 -0.007600 -0.005500
v -0.031275 -0.007600 -0.005838
v -0.031248 -0.007600 -0.005774
v -0.031227 -0.007600 -0.005707
v -0.031387 -0.007600 -0.006014
v -0.031345 -0.007600 -0.005959
v -0.031307 -0.007600 -0.005900
v -0.031541 -0.007600 -0.006155
v -0.031486 -0.007600 -0.006113
v -0.031434 -0.007600 -0.006066
v -0.031726 -0.007600 -0.006252
v -0.031662 -0.007600 -0.006225
v -0.031600 -0.007600 -0.006193
v -0.031930 -0.007600 -0.006297
v -0.031861 -0.007600 -0.006288
v -0.031793 -0.007600 -0.006273
v -0.032139 -0.007600 -0.006288
v -0.032070 -0.007600 -0.006297
v -0.032000 -0.007600 -0.006300
v -0.032338 -0.007600 -0.006225
v -0.032274 -0.007600 -0.006252
v -0.032207 -0.007600 -0.006273
v -0.032514 -0.007600 -0.006113
v -0.032459 -0.007600 -0.006155
v -0.032400 -0.007600 -0.006193
v -0.032655 -0.007600 -0.005959
v -0.032613 -0.007600 -0.006014
v -0.032566 -0.007600 -0.006066
v -0.032752 -0.007600 -0.005774
v -0.032725 -0.007600 -0.005838
v -0.032693 -0.007600 -0.005900
v -0.032788 -0.007600 -0.005639
v -0.032773 -0.007600 -0.005707
v -0.032800 -0.013300 -0.005500
v -0.032797 -0.013300 -0.005570
v -0.032788 -0.013300 -0.005639
v -0.032773 -0.013300 -0.005707
v -0.032752 -0.013300 -0.005774
v -0.032725 -0.013300 -0.005838
v -0.032693 -0.013300 -0.005900
v -0.032655 -0.013300 -0.005959
v -0.032613 -0.013300 -0.006014
v -0.032566 -0.013300 -0.006066
v -0.032514 -0.013300 -0.006113
v -0.032459 -0.013300 -0.006155
v -0.032400 -0.013300 -0.006193
v -0.032338 -0.013300 -0.006225
v -0.032274 -0.013300 -0.006252
v -0.032207 -0.013300 -0.006273
v -0.032139 -0.013300 -0.006288
v -0.032070 -0.013300 -0.006297
v -0.032000 -0.013300 -0.006300
v -0.031930 -0.013300 -0.006297
v -0.031861 -0.013300 -0.006288
v -0.031793 -0.013300 -0.006273
v -0.031726 -0.013300 -0.006252
v -0.031662 -0.013300 -0.006225
v -0.031600 -0.013300 -0.006193
v -0.031541 -0.013300 -0.006155
v -0.031486 -0.013300 -0.006113
v -0.031434 -0.013300 -0.006066
v -0.031387 -0.013300 -0.006014
v -0.031345 -0.013300 -0.005959
v -0.031307 -0.013300 -0.005900
v -0.031275 -0.013300 -0.005838
v -0.031248 -0.013300 -0.005774
v -0.031227 -0.013300 -0.005707
v -0.031212 -0.013300 -0.005639
v -0.031203 -0.013300 -0.005570
v -0.031200 -0.013300 -0.005500
v -0.031203 -0.013300 -0.005430
v -0.031212 -0.013300 -0.005361
v -0.031227 -0.013300 -0.005293
v -0.031248 -0.013300 -0.005226
v -0.031275 -0.013300 -0.005162
v -0.031307 -0.013300 -0.005100
v -0.031345 -0.013300 -0.005041
v -0.031387 -0.013300 -0.004986
v -0.031434 -0.013300 -0.004934
v -0.031486 -0.013300 -0.004887
v -0.031541 -0.013300 -0.004845
v -0.031600 -0.013300 -0.004807
v -0.031662 -0.013300 -0.004775
v -0.031726 -0.013300 -0.004748
v -0.031793 -0.013300 -0.004727
v -0.031861 -0.013300 -0.004712
v -0.031930 -0.013300 -0.004703
v -0.032000 -0.013300 -0.004700
v -0.032070 -0.013300 -0.004703
v -0.032139 -0.013300 -0.004712
v -0.032207 -0.013300 -0.004727
v -0.032274 -0.013300 -0.004748
v -0.032338 -0.013300 -0.004775
v -0.032400 -0.013300 -0.004807
v -0.032459 -0.013300 -0.004845
v -0.032514 -0.013300 -0.004887
v -0.032566 -0.013300 -0.004934
v -0.032613 -0.013300 -0.004986
v -0.032655 -0.013300 -0.005041
v -0.032693 -0.013300 -0.005100
v -0.032725 -0.013300 -0.005162
v -0.032752 -0.013300 -0.005226
v -0.032773 -0.013300 -0.005293
v -0.032788 -0.013300 -0.005361
v -0.032797 -0.013300 -0.005430
v -0.032188 -0.013300 -0.007495
v -0.032028 -0.013300 -0.007538
v -0.031873 -0.013300 -0.007595
v -0.031722 -0.013300 -0.007665
v -0.032352 -0.013300 -0.007466
v 0.008000 -0.007600 -0.008254
v 0.007853 -0.007600 -0.008198
v 0.007701 -0.007600 -0.008154
v 0.007546 -0.007600 -0.008123
v 0.007546 -0.007600 -0.005216
v 0.007841 -0.007600 -0.004595
v 0.008000 -0.007600 -0.004195
# 1734 vertices, 0 vertices normals

f 1 2 3
f 2 4 3
f 5 6 7
f 5 7 8
f 7 9 8
f 8 9 10
f 9 11 10
f 10 11 12
f 11 13 12
f 12 13 14
f 13 15 14
f 14 15 16
f 15 17 16
f 16 17 18
f 17 19 18
f 18 19 20
f 19 21 20
f 20 21 22
f 21 4 22
f 22 4 2
f 23 24 25
f 26 27 28
f 29 30 31
f 23 32 24
f 32 33 24
f 24 33 31
f 33 34 31
f 31 34 29
f 35 36 27
f 36 37 27
f 27 37 28
f 29 38 30
f 38 39 30
f 30 39 35
f 39 40 35
f 35 40 36
f 28 41 26
f 41 42 26
f 26 42 43
f 42 44 43
f 43 44 45
f 44 46 45
f 45 46 47
f 46 48 47
f 47 48 49
f 48 50 49
f 49 50 51
f 50 52 51
f 51 52 53
f 52 54 53
f 53 54 55
f 54 56 55
f 55 56 57
f 56 58 57
f 57 58 59
f 58 60 59
f 59 60 61
f 60 62 61
f 61 62 63
f 62 64 63
f 63 64 65
f 64 66 65
f 65 66 67
f 68 69 25
f 69 70 25
f 25 70 23
f 67 66 71
f 66 72 71
f 71 72 73
f 72 74 73
f 73 74 75
f 74 76 75
f 75 76 77
f 76 78 77
f 77 78 79
f 78 5 79
f 79 5 80
f 5 8 80
f 80 8 81
f 8 10 81
f 81 10 82
f 10 12 82
f 82 12 83
f 12 14 83
f 83 14 84
f 14 16 84
f 84 16 85
f 16 18 85
f 85 18 86
f 18 20 86
f 86 20 87
f 20 22 87
f 87 22 88
f 22 2 88
f 88 2 89
f 2 1 89
f 89 1 90
f 1 91 90
f 90 91 92
f 91 93 92
f 92 93 94
f 93 95 94
f 94 95 96
f 95 97 96
f 96 97 98
f 97 99 98
f 98 99 100
f 99 101 100
f 100 101 102
f 101 103 102
f 102 103 104
f 103 105 104
f 104 105 106
f 105 107 106
f 106 107 108
f 107 109 108
f 108 109 110
f 109 111 110
f 110 111 112
f 111 113 112
f 112 113 114
f 113 115 114
f 114 115 116
f 115 117 116
f 116 117 118
f 117 119 118
f 118 119 120
f 119 121 120
f 120 121 122
f 121 123 122
f 122 123 124
f 123 125 124
f 124 125 126
f 125 127 126
f 126 127 128
f 127 129 128
f 128 129 130
f 129 131 130
f 130 131 132
f 131 133 132
f 132 133 134
f 133 135 134
f 134 135 136
f 135 137 136
f 136 137 138
f 139 140 141
f 137 142 138
f 142 143 138
f 138 143 144
f 145 146 147
f 146 148 147
f 147 148 149
f 148 150 149
f 149 150 151
f 150 152 151
f 151 152 153
f 152 154 153
f 153 154 155
f 154 156 155
f 155 156 157
f 156 158 157
f 157 158 159
f 158 160 159
f 159 160 161
f 160 162 161
f 161 162 163
f 162 164 163
f 163 164 165
f 164 166 165
f 165 166 167
f 166 168 167
f 167 168 68
f 168 169 68
f 68 169 69
f 170 171 145
f 171 172 145
f 145 172 146
f 173 174 170
f 174 175 170
f 170 175 171
f 139 176 140
f 176 177 140
f 140 177 173
f 177 178 173
f 173 178 174
f 179 180 141
f 180 181 141
f 141 181 139
f 143 182 144
f 182 183 144
f 144 183 179
f 183 184 179
f 179 184 180
f 160 185 186
f 160 186 162
f 186 187 162
f 162 187 164
f 187 188 164
f 164 188 166
f 188 189 166
f 166 189 168
f 189 190 168
f 168 190 169
f 190 191 169
f 169 191 69
f 191 192 69
f 69 192 70
f 70 192 23
f 192 193 23
f 23 193 32
f 193 194 32
f 32 194 33
f 194 195 33
f 33 195 34
f 195 196 34
f 34 196 29
f 196 197 29
f 29 197 38
f 197 198 38
f 38 198 39
f 198 199 39
f 39 199 40
f 199 200 40
f 40 200 36
f 200 201 36
f 36 201 37
f 201 202 37
f 37 202 28
f 202 203 28
f 28 203 41
f 203 204 41
f 41 204 42
f 204 205 42
f 42 205 44
f 205 206 44
f 206 207 44
f 44 207 46
f 207 208 46
f 46 208 48
f 208 209 48
f 48 209 50
f 209 210 50
f 50 210 52
f 210 211 52
f 52 211 54
f 56 54 212
f 54 211 212
f 56 212 213
f 56 213 58
f 213 214 58
f 58 214 60
f 214 215 60
f 60 215 62
f 215 216 62
f 62 216 64
f 216 217 64
f 64 217 66
f 217 218 66
f 66 218 72
f 218 219 72
f 72 219 74
f 219 220 74
f 74 220 76
f 220 221 76
f 76 221 78
f 5 78 6
f 78 221 6
f 222 223 224
f 225 226 193
f 206 205 227
f 205 228 227
f 229 212 230
f 212 211 230
f 230 211 231
f 211 232 231
f 233 234 235
f 236 237 235
f 237 238 235
f 235 238 233
f 199 239 240
f 233 241 234
f 241 242 234
f 234 242 243
f 244 245 236
f 245 246 236
f 236 246 237
f 247 248 244
f 248 249 244
f 244 249 245
f 193 192 225
f 192 191 225
f 225 191 250
f 191 190 250
f 250 190 251
f 190 189 251
f 251 189 252
f 189 188 252
f 252 188 253
f 188 187 253
f 253 187 254
f 187 186 254
f 254 186 255
f 186 185 255
f 255 185 256
f 185 257 256
f 256 257 258
f 257 259 258
f 258 259 260
f 259 261 260
f 260 261 262
f 261 263 262
f 262 263 264
f 263 265 264
f 264 265 247
f 265 266 247
f 247 266 248
f 267 195 226
f 195 194 226
f 226 194 193
f 199 198 239
f 198 197 239
f 239 197 267
f 197 196 267
f 267 196 195
f 268 201 240
f 201 200 240
f 240 200 199
f 205 204 228
f 204 203 228
f 228 203 268
f 203 202 268
f 268 202 201
f 206 227 207
f 227 269 207
f 207 269 208
f 269 270 208
f 208 270 209
f 270 271 209
f 209 271 210
f 271 272 210
f 210 272 211
f 272 273 211
f 211 273 232
f 242 274 243
f 274 275 243
f 243 275 276
f 275 277 276
f 277 278 276
f 276 278 279
f 280 281 282
f 281 283 282
f 282 283 284
f 278 285 279
f 285 286 279
f 279 286 287
f 286 288 287
f 287 288 289
f 288 290 289
f 289 290 291
f 290 292 291
f 291 292 293
f 292 294 293
f 293 294 295
f 294 296 295
f 295 296 297
f 296 281 297
f 297 281 298
f 281 280 298
f 229 222 212
f 222 224 212
f 212 224 213
f 224 299 213
f 213 299 214
f 299 300 214
f 214 300 215
f 300 301 215
f 215 301 216
f 301 302 216
f 216 302 217
f 302 303 217
f 217 303 218
f 303 304 218
f 218 304 219
f 304 305 219
f 219 305 220
f 305 306 220
f 220 306 221
f 306 307 221
f 221 307 6
f 307 308 6
f 6 308 7
f 308 309 7
f 7 309 9
f 309 310 9
f 9 310 11
f 310 311 11
f 11 311 13
f 311 312 13
f 13 312 15
f 312 313 15
f 15 313 17
f 313 314 17
f 17 314 19
f 314 315 19
f 19 315 21
f 315 316 21
f 21 316 4
f 316 317 4
f 4 317 3
f 317 318 3
f 3 318 319
f 318 320 319
f 319 320 321
f 320 322 321
f 321 322 323
f 322 324 323
f 323 324 325
f 324 326 325
f 325 326 327
f 326 328 327
f 327 328 329
f 328 330 329
f 329 330 331
f 330 332 331
f 331 332 333
f 332 334 333
f 333 334 335
f 334 336 335
f 335 336 337
f 336 338 337
f 337 338 339
f 338 340 339
f 339 340 341
f 340 342 341
f 341 342 343
f 342 344 343
f 343 344 345
f 344 346 345
f 345 346 347
f 346 348 347
f 347 348 349
f 348 350 349
f 349 350 351
f 350 352 351
f 351 352 353
f 352 354 353
f 353 354 283
f 354 355 283
f 283 355 284
f 158 257 160
f 257 185 160
f 129 281 296
f 129 296 131
f 296 294 131
f 131 294 133
f 294 292 133
f 133 292 135
f 292 290 135
f 135 290 137
f 290 288 137
f 137 288 142
f 288 286 142
f 142 286 143
f 286 285 143
f 143 285 182
f 182 285 183
f 285 278 183
f 183 278 184
f 278 277 184
f 184 277 180
f 277 275 180
f 180 275 181
f 275 274 181
f 181 274 139
f 274 242 139
f 139 242 176
f 242 241 176
f 176 241 177
f 241 233 177
f 177 233 178
f 233 238 178
f 178 238 174
f 238 237 174
f 174 237 175
f 237 246 175
f 175 246 171
f 246 245 171
f 171 245 172
f 245 249 172
f 172 249 146
f 249 248 146
f 146 248 148
f 248 266 148
f 266 265 148
f 148 265 150
f 265 263 150
f 150 263 152
f 263 261 152
f 152 261 154
f 261 259 154
f 154 259 156
f 259 257 156
f 156 257 158
f 129 127 281
f 127 283 281
f 109 337 339
f 109 339 111
f 339 341 111
f 111 341 113
f 341 343 113
f 113 343 115
f 343 345 115
f 115 345 117
f 345 347 117
f 117 347 119
f 347 349 119
f 119 349 121
f 349 351 121
f 121 351 123
f 351 353 123
f 123 353 125
f 353 283 125
f 125 283 127
f 109 107 337
f 107 335 337
f 1 3 319
f 1 319 91
f 319 321 91
f 91 321 93
f 321 323 93
f 93 323 95
f 323 325 95
f 95 325 97
f 325 327 97
f 97 327 99
f 327 329 99
f 99 329 101
f 329 331 101
f 101 331 103
f 331 333 103
f 103 333 105
f 333 335 105
f 105 335 107
f 256 356 255
f 356 357 255
f 358 359 360
f 359 361 360
f 361 362 360
f 362 363 360
f 360 363 364
f 365 366 367
f 368 369 370
f 371 372 373
f 374 375 367
f 375 376 367
f 367 376 365
f 377 378 379
f 380 381 382
f 383 384 385
f 384 386 385
f 385 386 387
f 386 388 387
f 389 390 357
f 391 392 393
f 392 394 393
f 393 394 395
f 394 396 395
f 395 396 397
f 398 399 397
f 399 400 397
f 401 402 397
f 402 403 397
f 404 405 406
f 405 407 406
f 406 407 408
f 408 409 406
f 409 410 406
f 406 410 370
f 411 412 413
f 356 414 367
f 415 357 416
f 357 356 416
f 416 356 417
f 356 367 417
f 417 367 418
f 367 366 418
f 391 393 379
f 393 419 379
f 379 419 377
f 400 420 397
f 420 421 397
f 397 421 401
f 422 406 423
f 406 370 423
f 423 370 424
f 370 369 424
f 422 425 406
f 425 426 406
f 406 426 427
f 428 429 430
f 431 432 373
f 432 433 373
f 373 433 371
f 389 357 434
f 390 435 357
f 435 436 357
f 357 436 437
f 438 439 391
f 439 440 391
f 391 440 392
f 441 442 443
f 443 442 444
f 442 445 444
f 444 445 446
f 380 382 447
f 381 448 382
f 448 449 382
f 382 449 450
f 449 451 450
f 450 451 452
f 452 453 450
f 453 454 450
f 450 454 455
f 455 456 450
f 456 457 450
f 450 457 458
f 457 459 458
f 458 459 370
f 459 460 370
f 370 460 368
f 406 461 462
f 463 464 411
f 464 465 411
f 465 466 411
f 466 467 411
f 411 467 468
f 469 470 414
f 471 472 473
f 472 474 473
f 431 373 474
f 373 475 474
f 474 475 473
f 372 476 373
f 476 477 373
f 373 477 478
f 479 480 481
f 480 482 481
f 446 445 382
f 445 483 382
f 382 483 447
f 484 485 486
f 485 487 486
f 486 487 488
f 404 406 489
f 406 462 489
f 489 462 490
f 384 491 492
f 384 493 494
f 494 495 384
f 495 496 384
f 384 496 497
f 498 499 500
f 499 501 500
f 500 501 430
f 501 502 430
f 430 502 428
f 503 504 384
f 504 505 384
f 384 505 491
f 478 434 373
f 434 357 373
f 373 357 358
f 357 415 358
f 358 415 359
f 403 506 397
f 506 507 397
f 397 507 508
f 443 509 441
f 509 510 441
f 441 510 511
f 488 487 512
f 487 513 512
f 512 513 514
f 513 515 514
f 514 515 516
f 515 517 516
f 516 517 518
f 517 519 518
f 518 519 520
f 519 521 520
f 520 521 522
f 521 523 522
f 522 523 524
f 525 526 486
f 490 527 489
f 527 528 489
f 489 528 386
f 528 529 386
f 386 529 388
f 530 386 531
f 386 384 531
f 531 384 532
f 384 497 532
f 428 533 429
f 533 534 429
f 429 534 535
f 534 536 535
f 535 536 537
f 536 386 537
f 537 386 538
f 386 530 538
f 539 540 498
f 540 541 498
f 498 541 499
f 539 542 540
f 542 543 540
f 540 543 544
f 544 545 540
f 545 546 540
f 540 546 547
f 546 548 547
f 547 548 549
f 550 551 552
f 470 553 414
f 553 554 414
f 414 554 555
f 437 556 357
f 556 557 357
f 357 557 558
f 557 559 558
f 558 559 560
f 559 561 560
f 560 561 562
f 562 561 563
f 561 564 563
f 563 564 565
f 564 566 565
f 565 566 567
f 566 568 567
f 567 568 569
f 568 570 569
f 569 570 571
f 571 570 572
f 570 573 572
f 572 573 574
f 573 575 574
f 574 575 576
f 575 577 576
f 576 577 578
f 577 579 578
f 578 579 580
f 580 579 581
f 579 582 581
f 581 582 583
f 582 584 583
f 583 584 585
f 584 586 585
f 585 586 587
f 586 588 587
f 587 588 481
f 588 589 481
f 481 589 479
f 482 590 481
f 590 591 481
f 481 591 391
f 591 592 391
f 391 592 438
f 508 593 397
f 593 594 397
f 397 594 395
f 594 595 395
f 398 397 486
f 397 596 486
f 486 596 525
f 597 598 486
f 598 599 486
f 486 599 484
f 492 600 384
f 600 601 384
f 384 601 493
f 549 602 547
f 602 603 547
f 547 603 604
f 605 606 550
f 606 607 550
f 550 607 608
f 607 609 608
f 608 609 610
f 610 611 608
f 611 612 608
f 608 612 613
f 614 615 356
f 616 356 617
f 356 618 617
f 616 619 356
f 619 620 356
f 356 620 414
f 620 621 414
f 414 621 469
f 555 622 414
f 622 623 414
f 414 623 624
f 623 625 624
f 624 625 626
f 625 627 626
f 626 627 628
f 510 629 511
f 629 630 511
f 511 630 631
f 630 632 631
f 631 632 633
f 632 395 633
f 633 395 634
f 395 595 634
f 526 635 486
f 635 636 486
f 486 636 597
f 637 638 411
f 638 639 411
f 605 550 640
f 550 552 640
f 640 552 641
f 552 642 641
f 641 642 413
f 642 643 413
f 413 643 411
f 643 644 411
f 411 644 463
f 615 645 356
f 645 646 356
f 356 646 618
f 523 647 524
f 647 648 524
f 524 648 649
f 648 650 649
f 649 650 651
f 650 652 651
f 651 652 653
f 652 654 653
f 653 654 655
f 654 656 655
f 655 656 657
f 656 658 657
f 657 658 659
f 658 660 659
f 659 660 661
f 660 662 661
f 661 662 663
f 662 664 663
f 663 664 665
f 664 666 665
f 665 666 667
f 666 668 667
f 667 668 669
f 668 670 669
f 669 670 671
f 670 672 671
f 671 672 673
f 672 674 673
f 673 674 675
f 674 676 675
f 675 676 677
f 676 678 677
f 677 678 679
f 678 680 679
f 679 680 681
f 680 682 681
f 681 682 683
f 682 406 683
f 683 406 684
f 406 427 684
f 604 685 547
f 685 686 547
f 547 686 687
f 686 688 687
f 687 688 468
f 688 689 468
f 689 690 468
f 468 690 691
f 692 693 694
f 693 695 694
f 694 695 696
f 695 697 696
f 696 697 698
f 697 699 698
f 698 699 700
f 699 701 700
f 700 701 702
f 701 703 702
f 702 703 704
f 703 705 704
f 704 705 706
f 705 707 706
f 706 707 708
f 707 709 708
f 708 709 710
f 709 711 710
f 710 711 712
f 711 713 712
f 712 713 714
f 713 715 714
f 714 715 716
f 715 717 716
f 716 717 718
f 717 719 718
f 718 719 720
f 719 721 720
f 720 721 722
f 721 723 722
f 722 723 724
f 723 725 724
f 724 725 726
f 725 727 726
f 726 727 728
f 727 729 728
f 728 729 730
f 729 411 730
f 730 411 731
f 411 639 731
f 503 732 504
f 732 733 504
f 504 733 734
f 734 735 504
f 735 736 504
f 504 736 737
f 737 738 504
f 738 739 504
f 504 739 740
f 739 741 740
f 740 741 742
f 741 743 742
f 742 743 744
f 743 745 744
f 744 745 746
f 745 747 746
f 746 747 748
f 747 749 748
f 748 749 750
f 749 751 750
f 750 751 752
f 751 753 752
f 752 753 692
f 753 754 692
f 692 754 693
f 613 755 608
f 755 756 608
f 608 756 757
f 756 758 757
f 691 759 468
f 759 760 468
f 468 760 411
f 760 761 411
f 411 761 637
f 762 763 764
f 763 765 764
f 764 765 766
f 765 767 766
f 766 767 768
f 767 769 768
f 768 769 758
f 769 770 758
f 758 770 757
f 771 772 773
f 772 774 773
f 773 774 775
f 774 776 775
f 775 776 777
f 776 778 777
f 777 778 762
f 778 779 762
f 762 779 763
f 356 780 614
f 780 781 614
f 614 781 782
f 781 783 782
f 782 783 784
f 783 785 784
f 784 785 786
f 785 787 786
f 786 787 771
f 787 788 771
f 771 788 772
f 481 273 587
f 273 272 587
f 587 272 585
f 272 271 585
f 585 271 583
f 271 270 583
f 583 270 581
f 270 269 581
f 581 269 580
f 269 227 580
f 580 227 578
f 227 228 578
f 578 228 576
f 228 268 576
f 576 268 574
f 268 240 574
f 574 240 572
f 240 239 572
f 572 239 571
f 239 267 571
f 571 267 569
f 267 226 569
f 569 226 567
f 226 225 567
f 567 225 565
f 225 250 565
f 565 250 563
f 250 251 563
f 563 251 562
f 251 252 562
f 562 252 560
f 252 253 560
f 560 253 558
f 253 254 558
f 558 254 357
f 254 255 357
f 391 232 481
f 232 273 481
f 393 223 419
f 223 222 419
f 419 222 377
f 222 229 377
f 377 229 378
f 229 230 378
f 378 230 379
f 230 231 379
f 379 231 391
f 231 232 391
f 395 224 393
f 224 223 393
f 382 307 446
f 307 306 446
f 446 306 444
f 306 305 444
f 444 305 443
f 305 304 443
f 443 304 509
f 304 303 509
f 509 303 510
f 303 302 510
f 510 302 629
f 302 301 629
f 629 301 630
f 301 300 630
f 630 300 632
f 300 299 632
f 632 299 395
f 299 224 395
f 450 308 382
f 308 307 382
f 489 317 404
f 317 316 404
f 404 316 405
f 316 315 405
f 405 315 407
f 315 314 407
f 407 314 408
f 314 313 408
f 408 313 409
f 313 312 409
f 409 312 410
f 312 311 410
f 410 311 370
f 311 310 370
f 370 310 458
f 310 309 458
f 458 309 450
f 309 308 450
f 386 318 489
f 318 317 489
f 540 336 541
f 336 334 541
f 541 334 499
f 334 332 499
f 499 332 501
f 332 330 501
f 501 330 502
f 330 328 502
f 502 328 428
f 328 326 428
f 428 326 533
f 326 324 533
f 533 324 534
f 324 322 534
f 534 322 536
f 322 320 536
f 536 320 386
f 320 318 386
f 547 338 540
f 338 336 540
f 643 355 644
f 355 354 644
f 644 354 463
f 354 352 463
f 463 352 464
f 352 350 464
f 464 350 465
f 350 348 465
f 465 348 466
f 348 346 466
f 466 346 467
f 346 344 467
f 467 344 468
f 344 342 468
f 468 342 687
f 342 340 687
f 687 340 547
f 340 338 547
f 642 284 643
f 284 355 643
f 550 298 551
f 298 280 551
f 551 280 552
f 280 282 552
f 552 282 642
f 282 284 642
f 608 297 550
f 297 298 550
f 356 256 780
f 256 258 780
f 780 258 781
f 258 260 781
f 781 260 783
f 260 262 783
f 783 262 785
f 262 264 785
f 785 264 787
f 264 247 787
f 787 247 788
f 247 244 788
f 788 244 772
f 244 236 772
f 772 236 774
f 236 235 774
f 774 235 776
f 235 234 776
f 776 234 778
f 234 243 778
f 778 243 779
f 243 276 779
f 779 276 763
f 276 279 763
f 763 279 765
f 279 287 765
f 765 287 767
f 287 289 767
f 767 289 769
f 289 291 769
f 769 291 770
f 291 293 770
f 770 293 757
f 293 295 757
f 757 295 608
f 295 297 608
f 789 398 790
f 398 486 790
f 790 486 791
f 486 488 791
f 791 488 792
f 488 512 792
f 792 512 793
f 512 514 793
f 793 514 794
f 514 516 794
f 794 516 795
f 516 518 795
f 795 518 796
f 518 520 796
f 796 520 797
f 520 522 797
f 797 522 798
f 522 524 798
f 798 524 799
f 524 649 799
f 799 649 800
f 649 651 800
f 800 651 801
f 651 653 801
f 801 653 802
f 653 655 802
f 802 655 803
f 655 657 803
f 803 657 804
f 657 659 804
f 804 659 805
f 659 661 805
f 805 661 806
f 661 663 806
f 806 663 807
f 663 665 807
f 807 665 808
f 665 667 808
f 808 667 809
f 667 669 809
f 809 669 810
f 669 671 810
f 810 671 811
f 671 673 811
f 811 673 812
f 673 675 812
f 812 675 813
f 675 677 813
f 813 677 814
f 677 679 814
f 814 679 815
f 679 681 815
f 815 681 816
f 681 683 816
f 816 683 817
f 683 684 817
f 817 684 818
f 684 427 818
f 818 427 819
f 427 426 819
f 819 426 820
f 426 425 820
f 820 425 821
f 425 422 821
f 821 422 822
f 422 423 822
f 822 423 823
f 423 424 823
f 823 424 824
f 424 369 824
f 824 369 825
f 369 368 825
f 825 368 826
f 368 460 826
f 826 460 827
f 460 459 827
f 827 459 828
f 459 457 828
f 828 457 829
f 457 456 829
f 829 456 830
f 456 455 830
f 830 455 831
f 455 454 831
f 831 454 832
f 454 453 832
f 832 453 833
f 453 452 833
f 833 452 834
f 452 451 834
f 834 451 835
f 451 449 835
f 835 449 836
f 449 448 836
f 836 448 837
f 448 381 837
f 837 381 838
f 381 380 838
f 838 380 839
f 380 447 839
f 839 447 840
f 447 483 840
f 840 483 841
f 483 445 841
f 841 445 842
f 445 442 842
f 842 442 843
f 442 441 843
f 843 441 844
f 441 511 844
f 844 511 845
f 511 631 845
f 845 631 846
f 631 633 846
f 846 633 847
f 633 634 847
f 847 634 848
f 634 595 848
f 848 595 849
f 595 594 849
f 849 594 850
f 594 593 850
f 850 593 851
f 593 508 851
f 851 508 852
f 508 507 852
f 852 507 853
f 507 506 853
f 853 506 854
f 506 403 854
f 854 403 855
f 403 402 855
f 855 402 856
f 402 401 856
f 856 401 857
f 401 421 857
f 857 421 858
f 421 420 858
f 858 420 859
f 420 400 859
f 859 400 860
f 400 399 860
f 860 399 789
f 399 398 789
f 861 862 863
f 863 864 861
f 864 865 861
f 861 865 866
f 867 868 869
f 868 870 869
f 871 872 873
f 874 875 876
f 875 877 876
f 878 870 879
f 870 880 879
f 881 882 883
f 876 884 885
f 886 887 888
f 887 889 888
f 888 889 890
f 877 891 876
f 891 892 876
f 876 892 884
f 893 894 895
f 894 896 895
f 896 897 895
f 895 897 898
f 898 899 895
f 899 900 895
f 895 900 901
f 902 903 904
f 904 905 861
f 866 906 861
f 906 907 861
f 861 907 904
f 907 908 904
f 904 908 909
f 908 910 909
f 909 910 911
f 912 913 914
f 915 867 916
f 867 869 916
f 916 869 917
f 869 918 917
f 878 919 870
f 919 920 870
f 870 920 921
f 883 922 923
f 922 924 923
f 923 924 925
f 885 926 876
f 926 927 876
f 876 927 873
f 808 809 874
f 928 929 825
f 929 824 825
f 930 931 932
f 931 933 932
f 934 935 936
f 935 937 936
f 935 938 939
f 940 941 942
f 942 941 943
f 941 944 943
f 943 944 945
f 945 944 883
f 944 946 883
f 883 946 881
f 882 947 883
f 947 948 883
f 883 948 922
f 925 949 923
f 949 950 923
f 923 950 951
f 951 952 923
f 952 953 923
f 923 953 954
f 953 955 954
f 954 955 873
f 955 956 873
f 873 956 871
f 957 958 880
f 958 959 880
f 880 959 960
f 815 816 874
f 816 817 874
f 895 961 962
f 963 964 905
f 965 935 966
f 935 909 966
f 966 909 967
f 909 911 967
f 968 969 970
f 969 971 970
f 937 935 971
f 935 972 971
f 971 972 970
f 934 973 935
f 973 974 935
f 935 974 938
f 939 975 935
f 975 976 935
f 935 976 909
f 976 977 909
f 909 977 978
f 978 979 909
f 979 980 909
f 909 980 981
f 890 982 888
f 982 983 888
f 888 983 869
f 983 984 869
f 869 984 918
f 921 985 870
f 985 986 870
f 870 986 987
f 987 988 870
f 988 989 870
f 870 989 990
f 960 959 991
f 959 992 991
f 991 992 993
f 992 994 993
f 993 994 995
f 994 996 995
f 995 996 997
f 996 998 997
f 997 998 999
f 998 1000 999
f 999 1000 1001
f 1000 1002 1001
f 1001 1002 1003
f 870 1004 880
f 1004 1005 880
f 880 1005 1006
f 1007 1008 880
f 1008 1009 880
f 880 1009 957
f 809 810 874
f 810 811 874
f 874 811 812
f 812 813 874
f 813 814 874
f 874 814 815
f 929 1010 824
f 1010 1011 824
f 824 1011 823
f 1011 1012 823
f 823 1012 822
f 1012 875 822
f 822 875 821
f 893 895 1013
f 895 962 1013
f 1013 962 1014
f 1014 1015 1013
f 1015 1016 1013
f 1013 1016 932
f 1016 1017 932
f 932 1017 930
f 933 1018 932
f 1018 1019 932
f 932 1019 1020
f 914 913 888
f 913 1021 888
f 888 1021 886
f 990 1022 870
f 1022 1023 870
f 870 1023 869
f 1023 1024 869
f 942 1025 940
f 1025 1026 940
f 940 1026 1027
f 1006 1028 880
f 1028 1029 880
f 880 1029 1007
f 817 818 874
f 818 819 874
f 874 819 875
f 819 820 875
f 875 820 821
f 895 852 1030
f 852 853 1030
f 1030 853 1031
f 853 854 1031
f 1031 854 1032
f 854 855 1032
f 1032 855 1033
f 855 856 1033
f 1033 856 1034
f 856 857 1034
f 1034 857 1035
f 857 858 1035
f 1035 858 1036
f 858 859 1036
f 1036 859 1037
f 859 860 1037
f 1037 860 1038
f 860 789 1038
f 1038 789 1039
f 789 790 1039
f 1039 790 1040
f 790 791 1040
f 1040 791 1041
f 791 792 1041
f 1041 792 1042
f 792 793 1042
f 1042 793 1043
f 793 794 1043
f 1043 794 1044
f 794 795 1044
f 1044 795 1045
f 795 796 1045
f 1045 796 1046
f 796 797 1046
f 1046 797 1047
f 797 798 1047
f 1047 798 1048
f 798 799 1048
f 1049 1050 1051
f 903 1052 904
f 1052 1053 904
f 904 1053 1054
f 1026 1055 1027
f 1055 1056 1027
f 1027 1056 1057
f 1056 1058 1057
f 1057 1058 1059
f 1058 869 1059
f 1059 869 1060
f 869 1024 1060
f 848 849 895
f 1051 1050 1061
f 1050 1062 1061
f 1061 1062 1063
f 1064 1065 905
f 1065 1066 905
f 905 1066 963
f 1067 876 1068
f 876 873 1068
f 1068 873 1069
f 873 872 1069
f 1067 1070 876
f 1070 1071 876
f 876 1071 1072
f 928 825 1073
f 825 826 1073
f 1073 826 1074
f 826 827 1074
f 1074 827 1075
f 829 830 1076
f 830 831 1076
f 1051 1077 1049
f 1077 1078 1049
f 1049 1078 1079
f 1078 1080 1079
f 1079 1080 1081
f 1080 1082 1081
f 1081 1082 1083
f 1063 1062 1084
f 1062 1085 1084
f 1084 1085 1086
f 1085 1087 1086
f 1086 1087 904
f 1087 1088 904
f 904 1088 902
f 1054 1089 904
f 1089 1090 904
f 904 1090 905
f 1090 1091 905
f 905 1091 1064
f 964 1092 905
f 1092 1093 905
f 905 1093 1094
f 1093 1095 1094
f 1094 1095 1096
f 1095 1097 1096
f 1096 1097 1098
f 981 1099 909
f 1099 1100 909
f 909 1100 1101
f 1100 1102 1101
f 1101 1102 1103
f 1102 1104 1103
f 1103 1104 1105
f 1104 1106 1105
f 1105 1106 1107
f 1106 1108 1107
f 1109 1110 1111
f 1110 1112 1111
f 1111 1112 1113
f 1112 1114 1113
f 1113 1114 1115
f 914 1116 912
f 1116 1117 912
f 912 1117 1118
f 1117 1119 1118
f 1118 1119 1120
f 1119 1121 1120
f 1120 1121 1109
f 1121 1122 1109
f 1109 1122 1110
f 1075 827 1076
f 827 828 1076
f 1076 828 829
f 843 844 901
f 849 850 895
f 850 851 895
f 895 851 852
f 1123 1124 807
f 1124 1125 807
f 1125 1126 807
f 807 1126 1127
f 807 1128 806
f 1128 1129 806
f 806 1129 805
f 1129 1130 805
f 805 1130 804
f 1130 1131 804
f 804 1131 803
f 1131 1132 803
f 803 1132 802
f 1132 1133 802
f 802 1133 801
f 1133 1134 801
f 801 1134 800
f 1134 1135 800
f 800 1135 799
f 1135 1136 799
f 799 1136 1048
f 1020 1137 932
f 1137 1138 932
f 932 1138 1139
f 1138 1140 1139
f 1139 1140 1141
f 1140 1142 1141
f 1141 1142 1143
f 1142 1144 1143
f 831 832 1076
f 832 833 1076
f 1076 833 1145
f 833 834 1145
f 1145 834 835
f 835 836 1145
f 836 837 1145
f 1145 837 838
f 808 874 807
f 874 1146 807
f 807 1146 1123
f 1127 1147 807
f 1147 1148 807
f 807 1148 1128
f 1082 1149 1083
f 1149 1150 1083
f 1083 1150 1151
f 1150 1152 1151
f 1151 1152 1153
f 1152 1154 1153
f 1153 1154 1144
f 1154 1155 1144
f 1144 1155 1143
f 1114 1156 1115
f 1156 1157 1115
f 1115 1157 1158
f 1157 1159 1158
f 1158 1159 1108
f 1159 1160 1108
f 1108 1160 1107
f 1002 1161 1003
f 1161 1162 1003
f 1003 1162 1163
f 1162 1164 1163
f 1163 1164 1165
f 1164 1166 1165
f 1165 1166 1167
f 1166 1168 1167
f 1167 1168 1169
f 1168 1170 1169
f 1169 1170 1171
f 1170 1172 1171
f 1171 1172 1173
f 1172 1174 1173
f 1173 1174 1175
f 1174 1176 1175
f 1175 1176 1177
f 1176 1178 1177
f 1177 1178 1179
f 1178 1180 1179
f 1179 1180 1181
f 1180 1182 1181
f 1181 1182 1183
f 1182 1184 1183
f 1183 1184 1185
f 1184 1186 1185
f 1185 1186 1187
f 1186 1188 1187
f 1187 1188 1189
f 1188 1190 1189
f 1189 1190 1191
f 1190 1192 1191
f 1191 1192 1193
f 1192 1194 1193
f 1193 1194 1195
f 1194 1196 1195
f 1195 1196 1197
f 1196 876 1197
f 1197 876 1198
f 876 1072 1198
f 838 839 1145
f 839 840 1145
f 1145 840 1199
f 840 841 1199
f 1199 841 901
f 841 842 901
f 901 842 843
f 844 845 901
f 845 846 901
f 901 846 895
f 846 847 895
f 895 847 848
f 909 157 904
f 157 159 904
f 157 909 1101
f 157 1101 155
f 1101 1103 155
f 155 1103 153
f 1103 1105 153
f 153 1105 151
f 1105 1107 151
f 151 1107 149
f 1107 1160 149
f 149 1160 147
f 1160 1159 147
f 147 1159 145
f 1159 1157 145
f 145 1157 170
f 1157 1156 170
f 170 1156 173
f 1156 1114 173
f 173 1114 140
f 1114 1112 140
f 140 1112 141
f 1112 1110 141
f 141 1110 179
f 1110 1122 179
f 179 1122 144
f 1122 1121 144
f 144 1121 138
f 1121 1119 138
f 138 1119 136
f 1119 1117 136
f 136 1117 134
f 1117 1116 134
f 134 1116 132
f 1116 914 132
f 132 914 130
f 914 888 130
f 130 888 128
f 128 888 126
f 888 869 126
f 1200 1201 1202
f 1201 1203 1202
f 1204 1205 1200
f 1205 1201 1200
f 1206 1207 1208
f 1207 1209 1208
f 1210 1211 1212
f 1210 1212 1213
f 1212 1214 1213
f 1213 1214 1215
f 1214 1216 1215
f 1215 1216 1217
f 1216 1218 1217
f 1217 1218 1219
f 1218 1220 1219
f 1219 1220 1221
f 1220 1222 1221
f 1221 1222 1223
f 1222 1224 1223
f 1223 1224 1225
f 1224 1226 1225
f 1225 1226 1227
f 1226 1228 1227
f 1227 1228 1229
f 1228 1230 1229
f 1229 1230 1231
f 1230 1232 1231
f 1231 1232 1233
f 1232 1234 1233
f 1233 1234 1235
f 1234 1206 1235
f 1235 1206 1208
f 1211 1210 1236
f 1210 1237 1236
f 1238 1239 1209
f 1239 1240 1209
f 1209 1240 1241
f 1235 1208 1209
f 1242 1243 1219
f 1241 1244 1209
f 1244 1245 1209
f 1209 1245 1246
f 1219 1221 1242
f 1221 1223 1242
f 1242 1223 1246
f 1223 1225 1246
f 1246 1225 1227
f 1227 1229 1246
f 1229 1231 1246
f 1246 1231 1209
f 1231 1233 1209
f 1209 1233 1235
f 1237 1210 1247
f 1210 1213 1247
f 1247 1213 1248
f 1213 1215 1248
f 1248 1215 1243
f 1215 1217 1243
f 1243 1217 1219
f 874 1249 1250
f 874 1250 1146
f 1250 1251 1146
f 1146 1251 1123
f 1251 1252 1123
f 1123 1252 1124
f 1252 1253 1124
f 1124 1253 1125
f 1253 1254 1125
f 1125 1254 1126
f 1254 1255 1126
f 1126 1255 1127
f 1255 1256 1127
f 1127 1256 1147
f 1256 1257 1147
f 1147 1257 1148
f 1257 1258 1148
f 1148 1258 1128
f 1258 1259 1128
f 1128 1259 1129
f 1259 1260 1129
f 1129 1260 1130
f 1260 1261 1130
f 1130 1261 1131
f 1261 1262 1131
f 1131 1262 1132
f 1262 1263 1132
f 1132 1263 1133
f 1263 1264 1133
f 1133 1264 1134
f 1264 1265 1134
f 1134 1265 1135
f 1265 1266 1135
f 1135 1266 1136
f 1266 1267 1136
f 1136 1267 1048
f 1267 1268 1048
f 1048 1268 1047
f 1268 1269 1047
f 1047 1269 1046
f 1269 1270 1046
f 1046 1270 1045
f 1270 1271 1045
f 1045 1271 1044
f 1271 1272 1044
f 1044 1272 1043
f 1272 1273 1043
f 1043 1273 1042
f 1273 1274 1042
f 1042 1274 1041
f 1274 1275 1041
f 1041 1275 1040
f 1275 1276 1040
f 1040 1276 1039
f 1276 1277 1039
f 1039 1277 1038
f 1277 1278 1038
f 1038 1278 1037
f 1278 1279 1037
f 1037 1279 1036
f 1279 1280 1036
f 1036 1280 1035
f 1280 1281 1035
f 1035 1281 1034
f 1281 1282 1034
f 1034 1282 1033
f 1282 1283 1033
f 1033 1283 1032
f 1283 1284 1032
f 1032 1284 1031
f 1284 1285 1031
f 1031 1285 1030
f 1285 1286 1030
f 1030 1286 895
f 1286 1287 895
f 1287 961 895
f 962 394 1014
f 394 392 1014
f 1014 392 1015
f 392 440 1015
f 1015 440 1016
f 440 439 1016
f 1016 439 1017
f 439 438 1017
f 1017 438 930
f 438 592 930
f 930 592 931
f 592 591 931
f 931 591 933
f 591 590 933
f 933 590 1018
f 590 482 1018
f 1018 482 1019
f 482 480 1019
f 1019 480 1020
f 480 479 1020
f 1020 479 1137
f 479 589 1137
f 1137 589 1138
f 589 588 1138
f 1138 588 1140
f 588 586 1140
f 1140 586 1142
f 586 584 1142
f 1142 584 1144
f 584 582 1144
f 1144 582 1153
f 582 579 1153
f 1153 579 1151
f 579 577 1151
f 1151 577 1083
f 577 575 1083
f 1083 575 1081
f 575 573 1081
f 1081 573 1079
f 573 570 1079
f 1079 570 1049
f 570 568 1049
f 1049 568 1050
f 568 566 1050
f 1050 566 1062
f 566 564 1062
f 1062 564 1085
f 564 561 1085
f 1085 561 1087
f 561 559 1087
f 1087 559 1088
f 559 557 1088
f 1088 557 902
f 557 556 902
f 902 556 903
f 556 437 903
f 903 437 1052
f 437 436 1052
f 1052 436 1053
f 436 435 1053
f 1053 435 1054
f 435 390 1054
f 1054 390 1089
f 390 389 1089
f 1089 389 1090
f 389 434 1090
f 1090 434 1091
f 434 478 1091
f 1091 478 1064
f 478 477 1064
f 1064 477 1065
f 477 476 1065
f 1065 476 1066
f 476 372 1066
f 1066 372 963
f 372 371 963
f 963 371 964
f 371 433 964
f 964 433 1092
f 433 432 1092
f 1092 432 1093
f 432 431 1093
f 1093 431 1095
f 431 474 1095
f 1095 474 1097
f 474 472 1097
f 397 396 1288
f 396 1289 1288
f 1290 406 682
f 1290 682 1291
f 682 680 1291
f 1291 680 1292
f 680 678 1292
f 1292 678 1293
f 678 676 1293
f 1293 676 1294
f 676 674 1294
f 1294 674 1295
f 674 672 1295
f 1295 672 1296
f 672 670 1296
f 1296 670 1297
f 670 668 1297
f 1297 668 1298
f 668 666 1298
f 1298 666 1299
f 666 664 1299
f 1299 664 1300
f 664 662 1300
f 1300 662 1301
f 662 660 1301
f 1301 660 1302
f 660 658 1302
f 1302 658 1303
f 658 656 1303
f 1303 656 1304
f 656 654 1304
f 1304 654 1305
f 654 652 1305
f 1305 652 1306
f 652 650 1306
f 1306 650 1307
f 650 648 1307
f 1307 648 1308
f 648 647 1308
f 1308 647 1309
f 647 523 1309
f 1309 523 1310
f 523 521 1310
f 1310 521 1311
f 521 519 1311
f 1311 519 1312
f 519 517 1312
f 1312 517 1313
f 517 515 1313
f 1313 515 1314
f 515 513 1314
f 1314 513 1315
f 513 487 1315
f 1315 487 1316
f 487 485 1316
f 1316 485 1317
f 485 484 1317
f 1317 484 1318
f 484 599 1318
f 1318 599 1319
f 599 598 1319
f 1319 598 1320
f 598 597 1320
f 1320 597 1321
f 597 636 1321
f 1321 636 1322
f 636 635 1322
f 1322 635 1323
f 635 526 1323
f 1323 526 1324
f 526 525 1324
f 1324 525 1325
f 525 596 1325
f 1325 596 1326
f 596 397 1326
f 1326 397 1288
f 1293 1294 1327
f 1290 1291 1327
f 1291 1292 1327
f 1327 1292 1293
f 1318 1289 1317
f 1289 1328 1317
f 1318 1319 1289
f 1319 1320 1289
f 1289 1320 1321
f 1321 1322 1289
f 1322 1323 1289
f 1289 1323 1324
f 1324 1325 1289
f 1325 1326 1289
f 1289 1326 1288
f 1305 1306 1328
f 1306 1307 1328
f 1328 1310 1311
f 1311 1312 1328
f 1312 1313 1328
f 1328 1313 1314
f 1299 1327 1298
f 1327 1297 1298
f 1329 1330 1331
f 1330 1332 1331
f 1331 1332 1333
f 1332 1334 1333
f 1333 1334 1335
f 1334 1336 1335
f 1335 1336 1337
f 1336 1327 1337
f 1337 1327 1338
f 1327 1299 1338
f 1338 1299 1300
f 1307 1308 1328
f 1308 1309 1328
f 1328 1309 1310
f 1314 1315 1328
f 1315 1316 1328
f 1328 1316 1317
f 1294 1295 1327
f 1295 1296 1327
f 1327 1296 1297
f 1300 1301 1338
f 1301 1302 1338
f 1338 1302 1339
f 1302 1303 1339
f 1339 1303 1328
f 1303 1304 1328
f 1328 1304 1305
f 1290 1327 406
f 1327 461 406
f 1340 1341 1342
f 527 1343 528
f 1343 1344 528
f 528 1344 529
f 1344 1345 529
f 529 1345 388
f 1346 383 1347
f 383 385 1347
f 1347 385 1348
f 385 387 1348
f 1348 387 1342
f 387 388 1342
f 1342 388 1340
f 388 1345 1340
f 1330 1343 1332
f 1343 527 1332
f 1332 527 1334
f 527 490 1334
f 1334 490 1336
f 490 462 1336
f 1336 462 1327
f 462 461 1327
f 1349 1340 1350
f 1340 1345 1350
f 1350 1345 1351
f 1345 1344 1351
f 1351 1344 1352
f 1344 1343 1352
f 1352 1329 1331
f 1351 1352 1353
f 1353 1354 1351
f 1354 1355 1351
f 1351 1355 1350
f 1356 1357 1349
f 1352 1331 1353
f 1331 1333 1353
f 1353 1333 1358
f 1333 1335 1358
f 1358 1335 1359
f 1335 1337 1359
f 1359 1337 1360
f 1337 1338 1360
f 1360 1338 1361
f 1338 1339 1361
f 1361 1339 1362
f 1339 1328 1362
f 1362 1328 1363
f 1350 1355 1349
f 1355 1364 1349
f 1349 1364 1356
f 1364 1365 1356
f 1356 1365 1366
f 1365 1367 1366
f 1366 1367 1368
f 1367 1369 1368
f 1368 1369 1370
f 1369 1371 1370
f 1370 1371 1372
f 1371 1373 1372
f 1372 1373 1374
f 1373 1375 1374
f 1374 1375 1376
f 1340 1349 1341
f 1349 1357 1341
f 1377 1378 1379
f 1378 1380 1379
f 1380 1381 1379
f 1381 1382 1379
f 1379 1382 1383
f 1341 1357 1342
f 1357 1356 1342
f 1342 1356 1348
f 1356 1366 1348
f 1348 1366 1347
f 1366 1368 1347
f 1347 1368 1346
f 1368 1370 1346
f 1346 1370 1372
f 1384 1385 1379
f 1385 1386 1379
f 1379 1386 1377
f 1383 1387 1379
f 1387 1388 1379
f 1379 1388 1376
f 1388 1389 1376
f 1376 1389 1390
f 1390 1391 1376
f 1391 1392 1376
f 1376 1392 1393
f 1393 1394 1376
f 1394 1395 1376
f 1376 1395 1396
f 1396 1397 1376
f 1397 1398 1376
f 1376 1398 1399
f 1400 1401 1346
f 1401 1402 1346
f 1402 1403 1346
f 1403 1404 1346
f 1346 1404 1405
f 1405 1406 1346
f 1406 1407 1346
f 1346 1407 1408
f 1399 1409 1376
f 1409 1410 1376
f 1376 1410 1374
f 1410 1411 1374
f 1374 1411 1372
f 1411 1412 1372
f 1412 1413 1372
f 1413 1414 1372
f 1372 1414 1346
f 1414 1415 1346
f 1346 1415 1400
f 384 383 1408
f 383 1346 1408
f 1416 471 473
f 1416 473 1417
f 473 475 1417
f 1417 475 1418
f 475 373 1418
f 1418 373 1419
f 1418 1419 1420
f 1421 1416 1420
f 1416 1417 1420
f 1420 1417 1418
f 1098 1422 1423
f 1098 1423 1096
f 1423 1424 1096
f 1096 1424 1094
f 1424 1425 1094
f 1094 1425 905
f 861 905 1426
f 905 1425 1426
f 1422 1427 1423
f 1427 1426 1423
f 1423 1426 1424
f 1426 1425 1424
f 1426 1427 861
f 1427 862 861
f 373 358 1419
f 358 1420 1419
f 358 360 1420
f 360 1421 1420
f 1428 1429 1430
f 1429 1431 1430
f 1430 1431 1432
f 1431 1433 1432
f 374 367 1429
f 367 1431 1429
f 1433 1431 414
f 1431 367 414
f 1433 414 624
f 1433 624 1432
f 624 626 1432
f 1432 626 1430
f 626 628 1430
f 1430 628 1428
f 1330 1329 1343
f 1329 1352 1343
f 1359 1360 1375
f 1375 1367 1365
f 1365 1364 1375
f 1364 1355 1375
f 1375 1355 1354
f 1354 1353 1375
f 1353 1358 1375
f 1375 1358 1359
f 1360 1361 1375
f 1361 1362 1375
f 1375 1362 1363
f 1373 1371 1375
f 1371 1369 1375
f 1375 1369 1367
f 1384 1379 411
f 1379 412 411
f 1384 411 729
f 1384 729 1385
f 729 727 1385
f 1385 727 1386
f 727 725 1386
f 1386 725 1377
f 725 723 1377
f 1377 723 1378
f 723 721 1378
f 1378 721 1380
f 721 719 1380
f 1380 719 1381
f 719 717 1381
f 1381 717 1382
f 717 715 1382
f 1382 715 1383
f 715 713 1383
f 1383 713 1387
f 713 711 1387
f 1387 711 1388
f 711 709 1388
f 1388 709 1389
f 709 707 1389
f 1389 707 1390
f 707 705 1390
f 1390 705 1391
f 705 703 1391
f 1391 703 1392
f 703 701 1392
f 1392 701 1393
f 701 699 1393
f 1393 699 1394
f 699 697 1394
f 1394 697 1395
f 697 695 1395
f 1395 695 1396
f 695 693 1396
f 1396 693 1397
f 693 754 1397
f 1397 754 1398
f 754 753 1398
f 1398 753 1399
f 753 751 1399
f 1399 751 1409
f 751 749 1409
f 1409 749 1410
f 749 747 1410
f 1410 747 1411
f 747 745 1411
f 1411 745 1412
f 745 743 1412
f 1412 743 1413
f 743 741 1413
f 1413 741 1414
f 741 739 1414
f 1414 739 1415
f 739 738 1415
f 1415 738 1400
f 738 737 1400
f 1400 737 1401
f 737 736 1401
f 1401 736 1402
f 736 735 1402
f 1402 735 1403
f 735 734 1403
f 1403 734 1404
f 734 733 1404
f 1404 733 1405
f 733 732 1405
f 1405 732 1406
f 732 503 1406
f 1406 503 1407
f 503 384 1407
f 1407 384 1408
f 1434 1435 1436
f 1437 1438 1202
f 1434 1436 1439
f 1436 1440 1439
f 1439 1440 1441
f 1440 1442 1441
f 1441 1442 1443
f 1442 1444 1443
f 1443 1444 1445
f 1444 1446 1445
f 1445 1446 1447
f 1446 1448 1447
f 1447 1448 1449
f 1448 1437 1449
f 1449 1437 1450
f 1437 1202 1450
f 1450 1202 1203
f 1451 1452 1453
f 1452 1454 1453
f 1453 1454 1455
f 1454 1456 1455
f 1455 1456 1457
f 1456 1458 1457
f 1457 1458 1459
f 1458 1460 1459
f 1459 1460 1461
f 1460 1462 1461
f 1452 1451 1463
f 1451 1464 1463
f 1464 1465 1463
f 1465 1466 1463
f 1442 1462 1460
f 1442 1440 1462
f 1440 1436 1462
f 1462 1436 1435
f 1466 1467 1463
f 1467 1468 1463
f 1463 1468 1452
f 1468 1438 1452
f 1452 1438 1454
f 1438 1437 1454
f 1454 1437 1456
f 1437 1448 1456
f 1456 1448 1458
f 1448 1446 1458
f 1458 1446 1460
f 1446 1444 1460
f 1460 1444 1442
f 1468 1467 1469
f 1467 1470 1469
f 1202 1438 1471
f 1438 1468 1471
f 1471 1468 1472
f 1468 1469 1472
f 1471 1472 1473
f 1472 1474 1473
f 1471 1473 1202
f 1473 1204 1202
f 1202 1204 1200
f 876 1238 1209
f 1209 1207 876
f 1207 1475 876
f 876 1475 874
f 1474 1249 1473
f 1249 874 1473
f 1473 874 1204
f 874 1475 1204
f 1204 1475 1205
f 1475 1476 1205
f 1477 1476 1478
f 1476 1475 1478
f 1479 1480 1481
f 1480 1482 1481
f 1249 1474 1250
f 1474 1251 1250
f 1261 1472 1262
f 1472 1469 1262
f 1262 1469 1263
f 1281 1280 1287
f 1280 1279 1287
f 1287 1279 1278
f 1470 1274 1273
f 1273 1272 1470
f 1272 1271 1470
f 1470 1271 1270
f 1257 1256 1474
f 1256 1255 1474
f 1474 1255 1254
f 1254 1253 1474
f 1253 1252 1474
f 1474 1252 1251
f 1284 1287 1285
f 1287 1286 1285
f 1284 1283 1287
f 1283 1282 1287
f 1287 1282 1281
f 1261 1260 1472
f 1260 1259 1472
f 1472 1259 1474
f 1259 1258 1474
f 1474 1258 1257
f 1278 1277 1287
f 1277 1276 1287
f 1287 1276 1470
f 1276 1275 1470
f 1470 1275 1274
f 1270 1269 1470
f 1269 1268 1470
f 1470 1268 1267
f 1267 1266 1470
f 1266 1265 1470
f 1470 1265 1469
f 1265 1264 1469
f 1469 1264 1263
f 1453 1461 1451
f 1461 1465 1451
f 1451 1465 1464
f 1453 1455 1461
f 1455 1457 1461
f 1461 1457 1459
f 1477 1483 1476
f 1483 1484 1476
f 1476 1484 1205
f 1485 1486 1441
f 1484 1487 1205
f 1487 1488 1205
f 1205 1488 1489
f 1441 1486 1439
f 1490 1491 1434
f 1491 1492 1434
f 1434 1492 1493
f 1489 1494 1205
f 1494 1495 1205
f 1205 1495 1496
f 1486 1497 1439
f 1497 1498 1439
f 1439 1498 1434
f 1498 1499 1434
f 1434 1499 1490
f 1201 1500 1501
f 1496 1502 1205
f 1502 1503 1205
f 1205 1503 1504
f 1504 1505 1205
f 1505 1506 1205
f 1205 1506 1201
f 1506 1507 1201
f 1201 1507 1500
f 1485 1441 1508
f 1441 1443 1508
f 1508 1443 1509
f 1443 1445 1509
f 1445 1447 1509
f 1509 1447 1501
f 1447 1449 1501
f 1501 1449 1201
f 1449 1450 1201
f 1201 1450 1203
f 1510 1511 1512
f 1511 1513 1512
f 1514 1515 1516
f 1517 1482 1480
f 1513 1518 1512
f 1518 1519 1512
f 1512 1519 1520
f 1516 1521 1522
f 1520 1523 1512
f 1523 1524 1512
f 1512 1524 1525
f 1525 1526 1512
f 1526 1527 1512
f 1512 1527 1516
f 1527 1528 1516
f 1516 1528 1514
f 1515 1529 1516
f 1529 1530 1516
f 1516 1530 1521
f 1480 1531 1517
f 1531 1510 1517
f 1517 1510 1532
f 1510 1533 1532
f 1522 1534 1516
f 1534 1535 1516
f 1516 1535 1536
f 1512 1537 1510
f 1537 1538 1510
f 1510 1538 1539
f 1539 1540 1510
f 1540 1541 1510
f 1510 1541 1533
f 1477 1478 1542
f 1477 1542 1483
f 1542 1543 1483
f 1483 1543 1484
f 1543 1544 1484
f 1484 1544 1487
f 1544 1545 1487
f 1487 1545 1488
f 1545 1546 1488
f 1488 1546 1489
f 1546 1547 1489
f 1489 1547 1494
f 1547 1548 1494
f 1494 1548 1495
f 1548 1549 1495
f 1495 1549 1496
f 1549 1550 1496
f 1496 1550 1502
f 1550 1551 1502
f 1502 1551 1503
f 1551 1552 1503
f 1503 1552 1504
f 1552 1553 1504
f 1504 1553 1505
f 1553 1554 1505
f 1505 1554 1506
f 1554 1555 1506
f 1506 1555 1507
f 1555 1556 1507
f 1507 1556 1500
f 1556 1557 1500
f 1500 1557 1501
f 1557 1558 1501
f 1501 1558 1509
f 1558 1559 1509
f 1509 1559 1508
f 1559 1560 1508
f 1508 1560 1485
f 1560 1561 1485
f 1485 1561 1486
f 1561 1562 1486
f 1486 1562 1497
f 1562 1563 1497
f 1497 1563 1498
f 1563 1564 1498
f 1498 1564 1499
f 1564 1565 1499
f 1499 1565 1490
f 1565 1566 1490
f 1490 1566 1491
f 1566 1567 1491
f 1491 1567 1492
f 1567 1568 1492
f 1492 1568 1493
f 1512 1569 1570
f 1512 1570 1537
f 1570 1571 1537
f 1537 1571 1538
f 1571 1572 1538
f 1538 1572 1539
f 1572 1573 1539
f 1539 1573 1540
f 1573 1574 1540
f 1540 1574 1541
f 1574 1575 1541
f 1541 1575 1533
f 1575 1576 1533
f 1533 1576 1532
f 1576 1577 1532
f 1532 1577 1517
f 1577 1481 1517
f 1517 1481 1482
f 1578 1579 1580
f 1579 1581 1580
f 1580 1581 1582
f 1583 1584 1580
f 1584 1585 1580
f 1580 1585 1578
f 1586 1587 1580
f 1587 1588 1580
f 1580 1588 1583
f 1589 1590 1580
f 1590 1591 1580
f 1580 1591 1586
f 1592 1593 1580
f 1593 1594 1580
f 1580 1594 1589
f 1595 1596 1580
f 1596 1597 1580
f 1580 1597 1592
f 1598 1599 1580
f 1599 1600 1580
f 1580 1600 1595
f 1601 1602 1580
f 1602 1603 1580
f 1580 1603 1598
f 1604 1605 1580
f 1605 1606 1580
f 1580 1606 1601
f 1607 1608 1580
f 1608 1609 1580
f 1580 1609 1604
f 1610 1611 1580
f 1611 1612 1580
f 1580 1612 1607
f 1613 1614 1580
f 1614 1615 1580
f 1580 1615 1610
f 1616 1617 1580
f 1617 1618 1580
f 1580 1618 1613
f 1619 1620 1580
f 1620 1621 1580
f 1580 1621 1616
f 1622 1623 1580
f 1623 1624 1580
f 1580 1624 1619
f 1625 1626 1580
f 1626 1627 1580
f 1580 1627 1622
f 1628 1629 1580
f 1629 1630 1580
f 1580 1630 1625
f 1631 1632 1580
f 1632 1633 1580
f 1580 1633 1628
f 1634 1635 1580
f 1635 1636 1580
f 1580 1636 1631
f 1637 1638 1580
f 1638 1639 1580
f 1580 1639 1634
f 1640 1641 1580
f 1641 1642 1580
f 1580 1642 1637
f 1643 1644 1580
f 1644 1645 1580
f 1580 1645 1640
f 1646 1647 1580
f 1647 1648 1580
f 1580 1648 1643
f 1582 1649 1580
f 1649 1650 1580
f 1580 1650 1646
f 1581 1651 1582
f 1651 1652 1582
f 1582 1652 1649
f 1652 1653 1649
f 1649 1653 1650
f 1653 1654 1650
f 1650 1654 1646
f 1654 1655 1646
f 1646 1655 1647
f 1655 1656 1647
f 1647 1656 1648
f 1656 1657 1648
f 1648 1657 1643
f 1657 1658 1643
f 1643 1658 1644
f 1658 1659 1644
f 1644 1659 1645
f 1659 1660 1645
f 1645 1660 1640
f 1660 1661 1640
f 1640 1661 1641
f 1661 1662 1641
f 1641 1662 1642
f 1662 1663 1642
f 1642 1663 1637
f 1663 1664 1637
f 1637 1664 1638
f 1664 1665 1638
f 1638 1665 1639
f 1665 1666 1639
f 1639 1666 1634
f 1666 1667 1634
f 1634 1667 1635
f 1667 1668 1635
f 1635 1668 1636
f 1668 1669 1636
f 1636 1669 1631
f 1669 1670 1631
f 1631 1670 1632
f 1670 1671 1632
f 1632 1671 1633
f 1671 1672 1633
f 1633 1672 1628
f 1672 1673 1628
f 1628 1673 1629
f 1673 1674 1629
f 1629 1674 1630
f 1674 1675 1630
f 1630 1675 1625
f 1675 1676 1625
f 1625 1676 1626
f 1676 1677 1626
f 1626 1677 1627
f 1677 1678 1627
f 1627 1678 1622
f 1678 1679 1622
f 1622 1679 1623
f 1679 1680 1623
f 1623 1680 1624
f 1680 1681 1624
f 1624 1681 1619
f 1681 1682 1619
f 1619 1682 1620
f 1682 1683 1620
f 1620 1683 1621
f 1683 1684 1621
f 1621 1684 1616
f 1684 1685 1616
f 1616 1685 1617
f 1685 1686 1617
f 1617 1686 1618
f 1686 1687 1618
f 1618 1687 1613
f 1687 1688 1613
f 1613 1688 1614
f 1688 1689 1614
f 1614 1689 1615
f 1689 1690 1615
f 1615 1690 1610
f 1690 1691 1610
f 1610 1691 1611
f 1691 1692 1611
f 1611 1692 1612
f 1692 1693 1612
f 1612 1693 1607
f 1693 1694 1607
f 1607 1694 1608
f 1694 1695 1608
f 1608 1695 1609
f 1695 1696 1609
f 1609 1696 1604
f 1696 1697 1604
f 1604 1697 1605
f 1697 1698 1605
f 1605 1698 1606
f 1698 1699 1606
f 1606 1699 1601
f 1699 1700 1601
f 1601 1700 1602
f 1700 1701 1602
f 1602 1701 1603
f 1701 1702 1603
f 1603 1702 1598
f 1702 1703 1598
f 1598 1703 1599
f 1703 1704 1599
f 1599 1704 1600
f 1704 1705 1600
f 1600 1705 1595
f 1705 1706 1595
f 1595 1706 1596
f 1706 1707 1596
f 1596 1707 1597
f 1707 1708 1597
f 1597 1708 1592
f 1708 1709 1592
f 1592 1709 1593
f 1709 1710 1593
f 1593 1710 1594
f 1710 1711 1594
f 1594 1711 1589
f 1711 1712 1589
f 1589 1712 1590
f 1712 1713 1590
f 1590 1713 1591
f 1713 1714 1591
f 1591 1714 1586
f 1714 1715 1586
f 1586 1715 1587
f 1715 1716 1587
f 1587 1716 1588
f 1716 1717 1588
f 1588 1717 1583
f 1717 1718 1583
f 1583 1718 1584
f 1718 1719 1584
f 1584 1719 1585
f 1719 1720 1585
f 1585 1720 1578
f 1720 1721 1578
f 1578 1721 1579
f 1721 1722 1579
f 1579 1722 1581
f 1722 1651 1581
f 1723 1724 1669
f 1478 1475 1207
f 1683 1682 1481
f 1724 1725 1481
f 1725 1726 1481
f 1481 1726 1479
f 1723 1669 1727
f 1693 1692 1568
f 1682 1681 1481
f 1681 1680 1481
f 1481 1680 1679
f 1553 1552 1551
f 1207 1206 1478
f 1206 1556 1478
f 1478 1556 1542
f 1547 1546 1556
f 1546 1545 1556
f 1679 1678 1481
f 1678 1677 1481
f 1481 1677 1676
f 1676 1675 1481
f 1675 1674 1481
f 1481 1674 1673
f 1673 1672 1481
f 1672 1671 1481
f 1481 1671 1724
f 1671 1670 1724
f 1724 1670 1669
f 1553 1551 1554
f 1550 1549 1556
f 1549 1548 1556
f 1556 1548 1547
f 1545 1544 1556
f 1544 1543 1556
f 1556 1543 1542
f 1653 1652 1206
f 1569 1685 1684
f 1550 1556 1551
f 1556 1555 1551
f 1551 1555 1554
f 1668 1211 1669
f 1211 1236 1669
f 1669 1236 1727
f 1692 1691 1568
f 1691 1690 1568
f 1568 1690 1689
f 1668 1667 1211
f 1667 1666 1211
f 1211 1666 1212
f 1666 1665 1212
f 1212 1665 1214
f 1665 1664 1214
f 1214 1664 1216
f 1664 1663 1216
f 1216 1663 1218
f 1663 1662 1218
f 1218 1662 1220
f 1662 1661 1220
f 1220 1661 1222
f 1661 1660 1222
f 1222 1660 1224
f 1660 1659 1224
f 1224 1659 1226
f 1652 1651 1206
f 1651 1722 1206
f 1206 1722 1721
f 1689 1688 1568
f 1688 1687 1568
f 1568 1687 1569
f 1687 1686 1569
f 1569 1686 1685
f 1721 1720 1206
f 1720 1719 1206
f 1206 1719 1718
f 1684 1573 1572
f 1226 1659 1228
f 1659 1658 1228
f 1228 1658 1230
f 1658 1657 1230
f 1230 1657 1232
f 1657 1656 1232
f 1232 1656 1234
f 1656 1655 1234
f 1234 1655 1206
f 1655 1654 1206
f 1206 1654 1653
f 1718 1717 1206
f 1717 1716 1206
f 1206 1716 1556
f 1716 1715 1556
f 1556 1715 1714
f 1683 1481 1684
f 1481 1577 1684
f 1684 1577 1576
f 1572 1571 1684
f 1571 1570 1684
f 1684 1570 1569
f 1714 1713 1556
f 1713 1712 1556
f 1556 1712 1711
f 1711 1710 1556
f 1710 1709 1556
f 1556 1709 1708
f 1576 1575 1684
f 1575 1574 1684
f 1684 1574 1573
f 1708 1707 1556
f 1707 1706 1556
f 1556 1706 1557
f 1706 1705 1557
f 1557 1705 1558
f 1705 1704 1558
f 1558 1704 1559
f 1704 1703 1559
f 1559 1703 1560
f 1703 1702 1560
f 1560 1702 1561
f 1702 1701 1561
f 1561 1701 1562
f 1701 1700 1562
f 1562 1700 1563
f 1700 1699 1563
f 1563 1699 1564
f 1699 1698 1564
f 1564 1698 1565
f 1698 1697 1565
f 1565 1697 1566
f 1697 1696 1566
f 1566 1696 1567
f 1696 1695 1567
f 1567 1695 1568
f 1695 1694 1568
f 1568 1694 1693
f 1236 1237 1247
f 1727 1236 1178
f 1178 1176 1727
f 1176 1174 1727
f 1727 1174 1723
f 1174 1172 1723
f 1723 1172 1724
f 1172 1170 1724
f 1724 1170 1725
f 1170 1168 1725
f 1725 1168 1726
f 1531 1480 1479
f 1726 1168 1479
f 1168 1166 1479
f 1479 1166 1531
f 1166 1164 1531
f 1531 1164 1510
f 1164 1162 1510
f 1510 1162 1511
f 1162 1161 1511
f 1511 1161 1513
f 1161 1002 1513
f 1513 1002 1518
f 1002 1000 1518
f 1518 1000 1519
f 1000 998 1519
f 1519 998 1520
f 998 996 1520
f 1520 996 1523
f 996 994 1523
f 1523 994 1524
f 994 992 1524
f 1524 992 1525
f 992 959 1525
f 1525 959 1526
f 959 958 1526
f 1526 958 1527
f 958 957 1527
f 1527 957 1528
f 957 1009 1528
f 1528 1009 1514
f 1009 1008 1514
f 1514 1008 1515
f 1008 1007 1515
f 1515 1007 1529
f 1007 1029 1529
f 1529 1029 1530
f 1029 1028 1530
f 1530 1028 1521
f 1028 1006 1521
f 1521 1006 1522
f 1006 1005 1522
f 1522 1005 1534
f 1005 1004 1534
f 1534 1004 1535
f 1004 870 1535
f 1535 870 1536
f 1236 1247 1178
f 1247 1248 1178
f 1178 1248 1180
f 1248 1243 1180
f 1180 1243 1182
f 1243 1242 1182
f 1182 1242 1184
f 1242 1246 1184
f 1184 1246 1186
f 1246 1245 1186
f 1186 1245 1188
f 1245 1244 1188
f 1188 1244 1190
f 1244 1241 1190
f 1190 1241 1192
f 1241 1240 1192
f 1192 1240 1194
f 1240 1239 1194
f 1194 1239 1196
f 1239 1238 1196
f 1196 1238 876
f 870 868 1536
f 868 1516 1536
f 1289 396 394
f 413 412 1379
f 1516 868 867
f 1435 1434 1462
f 1434 1461 1462
f 1493 1379 1376
f 1375 1363 1376
f 1363 1328 1376
f 962 961 1287
f 867 413 1516
f 413 1379 1516
f 1516 1379 1512
f 1379 1493 1512
f 1512 1493 1569
f 1493 1568 1569
f 394 962 1289
f 962 1287 1289
f 1289 1287 1328
f 1287 1470 1328
f 1467 1466 1470
f 1466 1465 1470
f 1470 1465 1328
f 1465 1461 1328
f 1328 1461 1376
f 1461 1434 1376
f 1376 1434 1493
f 915 641 867
f 641 413 867
f 969 627 971
f 627 625 971
f 971 625 937
f 625 623 937
f 937 623 936
f 623 622 936
f 936 622 934
f 622 555 934
f 934 555 973
f 555 554 973
f 973 554 974
f 554 553 974
f 974 553 938
f 553 470 938
f 938 470 939
f 470 469 939
f 939 469 975
f 469 621 975
f 975 621 976
f 621 620 976
f 976 620 977
f 620 619 977
f 977 619 978
f 619 616 978
f 978 616 979
f 616 617 979
f 979 617 980
f 617 618 980
f 980 618 981
f 618 646 981
f 981 646 1099
f 646 645 1099
f 1099 645 1100
f 645 615 1100
f 1100 615 1102
f 615 614 1102
f 1102 614 1104
f 614 782 1104
f 1104 782 1106
f 782 784 1106
f 1106 784 1108
f 784 786 1108
f 1108 786 1158
f 786 771 1158
f 1158 771 1115
f 771 773 1115
f 1115 773 1113
f 773 775 1113
f 1113 775 1111
f 775 777 1111
f 1111 777 1109
f 777 762 1109
f 1109 762 1120
f 762 764 1120
f 1120 764 1118
f 764 766 1118
f 1118 766 912
f 766 768 912
f 912 768 913
f 768 758 913
f 913 758 1021
f 758 756 1021
f 1021 756 886
f 756 755 886
f 886 755 887
f 755 613 887
f 887 613 889
f 613 612 889
f 889 612 890
f 612 611 890
f 890 611 982
f 611 610 982
f 982 610 983
f 610 609 983
f 983 609 984
f 609 607 984
f 984 607 918
f 607 606 918
f 918 606 917
f 606 605 917
f 917 605 916
f 605 640 916
f 916 640 915
f 640 641 915
f 935 1728 1729
f 935 1729 972
f 1729 1730 972
f 972 1730 970
f 1730 1731 970
f 970 1731 968
f 1732 1731 1733
f 1731 1730 1733
f 1733 1730 1734
f 1730 1729 1734
f 1734 1729 1728
f 965 1734 935
f 1734 1728 935
f 1734 965 966
f 375 1732 376
f 1732 1733 376
f 376 1733 365
f 863 364 864
f 364 363 864
f 864 363 865
f 363 362 865
f 865 362 866
f 362 361 866
f 866 361 906
f 361 359 906
f 906 359 907
f 359 415 907
f 907 415 908
f 415 416 908
f 908 416 910
f 416 417 910
f 910 417 911
f 417 418 911
f 911 418 967
f 418 366 967
f 967 366 966
f 366 365 966
f 966 365 1734
f 365 1733 1734
f 1422 1098 1097
f 863 862 364
f 862 1427 364
f 472 471 1416
f 360 364 1421
f 364 1427 1421
f 1421 1427 1416
f 1427 1422 1416
f 1416 1422 472
f 1422 1097 472
f 1428 628 627
f 969 968 1731
f 375 374 1732
f 374 1429 1732
f 1732 1429 1731
f 1429 1428 1731
f 1731 1428 969
f 1428 627 969
f 879 712 878
f 712 714 878
f 878 714 919
f 714 716 919
f 919 716 920
f 716 718 920
f 920 718 921
f 718 720 921
f 921 720 985
f 720 722 985
f 985 722 986
f 722 724 986
f 986 724 987
f 724 726 987
f 987 726 988
f 726 728 988
f 988 728 989
f 728 730 989
f 989 730 990
f 730 731 990
f 990 731 1022
f 731 639 1022
f 1022 639 1023
f 639 638 1023
f 1023 638 1024
f 638 637 1024
f 1024 637 1060
f 637 761 1060
f 1060 761 1059
f 761 760 1059
f 1059 760 1057
f 760 759 1057
f 1057 759 1027
f 759 691 1027
f 1027 691 940
f 691 690 940
f 940 690 941
f 690 689 941
f 941 689 944
f 689 688 944
f 944 688 946
f 688 686 946
f 946 686 881
f 686 685 881
f 881 685 882
f 685 604 882
f 882 604 947
f 604 603 947
f 947 603 948
f 603 602 948
f 948 602 922
f 602 549 922
f 922 549 924
f 549 548 924
f 924 548 925
f 548 546 925
f 925 546 949
f 546 545 949
f 949 545 950
f 545 544 950
f 950 544 951
f 544 543 951
f 951 543 952
f 543 542 952
f 952 542 953
f 542 539 953
f 953 539 955
f 539 498 955
f 955 498 956
f 498 500 956
f 956 500 871
f 500 430 871
f 871 430 872
f 430 429 872
f 872 429 1069
f 429 535 1069
f 1069 535 1068
f 535 537 1068
f 1068 537 1067
f 537 538 1067
f 1067 538 1070
f 538 530 1070
f 1070 530 1071
f 530 531 1071
f 1071 531 1072
f 531 532 1072
f 1072 532 1198
f 532 497 1198
f 1198 497 1197
f 497 496 1197
f 1197 496 1195
f 496 495 1195
f 1195 495 1193
f 495 494 1193
f 1193 494 1191
f 494 493 1191
f 1191 493 1189
f 493 601 1189
f 1189 601 1187
f 601 600 1187
f 1187 600 1185
f 600 492 1185
f 1185 492 1183
f 492 491 1183
f 1183 491 1181
f 491 505 1181
f 1181 505 1179
f 505 504 1179
f 1179 504 1177
f 504 740 1177
f 1177 740 1175
f 740 742 1175
f 1175 742 1173
f 742 744 1173
f 1173 744 1171
f 744 746 1171
f 1171 746 1169
f 746 748 1169
f 1169 748 1167
f 748 750 1167
f 1167 750 1165
f 750 752 1165
f 1165 752 1163
f 752 692 1163
f 1163 692 1003
f 692 694 1003
f 1003 694 1001
f 694 696 1001
f 1001 696 999
f 696 698 999
f 999 698 997
f 698 700 997
f 997 700 995
f 700 702 995
f 995 702 993
f 702 704 993
f 993 704 991
f 704 706 991
f 991 706 960
f 706 708 960
f 960 708 880
f 708 710 880
f 880 710 879
f 710 712 879
f 53 932 1139
f 53 1139 51
f 1139 1141 51
f 51 1141 49
f 1141 1143 49
f 49 1143 47
f 1143 1155 47
f 47 1155 45
f 1155 1154 45
f 45 1154 43
f 1154 1152 43
f 43 1152 26
f 1152 1150 26
f 26 1150 27
f 1150 1149 27
f 27 1149 35
f 1149 1082 35
f 35 1082 30
f 1082 1080 30
f 30 1080 31
f 1080 1078 31
f 31 1078 24
f 1078 1077 24
f 24 1077 25
f 1077 1051 25
f 25 1051 68
f 1051 1061 68
f 68 1061 167
f 1061 1063 167
f 167 1063 165
f 1063 1084 165
f 165 1084 163
f 1084 1086 163
f 163 1086 161
f 1086 904 161
f 161 904 159
f 932 53 1013
f 53 55 1013
f 75 77 1145
f 1145 1199 75
f 1199 901 75
f 75 901 73
f 901 900 73
f 73 900 71
f 900 899 71
f 71 899 67
f 899 898 67
f 67 898 65
f 898 897 65
f 65 897 63
f 897 896 63
f 63 896 61
f 896 894 61
f 61 894 59
f 894 893 59
f 59 893 57
f 893 1013 57
f 57 1013 55
f 1145 77 1076
f 77 79 1076
f 88 875 1012
f 88 1012 87
f 1012 1011 87
f 87 1011 86
f 1011 1010 86
f 86 1010 85
f 1010 929 85
f 85 929 84
f 929 928 84
f 84 928 83
f 928 1073 83
f 83 1073 82
f 1073 1074 82
f 82 1074 81
f 1074 1075 81
f 81 1075 80
f 1075 1076 80
f 80 1076 79
f 875 88 877
f 88 89 877
f 106 923 954
f 106 954 104
f 954 873 104
f 104 873 102
f 873 927 102
f 102 927 100
f 927 926 100
f 100 926 98
f 926 885 98
f 98 885 96
f 885 884 96
f 96 884 94
f 884 892 94
f 94 892 92
f 892 891 92
f 92 891 90
f 891 877 90
f 90 877 89
f 923 106 883
f 106 108 883
f 126 869 1058
f 126 1058 124
f 1058 1056 124
f 124 1056 122
f 1056 1055 122
f 122 1055 120
f 1055 1026 120
f 120 1026 118
f 1026 1025 118
f 118 1025 116
f 1025 942 116
f 116 942 114
f 942 943 114
f 114 943 112
f 943 945 112
f 112 945 110
f 945 883 110
f 110 883 108
# 3476 faces, 0 coords texture

# End of File
