####
#
# OBJ File Generated by Meshlab
#
####
# Object sj_wk00_0021topcabinetcase_104.obj
#
# Vertices: 15021
# Faces: 30058
#
####
v -0.025250 0.004800 -0.009000
v -0.025250 0.004900 -0.009000
v -0.025250 0.004800 -0.012120
v -0.025250 0.004900 -0.011920
v -0.025250 0.004813 -0.012109
v -0.025250 0.004899 -0.011939
v -0.025250 0.004829 -0.012094
v -0.025250 0.004843 -0.012078
v -0.025250 0.004878 -0.012023
v -0.025250 0.004868 -0.012042
v -0.025250 0.004886 -0.012003
v -0.025250 0.004856 -0.012061
v -0.025250 0.004892 -0.011982
v -0.025250 0.004897 -0.011961
v -0.025750 0.004800 -0.012120
v -0.025750 0.004800 -0.009000
v -0.025750 0.004900 -0.011920
v -0.025750 0.004900 -0.009000
v -0.025750 0.004813 -0.012109
v -0.025750 0.004899 -0.011939
v -0.025750 0.004829 -0.012094
v -0.025750 0.004843 -0.012078
v -0.025750 0.004856 -0.012061
v -0.025750 0.004868 -0.012042
v -0.025750 0.004878 -0.012023
v -0.025750 0.004886 -0.012003
v -0.025750 0.004892 -0.011982
v -0.025750 0.004897 -0.011961
v -0.032447 0.004900 0.011093
v -0.032600 0.004900 0.011100
v -0.032566 0.004900 0.011838
v -0.025250 0.004900 0.009000
v -0.019309 0.004900 0.006544
v -0.016500 0.004900 0.000250
v -0.019136 0.004900 0.006364
v -0.018956 0.004900 0.006191
v -0.020038 0.004900 0.009441
v -0.020038 0.004900 0.009437
v -0.020036 0.004900 0.009419
v -0.020034 0.004900 0.009411
v -0.020032 0.004900 0.009401
v -0.020000 0.004900 0.009327
v -0.019990 0.004900 0.009313
v -0.017686 0.004900 0.007460
v -0.017193 0.004900 0.006906
v -0.016626 0.004900 0.006161
v -0.029522 0.004900 -0.003375
v -0.029801 0.004900 -0.003011
v -0.020567 0.004900 -0.001796
v -0.020429 0.004900 -0.001359
v -0.016500 0.004900 -0.000250
v -0.019309 0.004900 -0.006544
v -0.019136 0.004900 -0.006364
v -0.018956 0.004900 -0.006191
v -0.031084 0.004900 -0.010225
v -0.031014 0.004900 -0.010090
v -0.019995 0.004900 -0.009320
v -0.020005 0.004900 -0.009336
v -0.020026 0.004900 -0.009381
v -0.020031 0.004900 -0.009395
v -0.020034 0.004900 -0.009411
v -0.020035 0.004900 -0.009413
v -0.020037 0.004900 -0.009431
v -0.020038 0.004900 -0.009441
v -0.020027 0.004900 0.009383
v -0.020026 0.004900 0.009381
v -0.020025 0.004900 0.009378
v -0.020021 0.004900 0.009366
v -0.020018 0.004900 0.009360
v -0.020014 0.004900 0.009352
v -0.020010 0.004900 0.009344
v -0.020007 0.004900 0.009338
v -0.019989 0.004900 0.009312
v -0.019987 0.004900 0.009310
v -0.019980 0.004900 0.009301
v -0.019974 0.004900 0.009294
v -0.019969 0.004900 0.009289
v -0.019960 0.004900 0.009280
v -0.019957 0.004900 0.009278
v -0.019945 0.004900 0.009268
v -0.019932 0.004900 0.009258
v -0.019929 0.004900 0.009256
v -0.015060 0.004900 0.002778
v -0.014859 0.004900 0.001864
v -0.014737 0.004900 0.000935
v -0.014700 0.004900 0.000250
v -0.034034 0.004900 0.010354
v -0.034116 0.004900 0.010225
v -0.034657 0.004900 0.010026
v -0.014700 0.004900 -0.000250
v -0.014737 0.004900 -0.000935
v -0.014859 0.004900 -0.001864
v -0.020007 0.004900 -0.009338
v -0.020014 0.004900 -0.009352
v -0.020021 0.004900 -0.009366
v -0.020038 0.004900 -0.009449
v -0.020039 0.004900 -0.009455
v -0.020039 0.004900 -0.011920
v -0.025250 0.004900 0.011920
v -0.020039 0.004900 0.011920
v -0.020039 0.004900 0.009455
v -0.018040 0.004900 0.007814
v -0.018509 0.004900 0.008236
v -0.019248 0.004900 0.008811
v -0.019920 0.004900 0.009251
v -0.021478 0.004900 -0.003375
v -0.021199 0.004900 -0.003011
v -0.030956 0.004900 -0.009949
v -0.030910 0.004900 -0.009803
v -0.030877 0.004900 -0.009654
v -0.035170 0.004900 -0.000250
v -0.033340 0.004900 -0.007764
v -0.033475 0.004900 -0.007834
v -0.033837 0.004900 -0.008113
v -0.033941 0.004900 -0.008225
v -0.034034 0.004900 -0.008346
v -0.035170 0.004900 -0.008788
v -0.034116 0.004900 -0.008475
v -0.034186 0.004900 -0.008610
v -0.034244 0.004900 -0.008751
v -0.034290 0.004900 -0.008897
v -0.035168 0.004900 -0.008871
v -0.034323 0.004900 -0.009046
v -0.035154 0.004900 -0.009021
v -0.034343 0.004900 -0.009197
v -0.034343 0.004900 -0.009503
v -0.035036 0.004900 -0.009458
v -0.034350 0.004900 -0.009350
v -0.035088 0.004900 -0.009316
v -0.035128 0.004900 -0.009170
v -0.032708 0.004900 0.011786
v -0.032753 0.004900 0.011093
v -0.032845 0.004900 0.011723
v -0.020022 0.004900 -0.009369
v -0.020025 0.004900 -0.009377
v -0.016126 0.004900 0.005370
v -0.015696 0.004900 0.004538
v -0.015340 0.004900 0.003672
v -0.020953 0.004900 -0.002625
v -0.020742 0.004900 -0.002219
v -0.030857 0.004900 -0.009503
v -0.030850 0.004900 -0.009350
v -0.030857 0.004900 -0.009197
v -0.030877 0.004900 -0.009046
v -0.030910 0.004900 -0.008897
v -0.030956 0.004900 -0.008751
v -0.031014 0.004900 -0.008610
v -0.031084 0.004900 -0.008475
v -0.031860 0.004900 -0.007764
v -0.032001 0.004900 -0.007706
v -0.034323 0.004900 0.009046
v -0.034186 0.004900 0.008610
v -0.034116 0.004900 0.008475
v -0.031363 0.004900 -0.008113
v -0.030910 0.004900 0.009803
v -0.030956 0.004900 0.009949
v -0.025750 0.004900 0.011920
v -0.031014 0.004900 0.010090
v -0.031084 0.004900 0.010225
v -0.031166 0.004900 0.010354
v -0.031259 0.004900 0.010475
v -0.031363 0.004900 0.010587
v -0.034500 0.004900 0.000250
v -0.032904 0.004900 -0.007627
v -0.034500 0.004900 -0.000250
v -0.033053 0.004900 -0.007660
v -0.033199 0.004900 -0.007706
v -0.033604 0.004900 -0.007916
v -0.033725 0.004900 -0.008009
v -0.033604 0.004900 -0.010784
v -0.033475 0.004900 -0.010866
v -0.033276 0.004900 -0.011407
v -0.034186 0.004900 0.010090
v -0.034244 0.004900 0.009949
v -0.034714 0.004900 0.009966
v -0.034290 0.004900 0.009803
v -0.034811 0.004900 0.009850
v -0.034323 0.004900 0.009654
v -0.032753 0.004900 -0.007607
v -0.034343 0.004900 0.009197
v -0.034350 0.004900 0.009350
v -0.035170 0.004900 0.000250
v -0.016126 0.004900 -0.005370
v -0.016626 0.004900 -0.006161
v -0.017193 0.004900 -0.006906
v -0.017686 0.004900 -0.007460
v -0.020330 0.004900 -0.000912
v -0.020270 0.004900 -0.000458
v -0.020250 0.004900 0.000000
v -0.020270 0.004900 0.000458
v -0.020567 0.004900 0.001796
v -0.020742 0.004900 0.002219
v -0.020953 0.004900 0.002625
v -0.021199 0.004900 0.003011
v -0.031725 0.004900 -0.010866
v -0.031860 0.004900 -0.010936
v -0.032001 0.004900 -0.010994
v -0.031596 0.004900 -0.010784
v -0.031475 0.004900 -0.010691
v -0.031363 0.004900 -0.010587
v -0.031259 0.004900 -0.010475
v -0.031166 0.004900 -0.010354
v -0.030730 0.004900 -0.000458
v -0.030670 0.004900 -0.000912
v -0.030571 0.004900 -0.001359
v -0.030433 0.004900 -0.001796
v -0.034244 0.004900 0.008751
v -0.030910 0.004900 0.008897
v -0.030877 0.004900 0.009046
v -0.025750 0.004900 0.009000
v -0.030857 0.004900 0.009197
v -0.031475 0.004900 0.010691
v -0.031596 0.004900 0.010784
v -0.032038 0.004900 0.011920
v -0.031725 0.004900 0.010866
v -0.031860 0.004900 0.010936
v -0.032001 0.004900 0.010994
v -0.032147 0.004900 0.011040
v -0.032121 0.004900 0.011918
v -0.032296 0.004900 0.011073
v -0.032271 0.004900 0.011904
v -0.032420 0.004900 0.011878
v -0.034290 0.004900 -0.009803
v -0.034811 0.004900 -0.009850
v -0.034323 0.004900 -0.009654
v -0.034897 0.004900 -0.009726
v -0.034973 0.004900 -0.009595
v -0.033276 0.004900 0.011407
v -0.033837 0.004900 0.010587
v -0.033941 0.004900 0.010475
v -0.035036 0.004900 0.009458
v -0.034343 0.004900 0.009503
v -0.034973 0.004900 0.009595
v -0.034897 0.004900 0.009726
v -0.015060 0.004900 -0.002778
v -0.015340 0.004900 -0.003672
v -0.015696 0.004900 -0.004538
v -0.018040 0.004900 -0.007814
v -0.018509 0.004900 -0.008236
v -0.019248 0.004900 -0.008811
v -0.019920 0.004900 -0.009251
v -0.019931 0.004900 -0.009258
v -0.019937 0.004900 -0.009262
v -0.019952 0.004900 -0.009274
v -0.019957 0.004900 -0.009278
v -0.019980 0.004900 -0.009301
v -0.019983 0.004900 -0.009305
v -0.019990 0.004900 -0.009313
v -0.021788 0.004900 -0.003712
v -0.022125 0.004900 -0.004022
v -0.020330 0.004900 0.000912
v -0.020429 0.004900 0.001359
v -0.022489 0.004900 0.004301
v -0.022875 0.004900 0.004547
v -0.023281 0.004900 0.004758
v -0.025500 0.004900 0.005250
v -0.025042 0.004900 0.005230
v -0.024588 0.004900 0.005170
v -0.030258 0.004900 -0.002219
v -0.030047 0.004900 -0.002625
v -0.031259 0.004900 -0.008225
v -0.031166 0.004900 -0.008346
v -0.032600 0.004900 -0.007600
v -0.032447 0.004900 -0.007607
v -0.030956 0.004900 0.008751
v -0.031014 0.004900 0.008610
v -0.025958 0.004900 0.005230
v -0.031084 0.004900 0.008475
v -0.030850 0.004900 0.009350
v -0.030857 0.004900 0.009503
v -0.030877 0.004900 0.009654
v -0.034244 0.004900 -0.009949
v -0.034657 0.004900 -0.010026
v -0.034714 0.004900 -0.009966
v -0.032976 0.004900 0.011647
v -0.032904 0.004900 0.011073
v -0.033100 0.004900 0.011561
v -0.033053 0.004900 0.011040
v -0.033216 0.004900 0.011464
v -0.033340 0.004900 0.010936
v -0.033475 0.004900 0.010866
v -0.035170 0.004900 0.008788
v -0.035168 0.004900 0.008871
v -0.035154 0.004900 0.009021
v -0.019967 0.004900 -0.009287
v -0.019969 0.004900 -0.009289
v -0.029212 0.004900 -0.003712
v -0.028875 0.004900 -0.004022
v -0.028511 0.004900 -0.004301
v -0.023281 0.004900 -0.004758
v -0.023704 0.004900 -0.004933
v -0.024141 0.004900 -0.005071
v -0.022875 0.004900 -0.004547
v -0.022489 0.004900 -0.004301
v -0.021478 0.004900 0.003375
v -0.021788 0.004900 0.003712
v -0.022125 0.004900 0.004022
v -0.031475 0.004900 -0.008009
v -0.031596 0.004900 -0.007916
v -0.031725 0.004900 -0.007834
v -0.032147 0.004900 -0.007660
v -0.032296 0.004900 -0.007627
v -0.034290 0.004900 0.008897
v -0.033837 0.004900 0.008113
v -0.033725 0.004900 0.008009
v -0.030258 0.004900 0.002219
v -0.030433 0.004900 0.001796
v -0.030571 0.004900 0.001359
v -0.034186 0.004900 -0.010090
v -0.034116 0.004900 -0.010225
v -0.034034 0.004900 -0.010354
v -0.032038 0.004900 -0.011920
v -0.032147 0.004900 -0.011040
v -0.032296 0.004900 -0.011073
v -0.033199 0.004900 0.010994
v -0.033604 0.004900 0.010784
v -0.033725 0.004900 0.010691
v -0.035128 0.004900 0.009170
v -0.035088 0.004900 0.009316
v -0.023704 0.004900 0.004933
v -0.024141 0.004900 0.005071
v -0.033941 0.004900 0.008225
v -0.033941 0.004900 -0.010475
v -0.033837 0.004900 -0.010587
v -0.033725 0.004900 -0.010691
v -0.033340 0.004900 -0.010936
v -0.033199 0.004900 -0.010994
v -0.033216 0.004900 -0.011464
v -0.033053 0.004900 -0.011040
v -0.033100 0.004900 -0.011561
v -0.032904 0.004900 -0.011073
v -0.032121 0.004900 -0.011918
v -0.032271 0.004900 -0.011904
v -0.032447 0.004900 -0.011093
v -0.032420 0.004900 -0.011878
v -0.032600 0.004900 -0.011100
v -0.028125 0.004900 -0.004547
v -0.027719 0.004900 -0.004758
v -0.027296 0.004900 -0.004933
v -0.025958 0.004900 -0.005230
v -0.025500 0.004900 -0.005250
v -0.027296 0.004900 0.004933
v -0.027719 0.004900 0.004758
v -0.031166 0.004900 0.008346
v -0.030670 0.004900 0.000912
v -0.030730 0.004900 0.000458
v -0.030750 0.004900 -0.000000
v -0.032566 0.004900 -0.011838
v -0.032708 0.004900 -0.011786
v -0.032753 0.004900 -0.011093
v -0.032845 0.004900 -0.011723
v -0.032976 0.004900 -0.011647
v -0.026859 0.004900 -0.005071
v -0.026412 0.004900 -0.005170
v -0.034034 0.004900 0.008346
v -0.026859 0.004900 0.005071
v -0.025042 0.004900 -0.005230
v -0.024588 0.004900 -0.005170
v -0.033604 0.004900 0.007916
v -0.033475 0.004900 0.007834
v -0.030047 0.004900 0.002625
v -0.029801 0.004900 0.003011
v -0.026412 0.004900 0.005170
v -0.028875 0.004900 0.004022
v -0.032001 0.004900 0.007706
v -0.031860 0.004900 0.007764
v -0.033199 0.004900 0.007706
v -0.033053 0.004900 0.007660
v -0.029522 0.004900 0.003375
v -0.033340 0.004900 0.007764
v -0.031725 0.004900 0.007834
v -0.031596 0.004900 0.007916
v -0.028511 0.004900 0.004301
v -0.031475 0.004900 0.008009
v -0.028125 0.004900 0.004547
v -0.031363 0.004900 0.008113
v -0.031259 0.004900 0.008225
v -0.032904 0.004900 0.007627
v -0.032753 0.004900 0.007607
v -0.032600 0.004900 0.007600
v -0.032447 0.004900 0.007607
v -0.032296 0.004900 0.007627
v -0.032147 0.004900 0.007660
v -0.029212 0.004900 0.003712
v -0.020031 0.004805 -0.012116
v -0.020030 0.004813 -0.012109
v -0.020031 0.004806 -0.012115
v -0.020032 0.004796 -0.012123
v -0.032038 0.004828 -0.012095
v -0.032038 0.004829 -0.012094
v -0.032038 0.004843 -0.012079
v -0.032038 0.004843 -0.012078
v -0.032038 0.004856 -0.012062
v -0.032038 0.004856 -0.012061
v -0.032038 0.004867 -0.012044
v -0.032038 0.004868 -0.012042
v -0.032038 0.004877 -0.012024
v -0.032038 0.004878 -0.012023
v -0.032038 0.004885 -0.012004
v -0.032038 0.004886 -0.012003
v -0.032038 0.004892 -0.011984
v -0.032038 0.004892 -0.011982
v -0.032038 0.004896 -0.011962
v -0.032038 0.004897 -0.011961
v -0.032038 0.004899 -0.011941
v -0.020071 0.004697 -0.012165
v -0.032038 0.004697 -0.012165
v -0.020065 0.004707 -0.012163
v -0.032038 0.004717 -0.012160
v -0.020059 0.004718 -0.012160
v -0.032038 0.004718 -0.012160
v -0.020054 0.004728 -0.012157
v -0.032038 0.004738 -0.012154
v -0.020050 0.004739 -0.012153
v -0.032038 0.004739 -0.012153
v -0.020046 0.004749 -0.012149
v -0.032038 0.004758 -0.012145
v -0.020042 0.004759 -0.012145
v -0.032038 0.004759 -0.012145
v -0.020039 0.004768 -0.012140
v -0.032038 0.004777 -0.012135
v -0.020036 0.004778 -0.012135
v -0.032038 0.004778 -0.012135
v -0.020034 0.004787 -0.012129
v -0.032038 0.004795 -0.012123
v -0.032038 0.004796 -0.012123
v -0.032038 0.004812 -0.012110
v -0.032038 0.004813 -0.012109
v -0.020084 0.004675 -0.012168
v -0.020098 0.004653 -0.012170
v -0.032038 0.004653 -0.012170
v -0.032038 0.004675 -0.012168
v -0.032038 0.004675 -0.012168
v -0.032038 0.004696 -0.012165
v -0.020030 0.004821 -0.012102
v -0.020030 0.004829 -0.012094
v -0.020030 0.004838 -0.012084
v -0.020030 0.004843 -0.012078
v -0.020031 0.004850 -0.012070
v -0.020031 0.004856 -0.012061
v -0.020032 0.004859 -0.012057
v -0.020033 0.004868 -0.012042
v -0.020034 0.004874 -0.012031
v -0.020035 0.004878 -0.012023
v -0.020036 0.004886 -0.012003
v -0.020036 0.004885 -0.012006
v -0.020038 0.004895 -0.011971
v -0.020039 0.004897 -0.011961
v -0.020039 0.004897 -0.011958
v -0.020038 0.004892 -0.011982
v -0.020038 0.004892 -0.011982
v -0.020037 0.004889 -0.011992
v -0.020039 0.004899 -0.011939
v -0.020039 0.004900 -0.011934
v -0.032297 0.004654 -0.012153
v -0.032305 0.004654 -0.012152
v -0.032304 0.004675 -0.012151
v -0.032468 0.004654 -0.012123
v -0.032475 0.004654 -0.012121
v -0.032474 0.004675 -0.012120
v -0.032636 0.004654 -0.012078
v -0.032641 0.004654 -0.012077
v -0.032641 0.004675 -0.012075
v -0.032799 0.004654 -0.012019
v -0.032804 0.004654 -0.012017
v -0.032803 0.004675 -0.012016
v -0.032957 0.004654 -0.011946
v -0.032960 0.004654 -0.011944
v -0.032960 0.004675 -0.011943
v -0.032122 0.004899 -0.011939
v -0.033291 0.004899 -0.011422
v -0.033230 0.004899 -0.011480
v -0.033305 0.004897 -0.011436
v -0.033245 0.004896 -0.011496
v -0.033306 0.004896 -0.011437
v -0.033320 0.004892 -0.011451
v -0.033259 0.004892 -0.011511
v -0.033321 0.004892 -0.011452
v -0.033334 0.004886 -0.011466
v -0.033273 0.004885 -0.011527
v -0.033336 0.004885 -0.011467
v -0.033349 0.004878 -0.011480
v -0.033286 0.004877 -0.011541
v -0.033350 0.004877 -0.011481
v -0.033362 0.004868 -0.011494
v -0.033299 0.004867 -0.011556
v -0.033363 0.004867 -0.011495
v -0.033376 0.004856 -0.011507
v -0.033312 0.004856 -0.011569
v -0.033376 0.004856 -0.011508
v -0.033388 0.004843 -0.011519
v -0.033323 0.004843 -0.011582
v -0.033389 0.004843 -0.011520
v -0.033399 0.004829 -0.011531
v -0.033334 0.004828 -0.011594
v -0.033400 0.004828 -0.011531
v -0.033410 0.004813 -0.011541
v -0.033344 0.004812 -0.011605
v -0.033410 0.004812 -0.011542
v -0.033419 0.004796 -0.011551
v -0.033353 0.004795 -0.011615
v -0.033420 0.004795 -0.011551
v -0.033428 0.004778 -0.011559
v -0.033361 0.004777 -0.011623
v -0.033428 0.004777 -0.011559
v -0.033435 0.004759 -0.011566
v -0.033368 0.004758 -0.011631
v -0.033435 0.004758 -0.011567
v -0.033441 0.004739 -0.011572
v -0.033374 0.004738 -0.011637
v -0.033441 0.004738 -0.011573
v -0.033446 0.004718 -0.011577
v -0.033378 0.004717 -0.011642
v -0.033446 0.004717 -0.011577
v -0.033449 0.004697 -0.011581
v -0.033381 0.004696 -0.011646
v -0.033449 0.004696 -0.011581
v -0.033452 0.004675 -0.011583
v -0.033384 0.004675 -0.011648
v -0.033452 0.004675 -0.011583
v -0.033452 0.004653 -0.011584
v -0.033384 0.004654 -0.011649
v -0.033371 0.004654 -0.011661
v -0.033252 0.004654 -0.011760
v -0.033242 0.004654 -0.011767
v -0.033250 0.004654 -0.011761
v -0.033251 0.004675 -0.011759
v -0.032962 0.004654 -0.011943
v -0.033106 0.004654 -0.011861
v -0.033109 0.004675 -0.011857
v -0.033108 0.004654 -0.011860
v -0.033110 0.004654 -0.011858
v -0.032697 0.004654 -0.012058
v -0.032539 0.004654 -0.012106
v -0.032377 0.004654 -0.012141
v -0.032212 0.004654 -0.012162
v -0.032133 0.004654 -0.012167
v -0.032132 0.004675 -0.012166
v -0.032132 0.004696 -0.012163
v -0.032132 0.004717 -0.012158
v -0.032132 0.004738 -0.012152
v -0.032131 0.004758 -0.012143
v -0.032131 0.004777 -0.012133
v -0.032130 0.004795 -0.012121
v -0.032130 0.004812 -0.012108
v -0.032129 0.004828 -0.012093
v -0.032128 0.004843 -0.012077
v -0.032127 0.004856 -0.012060
v -0.032127 0.004867 -0.012041
v -0.032126 0.004877 -0.012022
v -0.032125 0.004885 -0.012002
v -0.032124 0.004892 -0.011982
v -0.032123 0.004896 -0.011960
v -0.032304 0.004696 -0.012148
v -0.032303 0.004717 -0.012143
v -0.032302 0.004738 -0.012136
v -0.032301 0.004758 -0.012128
v -0.032300 0.004777 -0.012118
v -0.032298 0.004795 -0.012106
v -0.032297 0.004812 -0.012093
v -0.032295 0.004828 -0.012078
v -0.032293 0.004843 -0.012062
v -0.032290 0.004856 -0.012045
v -0.032288 0.004867 -0.012027
v -0.032285 0.004877 -0.012008
v -0.032283 0.004885 -0.011988
v -0.032280 0.004892 -0.011967
v -0.032277 0.004896 -0.011946
v -0.032274 0.004899 -0.011925
v -0.032474 0.004696 -0.012117
v -0.032473 0.004717 -0.012113
v -0.032471 0.004738 -0.012106
v -0.032469 0.004758 -0.012098
v -0.032467 0.004777 -0.012088
v -0.032464 0.004795 -0.012076
v -0.032462 0.004812 -0.012063
v -0.032458 0.004828 -0.012049
v -0.032455 0.004843 -0.012033
v -0.032451 0.004856 -0.012016
v -0.032447 0.004867 -0.011998
v -0.032443 0.004877 -0.011980
v -0.032439 0.004885 -0.011960
v -0.032434 0.004892 -0.011940
v -0.032429 0.004896 -0.011919
v -0.032425 0.004899 -0.011898
v -0.032640 0.004696 -0.012072
v -0.032639 0.004717 -0.012068
v -0.032637 0.004738 -0.012061
v -0.032634 0.004758 -0.012053
v -0.032631 0.004777 -0.012044
v -0.032627 0.004795 -0.012032
v -0.032623 0.004812 -0.012020
v -0.032619 0.004828 -0.012006
v -0.032614 0.004843 -0.011990
v -0.032609 0.004856 -0.011974
v -0.032603 0.004867 -0.011956
v -0.032598 0.004877 -0.011938
v -0.032592 0.004885 -0.011919
v -0.032585 0.004892 -0.011899
v -0.032579 0.004896 -0.011879
v -0.032572 0.004899 -0.011859
v -0.032802 0.004696 -0.012013
v -0.032800 0.004717 -0.012009
v -0.032798 0.004738 -0.012003
v -0.032794 0.004758 -0.011995
v -0.032790 0.004777 -0.011985
v -0.032786 0.004795 -0.011975
v -0.032781 0.004812 -0.011962
v -0.032775 0.004828 -0.011949
v -0.032769 0.004843 -0.011934
v -0.032762 0.004856 -0.011918
v -0.032755 0.004867 -0.011901
v -0.032748 0.004877 -0.011883
v -0.032740 0.004885 -0.011865
v -0.032732 0.004892 -0.011846
v -0.032724 0.004896 -0.011826
v -0.032716 0.004899 -0.011806
v -0.032958 0.004696 -0.011941
v -0.032956 0.004717 -0.011936
v -0.032953 0.004738 -0.011930
v -0.032949 0.004758 -0.011923
v -0.032944 0.004777 -0.011914
v -0.032939 0.004795 -0.011903
v -0.032933 0.004812 -0.011892
v -0.032926 0.004828 -0.011878
v -0.032919 0.004843 -0.011864
v -0.032911 0.004856 -0.011849
v -0.032902 0.004867 -0.011833
v -0.032893 0.004877 -0.011816
v -0.032884 0.004885 -0.011798
v -0.032874 0.004892 -0.011779
v -0.032865 0.004896 -0.011761
v -0.032855 0.004899 -0.011742
v -0.033108 0.004696 -0.011855
v -0.033105 0.004717 -0.011851
v -0.033101 0.004738 -0.011845
v -0.033097 0.004758 -0.011838
v -0.033091 0.004777 -0.011829
v -0.033085 0.004795 -0.011819
v -0.033078 0.004812 -0.011808
v -0.033070 0.004828 -0.011795
v -0.033061 0.004843 -0.011782
v -0.033052 0.004856 -0.011767
v -0.033042 0.004867 -0.011752
v -0.033032 0.004877 -0.011736
v -0.033021 0.004885 -0.011719
v -0.033010 0.004892 -0.011701
v -0.032999 0.004896 -0.011683
v -0.032987 0.004899 -0.011665
v -0.033249 0.004696 -0.011756
v -0.033246 0.004717 -0.011752
v -0.033242 0.004738 -0.011747
v -0.033237 0.004758 -0.011740
v -0.033231 0.004777 -0.011732
v -0.033224 0.004795 -0.011723
v -0.033215 0.004812 -0.011712
v -0.033207 0.004828 -0.011700
v -0.033197 0.004843 -0.011688
v -0.033186 0.004856 -0.011674
v -0.033175 0.004867 -0.011659
v -0.033163 0.004877 -0.011644
v -0.033151 0.004885 -0.011628
v -0.033139 0.004892 -0.011612
v -0.033126 0.004896 -0.011595
v -0.033113 0.004899 -0.011578
v -0.034672 0.004899 -0.010041
v -0.034834 0.004653 -0.010202
v -0.034833 0.004675 -0.010202
v -0.034833 0.004675 -0.010202
v -0.034831 0.004696 -0.010199
v -0.034831 0.004697 -0.010199
v -0.034827 0.004717 -0.010196
v -0.034827 0.004718 -0.010196
v -0.034823 0.004738 -0.010191
v -0.034822 0.004739 -0.010191
v -0.034817 0.004758 -0.010185
v -0.034816 0.004759 -0.010185
v -0.034809 0.004777 -0.010178
v -0.034809 0.004778 -0.010178
v -0.034801 0.004795 -0.010170
v -0.034801 0.004796 -0.010169
v -0.034792 0.004812 -0.010160
v -0.034791 0.004813 -0.010160
v -0.034781 0.004828 -0.010150
v -0.034781 0.004829 -0.010149
v -0.034770 0.004843 -0.010139
v -0.034769 0.004843 -0.010138
v -0.034758 0.004856 -0.010126
v -0.034757 0.004856 -0.010126
v -0.034745 0.004867 -0.010113
v -0.034744 0.004868 -0.010112
v -0.034731 0.004877 -0.010100
v -0.034730 0.004878 -0.010099
v -0.034717 0.004885 -0.010086
v -0.034716 0.004886 -0.010084
v -0.034702 0.004892 -0.010071
v -0.034701 0.004892 -0.010070
v -0.034687 0.004896 -0.010056
v -0.034686 0.004897 -0.010055
v -0.035005 0.004654 -0.010008
v -0.035010 0.004654 -0.010002
v -0.035009 0.004675 -0.010001
v -0.035105 0.004654 -0.009866
v -0.035108 0.004654 -0.009860
v -0.035107 0.004675 -0.009859
v -0.035192 0.004654 -0.009715
v -0.035194 0.004654 -0.009710
v -0.035193 0.004675 -0.009710
v -0.035266 0.004654 -0.009558
v -0.035268 0.004654 -0.009553
v -0.035266 0.004675 -0.009553
v -0.035325 0.004654 -0.009395
v -0.035327 0.004654 -0.009391
v -0.035325 0.004675 -0.009391
v -0.034730 0.004899 -0.009980
v -0.035191 0.004899 -0.008788
v -0.035189 0.004899 -0.008872
v -0.035191 0.004899 -0.008788
v -0.035210 0.004896 -0.008873
v -0.035212 0.004896 -0.008788
v -0.035213 0.004896 -0.008788
v -0.035232 0.004892 -0.008874
v -0.035234 0.004892 -0.008788
v -0.035234 0.004892 -0.008788
v -0.035252 0.004885 -0.008875
v -0.035254 0.004885 -0.008788
v -0.035274 0.004877 -0.008788
v -0.035272 0.004877 -0.008876
v -0.035294 0.004867 -0.008788
v -0.035291 0.004867 -0.008877
v -0.035312 0.004856 -0.008788
v -0.035310 0.004856 -0.008877
v -0.035329 0.004843 -0.008788
v -0.035327 0.004843 -0.008878
v -0.035345 0.004828 -0.008788
v -0.035343 0.004828 -0.008879
v -0.035360 0.004812 -0.008788
v -0.035358 0.004812 -0.008880
v -0.035373 0.004795 -0.008788
v -0.035371 0.004795 -0.008880
v -0.035385 0.004777 -0.008788
v -0.035383 0.004777 -0.008881
v -0.035395 0.004758 -0.008788
v -0.035393 0.004758 -0.008881
v -0.035404 0.004738 -0.008788
v -0.035402 0.004738 -0.008882
v -0.035410 0.004718 -0.008788
v -0.035408 0.004717 -0.008882
v -0.035410 0.004717 -0.008788
v -0.035415 0.004696 -0.008788
v -0.035413 0.004696 -0.008882
v -0.035415 0.004696 -0.008788
v -0.035418 0.004675 -0.008788
v -0.035416 0.004675 -0.008882
v -0.035418 0.004675 -0.008788
v -0.035420 0.004653 -0.008788
v -0.035417 0.004654 -0.008883
v -0.035416 0.004654 -0.008901
v -0.035402 0.004654 -0.009055
v -0.035400 0.004654 -0.009066
v -0.035402 0.004654 -0.009056
v -0.035401 0.004675 -0.009054
v -0.035327 0.004654 -0.009389
v -0.035370 0.004654 -0.009229
v -0.035370 0.004675 -0.009224
v -0.035371 0.004654 -0.009227
v -0.035221 0.004654 -0.009657
v -0.035143 0.004654 -0.009804
v -0.035053 0.004654 -0.009943
v -0.034952 0.004654 -0.010074
v -0.034899 0.004654 -0.010134
v -0.034898 0.004675 -0.010134
v -0.034896 0.004696 -0.010131
v -0.034892 0.004717 -0.010128
v -0.034887 0.004738 -0.010124
v -0.034881 0.004758 -0.010118
v -0.034873 0.004777 -0.010111
v -0.034865 0.004795 -0.010103
v -0.034855 0.004812 -0.010094
v -0.034844 0.004828 -0.010084
v -0.034832 0.004843 -0.010073
v -0.034819 0.004856 -0.010062
v -0.034806 0.004867 -0.010049
v -0.034791 0.004877 -0.010036
v -0.034777 0.004885 -0.010023
v -0.034761 0.004892 -0.010009
v -0.034746 0.004896 -0.009995
v -0.035006 0.004696 -0.009999
v -0.035002 0.004717 -0.009996
v -0.034997 0.004738 -0.009992
v -0.034990 0.004758 -0.009987
v -0.034982 0.004777 -0.009981
v -0.034973 0.004795 -0.009974
v -0.034962 0.004812 -0.009965
v -0.034950 0.004828 -0.009957
v -0.034938 0.004843 -0.009947
v -0.034924 0.004856 -0.009936
v -0.034909 0.004867 -0.009925
v -0.034894 0.004877 -0.009913
v -0.034878 0.004885 -0.009901
v -0.034862 0.004892 -0.009889
v -0.034845 0.004896 -0.009876
v -0.034828 0.004899 -0.009863
v -0.035105 0.004696 -0.009858
v -0.035101 0.004717 -0.009855
v -0.035095 0.004738 -0.009851
v -0.035088 0.004758 -0.009847
v -0.035079 0.004777 -0.009841
v -0.035069 0.004795 -0.009835
v -0.035058 0.004812 -0.009828
v -0.035045 0.004828 -0.009820
v -0.035032 0.004843 -0.009811
v -0.035017 0.004856 -0.009802
v -0.035002 0.004867 -0.009792
v -0.034986 0.004877 -0.009782
v -0.034969 0.004885 -0.009771
v -0.034951 0.004892 -0.009760
v -0.034933 0.004896 -0.009749
v -0.034915 0.004899 -0.009737
v -0.035191 0.004696 -0.009708
v -0.035186 0.004717 -0.009706
v -0.035180 0.004738 -0.009703
v -0.035173 0.004758 -0.009699
v -0.035164 0.004777 -0.009694
v -0.035153 0.004795 -0.009689
v -0.035142 0.004812 -0.009683
v -0.035128 0.004828 -0.009676
v -0.035114 0.004843 -0.009669
v -0.035099 0.004856 -0.009661
v -0.035083 0.004867 -0.009652
v -0.035066 0.004877 -0.009643
v -0.035048 0.004885 -0.009634
v -0.035029 0.004892 -0.009624
v -0.035011 0.004896 -0.009615
v -0.034992 0.004899 -0.009605
v -0.035263 0.004696 -0.009552
v -0.035259 0.004717 -0.009550
v -0.035253 0.004738 -0.009548
v -0.035245 0.004758 -0.009544
v -0.035235 0.004777 -0.009540
v -0.035225 0.004795 -0.009536
v -0.035212 0.004812 -0.009531
v -0.035199 0.004828 -0.009525
v -0.035184 0.004843 -0.009519
v -0.035168 0.004856 -0.009512
v -0.035151 0.004867 -0.009505
v -0.035133 0.004877 -0.009498
v -0.035115 0.004885 -0.009490
v -0.035096 0.004892 -0.009482
v -0.035076 0.004896 -0.009474
v -0.035056 0.004899 -0.009466
v -0.035322 0.004696 -0.009390
v -0.035318 0.004717 -0.009389
v -0.035311 0.004738 -0.009387
v -0.035303 0.004758 -0.009384
v -0.035294 0.004777 -0.009381
v -0.035282 0.004795 -0.009377
v -0.035270 0.004812 -0.009373
v -0.035256 0.004828 -0.009369
v -0.035240 0.004843 -0.009364
v -0.035224 0.004856 -0.009359
v -0.035206 0.004867 -0.009353
v -0.035188 0.004877 -0.009348
v -0.035169 0.004885 -0.009342
v -0.035149 0.004892 -0.009335
v -0.035129 0.004896 -0.009329
v -0.035109 0.004899 -0.009322
v -0.035367 0.004696 -0.009224
v -0.035363 0.004717 -0.009223
v -0.035356 0.004738 -0.009221
v -0.035348 0.004758 -0.009219
v -0.035338 0.004777 -0.009217
v -0.035326 0.004795 -0.009214
v -0.035313 0.004812 -0.009212
v -0.035299 0.004828 -0.009208
v -0.035283 0.004843 -0.009205
v -0.035266 0.004856 -0.009201
v -0.035248 0.004867 -0.009197
v -0.035230 0.004877 -0.009193
v -0.035210 0.004885 -0.009189
v -0.035190 0.004892 -0.009184
v -0.035169 0.004896 -0.009179
v -0.035148 0.004899 -0.009175
v -0.035398 0.004696 -0.009054
v -0.035393 0.004717 -0.009053
v -0.035386 0.004738 -0.009052
v -0.035378 0.004758 -0.009051
v -0.035368 0.004777 -0.009050
v -0.035356 0.004795 -0.009048
v -0.035343 0.004812 -0.009047
v -0.035328 0.004828 -0.009045
v -0.035312 0.004843 -0.009043
v -0.035295 0.004856 -0.009040
v -0.035277 0.004867 -0.009038
v -0.035258 0.004877 -0.009035
v -0.035238 0.004885 -0.009033
v -0.035217 0.004892 -0.009030
v -0.035196 0.004896 -0.009027
v -0.035175 0.004899 -0.009024
v -0.035370 0.004800 0.000250
v -0.035370 0.004800 -0.000250
v -0.035373 0.004795 0.008788
v -0.035360 0.004812 0.000250
v -0.035360 0.004812 0.008788
v -0.035345 0.004828 0.008788
v -0.035345 0.004828 0.000250
v -0.035329 0.004843 0.008788
v -0.035329 0.004843 0.000250
v -0.035312 0.004856 0.008788
v -0.035312 0.004856 0.000250
v -0.035294 0.004867 0.008788
v -0.035294 0.004867 0.000250
v -0.035274 0.004877 0.008788
v -0.035274 0.004877 0.000250
v -0.035254 0.004885 0.008788
v -0.035254 0.004885 0.000250
v -0.035234 0.004892 0.008788
v -0.035234 0.004892 0.000250
v -0.035213 0.004896 0.000250
v -0.035234 0.004892 0.008788
v -0.035213 0.004896 0.008788
v -0.035191 0.004899 0.000250
v -0.035212 0.004896 0.008788
v -0.035191 0.004899 0.008788
v -0.035191 0.004899 0.008788
v -0.035385 0.004777 0.008788
v -0.035395 0.004758 0.008788
v -0.035404 0.004738 0.008788
v -0.035410 0.004718 0.008788
v -0.035410 0.004717 0.008788
v -0.035415 0.004696 0.008788
v -0.035415 0.004696 0.008788
v -0.035418 0.004675 0.008788
v -0.035418 0.004675 0.008788
v -0.035420 0.004653 0.008788
v -0.035360 0.004812 -0.000250
v -0.035345 0.004828 -0.000250
v -0.035329 0.004843 -0.000250
v -0.035312 0.004856 -0.000250
v -0.035294 0.004867 -0.000250
v -0.035274 0.004877 -0.000250
v -0.035254 0.004885 -0.000250
v -0.035234 0.004892 -0.000250
v -0.035213 0.004896 -0.000250
v -0.035191 0.004899 -0.000250
v -0.034500 0.004800 -0.000250
v -0.034500 0.004800 0.000250
v -0.035403 0.004654 0.009047
v -0.035402 0.004654 0.009055
v -0.035401 0.004675 0.009054
v -0.035373 0.004654 0.009218
v -0.035371 0.004654 0.009225
v -0.035370 0.004675 0.009224
v -0.035328 0.004654 0.009386
v -0.035327 0.004654 0.009391
v -0.035325 0.004675 0.009391
v -0.035269 0.004654 0.009549
v -0.035267 0.004654 0.009554
v -0.035266 0.004675 0.009553
v -0.035196 0.004654 0.009707
v -0.035194 0.004654 0.009710
v -0.035193 0.004675 0.009710
v -0.035189 0.004899 0.008872
v -0.034672 0.004899 0.010041
v -0.034730 0.004899 0.009980
v -0.034686 0.004897 0.010055
v -0.034746 0.004896 0.009995
v -0.034687 0.004896 0.010056
v -0.034701 0.004892 0.010070
v -0.034761 0.004892 0.010009
v -0.034702 0.004892 0.010071
v -0.034716 0.004886 0.010084
v -0.034777 0.004885 0.010023
v -0.034717 0.004885 0.010086
v -0.034730 0.004878 0.010099
v -0.034791 0.004877 0.010036
v -0.034731 0.004877 0.010100
v -0.034744 0.004868 0.010112
v -0.034806 0.004867 0.010049
v -0.034745 0.004867 0.010113
v -0.034757 0.004856 0.010126
v -0.034819 0.004856 0.010062
v -0.034758 0.004856 0.010126
v -0.034769 0.004843 0.010138
v -0.034832 0.004843 0.010073
v -0.034770 0.004843 0.010139
v -0.034781 0.004829 0.010149
v -0.034844 0.004828 0.010084
v -0.034781 0.004828 0.010150
v -0.034791 0.004813 0.010160
v -0.034855 0.004812 0.010094
v -0.034792 0.004812 0.010160
v -0.034801 0.004796 0.010169
v -0.034865 0.004795 0.010103
v -0.034801 0.004795 0.010170
v -0.034809 0.004778 0.010178
v -0.034873 0.004777 0.010111
v -0.034809 0.004777 0.010178
v -0.034816 0.004759 0.010185
v -0.034881 0.004758 0.010118
v -0.034817 0.004758 0.010185
v -0.034822 0.004739 0.010191
v -0.034887 0.004738 0.010124
v -0.034823 0.004738 0.010191
v -0.034827 0.004718 0.010196
v -0.034892 0.004717 0.010128
v -0.034827 0.004717 0.010196
v -0.034831 0.004697 0.010199
v -0.034896 0.004696 0.010131
v -0.034831 0.004696 0.010199
v -0.034833 0.004675 0.010202
v -0.034898 0.004675 0.010134
v -0.034833 0.004675 0.010202
v -0.034834 0.004653 0.010202
v -0.034899 0.004654 0.010134
v -0.034911 0.004654 0.010121
v -0.035010 0.004654 0.010002
v -0.035017 0.004654 0.009992
v -0.035011 0.004654 0.010000
v -0.035009 0.004675 0.010001
v -0.035193 0.004654 0.009712
v -0.035111 0.004654 0.009856
v -0.035107 0.004675 0.009859
v -0.035110 0.004654 0.009858
v -0.035108 0.004654 0.009860
v -0.035308 0.004654 0.009448
v -0.035356 0.004654 0.009289
v -0.035391 0.004654 0.009127
v -0.035412 0.004654 0.008962
v -0.035417 0.004654 0.008883
v -0.035416 0.004675 0.008882
v -0.035413 0.004696 0.008882
v -0.035408 0.004717 0.008882
v -0.035402 0.004738 0.008882
v -0.035232 0.004892 0.008874
v -0.035252 0.004885 0.008875
v -0.035272 0.004877 0.008876
v -0.035291 0.004867 0.008877
v -0.035310 0.004856 0.008877
v -0.035327 0.004843 0.008878
v -0.035343 0.004828 0.008879
v -0.035358 0.004812 0.008880
v -0.035371 0.004795 0.008880
v -0.035383 0.004777 0.008881
v -0.035393 0.004758 0.008881
v -0.035210 0.004896 0.008873
v -0.035398 0.004696 0.009054
v -0.035393 0.004717 0.009053
v -0.035386 0.004738 0.009052
v -0.035378 0.004758 0.009051
v -0.035368 0.004777 0.009050
v -0.035356 0.004795 0.009048
v -0.035343 0.004812 0.009047
v -0.035328 0.004828 0.009045
v -0.035312 0.004843 0.009043
v -0.035295 0.004856 0.009040
v -0.035277 0.004867 0.009038
v -0.035258 0.004877 0.009035
v -0.035238 0.004885 0.009033
v -0.035217 0.004892 0.009030
v -0.035196 0.004896 0.009027
v -0.035175 0.004899 0.009024
v -0.035367 0.004696 0.009224
v -0.035363 0.004717 0.009223
v -0.035356 0.004738 0.009221
v -0.035348 0.004758 0.009219
v -0.035338 0.004777 0.009217
v -0.035326 0.004795 0.009214
v -0.035313 0.004812 0.009212
v -0.035299 0.004828 0.009208
v -0.035283 0.004843 0.009205
v -0.035266 0.004856 0.009201
v -0.035248 0.004867 0.009197
v -0.035230 0.004877 0.009193
v -0.035210 0.004885 0.009189
v -0.035190 0.004892 0.009184
v -0.035169 0.004896 0.009179
v -0.035148 0.004899 0.009175
v -0.035322 0.004696 0.009390
v -0.035318 0.004717 0.009389
v -0.035311 0.004738 0.009387
v -0.035303 0.004758 0.009384
v -0.035294 0.004777 0.009381
v -0.035282 0.004795 0.009377
v -0.035270 0.004812 0.009373
v -0.035256 0.004828 0.009369
v -0.035240 0.004843 0.009364
v -0.035224 0.004856 0.009359
v -0.035206 0.004867 0.009353
v -0.035188 0.004877 0.009348
v -0.035169 0.004885 0.009342
v -0.035149 0.004892 0.009335
v -0.035129 0.004896 0.009329
v -0.035109 0.004899 0.009322
v -0.035263 0.004696 0.009552
v -0.035259 0.004717 0.009550
v -0.035253 0.004738 0.009548
v -0.035245 0.004758 0.009544
v -0.035235 0.004777 0.009540
v -0.035225 0.004795 0.009536
v -0.035212 0.004812 0.009531
v -0.035199 0.004828 0.009525
v -0.035184 0.004843 0.009519
v -0.035168 0.004856 0.009512
v -0.035151 0.004867 0.009505
v -0.035133 0.004877 0.009498
v -0.035115 0.004885 0.009490
v -0.035096 0.004892 0.009482
v -0.035076 0.004896 0.009474
v -0.035056 0.004899 0.009466
v -0.035191 0.004696 0.009708
v -0.035186 0.004717 0.009706
v -0.035180 0.004738 0.009703
v -0.035173 0.004758 0.009699
v -0.035164 0.004777 0.009694
v -0.035153 0.004795 0.009689
v -0.035142 0.004812 0.009683
v -0.035128 0.004828 0.009676
v -0.035114 0.004843 0.009669
v -0.035099 0.004856 0.009661
v -0.035083 0.004867 0.009652
v -0.035066 0.004877 0.009643
v -0.035048 0.004885 0.009634
v -0.035029 0.004892 0.009624
v -0.035011 0.004896 0.009615
v -0.034992 0.004899 0.009605
v -0.035105 0.004696 0.009858
v -0.035101 0.004717 0.009855
v -0.035095 0.004738 0.009851
v -0.035088 0.004758 0.009847
v -0.035079 0.004777 0.009841
v -0.035069 0.004795 0.009835
v -0.035058 0.004812 0.009828
v -0.035045 0.004828 0.009820
v -0.035032 0.004843 0.009811
v -0.035017 0.004856 0.009802
v -0.035002 0.004867 0.009792
v -0.034986 0.004877 0.009782
v -0.034969 0.004885 0.009771
v -0.034951 0.004892 0.009760
v -0.034933 0.004896 0.009749
v -0.034915 0.004899 0.009737
v -0.035006 0.004696 0.009999
v -0.035002 0.004717 0.009996
v -0.034997 0.004738 0.009992
v -0.034990 0.004758 0.009987
v -0.034982 0.004777 0.009981
v -0.034973 0.004795 0.009974
v -0.034962 0.004812 0.009965
v -0.034950 0.004828 0.009957
v -0.034938 0.004843 0.009947
v -0.034924 0.004856 0.009936
v -0.034909 0.004867 0.009925
v -0.034894 0.004877 0.009913
v -0.034878 0.004885 0.009901
v -0.034862 0.004892 0.009889
v -0.034845 0.004896 0.009876
v -0.034828 0.004899 0.009863
v -0.033291 0.004899 0.011422
v -0.033452 0.004653 0.011584
v -0.033452 0.004675 0.011583
v -0.033452 0.004675 0.011583
v -0.033449 0.004696 0.011581
v -0.033449 0.004697 0.011581
v -0.033446 0.004717 0.011577
v -0.033446 0.004718 0.011577
v -0.033441 0.004738 0.011573
v -0.033441 0.004739 0.011572
v -0.033435 0.004758 0.011567
v -0.033435 0.004759 0.011566
v -0.033428 0.004777 0.011559
v -0.033428 0.004778 0.011559
v -0.033420 0.004795 0.011551
v -0.033419 0.004796 0.011551
v -0.033410 0.004812 0.011542
v -0.033410 0.004813 0.011541
v -0.033400 0.004828 0.011531
v -0.033399 0.004829 0.011531
v -0.033389 0.004843 0.011520
v -0.033388 0.004843 0.011519
v -0.033376 0.004856 0.011508
v -0.033376 0.004856 0.011507
v -0.033363 0.004867 0.011495
v -0.033362 0.004868 0.011494
v -0.033350 0.004877 0.011481
v -0.033349 0.004878 0.011480
v -0.033336 0.004885 0.011467
v -0.033334 0.004886 0.011466
v -0.033321 0.004892 0.011452
v -0.033320 0.004892 0.011451
v -0.033306 0.004896 0.011437
v -0.033305 0.004897 0.011436
v -0.033258 0.004654 0.011755
v -0.033252 0.004654 0.011760
v -0.033251 0.004675 0.011759
v -0.033116 0.004654 0.011855
v -0.033110 0.004654 0.011858
v -0.033109 0.004675 0.011857
v -0.032965 0.004654 0.011942
v -0.032960 0.004654 0.011944
v -0.032960 0.004675 0.011943
v -0.032808 0.004654 0.012016
v -0.032803 0.004654 0.012018
v -0.032803 0.004675 0.012016
v -0.032645 0.004654 0.012075
v -0.032641 0.004654 0.012077
v -0.032641 0.004675 0.012075
v -0.033230 0.004899 0.011480
v -0.032038 0.004899 0.011941
v -0.032122 0.004899 0.011939
v -0.032038 0.004899 0.011941
v -0.032123 0.004896 0.011960
v -0.032038 0.004896 0.011962
v -0.032038 0.004896 0.011963
v -0.032124 0.004892 0.011982
v -0.032038 0.004892 0.011984
v -0.032038 0.004892 0.011984
v -0.032125 0.004885 0.012002
v -0.032038 0.004885 0.012004
v -0.032038 0.004877 0.012024
v -0.032126 0.004877 0.012022
v -0.032038 0.004867 0.012044
v -0.032127 0.004867 0.012041
v -0.032038 0.004856 0.012062
v -0.032127 0.004856 0.012060
v -0.032038 0.004843 0.012079
v -0.032128 0.004843 0.012077
v -0.032038 0.004828 0.012095
v -0.032129 0.004828 0.012093
v -0.032038 0.004812 0.012110
v -0.032130 0.004812 0.012108
v -0.032038 0.004795 0.012123
v -0.032130 0.004795 0.012121
v -0.032038 0.004777 0.012135
v -0.032131 0.004777 0.012133
v -0.032038 0.004758 0.012145
v -0.032131 0.004758 0.012143
v -0.032038 0.004738 0.012154
v -0.032132 0.004738 0.012152
v -0.032038 0.004718 0.012160
v -0.032132 0.004717 0.012158
v -0.032038 0.004717 0.012160
v -0.032038 0.004696 0.012165
v -0.032132 0.004696 0.012163
v -0.032038 0.004696 0.012165
v -0.032038 0.004675 0.012168
v -0.032132 0.004675 0.012166
v -0.032038 0.004675 0.012168
v -0.032038 0.004653 0.012170
v -0.032133 0.004654 0.012167
v -0.032151 0.004654 0.012166
v -0.032305 0.004654 0.012152
v -0.032316 0.004654 0.012150
v -0.032306 0.004654 0.012152
v -0.032304 0.004675 0.012151
v -0.032639 0.004654 0.012077
v -0.032479 0.004654 0.012120
v -0.032474 0.004675 0.012120
v -0.032477 0.004654 0.012121
v -0.032907 0.004654 0.011971
v -0.033054 0.004654 0.011893
v -0.033193 0.004654 0.011803
v -0.033324 0.004654 0.011702
v -0.033384 0.004654 0.011649
v -0.033384 0.004675 0.011648
v -0.033381 0.004696 0.011646
v -0.033378 0.004717 0.011642
v -0.033374 0.004738 0.011637
v -0.033368 0.004758 0.011631
v -0.033361 0.004777 0.011623
v -0.033353 0.004795 0.011615
v -0.033344 0.004812 0.011605
v -0.033334 0.004828 0.011594
v -0.033323 0.004843 0.011582
v -0.033312 0.004856 0.011569
v -0.033299 0.004867 0.011556
v -0.033286 0.004877 0.011541
v -0.033273 0.004885 0.011527
v -0.033259 0.004892 0.011511
v -0.033245 0.004896 0.011496
v -0.033249 0.004696 0.011756
v -0.033246 0.004717 0.011752
v -0.033242 0.004738 0.011747
v -0.033237 0.004758 0.011740
v -0.033231 0.004777 0.011732
v -0.033224 0.004795 0.011723
v -0.033215 0.004812 0.011712
v -0.033207 0.004828 0.011700
v -0.033197 0.004843 0.011688
v -0.033186 0.004856 0.011674
v -0.033175 0.004867 0.011659
v -0.033163 0.004877 0.011644
v -0.033151 0.004885 0.011628
v -0.033139 0.004892 0.011612
v -0.033126 0.004896 0.011595
v -0.033113 0.004899 0.011578
v -0.033108 0.004696 0.011855
v -0.033105 0.004717 0.011851
v -0.033101 0.004738 0.011845
v -0.033097 0.004758 0.011838
v -0.033091 0.004777 0.011829
v -0.033085 0.004795 0.011819
v -0.033078 0.004812 0.011808
v -0.033070 0.004828 0.011795
v -0.033061 0.004843 0.011782
v -0.033052 0.004856 0.011767
v -0.033042 0.004867 0.011752
v -0.033032 0.004877 0.011736
v -0.033021 0.004885 0.011719
v -0.033010 0.004892 0.011701
v -0.032999 0.004896 0.011683
v -0.032987 0.004899 0.011665
v -0.032958 0.004696 0.011941
v -0.032956 0.004717 0.011936
v -0.032953 0.004738 0.011930
v -0.032949 0.004758 0.011923
v -0.032944 0.004777 0.011914
v -0.032939 0.004795 0.011903
v -0.032933 0.004812 0.011892
v -0.032926 0.004828 0.011878
v -0.032919 0.004843 0.011864
v -0.032911 0.004856 0.011849
v -0.032902 0.004867 0.011833
v -0.032893 0.004877 0.011816
v -0.032884 0.004885 0.011798
v -0.032874 0.004892 0.011779
v -0.032865 0.004896 0.011761
v -0.032855 0.004899 0.011742
v -0.032802 0.004696 0.012013
v -0.032800 0.004717 0.012009
v -0.032798 0.004738 0.012003
v -0.032794 0.004758 0.011995
v -0.032790 0.004777 0.011985
v -0.032786 0.004795 0.011975
v -0.032781 0.004812 0.011962
v -0.032775 0.004828 0.011949
v -0.032769 0.004843 0.011934
v -0.032762 0.004856 0.011918
v -0.032755 0.004867 0.011901
v -0.032748 0.004877 0.011883
v -0.032740 0.004885 0.011865
v -0.032732 0.004892 0.011846
v -0.032724 0.004896 0.011826
v -0.032716 0.004899 0.011806
v -0.032640 0.004696 0.012072
v -0.032639 0.004717 0.012068
v -0.032637 0.004738 0.012061
v -0.032634 0.004758 0.012053
v -0.032631 0.004777 0.012044
v -0.032627 0.004795 0.012032
v -0.032623 0.004812 0.012020
v -0.032619 0.004828 0.012006
v -0.032614 0.004843 0.011990
v -0.032609 0.004856 0.011974
v -0.032603 0.004867 0.011956
v -0.032598 0.004877 0.011938
v -0.032592 0.004885 0.011919
v -0.032585 0.004892 0.011899
v -0.032579 0.004896 0.011879
v -0.032572 0.004899 0.011859
v -0.032474 0.004696 0.012117
v -0.032473 0.004717 0.012113
v -0.032471 0.004738 0.012106
v -0.032469 0.004758 0.012098
v -0.032467 0.004777 0.012088
v -0.032464 0.004795 0.012076
v -0.032462 0.004812 0.012063
v -0.032458 0.004828 0.012049
v -0.032455 0.004843 0.012033
v -0.032451 0.004856 0.012016
v -0.032447 0.004867 0.011998
v -0.032443 0.004877 0.011980
v -0.032439 0.004885 0.011960
v -0.032434 0.004892 0.011940
v -0.032429 0.004896 0.011919
v -0.032425 0.004899 0.011898
v -0.032304 0.004696 0.012148
v -0.032303 0.004717 0.012143
v -0.032302 0.004738 0.012136
v -0.032301 0.004758 0.012128
v -0.032300 0.004777 0.012118
v -0.032298 0.004795 0.012106
v -0.032297 0.004812 0.012093
v -0.032295 0.004828 0.012078
v -0.032293 0.004843 0.012062
v -0.032290 0.004856 0.012045
v -0.032288 0.004867 0.012027
v -0.032285 0.004877 0.012008
v -0.032283 0.004885 0.011988
v -0.032280 0.004892 0.011967
v -0.032277 0.004896 0.011946
v -0.032274 0.004899 0.011925
v -0.020033 0.004795 0.012123
v -0.020031 0.004806 0.012115
v -0.025250 0.004800 0.012120
v -0.025250 0.004812 0.012110
v -0.025750 0.004800 0.012120
v -0.020030 0.004812 0.012110
v -0.020030 0.004820 0.012103
v -0.025250 0.004828 0.012095
v -0.020030 0.004828 0.012095
v -0.020030 0.004838 0.012084
v -0.025250 0.004843 0.012079
v -0.020030 0.004843 0.012079
v -0.020030 0.004849 0.012071
v -0.025250 0.004856 0.012062
v -0.020031 0.004856 0.012062
v -0.020032 0.004859 0.012057
v -0.025250 0.004867 0.012044
v -0.020033 0.004867 0.012044
v -0.020034 0.004874 0.012031
v -0.025250 0.004877 0.012024
v -0.020035 0.004877 0.012024
v -0.025250 0.004885 0.012004
v -0.020036 0.004885 0.012006
v -0.020036 0.004885 0.012004
v -0.025250 0.004892 0.011984
v -0.020037 0.004889 0.011994
v -0.020038 0.004892 0.011984
v -0.025250 0.004896 0.011963
v -0.020038 0.004892 0.011982
v -0.020039 0.004896 0.011963
v -0.025250 0.004899 0.011941
v -0.020039 0.004897 0.011958
v -0.020039 0.004900 0.011934
v -0.020039 0.004899 0.011941
v -0.020034 0.004786 0.012129
v -0.020036 0.004777 0.012135
v -0.020039 0.004768 0.012140
v -0.020042 0.004758 0.012145
v -0.020046 0.004748 0.012150
v -0.020050 0.004738 0.012154
v -0.020055 0.004728 0.012157
v -0.020060 0.004718 0.012160
v -0.020065 0.004707 0.012163
v -0.020071 0.004696 0.012165
v -0.020084 0.004675 0.012168
v -0.020098 0.004653 0.012170
v -0.025750 0.004812 0.012110
v -0.025750 0.004828 0.012095
v -0.025750 0.004843 0.012079
v -0.025750 0.004856 0.012062
v -0.025750 0.004867 0.012044
v -0.025750 0.004877 0.012024
v -0.025750 0.004885 0.012004
v -0.025750 0.004892 0.011984
v -0.025750 0.004896 0.011963
v -0.025750 0.004899 0.011941
v -0.025750 0.004800 0.009000
v -0.025250 0.004800 0.009000
v -0.019501 0.006243 0.011378
v -0.019501 0.006243 0.009543
v -0.019772 0.005566 0.009501
v -0.019395 0.006366 0.009543
v -0.019410 0.006357 0.009543
v -0.019410 0.006357 0.011378
v -0.019493 0.006261 0.009543
v -0.019493 0.006262 0.011378
v -0.019486 0.006275 0.009543
v -0.019483 0.006279 0.009543
v -0.019483 0.006279 0.011378
v -0.019471 0.006297 0.009543
v -0.019482 0.006281 0.011378
v -0.019471 0.006297 0.011378
v -0.019466 0.006304 0.009543
v -0.019471 0.006298 0.011378
v -0.019458 0.006314 0.009543
v -0.019458 0.006314 0.011378
v -0.019443 0.006330 0.009543
v -0.019457 0.006315 0.011378
v -0.019443 0.006330 0.011378
v -0.019442 0.006331 0.009543
v -0.019443 0.006330 0.011378
v -0.019427 0.006344 0.011378
v -0.019412 0.006355 0.009543
v -0.019427 0.006344 0.009543
v -0.019441 0.006332 0.009543
v -0.019392 0.006368 0.009543
v -0.019392 0.006368 0.011378
v -0.019373 0.006377 0.009543
v -0.019373 0.006377 0.011378
v -0.019373 0.006377 0.011378
v -0.019356 0.006384 0.009543
v -0.019354 0.006385 0.011378
v -0.019353 0.006386 0.009543
v -0.019353 0.006386 0.011378
v -0.019333 0.006392 0.009543
v -0.019269 0.006400 0.011378
v -0.019269 0.006400 0.009543
v -0.019271 0.006400 0.011378
v -0.019288 0.006399 0.009543
v -0.019291 0.006399 0.011378
v -0.019291 0.006399 0.009543
v -0.019292 0.006399 0.011378
v -0.019304 0.006398 0.009543
v -0.019312 0.006396 0.011378
v -0.019312 0.006396 0.009543
v -0.019313 0.006396 0.011378
v -0.019312 0.006396 0.009543
v -0.019333 0.006392 0.011378
v -0.019334 0.006392 0.011378
v -0.017843 0.006400 0.011016
v -0.017907 0.006400 0.010957
v -0.018189 0.006400 0.011378
v -0.016215 0.006400 0.010424
v -0.016234 0.006400 0.010509
v -0.016211 0.006400 0.011378
v -0.016260 0.006400 0.010592
v -0.016294 0.006400 0.010673
v -0.016334 0.006400 0.010750
v -0.016381 0.006400 0.010824
v -0.016434 0.006400 0.010893
v 0.004319 0.006400 0.010824
v 0.004266 0.006400 0.010893
v 0.004489 0.006400 0.011378
v -0.016798 0.006400 0.007360
v 0.005603 0.006400 0.008618
v 0.005730 0.006400 0.008480
v 0.006175 0.006400 0.008138
v 0.006341 0.006400 0.008051
v 0.006515 0.006400 0.007980
v 0.006694 0.006400 0.007923
v -0.017774 0.006400 0.011069
v -0.018099 0.006400 0.011451
v -0.017700 0.006400 0.011116
v -0.017993 0.006400 0.011523
v -0.017623 0.006400 0.011156
v -0.017881 0.006400 0.011587
v -0.017542 0.006400 0.011190
v -0.017764 0.006400 0.011640
v -0.017459 0.006400 0.011216
v -0.017643 0.006400 0.011683
v -0.017374 0.006400 0.011235
v -0.017519 0.006400 0.011716
v -0.017287 0.006400 0.011246
v -0.017392 0.006400 0.011738
v -0.017200 0.006400 0.011250
v 0.002707 0.006400 0.011523
v 0.002819 0.006400 0.011587
v 0.003500 0.006400 0.011250
v 0.002936 0.006400 0.011640
v 0.003057 0.006400 0.011683
v 0.003181 0.006400 0.011716
v 0.003308 0.006400 0.011738
v -0.017264 0.006400 0.011749
v -0.017136 0.006400 0.011749
v -0.017113 0.006400 0.011246
v -0.017008 0.006400 0.011738
v -0.017026 0.006400 0.011235
v -0.016881 0.006400 0.011716
v -0.016941 0.006400 0.011216
v -0.016757 0.006400 0.011683
v -0.016858 0.006400 0.011190
v -0.016636 0.006400 0.011640
v -0.016777 0.006400 0.011156
v -0.016519 0.006400 0.011587
v -0.016700 0.006400 0.011116
v -0.016407 0.006400 0.011523
v -0.016626 0.006400 0.011069
v -0.016301 0.006400 0.011451
v -0.016557 0.006400 0.011016
v -0.016493 0.006400 0.010957
v 0.003436 0.006400 0.011749
v 0.003564 0.006400 0.011749
v 0.003587 0.006400 0.011246
v 0.003692 0.006400 0.011738
v 0.003674 0.006400 0.011235
v 0.003819 0.006400 0.011716
v 0.003759 0.006400 0.011216
v 0.003943 0.006400 0.011683
v 0.003842 0.006400 0.011190
v 0.004064 0.006400 0.011640
v 0.003923 0.006400 0.011156
v 0.004181 0.006400 0.011587
v 0.004000 0.006400 0.011116
v 0.004293 0.006400 0.011523
v 0.004074 0.006400 0.011069
v 0.004399 0.006400 0.011451
v 0.004143 0.006400 0.011016
v 0.004207 0.006400 0.010957
v 0.005230 0.006400 0.009265
v 0.005301 0.006400 0.009091
v 0.005868 0.006400 0.008353
v 0.006017 0.006400 0.008239
v 0.008640 0.006400 0.006993
v 0.008662 0.006400 0.007850
v 0.008658 0.006400 0.006988
v 0.008662 0.006400 0.006987
v 0.004496 0.006400 0.010337
v 0.004485 0.006400 0.010424
v 0.004466 0.006400 0.010509
v 0.004440 0.006400 0.010592
v 0.005100 0.006400 0.010000
v 0.004496 0.006400 0.010163
v 0.004500 0.006400 0.010250
v 0.003587 0.006400 0.009254
v 0.003674 0.006400 0.009265
v 0.005173 0.006400 0.009444
v 0.003759 0.006400 0.009284
v 0.003842 0.006400 0.009310
v 0.003923 0.006400 0.009344
v 0.004000 0.006400 0.009384
v 0.005133 0.006400 0.009627
v -0.017966 0.006400 0.010893
v -0.018019 0.006400 0.010824
v 0.005388 0.006400 0.008925
v 0.005489 0.006400 0.008767
v -0.016341 0.006400 0.007000
v -0.016352 0.006400 0.007000
v -0.016361 0.006400 0.006999
v 0.004406 0.006400 0.010673
v 0.004366 0.006400 0.010750
v 0.005100 0.006400 0.011378
v -0.018200 0.006400 0.010250
v -0.018196 0.006400 0.010337
v 0.008586 0.006400 0.007000
v 0.006877 0.006400 0.007883
v -0.016365 0.006400 0.006999
v -0.016380 0.006400 0.006997
v -0.016392 0.006400 0.006994
v -0.016448 0.006400 0.006973
v -0.016452 0.006400 0.006971
v -0.016463 0.006400 0.006964
v -0.016473 0.006400 0.006957
v 0.004074 0.006400 0.009431
v 0.004143 0.006400 0.009484
v 0.004207 0.006400 0.009543
v 0.004266 0.006400 0.009607
v 0.004319 0.006400 0.009676
v 0.004366 0.006400 0.009750
v -0.018066 0.006400 0.010750
v -0.018106 0.006400 0.010673
v -0.018140 0.006400 0.010592
v -0.018196 0.006400 0.010163
v -0.018185 0.006400 0.010076
v -0.018166 0.006400 0.009991
v -0.016398 0.006400 0.006993
v -0.016406 0.006400 0.006991
v -0.016415 0.006400 0.006988
v -0.016428 0.006400 0.006983
v -0.016432 0.006400 0.006981
v 0.008622 0.006400 0.006997
v 0.008604 0.006400 0.006999
v 0.007250 0.006400 0.007850
v 0.007063 0.006400 0.007858
v -0.018166 0.006400 0.010509
v -0.018185 0.006400 0.010424
v -0.018140 0.006400 0.009908
v -0.018106 0.006400 0.009827
v -0.018713 0.006400 0.009156
v -0.018066 0.006400 0.009750
v -0.018019 0.006400 0.009676
v 0.004406 0.006400 0.009827
v 0.004440 0.006400 0.009908
v 0.005108 0.006400 0.009813
v 0.004466 0.006400 0.009991
v 0.004485 0.006400 0.010076
v -0.017774 0.006400 0.009431
v -0.017700 0.006400 0.009384
v -0.018029 0.006400 0.008607
v 0.003413 0.006400 0.011246
v 0.002511 0.006400 0.011378
v 0.002601 0.006400 0.011451
v 0.003326 0.006400 0.011235
v 0.003241 0.006400 0.011216
v 0.003158 0.006400 0.011190
v -0.017966 0.006400 0.009607
v -0.017907 0.006400 0.009543
v -0.017843 0.006400 0.009484
v -0.016700 0.006400 0.009384
v -0.016626 0.006400 0.009431
v -0.016557 0.006400 0.009484
v -0.016493 0.006400 0.009543
v 0.002926 0.006400 0.011069
v 0.002857 0.006400 0.011016
v -0.017026 0.006400 0.009265
v -0.016941 0.006400 0.009284
v 0.003077 0.006400 0.011156
v 0.003000 0.006400 0.011116
v 0.003158 0.006400 0.009310
v 0.003241 0.006400 0.009284
v -0.016215 0.006400 0.010076
v -0.016858 0.006400 0.009310
v -0.016777 0.006400 0.009344
v 0.003500 0.006400 0.009250
v -0.016434 0.006400 0.009607
v -0.016381 0.006400 0.009676
v -0.016334 0.006400 0.009750
v -0.016294 0.006400 0.009827
v -0.016260 0.006400 0.009908
v -0.016234 0.006400 0.009991
v 0.002534 0.006400 0.010509
v 0.002515 0.006400 0.010424
v 0.002734 0.006400 0.009607
v 0.002793 0.006400 0.009543
v 0.002857 0.006400 0.009484
v 0.002926 0.006400 0.009431
v 0.003326 0.006400 0.009265
v 0.003413 0.006400 0.009254
v -0.016200 0.006400 0.010250
v -0.016204 0.006400 0.010337
v 0.003000 0.006400 0.009384
v 0.003077 0.006400 0.009344
v -0.017623 0.006400 0.009344
v -0.017542 0.006400 0.009310
v -0.017390 0.006400 0.008007
v -0.017459 0.006400 0.009284
v -0.017374 0.006400 0.009265
v 0.002634 0.006400 0.010750
v 0.002594 0.006400 0.010673
v 0.002560 0.006400 0.010592
v 0.002504 0.006400 0.010337
v 0.002500 0.006400 0.010250
v -0.016204 0.006400 0.010163
v -0.017287 0.006400 0.009254
v -0.017200 0.006400 0.009250
v -0.017113 0.006400 0.009254
v 0.002793 0.006400 0.010957
v 0.002734 0.006400 0.010893
v 0.002681 0.006400 0.010824
v 0.002515 0.006400 0.010076
v 0.002534 0.006400 0.009991
v 0.002560 0.006400 0.009908
v 0.002594 0.006400 0.009827
v 0.002634 0.006400 0.009750
v 0.002681 0.006400 0.009676
v 0.002504 0.006400 0.010163
v 0.008841 0.006288 0.007850
v 0.008846 0.006276 0.007850
v 0.008846 0.006277 0.006817
v 0.008840 0.006291 0.007850
v 0.008840 0.006291 0.006831
v 0.008832 0.006305 0.007850
v 0.008839 0.006292 0.006832
v 0.008832 0.006305 0.006847
v 0.008829 0.006309 0.007850
v 0.008831 0.006307 0.006848
v 0.008822 0.006319 0.007850
v 0.008822 0.006319 0.006862
v 0.008815 0.006329 0.007850
v 0.008811 0.006332 0.007850
v 0.008821 0.006321 0.006863
v 0.008811 0.006332 0.006877
v 0.008800 0.006345 0.007850
v 0.008810 0.006334 0.006878
v 0.008800 0.006345 0.006891
v 0.008798 0.006347 0.007850
v 0.008798 0.006346 0.006893
v 0.008787 0.006356 0.007850
v 0.008787 0.006356 0.006905
v 0.008773 0.006366 0.007850
v 0.008785 0.006357 0.006907
v 0.008773 0.006366 0.006919
v 0.008768 0.006369 0.007850
v 0.008771 0.006367 0.006921
v 0.008759 0.006375 0.007850
v 0.008759 0.006375 0.006931
v 0.008746 0.006381 0.007850
v 0.008744 0.006382 0.007850
v 0.008757 0.006376 0.006933
v 0.008744 0.006382 0.006943
v 0.008728 0.006389 0.007850
v 0.008741 0.006383 0.006945
v 0.008728 0.006389 0.006954
v 0.008723 0.006390 0.007850
v 0.008725 0.006390 0.006956
v 0.008712 0.006394 0.007850
v 0.008712 0.006394 0.006964
v 0.008698 0.006397 0.007850
v 0.008695 0.006397 0.007850
v 0.008709 0.006394 0.006966
v 0.008695 0.006397 0.006973
v 0.008679 0.006399 0.007850
v 0.008692 0.006398 0.006974
v 0.008679 0.006399 0.006981
v 0.008673 0.006400 0.007850
v 0.008675 0.006400 0.006982
v 0.009416 0.004900 0.007853
v 0.009416 0.004900 -0.007853
v 0.008846 0.006277 -0.006817
v 0.008846 0.006276 -0.007850
v 0.008404 0.007346 0.006723
v 0.008404 0.007346 -0.006723
v 0.008266 0.007305 0.006914
v 0.008250 0.007299 0.006918
v 0.008295 0.007316 0.006902
v 0.008310 0.007322 0.006894
v 0.008336 0.007331 0.006874
v 0.008368 0.007341 0.006835
v 0.008385 0.007345 0.006806
v 0.008396 0.007347 0.006774
v 0.008400 0.007347 0.006757
v 0.008400 0.007347 0.006756
v 0.008403 0.007347 0.006740
v 0.008391 0.007346 0.006789
v 0.008391 0.007346 0.006790
v 0.008377 0.007343 0.006820
v 0.008377 0.007343 0.006821
v 0.008359 0.007338 0.006849
v 0.008358 0.007338 0.006849
v 0.008348 0.007334 0.006862
v 0.008336 0.007331 0.006874
v 0.008323 0.007326 0.006884
v 0.008309 0.007321 0.006894
v 0.008281 0.007311 0.006909
v 0.008280 0.007311 0.006909
v 0.008249 0.007299 0.006919
v 0.008235 0.007293 0.006921
v 0.008219 0.007287 0.006922
v -0.015938 0.007317 0.006920
v -0.015943 0.007317 0.006920
v -0.015964 0.007310 0.006920
v -0.015973 0.007305 0.006921
v -0.015978 0.007302 0.006921
v -0.015933 0.007317 0.006920
v -0.015988 0.007290 0.006922
v -0.015991 0.007285 0.006923
v 0.008217 0.007290 0.006922
v 0.008215 0.007294 0.006922
v 0.008173 0.007317 0.006920
v 0.008213 0.007297 0.006921
v 0.008177 0.007317 0.006920
v 0.008189 0.007315 0.006920
v 0.008185 0.007316 0.006920
v 0.008207 0.007304 0.006921
v -0.015982 0.007298 0.006921
v -0.015985 0.007294 0.006922
v -0.015994 0.007280 0.006923
v 0.008210 0.007301 0.006921
v -0.015959 0.007313 0.006920
v -0.015949 0.007316 0.006920
v -0.015954 0.007314 0.006920
v -0.015969 0.007308 0.006921
v 0.008201 0.007309 0.006920
v 0.008197 0.007311 0.006920
v 0.008193 0.007313 0.006920
v 0.008181 0.007317 0.006920
v 0.008204 0.007306 0.006921
v -0.016218 0.006733 0.006971
v -0.016152 0.007315 0.006612
v -0.016366 0.006764 0.006658
v -0.016152 0.007315 0.006613
v -0.016367 0.006765 0.006659
v -0.016373 0.006768 0.006669
v -0.016163 0.007321 0.006634
v -0.016159 0.007318 0.006625
v -0.016158 0.007318 0.006623
v -0.016378 0.006771 0.006680
v -0.016166 0.007323 0.006640
v -0.016382 0.006773 0.006691
v -0.016168 0.007324 0.006645
v -0.016176 0.007329 0.006672
v -0.016175 0.007328 0.006668
v -0.016390 0.006778 0.006713
v -0.016171 0.007326 0.006656
v -0.016386 0.006776 0.006702
v -0.016396 0.006784 0.006749
v -0.016179 0.007332 0.006692
v -0.016394 0.006782 0.006737
v -0.016177 0.007330 0.006679
v -0.016392 0.006780 0.006725
v -0.016180 0.007335 0.006716
v -0.016180 0.007334 0.006706
v -0.016180 0.007334 0.006704
v -0.016179 0.007337 0.006740
v -0.016179 0.007337 0.006740
v -0.016395 0.006787 0.006786
v -0.016180 0.007336 0.006728
v -0.016396 0.006786 0.006773
v -0.016396 0.006785 0.006761
v -0.016172 0.007337 0.006776
v -0.016173 0.007337 0.006774
v -0.016392 0.006787 0.006810
v -0.016175 0.007337 0.006764
v -0.016178 0.007337 0.006752
v -0.016364 0.006783 0.006878
v -0.016153 0.007334 0.006822
v -0.016371 0.006784 0.006867
v -0.016159 0.007335 0.006811
v -0.016376 0.006785 0.006857
v -0.016161 0.007335 0.006807
v -0.016381 0.006786 0.006845
v -0.016342 0.006777 0.006908
v -0.016133 0.007328 0.006852
v -0.016350 0.006779 0.006898
v -0.016140 0.007330 0.006842
v -0.016358 0.006781 0.006888
v -0.016144 0.007331 0.006837
v -0.016147 0.007332 0.006832
v -0.016116 0.007323 0.006870
v -0.016123 0.007325 0.006863
v -0.016125 0.007326 0.006862
v -0.016098 0.007318 0.006886
v -0.016325 0.006771 0.006925
v -0.016097 0.007317 0.006886
v -0.016315 0.006768 0.006933
v -0.016305 0.006765 0.006940
v -0.016295 0.006761 0.006946
v -0.016084 0.007313 0.006895
v -0.016087 0.007314 0.006893
v -0.016265 0.006750 0.006961
v -0.016058 0.007304 0.006909
v -0.016276 0.006755 0.006956
v -0.016066 0.007307 0.006905
v -0.016284 0.006758 0.006952
v -0.016070 0.007308 0.006903
v -0.016077 0.007311 0.006899
v -0.016230 0.006737 0.006969
v -0.016023 0.007291 0.006920
v -0.016241 0.006742 0.006967
v -0.016035 0.007296 0.006917
v -0.016253 0.006746 0.006964
v -0.016039 0.007297 0.006915
v -0.016046 0.007300 0.006913
v -0.015999 0.007282 0.006923
v -0.016008 0.007286 0.006922
v -0.016011 0.007287 0.006922
v -0.016491 0.006399 0.006942
v -0.016485 0.006399 0.006947
v -0.016334 0.006774 0.006917
v -0.016494 0.006398 0.006939
v -0.016107 0.007320 0.006879
v -0.016497 0.006398 0.006937
v -0.016508 0.006395 0.006925
v -0.016512 0.006394 0.006921
v -0.016519 0.006392 0.006913
v -0.016521 0.006391 0.006911
v -0.016530 0.006387 0.006900
v -0.016537 0.006383 0.006890
v -0.016540 0.006381 0.006886
v -0.016546 0.006376 0.006877
v -0.016549 0.006373 0.006871
v -0.016385 0.006787 0.006834
v -0.016551 0.006371 0.006868
v -0.016389 0.006787 0.006822
v -0.016558 0.006364 0.006856
v -0.016164 0.007336 0.006800
v -0.016168 0.007337 0.006788
v -0.016563 0.006357 0.006845
v -0.016394 0.006787 0.006798
v -0.016565 0.006355 0.006842
v -0.016579 0.006327 0.006805
v -0.016577 0.006332 0.006811
v -0.016572 0.006342 0.006824
v -0.016568 0.006349 0.006834
v -0.016566 0.006353 0.006839
v -0.016579 0.006327 0.006805
v -0.016580 0.006322 0.006799
v -0.016583 0.006310 0.006786
v -0.016585 0.006301 0.006777
v -0.016586 0.006293 0.006768
v -0.016586 0.006294 0.006770
v -0.016588 0.006275 0.006752
v -0.016588 0.006279 0.006755
v -0.016588 0.006255 0.006734
v -0.016588 0.006258 0.006736
v -0.016588 0.006267 0.006744
v -0.016587 0.006242 0.006724
v -0.016586 0.006234 0.006718
v -0.016583 0.006215 0.006704
v -0.016584 0.006217 0.006706
v -0.016586 0.006229 0.006714
v -0.016094 0.007315 0.006530
v -0.016152 0.007315 -0.006612
v -0.016368 0.006761 -0.006658
v -0.016583 0.006215 -0.006704
v -0.017824 0.004890 0.007598
v -0.017562 0.006215 0.007838
v -0.016983 0.006215 0.007204
v -0.016922 0.006215 0.007132
v -0.017932 0.004891 0.007706
v -0.018188 0.006215 0.008425
v -0.018281 0.006215 0.008505
v -0.018857 0.006215 0.008962
v -0.019044 0.006215 0.009098
v -0.019401 0.006215 0.009341
v -0.016047 0.007315 0.006462
v -0.015564 0.007315 0.005691
v -0.015529 0.007315 0.005630
v -0.015109 0.007315 0.004810
v -0.015084 0.007315 0.004756
v -0.014731 0.007315 0.003892
v -0.014715 0.007315 0.003847
v -0.014092 0.007315 0.000980
v -0.014217 0.007315 0.001952
v -0.014426 0.007315 0.002910
v -0.014050 0.007315 0.000000
v -0.014700 0.004889 -0.000000
v -0.014092 0.007315 -0.000980
v -0.014217 0.007315 -0.001952
v -0.014426 0.007315 -0.002910
v -0.014715 0.007315 -0.003847
v -0.014731 0.007315 -0.003892
v -0.015084 0.007315 -0.004756
v -0.015109 0.007315 -0.004810
v -0.015529 0.007315 -0.005630
v -0.015564 0.007315 -0.005691
v -0.016047 0.007315 -0.006462
v -0.016094 0.007315 -0.006530
v -0.016922 0.006215 -0.007132
v -0.016985 0.006215 -0.007207
v -0.017568 0.006215 -0.007844
v -0.017824 0.004890 -0.007598
v -0.018198 0.006215 -0.008434
v -0.017932 0.004891 -0.007706
v -0.018281 0.006215 -0.008505
v -0.018872 0.006215 -0.008973
v -0.019044 0.006215 -0.009098
v -0.019401 0.006215 -0.009341
v -0.016440 0.006400 -0.006977
v -0.016296 0.006758 -0.006947
v -0.016286 0.006754 -0.006952
v -0.016517 0.006393 -0.006916
v -0.016521 0.006391 -0.006911
v -0.016366 0.006779 -0.006878
v -0.015999 0.007282 -0.006923
v -0.015994 0.007280 -0.006923
v -0.016219 0.006729 -0.006971
v -0.016341 0.006400 -0.007000
v -0.016368 0.006761 -0.006659
v -0.016374 0.006764 -0.006670
v -0.016587 0.006238 -0.006721
v -0.016584 0.006216 -0.006705
v -0.016584 0.006218 -0.006706
v -0.016588 0.006258 -0.006736
v -0.016588 0.006255 -0.006734
v -0.016384 0.006770 -0.006691
v -0.016587 0.006242 -0.006724
v -0.016379 0.006767 -0.006680
v -0.016586 0.006294 -0.006769
v -0.016587 0.006290 -0.006765
v -0.016394 0.006777 -0.006725
v -0.016588 0.006277 -0.006753
v -0.016391 0.006775 -0.006714
v -0.016588 0.006267 -0.006744
v -0.016579 0.006327 -0.006805
v -0.016580 0.006322 -0.006799
v -0.016398 0.006782 -0.006761
v -0.016583 0.006311 -0.006787
v -0.016397 0.006780 -0.006749
v -0.016585 0.006301 -0.006777
v -0.016395 0.006784 -0.006798
v -0.016572 0.006342 -0.006824
v -0.016397 0.006784 -0.006786
v -0.016577 0.006332 -0.006811
v -0.016565 0.006355 -0.006842
v -0.016565 0.006354 -0.006841
v -0.016568 0.006349 -0.006834
v -0.016548 0.006374 -0.006873
v -0.016551 0.006371 -0.006868
v -0.016386 0.006784 -0.006834
v -0.016557 0.006365 -0.006857
v -0.016390 0.006784 -0.006822
v -0.016563 0.006357 -0.006845
v -0.016528 0.006388 -0.006903
v -0.016529 0.006387 -0.006900
v -0.016372 0.006781 -0.006868
v -0.016538 0.006382 -0.006888
v -0.016377 0.006782 -0.006857
v -0.016546 0.006376 -0.006877
v -0.016512 0.006394 -0.006921
v -0.016359 0.006778 -0.006889
v -0.016352 0.006776 -0.006899
v -0.016505 0.006396 -0.006928
v -0.016344 0.006773 -0.006908
v -0.016494 0.006399 -0.006940
v -0.016443 0.006400 -0.006976
v -0.016452 0.006400 -0.006971
v -0.016307 0.006761 -0.006940
v -0.016458 0.006400 -0.006967
v -0.016317 0.006765 -0.006933
v -0.016473 0.006400 -0.006957
v -0.016326 0.006768 -0.006925
v -0.016482 0.006400 -0.006950
v -0.016428 0.006400 -0.006983
v -0.016277 0.006751 -0.006956
v -0.016418 0.006400 -0.006986
v -0.016375 0.006400 -0.006997
v -0.016379 0.006400 -0.006997
v -0.016243 0.006739 -0.006968
v -0.016394 0.006400 -0.006994
v -0.016254 0.006743 -0.006965
v -0.016406 0.006400 -0.006991
v -0.016266 0.006747 -0.006961
v -0.016411 0.006400 -0.006989
v -0.016356 0.006400 -0.006999
v -0.016365 0.006400 -0.006999
v -0.016231 0.006734 -0.006970
v -0.016158 0.007318 -0.006623
v -0.016159 0.007318 -0.006625
v -0.016163 0.007321 -0.006634
v -0.016166 0.007323 -0.006640
v -0.016168 0.007324 -0.006645
v -0.016171 0.007326 -0.006656
v -0.016388 0.006773 -0.006702
v -0.016175 0.007328 -0.006668
v -0.016176 0.007329 -0.006672
v -0.016588 0.006258 -0.006737
v -0.016177 0.007330 -0.006679
v -0.016179 0.007332 -0.006692
v -0.016396 0.006779 -0.006737
v -0.016180 0.007334 -0.006704
v -0.016180 0.007334 -0.006706
v -0.016586 0.006294 -0.006770
v -0.016180 0.007335 -0.006716
v -0.016180 0.007336 -0.006728
v -0.016397 0.006783 -0.006774
v -0.016179 0.007337 -0.006740
v -0.016179 0.007337 -0.006740
v -0.016578 0.006327 -0.006806
v -0.016178 0.007337 -0.006752
v -0.016175 0.007337 -0.006764
v -0.016393 0.006784 -0.006810
v -0.016173 0.007337 -0.006774
v -0.016172 0.007337 -0.006776
v -0.016168 0.007337 -0.006788
v -0.016164 0.007336 -0.006800
v -0.016382 0.006783 -0.006846
v -0.016161 0.007335 -0.006807
v -0.016159 0.007335 -0.006811
v -0.016153 0.007334 -0.006822
v -0.016147 0.007332 -0.006832
v -0.016144 0.007331 -0.006837
v -0.016140 0.007330 -0.006842
v -0.016133 0.007328 -0.006852
v -0.016125 0.007326 -0.006862
v -0.016335 0.006771 -0.006917
v -0.016123 0.007325 -0.006863
v -0.016116 0.007323 -0.006870
v -0.016107 0.007320 -0.006879
v -0.016098 0.007318 -0.006886
v -0.016491 0.006399 -0.006942
v -0.016097 0.007317 -0.006886
v -0.016087 0.007314 -0.006893
v -0.016084 0.007313 -0.006895
v -0.016077 0.007311 -0.006899
v -0.016070 0.007308 -0.006903
v -0.016066 0.007307 -0.006905
v -0.016058 0.007304 -0.006909
v -0.016046 0.007300 -0.006913
v -0.016040 0.007297 -0.006915
v -0.016035 0.007296 -0.006917
v -0.016023 0.007291 -0.006920
v -0.016011 0.007287 -0.006922
v -0.016008 0.007286 -0.006922
v 0.008219 0.007287 -0.006922
v 0.008586 0.006400 -0.007000
v 0.008177 0.007317 -0.006920
v 0.008181 0.007317 -0.006920
v -0.015990 0.007288 -0.006922
v -0.015987 0.007292 -0.006922
v -0.015983 0.007296 -0.006922
v -0.015971 0.007307 -0.006921
v -0.015966 0.007310 -0.006920
v -0.015961 0.007312 -0.006920
v -0.015956 0.007314 -0.006920
v -0.015939 0.007317 -0.006920
v -0.015934 0.007317 -0.006920
v -0.015933 0.007317 -0.006920
v 0.008173 0.007317 -0.006920
v -0.015979 0.007300 -0.006921
v -0.015975 0.007304 -0.006921
v -0.015950 0.007315 -0.006920
v -0.015945 0.007316 -0.006920
v 0.008193 0.007313 -0.006920
v 0.008197 0.007311 -0.006920
v 0.008200 0.007309 -0.006920
v 0.008207 0.007304 -0.006921
v 0.008210 0.007301 -0.006921
v 0.008189 0.007314 -0.006920
v 0.008213 0.007297 -0.006921
v 0.008215 0.007294 -0.006922
v 0.008185 0.007316 -0.006920
v 0.008217 0.007290 -0.006922
v 0.008204 0.007306 -0.006921
v 0.008220 0.007287 -0.006922
v 0.008588 0.006400 -0.007000
v 0.008233 0.007292 -0.006921
v 0.008606 0.006400 -0.006999
v 0.008236 0.007294 -0.006921
v 0.008252 0.007300 -0.006918
v 0.008624 0.006400 -0.006997
v 0.008264 0.007305 -0.006915
v 0.008642 0.006400 -0.006993
v 0.008297 0.007317 -0.006901
v 0.008662 0.006400 -0.006987
v 0.008295 0.007316 -0.006902
v 0.008659 0.006400 -0.006988
v 0.008282 0.007311 -0.006908
v 0.008267 0.007306 -0.006914
v 0.008324 0.007327 -0.006884
v 0.008710 0.006394 -0.006965
v 0.008695 0.006397 -0.006973
v 0.008323 0.007326 -0.006885
v 0.008693 0.006397 -0.006974
v 0.008311 0.007322 -0.006893
v 0.008679 0.006399 -0.006981
v 0.008676 0.006399 -0.006982
v 0.008712 0.006394 -0.006964
v 0.008336 0.007331 -0.006873
v 0.008726 0.006389 -0.006955
v 0.008348 0.007335 -0.006861
v 0.008742 0.006383 -0.006944
v 0.008728 0.006389 -0.006954
v 0.008347 0.007334 -0.006862
v 0.008744 0.006382 -0.006943
v 0.008359 0.007338 -0.006848
v 0.008757 0.006376 -0.006933
v 0.008369 0.007341 -0.006835
v 0.008772 0.006367 -0.006920
v 0.008759 0.006375 -0.006931
v 0.008368 0.007341 -0.006835
v 0.008377 0.007343 -0.006820
v 0.008786 0.006357 -0.006907
v 0.008773 0.006366 -0.006919
v 0.008377 0.007343 -0.006821
v 0.008787 0.006356 -0.006905
v 0.008385 0.007345 -0.006805
v 0.008799 0.006346 -0.006893
v 0.008800 0.006345 -0.006891
v 0.008391 0.007346 -0.006789
v 0.008810 0.006334 -0.006878
v 0.008811 0.006332 -0.006877
v 0.008391 0.007346 -0.006789
v 0.008396 0.007347 -0.006773
v 0.008832 0.006305 -0.006847
v 0.008831 0.006306 -0.006848
v 0.008400 0.007347 -0.006757
v 0.008822 0.006319 -0.006862
v 0.008821 0.006320 -0.006863
v 0.008400 0.007347 -0.006756
v 0.008403 0.007347 -0.006740
v 0.008839 0.006292 -0.006832
v -0.018185 0.006400 -0.010424
v -0.018166 0.006400 -0.010509
v -0.018189 0.006400 -0.011378
v 0.005133 0.006400 -0.009627
v 0.004489 0.006400 -0.011378
v 0.005173 0.006400 -0.009444
v 0.005230 0.006400 -0.009265
v -0.018196 0.006400 -0.010337
v -0.018066 0.006400 -0.010750
v -0.018019 0.006400 -0.010824
v -0.017966 0.006400 -0.010893
v -0.019269 0.006400 -0.009543
v -0.018196 0.006400 -0.010163
v -0.018200 0.006400 -0.010250
v 0.005108 0.006400 -0.009813
v 0.005100 0.006400 -0.010000
v 0.005100 0.006400 -0.011378
v 0.005388 0.006400 -0.008925
v 0.005301 0.006400 -0.009091
v 0.003500 0.006400 -0.009250
v -0.017113 0.006400 -0.011246
v -0.017026 0.006400 -0.011235
v -0.016211 0.006400 -0.011378
v -0.016260 0.006400 -0.009908
v -0.019269 0.006400 -0.011378
v 0.006017 0.006400 -0.008239
v 0.005868 0.006400 -0.008353
v 0.005730 0.006400 -0.008480
v -0.017200 0.006400 -0.011250
v -0.016215 0.006400 -0.010424
v -0.016204 0.006400 -0.010337
v 0.002500 0.006400 -0.010250
v -0.016200 0.006400 -0.010250
v 0.002504 0.006400 -0.010163
v -0.018140 0.006400 -0.010592
v -0.018106 0.006400 -0.010673
v -0.018040 0.006400 -0.008617
v -0.017623 0.006400 -0.009344
v -0.017700 0.006400 -0.009384
v -0.017774 0.006400 -0.009431
v -0.017843 0.006400 -0.009484
v -0.018729 0.006400 -0.009168
v -0.017907 0.006400 -0.009543
v -0.017966 0.006400 -0.009607
v 0.008662 0.006400 -0.007850
v 0.005603 0.006400 -0.008618
v 0.005489 0.006400 -0.008767
v -0.016941 0.006400 -0.011216
v -0.016858 0.006400 -0.011190
v -0.016777 0.006400 -0.011156
v -0.016700 0.006400 -0.011116
v -0.016626 0.006400 -0.011069
v -0.016557 0.006400 -0.011016
v 0.002511 0.006400 -0.011378
v -0.016334 0.006400 -0.010750
v -0.016294 0.006400 -0.010673
v -0.016260 0.006400 -0.010592
v -0.016234 0.006400 -0.010509
v 0.003413 0.006400 -0.009254
v 0.003326 0.006400 -0.009265
v 0.003241 0.006400 -0.009284
v -0.016234 0.006400 -0.009991
v 0.002926 0.006400 -0.009431
v 0.002857 0.006400 -0.009484
v -0.017287 0.006400 -0.009254
v -0.017374 0.006400 -0.009265
v -0.017396 0.006400 -0.008014
v -0.017459 0.006400 -0.009284
v -0.017542 0.006400 -0.009310
v -0.018019 0.006400 -0.009676
v -0.018066 0.006400 -0.009750
v -0.018106 0.006400 -0.009827
v -0.018140 0.006400 -0.009908
v 0.007250 0.006400 -0.007850
v 0.007063 0.006400 -0.007858
v 0.006877 0.006400 -0.007883
v 0.006694 0.006400 -0.007923
v 0.006515 0.006400 -0.007980
v 0.006341 0.006400 -0.008051
v 0.006175 0.006400 -0.008138
v 0.003759 0.006400 -0.009284
v 0.003674 0.006400 -0.009265
v 0.003587 0.006400 -0.009254
v -0.016493 0.006400 -0.010957
v -0.016434 0.006400 -0.010893
v -0.016381 0.006400 -0.010824
v 0.003158 0.006400 -0.009310
v 0.003077 0.006400 -0.009344
v 0.003000 0.006400 -0.009384
v 0.002560 0.006400 -0.009908
v 0.002534 0.006400 -0.009991
v 0.002515 0.006400 -0.010076
v -0.016215 0.006400 -0.010076
v -0.016334 0.006400 -0.009750
v -0.016801 0.006400 -0.007363
v -0.016294 0.006400 -0.009827
v -0.016381 0.006400 -0.009676
v -0.016434 0.006400 -0.009607
v -0.016493 0.006400 -0.009543
v -0.016557 0.006400 -0.009484
v -0.016626 0.006400 -0.009431
v -0.016700 0.006400 -0.009384
v -0.016777 0.006400 -0.009344
v -0.016858 0.006400 -0.009310
v -0.016941 0.006400 -0.009284
v -0.018166 0.006400 -0.009991
v -0.018185 0.006400 -0.010076
v 0.003587 0.006400 -0.011246
v 0.003674 0.006400 -0.011235
v 0.003819 0.006400 -0.011716
v 0.002793 0.006400 -0.009543
v 0.002734 0.006400 -0.009607
v 0.002681 0.006400 -0.009676
v -0.017026 0.006400 -0.009265
v -0.017113 0.006400 -0.009254
v -0.017200 0.006400 -0.009250
v 0.004266 0.006400 -0.009607
v 0.004207 0.006400 -0.009543
v 0.004143 0.006400 -0.009484
v 0.004074 0.006400 -0.009431
v 0.004000 0.006400 -0.009384
v 0.003923 0.006400 -0.009344
v 0.003842 0.006400 -0.009310
v 0.002634 0.006400 -0.009750
v 0.002594 0.006400 -0.009827
v -0.016204 0.006400 -0.010163
v 0.004207 0.006400 -0.010957
v 0.004266 0.006400 -0.010893
v 0.003943 0.006400 -0.011683
v 0.003759 0.006400 -0.011216
v 0.004064 0.006400 -0.011640
v 0.003842 0.006400 -0.011190
v 0.004181 0.006400 -0.011587
v 0.003923 0.006400 -0.011156
v 0.004293 0.006400 -0.011523
v 0.004000 0.006400 -0.011116
v 0.004399 0.006400 -0.011451
v 0.004074 0.006400 -0.011069
v 0.004143 0.006400 -0.011016
v 0.004319 0.006400 -0.010824
v 0.004366 0.006400 -0.010750
v 0.004406 0.006400 -0.010673
v -0.017287 0.006400 -0.011246
v -0.016301 0.006400 -0.011451
v -0.016407 0.006400 -0.011523
v -0.016519 0.006400 -0.011587
v -0.016636 0.006400 -0.011640
v -0.016757 0.006400 -0.011683
v 0.004485 0.006400 -0.010076
v 0.004466 0.006400 -0.009991
v 0.004440 0.006400 -0.009908
v -0.016881 0.006400 -0.011716
v -0.017008 0.006400 -0.011738
v -0.017136 0.006400 -0.011749
v -0.017907 0.006400 -0.010957
v -0.017843 0.006400 -0.011016
v -0.018099 0.006400 -0.011451
v -0.017774 0.006400 -0.011069
v -0.017993 0.006400 -0.011523
v -0.017700 0.006400 -0.011116
v -0.017881 0.006400 -0.011587
v -0.017623 0.006400 -0.011156
v -0.017764 0.006400 -0.011640
v -0.017542 0.006400 -0.011190
v -0.017643 0.006400 -0.011683
v -0.017459 0.006400 -0.011216
v -0.017519 0.006400 -0.011716
v -0.017374 0.006400 -0.011235
v -0.017392 0.006400 -0.011738
v -0.017264 0.006400 -0.011749
v 0.002504 0.006400 -0.010337
v 0.002515 0.006400 -0.010424
v 0.002534 0.006400 -0.010509
v 0.002560 0.006400 -0.010592
v 0.002594 0.006400 -0.010673
v 0.002634 0.006400 -0.010750
v 0.002681 0.006400 -0.010824
v 0.002734 0.006400 -0.010893
v 0.004440 0.006400 -0.010592
v 0.004466 0.006400 -0.010509
v 0.004485 0.006400 -0.010424
v 0.004496 0.006400 -0.010337
v 0.004500 0.006400 -0.010250
v 0.004496 0.006400 -0.010163
v 0.004406 0.006400 -0.009827
v 0.004366 0.006400 -0.009750
v 0.004319 0.006400 -0.009676
v 0.002793 0.006400 -0.010957
v 0.002857 0.006400 -0.011016
v 0.002601 0.006400 -0.011451
v 0.002926 0.006400 -0.011069
v 0.002707 0.006400 -0.011523
v 0.003000 0.006400 -0.011116
v 0.002819 0.006400 -0.011587
v 0.003077 0.006400 -0.011156
v 0.002936 0.006400 -0.011640
v 0.003158 0.006400 -0.011190
v 0.003057 0.006400 -0.011683
v 0.003241 0.006400 -0.011216
v 0.003181 0.006400 -0.011716
v 0.003326 0.006400 -0.011235
v 0.003308 0.006400 -0.011738
v 0.003413 0.006400 -0.011246
v 0.003436 0.006400 -0.011749
v 0.003500 0.006400 -0.011250
v 0.003564 0.006400 -0.011749
v 0.003692 0.006400 -0.011738
v 0.008673 0.006400 -0.007850
v 0.008679 0.006399 -0.007850
v 0.008695 0.006397 -0.007850
v 0.008698 0.006397 -0.007850
v 0.008712 0.006394 -0.007850
v 0.008723 0.006390 -0.007850
v 0.008728 0.006389 -0.007850
v 0.008744 0.006382 -0.007850
v 0.008759 0.006375 -0.007850
v 0.008757 0.006376 -0.007850
v 0.008746 0.006381 -0.007850
v 0.008773 0.006366 -0.007850
v 0.008778 0.006362 -0.007850
v 0.008787 0.006356 -0.007850
v 0.008800 0.006345 -0.007850
v 0.008798 0.006347 -0.007850
v 0.008788 0.006355 -0.007850
v 0.008811 0.006332 -0.007850
v 0.008815 0.006329 -0.007850
v 0.008822 0.006319 -0.007850
v 0.008832 0.006305 -0.007850
v 0.008836 0.006299 -0.007850
v 0.008840 0.006291 -0.007850
v 0.008841 0.006288 -0.007850
v 0.008746 0.006381 -0.007864
v 0.008778 0.006362 -0.007865
v 0.008778 0.006361 -0.007878
v 0.008768 0.006368 -0.007879
v 0.008796 0.006341 -0.007899
v 0.008796 0.006340 -0.007905
v 0.008787 0.006348 -0.007906
v 0.008840 0.006282 -0.007893
v 0.008839 0.006281 -0.007899
v 0.008834 0.006291 -0.007901
v 0.008826 0.006296 -0.007920
v 0.008826 0.006298 -0.007914
v 0.008832 0.006287 -0.007913
v 0.008846 0.006276 -0.007852
v 0.008846 0.006276 -0.007863
v 0.008841 0.006287 -0.007863
v 0.008828 0.006267 -0.007950
v 0.008827 0.006267 -0.007951
v 0.008827 0.006268 -0.007951
v 0.008773 0.006234 -0.008037
v 0.008772 0.006235 -0.008038
v 0.008773 0.006241 -0.008034
v 0.008645 0.006160 -0.008099
v 0.008640 0.006157 -0.008100
v 0.008640 0.006157 -0.008100
v 0.008640 0.006157 -0.008100
v 0.008647 0.006161 -0.008099
v 0.008641 0.006165 -0.008099
v 0.008630 0.006164 -0.008100
v 0.008629 0.006156 -0.008100
v 0.008633 0.006153 -0.008100
v 0.008628 0.006150 -0.008100
v 0.008649 0.006162 -0.008099
v 0.008642 0.006172 -0.008099
v 0.008652 0.006164 -0.008098
v 0.008652 0.006165 -0.008098
v 0.008653 0.006172 -0.008098
v 0.008653 0.006164 -0.008098
v 0.008659 0.006168 -0.008097
v 0.008663 0.006170 -0.008097
v 0.008654 0.006179 -0.008097
v 0.008665 0.006171 -0.008097
v 0.008666 0.006172 -0.008096
v 0.008665 0.006172 -0.008096
v 0.008667 0.006173 -0.008096
v 0.008666 0.006179 -0.008096
v 0.008667 0.006187 -0.008095
v 0.008677 0.006178 -0.008094
v 0.008672 0.006175 -0.008095
v 0.008678 0.006179 -0.008093
v 0.008677 0.006179 -0.008094
v 0.008681 0.006181 -0.008093
v 0.008678 0.006186 -0.008093
v 0.008684 0.006182 -0.008092
v 0.008686 0.006183 -0.008091
v 0.008679 0.006193 -0.008091
v 0.008689 0.006185 -0.008090
v 0.008689 0.006186 -0.008090
v 0.008690 0.006193 -0.008089
v 0.008690 0.006186 -0.008090
v 0.008696 0.006189 -0.008088
v 0.008699 0.006191 -0.008087
v 0.008691 0.006200 -0.008087
v 0.008701 0.006192 -0.008086
v 0.008702 0.006193 -0.008085
v 0.008701 0.006193 -0.008086
v 0.008704 0.006194 -0.008085
v 0.008702 0.006200 -0.008084
v 0.008707 0.006196 -0.008083
v 0.008703 0.006207 -0.008082
v 0.008704 0.006213 -0.008081
v 0.008713 0.006199 -0.008080
v 0.008713 0.006199 -0.008080
v 0.008715 0.006213 -0.008077
v 0.008721 0.006204 -0.008076
v 0.008714 0.006206 -0.008079
v 0.008719 0.006202 -0.008078
v 0.008716 0.006201 -0.008079
v 0.008716 0.006219 -0.008075
v 0.008725 0.006206 -0.008074
v 0.008724 0.006206 -0.008075
v 0.008729 0.006209 -0.008071
v 0.008726 0.006211 -0.008072
v 0.008733 0.006210 -0.008070
v 0.008727 0.006218 -0.008070
v 0.008728 0.006225 -0.008068
v 0.008737 0.006213 -0.008067
v 0.008735 0.006212 -0.008068
v 0.008738 0.006213 -0.008066
v 0.008738 0.006217 -0.008066
v 0.008740 0.006215 -0.008065
v 0.008739 0.006223 -0.008063
v 0.008745 0.006218 -0.008061
v 0.008748 0.006220 -0.008059
v 0.008740 0.006229 -0.008061
v 0.008749 0.006220 -0.008058
v 0.008750 0.006221 -0.008058
v 0.008749 0.006221 -0.008058
v 0.008754 0.006223 -0.008055
v 0.008750 0.006228 -0.008055
v 0.008755 0.006223 -0.008054
v 0.008751 0.006234 -0.008053
v 0.008752 0.006240 -0.008050
v 0.008760 0.006227 -0.008049
v 0.008759 0.006226 -0.008050
v 0.008761 0.006227 -0.008048
v 0.008761 0.006232 -0.008047
v 0.008764 0.006229 -0.008046
v 0.008762 0.006238 -0.008044
v 0.008768 0.006231 -0.008041
v 0.008769 0.006231 -0.008041
v 0.008764 0.006243 -0.008041
v 0.008772 0.006233 -0.008038
v 0.008775 0.006235 -0.008035
v 0.008774 0.006246 -0.008031
v 0.008781 0.006239 -0.008028
v 0.008782 0.006240 -0.008027
v 0.008776 0.006252 -0.008028
v 0.008783 0.006240 -0.008026
v 0.008786 0.006253 -0.008018
v 0.008788 0.006243 -0.008020
v 0.008785 0.006248 -0.008021
v 0.008785 0.006241 -0.008024
v 0.008783 0.006243 -0.008025
v 0.008787 0.006259 -0.008014
v 0.008794 0.006246 -0.008012
v 0.008792 0.006245 -0.008015
v 0.008797 0.006259 -0.008002
v 0.008800 0.006250 -0.008004
v 0.008796 0.006254 -0.008006
v 0.008796 0.006248 -0.008010
v 0.008795 0.006249 -0.008010
v 0.008795 0.006247 -0.008011
v 0.008798 0.006264 -0.007998
v 0.008805 0.006253 -0.007996
v 0.008803 0.006252 -0.008000
v 0.008809 0.006268 -0.007982
v 0.008810 0.006256 -0.007987
v 0.008808 0.006264 -0.007986
v 0.008809 0.006256 -0.007989
v 0.008807 0.006259 -0.007991
v 0.008806 0.006254 -0.007994
v 0.008805 0.006255 -0.007995
v 0.008806 0.006254 -0.007995
v 0.008810 0.006273 -0.007977
v 0.008816 0.006260 -0.007977
v 0.008815 0.006259 -0.007979
v 0.008817 0.006260 -0.007976
v 0.008817 0.006263 -0.007974
v 0.008818 0.006261 -0.007973
v 0.008818 0.006267 -0.007969
v 0.008820 0.006262 -0.007969
v 0.008819 0.006271 -0.007964
v 0.008823 0.006264 -0.007962
v 0.008820 0.006274 -0.007959
v 0.008825 0.006265 -0.007957
v 0.008821 0.006278 -0.007954
v 0.008826 0.006266 -0.007954
v 0.008825 0.006265 -0.007957
v 0.008830 0.006268 -0.007945
v 0.008828 0.006271 -0.007946
v 0.008829 0.006274 -0.007941
v 0.008833 0.006270 -0.007937
v 0.008830 0.006277 -0.007936
v 0.008833 0.006270 -0.007934
v 0.008837 0.006275 -0.007917
v 0.008837 0.006272 -0.007922
v 0.008837 0.006272 -0.007922
v 0.008837 0.006272 -0.007922
v 0.008834 0.006271 -0.007931
v 0.008840 0.006273 -0.007910
v 0.008838 0.006273 -0.007916
v 0.008838 0.006273 -0.007916
v 0.008842 0.006275 -0.007899
v 0.008840 0.006273 -0.007910
v 0.008843 0.006275 -0.007895
v 0.008843 0.006275 -0.007893
v 0.008840 0.006284 -0.007887
v 0.008844 0.006275 -0.007889
v 0.008846 0.006276 -0.007870
v 0.008841 0.006286 -0.007875
v 0.008845 0.006276 -0.007874
v 0.008795 0.006338 -0.007912
v 0.008786 0.006346 -0.007912
v 0.008776 0.006354 -0.007913
v 0.008777 0.006355 -0.007906
v 0.008766 0.006361 -0.007913
v 0.008767 0.006363 -0.007906
v 0.008755 0.006367 -0.007913
v 0.008756 0.006369 -0.007906
v 0.008744 0.006373 -0.007912
v 0.008745 0.006375 -0.007905
v 0.008733 0.006378 -0.007912
v 0.008733 0.006380 -0.007905
v 0.008721 0.006383 -0.007911
v 0.008722 0.006384 -0.007904
v 0.008709 0.006386 -0.007910
v 0.008697 0.006390 -0.007909
v 0.008710 0.006388 -0.007903
v 0.008697 0.006391 -0.007902
v 0.008710 0.006389 -0.007897
v 0.008797 0.006343 -0.007892
v 0.008787 0.006349 -0.007899
v 0.008787 0.006351 -0.007892
v 0.008777 0.006357 -0.007899
v 0.008777 0.006358 -0.007892
v 0.008767 0.006364 -0.007899
v 0.008767 0.006365 -0.007892
v 0.008756 0.006371 -0.007899
v 0.008756 0.006372 -0.007892
v 0.008745 0.006376 -0.007899
v 0.008745 0.006378 -0.007892
v 0.008734 0.006381 -0.007898
v 0.008734 0.006383 -0.007892
v 0.008722 0.006386 -0.007898
v 0.008722 0.006387 -0.007891
v 0.008778 0.006360 -0.007885
v 0.008767 0.006367 -0.007885
v 0.008757 0.006373 -0.007885
v 0.008757 0.006374 -0.007878
v 0.008746 0.006379 -0.007885
v 0.008746 0.006380 -0.007878
v 0.008757 0.006376 -0.007857
v 0.008768 0.006369 -0.007857
v 0.008631 0.006169 -0.008099
v 0.008631 0.006174 -0.008099
v 0.008632 0.006178 -0.008098
v 0.008643 0.006179 -0.008098
v 0.008633 0.006186 -0.008097
v 0.008644 0.006186 -0.008097
v 0.008634 0.006190 -0.008097
v 0.008645 0.006193 -0.008096
v 0.008634 0.006195 -0.008096
v 0.008635 0.006200 -0.008095
v 0.008646 0.006201 -0.008095
v 0.008636 0.006207 -0.008093
v 0.008647 0.006208 -0.008093
v 0.008636 0.006211 -0.008093
v 0.008648 0.006214 -0.008091
v 0.008637 0.006216 -0.008091
v 0.008638 0.006221 -0.008090
v 0.008648 0.006221 -0.008089
v 0.008639 0.006227 -0.008088
v 0.008649 0.006228 -0.008087
v 0.008639 0.006231 -0.008087
v 0.008650 0.006235 -0.008085
v 0.008640 0.006237 -0.008085
v 0.008640 0.006241 -0.008083
v 0.008651 0.006241 -0.008082
v 0.008641 0.006247 -0.008080
v 0.008652 0.006248 -0.008080
v 0.008642 0.006250 -0.008079
v 0.008653 0.006254 -0.008077
v 0.008642 0.006256 -0.008076
v 0.008643 0.006260 -0.008075
v 0.008654 0.006260 -0.008074
v 0.008644 0.006266 -0.008071
v 0.008655 0.006267 -0.008071
v 0.008644 0.006269 -0.008070
v 0.008655 0.006273 -0.008067
v 0.008645 0.006276 -0.008066
v 0.008645 0.006278 -0.008065
v 0.008656 0.006279 -0.008064
v 0.008646 0.006284 -0.008061
v 0.008657 0.006284 -0.008060
v 0.008646 0.006287 -0.008059
v 0.008658 0.006290 -0.008057
v 0.008647 0.006294 -0.008055
v 0.008648 0.006295 -0.008054
v 0.008659 0.006296 -0.008053
v 0.008648 0.006300 -0.008050
v 0.008659 0.006301 -0.008049
v 0.008649 0.006303 -0.008047
v 0.008660 0.006306 -0.008045
v 0.008650 0.006311 -0.008041
v 0.008661 0.006312 -0.008040
v 0.008650 0.006311 -0.008041
v 0.008650 0.006316 -0.008037
v 0.008662 0.006317 -0.008036
v 0.008651 0.006319 -0.008034
v 0.008662 0.006322 -0.008031
v 0.008652 0.006325 -0.008028
v 0.008663 0.006326 -0.008027
v 0.008652 0.006327 -0.008027
v 0.008652 0.006330 -0.008024
v 0.008664 0.006330 -0.008023
v 0.008653 0.006334 -0.008019
v 0.008664 0.006335 -0.008018
v 0.008653 0.006338 -0.008014
v 0.008665 0.006339 -0.008013
v 0.008654 0.006341 -0.008011
v 0.008654 0.006342 -0.008010
v 0.008665 0.006343 -0.008008
v 0.008654 0.006346 -0.008005
v 0.008666 0.006347 -0.008003
v 0.008655 0.006347 -0.008004
v 0.008666 0.006351 -0.007998
v 0.008655 0.006354 -0.007994
v 0.008667 0.006355 -0.007992
v 0.008656 0.006355 -0.007994
v 0.008656 0.006358 -0.007989
v 0.008667 0.006359 -0.007987
v 0.008656 0.006359 -0.007987
v 0.008668 0.006362 -0.007982
v 0.008657 0.006364 -0.007978
v 0.008668 0.006365 -0.007976
v 0.008822 0.006281 -0.007949
v 0.008822 0.006285 -0.007943
v 0.008823 0.006288 -0.007938
v 0.008830 0.006280 -0.007930
v 0.008824 0.006290 -0.007932
v 0.008831 0.006283 -0.007924
v 0.008825 0.006293 -0.007926
v 0.008838 0.006277 -0.007911
v 0.008839 0.006279 -0.007905
v 0.008811 0.006277 -0.007972
v 0.008812 0.006281 -0.007967
v 0.008813 0.006284 -0.007962
v 0.008814 0.006288 -0.007957
v 0.008815 0.006291 -0.007951
v 0.008816 0.006295 -0.007945
v 0.008816 0.006298 -0.007940
v 0.008817 0.006301 -0.007934
v 0.008818 0.006303 -0.007928
v 0.008819 0.006306 -0.007922
v 0.008819 0.006308 -0.007916
v 0.008788 0.006264 -0.008010
v 0.008789 0.006269 -0.008005
v 0.008791 0.006273 -0.008001
v 0.008799 0.006269 -0.007994
v 0.008792 0.006278 -0.007997
v 0.008800 0.006273 -0.007989
v 0.008793 0.006283 -0.007992
v 0.008802 0.006278 -0.007985
v 0.008794 0.006287 -0.007987
v 0.008803 0.006282 -0.007980
v 0.008795 0.006291 -0.007982
v 0.008804 0.006286 -0.007975
v 0.008796 0.006296 -0.007977
v 0.008805 0.006290 -0.007969
v 0.008797 0.006299 -0.007971
v 0.008806 0.006294 -0.007964
v 0.008798 0.006303 -0.007966
v 0.008806 0.006298 -0.007959
v 0.008799 0.006307 -0.007960
v 0.008807 0.006301 -0.007953
v 0.008799 0.006310 -0.007955
v 0.008808 0.006304 -0.007947
v 0.008800 0.006314 -0.007949
v 0.008809 0.006307 -0.007941
v 0.008801 0.006317 -0.007943
v 0.008810 0.006310 -0.007935
v 0.008802 0.006319 -0.007937
v 0.008810 0.006313 -0.007929
v 0.008802 0.006322 -0.007930
v 0.008811 0.006315 -0.007923
v 0.008803 0.006325 -0.007924
v 0.008812 0.006318 -0.007917
v 0.008804 0.006327 -0.007918
v 0.008777 0.006257 -0.008024
v 0.008778 0.006262 -0.008021
v 0.008779 0.006267 -0.008017
v 0.008780 0.006272 -0.008012
v 0.008781 0.006277 -0.008008
v 0.008782 0.006282 -0.008004
v 0.008783 0.006287 -0.007999
v 0.008784 0.006292 -0.007994
v 0.008785 0.006296 -0.007989
v 0.008786 0.006300 -0.007984
v 0.008787 0.006304 -0.007978
v 0.008788 0.006308 -0.007973
v 0.008789 0.006312 -0.007967
v 0.008790 0.006316 -0.007962
v 0.008791 0.006319 -0.007956
v 0.008792 0.006322 -0.007950
v 0.008792 0.006325 -0.007944
v 0.008793 0.006328 -0.007938
v 0.008794 0.006331 -0.007931
v 0.008794 0.006333 -0.007925
v 0.008795 0.006336 -0.007918
v 0.008765 0.006249 -0.008038
v 0.008766 0.006255 -0.008034
v 0.008767 0.006260 -0.008031
v 0.008768 0.006265 -0.008027
v 0.008769 0.006271 -0.008023
v 0.008770 0.006276 -0.008019
v 0.008771 0.006281 -0.008015
v 0.008773 0.006286 -0.008010
v 0.008774 0.006291 -0.008005
v 0.008775 0.006296 -0.008001
v 0.008776 0.006300 -0.007996
v 0.008777 0.006305 -0.007991
v 0.008778 0.006309 -0.007985
v 0.008778 0.006313 -0.007980
v 0.008779 0.006317 -0.007974
v 0.008780 0.006321 -0.007969
v 0.008781 0.006324 -0.007963
v 0.008782 0.006328 -0.007957
v 0.008783 0.006331 -0.007951
v 0.008783 0.006334 -0.007945
v 0.008784 0.006337 -0.007938
v 0.008785 0.006339 -0.007932
v 0.008785 0.006342 -0.007926
v 0.008786 0.006344 -0.007919
v 0.008754 0.006246 -0.008047
v 0.008755 0.006252 -0.008044
v 0.008756 0.006258 -0.008040
v 0.008757 0.006263 -0.008037
v 0.008758 0.006269 -0.008033
v 0.008759 0.006274 -0.008029
v 0.008760 0.006279 -0.008025
v 0.008761 0.006284 -0.008021
v 0.008762 0.006289 -0.008016
v 0.008763 0.006294 -0.008012
v 0.008764 0.006299 -0.008007
v 0.008765 0.006304 -0.008002
v 0.008766 0.006308 -0.007997
v 0.008767 0.006313 -0.007992
v 0.008768 0.006317 -0.007986
v 0.008769 0.006321 -0.007981
v 0.008770 0.006325 -0.007975
v 0.008771 0.006329 -0.007969
v 0.008771 0.006332 -0.007963
v 0.008772 0.006335 -0.007957
v 0.008773 0.006339 -0.007951
v 0.008774 0.006342 -0.007945
v 0.008774 0.006344 -0.007939
v 0.008775 0.006347 -0.007932
v 0.008775 0.006349 -0.007926
v 0.008776 0.006352 -0.007919
v 0.008741 0.006236 -0.008058
v 0.008742 0.006242 -0.008055
v 0.008743 0.006248 -0.008052
v 0.008744 0.006254 -0.008049
v 0.008746 0.006260 -0.008046
v 0.008747 0.006266 -0.008042
v 0.008748 0.006271 -0.008038
v 0.008749 0.006277 -0.008035
v 0.008750 0.006282 -0.008031
v 0.008751 0.006287 -0.008027
v 0.008752 0.006292 -0.008022
v 0.008753 0.006297 -0.008018
v 0.008754 0.006302 -0.008013
v 0.008755 0.006307 -0.008008
v 0.008756 0.006312 -0.008003
v 0.008757 0.006316 -0.007998
v 0.008758 0.006320 -0.007992
v 0.008758 0.006325 -0.007987
v 0.008759 0.006329 -0.007981
v 0.008760 0.006332 -0.007976
v 0.008761 0.006336 -0.007970
v 0.008762 0.006340 -0.007964
v 0.008762 0.006343 -0.007958
v 0.008763 0.006346 -0.007952
v 0.008764 0.006349 -0.007945
v 0.008764 0.006352 -0.007939
v 0.008765 0.006354 -0.007932
v 0.008765 0.006357 -0.007926
v 0.008766 0.006359 -0.007919
v 0.008729 0.006231 -0.008066
v 0.008730 0.006237 -0.008063
v 0.008732 0.006244 -0.008060
v 0.008733 0.006250 -0.008057
v 0.008734 0.006256 -0.008054
v 0.008735 0.006262 -0.008051
v 0.008736 0.006268 -0.008047
v 0.008737 0.006273 -0.008044
v 0.008738 0.006279 -0.008040
v 0.008739 0.006284 -0.008036
v 0.008740 0.006289 -0.008032
v 0.008741 0.006295 -0.008027
v 0.008742 0.006300 -0.008023
v 0.008743 0.006305 -0.008018
v 0.008744 0.006310 -0.008013
v 0.008745 0.006314 -0.008008
v 0.008746 0.006319 -0.008003
v 0.008747 0.006323 -0.007998
v 0.008747 0.006328 -0.007993
v 0.008748 0.006332 -0.007987
v 0.008749 0.006336 -0.007981
v 0.008750 0.006339 -0.007976
v 0.008750 0.006343 -0.007970
v 0.008751 0.006346 -0.007964
v 0.008752 0.006350 -0.007958
v 0.008752 0.006353 -0.007952
v 0.008753 0.006356 -0.007945
v 0.008754 0.006358 -0.007939
v 0.008754 0.006361 -0.007932
v 0.008755 0.006363 -0.007926
v 0.008755 0.006365 -0.007919
v 0.008718 0.006226 -0.008073
v 0.008719 0.006232 -0.008070
v 0.008720 0.006239 -0.008068
v 0.008721 0.006245 -0.008065
v 0.008722 0.006251 -0.008062
v 0.008723 0.006257 -0.008059
v 0.008724 0.006263 -0.008055
v 0.008725 0.006269 -0.008052
v 0.008726 0.006275 -0.008048
v 0.008727 0.006281 -0.008044
v 0.008728 0.006286 -0.008040
v 0.008729 0.006292 -0.008036
v 0.008730 0.006297 -0.008032
v 0.008731 0.006302 -0.008028
v 0.008732 0.006307 -0.008023
v 0.008733 0.006312 -0.008018
v 0.008733 0.006317 -0.008013
v 0.008734 0.006321 -0.008008
v 0.008735 0.006326 -0.008003
v 0.008736 0.006330 -0.007998
v 0.008737 0.006334 -0.007992
v 0.008738 0.006338 -0.007987
v 0.008738 0.006342 -0.007981
v 0.008739 0.006346 -0.007975
v 0.008740 0.006349 -0.007969
v 0.008740 0.006353 -0.007963
v 0.008741 0.006356 -0.007957
v 0.008742 0.006359 -0.007951
v 0.008742 0.006362 -0.007945
v 0.008743 0.006364 -0.007938
v 0.008743 0.006367 -0.007932
v 0.008744 0.006369 -0.007925
v 0.008744 0.006371 -0.007919
v 0.008705 0.006220 -0.008079
v 0.008707 0.006227 -0.008077
v 0.008708 0.006233 -0.008074
v 0.008709 0.006240 -0.008072
v 0.008710 0.006246 -0.008069
v 0.008711 0.006252 -0.008066
v 0.008712 0.006258 -0.008063
v 0.008713 0.006265 -0.008059
v 0.008714 0.006271 -0.008056
v 0.008715 0.006276 -0.008052
v 0.008716 0.006282 -0.008048
v 0.008717 0.006288 -0.008044
v 0.008718 0.006293 -0.008040
v 0.008718 0.006298 -0.008036
v 0.008719 0.006303 -0.008032
v 0.008720 0.006309 -0.008028
v 0.008721 0.006314 -0.008023
v 0.008722 0.006318 -0.008018
v 0.008723 0.006323 -0.008013
v 0.008724 0.006328 -0.008008
v 0.008724 0.006332 -0.008003
v 0.008725 0.006336 -0.007997
v 0.008726 0.006340 -0.007992
v 0.008727 0.006344 -0.007986
v 0.008727 0.006348 -0.007980
v 0.008728 0.006352 -0.007975
v 0.008729 0.006355 -0.007969
v 0.008729 0.006358 -0.007963
v 0.008730 0.006362 -0.007957
v 0.008730 0.006364 -0.007950
v 0.008731 0.006367 -0.007944
v 0.008731 0.006370 -0.007938
v 0.008732 0.006372 -0.007931
v 0.008732 0.006374 -0.007925
v 0.008733 0.006376 -0.007918
v 0.008692 0.006207 -0.008086
v 0.008693 0.006214 -0.008084
v 0.008694 0.006221 -0.008082
v 0.008695 0.006227 -0.008080
v 0.008696 0.006234 -0.008077
v 0.008697 0.006240 -0.008075
v 0.008698 0.006247 -0.008072
v 0.008699 0.006253 -0.008069
v 0.008700 0.006259 -0.008066
v 0.008701 0.006266 -0.008063
v 0.008702 0.006272 -0.008059
v 0.008703 0.006277 -0.008056
v 0.008704 0.006283 -0.008052
v 0.008705 0.006289 -0.008048
v 0.008706 0.006294 -0.008044
v 0.008707 0.006300 -0.008040
v 0.008708 0.006305 -0.008036
v 0.008709 0.006310 -0.008031
v 0.008709 0.006315 -0.008027
v 0.008710 0.006320 -0.008022
v 0.008711 0.006324 -0.008017
v 0.008712 0.006329 -0.008012
v 0.008713 0.006334 -0.008007
v 0.008713 0.006338 -0.008001
v 0.008714 0.006342 -0.007996
v 0.008715 0.006346 -0.007991
v 0.008715 0.006350 -0.007985
v 0.008716 0.006354 -0.007979
v 0.008717 0.006357 -0.007973
v 0.008717 0.006360 -0.007968
v 0.008718 0.006364 -0.007962
v 0.008718 0.006367 -0.007955
v 0.008719 0.006369 -0.007949
v 0.008719 0.006372 -0.007943
v 0.008720 0.006375 -0.007937
v 0.008720 0.006377 -0.007930
v 0.008721 0.006379 -0.007924
v 0.008721 0.006381 -0.007917
v 0.008680 0.006200 -0.008090
v 0.008681 0.006207 -0.008088
v 0.008682 0.006214 -0.008087
v 0.008683 0.006221 -0.008085
v 0.008684 0.006228 -0.008083
v 0.008685 0.006234 -0.008080
v 0.008686 0.006241 -0.008078
v 0.008687 0.006247 -0.008075
v 0.008688 0.006254 -0.008072
v 0.008689 0.006260 -0.008069
v 0.008690 0.006266 -0.008066
v 0.008691 0.006272 -0.008062
v 0.008692 0.006278 -0.008059
v 0.008693 0.006284 -0.008055
v 0.008693 0.006290 -0.008051
v 0.008694 0.006295 -0.008047
v 0.008695 0.006301 -0.008043
v 0.008696 0.006306 -0.008039
v 0.008697 0.006311 -0.008034
v 0.008698 0.006316 -0.008030
v 0.008698 0.006321 -0.008025
v 0.008699 0.006325 -0.008020
v 0.008700 0.006330 -0.008016
v 0.008701 0.006335 -0.008010
v 0.008701 0.006339 -0.008005
v 0.008702 0.006343 -0.008000
v 0.008703 0.006347 -0.007995
v 0.008703 0.006351 -0.007989
v 0.008704 0.006355 -0.007983
v 0.008705 0.006358 -0.007978
v 0.008705 0.006362 -0.007972
v 0.008706 0.006365 -0.007966
v 0.008706 0.006368 -0.007960
v 0.008707 0.006371 -0.007954
v 0.008707 0.006374 -0.007948
v 0.008708 0.006376 -0.007942
v 0.008708 0.006379 -0.007936
v 0.008708 0.006381 -0.007929
v 0.008709 0.006383 -0.007923
v 0.008709 0.006385 -0.007916
v 0.008668 0.006194 -0.008094
v 0.008669 0.006201 -0.008092
v 0.008670 0.006208 -0.008091
v 0.008671 0.006215 -0.008089
v 0.008672 0.006221 -0.008087
v 0.008673 0.006228 -0.008085
v 0.008673 0.006235 -0.008082
v 0.008674 0.006241 -0.008080
v 0.008675 0.006248 -0.008077
v 0.008676 0.006254 -0.008074
v 0.008677 0.006260 -0.008071
v 0.008678 0.006267 -0.008068
v 0.008679 0.006273 -0.008065
v 0.008680 0.006279 -0.008061
v 0.008681 0.006284 -0.008057
v 0.008682 0.006290 -0.008054
v 0.008682 0.006296 -0.008050
v 0.008683 0.006301 -0.008045
v 0.008684 0.006306 -0.008041
v 0.008685 0.006312 -0.008037
v 0.008686 0.006316 -0.008033
v 0.008686 0.006321 -0.008028
v 0.008687 0.006326 -0.008023
v 0.008688 0.006331 -0.008018
v 0.008688 0.006335 -0.008014
v 0.008689 0.006339 -0.008008
v 0.008690 0.006344 -0.008003
v 0.008690 0.006348 -0.007998
v 0.008691 0.006352 -0.007992
v 0.008692 0.006355 -0.007987
v 0.008692 0.006359 -0.007981
v 0.008693 0.006362 -0.007976
v 0.008693 0.006366 -0.007970
v 0.008694 0.006369 -0.007964
v 0.008694 0.006372 -0.007958
v 0.008695 0.006375 -0.007952
v 0.008695 0.006377 -0.007946
v 0.008696 0.006380 -0.007940
v 0.008696 0.006382 -0.007934
v 0.008696 0.006384 -0.007928
v 0.008697 0.006386 -0.007921
v 0.008697 0.006388 -0.007915
v 0.008655 0.006187 -0.008096
v 0.008656 0.006194 -0.008095
v 0.008657 0.006201 -0.008094
v 0.008658 0.006208 -0.008092
v 0.008659 0.006215 -0.008090
v 0.008660 0.006221 -0.008088
v 0.008661 0.006228 -0.008086
v 0.008662 0.006235 -0.008084
v 0.008663 0.006241 -0.008081
v 0.008664 0.006248 -0.008079
v 0.008665 0.006254 -0.008076
v 0.008666 0.006261 -0.008073
v 0.008666 0.006267 -0.008070
v 0.008667 0.006273 -0.008066
v 0.008668 0.006279 -0.008063
v 0.008669 0.006285 -0.008059
v 0.008670 0.006290 -0.008055
v 0.008671 0.006296 -0.008052
v 0.008671 0.006301 -0.008047
v 0.008672 0.006307 -0.008043
v 0.008673 0.006312 -0.008039
v 0.008674 0.006317 -0.008034
v 0.008674 0.006322 -0.008030
v 0.008675 0.006326 -0.008026
v 0.008676 0.006331 -0.008021
v 0.008676 0.006335 -0.008016
v 0.008677 0.006340 -0.008011
v 0.008678 0.006344 -0.008006
v 0.008678 0.006348 -0.008001
v 0.008679 0.006352 -0.007995
v 0.008679 0.006356 -0.007990
v 0.008680 0.006359 -0.007984
v 0.008680 0.006363 -0.007979
v 0.008681 0.006366 -0.007973
v 0.008681 0.006369 -0.007968
v 0.008682 0.006372 -0.007962
v 0.008682 0.006375 -0.007956
v 0.008683 0.006378 -0.007950
v 0.008683 0.006380 -0.007944
v 0.008683 0.006382 -0.007938
v 0.008684 0.006385 -0.007932
v 0.008684 0.006387 -0.007926
v 0.008684 0.006389 -0.007920
v 0.008685 0.006390 -0.007914
v 0.008657 0.006366 -0.007976
v 0.008657 0.006368 -0.007973
v 0.008669 0.006369 -0.007971
v 0.008658 0.006370 -0.007969
v 0.008669 0.006372 -0.007965
v 0.008658 0.006373 -0.007962
v 0.008670 0.006375 -0.007959
v 0.008658 0.006376 -0.007956
v 0.008670 0.006377 -0.007954
v 0.008659 0.006379 -0.007951
v 0.008670 0.006380 -0.007948
v 0.008659 0.006381 -0.007945
v 0.008671 0.006382 -0.007942
v 0.008660 0.006385 -0.007937
v 0.008671 0.006384 -0.007936
v 0.008660 0.006386 -0.007934
v 0.008671 0.006386 -0.007930
v 0.008660 0.006386 -0.007932
v 0.008672 0.006388 -0.007924
v 0.008660 0.006389 -0.007922
v 0.008672 0.006390 -0.007918
v 0.008660 0.006391 -0.007916
v 0.008672 0.006392 -0.007912
v 0.008661 0.006392 -0.007912
v 0.008673 0.006395 -0.007900
v 0.008827 0.006302 -0.007902
v 0.008820 0.006312 -0.007903
v 0.008812 0.006320 -0.007910
v 0.008813 0.006322 -0.007904
v 0.008804 0.006329 -0.007911
v 0.008805 0.006331 -0.007905
v 0.008805 0.006332 -0.007898
v 0.008834 0.006294 -0.007888
v 0.008828 0.006305 -0.007889
v 0.008821 0.006315 -0.007890
v 0.008814 0.006325 -0.007891
v 0.008805 0.006334 -0.007891
v 0.008661 0.006395 -0.007898
v 0.008661 0.006396 -0.007895
v 0.008673 0.006397 -0.007888
v 0.008661 0.006396 -0.007892
v 0.008673 0.006398 -0.007875
v 0.008835 0.006297 -0.007876
v 0.008829 0.006307 -0.007877
v 0.008822 0.006317 -0.007877
v 0.008814 0.006327 -0.007878
v 0.008806 0.006336 -0.007878
v 0.008836 0.006298 -0.007863
v 0.008829 0.006309 -0.007864
v 0.008822 0.006319 -0.007864
v 0.008814 0.006328 -0.007864
v 0.008806 0.006338 -0.007864
v 0.008797 0.006344 -0.007885
v 0.008788 0.006352 -0.007885
v 0.008797 0.006345 -0.007878
v 0.008788 0.006353 -0.007878
v 0.008797 0.006346 -0.007864
v 0.008788 0.006354 -0.007865
v 0.008768 0.006369 -0.007865
v 0.008757 0.006375 -0.007865
v 0.008710 0.006391 -0.007890
v 0.008698 0.006393 -0.007890
v 0.008710 0.006392 -0.007877
v 0.008698 0.006395 -0.007877
v 0.008711 0.006393 -0.007864
v 0.008698 0.006396 -0.007864
v 0.008685 0.006393 -0.007901
v 0.008685 0.006395 -0.007889
v 0.008686 0.006397 -0.007876
v 0.008686 0.006398 -0.007863
v 0.008673 0.006399 -0.007863
v 0.008662 0.006400 -0.007863
v 0.008661 0.006399 -0.007872
v 0.008661 0.006399 -0.007874
v 0.008778 0.006362 -0.007857
v 0.008735 0.006386 -0.007864
v 0.008734 0.006385 -0.007878
v 0.008734 0.006384 -0.007885
v 0.008723 0.006389 -0.007878
v 0.008723 0.006390 -0.007864
v 0.009353 0.004900 -0.008011
v 0.009412 0.004900 -0.007895
v 0.009415 0.004900 -0.007874
v 0.009416 0.004900 -0.007863
v 0.009414 0.004900 -0.007884
v 0.009407 0.004900 -0.007916
v 0.009410 0.004900 -0.007905
v 0.009400 0.004900 -0.007937
v 0.009403 0.004900 -0.007926
v 0.009391 0.004900 -0.007956
v 0.009395 0.004900 -0.007947
v 0.009380 0.004900 -0.007976
v 0.009385 0.004900 -0.007966
v 0.009367 0.004900 -0.007994
v 0.009374 0.004900 -0.007985
v 0.009360 0.004900 -0.008002
v 0.009320 0.004900 -0.008041
v 0.009337 0.004900 -0.008027
v 0.009301 0.004900 -0.008055
v 0.009282 0.004900 -0.008066
v 0.009261 0.004900 -0.008076
v 0.009239 0.004900 -0.008085
v 0.009217 0.004900 -0.008091
v 0.009194 0.004900 -0.008096
v 0.009148 0.004900 -0.008100
v 0.009171 0.004900 -0.008099
v 0.009146 0.004900 -0.008100
v 0.007250 0.004900 -0.008100
v 0.007250 0.006150 -0.008100
v 0.007250 0.006172 -0.008099
v 0.007250 0.006174 -0.008099
v 0.007250 0.006193 -0.008096
v 0.007250 0.006195 -0.008096
v 0.007250 0.006215 -0.008091
v 0.007250 0.006236 -0.008085
v 0.007250 0.006216 -0.008091
v 0.007250 0.006237 -0.008085
v 0.007250 0.006256 -0.008077
v 0.007250 0.006275 -0.008067
v 0.007250 0.006256 -0.008076
v 0.007250 0.006276 -0.008066
v 0.007250 0.006293 -0.008055
v 0.007250 0.006311 -0.008042
v 0.007250 0.006294 -0.008055
v 0.007250 0.006327 -0.008027
v 0.007250 0.006342 -0.008011
v 0.007250 0.006355 -0.007994
v 0.007250 0.006355 -0.007993
v 0.007250 0.006366 -0.007976
v 0.007250 0.006367 -0.007975
v 0.007250 0.006377 -0.007956
v 0.007250 0.006376 -0.007956
v 0.007250 0.006385 -0.007936
v 0.007250 0.006385 -0.007937
v 0.007250 0.006391 -0.007916
v 0.007250 0.006391 -0.007915
v 0.007250 0.006396 -0.007895
v 0.007250 0.006396 -0.007893
v 0.007250 0.006399 -0.007874
v 0.007250 0.006399 -0.007872
v 0.007250 0.006400 -0.007852
v 0.007074 0.006367 -0.007983
v 0.007084 0.006150 -0.008107
v 0.007084 0.006172 -0.008106
v 0.007084 0.006193 -0.008103
v 0.007084 0.006215 -0.008099
v 0.007083 0.006236 -0.008092
v 0.007082 0.006256 -0.008084
v 0.007081 0.006275 -0.008074
v 0.007080 0.006293 -0.008062
v 0.007077 0.006342 -0.008018
v 0.007078 0.006327 -0.008034
v 0.007079 0.006311 -0.008049
v 0.007075 0.006355 -0.008001
v 0.007072 0.006377 -0.007963
v 0.007070 0.006385 -0.007943
v 0.007068 0.006391 -0.007923
v 0.007066 0.006396 -0.007901
v 0.007065 0.006399 -0.007880
v 0.006920 0.006150 -0.008129
v 0.006920 0.006172 -0.008128
v 0.006919 0.006193 -0.008125
v 0.006919 0.006215 -0.008120
v 0.006917 0.006236 -0.008114
v 0.006916 0.006256 -0.008106
v 0.006914 0.006275 -0.008096
v 0.006912 0.006293 -0.008084
v 0.006910 0.006311 -0.008071
v 0.006907 0.006327 -0.008057
v 0.006905 0.006342 -0.008041
v 0.006902 0.006355 -0.008024
v 0.006898 0.006367 -0.008006
v 0.006895 0.006377 -0.007987
v 0.006892 0.006385 -0.007967
v 0.006888 0.006391 -0.007946
v 0.006884 0.006396 -0.007925
v 0.006880 0.006399 -0.007904
v 0.006758 0.006150 -0.008165
v 0.006758 0.006172 -0.008164
v 0.006757 0.006193 -0.008161
v 0.006756 0.006215 -0.008157
v 0.006754 0.006236 -0.008150
v 0.006752 0.006256 -0.008142
v 0.006750 0.006275 -0.008132
v 0.006747 0.006293 -0.008121
v 0.006743 0.006311 -0.008108
v 0.006739 0.006327 -0.008094
v 0.006735 0.006342 -0.008078
v 0.006731 0.006355 -0.008062
v 0.006726 0.006367 -0.008044
v 0.006721 0.006377 -0.008025
v 0.006716 0.006385 -0.008006
v 0.006710 0.006391 -0.007986
v 0.006705 0.006396 -0.007965
v 0.006699 0.006399 -0.007944
v 0.006600 0.006150 -0.008215
v 0.006600 0.006172 -0.008214
v 0.006599 0.006193 -0.008211
v 0.006597 0.006215 -0.008207
v 0.006595 0.006236 -0.008200
v 0.006592 0.006256 -0.008193
v 0.006589 0.006275 -0.008183
v 0.006585 0.006293 -0.008172
v 0.006580 0.006311 -0.008160
v 0.006575 0.006327 -0.008146
v 0.006570 0.006342 -0.008131
v 0.006564 0.006355 -0.008114
v 0.006557 0.006367 -0.008097
v 0.006551 0.006377 -0.008079
v 0.006544 0.006385 -0.008060
v 0.006537 0.006391 -0.008040
v 0.006530 0.006396 -0.008020
v 0.006522 0.006399 -0.008000
v 0.006447 0.006150 -0.008278
v 0.006447 0.006172 -0.008277
v 0.006445 0.006193 -0.008275
v 0.006443 0.006215 -0.008270
v 0.006441 0.006236 -0.008264
v 0.006437 0.006256 -0.008257
v 0.006433 0.006275 -0.008248
v 0.006428 0.006293 -0.008237
v 0.006422 0.006311 -0.008225
v 0.006416 0.006327 -0.008212
v 0.006409 0.006342 -0.008197
v 0.006402 0.006355 -0.008181
v 0.006394 0.006367 -0.008165
v 0.006386 0.006377 -0.008147
v 0.006378 0.006385 -0.008129
v 0.006369 0.006391 -0.008110
v 0.006360 0.006396 -0.008091
v 0.006351 0.006399 -0.008071
v 0.006300 0.006150 -0.008355
v 0.006300 0.006172 -0.008354
v 0.006298 0.006193 -0.008351
v 0.006296 0.006215 -0.008347
v 0.006292 0.006236 -0.008341
v 0.006288 0.006256 -0.008334
v 0.006283 0.006275 -0.008326
v 0.006277 0.006293 -0.008315
v 0.006271 0.006311 -0.008304
v 0.006263 0.006327 -0.008291
v 0.006255 0.006342 -0.008277
v 0.006247 0.006355 -0.008262
v 0.006237 0.006367 -0.008246
v 0.006228 0.006377 -0.008230
v 0.006218 0.006385 -0.008212
v 0.006207 0.006391 -0.008194
v 0.006197 0.006396 -0.008176
v 0.006186 0.006399 -0.008157
v 0.006160 0.006150 -0.008444
v 0.006160 0.006172 -0.008443
v 0.006158 0.006193 -0.008441
v 0.006155 0.006215 -0.008437
v 0.006152 0.006236 -0.008431
v 0.006147 0.006256 -0.008424
v 0.006141 0.006275 -0.008416
v 0.006134 0.006293 -0.008407
v 0.006127 0.006311 -0.008396
v 0.006118 0.006327 -0.008384
v 0.006109 0.006342 -0.008370
v 0.006099 0.006355 -0.008356
v 0.006089 0.006367 -0.008341
v 0.006077 0.006377 -0.008325
v 0.006066 0.006385 -0.008309
v 0.006054 0.006391 -0.008292
v 0.006042 0.006396 -0.008274
v 0.006029 0.006399 -0.008257
v 0.006029 0.006150 -0.008545
v 0.006028 0.006172 -0.008544
v 0.006026 0.006193 -0.008542
v 0.006023 0.006215 -0.008538
v 0.006019 0.006236 -0.008533
v 0.006014 0.006256 -0.008527
v 0.006007 0.006275 -0.008519
v 0.006000 0.006293 -0.008510
v 0.005991 0.006311 -0.008500
v 0.005982 0.006327 -0.008488
v 0.005971 0.006342 -0.008476
v 0.005960 0.006355 -0.008463
v 0.005948 0.006367 -0.008449
v 0.005936 0.006377 -0.008434
v 0.005923 0.006385 -0.008419
v 0.005910 0.006391 -0.008403
v 0.005896 0.006396 -0.008386
v 0.005882 0.006399 -0.008370
v 0.005906 0.006150 -0.008656
v 0.005906 0.006172 -0.008656
v 0.005904 0.006193 -0.008654
v 0.005900 0.006215 -0.008650
v 0.005896 0.006236 -0.008646
v 0.005890 0.006256 -0.008640
v 0.005883 0.006275 -0.008633
v 0.005875 0.006293 -0.008625
v 0.005865 0.006311 -0.008615
v 0.005855 0.006327 -0.008605
v 0.005843 0.006342 -0.008593
v 0.005831 0.006355 -0.008581
v 0.005818 0.006367 -0.008568
v 0.005804 0.006377 -0.008554
v 0.005790 0.006385 -0.008540
v 0.005775 0.006391 -0.008525
v 0.005760 0.006396 -0.008510
v 0.005745 0.006399 -0.008495
v 0.005795 0.006150 -0.008779
v 0.005794 0.006172 -0.008778
v 0.005792 0.006193 -0.008776
v 0.005788 0.006215 -0.008773
v 0.005783 0.006236 -0.008769
v 0.005777 0.006256 -0.008764
v 0.005769 0.006275 -0.008757
v 0.005760 0.006293 -0.008750
v 0.005750 0.006311 -0.008741
v 0.005738 0.006327 -0.008732
v 0.005726 0.006342 -0.008721
v 0.005713 0.006355 -0.008710
v 0.005699 0.006367 -0.008698
v 0.005684 0.006377 -0.008686
v 0.005669 0.006385 -0.008673
v 0.005653 0.006391 -0.008660
v 0.005636 0.006396 -0.008646
v 0.005620 0.006399 -0.008632
v 0.005694 0.006150 -0.008910
v 0.005693 0.006172 -0.008910
v 0.005691 0.006193 -0.008908
v 0.005687 0.006215 -0.008905
v 0.005681 0.006236 -0.008902
v 0.005674 0.006256 -0.008897
v 0.005666 0.006275 -0.008891
v 0.005657 0.006293 -0.008884
v 0.005646 0.006311 -0.008877
v 0.005634 0.006327 -0.008868
v 0.005620 0.006342 -0.008859
v 0.005606 0.006355 -0.008849
v 0.005591 0.006367 -0.008839
v 0.005575 0.006377 -0.008827
v 0.005559 0.006385 -0.008816
v 0.005542 0.006391 -0.008804
v 0.005524 0.006396 -0.008792
v 0.005507 0.006399 -0.008779
v 0.005605 0.006150 -0.009050
v 0.005604 0.006172 -0.009050
v 0.005601 0.006193 -0.009048
v 0.005597 0.006215 -0.009046
v 0.005591 0.006236 -0.009042
v 0.005584 0.006256 -0.009038
v 0.005576 0.006275 -0.009033
v 0.005565 0.006293 -0.009027
v 0.005554 0.006311 -0.009021
v 0.005541 0.006327 -0.009013
v 0.005527 0.006342 -0.009005
v 0.005512 0.006355 -0.008997
v 0.005496 0.006367 -0.008988
v 0.005480 0.006377 -0.008978
v 0.005462 0.006385 -0.008968
v 0.005444 0.006391 -0.008957
v 0.005426 0.006396 -0.008947
v 0.005407 0.006399 -0.008936
v 0.005528 0.006150 -0.009197
v 0.005527 0.006172 -0.009197
v 0.005525 0.006193 -0.009195
v 0.005520 0.006215 -0.009193
v 0.005514 0.006236 -0.009191
v 0.005507 0.006256 -0.009187
v 0.005498 0.006275 -0.009183
v 0.005487 0.006293 -0.009178
v 0.005475 0.006311 -0.009172
v 0.005462 0.006327 -0.009166
v 0.005447 0.006342 -0.009159
v 0.005431 0.006355 -0.009152
v 0.005415 0.006367 -0.009144
v 0.005397 0.006377 -0.009136
v 0.005379 0.006385 -0.009128
v 0.005360 0.006391 -0.009119
v 0.005341 0.006396 -0.009110
v 0.005321 0.006399 -0.009101
v 0.005465 0.006150 -0.009350
v 0.005464 0.006172 -0.009350
v 0.005461 0.006193 -0.009349
v 0.005457 0.006215 -0.009347
v 0.005450 0.006236 -0.009345
v 0.005443 0.006256 -0.009342
v 0.005433 0.006275 -0.009339
v 0.005422 0.006293 -0.009335
v 0.005410 0.006311 -0.009330
v 0.005396 0.006327 -0.009325
v 0.005381 0.006342 -0.009320
v 0.005364 0.006355 -0.009314
v 0.005347 0.006367 -0.009307
v 0.005329 0.006377 -0.009301
v 0.005310 0.006385 -0.009294
v 0.005290 0.006391 -0.009287
v 0.005270 0.006396 -0.009280
v 0.005250 0.006399 -0.009272
v 0.005415 0.006150 -0.009508
v 0.005414 0.006172 -0.009508
v 0.005411 0.006193 -0.009507
v 0.005407 0.006215 -0.009506
v 0.005400 0.006236 -0.009504
v 0.005392 0.006256 -0.009502
v 0.005382 0.006275 -0.009500
v 0.005371 0.006293 -0.009497
v 0.005358 0.006311 -0.009493
v 0.005344 0.006327 -0.009489
v 0.005328 0.006342 -0.009485
v 0.005312 0.006355 -0.009481
v 0.005294 0.006367 -0.009476
v 0.005275 0.006377 -0.009471
v 0.005256 0.006385 -0.009466
v 0.005236 0.006391 -0.009460
v 0.005215 0.006396 -0.009455
v 0.005194 0.006399 -0.009449
v 0.005379 0.006150 -0.009670
v 0.005378 0.006172 -0.009670
v 0.005375 0.006193 -0.009669
v 0.005370 0.006215 -0.009669
v 0.005364 0.006236 -0.009667
v 0.005356 0.006256 -0.009666
v 0.005346 0.006275 -0.009664
v 0.005334 0.006293 -0.009662
v 0.005321 0.006311 -0.009660
v 0.005307 0.006327 -0.009657
v 0.005291 0.006342 -0.009655
v 0.005274 0.006355 -0.009652
v 0.005256 0.006367 -0.009648
v 0.005237 0.006377 -0.009645
v 0.005217 0.006385 -0.009642
v 0.005196 0.006391 -0.009638
v 0.005175 0.006396 -0.009634
v 0.005154 0.006399 -0.009630
v 0.005357 0.006150 -0.009834
v 0.005356 0.006172 -0.009834
v 0.005353 0.006193 -0.009834
v 0.005349 0.006215 -0.009834
v 0.005342 0.006236 -0.009833
v 0.005334 0.006256 -0.009832
v 0.005324 0.006275 -0.009831
v 0.005312 0.006293 -0.009830
v 0.005299 0.006311 -0.009829
v 0.005284 0.006327 -0.009828
v 0.005268 0.006342 -0.009827
v 0.005251 0.006355 -0.009825
v 0.005233 0.006367 -0.009824
v 0.005213 0.006377 -0.009822
v 0.005193 0.006385 -0.009820
v 0.005173 0.006391 -0.009818
v 0.005151 0.006396 -0.009816
v 0.005130 0.006399 -0.009815
v 0.005350 0.006150 -0.010000
v 0.005349 0.006172 -0.010000
v 0.005346 0.006193 -0.010000
v 0.005341 0.006215 -0.010000
v 0.005335 0.006236 -0.010000
v 0.005327 0.006256 -0.010000
v 0.005317 0.006275 -0.010000
v 0.005305 0.006293 -0.010000
v 0.005292 0.006311 -0.010000
v 0.005277 0.006327 -0.010000
v 0.005261 0.006342 -0.010000
v 0.005243 0.006355 -0.010000
v 0.005225 0.006367 -0.010000
v 0.005206 0.006377 -0.010000
v 0.005186 0.006385 -0.010000
v 0.005165 0.006391 -0.010000
v 0.005143 0.006396 -0.010000
v 0.005122 0.006399 -0.010000
v 0.005350 0.006150 -0.011378
v 0.005349 0.006168 -0.011378
v 0.005349 0.006172 -0.011378
v 0.005347 0.006189 -0.011378
v 0.005346 0.006193 -0.011378
v 0.005343 0.006209 -0.011378
v 0.005341 0.006215 -0.011378
v 0.005337 0.006229 -0.011378
v 0.005335 0.006236 -0.011378
v 0.005330 0.006249 -0.011378
v 0.005327 0.006256 -0.011378
v 0.005321 0.006268 -0.011378
v 0.005317 0.006275 -0.011378
v 0.005310 0.006285 -0.011378
v 0.005305 0.006293 -0.011378
v 0.005298 0.006302 -0.011378
v 0.005292 0.006311 -0.011378
v 0.005285 0.006318 -0.011378
v 0.005277 0.006327 -0.011378
v 0.005270 0.006333 -0.011378
v 0.005261 0.006342 -0.011378
v 0.005254 0.006347 -0.011378
v 0.005243 0.006355 -0.011378
v 0.005237 0.006359 -0.011378
v 0.005225 0.006367 -0.011378
v 0.005220 0.006370 -0.011378
v 0.005206 0.006377 -0.011378
v 0.005201 0.006379 -0.011378
v 0.005186 0.006385 -0.011378
v 0.005182 0.006386 -0.011378
v 0.005165 0.006391 -0.011378
v 0.005162 0.006392 -0.011378
v 0.005143 0.006396 -0.011378
v 0.005141 0.006397 -0.011378
v 0.005122 0.006399 -0.011378
v 0.005121 0.006399 -0.011378
v 0.005100 0.006265 -0.011600
v 0.005100 0.006268 -0.011599
v 0.005119 0.006268 -0.011598
v 0.005100 0.006283 -0.011590
v 0.005100 0.006285 -0.011588
v 0.005118 0.006285 -0.011587
v 0.005100 0.006300 -0.011578
v 0.005100 0.006302 -0.011576
v 0.005117 0.006302 -0.011576
v 0.005100 0.006317 -0.011565
v 0.005100 0.006318 -0.011563
v 0.005116 0.006318 -0.011562
v 0.005100 0.006332 -0.011550
v 0.005100 0.006333 -0.011548
v 0.005115 0.006333 -0.011548
v 0.005100 0.006345 -0.011534
v 0.005100 0.006347 -0.011533
v 0.005113 0.006347 -0.011532
v 0.005100 0.006358 -0.011517
v 0.005100 0.006359 -0.011516
v 0.005112 0.006359 -0.011515
v 0.005100 0.006369 -0.011499
v 0.005100 0.006370 -0.011498
v 0.005110 0.006370 -0.011497
v 0.005114 0.006397 -0.011417
v 0.005107 0.006399 -0.011398
v 0.005109 0.006399 -0.011397
v 0.005121 0.006399 -0.011380
v 0.005120 0.006399 -0.011382
v 0.005105 0.006399 -0.011398
v 0.005341 0.006175 -0.011438
v 0.005346 0.006170 -0.011419
v 0.005346 0.006167 -0.011418
v 0.005327 0.006190 -0.011476
v 0.005323 0.006193 -0.011482
v 0.005320 0.006209 -0.011481
v 0.005317 0.006198 -0.011494
v 0.005312 0.006201 -0.011501
v 0.005310 0.006209 -0.011500
v 0.005292 0.006211 -0.011527
v 0.005300 0.006212 -0.011514
v 0.005305 0.006205 -0.011511
v 0.005261 0.006223 -0.011555
v 0.005253 0.006226 -0.011561
v 0.005252 0.006229 -0.011560
v 0.005239 0.006229 -0.011570
v 0.005236 0.006230 -0.011572
v 0.005232 0.006249 -0.011566
v 0.005206 0.006237 -0.011588
v 0.005199 0.006238 -0.011590
v 0.005197 0.006249 -0.011586
v 0.005165 0.006242 -0.011601
v 0.005160 0.006243 -0.011602
v 0.005159 0.006249 -0.011600
v 0.005100 0.006246 -0.011609
v 0.005100 0.006249 -0.011608
v 0.005120 0.006249 -0.011607
v 0.005143 0.006244 -0.011606
v 0.005122 0.006245 -0.011608
v 0.005120 0.006245 -0.011608
v 0.005186 0.006240 -0.011595
v 0.005348 0.006168 -0.011400
v 0.005349 0.006158 -0.011398
v 0.005349 0.006159 -0.011400
v 0.005111 0.006397 -0.011418
v 0.005116 0.006392 -0.011438
v 0.005104 0.006399 -0.011399
v 0.005120 0.006399 -0.011384
v 0.005140 0.006397 -0.011389
v 0.005139 0.006397 -0.011392
v 0.005141 0.006397 -0.011382
v 0.005107 0.006397 -0.011419
v 0.005111 0.006392 -0.011439
v 0.005114 0.006386 -0.011459
v 0.005102 0.006399 -0.011399
v 0.005158 0.006392 -0.011399
v 0.005156 0.006392 -0.011404
v 0.005161 0.006392 -0.011384
v 0.005104 0.006397 -0.011419
v 0.005105 0.006392 -0.011440
v 0.005107 0.006386 -0.011460
v 0.005109 0.006379 -0.011479
v 0.005181 0.006386 -0.011385
v 0.005100 0.006378 -0.011480
v 0.005100 0.006379 -0.011479
v 0.005100 0.006386 -0.011461
v 0.005100 0.006386 -0.011460
v 0.005100 0.006392 -0.011440
v 0.005100 0.006397 -0.011420
v 0.005100 0.006399 -0.011399
v 0.005171 0.006386 -0.011419
v 0.005187 0.006379 -0.011429
v 0.005183 0.006379 -0.011436
v 0.005201 0.006379 -0.011387
v 0.005118 0.006379 -0.011478
v 0.005121 0.006386 -0.011457
v 0.005121 0.006392 -0.011436
v 0.005117 0.006397 -0.011416
v 0.005110 0.006399 -0.011396
v 0.005219 0.006370 -0.011389
v 0.005121 0.006370 -0.011496
v 0.005126 0.006379 -0.011476
v 0.005128 0.006386 -0.011455
v 0.005126 0.006392 -0.011434
v 0.005121 0.006397 -0.011414
v 0.005112 0.006399 -0.011395
v 0.005192 0.006370 -0.011455
v 0.005205 0.006359 -0.011467
v 0.005197 0.006359 -0.011475
v 0.005237 0.006359 -0.011390
v 0.005124 0.006359 -0.011514
v 0.005131 0.006370 -0.011494
v 0.005135 0.006379 -0.011473
v 0.005135 0.006386 -0.011452
v 0.005131 0.006392 -0.011432
v 0.005124 0.006397 -0.011412
v 0.005113 0.006399 -0.011394
v 0.005254 0.006347 -0.011392
v 0.005127 0.006347 -0.011530
v 0.005136 0.006359 -0.011511
v 0.005141 0.006370 -0.011491
v 0.005143 0.006379 -0.011470
v 0.005141 0.006386 -0.011449
v 0.005135 0.006392 -0.011429
v 0.005127 0.006397 -0.011410
v 0.005115 0.006399 -0.011393
v 0.005269 0.006333 -0.011393
v 0.005130 0.006333 -0.011546
v 0.005140 0.006347 -0.011527
v 0.005147 0.006359 -0.011507
v 0.005151 0.006370 -0.011487
v 0.005150 0.006379 -0.011466
v 0.005147 0.006386 -0.011445
v 0.005140 0.006392 -0.011425
v 0.005129 0.006397 -0.011407
v 0.005116 0.006399 -0.011392
v 0.005132 0.006318 -0.011560
v 0.005144 0.006333 -0.011543
v 0.005153 0.006347 -0.011523
v 0.005158 0.006359 -0.011503
v 0.005160 0.006370 -0.011482
v 0.005158 0.006379 -0.011461
v 0.005152 0.006386 -0.011441
v 0.005144 0.006392 -0.011422
v 0.005132 0.006397 -0.011405
v 0.005117 0.006399 -0.011390
v 0.005284 0.006318 -0.011394
v 0.005297 0.006302 -0.011395
v 0.005134 0.006302 -0.011573
v 0.005148 0.006318 -0.011557
v 0.005158 0.006333 -0.011538
v 0.005165 0.006347 -0.011518
v 0.005169 0.006359 -0.011497
v 0.005169 0.006370 -0.011476
v 0.005165 0.006379 -0.011456
v 0.005158 0.006386 -0.011436
v 0.005147 0.006392 -0.011418
v 0.005134 0.006397 -0.011402
v 0.005118 0.006399 -0.011389
v 0.005309 0.006285 -0.011397
v 0.005136 0.006285 -0.011585
v 0.005151 0.006302 -0.011570
v 0.005163 0.006318 -0.011552
v 0.005172 0.006333 -0.011532
v 0.005177 0.006347 -0.011512
v 0.005179 0.006359 -0.011491
v 0.005177 0.006370 -0.011470
v 0.005171 0.006379 -0.011450
v 0.005163 0.006386 -0.011431
v 0.005151 0.006392 -0.011414
v 0.005136 0.006397 -0.011399
v 0.005119 0.006399 -0.011387
v 0.005172 0.006285 -0.011576
v 0.005175 0.006268 -0.011586
v 0.005157 0.006268 -0.011591
v 0.005320 0.006268 -0.011397
v 0.005138 0.006268 -0.011595
v 0.005154 0.006285 -0.011581
v 0.005168 0.006302 -0.011564
v 0.005178 0.006318 -0.011546
v 0.005185 0.006333 -0.011526
v 0.005189 0.006347 -0.011505
v 0.005188 0.006359 -0.011483
v 0.005185 0.006370 -0.011463
v 0.005177 0.006379 -0.011443
v 0.005167 0.006386 -0.011425
v 0.005153 0.006392 -0.011409
v 0.005138 0.006397 -0.011396
v 0.005120 0.006399 -0.011385
v 0.005140 0.006249 -0.011604
v 0.005179 0.006249 -0.011594
v 0.005193 0.006268 -0.011578
v 0.005189 0.006285 -0.011569
v 0.005184 0.006302 -0.011558
v 0.005225 0.006233 -0.011578
v 0.005215 0.006249 -0.011577
v 0.005210 0.006268 -0.011569
v 0.005205 0.006285 -0.011560
v 0.005199 0.006302 -0.011550
v 0.005192 0.006318 -0.011538
v 0.005227 0.006268 -0.011559
v 0.005221 0.006285 -0.011550
v 0.005214 0.006302 -0.011540
v 0.005206 0.006318 -0.011530
v 0.005198 0.006333 -0.011518
v 0.005243 0.006228 -0.011567
v 0.005248 0.006249 -0.011554
v 0.005242 0.006268 -0.011547
v 0.005235 0.006285 -0.011539
v 0.005227 0.006302 -0.011530
v 0.005219 0.006318 -0.011520
v 0.005209 0.006333 -0.011509
v 0.005199 0.006347 -0.011496
v 0.005329 0.006249 -0.011398
v 0.005277 0.006218 -0.011542
v 0.005268 0.006229 -0.011546
v 0.005262 0.006249 -0.011541
v 0.005256 0.006268 -0.011534
v 0.005249 0.006285 -0.011527
v 0.005240 0.006302 -0.011518
v 0.005231 0.006318 -0.011509
v 0.005220 0.006333 -0.011499
v 0.005209 0.006347 -0.011487
v 0.005218 0.006347 -0.011477
v 0.005230 0.006333 -0.011488
v 0.005242 0.006318 -0.011497
v 0.005252 0.006302 -0.011506
v 0.005261 0.006285 -0.011513
v 0.005269 0.006268 -0.011520
v 0.005276 0.006249 -0.011526
v 0.005282 0.006229 -0.011531
v 0.005294 0.006229 -0.011514
v 0.005288 0.006249 -0.011510
v 0.005281 0.006268 -0.011505
v 0.005272 0.006285 -0.011499
v 0.005262 0.006302 -0.011492
v 0.005251 0.006318 -0.011484
v 0.005239 0.006333 -0.011476
v 0.005226 0.006347 -0.011467
v 0.005213 0.006359 -0.011457
v 0.005198 0.006370 -0.011447
v 0.005204 0.006370 -0.011438
v 0.005219 0.006359 -0.011447
v 0.005234 0.006347 -0.011455
v 0.005247 0.006333 -0.011463
v 0.005260 0.006318 -0.011471
v 0.005272 0.006302 -0.011477
v 0.005282 0.006285 -0.011483
v 0.005291 0.006268 -0.011489
v 0.005299 0.006249 -0.011493
v 0.005305 0.006229 -0.011497
v 0.005336 0.006229 -0.011399
v 0.005285 0.006214 -0.011533
v 0.005315 0.006229 -0.011478
v 0.005308 0.006249 -0.011475
v 0.005300 0.006268 -0.011471
v 0.005290 0.006285 -0.011467
v 0.005280 0.006302 -0.011462
v 0.005267 0.006318 -0.011456
v 0.005254 0.006333 -0.011450
v 0.005240 0.006347 -0.011443
v 0.005225 0.006359 -0.011436
v 0.005208 0.006370 -0.011429
v 0.005192 0.006379 -0.011421
v 0.005174 0.006386 -0.011413
v 0.005177 0.006386 -0.011406
v 0.005195 0.006379 -0.011413
v 0.005212 0.006370 -0.011419
v 0.005229 0.006359 -0.011425
v 0.005245 0.006347 -0.011431
v 0.005260 0.006333 -0.011436
v 0.005274 0.006318 -0.011441
v 0.005286 0.006302 -0.011446
v 0.005297 0.006285 -0.011450
v 0.005307 0.006268 -0.011454
v 0.005316 0.006249 -0.011457
v 0.005323 0.006229 -0.011459
v 0.005328 0.006209 -0.011461
v 0.005332 0.006189 -0.011463
v 0.005335 0.006183 -0.011457
v 0.005342 0.006209 -0.011399
v 0.005160 0.006392 -0.011394
v 0.005179 0.006386 -0.011399
v 0.005198 0.006379 -0.011404
v 0.005216 0.006370 -0.011409
v 0.005233 0.006359 -0.011414
v 0.005249 0.006347 -0.011418
v 0.005264 0.006333 -0.011422
v 0.005278 0.006318 -0.011426
v 0.005291 0.006302 -0.011429
v 0.005303 0.006285 -0.011433
v 0.005313 0.006268 -0.011435
v 0.005322 0.006249 -0.011438
v 0.005329 0.006229 -0.011440
v 0.005335 0.006209 -0.011441
v 0.005339 0.006189 -0.011442
v 0.005141 0.006397 -0.011385
v 0.005161 0.006392 -0.011389
v 0.005180 0.006386 -0.011392
v 0.005199 0.006379 -0.011396
v 0.005218 0.006370 -0.011399
v 0.005235 0.006359 -0.011402
v 0.005252 0.006347 -0.011405
v 0.005268 0.006333 -0.011408
v 0.005282 0.006318 -0.011410
v 0.005295 0.006302 -0.011413
v 0.005307 0.006285 -0.011415
v 0.005317 0.006268 -0.011417
v 0.005326 0.006249 -0.011418
v 0.005333 0.006229 -0.011419
v 0.005339 0.006209 -0.011420
v 0.005343 0.006189 -0.011421
v 0.005340 0.006177 -0.011443
v 0.005346 0.006189 -0.011400
v 0.004498 0.006399 -0.011403
v 0.004504 0.006396 -0.011420
v 0.004505 0.006396 -0.011422
v 0.004497 0.006399 -0.011400
v 0.004496 0.006399 -0.011399
v 0.004490 0.006400 -0.011382
v 0.004526 0.006378 -0.011480
v 0.004520 0.006385 -0.011464
v 0.004520 0.006385 -0.011464
v 0.004519 0.006386 -0.011461
v 0.004513 0.006391 -0.011444
v 0.004512 0.006392 -0.011441
v 0.004506 0.006396 -0.011424
v 0.004539 0.006358 -0.011517
v 0.004534 0.006367 -0.011502
v 0.004533 0.006369 -0.011499
v 0.004527 0.006377 -0.011484
v 0.004527 0.006377 -0.011483
v 0.004551 0.006332 -0.011550
v 0.004546 0.006344 -0.011536
v 0.004546 0.006345 -0.011534
v 0.004541 0.006355 -0.011522
v 0.004540 0.006356 -0.011520
v 0.004561 0.006300 -0.011578
v 0.004558 0.006312 -0.011569
v 0.004556 0.006316 -0.011565
v 0.004553 0.006327 -0.011555
v 0.004552 0.006331 -0.011551
v 0.004572 0.006246 -0.011609
v 0.004570 0.006256 -0.011605
v 0.004569 0.006264 -0.011601
v 0.004569 0.006265 -0.011600
v 0.004566 0.006280 -0.011591
v 0.004565 0.006283 -0.011590
v 0.004563 0.006293 -0.011583
v 0.004562 0.006297 -0.011581
v -0.019269 0.006246 -0.011609
v -0.018272 0.006246 -0.011609
v -0.018273 0.006234 -0.011614
v 0.004569 0.006194 -0.011630
v 0.004572 0.006208 -0.011625
v 0.005103 0.004900 -0.012166
v -0.016748 0.005445 -0.011941
v -0.016675 0.005496 -0.011920
v 0.004573 0.006215 -0.011622
v 0.004573 0.006220 -0.011620
v 0.004573 0.006233 -0.011615
v -0.017725 0.005496 -0.011920
v -0.017652 0.005445 -0.011941
v -0.019808 0.004900 -0.012166
v -0.017578 0.005401 -0.011959
v -0.016128 0.006208 -0.011625
v -0.016127 0.006215 -0.011622
v 0.002428 0.006246 -0.011609
v -0.016127 0.006220 -0.011620
v -0.016127 0.006233 -0.011615
v 0.003235 0.005351 -0.011980
v 0.003272 0.005338 -0.011985
v -0.016131 0.006194 -0.011630
v -0.016603 0.005555 -0.011895
v -0.016532 0.005621 -0.011868
v -0.016463 0.005695 -0.011837
v -0.016262 0.005960 -0.011728
v -0.016148 0.006150 -0.011649
v -0.016141 0.006165 -0.011643
v 0.002427 0.006234 -0.011614
v 0.002427 0.006222 -0.011619
v 0.002430 0.006198 -0.011629
v 0.002433 0.006185 -0.011634
v 0.002975 0.005496 -0.011920
v 0.003048 0.005445 -0.011941
v 0.003122 0.005401 -0.011959
v 0.004573 0.006235 -0.011613
v 0.004572 0.006243 -0.011610
v -0.018273 0.006222 -0.011619
v -0.018273 0.006215 -0.011622
v -0.018272 0.006210 -0.011624
v -0.016138 0.006172 -0.011640
v -0.016135 0.006180 -0.011636
v -0.016127 0.006235 -0.011613
v -0.016128 0.006243 -0.011610
v -0.016128 0.006246 -0.011609
v 0.002763 0.005695 -0.011837
v 0.002832 0.005621 -0.011868
v 0.002903 0.005555 -0.011895
v 0.003952 0.005445 -0.011941
v 0.004025 0.005496 -0.011920
v 0.004097 0.005555 -0.011895
v -0.017937 0.005695 -0.011837
v -0.017868 0.005621 -0.011868
v -0.017797 0.005555 -0.011895
v -0.017238 0.005303 -0.012000
v -0.017200 0.005302 -0.012000
v -0.017162 0.005303 -0.012000
v -0.017124 0.005306 -0.011998
v -0.016394 0.005776 -0.011804
v -0.016328 0.005864 -0.011767
v 0.002427 0.006215 -0.011622
v 0.002428 0.006210 -0.011624
v 0.002562 0.005960 -0.011728
v 0.002448 0.006150 -0.011649
v 0.002445 0.006157 -0.011646
v 0.003424 0.005306 -0.011998
v 0.003462 0.005303 -0.012000
v -0.017352 0.005318 -0.011993
v -0.017314 0.005311 -0.011996
v -0.017276 0.005306 -0.011998
v 0.002438 0.006172 -0.011640
v 0.002438 0.006171 -0.011640
v 0.003160 0.005382 -0.011967
v 0.003197 0.005365 -0.011974
v 0.003500 0.005302 -0.012000
v 0.003538 0.005303 -0.012000
v 0.003576 0.005306 -0.011998
v 0.004559 0.006165 -0.011643
v 0.004562 0.006172 -0.011640
v 0.004565 0.006180 -0.011636
v 0.002628 0.005864 -0.011767
v 0.002694 0.005776 -0.011804
v -0.018262 0.006171 -0.011640
v -0.018255 0.006157 -0.011646
v -0.018252 0.006150 -0.011649
v -0.018138 0.005960 -0.011728
v -0.017086 0.005311 -0.011996
v -0.017048 0.005318 -0.011993
v -0.017010 0.005327 -0.011990
v 0.004168 0.005621 -0.011868
v 0.004237 0.005695 -0.011837
v 0.004306 0.005776 -0.011804
v -0.018072 0.005864 -0.011767
v -0.018006 0.005776 -0.011804
v -0.017465 0.005351 -0.011980
v -0.017428 0.005338 -0.011985
v -0.017390 0.005327 -0.011990
v 0.003614 0.005311 -0.011996
v 0.003652 0.005318 -0.011993
v 0.003690 0.005327 -0.011990
v 0.004372 0.005864 -0.011767
v 0.004438 0.005960 -0.011728
v 0.004552 0.006150 -0.011649
v -0.018270 0.006198 -0.011629
v -0.018267 0.006185 -0.011634
v -0.018262 0.006172 -0.011640
v 0.003310 0.005327 -0.011990
v 0.003348 0.005318 -0.011993
v 0.003386 0.005311 -0.011996
v -0.016972 0.005338 -0.011985
v -0.016935 0.005351 -0.011980
v -0.016897 0.005365 -0.011974
v -0.017540 0.005382 -0.011967
v -0.017503 0.005365 -0.011974
v -0.016860 0.005382 -0.011967
v -0.016822 0.005401 -0.011959
v 0.003728 0.005338 -0.011985
v 0.003765 0.005351 -0.011980
v 0.003803 0.005365 -0.011974
v 0.003840 0.005382 -0.011967
v 0.003878 0.005401 -0.011959
v 0.002430 0.006256 -0.011605
v -0.016210 0.006400 -0.011382
v -0.016204 0.006399 -0.011399
v -0.016202 0.006399 -0.011403
v 0.002504 0.006399 -0.011399
v -0.016196 0.006396 -0.011420
v 0.002503 0.006399 -0.011400
v 0.002510 0.006400 -0.011382
v -0.016203 0.006399 -0.011400
v -0.016194 0.006396 -0.011424
v 0.002496 0.006396 -0.011420
v -0.016188 0.006392 -0.011441
v 0.002494 0.006396 -0.011424
v 0.002488 0.006392 -0.011441
v 0.002502 0.006399 -0.011403
v -0.016195 0.006396 -0.011422
v 0.002487 0.006391 -0.011443
v -0.016181 0.006386 -0.011461
v -0.016187 0.006391 -0.011444
v -0.016174 0.006378 -0.011480
v -0.016180 0.006385 -0.011464
v 0.002481 0.006386 -0.011461
v 0.002487 0.006391 -0.011444
v -0.016180 0.006385 -0.011464
v -0.016173 0.006377 -0.011484
v 0.002474 0.006378 -0.011480
v -0.016167 0.006369 -0.011499
v 0.002473 0.006377 -0.011483
v 0.002480 0.006385 -0.011464
v -0.016173 0.006377 -0.011483
v 0.002473 0.006377 -0.011484
v 0.002467 0.006369 -0.011499
v -0.016166 0.006367 -0.011502
v -0.016161 0.006358 -0.011517
v -0.016159 0.006355 -0.011522
v 0.002461 0.006358 -0.011517
v -0.016154 0.006345 -0.011534
v 0.002460 0.006356 -0.011520
v 0.002466 0.006367 -0.011502
v -0.016160 0.006356 -0.011520
v 0.002459 0.006355 -0.011522
v 0.002454 0.006345 -0.011534
v -0.016154 0.006344 -0.011536
v -0.016149 0.006332 -0.011550
v -0.016147 0.006327 -0.011555
v 0.002449 0.006332 -0.011550
v -0.016144 0.006317 -0.011565
v 0.002448 0.006331 -0.011551
v 0.002454 0.006344 -0.011536
v -0.016148 0.006331 -0.011551
v -0.016142 0.006312 -0.011569
v 0.002444 0.006317 -0.011565
v -0.016139 0.006300 -0.011578
v 0.002444 0.006316 -0.011565
v 0.002447 0.006327 -0.011555
v -0.016144 0.006316 -0.011565
v -0.016137 0.006293 -0.011583
v 0.002439 0.006300 -0.011578
v -0.016135 0.006283 -0.011590
v 0.002438 0.006297 -0.011581
v 0.002442 0.006312 -0.011569
v -0.016138 0.006297 -0.011581
v 0.002437 0.006293 -0.011583
v 0.002435 0.006283 -0.011590
v -0.016134 0.006280 -0.011591
v -0.016131 0.006265 -0.011600
v -0.016130 0.006256 -0.011605
v 0.002431 0.006265 -0.011600
v 0.002431 0.006264 -0.011601
v 0.002434 0.006280 -0.011591
v -0.016131 0.006264 -0.011601
v -0.016394 0.006150 -0.011804
v -0.016406 0.006150 -0.011809
v -0.016406 0.006172 -0.011808
v -0.016532 0.006150 -0.011868
v -0.016542 0.006150 -0.011872
v -0.016542 0.006172 -0.011871
v -0.016675 0.006150 -0.011920
v -0.016683 0.006150 -0.011922
v -0.016683 0.006172 -0.011921
v -0.016822 0.006150 -0.011959
v -0.016828 0.006150 -0.011960
v -0.016828 0.006172 -0.011959
v -0.016972 0.006150 -0.011985
v -0.016976 0.006150 -0.011986
v -0.016976 0.006172 -0.011985
v -0.017124 0.006150 -0.011998
v -0.017125 0.006150 -0.011998
v -0.017125 0.006172 -0.011997
v -0.017276 0.006150 -0.011998
v -0.017424 0.006150 -0.011986
v -0.017424 0.006172 -0.011985
v -0.017428 0.006150 -0.011985
v -0.017572 0.006150 -0.011960
v -0.017572 0.006172 -0.011959
v -0.017578 0.006150 -0.011959
v -0.017717 0.006150 -0.011922
v -0.017717 0.006172 -0.011921
v -0.017725 0.006150 -0.011920
v -0.017858 0.006150 -0.011872
v -0.017858 0.006172 -0.011871
v -0.017868 0.006150 -0.011868
v -0.017994 0.006150 -0.011809
v -0.017994 0.006172 -0.011808
v -0.018006 0.006150 -0.011804
v -0.018125 0.006150 -0.011736
v -0.018124 0.006172 -0.011735
v -0.018138 0.006150 -0.011728
v -0.018249 0.006150 -0.011651
v -0.018248 0.006172 -0.011650
v -0.016151 0.006150 -0.011651
v -0.018269 0.006265 -0.011600
v -0.018266 0.006280 -0.011591
v -0.018228 0.006275 -0.011624
v -0.018261 0.006300 -0.011578
v -0.018258 0.006312 -0.011569
v -0.018214 0.006311 -0.011604
v -0.018251 0.006332 -0.011550
v -0.018246 0.006344 -0.011536
v -0.018195 0.006342 -0.011580
v -0.018239 0.006358 -0.011517
v -0.018234 0.006367 -0.011502
v -0.018174 0.006367 -0.011551
v -0.018190 0.006400 -0.011382
v -0.018112 0.006399 -0.011468
v -0.018125 0.006396 -0.011486
v -0.018206 0.006396 -0.011424
v -0.018204 0.006396 -0.011420
v -0.018198 0.006399 -0.011403
v -0.018197 0.006399 -0.011400
v -0.018219 0.006386 -0.011461
v -0.018138 0.006391 -0.011503
v -0.018220 0.006385 -0.011464
v -0.018150 0.006385 -0.011519
v -0.018226 0.006378 -0.011480
v -0.018213 0.006391 -0.011444
v -0.018213 0.006391 -0.011443
v -0.018212 0.006392 -0.011441
v -0.018162 0.006377 -0.011536
v -0.018233 0.006369 -0.011499
v -0.018227 0.006377 -0.011484
v -0.018227 0.006377 -0.011483
v -0.018185 0.006355 -0.011566
v -0.018246 0.006345 -0.011534
v -0.018241 0.006355 -0.011522
v -0.018240 0.006356 -0.011520
v -0.018205 0.006327 -0.011592
v -0.018256 0.006316 -0.011565
v -0.018253 0.006327 -0.011555
v -0.018252 0.006331 -0.011551
v -0.018221 0.006293 -0.011615
v -0.018265 0.006283 -0.011590
v -0.018263 0.006293 -0.011583
v -0.018262 0.006297 -0.011581
v -0.018240 0.006236 -0.011639
v -0.018235 0.006256 -0.011632
v -0.018270 0.006256 -0.011605
v -0.018269 0.006264 -0.011601
v -0.018243 0.006215 -0.011644
v -0.018246 0.006193 -0.011648
v -0.016154 0.006193 -0.011648
v -0.016157 0.006215 -0.011644
v -0.016160 0.006236 -0.011639
v -0.016165 0.006256 -0.011632
v -0.016172 0.006275 -0.011624
v -0.016179 0.006293 -0.011615
v -0.016186 0.006311 -0.011604
v -0.016195 0.006327 -0.011592
v -0.016205 0.006342 -0.011580
v -0.016215 0.006355 -0.011566
v -0.016226 0.006367 -0.011551
v -0.016238 0.006377 -0.011536
v -0.016250 0.006385 -0.011519
v -0.016262 0.006391 -0.011503
v -0.016275 0.006396 -0.011486
v -0.016288 0.006399 -0.011468
v -0.016396 0.006399 -0.011542
v -0.016384 0.006396 -0.011560
v -0.016373 0.006391 -0.011578
v -0.016362 0.006385 -0.011596
v -0.016351 0.006377 -0.011613
v -0.016341 0.006367 -0.011630
v -0.016331 0.006355 -0.011645
v -0.016322 0.006342 -0.011660
v -0.016314 0.006327 -0.011673
v -0.016306 0.006311 -0.011686
v -0.016299 0.006293 -0.011697
v -0.016293 0.006275 -0.011707
v -0.016288 0.006256 -0.011716
v -0.016283 0.006236 -0.011723
v -0.016280 0.006215 -0.011728
v -0.016277 0.006193 -0.011732
v -0.016509 0.006399 -0.011606
v -0.016499 0.006396 -0.011625
v -0.016490 0.006391 -0.011644
v -0.016480 0.006385 -0.011663
v -0.016471 0.006377 -0.011681
v -0.016462 0.006367 -0.011698
v -0.016454 0.006355 -0.011714
v -0.016446 0.006342 -0.011730
v -0.016439 0.006327 -0.011744
v -0.016432 0.006311 -0.011757
v -0.016426 0.006293 -0.011769
v -0.016421 0.006275 -0.011779
v -0.016416 0.006256 -0.011788
v -0.016412 0.006236 -0.011796
v -0.016410 0.006215 -0.011802
v -0.016407 0.006193 -0.011806
v -0.016276 0.006172 -0.011735
v -0.016152 0.006172 -0.011650
v -0.018123 0.006193 -0.011732
v -0.018120 0.006215 -0.011728
v -0.018117 0.006236 -0.011723
v -0.018112 0.006256 -0.011716
v -0.018107 0.006275 -0.011707
v -0.018101 0.006293 -0.011697
v -0.018094 0.006311 -0.011686
v -0.018086 0.006327 -0.011673
v -0.018078 0.006342 -0.011660
v -0.018069 0.006355 -0.011645
v -0.018059 0.006367 -0.011630
v -0.018049 0.006377 -0.011613
v -0.018038 0.006385 -0.011596
v -0.018027 0.006391 -0.011578
v -0.018016 0.006396 -0.011560
v -0.018004 0.006399 -0.011542
v -0.017993 0.006193 -0.011806
v -0.017990 0.006215 -0.011802
v -0.017988 0.006236 -0.011796
v -0.017984 0.006256 -0.011788
v -0.017979 0.006275 -0.011779
v -0.017974 0.006293 -0.011769
v -0.017968 0.006311 -0.011757
v -0.017961 0.006327 -0.011744
v -0.017954 0.006342 -0.011730
v -0.017946 0.006355 -0.011714
v -0.017938 0.006367 -0.011698
v -0.017929 0.006377 -0.011681
v -0.017920 0.006385 -0.011663
v -0.017910 0.006391 -0.011644
v -0.017901 0.006396 -0.011625
v -0.017891 0.006399 -0.011606
v -0.017857 0.006193 -0.011868
v -0.017855 0.006215 -0.011864
v -0.017852 0.006236 -0.011858
v -0.017849 0.006256 -0.011850
v -0.017845 0.006275 -0.011841
v -0.017841 0.006293 -0.011830
v -0.017836 0.006311 -0.011817
v -0.017830 0.006327 -0.011804
v -0.017824 0.006342 -0.011789
v -0.017818 0.006355 -0.011773
v -0.017811 0.006367 -0.011756
v -0.017804 0.006377 -0.011738
v -0.017796 0.006385 -0.011719
v -0.017788 0.006391 -0.011700
v -0.017780 0.006396 -0.011680
v -0.017772 0.006399 -0.011660
v -0.017716 0.006193 -0.011918
v -0.017714 0.006215 -0.011914
v -0.017712 0.006236 -0.011908
v -0.017710 0.006256 -0.011900
v -0.017707 0.006275 -0.011890
v -0.017704 0.006293 -0.011879
v -0.017700 0.006311 -0.011866
v -0.017695 0.006327 -0.011852
v -0.017690 0.006342 -0.011837
v -0.017685 0.006355 -0.011820
v -0.017680 0.006367 -0.011803
v -0.017674 0.006377 -0.011784
v -0.017668 0.006385 -0.011765
v -0.017662 0.006391 -0.011745
v -0.017656 0.006396 -0.011725
v -0.017649 0.006399 -0.011704
v -0.017571 0.006193 -0.011956
v -0.017570 0.006215 -0.011952
v -0.017569 0.006236 -0.011945
v -0.017567 0.006256 -0.011937
v -0.017565 0.006275 -0.011927
v -0.017562 0.006293 -0.011916
v -0.017559 0.006311 -0.011903
v -0.017556 0.006327 -0.011888
v -0.017553 0.006342 -0.011873
v -0.017549 0.006355 -0.011856
v -0.017545 0.006367 -0.011838
v -0.017541 0.006377 -0.011819
v -0.017537 0.006385 -0.011799
v -0.017533 0.006391 -0.011779
v -0.017528 0.006396 -0.011758
v -0.017523 0.006399 -0.011737
v -0.017424 0.006193 -0.011982
v -0.017423 0.006215 -0.011977
v -0.017422 0.006236 -0.011971
v -0.017421 0.006256 -0.011962
v -0.017420 0.006275 -0.011952
v -0.017418 0.006293 -0.011941
v -0.017417 0.006311 -0.011928
v -0.017415 0.006327 -0.011913
v -0.017413 0.006342 -0.011897
v -0.017411 0.006355 -0.011880
v -0.017408 0.006367 -0.011862
v -0.017406 0.006377 -0.011842
v -0.017403 0.006385 -0.011822
v -0.017401 0.006391 -0.011802
v -0.017398 0.006396 -0.011781
v -0.017395 0.006399 -0.011759
v -0.017275 0.006150 -0.011998
v -0.017275 0.006172 -0.011997
v -0.017275 0.006193 -0.011995
v -0.017275 0.006215 -0.011990
v -0.017274 0.006236 -0.011983
v -0.017274 0.006256 -0.011975
v -0.017273 0.006275 -0.011965
v -0.017273 0.006293 -0.011953
v -0.017272 0.006311 -0.011940
v -0.017272 0.006327 -0.011925
v -0.017271 0.006342 -0.011909
v -0.017270 0.006355 -0.011892
v -0.017270 0.006367 -0.011874
v -0.017269 0.006377 -0.011854
v -0.017268 0.006385 -0.011834
v -0.017267 0.006391 -0.011813
v -0.017266 0.006396 -0.011792
v -0.017265 0.006399 -0.011770
v -0.017135 0.006399 -0.011770
v -0.017134 0.006396 -0.011792
v -0.017133 0.006391 -0.011813
v -0.017132 0.006385 -0.011834
v -0.017131 0.006377 -0.011854
v -0.017130 0.006367 -0.011874
v -0.017130 0.006355 -0.011892
v -0.017129 0.006342 -0.011909
v -0.017128 0.006327 -0.011925
v -0.017128 0.006311 -0.011940
v -0.017127 0.006293 -0.011953
v -0.017127 0.006275 -0.011965
v -0.017126 0.006256 -0.011975
v -0.017126 0.006236 -0.011983
v -0.017125 0.006215 -0.011990
v -0.017125 0.006193 -0.011995
v -0.016976 0.006193 -0.011982
v -0.016977 0.006215 -0.011977
v -0.016978 0.006236 -0.011971
v -0.016979 0.006256 -0.011962
v -0.016980 0.006275 -0.011952
v -0.016982 0.006293 -0.011941
v -0.016983 0.006311 -0.011928
v -0.016985 0.006327 -0.011913
v -0.016987 0.006342 -0.011897
v -0.016989 0.006355 -0.011880
v -0.016992 0.006367 -0.011862
v -0.016994 0.006377 -0.011842
v -0.016997 0.006385 -0.011822
v -0.016999 0.006391 -0.011802
v -0.017002 0.006396 -0.011781
v -0.017005 0.006399 -0.011759
v -0.016829 0.006193 -0.011956
v -0.016830 0.006215 -0.011952
v -0.016831 0.006236 -0.011945
v -0.016833 0.006256 -0.011937
v -0.016835 0.006275 -0.011927
v -0.016838 0.006293 -0.011916
v -0.016841 0.006311 -0.011903
v -0.016844 0.006327 -0.011888
v -0.016847 0.006342 -0.011873
v -0.016851 0.006355 -0.011856
v -0.016855 0.006367 -0.011838
v -0.016859 0.006377 -0.011819
v -0.016863 0.006385 -0.011799
v -0.016867 0.006391 -0.011779
v -0.016872 0.006396 -0.011758
v -0.016877 0.006399 -0.011737
v -0.016684 0.006193 -0.011918
v -0.016686 0.006215 -0.011914
v -0.016688 0.006236 -0.011908
v -0.016690 0.006256 -0.011900
v -0.016693 0.006275 -0.011890
v -0.016696 0.006293 -0.011879
v -0.016700 0.006311 -0.011866
v -0.016705 0.006327 -0.011852
v -0.016710 0.006342 -0.011837
v -0.016715 0.006355 -0.011820
v -0.016720 0.006367 -0.011803
v -0.016726 0.006377 -0.011784
v -0.016732 0.006385 -0.011765
v -0.016738 0.006391 -0.011745
v -0.016744 0.006396 -0.011725
v -0.016751 0.006399 -0.011704
v -0.016543 0.006193 -0.011868
v -0.016545 0.006215 -0.011864
v -0.016548 0.006236 -0.011858
v -0.016551 0.006256 -0.011850
v -0.016555 0.006275 -0.011841
v -0.016559 0.006293 -0.011830
v -0.016564 0.006311 -0.011817
v -0.016570 0.006327 -0.011804
v -0.016576 0.006342 -0.011789
v -0.016582 0.006355 -0.011773
v -0.016589 0.006367 -0.011756
v -0.016596 0.006377 -0.011738
v -0.016604 0.006385 -0.011719
v -0.016612 0.006391 -0.011700
v -0.016620 0.006396 -0.011680
v -0.016628 0.006399 -0.011660
v -0.016275 0.006150 -0.011736
v -0.016262 0.006150 -0.011728
v -0.019269 0.006386 -0.011461
v -0.019269 0.006378 -0.011480
v -0.019269 0.006369 -0.011499
v -0.019269 0.006265 -0.011600
v -0.019269 0.006266 -0.011600
v -0.019269 0.006283 -0.011590
v -0.019269 0.006300 -0.011578
v -0.019269 0.006303 -0.011576
v -0.019269 0.006317 -0.011565
v -0.019269 0.006332 -0.011550
v -0.019269 0.006335 -0.011546
v -0.019269 0.006345 -0.011534
v -0.019269 0.006358 -0.011517
v -0.019269 0.006361 -0.011513
v -0.019269 0.006380 -0.011476
v -0.019269 0.006392 -0.011441
v -0.019269 0.006393 -0.011438
v -0.019269 0.006396 -0.011420
v -0.019269 0.006399 -0.011399
v -0.019269 0.006397 -0.011418
v -0.019501 0.006243 -0.011378
v -0.019493 0.006262 -0.011380
v -0.019493 0.006262 -0.011382
v -0.019273 0.006286 -0.011588
v -0.019293 0.006291 -0.011583
v -0.019280 0.006269 -0.011598
v -0.019273 0.006348 -0.011531
v -0.019291 0.006351 -0.011525
v -0.019286 0.006362 -0.011509
v -0.019282 0.006372 -0.011492
v -0.019279 0.006380 -0.011475
v -0.019276 0.006387 -0.011456
v -0.019274 0.006393 -0.011437
v -0.019272 0.006397 -0.011418
v -0.019271 0.006399 -0.011398
v -0.019271 0.006400 -0.011378
v -0.019493 0.006262 -0.011378
v -0.019483 0.006279 -0.011378
v -0.019483 0.006280 -0.011382
v -0.019482 0.006281 -0.011378
v -0.019471 0.006297 -0.011378
v -0.019471 0.006298 -0.011384
v -0.019471 0.006298 -0.011378
v -0.019458 0.006314 -0.011378
v -0.019458 0.006314 -0.011385
v -0.019457 0.006315 -0.011378
v -0.019443 0.006330 -0.011378
v -0.019443 0.006330 -0.011387
v -0.019443 0.006330 -0.011378
v -0.019427 0.006343 -0.011389
v -0.019483 0.006280 -0.011385
v -0.019471 0.006297 -0.011389
v -0.019458 0.006313 -0.011392
v -0.019443 0.006328 -0.011396
v -0.019428 0.006342 -0.011399
v -0.019411 0.006355 -0.011402
v -0.019493 0.006261 -0.011384
v -0.019498 0.006250 -0.011398
v -0.019497 0.006251 -0.011397
v -0.019492 0.006256 -0.011417
v -0.019491 0.006259 -0.011416
v -0.019486 0.006261 -0.011437
v -0.019484 0.006265 -0.011435
v -0.019477 0.006265 -0.011456
v -0.019475 0.006271 -0.011453
v -0.019467 0.006269 -0.011474
v -0.019464 0.006276 -0.011470
v -0.019456 0.006272 -0.011492
v -0.019452 0.006280 -0.011487
v -0.019444 0.006273 -0.011508
v -0.019439 0.006284 -0.011504
v -0.019443 0.006274 -0.011508
v -0.019483 0.006279 -0.011389
v -0.019471 0.006296 -0.011394
v -0.019458 0.006312 -0.011399
v -0.019444 0.006327 -0.011404
v -0.019429 0.006340 -0.011409
v -0.019412 0.006352 -0.011414
v -0.019394 0.006363 -0.011418
v -0.019493 0.006261 -0.011385
v -0.019427 0.006344 -0.011378
v -0.019410 0.006357 -0.011378
v -0.019410 0.006356 -0.011390
v -0.019430 0.006275 -0.011523
v -0.019425 0.006286 -0.011519
v -0.019429 0.006275 -0.011524
v -0.019483 0.006278 -0.011392
v -0.019472 0.006295 -0.011399
v -0.019459 0.006310 -0.011406
v -0.019445 0.006324 -0.011413
v -0.019430 0.006337 -0.011419
v -0.019413 0.006349 -0.011425
v -0.019396 0.006359 -0.011431
v -0.019377 0.006368 -0.011436
v -0.019493 0.006260 -0.011387
v -0.019392 0.006367 -0.011392
v -0.019392 0.006368 -0.011378
v -0.019374 0.006377 -0.011393
v -0.019415 0.006275 -0.011538
v -0.019409 0.006287 -0.011533
v -0.019414 0.006275 -0.011539
v -0.019484 0.006277 -0.011396
v -0.019473 0.006293 -0.011404
v -0.019460 0.006308 -0.011413
v -0.019446 0.006321 -0.011421
v -0.019431 0.006334 -0.011429
v -0.019415 0.006345 -0.011436
v -0.019397 0.006354 -0.011443
v -0.019379 0.006363 -0.011450
v -0.019360 0.006369 -0.011456
v -0.019494 0.006260 -0.011389
v -0.019399 0.006274 -0.011552
v -0.019393 0.006288 -0.011546
v -0.019398 0.006274 -0.011553
v -0.019484 0.006275 -0.011399
v -0.019474 0.006291 -0.011409
v -0.019461 0.006305 -0.011419
v -0.019448 0.006317 -0.011429
v -0.019433 0.006329 -0.011438
v -0.019417 0.006340 -0.011447
v -0.019400 0.006349 -0.011455
v -0.019382 0.006356 -0.011463
v -0.019363 0.006363 -0.011470
v -0.019343 0.006367 -0.011477
v -0.019494 0.006259 -0.011390
v -0.019373 0.006377 -0.011378
v -0.019373 0.006377 -0.011378
v -0.019354 0.006385 -0.011394
v -0.019383 0.006272 -0.011564
v -0.019376 0.006287 -0.011558
v -0.019381 0.006272 -0.011565
v -0.019485 0.006274 -0.011402
v -0.019475 0.006288 -0.011414
v -0.019463 0.006301 -0.011425
v -0.019450 0.006313 -0.011436
v -0.019435 0.006324 -0.011447
v -0.019419 0.006334 -0.011457
v -0.019402 0.006342 -0.011467
v -0.019385 0.006349 -0.011476
v -0.019366 0.006355 -0.011484
v -0.019347 0.006359 -0.011492
v -0.019327 0.006361 -0.011498
v -0.019494 0.006258 -0.011392
v -0.019354 0.006385 -0.011378
v -0.019353 0.006386 -0.011378
v -0.019334 0.006391 -0.011395
v -0.019365 0.006270 -0.011576
v -0.019357 0.006285 -0.011569
v -0.019364 0.006270 -0.011576
v -0.019486 0.006272 -0.011405
v -0.019476 0.006285 -0.011418
v -0.019464 0.006297 -0.011431
v -0.019452 0.006308 -0.011443
v -0.019437 0.006318 -0.011455
v -0.019422 0.006327 -0.011467
v -0.019405 0.006335 -0.011478
v -0.019388 0.006341 -0.011488
v -0.019370 0.006346 -0.011497
v -0.019351 0.006349 -0.011505
v -0.019331 0.006351 -0.011513
v -0.019311 0.006352 -0.011520
v -0.019495 0.006257 -0.011393
v -0.019334 0.006392 -0.011378
v -0.019333 0.006392 -0.011378
v -0.019313 0.006395 -0.011396
v -0.019347 0.006267 -0.011585
v -0.019339 0.006283 -0.011578
v -0.019345 0.006266 -0.011586
v -0.019487 0.006269 -0.011408
v -0.019477 0.006282 -0.011422
v -0.019466 0.006293 -0.011436
v -0.019454 0.006303 -0.011450
v -0.019440 0.006312 -0.011463
v -0.019425 0.006320 -0.011476
v -0.019409 0.006326 -0.011488
v -0.019392 0.006332 -0.011499
v -0.019374 0.006336 -0.011509
v -0.019355 0.006339 -0.011518
v -0.019335 0.006340 -0.011527
v -0.019316 0.006340 -0.011534
v -0.019295 0.006339 -0.011540
v -0.019323 0.006370 -0.011483
v -0.019303 0.006372 -0.011488
v -0.019307 0.006363 -0.011504
v -0.019300 0.006380 -0.011471
v -0.019320 0.006378 -0.011467
v -0.019340 0.006375 -0.011462
v -0.019297 0.006387 -0.011453
v -0.019318 0.006385 -0.011450
v -0.019338 0.006381 -0.011446
v -0.019358 0.006375 -0.011441
v -0.019295 0.006392 -0.011435
v -0.019316 0.006390 -0.011432
v -0.019336 0.006385 -0.011429
v -0.019356 0.006380 -0.011426
v -0.019376 0.006372 -0.011422
v -0.019293 0.006396 -0.011416
v -0.019314 0.006393 -0.011415
v -0.019335 0.006389 -0.011412
v -0.019355 0.006383 -0.011410
v -0.019374 0.006375 -0.011408
v -0.019393 0.006366 -0.011405
v -0.019292 0.006398 -0.011397
v -0.019328 0.006263 -0.011594
v -0.019319 0.006279 -0.011586
v -0.019326 0.006262 -0.011594
v -0.019313 0.006396 -0.011378
v -0.019312 0.006396 -0.011378
v -0.019292 0.006399 -0.011378
v -0.019291 0.006399 -0.011378
v -0.019308 0.006258 -0.011600
v -0.019300 0.006275 -0.011593
v -0.019307 0.006257 -0.011601
v -0.019287 0.006307 -0.011572
v -0.019307 0.006311 -0.011566
v -0.019313 0.006295 -0.011577
v -0.019326 0.006313 -0.011559
v -0.019332 0.006298 -0.011569
v -0.019346 0.006314 -0.011550
v -0.019351 0.006300 -0.011560
v -0.019365 0.006314 -0.011541
v -0.019370 0.006301 -0.011550
v -0.019383 0.006313 -0.011530
v -0.019388 0.006301 -0.011539
v -0.019400 0.006311 -0.011518
v -0.019405 0.006299 -0.011526
v -0.019416 0.006307 -0.011505
v -0.019420 0.006297 -0.011512
v -0.019432 0.006303 -0.011491
v -0.019435 0.006294 -0.011498
v -0.019446 0.006297 -0.011477
v -0.019449 0.006289 -0.011482
v -0.019459 0.006290 -0.011461
v -0.019461 0.006284 -0.011466
v -0.019470 0.006283 -0.011445
v -0.019472 0.006277 -0.011449
v -0.019480 0.006274 -0.011429
v -0.019482 0.006270 -0.011432
v -0.019489 0.006264 -0.011412
v -0.019490 0.006262 -0.011414
v -0.019496 0.006254 -0.011395
v -0.019495 0.006255 -0.011394
v -0.019488 0.006267 -0.011410
v -0.019479 0.006278 -0.011426
v -0.019468 0.006288 -0.011441
v -0.019456 0.006297 -0.011456
v -0.019443 0.006305 -0.011470
v -0.019428 0.006312 -0.011484
v -0.019412 0.006317 -0.011497
v -0.019396 0.006322 -0.011509
v -0.019378 0.006325 -0.011520
v -0.019360 0.006327 -0.011530
v -0.019340 0.006328 -0.011539
v -0.019321 0.006327 -0.011547
v -0.019301 0.006325 -0.011554
v -0.019281 0.006322 -0.011559
v -0.019275 0.006336 -0.011545
v -0.019497 0.006253 -0.011396
v -0.019289 0.006252 -0.011606
v -0.019287 0.006251 -0.011606
v -0.020054 0.004716 -0.012169
v -0.020084 0.004675 -0.012169
v -0.020024 0.004753 -0.012168
v -0.019994 0.004787 -0.012168
v -0.019965 0.004816 -0.012167
v -0.019936 0.004841 -0.012167
v -0.019922 0.004852 -0.012167
v -0.019908 0.004862 -0.012167
v -0.019895 0.004871 -0.012167
v -0.019881 0.004879 -0.012167
v -0.019868 0.004885 -0.012166
v -0.019855 0.004891 -0.012166
v -0.019843 0.004895 -0.012166
v -0.019831 0.004898 -0.012166
v -0.019825 0.004899 -0.012166
v -0.019814 0.004900 -0.012166
v -0.019819 0.004900 -0.012166
v -0.019501 0.006243 -0.009543
v -0.019772 0.005566 -0.009501
v -0.019312 0.006396 -0.009543
v -0.019493 0.006261 -0.009543
v -0.019488 0.006271 -0.009543
v -0.019483 0.006279 -0.009543
v -0.019471 0.006297 -0.009543
v -0.019427 0.006344 -0.009543
v -0.019443 0.006330 -0.009543
v -0.019445 0.006328 -0.009543
v -0.019458 0.006314 -0.009543
v -0.019469 0.006300 -0.009543
v -0.019416 0.006353 -0.009543
v -0.019410 0.006357 -0.009543
v -0.019399 0.006364 -0.009543
v -0.019392 0.006368 -0.009543
v -0.019353 0.006386 -0.009543
v -0.019361 0.006382 -0.009543
v -0.019373 0.006377 -0.009543
v -0.019318 0.006395 -0.009543
v -0.019333 0.006392 -0.009543
v -0.019291 0.006399 -0.009543
v -0.019397 0.006253 -0.009354
v -0.019393 0.006258 -0.009354
v -0.019387 0.006277 -0.009363
v -0.019401 0.006234 -0.009348
v -0.019402 0.006234 -0.009349
v -0.019399 0.006234 -0.009347
v -0.019405 0.006232 -0.009350
v -0.019407 0.006232 -0.009351
v -0.019404 0.006233 -0.009350
v -0.019410 0.006230 -0.009352
v -0.019411 0.006229 -0.009353
v -0.019408 0.006231 -0.009352
v -0.019413 0.006226 -0.009353
v -0.019414 0.006224 -0.009354
v -0.019412 0.006227 -0.009353
v -0.019415 0.006223 -0.009354
v -0.019416 0.006221 -0.009354
v -0.019271 0.006400 -0.009541
v -0.019324 0.006394 -0.009531
v -0.019366 0.006380 -0.009532
v -0.019382 0.006373 -0.009540
v -0.019500 0.006244 -0.009522
v -0.019499 0.006244 -0.009513
v -0.019494 0.006255 -0.009513
v -0.019482 0.006241 -0.009448
v -0.019476 0.006239 -0.009434
v -0.019473 0.006246 -0.009435
v -0.019469 0.006237 -0.009420
v -0.019467 0.006236 -0.009416
v -0.019464 0.006242 -0.009417
v -0.019452 0.006232 -0.009394
v -0.019444 0.006229 -0.009383
v -0.019442 0.006233 -0.009383
v -0.019433 0.006226 -0.009370
v -0.019431 0.006225 -0.009368
v -0.019430 0.006227 -0.009368
v -0.019417 0.006220 -0.009354
v -0.019411 0.006218 -0.009349
v -0.019456 0.006233 -0.009399
v -0.019454 0.006238 -0.009399
v -0.019491 0.006243 -0.009473
v -0.019484 0.006241 -0.009453
v -0.019481 0.006249 -0.009454
v -0.019496 0.006243 -0.009493
v -0.019491 0.006253 -0.009493
v -0.019492 0.006243 -0.009477
v -0.019501 0.006243 -0.009533
v -0.019496 0.006255 -0.009534
v -0.019488 0.006270 -0.009534
v -0.019479 0.006285 -0.009533
v -0.019470 0.006299 -0.009531
v -0.019459 0.006312 -0.009528
v -0.019448 0.006324 -0.009524
v -0.019432 0.006340 -0.009540
v -0.019418 0.006351 -0.009534
v -0.019404 0.006360 -0.009528
v -0.019389 0.006368 -0.009521
v -0.019401 0.006218 -0.009342
v -0.019398 0.006234 -0.009346
v -0.019397 0.006238 -0.009347
v -0.019428 0.006231 -0.009368
v -0.019426 0.006234 -0.009368
v -0.019424 0.006237 -0.009367
v -0.019422 0.006239 -0.009367
v -0.019420 0.006242 -0.009366
v -0.019417 0.006244 -0.009365
v -0.019414 0.006246 -0.009364
v -0.019412 0.006248 -0.009363
v -0.019409 0.006250 -0.009361
v -0.019406 0.006251 -0.009360
v -0.019403 0.006252 -0.009358
v -0.019400 0.006253 -0.009356
v -0.019440 0.006238 -0.009383
v -0.019437 0.006242 -0.009383
v -0.019434 0.006247 -0.009382
v -0.019431 0.006251 -0.009381
v -0.019427 0.006254 -0.009380
v -0.019424 0.006258 -0.009379
v -0.019420 0.006261 -0.009377
v -0.019415 0.006264 -0.009375
v -0.019411 0.006266 -0.009373
v -0.019407 0.006268 -0.009371
v -0.019402 0.006270 -0.009369
v -0.019398 0.006271 -0.009366
v -0.019393 0.006272 -0.009363
v -0.019381 0.006295 -0.009372
v -0.019451 0.006244 -0.009399
v -0.019447 0.006250 -0.009399
v -0.019443 0.006256 -0.009398
v -0.019439 0.006261 -0.009397
v -0.019434 0.006266 -0.009395
v -0.019429 0.006271 -0.009394
v -0.019424 0.006275 -0.009391
v -0.019418 0.006279 -0.009389
v -0.019412 0.006282 -0.009386
v -0.019407 0.006285 -0.009383
v -0.019401 0.006287 -0.009380
v -0.019395 0.006288 -0.009377
v -0.019389 0.006289 -0.009373
v -0.019374 0.006311 -0.009383
v -0.019460 0.006250 -0.009417
v -0.019456 0.006258 -0.009416
v -0.019451 0.006265 -0.009415
v -0.019445 0.006271 -0.009414
v -0.019439 0.006278 -0.009412
v -0.019433 0.006283 -0.009410
v -0.019427 0.006288 -0.009407
v -0.019420 0.006293 -0.009404
v -0.019413 0.006297 -0.009401
v -0.019406 0.006300 -0.009397
v -0.019398 0.006303 -0.009393
v -0.019391 0.006304 -0.009389
v -0.019383 0.006306 -0.009384
v -0.019366 0.006327 -0.009395
v -0.019468 0.006255 -0.009435
v -0.019463 0.006264 -0.009434
v -0.019457 0.006273 -0.009433
v -0.019451 0.006281 -0.009431
v -0.019444 0.006288 -0.009429
v -0.019436 0.006295 -0.009426
v -0.019429 0.006301 -0.009423
v -0.019421 0.006306 -0.009420
v -0.019412 0.006311 -0.009416
v -0.019404 0.006315 -0.009411
v -0.019395 0.006318 -0.009407
v -0.019386 0.006320 -0.009402
v -0.019377 0.006321 -0.009396
v -0.019357 0.006342 -0.009409
v -0.019475 0.006260 -0.009454
v -0.019469 0.006270 -0.009453
v -0.019462 0.006280 -0.009451
v -0.019455 0.006289 -0.009450
v -0.019447 0.006297 -0.009447
v -0.019439 0.006305 -0.009444
v -0.019430 0.006312 -0.009440
v -0.019420 0.006318 -0.009436
v -0.019411 0.006323 -0.009432
v -0.019401 0.006328 -0.009427
v -0.019391 0.006331 -0.009421
v -0.019381 0.006334 -0.009416
v -0.019371 0.006335 -0.009409
v -0.019348 0.006355 -0.009423
v -0.019487 0.006252 -0.009473
v -0.019481 0.006264 -0.009473
v -0.019474 0.006275 -0.009472
v -0.019466 0.006286 -0.009471
v -0.019458 0.006296 -0.009469
v -0.019449 0.006306 -0.009466
v -0.019439 0.006314 -0.009462
v -0.019429 0.006322 -0.009458
v -0.019419 0.006329 -0.009454
v -0.019408 0.006335 -0.009449
v -0.019397 0.006340 -0.009443
v -0.019386 0.006344 -0.009437
v -0.019375 0.006347 -0.009430
v -0.019363 0.006348 -0.009424
v -0.019338 0.006366 -0.009438
v -0.019485 0.006267 -0.009493
v -0.019487 0.006269 -0.009513
v -0.019477 0.006279 -0.009492
v -0.019479 0.006283 -0.009512
v -0.019469 0.006291 -0.009490
v -0.019470 0.006296 -0.009511
v -0.019460 0.006302 -0.009488
v -0.019460 0.006308 -0.009508
v -0.019450 0.006313 -0.009485
v -0.019449 0.006319 -0.009505
v -0.019439 0.006323 -0.009481
v -0.019438 0.006330 -0.009500
v -0.019428 0.006331 -0.009477
v -0.019426 0.006339 -0.009496
v -0.019417 0.006339 -0.009472
v -0.019413 0.006347 -0.009490
v -0.019405 0.006345 -0.009466
v -0.019400 0.006354 -0.009484
v -0.019435 0.006335 -0.009520
v -0.019422 0.006346 -0.009515
v -0.019409 0.006354 -0.009509
v -0.019395 0.006362 -0.009502
v -0.019393 0.006351 -0.009460
v -0.019387 0.006360 -0.009477
v -0.019381 0.006368 -0.009495
v -0.019374 0.006375 -0.009513
v -0.019380 0.006355 -0.009453
v -0.019374 0.006365 -0.009470
v -0.019367 0.006373 -0.009487
v -0.019359 0.006380 -0.009505
v -0.019350 0.006386 -0.009523
v -0.019341 0.006389 -0.009541
v -0.019368 0.006358 -0.009446
v -0.019360 0.006368 -0.009462
v -0.019352 0.006377 -0.009479
v -0.019343 0.006384 -0.009496
v -0.019334 0.006390 -0.009514
v -0.019355 0.006360 -0.009438
v -0.019347 0.006370 -0.009454
v -0.019337 0.006379 -0.009470
v -0.019328 0.006386 -0.009487
v -0.019318 0.006392 -0.009504
v -0.019307 0.006396 -0.009521
v -0.019297 0.006398 -0.009539
v -0.019279 0.006399 -0.009528
v -0.019283 0.006399 -0.009523
v -0.019294 0.006396 -0.009505
v -0.019306 0.006391 -0.009488
v -0.019317 0.006384 -0.009470
v -0.019327 0.006376 -0.009454
v -0.019690 0.005546 -0.009315
v -0.019678 0.005542 -0.009304
v -0.019701 0.005549 -0.009325
v -0.019711 0.005553 -0.009337
v -0.019720 0.005556 -0.009349
v -0.019729 0.005558 -0.009361
v -0.019756 0.005566 -0.009416
v -0.019750 0.005564 -0.009402
v -0.019744 0.005563 -0.009388
v -0.019737 0.005561 -0.009375
v -0.019768 0.005567 -0.009461
v -0.019765 0.005567 -0.009446
v -0.019761 0.005567 -0.009431
v -0.019772 0.005567 -0.009491
v -0.019770 0.005567 -0.009476
v -0.018198 0.006217 -0.008435
v -0.016867 0.006384 -0.007307
v -0.016882 0.006376 -0.007294
v -0.018731 0.006400 -0.009165
v -0.016803 0.006400 -0.007361
v -0.016819 0.006399 -0.007348
v -0.016836 0.006396 -0.007334
v -0.016851 0.006391 -0.007320
v -0.016897 0.006366 -0.007282
v -0.016910 0.006355 -0.007270
v -0.016923 0.006342 -0.007259
v -0.016935 0.006327 -0.007249
v -0.016946 0.006311 -0.007240
v -0.016956 0.006295 -0.007231
v -0.016965 0.006277 -0.007224
v -0.016973 0.006258 -0.007217
v -0.016979 0.006238 -0.007212
v -0.016985 0.006217 -0.007208
v -0.017567 0.006218 -0.007845
v -0.018872 0.006217 -0.008974
v -0.018743 0.006399 -0.009148
v -0.018756 0.006396 -0.009131
v -0.018768 0.006391 -0.009114
v -0.018781 0.006384 -0.009098
v -0.018792 0.006376 -0.009082
v -0.018804 0.006366 -0.009067
v -0.018814 0.006355 -0.009052
v -0.018824 0.006342 -0.009039
v -0.018834 0.006327 -0.009026
v -0.018842 0.006311 -0.009014
v -0.018850 0.006295 -0.009004
v -0.018857 0.006277 -0.008994
v -0.018863 0.006258 -0.008986
v -0.018868 0.006238 -0.008979
v -0.018042 0.006400 -0.008614
v -0.018056 0.006399 -0.008598
v -0.018070 0.006396 -0.008582
v -0.018084 0.006391 -0.008566
v -0.018097 0.006384 -0.008551
v -0.018110 0.006376 -0.008536
v -0.018122 0.006366 -0.008522
v -0.018134 0.006355 -0.008508
v -0.018145 0.006342 -0.008495
v -0.018156 0.006327 -0.008483
v -0.018165 0.006311 -0.008472
v -0.018174 0.006295 -0.008462
v -0.018181 0.006277 -0.008454
v -0.018188 0.006258 -0.008446
v -0.018193 0.006238 -0.008440
v -0.017563 0.006238 -0.007849
v -0.017557 0.006258 -0.007855
v -0.017550 0.006277 -0.007862
v -0.017541 0.006295 -0.007870
v -0.017532 0.006311 -0.007880
v -0.017522 0.006327 -0.007890
v -0.017510 0.006342 -0.007901
v -0.017498 0.006355 -0.007913
v -0.017485 0.006366 -0.007926
v -0.017472 0.006376 -0.007939
v -0.017458 0.006384 -0.007953
v -0.017443 0.006391 -0.007967
v -0.017429 0.006396 -0.007982
v -0.017414 0.006399 -0.007997
v -0.017398 0.006400 -0.008012
v 0.007502 -0.001200 -0.012251
v -0.032072 -0.001200 -0.012251
v 0.007416 0.004900 -0.012166
v -0.032331 -0.001200 -0.012235
v -0.032158 -0.001200 -0.012250
v -0.032502 -0.001200 -0.012205
v -0.032670 -0.001200 -0.012160
v -0.032991 -0.001200 -0.012028
v -0.032833 -0.001200 -0.012101
v -0.033284 -0.001200 -0.011842
v -0.033142 -0.001200 -0.011941
v -0.033418 -0.001200 -0.011731
v -0.033486 -0.001200 -0.011666
v -0.034916 -0.001200 -0.010236
v -0.035087 -0.001200 -0.010042
v -0.034975 -0.001200 -0.010175
v -0.035186 -0.001200 -0.009900
v -0.035274 -0.001200 -0.009749
v -0.035407 -0.001200 -0.009429
v -0.035347 -0.001200 -0.009592
v -0.035453 -0.001200 -0.009261
v -0.035483 -0.001200 -0.009090
v -0.035499 -0.001200 -0.008917
v -0.035501 -0.001200 -0.008822
v -0.035501 -0.001200 0.008822
v -0.035485 -0.001200 0.009081
v -0.035500 -0.001200 0.008908
v -0.035455 -0.001200 0.009252
v -0.035410 -0.001200 0.009420
v -0.035278 -0.001200 0.009741
v -0.035351 -0.001200 0.009583
v -0.035092 -0.001200 0.010034
v -0.035191 -0.001200 0.009892
v -0.034981 -0.001200 0.010168
v -0.034916 -0.001200 0.010236
v -0.033486 -0.001200 0.011666
v -0.033292 -0.001200 0.011837
v -0.033425 -0.001200 0.011725
v -0.033150 -0.001200 0.011936
v -0.032999 -0.001200 0.012024
v -0.032679 -0.001200 0.012157
v -0.032842 -0.001200 0.012097
v -0.032511 -0.001200 0.012203
v -0.032340 -0.001200 0.012233
v -0.032167 -0.001200 0.012249
v -0.032072 -0.001200 0.012251
v 0.007502 -0.001200 0.012251
v -0.020054 0.004716 0.012169
v -0.020084 0.004675 0.012169
v -0.019808 0.004900 0.012166
v 0.005103 0.004900 0.012166
v 0.007416 0.004900 0.012166
v -0.019814 0.004900 0.012166
v -0.019819 0.004900 0.012166
v -0.019922 0.004852 0.012167
v -0.019825 0.004899 0.012166
v -0.019908 0.004862 0.012167
v -0.019965 0.004816 0.012167
v -0.019994 0.004787 0.012168
v -0.020024 0.004753 0.012168
v -0.019831 0.004898 0.012166
v -0.019881 0.004879 0.012167
v -0.019895 0.004871 0.012167
v -0.019936 0.004841 0.012167
v -0.019843 0.004895 0.012166
v -0.019855 0.004891 0.012166
v -0.019868 0.004885 0.012166
v -0.019289 0.006252 0.011606
v -0.019269 0.006246 0.011609
v -0.019287 0.006251 0.011606
v -0.019307 0.006257 0.011601
v -0.019308 0.006258 0.011600
v -0.019326 0.006262 0.011594
v -0.019328 0.006263 0.011594
v -0.019345 0.006266 0.011586
v -0.019347 0.006267 0.011585
v -0.019364 0.006270 0.011576
v -0.019365 0.006270 0.011576
v -0.019381 0.006272 0.011565
v -0.019383 0.006272 0.011564
v -0.019398 0.006274 0.011553
v -0.019399 0.006274 0.011552
v -0.019414 0.006275 0.011539
v -0.019415 0.006275 0.011538
v -0.019429 0.006275 0.011524
v -0.019430 0.006275 0.011523
v -0.019443 0.006274 0.011508
v -0.019444 0.006273 0.011508
v -0.019456 0.006272 0.011492
v -0.019467 0.006269 0.011474
v -0.019477 0.006265 0.011456
v -0.019492 0.006256 0.011417
v -0.019486 0.006261 0.011437
v -0.019498 0.006250 0.011398
v -0.019354 0.006385 0.011394
v -0.019443 0.006330 0.011387
v -0.019458 0.006314 0.011385
v -0.019471 0.006298 0.011384
v -0.019483 0.006280 0.011382
v -0.019493 0.006262 0.011380
v -0.019493 0.006262 0.011382
v -0.019497 0.006251 0.011397
v -0.019269 0.006358 0.011517
v -0.019273 0.006348 0.011531
v -0.019269 0.006345 0.011534
v -0.019269 0.006369 0.011499
v -0.019269 0.006371 0.011495
v -0.019282 0.006372 0.011492
v -0.019269 0.006386 0.011461
v -0.019269 0.006387 0.011457
v -0.019276 0.006387 0.011456
v -0.019269 0.006396 0.011420
v -0.019269 0.006397 0.011418
v -0.019272 0.006397 0.011418
v -0.019271 0.006399 0.011398
v -0.019269 0.006399 0.011399
v -0.019269 0.006392 0.011441
v -0.019269 0.006378 0.011480
v -0.019269 0.006335 0.011546
v -0.019275 0.006336 0.011545
v -0.019269 0.006332 0.011550
v -0.019281 0.006322 0.011559
v -0.019269 0.006317 0.011565
v -0.019287 0.006307 0.011572
v -0.019269 0.006303 0.011576
v -0.019269 0.006300 0.011578
v -0.019273 0.006286 0.011588
v -0.019269 0.006283 0.011590
v -0.019280 0.006269 0.011598
v -0.019269 0.006266 0.011600
v -0.019269 0.006265 0.011600
v -0.019483 0.006280 0.011385
v -0.019493 0.006261 0.011384
v -0.019471 0.006297 0.011389
v -0.019483 0.006279 0.011389
v -0.019493 0.006261 0.011385
v -0.019477 0.006282 0.011422
v -0.019466 0.006293 0.011436
v -0.019464 0.006297 0.011431
v -0.019458 0.006313 0.011392
v -0.019471 0.006296 0.011394
v -0.019483 0.006278 0.011392
v -0.019493 0.006260 0.011387
v -0.019491 0.006259 0.011416
v -0.019484 0.006265 0.011435
v -0.019475 0.006271 0.011453
v -0.019464 0.006276 0.011470
v -0.019452 0.006280 0.011487
v -0.019427 0.006343 0.011389
v -0.019443 0.006328 0.011396
v -0.019458 0.006312 0.011399
v -0.019472 0.006295 0.011399
v -0.019484 0.006277 0.011396
v -0.019494 0.006260 0.011389
v -0.019450 0.006313 0.011436
v -0.019435 0.006324 0.011447
v -0.019433 0.006329 0.011438
v -0.019410 0.006356 0.011390
v -0.019428 0.006342 0.011399
v -0.019444 0.006327 0.011404
v -0.019459 0.006310 0.011406
v -0.019473 0.006293 0.011404
v -0.019484 0.006275 0.011399
v -0.019494 0.006259 0.011390
v -0.019439 0.006284 0.011504
v -0.019392 0.006367 0.011392
v -0.019411 0.006355 0.011402
v -0.019429 0.006340 0.011409
v -0.019445 0.006324 0.011413
v -0.019460 0.006308 0.011413
v -0.019474 0.006291 0.011409
v -0.019485 0.006274 0.011402
v -0.019494 0.006258 0.011392
v -0.019415 0.006345 0.011436
v -0.019397 0.006354 0.011443
v -0.019396 0.006359 0.011431
v -0.019425 0.006286 0.011519
v -0.019374 0.006377 0.011393
v -0.019393 0.006366 0.011405
v -0.019412 0.006352 0.011414
v -0.019430 0.006337 0.011419
v -0.019446 0.006321 0.011421
v -0.019461 0.006305 0.011419
v -0.019475 0.006288 0.011414
v -0.019486 0.006272 0.011405
v -0.019495 0.006257 0.011393
v -0.019409 0.006287 0.011533
v -0.019374 0.006375 0.011408
v -0.019394 0.006363 0.011418
v -0.019413 0.006349 0.011425
v -0.019431 0.006334 0.011429
v -0.019448 0.006317 0.011429
v -0.019463 0.006301 0.011425
v -0.019476 0.006285 0.011418
v -0.019487 0.006269 0.011408
v -0.019495 0.006255 0.011394
v -0.019376 0.006372 0.011422
v -0.019356 0.006380 0.011426
v -0.019355 0.006383 0.011410
v -0.019393 0.006288 0.011546
v -0.019376 0.006287 0.011558
v -0.019334 0.006391 0.011395
v -0.019313 0.006395 0.011396
v -0.019357 0.006285 0.011569
v -0.019292 0.006398 0.011397
v -0.019321 0.006327 0.011547
v -0.019316 0.006340 0.011534
v -0.019340 0.006328 0.011539
v -0.019335 0.006340 0.011527
v -0.019360 0.006327 0.011530
v -0.019355 0.006339 0.011518
v -0.019378 0.006325 0.011520
v -0.019374 0.006336 0.011509
v -0.019396 0.006322 0.011509
v -0.019392 0.006332 0.011499
v -0.019412 0.006317 0.011497
v -0.019409 0.006326 0.011488
v -0.019428 0.006312 0.011484
v -0.019425 0.006320 0.011476
v -0.019443 0.006305 0.011470
v -0.019440 0.006312 0.011463
v -0.019456 0.006297 0.011456
v -0.019454 0.006303 0.011450
v -0.019468 0.006288 0.011441
v -0.019479 0.006278 0.011426
v -0.019488 0.006267 0.011410
v -0.019326 0.006313 0.011559
v -0.019346 0.006314 0.011550
v -0.019365 0.006314 0.011541
v -0.019383 0.006313 0.011530
v -0.019400 0.006311 0.011518
v -0.019416 0.006307 0.011505
v -0.019432 0.006303 0.011491
v -0.019446 0.006297 0.011477
v -0.019459 0.006290 0.011461
v -0.019470 0.006283 0.011445
v -0.019480 0.006274 0.011429
v -0.019489 0.006264 0.011412
v -0.019496 0.006254 0.011395
v -0.019497 0.006253 0.011396
v -0.019490 0.006262 0.011414
v -0.019482 0.006270 0.011432
v -0.019472 0.006277 0.011449
v -0.019461 0.006284 0.011466
v -0.019449 0.006289 0.011482
v -0.019435 0.006294 0.011498
v -0.019420 0.006297 0.011512
v -0.019405 0.006299 0.011526
v -0.019388 0.006301 0.011539
v -0.019370 0.006301 0.011550
v -0.019351 0.006300 0.011560
v -0.019332 0.006298 0.011569
v -0.019339 0.006283 0.011578
v -0.019293 0.006396 0.011416
v -0.019314 0.006393 0.011415
v -0.019335 0.006389 0.011412
v -0.019336 0.006385 0.011429
v -0.019316 0.006390 0.011432
v -0.019295 0.006392 0.011435
v -0.019274 0.006393 0.011437
v -0.019297 0.006387 0.011453
v -0.019318 0.006385 0.011450
v -0.019338 0.006381 0.011446
v -0.019358 0.006375 0.011441
v -0.019377 0.006368 0.011436
v -0.019379 0.006363 0.011450
v -0.019360 0.006369 0.011456
v -0.019340 0.006375 0.011462
v -0.019320 0.006378 0.011467
v -0.019300 0.006380 0.011471
v -0.019279 0.006380 0.011475
v -0.019303 0.006372 0.011488
v -0.019323 0.006370 0.011483
v -0.019343 0.006367 0.011477
v -0.019363 0.006363 0.011470
v -0.019382 0.006356 0.011463
v -0.019400 0.006349 0.011455
v -0.019417 0.006340 0.011447
v -0.019419 0.006334 0.011457
v -0.019402 0.006342 0.011467
v -0.019385 0.006349 0.011476
v -0.019366 0.006355 0.011484
v -0.019347 0.006359 0.011492
v -0.019327 0.006361 0.011498
v -0.019307 0.006363 0.011504
v -0.019286 0.006362 0.011509
v -0.019291 0.006351 0.011525
v -0.019311 0.006352 0.011520
v -0.019331 0.006351 0.011513
v -0.019351 0.006349 0.011505
v -0.019370 0.006346 0.011497
v -0.019388 0.006341 0.011488
v -0.019405 0.006335 0.011478
v -0.019422 0.006327 0.011467
v -0.019437 0.006318 0.011455
v -0.019452 0.006308 0.011443
v -0.019319 0.006279 0.011586
v -0.019313 0.006295 0.011577
v -0.019307 0.006311 0.011566
v -0.019301 0.006325 0.011554
v -0.019295 0.006339 0.011540
v -0.019269 0.006361 0.011513
v -0.019293 0.006291 0.011583
v -0.019300 0.006275 0.011593
v -0.018262 0.006297 0.011581
v -0.018261 0.006300 0.011578
v -0.018240 0.006356 0.011520
v -0.018239 0.006358 0.011517
v -0.018234 0.006367 0.011502
v -0.018233 0.006369 0.011499
v -0.018220 0.006385 0.011464
v -0.018219 0.006386 0.011461
v -0.018204 0.006396 0.011420
v -0.018198 0.006399 0.011403
v -0.018197 0.006399 0.011400
v -0.018196 0.006399 0.011399
v -0.018190 0.006400 0.011382
v -0.018206 0.006396 0.011424
v -0.018212 0.006392 0.011441
v -0.018213 0.006391 0.011444
v -0.018205 0.006396 0.011422
v -0.018227 0.006377 0.011484
v -0.018227 0.006377 0.011483
v -0.018226 0.006378 0.011480
v -0.018220 0.006385 0.011464
v -0.018251 0.006332 0.011550
v -0.018246 0.006344 0.011536
v -0.018246 0.006345 0.011534
v -0.018241 0.006355 0.011522
v -0.018253 0.006327 0.011555
v -0.018256 0.006316 0.011565
v -0.018258 0.006312 0.011569
v -0.018252 0.006331 0.011551
v -0.018269 0.006265 0.011600
v -0.018266 0.006280 0.011591
v -0.018265 0.006283 0.011590
v -0.018263 0.006293 0.011583
v -0.018272 0.006246 0.011609
v -0.018270 0.006256 0.011605
v -0.018269 0.006264 0.011601
v -0.018265 0.006180 0.011636
v -0.018269 0.006194 0.011630
v -0.018272 0.006208 0.011625
v 0.003048 0.005445 0.011941
v 0.002975 0.005496 0.011920
v -0.016675 0.005496 0.011920
v -0.016748 0.005445 0.011941
v 0.002431 0.006194 0.011630
v -0.018273 0.006215 0.011622
v -0.018273 0.006220 0.011620
v -0.018273 0.006233 0.011615
v 0.004572 0.006246 0.011609
v 0.004573 0.006234 0.011614
v 0.005100 0.006246 0.011609
v 0.004573 0.006222 0.011619
v 0.003952 0.005445 0.011941
v 0.003878 0.005401 0.011959
v 0.002428 0.006208 0.011625
v 0.002427 0.006215 0.011622
v -0.016128 0.006246 0.011609
v 0.002427 0.006220 0.011620
v 0.002427 0.006233 0.011615
v 0.003538 0.005303 0.012000
v 0.003500 0.005302 0.012000
v 0.002903 0.005555 0.011895
v 0.002832 0.005621 0.011868
v 0.002763 0.005695 0.011837
v 0.002562 0.005960 0.011728
v 0.002448 0.006150 0.011649
v 0.002441 0.006165 0.011643
v -0.017652 0.005445 0.011941
v -0.017725 0.005496 0.011920
v -0.017797 0.005555 0.011895
v -0.018273 0.006235 0.011613
v -0.018272 0.006243 0.011610
v 0.004573 0.006215 0.011622
v 0.004572 0.006210 0.011624
v 0.004570 0.006198 0.011629
v 0.004168 0.005621 0.011868
v 0.004097 0.005555 0.011895
v 0.004025 0.005496 0.011920
v 0.002438 0.006172 0.011640
v 0.002435 0.006180 0.011636
v 0.002427 0.006235 0.011613
v 0.002428 0.006243 0.011610
v 0.002428 0.006246 0.011609
v -0.016127 0.006234 0.011614
v -0.016127 0.006222 0.011619
v -0.016130 0.006198 0.011629
v -0.016133 0.006185 0.011634
v -0.018252 0.006150 0.011649
v -0.018259 0.006165 0.011643
v 0.002694 0.005776 0.011804
v 0.002628 0.005864 0.011767
v -0.016463 0.005695 0.011837
v -0.016532 0.005621 0.011868
v -0.016603 0.005555 0.011895
v 0.003652 0.005318 0.011993
v 0.003614 0.005311 0.011996
v 0.003576 0.005306 0.011998
v 0.003462 0.005303 0.012000
v 0.003424 0.005306 0.011998
v -0.016127 0.006215 0.011622
v -0.016128 0.006210 0.011624
v -0.016262 0.005960 0.011728
v -0.016148 0.006150 0.011649
v -0.016145 0.006157 0.011646
v -0.017162 0.005303 0.012000
v -0.017200 0.005302 0.012000
v -0.017238 0.005303 0.012000
v -0.017276 0.005306 0.011998
v -0.018262 0.006172 0.011640
v -0.016138 0.006172 0.011640
v -0.016138 0.006171 0.011640
v -0.016822 0.005401 0.011959
v -0.016860 0.005382 0.011967
v -0.016897 0.005365 0.011974
v -0.017314 0.005311 0.011996
v -0.017352 0.005318 0.011993
v -0.017390 0.005327 0.011990
v -0.017868 0.005621 0.011868
v -0.017937 0.005695 0.011837
v -0.018006 0.005776 0.011804
v 0.004372 0.005864 0.011767
v 0.004306 0.005776 0.011804
v 0.004237 0.005695 0.011837
v 0.003386 0.005311 0.011996
v 0.003348 0.005318 0.011993
v 0.003310 0.005327 0.011990
v -0.016328 0.005864 0.011767
v -0.016394 0.005776 0.011804
v -0.018072 0.005864 0.011767
v -0.018138 0.005960 0.011728
v 0.004567 0.006185 0.011634
v 0.004562 0.006172 0.011640
v 0.004562 0.006171 0.011640
v 0.004555 0.006157 0.011646
v 0.004552 0.006150 0.011649
v 0.004438 0.005960 0.011728
v 0.003765 0.005351 0.011980
v 0.003728 0.005338 0.011985
v 0.003690 0.005327 0.011990
v -0.016935 0.005351 0.011980
v -0.016972 0.005338 0.011985
v -0.017010 0.005327 0.011990
v -0.017048 0.005318 0.011993
v -0.017086 0.005311 0.011996
v -0.017124 0.005306 0.011998
v -0.017428 0.005338 0.011985
v -0.017465 0.005351 0.011980
v -0.017503 0.005365 0.011974
v 0.003272 0.005338 0.011985
v 0.003235 0.005351 0.011980
v 0.003197 0.005365 0.011974
v -0.017540 0.005382 0.011967
v -0.017578 0.005401 0.011959
v 0.003840 0.005382 0.011967
v 0.003803 0.005365 0.011974
v 0.003160 0.005382 0.011967
v 0.003122 0.005401 0.011959
v -0.016151 0.006150 0.011651
v -0.016972 0.006150 0.011985
v -0.016262 0.006150 0.011728
v -0.016275 0.006150 0.011736
v -0.016394 0.006150 0.011804
v -0.016406 0.006150 0.011809
v -0.016532 0.006150 0.011868
v -0.016542 0.006150 0.011872
v -0.016675 0.006150 0.011920
v -0.016683 0.006150 0.011922
v -0.016822 0.006150 0.011959
v -0.016828 0.006150 0.011960
v -0.016976 0.006150 0.011986
v -0.017125 0.006150 0.011998
v -0.017124 0.006150 0.011998
v -0.017276 0.006150 0.011998
v -0.017275 0.006150 0.011998
v -0.017428 0.006150 0.011985
v -0.017424 0.006150 0.011986
v -0.017572 0.006150 0.011960
v -0.017578 0.006150 0.011959
v -0.017717 0.006150 0.011922
v -0.017725 0.006150 0.011920
v -0.017858 0.006150 0.011872
v -0.017868 0.006150 0.011868
v -0.018006 0.006150 0.011804
v -0.018125 0.006150 0.011736
v -0.017994 0.006150 0.011809
v -0.018138 0.006150 0.011728
v -0.018249 0.006150 0.011651
v -0.017994 0.006172 0.011808
v -0.017858 0.006172 0.011871
v -0.017717 0.006172 0.011921
v -0.017572 0.006172 0.011959
v -0.017424 0.006172 0.011985
v -0.017275 0.006172 0.011997
v -0.016976 0.006172 0.011985
v -0.016828 0.006172 0.011959
v -0.016683 0.006172 0.011921
v -0.016542 0.006172 0.011871
v -0.016406 0.006172 0.011808
v -0.016276 0.006172 0.011735
v -0.016152 0.006172 0.011650
v -0.016131 0.006265 0.011600
v -0.016134 0.006280 0.011591
v -0.016172 0.006275 0.011624
v -0.016139 0.006300 0.011578
v -0.016142 0.006312 0.011569
v -0.016186 0.006311 0.011604
v -0.016144 0.006317 0.011565
v -0.016147 0.006327 0.011555
v -0.016195 0.006327 0.011592
v -0.016149 0.006332 0.011550
v -0.016154 0.006344 0.011536
v -0.016205 0.006342 0.011580
v -0.016161 0.006358 0.011517
v -0.016166 0.006367 0.011502
v -0.016226 0.006367 0.011551
v -0.016210 0.006400 0.011382
v -0.016275 0.006396 0.011486
v -0.016194 0.006396 0.011424
v -0.016288 0.006399 0.011468
v -0.016196 0.006396 0.011420
v -0.016202 0.006399 0.011403
v -0.016203 0.006399 0.011400
v -0.016204 0.006399 0.011399
v -0.016181 0.006386 0.011461
v -0.016262 0.006391 0.011503
v -0.016180 0.006385 0.011464
v -0.016250 0.006385 0.011519
v -0.016174 0.006378 0.011480
v -0.016187 0.006391 0.011444
v -0.016187 0.006391 0.011443
v -0.016188 0.006392 0.011441
v -0.016238 0.006377 0.011536
v -0.016167 0.006369 0.011499
v -0.016173 0.006377 0.011484
v -0.016173 0.006377 0.011483
v -0.016215 0.006355 0.011566
v -0.016154 0.006345 0.011534
v -0.016159 0.006355 0.011522
v -0.016160 0.006356 0.011520
v -0.016148 0.006331 0.011551
v -0.016144 0.006316 0.011565
v -0.016179 0.006293 0.011615
v -0.016135 0.006283 0.011590
v -0.016137 0.006293 0.011583
v -0.016138 0.006297 0.011581
v -0.016160 0.006236 0.011639
v -0.016165 0.006256 0.011632
v -0.016130 0.006256 0.011605
v -0.016131 0.006264 0.011601
v -0.016157 0.006215 0.011644
v -0.016154 0.006193 0.011648
v -0.018246 0.006193 0.011648
v -0.018243 0.006215 0.011644
v -0.018240 0.006236 0.011639
v -0.018235 0.006256 0.011632
v -0.018228 0.006275 0.011624
v -0.018221 0.006293 0.011615
v -0.018214 0.006311 0.011604
v -0.018205 0.006327 0.011592
v -0.018195 0.006342 0.011580
v -0.018185 0.006355 0.011566
v -0.018174 0.006367 0.011551
v -0.018162 0.006377 0.011536
v -0.018150 0.006385 0.011519
v -0.018138 0.006391 0.011503
v -0.018125 0.006396 0.011486
v -0.018112 0.006399 0.011468
v -0.018004 0.006399 0.011542
v -0.018016 0.006396 0.011560
v -0.018027 0.006391 0.011578
v -0.018038 0.006385 0.011596
v -0.018049 0.006377 0.011613
v -0.018059 0.006367 0.011630
v -0.018069 0.006355 0.011645
v -0.018078 0.006342 0.011660
v -0.018086 0.006327 0.011673
v -0.018094 0.006311 0.011686
v -0.018101 0.006293 0.011697
v -0.018107 0.006275 0.011707
v -0.018112 0.006256 0.011716
v -0.018117 0.006236 0.011723
v -0.018120 0.006215 0.011728
v -0.018123 0.006193 0.011732
v -0.017891 0.006399 0.011606
v -0.017901 0.006396 0.011625
v -0.017910 0.006391 0.011644
v -0.017920 0.006385 0.011663
v -0.017929 0.006377 0.011681
v -0.017938 0.006367 0.011698
v -0.017946 0.006355 0.011714
v -0.017954 0.006342 0.011730
v -0.017961 0.006327 0.011744
v -0.017968 0.006311 0.011757
v -0.017974 0.006293 0.011769
v -0.017979 0.006275 0.011779
v -0.017984 0.006256 0.011788
v -0.017988 0.006236 0.011796
v -0.017990 0.006215 0.011802
v -0.017993 0.006193 0.011806
v -0.018124 0.006172 0.011735
v -0.018248 0.006172 0.011650
v -0.016277 0.006193 0.011732
v -0.016280 0.006215 0.011728
v -0.016283 0.006236 0.011723
v -0.016288 0.006256 0.011716
v -0.016293 0.006275 0.011707
v -0.016299 0.006293 0.011697
v -0.016306 0.006311 0.011686
v -0.016314 0.006327 0.011673
v -0.016322 0.006342 0.011660
v -0.016331 0.006355 0.011645
v -0.016341 0.006367 0.011630
v -0.016351 0.006377 0.011613
v -0.016362 0.006385 0.011596
v -0.016373 0.006391 0.011578
v -0.016384 0.006396 0.011560
v -0.016396 0.006399 0.011542
v -0.016407 0.006193 0.011806
v -0.016410 0.006215 0.011802
v -0.016412 0.006236 0.011796
v -0.016416 0.006256 0.011788
v -0.016421 0.006275 0.011779
v -0.016426 0.006293 0.011769
v -0.016432 0.006311 0.011757
v -0.016439 0.006327 0.011744
v -0.016446 0.006342 0.011730
v -0.016454 0.006355 0.011714
v -0.016462 0.006367 0.011698
v -0.016471 0.006377 0.011681
v -0.016480 0.006385 0.011663
v -0.016490 0.006391 0.011644
v -0.016499 0.006396 0.011625
v -0.016509 0.006399 0.011606
v -0.016543 0.006193 0.011868
v -0.016545 0.006215 0.011864
v -0.016548 0.006236 0.011858
v -0.016551 0.006256 0.011850
v -0.016555 0.006275 0.011841
v -0.016559 0.006293 0.011830
v -0.016564 0.006311 0.011817
v -0.016570 0.006327 0.011804
v -0.016576 0.006342 0.011789
v -0.016582 0.006355 0.011773
v -0.016589 0.006367 0.011756
v -0.016596 0.006377 0.011738
v -0.016604 0.006385 0.011719
v -0.016612 0.006391 0.011700
v -0.016620 0.006396 0.011680
v -0.016628 0.006399 0.011660
v -0.016684 0.006193 0.011918
v -0.016686 0.006215 0.011914
v -0.016688 0.006236 0.011908
v -0.016690 0.006256 0.011900
v -0.016693 0.006275 0.011890
v -0.016696 0.006293 0.011879
v -0.016700 0.006311 0.011866
v -0.016705 0.006327 0.011852
v -0.016710 0.006342 0.011837
v -0.016715 0.006355 0.011820
v -0.016720 0.006367 0.011803
v -0.016726 0.006377 0.011784
v -0.016732 0.006385 0.011765
v -0.016738 0.006391 0.011745
v -0.016744 0.006396 0.011725
v -0.016751 0.006399 0.011704
v -0.016829 0.006193 0.011956
v -0.016830 0.006215 0.011952
v -0.016831 0.006236 0.011945
v -0.016833 0.006256 0.011937
v -0.016835 0.006275 0.011927
v -0.016838 0.006293 0.011916
v -0.016841 0.006311 0.011903
v -0.016844 0.006327 0.011888
v -0.016847 0.006342 0.011873
v -0.016851 0.006355 0.011856
v -0.016855 0.006367 0.011838
v -0.016859 0.006377 0.011819
v -0.016863 0.006385 0.011799
v -0.016867 0.006391 0.011779
v -0.016872 0.006396 0.011758
v -0.016877 0.006399 0.011737
v -0.016976 0.006193 0.011982
v -0.016977 0.006215 0.011977
v -0.016978 0.006236 0.011971
v -0.016979 0.006256 0.011962
v -0.016980 0.006275 0.011952
v -0.016982 0.006293 0.011941
v -0.016983 0.006311 0.011928
v -0.016985 0.006327 0.011913
v -0.016987 0.006342 0.011897
v -0.016989 0.006355 0.011880
v -0.016992 0.006367 0.011862
v -0.016994 0.006377 0.011842
v -0.016997 0.006385 0.011822
v -0.016999 0.006391 0.011802
v -0.017002 0.006396 0.011781
v -0.017005 0.006399 0.011759
v -0.017125 0.006172 0.011997
v -0.017125 0.006193 0.011995
v -0.017125 0.006215 0.011990
v -0.017126 0.006236 0.011983
v -0.017126 0.006256 0.011975
v -0.017127 0.006275 0.011965
v -0.017127 0.006293 0.011953
v -0.017128 0.006311 0.011940
v -0.017128 0.006327 0.011925
v -0.017129 0.006342 0.011909
v -0.017130 0.006355 0.011892
v -0.017130 0.006367 0.011874
v -0.017131 0.006377 0.011854
v -0.017132 0.006385 0.011834
v -0.017133 0.006391 0.011813
v -0.017134 0.006396 0.011792
v -0.017135 0.006399 0.011770
v -0.017265 0.006399 0.011770
v -0.017266 0.006396 0.011792
v -0.017267 0.006391 0.011813
v -0.017268 0.006385 0.011834
v -0.017269 0.006377 0.011854
v -0.017270 0.006367 0.011874
v -0.017270 0.006355 0.011892
v -0.017271 0.006342 0.011909
v -0.017272 0.006327 0.011925
v -0.017272 0.006311 0.011940
v -0.017273 0.006293 0.011953
v -0.017273 0.006275 0.011965
v -0.017274 0.006256 0.011975
v -0.017274 0.006236 0.011983
v -0.017275 0.006215 0.011990
v -0.017275 0.006193 0.011995
v -0.017424 0.006193 0.011982
v -0.017423 0.006215 0.011977
v -0.017422 0.006236 0.011971
v -0.017421 0.006256 0.011962
v -0.017420 0.006275 0.011952
v -0.017418 0.006293 0.011941
v -0.017417 0.006311 0.011928
v -0.017415 0.006327 0.011913
v -0.017413 0.006342 0.011897
v -0.017411 0.006355 0.011880
v -0.017408 0.006367 0.011862
v -0.017406 0.006377 0.011842
v -0.017403 0.006385 0.011822
v -0.017401 0.006391 0.011802
v -0.017398 0.006396 0.011781
v -0.017395 0.006399 0.011759
v -0.017571 0.006193 0.011956
v -0.017570 0.006215 0.011952
v -0.017569 0.006236 0.011945
v -0.017567 0.006256 0.011937
v -0.017565 0.006275 0.011927
v -0.017562 0.006293 0.011916
v -0.017559 0.006311 0.011903
v -0.017556 0.006327 0.011888
v -0.017553 0.006342 0.011873
v -0.017549 0.006355 0.011856
v -0.017545 0.006367 0.011838
v -0.017541 0.006377 0.011819
v -0.017537 0.006385 0.011799
v -0.017533 0.006391 0.011779
v -0.017528 0.006396 0.011758
v -0.017523 0.006399 0.011737
v -0.017716 0.006193 0.011918
v -0.017714 0.006215 0.011914
v -0.017712 0.006236 0.011908
v -0.017710 0.006256 0.011900
v -0.017707 0.006275 0.011890
v -0.017704 0.006293 0.011879
v -0.017700 0.006311 0.011866
v -0.017695 0.006327 0.011852
v -0.017690 0.006342 0.011837
v -0.017685 0.006355 0.011820
v -0.017680 0.006367 0.011803
v -0.017674 0.006377 0.011784
v -0.017668 0.006385 0.011765
v -0.017662 0.006391 0.011745
v -0.017656 0.006396 0.011725
v -0.017649 0.006399 0.011704
v -0.017857 0.006193 0.011868
v -0.017855 0.006215 0.011864
v -0.017852 0.006236 0.011858
v -0.017849 0.006256 0.011850
v -0.017845 0.006275 0.011841
v -0.017841 0.006293 0.011830
v -0.017836 0.006311 0.011817
v -0.017830 0.006327 0.011804
v -0.017824 0.006342 0.011789
v -0.017818 0.006355 0.011773
v -0.017811 0.006367 0.011756
v -0.017804 0.006377 0.011738
v -0.017796 0.006385 0.011719
v -0.017788 0.006391 0.011700
v -0.017780 0.006396 0.011680
v -0.017772 0.006399 0.011660
v 0.002510 0.006400 0.011382
v 0.002504 0.006399 0.011399
v 0.002502 0.006399 0.011403
v 0.002496 0.006396 0.011420
v 0.002503 0.006399 0.011400
v 0.002494 0.006396 0.011424
v 0.002488 0.006392 0.011441
v 0.002487 0.006391 0.011444
v 0.002481 0.006386 0.011461
v 0.002487 0.006391 0.011443
v 0.002480 0.006385 0.011464
v 0.002474 0.006378 0.011480
v 0.002473 0.006377 0.011484
v 0.002467 0.006369 0.011499
v 0.002473 0.006377 0.011483
v 0.002466 0.006367 0.011502
v 0.002461 0.006358 0.011517
v 0.002459 0.006355 0.011522
v 0.002454 0.006345 0.011534
v 0.002460 0.006356 0.011520
v 0.002454 0.006344 0.011536
v 0.002449 0.006332 0.011550
v 0.002447 0.006327 0.011555
v 0.002444 0.006317 0.011565
v 0.002448 0.006331 0.011551
v 0.002442 0.006312 0.011569
v 0.002439 0.006300 0.011578
v 0.002444 0.006316 0.011565
v 0.002437 0.006293 0.011583
v 0.002435 0.006283 0.011590
v 0.002438 0.006297 0.011581
v 0.002434 0.006280 0.011591
v 0.002431 0.006265 0.011600
v 0.002430 0.006256 0.011605
v 0.002431 0.006264 0.011601
v 0.002694 0.006150 0.011804
v 0.002706 0.006150 0.011809
v 0.002706 0.006172 0.011808
v 0.002832 0.006150 0.011868
v 0.002842 0.006150 0.011872
v 0.002842 0.006172 0.011871
v 0.002975 0.006150 0.011920
v 0.002983 0.006150 0.011922
v 0.002983 0.006172 0.011921
v 0.003122 0.006150 0.011959
v 0.003128 0.006150 0.011960
v 0.003128 0.006172 0.011959
v 0.003272 0.006150 0.011985
v 0.003276 0.006150 0.011986
v 0.003276 0.006172 0.011985
v 0.003424 0.006150 0.011998
v 0.003425 0.006150 0.011998
v 0.003425 0.006172 0.011997
v 0.003576 0.006150 0.011998
v 0.003724 0.006150 0.011986
v 0.003724 0.006172 0.011985
v 0.003728 0.006150 0.011985
v 0.003872 0.006150 0.011960
v 0.003872 0.006172 0.011959
v 0.003878 0.006150 0.011959
v 0.004017 0.006150 0.011922
v 0.004017 0.006172 0.011921
v 0.004025 0.006150 0.011920
v 0.004158 0.006150 0.011872
v 0.004158 0.006172 0.011871
v 0.004168 0.006150 0.011868
v 0.004294 0.006150 0.011809
v 0.004294 0.006172 0.011808
v 0.004306 0.006150 0.011804
v 0.004425 0.006150 0.011736
v 0.004424 0.006172 0.011735
v 0.004438 0.006150 0.011728
v 0.004549 0.006150 0.011651
v 0.004548 0.006172 0.011650
v 0.002451 0.006150 0.011651
v 0.004569 0.006265 0.011600
v 0.004566 0.006280 0.011591
v 0.004528 0.006275 0.011624
v 0.004561 0.006300 0.011578
v 0.004558 0.006312 0.011569
v 0.004514 0.006311 0.011604
v 0.004551 0.006332 0.011550
v 0.004546 0.006344 0.011536
v 0.004495 0.006342 0.011580
v 0.004539 0.006358 0.011517
v 0.004534 0.006367 0.011502
v 0.004474 0.006367 0.011551
v 0.004498 0.006399 0.011403
v 0.004497 0.006399 0.011400
v 0.004412 0.006399 0.011468
v 0.004490 0.006400 0.011382
v 0.004496 0.006399 0.011399
v 0.004438 0.006391 0.011503
v 0.004513 0.006391 0.011444
v 0.004425 0.006396 0.011486
v 0.004512 0.006392 0.011441
v 0.004506 0.006396 0.011424
v 0.004505 0.006396 0.011422
v 0.004504 0.006396 0.011420
v 0.004526 0.006378 0.011480
v 0.004520 0.006385 0.011464
v 0.004450 0.006385 0.011519
v 0.004520 0.006385 0.011464
v 0.004519 0.006386 0.011461
v 0.004462 0.006377 0.011536
v 0.004533 0.006369 0.011499
v 0.004527 0.006377 0.011484
v 0.004527 0.006377 0.011483
v 0.004485 0.006355 0.011566
v 0.004546 0.006345 0.011534
v 0.004541 0.006355 0.011522
v 0.004540 0.006356 0.011520
v 0.004505 0.006327 0.011592
v 0.004556 0.006316 0.011565
v 0.004553 0.006327 0.011555
v 0.004552 0.006331 0.011551
v 0.004521 0.006293 0.011615
v 0.004565 0.006283 0.011590
v 0.004563 0.006293 0.011583
v 0.004562 0.006297 0.011581
v 0.004540 0.006236 0.011639
v 0.004535 0.006256 0.011632
v 0.004570 0.006256 0.011605
v 0.004569 0.006264 0.011601
v 0.004543 0.006215 0.011644
v 0.004546 0.006193 0.011648
v 0.002454 0.006193 0.011648
v 0.002457 0.006215 0.011644
v 0.002460 0.006236 0.011639
v 0.002465 0.006256 0.011632
v 0.002472 0.006275 0.011624
v 0.002479 0.006293 0.011615
v 0.002486 0.006311 0.011604
v 0.002495 0.006327 0.011592
v 0.002505 0.006342 0.011580
v 0.002515 0.006355 0.011566
v 0.002526 0.006367 0.011551
v 0.002538 0.006377 0.011536
v 0.002550 0.006385 0.011519
v 0.002562 0.006391 0.011503
v 0.002575 0.006396 0.011486
v 0.002588 0.006399 0.011468
v 0.002696 0.006399 0.011542
v 0.002684 0.006396 0.011560
v 0.002673 0.006391 0.011578
v 0.002662 0.006385 0.011596
v 0.002651 0.006377 0.011613
v 0.002641 0.006367 0.011630
v 0.002631 0.006355 0.011645
v 0.002622 0.006342 0.011660
v 0.002614 0.006327 0.011673
v 0.002606 0.006311 0.011686
v 0.002599 0.006293 0.011697
v 0.002593 0.006275 0.011707
v 0.002588 0.006256 0.011716
v 0.002583 0.006236 0.011723
v 0.002580 0.006215 0.011728
v 0.002577 0.006193 0.011732
v 0.002809 0.006399 0.011606
v 0.002799 0.006396 0.011625
v 0.002790 0.006391 0.011644
v 0.002780 0.006385 0.011663
v 0.002771 0.006377 0.011681
v 0.002762 0.006367 0.011698
v 0.002754 0.006355 0.011714
v 0.002746 0.006342 0.011730
v 0.002739 0.006327 0.011744
v 0.002732 0.006311 0.011757
v 0.002726 0.006293 0.011769
v 0.002721 0.006275 0.011779
v 0.002716 0.006256 0.011788
v 0.002712 0.006236 0.011796
v 0.002710 0.006215 0.011802
v 0.002707 0.006193 0.011806
v 0.002576 0.006172 0.011735
v 0.002452 0.006172 0.011650
v 0.004423 0.006193 0.011732
v 0.004420 0.006215 0.011728
v 0.004417 0.006236 0.011723
v 0.004412 0.006256 0.011716
v 0.004407 0.006275 0.011707
v 0.004401 0.006293 0.011697
v 0.004394 0.006311 0.011686
v 0.004386 0.006327 0.011673
v 0.004378 0.006342 0.011660
v 0.004369 0.006355 0.011645
v 0.004359 0.006367 0.011630
v 0.004349 0.006377 0.011613
v 0.004338 0.006385 0.011596
v 0.004327 0.006391 0.011578
v 0.004316 0.006396 0.011560
v 0.004304 0.006399 0.011542
v 0.004293 0.006193 0.011806
v 0.004290 0.006215 0.011802
v 0.004288 0.006236 0.011796
v 0.004284 0.006256 0.011788
v 0.004279 0.006275 0.011779
v 0.004274 0.006293 0.011769
v 0.004268 0.006311 0.011757
v 0.004261 0.006327 0.011744
v 0.004254 0.006342 0.011730
v 0.004246 0.006355 0.011714
v 0.004238 0.006367 0.011698
v 0.004229 0.006377 0.011681
v 0.004220 0.006385 0.011663
v 0.004210 0.006391 0.011644
v 0.004201 0.006396 0.011625
v 0.004191 0.006399 0.011606
v 0.004157 0.006193 0.011868
v 0.004155 0.006215 0.011864
v 0.004152 0.006236 0.011858
v 0.004149 0.006256 0.011850
v 0.004145 0.006275 0.011841
v 0.004141 0.006293 0.011830
v 0.004136 0.006311 0.011817
v 0.004130 0.006327 0.011804
v 0.004124 0.006342 0.011789
v 0.004118 0.006355 0.011773
v 0.004111 0.006367 0.011756
v 0.004104 0.006377 0.011738
v 0.004096 0.006385 0.011719
v 0.004088 0.006391 0.011700
v 0.004080 0.006396 0.011680
v 0.004072 0.006399 0.011660
v 0.004016 0.006193 0.011918
v 0.004014 0.006215 0.011914
v 0.004012 0.006236 0.011908
v 0.004010 0.006256 0.011900
v 0.004007 0.006275 0.011890
v 0.004004 0.006293 0.011879
v 0.004000 0.006311 0.011866
v 0.003995 0.006327 0.011852
v 0.003990 0.006342 0.011837
v 0.003985 0.006355 0.011820
v 0.003980 0.006367 0.011803
v 0.003974 0.006377 0.011784
v 0.003968 0.006385 0.011765
v 0.003962 0.006391 0.011745
v 0.003956 0.006396 0.011725
v 0.003949 0.006399 0.011704
v 0.003871 0.006193 0.011956
v 0.003870 0.006215 0.011952
v 0.003869 0.006236 0.011945
v 0.003867 0.006256 0.011937
v 0.003865 0.006275 0.011927
v 0.003862 0.006293 0.011916
v 0.003859 0.006311 0.011903
v 0.003856 0.006327 0.011888
v 0.003853 0.006342 0.011873
v 0.003849 0.006355 0.011856
v 0.003845 0.006367 0.011838
v 0.003841 0.006377 0.011819
v 0.003837 0.006385 0.011799
v 0.003833 0.006391 0.011779
v 0.003828 0.006396 0.011758
v 0.003823 0.006399 0.011737
v 0.003724 0.006193 0.011982
v 0.003723 0.006215 0.011977
v 0.003722 0.006236 0.011971
v 0.003721 0.006256 0.011962
v 0.003720 0.006275 0.011952
v 0.003718 0.006293 0.011941
v 0.003717 0.006311 0.011928
v 0.003715 0.006327 0.011913
v 0.003713 0.006342 0.011897
v 0.003711 0.006355 0.011880
v 0.003708 0.006367 0.011862
v 0.003706 0.006377 0.011842
v 0.003703 0.006385 0.011822
v 0.003701 0.006391 0.011802
v 0.003698 0.006396 0.011781
v 0.003695 0.006399 0.011759
v 0.003575 0.006150 0.011998
v 0.003575 0.006172 0.011997
v 0.003575 0.006193 0.011995
v 0.003575 0.006215 0.011990
v 0.003574 0.006236 0.011983
v 0.003574 0.006256 0.011975
v 0.003573 0.006275 0.011965
v 0.003573 0.006293 0.011953
v 0.003572 0.006311 0.011940
v 0.003572 0.006327 0.011925
v 0.003571 0.006342 0.011909
v 0.003570 0.006355 0.011892
v 0.003570 0.006367 0.011874
v 0.003569 0.006377 0.011854
v 0.003568 0.006385 0.011834
v 0.003567 0.006391 0.011813
v 0.003566 0.006396 0.011792
v 0.003565 0.006399 0.011770
v 0.003435 0.006399 0.011770
v 0.003434 0.006396 0.011792
v 0.003433 0.006391 0.011813
v 0.003432 0.006385 0.011834
v 0.003431 0.006377 0.011854
v 0.003430 0.006367 0.011874
v 0.003430 0.006355 0.011892
v 0.003429 0.006342 0.011909
v 0.003428 0.006327 0.011925
v 0.003428 0.006311 0.011940
v 0.003427 0.006293 0.011953
v 0.003427 0.006275 0.011965
v 0.003426 0.006256 0.011975
v 0.003426 0.006236 0.011983
v 0.003425 0.006215 0.011990
v 0.003425 0.006193 0.011995
v 0.003276 0.006193 0.011982
v 0.003277 0.006215 0.011977
v 0.003278 0.006236 0.011971
v 0.003279 0.006256 0.011962
v 0.003280 0.006275 0.011952
v 0.003282 0.006293 0.011941
v 0.003283 0.006311 0.011928
v 0.003285 0.006327 0.011913
v 0.003287 0.006342 0.011897
v 0.003289 0.006355 0.011880
v 0.003292 0.006367 0.011862
v 0.003294 0.006377 0.011842
v 0.003297 0.006385 0.011822
v 0.003299 0.006391 0.011802
v 0.003302 0.006396 0.011781
v 0.003305 0.006399 0.011759
v 0.003129 0.006193 0.011956
v 0.003130 0.006215 0.011952
v 0.003131 0.006236 0.011945
v 0.003133 0.006256 0.011937
v 0.003135 0.006275 0.011927
v 0.003138 0.006293 0.011916
v 0.003141 0.006311 0.011903
v 0.003144 0.006327 0.011888
v 0.003147 0.006342 0.011873
v 0.003151 0.006355 0.011856
v 0.003155 0.006367 0.011838
v 0.003159 0.006377 0.011819
v 0.003163 0.006385 0.011799
v 0.003167 0.006391 0.011779
v 0.003172 0.006396 0.011758
v 0.003177 0.006399 0.011737
v 0.002984 0.006193 0.011918
v 0.002986 0.006215 0.011914
v 0.002988 0.006236 0.011908
v 0.002990 0.006256 0.011900
v 0.002993 0.006275 0.011890
v 0.002996 0.006293 0.011879
v 0.003000 0.006311 0.011866
v 0.003005 0.006327 0.011852
v 0.003010 0.006342 0.011837
v 0.003015 0.006355 0.011820
v 0.003020 0.006367 0.011803
v 0.003026 0.006377 0.011784
v 0.003032 0.006385 0.011765
v 0.003038 0.006391 0.011745
v 0.003044 0.006396 0.011725
v 0.003051 0.006399 0.011704
v 0.002843 0.006193 0.011868
v 0.002845 0.006215 0.011864
v 0.002848 0.006236 0.011858
v 0.002851 0.006256 0.011850
v 0.002855 0.006275 0.011841
v 0.002859 0.006293 0.011830
v 0.002864 0.006311 0.011817
v 0.002870 0.006327 0.011804
v 0.002876 0.006342 0.011789
v 0.002882 0.006355 0.011773
v 0.002889 0.006367 0.011756
v 0.002896 0.006377 0.011738
v 0.002904 0.006385 0.011719
v 0.002912 0.006391 0.011700
v 0.002920 0.006396 0.011680
v 0.002928 0.006399 0.011660
v 0.002575 0.006150 0.011736
v 0.002562 0.006150 0.011728
v 0.005100 0.006265 0.011600
v 0.005100 0.006249 0.011608
v 0.005100 0.006300 0.011578
v 0.005100 0.006285 0.011588
v 0.005100 0.006283 0.011590
v 0.005100 0.006268 0.011599
v 0.005100 0.006317 0.011565
v 0.005100 0.006302 0.011576
v 0.005100 0.006332 0.011550
v 0.005100 0.006318 0.011563
v 0.005100 0.006358 0.011517
v 0.005100 0.006333 0.011548
v 0.005100 0.006345 0.011534
v 0.005100 0.006347 0.011533
v 0.005100 0.006369 0.011499
v 0.005100 0.006359 0.011516
v 0.005100 0.006378 0.011480
v 0.005100 0.006370 0.011498
v 0.005100 0.006386 0.011461
v 0.005100 0.006379 0.011479
v 0.005100 0.006392 0.011440
v 0.005100 0.006386 0.011460
v 0.005100 0.006397 0.011420
v 0.005100 0.006399 0.011399
v 0.005346 0.006193 0.011378
v 0.005343 0.006209 0.011378
v 0.005342 0.006209 0.011399
v 0.005341 0.006215 0.011378
v 0.005337 0.006229 0.011378
v 0.005336 0.006229 0.011399
v 0.005335 0.006236 0.011378
v 0.005330 0.006249 0.011378
v 0.005329 0.006249 0.011398
v 0.005327 0.006256 0.011378
v 0.005321 0.006268 0.011378
v 0.005320 0.006268 0.011397
v 0.005317 0.006275 0.011378
v 0.005310 0.006285 0.011378
v 0.005309 0.006285 0.011397
v 0.005305 0.006293 0.011378
v 0.005298 0.006302 0.011378
v 0.005297 0.006302 0.011395
v 0.005110 0.006370 0.011497
v 0.005109 0.006379 0.011479
v 0.005132 0.006397 0.011405
v 0.005116 0.006399 0.011392
v 0.005115 0.006399 0.011393
v 0.005117 0.006399 0.011390
v 0.005327 0.006190 0.011476
v 0.005335 0.006183 0.011457
v 0.005332 0.006189 0.011463
v 0.005340 0.006177 0.011443
v 0.005261 0.006223 0.011555
v 0.005277 0.006218 0.011542
v 0.005268 0.006229 0.011546
v 0.005285 0.006214 0.011533
v 0.005253 0.006226 0.011561
v 0.005252 0.006229 0.011560
v 0.005243 0.006228 0.011567
v 0.005239 0.006229 0.011570
v 0.005199 0.006238 0.011590
v 0.005206 0.006237 0.011588
v 0.005215 0.006249 0.011577
v 0.005197 0.006249 0.011586
v 0.005179 0.006249 0.011594
v 0.005186 0.006240 0.011595
v 0.005165 0.006242 0.011601
v 0.005159 0.006249 0.011600
v 0.005160 0.006243 0.011602
v 0.005140 0.006249 0.011604
v 0.005143 0.006244 0.011606
v 0.005122 0.006245 0.011608
v 0.005120 0.006249 0.011607
v 0.005120 0.006245 0.011608
v 0.005141 0.006397 0.011382
v 0.005141 0.006397 0.011378
v 0.005121 0.006399 0.011380
v 0.005122 0.006399 0.011378
v 0.005121 0.006399 0.011378
v 0.005134 0.006397 0.011402
v 0.005151 0.006392 0.011414
v 0.005118 0.006399 0.011389
v 0.005136 0.006397 0.011399
v 0.005153 0.006392 0.011409
v 0.005171 0.006386 0.011419
v 0.005119 0.006399 0.011387
v 0.005161 0.006392 0.011384
v 0.005181 0.006386 0.011385
v 0.005182 0.006386 0.011378
v 0.005165 0.006391 0.011378
v 0.005162 0.006392 0.011378
v 0.005143 0.006396 0.011378
v 0.005138 0.006397 0.011396
v 0.005156 0.006392 0.011404
v 0.005174 0.006386 0.011413
v 0.005192 0.006379 0.011421
v 0.005120 0.006399 0.011385
v 0.005107 0.006386 0.011460
v 0.005139 0.006397 0.011392
v 0.005158 0.006392 0.011399
v 0.005177 0.006386 0.011406
v 0.005195 0.006379 0.011413
v 0.005212 0.006370 0.011419
v 0.005120 0.006399 0.011384
v 0.005201 0.006379 0.011387
v 0.005219 0.006370 0.011389
v 0.005220 0.006370 0.011378
v 0.005206 0.006377 0.011378
v 0.005201 0.006379 0.011378
v 0.005186 0.006385 0.011378
v 0.005140 0.006397 0.011389
v 0.005160 0.006392 0.011394
v 0.005179 0.006386 0.011399
v 0.005198 0.006379 0.011404
v 0.005216 0.006370 0.011409
v 0.005233 0.006359 0.011414
v 0.005120 0.006399 0.011382
v 0.005141 0.006397 0.011385
v 0.005161 0.006392 0.011389
v 0.005180 0.006386 0.011392
v 0.005199 0.006379 0.011396
v 0.005218 0.006370 0.011399
v 0.005235 0.006359 0.011402
v 0.005252 0.006347 0.011405
v 0.005237 0.006359 0.011390
v 0.005254 0.006347 0.011392
v 0.005254 0.006347 0.011378
v 0.005243 0.006355 0.011378
v 0.005237 0.006359 0.011378
v 0.005225 0.006367 0.011378
v 0.005269 0.006333 0.011393
v 0.005112 0.006359 0.011515
v 0.005113 0.006347 0.011532
v 0.005115 0.006333 0.011548
v 0.005292 0.006311 0.011378
v 0.005285 0.006318 0.011378
v 0.005284 0.006318 0.011394
v 0.005268 0.006333 0.011408
v 0.005249 0.006347 0.011418
v 0.005229 0.006359 0.011425
v 0.005208 0.006370 0.011429
v 0.005187 0.006379 0.011429
v 0.005167 0.006386 0.011425
v 0.005147 0.006392 0.011418
v 0.005129 0.006397 0.011407
v 0.005113 0.006399 0.011394
v 0.005277 0.006327 0.011378
v 0.005270 0.006333 0.011378
v 0.005261 0.006342 0.011378
v 0.005116 0.006318 0.011562
v 0.005282 0.006318 0.011410
v 0.005264 0.006333 0.011422
v 0.005245 0.006347 0.011431
v 0.005225 0.006359 0.011436
v 0.005204 0.006370 0.011438
v 0.005183 0.006379 0.011436
v 0.005163 0.006386 0.011431
v 0.005144 0.006392 0.011422
v 0.005127 0.006397 0.011410
v 0.005112 0.006399 0.011395
v 0.005117 0.006302 0.011576
v 0.005295 0.006302 0.011413
v 0.005278 0.006318 0.011426
v 0.005260 0.006333 0.011436
v 0.005240 0.006347 0.011443
v 0.005219 0.006359 0.011447
v 0.005198 0.006370 0.011447
v 0.005177 0.006379 0.011443
v 0.005158 0.006386 0.011436
v 0.005140 0.006392 0.011425
v 0.005124 0.006397 0.011412
v 0.005110 0.006399 0.011396
v 0.005118 0.006285 0.011587
v 0.005307 0.006285 0.011415
v 0.005291 0.006302 0.011429
v 0.005274 0.006318 0.011441
v 0.005254 0.006333 0.011450
v 0.005234 0.006347 0.011455
v 0.005213 0.006359 0.011457
v 0.005192 0.006370 0.011455
v 0.005171 0.006379 0.011450
v 0.005152 0.006386 0.011441
v 0.005135 0.006392 0.011429
v 0.005121 0.006397 0.011414
v 0.005109 0.006399 0.011397
v 0.005205 0.006285 0.011560
v 0.005210 0.006268 0.011569
v 0.005227 0.006268 0.011559
v 0.005193 0.006268 0.011578
v 0.005189 0.006285 0.011569
v 0.005184 0.006302 0.011558
v 0.005175 0.006268 0.011586
v 0.005172 0.006285 0.011576
v 0.005168 0.006302 0.011564
v 0.005163 0.006318 0.011552
v 0.005157 0.006268 0.011591
v 0.005154 0.006285 0.011581
v 0.005151 0.006302 0.011570
v 0.005148 0.006318 0.011557
v 0.005144 0.006333 0.011543
v 0.005138 0.006268 0.011595
v 0.005136 0.006285 0.011585
v 0.005134 0.006302 0.011573
v 0.005132 0.006318 0.011560
v 0.005130 0.006333 0.011546
v 0.005127 0.006347 0.011530
v 0.005119 0.006268 0.011598
v 0.005317 0.006268 0.011417
v 0.005303 0.006285 0.011433
v 0.005286 0.006302 0.011446
v 0.005267 0.006318 0.011456
v 0.005247 0.006333 0.011463
v 0.005226 0.006347 0.011467
v 0.005205 0.006359 0.011467
v 0.005185 0.006370 0.011463
v 0.005165 0.006379 0.011456
v 0.005147 0.006386 0.011445
v 0.005131 0.006392 0.011432
v 0.005117 0.006397 0.011416
v 0.005107 0.006399 0.011398
v 0.005248 0.006249 0.011554
v 0.005232 0.006249 0.011566
v 0.005326 0.006249 0.011418
v 0.005313 0.006268 0.011435
v 0.005297 0.006285 0.011450
v 0.005280 0.006302 0.011462
v 0.005260 0.006318 0.011471
v 0.005239 0.006333 0.011476
v 0.005218 0.006347 0.011477
v 0.005197 0.006359 0.011475
v 0.005177 0.006370 0.011470
v 0.005158 0.006379 0.011461
v 0.005141 0.006386 0.011449
v 0.005126 0.006392 0.011434
v 0.005114 0.006397 0.011417
v 0.005105 0.006399 0.011398
v 0.005105 0.006392 0.011440
v 0.005114 0.006386 0.011459
v 0.005118 0.006379 0.011478
v 0.005126 0.006379 0.011476
v 0.005131 0.006370 0.011494
v 0.005141 0.006370 0.011491
v 0.005147 0.006359 0.011507
v 0.005158 0.006359 0.011503
v 0.005165 0.006347 0.011518
v 0.005177 0.006347 0.011512
v 0.005185 0.006333 0.011526
v 0.005198 0.006333 0.011518
v 0.005206 0.006318 0.011530
v 0.005219 0.006318 0.011520
v 0.005227 0.006302 0.011530
v 0.005240 0.006302 0.011518
v 0.005249 0.006285 0.011527
v 0.005261 0.006285 0.011513
v 0.005269 0.006268 0.011520
v 0.005281 0.006268 0.011505
v 0.005288 0.006249 0.011510
v 0.005299 0.006249 0.011493
v 0.005305 0.006229 0.011497
v 0.005315 0.006229 0.011478
v 0.005121 0.006370 0.011496
v 0.005124 0.006359 0.011514
v 0.005136 0.006359 0.011511
v 0.005140 0.006347 0.011527
v 0.005153 0.006347 0.011523
v 0.005158 0.006333 0.011538
v 0.005172 0.006333 0.011532
v 0.005178 0.006318 0.011546
v 0.005192 0.006318 0.011538
v 0.005199 0.006302 0.011550
v 0.005214 0.006302 0.011540
v 0.005221 0.006285 0.011550
v 0.005235 0.006285 0.011539
v 0.005242 0.006268 0.011547
v 0.005256 0.006268 0.011534
v 0.005262 0.006249 0.011541
v 0.005276 0.006249 0.011526
v 0.005282 0.006229 0.011531
v 0.005294 0.006229 0.011514
v 0.005292 0.006211 0.011527
v 0.005300 0.006212 0.011514
v 0.005305 0.006205 0.011511
v 0.005312 0.006201 0.011501
v 0.005225 0.006233 0.011578
v 0.005236 0.006230 0.011572
v 0.005333 0.006229 0.011419
v 0.005322 0.006249 0.011438
v 0.005307 0.006268 0.011454
v 0.005290 0.006285 0.011467
v 0.005272 0.006302 0.011477
v 0.005251 0.006318 0.011484
v 0.005230 0.006333 0.011488
v 0.005209 0.006347 0.011487
v 0.005188 0.006359 0.011483
v 0.005169 0.006370 0.011476
v 0.005150 0.006379 0.011466
v 0.005135 0.006386 0.011452
v 0.005121 0.006392 0.011436
v 0.005111 0.006397 0.011418
v 0.005104 0.006399 0.011399
v 0.005320 0.006209 0.011481
v 0.005328 0.006209 0.011461
v 0.005310 0.006209 0.011500
v 0.005317 0.006198 0.011494
v 0.005347 0.006189 0.011378
v 0.005346 0.006189 0.011400
v 0.005339 0.006209 0.011420
v 0.005329 0.006229 0.011440
v 0.005316 0.006249 0.011457
v 0.005300 0.006268 0.011471
v 0.005282 0.006285 0.011483
v 0.005262 0.006302 0.011492
v 0.005242 0.006318 0.011497
v 0.005220 0.006333 0.011499
v 0.005199 0.006347 0.011496
v 0.005179 0.006359 0.011491
v 0.005160 0.006370 0.011482
v 0.005143 0.006379 0.011470
v 0.005128 0.006386 0.011455
v 0.005116 0.006392 0.011438
v 0.005107 0.006397 0.011419
v 0.005102 0.006399 0.011399
v 0.005104 0.006397 0.011419
v 0.005111 0.006392 0.011439
v 0.005121 0.006386 0.011457
v 0.005135 0.006379 0.011473
v 0.005151 0.006370 0.011487
v 0.005169 0.006359 0.011497
v 0.005189 0.006347 0.011505
v 0.005209 0.006333 0.011509
v 0.005231 0.006318 0.011509
v 0.005252 0.006302 0.011506
v 0.005272 0.006285 0.011499
v 0.005291 0.006268 0.011489
v 0.005308 0.006249 0.011475
v 0.005323 0.006229 0.011459
v 0.005335 0.006209 0.011441
v 0.005339 0.006189 0.011442
v 0.005343 0.006189 0.011421
v 0.005341 0.006175 0.011438
v 0.005346 0.006170 0.011419
v 0.005346 0.006167 0.011418
v 0.005349 0.006159 0.011400
v 0.005323 0.006193 0.011482
v 0.005349 0.006172 0.011378
v 0.005348 0.006168 0.011400
v 0.005349 0.006168 0.011378
v 0.005349 0.006158 0.011398
v 0.005350 0.006150 0.011378
v 0.005346 0.004900 0.011943
v 0.005350 0.004900 0.011896
v 0.005349 0.004900 0.011919
v 0.005335 0.004900 0.011988
v 0.005341 0.004900 0.011966
v 0.005327 0.004900 0.012010
v 0.005317 0.004900 0.012031
v 0.005305 0.004900 0.012051
v 0.005292 0.004900 0.012070
v 0.005277 0.004900 0.012087
v 0.005269 0.004900 0.012095
v 0.005261 0.004900 0.012103
v 0.005252 0.004900 0.012110
v 0.005243 0.004900 0.012117
v 0.005234 0.004900 0.012124
v 0.005225 0.004900 0.012130
v 0.005215 0.004900 0.012136
v 0.005175 0.004900 0.012154
v 0.005186 0.004900 0.012150
v 0.005196 0.004900 0.012146
v 0.005206 0.004900 0.012141
v 0.005133 0.004900 0.012164
v 0.005143 0.004900 0.012162
v 0.005154 0.004900 0.012160
v 0.005165 0.004900 0.012157
v 0.005112 0.004900 0.012166
v 0.005122 0.004900 0.012165
v 0.005350 0.004900 0.010000
v 0.005350 0.006150 0.010000
v 0.005341 0.006215 0.010000
v 0.005349 0.006172 0.010000
v 0.005346 0.006193 0.010000
v 0.005335 0.006236 0.010000
v 0.005327 0.006256 0.010000
v 0.005317 0.006275 0.010000
v 0.005305 0.006293 0.010000
v 0.005292 0.006311 0.010000
v 0.005277 0.006327 0.010000
v 0.005261 0.006342 0.010000
v 0.005243 0.006355 0.010000
v 0.005225 0.006367 0.010000
v 0.005206 0.006377 0.010000
v 0.005186 0.006385 0.010000
v 0.005165 0.006391 0.010000
v 0.005143 0.006396 0.010000
v 0.005122 0.006399 0.010000
v 0.007250 0.006400 0.007852
v 0.005130 0.006399 0.009815
v 0.007250 0.006399 0.007874
v 0.007250 0.006399 0.007872
v 0.007065 0.006399 0.007880
v 0.005151 0.006396 0.009816
v 0.007250 0.006396 0.007895
v 0.007250 0.006396 0.007893
v 0.007066 0.006396 0.007901
v 0.005173 0.006391 0.009818
v 0.007250 0.006391 0.007916
v 0.007250 0.006391 0.007915
v 0.007068 0.006391 0.007923
v 0.005193 0.006385 0.009820
v 0.007250 0.006385 0.007937
v 0.007250 0.006385 0.007936
v 0.007070 0.006385 0.007943
v 0.005213 0.006377 0.009822
v 0.007250 0.006376 0.007956
v 0.007250 0.006377 0.007956
v 0.007072 0.006377 0.007963
v 0.005233 0.006367 0.009824
v 0.007250 0.006366 0.007976
v 0.007250 0.006367 0.007975
v 0.007074 0.006367 0.007983
v 0.005251 0.006355 0.009825
v 0.007250 0.006355 0.007994
v 0.007250 0.006355 0.007993
v 0.007075 0.006355 0.008001
v 0.005268 0.006342 0.009827
v 0.005284 0.006327 0.009828
v 0.005299 0.006311 0.009829
v 0.007250 0.006294 0.008055
v 0.007250 0.006311 0.008042
v 0.007079 0.006311 0.008049
v 0.005312 0.006293 0.009830
v 0.007250 0.006276 0.008066
v 0.007250 0.006293 0.008055
v 0.007080 0.006293 0.008062
v 0.005324 0.006275 0.009831
v 0.005334 0.006256 0.009832
v 0.005342 0.006236 0.009833
v 0.005353 0.006193 0.009834
v 0.005357 0.006150 0.009834
v 0.005356 0.006172 0.009834
v 0.005379 0.006150 0.009670
v 0.005378 0.006172 0.009670
v 0.005415 0.006150 0.009508
v 0.005414 0.006172 0.009508
v 0.005465 0.006150 0.009350
v 0.005464 0.006172 0.009350
v 0.005528 0.006150 0.009197
v 0.005527 0.006172 0.009197
v 0.005605 0.006150 0.009050
v 0.005604 0.006172 0.009050
v 0.005694 0.006150 0.008910
v 0.005693 0.006172 0.008910
v 0.005795 0.006150 0.008779
v 0.005794 0.006172 0.008778
v 0.005906 0.006150 0.008656
v 0.005906 0.006172 0.008656
v 0.006029 0.006150 0.008545
v 0.006028 0.006172 0.008544
v 0.006160 0.006150 0.008444
v 0.006160 0.006172 0.008443
v 0.006300 0.006150 0.008355
v 0.006300 0.006172 0.008354
v 0.006447 0.006150 0.008278
v 0.006447 0.006172 0.008277
v 0.006600 0.006150 0.008215
v 0.006600 0.006172 0.008214
v 0.006758 0.006150 0.008165
v 0.006758 0.006172 0.008164
v 0.006920 0.006150 0.008129
v 0.006920 0.006172 0.008128
v 0.007084 0.006150 0.008107
v 0.007084 0.006172 0.008106
v 0.007250 0.006150 0.008100
v 0.007250 0.006172 0.008099
v 0.007250 0.006174 0.008099
v 0.007084 0.006193 0.008103
v 0.006919 0.006193 0.008125
v 0.006757 0.006193 0.008161
v 0.006599 0.006193 0.008211
v 0.006445 0.006193 0.008275
v 0.006298 0.006193 0.008351
v 0.006158 0.006193 0.008441
v 0.006026 0.006193 0.008542
v 0.005904 0.006193 0.008654
v 0.005792 0.006193 0.008776
v 0.005691 0.006193 0.008908
v 0.005601 0.006193 0.009048
v 0.005525 0.006193 0.009195
v 0.005461 0.006193 0.009349
v 0.005411 0.006193 0.009507
v 0.005375 0.006193 0.009669
v 0.005349 0.006215 0.009834
v 0.005370 0.006215 0.009669
v 0.005407 0.006215 0.009506
v 0.005457 0.006215 0.009347
v 0.005520 0.006215 0.009193
v 0.005597 0.006215 0.009046
v 0.005687 0.006215 0.008905
v 0.005788 0.006215 0.008773
v 0.005900 0.006215 0.008650
v 0.006023 0.006215 0.008538
v 0.006155 0.006215 0.008437
v 0.006296 0.006215 0.008347
v 0.006443 0.006215 0.008270
v 0.006597 0.006215 0.008207
v 0.006756 0.006215 0.008157
v 0.006919 0.006215 0.008120
v 0.007084 0.006215 0.008099
v 0.007250 0.006193 0.008096
v 0.007250 0.006195 0.008096
v 0.007250 0.006215 0.008091
v 0.007250 0.006216 0.008091
v 0.007083 0.006236 0.008092
v 0.006917 0.006236 0.008114
v 0.006754 0.006236 0.008150
v 0.006595 0.006236 0.008200
v 0.006441 0.006236 0.008264
v 0.006292 0.006236 0.008341
v 0.006152 0.006236 0.008431
v 0.006019 0.006236 0.008533
v 0.005896 0.006236 0.008646
v 0.005783 0.006236 0.008769
v 0.005681 0.006236 0.008902
v 0.005591 0.006236 0.009042
v 0.005514 0.006236 0.009191
v 0.005450 0.006236 0.009345
v 0.005400 0.006236 0.009504
v 0.005364 0.006236 0.009667
v 0.005356 0.006256 0.009666
v 0.005392 0.006256 0.009502
v 0.005443 0.006256 0.009342
v 0.005507 0.006256 0.009187
v 0.005584 0.006256 0.009038
v 0.005674 0.006256 0.008897
v 0.005777 0.006256 0.008764
v 0.005890 0.006256 0.008640
v 0.006014 0.006256 0.008527
v 0.006147 0.006256 0.008424
v 0.006288 0.006256 0.008334
v 0.006437 0.006256 0.008257
v 0.006592 0.006256 0.008193
v 0.006752 0.006256 0.008142
v 0.006916 0.006256 0.008106
v 0.007082 0.006256 0.008084
v 0.007250 0.006236 0.008085
v 0.007250 0.006237 0.008085
v 0.007250 0.006256 0.008077
v 0.007250 0.006256 0.008076
v 0.005346 0.006275 0.009664
v 0.005382 0.006275 0.009500
v 0.005433 0.006275 0.009339
v 0.005498 0.006275 0.009183
v 0.005576 0.006275 0.009033
v 0.005666 0.006275 0.008891
v 0.005769 0.006275 0.008757
v 0.005883 0.006275 0.008633
v 0.006007 0.006275 0.008519
v 0.006141 0.006275 0.008416
v 0.006283 0.006275 0.008326
v 0.006433 0.006275 0.008248
v 0.006589 0.006275 0.008183
v 0.006750 0.006275 0.008132
v 0.006914 0.006275 0.008096
v 0.007081 0.006275 0.008074
v 0.007250 0.006275 0.008067
v 0.005334 0.006293 0.009662
v 0.005371 0.006293 0.009497
v 0.005422 0.006293 0.009335
v 0.005487 0.006293 0.009178
v 0.005565 0.006293 0.009027
v 0.005657 0.006293 0.008884
v 0.005760 0.006293 0.008750
v 0.005875 0.006293 0.008625
v 0.006000 0.006293 0.008510
v 0.006134 0.006293 0.008407
v 0.006277 0.006293 0.008315
v 0.006428 0.006293 0.008237
v 0.006585 0.006293 0.008172
v 0.006747 0.006293 0.008121
v 0.006912 0.006293 0.008084
v 0.005321 0.006311 0.009660
v 0.005358 0.006311 0.009493
v 0.005410 0.006311 0.009330
v 0.005475 0.006311 0.009172
v 0.005554 0.006311 0.009021
v 0.005646 0.006311 0.008877
v 0.005750 0.006311 0.008741
v 0.005865 0.006311 0.008615
v 0.005991 0.006311 0.008500
v 0.006127 0.006311 0.008396
v 0.006271 0.006311 0.008304
v 0.006422 0.006311 0.008225
v 0.006580 0.006311 0.008160
v 0.006743 0.006311 0.008108
v 0.006910 0.006311 0.008071
v 0.005307 0.006327 0.009657
v 0.005344 0.006327 0.009489
v 0.005396 0.006327 0.009325
v 0.005462 0.006327 0.009166
v 0.005541 0.006327 0.009013
v 0.005634 0.006327 0.008868
v 0.005738 0.006327 0.008732
v 0.005855 0.006327 0.008605
v 0.005982 0.006327 0.008488
v 0.006118 0.006327 0.008384
v 0.006263 0.006327 0.008291
v 0.006416 0.006327 0.008212
v 0.006575 0.006327 0.008146
v 0.006739 0.006327 0.008094
v 0.006907 0.006327 0.008057
v 0.007078 0.006327 0.008034
v 0.007250 0.006327 0.008027
v 0.005291 0.006342 0.009655
v 0.005328 0.006342 0.009485
v 0.005381 0.006342 0.009320
v 0.005447 0.006342 0.009159
v 0.005527 0.006342 0.009005
v 0.005620 0.006342 0.008859
v 0.005726 0.006342 0.008721
v 0.005843 0.006342 0.008593
v 0.005971 0.006342 0.008476
v 0.006109 0.006342 0.008370
v 0.006255 0.006342 0.008277
v 0.006409 0.006342 0.008197
v 0.006570 0.006342 0.008131
v 0.006735 0.006342 0.008078
v 0.006905 0.006342 0.008041
v 0.007077 0.006342 0.008018
v 0.007250 0.006342 0.008011
v 0.005274 0.006355 0.009652
v 0.005312 0.006355 0.009481
v 0.005364 0.006355 0.009314
v 0.005431 0.006355 0.009152
v 0.005512 0.006355 0.008997
v 0.005606 0.006355 0.008849
v 0.005713 0.006355 0.008710
v 0.005831 0.006355 0.008581
v 0.005960 0.006355 0.008463
v 0.006099 0.006355 0.008356
v 0.006247 0.006355 0.008262
v 0.006402 0.006355 0.008181
v 0.006564 0.006355 0.008114
v 0.006731 0.006355 0.008062
v 0.006902 0.006355 0.008024
v 0.005256 0.006367 0.009648
v 0.005294 0.006367 0.009476
v 0.005347 0.006367 0.009307
v 0.005415 0.006367 0.009144
v 0.005496 0.006367 0.008988
v 0.005591 0.006367 0.008839
v 0.005699 0.006367 0.008698
v 0.005818 0.006367 0.008568
v 0.005948 0.006367 0.008449
v 0.006089 0.006367 0.008341
v 0.006237 0.006367 0.008246
v 0.006394 0.006367 0.008165
v 0.006557 0.006367 0.008097
v 0.006726 0.006367 0.008044
v 0.006898 0.006367 0.008006
v 0.005237 0.006377 0.009645
v 0.005275 0.006377 0.009471
v 0.005329 0.006377 0.009301
v 0.005397 0.006377 0.009136
v 0.005480 0.006377 0.008978
v 0.005575 0.006377 0.008827
v 0.005684 0.006377 0.008686
v 0.005804 0.006377 0.008554
v 0.005936 0.006377 0.008434
v 0.006077 0.006377 0.008325
v 0.006228 0.006377 0.008230
v 0.006386 0.006377 0.008147
v 0.006551 0.006377 0.008079
v 0.006721 0.006377 0.008025
v 0.006895 0.006377 0.007987
v 0.005217 0.006385 0.009642
v 0.005256 0.006385 0.009466
v 0.005310 0.006385 0.009294
v 0.005379 0.006385 0.009128
v 0.005462 0.006385 0.008968
v 0.005559 0.006385 0.008816
v 0.005669 0.006385 0.008673
v 0.005790 0.006385 0.008540
v 0.005923 0.006385 0.008419
v 0.006066 0.006385 0.008309
v 0.006218 0.006385 0.008212
v 0.006378 0.006385 0.008129
v 0.006544 0.006385 0.008060
v 0.006716 0.006385 0.008006
v 0.006892 0.006385 0.007967
v 0.005196 0.006391 0.009638
v 0.005236 0.006391 0.009460
v 0.005290 0.006391 0.009287
v 0.005360 0.006391 0.009119
v 0.005444 0.006391 0.008957
v 0.005542 0.006391 0.008804
v 0.005653 0.006391 0.008660
v 0.005775 0.006391 0.008525
v 0.005910 0.006391 0.008403
v 0.006054 0.006391 0.008292
v 0.006207 0.006391 0.008194
v 0.006369 0.006391 0.008110
v 0.006537 0.006391 0.008040
v 0.006710 0.006391 0.007986
v 0.006888 0.006391 0.007946
v 0.005175 0.006396 0.009634
v 0.005215 0.006396 0.009455
v 0.005270 0.006396 0.009280
v 0.005341 0.006396 0.009110
v 0.005426 0.006396 0.008947
v 0.005524 0.006396 0.008792
v 0.005636 0.006396 0.008646
v 0.005760 0.006396 0.008510
v 0.005896 0.006396 0.008386
v 0.006042 0.006396 0.008274
v 0.006197 0.006396 0.008176
v 0.006360 0.006396 0.008091
v 0.006530 0.006396 0.008020
v 0.006705 0.006396 0.007965
v 0.006884 0.006396 0.007925
v 0.005154 0.006399 0.009630
v 0.005194 0.006399 0.009449
v 0.005250 0.006399 0.009272
v 0.005321 0.006399 0.009101
v 0.005407 0.006399 0.008936
v 0.005507 0.006399 0.008779
v 0.005620 0.006399 0.008632
v 0.005745 0.006399 0.008495
v 0.005882 0.006399 0.008370
v 0.006029 0.006399 0.008257
v 0.006186 0.006399 0.008157
v 0.006351 0.006399 0.008071
v 0.006522 0.006399 0.008000
v 0.006699 0.006399 0.007944
v 0.006880 0.006399 0.007904
v 0.008661 0.006396 0.007895
v 0.008661 0.006397 0.007890
v 0.008661 0.006398 0.007884
v 0.008661 0.006399 0.007874
v 0.008662 0.006399 0.007870
v 0.008662 0.006400 0.007860
v 0.008660 0.006391 0.007916
v 0.008661 0.006393 0.007910
v 0.008661 0.006393 0.007908
v 0.008660 0.006385 0.007937
v 0.008660 0.006386 0.007931
v 0.008660 0.006387 0.007930
v 0.008660 0.006390 0.007920
v 0.008658 0.006376 0.007956
v 0.008659 0.006377 0.007955
v 0.008659 0.006379 0.007949
v 0.008659 0.006382 0.007943
v 0.008658 0.006374 0.007960
v 0.008658 0.006372 0.007966
v 0.008658 0.006370 0.007968
v 0.008657 0.006366 0.007976
v 0.008657 0.006365 0.007977
v 0.008656 0.006360 0.007986
v 0.008657 0.006362 0.007982
v 0.008655 0.006348 0.008003
v 0.008655 0.006351 0.007998
v 0.008656 0.006355 0.007994
v 0.008656 0.006355 0.007993
v 0.008653 0.006335 0.008019
v 0.008653 0.006335 0.008019
v 0.008653 0.006339 0.008014
v 0.008654 0.006341 0.008011
v 0.008654 0.006343 0.008009
v 0.008650 0.006311 0.008041
v 0.008650 0.006311 0.008041
v 0.008651 0.006320 0.008033
v 0.008651 0.006321 0.008032
v 0.008652 0.006325 0.008028
v 0.008652 0.006327 0.008027
v 0.008647 0.006294 0.008055
v 0.008648 0.006295 0.008054
v 0.008649 0.006304 0.008047
v 0.008649 0.006306 0.008045
v 0.008645 0.006276 0.008066
v 0.008645 0.006278 0.008065
v 0.008647 0.006287 0.008059
v 0.008647 0.006289 0.008058
v 0.008644 0.006272 0.008068
v 0.008644 0.006269 0.008070
v 0.008643 0.006259 0.008075
v 0.008642 0.006256 0.008076
v 0.008642 0.006253 0.008078
v 0.008639 0.006231 0.008086
v 0.008639 0.006233 0.008086
v 0.008640 0.006237 0.008085
v 0.008640 0.006240 0.008083
v 0.008642 0.006251 0.008079
v 0.008637 0.006220 0.008090
v 0.008637 0.006216 0.008091
v 0.008637 0.006213 0.008092
v 0.008634 0.006195 0.008096
v 0.008635 0.006198 0.008095
v 0.008636 0.006211 0.008092
v 0.008631 0.006169 0.008099
v 0.008631 0.006170 0.008099
v 0.008631 0.006174 0.008099
v 0.008633 0.006184 0.008098
v 0.008634 0.006191 0.008097
v 0.008630 0.006162 0.008100
v 0.008629 0.006155 0.008100
v 0.008628 0.006150 0.008100
v 0.008778 0.006362 0.007861
v 0.008815 0.006329 0.007861
v 0.008645 0.006160 0.008099
v 0.008641 0.006163 0.008099
v 0.008640 0.006157 0.008100
v 0.008745 0.006218 0.008061
v 0.008739 0.006223 0.008063
v 0.008738 0.006216 0.008066
v 0.008782 0.006239 0.008027
v 0.008783 0.006240 0.008026
v 0.008784 0.006243 0.008024
v 0.008816 0.006259 0.007977
v 0.008816 0.006260 0.007977
v 0.008816 0.006259 0.007978
v 0.008826 0.006264 0.007956
v 0.008826 0.006265 0.007955
v 0.008826 0.006265 0.007955
v 0.008839 0.006272 0.007916
v 0.008839 0.006272 0.007915
v 0.008838 0.006275 0.007914
v 0.008836 0.006298 0.007860
v 0.008846 0.006276 0.007855
v 0.008841 0.006287 0.007860
v 0.008846 0.006276 0.007860
v 0.008841 0.006286 0.007873
v 0.008844 0.006275 0.007884
v 0.008845 0.006276 0.007875
v 0.008845 0.006276 0.007874
v 0.008839 0.006281 0.007897
v 0.008843 0.006275 0.007895
v 0.008840 0.006283 0.007891
v 0.008840 0.006284 0.007885
v 0.008843 0.006274 0.007896
v 0.008839 0.006280 0.007903
v 0.008842 0.006274 0.007902
v 0.008838 0.006278 0.007909
v 0.008840 0.006273 0.007908
v 0.008838 0.006272 0.007920
v 0.008837 0.006273 0.007920
v 0.008831 0.006284 0.007922
v 0.008836 0.006271 0.007925
v 0.008830 0.006278 0.007933
v 0.008834 0.006270 0.007931
v 0.008831 0.006267 0.007943
v 0.008833 0.006269 0.007937
v 0.008829 0.006275 0.007939
v 0.008833 0.006269 0.007935
v 0.008826 0.006265 0.007955
v 0.008827 0.006265 0.007953
v 0.008827 0.006269 0.007950
v 0.008828 0.006272 0.007944
v 0.008820 0.006276 0.007957
v 0.008819 0.006272 0.007963
v 0.008824 0.006264 0.007960
v 0.008818 0.006268 0.007968
v 0.008822 0.006262 0.007966
v 0.008817 0.006264 0.007973
v 0.008819 0.006261 0.007971
v 0.008817 0.006259 0.007976
v 0.008806 0.006256 0.007994
v 0.008805 0.006252 0.007997
v 0.008807 0.006254 0.007994
v 0.008795 0.006250 0.008010
v 0.008794 0.006246 0.008013
v 0.008795 0.006247 0.008011
v 0.008772 0.006233 0.008038
v 0.008773 0.006234 0.008037
v 0.008772 0.006236 0.008037
v 0.008776 0.006236 0.008034
v 0.008773 0.006241 0.008034
v 0.008781 0.006239 0.008028
v 0.008774 0.006246 0.008031
v 0.008776 0.006252 0.008028
v 0.008769 0.006231 0.008041
v 0.008762 0.006238 0.008044
v 0.008764 0.006229 0.008045
v 0.008761 0.006232 0.008047
v 0.008763 0.006228 0.008047
v 0.008760 0.006226 0.008049
v 0.008748 0.006219 0.008059
v 0.008749 0.006220 0.008059
v 0.008749 0.006221 0.008058
v 0.008750 0.006220 0.008057
v 0.008750 0.006228 0.008055
v 0.008754 0.006223 0.008055
v 0.008740 0.006229 0.008061
v 0.008737 0.006213 0.008067
v 0.008738 0.006213 0.008066
v 0.008740 0.006215 0.008065
v 0.008733 0.006210 0.008069
v 0.008727 0.006218 0.008071
v 0.008729 0.006208 0.008072
v 0.008726 0.006211 0.008073
v 0.008725 0.006206 0.008074
v 0.008721 0.006204 0.008076
v 0.008715 0.006212 0.008077
v 0.008718 0.006202 0.008078
v 0.008714 0.006205 0.008079
v 0.008717 0.006201 0.008079
v 0.008713 0.006199 0.008080
v 0.008702 0.006199 0.008084
v 0.008701 0.006192 0.008086
v 0.008704 0.006194 0.008085
v 0.008700 0.006191 0.008086
v 0.008691 0.006199 0.008088
v 0.008695 0.006189 0.008088
v 0.008690 0.006192 0.008089
v 0.008689 0.006185 0.008090
v 0.008686 0.006183 0.008091
v 0.008679 0.006192 0.008092
v 0.008683 0.006182 0.008092
v 0.008678 0.006185 0.008093
v 0.008683 0.006182 0.008092
v 0.008677 0.006178 0.008094
v 0.008667 0.006173 0.008096
v 0.008665 0.006178 0.008096
v 0.008665 0.006171 0.008096
v 0.008664 0.006171 0.008097
v 0.008642 0.006170 0.008099
v 0.008647 0.006161 0.008099
v 0.008649 0.006162 0.008099
v 0.008630 0.006151 0.008100
v 0.008644 0.006192 0.008096
v 0.008644 0.006185 0.008097
v 0.008643 0.006177 0.008098
v 0.008814 0.006327 0.007875
v 0.008806 0.006338 0.007861
v 0.008797 0.006346 0.007861
v 0.008788 0.006355 0.007861
v 0.008768 0.006369 0.007861
v 0.008757 0.006375 0.007861
v 0.008746 0.006381 0.007861
v 0.008735 0.006386 0.007861
v 0.008723 0.006390 0.007861
v 0.008711 0.006394 0.007861
v 0.008698 0.006396 0.007861
v 0.008686 0.006398 0.007860
v 0.008673 0.006399 0.007860
v 0.008806 0.006337 0.007875
v 0.008797 0.006345 0.007875
v 0.008788 0.006353 0.007875
v 0.008673 0.006399 0.007873
v 0.008686 0.006397 0.007873
v 0.008698 0.006395 0.007874
v 0.008711 0.006393 0.007874
v 0.008723 0.006389 0.007875
v 0.008734 0.006385 0.007875
v 0.008746 0.006380 0.007875
v 0.008757 0.006374 0.007875
v 0.008768 0.006368 0.007875
v 0.008778 0.006361 0.007875
v 0.008734 0.006383 0.007889
v 0.008745 0.006378 0.007889
v 0.008746 0.006379 0.007882
v 0.008757 0.006372 0.007889
v 0.008757 0.006373 0.007882
v 0.008767 0.006366 0.007889
v 0.008768 0.006367 0.007882
v 0.008778 0.006359 0.007889
v 0.008778 0.006360 0.007882
v 0.008787 0.006351 0.007889
v 0.008797 0.006343 0.007889
v 0.008805 0.006335 0.007888
v 0.008814 0.006325 0.007888
v 0.008722 0.006387 0.007888
v 0.008710 0.006391 0.007887
v 0.008698 0.006394 0.007887
v 0.008686 0.006396 0.007886
v 0.008673 0.006397 0.007885
v 0.008835 0.006297 0.007873
v 0.008835 0.006295 0.007886
v 0.008834 0.006292 0.007898
v 0.008829 0.006309 0.007861
v 0.008829 0.006308 0.007874
v 0.008828 0.006306 0.007887
v 0.008827 0.006303 0.007899
v 0.008698 0.006392 0.007900
v 0.008710 0.006389 0.007901
v 0.008710 0.006390 0.007894
v 0.008722 0.006385 0.007901
v 0.008722 0.006386 0.007895
v 0.008734 0.006381 0.007902
v 0.008734 0.006382 0.007895
v 0.008745 0.006375 0.007903
v 0.008745 0.006377 0.007896
v 0.008756 0.006370 0.007903
v 0.008756 0.006371 0.007896
v 0.008767 0.006363 0.007903
v 0.008767 0.006365 0.007896
v 0.008777 0.006356 0.007903
v 0.008777 0.006358 0.007896
v 0.008787 0.006349 0.007903
v 0.008787 0.006350 0.007896
v 0.008796 0.006340 0.007902
v 0.008796 0.006342 0.007896
v 0.008805 0.006332 0.007902
v 0.008805 0.006333 0.007895
v 0.008813 0.006322 0.007901
v 0.008813 0.006324 0.007895
v 0.008820 0.006313 0.007900
v 0.008821 0.006316 0.007887
v 0.008822 0.006319 0.007861
v 0.008822 0.006318 0.007874
v 0.008685 0.006394 0.007899
v 0.008673 0.006395 0.007897
v 0.008833 0.006288 0.007910
v 0.008820 0.006311 0.007907
v 0.008812 0.006321 0.007908
v 0.008804 0.006330 0.007908
v 0.008796 0.006339 0.007909
v 0.008786 0.006347 0.007910
v 0.008777 0.006354 0.007910
v 0.008766 0.006362 0.007910
v 0.008756 0.006368 0.007910
v 0.008745 0.006374 0.007909
v 0.008733 0.006379 0.007909
v 0.008722 0.006383 0.007908
v 0.008710 0.006387 0.007907
v 0.008697 0.006390 0.007906
v 0.008685 0.006392 0.007905
v 0.008672 0.006392 0.007910
v 0.008826 0.006299 0.007912
v 0.008826 0.006297 0.007918
v 0.008825 0.006294 0.007924
v 0.008824 0.006292 0.007930
v 0.008824 0.006289 0.007935
v 0.008823 0.006286 0.007941
v 0.008822 0.006283 0.007947
v 0.008821 0.006279 0.007952
v 0.008672 0.006391 0.007916
v 0.008672 0.006389 0.007922
v 0.008672 0.006387 0.007928
v 0.008671 0.006385 0.007934
v 0.008671 0.006383 0.007940
v 0.008671 0.006381 0.007946
v 0.008670 0.006378 0.007951
v 0.008670 0.006375 0.007957
v 0.008669 0.006373 0.007963
v 0.008669 0.006370 0.007969
v 0.008669 0.006366 0.007974
v 0.008819 0.006309 0.007913
v 0.008819 0.006307 0.007919
v 0.008818 0.006304 0.007925
v 0.008818 0.006302 0.007931
v 0.008817 0.006299 0.007937
v 0.008816 0.006296 0.007943
v 0.008815 0.006293 0.007949
v 0.008814 0.006289 0.007955
v 0.008813 0.006286 0.007960
v 0.008812 0.006282 0.007965
v 0.008811 0.006278 0.007970
v 0.008810 0.006274 0.007976
v 0.008809 0.006270 0.007980
v 0.008808 0.006265 0.007985
v 0.008813 0.006257 0.007982
v 0.008807 0.006261 0.007990
v 0.008810 0.006256 0.007988
v 0.008807 0.006254 0.007993
v 0.008668 0.006363 0.007980
v 0.008668 0.006360 0.007986
v 0.008667 0.006356 0.007991
v 0.008667 0.006352 0.007996
v 0.008812 0.006319 0.007914
v 0.008811 0.006316 0.007921
v 0.008811 0.006314 0.007927
v 0.008810 0.006311 0.007933
v 0.008809 0.006308 0.007939
v 0.008809 0.006305 0.007945
v 0.008808 0.006302 0.007951
v 0.008807 0.006299 0.007957
v 0.008806 0.006295 0.007962
v 0.008805 0.006291 0.007968
v 0.008804 0.006287 0.007973
v 0.008803 0.006283 0.007978
v 0.008802 0.006279 0.007983
v 0.008801 0.006275 0.007988
v 0.008800 0.006270 0.007993
v 0.008798 0.006265 0.007997
v 0.008797 0.006260 0.008002
v 0.008804 0.006252 0.007998
v 0.008796 0.006255 0.008006
v 0.008800 0.006250 0.008004
v 0.008797 0.006248 0.008009
v 0.008804 0.006328 0.007915
v 0.008803 0.006326 0.007922
v 0.008803 0.006323 0.007928
v 0.008802 0.006321 0.007934
v 0.008801 0.006318 0.007940
v 0.008800 0.006315 0.007946
v 0.008800 0.006312 0.007952
v 0.008799 0.006308 0.007958
v 0.008798 0.006304 0.007964
v 0.008797 0.006301 0.007970
v 0.008796 0.006297 0.007975
v 0.008795 0.006293 0.007980
v 0.008794 0.006288 0.007986
v 0.008793 0.006284 0.007991
v 0.008792 0.006279 0.007995
v 0.008791 0.006275 0.008000
v 0.008790 0.006270 0.008005
v 0.008788 0.006265 0.008009
v 0.008787 0.006259 0.008013
v 0.008786 0.006254 0.008017
v 0.008793 0.006246 0.008014
v 0.008785 0.006249 0.008021
v 0.008788 0.006243 0.008020
v 0.008785 0.006241 0.008023
v 0.008666 0.006348 0.008002
v 0.008665 0.006344 0.008007
v 0.008665 0.006340 0.008012
v 0.008664 0.006336 0.008017
v 0.008664 0.006331 0.008022
v 0.008663 0.006326 0.008027
v 0.008795 0.006337 0.007916
v 0.008795 0.006334 0.007922
v 0.008794 0.006332 0.007929
v 0.008793 0.006329 0.007935
v 0.008793 0.006327 0.007941
v 0.008792 0.006324 0.007948
v 0.008791 0.006320 0.007954
v 0.008790 0.006317 0.007960
v 0.008789 0.006313 0.007965
v 0.008789 0.006310 0.007971
v 0.008788 0.006306 0.007977
v 0.008787 0.006302 0.007982
v 0.008786 0.006297 0.007988
v 0.008785 0.006293 0.007993
v 0.008784 0.006288 0.007998
v 0.008783 0.006283 0.008002
v 0.008781 0.006279 0.008007
v 0.008780 0.006273 0.008012
v 0.008779 0.006268 0.008016
v 0.008778 0.006263 0.008020
v 0.008777 0.006258 0.008024
v 0.008786 0.006345 0.007916
v 0.008785 0.006343 0.007923
v 0.008785 0.006340 0.007929
v 0.008784 0.006338 0.007936
v 0.008783 0.006335 0.007942
v 0.008783 0.006332 0.007948
v 0.008782 0.006329 0.007955
v 0.008781 0.006325 0.007961
v 0.008780 0.006322 0.007967
v 0.008780 0.006318 0.007972
v 0.008779 0.006314 0.007978
v 0.008778 0.006310 0.007984
v 0.008777 0.006306 0.007989
v 0.008776 0.006301 0.007994
v 0.008775 0.006297 0.007999
v 0.008774 0.006292 0.008004
v 0.008773 0.006287 0.008009
v 0.008772 0.006282 0.008014
v 0.008771 0.006277 0.008018
v 0.008769 0.006272 0.008023
v 0.008768 0.006266 0.008027
v 0.008767 0.006261 0.008030
v 0.008766 0.006255 0.008034
v 0.008765 0.006250 0.008037
v 0.008764 0.006244 0.008041
v 0.008769 0.006232 0.008041
v 0.008662 0.006322 0.008031
v 0.008662 0.006317 0.008036
v 0.008661 0.006312 0.008040
v 0.008660 0.006307 0.008044
v 0.008776 0.006352 0.007917
v 0.008776 0.006350 0.007923
v 0.008775 0.006348 0.007930
v 0.008774 0.006345 0.007936
v 0.008774 0.006343 0.007943
v 0.008773 0.006340 0.007949
v 0.008773 0.006337 0.007955
v 0.008772 0.006333 0.007961
v 0.008771 0.006330 0.007967
v 0.008770 0.006326 0.007973
v 0.008769 0.006322 0.007979
v 0.008768 0.006318 0.007985
v 0.008768 0.006314 0.007990
v 0.008767 0.006310 0.007996
v 0.008766 0.006305 0.008001
v 0.008765 0.006300 0.008006
v 0.008764 0.006295 0.008011
v 0.008763 0.006290 0.008015
v 0.008761 0.006285 0.008020
v 0.008760 0.006280 0.008024
v 0.008759 0.006274 0.008029
v 0.008758 0.006269 0.008033
v 0.008757 0.006263 0.008037
v 0.008756 0.006258 0.008040
v 0.008755 0.006252 0.008043
v 0.008754 0.006246 0.008047
v 0.008753 0.006240 0.008050
v 0.008751 0.006234 0.008053
v 0.008760 0.006226 0.008050
v 0.008755 0.006223 0.008054
v 0.008659 0.006302 0.008048
v 0.008659 0.006296 0.008053
v 0.008658 0.006290 0.008057
v 0.008766 0.006360 0.007917
v 0.008765 0.006357 0.007923
v 0.008765 0.006355 0.007930
v 0.008764 0.006353 0.007936
v 0.008764 0.006350 0.007943
v 0.008763 0.006347 0.007949
v 0.008762 0.006344 0.007955
v 0.008762 0.006341 0.007962
v 0.008761 0.006337 0.007968
v 0.008760 0.006334 0.007974
v 0.008759 0.006330 0.007980
v 0.008759 0.006326 0.007985
v 0.008758 0.006322 0.007991
v 0.008757 0.006317 0.007996
v 0.008756 0.006313 0.008002
v 0.008755 0.006308 0.008007
v 0.008754 0.006303 0.008012
v 0.008753 0.006298 0.008017
v 0.008752 0.006293 0.008021
v 0.008751 0.006288 0.008026
v 0.008750 0.006282 0.008030
v 0.008749 0.006277 0.008034
v 0.008748 0.006271 0.008038
v 0.008747 0.006266 0.008042
v 0.008746 0.006260 0.008045
v 0.008745 0.006254 0.008049
v 0.008743 0.006248 0.008052
v 0.008742 0.006242 0.008055
v 0.008741 0.006236 0.008058
v 0.008657 0.006285 0.008060
v 0.008656 0.006279 0.008064
v 0.008655 0.006273 0.008068
v 0.008755 0.006366 0.007916
v 0.008755 0.006364 0.007923
v 0.008754 0.006362 0.007930
v 0.008754 0.006359 0.007936
v 0.008753 0.006357 0.007943
v 0.008753 0.006354 0.007949
v 0.008752 0.006351 0.007955
v 0.008751 0.006348 0.007962
v 0.008751 0.006344 0.007968
v 0.008750 0.006341 0.007974
v 0.008749 0.006337 0.007980
v 0.008748 0.006333 0.007985
v 0.008748 0.006329 0.007991
v 0.008747 0.006324 0.007997
v 0.008746 0.006320 0.008002
v 0.008745 0.006315 0.008007
v 0.008744 0.006311 0.008012
v 0.008743 0.006306 0.008017
v 0.008742 0.006301 0.008022
v 0.008741 0.006295 0.008027
v 0.008740 0.006290 0.008031
v 0.008739 0.006285 0.008036
v 0.008738 0.006279 0.008040
v 0.008737 0.006274 0.008043
v 0.008736 0.006268 0.008047
v 0.008735 0.006262 0.008051
v 0.008734 0.006256 0.008054
v 0.008733 0.006250 0.008057
v 0.008732 0.006244 0.008060
v 0.008730 0.006237 0.008063
v 0.008729 0.006231 0.008066
v 0.008728 0.006224 0.008068
v 0.008735 0.006211 0.008068
v 0.008744 0.006372 0.007916
v 0.008744 0.006370 0.007923
v 0.008743 0.006368 0.007929
v 0.008743 0.006365 0.007936
v 0.008742 0.006363 0.007942
v 0.008742 0.006360 0.007949
v 0.008741 0.006357 0.007955
v 0.008741 0.006354 0.007961
v 0.008740 0.006351 0.007967
v 0.008739 0.006347 0.007973
v 0.008739 0.006343 0.007979
v 0.008738 0.006339 0.007985
v 0.008737 0.006335 0.007991
v 0.008736 0.006331 0.007996
v 0.008735 0.006327 0.008002
v 0.008735 0.006322 0.008007
v 0.008734 0.006318 0.008012
v 0.008733 0.006313 0.008017
v 0.008732 0.006308 0.008022
v 0.008731 0.006303 0.008027
v 0.008730 0.006297 0.008032
v 0.008729 0.006292 0.008036
v 0.008728 0.006286 0.008040
v 0.008727 0.006281 0.008044
v 0.008726 0.006276 0.008048
v 0.008725 0.006270 0.008052
v 0.008724 0.006264 0.008055
v 0.008723 0.006258 0.008059
v 0.008722 0.006251 0.008062
v 0.008721 0.006245 0.008065
v 0.008720 0.006239 0.008068
v 0.008719 0.006232 0.008070
v 0.008717 0.006225 0.008073
v 0.008716 0.006219 0.008075
v 0.008724 0.006205 0.008075
v 0.008655 0.006266 0.008071
v 0.008654 0.006260 0.008074
v 0.008653 0.006254 0.008077
v 0.008733 0.006377 0.007916
v 0.008732 0.006375 0.007922
v 0.008732 0.006373 0.007929
v 0.008732 0.006371 0.007935
v 0.008731 0.006368 0.007942
v 0.008731 0.006366 0.007948
v 0.008730 0.006363 0.007954
v 0.008729 0.006360 0.007960
v 0.008729 0.006356 0.007967
v 0.008728 0.006353 0.007973
v 0.008728 0.006349 0.007979
v 0.008727 0.006346 0.007984
v 0.008726 0.006342 0.007990
v 0.008725 0.006337 0.007996
v 0.008725 0.006333 0.008001
v 0.008724 0.006329 0.008007
v 0.008723 0.006324 0.008012
v 0.008722 0.006319 0.008017
v 0.008721 0.006314 0.008022
v 0.008720 0.006309 0.008027
v 0.008719 0.006304 0.008031
v 0.008718 0.006299 0.008036
v 0.008718 0.006293 0.008040
v 0.008717 0.006288 0.008044
v 0.008716 0.006283 0.008048
v 0.008715 0.006277 0.008052
v 0.008714 0.006271 0.008056
v 0.008713 0.006265 0.008059
v 0.008712 0.006259 0.008063
v 0.008711 0.006252 0.008066
v 0.008710 0.006246 0.008069
v 0.008709 0.006239 0.008072
v 0.008708 0.006233 0.008074
v 0.008706 0.006226 0.008077
v 0.008705 0.006219 0.008079
v 0.008704 0.006213 0.008081
v 0.008703 0.006206 0.008083
v 0.008712 0.006199 0.008081
v 0.008707 0.006195 0.008083
v 0.008652 0.006247 0.008080
v 0.008651 0.006241 0.008083
v 0.008650 0.006234 0.008085
v 0.008721 0.006382 0.007915
v 0.008721 0.006380 0.007921
v 0.008720 0.006378 0.007928
v 0.008720 0.006375 0.007934
v 0.008720 0.006373 0.007941
v 0.008719 0.006370 0.007947
v 0.008719 0.006368 0.007953
v 0.008718 0.006365 0.007959
v 0.008717 0.006361 0.007965
v 0.008717 0.006358 0.007972
v 0.008716 0.006355 0.007977
v 0.008716 0.006351 0.007983
v 0.008715 0.006347 0.007989
v 0.008714 0.006343 0.007995
v 0.008714 0.006339 0.008000
v 0.008713 0.006335 0.008006
v 0.008712 0.006330 0.008011
v 0.008711 0.006325 0.008016
v 0.008710 0.006321 0.008021
v 0.008710 0.006316 0.008026
v 0.008709 0.006311 0.008031
v 0.008708 0.006305 0.008035
v 0.008707 0.006300 0.008040
v 0.008706 0.006295 0.008044
v 0.008705 0.006290 0.008048
v 0.008704 0.006284 0.008052
v 0.008703 0.006278 0.008056
v 0.008702 0.006272 0.008059
v 0.008701 0.006266 0.008063
v 0.008700 0.006259 0.008066
v 0.008699 0.006253 0.008069
v 0.008698 0.006247 0.008072
v 0.008697 0.006240 0.008075
v 0.008696 0.006233 0.008078
v 0.008695 0.006227 0.008080
v 0.008694 0.006220 0.008082
v 0.008693 0.006213 0.008084
v 0.008692 0.006206 0.008086
v 0.008701 0.006192 0.008086
v 0.008709 0.006386 0.007914
v 0.008709 0.006384 0.007920
v 0.008709 0.006382 0.007927
v 0.008708 0.006380 0.007933
v 0.008708 0.006377 0.007939
v 0.008707 0.006375 0.007946
v 0.008707 0.006372 0.007952
v 0.008706 0.006369 0.007958
v 0.008706 0.006366 0.007964
v 0.008705 0.006363 0.007970
v 0.008705 0.006359 0.007976
v 0.008704 0.006356 0.007982
v 0.008704 0.006352 0.007987
v 0.008703 0.006348 0.007993
v 0.008702 0.006344 0.007999
v 0.008701 0.006340 0.008004
v 0.008701 0.006336 0.008009
v 0.008700 0.006331 0.008015
v 0.008699 0.006326 0.008020
v 0.008698 0.006321 0.008025
v 0.008698 0.006316 0.008029
v 0.008697 0.006311 0.008034
v 0.008696 0.006306 0.008039
v 0.008695 0.006301 0.008043
v 0.008694 0.006296 0.008047
v 0.008693 0.006290 0.008051
v 0.008693 0.006284 0.008055
v 0.008692 0.006278 0.008059
v 0.008691 0.006272 0.008062
v 0.008690 0.006266 0.008066
v 0.008689 0.006260 0.008069
v 0.008688 0.006254 0.008072
v 0.008687 0.006247 0.008075
v 0.008686 0.006241 0.008078
v 0.008685 0.006234 0.008080
v 0.008684 0.006227 0.008083
v 0.008683 0.006220 0.008085
v 0.008682 0.006213 0.008087
v 0.008681 0.006206 0.008089
v 0.008680 0.006199 0.008090
v 0.008689 0.006185 0.008090
v 0.008649 0.006227 0.008088
v 0.008648 0.006220 0.008090
v 0.008647 0.006213 0.008092
v 0.008697 0.006389 0.007913
v 0.008697 0.006387 0.007919
v 0.008696 0.006385 0.007925
v 0.008696 0.006383 0.007931
v 0.008696 0.006381 0.007938
v 0.008695 0.006378 0.007944
v 0.008695 0.006376 0.007950
v 0.008694 0.006373 0.007956
v 0.008694 0.006370 0.007962
v 0.008694 0.006367 0.007968
v 0.008693 0.006363 0.007974
v 0.008692 0.006360 0.007980
v 0.008692 0.006356 0.007985
v 0.008691 0.006353 0.007991
v 0.008691 0.006349 0.007997
v 0.008690 0.006345 0.008002
v 0.008689 0.006340 0.008007
v 0.008689 0.006336 0.008013
v 0.008688 0.006331 0.008018
v 0.008687 0.006327 0.008023
v 0.008686 0.006322 0.008027
v 0.008686 0.006317 0.008032
v 0.008685 0.006312 0.008037
v 0.008684 0.006307 0.008041
v 0.008683 0.006302 0.008045
v 0.008683 0.006296 0.008049
v 0.008682 0.006291 0.008053
v 0.008681 0.006285 0.008057
v 0.008680 0.006279 0.008061
v 0.008679 0.006273 0.008065
v 0.008678 0.006267 0.008068
v 0.008677 0.006260 0.008071
v 0.008676 0.006254 0.008074
v 0.008675 0.006247 0.008077
v 0.008674 0.006241 0.008080
v 0.008673 0.006234 0.008083
v 0.008672 0.006227 0.008085
v 0.008671 0.006220 0.008087
v 0.008670 0.006213 0.008089
v 0.008669 0.006206 0.008091
v 0.008668 0.006199 0.008092
v 0.008667 0.006192 0.008094
v 0.008666 0.006185 0.008095
v 0.008677 0.006178 0.008094
v 0.008670 0.006174 0.008095
v 0.008685 0.006391 0.007911
v 0.008685 0.006389 0.007917
v 0.008684 0.006387 0.007924
v 0.008684 0.006385 0.007930
v 0.008684 0.006383 0.007936
v 0.008683 0.006381 0.007942
v 0.008683 0.006378 0.007948
v 0.008682 0.006376 0.007954
v 0.008682 0.006373 0.007960
v 0.008682 0.006370 0.007966
v 0.008681 0.006367 0.007972
v 0.008681 0.006364 0.007977
v 0.008680 0.006360 0.007983
v 0.008679 0.006356 0.007989
v 0.008679 0.006353 0.007994
v 0.008678 0.006349 0.007999
v 0.008678 0.006345 0.008005
v 0.008677 0.006340 0.008010
v 0.008676 0.006336 0.008015
v 0.008676 0.006331 0.008020
v 0.008675 0.006327 0.008025
v 0.008674 0.006322 0.008030
v 0.008674 0.006317 0.008034
v 0.008673 0.006312 0.008039
v 0.008672 0.006307 0.008043
v 0.008671 0.006302 0.008047
v 0.008671 0.006296 0.008051
v 0.008670 0.006291 0.008055
v 0.008669 0.006285 0.008059
v 0.008668 0.006279 0.008063
v 0.008667 0.006273 0.008066
v 0.008666 0.006267 0.008070
v 0.008665 0.006260 0.008073
v 0.008665 0.006254 0.008076
v 0.008664 0.006247 0.008079
v 0.008663 0.006241 0.008082
v 0.008662 0.006234 0.008084
v 0.008661 0.006227 0.008087
v 0.008660 0.006220 0.008089
v 0.008659 0.006213 0.008091
v 0.008658 0.006206 0.008092
v 0.008657 0.006199 0.008094
v 0.008656 0.006192 0.008095
v 0.008655 0.006185 0.008096
v 0.008654 0.006178 0.008097
v 0.008664 0.006171 0.008097
v 0.008653 0.006170 0.008098
v 0.008658 0.006167 0.008098
v 0.008652 0.006164 0.008098
v 0.008646 0.006206 0.008093
v 0.008645 0.006199 0.008095
v 0.008651 0.006163 0.008099
v 0.008638 0.006156 0.008100
v 0.008632 0.006152 0.008100
v 0.009146 0.004900 0.008100
v 0.009148 0.004900 0.008100
v 0.009171 0.004900 0.008099
v 0.009194 0.004900 0.008096
v 0.009217 0.004900 0.008091
v 0.009239 0.004900 0.008085
v 0.009261 0.004900 0.008076
v 0.009282 0.004900 0.008066
v 0.009301 0.004900 0.008055
v 0.009320 0.004900 0.008041
v 0.009337 0.004900 0.008027
v 0.009353 0.004900 0.008011
v 0.009367 0.004900 0.007994
v 0.009360 0.004900 0.008002
v 0.009380 0.004900 0.007976
v 0.009374 0.004900 0.007985
v 0.009391 0.004900 0.007956
v 0.009385 0.004900 0.007966
v 0.009400 0.004900 0.007937
v 0.009395 0.004900 0.007947
v 0.009407 0.004900 0.007916
v 0.009403 0.004900 0.007926
v 0.009412 0.004900 0.007895
v 0.009410 0.004900 0.007905
v 0.009415 0.004900 0.007874
v 0.009414 0.004900 0.007884
v 0.009416 0.004900 0.007863
v 0.007424 0.004900 0.010985
v 0.007337 0.004900 0.010996
v 0.007250 0.004900 0.011000
v 0.007163 0.004900 0.010996
v 0.006543 0.004900 0.010707
v 0.006484 0.004900 0.010643
v 0.006431 0.004900 0.010574
v 0.006384 0.004900 0.010500
v 0.008190 0.004900 0.009658
v 0.006344 0.004900 0.010423
v 0.006310 0.004900 0.010342
v 0.006284 0.004900 0.010259
v 0.006265 0.004900 0.010174
v 0.007565 0.004900 0.012161
v 0.007731 0.004900 0.012141
v 0.007509 0.004900 0.010966
v 0.007895 0.004900 0.012108
v 0.007592 0.004900 0.010940
v 0.008055 0.004900 0.012061
v 0.007673 0.004900 0.010906
v 0.008212 0.004900 0.012001
v 0.007750 0.004900 0.010866
v 0.008362 0.004900 0.011929
v 0.007824 0.004900 0.010819
v 0.008506 0.004900 0.011843
v 0.007893 0.004900 0.010766
v 0.008642 0.004900 0.011746
v 0.007957 0.004900 0.010707
v 0.006254 0.004900 0.010087
v 0.006250 0.004900 0.010000
v 0.005357 0.004900 0.009834
v 0.006254 0.004900 0.009913
v 0.005379 0.004900 0.009670
v 0.006265 0.004900 0.009826
v 0.005415 0.004900 0.009508
v 0.006284 0.004900 0.009741
v 0.005465 0.004900 0.009350
v 0.006310 0.004900 0.009658
v 0.005528 0.004900 0.009197
v 0.006344 0.004900 0.009577
v 0.005605 0.004900 0.009050
v 0.006384 0.004900 0.009500
v 0.005694 0.004900 0.008910
v 0.006431 0.004900 0.009426
v 0.005795 0.004900 0.008779
v 0.006484 0.004900 0.009357
v 0.005906 0.004900 0.008656
v 0.006543 0.004900 0.009293
v 0.006029 0.004900 0.008545
v 0.006607 0.004900 0.009234
v 0.006160 0.004900 0.008444
v 0.006676 0.004900 0.009181
v 0.006300 0.004900 0.008355
v 0.006750 0.004900 0.009134
v 0.006447 0.004900 0.008278
v 0.006827 0.004900 0.009094
v 0.006600 0.004900 0.008215
v 0.006908 0.004900 0.009060
v 0.006758 0.004900 0.008165
v 0.006991 0.004900 0.009034
v 0.006920 0.004900 0.008129
v 0.007076 0.004900 0.009015
v 0.007084 0.004900 0.008107
v 0.007163 0.004900 0.009004
v 0.007250 0.004900 0.008100
v 0.007250 0.004900 0.009000
v 0.007337 0.004900 0.009004
v 0.007673 0.004900 0.009094
v 0.007750 0.004900 0.009134
v 0.007957 0.004900 0.009293
v 0.009416 0.004900 0.010166
v 0.008246 0.004900 0.009913
v 0.008235 0.004900 0.009826
v 0.008216 0.004900 0.009741
v 0.008770 0.004900 0.011638
v 0.008888 0.004900 0.011520
v 0.008016 0.004900 0.010643
v 0.008996 0.004900 0.011392
v 0.008069 0.004900 0.010574
v 0.009093 0.004900 0.011256
v 0.008116 0.004900 0.010500
v 0.009179 0.004900 0.011112
v 0.008156 0.004900 0.010423
v 0.009251 0.004900 0.010962
v 0.008190 0.004900 0.010342
v 0.009311 0.004900 0.010805
v 0.008216 0.004900 0.010259
v 0.006607 0.004900 0.010766
v 0.007424 0.004900 0.009015
v 0.007509 0.004900 0.009034
v 0.007592 0.004900 0.009060
v 0.008250 0.004900 0.010000
v 0.008246 0.004900 0.010087
v 0.009411 0.004900 0.010315
v 0.008235 0.004900 0.010174
v 0.009391 0.004900 0.010481
v 0.009358 0.004900 0.010645
v 0.008156 0.004900 0.009577
v 0.008116 0.004900 0.009500
v 0.008069 0.004900 0.009426
v 0.008016 0.004900 0.009357
v 0.007824 0.004900 0.009181
v 0.007893 0.004900 0.009234
v 0.007076 0.004900 0.010985
v 0.006991 0.004900 0.010966
v 0.006908 0.004900 0.010940
v 0.006676 0.004900 0.010819
v 0.006750 0.004900 0.010866
v 0.006827 0.004900 0.010906
v 0.009501 -0.001200 0.010252
v 0.009501 -0.001200 -0.010252
v 0.009416 0.004900 -0.010166
v 0.007673 0.004900 -0.009094
v 0.007592 0.004900 -0.009060
v 0.007509 0.004900 -0.009034
v 0.007424 0.004900 -0.009015
v 0.008235 0.004900 -0.009826
v 0.008216 0.004900 -0.009741
v 0.006310 0.004900 -0.010342
v 0.005350 0.004900 -0.011896
v 0.006284 0.004900 -0.010259
v 0.005350 0.004900 -0.010000
v 0.006265 0.004900 -0.010174
v 0.006254 0.004900 -0.010087
v 0.006431 0.004900 -0.010574
v 0.005292 0.004900 -0.012070
v 0.005305 0.004900 -0.012051
v 0.006991 0.004900 -0.010966
v 0.007076 0.004900 -0.010985
v 0.007163 0.004900 -0.010996
v 0.008190 0.004900 -0.009658
v 0.008156 0.004900 -0.009577
v 0.008116 0.004900 -0.009500
v 0.008069 0.004900 -0.009426
v 0.008016 0.004900 -0.009357
v 0.007957 0.004900 -0.009293
v 0.007893 0.004900 -0.009234
v 0.007824 0.004900 -0.009181
v 0.007750 0.004900 -0.009134
v 0.007250 0.004900 -0.011000
v 0.007337 0.004900 -0.010996
v 0.007565 0.004900 -0.012161
v 0.007424 0.004900 -0.010985
v 0.007731 0.004900 -0.012141
v 0.007509 0.004900 -0.010966
v 0.008235 0.004900 -0.010174
v 0.008246 0.004900 -0.010087
v 0.007337 0.004900 -0.009004
v 0.007250 0.004900 -0.009000
v 0.007084 0.004900 -0.008107
v 0.007163 0.004900 -0.009004
v 0.006920 0.004900 -0.008129
v 0.007076 0.004900 -0.009015
v 0.006758 0.004900 -0.008165
v 0.006991 0.004900 -0.009034
v 0.006600 0.004900 -0.008215
v 0.006908 0.004900 -0.009060
v 0.006447 0.004900 -0.008278
v 0.006827 0.004900 -0.009094
v 0.006300 0.004900 -0.008355
v 0.006750 0.004900 -0.009134
v 0.006160 0.004900 -0.008444
v 0.006676 0.004900 -0.009181
v 0.006029 0.004900 -0.008545
v 0.006607 0.004900 -0.009234
v 0.005906 0.004900 -0.008656
v 0.006543 0.004900 -0.009293
v 0.005795 0.004900 -0.008779
v 0.006484 0.004900 -0.009357
v 0.005694 0.004900 -0.008910
v 0.006431 0.004900 -0.009426
v 0.005605 0.004900 -0.009050
v 0.006384 0.004900 -0.009500
v 0.005528 0.004900 -0.009197
v 0.006344 0.004900 -0.009577
v 0.005465 0.004900 -0.009350
v 0.006310 0.004900 -0.009658
v 0.005415 0.004900 -0.009508
v 0.006284 0.004900 -0.009741
v 0.005379 0.004900 -0.009670
v 0.006265 0.004900 -0.009826
v 0.005357 0.004900 -0.009834
v 0.006254 0.004900 -0.009913
v 0.006250 0.004900 -0.010000
v 0.006384 0.004900 -0.010500
v 0.005317 0.004900 -0.012031
v 0.005327 0.004900 -0.012010
v 0.005335 0.004900 -0.011988
v 0.005341 0.004900 -0.011966
v 0.005346 0.004900 -0.011943
v 0.006344 0.004900 -0.010423
v 0.005349 0.004900 -0.011919
v 0.006484 0.004900 -0.010643
v 0.006543 0.004900 -0.010707
v 0.005277 0.004900 -0.012087
v 0.006607 0.004900 -0.010766
v 0.005269 0.004900 -0.012095
v 0.006676 0.004900 -0.010819
v 0.005261 0.004900 -0.012103
v 0.006750 0.004900 -0.010866
v 0.005252 0.004900 -0.012110
v 0.006827 0.004900 -0.010906
v 0.005243 0.004900 -0.012117
v 0.006908 0.004900 -0.010940
v 0.005234 0.004900 -0.012124
v 0.005122 0.004900 -0.012165
v 0.005112 0.004900 -0.012166
v 0.005133 0.004900 -0.012164
v 0.005143 0.004900 -0.012162
v 0.005154 0.004900 -0.012160
v 0.005186 0.004900 -0.012150
v 0.005196 0.004900 -0.012146
v 0.005206 0.004900 -0.012141
v 0.005215 0.004900 -0.012136
v 0.008250 0.004900 -0.010000
v 0.008246 0.004900 -0.009913
v 0.005165 0.004900 -0.012157
v 0.005175 0.004900 -0.012154
v 0.005225 0.004900 -0.012130
v 0.009411 0.004900 -0.010315
v 0.009391 0.004900 -0.010481
v 0.008216 0.004900 -0.010259
v 0.009358 0.004900 -0.010645
v 0.008190 0.004900 -0.010342
v 0.009311 0.004900 -0.010805
v 0.008156 0.004900 -0.010423
v 0.009251 0.004900 -0.010962
v 0.008116 0.004900 -0.010500
v 0.009179 0.004900 -0.011112
v 0.008069 0.004900 -0.010574
v 0.009093 0.004900 -0.011256
v 0.008016 0.004900 -0.010643
v 0.008996 0.004900 -0.011392
v 0.008888 0.004900 -0.011520
v 0.007957 0.004900 -0.010707
v 0.008770 0.004900 -0.011638
v 0.007893 0.004900 -0.010766
v 0.008642 0.004900 -0.011746
v 0.007824 0.004900 -0.010819
v 0.008506 0.004900 -0.011843
v 0.007750 0.004900 -0.010866
v 0.008362 0.004900 -0.011929
v 0.007673 0.004900 -0.010906
v 0.008212 0.004900 -0.012001
v 0.007592 0.004900 -0.010940
v 0.008055 0.004900 -0.012061
v 0.007895 0.004900 -0.012108
v -0.012742 0.004800 -0.000994
v -0.012745 0.004800 -0.001073
v -0.012734 0.004800 -0.000935
v -0.012852 0.004800 -0.000533
v -0.012818 0.004800 -0.000605
v -0.012701 0.004800 0.000126
v -0.012791 0.004800 -0.000680
v -0.012769 0.004800 -0.000757
v -0.012754 0.004800 -0.000835
v -0.012744 0.004800 -0.000914
v -0.013440 0.004800 0.004289
v -0.013837 0.004800 0.005273
v -0.013831 0.004800 0.005234
v -0.013829 0.004800 0.005196
v -0.013830 0.004800 0.005157
v -0.013834 0.004800 0.005118
v -0.013683 0.004800 0.001282
v -0.013469 0.004800 0.000678
v -0.012755 0.004800 0.001186
v -0.013204 0.004800 0.000095
v -0.012891 0.004800 -0.000464
v -0.013844 0.004800 0.001901
v -0.012897 0.004800 0.002238
v -0.013952 0.004800 0.002532
v -0.013126 0.004800 0.003275
v -0.014006 0.004800 0.003170
v -0.013840 0.004800 0.005079
v -0.013950 0.004800 0.004449
v -0.014005 0.004800 0.003811
v -0.014193 0.004900 -0.006000
v -0.014193 0.003400 -0.006000
v -0.014625 0.003400 -0.006751
v -0.014625 0.004900 -0.006751
v -0.015107 0.003400 -0.007472
v -0.015107 0.004900 -0.007472
v -0.015636 0.003400 -0.008158
v -0.015636 0.004900 -0.008158
v -0.016211 0.003400 -0.008806
v -0.016211 0.004900 -0.008806
v 0.007924 0.004800 -0.007077
v 0.007884 0.004900 -0.007068
v 0.007834 0.004800 -0.007057
v 0.007707 0.004900 -0.007035
v 0.007834 0.002800 -0.007057
v 0.007707 0.002800 -0.007035
v 0.007462 0.004900 -0.007007
v 0.007462 0.002800 -0.007007
v 0.007215 0.004900 -0.007000
v 0.007215 0.002800 -0.007000
v 0.006969 0.004900 -0.007013
v 0.006969 0.002800 -0.007013
v 0.006724 0.004900 -0.007046
v 0.006724 0.002800 -0.007046
v 0.006483 0.004900 -0.007100
v 0.006483 0.002800 -0.007100
v 0.006248 0.004900 -0.007172
v 0.006248 0.002800 -0.007172
v 0.006019 0.004900 -0.007264
v 0.006019 0.002800 -0.007264
v 0.005798 0.004900 -0.007375
v 0.005798 0.002800 -0.007375
v 0.005587 0.004900 -0.007503
v 0.005587 0.002800 -0.007503
v 0.005388 0.004900 -0.007648
v 0.005388 0.002800 -0.007648
v 0.005201 0.004900 -0.007809
v 0.005201 0.002800 -0.007809
v 0.005028 0.004900 -0.007985
v 0.005028 0.002800 -0.007985
v 0.004870 0.004900 -0.008174
v 0.004870 0.002800 -0.008174
v 0.004728 0.004900 -0.008376
v 0.004728 0.002800 -0.008376
v 0.004603 0.004900 -0.008589
v 0.004603 0.002800 -0.008589
v 0.004496 0.004900 -0.008811
v 0.004496 0.002800 -0.008811
v 0.007689 0.002800 -0.008306
v 0.007834 0.002800 -0.008350
v 0.005218 0.002800 -0.010584
v 0.005600 0.002800 -0.010584
v 0.005556 0.002800 -0.010439
v 0.005240 0.002800 -0.010435
v 0.005666 0.002800 -0.009256
v 0.005736 0.002800 -0.009122
v 0.005818 0.002800 -0.008994
v 0.005910 0.002800 -0.008874
v 0.005250 0.002800 -0.010286
v 0.005524 0.002800 -0.010291
v 0.005246 0.002800 -0.010136
v 0.005506 0.002800 -0.010141
v 0.005230 0.002800 -0.009987
v 0.005500 0.002800 -0.009989
v 0.005201 0.002800 -0.009840
v 0.005508 0.002800 -0.009838
v 0.005160 0.002800 -0.009696
v 0.005528 0.002800 -0.009688
v 0.005106 0.002800 -0.009556
v 0.005041 0.002800 -0.009421
v 0.005562 0.002800 -0.009540
v 0.004964 0.002800 -0.009292
v 0.005608 0.002800 -0.009396
v 0.004877 0.002800 -0.009170
v 0.004557 0.002800 -0.008855
v 0.004672 0.002800 -0.008951
v 0.004779 0.002800 -0.009056
v 0.007541 0.002800 -0.008274
v 0.007391 0.002800 -0.008256
v 0.007239 0.002800 -0.008250
v 0.007088 0.002800 -0.008258
v 0.006938 0.002800 -0.008278
v 0.006790 0.002800 -0.008312
v 0.006646 0.002800 -0.008358
v 0.006506 0.002800 -0.008416
v 0.006372 0.002800 -0.008486
v 0.006244 0.002800 -0.008568
v 0.006124 0.002800 -0.008660
v 0.006013 0.002800 -0.008763
v 0.005600 -0.002200 -0.010584
v 0.005556 -0.002200 -0.010439
v 0.005524 -0.002200 -0.010291
v 0.005506 -0.002200 -0.010141
v 0.005500 -0.002200 -0.009989
v 0.005508 -0.002200 -0.009838
v 0.005528 -0.002200 -0.009688
v 0.005562 -0.002200 -0.009540
v 0.005608 -0.002200 -0.009396
v 0.005666 -0.002200 -0.009256
v 0.005736 -0.002200 -0.009122
v 0.005818 -0.002200 -0.008994
v 0.005910 -0.002200 -0.008874
v 0.006013 -0.002200 -0.008763
v 0.006124 -0.002200 -0.008660
v 0.006244 -0.002200 -0.008568
v 0.006372 -0.002200 -0.008486
v 0.006506 -0.002200 -0.008416
v 0.006646 -0.002200 -0.008358
v 0.006790 -0.002200 -0.008312
v 0.006938 -0.002200 -0.008278
v 0.007088 -0.002200 -0.008258
v 0.007239 -0.002200 -0.008250
v 0.007391 -0.002200 -0.008256
v 0.007541 -0.002200 -0.008274
v 0.007689 -0.002200 -0.008306
v 0.007834 -0.002200 -0.008350
v 0.007834 -0.002200 -0.005259
v 0.007834 0.004800 -0.005259
v 0.007924 0.004800 -0.005077
v 0.008130 -0.002200 -0.004618
v 0.008130 0.004286 -0.004618
v 0.008374 -0.002200 -0.003955
v 0.008564 -0.002200 -0.003275
v 0.008564 0.003202 -0.003275
v 0.008476 0.003422 -0.003617
v 0.008374 0.003677 -0.003955
v 0.008259 0.003965 -0.004289
v 0.008564 -0.002200 0.000775
v 0.008564 0.003202 0.000775
v 0.008564 -0.002200 0.000000
v 0.001782 0.004800 -0.010584
v 0.001782 0.001300 -0.010584
v 0.001779 0.001300 -0.010565
v 0.004434 0.001300 -0.008770
v 0.004557 0.001300 -0.008855
v 0.004672 0.001300 -0.008951
v 0.004779 0.001300 -0.009056
v 0.004877 0.001300 -0.009170
v 0.004964 0.001300 -0.009292
v 0.005041 0.001300 -0.009421
v 0.005106 0.001300 -0.009556
v 0.005160 0.001300 -0.009696
v 0.005201 0.001300 -0.009840
v 0.005230 0.001300 -0.009987
v 0.005246 0.001300 -0.010136
v 0.005250 0.001300 -0.010286
v 0.005240 0.001300 -0.010435
v 0.005218 0.001300 -0.010584
v 0.001793 0.004900 -0.010634
v 0.001802 0.004800 -0.010674
v 0.001779 0.004900 -0.010565
v 0.001758 0.001300 -0.010416
v 0.001758 0.004900 -0.010416
v 0.001750 0.001300 -0.010266
v 0.001750 0.004900 -0.010266
v 0.001755 0.001300 -0.010116
v 0.001755 0.004900 -0.010116
v 0.001773 0.001300 -0.009968
v 0.001773 0.004900 -0.009968
v 0.001803 0.001300 -0.009821
v 0.001803 0.004900 -0.009821
v 0.001846 0.001300 -0.009677
v 0.001846 0.004900 -0.009677
v 0.001902 0.001300 -0.009538
v 0.001902 0.004900 -0.009538
v 0.001968 0.001300 -0.009403
v 0.001968 0.004900 -0.009403
v 0.002047 0.001300 -0.009275
v 0.002047 0.004900 -0.009275
v 0.002135 0.001300 -0.009155
v 0.002135 0.004900 -0.009155
v 0.002234 0.001300 -0.009042
v 0.002234 0.004900 -0.009042
v 0.002342 0.001300 -0.008938
v 0.002342 0.004900 -0.008938
v 0.002459 0.001300 -0.008843
v 0.002459 0.004900 -0.008843
v 0.002583 0.001300 -0.008760
v 0.002583 0.004900 -0.008760
v 0.002714 0.001300 -0.008686
v 0.002714 0.004900 -0.008686
v 0.002851 0.001300 -0.008625
v 0.002851 0.004900 -0.008625
v 0.002992 0.001300 -0.008575
v 0.002992 0.004900 -0.008575
v 0.003137 0.001300 -0.008538
v 0.003137 0.004900 -0.008538
v 0.003285 0.001300 -0.008513
v 0.003285 0.004900 -0.008513
v 0.003435 0.001300 -0.008501
v 0.003435 0.004900 -0.008501
v 0.003585 0.001300 -0.008502
v 0.003585 0.004900 -0.008502
v 0.003734 0.001300 -0.008516
v 0.003734 0.004900 -0.008516
v 0.003882 0.001300 -0.008542
v 0.003882 0.004900 -0.008542
v 0.004026 0.001300 -0.008581
v 0.004026 0.004900 -0.008581
v 0.004167 0.001300 -0.008632
v 0.004167 0.004900 -0.008632
v 0.004303 0.001300 -0.008695
v 0.004303 0.004900 -0.008695
v 0.004434 0.004900 -0.008770
v -0.015482 0.004800 -0.010584
v -0.015502 0.004800 -0.010674
v -0.015493 0.004900 -0.010634
v -0.025000 0.003400 0.006230
v -0.025000 0.003400 0.010584
v -0.025000 0.001200 0.006230
v -0.025000 0.001200 0.010584
v -0.026000 0.001200 0.006230
v -0.026000 0.001200 0.010584
v -0.026000 0.003400 0.006230
v -0.026000 0.003400 0.010584
v -0.031730 0.003400 0.000500
v -0.031730 0.001200 0.000500
v -0.031667 0.001200 0.001015
v -0.031667 0.003400 0.001015
v -0.031562 0.001200 0.001522
v -0.031562 0.003400 0.001522
v -0.031415 0.001200 0.002019
v -0.031415 0.003400 0.002019
v -0.031227 0.001200 0.002503
v -0.031227 0.003400 0.002503
v -0.031000 0.001200 0.002969
v -0.031000 0.003400 0.002969
v -0.030735 0.001200 0.003414
v -0.030735 0.003400 0.003414
v -0.030434 0.001200 0.003837
v -0.030434 0.003400 0.003837
v -0.030099 0.001200 0.004232
v -0.030099 0.003400 0.004232
v -0.029732 0.001200 0.004599
v -0.029732 0.003400 0.004599
v -0.029337 0.001200 0.004934
v -0.029337 0.003400 0.004934
v -0.028914 0.001200 0.005235
v -0.028914 0.003400 0.005235
v -0.028469 0.001200 0.005500
v -0.028469 0.003400 0.005500
v -0.028003 0.001200 0.005727
v -0.028003 0.003400 0.005727
v -0.027519 0.001200 0.005915
v -0.027519 0.003400 0.005915
v -0.027022 0.001200 0.006062
v -0.027022 0.003400 0.006062
v -0.026515 0.001200 0.006167
v -0.026515 0.003400 0.006167
v -0.033834 0.003400 0.000500
v -0.033834 0.001200 0.000500
v -0.029865 0.003400 0.010584
v -0.029769 0.003400 0.010343
v -0.029694 0.003400 0.010095
v -0.029641 0.003400 0.009842
v -0.029609 0.003400 0.009585
v -0.033092 0.003400 0.006391
v -0.033345 0.003400 0.006444
v -0.033593 0.003400 0.006519
v -0.033834 0.003400 0.006615
v -0.029649 0.003400 0.008811
v -0.029613 0.003400 0.009067
v -0.029600 0.003400 0.009326
v -0.029706 0.003400 0.008558
v -0.029786 0.003400 0.008311
v -0.029886 0.003400 0.008072
v -0.032317 0.003400 0.006363
v -0.032576 0.003400 0.006350
v -0.032835 0.003400 0.006359
v -0.032061 0.003400 0.006399
v -0.031808 0.003400 0.006456
v -0.031561 0.003400 0.006536
v -0.031322 0.003400 0.006636
v -0.031093 0.003400 0.006756
v -0.030875 0.003400 0.006896
v -0.030670 0.003400 0.007054
v -0.030479 0.003400 0.007229
v -0.030304 0.003400 0.007420
v -0.030146 0.003400 0.007625
v -0.030006 0.003400 0.007843
v -0.029865 0.002000 0.010584
v -0.029769 0.002000 0.010343
v -0.029694 0.002000 0.010095
v -0.029641 0.002000 0.009842
v -0.029609 0.002000 0.009585
v -0.029600 0.002000 0.009326
v -0.029613 0.002000 0.009067
v -0.029649 0.002000 0.008811
v -0.029706 0.002000 0.008558
v -0.029786 0.002000 0.008311
v -0.029886 0.002000 0.008072
v -0.030006 0.002000 0.007843
v -0.030146 0.002000 0.007625
v -0.030304 0.002000 0.007420
v -0.030479 0.002000 0.007229
v -0.030670 0.002000 0.007054
v -0.030875 0.002000 0.006896
v -0.031093 0.002000 0.006756
v -0.031322 0.002000 0.006636
v -0.031561 0.002000 0.006536
v -0.031808 0.002000 0.006456
v -0.032061 0.002000 0.006399
v -0.032317 0.002000 0.006363
v -0.032576 0.002000 0.006350
v -0.032835 0.002000 0.006359
v -0.033092 0.002000 0.006391
v -0.033345 0.002000 0.006444
v -0.033593 0.002000 0.006519
v -0.033834 0.002000 0.006615
v -0.031730 0.001200 -0.000500
v -0.033834 0.001200 -0.000500
v -0.031730 0.003400 -0.000500
v -0.033834 0.003400 -0.000500
v -0.026000 0.003400 -0.006230
v -0.026000 0.001200 -0.006230
v -0.026515 0.001200 -0.006167
v -0.026515 0.003400 -0.006167
v -0.027022 0.001200 -0.006062
v -0.027022 0.003400 -0.006062
v -0.027519 0.001200 -0.005915
v -0.027519 0.003400 -0.005915
v -0.028003 0.001200 -0.005727
v -0.028003 0.003400 -0.005727
v -0.028469 0.001200 -0.005500
v -0.028469 0.003400 -0.005500
v -0.028914 0.001200 -0.005235
v -0.028914 0.003400 -0.005235
v -0.029337 0.001200 -0.004934
v -0.029337 0.003400 -0.004934
v -0.029732 0.001200 -0.004599
v -0.029732 0.003400 -0.004599
v -0.030099 0.001200 -0.004232
v -0.030099 0.003400 -0.004232
v -0.030434 0.001200 -0.003837
v -0.030434 0.003400 -0.003837
v -0.030735 0.001200 -0.003414
v -0.030735 0.003400 -0.003414
v -0.031000 0.001200 -0.002969
v -0.031000 0.003400 -0.002969
v -0.031227 0.001200 -0.002503
v -0.031227 0.003400 -0.002503
v -0.031415 0.001200 -0.002019
v -0.031415 0.003400 -0.002019
v -0.031562 0.001200 -0.001522
v -0.031562 0.003400 -0.001522
v -0.031667 0.001200 -0.001015
v -0.031667 0.003400 -0.001015
v -0.033600 0.002000 -0.007914
v -0.033834 0.002000 -0.006615
v -0.033721 0.002000 -0.008006
v -0.033834 0.002000 -0.008109
v -0.031082 0.002000 -0.010221
v -0.031164 0.002000 -0.010350
v -0.029865 0.002000 -0.010584
v -0.031256 0.002000 -0.010471
v -0.031359 0.002000 -0.010584
v -0.033471 0.002000 -0.007832
v -0.033336 0.002000 -0.007762
v -0.033593 0.002000 -0.006519
v -0.033195 0.002000 -0.007704
v -0.033345 0.002000 -0.006444
v -0.033050 0.002000 -0.007659
v -0.033092 0.002000 -0.006391
v -0.032901 0.002000 -0.007626
v -0.032835 0.002000 -0.006359
v -0.032750 0.002000 -0.007606
v -0.032576 0.002000 -0.006350
v -0.032597 0.002000 -0.007600
v -0.032317 0.002000 -0.006363
v -0.032445 0.002000 -0.007607
v -0.032061 0.002000 -0.006399
v -0.032294 0.002000 -0.007627
v -0.031808 0.002000 -0.006456
v -0.032145 0.002000 -0.007660
v -0.031561 0.002000 -0.006536
v -0.032000 0.002000 -0.007706
v -0.031322 0.002000 -0.006636
v -0.031859 0.002000 -0.007764
v -0.031093 0.002000 -0.006756
v -0.031724 0.002000 -0.007835
v -0.030875 0.002000 -0.006896
v -0.031596 0.002000 -0.007917
v -0.030670 0.002000 -0.007054
v -0.031475 0.002000 -0.008010
v -0.030479 0.002000 -0.007229
v -0.031363 0.002000 -0.008113
v -0.030304 0.002000 -0.007420
v -0.031260 0.002000 -0.008225
v -0.030146 0.002000 -0.007625
v -0.031167 0.002000 -0.008346
v -0.030006 0.002000 -0.007843
v -0.031085 0.002000 -0.008474
v -0.029886 0.002000 -0.008072
v -0.031014 0.002000 -0.008609
v -0.029786 0.002000 -0.008311
v -0.030956 0.002000 -0.008750
v -0.029706 0.002000 -0.008558
v -0.030910 0.002000 -0.008895
v -0.029649 0.002000 -0.008811
v -0.030877 0.002000 -0.009044
v -0.029613 0.002000 -0.009067
v -0.030857 0.002000 -0.009195
v -0.029600 0.002000 -0.009326
v -0.030850 0.002000 -0.009347
v -0.029609 0.002000 -0.009585
v -0.030856 0.002000 -0.009500
v -0.029641 0.002000 -0.009842
v -0.030876 0.002000 -0.009651
v -0.029694 0.002000 -0.010095
v -0.030909 0.002000 -0.009800
v -0.029769 0.002000 -0.010343
v -0.030954 0.002000 -0.009945
v -0.031012 0.002000 -0.010086
v -0.031359 -0.002200 -0.010584
v -0.031256 -0.002200 -0.010471
v -0.031164 -0.002200 -0.010350
v -0.031082 -0.002200 -0.010221
v -0.031012 -0.002200 -0.010086
v -0.030954 -0.002200 -0.009945
v -0.030909 -0.002200 -0.009800
v -0.030876 -0.002200 -0.009651
v -0.030856 -0.002200 -0.009500
v -0.030850 -0.002200 -0.009347
v -0.030857 -0.002200 -0.009195
v -0.030877 -0.002200 -0.009044
v -0.030910 -0.002200 -0.008895
v -0.030956 -0.002200 -0.008750
v -0.031014 -0.002200 -0.008609
v -0.031085 -0.002200 -0.008474
v -0.031167 -0.002200 -0.008346
v -0.031260 -0.002200 -0.008225
v -0.031363 -0.002200 -0.008113
v -0.031475 -0.002200 -0.008010
v -0.031596 -0.002200 -0.007917
v -0.031724 -0.002200 -0.007835
v -0.031859 -0.002200 -0.007764
v -0.032000 -0.002200 -0.007706
v -0.032145 -0.002200 -0.007660
v -0.032294 -0.002200 -0.007627
v -0.032445 -0.002200 -0.007607
v -0.032597 -0.002200 -0.007600
v -0.032750 -0.002200 -0.007606
v -0.032901 -0.002200 -0.007626
v -0.033050 -0.002200 -0.007659
v -0.033195 -0.002200 -0.007704
v -0.033336 -0.002200 -0.007762
v -0.033471 -0.002200 -0.007832
v -0.033600 -0.002200 -0.007914
v -0.033721 -0.002200 -0.008006
v -0.033834 -0.002200 -0.008109
v -0.009869 0.003100 -0.010584
v -0.012344 0.003100 -0.010584
v -0.011852 0.003100 -0.010653
v -0.010361 0.003100 -0.010653
v -0.011355 0.003100 -0.010688
v -0.010858 0.003100 -0.010688
v 0.004306 0.006150 -0.011804
v 0.004294 0.006150 -0.011809
v 0.004294 0.006172 -0.011808
v 0.004168 0.006150 -0.011868
v 0.004158 0.006150 -0.011872
v 0.004158 0.006172 -0.011871
v 0.004025 0.006150 -0.011920
v 0.004017 0.006150 -0.011922
v 0.004017 0.006172 -0.011921
v 0.003878 0.006150 -0.011959
v 0.003872 0.006150 -0.011960
v 0.003872 0.006172 -0.011959
v 0.003728 0.006150 -0.011985
v 0.003724 0.006150 -0.011986
v 0.003724 0.006172 -0.011985
v 0.003576 0.006150 -0.011998
v 0.003575 0.006150 -0.011998
v 0.003575 0.006172 -0.011997
v 0.003424 0.006150 -0.011998
v 0.003276 0.006150 -0.011986
v 0.003276 0.006172 -0.011985
v 0.003272 0.006150 -0.011985
v 0.003128 0.006150 -0.011960
v 0.003128 0.006172 -0.011959
v 0.003122 0.006150 -0.011959
v 0.002983 0.006150 -0.011922
v 0.002983 0.006172 -0.011921
v 0.002975 0.006150 -0.011920
v 0.002842 0.006150 -0.011872
v 0.002842 0.006172 -0.011871
v 0.002832 0.006150 -0.011868
v 0.002706 0.006150 -0.011809
v 0.002706 0.006172 -0.011808
v 0.002694 0.006150 -0.011804
v 0.002575 0.006150 -0.011736
v 0.002576 0.006172 -0.011735
v 0.002562 0.006150 -0.011728
v 0.002451 0.006150 -0.011651
v 0.002452 0.006172 -0.011650
v 0.004549 0.006150 -0.011651
v 0.002472 0.006275 -0.011624
v 0.002486 0.006311 -0.011604
v 0.002495 0.006327 -0.011592
v 0.002505 0.006342 -0.011580
v 0.002526 0.006367 -0.011551
v 0.002575 0.006396 -0.011486
v 0.002588 0.006399 -0.011468
v 0.002562 0.006391 -0.011503
v 0.002550 0.006385 -0.011519
v 0.002538 0.006377 -0.011536
v 0.002515 0.006355 -0.011566
v 0.002479 0.006293 -0.011615
v 0.002460 0.006236 -0.011639
v 0.002465 0.006256 -0.011632
v 0.002457 0.006215 -0.011644
v 0.002454 0.006193 -0.011648
v 0.004546 0.006193 -0.011648
v 0.004543 0.006215 -0.011644
v 0.004540 0.006236 -0.011639
v 0.004535 0.006256 -0.011632
v 0.004528 0.006275 -0.011624
v 0.004521 0.006293 -0.011615
v 0.004514 0.006311 -0.011604
v 0.004505 0.006327 -0.011592
v 0.004495 0.006342 -0.011580
v 0.004485 0.006355 -0.011566
v 0.004474 0.006367 -0.011551
v 0.004462 0.006377 -0.011536
v 0.004450 0.006385 -0.011519
v 0.004438 0.006391 -0.011503
v 0.004425 0.006396 -0.011486
v 0.004412 0.006399 -0.011468
v 0.004304 0.006399 -0.011542
v 0.004316 0.006396 -0.011560
v 0.004327 0.006391 -0.011578
v 0.004338 0.006385 -0.011596
v 0.004349 0.006377 -0.011613
v 0.004359 0.006367 -0.011630
v 0.004369 0.006355 -0.011645
v 0.004378 0.006342 -0.011660
v 0.004386 0.006327 -0.011673
v 0.004394 0.006311 -0.011686
v 0.004401 0.006293 -0.011697
v 0.004407 0.006275 -0.011707
v 0.004412 0.006256 -0.011716
v 0.004417 0.006236 -0.011723
v 0.004420 0.006215 -0.011728
v 0.004423 0.006193 -0.011732
v 0.004191 0.006399 -0.011606
v 0.004201 0.006396 -0.011625
v 0.004210 0.006391 -0.011644
v 0.004220 0.006385 -0.011663
v 0.004229 0.006377 -0.011681
v 0.004238 0.006367 -0.011698
v 0.004246 0.006355 -0.011714
v 0.004254 0.006342 -0.011730
v 0.004261 0.006327 -0.011744
v 0.004268 0.006311 -0.011757
v 0.004274 0.006293 -0.011769
v 0.004279 0.006275 -0.011779
v 0.004284 0.006256 -0.011788
v 0.004288 0.006236 -0.011796
v 0.004290 0.006215 -0.011802
v 0.004293 0.006193 -0.011806
v 0.004424 0.006172 -0.011735
v 0.004548 0.006172 -0.011650
v 0.002577 0.006193 -0.011732
v 0.002580 0.006215 -0.011728
v 0.002583 0.006236 -0.011723
v 0.002588 0.006256 -0.011716
v 0.002593 0.006275 -0.011707
v 0.002599 0.006293 -0.011697
v 0.002606 0.006311 -0.011686
v 0.002614 0.006327 -0.011673
v 0.002622 0.006342 -0.011660
v 0.002631 0.006355 -0.011645
v 0.002641 0.006367 -0.011630
v 0.002651 0.006377 -0.011613
v 0.002662 0.006385 -0.011596
v 0.002673 0.006391 -0.011578
v 0.002684 0.006396 -0.011560
v 0.002696 0.006399 -0.011542
v 0.002707 0.006193 -0.011806
v 0.002710 0.006215 -0.011802
v 0.002712 0.006236 -0.011796
v 0.002716 0.006256 -0.011788
v 0.002721 0.006275 -0.011779
v 0.002726 0.006293 -0.011769
v 0.002732 0.006311 -0.011757
v 0.002739 0.006327 -0.011744
v 0.002746 0.006342 -0.011730
v 0.002754 0.006355 -0.011714
v 0.002762 0.006367 -0.011698
v 0.002771 0.006377 -0.011681
v 0.002780 0.006385 -0.011663
v 0.002790 0.006391 -0.011644
v 0.002799 0.006396 -0.011625
v 0.002809 0.006399 -0.011606
v 0.002843 0.006193 -0.011868
v 0.002845 0.006215 -0.011864
v 0.002848 0.006236 -0.011858
v 0.002851 0.006256 -0.011850
v 0.002855 0.006275 -0.011841
v 0.002859 0.006293 -0.011830
v 0.002864 0.006311 -0.011817
v 0.002870 0.006327 -0.011804
v 0.002876 0.006342 -0.011789
v 0.002882 0.006355 -0.011773
v 0.002889 0.006367 -0.011756
v 0.002896 0.006377 -0.011738
v 0.002904 0.006385 -0.011719
v 0.002912 0.006391 -0.011700
v 0.002920 0.006396 -0.011680
v 0.002928 0.006399 -0.011660
v 0.002984 0.006193 -0.011918
v 0.002986 0.006215 -0.011914
v 0.002988 0.006236 -0.011908
v 0.002990 0.006256 -0.011900
v 0.002993 0.006275 -0.011890
v 0.002996 0.006293 -0.011879
v 0.003000 0.006311 -0.011866
v 0.003005 0.006327 -0.011852
v 0.003010 0.006342 -0.011837
v 0.003015 0.006355 -0.011820
v 0.003020 0.006367 -0.011803
v 0.003026 0.006377 -0.011784
v 0.003032 0.006385 -0.011765
v 0.003038 0.006391 -0.011745
v 0.003044 0.006396 -0.011725
v 0.003051 0.006399 -0.011704
v 0.003129 0.006193 -0.011956
v 0.003130 0.006215 -0.011952
v 0.003131 0.006236 -0.011945
v 0.003133 0.006256 -0.011937
v 0.003135 0.006275 -0.011927
v 0.003138 0.006293 -0.011916
v 0.003141 0.006311 -0.011903
v 0.003144 0.006327 -0.011888
v 0.003147 0.006342 -0.011873
v 0.003151 0.006355 -0.011856
v 0.003155 0.006367 -0.011838
v 0.003159 0.006377 -0.011819
v 0.003163 0.006385 -0.011799
v 0.003167 0.006391 -0.011779
v 0.003172 0.006396 -0.011758
v 0.003177 0.006399 -0.011737
v 0.003276 0.006193 -0.011982
v 0.003277 0.006215 -0.011977
v 0.003278 0.006236 -0.011971
v 0.003279 0.006256 -0.011962
v 0.003280 0.006275 -0.011952
v 0.003282 0.006293 -0.011941
v 0.003283 0.006311 -0.011928
v 0.003285 0.006327 -0.011913
v 0.003287 0.006342 -0.011897
v 0.003289 0.006355 -0.011880
v 0.003292 0.006367 -0.011862
v 0.003294 0.006377 -0.011842
v 0.003297 0.006385 -0.011822
v 0.003299 0.006391 -0.011802
v 0.003302 0.006396 -0.011781
v 0.003305 0.006399 -0.011759
v 0.003425 0.006150 -0.011998
v 0.003425 0.006172 -0.011997
v 0.003425 0.006193 -0.011995
v 0.003425 0.006215 -0.011990
v 0.003426 0.006236 -0.011983
v 0.003426 0.006256 -0.011975
v 0.003427 0.006275 -0.011965
v 0.003427 0.006293 -0.011953
v 0.003428 0.006311 -0.011940
v 0.003428 0.006327 -0.011925
v 0.003429 0.006342 -0.011909
v 0.003430 0.006355 -0.011892
v 0.003430 0.006367 -0.011874
v 0.003431 0.006377 -0.011854
v 0.003432 0.006385 -0.011834
v 0.003433 0.006391 -0.011813
v 0.003434 0.006396 -0.011792
v 0.003435 0.006399 -0.011770
v 0.003565 0.006399 -0.011770
v 0.003566 0.006396 -0.011792
v 0.003567 0.006391 -0.011813
v 0.003568 0.006385 -0.011834
v 0.003569 0.006377 -0.011854
v 0.003570 0.006367 -0.011874
v 0.003570 0.006355 -0.011892
v 0.003571 0.006342 -0.011909
v 0.003572 0.006327 -0.011925
v 0.003572 0.006311 -0.011940
v 0.003573 0.006293 -0.011953
v 0.003573 0.006275 -0.011965
v 0.003574 0.006256 -0.011975
v 0.003574 0.006236 -0.011983
v 0.003575 0.006215 -0.011990
v 0.003575 0.006193 -0.011995
v 0.003724 0.006193 -0.011982
v 0.003723 0.006215 -0.011977
v 0.003722 0.006236 -0.011971
v 0.003721 0.006256 -0.011962
v 0.003720 0.006275 -0.011952
v 0.003718 0.006293 -0.011941
v 0.003717 0.006311 -0.011928
v 0.003715 0.006327 -0.011913
v 0.003713 0.006342 -0.011897
v 0.003711 0.006355 -0.011880
v 0.003708 0.006367 -0.011862
v 0.003706 0.006377 -0.011842
v 0.003703 0.006385 -0.011822
v 0.003701 0.006391 -0.011802
v 0.003698 0.006396 -0.011781
v 0.003695 0.006399 -0.011759
v 0.003871 0.006193 -0.011956
v 0.003870 0.006215 -0.011952
v 0.003869 0.006236 -0.011945
v 0.003867 0.006256 -0.011937
v 0.003865 0.006275 -0.011927
v 0.003862 0.006293 -0.011916
v 0.003859 0.006311 -0.011903
v 0.003856 0.006327 -0.011888
v 0.003853 0.006342 -0.011873
v 0.003849 0.006355 -0.011856
v 0.003845 0.006367 -0.011838
v 0.003841 0.006377 -0.011819
v 0.003837 0.006385 -0.011799
v 0.003833 0.006391 -0.011779
v 0.003828 0.006396 -0.011758
v 0.003823 0.006399 -0.011737
v 0.004016 0.006193 -0.011918
v 0.004014 0.006215 -0.011914
v 0.004012 0.006236 -0.011908
v 0.004010 0.006256 -0.011900
v 0.004007 0.006275 -0.011890
v 0.004004 0.006293 -0.011879
v 0.004000 0.006311 -0.011866
v 0.003995 0.006327 -0.011852
v 0.003990 0.006342 -0.011837
v 0.003985 0.006355 -0.011820
v 0.003980 0.006367 -0.011803
v 0.003974 0.006377 -0.011784
v 0.003968 0.006385 -0.011765
v 0.003962 0.006391 -0.011745
v 0.003956 0.006396 -0.011725
v 0.003949 0.006399 -0.011704
v 0.004157 0.006193 -0.011868
v 0.004155 0.006215 -0.011864
v 0.004152 0.006236 -0.011858
v 0.004149 0.006256 -0.011850
v 0.004145 0.006275 -0.011841
v 0.004141 0.006293 -0.011830
v 0.004136 0.006311 -0.011817
v 0.004130 0.006327 -0.011804
v 0.004124 0.006342 -0.011789
v 0.004118 0.006355 -0.011773
v 0.004111 0.006367 -0.011756
v 0.004104 0.006377 -0.011738
v 0.004096 0.006385 -0.011719
v 0.004088 0.006391 -0.011700
v 0.004080 0.006396 -0.011680
v 0.004072 0.006399 -0.011660
v 0.004425 0.006150 -0.011736
v 0.004438 0.006150 -0.011728
v -0.017270 0.006200 -0.011047
v -0.017339 0.006200 -0.011038
v -0.017407 0.006200 -0.011023
v -0.017474 0.006200 -0.011002
v -0.017538 0.006200 -0.010975
v -0.017600 0.006200 -0.010943
v -0.017659 0.006200 -0.010905
v -0.017714 0.006200 -0.010863
v -0.017766 0.006200 -0.010816
v -0.017813 0.006200 -0.010764
v -0.017855 0.006200 -0.010709
v -0.017893 0.006200 -0.010650
v -0.017925 0.006200 -0.010588
v -0.017952 0.006200 -0.010524
v -0.017973 0.006200 -0.010457
v -0.017988 0.006200 -0.010389
v -0.017997 0.006200 -0.010320
v -0.018000 0.006200 -0.010250
v -0.017997 0.006200 -0.010180
v -0.017988 0.006200 -0.010111
v -0.017973 0.006200 -0.010043
v -0.017952 0.006200 -0.009976
v -0.017925 0.006200 -0.009912
v -0.017893 0.006200 -0.009850
v -0.017855 0.006200 -0.009791
v -0.017813 0.006200 -0.009736
v -0.017766 0.006200 -0.009684
v -0.017714 0.006200 -0.009637
v -0.017659 0.006200 -0.009595
v -0.017600 0.006200 -0.009557
v -0.017538 0.006200 -0.009525
v -0.017474 0.006200 -0.009498
v -0.017407 0.006200 -0.009477
v -0.017339 0.006200 -0.009462
v -0.017270 0.006200 -0.009453
v -0.017200 0.006200 -0.009450
v -0.017130 0.006200 -0.009453
v -0.017061 0.006200 -0.009462
v -0.016993 0.006200 -0.009477
v -0.016926 0.006200 -0.009498
v -0.016862 0.006200 -0.009525
v -0.016800 0.006200 -0.009557
v -0.016741 0.006200 -0.009595
v -0.016686 0.006200 -0.009637
v -0.016634 0.006200 -0.009684
v -0.016587 0.006200 -0.009736
v -0.016545 0.006200 -0.009791
v -0.016507 0.006200 -0.009850
v -0.016475 0.006200 -0.009912
v -0.016448 0.006200 -0.009976
v -0.016427 0.006200 -0.010043
v -0.016412 0.006200 -0.010111
v -0.016403 0.006200 -0.010180
v -0.016400 0.006200 -0.010250
v -0.016403 0.006200 -0.010320
v -0.016412 0.006200 -0.010389
v -0.016427 0.006200 -0.010457
v -0.016448 0.006200 -0.010524
v -0.016475 0.006200 -0.010588
v -0.016507 0.006200 -0.010650
v -0.016545 0.006200 -0.010709
v -0.016587 0.006200 -0.010764
v -0.016634 0.006200 -0.010816
v -0.016686 0.006200 -0.010863
v -0.016741 0.006200 -0.010905
v -0.016800 0.006200 -0.010943
v -0.016862 0.006200 -0.010975
v -0.016926 0.006200 -0.011002
v -0.016993 0.006200 -0.011023
v -0.017061 0.006200 -0.011038
v -0.017130 0.006200 -0.011047
v -0.017200 0.006200 -0.011050
v -0.016400 0.002300 -0.010250
v -0.016403 0.002300 -0.010320
v -0.016412 0.002300 -0.010389
v -0.016427 0.002300 -0.010457
v -0.016448 0.002300 -0.010524
v -0.016475 0.002300 -0.010588
v -0.016507 0.002300 -0.010650
v -0.016545 0.002300 -0.010709
v -0.016587 0.002300 -0.010764
v -0.016634 0.002300 -0.010816
v -0.016686 0.002300 -0.010863
v -0.016741 0.002300 -0.010905
v -0.016800 0.002300 -0.010943
v -0.016862 0.002300 -0.010975
v -0.016926 0.002300 -0.011002
v -0.016993 0.002300 -0.011023
v -0.017061 0.002300 -0.011038
v -0.017130 0.002300 -0.011047
v -0.017200 0.002300 -0.011050
v -0.017270 0.002300 -0.011047
v -0.017339 0.002300 -0.011038
v -0.017407 0.002300 -0.011023
v -0.017474 0.002300 -0.011002
v -0.017538 0.002300 -0.010975
v -0.017600 0.002300 -0.010943
v -0.017659 0.002300 -0.010905
v -0.017714 0.002300 -0.010863
v -0.017766 0.002300 -0.010816
v -0.017813 0.002300 -0.010764
v -0.017855 0.002300 -0.010709
v -0.017893 0.002300 -0.010650
v -0.017925 0.002300 -0.010588
v -0.017952 0.002300 -0.010524
v -0.017973 0.002300 -0.010457
v -0.017988 0.002300 -0.010389
v -0.017997 0.002300 -0.010320
v -0.018000 0.002300 -0.010250
v -0.017997 0.002300 -0.010180
v -0.017988 0.002300 -0.010111
v -0.017973 0.002300 -0.010043
v -0.017952 0.002300 -0.009976
v -0.017925 0.002300 -0.009912
v -0.017893 0.002300 -0.009850
v -0.017855 0.002300 -0.009791
v -0.017813 0.002300 -0.009736
v -0.017766 0.002300 -0.009684
v -0.017714 0.002300 -0.009637
v -0.017659 0.002300 -0.009595
v -0.017600 0.002300 -0.009557
v -0.017538 0.002300 -0.009525
v -0.017474 0.002300 -0.009498
v -0.017407 0.002300 -0.009477
v -0.017339 0.002300 -0.009462
v -0.017270 0.002300 -0.009453
v -0.017200 0.002300 -0.009450
v -0.017130 0.002300 -0.009453
v -0.017061 0.002300 -0.009462
v -0.016993 0.002300 -0.009477
v -0.016926 0.002300 -0.009498
v -0.016862 0.002300 -0.009525
v -0.016800 0.002300 -0.009557
v -0.016741 0.002300 -0.009595
v -0.016686 0.002300 -0.009637
v -0.016634 0.002300 -0.009684
v -0.016587 0.002300 -0.009736
v -0.016545 0.002300 -0.009791
v -0.016507 0.002300 -0.009850
v -0.016475 0.002300 -0.009912
v -0.016448 0.002300 -0.009976
v -0.016427 0.002300 -0.010043
v -0.016412 0.002300 -0.010111
v -0.016403 0.002300 -0.010180
v -0.017200 0.002300 -0.010250
v 0.003430 0.006200 -0.011047
v 0.003361 0.006200 -0.011038
v 0.003293 0.006200 -0.011023
v 0.003226 0.006200 -0.011002
v 0.003162 0.006200 -0.010975
v 0.003100 0.006200 -0.010943
v 0.003041 0.006200 -0.010905
v 0.002986 0.006200 -0.010863
v 0.002934 0.006200 -0.010816
v 0.002887 0.006200 -0.010764
v 0.002845 0.006200 -0.010709
v 0.002807 0.006200 -0.010650
v 0.002775 0.006200 -0.010588
v 0.002748 0.006200 -0.010524
v 0.002727 0.006200 -0.010457
v 0.002712 0.006200 -0.010389
v 0.002703 0.006200 -0.010320
v 0.002700 0.006200 -0.010250
v 0.002703 0.006200 -0.010180
v 0.002712 0.006200 -0.010111
v 0.002727 0.006200 -0.010043
v 0.002748 0.006200 -0.009976
v 0.002775 0.006200 -0.009912
v 0.002807 0.006200 -0.009850
v 0.002845 0.006200 -0.009791
v 0.002887 0.006200 -0.009736
v 0.002934 0.006200 -0.009684
v 0.002986 0.006200 -0.009637
v 0.003041 0.006200 -0.009595
v 0.003100 0.006200 -0.009557
v 0.003162 0.006200 -0.009525
v 0.003226 0.006200 -0.009498
v 0.003293 0.006200 -0.009477
v 0.003361 0.006200 -0.009462
v 0.003430 0.006200 -0.009453
v 0.003500 0.006200 -0.009450
v 0.003570 0.006200 -0.009453
v 0.003639 0.006200 -0.009462
v 0.003707 0.006200 -0.009477
v 0.003774 0.006200 -0.009498
v 0.003838 0.006200 -0.009525
v 0.003900 0.006200 -0.009557
v 0.003959 0.006200 -0.009595
v 0.004014 0.006200 -0.009637
v 0.004066 0.006200 -0.009684
v 0.004113 0.006200 -0.009736
v 0.004155 0.006200 -0.009791
v 0.004193 0.006200 -0.009850
v 0.004225 0.006200 -0.009912
v 0.004252 0.006200 -0.009976
v 0.004273 0.006200 -0.010043
v 0.004288 0.006200 -0.010111
v 0.004297 0.006200 -0.010180
v 0.004300 0.006200 -0.010250
v 0.004297 0.006200 -0.010320
v 0.004288 0.006200 -0.010389
v 0.004273 0.006200 -0.010457
v 0.004252 0.006200 -0.010524
v 0.004225 0.006200 -0.010588
v 0.004193 0.006200 -0.010650
v 0.004155 0.006200 -0.010709
v 0.004113 0.006200 -0.010764
v 0.004066 0.006200 -0.010816
v 0.004014 0.006200 -0.010863
v 0.003959 0.006200 -0.010905
v 0.003900 0.006200 -0.010943
v 0.003838 0.006200 -0.010975
v 0.003774 0.006200 -0.011002
v 0.003707 0.006200 -0.011023
v 0.003639 0.006200 -0.011038
v 0.003570 0.006200 -0.011047
v 0.003500 0.006200 -0.011050
v 0.002727 0.002300 -0.010457
v 0.002748 0.002300 -0.010524
v 0.002773 0.002300 -0.010584
v 0.002775 0.002300 -0.010588
v 0.002807 0.002300 -0.010650
v 0.002845 0.002300 -0.010709
v 0.002887 0.002300 -0.010764
v 0.002934 0.002300 -0.010816
v 0.002986 0.002300 -0.010863
v 0.003041 0.002300 -0.010905
v 0.003100 0.002300 -0.010943
v 0.003162 0.002300 -0.010975
v 0.003226 0.002300 -0.011002
v 0.003293 0.002300 -0.011023
v 0.003361 0.002300 -0.011038
v 0.003430 0.002300 -0.011047
v 0.003500 0.002300 -0.011050
v 0.003570 0.002300 -0.011047
v 0.003639 0.002300 -0.011038
v 0.003707 0.002300 -0.011023
v 0.003774 0.002300 -0.011002
v 0.003838 0.002300 -0.010975
v 0.003900 0.002300 -0.010943
v 0.003959 0.002300 -0.010905
v 0.004014 0.002300 -0.010863
v 0.004066 0.002300 -0.010816
v 0.004113 0.002300 -0.010764
v 0.004155 0.002300 -0.010709
v 0.004193 0.002300 -0.010650
v 0.004225 0.002300 -0.010588
v 0.004252 0.002300 -0.010524
v 0.004273 0.002300 -0.010457
v 0.004288 0.002300 -0.010389
v 0.004297 0.002300 -0.010320
v 0.004300 0.002300 -0.010250
v 0.004297 0.002300 -0.010180
v 0.004288 0.002300 -0.010111
v 0.004273 0.002300 -0.010043
v 0.004252 0.002300 -0.009976
v 0.004225 0.002300 -0.009912
v 0.004193 0.002300 -0.009850
v 0.004155 0.002300 -0.009791
v 0.004113 0.002300 -0.009736
v 0.004066 0.002300 -0.009684
v 0.004014 0.002300 -0.009637
v 0.003959 0.002300 -0.009595
v 0.003900 0.002300 -0.009557
v 0.003838 0.002300 -0.009525
v 0.003774 0.002300 -0.009498
v 0.003707 0.002300 -0.009477
v 0.003639 0.002300 -0.009462
v 0.003570 0.002300 -0.009453
v 0.003500 0.002300 -0.009450
v 0.003430 0.002300 -0.009453
v 0.003361 0.002300 -0.009462
v 0.003293 0.002300 -0.009477
v 0.003226 0.002300 -0.009498
v 0.003162 0.002300 -0.009525
v 0.003100 0.002300 -0.009557
v 0.003041 0.002300 -0.009595
v 0.002986 0.002300 -0.009637
v 0.002934 0.002300 -0.009684
v 0.002887 0.002300 -0.009736
v 0.002845 0.002300 -0.009791
v 0.002807 0.002300 -0.009850
v 0.002775 0.002300 -0.009912
v 0.002748 0.002300 -0.009976
v 0.002727 0.002300 -0.010043
v 0.002712 0.002300 -0.010111
v 0.002703 0.002300 -0.010180
v 0.002700 0.002300 -0.010250
v 0.002703 0.002300 -0.010320
v 0.002712 0.002300 -0.010389
v 0.003500 0.002300 -0.010250
v 0.008215 0.007496 -0.006721
v 0.008216 0.007496 -0.006721
v 0.008216 0.007496 -0.006726
v 0.008223 0.007495 -0.006721
v 0.008235 0.007492 -0.006721
v 0.008236 0.007492 -0.006726
v 0.008255 0.007486 -0.006721
v 0.008256 0.007486 -0.006721
v 0.008256 0.007486 -0.006726
v 0.008368 0.007406 -0.006722
v 0.008372 0.007401 -0.006722
v 0.008371 0.007402 -0.006734
v 0.008392 0.007370 -0.006723
v 0.008395 0.007365 -0.006723
v 0.008393 0.007367 -0.006737
v 0.008335 0.007332 -0.006874
v 0.008347 0.007336 -0.006862
v 0.008173 0.007320 -0.006920
v 0.008174 0.007332 -0.006918
v 0.008264 0.007306 -0.006915
v 0.008248 0.007299 -0.006919
v 0.008233 0.007293 -0.006921
v 0.008294 0.007317 -0.006902
v 0.008279 0.007312 -0.006909
v 0.008308 0.007323 -0.006894
v 0.008322 0.007327 -0.006884
v 0.008358 0.007339 -0.006849
v 0.008368 0.007342 -0.006835
v 0.008376 0.007345 -0.006820
v 0.008384 0.007347 -0.006805
v 0.008391 0.007348 -0.006789
v 0.008396 0.007349 -0.006772
v 0.008399 0.007349 -0.006756
v 0.008402 0.007348 -0.006738
v 0.008403 0.007348 -0.006723
v 0.008381 0.007388 -0.006722
v 0.008384 0.007384 -0.006723
v 0.008383 0.007385 -0.006735
v 0.008384 0.007384 -0.006723
v 0.008343 0.007433 -0.006722
v 0.008354 0.007422 -0.006722
v 0.008358 0.007418 -0.006732
v 0.008358 0.007418 -0.006722
v 0.008359 0.007417 -0.006722
v 0.008328 0.007446 -0.006722
v 0.008338 0.007437 -0.006722
v 0.008344 0.007432 -0.006731
v 0.008321 0.007451 -0.006721
v 0.008327 0.007447 -0.006721
v 0.008328 0.007446 -0.006730
v 0.008310 0.007459 -0.006721
v 0.008294 0.007469 -0.006721
v 0.008303 0.007463 -0.006721
v 0.008311 0.007458 -0.006729
v 0.008284 0.007474 -0.006721
v 0.008293 0.007469 -0.006721
v 0.008294 0.007469 -0.006728
v 0.008274 0.007478 -0.006721
v 0.008244 0.007490 -0.006721
v 0.008201 0.007498 -0.006721
v 0.008173 0.007500 -0.006720
v 0.008175 0.007500 -0.006720
v 0.008173 0.007500 -0.006721
v 0.008175 0.007500 -0.006725
v 0.008173 0.007500 -0.006725
v 0.008175 0.007499 -0.006742
v 0.008175 0.007492 -0.006776
v 0.008173 0.007496 -0.006760
v 0.008175 0.007496 -0.006760
v 0.008173 0.007497 -0.006755
v 0.008173 0.007499 -0.006738
v 0.008175 0.007479 -0.006809
v 0.008173 0.007486 -0.006793
v 0.008175 0.007486 -0.006793
v 0.008173 0.007488 -0.006789
v 0.008173 0.007493 -0.006772
v 0.008175 0.007462 -0.006838
v 0.008173 0.007471 -0.006824
v 0.008175 0.007471 -0.006824
v 0.008173 0.007473 -0.006820
v 0.008173 0.007481 -0.006805
v 0.008175 0.007439 -0.006864
v 0.008173 0.007451 -0.006852
v 0.008175 0.007451 -0.006852
v 0.008173 0.007454 -0.006848
v 0.008173 0.007464 -0.006835
v 0.008174 0.007412 -0.006886
v 0.008173 0.007426 -0.006876
v 0.008174 0.007426 -0.006876
v 0.008173 0.007429 -0.006873
v 0.008173 0.007442 -0.006861
v 0.008174 0.007397 -0.006895
v 0.008173 0.007401 -0.006893
v 0.008173 0.007416 -0.006884
v 0.008174 0.007366 -0.006909
v 0.008173 0.007370 -0.006908
v 0.008174 0.007382 -0.006903
v 0.008173 0.007386 -0.006901
v 0.008173 0.007397 -0.006895
v 0.008173 0.007332 -0.006918
v 0.008173 0.007337 -0.006917
v 0.008174 0.007349 -0.006914
v 0.008173 0.007354 -0.006913
v 0.008173 0.007366 -0.006909
v 0.008195 0.007499 -0.006721
v 0.008196 0.007499 -0.006725
v 0.008196 0.007498 -0.006743
v 0.008195 0.007495 -0.006760
v 0.008195 0.007491 -0.006776
v 0.008194 0.007485 -0.006793
v 0.008193 0.007479 -0.006809
v 0.008192 0.007470 -0.006824
v 0.008191 0.007461 -0.006838
v 0.008190 0.007450 -0.006852
v 0.008189 0.007438 -0.006864
v 0.008188 0.007425 -0.006876
v 0.008187 0.007412 -0.006886
v 0.008185 0.007397 -0.006895
v 0.008184 0.007381 -0.006903
v 0.008182 0.007365 -0.006909
v 0.008181 0.007349 -0.006914
v 0.008179 0.007332 -0.006918
v 0.008216 0.007495 -0.006743
v 0.008215 0.007492 -0.006760
v 0.008214 0.007488 -0.006777
v 0.008213 0.007483 -0.006793
v 0.008211 0.007476 -0.006809
v 0.008210 0.007468 -0.006824
v 0.008208 0.007459 -0.006838
v 0.008206 0.007448 -0.006852
v 0.008204 0.007436 -0.006864
v 0.008201 0.007424 -0.006876
v 0.008199 0.007410 -0.006886
v 0.008196 0.007395 -0.006895
v 0.008193 0.007380 -0.006903
v 0.008190 0.007364 -0.006909
v 0.008187 0.007348 -0.006914
v 0.008184 0.007331 -0.006918
v 0.008236 0.007491 -0.006743
v 0.008235 0.007488 -0.006760
v 0.008233 0.007484 -0.006777
v 0.008232 0.007479 -0.006793
v 0.008229 0.007472 -0.006809
v 0.008227 0.007464 -0.006824
v 0.008224 0.007455 -0.006839
v 0.008221 0.007445 -0.006852
v 0.008218 0.007433 -0.006865
v 0.008214 0.007421 -0.006876
v 0.008211 0.007407 -0.006886
v 0.008207 0.007393 -0.006896
v 0.008203 0.007378 -0.006903
v 0.008198 0.007363 -0.006910
v 0.008194 0.007347 -0.006915
v 0.008190 0.007330 -0.006918
v 0.008255 0.007485 -0.006744
v 0.008254 0.007482 -0.006761
v 0.008252 0.007478 -0.006778
v 0.008250 0.007473 -0.006794
v 0.008247 0.007467 -0.006810
v 0.008244 0.007459 -0.006825
v 0.008240 0.007450 -0.006839
v 0.008236 0.007440 -0.006853
v 0.008232 0.007429 -0.006865
v 0.008227 0.007417 -0.006877
v 0.008222 0.007404 -0.006887
v 0.008217 0.007390 -0.006896
v 0.008212 0.007375 -0.006903
v 0.008206 0.007360 -0.006910
v 0.008200 0.007345 -0.006915
v 0.008195 0.007329 -0.006918
v 0.008264 0.007483 -0.006721
v 0.008275 0.007478 -0.006727
v 0.008274 0.007477 -0.006744
v 0.008273 0.007475 -0.006761
v 0.008270 0.007471 -0.006778
v 0.008267 0.007466 -0.006794
v 0.008264 0.007460 -0.006810
v 0.008260 0.007453 -0.006825
v 0.008256 0.007444 -0.006840
v 0.008251 0.007434 -0.006853
v 0.008245 0.007423 -0.006866
v 0.008240 0.007412 -0.006877
v 0.008234 0.007399 -0.006887
v 0.008227 0.007386 -0.006896
v 0.008221 0.007372 -0.006904
v 0.008214 0.007357 -0.006910
v 0.008207 0.007342 -0.006915
v 0.008200 0.007327 -0.006918
v 0.008292 0.007468 -0.006745
v 0.008290 0.007466 -0.006762
v 0.008288 0.007462 -0.006779
v 0.008284 0.007458 -0.006795
v 0.008280 0.007452 -0.006811
v 0.008276 0.007445 -0.006826
v 0.008270 0.007437 -0.006840
v 0.008265 0.007427 -0.006854
v 0.008258 0.007417 -0.006866
v 0.008252 0.007406 -0.006878
v 0.008244 0.007394 -0.006888
v 0.008237 0.007381 -0.006897
v 0.008229 0.007367 -0.006904
v 0.008221 0.007354 -0.006910
v 0.008213 0.007339 -0.006915
v 0.008204 0.007324 -0.006919
v 0.008310 0.007457 -0.006746
v 0.008308 0.007455 -0.006763
v 0.008304 0.007452 -0.006780
v 0.008301 0.007448 -0.006796
v 0.008296 0.007442 -0.006812
v 0.008291 0.007436 -0.006827
v 0.008285 0.007428 -0.006841
v 0.008278 0.007419 -0.006854
v 0.008271 0.007409 -0.006867
v 0.008263 0.007399 -0.006878
v 0.008255 0.007387 -0.006888
v 0.008246 0.007375 -0.006897
v 0.008237 0.007363 -0.006905
v 0.008228 0.007349 -0.006911
v 0.008219 0.007336 -0.006916
v 0.008209 0.007322 -0.006919
v 0.008326 0.007445 -0.006747
v 0.008324 0.007444 -0.006764
v 0.008320 0.007441 -0.006781
v 0.008316 0.007437 -0.006797
v 0.008311 0.007431 -0.006813
v 0.008305 0.007425 -0.006828
v 0.008298 0.007418 -0.006842
v 0.008291 0.007410 -0.006855
v 0.008283 0.007401 -0.006868
v 0.008274 0.007391 -0.006879
v 0.008265 0.007380 -0.006889
v 0.008255 0.007369 -0.006898
v 0.008245 0.007357 -0.006905
v 0.008235 0.007344 -0.006911
v 0.008224 0.007332 -0.006916
v 0.008213 0.007318 -0.006919
v 0.008342 0.007432 -0.006748
v 0.008339 0.007430 -0.006765
v 0.008335 0.007428 -0.006782
v 0.008330 0.007424 -0.006798
v 0.008325 0.007419 -0.006814
v 0.008318 0.007414 -0.006829
v 0.008311 0.007407 -0.006843
v 0.008302 0.007400 -0.006856
v 0.008294 0.007391 -0.006868
v 0.008284 0.007382 -0.006880
v 0.008274 0.007372 -0.006890
v 0.008263 0.007362 -0.006898
v 0.008252 0.007351 -0.006906
v 0.008241 0.007339 -0.006912
v 0.008229 0.007327 -0.006916
v 0.008217 0.007315 -0.006919
v 0.008356 0.007417 -0.006750
v 0.008353 0.007416 -0.006767
v 0.008349 0.007414 -0.006783
v 0.008344 0.007411 -0.006799
v 0.008337 0.007406 -0.006815
v 0.008330 0.007401 -0.006830
v 0.008322 0.007395 -0.006844
v 0.008313 0.007388 -0.006857
v 0.008304 0.007381 -0.006869
v 0.008293 0.007373 -0.006880
v 0.008282 0.007364 -0.006890
v 0.008271 0.007354 -0.006899
v 0.008259 0.007344 -0.006906
v 0.008247 0.007333 -0.006912
v 0.008234 0.007322 -0.006917
v 0.008221 0.007311 -0.006920
v 0.008369 0.007402 -0.006751
v 0.008366 0.007401 -0.006768
v 0.008361 0.007399 -0.006784
v 0.008356 0.007396 -0.006801
v 0.008349 0.007392 -0.006816
v 0.008341 0.007388 -0.006831
v 0.008333 0.007382 -0.006845
v 0.008323 0.007376 -0.006858
v 0.008313 0.007370 -0.006870
v 0.008302 0.007362 -0.006881
v 0.008290 0.007354 -0.006891
v 0.008278 0.007346 -0.006900
v 0.008265 0.007336 -0.006907
v 0.008252 0.007327 -0.006913
v 0.008238 0.007317 -0.006917
v 0.008225 0.007307 -0.006920
v 0.008381 0.007385 -0.006752
v 0.008377 0.007384 -0.006769
v 0.008372 0.007383 -0.006786
v 0.008367 0.007380 -0.006802
v 0.008360 0.007377 -0.006818
v 0.008351 0.007373 -0.006832
v 0.008342 0.007369 -0.006846
v 0.008332 0.007364 -0.006859
v 0.008321 0.007358 -0.006871
v 0.008310 0.007351 -0.006882
v 0.008297 0.007344 -0.006892
v 0.008284 0.007337 -0.006900
v 0.008270 0.007329 -0.006908
v 0.008256 0.007320 -0.006913
v 0.008242 0.007311 -0.006918
v 0.008228 0.007302 -0.006920
v 0.008391 0.007367 -0.006754
v 0.008387 0.007367 -0.006771
v 0.008382 0.007366 -0.006787
v 0.008376 0.007364 -0.006803
v 0.008369 0.007361 -0.006819
v 0.008360 0.007358 -0.006834
v 0.008351 0.007354 -0.006848
v 0.008340 0.007350 -0.006861
v 0.008329 0.007345 -0.006872
v 0.008316 0.007340 -0.006883
v 0.008303 0.007334 -0.006893
v 0.008290 0.007327 -0.006901
v 0.008275 0.007320 -0.006908
v 0.008261 0.007313 -0.006914
v 0.008246 0.007306 -0.006918
v 0.008230 0.007298 -0.006921
v 0.008403 0.007348 0.006723
v 0.008217 0.007496 0.006721
v 0.008223 0.007495 0.006721
v 0.008173 0.007500 0.006720
v 0.008183 0.007500 0.006721
v 0.008196 0.007499 0.006721
v 0.008201 0.007498 0.006721
v 0.008203 0.007498 0.006721
v 0.008224 0.007495 0.006721
v 0.008244 0.007490 0.006721
v 0.008244 0.007490 0.006721
v 0.008257 0.007486 0.006721
v 0.008263 0.007483 0.006721
v 0.008264 0.007483 0.006721
v 0.008294 0.007469 0.006721
v 0.008284 0.007474 0.006721
v 0.008282 0.007475 0.006721
v 0.008300 0.007465 0.006721
v 0.008303 0.007463 0.006721
v 0.008321 0.007451 0.006721
v 0.008328 0.007446 0.006721
v 0.008317 0.007454 0.006721
v 0.008333 0.007442 0.006722
v 0.008338 0.007437 0.006722
v 0.008354 0.007422 0.006722
v 0.008358 0.007417 0.006722
v 0.008347 0.007429 0.006722
v 0.008361 0.007415 0.006722
v 0.008368 0.007406 0.006722
v 0.008381 0.007388 0.006722
v 0.008383 0.007385 0.006723
v 0.008385 0.007382 0.006723
v 0.008374 0.007399 0.006722
v 0.008392 0.007370 0.006723
v 0.008395 0.007365 0.006723
v 0.008383 0.007385 0.006735
v 0.008371 0.007402 0.006734
v 0.008358 0.007418 0.006732
v 0.008343 0.007432 0.006731
v 0.008328 0.007446 0.006730
v 0.008311 0.007458 0.006729
v 0.008173 0.007493 0.006772
v 0.008176 0.007492 0.006776
v 0.008176 0.007496 0.006759
v 0.008173 0.007320 0.006920
v 0.008174 0.007366 0.006909
v 0.008173 0.007354 0.006913
v 0.008174 0.007350 0.006914
v 0.008173 0.007337 0.006917
v 0.008174 0.007333 0.006918
v 0.008173 0.007333 0.006918
v 0.008174 0.007398 0.006895
v 0.008173 0.007386 0.006901
v 0.008174 0.007382 0.006903
v 0.008173 0.007370 0.006908
v 0.008173 0.007366 0.006909
v 0.008175 0.007426 0.006876
v 0.008173 0.007416 0.006884
v 0.008175 0.007412 0.006886
v 0.008173 0.007401 0.006893
v 0.008173 0.007398 0.006895
v 0.008175 0.007451 0.006852
v 0.008173 0.007442 0.006861
v 0.008175 0.007439 0.006864
v 0.008173 0.007429 0.006873
v 0.008173 0.007426 0.006876
v 0.008175 0.007471 0.006824
v 0.008173 0.007464 0.006835
v 0.008175 0.007462 0.006838
v 0.008173 0.007454 0.006848
v 0.008173 0.007451 0.006852
v 0.008173 0.007481 0.006805
v 0.008173 0.007473 0.006820
v 0.008173 0.007471 0.006824
v 0.008176 0.007480 0.006808
v 0.008176 0.007486 0.006793
v 0.008173 0.007487 0.006793
v 0.008173 0.007488 0.006789
v 0.008173 0.007499 0.006738
v 0.008173 0.007497 0.006755
v 0.008173 0.007496 0.006759
v 0.008176 0.007499 0.006742
v 0.008176 0.007500 0.006725
v 0.008173 0.007500 0.006725
v 0.008173 0.007500 0.006721
v 0.008196 0.007499 0.006725
v 0.008217 0.007496 0.006725
v 0.008237 0.007492 0.006726
v 0.008256 0.007486 0.006726
v 0.008275 0.007478 0.006727
v 0.008294 0.007469 0.006728
v 0.008402 0.007349 0.006738
v 0.008399 0.007349 0.006755
v 0.008390 0.007349 0.006789
v 0.008395 0.007349 0.006772
v 0.008376 0.007345 0.006820
v 0.008384 0.007347 0.006805
v 0.008358 0.007340 0.006849
v 0.008368 0.007343 0.006835
v 0.008347 0.007336 0.006862
v 0.008322 0.007328 0.006884
v 0.008335 0.007332 0.006874
v 0.008294 0.007318 0.006902
v 0.008308 0.007323 0.006894
v 0.008264 0.007306 0.006915
v 0.008279 0.007312 0.006909
v 0.008233 0.007293 0.006921
v 0.008249 0.007300 0.006919
v 0.008196 0.007498 0.006743
v 0.008196 0.007495 0.006760
v 0.008195 0.007491 0.006776
v 0.008195 0.007485 0.006793
v 0.008194 0.007479 0.006809
v 0.008193 0.007470 0.006824
v 0.008192 0.007461 0.006838
v 0.008191 0.007450 0.006852
v 0.008190 0.007438 0.006864
v 0.008188 0.007425 0.006876
v 0.008187 0.007412 0.006886
v 0.008185 0.007397 0.006895
v 0.008184 0.007382 0.006903
v 0.008182 0.007366 0.006909
v 0.008181 0.007349 0.006914
v 0.008179 0.007332 0.006918
v 0.008184 0.007332 0.006918
v 0.008187 0.007348 0.006914
v 0.008190 0.007365 0.006909
v 0.008193 0.007380 0.006903
v 0.008196 0.007396 0.006895
v 0.008199 0.007410 0.006886
v 0.008201 0.007424 0.006876
v 0.008204 0.007436 0.006864
v 0.008206 0.007448 0.006852
v 0.008208 0.007459 0.006838
v 0.008210 0.007468 0.006824
v 0.008212 0.007476 0.006809
v 0.008213 0.007483 0.006793
v 0.008215 0.007488 0.006777
v 0.008216 0.007492 0.006760
v 0.008216 0.007495 0.006743
v 0.008190 0.007330 0.006918
v 0.008194 0.007347 0.006914
v 0.008198 0.007363 0.006910
v 0.008203 0.007378 0.006903
v 0.008207 0.007393 0.006895
v 0.008211 0.007407 0.006886
v 0.008215 0.007421 0.006876
v 0.008218 0.007433 0.006865
v 0.008221 0.007445 0.006852
v 0.008224 0.007455 0.006839
v 0.008227 0.007464 0.006824
v 0.008230 0.007472 0.006809
v 0.008232 0.007479 0.006793
v 0.008234 0.007484 0.006777
v 0.008235 0.007488 0.006760
v 0.008236 0.007491 0.006743
v 0.008195 0.007329 0.006918
v 0.008201 0.007345 0.006915
v 0.008206 0.007360 0.006910
v 0.008212 0.007375 0.006903
v 0.008217 0.007390 0.006896
v 0.008222 0.007404 0.006887
v 0.008227 0.007417 0.006876
v 0.008232 0.007429 0.006865
v 0.008236 0.007440 0.006853
v 0.008240 0.007450 0.006839
v 0.008244 0.007459 0.006825
v 0.008247 0.007467 0.006810
v 0.008250 0.007473 0.006794
v 0.008252 0.007478 0.006777
v 0.008254 0.007482 0.006761
v 0.008256 0.007485 0.006744
v 0.008200 0.007327 0.006918
v 0.008207 0.007342 0.006915
v 0.008214 0.007357 0.006910
v 0.008221 0.007372 0.006904
v 0.008227 0.007386 0.006896
v 0.008234 0.007399 0.006887
v 0.008240 0.007412 0.006877
v 0.008245 0.007424 0.006866
v 0.008251 0.007434 0.006853
v 0.008256 0.007444 0.006840
v 0.008260 0.007453 0.006825
v 0.008264 0.007460 0.006810
v 0.008268 0.007466 0.006794
v 0.008270 0.007471 0.006778
v 0.008273 0.007475 0.006761
v 0.008274 0.007477 0.006744
v 0.008205 0.007324 0.006919
v 0.008213 0.007339 0.006915
v 0.008221 0.007354 0.006910
v 0.008229 0.007368 0.006904
v 0.008237 0.007381 0.006896
v 0.008245 0.007394 0.006888
v 0.008252 0.007406 0.006877
v 0.008258 0.007417 0.006866
v 0.008265 0.007427 0.006854
v 0.008271 0.007437 0.006840
v 0.008276 0.007445 0.006826
v 0.008280 0.007452 0.006811
v 0.008284 0.007458 0.006795
v 0.008288 0.007462 0.006779
v 0.008291 0.007466 0.006762
v 0.008293 0.007468 0.006745
v 0.008209 0.007322 0.006919
v 0.008219 0.007336 0.006915
v 0.008228 0.007349 0.006911
v 0.008237 0.007363 0.006905
v 0.008246 0.007375 0.006897
v 0.008255 0.007387 0.006888
v 0.008263 0.007399 0.006878
v 0.008271 0.007409 0.006867
v 0.008278 0.007419 0.006854
v 0.008285 0.007428 0.006841
v 0.008291 0.007436 0.006827
v 0.008296 0.007442 0.006812
v 0.008301 0.007448 0.006796
v 0.008304 0.007452 0.006780
v 0.008308 0.007455 0.006763
v 0.008310 0.007457 0.006746
v 0.008214 0.007319 0.006919
v 0.008224 0.007332 0.006916
v 0.008235 0.007345 0.006911
v 0.008245 0.007357 0.006905
v 0.008255 0.007369 0.006898
v 0.008265 0.007380 0.006889
v 0.008274 0.007391 0.006879
v 0.008283 0.007401 0.006868
v 0.008291 0.007410 0.006855
v 0.008298 0.007418 0.006842
v 0.008305 0.007425 0.006828
v 0.008311 0.007432 0.006813
v 0.008316 0.007437 0.006797
v 0.008320 0.007441 0.006781
v 0.008324 0.007444 0.006764
v 0.008326 0.007445 0.006747
v 0.008218 0.007315 0.006919
v 0.008229 0.007327 0.006916
v 0.008241 0.007339 0.006912
v 0.008252 0.007351 0.006906
v 0.008263 0.007362 0.006898
v 0.008274 0.007372 0.006889
v 0.008284 0.007382 0.006879
v 0.008294 0.007391 0.006868
v 0.008302 0.007400 0.006856
v 0.008311 0.007407 0.006843
v 0.008318 0.007414 0.006829
v 0.008325 0.007420 0.006814
v 0.008330 0.007424 0.006798
v 0.008335 0.007428 0.006782
v 0.008339 0.007430 0.006765
v 0.008342 0.007432 0.006748
v 0.008221 0.007311 0.006920
v 0.008234 0.007322 0.006917
v 0.008247 0.007333 0.006912
v 0.008259 0.007344 0.006906
v 0.008271 0.007354 0.006899
v 0.008282 0.007364 0.006890
v 0.008293 0.007373 0.006880
v 0.008304 0.007381 0.006869
v 0.008313 0.007389 0.006857
v 0.008322 0.007395 0.006844
v 0.008330 0.007401 0.006830
v 0.008337 0.007407 0.006815
v 0.008343 0.007411 0.006799
v 0.008349 0.007414 0.006783
v 0.008353 0.007416 0.006766
v 0.008356 0.007418 0.006750
v 0.008225 0.007307 0.006920
v 0.008238 0.007317 0.006917
v 0.008252 0.007327 0.006913
v 0.008265 0.007337 0.006907
v 0.008278 0.007346 0.006900
v 0.008290 0.007354 0.006891
v 0.008302 0.007362 0.006881
v 0.008313 0.007370 0.006870
v 0.008323 0.007377 0.006858
v 0.008333 0.007383 0.006845
v 0.008341 0.007388 0.006831
v 0.008349 0.007393 0.006816
v 0.008356 0.007396 0.006801
v 0.008361 0.007399 0.006784
v 0.008366 0.007401 0.006768
v 0.008369 0.007402 0.006751
v 0.008228 0.007303 0.006920
v 0.008242 0.007312 0.006918
v 0.008257 0.007320 0.006913
v 0.008271 0.007329 0.006907
v 0.008284 0.007337 0.006900
v 0.008297 0.007344 0.006892
v 0.008310 0.007351 0.006882
v 0.008321 0.007358 0.006871
v 0.008332 0.007364 0.006859
v 0.008342 0.007369 0.006846
v 0.008351 0.007374 0.006832
v 0.008359 0.007378 0.006817
v 0.008366 0.007381 0.006802
v 0.008372 0.007383 0.006786
v 0.008377 0.007385 0.006769
v 0.008380 0.007385 0.006752
v 0.008231 0.007298 0.006921
v 0.008246 0.007306 0.006918
v 0.008261 0.007313 0.006914
v 0.008275 0.007321 0.006908
v 0.008290 0.007327 0.006901
v 0.008303 0.007334 0.006893
v 0.008316 0.007340 0.006883
v 0.008329 0.007345 0.006872
v 0.008340 0.007350 0.006860
v 0.008351 0.007355 0.006847
v 0.008360 0.007359 0.006834
v 0.008369 0.007362 0.006819
v 0.008376 0.007364 0.006803
v 0.008382 0.007366 0.006787
v 0.008387 0.007367 0.006771
v 0.008391 0.007368 0.006754
v 0.008393 0.007367 0.006737
v -0.015933 0.007500 0.006720
v -0.015933 0.007500 0.006721
v -0.015933 0.007500 0.006726
v -0.015933 0.007499 0.006738
v -0.015933 0.007497 0.006755
v -0.015933 0.007496 0.006761
v -0.015933 0.007493 0.006772
v -0.015933 0.007488 0.006789
v -0.015933 0.007486 0.006794
v -0.015933 0.007481 0.006805
v -0.015933 0.007473 0.006820
v -0.015933 0.007471 0.006825
v -0.015933 0.007464 0.006835
v -0.015933 0.007454 0.006848
v -0.015933 0.007450 0.006853
v -0.015933 0.007442 0.006861
v -0.015933 0.007429 0.006873
v -0.015933 0.007425 0.006876
v -0.015933 0.007416 0.006884
v -0.015933 0.007401 0.006893
v -0.015933 0.007396 0.006896
v -0.015933 0.007386 0.006901
v -0.015933 0.007370 0.006908
v -0.015933 0.007352 0.006914
v -0.015933 0.007354 0.006913
v -0.015933 0.007365 0.006910
v -0.015933 0.007348 0.006915
v -0.015933 0.007337 0.006917
v -0.015933 0.007331 0.006918
v -0.015933 0.007320 0.006920
v -0.016006 0.007487 0.006684
v -0.016016 0.007482 0.006678
v -0.016017 0.007485 0.006693
v -0.016068 0.007450 0.006652
v -0.016074 0.007445 0.006649
v -0.016076 0.007449 0.006662
v -0.016095 0.007424 0.006639
v -0.016104 0.007412 0.006634
v -0.016108 0.007417 0.006648
v -0.016107 0.007408 0.006633
v -0.016119 0.007396 0.006633
v -0.016123 0.007402 0.006649
v -0.016117 0.007394 0.006628
v -0.016119 0.007392 0.006628
v -0.016128 0.007375 0.006623
v -0.016133 0.007380 0.006635
v -0.016129 0.007375 0.006623
v -0.016139 0.007357 0.006621
v -0.016145 0.007362 0.006636
v -0.016098 0.007318 0.006886
v -0.016006 0.007289 0.006922
v -0.016036 0.007305 0.006915
v -0.016021 0.007297 0.006919
v -0.016051 0.007312 0.006909
v -0.016065 0.007319 0.006902
v -0.016078 0.007326 0.006894
v -0.016123 0.007326 0.006863
v -0.016108 0.007324 0.006877
v -0.016134 0.007330 0.006850
v -0.016144 0.007333 0.006837
v -0.016153 0.007335 0.006822
v -0.016160 0.007337 0.006807
v -0.016167 0.007339 0.006791
v -0.016172 0.007339 0.006774
v -0.016176 0.007340 0.006757
v -0.016178 0.007339 0.006740
v -0.016180 0.007338 0.006723
v -0.016179 0.007337 0.006706
v -0.016175 0.007332 0.006672
v -0.016178 0.007334 0.006689
v -0.016171 0.007328 0.006656
v -0.016165 0.007325 0.006640
v -0.016158 0.007320 0.006624
v -0.016151 0.007317 0.006612
v -0.016151 0.007318 0.006612
v -0.016145 0.007337 0.006615
v -0.016137 0.007357 0.006619
v -0.016137 0.007356 0.006619
v -0.016138 0.007356 0.006619
v -0.016092 0.007427 0.006640
v -0.016094 0.007436 0.006663
v -0.016081 0.007439 0.006646
v -0.016091 0.007431 0.006647
v -0.016082 0.007438 0.006646
v -0.016063 0.007454 0.006655
v -0.016056 0.007460 0.006661
v -0.016051 0.007463 0.006660
v -0.016054 0.007461 0.006659
v -0.016039 0.007471 0.006667
v -0.016058 0.007465 0.006677
v -0.016037 0.007472 0.006668
v -0.016038 0.007477 0.006694
v -0.016020 0.007481 0.006676
v -0.016037 0.007474 0.006677
v -0.016022 0.007480 0.006675
v -0.016030 0.007476 0.006671
v -0.015995 0.007493 0.006710
v -0.015988 0.007493 0.006692
v -0.015995 0.007491 0.006692
v -0.015994 0.007491 0.006690
v -0.015955 0.007499 0.006709
v -0.015956 0.007499 0.006709
v -0.015972 0.007497 0.006709
v -0.015970 0.007497 0.006702
v -0.015972 0.007496 0.006700
v -0.015952 0.007499 0.006711
v -0.015972 0.007497 0.006726
v -0.015950 0.007499 0.006712
v -0.015949 0.007498 0.006743
v -0.015949 0.007499 0.006726
v -0.015949 0.007491 0.006777
v -0.015949 0.007495 0.006761
v -0.015948 0.007479 0.006809
v -0.015948 0.007486 0.006794
v -0.015947 0.007461 0.006839
v -0.015948 0.007470 0.006825
v -0.015946 0.007438 0.006865
v -0.015946 0.007450 0.006852
v -0.015944 0.007411 0.006887
v -0.015945 0.007425 0.006876
v -0.015943 0.007381 0.006903
v -0.015943 0.007396 0.006896
v -0.015942 0.007365 0.006910
v -0.015941 0.007348 0.006915
v -0.015933 0.007331 0.006918
v -0.015940 0.007331 0.006918
v -0.016126 0.007347 0.006849
v -0.016115 0.007342 0.006862
v -0.016104 0.007337 0.006874
v -0.016092 0.007332 0.006885
v -0.015947 0.007331 0.006918
v -0.015949 0.007347 0.006915
v -0.015951 0.007364 0.006910
v -0.015954 0.007380 0.006903
v -0.015956 0.007395 0.006896
v -0.015958 0.007410 0.006887
v -0.015960 0.007424 0.006876
v -0.015962 0.007436 0.006865
v -0.015964 0.007448 0.006853
v -0.015965 0.007459 0.006839
v -0.015967 0.007468 0.006825
v -0.015968 0.007477 0.006810
v -0.015969 0.007484 0.006794
v -0.015970 0.007489 0.006778
v -0.015971 0.007493 0.006761
v -0.015972 0.007496 0.006744
v -0.015953 0.007329 0.006918
v -0.015957 0.007346 0.006915
v -0.015961 0.007362 0.006910
v -0.015965 0.007378 0.006904
v -0.015968 0.007393 0.006896
v -0.015972 0.007407 0.006887
v -0.015975 0.007421 0.006877
v -0.015978 0.007433 0.006865
v -0.015981 0.007445 0.006853
v -0.015984 0.007456 0.006839
v -0.015986 0.007465 0.006825
v -0.015988 0.007473 0.006810
v -0.015990 0.007480 0.006794
v -0.015992 0.007485 0.006778
v -0.015993 0.007489 0.006761
v -0.015994 0.007492 0.006744
v -0.015994 0.007493 0.006727
v -0.015966 0.007325 0.006919
v -0.015960 0.007328 0.006918
v -0.015973 0.007341 0.006915
v -0.015965 0.007344 0.006915
v -0.015980 0.007356 0.006910
v -0.015970 0.007360 0.006910
v -0.015986 0.007371 0.006904
v -0.015975 0.007375 0.006904
v -0.015992 0.007385 0.006897
v -0.015980 0.007390 0.006896
v -0.015998 0.007399 0.006888
v -0.015985 0.007404 0.006887
v -0.016004 0.007412 0.006878
v -0.015990 0.007417 0.006877
v -0.016009 0.007423 0.006866
v -0.015994 0.007429 0.006866
v -0.016014 0.007434 0.006854
v -0.015998 0.007440 0.006853
v -0.016019 0.007444 0.006840
v -0.016001 0.007451 0.006840
v -0.016023 0.007453 0.006826
v -0.016005 0.007460 0.006826
v -0.016027 0.007461 0.006811
v -0.016008 0.007468 0.006810
v -0.016030 0.007467 0.006795
v -0.016010 0.007474 0.006795
v -0.016033 0.007472 0.006779
v -0.016012 0.007480 0.006778
v -0.016035 0.007476 0.006762
v -0.016014 0.007484 0.006762
v -0.016036 0.007478 0.006745
v -0.016015 0.007486 0.006745
v -0.016038 0.007479 0.006728
v -0.016016 0.007487 0.006727
v -0.016038 0.007479 0.006711
v -0.016017 0.007487 0.006710
v -0.015973 0.007322 0.006919
v -0.015981 0.007337 0.006915
v -0.015988 0.007352 0.006911
v -0.015996 0.007366 0.006905
v -0.016004 0.007380 0.006897
v -0.016011 0.007393 0.006888
v -0.016018 0.007405 0.006878
v -0.016024 0.007417 0.006867
v -0.016030 0.007427 0.006854
v -0.016036 0.007436 0.006841
v -0.016041 0.007445 0.006827
v -0.016045 0.007452 0.006812
v -0.016049 0.007458 0.006796
v -0.016052 0.007463 0.006780
v -0.016055 0.007467 0.006763
v -0.016057 0.007469 0.006746
v -0.016058 0.007470 0.006729
v -0.016059 0.007469 0.006712
v -0.016059 0.007468 0.006694
v -0.015984 0.007315 0.006919
v -0.015978 0.007319 0.006919
v -0.015994 0.007329 0.006916
v -0.015988 0.007333 0.006916
v -0.016005 0.007342 0.006912
v -0.015997 0.007347 0.006911
v -0.016015 0.007354 0.006906
v -0.016006 0.007361 0.006905
v -0.016025 0.007366 0.006898
v -0.016014 0.007374 0.006898
v -0.016034 0.007378 0.006889
v -0.016023 0.007386 0.006889
v -0.016043 0.007389 0.006879
v -0.016031 0.007398 0.006879
v -0.016052 0.007399 0.006868
v -0.016038 0.007408 0.006868
v -0.016059 0.007408 0.006856
v -0.016045 0.007418 0.006855
v -0.016067 0.007417 0.006843
v -0.016052 0.007427 0.006842
v -0.016073 0.007424 0.006829
v -0.016057 0.007435 0.006828
v -0.016079 0.007430 0.006814
v -0.016063 0.007442 0.006813
v -0.016084 0.007436 0.006798
v -0.016067 0.007448 0.006797
v -0.016089 0.007440 0.006782
v -0.016071 0.007452 0.006781
v -0.016092 0.007443 0.006765
v -0.016074 0.007456 0.006764
v -0.016095 0.007445 0.006748
v -0.016076 0.007458 0.006747
v -0.016096 0.007445 0.006731
v -0.016078 0.007458 0.006730
v -0.016097 0.007445 0.006714
v -0.016078 0.007458 0.006713
v -0.016097 0.007443 0.006696
v -0.016078 0.007456 0.006695
v -0.016096 0.007440 0.006679
v -0.016077 0.007453 0.006678
v -0.015994 0.007306 0.006920
v -0.015989 0.007311 0.006920
v -0.016007 0.007317 0.006917
v -0.016001 0.007323 0.006917
v -0.016019 0.007329 0.006913
v -0.016012 0.007335 0.006912
v -0.016031 0.007339 0.006907
v -0.016023 0.007347 0.006906
v -0.016043 0.007350 0.006900
v -0.016034 0.007358 0.006899
v -0.016055 0.007359 0.006891
v -0.016045 0.007369 0.006890
v -0.016065 0.007369 0.006881
v -0.016055 0.007379 0.006880
v -0.016076 0.007377 0.006870
v -0.016064 0.007389 0.006869
v -0.016085 0.007385 0.006858
v -0.016073 0.007397 0.006857
v -0.016094 0.007392 0.006845
v -0.016081 0.007405 0.006844
v -0.016102 0.007398 0.006831
v -0.016088 0.007412 0.006830
v -0.016109 0.007403 0.006816
v -0.016095 0.007417 0.006815
v -0.016115 0.007407 0.006801
v -0.016100 0.007422 0.006799
v -0.016120 0.007411 0.006784
v -0.016105 0.007426 0.006783
v -0.016125 0.007413 0.006768
v -0.016109 0.007429 0.006766
v -0.016128 0.007415 0.006751
v -0.016112 0.007430 0.006749
v -0.016130 0.007415 0.006734
v -0.016114 0.007431 0.006732
v -0.016131 0.007414 0.006716
v -0.016114 0.007430 0.006715
v -0.016130 0.007413 0.006699
v -0.016114 0.007429 0.006698
v -0.016129 0.007410 0.006682
v -0.016113 0.007426 0.006681
v -0.016127 0.007406 0.006665
v -0.016111 0.007422 0.006664
v -0.016002 0.007295 0.006921
v -0.015998 0.007301 0.006921
v -0.016017 0.007304 0.006918
v -0.016012 0.007311 0.006918
v -0.016031 0.007313 0.006914
v -0.016025 0.007321 0.006913
v -0.016045 0.007322 0.006908
v -0.016038 0.007331 0.006908
v -0.016058 0.007330 0.006901
v -0.016051 0.007340 0.006901
v -0.016071 0.007337 0.006893
v -0.016063 0.007349 0.006892
v -0.016084 0.007345 0.006883
v -0.016075 0.007357 0.006882
v -0.016096 0.007351 0.006873
v -0.016086 0.007365 0.006871
v -0.016107 0.007357 0.006861
v -0.016096 0.007371 0.006859
v -0.016117 0.007363 0.006848
v -0.016106 0.007378 0.006846
v -0.016126 0.007367 0.006834
v -0.016115 0.007383 0.006832
v -0.016134 0.007371 0.006819
v -0.016122 0.007388 0.006817
v -0.016141 0.007374 0.006803
v -0.016129 0.007391 0.006802
v -0.016147 0.007377 0.006787
v -0.016134 0.007394 0.006786
v -0.016152 0.007378 0.006771
v -0.016139 0.007396 0.006769
v -0.016155 0.007379 0.006754
v -0.016142 0.007397 0.006752
v -0.016157 0.007379 0.006737
v -0.016144 0.007398 0.006735
v -0.016158 0.007378 0.006720
v -0.016145 0.007397 0.006718
v -0.016158 0.007377 0.006702
v -0.016145 0.007395 0.006701
v -0.016157 0.007374 0.006685
v -0.016144 0.007393 0.006684
v -0.016154 0.007371 0.006668
v -0.016141 0.007389 0.006667
v -0.016150 0.007367 0.006652
v -0.016138 0.007385 0.006651
v -0.016136 0.007351 0.006835
v -0.016144 0.007354 0.006820
v -0.016151 0.007356 0.006805
v -0.016158 0.007358 0.006789
v -0.016163 0.007359 0.006772
v -0.016166 0.007360 0.006756
v -0.016169 0.007360 0.006738
v -0.016170 0.007359 0.006721
v -0.016170 0.007357 0.006704
v -0.016168 0.007355 0.006687
v -0.016165 0.007352 0.006670
v -0.016161 0.007348 0.006654
v -0.016156 0.007344 0.006638
v -0.016149 0.007339 0.006623
v -0.015528 0.007317 0.005630
v -0.016047 0.007317 0.006462
v -0.016041 0.007338 0.006466
v -0.015972 0.007496 -0.006700
v -0.015975 0.007496 -0.006699
v -0.015887 0.007496 -0.006572
v -0.016047 0.007318 -0.006462
v -0.015528 0.007317 -0.005630
v -0.015083 0.007317 -0.004756
v -0.014715 0.007317 -0.003847
v -0.015083 0.007317 0.004756
v -0.016026 0.007376 0.006476
v -0.016034 0.007357 0.006471
v -0.016006 0.007411 0.006490
v -0.016017 0.007394 0.006483
v -0.015904 0.007491 0.006560
v -0.015921 0.007484 0.006549
v -0.015848 0.007500 0.006598
v -0.015852 0.007500 0.006596
v -0.015887 0.007496 0.006572
v -0.015870 0.007499 0.006584
v -0.015937 0.007476 0.006538
v -0.015967 0.007454 0.006517
v -0.015952 0.007466 0.006527
v -0.015994 0.007427 0.006498
v -0.015981 0.007441 0.006507
v -0.014425 0.007317 0.002911
v -0.014217 0.007317 0.001952
v -0.014091 0.007317 0.000980
v -0.014049 0.007317 0.000000
v -0.014091 0.007317 -0.000980
v -0.014217 0.007317 -0.001952
v -0.014425 0.007317 -0.002911
v -0.016138 0.007356 -0.006619
v -0.016145 0.007338 -0.006615
v -0.016041 0.007338 -0.006466
v -0.016146 0.007335 -0.006615
v -0.016128 0.007376 -0.006623
v -0.016128 0.007375 -0.006623
v -0.016034 0.007357 -0.006471
v -0.016134 0.007364 -0.006620
v -0.016137 0.007357 -0.006619
v -0.016138 0.007356 -0.006619
v -0.016026 0.007376 -0.006476
v -0.016017 0.007394 -0.006483
v -0.016117 0.007394 -0.006628
v -0.016006 0.007411 -0.006490
v -0.016117 0.007394 -0.006628
v -0.016117 0.007394 -0.006628
v -0.015994 0.007427 -0.006498
v -0.016104 0.007412 -0.006634
v -0.016105 0.007412 -0.006634
v -0.015981 0.007441 -0.006507
v -0.016091 0.007428 -0.006641
v -0.016092 0.007427 -0.006640
v -0.015967 0.007454 -0.006517
v -0.016074 0.007445 -0.006649
v -0.016077 0.007442 -0.006648
v -0.016037 0.007472 -0.006668
v -0.016048 0.007465 -0.006662
v -0.015952 0.007466 -0.006527
v -0.016062 0.007455 -0.006655
v -0.016063 0.007454 -0.006655
v -0.016012 0.007484 -0.006680
v -0.016016 0.007482 -0.006678
v -0.015937 0.007476 -0.006537
v -0.016016 0.007482 -0.006678
v -0.016020 0.007481 -0.006676
v -0.016030 0.007476 -0.006671
v -0.016031 0.007475 -0.006671
v -0.015921 0.007484 -0.006549
v -0.015904 0.007491 -0.006560
v -0.016000 0.007489 -0.006686
v -0.015982 0.007494 -0.006695
v -0.015848 0.007500 -0.006598
v -0.015933 0.007500 -0.006720
v -0.015852 0.007500 -0.006596
v -0.015946 0.007499 -0.006713
v -0.015870 0.007499 -0.006584
v -0.015949 0.007499 -0.006712
v -0.015955 0.007499 -0.006709
v -0.015956 0.007499 -0.006708
v -0.015964 0.007498 -0.006704
v -0.015319 0.007500 -0.005748
v -0.015323 0.007500 -0.005746
v -0.015342 0.007499 -0.005735
v -0.015360 0.007496 -0.005725
v -0.015378 0.007491 -0.005715
v -0.015396 0.007484 -0.005705
v -0.015413 0.007476 -0.005695
v -0.015429 0.007466 -0.005686
v -0.015445 0.007454 -0.005677
v -0.015459 0.007441 -0.005669
v -0.015473 0.007427 -0.005661
v -0.015485 0.007411 -0.005654
v -0.015497 0.007394 -0.005648
v -0.015507 0.007376 -0.005642
v -0.015515 0.007357 -0.005637
v -0.015523 0.007338 -0.005633
v -0.016151 0.007317 -0.006612
v -0.015077 0.007338 -0.004759
v -0.015070 0.007357 -0.004762
v -0.015061 0.007376 -0.004766
v -0.015050 0.007394 -0.004771
v -0.015038 0.007411 -0.004777
v -0.015025 0.007427 -0.004783
v -0.015011 0.007441 -0.004789
v -0.014996 0.007454 -0.004796
v -0.014979 0.007466 -0.004804
v -0.014962 0.007476 -0.004811
v -0.014944 0.007484 -0.004820
v -0.014926 0.007491 -0.004828
v -0.014907 0.007496 -0.004837
v -0.014888 0.007499 -0.004845
v -0.014869 0.007500 -0.004854
v -0.014864 0.007500 -0.004856
v -0.014708 0.007338 -0.003850
v -0.014701 0.007357 -0.003852
v -0.014691 0.007376 -0.003856
v -0.014680 0.007394 -0.003860
v -0.014668 0.007411 -0.003864
v -0.014654 0.007427 -0.003869
v -0.014640 0.007441 -0.003874
v -0.014624 0.007454 -0.003880
v -0.014607 0.007466 -0.003886
v -0.014589 0.007476 -0.003892
v -0.014571 0.007484 -0.003899
v -0.014552 0.007491 -0.003906
v -0.014532 0.007496 -0.003912
v -0.014512 0.007499 -0.003920
v -0.014492 0.007500 -0.003927
v -0.014488 0.007500 -0.003928
v -0.014419 0.007338 -0.002912
v -0.014411 0.007357 -0.002914
v -0.014401 0.007376 -0.002917
v -0.014390 0.007394 -0.002920
v -0.014377 0.007411 -0.002923
v -0.014363 0.007427 -0.002927
v -0.014348 0.007441 -0.002931
v -0.014332 0.007454 -0.002935
v -0.014314 0.007466 -0.002940
v -0.014296 0.007476 -0.002944
v -0.014277 0.007484 -0.002949
v -0.014258 0.007491 -0.002954
v -0.014238 0.007496 -0.002960
v -0.014217 0.007499 -0.002965
v -0.014197 0.007500 -0.002970
v -0.014192 0.007500 -0.002972
v -0.014210 0.007338 -0.001953
v -0.014202 0.007357 -0.001955
v -0.014192 0.007376 -0.001957
v -0.014181 0.007394 -0.001959
v -0.014168 0.007411 -0.001961
v -0.014154 0.007427 -0.001963
v -0.014138 0.007441 -0.001966
v -0.014122 0.007454 -0.001969
v -0.014104 0.007466 -0.001972
v -0.014085 0.007476 -0.001975
v -0.014066 0.007484 -0.001978
v -0.014046 0.007491 -0.001982
v -0.014026 0.007496 -0.001985
v -0.014005 0.007499 -0.001989
v -0.013984 0.007500 -0.001993
v -0.013979 0.007500 -0.001993
v -0.014084 0.007338 -0.000980
v -0.014076 0.007357 -0.000981
v -0.014066 0.007376 -0.000982
v -0.014055 0.007394 -0.000983
v -0.014042 0.007411 -0.000984
v -0.014027 0.007427 -0.000985
v -0.014012 0.007441 -0.000987
v -0.013995 0.007454 -0.000988
v -0.013977 0.007466 -0.000990
v -0.013958 0.007476 -0.000991
v -0.013939 0.007484 -0.000993
v -0.013919 0.007491 -0.000995
v -0.013898 0.007496 -0.000996
v -0.013877 0.007499 -0.000998
v -0.013856 0.007500 -0.001000
v -0.013851 0.007500 -0.001000
v -0.014042 0.007338 0.000000
v -0.014034 0.007357 0.000000
v -0.014024 0.007376 0.000000
v -0.014012 0.007394 0.000000
v -0.013999 0.007411 0.000000
v -0.013985 0.007427 0.000000
v -0.013969 0.007441 0.000000
v -0.013953 0.007454 0.000000
v -0.013935 0.007466 0.000000
v -0.013916 0.007476 0.000000
v -0.013896 0.007484 0.000000
v -0.013876 0.007491 0.000000
v -0.013855 0.007496 0.000000
v -0.013834 0.007499 0.000000
v -0.013813 0.007500 0.000000
v -0.013808 0.007500 0.000000
v -0.014084 0.007338 0.000980
v -0.014076 0.007357 0.000981
v -0.014066 0.007376 0.000982
v -0.014055 0.007394 0.000983
v -0.014042 0.007411 0.000984
v -0.014027 0.007427 0.000985
v -0.014012 0.007441 0.000987
v -0.013995 0.007454 0.000988
v -0.013977 0.007466 0.000990
v -0.013958 0.007476 0.000991
v -0.013939 0.007484 0.000993
v -0.013919 0.007491 0.000995
v -0.013898 0.007496 0.000996
v -0.013877 0.007499 0.000998
v -0.013856 0.007500 0.001000
v -0.013851 0.007500 0.001000
v -0.014210 0.007338 0.001953
v -0.014202 0.007357 0.001955
v -0.014192 0.007376 0.001957
v -0.014181 0.007394 0.001959
v -0.014168 0.007411 0.001961
v -0.014154 0.007427 0.001963
v -0.014138 0.007441 0.001966
v -0.014122 0.007454 0.001969
v -0.014104 0.007466 0.001972
v -0.014085 0.007476 0.001975
v -0.014066 0.007484 0.001978
v -0.014046 0.007491 0.001982
v -0.014026 0.007496 0.001985
v -0.014005 0.007499 0.001989
v -0.013984 0.007500 0.001993
v -0.013979 0.007500 0.001993
v -0.014419 0.007338 0.002912
v -0.014411 0.007357 0.002914
v -0.014401 0.007376 0.002917
v -0.014390 0.007394 0.002920
v -0.014377 0.007411 0.002923
v -0.014363 0.007427 0.002927
v -0.014348 0.007441 0.002931
v -0.014332 0.007454 0.002935
v -0.014314 0.007466 0.002940
v -0.014296 0.007476 0.002944
v -0.014277 0.007484 0.002949
v -0.014258 0.007491 0.002954
v -0.014238 0.007496 0.002960
v -0.014217 0.007499 0.002965
v -0.014197 0.007500 0.002971
v -0.014192 0.007500 0.002972
v -0.014708 0.007338 0.003850
v -0.014701 0.007357 0.003852
v -0.014691 0.007376 0.003856
v -0.014680 0.007394 0.003860
v -0.014668 0.007411 0.003864
v -0.014655 0.007427 0.003869
v -0.014640 0.007441 0.003874
v -0.014624 0.007454 0.003880
v -0.014607 0.007466 0.003886
v -0.014589 0.007476 0.003892
v -0.014571 0.007484 0.003899
v -0.014552 0.007491 0.003906
v -0.014532 0.007496 0.003912
v -0.014512 0.007499 0.003920
v -0.014492 0.007500 0.003927
v -0.014488 0.007500 0.003928
v -0.014715 0.007317 0.003847
v -0.015077 0.007338 0.004759
v -0.015070 0.007357 0.004762
v -0.015061 0.007376 0.004766
v -0.015050 0.007394 0.004771
v -0.015038 0.007411 0.004777
v -0.015025 0.007427 0.004783
v -0.015011 0.007441 0.004789
v -0.014996 0.007454 0.004796
v -0.014979 0.007466 0.004804
v -0.014962 0.007476 0.004811
v -0.014944 0.007484 0.004820
v -0.014926 0.007491 0.004828
v -0.014907 0.007496 0.004837
v -0.014888 0.007499 0.004845
v -0.014869 0.007500 0.004854
v -0.014864 0.007500 0.004856
v -0.015523 0.007338 0.005633
v -0.015515 0.007357 0.005637
v -0.015507 0.007376 0.005642
v -0.015497 0.007394 0.005648
v -0.015485 0.007411 0.005654
v -0.015473 0.007427 0.005661
v -0.015459 0.007441 0.005669
v -0.015445 0.007454 0.005677
v -0.015429 0.007466 0.005686
v -0.015413 0.007476 0.005695
v -0.015396 0.007484 0.005705
v -0.015378 0.007491 0.005715
v -0.015360 0.007496 0.005725
v -0.015342 0.007499 0.005735
v -0.015323 0.007500 0.005746
v -0.015319 0.007500 0.005748
v -0.015941 0.007348 -0.006914
v -0.015933 0.007348 -0.006915
v -0.015933 0.007332 -0.006918
v -0.016172 0.007339 -0.006774
v -0.016139 0.007357 -0.006621
v -0.016133 0.007380 -0.006635
v -0.016119 0.007396 -0.006633
v -0.016108 0.007417 -0.006648
v -0.016076 0.007449 -0.006662
v -0.016016 0.007485 -0.006693
v -0.015933 0.007386 -0.006901
v -0.015943 0.007381 -0.006903
v -0.015943 0.007396 -0.006896
v -0.015933 0.007352 -0.006914
v -0.016006 0.007290 -0.006922
v -0.016002 0.007295 -0.006921
v -0.015998 0.007301 -0.006921
v -0.015994 0.007306 -0.006920
v -0.015989 0.007311 -0.006920
v -0.015984 0.007315 -0.006919
v -0.015978 0.007319 -0.006919
v -0.015973 0.007323 -0.006919
v -0.015966 0.007326 -0.006919
v -0.015960 0.007328 -0.006918
v -0.015953 0.007330 -0.006918
v -0.015947 0.007331 -0.006918
v -0.015940 0.007331 -0.006918
v -0.015933 0.007337 -0.006917
v -0.015933 0.007332 -0.006918
v -0.015933 0.007320 -0.006920
v -0.015942 0.007365 -0.006910
v -0.015933 0.007370 -0.006908
v -0.015933 0.007365 -0.006910
v -0.015933 0.007354 -0.006913
v -0.015945 0.007425 -0.006876
v -0.015933 0.007416 -0.006884
v -0.015944 0.007411 -0.006887
v -0.015933 0.007401 -0.006893
v -0.015933 0.007397 -0.006896
v -0.015946 0.007450 -0.006852
v -0.015933 0.007442 -0.006861
v -0.015946 0.007438 -0.006865
v -0.015933 0.007429 -0.006873
v -0.015933 0.007425 -0.006876
v -0.015947 0.007470 -0.006825
v -0.015933 0.007464 -0.006835
v -0.015947 0.007461 -0.006839
v -0.015933 0.007454 -0.006848
v -0.015933 0.007450 -0.006852
v -0.015948 0.007486 -0.006794
v -0.015933 0.007481 -0.006805
v -0.015948 0.007479 -0.006809
v -0.015933 0.007473 -0.006820
v -0.015933 0.007471 -0.006825
v -0.015949 0.007495 -0.006760
v -0.015933 0.007493 -0.006772
v -0.015949 0.007491 -0.006777
v -0.015933 0.007488 -0.006789
v -0.015933 0.007486 -0.006794
v -0.015933 0.007500 -0.006721
v -0.015933 0.007500 -0.006726
v -0.015949 0.007499 -0.006726
v -0.015933 0.007499 -0.006738
v -0.015949 0.007498 -0.006743
v -0.015933 0.007497 -0.006755
v -0.015933 0.007496 -0.006761
v -0.015972 0.007497 -0.006709
v -0.015994 0.007491 -0.006692
v -0.015995 0.007493 -0.006709
v -0.016037 0.007474 -0.006676
v -0.016158 0.007320 -0.006624
v -0.016165 0.007325 -0.006640
v -0.016171 0.007328 -0.006655
v -0.016175 0.007332 -0.006672
v -0.016178 0.007334 -0.006689
v -0.016179 0.007337 -0.006706
v -0.016180 0.007338 -0.006723
v -0.016178 0.007339 -0.006740
v -0.016176 0.007340 -0.006757
v -0.016167 0.007339 -0.006791
v -0.016160 0.007337 -0.006807
v -0.016144 0.007333 -0.006837
v -0.016153 0.007335 -0.006822
v -0.016134 0.007330 -0.006850
v -0.016123 0.007327 -0.006863
v -0.016098 0.007318 -0.006886
v -0.016108 0.007324 -0.006877
v -0.016079 0.007326 -0.006894
v -0.016092 0.007332 -0.006884
v -0.016065 0.007319 -0.006902
v -0.016051 0.007312 -0.006909
v -0.016036 0.007305 -0.006915
v -0.016021 0.007297 -0.006919
v -0.016149 0.007339 -0.006623
v -0.016156 0.007344 -0.006638
v -0.016161 0.007348 -0.006654
v -0.016165 0.007352 -0.006670
v -0.016168 0.007355 -0.006687
v -0.016170 0.007357 -0.006704
v -0.016170 0.007359 -0.006721
v -0.016169 0.007360 -0.006738
v -0.016166 0.007360 -0.006756
v -0.016163 0.007359 -0.006772
v -0.016158 0.007358 -0.006789
v -0.016151 0.007356 -0.006805
v -0.016144 0.007354 -0.006820
v -0.016136 0.007351 -0.006835
v -0.016126 0.007347 -0.006849
v -0.016115 0.007342 -0.006862
v -0.016104 0.007337 -0.006874
v -0.016145 0.007362 -0.006636
v -0.016150 0.007367 -0.006652
v -0.016154 0.007371 -0.006668
v -0.016157 0.007374 -0.006685
v -0.016158 0.007377 -0.006702
v -0.016158 0.007378 -0.006719
v -0.016157 0.007379 -0.006737
v -0.016155 0.007379 -0.006754
v -0.016152 0.007378 -0.006771
v -0.016147 0.007377 -0.006787
v -0.016141 0.007374 -0.006803
v -0.016134 0.007371 -0.006819
v -0.016126 0.007367 -0.006834
v -0.016117 0.007363 -0.006847
v -0.016107 0.007357 -0.006860
v -0.016096 0.007351 -0.006872
v -0.016084 0.007345 -0.006883
v -0.016072 0.007338 -0.006893
v -0.016059 0.007330 -0.006901
v -0.016045 0.007322 -0.006908
v -0.016031 0.007313 -0.006914
v -0.016017 0.007305 -0.006918
v -0.016137 0.007385 -0.006651
v -0.016141 0.007389 -0.006667
v -0.016144 0.007393 -0.006684
v -0.016145 0.007395 -0.006701
v -0.016145 0.007397 -0.006718
v -0.016144 0.007398 -0.006735
v -0.016142 0.007397 -0.006752
v -0.016139 0.007396 -0.006769
v -0.016134 0.007394 -0.006786
v -0.016129 0.007392 -0.006802
v -0.016122 0.007388 -0.006817
v -0.016115 0.007383 -0.006832
v -0.016106 0.007378 -0.006846
v -0.016097 0.007372 -0.006859
v -0.016086 0.007365 -0.006871
v -0.016075 0.007357 -0.006882
v -0.016064 0.007349 -0.006892
v -0.016051 0.007340 -0.006900
v -0.016039 0.007331 -0.006908
v -0.016025 0.007321 -0.006913
v -0.016012 0.007311 -0.006918
v -0.016123 0.007402 -0.006649
v -0.016127 0.007406 -0.006665
v -0.016129 0.007410 -0.006682
v -0.016130 0.007413 -0.006699
v -0.016131 0.007414 -0.006716
v -0.016130 0.007415 -0.006734
v -0.016128 0.007415 -0.006751
v -0.016125 0.007413 -0.006768
v -0.016120 0.007411 -0.006784
v -0.016115 0.007408 -0.006800
v -0.016109 0.007403 -0.006816
v -0.016102 0.007398 -0.006831
v -0.016094 0.007392 -0.006845
v -0.016085 0.007385 -0.006858
v -0.016076 0.007377 -0.006870
v -0.016065 0.007369 -0.006881
v -0.016055 0.007359 -0.006891
v -0.016043 0.007350 -0.006900
v -0.016031 0.007339 -0.006907
v -0.016019 0.007329 -0.006913
v -0.016007 0.007318 -0.006917
v -0.016111 0.007422 -0.006664
v -0.016113 0.007426 -0.006681
v -0.016114 0.007429 -0.006698
v -0.016114 0.007430 -0.006715
v -0.016114 0.007431 -0.006732
v -0.016112 0.007430 -0.006749
v -0.016109 0.007429 -0.006766
v -0.016105 0.007426 -0.006783
v -0.016100 0.007422 -0.006799
v -0.016095 0.007417 -0.006815
v -0.016088 0.007412 -0.006830
v -0.016081 0.007405 -0.006844
v -0.016073 0.007397 -0.006857
v -0.016064 0.007389 -0.006869
v -0.016055 0.007379 -0.006880
v -0.016045 0.007369 -0.006890
v -0.016034 0.007359 -0.006899
v -0.016023 0.007347 -0.006906
v -0.016012 0.007336 -0.006912
v -0.016001 0.007323 -0.006917
v -0.016091 0.007431 -0.006647
v -0.016094 0.007436 -0.006663
v -0.016096 0.007440 -0.006679
v -0.016097 0.007443 -0.006696
v -0.016097 0.007445 -0.006714
v -0.016096 0.007445 -0.006731
v -0.016095 0.007445 -0.006748
v -0.016092 0.007443 -0.006765
v -0.016089 0.007440 -0.006782
v -0.016084 0.007436 -0.006798
v -0.016079 0.007430 -0.006814
v -0.016073 0.007424 -0.006829
v -0.016067 0.007417 -0.006843
v -0.016059 0.007408 -0.006856
v -0.016052 0.007399 -0.006868
v -0.016043 0.007389 -0.006879
v -0.016034 0.007378 -0.006889
v -0.016025 0.007367 -0.006898
v -0.016015 0.007354 -0.006906
v -0.016005 0.007342 -0.006912
v -0.015995 0.007329 -0.006916
v -0.016077 0.007453 -0.006678
v -0.016078 0.007456 -0.006695
v -0.016078 0.007458 -0.006713
v -0.016078 0.007458 -0.006730
v -0.016076 0.007458 -0.006747
v -0.016074 0.007456 -0.006764
v -0.016071 0.007452 -0.006781
v -0.016067 0.007448 -0.006797
v -0.016063 0.007442 -0.006813
v -0.016057 0.007435 -0.006828
v -0.016052 0.007427 -0.006842
v -0.016045 0.007418 -0.006855
v -0.016038 0.007408 -0.006867
v -0.016031 0.007398 -0.006879
v -0.016023 0.007386 -0.006889
v -0.016014 0.007374 -0.006897
v -0.016006 0.007361 -0.006905
v -0.015997 0.007347 -0.006911
v -0.015988 0.007333 -0.006916
v -0.016056 0.007460 -0.006661
v -0.016058 0.007465 -0.006677
v -0.016058 0.007468 -0.006694
v -0.016059 0.007469 -0.006712
v -0.016058 0.007470 -0.006729
v -0.016057 0.007469 -0.006746
v -0.016055 0.007467 -0.006763
v -0.016052 0.007463 -0.006780
v -0.016049 0.007458 -0.006796
v -0.016045 0.007452 -0.006812
v -0.016041 0.007445 -0.006827
v -0.016036 0.007437 -0.006841
v -0.016030 0.007427 -0.006854
v -0.016024 0.007417 -0.006867
v -0.016018 0.007405 -0.006878
v -0.016011 0.007393 -0.006888
v -0.016004 0.007380 -0.006897
v -0.015996 0.007366 -0.006904
v -0.015988 0.007352 -0.006911
v -0.015981 0.007338 -0.006915
v -0.016038 0.007477 -0.006693
v -0.016038 0.007479 -0.006711
v -0.016037 0.007479 -0.006728
v -0.016036 0.007478 -0.006745
v -0.016035 0.007476 -0.006762
v -0.016033 0.007472 -0.006779
v -0.016030 0.007467 -0.006795
v -0.016027 0.007461 -0.006811
v -0.016023 0.007453 -0.006826
v -0.016019 0.007444 -0.006840
v -0.016014 0.007435 -0.006854
v -0.016009 0.007424 -0.006866
v -0.016004 0.007412 -0.006877
v -0.015998 0.007399 -0.006888
v -0.015992 0.007385 -0.006896
v -0.015986 0.007371 -0.006904
v -0.015980 0.007356 -0.006910
v -0.015973 0.007341 -0.006915
v -0.016017 0.007487 -0.006710
v -0.016016 0.007487 -0.006727
v -0.016015 0.007486 -0.006744
v -0.016014 0.007484 -0.006762
v -0.016012 0.007480 -0.006778
v -0.016010 0.007474 -0.006795
v -0.016008 0.007468 -0.006810
v -0.016005 0.007460 -0.006825
v -0.016001 0.007451 -0.006840
v -0.015998 0.007441 -0.006853
v -0.015994 0.007429 -0.006866
v -0.015990 0.007417 -0.006877
v -0.015985 0.007404 -0.006887
v -0.015980 0.007390 -0.006896
v -0.015975 0.007375 -0.006904
v -0.015970 0.007360 -0.006910
v -0.015965 0.007344 -0.006915
v -0.015994 0.007493 -0.006727
v -0.015994 0.007492 -0.006744
v -0.015993 0.007489 -0.006761
v -0.015991 0.007485 -0.006778
v -0.015990 0.007480 -0.006794
v -0.015988 0.007473 -0.006810
v -0.015986 0.007465 -0.006825
v -0.015984 0.007456 -0.006839
v -0.015981 0.007445 -0.006853
v -0.015978 0.007434 -0.006865
v -0.015975 0.007421 -0.006877
v -0.015972 0.007407 -0.006887
v -0.015968 0.007393 -0.006896
v -0.015965 0.007378 -0.006903
v -0.015961 0.007362 -0.006910
v -0.015957 0.007346 -0.006915
v -0.015972 0.007497 -0.006726
v -0.015972 0.007496 -0.006744
v -0.015971 0.007493 -0.006761
v -0.015970 0.007489 -0.006777
v -0.015969 0.007484 -0.006794
v -0.015968 0.007477 -0.006810
v -0.015967 0.007468 -0.006825
v -0.015965 0.007459 -0.006839
v -0.015964 0.007448 -0.006852
v -0.015962 0.007436 -0.006865
v -0.015960 0.007424 -0.006876
v -0.015958 0.007410 -0.006887
v -0.015956 0.007395 -0.006896
v -0.015954 0.007380 -0.006903
v -0.015951 0.007364 -0.006910
v -0.015949 0.007348 -0.006915
v -0.014700 0.004800 -0.000250
v -0.016500 0.004800 -0.000250
v -0.014700 0.004800 0.000250
v -0.016500 0.004800 0.000250
v -0.017686 0.004800 -0.007460
v -0.018040 0.004800 -0.007814
v -0.018956 0.004800 -0.006191
v -0.019136 0.004800 -0.006364
v -0.019309 0.004800 -0.006544
v -0.016400 0.002300 0.010250
v -0.016400 0.006200 0.010250
v -0.016403 0.002300 0.010180
v -0.016403 0.006200 0.010180
v -0.016412 0.002300 0.010111
v -0.016412 0.006200 0.010111
v -0.016427 0.002300 0.010043
v -0.016427 0.006200 0.010043
v -0.016448 0.002300 0.009976
v -0.016448 0.006200 0.009976
v -0.016475 0.002300 0.009912
v -0.016475 0.006200 0.009912
v -0.016507 0.002300 0.009850
v -0.016507 0.006200 0.009850
v -0.016545 0.002300 0.009791
v -0.016545 0.006200 0.009791
v -0.016587 0.002300 0.009736
v -0.016587 0.006200 0.009736
v -0.016634 0.002300 0.009684
v -0.016634 0.006200 0.009684
v -0.016686 0.002300 0.009637
v -0.016686 0.006200 0.009637
v -0.016741 0.002300 0.009595
v -0.016741 0.006200 0.009595
v -0.016800 0.002300 0.009557
v -0.016800 0.006200 0.009557
v -0.016862 0.002300 0.009525
v -0.016862 0.006200 0.009525
v -0.016926 0.002300 0.009498
v -0.016926 0.006200 0.009498
v -0.016993 0.002300 0.009477
v -0.016993 0.006200 0.009477
v -0.017061 0.002300 0.009462
v -0.017061 0.006200 0.009462
v -0.017130 0.002300 0.009453
v -0.017130 0.006200 0.009453
v -0.017200 0.002300 0.009450
v -0.017200 0.006200 0.009450
v -0.017270 0.002300 0.009453
v -0.017270 0.006200 0.009453
v -0.017339 0.002300 0.009462
v -0.017339 0.006200 0.009462
v -0.017407 0.002300 0.009477
v -0.017407 0.006200 0.009477
v -0.017474 0.002300 0.009498
v -0.017474 0.006200 0.009498
v -0.017538 0.002300 0.009525
v -0.017538 0.006200 0.009525
v -0.017600 0.002300 0.009557
v -0.017600 0.006200 0.009557
v -0.017659 0.002300 0.009595
v -0.017659 0.006200 0.009595
v -0.017714 0.002300 0.009637
v -0.017714 0.006200 0.009637
v -0.017766 0.002300 0.009684
v -0.017766 0.006200 0.009684
v -0.017813 0.002300 0.009736
v -0.017813 0.006200 0.009736
v -0.017855 0.002300 0.009791
v -0.017855 0.006200 0.009791
v -0.017893 0.002300 0.009850
v -0.017893 0.006200 0.009850
v -0.017925 0.002300 0.009912
v -0.017925 0.006200 0.009912
v -0.017952 0.002300 0.009976
v -0.017952 0.006200 0.009976
v -0.017973 0.002300 0.010043
v -0.017973 0.006200 0.010043
v -0.017988 0.002300 0.010111
v -0.017988 0.006200 0.010111
v -0.017997 0.002300 0.010180
v -0.017997 0.006200 0.010180
v -0.018000 0.002300 0.010250
v -0.018000 0.006200 0.010250
v -0.017997 0.002300 0.010320
v -0.017997 0.006200 0.010320
v -0.017988 0.002300 0.010389
v -0.017988 0.006200 0.010389
v -0.017973 0.002300 0.010457
v -0.017973 0.006200 0.010457
v -0.017952 0.002300 0.010524
v -0.017952 0.006200 0.010524
v -0.017925 0.002300 0.010588
v -0.017925 0.006200 0.010588
v -0.017893 0.002300 0.010650
v -0.017893 0.006200 0.010650
v -0.017855 0.002300 0.010709
v -0.017855 0.006200 0.010709
v -0.017813 0.002300 0.010764
v -0.017813 0.006200 0.010764
v -0.017766 0.002300 0.010816
v -0.017766 0.006200 0.010816
v -0.017714 0.002300 0.010863
v -0.017714 0.006200 0.010863
v -0.017659 0.002300 0.010905
v -0.017659 0.006200 0.010905
v -0.017600 0.002300 0.010943
v -0.017600 0.006200 0.010943
v -0.017538 0.002300 0.010975
v -0.017538 0.006200 0.010975
v -0.017474 0.002300 0.011002
v -0.017474 0.006200 0.011002
v -0.017407 0.002300 0.011023
v -0.017407 0.006200 0.011023
v -0.017339 0.002300 0.011038
v -0.017339 0.006200 0.011038
v -0.017270 0.002300 0.011047
v -0.017270 0.006200 0.011047
v -0.017200 0.002300 0.011050
v -0.017200 0.006200 0.011050
v -0.017130 0.002300 0.011047
v -0.017130 0.006200 0.011047
v -0.017061 0.002300 0.011038
v -0.017061 0.006200 0.011038
v -0.016993 0.002300 0.011023
v -0.016993 0.006200 0.011023
v -0.016926 0.002300 0.011002
v -0.016926 0.006200 0.011002
v -0.016862 0.002300 0.010975
v -0.016862 0.006200 0.010975
v -0.016800 0.002300 0.010943
v -0.016800 0.006200 0.010943
v -0.016741 0.002300 0.010905
v -0.016741 0.006200 0.010905
v -0.016686 0.002300 0.010863
v -0.016686 0.006200 0.010863
v -0.016634 0.002300 0.010816
v -0.016634 0.006200 0.010816
v -0.016587 0.002300 0.010764
v -0.016587 0.006200 0.010764
v -0.016545 0.002300 0.010709
v -0.016545 0.006200 0.010709
v -0.016507 0.002300 0.010650
v -0.016507 0.006200 0.010650
v -0.016475 0.002300 0.010588
v -0.016475 0.006200 0.010588
v -0.016448 0.002300 0.010524
v -0.016448 0.006200 0.010524
v -0.016427 0.002300 0.010457
v -0.016427 0.006200 0.010457
v -0.016412 0.002300 0.010389
v -0.016412 0.006200 0.010389
v -0.016403 0.002300 0.010320
v -0.016403 0.006200 0.010320
v -0.017200 0.002300 0.010250
v 0.002773 0.002300 0.010584
v 0.002775 0.002300 0.010588
v 0.003500 0.002300 0.010250
v 0.002712 0.002300 0.010389
v 0.002727 0.002300 0.010457
v 0.002748 0.002300 0.010524
v 0.002703 0.002300 0.010180
v 0.002700 0.002300 0.010250
v 0.002703 0.002300 0.010320
v 0.002748 0.002300 0.009976
v 0.002727 0.002300 0.010043
v 0.002712 0.002300 0.010111
v 0.002845 0.002300 0.009791
v 0.002807 0.002300 0.009850
v 0.002775 0.002300 0.009912
v 0.002986 0.002300 0.009637
v 0.002934 0.002300 0.009684
v 0.002887 0.002300 0.009736
v 0.003162 0.002300 0.009525
v 0.003100 0.002300 0.009557
v 0.003041 0.002300 0.009595
v 0.003361 0.002300 0.009462
v 0.003293 0.002300 0.009477
v 0.003226 0.002300 0.009498
v 0.003570 0.002300 0.009453
v 0.003500 0.002300 0.009450
v 0.003430 0.002300 0.009453
v 0.003774 0.002300 0.009498
v 0.003707 0.002300 0.009477
v 0.003639 0.002300 0.009462
v 0.003959 0.002300 0.009595
v 0.003900 0.002300 0.009557
v 0.003838 0.002300 0.009525
v 0.004113 0.002300 0.009736
v 0.004066 0.002300 0.009684
v 0.004014 0.002300 0.009637
v 0.004225 0.002300 0.009912
v 0.004193 0.002300 0.009850
v 0.004155 0.002300 0.009791
v 0.004288 0.002300 0.010111
v 0.004273 0.002300 0.010043
v 0.004252 0.002300 0.009976
v 0.004297 0.002300 0.010320
v 0.004300 0.002300 0.010250
v 0.004297 0.002300 0.010180
v 0.004252 0.002300 0.010524
v 0.004273 0.002300 0.010457
v 0.004288 0.002300 0.010389
v 0.004155 0.002300 0.010709
v 0.004193 0.002300 0.010650
v 0.004225 0.002300 0.010588
v 0.004014 0.002300 0.010863
v 0.004066 0.002300 0.010816
v 0.004113 0.002300 0.010764
v 0.003838 0.002300 0.010975
v 0.003900 0.002300 0.010943
v 0.003959 0.002300 0.010905
v 0.003639 0.002300 0.011038
v 0.003707 0.002300 0.011023
v 0.003774 0.002300 0.011002
v 0.003430 0.002300 0.011047
v 0.003500 0.002300 0.011050
v 0.003570 0.002300 0.011047
v 0.003226 0.002300 0.011002
v 0.003293 0.002300 0.011023
v 0.003361 0.002300 0.011038
v 0.003041 0.002300 0.010905
v 0.003100 0.002300 0.010943
v 0.003162 0.002300 0.010975
v 0.002887 0.002300 0.010764
v 0.002934 0.002300 0.010816
v 0.002986 0.002300 0.010863
v 0.002807 0.002300 0.010650
v 0.002845 0.002300 0.010709
v 0.002748 0.006200 0.010524
v 0.002727 0.006200 0.010457
v 0.002712 0.006200 0.010389
v 0.002703 0.006200 0.010320
v 0.002700 0.006200 0.010250
v 0.002703 0.006200 0.010180
v 0.002712 0.006200 0.010111
v 0.002727 0.006200 0.010043
v 0.002748 0.006200 0.009976
v 0.002775 0.006200 0.009912
v 0.002807 0.006200 0.009850
v 0.002845 0.006200 0.009791
v 0.002887 0.006200 0.009736
v 0.002934 0.006200 0.009684
v 0.002986 0.006200 0.009637
v 0.003041 0.006200 0.009595
v 0.003100 0.006200 0.009557
v 0.003162 0.006200 0.009525
v 0.003226 0.006200 0.009498
v 0.003293 0.006200 0.009477
v 0.003361 0.006200 0.009462
v 0.003430 0.006200 0.009453
v 0.003500 0.006200 0.009450
v 0.003570 0.006200 0.009453
v 0.003639 0.006200 0.009462
v 0.003707 0.006200 0.009477
v 0.003774 0.006200 0.009498
v 0.003838 0.006200 0.009525
v 0.003900 0.006200 0.009557
v 0.003959 0.006200 0.009595
v 0.004014 0.006200 0.009637
v 0.004066 0.006200 0.009684
v 0.004113 0.006200 0.009736
v 0.004155 0.006200 0.009791
v 0.004193 0.006200 0.009850
v 0.004225 0.006200 0.009912
v 0.004252 0.006200 0.009976
v 0.004273 0.006200 0.010043
v 0.004288 0.006200 0.010111
v 0.004297 0.006200 0.010180
v 0.004300 0.006200 0.010250
v 0.004297 0.006200 0.010320
v 0.004288 0.006200 0.010389
v 0.004273 0.006200 0.010457
v 0.004252 0.006200 0.010524
v 0.004225 0.006200 0.010588
v 0.004193 0.006200 0.010650
v 0.004155 0.006200 0.010709
v 0.004113 0.006200 0.010764
v 0.004066 0.006200 0.010816
v 0.004014 0.006200 0.010863
v 0.003959 0.006200 0.010905
v 0.003900 0.006200 0.010943
v 0.003838 0.006200 0.010975
v 0.003774 0.006200 0.011002
v 0.003707 0.006200 0.011023
v 0.003639 0.006200 0.011038
v 0.003570 0.006200 0.011047
v 0.003500 0.006200 0.011050
v 0.003430 0.006200 0.011047
v 0.003361 0.006200 0.011038
v 0.003293 0.006200 0.011023
v 0.003226 0.006200 0.011002
v 0.003162 0.006200 0.010975
v 0.003100 0.006200 0.010943
v 0.003041 0.006200 0.010905
v 0.002986 0.006200 0.010863
v 0.002934 0.006200 0.010816
v 0.002887 0.006200 0.010764
v 0.002845 0.006200 0.010709
v 0.002807 0.006200 0.010650
v 0.002775 0.006200 0.010588
v -0.018956 0.004800 0.006191
v -0.017686 0.004800 0.007460
v -0.019136 0.004800 0.006364
v -0.019309 0.004800 0.006544
v -0.018040 0.004800 0.007814
v -0.019772 0.005567 0.009491
v -0.019765 0.005567 0.009446
v -0.019768 0.005567 0.009461
v -0.019770 0.005567 0.009476
v -0.019761 0.005567 0.009431
v -0.019756 0.005566 0.009416
v -0.019750 0.005564 0.009402
v -0.019729 0.005558 0.009361
v -0.019737 0.005561 0.009375
v -0.019744 0.005563 0.009388
v -0.019720 0.005556 0.009349
v -0.019711 0.005553 0.009337
v -0.019678 0.005542 0.009304
v -0.019690 0.005546 0.009315
v -0.019701 0.005549 0.009325
v -0.019501 0.006243 0.009533
v -0.019499 0.006244 0.009513
v -0.019498 0.006244 0.009507
v -0.019496 0.006243 0.009493
v -0.019492 0.006243 0.009477
v -0.019491 0.006243 0.009473
v -0.019484 0.006241 0.009453
v -0.019482 0.006241 0.009448
v -0.019476 0.006239 0.009434
v -0.019469 0.006237 0.009420
v -0.019467 0.006236 0.009416
v -0.019433 0.006226 0.009370
v -0.019444 0.006229 0.009383
v -0.019452 0.006232 0.009394
v -0.019456 0.006233 0.009399
v -0.019431 0.006225 0.009368
v -0.019417 0.006220 0.009354
v -0.019411 0.006218 0.009349
v -0.019432 0.006338 0.009519
v -0.019435 0.006332 0.009499
v -0.019446 0.006322 0.009504
v -0.019463 0.006244 0.009417
v -0.019453 0.006240 0.009399
v -0.019421 0.006240 0.009366
v -0.019412 0.006228 0.009353
v -0.019413 0.006226 0.009353
v -0.019411 0.006229 0.009353
v -0.019428 0.006343 0.009538
v -0.019400 0.006362 0.009526
v -0.019378 0.006375 0.009538
v -0.019385 0.006370 0.009519
v -0.019337 0.006391 0.009539
v -0.019346 0.006387 0.009521
v -0.019366 0.006327 0.009395
v -0.019375 0.006321 0.009395
v -0.019368 0.006336 0.009408
v -0.019398 0.006234 0.009346
v -0.019399 0.006234 0.009347
v -0.019397 0.006238 0.009347
v -0.019396 0.006253 0.009354
v -0.019393 0.006258 0.009354
v -0.019392 0.006272 0.009363
v -0.019381 0.006294 0.009372
v -0.019387 0.006276 0.009363
v -0.019389 0.006272 0.009360
v -0.019387 0.006289 0.009372
v -0.019382 0.006306 0.009383
v -0.019376 0.006306 0.009379
v -0.019374 0.006311 0.009383
v -0.019348 0.006355 0.009423
v -0.019357 0.006342 0.009409
v -0.019361 0.006336 0.009403
v -0.019343 0.006371 0.009452
v -0.019343 0.006361 0.009430
v -0.019352 0.006360 0.009437
v -0.019361 0.006349 0.009422
v -0.019324 0.006387 0.009485
v -0.019323 0.006380 0.009461
v -0.019334 0.006379 0.009468
v -0.019328 0.006376 0.009454
v -0.019338 0.006366 0.009438
v -0.019303 0.006396 0.009519
v -0.019302 0.006393 0.009494
v -0.019314 0.006392 0.009501
v -0.019306 0.006391 0.009488
v -0.019317 0.006384 0.009470
v -0.019271 0.006400 0.009541
v -0.019279 0.006399 0.009528
v -0.019293 0.006399 0.009536
v -0.019283 0.006399 0.009523
v -0.019294 0.006396 0.009505
v -0.019445 0.006327 0.009523
v -0.019456 0.006315 0.009527
v -0.019467 0.006302 0.009530
v -0.019477 0.006289 0.009532
v -0.019486 0.006274 0.009534
v -0.019494 0.006259 0.009534
v -0.019416 0.006222 0.009354
v -0.019429 0.006228 0.009368
v -0.019419 0.006242 0.009366
v -0.019426 0.006255 0.009380
v -0.019409 0.006230 0.009352
v -0.019416 0.006245 0.009365
v -0.019423 0.006259 0.009378
v -0.019428 0.006272 0.009393
v -0.019442 0.006234 0.009383
v -0.019433 0.006268 0.009395
v -0.019438 0.006279 0.009411
v -0.019432 0.006285 0.009409
v -0.019472 0.006249 0.009435
v -0.019479 0.006252 0.009454
v -0.019485 0.006255 0.009473
v -0.019435 0.006296 0.009426
v -0.019442 0.006290 0.009428
v -0.019436 0.006307 0.009443
v -0.019445 0.006299 0.009446
v -0.019437 0.006316 0.009461
v -0.019447 0.006308 0.009465
v -0.019437 0.006325 0.009480
v -0.019447 0.006315 0.009484
v -0.019457 0.006305 0.009487
v -0.019456 0.006299 0.009468
v -0.019453 0.006291 0.009449
v -0.019449 0.006282 0.009431
v -0.019444 0.006273 0.009413
v -0.019438 0.006263 0.009397
v -0.019430 0.006252 0.009381
v -0.019466 0.006294 0.009490
v -0.019464 0.006289 0.009470
v -0.019461 0.006282 0.009451
v -0.019456 0.006275 0.009433
v -0.019449 0.006266 0.009415
v -0.019442 0.006257 0.009398
v -0.019433 0.006248 0.009382
v -0.019424 0.006237 0.009367
v -0.019475 0.006282 0.009492
v -0.019472 0.006278 0.009472
v -0.019467 0.006273 0.009453
v -0.019462 0.006266 0.009434
v -0.019454 0.006259 0.009416
v -0.019446 0.006252 0.009399
v -0.019437 0.006243 0.009382
v -0.019426 0.006234 0.009367
v -0.019414 0.006225 0.009354
v -0.019415 0.006223 0.009354
v -0.019428 0.006231 0.009368
v -0.019439 0.006239 0.009383
v -0.019450 0.006246 0.009399
v -0.019459 0.006252 0.009416
v -0.019467 0.006258 0.009435
v -0.019474 0.006263 0.009453
v -0.019479 0.006267 0.009473
v -0.019483 0.006270 0.009493
v -0.019490 0.006257 0.009493
v -0.019457 0.006311 0.009507
v -0.019467 0.006299 0.009510
v -0.019477 0.006286 0.009512
v -0.019485 0.006272 0.009513
v -0.019493 0.006258 0.009513
v -0.019406 0.006356 0.009507
v -0.019392 0.006364 0.009501
v -0.019410 0.006349 0.009489
v -0.019397 0.006356 0.009482
v -0.019414 0.006341 0.009470
v -0.019402 0.006347 0.009465
v -0.019416 0.006331 0.009453
v -0.019406 0.006336 0.009447
v -0.019418 0.006320 0.009435
v -0.019408 0.006325 0.009431
v -0.019419 0.006307 0.009419
v -0.019410 0.006312 0.009415
v -0.019418 0.006294 0.009403
v -0.019411 0.006298 0.009400
v -0.019417 0.006280 0.009388
v -0.019411 0.006283 0.009386
v -0.019414 0.006264 0.009375
v -0.019410 0.006267 0.009373
v -0.019411 0.006249 0.009362
v -0.019408 0.006250 0.009361
v -0.019407 0.006232 0.009351
v -0.019408 0.006231 0.009352
v -0.019414 0.006247 0.009364
v -0.019419 0.006262 0.009377
v -0.019422 0.006276 0.009391
v -0.019425 0.006290 0.009406
v -0.019427 0.006302 0.009422
v -0.019427 0.006314 0.009440
v -0.019427 0.006324 0.009457
v -0.019425 0.006333 0.009476
v -0.019423 0.006341 0.009494
v -0.019419 0.006348 0.009513
v -0.019415 0.006353 0.009533
v -0.019405 0.006233 0.009350
v -0.019402 0.006234 0.009349
v -0.019404 0.006233 0.009349
v -0.019402 0.006252 0.009358
v -0.019405 0.006251 0.009359
v -0.019401 0.006270 0.009368
v -0.019406 0.006269 0.009370
v -0.019399 0.006287 0.009379
v -0.019405 0.006285 0.009383
v -0.019397 0.006303 0.009392
v -0.019404 0.006301 0.009396
v -0.019393 0.006318 0.009406
v -0.019402 0.006315 0.009410
v -0.019388 0.006332 0.009420
v -0.019398 0.006329 0.009426
v -0.019383 0.006345 0.009435
v -0.019394 0.006341 0.009442
v -0.019377 0.006356 0.009451
v -0.019390 0.006352 0.009458
v -0.019370 0.006366 0.009468
v -0.019384 0.006362 0.009476
v -0.019363 0.006374 0.009485
v -0.019378 0.006370 0.009493
v -0.019355 0.006381 0.009503
v -0.019370 0.006376 0.009511
v -0.019362 0.006382 0.009530
v -0.019401 0.006234 0.009348
v -0.019399 0.006253 0.009356
v -0.019397 0.006271 0.009365
v -0.019393 0.006288 0.009376
v -0.019389 0.006305 0.009388
v -0.019384 0.006320 0.009400
v -0.019378 0.006334 0.009414
v -0.019372 0.006347 0.009429
v -0.019365 0.006359 0.009444
v -0.019357 0.006369 0.009460
v -0.019349 0.006378 0.009477
v -0.019340 0.006385 0.009494
v -0.019330 0.006390 0.009511
v -0.019320 0.006394 0.009529
v -0.019401 0.006217 0.009342
v -0.016894 0.006366 0.007279
v -0.016921 0.006342 0.007256
v -0.016944 0.006311 0.007237
v -0.016963 0.006276 0.007221
v -0.016977 0.006238 0.007209
v -0.016982 0.006217 0.007205
v -0.018856 0.006217 0.008963
v -0.016970 0.006258 0.007214
v -0.016954 0.006294 0.007228
v -0.016933 0.006327 0.007246
v -0.016908 0.006355 0.007267
v -0.016880 0.006376 0.007291
v -0.016864 0.006384 0.007304
v -0.016849 0.006391 0.007317
v -0.016833 0.006396 0.007331
v -0.016817 0.006399 0.007344
v -0.016800 0.006400 0.007358
v -0.018715 0.006400 0.009154
v -0.018740 0.006396 0.009119
v -0.018728 0.006399 0.009136
v -0.018765 0.006384 0.009086
v -0.018753 0.006391 0.009103
v -0.018788 0.006366 0.009055
v -0.018777 0.006376 0.009070
v -0.018809 0.006342 0.009027
v -0.018799 0.006355 0.009041
v -0.018827 0.006311 0.009003
v -0.018818 0.006327 0.009014
v -0.018842 0.006276 0.008983
v -0.018835 0.006294 0.008992
v -0.018187 0.006217 0.008425
v -0.018853 0.006238 0.008968
v -0.018848 0.006258 0.008975
v -0.017392 0.006400 0.008005
v -0.017407 0.006399 0.007990
v -0.017422 0.006396 0.007975
v -0.017437 0.006391 0.007961
v -0.017452 0.006384 0.007946
v -0.017466 0.006376 0.007932
v -0.017479 0.006366 0.007919
v -0.017492 0.006355 0.007906
v -0.017504 0.006342 0.007895
v -0.017515 0.006327 0.007883
v -0.017526 0.006311 0.007873
v -0.017535 0.006294 0.007864
v -0.017543 0.006276 0.007856
v -0.017550 0.006258 0.007849
v -0.017556 0.006238 0.007843
v -0.017561 0.006217 0.007838
v -0.018183 0.006238 0.008430
v -0.018177 0.006258 0.008437
v -0.018171 0.006276 0.008444
v -0.018163 0.006294 0.008453
v -0.018154 0.006311 0.008463
v -0.018145 0.006327 0.008474
v -0.018135 0.006342 0.008486
v -0.018123 0.006355 0.008499
v -0.018112 0.006366 0.008512
v -0.018099 0.006376 0.008527
v -0.018086 0.006384 0.008542
v -0.018073 0.006391 0.008557
v -0.018059 0.006396 0.008573
v -0.018045 0.006399 0.008589
v -0.018031 0.006400 0.008605
v -0.010500 0.007500 0.005500
v -0.010500 0.007350 0.005500
v -0.010544 0.007500 0.005498
v -0.010544 0.007350 0.005498
v -0.010587 0.007500 0.005492
v -0.010587 0.007350 0.005492
v -0.010629 0.007500 0.005483
v -0.010629 0.007350 0.005483
v -0.010671 0.007500 0.005470
v -0.010671 0.007350 0.005470
v -0.010711 0.007500 0.005453
v -0.010711 0.007350 0.005453
v -0.010750 0.007500 0.005433
v -0.010750 0.007350 0.005433
v -0.010787 0.007500 0.005410
v -0.010787 0.007350 0.005410
v -0.010821 0.007500 0.005383
v -0.010821 0.007350 0.005383
v -0.010854 0.007500 0.005354
v -0.010854 0.007350 0.005354
v -0.010883 0.007500 0.005321
v -0.010883 0.007350 0.005321
v -0.010910 0.007500 0.005287
v -0.010910 0.007350 0.005287
v -0.010933 0.007500 0.005250
v -0.010933 0.007350 0.005250
v -0.010953 0.007500 0.005211
v -0.010953 0.007350 0.005211
v -0.010970 0.007500 0.005171
v -0.010970 0.007350 0.005171
v -0.010983 0.007500 0.005129
v -0.010983 0.007350 0.005129
v -0.010992 0.007500 0.005087
v -0.010992 0.007350 0.005087
v -0.010998 0.007500 0.005044
v -0.010998 0.007350 0.005044
v -0.011000 0.007500 0.005000
v -0.011000 0.007350 0.005000
v 0.004500 0.007350 0.005500
v 0.004500 0.007500 0.005500
v 0.005000 0.007500 0.005000
v 0.005000 0.007350 0.005000
v 0.004998 0.007500 0.005044
v 0.004998 0.007350 0.005044
v 0.004992 0.007500 0.005087
v 0.004992 0.007350 0.005087
v 0.004983 0.007500 0.005129
v 0.004983 0.007350 0.005129
v 0.004970 0.007500 0.005171
v 0.004970 0.007350 0.005171
v 0.004953 0.007500 0.005211
v 0.004953 0.007350 0.005211
v 0.004933 0.007500 0.005250
v 0.004933 0.007350 0.005250
v 0.004910 0.007500 0.005287
v 0.004910 0.007350 0.005287
v 0.004883 0.007500 0.005321
v 0.004883 0.007350 0.005321
v 0.004854 0.007500 0.005354
v 0.004854 0.007350 0.005354
v 0.004821 0.007500 0.005383
v 0.004821 0.007350 0.005383
v 0.004787 0.007500 0.005410
v 0.004787 0.007350 0.005410
v 0.004750 0.007500 0.005433
v 0.004750 0.007350 0.005433
v 0.004711 0.007500 0.005453
v 0.004711 0.007350 0.005453
v 0.004671 0.007500 0.005470
v 0.004671 0.007350 0.005470
v 0.004629 0.007500 0.005483
v 0.004629 0.007350 0.005483
v 0.004587 0.007500 0.005492
v 0.004587 0.007350 0.005492
v 0.004544 0.007500 0.005498
v 0.004544 0.007350 0.005498
v 0.005000 0.007350 -0.005000
v 0.005000 0.007500 -0.005000
v 0.004500 0.007500 -0.005500
v 0.004500 0.007350 -0.005500
v 0.004544 0.007500 -0.005498
v 0.004544 0.007350 -0.005498
v 0.004587 0.007500 -0.005492
v 0.004587 0.007350 -0.005492
v 0.004629 0.007500 -0.005483
v 0.004629 0.007350 -0.005483
v 0.004671 0.007500 -0.005470
v 0.004671 0.007350 -0.005470
v 0.004711 0.007500 -0.005453
v 0.004711 0.007350 -0.005453
v 0.004750 0.007500 -0.005433
v 0.004750 0.007350 -0.005433
v 0.004787 0.007500 -0.005410
v 0.004787 0.007350 -0.005410
v 0.004821 0.007500 -0.005383
v 0.004821 0.007350 -0.005383
v 0.004854 0.007500 -0.005354
v 0.004854 0.007350 -0.005354
v 0.004883 0.007500 -0.005321
v 0.004883 0.007350 -0.005321
v 0.004910 0.007500 -0.005287
v 0.004910 0.007350 -0.005287
v 0.004933 0.007500 -0.005250
v 0.004933 0.007350 -0.005250
v 0.004953 0.007500 -0.005211
v 0.004953 0.007350 -0.005211
v 0.004970 0.007500 -0.005171
v 0.004970 0.007350 -0.005171
v 0.004983 0.007500 -0.005129
v 0.004983 0.007350 -0.005129
v 0.004992 0.007500 -0.005087
v 0.004992 0.007350 -0.005087
v 0.004998 0.007500 -0.005044
v 0.004998 0.007350 -0.005044
v -0.010500 0.007500 -0.005500
v -0.010500 0.007350 -0.005500
v -0.011000 0.007350 -0.005000
v -0.010544 0.007350 -0.005498
v -0.010587 0.007350 -0.005492
v -0.010787 0.007350 -0.005410
v -0.010821 0.007350 -0.005383
v -0.010983 0.007350 -0.005129
v -0.010750 0.007350 -0.005433
v -0.010629 0.007350 -0.005483
v -0.010671 0.007350 -0.005470
v -0.010998 0.007350 -0.005044
v -0.010992 0.007350 -0.005087
v -0.010854 0.007350 -0.005354
v -0.010883 0.007350 -0.005321
v -0.010970 0.007350 -0.005171
v -0.010711 0.007350 -0.005453
v -0.010910 0.007350 -0.005287
v -0.010933 0.007350 -0.005250
v -0.010953 0.007350 -0.005211
v -0.011000 0.007500 -0.005000
v -0.010998 0.007500 -0.005044
v -0.010992 0.007500 -0.005087
v -0.010983 0.007500 -0.005129
v -0.010970 0.007500 -0.005171
v -0.010953 0.007500 -0.005211
v -0.010933 0.007500 -0.005250
v -0.010910 0.007500 -0.005287
v -0.010883 0.007500 -0.005321
v -0.010854 0.007500 -0.005354
v -0.010821 0.007500 -0.005383
v -0.010787 0.007500 -0.005410
v -0.010750 0.007500 -0.005433
v -0.010711 0.007500 -0.005453
v -0.010671 0.007500 -0.005470
v -0.010629 0.007500 -0.005483
v -0.010587 0.007500 -0.005492
v -0.010544 0.007500 -0.005498
v -0.013840 0.003400 0.005079
v -0.013834 0.003400 0.005118
v -0.013830 0.003400 0.005157
v -0.013829 0.003400 0.005196
v -0.013831 0.003400 0.005234
v -0.013837 0.003400 0.005273
v -0.013950 0.003400 0.004449
v -0.014005 0.003400 0.003811
v -0.014006 0.003400 0.003170
v -0.013952 0.003400 0.002532
v -0.013844 0.003400 0.001901
v -0.013683 0.003400 0.001282
v -0.013469 0.003400 0.000678
v -0.013204 0.003400 0.000095
v -0.012891 0.003400 -0.000464
v -0.012852 0.003400 -0.000533
v -0.012818 0.003400 -0.000605
v -0.012791 0.003400 -0.000680
v -0.012769 0.003400 -0.000757
v -0.012754 0.003400 -0.000835
v -0.012744 0.003400 -0.000914
v -0.012742 0.003400 -0.000994
v -0.012745 0.003400 -0.001073
v 0.007884 0.004900 0.006000
v 0.007564 0.004900 0.006000
v 0.007564 0.005700 0.006000
v 0.007924 0.004800 0.007077
v 0.007924 0.004800 0.002577
v 0.007834 0.004800 0.007057
v 0.007834 0.004800 0.002759
v 0.007834 0.002800 0.007057
v 0.007707 0.002800 0.007035
v 0.007884 0.004900 0.007068
v 0.007707 0.004900 0.007035
v 0.007462 0.002800 0.007007
v 0.007462 0.004900 0.007007
v 0.007215 0.002800 0.007000
v 0.007215 0.004900 0.007000
v 0.006969 0.002800 0.007013
v 0.006969 0.004900 0.007013
v 0.006724 0.002800 0.007046
v 0.006724 0.004900 0.007046
v 0.006483 0.002800 0.007100
v 0.006483 0.004900 0.007100
v 0.006248 0.002800 0.007172
v 0.006248 0.004900 0.007172
v 0.006019 0.002800 0.007264
v 0.006019 0.004900 0.007264
v 0.005798 0.002800 0.007375
v 0.005798 0.004900 0.007375
v 0.005587 0.002800 0.007503
v 0.005587 0.004900 0.007503
v 0.005388 0.002800 0.007648
v 0.005388 0.004900 0.007648
v 0.005201 0.002800 0.007809
v 0.005201 0.004900 0.007809
v 0.005028 0.002800 0.007985
v 0.005028 0.004900 0.007985
v 0.004870 0.002800 0.008174
v 0.004870 0.004900 0.008174
v 0.004728 0.002800 0.008376
v 0.004728 0.004900 0.008376
v 0.004603 0.002800 0.008589
v 0.004603 0.004900 0.008589
v 0.004496 0.002800 0.008811
v 0.004496 0.004900 0.008811
v 0.004672 0.002800 0.008951
v 0.005666 0.002800 0.009256
v 0.004779 0.002800 0.009056
v 0.005608 0.002800 0.009396
v 0.004877 0.002800 0.009170
v 0.005600 0.002800 0.010584
v 0.005218 0.002800 0.010584
v 0.005556 0.002800 0.010439
v 0.005240 0.002800 0.010435
v 0.005524 0.002800 0.010291
v 0.005250 0.002800 0.010286
v 0.005506 0.002800 0.010141
v 0.005246 0.002800 0.010136
v 0.005500 0.002800 0.009989
v 0.005230 0.002800 0.009987
v 0.005508 0.002800 0.009838
v 0.005201 0.002800 0.009840
v 0.005528 0.002800 0.009688
v 0.005818 0.002800 0.008994
v 0.005910 0.002800 0.008874
v 0.006013 0.002800 0.008763
v 0.006124 0.002800 0.008660
v 0.006244 0.002800 0.008568
v 0.006372 0.002800 0.008486
v 0.006506 0.002800 0.008416
v 0.006646 0.002800 0.008358
v 0.006790 0.002800 0.008312
v 0.006938 0.002800 0.008278
v 0.007088 0.002800 0.008258
v 0.007239 0.002800 0.008250
v 0.007391 0.002800 0.008256
v 0.007541 0.002800 0.008274
v 0.007689 0.002800 0.008306
v 0.007834 0.002800 0.008350
v 0.004557 0.002800 0.008855
v 0.005736 0.002800 0.009122
v 0.005160 0.002800 0.009696
v 0.005106 0.002800 0.009556
v 0.005562 0.002800 0.009540
v 0.005041 0.002800 0.009421
v 0.004964 0.002800 0.009292
v 0.005218 0.001300 0.010584
v 0.001782 0.001300 0.010584
v 0.005240 0.001300 0.010435
v 0.001779 0.001300 0.010565
v 0.005250 0.001300 0.010286
v 0.005246 0.001300 0.010136
v 0.002459 0.001300 0.008843
v 0.002583 0.001300 0.008760
v 0.005230 0.001300 0.009987
v 0.002714 0.001300 0.008686
v 0.002851 0.001300 0.008625
v 0.002992 0.001300 0.008575
v 0.005201 0.001300 0.009840
v 0.005160 0.001300 0.009696
v 0.001750 0.001300 0.010266
v 0.001755 0.001300 0.010116
v 0.002047 0.001300 0.009275
v 0.002135 0.001300 0.009155
v 0.001773 0.001300 0.009968
v 0.001803 0.001300 0.009821
v 0.001846 0.001300 0.009677
v 0.001902 0.001300 0.009538
v 0.001968 0.001300 0.009403
v 0.002234 0.001300 0.009042
v 0.002342 0.001300 0.008938
v 0.003435 0.001300 0.008501
v 0.005041 0.001300 0.009421
v 0.003285 0.001300 0.008513
v 0.003137 0.001300 0.008538
v 0.005106 0.001300 0.009556
v 0.001758 0.001300 0.010416
v 0.004779 0.001300 0.009056
v 0.004877 0.001300 0.009170
v 0.004964 0.001300 0.009292
v 0.004026 0.001300 0.008581
v 0.004167 0.001300 0.008632
v 0.004303 0.001300 0.008695
v 0.004434 0.001300 0.008770
v 0.004557 0.001300 0.008855
v 0.004672 0.001300 0.008951
v 0.003882 0.001300 0.008542
v 0.003585 0.001300 0.008502
v 0.003734 0.001300 0.008516
v 0.001782 0.004800 0.010584
v 0.004434 0.004900 0.008770
v 0.001802 0.004800 0.010674
v 0.001793 0.004900 0.010634
v 0.001779 0.004900 0.010565
v 0.001758 0.004900 0.010416
v 0.001750 0.004900 0.010266
v 0.001755 0.004900 0.010116
v 0.001773 0.004900 0.009968
v 0.001803 0.004900 0.009821
v 0.001846 0.004900 0.009677
v 0.001902 0.004900 0.009538
v 0.001968 0.004900 0.009403
v 0.002047 0.004900 0.009275
v 0.002135 0.004900 0.009155
v 0.002234 0.004900 0.009042
v 0.002342 0.004900 0.008938
v 0.002459 0.004900 0.008843
v 0.002583 0.004900 0.008760
v 0.002714 0.004900 0.008686
v 0.002851 0.004900 0.008625
v 0.002992 0.004900 0.008575
v 0.003137 0.004900 0.008538
v 0.003285 0.004900 0.008513
v 0.003435 0.004900 0.008501
v 0.003585 0.004900 0.008502
v 0.003734 0.004900 0.008516
v 0.003882 0.004900 0.008542
v 0.004026 0.004900 0.008581
v 0.004167 0.004900 0.008632
v 0.004303 0.004900 0.008695
v -0.004388 0.004800 0.010674
v -0.003931 0.004800 0.010674
v -0.004102 0.004800 0.010584
v -0.001013 0.004800 0.010674
v -0.007125 0.004800 0.010957
v -0.007734 0.004800 0.010882
v -0.006850 0.004800 0.010674
v -0.008335 0.004800 0.010757
v -0.008637 0.004800 0.010674
v -0.004691 0.004800 0.010757
v -0.005291 0.004800 0.010882
v -0.005900 0.004800 0.010957
v -0.006513 0.004800 0.010982
v -0.001013 0.004900 0.010634
v -0.015502 0.004800 0.010674
v -0.015493 0.004900 0.010634
v -0.012687 0.004800 0.010674
v -0.012687 0.004900 0.010634
v -0.009769 0.004900 0.010634
v -0.006850 0.004900 0.010634
v -0.009769 0.004800 0.010674
v -0.003931 0.004900 0.010634
v -0.014193 0.004900 0.006000
v -0.015450 0.004900 0.010266
v -0.015479 0.004900 0.010565
v -0.016211 0.004900 0.008806
v -0.015636 0.004900 0.008158
v -0.016159 0.004900 0.008843
v -0.016042 0.004900 0.008938
v -0.015473 0.004900 0.009968
v -0.015503 0.004900 0.009821
v -0.015546 0.004900 0.009677
v -0.015602 0.004900 0.009538
v -0.015668 0.004900 0.009403
v -0.015747 0.004900 0.009275
v -0.015107 0.004900 0.007472
v -0.014625 0.004900 0.006751
v -0.015934 0.004900 0.009042
v -0.015835 0.004900 0.009155
v -0.015458 0.004900 0.010416
v -0.015455 0.004900 0.010116
v -0.016211 0.003400 0.008806
v -0.015636 0.003400 0.008158
v -0.015107 0.003400 0.007472
v -0.014625 0.003400 0.006751
v -0.014193 0.003400 0.006000
v -0.014193 0.001100 0.006000
v 0.007564 0.001100 0.006000
v -0.013772 0.003400 0.005366
v -0.013772 0.001100 0.005366
v -0.013862 0.003400 0.005450
v -0.013862 0.001100 0.005450
v -0.013956 0.003400 0.005529
v -0.013956 0.001100 0.005529
v -0.013735 0.001100 -0.005043
v -0.014193 0.001100 -0.006000
v 0.007564 0.001100 -0.006000
v -0.013126 0.001100 0.003275
v -0.012897 0.001100 0.002238
v -0.013810 0.001100 0.005214
v -0.013440 0.001100 0.004289
v -0.012755 0.001100 0.001186
v -0.012701 0.001100 0.000126
v -0.012734 0.001100 -0.000935
v -0.012856 0.001100 -0.001990
v -0.013064 0.001100 -0.003030
v -0.013358 0.001100 -0.004050
v -0.013810 0.003400 0.005214
v -0.013735 0.003400 -0.005043
v -0.013358 0.003400 -0.004050
v -0.013064 0.003400 -0.003030
v -0.012856 0.003400 -0.001990
v 0.007564 0.004900 -0.006000
v -0.015479 0.004900 -0.010565
v -0.015835 0.004900 -0.009155
v -0.015747 0.004900 -0.009275
v -0.015668 0.004900 -0.009403
v -0.015602 0.004900 -0.009538
v -0.015546 0.004900 -0.009677
v -0.015503 0.004900 -0.009821
v -0.016042 0.004900 -0.008938
v -0.016159 0.004900 -0.008843
v -0.015934 0.004900 -0.009042
v -0.015450 0.004900 -0.010266
v -0.015458 0.004900 -0.010416
v 0.007884 0.004900 -0.006000
v -0.015455 0.004900 -0.010116
v -0.015473 0.004900 -0.009968
v 0.007564 0.005700 -0.006000
v 0.008374 0.003677 0.001455
v 0.008259 0.003965 0.001789
v 0.008130 0.004286 0.002118
v 0.008476 0.003422 0.001117
v 0.008374 -0.002200 0.001455
v 0.008130 -0.002200 0.002118
v 0.007834 -0.002200 0.002759
v 0.007834 -0.002200 0.008350
v 0.007689 -0.002200 0.008306
v 0.007541 -0.002200 0.008274
v 0.007391 -0.002200 0.008256
v 0.007239 -0.002200 0.008250
v 0.007088 -0.002200 0.008258
v 0.006938 -0.002200 0.008278
v 0.006790 -0.002200 0.008312
v 0.006646 -0.002200 0.008358
v 0.006506 -0.002200 0.008416
v 0.006372 -0.002200 0.008486
v 0.006244 -0.002200 0.008568
v 0.006124 -0.002200 0.008660
v 0.006013 -0.002200 0.008763
v 0.005910 -0.002200 0.008874
v 0.005818 -0.002200 0.008994
v 0.005736 -0.002200 0.009122
v 0.005666 -0.002200 0.009256
v 0.005608 -0.002200 0.009396
v 0.005562 -0.002200 0.009540
v 0.005528 -0.002200 0.009688
v 0.005508 -0.002200 0.009838
v 0.005500 -0.002200 0.009989
v 0.005506 -0.002200 0.010141
v 0.005524 -0.002200 0.010291
v 0.005556 -0.002200 0.010439
v 0.005600 -0.002200 0.010584
v -0.004102 -0.002200 0.010584
v -0.004691 -0.002200 0.010757
v -0.005291 -0.002200 0.010882
v -0.005900 -0.002200 0.010957
v -0.006513 -0.002200 0.010982
v -0.007125 -0.002200 0.010957
v -0.007734 -0.002200 0.010882
v -0.008335 -0.002200 0.010757
v -0.008923 -0.002200 0.010584
v -0.008923 0.004800 0.010584
v -0.015482 0.004800 0.010584
v -0.015976 0.001300 0.010505
v -0.015995 0.001300 0.010584
v -0.018405 0.001300 0.010584
v -0.018418 0.001300 0.009968
v -0.018389 0.001300 0.009864
v -0.018424 0.001300 0.010505
v -0.018441 0.001300 0.010398
v -0.018449 0.001300 0.010291
v -0.018351 0.001300 0.009762
v -0.018304 0.001300 0.009664
v -0.018250 0.001300 0.009571
v -0.018448 0.001300 0.010182
v -0.018438 0.001300 0.010074
v -0.016283 0.001300 0.009400
v -0.016213 0.001300 0.009483
v -0.018117 0.001300 0.009400
v -0.016150 0.001300 0.009571
v -0.016096 0.001300 0.009664
v -0.018187 0.001300 0.009483
v -0.015959 0.001300 0.010398
v -0.015951 0.001300 0.010291
v -0.016827 0.001300 0.009057
v -0.016931 0.001300 0.009029
v -0.017038 0.001300 0.009011
v -0.016725 0.001300 0.009094
v -0.016627 0.001300 0.009139
v -0.016533 0.001300 0.009193
v -0.016444 0.001300 0.009255
v -0.016360 0.001300 0.009324
v -0.016049 0.001300 0.009762
v -0.016011 0.001300 0.009864
v -0.015982 0.001300 0.009968
v -0.018040 0.001300 0.009324
v -0.017956 0.001300 0.009255
v -0.017867 0.001300 0.009193
v -0.017573 0.001300 0.009057
v -0.017469 0.001300 0.009029
v -0.015962 0.001300 0.010074
v -0.015952 0.001300 0.010182
v -0.017773 0.001300 0.009139
v -0.017675 0.001300 0.009094
v -0.017362 0.001300 0.009011
v -0.017254 0.001300 0.009001
v -0.017146 0.001300 0.009001
v -0.017335 0.001380 0.008735
v -0.017335 0.001200 0.008735
v -0.017266 0.001380 0.008730
v -0.017207 0.001200 0.008729
v -0.017207 0.001380 0.008729
v -0.017134 0.001380 0.008730
v -0.017080 0.001200 0.008734
v -0.017080 0.001380 0.008734
v -0.017003 0.001380 0.008742
v -0.016954 0.001200 0.008749
v -0.016954 0.001380 0.008749
v -0.016873 0.001380 0.008765
v -0.016829 0.001200 0.008775
v -0.016829 0.001380 0.008775
v -0.016746 0.001380 0.008798
v -0.016707 0.001200 0.008811
v -0.016707 0.001380 0.008811
v -0.016622 0.001380 0.008843
v -0.016588 0.001200 0.008857
v -0.016588 0.001380 0.008857
v -0.016502 0.001380 0.008899
v -0.016474 0.001200 0.008913
v -0.016474 0.001380 0.008913
v -0.016388 0.001380 0.008964
v -0.016365 0.001200 0.008979
v -0.016365 0.001380 0.008979
v -0.015496 0.001684 0.010584
v -0.015499 0.001671 0.010584
v -0.015479 0.001671 0.010456
v -0.015507 0.001647 0.010584
v -0.015510 0.001637 0.010584
v -0.015492 0.001629 0.010454
v -0.015562 0.001531 0.010584
v -0.015574 0.001513 0.010584
v -0.015552 0.001513 0.010447
v -0.015953 0.001302 0.010584
v -0.018763 0.001442 0.010584
v -0.018768 0.001446 0.010584
v -0.018770 0.001446 0.010578
v -0.018917 0.001778 0.010584
v -0.018918 0.001800 0.010584
v -0.018938 0.001800 0.010458
v -0.017326 0.001403 0.008702
v -0.017331 0.001390 0.008719
v -0.017399 0.001390 0.008726
v -0.016306 0.001800 0.008745
v -0.016283 0.001800 0.008760
v -0.016306 0.001773 0.008746
v -0.016267 0.001756 0.008772
v -0.016307 0.001756 0.008747
v -0.016270 0.001713 0.008777
v -0.016308 0.001713 0.008753
v -0.016307 0.001734 0.008750
v -0.016282 0.001629 0.008796
v -0.016314 0.001629 0.008776
v -0.016312 0.001656 0.008767
v -0.016291 0.001589 0.008810
v -0.016319 0.001581 0.008796
v -0.016315 0.001618 0.008780
v -0.016334 0.001489 0.008856
v -0.016328 0.001522 0.008831
v -0.016314 0.001513 0.008847
v -0.016323 0.001550 0.008813
v -0.016230 0.001446 0.008973
v -0.016344 0.001446 0.008894
v -0.016343 0.001447 0.008893
v -0.016356 0.001403 0.008946
v -0.016348 0.001429 0.008913
v -0.016249 0.001417 0.008999
v -0.016361 0.001390 0.008963
v -0.016270 0.001390 0.009027
v -0.016292 0.001367 0.009056
v -0.016399 0.001367 0.008982
v -0.016512 0.001367 0.008917
v -0.016630 0.001367 0.008863
v -0.016752 0.001367 0.008818
v -0.016878 0.001367 0.008785
v -0.017006 0.001367 0.008763
v -0.017135 0.001367 0.008751
v -0.017265 0.001367 0.008751
v -0.017394 0.001367 0.008763
v -0.017404 0.001417 0.008692
v -0.017319 0.001427 0.008671
v -0.017408 0.001446 0.008660
v -0.017313 0.001446 0.008650
v -0.017303 0.001491 0.008610
v -0.017305 0.001483 0.008617
v -0.017412 0.001479 0.008631
v -0.017311 0.001454 0.008643
v -0.017297 0.001522 0.008587
v -0.017299 0.001513 0.008593
v -0.017415 0.001513 0.008604
v -0.017288 0.001589 0.008549
v -0.017292 0.001555 0.008567
v -0.017418 0.001550 0.008581
v -0.017421 0.001589 0.008561
v -0.017288 0.001589 0.008549
v -0.017283 0.001639 0.008529
v -0.017284 0.001623 0.008534
v -0.017423 0.001629 0.008545
v -0.017280 0.001676 0.008518
v -0.017280 0.001671 0.008519
v -0.017425 0.001671 0.008532
v -0.017277 0.001750 0.008504
v -0.017278 0.001713 0.008509
v -0.017426 0.001713 0.008522
v -0.017427 0.001756 0.008517
v -0.017276 0.001756 0.008504
v -0.018914 0.001740 0.010584
v -0.018916 0.001756 0.010584
v -0.018936 0.001756 0.010458
v -0.018921 0.001671 0.010456
v -0.018901 0.001671 0.010584
v -0.018905 0.001689 0.010584
v -0.018866 0.001580 0.010584
v -0.018870 0.001589 0.010584
v -0.018891 0.001589 0.010452
v -0.018882 0.001615 0.010584
v -0.018848 0.001513 0.010447
v -0.018826 0.001513 0.010584
v -0.018839 0.001532 0.010584
v -0.018704 0.001390 0.010564
v -0.018700 0.001390 0.010584
v -0.018721 0.001405 0.010584
v -0.018617 0.001344 0.010584
v -0.018623 0.001347 0.010584
v -0.018630 0.001347 0.010549
v -0.018653 0.001362 0.010584
v -0.018550 0.001317 0.010532
v -0.018538 0.001317 0.010584
v -0.018569 0.001326 0.010584
v -0.018447 0.001302 0.010584
v -0.018450 0.001302 0.010584
v -0.018466 0.001302 0.010514
v -0.018489 0.001307 0.010584
v -0.015934 0.001302 0.010514
v -0.015950 0.001302 0.010584
v -0.015865 0.001316 0.010584
v -0.015870 0.001315 0.010584
v -0.015891 0.001308 0.010523
v -0.015911 0.001307 0.010584
v -0.015850 0.001317 0.010532
v -0.015862 0.001317 0.010584
v -0.015787 0.001343 0.010584
v -0.015825 0.001328 0.010584
v -0.015809 0.001330 0.010540
v -0.015770 0.001347 0.010549
v -0.015777 0.001347 0.010584
v -0.015714 0.001381 0.010584
v -0.015750 0.001360 0.010584
v -0.015732 0.001367 0.010556
v -0.015708 0.001385 0.010584
v -0.015696 0.001390 0.010564
v -0.015700 0.001390 0.010584
v -0.015662 0.001417 0.010571
v -0.015676 0.001408 0.010584
v -0.015585 0.001499 0.010584
v -0.015590 0.001492 0.010584
v -0.015605 0.001473 0.010575
v -0.015617 0.001462 0.010584
v -0.015632 0.001446 0.010584
v -0.015579 0.001479 0.010444
v -0.015630 0.001446 0.010578
v -0.015645 0.001434 0.010584
v -0.015542 0.001565 0.010584
v -0.015525 0.001600 0.010584
v -0.015509 0.001589 0.010452
v -0.015530 0.001589 0.010584
v -0.015488 0.001722 0.010584
v -0.015464 0.001756 0.010458
v -0.015484 0.001756 0.010584
v -0.015462 0.001800 0.010458
v -0.015479 0.001800 0.010565
v -0.015484 0.001761 0.010584
v -0.015482 0.001800 0.010584
v -0.018940 0.001800 0.010435
v -0.018947 0.001756 0.010307
v -0.018949 0.001800 0.010307
v -0.018950 0.001800 0.010286
v -0.018946 0.001756 0.010155
v -0.018947 0.001800 0.010155
v -0.018946 0.001800 0.010136
v -0.018931 0.001756 0.010005
v -0.018933 0.001800 0.010004
v -0.018930 0.001800 0.009987
v -0.018903 0.001756 0.009856
v -0.018905 0.001800 0.009855
v -0.018901 0.001800 0.009840
v -0.018863 0.001756 0.009710
v -0.018864 0.001800 0.009709
v -0.018860 0.001800 0.009696
v -0.018810 0.001756 0.009568
v -0.018811 0.001800 0.009567
v -0.018806 0.001800 0.009556
v -0.018744 0.001756 0.009431
v -0.018746 0.001800 0.009430
v -0.018741 0.001800 0.009421
v -0.018668 0.001756 0.009300
v -0.018669 0.001800 0.009299
v -0.018664 0.001800 0.009292
v -0.018580 0.001756 0.009177
v -0.018582 0.001800 0.009176
v -0.018577 0.001800 0.009170
v -0.018482 0.001756 0.009062
v -0.018483 0.001800 0.009060
v -0.018479 0.001800 0.009056
v -0.018374 0.001756 0.008955
v -0.018376 0.001800 0.008954
v -0.018372 0.001800 0.008951
v -0.018258 0.001756 0.008858
v -0.018259 0.001800 0.008857
v -0.018134 0.001800 0.008770
v -0.018133 0.001756 0.008772
v -0.018003 0.001800 0.008695
v -0.018002 0.001756 0.008697
v -0.017865 0.001800 0.008631
v -0.017865 0.001756 0.008633
v -0.017726 0.001800 0.008581
v -0.017722 0.001756 0.008582
v -0.017723 0.001800 0.008580
v -0.017582 0.001800 0.008542
v -0.017576 0.001756 0.008543
v -0.017276 0.001800 0.008502
v -0.017276 0.001787 0.008502
v -0.017285 0.001800 0.008502
v -0.017427 0.001800 0.008515
v -0.017434 0.001800 0.008516
v -0.017576 0.001800 0.008541
v -0.016266 0.001800 0.008770
v -0.016159 0.001800 0.008843
v -0.016142 0.001756 0.008858
v -0.016141 0.001800 0.008857
v -0.016042 0.001800 0.008938
v -0.016026 0.001756 0.008955
v -0.016024 0.001800 0.008954
v -0.015918 0.001756 0.009062
v -0.015934 0.001800 0.009042
v -0.015917 0.001800 0.009060
v -0.015820 0.001756 0.009177
v -0.015835 0.001800 0.009155
v -0.015818 0.001800 0.009176
v -0.015732 0.001756 0.009300
v -0.015747 0.001800 0.009275
v -0.015731 0.001800 0.009299
v -0.015656 0.001756 0.009431
v -0.015668 0.001800 0.009403
v -0.015654 0.001800 0.009430
v -0.015590 0.001756 0.009568
v -0.015602 0.001800 0.009538
v -0.015589 0.001800 0.009567
v -0.015537 0.001756 0.009710
v -0.015546 0.001800 0.009677
v -0.015536 0.001800 0.009709
v -0.015497 0.001756 0.009856
v -0.015503 0.001800 0.009821
v -0.015495 0.001800 0.009855
v -0.015469 0.001756 0.010005
v -0.015473 0.001800 0.009968
v -0.015467 0.001800 0.010004
v -0.015454 0.001756 0.010155
v -0.015455 0.001800 0.010116
v -0.015453 0.001800 0.010155
v -0.015453 0.001756 0.010307
v -0.015450 0.001800 0.010266
v -0.015451 0.001800 0.010307
v -0.015458 0.001800 0.010416
v -0.017575 0.001713 0.008548
v -0.017720 0.001713 0.008587
v -0.017862 0.001713 0.008638
v -0.017999 0.001713 0.008702
v -0.018130 0.001713 0.008777
v -0.018254 0.001713 0.008863
v -0.018371 0.001713 0.008959
v -0.018478 0.001713 0.009065
v -0.018576 0.001713 0.009181
v -0.018663 0.001713 0.009304
v -0.018739 0.001713 0.009434
v -0.018804 0.001713 0.009570
v -0.018857 0.001713 0.009711
v -0.018897 0.001713 0.009857
v -0.018925 0.001713 0.010005
v -0.018940 0.001713 0.010156
v -0.018941 0.001713 0.010306
v -0.018930 0.001713 0.010457
v -0.018908 0.001702 0.010584
v -0.015470 0.001713 0.010457
v -0.015459 0.001713 0.010306
v -0.015460 0.001713 0.010156
v -0.015475 0.001713 0.010005
v -0.015503 0.001713 0.009857
v -0.015543 0.001713 0.009711
v -0.015596 0.001713 0.009570
v -0.015661 0.001713 0.009434
v -0.015737 0.001713 0.009304
v -0.015824 0.001713 0.009181
v -0.015922 0.001713 0.009065
v -0.016029 0.001713 0.008959
v -0.016146 0.001713 0.008863
v -0.017573 0.001671 0.008558
v -0.017718 0.001671 0.008596
v -0.017859 0.001671 0.008647
v -0.017995 0.001671 0.008710
v -0.018125 0.001671 0.008785
v -0.018249 0.001671 0.008870
v -0.018364 0.001671 0.008966
v -0.018471 0.001671 0.009072
v -0.018568 0.001671 0.009186
v -0.018655 0.001671 0.009309
v -0.018731 0.001671 0.009438
v -0.018796 0.001671 0.009574
v -0.018848 0.001671 0.009714
v -0.018888 0.001671 0.009859
v -0.018916 0.001671 0.010007
v -0.018930 0.001671 0.010156
v -0.018932 0.001671 0.010306
v -0.015468 0.001671 0.010306
v -0.015470 0.001671 0.010156
v -0.015484 0.001671 0.010007
v -0.015512 0.001671 0.009859
v -0.015552 0.001671 0.009714
v -0.015604 0.001671 0.009574
v -0.015669 0.001671 0.009438
v -0.015745 0.001671 0.009309
v -0.015832 0.001671 0.009186
v -0.015929 0.001671 0.009072
v -0.016036 0.001671 0.008966
v -0.016151 0.001671 0.008870
v -0.016275 0.001671 0.008785
v -0.016309 0.001694 0.008757
v -0.017570 0.001629 0.008570
v -0.017714 0.001629 0.008609
v -0.017854 0.001629 0.008659
v -0.017989 0.001629 0.008722
v -0.018118 0.001629 0.008796
v -0.018241 0.001629 0.008881
v -0.018355 0.001629 0.008976
v -0.018461 0.001629 0.009081
v -0.018558 0.001629 0.009194
v -0.018644 0.001629 0.009316
v -0.018719 0.001629 0.009444
v -0.018783 0.001629 0.009579
v -0.018836 0.001629 0.009718
v -0.018876 0.001629 0.009862
v -0.018903 0.001629 0.010008
v -0.018917 0.001629 0.010157
v -0.018919 0.001629 0.010306
v -0.018908 0.001629 0.010454
v -0.018895 0.001652 0.010584
v -0.015481 0.001629 0.010306
v -0.015483 0.001629 0.010157
v -0.015497 0.001629 0.010008
v -0.015524 0.001629 0.009862
v -0.015564 0.001629 0.009718
v -0.015617 0.001629 0.009579
v -0.015681 0.001629 0.009444
v -0.015756 0.001629 0.009316
v -0.015842 0.001629 0.009194
v -0.015939 0.001629 0.009081
v -0.016045 0.001629 0.008976
v -0.016159 0.001629 0.008881
v -0.017566 0.001589 0.008587
v -0.017709 0.001589 0.008625
v -0.017847 0.001589 0.008675
v -0.017981 0.001589 0.008737
v -0.018109 0.001589 0.008810
v -0.018231 0.001589 0.008894
v -0.018344 0.001589 0.008988
v -0.018449 0.001589 0.009092
v -0.018545 0.001589 0.009205
v -0.018630 0.001589 0.009325
v -0.018705 0.001589 0.009452
v -0.018768 0.001589 0.009585
v -0.018820 0.001589 0.009724
v -0.018859 0.001589 0.009866
v -0.018886 0.001589 0.010011
v -0.018901 0.001589 0.010158
v -0.018902 0.001589 0.010305
v -0.015498 0.001589 0.010305
v -0.015499 0.001589 0.010158
v -0.015514 0.001589 0.010011
v -0.015541 0.001589 0.009866
v -0.015580 0.001589 0.009724
v -0.015632 0.001589 0.009585
v -0.015695 0.001589 0.009452
v -0.015770 0.001589 0.009325
v -0.015855 0.001589 0.009205
v -0.015951 0.001589 0.009092
v -0.016056 0.001589 0.008988
v -0.016169 0.001589 0.008894
v -0.017562 0.001550 0.008606
v -0.017703 0.001550 0.008644
v -0.017840 0.001550 0.008693
v -0.017972 0.001550 0.008755
v -0.018099 0.001550 0.008827
v -0.018218 0.001550 0.008910
v -0.018331 0.001550 0.009003
v -0.018434 0.001550 0.009106
v -0.018529 0.001550 0.009217
v -0.018613 0.001550 0.009336
v -0.018687 0.001550 0.009462
v -0.018750 0.001550 0.009593
v -0.018801 0.001550 0.009730
v -0.018840 0.001550 0.009870
v -0.018866 0.001550 0.010014
v -0.018881 0.001550 0.010159
v -0.018882 0.001550 0.010305
v -0.018871 0.001550 0.010450
v -0.018847 0.001545 0.010584
v -0.015529 0.001550 0.010450
v -0.015518 0.001550 0.010305
v -0.015519 0.001550 0.010159
v -0.015534 0.001550 0.010014
v -0.015560 0.001550 0.009870
v -0.015599 0.001550 0.009730
v -0.015650 0.001550 0.009593
v -0.015713 0.001550 0.009462
v -0.015787 0.001550 0.009336
v -0.015871 0.001550 0.009217
v -0.015966 0.001550 0.009106
v -0.016069 0.001550 0.009003
v -0.016182 0.001550 0.008910
v -0.016301 0.001550 0.008827
v -0.016322 0.001556 0.008810
v -0.017557 0.001513 0.008629
v -0.017696 0.001513 0.008666
v -0.017831 0.001513 0.008715
v -0.017961 0.001513 0.008775
v -0.018086 0.001513 0.008847
v -0.018204 0.001513 0.008929
v -0.018315 0.001513 0.009021
v -0.018417 0.001513 0.009122
v -0.018510 0.001513 0.009231
v -0.018593 0.001513 0.009349
v -0.018666 0.001513 0.009473
v -0.018728 0.001513 0.009602
v -0.018778 0.001513 0.009737
v -0.018817 0.001513 0.009876
v -0.018843 0.001513 0.010017
v -0.018857 0.001513 0.010160
v -0.018859 0.001513 0.010304
v -0.015541 0.001513 0.010304
v -0.015543 0.001513 0.010160
v -0.015557 0.001513 0.010017
v -0.015583 0.001513 0.009876
v -0.015622 0.001513 0.009737
v -0.015672 0.001513 0.009602
v -0.015734 0.001513 0.009473
v -0.015807 0.001513 0.009349
v -0.015890 0.001513 0.009231
v -0.015983 0.001513 0.009122
v -0.016085 0.001513 0.009021
v -0.016196 0.001513 0.008929
v -0.017551 0.001479 0.008655
v -0.017688 0.001479 0.008692
v -0.017821 0.001479 0.008740
v -0.017949 0.001479 0.008799
v -0.018072 0.001479 0.008869
v -0.018188 0.001479 0.008950
v -0.018297 0.001479 0.009040
v -0.018398 0.001479 0.009140
v -0.018489 0.001479 0.009248
v -0.018571 0.001479 0.009363
v -0.018643 0.001479 0.009485
v -0.018704 0.001479 0.009613
v -0.018753 0.001479 0.009745
v -0.018791 0.001479 0.009882
v -0.018817 0.001479 0.010021
v -0.018831 0.001479 0.010161
v -0.018832 0.001479 0.010303
v -0.018821 0.001479 0.010444
v -0.018816 0.001500 0.010584
v -0.015568 0.001479 0.010303
v -0.015569 0.001479 0.010161
v -0.015583 0.001479 0.010021
v -0.015609 0.001479 0.009882
v -0.015647 0.001479 0.009745
v -0.015696 0.001479 0.009613
v -0.015757 0.001479 0.009485
v -0.015829 0.001479 0.009363
v -0.015911 0.001479 0.009248
v -0.016002 0.001479 0.009140
v -0.016103 0.001479 0.009040
v -0.016212 0.001479 0.008950
v -0.016328 0.001479 0.008869
v -0.016336 0.001479 0.008864
v -0.018791 0.001470 0.010584
v -0.018796 0.001474 0.010577
v -0.018792 0.001446 0.010440
v -0.018803 0.001446 0.010302
v -0.018801 0.001446 0.010163
v -0.018788 0.001446 0.010025
v -0.018762 0.001446 0.009888
v -0.018725 0.001446 0.009754
v -0.018676 0.001446 0.009624
v -0.018617 0.001446 0.009499
v -0.018546 0.001446 0.009379
v -0.018466 0.001446 0.009266
v -0.018376 0.001446 0.009160
v -0.018277 0.001446 0.009062
v -0.018170 0.001446 0.008973
v -0.018056 0.001446 0.008894
v -0.017936 0.001446 0.008825
v -0.017810 0.001446 0.008767
v -0.017679 0.001446 0.008720
v -0.017545 0.001446 0.008684
v -0.017538 0.001417 0.008715
v -0.017669 0.001417 0.008750
v -0.017797 0.001417 0.008797
v -0.017921 0.001417 0.008854
v -0.018039 0.001417 0.008921
v -0.018151 0.001417 0.008999
v -0.018256 0.001417 0.009086
v -0.018352 0.001417 0.009182
v -0.018441 0.001417 0.009285
v -0.018519 0.001417 0.009396
v -0.018588 0.001417 0.009514
v -0.018647 0.001417 0.009637
v -0.018694 0.001417 0.009764
v -0.018731 0.001417 0.009895
v -0.018756 0.001417 0.010029
v -0.018769 0.001417 0.010165
v -0.018771 0.001417 0.010301
v -0.018760 0.001417 0.010437
v -0.018738 0.001417 0.010571
v -0.018733 0.001415 0.010584
v -0.016123 0.001446 0.009062
v -0.016144 0.001417 0.009086
v -0.016024 0.001446 0.009160
v -0.016048 0.001417 0.009182
v -0.015934 0.001446 0.009266
v -0.015959 0.001417 0.009285
v -0.015854 0.001446 0.009379
v -0.015881 0.001417 0.009396
v -0.015783 0.001446 0.009499
v -0.015812 0.001417 0.009514
v -0.015724 0.001446 0.009624
v -0.015753 0.001417 0.009637
v -0.015675 0.001446 0.009754
v -0.015706 0.001417 0.009764
v -0.015638 0.001446 0.009888
v -0.015669 0.001417 0.009895
v -0.015612 0.001446 0.010025
v -0.015644 0.001417 0.010029
v -0.015599 0.001446 0.010163
v -0.015631 0.001417 0.010165
v -0.015597 0.001446 0.010302
v -0.015629 0.001417 0.010301
v -0.015608 0.001446 0.010440
v -0.015640 0.001417 0.010437
v -0.017530 0.001390 0.008749
v -0.017659 0.001390 0.008783
v -0.017784 0.001390 0.008829
v -0.017905 0.001390 0.008884
v -0.018021 0.001390 0.008951
v -0.018130 0.001390 0.009027
v -0.018232 0.001390 0.009112
v -0.018327 0.001390 0.009205
v -0.018413 0.001390 0.009307
v -0.018490 0.001390 0.009415
v -0.018558 0.001390 0.009530
v -0.018615 0.001390 0.009650
v -0.018662 0.001390 0.009775
v -0.018697 0.001390 0.009903
v -0.018722 0.001390 0.010034
v -0.018735 0.001390 0.010167
v -0.018736 0.001390 0.010300
v -0.018726 0.001390 0.010433
v -0.016168 0.001390 0.009112
v -0.016073 0.001390 0.009205
v -0.015987 0.001390 0.009307
v -0.015910 0.001390 0.009415
v -0.015842 0.001390 0.009530
v -0.015785 0.001390 0.009650
v -0.015738 0.001390 0.009775
v -0.015703 0.001390 0.009903
v -0.015678 0.001390 0.010034
v -0.015665 0.001390 0.010167
v -0.015664 0.001390 0.010300
v -0.015674 0.001390 0.010433
v -0.017522 0.001367 0.008785
v -0.017648 0.001367 0.008818
v -0.017770 0.001367 0.008863
v -0.017888 0.001367 0.008917
v -0.018001 0.001367 0.008982
v -0.018108 0.001367 0.009056
v -0.018208 0.001367 0.009139
v -0.018300 0.001367 0.009230
v -0.018384 0.001367 0.009329
v -0.018459 0.001367 0.009435
v -0.018525 0.001367 0.009547
v -0.018581 0.001367 0.009665
v -0.018627 0.001367 0.009786
v -0.018661 0.001367 0.009912
v -0.018685 0.001367 0.010039
v -0.018698 0.001367 0.010169
v -0.018699 0.001367 0.010299
v -0.018689 0.001367 0.010428
v -0.018668 0.001367 0.010556
v -0.018688 0.001382 0.010584
v -0.016192 0.001367 0.009139
v -0.016100 0.001367 0.009230
v -0.016016 0.001367 0.009329
v -0.015941 0.001367 0.009435
v -0.015875 0.001367 0.009547
v -0.015819 0.001367 0.009665
v -0.015773 0.001367 0.009786
v -0.015739 0.001367 0.009912
v -0.015715 0.001367 0.010039
v -0.015702 0.001367 0.010169
v -0.015701 0.001367 0.010299
v -0.015711 0.001367 0.010428
v -0.016341 0.001458 0.008883
v -0.015749 0.001347 0.010424
v -0.015739 0.001347 0.010297
v -0.015741 0.001347 0.010171
v -0.015753 0.001347 0.010045
v -0.015776 0.001347 0.009920
v -0.015810 0.001347 0.009798
v -0.015855 0.001347 0.009680
v -0.015909 0.001347 0.009565
v -0.015973 0.001347 0.009456
v -0.016046 0.001347 0.009353
v -0.016128 0.001347 0.009257
v -0.016218 0.001347 0.009168
v -0.016316 0.001347 0.009087
v -0.016420 0.001347 0.009014
v -0.016530 0.001347 0.008952
v -0.016644 0.001347 0.008898
v -0.016764 0.001347 0.008855
v -0.016886 0.001347 0.008823
v -0.017011 0.001347 0.008801
v -0.017137 0.001347 0.008790
v -0.017263 0.001347 0.008790
v -0.017389 0.001347 0.008801
v -0.017514 0.001347 0.008823
v -0.017636 0.001347 0.008855
v -0.017756 0.001347 0.008898
v -0.017870 0.001347 0.008952
v -0.017980 0.001347 0.009014
v -0.018084 0.001347 0.009087
v -0.018182 0.001347 0.009168
v -0.018272 0.001347 0.009257
v -0.018354 0.001347 0.009353
v -0.018427 0.001347 0.009456
v -0.018491 0.001347 0.009565
v -0.018545 0.001347 0.009680
v -0.018590 0.001347 0.009798
v -0.018624 0.001347 0.009920
v -0.018647 0.001347 0.010045
v -0.018659 0.001347 0.010171
v -0.018661 0.001347 0.010297
v -0.018651 0.001347 0.010424
v -0.015789 0.001330 0.010419
v -0.015780 0.001330 0.010296
v -0.015781 0.001330 0.010173
v -0.015793 0.001330 0.010050
v -0.015816 0.001330 0.009929
v -0.015849 0.001330 0.009811
v -0.015892 0.001330 0.009695
v -0.015945 0.001330 0.009584
v -0.016007 0.001330 0.009478
v -0.016078 0.001330 0.009378
v -0.016158 0.001330 0.009284
v -0.016245 0.001330 0.009197
v -0.016340 0.001330 0.009119
v -0.016441 0.001330 0.009049
v -0.016548 0.001330 0.008987
v -0.016660 0.001330 0.008936
v -0.016776 0.001330 0.008894
v -0.016895 0.001330 0.008862
v -0.017016 0.001330 0.008841
v -0.017138 0.001330 0.008830
v -0.017262 0.001330 0.008830
v -0.017384 0.001330 0.008841
v -0.017505 0.001330 0.008862
v -0.017624 0.001330 0.008894
v -0.017740 0.001330 0.008936
v -0.017852 0.001330 0.008987
v -0.017959 0.001330 0.009049
v -0.018060 0.001330 0.009119
v -0.018155 0.001330 0.009197
v -0.018242 0.001330 0.009284
v -0.018322 0.001330 0.009378
v -0.018393 0.001330 0.009478
v -0.018455 0.001330 0.009584
v -0.018508 0.001330 0.009695
v -0.018551 0.001330 0.009811
v -0.018584 0.001330 0.009929
v -0.018607 0.001330 0.010050
v -0.018619 0.001330 0.010173
v -0.018620 0.001330 0.010296
v -0.018611 0.001330 0.010419
v -0.018591 0.001330 0.010540
v -0.018579 0.001329 0.010584
v -0.015830 0.001317 0.010414
v -0.015821 0.001317 0.010295
v -0.015823 0.001317 0.010175
v -0.015834 0.001317 0.010056
v -0.015856 0.001317 0.009939
v -0.015888 0.001317 0.009824
v -0.015930 0.001317 0.009712
v -0.015981 0.001317 0.009604
v -0.016042 0.001317 0.009501
v -0.016111 0.001317 0.009403
v -0.016188 0.001317 0.009312
v -0.016273 0.001317 0.009228
v -0.016365 0.001317 0.009152
v -0.016463 0.001317 0.009084
v -0.016567 0.001317 0.009024
v -0.016676 0.001317 0.008974
v -0.016788 0.001317 0.008934
v -0.016903 0.001317 0.008903
v -0.017021 0.001317 0.008882
v -0.017140 0.001317 0.008872
v -0.017260 0.001317 0.008872
v -0.017379 0.001317 0.008882
v -0.017497 0.001317 0.008903
v -0.017612 0.001317 0.008934
v -0.017724 0.001317 0.008974
v -0.017833 0.001317 0.009024
v -0.017937 0.001317 0.009084
v -0.018035 0.001317 0.009152
v -0.018127 0.001317 0.009228
v -0.018212 0.001317 0.009312
v -0.018289 0.001317 0.009403
v -0.018358 0.001317 0.009501
v -0.018419 0.001317 0.009604
v -0.018470 0.001317 0.009712
v -0.018512 0.001317 0.009824
v -0.018544 0.001317 0.009939
v -0.018566 0.001317 0.010056
v -0.018577 0.001317 0.010175
v -0.018579 0.001317 0.010295
v -0.018570 0.001317 0.010414
v -0.015873 0.001308 0.010409
v -0.015864 0.001308 0.010293
v -0.015865 0.001308 0.010178
v -0.015876 0.001308 0.010062
v -0.015898 0.001308 0.009948
v -0.015929 0.001308 0.009837
v -0.015969 0.001308 0.009728
v -0.016019 0.001308 0.009624
v -0.016078 0.001308 0.009524
v -0.016145 0.001308 0.009429
v -0.016220 0.001308 0.009341
v -0.016302 0.001308 0.009260
v -0.016391 0.001308 0.009186
v -0.016486 0.001308 0.009120
v -0.016587 0.001308 0.009062
v -0.016692 0.001308 0.009014
v -0.016801 0.001308 0.008974
v -0.016913 0.001308 0.008944
v -0.017027 0.001308 0.008924
v -0.017142 0.001308 0.008914
v -0.017258 0.001308 0.008914
v -0.017373 0.001308 0.008924
v -0.017487 0.001308 0.008944
v -0.017599 0.001308 0.008974
v -0.017708 0.001308 0.009014
v -0.017813 0.001308 0.009062
v -0.017914 0.001308 0.009120
v -0.018009 0.001308 0.009186
v -0.018098 0.001308 0.009260
v -0.018180 0.001308 0.009341
v -0.018255 0.001308 0.009429
v -0.018322 0.001308 0.009524
v -0.018381 0.001308 0.009624
v -0.018431 0.001308 0.009728
v -0.018471 0.001308 0.009837
v -0.018502 0.001308 0.009948
v -0.018524 0.001308 0.010062
v -0.018535 0.001308 0.010178
v -0.018536 0.001308 0.010293
v -0.018527 0.001308 0.010409
v -0.018509 0.001308 0.010523
v -0.018529 0.001315 0.010584
v -0.015916 0.001302 0.010404
v -0.015907 0.001302 0.010292
v -0.015908 0.001302 0.010180
v -0.015919 0.001302 0.010068
v -0.015940 0.001302 0.009958
v -0.015970 0.001302 0.009850
v -0.016009 0.001302 0.009745
v -0.016057 0.001302 0.009644
v -0.016114 0.001302 0.009547
v -0.016179 0.001302 0.009456
v -0.016251 0.001302 0.009371
v -0.016331 0.001302 0.009292
v -0.016417 0.001302 0.009220
v -0.016509 0.001302 0.009156
v -0.016607 0.001302 0.009101
v -0.016708 0.001302 0.009054
v -0.016814 0.001302 0.009015
v -0.016922 0.001302 0.008987
v -0.017032 0.001302 0.008967
v -0.017144 0.001302 0.008958
v -0.017256 0.001302 0.008958
v -0.017368 0.001302 0.008967
v -0.017478 0.001302 0.008987
v -0.017586 0.001302 0.009015
v -0.017692 0.001302 0.009054
v -0.017793 0.001302 0.009101
v -0.017891 0.001302 0.009156
v -0.017983 0.001302 0.009220
v -0.018069 0.001302 0.009292
v -0.018149 0.001302 0.009371
v -0.018221 0.001302 0.009456
v -0.018286 0.001302 0.009547
v -0.018343 0.001302 0.009644
v -0.018391 0.001302 0.009745
v -0.018430 0.001302 0.009850
v -0.018460 0.001302 0.009958
v -0.018481 0.001302 0.010068
v -0.018492 0.001302 0.010180
v -0.018493 0.001302 0.010292
v -0.018484 0.001302 0.010404
v -0.017276 0.001200 0.008502
v -0.016306 0.001200 0.008745
v -0.016414 0.001200 0.008686
v -0.016551 0.001200 0.008625
v -0.016692 0.001200 0.008575
v -0.016837 0.001200 0.008538
v -0.016985 0.001200 0.008513
v -0.017135 0.001200 0.008501
v -0.016414 0.003400 0.008686
v -0.016283 0.003400 0.008760
v -0.016551 0.003400 0.008625
v -0.016692 0.003400 0.008575
v -0.016837 0.003400 0.008538
v -0.016985 0.003400 0.008513
v -0.017135 0.003400 0.008501
v -0.017285 0.003400 0.008502
v -0.017434 0.003400 0.008516
v -0.017582 0.003400 0.008542
v -0.017726 0.003400 0.008581
v -0.017867 0.003400 0.008632
v -0.018003 0.003400 0.008695
v -0.018134 0.003400 0.008770
v -0.018257 0.003400 0.008855
v -0.018372 0.003400 0.008951
v -0.018479 0.003400 0.009056
v -0.018577 0.003400 0.009170
v -0.018664 0.003400 0.009292
v -0.018741 0.003400 0.009421
v -0.018806 0.003400 0.009556
v -0.018860 0.003400 0.009696
v -0.018901 0.003400 0.009840
v -0.018930 0.003400 0.009987
v -0.018946 0.003400 0.010136
v -0.018950 0.003400 0.010286
v -0.018940 0.003400 0.010435
v -0.018918 0.003400 0.010584
v -0.012675 -0.002200 0.010584
v -0.031359 -0.002200 0.010584
v -0.031359 0.002000 0.010584
v -0.031164 0.002000 0.010350
v -0.031256 0.002000 0.010471
v -0.033471 0.002000 0.007832
v -0.033600 0.002000 0.007914
v -0.033721 0.002000 0.008006
v -0.033834 0.002000 0.008109
v -0.031082 0.002000 0.010221
v -0.031012 0.002000 0.010086
v -0.030954 0.002000 0.009945
v -0.030909 0.002000 0.009800
v -0.030876 0.002000 0.009651
v -0.030856 0.002000 0.009500
v -0.030850 0.002000 0.009347
v -0.030857 0.002000 0.009195
v -0.030877 0.002000 0.009044
v -0.030910 0.002000 0.008895
v -0.030956 0.002000 0.008750
v -0.031014 0.002000 0.008609
v -0.031085 0.002000 0.008474
v -0.031167 0.002000 0.008346
v -0.031260 0.002000 0.008225
v -0.031363 0.002000 0.008113
v -0.031475 0.002000 0.008010
v -0.031596 0.002000 0.007917
v -0.031724 0.002000 0.007835
v -0.031859 0.002000 0.007764
v -0.032000 0.002000 0.007706
v -0.032145 0.002000 0.007660
v -0.032294 0.002000 0.007627
v -0.032445 0.002000 0.007607
v -0.032597 0.002000 0.007600
v -0.032750 0.002000 0.007606
v -0.032901 0.002000 0.007626
v -0.033050 0.002000 0.007659
v -0.033195 0.002000 0.007704
v -0.033336 0.002000 0.007762
v -0.033834 -0.002200 0.008109
v -0.033721 -0.002200 0.008006
v -0.033600 -0.002200 0.007914
v -0.033471 -0.002200 0.007832
v -0.033336 -0.002200 0.007762
v -0.033195 -0.002200 0.007704
v -0.033050 -0.002200 0.007659
v -0.032901 -0.002200 0.007626
v -0.032750 -0.002200 0.007606
v -0.032597 -0.002200 0.007600
v -0.032445 -0.002200 0.007607
v -0.032294 -0.002200 0.007627
v -0.032145 -0.002200 0.007660
v -0.032000 -0.002200 0.007706
v -0.031859 -0.002200 0.007764
v -0.031724 -0.002200 0.007835
v -0.031596 -0.002200 0.007917
v -0.031475 -0.002200 0.008010
v -0.031363 -0.002200 0.008113
v -0.031260 -0.002200 0.008225
v -0.031167 -0.002200 0.008346
v -0.031085 -0.002200 0.008474
v -0.031014 -0.002200 0.008609
v -0.030956 -0.002200 0.008750
v -0.030910 -0.002200 0.008895
v -0.030877 -0.002200 0.009044
v -0.030857 -0.002200 0.009195
v -0.030850 -0.002200 0.009347
v -0.030856 -0.002200 0.009500
v -0.030876 -0.002200 0.009651
v -0.030909 -0.002200 0.009800
v -0.030954 -0.002200 0.009945
v -0.031012 -0.002200 0.010086
v -0.031082 -0.002200 0.010221
v -0.031164 -0.002200 0.010350
v -0.031256 -0.002200 0.010471
v -0.033834 0.000300 0.003655
v -0.033834 -0.002200 0.003655
v -0.034107 0.000300 0.002954
v -0.034107 -0.002200 0.002954
v -0.034322 0.000300 0.002234
v -0.034322 -0.002200 0.002234
v -0.034476 0.000300 0.001498
v -0.034476 -0.002200 0.001498
v -0.034569 0.000300 0.000751
v -0.034569 -0.002200 0.000751
v -0.034600 0.000300 0.000000
v -0.034600 -0.002200 0.000000
v -0.034569 0.000300 -0.000751
v -0.034569 -0.002200 -0.000751
v -0.034476 0.000300 -0.001498
v -0.034476 -0.002200 -0.001498
v -0.034322 0.000300 -0.002234
v -0.034322 -0.002200 -0.002234
v -0.034107 0.000300 -0.002954
v -0.034107 -0.002200 -0.002954
v -0.033834 0.000300 -0.003655
v -0.033834 -0.002200 -0.003655
v -0.033834 0.003400 -0.006615
v -0.033593 0.003400 -0.006519
v -0.033345 0.003400 -0.006444
v -0.033092 0.003400 -0.006391
v -0.032835 0.003400 -0.006359
v -0.032576 0.003400 -0.006350
v -0.032317 0.003400 -0.006363
v -0.032061 0.003400 -0.006399
v -0.031808 0.003400 -0.006456
v -0.031561 0.003400 -0.006536
v -0.031322 0.003400 -0.006636
v -0.031093 0.003400 -0.006756
v -0.030875 0.003400 -0.006896
v -0.030670 0.003400 -0.007054
v -0.030479 0.003400 -0.007229
v -0.030304 0.003400 -0.007420
v -0.030146 0.003400 -0.007625
v -0.030006 0.003400 -0.007843
v -0.029886 0.003400 -0.008072
v -0.029786 0.003400 -0.008311
v -0.029706 0.003400 -0.008558
v -0.029649 0.003400 -0.008811
v -0.029613 0.003400 -0.009067
v -0.029600 0.003400 -0.009326
v -0.029609 0.003400 -0.009585
v -0.029641 0.003400 -0.009842
v -0.029694 0.003400 -0.010095
v -0.029769 0.003400 -0.010343
v -0.029865 0.003400 -0.010584
v -0.026000 0.003400 -0.010584
v -0.026000 0.001200 -0.010584
v -0.025000 0.001200 -0.006230
v -0.025000 0.001200 -0.010584
v -0.025000 0.003400 -0.006230
v -0.025000 0.003400 -0.010584
v -0.020287 0.004400 -0.000456
v -0.020347 0.004400 -0.000909
v -0.020446 0.004400 -0.001354
v -0.020583 0.004400 -0.001790
v -0.020758 0.004400 -0.002211
v -0.020968 0.004400 -0.002616
v -0.021214 0.004400 -0.003001
v -0.021492 0.004400 -0.003363
v -0.021800 0.004400 -0.003700
v -0.022137 0.004400 -0.004008
v -0.022499 0.004400 -0.004286
v -0.022884 0.004400 -0.004532
v -0.023289 0.004400 -0.004742
v -0.023710 0.004400 -0.004917
v -0.024146 0.004400 -0.005054
v -0.024591 0.004400 -0.005153
v -0.025044 0.004400 -0.005213
v -0.025500 0.004400 -0.005233
v -0.025956 0.004400 -0.005213
v -0.026409 0.004400 -0.005153
v -0.026854 0.004400 -0.005054
v -0.027290 0.004400 -0.004917
v -0.027711 0.004400 -0.004742
v -0.028116 0.004400 -0.004532
v -0.028501 0.004400 -0.004286
v -0.028863 0.004400 -0.004008
v -0.029200 0.004400 -0.003700
v -0.029508 0.004400 -0.003363
v -0.029786 0.004400 -0.003001
v -0.030032 0.004400 -0.002616
v -0.030242 0.004400 -0.002211
v -0.030417 0.004400 -0.001790
v -0.030554 0.004400 -0.001354
v -0.030653 0.004400 -0.000909
v -0.030713 0.004400 -0.000456
v -0.030733 0.004400 -0.000000
v -0.030713 0.004400 0.000456
v -0.030653 0.004400 0.000909
v -0.030554 0.004400 0.001354
v -0.030417 0.004400 0.001790
v -0.030242 0.004400 0.002211
v -0.030032 0.004400 0.002616
v -0.029786 0.004400 0.003001
v -0.029508 0.004400 0.003363
v -0.029200 0.004400 0.003700
v -0.028863 0.004400 0.004008
v -0.028501 0.004400 0.004286
v -0.028116 0.004400 0.004532
v -0.027711 0.004400 0.004742
v -0.027290 0.004400 0.004917
v -0.026854 0.004400 0.005054
v -0.026409 0.004400 0.005153
v -0.025956 0.004400 0.005213
v -0.025500 0.004400 0.005233
v -0.025044 0.004400 0.005213
v -0.024591 0.004400 0.005153
v -0.024146 0.004400 0.005054
v -0.023710 0.004400 0.004917
v -0.023289 0.004400 0.004742
v -0.022884 0.004400 0.004532
v -0.022499 0.004400 0.004286
v -0.022137 0.004400 0.004008
v -0.021800 0.004400 0.003700
v -0.021492 0.004400 0.003363
v -0.021214 0.004400 0.003001
v -0.020968 0.004400 0.002616
v -0.020758 0.004400 0.002211
v -0.020583 0.004400 0.001790
v -0.020446 0.004400 0.001354
v -0.020347 0.004400 0.000909
v -0.020287 0.004400 0.000456
v -0.020267 0.004400 0.000000
v -0.024979 0.004400 -0.002954
v -0.025239 0.004400 -0.002989
v -0.025500 0.004400 -0.003000
v -0.025761 0.004400 -0.002989
v -0.026021 0.004400 -0.002954
v -0.026276 0.004400 -0.002898
v -0.026526 0.004400 -0.002819
v -0.026768 0.004400 -0.002719
v -0.027000 0.004400 -0.002598
v -0.027221 0.004400 -0.002457
v -0.027428 0.004400 -0.002298
v -0.027621 0.004400 -0.002121
v -0.027798 0.004400 -0.001928
v -0.027957 0.004400 -0.001721
v -0.028098 0.004400 -0.001500
v -0.028219 0.004400 -0.001268
v -0.028319 0.004400 -0.001026
v -0.028398 0.004400 -0.000776
v -0.028454 0.004400 -0.000521
v -0.028489 0.004400 -0.000261
v -0.028500 0.004400 -0.000000
v -0.028489 0.004400 0.000261
v -0.028454 0.004400 0.000521
v -0.028398 0.004400 0.000776
v -0.028319 0.004400 0.001026
v -0.028219 0.004400 0.001268
v -0.028098 0.004400 0.001500
v -0.027957 0.004400 0.001721
v -0.027798 0.004400 0.001928
v -0.027621 0.004400 0.002121
v -0.027428 0.004400 0.002298
v -0.027221 0.004400 0.002457
v -0.027000 0.004400 0.002598
v -0.026768 0.004400 0.002719
v -0.026526 0.004400 0.002819
v -0.026276 0.004400 0.002898
v -0.026021 0.004400 0.002954
v -0.025761 0.004400 0.002989
v -0.025500 0.004400 0.003000
v -0.025239 0.004400 0.002989
v -0.024979 0.004400 0.002954
v -0.024724 0.004400 0.002898
v -0.024474 0.004400 0.002819
v -0.024232 0.004400 0.002719
v -0.024000 0.004400 0.002598
v -0.023779 0.004400 0.002457
v -0.023572 0.004400 0.002298
v -0.023379 0.004400 0.002121
v -0.023202 0.004400 0.001928
v -0.023043 0.004400 0.001721
v -0.022902 0.004400 0.001500
v -0.022781 0.004400 0.001268
v -0.022681 0.004400 0.001026
v -0.022602 0.004400 0.000776
v -0.022546 0.004400 0.000521
v -0.022511 0.004400 0.000261
v -0.022500 0.004400 0.000000
v -0.022511 0.004400 -0.000261
v -0.022546 0.004400 -0.000521
v -0.022602 0.004400 -0.000776
v -0.022681 0.004400 -0.001026
v -0.022781 0.004400 -0.001268
v -0.022902 0.004400 -0.001500
v -0.023043 0.004400 -0.001721
v -0.023202 0.004400 -0.001928
v -0.023379 0.004400 -0.002121
v -0.023572 0.004400 -0.002298
v -0.023779 0.004400 -0.002457
v -0.024000 0.004400 -0.002598
v -0.024232 0.004400 -0.002719
v -0.024474 0.004400 -0.002819
v -0.024724 0.004400 -0.002898
v -0.028500 0.003700 0.000000
v -0.028489 0.003700 0.000261
v -0.028454 0.003700 0.000521
v -0.028398 0.003700 0.000776
v -0.028319 0.003700 0.001026
v -0.028219 0.003700 0.001268
v -0.028098 0.003700 0.001500
v -0.027957 0.003700 0.001721
v -0.027798 0.003700 0.001928
v -0.027621 0.003700 0.002121
v -0.027428 0.003700 0.002298
v -0.027221 0.003700 0.002457
v -0.027000 0.003700 0.002598
v -0.026768 0.003700 0.002719
v -0.026526 0.003700 0.002819
v -0.026276 0.003700 0.002898
v -0.026021 0.003700 0.002954
v -0.025761 0.003700 0.002989
v -0.025500 0.003700 0.003000
v -0.025239 0.003700 0.002989
v -0.024979 0.003700 0.002954
v -0.024724 0.003700 0.002898
v -0.024474 0.003700 0.002819
v -0.024232 0.003700 0.002719
v -0.024000 0.003700 0.002598
v -0.023779 0.003700 0.002457
v -0.023572 0.003700 0.002298
v -0.023379 0.003700 0.002121
v -0.023202 0.003700 0.001928
v -0.023043 0.003700 0.001721
v -0.022902 0.003700 0.001500
v -0.022781 0.003700 0.001268
v -0.022681 0.003700 0.001026
v -0.022602 0.003700 0.000776
v -0.022546 0.003700 0.000521
v -0.022511 0.003700 0.000261
v -0.022500 0.003700 0.000000
v -0.022511 0.003700 -0.000261
v -0.022546 0.003700 -0.000521
v -0.022602 0.003700 -0.000776
v -0.022681 0.003700 -0.001026
v -0.022781 0.003700 -0.001268
v -0.022902 0.003700 -0.001500
v -0.023043 0.003700 -0.001721
v -0.023202 0.003700 -0.001928
v -0.023379 0.003700 -0.002121
v -0.023572 0.003700 -0.002298
v -0.023779 0.003700 -0.002457
v -0.024000 0.003700 -0.002598
v -0.024232 0.003700 -0.002719
v -0.024474 0.003700 -0.002819
v -0.024724 0.003700 -0.002898
v -0.024979 0.003700 -0.002954
v -0.025239 0.003700 -0.002989
v -0.025500 0.003700 -0.003000
v -0.025761 0.003700 -0.002989
v -0.026021 0.003700 -0.002954
v -0.026276 0.003700 -0.002898
v -0.026526 0.003700 -0.002819
v -0.026768 0.003700 -0.002719
v -0.027000 0.003700 -0.002598
v -0.027221 0.003700 -0.002457
v -0.027428 0.003700 -0.002298
v -0.027621 0.003700 -0.002121
v -0.027798 0.003700 -0.001928
v -0.027957 0.003700 -0.001721
v -0.028098 0.003700 -0.001500
v -0.028219 0.003700 -0.001268
v -0.028319 0.003700 -0.001026
v -0.028398 0.003700 -0.000776
v -0.028454 0.003700 -0.000521
v -0.028489 0.003700 -0.000261
v -0.023000 0.003700 0.004330
v -0.023387 0.003700 0.004532
v -0.023790 0.003700 0.004698
v -0.024206 0.003700 0.004830
v -0.024632 0.003700 0.004924
v -0.025064 0.003700 0.004981
v -0.025500 0.003700 0.005000
v -0.025936 0.003700 0.004981
v -0.026368 0.003700 0.004924
v -0.026794 0.003700 0.004830
v -0.027210 0.003700 0.004698
v -0.027613 0.003700 0.004532
v -0.028000 0.003700 0.004330
v -0.028368 0.003700 0.004096
v -0.028714 0.003700 0.003830
v -0.029036 0.003700 0.003536
v -0.029330 0.003700 0.003214
v -0.029596 0.003700 0.002868
v -0.029830 0.003700 0.002500
v -0.030032 0.003700 0.002113
v -0.030198 0.003700 0.001710
v -0.030330 0.003700 0.001294
v -0.030424 0.003700 0.000868
v -0.030481 0.003700 0.000436
v -0.030500 0.003700 0.000000
v -0.030481 0.003700 -0.000436
v -0.030424 0.003700 -0.000868
v -0.030330 0.003700 -0.001294
v -0.030198 0.003700 -0.001710
v -0.030032 0.003700 -0.002113
v -0.029830 0.003700 -0.002500
v -0.029596 0.003700 -0.002868
v -0.029330 0.003700 -0.003214
v -0.029036 0.003700 -0.003536
v -0.028714 0.003700 -0.003830
v -0.028368 0.003700 -0.004096
v -0.028000 0.003700 -0.004330
v -0.027613 0.003700 -0.004532
v -0.027210 0.003700 -0.004698
v -0.026794 0.003700 -0.004830
v -0.026368 0.003700 -0.004924
v -0.025936 0.003700 -0.004981
v -0.025500 0.003700 -0.005000
v -0.025064 0.003700 -0.004981
v -0.024632 0.003700 -0.004924
v -0.024206 0.003700 -0.004830
v -0.023790 0.003700 -0.004698
v -0.023387 0.003700 -0.004532
v -0.023000 0.003700 -0.004330
v -0.022632 0.003700 -0.004096
v -0.022286 0.003700 -0.003830
v -0.021964 0.003700 -0.003536
v -0.021670 0.003700 -0.003214
v -0.021404 0.003700 -0.002868
v -0.021170 0.003700 -0.002500
v -0.020968 0.003700 -0.002113
v -0.020802 0.003700 -0.001710
v -0.020670 0.003700 -0.001294
v -0.020576 0.003700 -0.000868
v -0.020519 0.003700 -0.000436
v -0.020500 0.003700 0.000000
v -0.020519 0.003700 0.000436
v -0.020576 0.003700 0.000868
v -0.020670 0.003700 0.001294
v -0.020802 0.003700 0.001710
v -0.020968 0.003700 0.002113
v -0.021170 0.003700 0.002500
v -0.021404 0.003700 0.002868
v -0.021670 0.003700 0.003214
v -0.021964 0.003700 0.003536
v -0.022286 0.003700 0.003830
v -0.022632 0.003700 0.004096
v -0.020500 0.001200 -0.000000
v -0.020519 0.001200 0.000436
v -0.020576 0.001200 0.000868
v -0.020670 0.001200 0.001294
v -0.020802 0.001200 0.001710
v -0.020968 0.001200 0.002113
v -0.021170 0.001200 0.002500
v -0.021404 0.001200 0.002868
v -0.021670 0.001200 0.003214
v -0.021964 0.001200 0.003536
v -0.022286 0.001200 0.003830
v -0.022632 0.001200 0.004096
v -0.023000 0.001200 0.004330
v -0.023387 0.001200 0.004532
v -0.023790 0.001200 0.004698
v -0.024206 0.001200 0.004830
v -0.024632 0.001200 0.004924
v -0.025064 0.001200 0.004981
v -0.025500 0.001200 0.005000
v -0.025936 0.001200 0.004981
v -0.026368 0.001200 0.004924
v -0.026794 0.001200 0.004830
v -0.027210 0.001200 0.004698
v -0.027613 0.001200 0.004532
v -0.028000 0.001200 0.004330
v -0.028368 0.001200 0.004096
v -0.028714 0.001200 0.003830
v -0.029036 0.001200 0.003536
v -0.029330 0.001200 0.003214
v -0.029596 0.001200 0.002868
v -0.029830 0.001200 0.002500
v -0.030032 0.001200 0.002113
v -0.030198 0.001200 0.001710
v -0.030330 0.001200 0.001294
v -0.030424 0.001200 0.000868
v -0.030481 0.001200 0.000436
v -0.030500 0.001200 0.000000
v -0.030481 0.001200 -0.000436
v -0.030424 0.001200 -0.000868
v -0.030330 0.001200 -0.001294
v -0.030198 0.001200 -0.001710
v -0.030032 0.001200 -0.002113
v -0.029830 0.001200 -0.002500
v -0.029596 0.001200 -0.002868
v -0.029330 0.001200 -0.003214
v -0.029036 0.001200 -0.003536
v -0.028714 0.001200 -0.003830
v -0.028368 0.001200 -0.004096
v -0.028000 0.001200 -0.004330
v -0.027613 0.001200 -0.004532
v -0.027210 0.001200 -0.004698
v -0.026794 0.001200 -0.004830
v -0.026368 0.001200 -0.004924
v -0.025936 0.001200 -0.004981
v -0.025500 0.001200 -0.005000
v -0.025064 0.001200 -0.004981
v -0.024632 0.001200 -0.004924
v -0.024206 0.001200 -0.004830
v -0.023790 0.001200 -0.004698
v -0.023387 0.001200 -0.004532
v -0.023000 0.001200 -0.004330
v -0.022632 0.001200 -0.004096
v -0.022286 0.001200 -0.003830
v -0.021964 0.001200 -0.003536
v -0.021670 0.001200 -0.003214
v -0.021404 0.001200 -0.002868
v -0.021170 0.001200 -0.002500
v -0.020968 0.001200 -0.002113
v -0.020802 0.001200 -0.001710
v -0.020670 0.001200 -0.001294
v -0.020576 0.001200 -0.000868
v -0.020519 0.001200 -0.000436
v -0.024472 0.001200 0.006165
v -0.023951 0.001200 0.006055
v -0.024472 0.001200 -0.006165
v -0.023951 0.001200 -0.006055
v -0.023441 0.001200 -0.005901
v -0.022947 0.001200 -0.005705
v -0.022471 0.001200 -0.005467
v -0.022017 0.001200 -0.005189
v -0.021588 0.001200 -0.004874
v -0.021187 0.001200 -0.004524
v -0.020818 0.001200 -0.004140
v -0.020483 0.001200 -0.003727
v -0.020184 0.001200 -0.003286
v -0.019923 0.001200 -0.002822
v -0.019704 0.001200 -0.002338
v -0.019526 0.001200 -0.001836
v -0.019391 0.001200 -0.001321
v -0.019301 0.001200 -0.000796
v -0.019256 0.001200 -0.000266
v -0.019256 0.001200 0.000266
v -0.019301 0.001200 0.000796
v -0.019391 0.001200 0.001321
v -0.019526 0.001200 0.001836
v -0.019704 0.001200 0.002338
v -0.019923 0.001200 0.002822
v -0.020184 0.001200 0.003286
v -0.020483 0.001200 0.003727
v -0.020818 0.001200 0.004140
v -0.021187 0.001200 0.004524
v -0.021588 0.001200 0.004874
v -0.022017 0.001200 0.005189
v -0.022471 0.001200 0.005467
v -0.022947 0.001200 0.005705
v -0.023441 0.001200 0.005901
v -0.024472 0.003400 0.006165
v -0.023951 0.003400 0.006055
v -0.023441 0.003400 0.005901
v -0.022947 0.003400 0.005705
v -0.022471 0.003400 0.005467
v -0.022017 0.003400 0.005189
v -0.021588 0.003400 0.004874
v -0.021187 0.003400 0.004524
v -0.020818 0.003400 0.004140
v -0.020483 0.003400 0.003727
v -0.020184 0.003400 0.003286
v -0.019923 0.003400 0.002822
v -0.019704 0.003400 0.002338
v -0.019526 0.003400 0.001836
v -0.019391 0.003400 0.001321
v -0.019301 0.003400 0.000796
v -0.019256 0.003400 0.000266
v -0.019256 0.003400 -0.000266
v -0.019301 0.003400 -0.000796
v -0.019391 0.003400 -0.001321
v -0.019526 0.003400 -0.001836
v -0.019704 0.003400 -0.002338
v -0.019923 0.003400 -0.002822
v -0.020184 0.003400 -0.003286
v -0.020483 0.003400 -0.003727
v -0.020818 0.003400 -0.004140
v -0.021187 0.003400 -0.004524
v -0.021588 0.003400 -0.004874
v -0.022017 0.003400 -0.005189
v -0.022471 0.003400 -0.005467
v -0.022947 0.003400 -0.005705
v -0.023441 0.003400 -0.005901
v -0.023951 0.003400 -0.006055
v -0.024472 0.003400 -0.006165
v -0.018918 0.003400 -0.010584
v -0.018940 0.003400 -0.010435
v -0.018950 0.003400 -0.010286
v -0.016551 0.003400 -0.008625
v -0.018741 0.003400 -0.009421
v -0.018664 0.003400 -0.009292
v -0.018946 0.003400 -0.010136
v -0.018930 0.003400 -0.009987
v -0.018901 0.003400 -0.009840
v -0.018860 0.003400 -0.009696
v -0.018806 0.003400 -0.009556
v -0.016837 0.003400 -0.008538
v -0.016692 0.003400 -0.008575
v -0.017434 0.003400 -0.008516
v -0.017582 0.003400 -0.008542
v -0.017726 0.003400 -0.008581
v -0.017867 0.003400 -0.008632
v -0.018003 0.003400 -0.008695
v -0.018134 0.003400 -0.008770
v -0.017285 0.003400 -0.008502
v -0.016414 0.003400 -0.008686
v -0.016283 0.003400 -0.008760
v -0.016985 0.003400 -0.008513
v -0.017135 0.003400 -0.008501
v -0.018257 0.003400 -0.008855
v -0.018372 0.003400 -0.008951
v -0.018479 0.003400 -0.009056
v -0.018577 0.003400 -0.009170
v -0.018405 0.001300 -0.010584
v -0.015995 0.001300 -0.010584
v -0.018424 0.001300 -0.010505
v -0.015976 0.001300 -0.010505
v -0.018351 0.001300 -0.009762
v -0.018389 0.001300 -0.009864
v -0.018418 0.001300 -0.009968
v -0.018438 0.001300 -0.010074
v -0.018448 0.001300 -0.010182
v -0.018449 0.001300 -0.010291
v -0.018441 0.001300 -0.010398
v -0.015951 0.001300 -0.010291
v -0.015952 0.001300 -0.010182
v -0.018304 0.001300 -0.009664
v -0.018117 0.001300 -0.009400
v -0.018187 0.001300 -0.009483
v -0.016096 0.001300 -0.009664
v -0.015959 0.001300 -0.010398
v -0.016150 0.001300 -0.009571
v -0.016213 0.001300 -0.009483
v -0.017956 0.001300 -0.009255
v -0.016283 0.001300 -0.009400
v -0.017867 0.001300 -0.009193
v -0.018040 0.001300 -0.009324
v -0.015962 0.001300 -0.010074
v -0.015982 0.001300 -0.009968
v -0.016011 0.001300 -0.009864
v -0.018250 0.001300 -0.009571
v -0.016049 0.001300 -0.009762
v -0.017362 0.001300 -0.009011
v -0.017469 0.001300 -0.009029
v -0.016533 0.001300 -0.009193
v -0.016360 0.001300 -0.009324
v -0.017675 0.001300 -0.009094
v -0.017773 0.001300 -0.009139
v -0.016931 0.001300 -0.009029
v -0.017038 0.001300 -0.009011
v -0.016444 0.001300 -0.009255
v -0.017573 0.001300 -0.009057
v -0.016827 0.001300 -0.009057
v -0.016627 0.001300 -0.009139
v -0.016725 0.001300 -0.009094
v -0.017146 0.001300 -0.009001
v -0.017254 0.001300 -0.009001
v -0.015831 0.001326 -0.010584
v -0.015821 0.001329 -0.010584
v -0.015809 0.001330 -0.010540
v -0.015679 0.001405 -0.010584
v -0.015667 0.001415 -0.010584
v -0.015662 0.001417 -0.010571
v -0.015637 0.001442 -0.010584
v -0.015632 0.001446 -0.010584
v -0.015630 0.001446 -0.010578
v -0.018904 0.001684 -0.010584
v -0.018901 0.001671 -0.010584
v -0.018921 0.001671 -0.010456
v -0.018893 0.001647 -0.010584
v -0.018890 0.001637 -0.010584
v -0.018908 0.001629 -0.010454
v -0.018838 0.001531 -0.010584
v -0.018826 0.001513 -0.010584
v -0.018848 0.001513 -0.010447
v -0.018447 0.001302 -0.010584
v -0.018466 0.001302 -0.010514
v -0.018450 0.001302 -0.010584
v -0.018509 0.001308 -0.010523
v -0.018489 0.001307 -0.010584
v -0.018591 0.001330 -0.010540
v -0.018538 0.001317 -0.010584
v -0.018550 0.001317 -0.010532
v -0.018535 0.001316 -0.010584
v -0.018530 0.001315 -0.010584
v -0.018686 0.001381 -0.010584
v -0.018650 0.001360 -0.010584
v -0.018668 0.001367 -0.010556
v -0.018623 0.001347 -0.010584
v -0.018630 0.001347 -0.010549
v -0.018613 0.001343 -0.010584
v -0.018575 0.001328 -0.010584
v -0.018692 0.001385 -0.010584
v -0.018704 0.001390 -0.010564
v -0.018700 0.001390 -0.010584
v -0.018738 0.001417 -0.010571
v -0.018724 0.001408 -0.010584
v -0.018815 0.001499 -0.010584
v -0.018810 0.001492 -0.010584
v -0.018795 0.001473 -0.010575
v -0.018783 0.001462 -0.010584
v -0.018768 0.001446 -0.010584
v -0.018821 0.001479 -0.010444
v -0.018770 0.001446 -0.010578
v -0.018755 0.001434 -0.010584
v -0.018858 0.001565 -0.010584
v -0.018875 0.001600 -0.010584
v -0.018891 0.001589 -0.010452
v -0.018870 0.001589 -0.010584
v -0.018912 0.001722 -0.010584
v -0.018918 0.001800 -0.010584
v -0.018916 0.001761 -0.010584
v -0.018936 0.001756 -0.010458
v -0.018916 0.001756 -0.010584
v -0.015482 0.001800 -0.010584
v -0.015479 0.001800 -0.010565
v -0.015483 0.001778 -0.010584
v -0.015464 0.001756 -0.010458
v -0.015484 0.001756 -0.010584
v -0.015486 0.001740 -0.010584
v -0.015479 0.001671 -0.010456
v -0.015499 0.001671 -0.010584
v -0.015495 0.001689 -0.010584
v -0.015534 0.001580 -0.010584
v -0.015530 0.001589 -0.010584
v -0.015509 0.001589 -0.010452
v -0.015518 0.001615 -0.010584
v -0.015552 0.001513 -0.010447
v -0.015574 0.001513 -0.010584
v -0.015561 0.001532 -0.010584
v -0.015712 0.001382 -0.010584
v -0.015700 0.001390 -0.010584
v -0.015696 0.001390 -0.010564
v -0.015732 0.001367 -0.010556
v -0.015747 0.001362 -0.010584
v -0.015783 0.001344 -0.010584
v -0.015770 0.001347 -0.010549
v -0.015777 0.001347 -0.010584
v -0.015871 0.001315 -0.010584
v -0.015862 0.001317 -0.010584
v -0.015850 0.001317 -0.010532
v -0.015891 0.001308 -0.010523
v -0.015911 0.001307 -0.010584
v -0.015953 0.001302 -0.010584
v -0.015934 0.001302 -0.010514
v -0.015950 0.001302 -0.010584
v -0.015462 0.001800 -0.010458
v -0.015458 0.001800 -0.010416
v -0.015453 0.001756 -0.010307
v -0.015451 0.001800 -0.010307
v -0.015450 0.001800 -0.010266
v -0.015454 0.001756 -0.010155
v -0.015453 0.001800 -0.010155
v -0.015455 0.001800 -0.010116
v -0.015469 0.001756 -0.010005
v -0.015467 0.001800 -0.010004
v -0.015473 0.001800 -0.009968
v -0.015497 0.001756 -0.009856
v -0.015495 0.001800 -0.009855
v -0.015503 0.001800 -0.009821
v -0.015537 0.001756 -0.009710
v -0.015536 0.001800 -0.009709
v -0.015546 0.001800 -0.009677
v -0.015590 0.001756 -0.009568
v -0.015589 0.001800 -0.009567
v -0.015602 0.001800 -0.009538
v -0.015656 0.001756 -0.009431
v -0.015654 0.001800 -0.009430
v -0.015668 0.001800 -0.009403
v -0.015732 0.001756 -0.009300
v -0.015731 0.001800 -0.009299
v -0.015747 0.001800 -0.009275
v -0.015820 0.001756 -0.009177
v -0.015818 0.001800 -0.009176
v -0.015835 0.001800 -0.009155
v -0.015918 0.001756 -0.009062
v -0.015917 0.001800 -0.009060
v -0.015934 0.001800 -0.009042
v -0.016026 0.001756 -0.008955
v -0.016024 0.001800 -0.008954
v -0.016042 0.001800 -0.008938
v -0.016142 0.001756 -0.008858
v -0.016141 0.001800 -0.008857
v -0.016159 0.001800 -0.008843
v -0.016267 0.001756 -0.008772
v -0.016266 0.001800 -0.008770
v -0.016283 0.001800 -0.008760
v -0.016398 0.001756 -0.008697
v -0.016397 0.001800 -0.008695
v -0.016414 0.001800 -0.008686
v -0.016535 0.001756 -0.008633
v -0.016535 0.001800 -0.008631
v -0.016551 0.001800 -0.008625
v -0.016678 0.001756 -0.008582
v -0.016677 0.001800 -0.008580
v -0.016692 0.001800 -0.008575
v -0.016824 0.001756 -0.008543
v -0.016824 0.001800 -0.008541
v -0.016837 0.001800 -0.008538
v -0.016973 0.001756 -0.008517
v -0.016973 0.001800 -0.008515
v -0.016985 0.001800 -0.008513
v -0.017124 0.001756 -0.008504
v -0.017124 0.001800 -0.008502
v -0.017135 0.001800 -0.008501
v -0.017276 0.001756 -0.008504
v -0.017276 0.001800 -0.008502
v -0.017285 0.001800 -0.008502
v -0.017427 0.001756 -0.008517
v -0.017427 0.001800 -0.008515
v -0.017434 0.001800 -0.008516
v -0.017576 0.001756 -0.008543
v -0.017576 0.001800 -0.008541
v -0.017582 0.001800 -0.008542
v -0.017722 0.001756 -0.008582
v -0.017723 0.001800 -0.008580
v -0.017726 0.001800 -0.008581
v -0.017865 0.001756 -0.008633
v -0.017865 0.001800 -0.008631
v -0.018003 0.001800 -0.008695
v -0.018002 0.001756 -0.008697
v -0.018134 0.001800 -0.008770
v -0.018133 0.001756 -0.008772
v -0.018259 0.001800 -0.008857
v -0.018258 0.001756 -0.008858
v -0.018372 0.001800 -0.008951
v -0.018374 0.001756 -0.008955
v -0.018376 0.001800 -0.008954
v -0.018479 0.001800 -0.009056
v -0.018482 0.001756 -0.009062
v -0.018483 0.001800 -0.009060
v -0.018577 0.001800 -0.009170
v -0.018580 0.001756 -0.009177
v -0.018582 0.001800 -0.009176
v -0.018664 0.001800 -0.009292
v -0.018668 0.001756 -0.009300
v -0.018669 0.001800 -0.009299
v -0.018741 0.001800 -0.009421
v -0.018744 0.001756 -0.009431
v -0.018746 0.001800 -0.009430
v -0.018806 0.001800 -0.009556
v -0.018810 0.001756 -0.009568
v -0.018811 0.001800 -0.009567
v -0.018860 0.001800 -0.009696
v -0.018863 0.001756 -0.009710
v -0.018864 0.001800 -0.009709
v -0.018901 0.001800 -0.009840
v -0.018903 0.001756 -0.009856
v -0.018905 0.001800 -0.009855
v -0.018930 0.001800 -0.009987
v -0.018931 0.001756 -0.010005
v -0.018933 0.001800 -0.010004
v -0.018946 0.001800 -0.010136
v -0.018946 0.001756 -0.010155
v -0.018947 0.001800 -0.010155
v -0.018950 0.001800 -0.010286
v -0.018947 0.001756 -0.010307
v -0.018949 0.001800 -0.010307
v -0.018940 0.001800 -0.010435
v -0.018938 0.001800 -0.010458
v -0.018930 0.001713 -0.010457
v -0.018941 0.001713 -0.010306
v -0.018940 0.001713 -0.010156
v -0.018925 0.001713 -0.010005
v -0.018897 0.001713 -0.009857
v -0.018857 0.001713 -0.009711
v -0.018804 0.001713 -0.009570
v -0.018739 0.001713 -0.009434
v -0.018663 0.001713 -0.009304
v -0.018576 0.001713 -0.009181
v -0.018478 0.001713 -0.009065
v -0.018371 0.001713 -0.008959
v -0.018254 0.001713 -0.008863
v -0.018130 0.001713 -0.008777
v -0.017999 0.001713 -0.008702
v -0.017862 0.001713 -0.008638
v -0.017720 0.001713 -0.008587
v -0.017575 0.001713 -0.008548
v -0.017426 0.001713 -0.008522
v -0.017275 0.001713 -0.008509
v -0.017125 0.001713 -0.008509
v -0.016974 0.001713 -0.008522
v -0.016825 0.001713 -0.008548
v -0.016680 0.001713 -0.008587
v -0.016538 0.001713 -0.008638
v -0.016401 0.001713 -0.008702
v -0.016270 0.001713 -0.008777
v -0.016146 0.001713 -0.008863
v -0.016029 0.001713 -0.008959
v -0.015922 0.001713 -0.009065
v -0.015824 0.001713 -0.009181
v -0.015737 0.001713 -0.009304
v -0.015661 0.001713 -0.009434
v -0.015596 0.001713 -0.009570
v -0.015543 0.001713 -0.009711
v -0.015503 0.001713 -0.009857
v -0.015475 0.001713 -0.010005
v -0.015460 0.001713 -0.010156
v -0.015459 0.001713 -0.010306
v -0.015470 0.001713 -0.010457
v -0.015492 0.001702 -0.010584
v -0.018932 0.001671 -0.010306
v -0.018930 0.001671 -0.010156
v -0.018916 0.001671 -0.010007
v -0.018888 0.001671 -0.009859
v -0.018848 0.001671 -0.009714
v -0.018796 0.001671 -0.009574
v -0.018731 0.001671 -0.009438
v -0.018655 0.001671 -0.009309
v -0.018568 0.001671 -0.009186
v -0.018471 0.001671 -0.009072
v -0.018364 0.001671 -0.008966
v -0.018249 0.001671 -0.008870
v -0.018125 0.001671 -0.008785
v -0.017995 0.001671 -0.008710
v -0.017859 0.001671 -0.008647
v -0.017718 0.001671 -0.008596
v -0.017573 0.001671 -0.008558
v -0.017425 0.001671 -0.008532
v -0.017275 0.001671 -0.008519
v -0.017125 0.001671 -0.008519
v -0.016975 0.001671 -0.008532
v -0.016827 0.001671 -0.008558
v -0.016682 0.001671 -0.008596
v -0.016541 0.001671 -0.008647
v -0.016405 0.001671 -0.008710
v -0.016275 0.001671 -0.008785
v -0.016151 0.001671 -0.008870
v -0.016036 0.001671 -0.008966
v -0.015929 0.001671 -0.009072
v -0.015832 0.001671 -0.009186
v -0.015745 0.001671 -0.009309
v -0.015669 0.001671 -0.009438
v -0.015604 0.001671 -0.009574
v -0.015552 0.001671 -0.009714
v -0.015512 0.001671 -0.009859
v -0.015484 0.001671 -0.010007
v -0.015470 0.001671 -0.010156
v -0.015468 0.001671 -0.010306
v -0.018919 0.001629 -0.010306
v -0.018917 0.001629 -0.010157
v -0.018903 0.001629 -0.010008
v -0.018876 0.001629 -0.009862
v -0.018836 0.001629 -0.009718
v -0.018783 0.001629 -0.009579
v -0.018719 0.001629 -0.009444
v -0.018644 0.001629 -0.009316
v -0.018558 0.001629 -0.009194
v -0.018461 0.001629 -0.009081
v -0.018355 0.001629 -0.008976
v -0.018241 0.001629 -0.008881
v -0.018118 0.001629 -0.008796
v -0.017989 0.001629 -0.008722
v -0.017854 0.001629 -0.008659
v -0.017714 0.001629 -0.008609
v -0.017570 0.001629 -0.008570
v -0.017423 0.001629 -0.008545
v -0.017274 0.001629 -0.008532
v -0.017126 0.001629 -0.008532
v -0.016977 0.001629 -0.008545
v -0.016830 0.001629 -0.008570
v -0.016686 0.001629 -0.008609
v -0.016546 0.001629 -0.008659
v -0.016411 0.001629 -0.008722
v -0.016282 0.001629 -0.008796
v -0.016159 0.001629 -0.008881
v -0.016045 0.001629 -0.008976
v -0.015939 0.001629 -0.009081
v -0.015842 0.001629 -0.009194
v -0.015756 0.001629 -0.009316
v -0.015681 0.001629 -0.009444
v -0.015617 0.001629 -0.009579
v -0.015564 0.001629 -0.009718
v -0.015524 0.001629 -0.009862
v -0.015497 0.001629 -0.010008
v -0.015483 0.001629 -0.010157
v -0.015481 0.001629 -0.010306
v -0.015492 0.001629 -0.010454
v -0.015505 0.001652 -0.010584
v -0.018902 0.001589 -0.010305
v -0.018901 0.001589 -0.010158
v -0.018886 0.001589 -0.010011
v -0.018859 0.001589 -0.009866
v -0.018820 0.001589 -0.009724
v -0.018768 0.001589 -0.009585
v -0.018705 0.001589 -0.009452
v -0.018630 0.001589 -0.009325
v -0.018545 0.001589 -0.009205
v -0.018449 0.001589 -0.009092
v -0.018344 0.001589 -0.008988
v -0.018231 0.001589 -0.008894
v -0.018109 0.001589 -0.008810
v -0.017981 0.001589 -0.008737
v -0.017847 0.001589 -0.008675
v -0.017709 0.001589 -0.008625
v -0.017566 0.001589 -0.008587
v -0.017421 0.001589 -0.008561
v -0.017274 0.001589 -0.008548
v -0.017126 0.001589 -0.008548
v -0.016979 0.001589 -0.008561
v -0.016834 0.001589 -0.008587
v -0.016691 0.001589 -0.008625
v -0.016553 0.001589 -0.008675
v -0.016419 0.001589 -0.008737
v -0.016291 0.001589 -0.008810
v -0.016169 0.001589 -0.008894
v -0.016056 0.001589 -0.008988
v -0.015951 0.001589 -0.009092
v -0.015855 0.001589 -0.009205
v -0.015770 0.001589 -0.009325
v -0.015695 0.001589 -0.009452
v -0.015632 0.001589 -0.009585
v -0.015580 0.001589 -0.009724
v -0.015541 0.001589 -0.009866
v -0.015514 0.001589 -0.010011
v -0.015499 0.001589 -0.010158
v -0.015498 0.001589 -0.010305
v -0.018871 0.001550 -0.010450
v -0.018882 0.001550 -0.010305
v -0.018881 0.001550 -0.010159
v -0.018866 0.001550 -0.010014
v -0.018840 0.001550 -0.009870
v -0.018801 0.001550 -0.009730
v -0.018750 0.001550 -0.009593
v -0.018687 0.001550 -0.009462
v -0.018613 0.001550 -0.009336
v -0.018529 0.001550 -0.009217
v -0.018434 0.001550 -0.009106
v -0.018331 0.001550 -0.009003
v -0.018218 0.001550 -0.008910
v -0.018099 0.001550 -0.008827
v -0.017972 0.001550 -0.008755
v -0.017840 0.001550 -0.008693
v -0.017703 0.001550 -0.008644
v -0.017562 0.001550 -0.008606
v -0.017418 0.001550 -0.008581
v -0.017273 0.001550 -0.008569
v -0.017127 0.001550 -0.008569
v -0.016982 0.001550 -0.008581
v -0.016838 0.001550 -0.008606
v -0.016697 0.001550 -0.008644
v -0.016560 0.001550 -0.008693
v -0.016428 0.001550 -0.008755
v -0.016301 0.001550 -0.008827
v -0.016182 0.001550 -0.008910
v -0.016069 0.001550 -0.009003
v -0.015966 0.001550 -0.009106
v -0.015871 0.001550 -0.009217
v -0.015787 0.001550 -0.009336
v -0.015713 0.001550 -0.009462
v -0.015650 0.001550 -0.009593
v -0.015599 0.001550 -0.009730
v -0.015560 0.001550 -0.009870
v -0.015534 0.001550 -0.010014
v -0.015519 0.001550 -0.010159
v -0.015518 0.001550 -0.010305
v -0.015529 0.001550 -0.010450
v -0.015553 0.001545 -0.010584
v -0.018859 0.001513 -0.010304
v -0.018857 0.001513 -0.010160
v -0.018843 0.001513 -0.010017
v -0.018817 0.001513 -0.009876
v -0.018778 0.001513 -0.009737
v -0.018728 0.001513 -0.009602
v -0.018666 0.001513 -0.009473
v -0.018593 0.001513 -0.009349
v -0.018510 0.001513 -0.009231
v -0.018417 0.001513 -0.009122
v -0.018315 0.001513 -0.009021
v -0.018204 0.001513 -0.008929
v -0.018086 0.001513 -0.008847
v -0.017961 0.001513 -0.008775
v -0.017831 0.001513 -0.008715
v -0.017696 0.001513 -0.008666
v -0.017557 0.001513 -0.008629
v -0.017415 0.001513 -0.008604
v -0.017272 0.001513 -0.008592
v -0.017128 0.001513 -0.008592
v -0.016985 0.001513 -0.008604
v -0.016843 0.001513 -0.008629
v -0.016704 0.001513 -0.008666
v -0.016569 0.001513 -0.008715
v -0.016439 0.001513 -0.008775
v -0.016314 0.001513 -0.008847
v -0.016196 0.001513 -0.008929
v -0.016085 0.001513 -0.009021
v -0.015983 0.001513 -0.009122
v -0.015890 0.001513 -0.009231
v -0.015807 0.001513 -0.009349
v -0.015734 0.001513 -0.009473
v -0.015672 0.001513 -0.009602
v -0.015622 0.001513 -0.009737
v -0.015583 0.001513 -0.009876
v -0.015557 0.001513 -0.010017
v -0.015543 0.001513 -0.010160
v -0.015541 0.001513 -0.010304
v -0.018832 0.001479 -0.010303
v -0.018831 0.001479 -0.010161
v -0.018817 0.001479 -0.010021
v -0.018791 0.001479 -0.009882
v -0.018753 0.001479 -0.009745
v -0.018704 0.001479 -0.009613
v -0.018643 0.001479 -0.009485
v -0.018571 0.001479 -0.009363
v -0.018489 0.001479 -0.009248
v -0.018398 0.001479 -0.009140
v -0.018297 0.001479 -0.009040
v -0.018188 0.001479 -0.008950
v -0.018072 0.001479 -0.008869
v -0.017949 0.001479 -0.008799
v -0.017821 0.001479 -0.008740
v -0.017688 0.001479 -0.008692
v -0.017551 0.001479 -0.008655
v -0.017412 0.001479 -0.008631
v -0.017271 0.001479 -0.008619
v -0.017129 0.001479 -0.008619
v -0.016988 0.001479 -0.008631
v -0.016849 0.001479 -0.008655
v -0.016712 0.001479 -0.008692
v -0.016579 0.001479 -0.008740
v -0.016451 0.001479 -0.008799
v -0.016328 0.001479 -0.008869
v -0.016212 0.001479 -0.008950
v -0.016103 0.001479 -0.009040
v -0.016002 0.001479 -0.009140
v -0.015911 0.001479 -0.009248
v -0.015829 0.001479 -0.009363
v -0.015757 0.001479 -0.009485
v -0.015696 0.001479 -0.009613
v -0.015647 0.001479 -0.009745
v -0.015609 0.001479 -0.009882
v -0.015583 0.001479 -0.010021
v -0.015569 0.001479 -0.010161
v -0.015568 0.001479 -0.010303
v -0.015579 0.001479 -0.010444
v -0.015584 0.001500 -0.010584
v -0.015609 0.001470 -0.010584
v -0.015604 0.001474 -0.010577
v -0.015608 0.001446 -0.010440
v -0.015640 0.001417 -0.010437
v -0.015597 0.001446 -0.010302
v -0.015629 0.001417 -0.010301
v -0.015599 0.001446 -0.010163
v -0.015631 0.001417 -0.010165
v -0.015612 0.001446 -0.010025
v -0.015644 0.001417 -0.010029
v -0.015638 0.001446 -0.009888
v -0.015669 0.001417 -0.009895
v -0.015675 0.001446 -0.009754
v -0.015706 0.001417 -0.009764
v -0.015724 0.001446 -0.009624
v -0.015753 0.001417 -0.009637
v -0.015783 0.001446 -0.009499
v -0.015812 0.001417 -0.009514
v -0.015854 0.001446 -0.009379
v -0.015881 0.001417 -0.009396
v -0.015934 0.001446 -0.009266
v -0.015959 0.001417 -0.009285
v -0.016024 0.001446 -0.009160
v -0.016048 0.001417 -0.009182
v -0.016123 0.001446 -0.009062
v -0.016144 0.001417 -0.009086
v -0.016230 0.001446 -0.008973
v -0.016249 0.001417 -0.008999
v -0.016344 0.001446 -0.008894
v -0.016361 0.001417 -0.008921
v -0.016464 0.001446 -0.008825
v -0.016479 0.001417 -0.008854
v -0.016590 0.001446 -0.008767
v -0.016603 0.001417 -0.008797
v -0.016721 0.001446 -0.008720
v -0.016731 0.001417 -0.008750
v -0.016855 0.001446 -0.008684
v -0.016862 0.001417 -0.008715
v -0.016992 0.001446 -0.008660
v -0.016996 0.001417 -0.008692
v -0.017131 0.001446 -0.008648
v -0.017132 0.001417 -0.008680
v -0.017269 0.001446 -0.008648
v -0.017268 0.001417 -0.008680
v -0.017408 0.001446 -0.008660
v -0.017404 0.001417 -0.008692
v -0.017545 0.001446 -0.008684
v -0.017538 0.001417 -0.008715
v -0.017679 0.001446 -0.008720
v -0.017669 0.001417 -0.008750
v -0.017810 0.001446 -0.008767
v -0.017797 0.001417 -0.008797
v -0.017936 0.001446 -0.008825
v -0.017921 0.001417 -0.008854
v -0.018056 0.001446 -0.008894
v -0.018039 0.001417 -0.008921
v -0.018170 0.001446 -0.008973
v -0.018151 0.001417 -0.008999
v -0.018277 0.001446 -0.009062
v -0.018256 0.001417 -0.009086
v -0.018376 0.001446 -0.009160
v -0.018352 0.001417 -0.009182
v -0.018466 0.001446 -0.009266
v -0.018441 0.001417 -0.009285
v -0.018546 0.001446 -0.009379
v -0.018519 0.001417 -0.009396
v -0.018617 0.001446 -0.009499
v -0.018588 0.001417 -0.009514
v -0.018676 0.001446 -0.009624
v -0.018647 0.001417 -0.009637
v -0.018725 0.001446 -0.009754
v -0.018694 0.001417 -0.009764
v -0.018762 0.001446 -0.009888
v -0.018731 0.001417 -0.009895
v -0.018788 0.001446 -0.010025
v -0.018756 0.001417 -0.010029
v -0.018801 0.001446 -0.010163
v -0.018769 0.001417 -0.010165
v -0.018803 0.001446 -0.010302
v -0.018771 0.001417 -0.010301
v -0.018792 0.001446 -0.010440
v -0.018760 0.001417 -0.010437
v -0.015674 0.001390 -0.010433
v -0.015664 0.001390 -0.010300
v -0.015665 0.001390 -0.010167
v -0.015678 0.001390 -0.010034
v -0.015703 0.001390 -0.009903
v -0.015738 0.001390 -0.009775
v -0.015785 0.001390 -0.009650
v -0.015842 0.001390 -0.009530
v -0.015910 0.001390 -0.009415
v -0.015987 0.001390 -0.009307
v -0.016073 0.001390 -0.009205
v -0.016168 0.001390 -0.009112
v -0.016270 0.001390 -0.009027
v -0.016379 0.001390 -0.008951
v -0.016495 0.001390 -0.008884
v -0.016616 0.001390 -0.008829
v -0.016741 0.001390 -0.008783
v -0.016870 0.001390 -0.008749
v -0.017001 0.001390 -0.008726
v -0.017133 0.001390 -0.008715
v -0.017267 0.001390 -0.008715
v -0.017399 0.001390 -0.008726
v -0.017530 0.001390 -0.008749
v -0.017659 0.001390 -0.008783
v -0.017784 0.001390 -0.008829
v -0.017905 0.001390 -0.008884
v -0.018021 0.001390 -0.008951
v -0.018130 0.001390 -0.009027
v -0.018232 0.001390 -0.009112
v -0.018327 0.001390 -0.009205
v -0.018413 0.001390 -0.009307
v -0.018490 0.001390 -0.009415
v -0.018558 0.001390 -0.009530
v -0.018615 0.001390 -0.009650
v -0.018662 0.001390 -0.009775
v -0.018697 0.001390 -0.009903
v -0.018722 0.001390 -0.010034
v -0.018735 0.001390 -0.010167
v -0.018736 0.001390 -0.010300
v -0.018726 0.001390 -0.010433
v -0.015711 0.001367 -0.010428
v -0.015701 0.001367 -0.010299
v -0.015702 0.001367 -0.010169
v -0.015715 0.001367 -0.010039
v -0.015739 0.001367 -0.009912
v -0.015773 0.001367 -0.009786
v -0.015819 0.001367 -0.009665
v -0.015875 0.001367 -0.009547
v -0.015941 0.001367 -0.009435
v -0.016016 0.001367 -0.009329
v -0.016100 0.001367 -0.009230
v -0.016192 0.001367 -0.009139
v -0.016292 0.001367 -0.009056
v -0.016399 0.001367 -0.008982
v -0.016512 0.001367 -0.008917
v -0.016630 0.001367 -0.008863
v -0.016752 0.001367 -0.008818
v -0.016878 0.001367 -0.008785
v -0.017006 0.001367 -0.008763
v -0.017135 0.001367 -0.008751
v -0.017265 0.001367 -0.008751
v -0.017394 0.001367 -0.008763
v -0.017522 0.001367 -0.008785
v -0.017648 0.001367 -0.008818
v -0.017770 0.001367 -0.008863
v -0.017888 0.001367 -0.008917
v -0.018001 0.001367 -0.008982
v -0.018108 0.001367 -0.009056
v -0.018208 0.001367 -0.009139
v -0.018300 0.001367 -0.009230
v -0.018384 0.001367 -0.009329
v -0.018459 0.001367 -0.009435
v -0.018525 0.001367 -0.009547
v -0.018581 0.001367 -0.009665
v -0.018627 0.001367 -0.009786
v -0.018661 0.001367 -0.009912
v -0.018685 0.001367 -0.010039
v -0.018698 0.001367 -0.010169
v -0.018699 0.001367 -0.010299
v -0.018689 0.001367 -0.010428
v -0.015749 0.001347 -0.010424
v -0.015739 0.001347 -0.010297
v -0.015741 0.001347 -0.010171
v -0.015753 0.001347 -0.010045
v -0.015776 0.001347 -0.009920
v -0.015810 0.001347 -0.009798
v -0.015855 0.001347 -0.009680
v -0.015909 0.001347 -0.009565
v -0.015973 0.001347 -0.009456
v -0.016046 0.001347 -0.009353
v -0.016128 0.001347 -0.009257
v -0.016218 0.001347 -0.009168
v -0.016316 0.001347 -0.009087
v -0.016420 0.001347 -0.009014
v -0.016530 0.001347 -0.008952
v -0.016644 0.001347 -0.008898
v -0.016764 0.001347 -0.008855
v -0.016886 0.001347 -0.008823
v -0.017011 0.001347 -0.008801
v -0.017137 0.001347 -0.008790
v -0.017263 0.001347 -0.008790
v -0.017389 0.001347 -0.008801
v -0.017514 0.001347 -0.008823
v -0.017636 0.001347 -0.008855
v -0.017756 0.001347 -0.008898
v -0.017870 0.001347 -0.008952
v -0.017980 0.001347 -0.009014
v -0.018084 0.001347 -0.009087
v -0.018182 0.001347 -0.009168
v -0.018272 0.001347 -0.009257
v -0.018354 0.001347 -0.009353
v -0.018427 0.001347 -0.009456
v -0.018491 0.001347 -0.009565
v -0.018545 0.001347 -0.009680
v -0.018590 0.001347 -0.009798
v -0.018624 0.001347 -0.009920
v -0.018647 0.001347 -0.010045
v -0.018659 0.001347 -0.010171
v -0.018661 0.001347 -0.010297
v -0.018651 0.001347 -0.010424
v -0.015789 0.001330 -0.010419
v -0.015780 0.001330 -0.010296
v -0.015781 0.001330 -0.010173
v -0.015793 0.001330 -0.010050
v -0.015816 0.001330 -0.009929
v -0.015849 0.001330 -0.009811
v -0.015892 0.001330 -0.009695
v -0.015945 0.001330 -0.009584
v -0.016007 0.001330 -0.009478
v -0.016078 0.001330 -0.009378
v -0.016158 0.001330 -0.009284
v -0.016245 0.001330 -0.009197
v -0.016340 0.001330 -0.009119
v -0.016441 0.001330 -0.009049
v -0.016548 0.001330 -0.008987
v -0.016660 0.001330 -0.008936
v -0.016776 0.001330 -0.008894
v -0.016895 0.001330 -0.008862
v -0.017016 0.001330 -0.008841
v -0.017138 0.001330 -0.008830
v -0.017262 0.001330 -0.008830
v -0.017384 0.001330 -0.008841
v -0.017505 0.001330 -0.008862
v -0.017624 0.001330 -0.008894
v -0.017740 0.001330 -0.008936
v -0.017852 0.001330 -0.008987
v -0.017959 0.001330 -0.009049
v -0.018060 0.001330 -0.009119
v -0.018155 0.001330 -0.009197
v -0.018242 0.001330 -0.009284
v -0.018322 0.001330 -0.009378
v -0.018393 0.001330 -0.009478
v -0.018455 0.001330 -0.009584
v -0.018508 0.001330 -0.009695
v -0.018551 0.001330 -0.009811
v -0.018584 0.001330 -0.009929
v -0.018607 0.001330 -0.010050
v -0.018619 0.001330 -0.010173
v -0.018620 0.001330 -0.010296
v -0.018611 0.001330 -0.010419
v -0.015830 0.001317 -0.010414
v -0.015821 0.001317 -0.010295
v -0.015823 0.001317 -0.010175
v -0.015834 0.001317 -0.010056
v -0.015856 0.001317 -0.009939
v -0.015888 0.001317 -0.009824
v -0.015930 0.001317 -0.009712
v -0.015981 0.001317 -0.009604
v -0.016042 0.001317 -0.009501
v -0.016111 0.001317 -0.009403
v -0.016188 0.001317 -0.009312
v -0.016273 0.001317 -0.009228
v -0.016365 0.001317 -0.009152
v -0.016463 0.001317 -0.009084
v -0.016567 0.001317 -0.009024
v -0.016676 0.001317 -0.008974
v -0.016788 0.001317 -0.008934
v -0.016903 0.001317 -0.008903
v -0.017021 0.001317 -0.008882
v -0.017140 0.001317 -0.008872
v -0.017260 0.001317 -0.008872
v -0.017379 0.001317 -0.008882
v -0.017497 0.001317 -0.008903
v -0.017612 0.001317 -0.008934
v -0.017724 0.001317 -0.008974
v -0.017833 0.001317 -0.009024
v -0.017937 0.001317 -0.009084
v -0.018035 0.001317 -0.009152
v -0.018127 0.001317 -0.009228
v -0.018212 0.001317 -0.009312
v -0.018289 0.001317 -0.009403
v -0.018358 0.001317 -0.009501
v -0.018419 0.001317 -0.009604
v -0.018470 0.001317 -0.009712
v -0.018512 0.001317 -0.009824
v -0.018544 0.001317 -0.009939
v -0.018566 0.001317 -0.010056
v -0.018577 0.001317 -0.010175
v -0.018579 0.001317 -0.010295
v -0.018570 0.001317 -0.010414
v -0.015873 0.001308 -0.010409
v -0.015864 0.001308 -0.010293
v -0.015865 0.001308 -0.010178
v -0.015876 0.001308 -0.010062
v -0.015898 0.001308 -0.009948
v -0.015929 0.001308 -0.009837
v -0.015969 0.001308 -0.009728
v -0.016019 0.001308 -0.009624
v -0.016078 0.001308 -0.009524
v -0.016145 0.001308 -0.009429
v -0.016220 0.001308 -0.009341
v -0.016302 0.001308 -0.009260
v -0.016391 0.001308 -0.009186
v -0.016486 0.001308 -0.009120
v -0.016587 0.001308 -0.009062
v -0.016692 0.001308 -0.009014
v -0.016801 0.001308 -0.008974
v -0.016913 0.001308 -0.008944
v -0.017027 0.001308 -0.008924
v -0.017142 0.001308 -0.008914
v -0.017258 0.001308 -0.008914
v -0.017373 0.001308 -0.008924
v -0.017487 0.001308 -0.008944
v -0.017599 0.001308 -0.008974
v -0.017708 0.001308 -0.009014
v -0.017813 0.001308 -0.009062
v -0.017914 0.001308 -0.009120
v -0.018009 0.001308 -0.009186
v -0.018098 0.001308 -0.009260
v -0.018180 0.001308 -0.009341
v -0.018255 0.001308 -0.009429
v -0.018322 0.001308 -0.009524
v -0.018381 0.001308 -0.009624
v -0.018431 0.001308 -0.009728
v -0.018471 0.001308 -0.009837
v -0.018502 0.001308 -0.009948
v -0.018524 0.001308 -0.010062
v -0.018535 0.001308 -0.010178
v -0.018536 0.001308 -0.010293
v -0.018527 0.001308 -0.010409
v -0.015916 0.001302 -0.010404
v -0.015907 0.001302 -0.010292
v -0.015908 0.001302 -0.010180
v -0.015919 0.001302 -0.010068
v -0.015940 0.001302 -0.009958
v -0.015970 0.001302 -0.009850
v -0.016009 0.001302 -0.009745
v -0.016057 0.001302 -0.009644
v -0.016114 0.001302 -0.009547
v -0.016179 0.001302 -0.009456
v -0.016251 0.001302 -0.009371
v -0.016331 0.001302 -0.009292
v -0.016417 0.001302 -0.009220
v -0.016509 0.001302 -0.009156
v -0.016607 0.001302 -0.009101
v -0.016708 0.001302 -0.009054
v -0.016814 0.001302 -0.009015
v -0.016922 0.001302 -0.008987
v -0.017032 0.001302 -0.008967
v -0.017144 0.001302 -0.008958
v -0.017256 0.001302 -0.008958
v -0.017368 0.001302 -0.008967
v -0.017478 0.001302 -0.008987
v -0.017586 0.001302 -0.009015
v -0.017692 0.001302 -0.009054
v -0.017793 0.001302 -0.009101
v -0.017891 0.001302 -0.009156
v -0.017983 0.001302 -0.009220
v -0.018069 0.001302 -0.009292
v -0.018149 0.001302 -0.009371
v -0.018221 0.001302 -0.009456
v -0.018286 0.001302 -0.009547
v -0.018343 0.001302 -0.009644
v -0.018391 0.001302 -0.009745
v -0.018430 0.001302 -0.009850
v -0.018460 0.001302 -0.009958
v -0.018481 0.001302 -0.010068
v -0.018492 0.001302 -0.010180
v -0.018493 0.001302 -0.010292
v -0.018484 0.001302 -0.010404
v -0.012675 -0.002200 -0.010584
v -0.012344 -0.002200 -0.010584
v -0.009869 -0.002200 -0.010584
v -0.011852 -0.002200 -0.010653
v -0.011355 -0.002200 -0.010688
v -0.010858 -0.002200 -0.010688
v -0.010361 -0.002200 -0.010653
v 0.006431 -0.002200 -0.010574
v 0.006438 -0.002200 -0.010584
v 0.006484 -0.002200 -0.010643
v 0.006543 -0.002200 -0.010707
v 0.006607 -0.002200 -0.010766
v 0.006676 -0.002200 -0.010819
v 0.006750 -0.002200 -0.010866
v 0.006827 -0.002200 -0.010906
v 0.006908 -0.002200 -0.010940
v 0.006991 -0.002200 -0.010966
v 0.007076 -0.002200 -0.010985
v 0.007163 -0.002200 -0.010996
v 0.007250 -0.002200 -0.011000
v 0.007337 -0.002200 -0.010996
v 0.007424 -0.002200 -0.010985
v 0.007509 -0.002200 -0.010966
v 0.007592 -0.002200 -0.010940
v 0.007673 -0.002200 -0.010906
v 0.007750 -0.002200 -0.010866
v 0.007824 -0.002200 -0.010819
v 0.007893 -0.002200 -0.010766
v 0.007957 -0.002200 -0.010707
v 0.008016 -0.002200 -0.010643
v 0.008069 -0.002200 -0.010574
v 0.008116 -0.002200 -0.010500
v 0.008156 -0.002200 -0.010423
v 0.008190 -0.002200 -0.010342
v 0.008216 -0.002200 -0.010259
v 0.008235 -0.002200 -0.010174
v 0.008246 -0.002200 -0.010087
v 0.008250 -0.002200 -0.010000
v 0.008246 -0.002200 -0.009913
v 0.008235 -0.002200 -0.009826
v 0.008216 -0.002200 -0.009741
v 0.008190 -0.002200 -0.009658
v 0.008156 -0.002200 -0.009577
v 0.008116 -0.002200 -0.009500
v 0.008069 -0.002200 -0.009426
v 0.008016 -0.002200 -0.009357
v 0.007957 -0.002200 -0.009293
v 0.007893 -0.002200 -0.009234
v 0.007824 -0.002200 -0.009181
v 0.007750 -0.002200 -0.009134
v 0.007673 -0.002200 -0.009094
v 0.007592 -0.002200 -0.009060
v 0.007509 -0.002200 -0.009034
v 0.007424 -0.002200 -0.009015
v 0.007337 -0.002200 -0.009004
v 0.007250 -0.002200 -0.009000
v 0.007163 -0.002200 -0.009004
v 0.007076 -0.002200 -0.009015
v 0.006991 -0.002200 -0.009034
v 0.006908 -0.002200 -0.009060
v 0.006827 -0.002200 -0.009094
v 0.006750 -0.002200 -0.009134
v 0.006676 -0.002200 -0.009181
v 0.006607 -0.002200 -0.009234
v 0.006543 -0.002200 -0.009293
v 0.006484 -0.002200 -0.009357
v 0.006431 -0.002200 -0.009426
v 0.006384 -0.002200 -0.009500
v 0.006344 -0.002200 -0.009577
v 0.006310 -0.002200 -0.009658
v 0.006284 -0.002200 -0.009741
v 0.006265 -0.002200 -0.009826
v 0.006254 -0.002200 -0.009913
v 0.006250 -0.002200 -0.010000
v 0.006254 -0.002200 -0.010087
v 0.006265 -0.002200 -0.010174
v 0.006284 -0.002200 -0.010259
v 0.006310 -0.002200 -0.010342
v 0.006344 -0.002200 -0.010423
v 0.006384 -0.002200 -0.010500
v -0.032600 0.003400 0.007600
v -0.032753 0.003400 0.007607
v -0.032904 0.003400 0.007627
v -0.033053 0.003400 0.007660
v -0.033199 0.003400 0.007706
v -0.033340 0.003400 0.007764
v -0.033475 0.003400 0.007834
v -0.033604 0.003400 0.007916
v -0.033725 0.003400 0.008009
v -0.033837 0.003400 0.008113
v -0.033941 0.003400 0.008225
v -0.034034 0.003400 0.008346
v -0.034116 0.003400 0.008475
v -0.034186 0.003400 0.008610
v -0.034244 0.003400 0.008751
v -0.034290 0.003400 0.008897
v -0.034323 0.003400 0.009046
v -0.034343 0.003400 0.009197
v -0.034350 0.003400 0.009350
v -0.034343 0.003400 0.009503
v -0.034323 0.003400 0.009654
v -0.034290 0.003400 0.009803
v -0.034244 0.003400 0.009949
v -0.034186 0.003400 0.010090
v -0.034116 0.003400 0.010225
v -0.034034 0.003400 0.010354
v -0.033941 0.003400 0.010475
v -0.033837 0.003400 0.010587
v -0.033725 0.003400 0.010691
v -0.033604 0.003400 0.010784
v -0.033475 0.003400 0.010866
v -0.033340 0.003400 0.010936
v -0.033199 0.003400 0.010994
v -0.033053 0.003400 0.011040
v -0.032904 0.003400 0.011073
v -0.032753 0.003400 0.011093
v -0.032600 0.003400 0.011100
v -0.032447 0.003400 0.011093
v -0.032296 0.003400 0.011073
v -0.032147 0.003400 0.011040
v -0.032001 0.003400 0.010994
v -0.031860 0.003400 0.010936
v -0.031725 0.003400 0.010866
v -0.031596 0.003400 0.010784
v -0.031475 0.003400 0.010691
v -0.031363 0.003400 0.010587
v -0.031259 0.003400 0.010475
v -0.031166 0.003400 0.010354
v -0.031084 0.003400 0.010225
v -0.031014 0.003400 0.010090
v -0.030956 0.003400 0.009949
v -0.030910 0.003400 0.009803
v -0.030877 0.003400 0.009654
v -0.030857 0.003400 0.009503
v -0.030850 0.003400 0.009350
v -0.030857 0.003400 0.009197
v -0.030877 0.003400 0.009046
v -0.030910 0.003400 0.008897
v -0.030956 0.003400 0.008751
v -0.031014 0.003400 0.008610
v -0.031084 0.003400 0.008475
v -0.031166 0.003400 0.008346
v -0.031259 0.003400 0.008225
v -0.031363 0.003400 0.008113
v -0.031475 0.003400 0.008009
v -0.031596 0.003400 0.007916
v -0.031725 0.003400 0.007834
v -0.031860 0.003400 0.007764
v -0.032001 0.003400 0.007706
v -0.032147 0.003400 0.007660
v -0.032296 0.003400 0.007627
v -0.032447 0.003400 0.007607
v -0.032341 0.003400 0.010316
v -0.032426 0.003400 0.010335
v -0.032454 0.003400 0.010339
v -0.032513 0.003400 0.010346
v -0.032600 0.003400 0.010350
v -0.032687 0.003400 0.010346
v -0.032774 0.003400 0.010335
v -0.032859 0.003400 0.010316
v -0.032942 0.003400 0.010290
v -0.033023 0.003400 0.010256
v -0.033100 0.003400 0.010216
v -0.033174 0.003400 0.010169
v -0.033243 0.003400 0.010116
v -0.033307 0.003400 0.010057
v -0.033366 0.003400 0.009993
v -0.033419 0.003400 0.009924
v -0.033466 0.003400 0.009850
v -0.033506 0.003400 0.009773
v -0.033540 0.003400 0.009692
v -0.033566 0.003400 0.009609
v -0.033585 0.003400 0.009524
v -0.033596 0.003400 0.009437
v -0.033600 0.003400 0.009350
v -0.033596 0.003400 0.009263
v -0.033585 0.003400 0.009176
v -0.033566 0.003400 0.009091
v -0.033540 0.003400 0.009008
v -0.033506 0.003400 0.008927
v -0.033466 0.003400 0.008850
v -0.033419 0.003400 0.008776
v -0.033366 0.003400 0.008707
v -0.033307 0.003400 0.008643
v -0.033243 0.003400 0.008584
v -0.033174 0.003400 0.008531
v -0.033100 0.003400 0.008484
v -0.033023 0.003400 0.008444
v -0.032942 0.003400 0.008410
v -0.032859 0.003400 0.008384
v -0.032774 0.003400 0.008365
v -0.032687 0.003400 0.008354
v -0.032600 0.003400 0.008350
v -0.032513 0.003400 0.008354
v -0.032426 0.003400 0.008365
v -0.032341 0.003400 0.008384
v -0.032258 0.003400 0.008410
v -0.032177 0.003400 0.008444
v -0.032100 0.003400 0.008484
v -0.032026 0.003400 0.008531
v -0.031957 0.003400 0.008584
v -0.031893 0.003400 0.008643
v -0.031834 0.003400 0.008707
v -0.031781 0.003400 0.008776
v -0.031734 0.003400 0.008850
v -0.031694 0.003400 0.008927
v -0.031660 0.003400 0.009008
v -0.031634 0.003400 0.009091
v -0.031615 0.003400 0.009176
v -0.031604 0.003400 0.009263
v -0.031600 0.003400 0.009350
v -0.031604 0.003400 0.009437
v -0.031615 0.003400 0.009524
v -0.031634 0.003400 0.009609
v -0.031660 0.003400 0.009692
v -0.031694 0.003400 0.009773
v -0.031734 0.003400 0.009850
v -0.031781 0.003400 0.009924
v -0.031834 0.003400 0.009993
v -0.031893 0.003400 0.010057
v -0.031957 0.003400 0.010116
v -0.032026 0.003400 0.010169
v -0.032100 0.003400 0.010216
v -0.032177 0.003400 0.010256
v -0.032258 0.003400 0.010290
v -0.031600 -0.002200 0.009350
v -0.031604 -0.002200 0.009437
v -0.031615 -0.002200 0.009524
v -0.031634 -0.002200 0.009609
v -0.031660 -0.002200 0.009692
v -0.031694 -0.002200 0.009773
v -0.031734 -0.002200 0.009850
v -0.031781 -0.002200 0.009924
v -0.031834 -0.002200 0.009993
v -0.031893 -0.002200 0.010057
v -0.031957 -0.002200 0.010116
v -0.032026 -0.002200 0.010169
v -0.032100 -0.002200 0.010216
v -0.032177 -0.002200 0.010256
v -0.032258 -0.002200 0.010290
v -0.032341 -0.002200 0.010316
v -0.032426 -0.002200 0.010335
v -0.032454 -0.002200 0.010339
v -0.032513 -0.002200 0.010346
v -0.032600 -0.002200 0.010350
v -0.032687 -0.002200 0.010346
v -0.032774 -0.002200 0.010335
v -0.032859 -0.002200 0.010316
v -0.032942 -0.002200 0.010290
v -0.033023 -0.002200 0.010256
v -0.033100 -0.002200 0.010216
v -0.033174 -0.002200 0.010169
v -0.033243 -0.002200 0.010116
v -0.033307 -0.002200 0.010057
v -0.033366 -0.002200 0.009993
v -0.033419 -0.002200 0.009924
v -0.033466 -0.002200 0.009850
v -0.033506 -0.002200 0.009773
v -0.033540 -0.002200 0.009692
v -0.033566 -0.002200 0.009609
v -0.033585 -0.002200 0.009524
v -0.033596 -0.002200 0.009437
v -0.033600 -0.002200 0.009350
v -0.033596 -0.002200 0.009263
v -0.033585 -0.002200 0.009176
v -0.033566 -0.002200 0.009091
v -0.033540 -0.002200 0.009008
v -0.033506 -0.002200 0.008927
v -0.033466 -0.002200 0.008850
v -0.033419 -0.002200 0.008776
v -0.033366 -0.002200 0.008707
v -0.033307 -0.002200 0.008643
v -0.033243 -0.002200 0.008584
v -0.033174 -0.002200 0.008531
v -0.033100 -0.002200 0.008484
v -0.033023 -0.002200 0.008444
v -0.032942 -0.002200 0.008410
v -0.032859 -0.002200 0.008384
v -0.032774 -0.002200 0.008365
v -0.032687 -0.002200 0.008354
v -0.032600 -0.002200 0.008350
v -0.032513 -0.002200 0.008354
v -0.032426 -0.002200 0.008365
v -0.032341 -0.002200 0.008384
v -0.032258 -0.002200 0.008410
v -0.032177 -0.002200 0.008444
v -0.032100 -0.002200 0.008484
v -0.032026 -0.002200 0.008531
v -0.031957 -0.002200 0.008584
v -0.031893 -0.002200 0.008643
v -0.031834 -0.002200 0.008707
v -0.031781 -0.002200 0.008776
v -0.031734 -0.002200 0.008850
v -0.031694 -0.002200 0.008927
v -0.031660 -0.002200 0.009008
v -0.031634 -0.002200 0.009091
v -0.031615 -0.002200 0.009176
v -0.031604 -0.002200 0.009263
v -0.032600 0.003400 -0.011100
v -0.032753 0.003400 -0.011093
v -0.032904 0.003400 -0.011073
v -0.033053 0.003400 -0.011040
v -0.033199 0.003400 -0.010994
v -0.033340 0.003400 -0.010936
v -0.033475 0.003400 -0.010866
v -0.033604 0.003400 -0.010784
v -0.033725 0.003400 -0.010691
v -0.033837 0.003400 -0.010587
v -0.033941 0.003400 -0.010475
v -0.034034 0.003400 -0.010354
v -0.034116 0.003400 -0.010225
v -0.034186 0.003400 -0.010090
v -0.034244 0.003400 -0.009949
v -0.034290 0.003400 -0.009803
v -0.034323 0.003400 -0.009654
v -0.034343 0.003400 -0.009503
v -0.034350 0.003400 -0.009350
v -0.034343 0.003400 -0.009197
v -0.034323 0.003400 -0.009046
v -0.034290 0.003400 -0.008897
v -0.034244 0.003400 -0.008751
v -0.034186 0.003400 -0.008610
v -0.034116 0.003400 -0.008475
v -0.034034 0.003400 -0.008346
v -0.033941 0.003400 -0.008225
v -0.033837 0.003400 -0.008113
v -0.033725 0.003400 -0.008009
v -0.033604 0.003400 -0.007916
v -0.033475 0.003400 -0.007834
v -0.033340 0.003400 -0.007764
v -0.033199 0.003400 -0.007706
v -0.033053 0.003400 -0.007660
v -0.032904 0.003400 -0.007627
v -0.032753 0.003400 -0.007607
v -0.032600 0.003400 -0.007600
v -0.032447 0.003400 -0.007607
v -0.032296 0.003400 -0.007627
v -0.032147 0.003400 -0.007660
v -0.032001 0.003400 -0.007706
v -0.031860 0.003400 -0.007764
v -0.031725 0.003400 -0.007834
v -0.031596 0.003400 -0.007916
v -0.031475 0.003400 -0.008009
v -0.031363 0.003400 -0.008113
v -0.031259 0.003400 -0.008225
v -0.031166 0.003400 -0.008346
v -0.031084 0.003400 -0.008475
v -0.031014 0.003400 -0.008610
v -0.030956 0.003400 -0.008751
v -0.030910 0.003400 -0.008897
v -0.030877 0.003400 -0.009046
v -0.030857 0.003400 -0.009197
v -0.030850 0.003400 -0.009350
v -0.030857 0.003400 -0.009503
v -0.030877 0.003400 -0.009654
v -0.030910 0.003400 -0.009803
v -0.030956 0.003400 -0.009949
v -0.031014 0.003400 -0.010090
v -0.031084 0.003400 -0.010225
v -0.031166 0.003400 -0.010354
v -0.031259 0.003400 -0.010475
v -0.031363 0.003400 -0.010587
v -0.031475 0.003400 -0.010691
v -0.031596 0.003400 -0.010784
v -0.031725 0.003400 -0.010866
v -0.031860 0.003400 -0.010936
v -0.032001 0.003400 -0.010994
v -0.032147 0.003400 -0.011040
v -0.032296 0.003400 -0.011073
v -0.032447 0.003400 -0.011093
v -0.031957 0.003400 -0.010116
v -0.032026 0.003400 -0.010169
v -0.032100 0.003400 -0.010216
v -0.032177 0.003400 -0.010256
v -0.032258 0.003400 -0.010290
v -0.032341 0.003400 -0.010316
v -0.032426 0.003400 -0.010335
v -0.032513 0.003400 -0.010346
v -0.032600 0.003400 -0.010350
v -0.032687 0.003400 -0.010346
v -0.032774 0.003400 -0.010335
v -0.032859 0.003400 -0.010316
v -0.032942 0.003400 -0.010290
v -0.033023 0.003400 -0.010256
v -0.033100 0.003400 -0.010216
v -0.033174 0.003400 -0.010169
v -0.033243 0.003400 -0.010116
v -0.033307 0.003400 -0.010057
v -0.033366 0.003400 -0.009993
v -0.033419 0.003400 -0.009924
v -0.033466 0.003400 -0.009850
v -0.033506 0.003400 -0.009773
v -0.033540 0.003400 -0.009692
v -0.033566 0.003400 -0.009609
v -0.033585 0.003400 -0.009524
v -0.033596 0.003400 -0.009437
v -0.033600 0.003400 -0.009350
v -0.033596 0.003400 -0.009263
v -0.033585 0.003400 -0.009176
v -0.033566 0.003400 -0.009091
v -0.033540 0.003400 -0.009008
v -0.033506 0.003400 -0.008927
v -0.033466 0.003400 -0.008850
v -0.033419 0.003400 -0.008776
v -0.033366 0.003400 -0.008707
v -0.033307 0.003400 -0.008643
v -0.033243 0.003400 -0.008584
v -0.033174 0.003400 -0.008531
v -0.033100 0.003400 -0.008484
v -0.033023 0.003400 -0.008444
v -0.032942 0.003400 -0.008410
v -0.032859 0.003400 -0.008384
v -0.032774 0.003400 -0.008365
v -0.032687 0.003400 -0.008354
v -0.032600 0.003400 -0.008350
v -0.032513 0.003400 -0.008354
v -0.032426 0.003400 -0.008365
v -0.032341 0.003400 -0.008384
v -0.032258 0.003400 -0.008410
v -0.032177 0.003400 -0.008444
v -0.032100 0.003400 -0.008484
v -0.032026 0.003400 -0.008531
v -0.031957 0.003400 -0.008584
v -0.031893 0.003400 -0.008643
v -0.031834 0.003400 -0.008707
v -0.031781 0.003400 -0.008776
v -0.031734 0.003400 -0.008850
v -0.031694 0.003400 -0.008927
v -0.031660 0.003400 -0.009008
v -0.031634 0.003400 -0.009091
v -0.031615 0.003400 -0.009176
v -0.031604 0.003400 -0.009263
v -0.031600 0.003400 -0.009350
v -0.031604 0.003400 -0.009437
v -0.031615 0.003400 -0.009524
v -0.031634 0.003400 -0.009609
v -0.031660 0.003400 -0.009692
v -0.031694 0.003400 -0.009773
v -0.031734 0.003400 -0.009850
v -0.031781 0.003400 -0.009924
v -0.031834 0.003400 -0.009993
v -0.031893 0.003400 -0.010057
v -0.031600 -0.002200 -0.009350
v -0.031604 -0.002200 -0.009263
v -0.031615 -0.002200 -0.009176
v -0.031634 -0.002200 -0.009091
v -0.031660 -0.002200 -0.009008
v -0.031694 -0.002200 -0.008927
v -0.031734 -0.002200 -0.008850
v -0.031781 -0.002200 -0.008776
v -0.031834 -0.002200 -0.008707
v -0.031893 -0.002200 -0.008643
v -0.031957 -0.002200 -0.008584
v -0.032026 -0.002200 -0.008531
v -0.032100 -0.002200 -0.008484
v -0.032177 -0.002200 -0.008444
v -0.032258 -0.002200 -0.008410
v -0.032341 -0.002200 -0.008384
v -0.032426 -0.002200 -0.008365
v -0.032513 -0.002200 -0.008354
v -0.032600 -0.002200 -0.008350
v -0.032687 -0.002200 -0.008354
v -0.032774 -0.002200 -0.008365
v -0.032859 -0.002200 -0.008384
v -0.032942 -0.002200 -0.008410
v -0.033023 -0.002200 -0.008444
v -0.033100 -0.002200 -0.008484
v -0.033174 -0.002200 -0.008531
v -0.033243 -0.002200 -0.008584
v -0.033307 -0.002200 -0.008643
v -0.033366 -0.002200 -0.008707
v -0.033419 -0.002200 -0.008776
v -0.033466 -0.002200 -0.008850
v -0.033506 -0.002200 -0.008927
v -0.033540 -0.002200 -0.009008
v -0.033566 -0.002200 -0.009091
v -0.033585 -0.002200 -0.009176
v -0.033596 -0.002200 -0.009263
v -0.033600 -0.002200 -0.009350
v -0.033596 -0.002200 -0.009437
v -0.033585 -0.002200 -0.009524
v -0.033566 -0.002200 -0.009609
v -0.033540 -0.002200 -0.009692
v -0.033506 -0.002200 -0.009773
v -0.033466 -0.002200 -0.009850
v -0.033419 -0.002200 -0.009924
v -0.033366 -0.002200 -0.009993
v -0.033307 -0.002200 -0.010057
v -0.033243 -0.002200 -0.010116
v -0.033174 -0.002200 -0.010169
v -0.033100 -0.002200 -0.010216
v -0.033023 -0.002200 -0.010256
v -0.032942 -0.002200 -0.010290
v -0.032859 -0.002200 -0.010316
v -0.032774 -0.002200 -0.010335
v -0.032687 -0.002200 -0.010346
v -0.032600 -0.002200 -0.010350
v -0.032513 -0.002200 -0.010346
v -0.032426 -0.002200 -0.010335
v -0.032341 -0.002200 -0.010316
v -0.032258 -0.002200 -0.010290
v -0.032177 -0.002200 -0.010256
v -0.032100 -0.002200 -0.010216
v -0.032026 -0.002200 -0.010169
v -0.031957 -0.002200 -0.010116
v -0.031893 -0.002200 -0.010057
v -0.031834 -0.002200 -0.009993
v -0.031781 -0.002200 -0.009924
v -0.031734 -0.002200 -0.009850
v -0.031694 -0.002200 -0.009773
v -0.031660 -0.002200 -0.009692
v -0.031634 -0.002200 -0.009609
v -0.031615 -0.002200 -0.009524
v -0.031604 -0.002200 -0.009437
v 0.007824 -0.002200 0.009181
v 0.007834 -0.002200 0.009188
v 0.007893 -0.002200 0.009234
v 0.007957 -0.002200 0.009293
v 0.008016 -0.002200 0.009357
v 0.008069 -0.002200 0.009426
v 0.008116 -0.002200 0.009500
v 0.008156 -0.002200 0.009577
v 0.008190 -0.002200 0.009658
v 0.008216 -0.002200 0.009741
v 0.008235 -0.002200 0.009826
v 0.008246 -0.002200 0.009913
v 0.008250 -0.002200 0.010000
v 0.008246 -0.002200 0.010087
v 0.008235 -0.002200 0.010174
v 0.008216 -0.002200 0.010259
v 0.008190 -0.002200 0.010342
v 0.008156 -0.002200 0.010423
v 0.008116 -0.002200 0.010500
v 0.008069 -0.002200 0.010574
v 0.008016 -0.002200 0.010643
v 0.007957 -0.002200 0.010707
v 0.007893 -0.002200 0.010766
v 0.007824 -0.002200 0.010819
v 0.007750 -0.002200 0.010866
v 0.007673 -0.002200 0.010906
v 0.007592 -0.002200 0.010940
v 0.007509 -0.002200 0.010966
v 0.007424 -0.002200 0.010985
v 0.007337 -0.002200 0.010996
v 0.007250 -0.002200 0.011000
v 0.007163 -0.002200 0.010996
v 0.007076 -0.002200 0.010985
v 0.006991 -0.002200 0.010966
v 0.006908 -0.002200 0.010940
v 0.006827 -0.002200 0.010906
v 0.006750 -0.002200 0.010866
v 0.006676 -0.002200 0.010819
v 0.006607 -0.002200 0.010766
v 0.006543 -0.002200 0.010707
v 0.006484 -0.002200 0.010643
v 0.006431 -0.002200 0.010574
v 0.006384 -0.002200 0.010500
v 0.006344 -0.002200 0.010423
v 0.006310 -0.002200 0.010342
v 0.006284 -0.002200 0.010259
v 0.006265 -0.002200 0.010174
v 0.006254 -0.002200 0.010087
v 0.006250 -0.002200 0.010000
v 0.006254 -0.002200 0.009913
v 0.006265 -0.002200 0.009826
v 0.006284 -0.002200 0.009741
v 0.006310 -0.002200 0.009658
v 0.006344 -0.002200 0.009577
v 0.006384 -0.002200 0.009500
v 0.006431 -0.002200 0.009426
v 0.006484 -0.002200 0.009357
v 0.006543 -0.002200 0.009293
v 0.006607 -0.002200 0.009234
v 0.006676 -0.002200 0.009181
v 0.006750 -0.002200 0.009134
v 0.006827 -0.002200 0.009094
v 0.006908 -0.002200 0.009060
v 0.006991 -0.002200 0.009034
v 0.007076 -0.002200 0.009015
v 0.007163 -0.002200 0.009004
v 0.007250 -0.002200 0.009000
v 0.007337 -0.002200 0.009004
v 0.007424 -0.002200 0.009015
v 0.007509 -0.002200 0.009034
v 0.007592 -0.002200 0.009060
v 0.007673 -0.002200 0.009094
v 0.007750 -0.002200 0.009134
v 0.007500 -0.001200 0.011584
v 0.007500 -0.002200 0.011584
v 0.007616 -0.002200 0.011579
v 0.007616 -0.001200 0.011579
v 0.007732 -0.002200 0.011564
v 0.007732 -0.001200 0.011564
v 0.007845 -0.002200 0.011538
v 0.007845 -0.001200 0.011538
v 0.007956 -0.002200 0.011503
v 0.007956 -0.001200 0.011503
v 0.008064 -0.002200 0.011459
v 0.008064 -0.001200 0.011459
v 0.008167 -0.002200 0.011405
v 0.008167 -0.001200 0.011405
v 0.008265 -0.002200 0.011343
v 0.008265 -0.001200 0.011343
v 0.008357 -0.002200 0.011272
v 0.008357 -0.001200 0.011272
v 0.008443 -0.002200 0.011193
v 0.008443 -0.001200 0.011193
v 0.008522 -0.002200 0.011107
v 0.008522 -0.001200 0.011107
v 0.008593 -0.002200 0.011015
v 0.008593 -0.001200 0.011015
v 0.008655 -0.002200 0.010917
v 0.008655 -0.001200 0.010917
v 0.008709 -0.002200 0.010814
v 0.008709 -0.001200 0.010814
v 0.008753 -0.002200 0.010706
v 0.008753 -0.001200 0.010706
v 0.008788 -0.002200 0.010595
v 0.008788 -0.001200 0.010595
v 0.008814 -0.002200 0.010482
v 0.008814 -0.001200 0.010482
v 0.008829 -0.002200 0.010366
v 0.008829 -0.001200 0.010366
v 0.008834 -0.002200 0.010250
v 0.008834 -0.001200 0.010250
v -0.012675 -0.002200 0.011584
v -0.032072 -0.001200 0.011584
v -0.032072 -0.002200 0.011584
v -0.033015 -0.001200 0.011193
v -0.033015 -0.002200 0.011193
v -0.032929 -0.002200 0.011272
v -0.032929 -0.001200 0.011272
v -0.032837 -0.002200 0.011343
v -0.032837 -0.001200 0.011343
v -0.032738 -0.002200 0.011405
v -0.032738 -0.001200 0.011405
v -0.032635 -0.002200 0.011459
v -0.032635 -0.001200 0.011459
v -0.032528 -0.002200 0.011503
v -0.032528 -0.001200 0.011503
v -0.032417 -0.002200 0.011538
v -0.032417 -0.001200 0.011538
v -0.032303 -0.002200 0.011564
v -0.032303 -0.001200 0.011564
v -0.032188 -0.002200 0.011579
v -0.032188 -0.001200 0.011579
v -0.034443 -0.001200 0.009765
v -0.034443 -0.002200 0.009765
v -0.034834 -0.001200 0.008822
v -0.034834 -0.002200 0.008822
v -0.034829 -0.002200 0.008938
v -0.034829 -0.001200 0.008938
v -0.034814 -0.002200 0.009053
v -0.034814 -0.001200 0.009053
v -0.034788 -0.002200 0.009167
v -0.034788 -0.001200 0.009167
v -0.034753 -0.002200 0.009278
v -0.034753 -0.001200 0.009278
v -0.034709 -0.002200 0.009385
v -0.034709 -0.001200 0.009385
v -0.034655 -0.002200 0.009488
v -0.034655 -0.001200 0.009488
v -0.034593 -0.002200 0.009587
v -0.034593 -0.001200 0.009587
v -0.034522 -0.002200 0.009679
v -0.034522 -0.001200 0.009679
v -0.034834 -0.002200 0.000000
v -0.034834 -0.001200 -0.008822
v -0.034834 -0.002200 -0.008822
v -0.034443 -0.001200 -0.009765
v -0.034443 -0.002200 -0.009765
v -0.034522 -0.002200 -0.009679
v -0.034522 -0.001200 -0.009679
v -0.034593 -0.002200 -0.009587
v -0.034593 -0.001200 -0.009587
v -0.034655 -0.002200 -0.009488
v -0.034655 -0.001200 -0.009488
v -0.034709 -0.002200 -0.009385
v -0.034709 -0.001200 -0.009385
v -0.034753 -0.002200 -0.009278
v -0.034753 -0.001200 -0.009278
v -0.034788 -0.002200 -0.009167
v -0.034788 -0.001200 -0.009167
v -0.034814 -0.002200 -0.009053
v -0.034814 -0.001200 -0.009053
v -0.034829 -0.002200 -0.008938
v -0.034829 -0.001200 -0.008938
v -0.033015 -0.001200 -0.011193
v -0.033015 -0.002200 -0.011193
v -0.032072 -0.001200 -0.011584
v -0.032072 -0.002200 -0.011584
v -0.032188 -0.002200 -0.011579
v -0.032188 -0.001200 -0.011579
v -0.032303 -0.002200 -0.011564
v -0.032303 -0.001200 -0.011564
v -0.032417 -0.002200 -0.011538
v -0.032417 -0.001200 -0.011538
v -0.032528 -0.002200 -0.011503
v -0.032528 -0.001200 -0.011503
v -0.032635 -0.002200 -0.011459
v -0.032635 -0.001200 -0.011459
v -0.032738 -0.002200 -0.011405
v -0.032738 -0.001200 -0.011405
v -0.032837 -0.002200 -0.011343
v -0.032837 -0.001200 -0.011343
v -0.032929 -0.002200 -0.011272
v -0.032929 -0.001200 -0.011272
v -0.012675 -0.002200 -0.011584
v 0.007500 -0.001200 -0.011584
v 0.007500 -0.002200 -0.011584
v 0.008834 -0.002200 -0.010250
v 0.008834 -0.002200 0.000000
v 0.008593 -0.002200 -0.011015
v 0.008655 -0.002200 -0.010917
v 0.008709 -0.002200 -0.010814
v 0.008753 -0.002200 -0.010706
v 0.008788 -0.002200 -0.010595
v 0.008814 -0.002200 -0.010482
v 0.008829 -0.002200 -0.010366
v 0.008265 -0.002200 -0.011343
v 0.008357 -0.002200 -0.011272
v 0.008443 -0.002200 -0.011193
v 0.008522 -0.002200 -0.011107
v 0.007616 -0.002200 -0.011579
v 0.007732 -0.002200 -0.011564
v 0.007845 -0.002200 -0.011538
v 0.007956 -0.002200 -0.011503
v 0.008064 -0.002200 -0.011459
v 0.008167 -0.002200 -0.011405
v 0.008834 -0.001200 -0.010250
v 0.008829 -0.001200 -0.010366
v 0.008814 -0.001200 -0.010482
v 0.008788 -0.001200 -0.010595
v 0.008753 -0.001200 -0.010706
v 0.008709 -0.001200 -0.010814
v 0.008655 -0.001200 -0.010917
v 0.008593 -0.001200 -0.011015
v 0.008522 -0.001200 -0.011107
v 0.008443 -0.001200 -0.011193
v 0.008357 -0.001200 -0.011272
v 0.008265 -0.001200 -0.011343
v 0.008167 -0.001200 -0.011405
v 0.008064 -0.001200 -0.011459
v 0.007956 -0.001200 -0.011503
v 0.007845 -0.001200 -0.011538
v 0.007732 -0.001200 -0.011564
v 0.007616 -0.001200 -0.011579
v 0.007650 -0.001200 0.012246
v 0.007816 -0.001200 0.012227
v 0.007980 -0.001200 0.012193
v 0.008141 -0.001200 0.012147
v 0.008297 -0.001200 0.012087
v 0.008447 -0.001200 0.012014
v 0.008591 -0.001200 0.011928
v 0.008728 -0.001200 0.011832
v 0.008855 -0.001200 0.011724
v 0.008974 -0.001200 0.011605
v 0.009082 -0.001200 0.011478
v 0.009179 -0.001200 0.011341
v 0.009264 -0.001200 0.011197
v 0.009337 -0.001200 0.011047
v 0.009397 -0.001200 0.010891
v 0.009443 -0.001200 0.010730
v 0.009477 -0.001200 0.010566
v 0.009496 -0.001200 0.010400
v 0.007650 -0.001200 -0.012246
v 0.007816 -0.001200 -0.012227
v 0.007980 -0.001200 -0.012193
v 0.008141 -0.001200 -0.012147
v 0.008297 -0.001200 -0.012087
v 0.008447 -0.001200 -0.012014
v 0.008591 -0.001200 -0.011928
v 0.008728 -0.001200 -0.011832
v 0.008855 -0.001200 -0.011724
v 0.008974 -0.001200 -0.011605
v 0.009082 -0.001200 -0.011478
v 0.009179 -0.001200 -0.011341
v 0.009264 -0.001200 -0.011197
v 0.009337 -0.001200 -0.011047
v 0.009397 -0.001200 -0.010891
v 0.009443 -0.001200 -0.010730
v 0.009477 -0.001200 -0.010566
v 0.009496 -0.001200 -0.010400
# 15021 vertices, 0 vertices normals

f 1 2 3
f 2 4 3
f 3 4 5
f 4 6 5
f 5 6 7
f 6 8 7
f 9 10 11
f 10 12 11
f 11 12 13
f 8 6 12
f 6 14 12
f 12 14 13
f 3 15 1
f 15 16 1
f 17 18 16
f 16 15 17
f 15 19 17
f 17 19 20
f 19 21 20
f 20 21 22
f 22 23 20
f 23 24 20
f 20 24 25
f 25 26 20
f 26 27 20
f 20 27 28
f 2 1 18
f 1 16 18
f 29 30 31
f 32 33 34
f 33 35 34
f 34 35 36
f 37 38 32
f 38 39 32
f 39 40 32
f 32 40 41
f 32 42 43
f 44 45 36
f 45 46 36
f 2 18 47
f 18 48 47
f 49 50 51
f 52 2 53
f 2 51 53
f 53 51 54
f 55 56 18
f 2 57 58
f 59 60 2
f 60 61 2
f 61 62 2
f 62 63 2
f 2 63 4
f 63 64 4
f 41 65 32
f 65 66 32
f 32 66 67
f 67 68 32
f 68 69 32
f 32 69 70
f 70 71 32
f 71 72 32
f 32 72 42
f 43 73 32
f 73 74 32
f 32 74 75
f 75 76 32
f 76 77 32
f 32 77 78
f 78 79 32
f 79 80 32
f 32 80 33
f 80 81 33
f 33 81 82
f 83 84 34
f 84 85 34
f 34 85 86
f 87 88 89
f 90 91 51
f 91 92 51
f 58 93 2
f 93 94 2
f 2 94 95
f 64 96 4
f 96 97 4
f 4 97 98
f 99 100 32
f 100 101 32
f 32 101 37
f 102 33 103
f 33 82 103
f 103 82 104
f 82 105 104
f 106 107 51
f 56 108 18
f 108 109 18
f 18 109 110
f 111 112 113
f 114 115 111
f 115 116 111
f 111 116 117
f 116 118 117
f 117 118 119
f 119 120 117
f 120 121 117
f 117 121 122
f 121 123 122
f 122 123 124
f 123 125 124
f 126 127 128
f 127 129 128
f 128 129 125
f 129 130 125
f 125 130 124
f 31 30 131
f 30 132 131
f 131 132 133
f 95 134 2
f 134 135 2
f 2 135 59
f 46 136 36
f 136 137 36
f 36 137 34
f 137 138 34
f 34 138 83
f 107 139 51
f 139 140 51
f 51 140 49
f 110 141 18
f 141 142 18
f 18 142 143
f 143 144 18
f 144 145 18
f 18 145 146
f 146 147 18
f 147 148 18
f 18 148 48
f 149 150 151
f 152 153 154
f 155 156 157
f 156 158 157
f 157 158 159
f 159 160 157
f 160 161 157
f 157 161 162
f 163 164 165
f 164 166 165
f 165 166 111
f 166 167 111
f 111 167 112
f 113 168 111
f 168 169 111
f 111 169 114
f 170 171 172
f 88 173 89
f 173 174 89
f 89 174 175
f 174 176 175
f 175 176 177
f 176 178 177
f 179 164 180
f 164 163 180
f 180 163 181
f 163 182 181
f 183 184 54
f 184 185 54
f 54 185 186
f 50 187 51
f 187 188 51
f 51 188 34
f 188 189 34
f 34 189 190
f 191 192 34
f 192 193 34
f 34 193 194
f 195 18 196
f 18 197 196
f 195 198 18
f 198 199 18
f 18 199 200
f 200 201 18
f 201 202 18
f 18 202 55
f 203 204 154
f 204 205 154
f 154 205 206
f 152 154 207
f 208 209 210
f 209 211 210
f 162 212 157
f 212 213 157
f 157 213 214
f 213 215 214
f 214 215 216
f 216 217 214
f 217 218 214
f 214 218 219
f 218 220 219
f 219 220 221
f 220 29 221
f 221 29 222
f 29 31 222
f 223 224 225
f 224 226 225
f 225 226 126
f 226 227 126
f 126 227 127
f 228 229 89
f 229 230 89
f 89 230 87
f 181 231 232
f 231 233 232
f 232 233 178
f 233 234 178
f 178 234 177
f 92 235 51
f 235 236 51
f 51 236 54
f 236 237 54
f 54 237 183
f 238 239 52
f 239 240 52
f 52 240 241
f 241 242 52
f 242 243 52
f 52 243 2
f 243 244 2
f 2 244 245
f 246 247 2
f 247 248 2
f 2 248 57
f 106 51 249
f 51 2 249
f 249 2 250
f 190 251 34
f 251 252 34
f 34 252 191
f 253 254 32
f 254 255 32
f 256 210 257
f 210 32 257
f 257 32 258
f 206 259 154
f 259 260 154
f 154 260 261
f 260 48 261
f 261 48 262
f 48 148 262
f 179 180 263
f 180 151 263
f 263 151 264
f 208 210 265
f 210 256 265
f 265 256 266
f 256 267 266
f 266 267 268
f 211 269 210
f 269 270 210
f 210 270 157
f 270 271 157
f 157 271 155
f 272 273 223
f 273 274 223
f 223 274 224
f 133 132 275
f 132 276 275
f 275 276 277
f 276 278 277
f 277 278 279
f 228 280 281
f 182 282 181
f 282 283 181
f 181 283 284
f 245 285 2
f 285 286 2
f 2 286 246
f 47 287 2
f 287 288 2
f 2 288 289
f 290 2 291
f 2 292 291
f 290 293 2
f 293 294 2
f 2 294 250
f 194 295 34
f 295 296 34
f 34 296 32
f 296 297 32
f 32 297 253
f 298 299 151
f 299 300 151
f 151 300 149
f 150 301 151
f 301 302 151
f 151 302 264
f 298 151 154
f 151 303 154
f 154 303 207
f 304 305 306
f 307 308 153
f 272 309 273
f 309 310 273
f 273 310 311
f 18 17 197
f 17 312 197
f 197 312 313
f 312 314 313
f 279 278 228
f 278 315 228
f 228 315 280
f 281 316 228
f 316 317 228
f 228 317 229
f 284 318 181
f 318 319 181
f 181 319 231
f 255 320 32
f 320 321 32
f 32 321 258
f 304 306 322
f 311 323 273
f 323 324 273
f 273 324 172
f 324 325 172
f 172 325 170
f 171 326 172
f 326 327 172
f 172 327 328
f 327 329 328
f 328 329 330
f 329 331 330
f 312 332 314
f 332 333 314
f 314 333 334
f 333 335 334
f 334 335 336
f 289 337 2
f 337 338 2
f 2 338 339
f 2 340 341
f 342 343 344
f 308 345 153
f 345 346 153
f 153 346 154
f 346 347 154
f 154 347 203
f 335 348 336
f 348 349 336
f 336 349 350
f 349 351 350
f 350 351 331
f 351 352 331
f 331 352 330
f 339 353 2
f 353 354 2
f 2 354 340
f 307 153 306
f 153 355 306
f 306 355 322
f 342 344 356
f 341 357 2
f 357 358 2
f 2 358 292
f 305 359 306
f 359 360 306
f 306 360 361
f 360 362 361
f 268 267 344
f 267 363 344
f 344 363 356
f 364 365 366
f 367 368 369
f 362 360 369
f 360 370 369
f 369 370 367
f 366 371 364
f 371 372 364
f 364 372 373
f 372 374 373
f 373 374 375
f 374 376 375
f 375 376 343
f 376 377 343
f 343 377 344
f 368 378 369
f 378 379 369
f 369 379 380
f 380 381 369
f 381 382 369
f 369 382 383
f 365 364 383
f 364 384 383
f 383 384 369
f 385 386 387
f 15 3 388
f 389 21 19
f 389 390 21
f 390 391 21
f 21 391 22
f 391 392 22
f 392 393 22
f 22 393 23
f 393 394 23
f 394 395 23
f 23 395 24
f 395 396 24
f 396 397 24
f 24 397 25
f 397 398 25
f 398 399 25
f 25 399 26
f 399 400 26
f 400 401 26
f 26 401 27
f 401 402 27
f 402 403 27
f 27 403 28
f 403 404 28
f 404 405 28
f 28 405 20
f 405 312 20
f 20 312 17
f 406 407 408
f 407 409 408
f 408 409 410
f 409 411 410
f 410 411 412
f 411 413 412
f 412 413 414
f 413 415 414
f 414 415 416
f 415 417 416
f 416 417 418
f 417 419 418
f 418 419 420
f 419 421 420
f 420 421 422
f 421 423 422
f 422 423 424
f 423 425 424
f 424 425 388
f 425 426 388
f 388 426 15
f 426 427 15
f 15 427 19
f 427 428 19
f 19 428 389
f 429 430 431
f 431 432 429
f 432 433 429
f 429 433 406
f 433 434 406
f 406 434 407
f 387 388 385
f 388 3 385
f 385 3 386
f 3 5 386
f 386 5 435
f 5 7 435
f 435 7 436
f 436 7 437
f 7 8 437
f 437 8 438
f 438 8 439
f 8 12 439
f 439 12 440
f 440 12 441
f 12 10 441
f 441 10 442
f 442 10 443
f 10 9 443
f 443 9 444
f 11 445 9
f 445 446 9
f 9 446 444
f 447 13 448
f 13 14 448
f 448 14 449
f 447 450 13
f 450 451 13
f 13 451 11
f 451 452 11
f 11 452 445
f 449 14 453
f 14 6 453
f 453 6 454
f 6 4 454
f 454 4 98
f 455 456 457
f 458 459 460
f 461 462 463
f 464 465 466
f 467 468 469
f 470 332 312
f 172 328 471
f 328 472 471
f 471 472 473
f 472 474 473
f 473 474 475
f 475 474 476
f 474 477 476
f 476 477 478
f 478 477 479
f 477 480 479
f 479 480 481
f 481 480 482
f 480 483 482
f 482 483 484
f 484 483 485
f 483 486 485
f 485 486 487
f 487 486 488
f 486 489 488
f 488 489 490
f 490 489 491
f 489 492 491
f 491 492 493
f 493 492 494
f 492 495 494
f 494 495 496
f 496 495 497
f 495 498 497
f 497 498 499
f 499 498 500
f 498 501 500
f 500 501 502
f 502 501 503
f 501 504 503
f 503 504 505
f 505 504 506
f 504 507 506
f 506 507 508
f 508 507 509
f 507 510 509
f 509 510 511
f 511 510 512
f 510 513 512
f 512 513 514
f 514 513 515
f 513 516 515
f 515 516 517
f 517 516 518
f 516 519 518
f 518 519 520
f 521 520 522
f 520 519 522
f 522 519 523
f 519 524 523
f 525 526 527
f 528 529 530
f 529 531 530
f 530 531 532
f 464 466 533
f 461 463 534
f 458 460 535
f 455 457 536
f 431 537 432
f 537 538 432
f 432 538 433
f 538 539 433
f 540 407 539
f 407 434 539
f 539 434 433
f 541 411 540
f 411 409 540
f 540 409 407
f 542 415 541
f 415 413 541
f 541 413 411
f 543 419 542
f 419 417 542
f 542 417 415
f 544 423 543
f 423 421 543
f 543 421 419
f 545 426 544
f 426 425 544
f 544 425 423
f 546 428 545
f 428 427 545
f 545 427 426
f 547 390 546
f 390 389 546
f 546 389 428
f 548 392 547
f 392 391 547
f 547 391 390
f 549 394 548
f 394 393 548
f 548 393 392
f 550 396 549
f 396 395 549
f 549 395 394
f 551 398 550
f 398 397 550
f 550 397 396
f 552 400 551
f 400 399 551
f 551 399 398
f 553 402 552
f 402 401 552
f 552 401 400
f 312 405 470
f 405 404 470
f 470 404 553
f 404 403 553
f 553 403 402
f 537 536 538
f 536 457 538
f 538 457 539
f 457 554 539
f 539 554 540
f 554 555 540
f 540 555 541
f 555 556 541
f 541 556 542
f 556 557 542
f 542 557 543
f 557 558 543
f 543 558 544
f 558 559 544
f 544 559 545
f 559 560 545
f 545 560 546
f 560 561 546
f 546 561 547
f 561 562 547
f 547 562 548
f 562 563 548
f 548 563 549
f 563 564 549
f 549 564 550
f 564 565 550
f 550 565 551
f 565 566 551
f 551 566 552
f 566 567 552
f 552 567 553
f 567 568 553
f 553 568 470
f 568 569 470
f 470 569 332
f 569 333 332
f 456 535 457
f 535 460 457
f 457 460 554
f 460 570 554
f 554 570 555
f 570 571 555
f 555 571 556
f 571 572 556
f 556 572 557
f 572 573 557
f 557 573 558
f 573 574 558
f 558 574 559
f 574 575 559
f 559 575 560
f 575 576 560
f 560 576 561
f 576 577 561
f 561 577 562
f 577 578 562
f 562 578 563
f 578 579 563
f 563 579 564
f 579 580 564
f 564 580 565
f 580 581 565
f 565 581 566
f 581 582 566
f 566 582 567
f 582 583 567
f 567 583 568
f 583 584 568
f 568 584 569
f 584 585 569
f 569 585 333
f 585 335 333
f 459 534 460
f 534 463 460
f 460 463 570
f 463 586 570
f 570 586 571
f 586 587 571
f 571 587 572
f 587 588 572
f 572 588 573
f 588 589 573
f 573 589 574
f 589 590 574
f 574 590 575
f 590 591 575
f 575 591 576
f 591 592 576
f 576 592 577
f 592 593 577
f 577 593 578
f 593 594 578
f 578 594 579
f 594 595 579
f 579 595 580
f 595 596 580
f 580 596 581
f 596 597 581
f 581 597 582
f 597 598 582
f 582 598 583
f 598 599 583
f 583 599 584
f 599 600 584
f 584 600 585
f 600 601 585
f 585 601 335
f 601 348 335
f 462 533 463
f 533 466 463
f 463 466 586
f 466 602 586
f 586 602 587
f 602 603 587
f 587 603 588
f 603 604 588
f 588 604 589
f 604 605 589
f 589 605 590
f 605 606 590
f 590 606 591
f 606 607 591
f 591 607 592
f 607 608 592
f 592 608 593
f 608 609 593
f 593 609 594
f 609 610 594
f 594 610 595
f 610 611 595
f 595 611 596
f 611 612 596
f 596 612 597
f 612 613 597
f 597 613 598
f 613 614 598
f 598 614 599
f 614 615 599
f 599 615 600
f 615 616 600
f 600 616 601
f 616 617 601
f 601 617 348
f 617 349 348
f 465 467 466
f 467 469 466
f 466 469 602
f 469 618 602
f 602 618 603
f 618 619 603
f 603 619 604
f 619 620 604
f 604 620 605
f 620 621 605
f 605 621 606
f 621 622 606
f 606 622 607
f 622 623 607
f 607 623 608
f 623 624 608
f 608 624 609
f 624 625 609
f 609 625 610
f 625 626 610
f 610 626 611
f 626 627 611
f 611 627 612
f 627 628 612
f 612 628 613
f 628 629 613
f 613 629 614
f 629 630 614
f 614 630 615
f 630 631 615
f 615 631 616
f 631 632 616
f 616 632 617
f 632 633 617
f 617 633 349
f 633 351 349
f 468 528 469
f 528 530 469
f 469 530 618
f 530 634 618
f 618 634 619
f 634 635 619
f 619 635 620
f 635 636 620
f 620 636 621
f 636 637 621
f 621 637 622
f 637 638 622
f 622 638 623
f 638 639 623
f 623 639 624
f 639 640 624
f 624 640 625
f 640 641 625
f 625 641 626
f 641 642 626
f 626 642 627
f 642 643 627
f 627 643 628
f 643 644 628
f 628 644 629
f 644 645 629
f 629 645 630
f 645 646 630
f 630 646 631
f 646 647 631
f 631 647 632
f 647 648 632
f 632 648 633
f 648 649 633
f 633 649 351
f 649 352 351
f 532 525 530
f 525 527 530
f 530 527 634
f 527 650 634
f 634 650 635
f 650 651 635
f 635 651 636
f 651 652 636
f 636 652 637
f 652 653 637
f 637 653 638
f 653 654 638
f 638 654 639
f 654 655 639
f 639 655 640
f 655 656 640
f 640 656 641
f 656 657 641
f 641 657 642
f 657 658 642
f 642 658 643
f 658 659 643
f 643 659 644
f 659 660 644
f 644 660 645
f 660 661 645
f 645 661 646
f 661 662 646
f 646 662 647
f 662 663 647
f 647 663 648
f 663 664 648
f 648 664 649
f 664 665 649
f 649 665 352
f 665 330 352
f 526 524 527
f 524 519 527
f 527 519 650
f 519 516 650
f 650 516 651
f 516 513 651
f 651 513 652
f 513 510 652
f 652 510 653
f 510 507 653
f 653 507 654
f 507 504 654
f 654 504 655
f 504 501 655
f 655 501 656
f 501 498 656
f 656 498 657
f 498 495 657
f 657 495 658
f 495 492 658
f 658 492 659
f 492 489 659
f 659 489 660
f 489 486 660
f 660 486 661
f 486 483 661
f 661 483 662
f 483 480 662
f 662 480 663
f 480 477 663
f 663 477 664
f 477 474 664
f 664 474 665
f 474 472 665
f 665 472 330
f 472 328 330
f 273 172 666
f 172 471 666
f 666 471 473
f 521 667 520
f 667 668 520
f 520 668 518
f 668 669 518
f 518 669 517
f 669 670 517
f 517 670 515
f 670 671 515
f 515 671 514
f 671 672 514
f 514 672 512
f 672 673 512
f 512 673 511
f 673 674 511
f 511 674 509
f 674 675 509
f 509 675 508
f 675 676 508
f 508 676 506
f 676 677 506
f 506 677 505
f 677 678 505
f 505 678 503
f 678 679 503
f 503 679 502
f 679 680 502
f 502 680 500
f 680 681 500
f 500 681 499
f 681 682 499
f 499 682 497
f 682 683 497
f 497 683 496
f 683 684 496
f 496 684 494
f 684 685 494
f 494 685 493
f 685 686 493
f 493 686 491
f 686 687 491
f 491 687 490
f 687 688 490
f 490 688 488
f 688 689 488
f 488 689 487
f 689 690 487
f 487 690 485
f 690 691 485
f 485 691 484
f 691 692 484
f 484 692 482
f 692 693 482
f 482 693 481
f 693 694 481
f 481 694 479
f 694 695 479
f 479 695 478
f 695 696 478
f 478 696 476
f 696 697 476
f 476 697 475
f 697 698 475
f 475 698 473
f 698 699 473
f 473 699 666
f 700 701 702
f 703 704 705
f 706 707 708
f 709 710 711
f 712 713 714
f 715 274 273
f 117 122 716
f 122 717 716
f 716 717 718
f 717 719 718
f 718 719 720
f 720 719 721
f 719 722 721
f 721 722 723
f 723 722 724
f 722 725 724
f 724 725 726
f 726 725 727
f 725 728 727
f 727 728 729
f 728 730 729
f 729 730 731
f 730 732 731
f 731 732 733
f 732 734 733
f 733 734 735
f 734 736 735
f 735 736 737
f 736 738 737
f 737 738 739
f 738 740 739
f 739 740 741
f 740 742 741
f 741 742 743
f 742 744 743
f 743 744 745
f 744 746 745
f 745 746 747
f 746 748 747
f 747 748 749
f 749 748 750
f 748 751 750
f 750 751 752
f 752 751 753
f 751 754 753
f 753 754 755
f 756 755 757
f 755 754 757
f 757 754 758
f 754 759 758
f 760 761 762
f 763 764 765
f 764 766 765
f 709 711 767
f 706 708 768
f 703 705 769
f 700 702 770
f 667 771 668
f 771 772 668
f 668 772 669
f 772 773 669
f 774 671 773
f 671 670 773
f 773 670 669
f 775 673 774
f 673 672 774
f 774 672 671
f 776 675 775
f 675 674 775
f 775 674 673
f 777 677 776
f 677 676 776
f 776 676 675
f 778 679 777
f 679 678 777
f 777 678 677
f 779 681 778
f 681 680 778
f 778 680 679
f 780 683 779
f 683 682 779
f 779 682 681
f 781 685 780
f 685 684 780
f 780 684 683
f 782 687 781
f 687 686 781
f 781 686 685
f 783 689 782
f 689 688 782
f 782 688 687
f 784 691 783
f 691 690 783
f 783 690 689
f 785 693 784
f 693 692 784
f 784 692 691
f 786 695 785
f 695 694 785
f 785 694 693
f 787 697 786
f 697 696 786
f 786 696 695
f 273 666 715
f 666 699 715
f 715 699 787
f 699 698 787
f 787 698 697
f 771 770 772
f 770 702 772
f 772 702 773
f 702 788 773
f 773 788 774
f 788 789 774
f 774 789 775
f 789 790 775
f 775 790 776
f 790 791 776
f 776 791 777
f 791 792 777
f 777 792 778
f 792 793 778
f 778 793 779
f 793 794 779
f 779 794 780
f 794 795 780
f 780 795 781
f 795 796 781
f 781 796 782
f 796 797 782
f 782 797 783
f 797 798 783
f 783 798 784
f 798 799 784
f 784 799 785
f 799 800 785
f 785 800 786
f 800 801 786
f 786 801 787
f 801 802 787
f 787 802 715
f 802 803 715
f 715 803 274
f 803 224 274
f 701 769 702
f 769 705 702
f 702 705 788
f 705 804 788
f 788 804 789
f 804 805 789
f 789 805 790
f 805 806 790
f 790 806 791
f 806 807 791
f 791 807 792
f 807 808 792
f 792 808 793
f 808 809 793
f 793 809 794
f 809 810 794
f 794 810 795
f 810 811 795
f 795 811 796
f 811 812 796
f 796 812 797
f 812 813 797
f 797 813 798
f 813 814 798
f 798 814 799
f 814 815 799
f 799 815 800
f 815 816 800
f 800 816 801
f 816 817 801
f 801 817 802
f 817 818 802
f 802 818 803
f 818 819 803
f 803 819 224
f 819 226 224
f 704 768 705
f 768 708 705
f 705 708 804
f 708 820 804
f 804 820 805
f 820 821 805
f 805 821 806
f 821 822 806
f 806 822 807
f 822 823 807
f 807 823 808
f 823 824 808
f 808 824 809
f 824 825 809
f 809 825 810
f 825 826 810
f 810 826 811
f 826 827 811
f 811 827 812
f 827 828 812
f 812 828 813
f 828 829 813
f 813 829 814
f 829 830 814
f 814 830 815
f 830 831 815
f 815 831 816
f 831 832 816
f 816 832 817
f 832 833 817
f 817 833 818
f 833 834 818
f 818 834 819
f 834 835 819
f 819 835 226
f 835 227 226
f 707 767 708
f 767 711 708
f 708 711 820
f 711 836 820
f 820 836 821
f 836 837 821
f 821 837 822
f 837 838 822
f 822 838 823
f 838 839 823
f 823 839 824
f 839 840 824
f 824 840 825
f 840 841 825
f 825 841 826
f 841 842 826
f 826 842 827
f 842 843 827
f 827 843 828
f 843 844 828
f 828 844 829
f 844 845 829
f 829 845 830
f 845 846 830
f 830 846 831
f 846 847 831
f 831 847 832
f 847 848 832
f 832 848 833
f 848 849 833
f 833 849 834
f 849 850 834
f 834 850 835
f 850 851 835
f 835 851 227
f 851 127 227
f 710 712 711
f 712 714 711
f 711 714 836
f 714 852 836
f 836 852 837
f 852 853 837
f 837 853 838
f 853 854 838
f 838 854 839
f 854 855 839
f 839 855 840
f 855 856 840
f 840 856 841
f 856 857 841
f 841 857 842
f 857 858 842
f 842 858 843
f 858 859 843
f 843 859 844
f 859 860 844
f 844 860 845
f 860 861 845
f 845 861 846
f 861 862 846
f 846 862 847
f 862 863 847
f 847 863 848
f 863 864 848
f 848 864 849
f 864 865 849
f 849 865 850
f 865 866 850
f 850 866 851
f 866 867 851
f 851 867 127
f 867 129 127
f 713 763 714
f 763 765 714
f 714 765 852
f 765 868 852
f 852 868 853
f 868 869 853
f 853 869 854
f 869 870 854
f 854 870 855
f 870 871 855
f 855 871 856
f 871 872 856
f 856 872 857
f 872 873 857
f 857 873 858
f 873 874 858
f 858 874 859
f 874 875 859
f 859 875 860
f 875 876 860
f 860 876 861
f 876 877 861
f 861 877 862
f 877 878 862
f 862 878 863
f 878 879 863
f 863 879 864
f 879 880 864
f 864 880 865
f 880 881 865
f 865 881 866
f 881 882 866
f 866 882 867
f 882 883 867
f 867 883 129
f 883 130 129
f 766 760 765
f 760 762 765
f 765 762 868
f 762 884 868
f 868 884 869
f 884 885 869
f 869 885 870
f 885 886 870
f 870 886 871
f 886 887 871
f 871 887 872
f 887 888 872
f 872 888 873
f 888 889 873
f 873 889 874
f 889 890 874
f 874 890 875
f 890 891 875
f 875 891 876
f 891 892 876
f 876 892 877
f 892 893 877
f 877 893 878
f 893 894 878
f 878 894 879
f 894 895 879
f 879 895 880
f 895 896 880
f 880 896 881
f 896 897 881
f 881 897 882
f 897 898 882
f 882 898 883
f 898 899 883
f 883 899 130
f 899 124 130
f 761 759 762
f 759 754 762
f 762 754 884
f 754 751 884
f 884 751 885
f 751 748 885
f 885 748 886
f 748 746 886
f 886 746 887
f 746 744 887
f 887 744 888
f 744 742 888
f 888 742 889
f 742 740 889
f 889 740 890
f 740 738 890
f 890 738 891
f 738 736 891
f 891 736 892
f 736 734 892
f 892 734 893
f 734 732 893
f 893 732 894
f 732 730 894
f 894 730 895
f 730 728 895
f 895 728 896
f 728 725 896
f 896 725 897
f 725 722 897
f 897 722 898
f 722 719 898
f 898 719 899
f 719 717 899
f 899 717 124
f 717 122 124
f 900 901 902
f 900 902 903
f 901 737 739
f 902 904 903
f 904 905 903
f 903 905 906
f 905 907 906
f 906 907 908
f 907 909 908
f 908 909 910
f 909 911 910
f 910 911 912
f 911 913 912
f 912 913 914
f 913 915 914
f 914 915 916
f 915 917 916
f 916 917 918
f 917 919 918
f 917 920 919
f 920 921 919
f 919 921 922
f 921 923 922
f 923 924 922
f 922 924 182
f 924 925 182
f 182 925 282
f 901 739 902
f 739 741 902
f 902 741 926
f 741 743 926
f 926 743 927
f 743 745 927
f 927 745 928
f 745 747 928
f 928 747 929
f 929 747 930
f 747 749 930
f 930 749 931
f 749 750 931
f 931 750 932
f 750 752 932
f 932 752 933
f 752 753 933
f 933 753 934
f 934 753 935
f 753 755 935
f 935 755 756
f 901 936 737
f 936 937 737
f 737 937 735
f 937 938 735
f 735 938 733
f 938 939 733
f 733 939 731
f 939 940 731
f 731 940 729
f 940 941 729
f 729 941 727
f 941 942 727
f 727 942 726
f 942 943 726
f 726 943 724
f 724 943 723
f 943 944 723
f 723 944 721
f 721 944 720
f 944 945 720
f 720 945 718
f 111 117 945
f 117 716 945
f 945 716 718
f 946 901 947
f 901 900 947
f 946 165 901
f 165 111 901
f 901 111 936
f 111 945 936
f 943 942 941
f 943 941 944
f 944 941 945
f 941 940 945
f 945 940 939
f 939 938 945
f 938 937 945
f 945 937 936
f 947 163 946
f 163 165 946
f 182 163 947
f 908 910 922
f 914 916 918
f 947 900 182
f 900 903 182
f 182 903 922
f 903 906 922
f 922 906 908
f 910 912 922
f 912 914 922
f 922 914 919
f 914 918 919
f 948 949 950
f 951 952 953
f 954 955 956
f 957 958 959
f 960 961 962
f 963 283 282
f 89 175 964
f 175 965 964
f 964 965 966
f 965 967 966
f 966 967 968
f 968 967 969
f 967 970 969
f 969 970 971
f 971 970 972
f 970 973 972
f 972 973 974
f 974 973 975
f 973 976 975
f 975 976 977
f 977 976 978
f 976 979 978
f 978 979 980
f 980 979 981
f 979 982 981
f 981 982 983
f 983 982 984
f 982 985 984
f 984 985 986
f 986 985 987
f 985 988 987
f 987 988 989
f 989 988 990
f 988 991 990
f 990 991 992
f 992 991 993
f 991 994 993
f 993 994 995
f 995 994 996
f 994 997 996
f 996 997 998
f 998 997 999
f 997 1000 999
f 999 1000 1001
f 1001 1000 1002
f 1000 1003 1002
f 1002 1003 1004
f 1004 1003 1005
f 1003 1006 1005
f 1005 1006 1007
f 1007 1006 1008
f 1006 1009 1008
f 1008 1009 1010
f 1010 1009 1011
f 1009 1012 1011
f 1011 1012 1013
f 1014 1013 1015
f 1013 1012 1015
f 1015 1012 1016
f 1012 1017 1016
f 1018 1019 1020
f 1021 1022 1023
f 1022 1024 1023
f 1023 1024 1025
f 957 959 1026
f 954 956 1027
f 951 953 1028
f 948 950 1029
f 935 1030 934
f 1030 1031 934
f 934 1031 933
f 1031 1032 933
f 1033 931 1032
f 931 932 1032
f 1032 932 933
f 1034 929 1033
f 929 930 1033
f 1033 930 931
f 1035 917 1036
f 917 915 1036
f 1036 915 1037
f 915 913 1037
f 1037 913 1038
f 913 911 1038
f 1038 911 1039
f 911 909 1039
f 1039 909 1040
f 909 907 1040
f 1040 907 1041
f 907 905 1041
f 1041 905 1042
f 905 904 1042
f 1042 904 1043
f 904 902 1043
f 1043 902 1044
f 902 926 1044
f 1044 926 1045
f 926 927 1045
f 1045 927 1034
f 927 928 1034
f 1034 928 929
f 1046 921 1035
f 921 920 1035
f 1035 920 917
f 282 925 963
f 925 924 963
f 963 924 1046
f 924 923 1046
f 1046 923 921
f 1030 1029 1031
f 1029 950 1031
f 1031 950 1032
f 950 1047 1032
f 1032 1047 1033
f 1047 1048 1033
f 1033 1048 1034
f 1048 1049 1034
f 1034 1049 1045
f 1049 1050 1045
f 1045 1050 1044
f 1050 1051 1044
f 1044 1051 1043
f 1051 1052 1043
f 1043 1052 1042
f 1052 1053 1042
f 1042 1053 1041
f 1053 1054 1041
f 1041 1054 1040
f 1054 1055 1040
f 1040 1055 1039
f 1055 1056 1039
f 1039 1056 1038
f 1056 1057 1038
f 1038 1057 1037
f 1057 1058 1037
f 1037 1058 1036
f 1058 1059 1036
f 1036 1059 1035
f 1059 1060 1035
f 1035 1060 1046
f 1060 1061 1046
f 1046 1061 963
f 1061 1062 963
f 963 1062 283
f 1062 284 283
f 949 1028 950
f 1028 953 950
f 950 953 1047
f 953 1063 1047
f 1047 1063 1048
f 1063 1064 1048
f 1048 1064 1049
f 1064 1065 1049
f 1049 1065 1050
f 1065 1066 1050
f 1050 1066 1051
f 1066 1067 1051
f 1051 1067 1052
f 1067 1068 1052
f 1052 1068 1053
f 1068 1069 1053
f 1053 1069 1054
f 1069 1070 1054
f 1054 1070 1055
f 1070 1071 1055
f 1055 1071 1056
f 1071 1072 1056
f 1056 1072 1057
f 1072 1073 1057
f 1057 1073 1058
f 1073 1074 1058
f 1058 1074 1059
f 1074 1075 1059
f 1059 1075 1060
f 1075 1076 1060
f 1060 1076 1061
f 1076 1077 1061
f 1061 1077 1062
f 1077 1078 1062
f 1062 1078 284
f 1078 318 284
f 952 1027 953
f 1027 956 953
f 953 956 1063
f 956 1079 1063
f 1063 1079 1064
f 1079 1080 1064
f 1064 1080 1065
f 1080 1081 1065
f 1065 1081 1066
f 1081 1082 1066
f 1066 1082 1067
f 1082 1083 1067
f 1067 1083 1068
f 1083 1084 1068
f 1068 1084 1069
f 1084 1085 1069
f 1069 1085 1070
f 1085 1086 1070
f 1070 1086 1071
f 1086 1087 1071
f 1071 1087 1072
f 1087 1088 1072
f 1072 1088 1073
f 1088 1089 1073
f 1073 1089 1074
f 1089 1090 1074
f 1074 1090 1075
f 1090 1091 1075
f 1075 1091 1076
f 1091 1092 1076
f 1076 1092 1077
f 1092 1093 1077
f 1077 1093 1078
f 1093 1094 1078
f 1078 1094 318
f 1094 319 318
f 955 1026 956
f 1026 959 956
f 956 959 1079
f 959 1095 1079
f 1079 1095 1080
f 1095 1096 1080
f 1080 1096 1081
f 1096 1097 1081
f 1081 1097 1082
f 1097 1098 1082
f 1082 1098 1083
f 1098 1099 1083
f 1083 1099 1084
f 1099 1100 1084
f 1084 1100 1085
f 1100 1101 1085
f 1085 1101 1086
f 1101 1102 1086
f 1086 1102 1087
f 1102 1103 1087
f 1087 1103 1088
f 1103 1104 1088
f 1088 1104 1089
f 1104 1105 1089
f 1089 1105 1090
f 1105 1106 1090
f 1090 1106 1091
f 1106 1107 1091
f 1091 1107 1092
f 1107 1108 1092
f 1092 1108 1093
f 1108 1109 1093
f 1093 1109 1094
f 1109 1110 1094
f 1094 1110 319
f 1110 231 319
f 958 960 959
f 960 962 959
f 959 962 1095
f 962 1111 1095
f 1095 1111 1096
f 1111 1112 1096
f 1096 1112 1097
f 1112 1113 1097
f 1097 1113 1098
f 1113 1114 1098
f 1098 1114 1099
f 1114 1115 1099
f 1099 1115 1100
f 1115 1116 1100
f 1100 1116 1101
f 1116 1117 1101
f 1101 1117 1102
f 1117 1118 1102
f 1102 1118 1103
f 1118 1119 1103
f 1103 1119 1104
f 1119 1120 1104
f 1104 1120 1105
f 1120 1121 1105
f 1105 1121 1106
f 1121 1122 1106
f 1106 1122 1107
f 1122 1123 1107
f 1107 1123 1108
f 1123 1124 1108
f 1108 1124 1109
f 1124 1125 1109
f 1109 1125 1110
f 1125 1126 1110
f 1110 1126 231
f 1126 233 231
f 961 1021 962
f 1021 1023 962
f 962 1023 1111
f 1023 1127 1111
f 1111 1127 1112
f 1127 1128 1112
f 1112 1128 1113
f 1128 1129 1113
f 1113 1129 1114
f 1129 1130 1114
f 1114 1130 1115
f 1130 1131 1115
f 1115 1131 1116
f 1131 1132 1116
f 1116 1132 1117
f 1132 1133 1117
f 1117 1133 1118
f 1133 1134 1118
f 1118 1134 1119
f 1134 1135 1119
f 1119 1135 1120
f 1135 1136 1120
f 1120 1136 1121
f 1136 1137 1121
f 1121 1137 1122
f 1137 1138 1122
f 1122 1138 1123
f 1138 1139 1123
f 1123 1139 1124
f 1139 1140 1124
f 1124 1140 1125
f 1140 1141 1125
f 1125 1141 1126
f 1141 1142 1126
f 1126 1142 233
f 1142 234 233
f 1025 1018 1023
f 1018 1020 1023
f 1023 1020 1127
f 1020 1143 1127
f 1127 1143 1128
f 1143 1144 1128
f 1128 1144 1129
f 1144 1145 1129
f 1129 1145 1130
f 1145 1146 1130
f 1130 1146 1131
f 1146 1147 1131
f 1131 1147 1132
f 1147 1148 1132
f 1132 1148 1133
f 1148 1149 1133
f 1133 1149 1134
f 1149 1150 1134
f 1134 1150 1135
f 1150 1151 1135
f 1135 1151 1136
f 1151 1152 1136
f 1136 1152 1137
f 1152 1153 1137
f 1137 1153 1138
f 1153 1154 1138
f 1138 1154 1139
f 1154 1155 1139
f 1139 1155 1140
f 1155 1156 1140
f 1140 1156 1141
f 1156 1157 1141
f 1141 1157 1142
f 1157 1158 1142
f 1142 1158 234
f 1158 177 234
f 1019 1017 1020
f 1017 1012 1020
f 1020 1012 1143
f 1012 1009 1143
f 1143 1009 1144
f 1009 1006 1144
f 1144 1006 1145
f 1006 1003 1145
f 1145 1003 1146
f 1003 1000 1146
f 1146 1000 1147
f 1000 997 1147
f 1147 997 1148
f 997 994 1148
f 1148 994 1149
f 994 991 1149
f 1149 991 1150
f 991 988 1150
f 1150 988 1151
f 988 985 1151
f 1151 985 1152
f 985 982 1152
f 1152 982 1153
f 982 979 1153
f 1153 979 1154
f 979 976 1154
f 1154 976 1155
f 976 973 1155
f 1155 973 1156
f 973 970 1156
f 1156 970 1157
f 970 967 1157
f 1157 967 1158
f 967 965 1158
f 1158 965 177
f 965 175 177
f 228 89 1159
f 89 964 1159
f 1159 964 966
f 1014 1160 1013
f 1160 1161 1013
f 1013 1161 1011
f 1161 1162 1011
f 1011 1162 1010
f 1162 1163 1010
f 1010 1163 1008
f 1163 1164 1008
f 1008 1164 1007
f 1164 1165 1007
f 1007 1165 1005
f 1165 1166 1005
f 1005 1166 1004
f 1166 1167 1004
f 1004 1167 1002
f 1167 1168 1002
f 1002 1168 1001
f 1168 1169 1001
f 1001 1169 999
f 1169 1170 999
f 999 1170 998
f 1170 1171 998
f 998 1171 996
f 1171 1172 996
f 996 1172 995
f 1172 1173 995
f 995 1173 993
f 1173 1174 993
f 993 1174 992
f 1174 1175 992
f 992 1175 990
f 1175 1176 990
f 990 1176 989
f 1176 1177 989
f 989 1177 987
f 1177 1178 987
f 987 1178 986
f 1178 1179 986
f 986 1179 984
f 1179 1180 984
f 984 1180 983
f 1180 1181 983
f 983 1181 981
f 1181 1182 981
f 981 1182 980
f 1182 1183 980
f 980 1183 978
f 1183 1184 978
f 978 1184 977
f 1184 1185 977
f 977 1185 975
f 1185 1186 975
f 975 1186 974
f 1186 1187 974
f 974 1187 972
f 1187 1188 972
f 972 1188 971
f 1188 1189 971
f 971 1189 969
f 1189 1190 969
f 969 1190 968
f 1190 1191 968
f 968 1191 966
f 1191 1192 966
f 966 1192 1159
f 1193 1194 1195
f 1196 1197 1198
f 1199 1200 1201
f 1202 1203 1204
f 1205 1206 1207
f 1208 279 228
f 214 219 1209
f 219 1210 1209
f 1209 1210 1211
f 1210 1212 1211
f 1211 1212 1213
f 1213 1212 1214
f 1212 1215 1214
f 1214 1215 1216
f 1216 1215 1217
f 1215 1218 1217
f 1217 1218 1219
f 1219 1218 1220
f 1218 1221 1220
f 1220 1221 1222
f 1221 1223 1222
f 1222 1223 1224
f 1223 1225 1224
f 1224 1225 1226
f 1225 1227 1226
f 1226 1227 1228
f 1227 1229 1228
f 1228 1229 1230
f 1229 1231 1230
f 1230 1231 1232
f 1231 1233 1232
f 1232 1233 1234
f 1233 1235 1234
f 1234 1235 1236
f 1235 1237 1236
f 1236 1237 1238
f 1237 1239 1238
f 1238 1239 1240
f 1239 1241 1240
f 1240 1241 1242
f 1242 1241 1243
f 1241 1244 1243
f 1243 1244 1245
f 1245 1244 1246
f 1244 1247 1246
f 1246 1247 1248
f 1249 1248 1250
f 1248 1247 1250
f 1250 1247 1251
f 1247 1252 1251
f 1253 1254 1255
f 1256 1257 1258
f 1257 1259 1258
f 1202 1204 1260
f 1199 1201 1261
f 1196 1198 1262
f 1193 1195 1263
f 1160 1264 1161
f 1264 1265 1161
f 1161 1265 1162
f 1265 1266 1162
f 1267 1164 1266
f 1164 1163 1266
f 1266 1163 1162
f 1268 1166 1267
f 1166 1165 1267
f 1267 1165 1164
f 1269 1168 1268
f 1168 1167 1268
f 1268 1167 1166
f 1270 1170 1269
f 1170 1169 1269
f 1269 1169 1168
f 1271 1172 1270
f 1172 1171 1270
f 1270 1171 1170
f 1272 1174 1271
f 1174 1173 1271
f 1271 1173 1172
f 1273 1176 1272
f 1176 1175 1272
f 1272 1175 1174
f 1274 1178 1273
f 1178 1177 1273
f 1273 1177 1176
f 1275 1180 1274
f 1180 1179 1274
f 1274 1179 1178
f 1276 1182 1275
f 1182 1181 1275
f 1275 1181 1180
f 1277 1184 1276
f 1184 1183 1276
f 1276 1183 1182
f 1278 1186 1277
f 1186 1185 1277
f 1277 1185 1184
f 1279 1188 1278
f 1188 1187 1278
f 1278 1187 1186
f 1280 1190 1279
f 1190 1189 1279
f 1279 1189 1188
f 228 1159 1208
f 1159 1192 1208
f 1208 1192 1280
f 1192 1191 1280
f 1280 1191 1190
f 1264 1263 1265
f 1263 1195 1265
f 1265 1195 1266
f 1195 1281 1266
f 1266 1281 1267
f 1281 1282 1267
f 1267 1282 1268
f 1282 1283 1268
f 1268 1283 1269
f 1283 1284 1269
f 1269 1284 1270
f 1284 1285 1270
f 1270 1285 1271
f 1285 1286 1271
f 1271 1286 1272
f 1286 1287 1272
f 1272 1287 1273
f 1287 1288 1273
f 1273 1288 1274
f 1288 1289 1274
f 1274 1289 1275
f 1289 1290 1275
f 1275 1290 1276
f 1290 1291 1276
f 1276 1291 1277
f 1291 1292 1277
f 1277 1292 1278
f 1292 1293 1278
f 1278 1293 1279
f 1293 1294 1279
f 1279 1294 1280
f 1294 1295 1280
f 1280 1295 1208
f 1295 1296 1208
f 1208 1296 279
f 1296 277 279
f 1194 1262 1195
f 1262 1198 1195
f 1195 1198 1281
f 1198 1297 1281
f 1281 1297 1282
f 1297 1298 1282
f 1282 1298 1283
f 1298 1299 1283
f 1283 1299 1284
f 1299 1300 1284
f 1284 1300 1285
f 1300 1301 1285
f 1285 1301 1286
f 1301 1302 1286
f 1286 1302 1287
f 1302 1303 1287
f 1287 1303 1288
f 1303 1304 1288
f 1288 1304 1289
f 1304 1305 1289
f 1289 1305 1290
f 1305 1306 1290
f 1290 1306 1291
f 1306 1307 1291
f 1291 1307 1292
f 1307 1308 1292
f 1292 1308 1293
f 1308 1309 1293
f 1293 1309 1294
f 1309 1310 1294
f 1294 1310 1295
f 1310 1311 1295
f 1295 1311 1296
f 1311 1312 1296
f 1296 1312 277
f 1312 275 277
f 1197 1261 1198
f 1261 1201 1198
f 1198 1201 1297
f 1201 1313 1297
f 1297 1313 1298
f 1313 1314 1298
f 1298 1314 1299
f 1314 1315 1299
f 1299 1315 1300
f 1315 1316 1300
f 1300 1316 1301
f 1316 1317 1301
f 1301 1317 1302
f 1317 1318 1302
f 1302 1318 1303
f 1318 1319 1303
f 1303 1319 1304
f 1319 1320 1304
f 1304 1320 1305
f 1320 1321 1305
f 1305 1321 1306
f 1321 1322 1306
f 1306 1322 1307
f 1322 1323 1307
f 1307 1323 1308
f 1323 1324 1308
f 1308 1324 1309
f 1324 1325 1309
f 1309 1325 1310
f 1325 1326 1310
f 1310 1326 1311
f 1326 1327 1311
f 1311 1327 1312
f 1327 1328 1312
f 1312 1328 275
f 1328 133 275
f 1200 1260 1201
f 1260 1204 1201
f 1201 1204 1313
f 1204 1329 1313
f 1313 1329 1314
f 1329 1330 1314
f 1314 1330 1315
f 1330 1331 1315
f 1315 1331 1316
f 1331 1332 1316
f 1316 1332 1317
f 1332 1333 1317
f 1317 1333 1318
f 1333 1334 1318
f 1318 1334 1319
f 1334 1335 1319
f 1319 1335 1320
f 1335 1336 1320
f 1320 1336 1321
f 1336 1337 1321
f 1321 1337 1322
f 1337 1338 1322
f 1322 1338 1323
f 1338 1339 1323
f 1323 1339 1324
f 1339 1340 1324
f 1324 1340 1325
f 1340 1341 1325
f 1325 1341 1326
f 1341 1342 1326
f 1326 1342 1327
f 1342 1343 1327
f 1327 1343 1328
f 1343 1344 1328
f 1328 1344 133
f 1344 131 133
f 1203 1205 1204
f 1205 1207 1204
f 1204 1207 1329
f 1207 1345 1329
f 1329 1345 1330
f 1345 1346 1330
f 1330 1346 1331
f 1346 1347 1331
f 1331 1347 1332
f 1347 1348 1332
f 1332 1348 1333
f 1348 1349 1333
f 1333 1349 1334
f 1349 1350 1334
f 1334 1350 1335
f 1350 1351 1335
f 1335 1351 1336
f 1351 1352 1336
f 1336 1352 1337
f 1352 1353 1337
f 1337 1353 1338
f 1353 1354 1338
f 1338 1354 1339
f 1354 1355 1339
f 1339 1355 1340
f 1355 1356 1340
f 1340 1356 1341
f 1356 1357 1341
f 1341 1357 1342
f 1357 1358 1342
f 1342 1358 1343
f 1358 1359 1343
f 1343 1359 1344
f 1359 1360 1344
f 1344 1360 131
f 1360 31 131
f 1206 1256 1207
f 1256 1258 1207
f 1207 1258 1345
f 1258 1361 1345
f 1345 1361 1346
f 1361 1362 1346
f 1346 1362 1347
f 1362 1363 1347
f 1347 1363 1348
f 1363 1364 1348
f 1348 1364 1349
f 1364 1365 1349
f 1349 1365 1350
f 1365 1366 1350
f 1350 1366 1351
f 1366 1367 1351
f 1351 1367 1352
f 1367 1368 1352
f 1352 1368 1353
f 1368 1369 1353
f 1353 1369 1354
f 1369 1370 1354
f 1354 1370 1355
f 1370 1371 1355
f 1355 1371 1356
f 1371 1372 1356
f 1356 1372 1357
f 1372 1373 1357
f 1357 1373 1358
f 1373 1374 1358
f 1358 1374 1359
f 1374 1375 1359
f 1359 1375 1360
f 1375 1376 1360
f 1360 1376 31
f 1376 222 31
f 1259 1253 1258
f 1253 1255 1258
f 1258 1255 1361
f 1255 1377 1361
f 1361 1377 1362
f 1377 1378 1362
f 1362 1378 1363
f 1378 1379 1363
f 1363 1379 1364
f 1379 1380 1364
f 1364 1380 1365
f 1380 1381 1365
f 1365 1381 1366
f 1381 1382 1366
f 1366 1382 1367
f 1382 1383 1367
f 1367 1383 1368
f 1383 1384 1368
f 1368 1384 1369
f 1384 1385 1369
f 1369 1385 1370
f 1385 1386 1370
f 1370 1386 1371
f 1386 1387 1371
f 1371 1387 1372
f 1387 1388 1372
f 1372 1388 1373
f 1388 1389 1373
f 1373 1389 1374
f 1389 1390 1374
f 1374 1390 1375
f 1390 1391 1375
f 1375 1391 1376
f 1391 1392 1376
f 1376 1392 222
f 1392 221 222
f 1254 1252 1255
f 1252 1247 1255
f 1255 1247 1377
f 1247 1244 1377
f 1377 1244 1378
f 1244 1241 1378
f 1378 1241 1379
f 1241 1239 1379
f 1379 1239 1380
f 1239 1237 1380
f 1380 1237 1381
f 1237 1235 1381
f 1381 1235 1382
f 1235 1233 1382
f 1382 1233 1383
f 1233 1231 1383
f 1383 1231 1384
f 1231 1229 1384
f 1384 1229 1385
f 1229 1227 1385
f 1385 1227 1386
f 1227 1225 1386
f 1386 1225 1387
f 1225 1223 1387
f 1387 1223 1388
f 1223 1221 1388
f 1388 1221 1389
f 1221 1218 1389
f 1389 1218 1390
f 1218 1215 1390
f 1390 1215 1391
f 1215 1212 1391
f 1391 1212 1392
f 1212 1210 1392
f 1392 1210 221
f 1210 219 221
f 1393 1394 1395
f 1394 1396 1395
f 1397 1230 1232
f 1394 1398 1396
f 1398 1399 1396
f 1396 1399 1400
f 1399 1401 1400
f 1401 1402 1400
f 1400 1402 1403
f 1402 1404 1403
f 1404 1405 1403
f 1403 1405 1406
f 1405 1407 1406
f 1407 1408 1406
f 1406 1408 1409
f 1408 1410 1409
f 1410 1411 1409
f 1409 1411 1412
f 1411 1413 1412
f 1412 1413 1414
f 1413 1415 1414
f 1415 1416 1414
f 1414 1416 1417
f 1416 1418 1417
f 1418 1419 1417
f 1417 1419 1420
f 1419 1421 1420
f 1421 1422 1420
f 1420 1422 1423
f 1422 1424 1423
f 100 99 1425
f 99 1423 1425
f 1425 1423 1426
f 1423 1424 1426
f 1395 1397 1393
f 1397 1232 1393
f 1393 1232 1427
f 1232 1234 1427
f 1427 1234 1428
f 1428 1234 1429
f 1234 1236 1429
f 1429 1236 1430
f 1430 1236 1431
f 1236 1238 1431
f 1431 1238 1432
f 1432 1238 1433
f 1238 1240 1433
f 1433 1240 1434
f 1434 1240 1435
f 1240 1242 1435
f 1435 1242 1436
f 1242 1243 1436
f 1436 1243 1437
f 1243 1245 1437
f 1245 1246 1437
f 1437 1246 1438
f 1246 1248 1438
f 1438 1248 1249
f 1397 1439 1230
f 1439 1440 1230
f 1230 1440 1228
f 1440 1441 1228
f 1228 1441 1226
f 1441 1442 1226
f 1226 1442 1224
f 1442 1443 1224
f 1224 1443 1222
f 1443 1444 1222
f 1222 1444 1220
f 1444 1445 1220
f 1220 1445 1219
f 1445 1446 1219
f 1219 1446 1217
f 1217 1446 1216
f 1446 1447 1216
f 1216 1447 1214
f 1214 1447 1213
f 1447 1448 1213
f 1213 1448 1211
f 157 214 1448
f 214 1209 1448
f 1448 1209 1211
f 1397 1395 1449
f 1395 1450 1449
f 99 32 1450
f 1450 1395 99
f 1395 1396 99
f 99 1396 1423
f 1396 1420 1423
f 1400 1403 1414
f 1400 1414 1396
f 1414 1417 1396
f 1396 1417 1420
f 1403 1406 1414
f 1406 1409 1414
f 1414 1409 1412
f 210 1449 32
f 1449 1450 32
f 1449 210 1397
f 210 157 1397
f 1397 157 1439
f 157 1448 1439
f 1439 1448 1447
f 1447 1446 1439
f 1446 1445 1439
f 1439 1445 1440
f 1445 1444 1443
f 1443 1442 1445
f 1442 1441 1445
f 1445 1441 1440
f 100 1425 1451
f 1451 1452 100
f 1452 1453 100
f 100 1453 101
f 1454 1455 1456
f 1452 1451 1457
f 1451 1458 1457
f 1457 1458 1459
f 1459 1458 1460
f 1458 1461 1460
f 1460 1461 1462
f 1461 1463 1462
f 1463 1464 1462
f 1462 1464 1465
f 1464 1466 1465
f 1465 1466 1467
f 1466 1468 1467
f 1467 1468 1469
f 1468 1470 1469
f 1470 1471 1469
f 1469 1471 1472
f 1471 1473 1472
f 1456 1455 1474
f 1455 1475 1474
f 1475 1476 1474
f 1474 1476 1473
f 1476 1477 1473
f 1473 1477 1472
f 1454 1456 1478
f 1456 1479 1478
f 1478 1479 1480
f 1479 1481 1480
f 1481 1482 1480
f 1480 1482 1483
f 1482 1484 1483
f 1483 1484 1485
f 1484 1486 1485
f 1485 1486 1487
f 1488 1489 1490
f 1489 1491 1490
f 1490 1491 1492
f 1491 1493 1492
f 1492 1493 1494
f 1493 1495 1494
f 1494 1495 1496
f 1495 1497 1496
f 1496 1497 1498
f 1497 1499 1498
f 1498 1499 1500
f 1499 1487 1500
f 1500 1487 1501
f 1487 1486 1501
f 1502 1503 1504
f 1505 1506 1507
f 1506 1508 1507
f 1507 1508 1509
f 1509 1510 1507
f 1510 1511 1507
f 1507 1511 1512
f 1513 1514 1515
f 1516 1517 1518
f 1519 1520 1516
f 1520 1521 1516
f 1516 1521 1522
f 1502 1504 1523
f 1504 1524 1523
f 1523 1524 1525
f 1524 1526 1525
f 1525 1526 1527
f 1526 1528 1527
f 1527 1528 1529
f 1528 1530 1529
f 1529 1530 1531
f 1530 1532 1531
f 1531 1532 1533
f 1532 1534 1533
f 1533 1534 1535
f 1534 1536 1535
f 1535 1536 1537
f 1538 1539 1540
f 1539 1541 1540
f 1541 1542 1540
f 1542 1543 1540
f 1540 1543 1544
f 1536 1545 1537
f 1545 1546 1537
f 1537 1546 1547
f 1546 1548 1547
f 1547 1548 1549
f 1548 1550 1549
f 1549 1550 1551
f 1550 1552 1551
f 1551 1552 1553
f 1552 1554 1553
f 1553 1554 1555
f 1554 1556 1555
f 1555 1556 1557
f 1556 1558 1557
f 1557 1558 1559
f 1558 1560 1559
f 1559 1560 1561
f 1560 1507 1561
f 1561 1507 1562
f 1507 1512 1562
f 1544 1563 1540
f 1563 1564 1540
f 1540 1564 1565
f 1564 1566 1565
f 1565 1566 1567
f 1566 1568 1567
f 1567 1568 1569
f 1568 1570 1569
f 1569 1570 1571
f 1570 1572 1571
f 1571 1572 1573
f 1572 1574 1573
f 1573 1574 1575
f 1574 1576 1575
f 1575 1576 1577
f 1576 1578 1577
f 1577 1578 1579
f 1578 1515 1579
f 1579 1515 1580
f 1515 1514 1580
f 1516 1581 1582
f 1518 1583 1516
f 1583 1584 1516
f 1516 1584 1519
f 1585 1586 1587
f 1586 1588 1587
f 1589 1590 1515
f 1590 1591 1515
f 1515 1591 1592
f 1593 1594 1595
f 1596 1597 1598
f 1597 1599 1598
f 1598 1599 1600
f 1600 1601 1598
f 1601 1602 1598
f 1598 1602 1603
f 1503 1604 1504
f 1604 1605 1504
f 1504 1605 1488
f 1582 1606 1516
f 1606 1607 1516
f 1516 1607 1517
f 1608 1609 1516
f 1609 1610 1516
f 1592 1611 1515
f 1611 1612 1515
f 1515 1612 1513
f 1589 1515 1595
f 1515 1613 1595
f 1595 1613 1593
f 1614 1489 1615
f 1489 1488 1615
f 1608 1516 1616
f 1516 1522 1616
f 1616 1522 1617
f 1610 1618 1516
f 1618 1619 1516
f 1516 1619 1620
f 1621 1622 1516
f 1622 1623 1516
f 1516 1623 1624
f 1602 1625 1603
f 1625 1626 1603
f 1603 1626 1627
f 1627 1628 1603
f 1628 1629 1603
f 1603 1629 1630
f 1605 1631 1488
f 1631 1632 1488
f 1488 1632 1633
f 1614 1634 1489
f 1634 1635 1489
f 1489 1635 1636
f 1620 1637 1516
f 1637 1638 1516
f 1516 1638 1639
f 1639 1640 1516
f 1640 1641 1516
f 1516 1641 1621
f 1585 1642 1586
f 1642 1643 1586
f 1586 1643 1644
f 1643 1616 1644
f 1644 1616 1645
f 1616 1617 1645
f 1633 1646 1488
f 1646 1647 1488
f 1488 1647 1615
f 1636 1648 1489
f 1648 1649 1489
f 1489 1649 1650
f 1649 1651 1650
f 1650 1651 1652
f 1630 1653 1603
f 1653 1654 1603
f 1603 1654 1655
f 1654 1656 1655
f 1655 1656 1593
f 1656 1657 1593
f 1593 1657 1594
f 1658 1659 1660
f 1661 1662 1540
f 1662 1663 1540
f 1540 1663 1538
f 1661 1664 1662
f 1664 1665 1662
f 1662 1665 1666
f 1652 1667 1650
f 1667 1668 1650
f 1650 1668 1660
f 1668 1669 1660
f 1660 1669 1658
f 1670 1671 1516
f 1671 1672 1516
f 1516 1672 1673
f 1662 1674 1675
f 1516 1676 1677
f 1666 1678 1662
f 1678 1679 1662
f 1662 1679 1674
f 1680 1681 1682
f 1677 1683 1516
f 1683 1684 1516
f 1516 1684 1670
f 1598 1581 1596
f 1581 1516 1596
f 1596 1516 1685
f 1516 1673 1685
f 1685 1673 1686
f 1686 1687 1685
f 1687 1688 1685
f 1685 1688 1689
f 1689 1690 1685
f 1690 1691 1685
f 1685 1691 1682
f 1692 1693 1507
f 1694 1695 1682
f 1695 1696 1682
f 1682 1696 1697
f 1681 1698 1682
f 1698 1699 1682
f 1682 1699 1685
f 1693 1700 1507
f 1700 1701 1507
f 1507 1701 1505
f 1697 1702 1682
f 1702 1703 1682
f 1682 1703 1680
f 1659 1704 1660
f 1704 1705 1660
f 1660 1705 1706
f 1705 1707 1706
f 1706 1707 1708
f 1709 1710 1507
f 1710 1711 1507
f 1507 1711 1692
f 1693 1712 1700
f 1712 1713 1700
f 1700 1713 1714
f 1708 1715 1706
f 1715 1716 1706
f 1706 1716 1516
f 1716 1717 1516
f 1516 1717 1676
f 1675 1718 1662
f 1718 1719 1662
f 1662 1719 1507
f 1719 1720 1507
f 1507 1720 1709
f 1721 1722 1682
f 1722 1723 1682
f 1682 1723 1724
f 1724 1725 1682
f 1725 1726 1682
f 1682 1726 1694
f 1714 1713 1682
f 1713 1727 1682
f 1682 1727 1721
f 1728 1729 1730
f 1728 1730 1731
f 1730 1732 1731
f 1731 1732 1733
f 1732 1734 1733
f 1734 1735 1733
f 1733 1735 1736
f 1735 1737 1736
f 1736 1737 1738
f 1737 1739 1738
f 1738 1739 1740
f 1739 1741 1740
f 1739 1742 1741
f 1742 1743 1741
f 1741 1743 1744
f 1743 1745 1744
f 1745 1746 1744
f 1744 1746 1747
f 1746 1748 1747
f 1747 1748 1749
f 1748 1750 1749
f 1749 1750 1751
f 1750 1752 1751
f 1752 1753 1751
f 1751 1753 1754
f 1753 1755 1754
f 1754 1755 1756
f 1755 1757 1756
f 1756 1757 1758
f 1757 1759 1758
f 1757 1760 1759
f 1760 1761 1759
f 1759 1761 1762
f 1761 1763 1762
f 1763 1764 1762
f 1762 1764 1765
f 1764 1766 1765
f 1765 1766 1767
f 1766 1768 1767
f 1767 1768 1769
f 1768 1770 1769
f 1768 1771 1770
f 1771 1772 1770
f 1770 1772 1773
f 1772 1774 1773
f 1774 1775 1773
f 1773 1775 1776
f 1775 1777 1776
f 1776 1777 1586
f 1777 1588 1586
f 1778 1779 1780
f 1779 1781 1780
f 1729 1778 1730
f 1778 1780 1730
f 1730 1780 1782
f 1780 1783 1782
f 1585 1784 1785
f 1588 1777 1786
f 1775 1774 1787
f 1768 1766 1788
f 1757 1755 1789
f 1750 1748 1790
f 1743 1742 1791
f 1791 1742 1792
f 1742 1739 1792
f 1739 1737 1792
f 1792 1737 1793
f 1737 1735 1793
f 1793 1735 1794
f 1735 1734 1794
f 1794 1734 1782
f 1734 1732 1782
f 1782 1732 1730
f 1743 1791 1745
f 1791 1795 1745
f 1745 1795 1796
f 1790 1748 1796
f 1748 1746 1796
f 1796 1746 1745
f 1750 1790 1752
f 1790 1797 1752
f 1752 1797 1798
f 1789 1755 1798
f 1755 1753 1798
f 1798 1753 1752
f 1757 1789 1760
f 1789 1799 1760
f 1760 1799 1800
f 1788 1766 1801
f 1766 1764 1801
f 1764 1763 1801
f 1801 1763 1800
f 1763 1761 1800
f 1800 1761 1760
f 1768 1788 1771
f 1788 1802 1771
f 1771 1802 1803
f 1787 1774 1803
f 1774 1772 1803
f 1803 1772 1771
f 1775 1787 1777
f 1787 1804 1777
f 1777 1804 1786
f 1588 1786 1587
f 1786 1805 1587
f 1587 1805 1585
f 1805 1806 1585
f 1585 1806 1784
f 1807 1643 1785
f 1643 1642 1785
f 1785 1642 1585
f 1807 1808 1643
f 1808 1809 1643
f 1643 1809 1616
f 1608 1616 1809
f 1810 1811 1812
f 1813 1814 1815
f 1815 1816 1817
f 1818 1819 1820
f 1819 1821 1820
f 1820 1821 1822
f 1823 1824 1825
f 1814 1826 1815
f 1826 1827 1815
f 1815 1827 1816
f 1817 1828 1815
f 1828 1608 1815
f 1815 1608 1820
f 1608 1809 1820
f 1820 1809 1818
f 1825 1824 1829
f 1812 1811 1830
f 1811 1831 1830
f 1830 1831 1832
f 1810 1812 1815
f 1812 1833 1815
f 1815 1833 1813
f 1834 1835 1836
f 1829 1824 1821
f 1824 1837 1821
f 1821 1837 1822
f 1823 1825 1836
f 1825 1838 1836
f 1836 1838 1834
f 1839 1608 1828
f 1840 1841 1842
f 1841 1843 1842
f 1842 1843 1844
f 1845 1846 1844
f 1846 1847 1844
f 1844 1847 1842
f 1845 1848 1849
f 1848 1850 1849
f 1849 1850 1851
f 1852 1853 1854
f 1853 1855 1854
f 1854 1855 1856
f 1857 1858 1859
f 1858 1860 1859
f 1859 1860 1861
f 1860 1852 1861
f 1862 1863 1857
f 1863 1864 1857
f 1857 1864 1858
f 1865 1866 1867
f 1866 1868 1867
f 1867 1868 1869
f 1868 1862 1869
f 1869 1862 1870
f 1862 1857 1870
f 1871 1872 1873
f 1872 1874 1873
f 1873 1874 1875
f 1876 1877 1878
f 1877 1879 1878
f 1878 1879 1880
f 1879 1881 1880
f 1880 1881 1882
f 1883 1884 1885
f 1884 1886 1885
f 1885 1886 1887
f 1886 1888 1887
f 1887 1888 1876
f 1888 1889 1876
f 1876 1889 1877
f 1890 1891 1883
f 1891 1892 1883
f 1883 1892 1884
f 1893 1894 1895
f 1894 1896 1895
f 1895 1896 1897
f 1898 1899 1897
f 1899 1900 1897
f 1897 1900 1895
f 1901 1902 1903
f 1902 1904 1903
f 1903 1904 1905
f 1904 1906 1905
f 1905 1906 1898
f 1906 1907 1898
f 1898 1907 1899
f 1908 1909 1910
f 1909 1911 1910
f 1910 1911 1912
f 1911 1913 1912
f 1912 1913 1901
f 1913 1914 1901
f 1901 1914 1902
f 1828 1915 1839
f 1915 1916 1839
f 1839 1916 1908
f 1916 1917 1908
f 1908 1917 1909
f 1912 1619 1910
f 1619 1618 1910
f 1910 1618 1908
f 1618 1610 1908
f 1908 1610 1839
f 1610 1609 1839
f 1839 1609 1608
f 1905 1639 1903
f 1639 1638 1903
f 1903 1638 1901
f 1638 1637 1901
f 1901 1637 1912
f 1637 1620 1912
f 1912 1620 1619
f 1918 1919 1920
f 1919 1624 1920
f 1920 1624 1894
f 1624 1623 1894
f 1894 1623 1896
f 1623 1622 1896
f 1896 1622 1897
f 1622 1621 1897
f 1897 1621 1898
f 1621 1641 1898
f 1898 1641 1905
f 1641 1640 1905
f 1905 1640 1639
f 1921 1918 1883
f 1918 1920 1883
f 1883 1920 1890
f 1920 1894 1890
f 1890 1894 1922
f 1894 1893 1922
f 1921 1883 1923
f 1883 1885 1923
f 1923 1885 1924
f 1885 1887 1924
f 1924 1887 1925
f 1925 1887 1926
f 1887 1876 1926
f 1926 1876 1927
f 1876 1878 1927
f 1927 1878 1928
f 1878 1880 1928
f 1928 1880 1929
f 1929 1880 1930
f 1880 1882 1930
f 1930 1882 1931
f 1931 1882 1932
f 1882 1933 1932
f 1932 1933 1934
f 1933 1935 1934
f 1934 1935 1936
f 1881 1937 1882
f 1937 1938 1882
f 1882 1938 1933
f 1938 1871 1933
f 1933 1871 1935
f 1871 1873 1935
f 1935 1873 1936
f 1873 1939 1936
f 1865 1867 1875
f 1867 1940 1875
f 1875 1940 1873
f 1940 1941 1873
f 1873 1941 1939
f 1942 1943 1869
f 1943 1944 1869
f 1869 1944 1867
f 1944 1945 1867
f 1867 1945 1940
f 1945 1946 1940
f 1940 1946 1941
f 1942 1869 1947
f 1869 1870 1947
f 1947 1870 1948
f 1870 1857 1948
f 1948 1857 1949
f 1857 1859 1949
f 1949 1859 1950
f 1852 1854 1861
f 1854 1951 1861
f 1861 1951 1859
f 1951 1952 1859
f 1859 1952 1950
f 1856 1953 1854
f 1953 1954 1854
f 1854 1954 1951
f 1955 1956 1856
f 1956 1957 1856
f 1856 1957 1953
f 1855 1851 1856
f 1851 1850 1856
f 1856 1850 1955
f 1850 1848 1955
f 1955 1848 1958
f 1845 1844 1848
f 1844 1959 1848
f 1848 1959 1958
f 1841 1960 1843
f 1960 1961 1843
f 1843 1961 1844
f 1961 1962 1844
f 1844 1962 1959
f 1841 1840 1963
f 1964 1965 184
f 1965 1966 184
f 184 1966 185
f 1967 1968 44
f 1968 1969 44
f 44 1969 45
f 1969 1970 45
f 45 1970 46
f 1970 1960 46
f 46 1960 1841
f 1967 1971 1968
f 1971 102 1968
f 1968 102 1972
f 102 103 1972
f 1972 103 1973
f 1973 103 1974
f 103 104 1974
f 1974 104 1975
f 104 105 1975
f 1975 105 1976
f 1841 1963 46
f 1963 1977 46
f 46 1977 136
f 1977 1978 136
f 1978 1979 136
f 136 1979 137
f 1979 1980 137
f 1980 1981 137
f 137 1981 138
f 1981 1982 138
f 1982 1983 138
f 138 1983 83
f 1984 84 1985
f 84 83 1985
f 1985 83 1986
f 83 1983 1986
f 1987 86 1984
f 86 85 1984
f 1984 85 84
f 91 90 1987
f 90 1988 1987
f 1987 1988 86
f 1987 1989 91
f 1989 1990 91
f 91 1990 92
f 1990 1991 92
f 92 1991 235
f 1991 1992 235
f 235 1992 236
f 1992 1993 236
f 1993 1994 236
f 236 1994 237
f 1994 1995 237
f 1995 1996 237
f 237 1996 183
f 1996 1997 183
f 1997 1998 183
f 183 1998 184
f 1998 1999 184
f 184 1999 1964
f 1966 2000 185
f 2000 2001 185
f 185 2001 186
f 2001 2002 186
f 186 2002 2003
f 2004 239 238
f 2004 238 2002
f 238 2005 2002
f 2002 2005 2003
f 2004 2006 239
f 2006 2007 239
f 239 2007 240
f 2007 2008 240
f 2008 2009 240
f 240 2009 241
f 2010 2011 2012
f 2013 2014 2015
f 2016 2017 2018
f 2017 2019 2018
f 2020 2021 2022
f 1966 1965 2023
f 1965 2020 2023
f 2023 2020 2024
f 2020 2022 2024
f 2025 2026 2027
f 2026 2028 2027
f 2027 2028 2029
f 2030 2031 2032
f 2031 2033 2032
f 2032 2033 2034
f 2033 2035 2034
f 2036 2037 2038
f 2037 2039 2038
f 2038 2039 2040
f 2039 2041 2040
f 2042 2043 2044
f 2043 2045 2044
f 2046 2047 2042
f 2047 2048 2042
f 2042 2048 2043
f 2049 2050 2051
f 2050 2052 2051
f 2051 2052 2053
f 2052 2054 2053
f 2055 2056 2057
f 2056 2058 2057
f 2057 2058 2059
f 2058 2060 2059
f 2013 2015 2061
f 2015 2062 2061
f 2062 2063 2061
f 2061 2063 2064
f 2063 2065 2064
f 2064 2065 2066
f 2067 2068 2069
f 2068 2070 2069
f 2069 2070 2071
f 2070 2072 2071
f 2071 2072 2073
f 2072 2074 2073
f 2010 2012 2075
f 2012 2076 2075
f 2075 2076 2077
f 2078 2079 2080
f 2079 2081 2080
f 2080 2081 2082
f 2081 2083 2082
f 2082 2083 2084
f 2083 2085 2084
f 2019 2086 2018
f 2086 2087 2018
f 2018 2087 2088
f 2087 2078 2088
f 1965 1964 2020
f 1964 2089 2020
f 2020 2089 2021
f 2089 2029 2021
f 2021 2029 2022
f 2029 2028 2022
f 2089 2090 2029
f 2090 2091 2029
f 2029 2091 2027
f 2091 2092 2027
f 2092 2093 2027
f 2093 2094 2027
f 2027 2094 2095
f 2094 2096 2095
f 2097 2032 2096
f 2032 2034 2096
f 2096 2034 2095
f 2034 2035 2095
f 2095 2035 2027
f 2035 2098 2027
f 2027 2098 2025
f 2097 2099 2032
f 2099 2100 2032
f 2032 2100 2101
f 2100 2102 2101
f 2103 2038 2102
f 2038 2040 2102
f 2102 2040 2101
f 2040 2041 2101
f 2101 2041 2032
f 2041 2104 2032
f 2032 2104 2030
f 2103 2105 2038
f 2105 2106 2038
f 2038 2106 2107
f 2106 2108 2107
f 2109 2042 2108
f 2042 2044 2108
f 2108 2044 2107
f 2044 2045 2107
f 2107 2045 2038
f 2045 2110 2038
f 2038 2110 2036
f 2109 2111 2042
f 2111 2112 2042
f 2042 2112 2113
f 2046 2042 2054
f 2042 2113 2054
f 2054 2113 2053
f 2113 2112 2053
f 2053 2112 2114
f 2114 2115 2053
f 2115 2116 2053
f 2053 2116 2051
f 2116 2117 2051
f 2051 2117 2118
f 2049 2051 2060
f 2051 2118 2060
f 2060 2118 2059
f 2118 2117 2059
f 2059 2117 2119
f 2119 2120 2059
f 2120 2121 2059
f 2059 2121 2057
f 2121 2122 2057
f 2123 2062 2122
f 2062 2015 2122
f 2122 2015 2057
f 2015 2014 2057
f 2057 2014 2055
f 2123 2124 2062
f 2124 2125 2062
f 2062 2125 2063
f 2125 2126 2063
f 2063 2126 2065
f 2126 2127 2065
f 2126 2128 2127
f 2128 2129 2127
f 2127 2129 2130
f 2131 2071 2130
f 2071 2073 2130
f 2130 2073 2127
f 2073 2074 2127
f 2127 2074 2065
f 2074 2132 2065
f 2065 2132 2066
f 2131 2133 2071
f 2133 2134 2071
f 2071 2134 2069
f 2134 2011 2069
f 2069 2011 2067
f 2011 2010 2067
f 2134 2135 2011
f 2135 2136 2011
f 2011 2136 2012
f 2136 2137 2012
f 2137 2138 2012
f 2138 2139 2012
f 2012 2139 2076
f 2139 2140 2076
f 2141 2082 2140
f 2082 2084 2140
f 2140 2084 2076
f 2084 2085 2076
f 2076 2085 2077
f 2141 2142 2082
f 2142 2143 2082
f 2082 2143 2080
f 2143 2144 2080
f 2078 2080 2088
f 2080 2144 2088
f 2088 2144 2018
f 2144 2145 2018
f 2018 2145 2016
f 2146 2147 2019
f 2148 2149 2146
f 2017 2150 2019
f 2150 2151 2019
f 2019 2151 2152
f 2153 2154 2019
f 2154 2155 2019
f 2019 2155 2156
f 2157 2158 2019
f 2158 2159 2019
f 2019 2159 2146
f 2159 2160 2146
f 2146 2160 2148
f 2152 2161 2019
f 2161 2162 2019
f 2019 2162 2153
f 2156 2163 2019
f 2163 2164 2019
f 2019 2164 2157
f 2165 2166 2167
f 2168 2169 2170
f 2169 2171 2170
f 2170 2171 2172
f 2149 2173 2146
f 2173 2170 2146
f 2146 2170 2174
f 2170 2172 2174
f 2165 2167 2170
f 2167 2175 2170
f 2170 2175 2168
f 2147 2146 2176
f 2147 2176 2177
f 2176 2178 2177
f 2177 2178 2179
f 2178 2180 2179
f 2180 2181 2179
f 2179 2181 2182
f 2181 2183 2182
f 2182 2183 2184
f 2185 2186 2187
f 2186 2188 2187
f 2187 2188 2189
f 2188 2184 2189
f 2189 2184 2190
f 2184 2183 2190
f 2191 2192 2193
f 2191 2193 2194
f 2193 2195 2194
f 2194 2195 2196
f 2195 2197 2196
f 2196 2197 2185
f 2197 2198 2185
f 2185 2198 2186
f 2192 2191 2199
f 2191 2200 2199
f 2199 2200 2201
f 2202 2203 2204
f 2201 2200 2204
f 2200 2205 2204
f 2204 2205 2202
f 2203 2202 2206
f 2202 2207 2206
f 2206 2207 2208
f 2209 2210 2211
f 2208 2207 2211
f 2207 2212 2211
f 2211 2212 2209
f 2213 2214 2215
f 2210 2209 2215
f 2209 2216 2215
f 2215 2216 2213
f 2214 2213 2217
f 2213 2218 2217
f 2217 2218 2219
f 2219 2218 2220
f 2218 2221 2220
f 2220 2221 2222
f 2222 2221 2223
f 2221 2224 2223
f 2223 2224 2225
f 2226 2227 2228
f 2227 2229 2228
f 2228 2229 2225
f 2229 2230 2225
f 2225 2230 2223
f 2228 2231 2226
f 2231 2232 2226
f 2226 2232 2233
f 2232 1783 2233
f 2233 1783 1780
f 2234 2235 2236
f 2237 2238 2239
f 2238 2240 2239
f 2234 2236 2241
f 2242 2243 2236
f 2243 2244 2236
f 2245 2246 2247
f 2237 2248 2238
f 2248 2249 2238
f 2238 2249 2250
f 2251 2252 2253
f 2254 2255 2256
f 2083 2081 2257
f 2241 2236 2247
f 2236 2258 2247
f 2247 2258 2245
f 2259 2260 2253
f 2260 2261 2253
f 2254 2256 2262
f 2263 2264 2265
f 2264 2266 2265
f 2265 2266 2267
f 2087 2086 2257
f 2235 2268 2236
f 2268 2269 2236
f 2236 2269 2242
f 2270 2271 2272
f 2272 2273 2270
f 2273 2274 2270
f 2270 2274 2275
f 2274 2276 2275
f 2275 2276 2277
f 2179 2182 2278
f 2182 2184 2278
f 2184 2188 2278
f 2278 2188 2186
f 2261 2279 2253
f 2279 2280 2253
f 2253 2280 2251
f 2255 2281 2256
f 2281 2282 2256
f 2256 2282 2283
f 2283 2284 2256
f 2284 2285 2256
f 2256 2285 2286
f 2287 2288 2289
f 2289 2290 2287
f 2290 2291 2287
f 2287 2291 2263
f 2253 2292 2147
f 2292 2293 2147
f 2147 2293 2294
f 2295 2296 2297
f 2298 2299 2300
f 2299 2301 2300
f 2300 2301 2270
f 2301 2302 2270
f 2270 2302 2271
f 2277 2303 2275
f 2303 2304 2275
f 2275 2304 2245
f 2304 2305 2245
f 2245 2305 2306
f 2307 2308 2147
f 2308 2309 2147
f 2147 2309 2310
f 2310 2311 2147
f 2311 2312 2147
f 2147 2312 2253
f 2312 2313 2253
f 2253 2313 2259
f 2314 2315 2252
f 2315 2316 2252
f 2252 2316 2253
f 2286 2317 2256
f 2317 2318 2256
f 2256 2318 2287
f 2318 2319 2287
f 2287 2319 2288
f 2320 2321 2295
f 2321 2322 2295
f 2295 2322 2296
f 2323 2324 2295
f 2324 2325 2295
f 2295 2325 2326
f 2083 2257 2085
f 2086 2019 2257
f 2019 2147 2257
f 2257 2147 2295
f 2147 2294 2295
f 2295 2294 2320
f 2327 2328 2329
f 2328 2257 2329
f 2327 2330 2328
f 2330 2331 2328
f 2328 2331 2332
f 2332 2333 2328
f 2333 2334 2328
f 2328 2334 2335
f 2335 2336 2328
f 2336 2337 2328
f 2328 2337 2338
f 2306 2339 2245
f 2339 2340 2245
f 2245 2340 2246
f 2341 2342 2343
f 2297 2344 2295
f 2344 2345 2295
f 2295 2345 2346
f 2081 2079 2257
f 2079 2078 2257
f 2257 2078 2087
f 2338 2347 2328
f 2347 2348 2328
f 2328 2348 2300
f 2348 2349 2300
f 2300 2349 2298
f 2252 2350 2351
f 2351 2352 2252
f 2352 2353 2252
f 2252 2353 2354
f 2354 2355 2252
f 2355 2356 2252
f 2252 2356 2314
f 2346 2357 2295
f 2357 2358 2295
f 2295 2358 2323
f 2267 2266 2325
f 2266 2359 2325
f 2325 2359 2326
f 2072 2070 2328
f 2070 2068 2328
f 2328 2068 2067
f 2067 2010 2328
f 2010 2075 2328
f 2328 2075 2257
f 2075 2077 2257
f 2257 2077 2085
f 2307 2147 2278
f 2147 2177 2278
f 2278 2177 2179
f 2360 2361 2238
f 2343 2342 2362
f 2342 2363 2362
f 2362 2363 2364
f 2363 2365 2364
f 2364 2365 2366
f 2365 2367 2366
f 2366 2367 2368
f 2367 2369 2368
f 2368 2369 2370
f 2369 2371 2370
f 2370 2371 2238
f 2371 2372 2238
f 2238 2372 2360
f 2361 2373 2238
f 2373 2374 2238
f 2238 2374 2375
f 2262 2256 2376
f 2256 2377 2376
f 2376 2377 2378
f 2378 2379 2376
f 2379 2380 2376
f 2376 2380 2381
f 2382 2383 2240
f 2383 2384 2240
f 2381 2385 2376
f 2385 2386 2376
f 2376 2386 2387
f 2244 2388 2236
f 2388 2389 2236
f 2236 2389 2390
f 2389 2391 2390
f 2390 2391 2392
f 2391 2393 2392
f 2392 2393 2394
f 2393 2395 2394
f 2394 2395 2396
f 2395 2397 2396
f 2396 2397 2398
f 2397 2399 2398
f 2398 2399 2400
f 2399 2401 2400
f 2400 2401 2402
f 2401 2376 2402
f 2402 2376 2403
f 2376 2387 2403
f 2263 2265 2287
f 2265 2404 2287
f 2287 2404 2405
f 2405 2406 2287
f 2406 2407 2287
f 2287 2407 2408
f 2408 2409 2287
f 2409 2410 2287
f 2287 2410 2411
f 2375 2412 2238
f 2412 2413 2238
f 2238 2413 2240
f 2413 2414 2240
f 2240 2414 2415
f 2415 2416 2240
f 2416 2417 2240
f 2240 2417 2382
f 2384 2418 2240
f 2418 2419 2240
f 2240 2419 2252
f 2419 2420 2252
f 2252 2420 2350
f 2411 2421 2287
f 2421 2422 2287
f 2287 2422 2423
f 2422 2424 2423
f 2423 2424 2425
f 2424 2426 2425
f 2425 2426 2427
f 2426 2428 2427
f 2427 2428 2429
f 2428 2430 2429
f 2429 2430 2431
f 2430 2432 2431
f 2431 2432 2433
f 2432 2434 2433
f 2433 2434 2435
f 2434 2436 2435
f 2435 2436 2437
f 2436 2438 2437
f 2437 2438 2439
f 2438 2341 2439
f 2439 2341 2440
f 2341 2343 2440
f 2278 2186 2441
f 2186 2198 2441
f 2441 2198 2442
f 2198 2197 2442
f 2442 2197 2443
f 2197 2195 2443
f 2195 2193 2443
f 2443 2193 2444
f 2193 2192 2444
f 2444 2192 2445
f 2192 2199 2445
f 2445 2199 2446
f 2199 2201 2446
f 2446 2201 2447
f 2201 2204 2447
f 2447 2204 2448
f 2449 2450 2206
f 2204 2203 2448
f 2203 2206 2448
f 2448 2206 2451
f 2206 2450 2451
f 2206 2208 2449
f 2208 2211 2449
f 2449 2211 2452
f 2211 2210 2452
f 2210 2215 2452
f 2452 2215 2453
f 2215 2454 2453
f 2455 2456 2217
f 2215 2214 2454
f 2214 2217 2454
f 2454 2217 2457
f 2217 2456 2457
f 2217 2219 2455
f 2219 2220 2455
f 2455 2220 2458
f 2220 2222 2458
f 2222 2223 2458
f 2458 2223 2459
f 2223 2460 2459
f 2223 2230 2460
f 2230 2229 2460
f 2460 2229 2461
f 2229 2227 2461
f 2227 2226 2461
f 2461 2226 2462
f 2226 2233 2462
f 2462 2233 2463
f 2463 2233 2464
f 2233 1780 2464
f 2464 1780 1781
f 2448 2451 2465
f 2466 2467 2468
f 2469 2470 2471
f 2472 2473 2474
f 2475 2476 2477
f 2478 2479 2480
f 2481 2482 2483
f 2484 2485 2486
f 2487 2488 2489
f 2489 2488 2490
f 2491 2487 2492
f 2487 2489 2492
f 2492 2489 2493
f 2489 2490 2493
f 2493 2490 2494
f 2490 2495 2494
f 2494 2495 2496
f 2491 2492 2497
f 2492 2498 2497
f 2497 2498 2499
f 2500 2501 2502
f 2501 2503 2502
f 2503 2501 2504
f 2501 2505 2504
f 2504 2505 2506
f 2507 2508 2509
f 2508 2510 2509
f 2511 2512 2510
f 2512 2513 2510
f 2510 2513 2509
f 2514 2515 2516
f 2515 2517 2516
f 2516 2517 2518
f 2518 2517 2519
f 2517 2520 2519
f 2519 2520 2521
f 2522 2523 2524
f 2523 2525 2524
f 2525 2523 2526
f 2523 2527 2526
f 2526 2527 2528
f 2529 2530 2531
f 2530 2532 2531
f 2531 2532 2533
f 2532 2534 2533
f 2535 2536 2534
f 2536 2537 2534
f 2534 2537 2533
f 2538 2539 2540
f 2539 2541 2540
f 2540 2541 2542
f 2543 2544 2538
f 2544 2545 2538
f 2538 2545 2539
f 2546 2547 2548
f 2547 2549 2548
f 2550 2551 2549
f 2551 2552 2549
f 2549 2552 2548
f 2553 2554 2555
f 2554 2556 2555
f 2555 2556 2557
f 2557 2556 2558
f 2556 2559 2558
f 2558 2559 2560
f 2561 2562 2563
f 2562 2564 2563
f 2563 2564 2565
f 2564 2566 2565
f 2567 2568 2566
f 2568 2569 2566
f 2566 2569 2565
f 2570 2571 2572
f 2571 2573 2572
f 2572 2573 2574
f 2574 2573 2575
f 2573 2576 2575
f 2575 2576 2577
f 2484 2486 2578
f 2486 2579 2578
f 2578 2579 2580
f 2580 2579 2581
f 2579 2582 2581
f 2581 2582 2583
f 2584 2585 2586
f 2585 2587 2586
f 2586 2587 2588
f 2589 2590 2584
f 2590 2591 2584
f 2584 2591 2585
f 2592 2593 2594
f 2593 2595 2594
f 2594 2595 2596
f 2595 2597 2596
f 2598 2599 2592
f 2599 2600 2592
f 2592 2600 2593
f 2601 2602 2603
f 2602 2604 2603
f 2603 2604 2605
f 2604 2606 2605
f 2605 2606 2607
f 2606 2608 2607
f 2609 2610 2601
f 2610 2611 2601
f 2601 2611 2602
f 2612 2613 2614
f 2613 2615 2614
f 2614 2615 2616
f 2615 2617 2616
f 2616 2617 2618
f 2617 2619 2618
f 2618 2619 2620
f 2621 2622 2619
f 2622 2623 2619
f 2619 2623 2620
f 2481 2483 2624
f 2483 2625 2624
f 2625 2626 2624
f 2624 2626 2627
f 2626 2628 2627
f 2627 2628 2629
f 2630 2631 2632
f 2631 2633 2632
f 2632 2633 2634
f 2635 2636 2630
f 2636 2637 2630
f 2630 2637 2631
f 2473 2638 2639
f 2638 2473 2640
f 2473 2472 2640
f 2640 2472 2641
f 2642 2643 2641
f 2479 2644 2645
f 2644 2646 2645
f 2645 2646 2643
f 2470 2647 2648
f 2470 2648 2471
f 2648 2649 2471
f 2471 2649 2650
f 2649 2651 2650
f 2650 2651 2652
f 2651 2653 2652
f 2652 2653 2654
f 2653 2655 2654
f 2654 2655 2656
f 2655 2657 2656
f 2656 2657 2658
f 2657 2659 2658
f 2658 2659 2660
f 2661 2662 2663
f 2662 2664 2663
f 2663 2664 2665
f 2666 2469 2667
f 2666 2667 2668
f 2667 2669 2668
f 2668 2669 2670
f 2669 2671 2670
f 2670 2671 2672
f 2671 2673 2672
f 2672 2673 2674
f 2673 2675 2674
f 2674 2675 2676
f 2675 2677 2676
f 2676 2677 2678
f 2677 2679 2678
f 2678 2679 2680
f 2467 2681 2682
f 2467 2682 2468
f 2682 2683 2468
f 2468 2683 2684
f 2683 2685 2684
f 2684 2685 2686
f 2687 2450 2449
f 2687 2449 2688
f 2493 2689 2492
f 2689 2690 2492
f 2492 2690 2498
f 2690 2691 2498
f 2498 2691 2692
f 2691 2693 2692
f 2692 2693 2694
f 2693 2695 2694
f 2694 2695 2696
f 2695 2697 2696
f 2697 2698 2696
f 2696 2698 2699
f 2698 2700 2699
f 2699 2700 2701
f 2700 2702 2701
f 2701 2702 2703
f 2702 2704 2703
f 2704 2705 2703
f 2703 2705 2706
f 2705 2707 2706
f 2706 2707 2708
f 2707 2709 2708
f 2708 2709 2710
f 2709 2711 2710
f 2711 2712 2710
f 2710 2712 2713
f 2712 2714 2713
f 2713 2714 2715
f 2714 2716 2715
f 2715 2716 2717
f 2716 2718 2717
f 2718 2719 2717
f 2717 2719 2720
f 2719 2721 2720
f 2720 2721 2722
f 2721 2723 2722
f 2722 2723 2724
f 2723 2725 2724
f 2725 2726 2724
f 2724 2726 2727
f 2726 2728 2727
f 2727 2728 2729
f 2728 2730 2729
f 2729 2730 2731
f 2730 2732 2731
f 2732 2733 2731
f 2731 2733 2734
f 2733 2735 2734
f 2734 2735 2736
f 2735 2737 2736
f 2736 2737 2738
f 2737 2739 2738
f 2738 2739 2740
f 2739 2741 2740
f 2741 2742 2740
f 2740 2742 2743
f 2742 2744 2743
f 2743 2744 2745
f 2744 2746 2745
f 2745 2746 2747
f 2746 2748 2747
f 2748 2749 2747
f 2747 2749 2750
f 2749 2751 2750
f 2750 2751 2752
f 2751 2753 2752
f 2752 2753 2754
f 2753 2755 2754
f 2755 2756 2754
f 2754 2756 2757
f 2756 2758 2757
f 2757 2758 2759
f 2758 2760 2759
f 2759 2760 2761
f 2760 2762 2761
f 2761 2762 2763
f 2762 2764 2763
f 2764 2765 2763
f 2763 2765 2766
f 2765 2767 2766
f 2766 2767 2768
f 2767 2769 2768
f 2768 2769 2770
f 2482 2622 2483
f 2622 2621 2483
f 2483 2621 2625
f 2621 2771 2625
f 2625 2771 2626
f 2771 2772 2626
f 2626 2772 2628
f 2772 2773 2628
f 2628 2773 2774
f 2773 2775 2774
f 2774 2775 2776
f 2775 2777 2776
f 2629 2628 2634
f 2628 2774 2634
f 2634 2774 2632
f 2774 2776 2632
f 2632 2776 2630
f 2776 2778 2630
f 2630 2778 2635
f 2777 2475 2776
f 2475 2477 2776
f 2776 2477 2778
f 2477 2779 2778
f 2778 2779 2635
f 2779 2639 2635
f 2612 2610 2613
f 2610 2609 2613
f 2613 2609 2615
f 2609 2780 2615
f 2615 2780 2617
f 2780 2781 2617
f 2617 2781 2619
f 2781 2782 2619
f 2619 2782 2621
f 2782 2783 2621
f 2621 2783 2771
f 2783 2784 2771
f 2771 2784 2772
f 2784 2785 2772
f 2772 2785 2773
f 2785 2786 2773
f 2773 2786 2775
f 2786 2787 2775
f 2775 2787 2777
f 2787 2788 2777
f 2777 2788 2475
f 2788 2789 2475
f 2475 2789 2476
f 2789 2790 2476
f 2597 2590 2596
f 2590 2589 2596
f 2596 2589 2594
f 2589 2791 2594
f 2594 2791 2592
f 2791 2792 2592
f 2592 2792 2598
f 2792 2793 2598
f 2598 2793 2794
f 2793 2795 2794
f 2794 2795 2796
f 2795 2797 2796
f 2796 2797 2798
f 2797 2799 2798
f 2798 2799 2800
f 2799 2801 2800
f 2800 2801 2802
f 2801 2803 2802
f 2802 2803 2804
f 2803 2805 2804
f 2804 2805 2806
f 2805 2807 2806
f 2806 2807 2808
f 2807 2809 2808
f 2808 2809 2810
f 2809 2811 2810
f 2810 2811 2812
f 2811 2813 2812
f 2812 2813 2814
f 2813 2815 2814
f 2814 2815 2816
f 2815 2817 2816
f 2816 2817 2818
f 2817 2819 2818
f 2818 2819 2820
f 2819 2821 2820
f 2820 2821 2822
f 2821 2823 2822
f 2587 2583 2588
f 2583 2582 2588
f 2588 2582 2586
f 2582 2824 2586
f 2586 2824 2584
f 2824 2825 2584
f 2584 2825 2589
f 2825 2826 2589
f 2589 2826 2791
f 2826 2827 2791
f 2791 2827 2792
f 2827 2828 2792
f 2792 2828 2793
f 2828 2829 2793
f 2793 2829 2795
f 2829 2830 2795
f 2795 2830 2797
f 2830 2831 2797
f 2797 2831 2799
f 2831 2832 2799
f 2799 2832 2801
f 2832 2833 2801
f 2801 2833 2803
f 2833 2834 2803
f 2803 2834 2805
f 2834 2835 2805
f 2805 2835 2807
f 2835 2836 2807
f 2807 2836 2809
f 2836 2837 2809
f 2809 2837 2811
f 2837 2838 2811
f 2811 2838 2813
f 2838 2839 2813
f 2813 2839 2815
f 2839 2840 2815
f 2815 2840 2817
f 2840 2841 2817
f 2817 2841 2819
f 2841 2842 2819
f 2819 2842 2821
f 2842 2843 2821
f 2821 2843 2823
f 2843 2844 2823
f 2484 2577 2485
f 2577 2576 2485
f 2485 2576 2486
f 2576 2845 2486
f 2486 2845 2579
f 2845 2846 2579
f 2579 2846 2582
f 2846 2847 2582
f 2582 2847 2824
f 2847 2848 2824
f 2824 2848 2825
f 2848 2849 2825
f 2825 2849 2826
f 2849 2850 2826
f 2826 2850 2827
f 2850 2851 2827
f 2827 2851 2828
f 2851 2852 2828
f 2828 2852 2829
f 2852 2853 2829
f 2829 2853 2830
f 2853 2854 2830
f 2830 2854 2831
f 2854 2855 2831
f 2831 2855 2832
f 2855 2856 2832
f 2832 2856 2833
f 2856 2857 2833
f 2833 2857 2834
f 2857 2858 2834
f 2834 2858 2835
f 2858 2859 2835
f 2835 2859 2836
f 2859 2860 2836
f 2836 2860 2837
f 2860 2861 2837
f 2837 2861 2838
f 2861 2862 2838
f 2838 2862 2839
f 2862 2863 2839
f 2839 2863 2840
f 2863 2864 2840
f 2840 2864 2841
f 2864 2865 2841
f 2841 2865 2842
f 2865 2866 2842
f 2842 2866 2843
f 2866 2867 2843
f 2843 2867 2844
f 2867 2868 2844
f 2570 2568 2571
f 2568 2567 2571
f 2571 2567 2573
f 2567 2869 2573
f 2573 2869 2576
f 2869 2870 2576
f 2576 2870 2845
f 2870 2871 2845
f 2845 2871 2846
f 2871 2872 2846
f 2846 2872 2847
f 2872 2873 2847
f 2847 2873 2848
f 2873 2874 2848
f 2848 2874 2849
f 2874 2875 2849
f 2849 2875 2850
f 2875 2876 2850
f 2850 2876 2851
f 2876 2877 2851
f 2851 2877 2852
f 2877 2878 2852
f 2852 2878 2853
f 2878 2879 2853
f 2853 2879 2854
f 2879 2880 2854
f 2854 2880 2855
f 2880 2881 2855
f 2855 2881 2856
f 2881 2882 2856
f 2856 2882 2857
f 2882 2883 2857
f 2857 2883 2858
f 2883 2884 2858
f 2858 2884 2859
f 2884 2885 2859
f 2859 2885 2860
f 2885 2886 2860
f 2860 2886 2861
f 2886 2887 2861
f 2861 2887 2862
f 2887 2888 2862
f 2862 2888 2863
f 2888 2889 2863
f 2863 2889 2864
f 2889 2890 2864
f 2864 2890 2865
f 2890 2891 2865
f 2865 2891 2866
f 2891 2892 2866
f 2866 2892 2867
f 2892 2893 2867
f 2867 2893 2868
f 2893 2894 2868
f 2561 2560 2562
f 2560 2559 2562
f 2562 2559 2564
f 2559 2895 2564
f 2564 2895 2566
f 2895 2896 2566
f 2566 2896 2567
f 2896 2897 2567
f 2567 2897 2869
f 2897 2898 2869
f 2869 2898 2870
f 2898 2899 2870
f 2870 2899 2871
f 2899 2900 2871
f 2871 2900 2872
f 2900 2901 2872
f 2872 2901 2873
f 2901 2902 2873
f 2873 2902 2874
f 2902 2903 2874
f 2874 2903 2875
f 2903 2904 2875
f 2875 2904 2876
f 2904 2905 2876
f 2876 2905 2877
f 2905 2906 2877
f 2877 2906 2878
f 2906 2907 2878
f 2878 2907 2879
f 2907 2908 2879
f 2879 2908 2880
f 2908 2909 2880
f 2880 2909 2881
f 2909 2910 2881
f 2881 2910 2882
f 2910 2911 2882
f 2882 2911 2883
f 2911 2912 2883
f 2883 2912 2884
f 2912 2913 2884
f 2884 2913 2885
f 2913 2914 2885
f 2885 2914 2886
f 2914 2915 2886
f 2886 2915 2887
f 2915 2916 2887
f 2887 2916 2888
f 2916 2917 2888
f 2888 2917 2889
f 2917 2918 2889
f 2889 2918 2890
f 2918 2919 2890
f 2890 2919 2891
f 2919 2920 2891
f 2891 2920 2892
f 2920 2921 2892
f 2892 2921 2893
f 2921 2922 2893
f 2893 2922 2894
f 2922 2923 2894
f 2553 2551 2554
f 2551 2550 2554
f 2554 2550 2556
f 2550 2924 2556
f 2556 2924 2559
f 2924 2925 2559
f 2559 2925 2895
f 2925 2926 2895
f 2895 2926 2896
f 2926 2927 2896
f 2896 2927 2897
f 2927 2928 2897
f 2897 2928 2898
f 2928 2929 2898
f 2898 2929 2899
f 2929 2930 2899
f 2899 2930 2900
f 2930 2931 2900
f 2900 2931 2901
f 2931 2932 2901
f 2901 2932 2902
f 2932 2933 2902
f 2902 2933 2903
f 2933 2934 2903
f 2903 2934 2904
f 2934 2935 2904
f 2904 2935 2905
f 2935 2936 2905
f 2905 2936 2906
f 2936 2937 2906
f 2906 2937 2907
f 2937 2938 2907
f 2907 2938 2908
f 2938 2939 2908
f 2908 2939 2909
f 2939 2940 2909
f 2909 2940 2910
f 2940 2941 2910
f 2910 2941 2911
f 2941 2942 2911
f 2911 2942 2912
f 2942 2943 2912
f 2912 2943 2913
f 2943 2944 2913
f 2913 2944 2914
f 2944 2945 2914
f 2914 2945 2915
f 2945 2946 2915
f 2915 2946 2916
f 2946 2947 2916
f 2916 2947 2917
f 2947 2948 2917
f 2917 2948 2918
f 2948 2949 2918
f 2918 2949 2919
f 2949 2950 2919
f 2919 2950 2920
f 2950 2951 2920
f 2920 2951 2921
f 2951 2952 2921
f 2921 2952 2922
f 2952 2953 2922
f 2922 2953 2923
f 2953 2954 2923
f 2546 2544 2547
f 2544 2543 2547
f 2547 2543 2549
f 2543 2955 2549
f 2549 2955 2550
f 2955 2956 2550
f 2550 2956 2924
f 2956 2957 2924
f 2924 2957 2925
f 2957 2958 2925
f 2925 2958 2926
f 2958 2959 2926
f 2926 2959 2927
f 2959 2960 2927
f 2927 2960 2928
f 2960 2961 2928
f 2928 2961 2929
f 2961 2962 2929
f 2929 2962 2930
f 2962 2963 2930
f 2930 2963 2931
f 2963 2964 2931
f 2931 2964 2932
f 2964 2965 2932
f 2932 2965 2933
f 2965 2966 2933
f 2933 2966 2934
f 2966 2967 2934
f 2934 2967 2935
f 2967 2968 2935
f 2935 2968 2936
f 2968 2969 2936
f 2936 2969 2937
f 2969 2970 2937
f 2937 2970 2938
f 2970 2971 2938
f 2938 2971 2939
f 2971 2972 2939
f 2939 2972 2940
f 2972 2973 2940
f 2940 2973 2941
f 2973 2974 2941
f 2941 2974 2942
f 2974 2975 2942
f 2942 2975 2943
f 2975 2976 2943
f 2943 2976 2944
f 2976 2977 2944
f 2944 2977 2945
f 2977 2978 2945
f 2945 2978 2946
f 2978 2979 2946
f 2946 2979 2947
f 2979 2980 2947
f 2947 2980 2948
f 2980 2981 2948
f 2948 2981 2949
f 2981 2982 2949
f 2949 2982 2950
f 2982 2983 2950
f 2950 2983 2951
f 2983 2984 2951
f 2951 2984 2952
f 2984 2985 2952
f 2952 2985 2953
f 2985 2986 2953
f 2953 2986 2954
f 2986 2987 2954
f 2542 2536 2540
f 2536 2535 2540
f 2540 2535 2538
f 2535 2988 2538
f 2538 2988 2543
f 2988 2989 2543
f 2543 2989 2955
f 2989 2990 2955
f 2955 2990 2956
f 2990 2991 2956
f 2956 2991 2957
f 2991 2992 2957
f 2957 2992 2958
f 2992 2993 2958
f 2958 2993 2959
f 2993 2994 2959
f 2959 2994 2960
f 2994 2995 2960
f 2960 2995 2961
f 2995 2996 2961
f 2961 2996 2962
f 2996 2997 2962
f 2962 2997 2963
f 2997 2998 2963
f 2963 2998 2964
f 2998 2999 2964
f 2964 2999 2965
f 2999 3000 2965
f 2965 3000 2966
f 3000 3001 2966
f 2966 3001 2967
f 3001 3002 2967
f 2967 3002 2968
f 3002 3003 2968
f 2968 3003 2969
f 3003 3004 2969
f 2969 3004 2970
f 3004 3005 2970
f 2970 3005 2971
f 3005 3006 2971
f 2971 3006 2972
f 3006 3007 2972
f 2972 3007 2973
f 3007 3008 2973
f 2973 3008 2974
f 3008 3009 2974
f 2974 3009 2975
f 3009 3010 2975
f 2975 3010 2976
f 3010 3011 2976
f 2976 3011 2977
f 3011 3012 2977
f 2977 3012 2978
f 3012 3013 2978
f 2978 3013 2979
f 3013 3014 2979
f 2979 3014 2980
f 3014 3015 2980
f 2980 3015 2981
f 3015 3016 2981
f 2981 3016 2982
f 3016 3017 2982
f 2982 3017 2983
f 3017 3018 2983
f 2983 3018 2984
f 3018 3019 2984
f 2984 3019 2985
f 3019 3020 2985
f 2985 3020 2986
f 3020 3021 2986
f 2986 3021 2987
f 3021 3022 2987
f 2529 2528 2530
f 2528 2527 2530
f 2530 2527 2532
f 2527 3023 2532
f 2532 3023 2534
f 3023 3024 2534
f 2534 3024 2535
f 3024 3025 2535
f 2535 3025 2988
f 3025 3026 2988
f 2988 3026 2989
f 3026 3027 2989
f 2989 3027 2990
f 3027 3028 2990
f 2990 3028 2991
f 3028 3029 2991
f 2991 3029 2992
f 3029 3030 2992
f 2992 3030 2993
f 3030 3031 2993
f 2993 3031 2994
f 3031 3032 2994
f 2994 3032 2995
f 3032 3033 2995
f 2995 3033 2996
f 3033 3034 2996
f 2996 3034 2997
f 3034 3035 2997
f 2997 3035 2998
f 3035 3036 2998
f 2998 3036 2999
f 3036 3037 2999
f 2999 3037 3000
f 3037 3038 3000
f 3000 3038 3001
f 3038 3039 3001
f 3001 3039 3002
f 3039 3040 3002
f 3002 3040 3003
f 3040 3041 3003
f 3003 3041 3004
f 3041 3042 3004
f 3004 3042 3005
f 3042 3043 3005
f 3005 3043 3006
f 3043 3044 3006
f 3006 3044 3007
f 3044 3045 3007
f 3007 3045 3008
f 3045 3046 3008
f 3008 3046 3009
f 3046 3047 3009
f 3009 3047 3010
f 3047 3048 3010
f 3010 3048 3011
f 3048 3049 3011
f 3011 3049 3012
f 3049 3050 3012
f 3012 3050 3013
f 3050 3051 3013
f 3013 3051 3014
f 3051 3052 3014
f 3014 3052 3015
f 3052 3053 3015
f 3015 3053 3016
f 3053 3054 3016
f 3016 3054 3017
f 3054 3055 3017
f 3017 3055 3018
f 3055 3056 3018
f 3018 3056 3019
f 3056 3057 3019
f 3019 3057 3020
f 3057 3058 3020
f 3020 3058 3021
f 3058 3059 3021
f 3021 3059 3022
f 3059 3060 3022
f 2524 2521 2522
f 2521 2520 2522
f 2522 2520 2523
f 2520 3061 2523
f 2523 3061 2527
f 3061 3062 2527
f 2527 3062 3023
f 3062 3063 3023
f 3023 3063 3024
f 3063 3064 3024
f 3024 3064 3025
f 3064 3065 3025
f 3025 3065 3026
f 3065 3066 3026
f 3026 3066 3027
f 3066 3067 3027
f 3027 3067 3028
f 3067 3068 3028
f 3028 3068 3029
f 3068 3069 3029
f 3029 3069 3030
f 3069 3070 3030
f 3030 3070 3031
f 3070 3071 3031
f 3031 3071 3032
f 3071 3072 3032
f 3032 3072 3033
f 3072 3073 3033
f 3033 3073 3034
f 3073 3074 3034
f 3034 3074 3035
f 3074 3075 3035
f 3035 3075 3036
f 3075 3076 3036
f 3036 3076 3037
f 3076 3077 3037
f 3037 3077 3038
f 3077 3078 3038
f 3038 3078 3039
f 3078 3079 3039
f 3039 3079 3040
f 3079 3080 3040
f 3040 3080 3041
f 3080 3081 3041
f 3041 3081 3042
f 3081 3082 3042
f 3042 3082 3043
f 3082 3083 3043
f 3043 3083 3044
f 3083 3084 3044
f 3044 3084 3045
f 3084 3085 3045
f 3045 3085 3046
f 3085 3086 3046
f 3046 3086 3047
f 3086 3087 3047
f 3047 3087 3048
f 3087 3088 3048
f 3048 3088 3049
f 3088 3089 3049
f 3049 3089 3050
f 3089 3090 3050
f 3050 3090 3051
f 3090 3091 3051
f 3051 3091 3052
f 3091 3092 3052
f 3052 3092 3053
f 3092 3093 3053
f 3053 3093 3054
f 3093 3094 3054
f 3054 3094 3055
f 3094 3095 3055
f 3055 3095 3056
f 3095 3096 3056
f 3056 3096 3057
f 3096 3097 3057
f 3057 3097 3058
f 3097 3098 3058
f 3058 3098 3059
f 3098 3099 3059
f 3059 3099 3060
f 3099 3100 3060
f 2514 2512 2515
f 2512 2511 2515
f 2515 2511 2517
f 2511 3101 2517
f 2517 3101 2520
f 3101 3102 2520
f 2520 3102 3061
f 3102 3103 3061
f 3061 3103 3062
f 3103 3104 3062
f 3062 3104 3063
f 3104 3105 3063
f 3063 3105 3064
f 3105 3106 3064
f 3064 3106 3065
f 3106 3107 3065
f 3065 3107 3066
f 3107 3108 3066
f 3066 3108 3067
f 3108 3109 3067
f 3067 3109 3068
f 3109 3110 3068
f 3068 3110 3069
f 3110 3111 3069
f 3069 3111 3070
f 3111 3112 3070
f 3070 3112 3071
f 3112 3113 3071
f 3071 3113 3072
f 3113 3114 3072
f 3072 3114 3073
f 3114 3115 3073
f 3073 3115 3074
f 3115 3116 3074
f 3074 3116 3075
f 3116 3117 3075
f 3075 3117 3076
f 3117 3118 3076
f 3076 3118 3077
f 3118 3119 3077
f 3077 3119 3078
f 3119 3120 3078
f 3078 3120 3079
f 3120 3121 3079
f 3079 3121 3080
f 3121 3122 3080
f 3080 3122 3081
f 3122 3123 3081
f 3081 3123 3082
f 3123 3124 3082
f 3082 3124 3083
f 3124 3125 3083
f 3083 3125 3084
f 3125 3126 3084
f 3084 3126 3085
f 3126 3127 3085
f 3085 3127 3086
f 3127 3128 3086
f 3086 3128 3087
f 3128 3129 3087
f 3087 3129 3088
f 3129 3130 3088
f 3088 3130 3089
f 3130 3131 3089
f 3089 3131 3090
f 3131 3132 3090
f 3090 3132 3091
f 3132 3133 3091
f 3091 3133 3092
f 3133 3134 3092
f 3092 3134 3093
f 3134 3135 3093
f 3093 3135 3094
f 3135 3136 3094
f 3094 3136 3095
f 3136 3137 3095
f 3095 3137 3096
f 3137 3138 3096
f 3096 3138 3097
f 3138 3139 3097
f 3097 3139 3098
f 3139 3140 3098
f 3098 3140 3099
f 3140 3141 3099
f 3099 3141 3100
f 3141 3142 3100
f 2507 2506 2508
f 2506 2505 2508
f 2508 2505 2510
f 2505 3143 2510
f 2510 3143 2511
f 3143 3144 2511
f 2511 3144 3101
f 3144 3145 3101
f 3101 3145 3102
f 3145 3146 3102
f 3102 3146 3103
f 3146 3147 3103
f 3103 3147 3104
f 3147 3148 3104
f 3104 3148 3105
f 3148 3149 3105
f 3105 3149 3106
f 3149 3150 3106
f 3106 3150 3107
f 3150 3151 3107
f 3107 3151 3108
f 3151 3152 3108
f 3108 3152 3109
f 3152 3153 3109
f 3109 3153 3110
f 3153 3154 3110
f 3110 3154 3111
f 3154 3155 3111
f 3111 3155 3112
f 3155 3156 3112
f 3112 3156 3113
f 3156 3157 3113
f 3113 3157 3114
f 3157 3158 3114
f 3114 3158 3115
f 3158 3159 3115
f 3115 3159 3116
f 3159 3160 3116
f 3116 3160 3117
f 3160 3161 3117
f 3117 3161 3118
f 3161 3162 3118
f 3118 3162 3119
f 3162 3163 3119
f 3119 3163 3120
f 3163 3164 3120
f 3120 3164 3121
f 3164 3165 3121
f 3121 3165 3122
f 3165 3166 3122
f 3122 3166 3123
f 3166 3167 3123
f 3123 3167 3124
f 3167 3168 3124
f 3124 3168 3125
f 3168 3169 3125
f 3125 3169 3126
f 3169 3170 3126
f 3126 3170 3127
f 3170 3171 3127
f 3127 3171 3128
f 3171 3172 3128
f 3128 3172 3129
f 3172 3173 3129
f 3129 3173 3130
f 3173 3174 3130
f 3130 3174 3131
f 3174 3175 3131
f 3131 3175 3132
f 3175 3176 3132
f 3132 3176 3133
f 3176 3177 3133
f 3133 3177 3134
f 3177 3178 3134
f 3134 3178 3135
f 3178 3179 3135
f 3135 3179 3136
f 3179 3180 3136
f 3136 3180 3137
f 3180 3181 3137
f 3137 3181 3138
f 3181 3182 3138
f 3138 3182 3139
f 3182 3183 3139
f 3139 3183 3140
f 3183 3184 3140
f 3140 3184 3141
f 3184 3185 3141
f 3141 3185 3142
f 3185 3186 3142
f 2769 3187 2770
f 3187 3188 2770
f 2770 3188 3189
f 3188 3190 3189
f 3189 3190 3191
f 3190 3192 3191
f 3191 3192 3193
f 3192 3194 3193
f 3193 3194 3195
f 3194 3196 3195
f 3195 3196 3197
f 3196 3198 3197
f 3197 3198 3199
f 3198 3200 3199
f 3199 3200 3201
f 3200 3202 3201
f 3201 3202 3203
f 3202 3204 3203
f 3203 3204 3205
f 3204 3206 3205
f 3205 3206 3207
f 3206 3208 3207
f 3207 3208 3209
f 3208 3210 3209
f 3209 3210 3211
f 2639 2779 2473
f 2779 2477 2473
f 2473 2477 2474
f 2477 2476 2474
f 2474 2476 3212
f 2476 2790 3212
f 3212 2790 3213
f 2790 3214 3213
f 3213 3214 3215
f 3214 3216 3215
f 3216 3217 3215
f 3215 3217 3218
f 2641 2472 2642
f 2472 2474 2642
f 2642 2474 3219
f 2474 3212 3219
f 3219 3212 3220
f 3212 3213 3220
f 3220 3213 3221
f 3213 3215 3221
f 3221 3215 3222
f 3215 3218 3222
f 3222 3218 3223
f 2469 2471 2667
f 2471 2650 2667
f 2667 2650 2669
f 2650 2652 2669
f 2669 2652 2671
f 2652 2654 2671
f 2671 2654 2673
f 2654 2656 2673
f 2673 2656 2675
f 2656 2658 2675
f 2675 2658 2677
f 2658 2660 2677
f 2677 2660 2679
f 3210 3224 3211
f 3224 3225 3211
f 3211 3225 3226
f 3225 3227 3226
f 3226 3227 3228
f 2643 2642 2645
f 2642 3219 2645
f 2645 3219 3229
f 3219 3220 3229
f 3229 3220 3230
f 3220 3221 3230
f 3230 3221 3231
f 3221 3222 3231
f 3231 3222 3232
f 3222 3223 3232
f 3232 3223 3233
f 2479 2645 2480
f 2645 3229 2480
f 2480 3229 3234
f 3229 3230 3234
f 3234 3230 3235
f 3230 3231 3235
f 3235 3231 3236
f 3231 3232 3236
f 3236 3232 3237
f 3232 3233 3237
f 3237 3233 3238
f 3239 3240 3241
f 3240 3242 3241
f 3241 3242 3243
f 3242 3244 3243
f 3243 3244 2456
f 2466 2468 3245
f 2468 2684 3245
f 3245 2684 3246
f 2684 2686 3246
f 3246 2686 2465
f 2665 2664 3247
f 2664 3248 3247
f 3247 3248 3249
f 3248 3250 3249
f 3249 3250 3251
f 3250 3252 3251
f 3251 3252 2445
f 2502 2499 2500
f 2499 2498 2500
f 2500 2498 2501
f 2498 2692 2501
f 2501 2692 2505
f 2692 2694 2505
f 2505 2694 3143
f 2694 2696 3143
f 3143 2696 3144
f 2696 2699 3144
f 3144 2699 3145
f 2699 2701 3145
f 3145 2701 3146
f 2701 2703 3146
f 3146 2703 3147
f 2703 2706 3147
f 3147 2706 3148
f 2706 2708 3148
f 3148 2708 3149
f 2708 2710 3149
f 3149 2710 3150
f 2710 2713 3150
f 3150 2713 3151
f 2713 2715 3151
f 3151 2715 3152
f 2715 2717 3152
f 3152 2717 3153
f 2717 2720 3153
f 3153 2720 3154
f 2720 2722 3154
f 3154 2722 3155
f 2722 2724 3155
f 3155 2724 3156
f 2724 2727 3156
f 3156 2727 3157
f 2727 2729 3157
f 3157 2729 3158
f 2729 2731 3158
f 3158 2731 3159
f 2731 2734 3159
f 3159 2734 3160
f 2734 2736 3160
f 3160 2736 3161
f 2736 2738 3161
f 3161 2738 3162
f 2738 2740 3162
f 3162 2740 3163
f 2740 2743 3163
f 3163 2743 3164
f 2743 2745 3164
f 3164 2745 3165
f 2745 2747 3165
f 3165 2747 3166
f 2747 2750 3166
f 3166 2750 3167
f 2750 2752 3167
f 3167 2752 3168
f 2752 2754 3168
f 3168 2754 3169
f 2754 2757 3169
f 3169 2757 3170
f 2757 2759 3170
f 3170 2759 3171
f 2759 2761 3171
f 3171 2761 3172
f 2761 2763 3172
f 3172 2763 3173
f 2763 2766 3173
f 3173 2766 3174
f 2766 2768 3174
f 3174 2768 3175
f 2768 2770 3175
f 3175 2770 3176
f 2770 3189 3176
f 3176 3189 3177
f 3189 3191 3177
f 3177 3191 3178
f 3191 3193 3178
f 3178 3193 3179
f 3193 3195 3179
f 3179 3195 3180
f 3195 3197 3180
f 3180 3197 3181
f 3197 3199 3181
f 3181 3199 3182
f 3199 3201 3182
f 3182 3201 3183
f 3201 3203 3183
f 3183 3203 3184
f 3203 3205 3184
f 3184 3205 3185
f 3205 3207 3185
f 3185 3207 3186
f 3207 3209 3186
f 3186 3209 3253
f 3209 3211 3253
f 3253 3211 3254
f 3211 3226 3254
f 3254 3226 3255
f 3226 3228 3255
f 3255 3228 3256
f 3228 3257 3256
f 3258 3257 3259
f 3257 3228 3259
f 3259 3228 3260
f 3228 3227 3260
f 2455 2458 3238
f 2458 2459 3238
f 3238 2459 3237
f 2459 2460 3237
f 3237 2460 3236
f 2460 2461 3236
f 3236 2461 3235
f 2461 2462 3235
f 3235 2462 3234
f 2462 2463 3234
f 3234 2463 2480
f 2463 2464 2480
f 2480 2464 2478
f 2464 1781 2478
f 2456 2455 3243
f 2455 3238 3243
f 3243 3238 3241
f 3238 3233 3241
f 3241 3233 3239
f 3233 3223 3239
f 2449 2452 2688
f 2452 2453 2688
f 2688 2453 3261
f 2453 2454 3261
f 3261 2454 3244
f 2454 2457 3244
f 3244 2457 2456
f 2451 2450 2465
f 2450 2687 2465
f 2465 2687 3246
f 2687 2688 3246
f 3246 2688 3245
f 2688 3261 3245
f 3245 3261 2466
f 3261 3244 2466
f 2466 3244 2467
f 3244 3242 2467
f 2467 3242 2681
f 3242 3240 2681
f 2447 2448 3262
f 2448 2465 3262
f 3262 2465 3263
f 2465 2686 3263
f 3263 2686 3264
f 2686 2685 3264
f 3216 2647 3217
f 2647 2470 3217
f 3217 2470 3218
f 2470 2469 3218
f 3218 2469 3223
f 2469 2666 3223
f 3223 2666 3239
f 2666 2668 3239
f 3239 2668 3240
f 2668 2670 3240
f 3240 2670 2681
f 2670 2672 2681
f 2681 2672 2682
f 2672 2674 2682
f 2682 2674 2683
f 2674 2676 2683
f 2683 2676 2685
f 2676 2678 2685
f 2685 2678 3264
f 2678 2680 3264
f 3264 2680 3263
f 2680 3265 3263
f 3263 3265 3262
f 3265 3266 3262
f 3262 3266 2447
f 3266 2446 2447
f 2659 2661 2660
f 2661 2663 2660
f 2660 2663 2679
f 2663 2665 2679
f 2679 2665 2680
f 2665 3247 2680
f 2680 3247 3265
f 3247 3249 3265
f 3265 3249 3266
f 3249 3251 3266
f 3266 3251 2446
f 3251 2445 2446
f 2442 2443 3252
f 2443 2444 3252
f 3252 2444 2445
f 2608 2599 2607
f 2599 2598 2607
f 2607 2598 2605
f 2598 2794 2605
f 2605 2794 2603
f 2794 2796 2603
f 2603 2796 2601
f 2796 2798 2601
f 2601 2798 2609
f 2798 2800 2609
f 2609 2800 2780
f 2800 2802 2780
f 2780 2802 2781
f 2802 2804 2781
f 2781 2804 2782
f 2804 2806 2782
f 2782 2806 2783
f 2806 2808 2783
f 2783 2808 2784
f 2808 2810 2784
f 2784 2810 2785
f 2810 2812 2785
f 2785 2812 2786
f 2812 2814 2786
f 2786 2814 2787
f 2814 2816 2787
f 2787 2816 2788
f 2816 2818 2788
f 2788 2818 2789
f 2818 2820 2789
f 2789 2820 2790
f 2820 2822 2790
f 2790 2822 3214
f 2822 2823 3214
f 3214 2823 3216
f 2823 2844 3216
f 3216 2844 2647
f 2844 2868 2647
f 2647 2868 2648
f 2868 2894 2648
f 2648 2894 2649
f 2894 2923 2649
f 2649 2923 2651
f 2923 2954 2651
f 2651 2954 2653
f 2954 2987 2653
f 2653 2987 2655
f 2987 3022 2655
f 2655 3022 2657
f 3022 3060 2657
f 2657 3060 2659
f 3060 3100 2659
f 2659 3100 2661
f 3100 3142 2661
f 2661 3142 2662
f 3142 3186 2662
f 2662 3186 2664
f 3186 3253 2664
f 2664 3253 3248
f 3253 3254 3248
f 3248 3254 3250
f 3254 3255 3250
f 3250 3255 3252
f 3255 3256 3252
f 3252 3256 2442
f 3256 3257 2442
f 2442 3257 2441
f 3257 3258 2441
f 2441 3258 2278
f 2590 2597 3267
f 2638 2640 3268
f 3269 2644 3270
f 2644 2479 3270
f 3270 2479 1779
f 2479 2478 1779
f 1779 2478 1781
f 3268 2640 3271
f 2640 2641 3271
f 2641 2643 3271
f 3271 2643 3269
f 2643 2646 3269
f 3269 2646 2644
f 2633 2631 3272
f 2631 2637 3272
f 2637 2636 3272
f 3272 2636 3273
f 2636 2635 3273
f 3273 2635 3268
f 2635 2639 3268
f 3268 2639 2638
f 2481 2624 3274
f 2624 2627 3274
f 3274 2627 3275
f 2627 2629 3275
f 3275 2629 3272
f 2629 2634 3272
f 3272 2634 2633
f 2618 2620 3276
f 2620 2623 3276
f 3276 2623 3277
f 2623 2622 3277
f 3277 2622 3274
f 2622 2482 3274
f 3274 2482 2481
f 2611 2610 3278
f 2610 2612 3278
f 3278 2612 3279
f 2612 2614 3279
f 3279 2614 3276
f 2614 2616 3276
f 3276 2616 2618
f 3280 2606 3281
f 2606 2604 3281
f 3281 2604 3278
f 2604 2602 3278
f 3278 2602 2611
f 2600 2599 3280
f 2599 2608 3280
f 3280 2608 2606
f 3267 2597 3282
f 2597 2595 3282
f 3282 2595 3280
f 2595 2593 3280
f 3280 2593 2600
f 2587 2585 3267
f 2585 2591 3267
f 3267 2591 2590
f 3283 2575 2577
f 3283 2577 3284
f 2577 2484 3284
f 3284 2484 2578
f 2578 2580 3284
f 2580 2581 3284
f 3284 2581 3267
f 2581 2583 3267
f 3267 2583 2587
f 2565 3283 3285
f 2565 2569 3283
f 2569 2568 3283
f 3283 2568 2570
f 2570 2572 3283
f 2572 2574 3283
f 3283 2574 2575
f 2558 2560 3285
f 2558 3285 2557
f 2560 2561 3285
f 2561 2563 3285
f 3285 2563 2565
f 2552 2551 3286
f 2551 2553 3286
f 3286 2553 3285
f 2553 2555 3285
f 3285 2555 2557
f 3287 2539 3286
f 2539 2545 3286
f 3286 2545 2544
f 2544 2546 3286
f 2546 2548 3286
f 3286 2548 2552
f 3288 2533 3287
f 2533 2537 3287
f 3287 2537 2536
f 2536 2542 3287
f 2542 2541 3287
f 3287 2541 2539
f 2528 2529 3288
f 2529 2531 3288
f 3288 2531 2533
f 3289 2519 3288
f 2519 2521 3288
f 3288 2521 2524
f 2524 2525 3288
f 2525 2526 3288
f 3288 2526 2528
f 3290 2513 3289
f 2513 2512 3289
f 3289 2512 2514
f 2514 2516 3289
f 2516 2518 3289
f 3289 2518 2519
f 2502 2503 3290
f 2503 2504 3290
f 3290 2504 2506
f 2506 2507 3290
f 2507 2509 3290
f 3290 2509 2513
f 3291 2491 3292
f 2491 2497 3292
f 3292 2497 3290
f 2497 2499 3290
f 3290 2499 2502
f 2490 2488 3291
f 2488 2487 3291
f 3291 2487 2491
f 2490 3291 2495
f 3291 3293 2495
f 2495 3293 2496
f 3294 3295 3293
f 3295 2496 3293
f 2689 3296 3297
f 2496 3295 2494
f 3295 3296 2494
f 2494 3296 2493
f 3296 2689 2493
f 2695 2693 3298
f 2693 2691 3298
f 3298 2691 3297
f 2691 2690 3297
f 3297 2690 2689
f 2695 3298 2697
f 3298 3299 2697
f 2697 3299 2698
f 3299 3300 2698
f 2698 3300 2700
f 2709 2707 3301
f 2707 2705 3301
f 3301 2705 3302
f 2705 2704 3302
f 3302 2704 3300
f 2704 2702 3300
f 3300 2702 2700
f 2709 3301 2711
f 3301 3303 2711
f 2711 3303 2712
f 3303 3304 2712
f 2712 3304 2714
f 2723 2721 3305
f 2721 2719 3305
f 3305 2719 3306
f 2719 2718 3306
f 3306 2718 3304
f 2718 2716 3304
f 3304 2716 2714
f 2723 3305 2725
f 3305 3307 2725
f 2725 3307 2726
f 3307 3308 2726
f 2726 3308 2728
f 3309 2739 2737
f 2737 2735 3309
f 2735 2733 3309
f 3309 2733 3310
f 2733 2732 3310
f 3310 2732 3308
f 2732 2730 3308
f 3308 2730 2728
f 2746 2744 3311
f 2744 2742 3311
f 3311 2742 3309
f 2742 2741 3309
f 3309 2741 2739
f 2753 2751 3312
f 2751 2749 3312
f 3312 2749 3311
f 2749 2748 3311
f 3311 2748 2746
f 3313 2762 2760
f 2760 2758 3313
f 2758 2756 3313
f 3313 2756 3312
f 2756 2755 3312
f 3312 2755 2753
f 2769 2767 3314
f 2767 2765 3314
f 3314 2765 3313
f 2765 2764 3313
f 3313 2764 2762
f 2769 3314 3187
f 3314 3315 3187
f 3187 3315 3188
f 3315 3316 3188
f 3188 3316 3190
f 3317 3196 3318
f 3196 3194 3318
f 3318 3194 3316
f 3194 3192 3316
f 3316 3192 3190
f 3206 3204 3319
f 3204 3202 3319
f 3319 3202 3320
f 3202 3200 3320
f 3320 3200 3317
f 3200 3198 3317
f 3317 3198 3196
f 3206 3319 3208
f 3319 3321 3208
f 3208 3321 3210
f 3321 3322 3210
f 3210 3322 3224
f 3224 3322 3225
f 3322 3323 3225
f 3225 3323 3227
f 3323 3324 3227
f 3227 3324 3260
f 3324 3325 3260
f 3325 3326 3260
f 3260 3326 3259
f 3326 3327 3259
f 3259 3327 3258
f 3327 2307 3258
f 3258 2307 2278
f 3318 3316 3328
f 3295 3329 3296
f 3329 3330 3296
f 3331 3332 3300
f 3300 3299 3331
f 3299 3298 3331
f 3331 3298 3330
f 3298 3297 3330
f 3330 3297 3296
f 3333 3334 3304
f 3304 3303 3333
f 3303 3301 3333
f 3333 3301 3332
f 3301 3302 3332
f 3332 3302 3300
f 3335 3336 3308
f 3308 3307 3335
f 3307 3305 3335
f 3335 3305 3334
f 3305 3306 3334
f 3334 3306 3304
f 3337 3312 3338
f 3312 3311 3338
f 3338 3311 3339
f 3311 3309 3339
f 3339 3309 3336
f 3309 3310 3336
f 3336 3310 3308
f 3328 3316 3340
f 3316 3315 3340
f 3315 3314 3340
f 3340 3314 3337
f 3314 3313 3337
f 3337 3313 3312
f 3318 3328 3317
f 3328 3341 3317
f 3317 3341 3320
f 3341 3342 3320
f 3320 3342 3319
f 3319 3342 3321
f 3342 3343 3321
f 3321 3343 3322
f 3322 3343 3323
f 3343 3344 3323
f 3323 3344 3324
f 3324 3344 3325
f 3344 3345 3325
f 3325 3345 3326
f 3326 3345 3327
f 3345 2308 3327
f 3327 2308 2307
f 3329 3346 3330
f 3346 3347 3330
f 3330 3347 3331
f 3347 3348 3331
f 3331 3348 3332
f 3348 3349 3332
f 3332 3349 3333
f 3349 3350 3333
f 3333 3350 3334
f 3350 3351 3334
f 3334 3351 3335
f 3351 3352 3335
f 3335 3352 3336
f 3352 3353 3336
f 3336 3353 3339
f 3353 3354 3339
f 3339 3354 3338
f 3354 3355 3338
f 3338 3355 3337
f 3355 3356 3337
f 3337 3356 3340
f 3356 3357 3340
f 3340 3357 3328
f 3357 3358 3328
f 3328 3358 3341
f 3358 3359 3341
f 3341 3359 3342
f 3359 3360 3342
f 3342 3360 3343
f 3360 3361 3343
f 3343 3361 3344
f 3361 3362 3344
f 3344 3362 3345
f 3362 3363 3345
f 3345 3363 2308
f 3363 2309 2308
f 3346 3364 3347
f 3364 3365 3347
f 3347 3365 3348
f 3365 3366 3348
f 3348 3366 3349
f 3366 3367 3349
f 3349 3367 3350
f 3367 3368 3350
f 3350 3368 3351
f 3368 3369 3351
f 3351 3369 3352
f 3369 3370 3352
f 3352 3370 3353
f 3370 3371 3353
f 3353 3371 3354
f 3371 3372 3354
f 3354 3372 3355
f 3372 3373 3355
f 3355 3373 3356
f 3373 3374 3356
f 3356 3374 3357
f 3374 3375 3357
f 3357 3375 3358
f 3375 3376 3358
f 3358 3376 3359
f 3376 3377 3359
f 3359 3377 3360
f 3377 3378 3360
f 3360 3378 3361
f 3378 3379 3361
f 3361 3379 3362
f 3379 3380 3362
f 3362 3380 3363
f 3380 3381 3363
f 3363 3381 2309
f 3381 2310 2309
f 3364 3382 3365
f 3382 3383 3365
f 3365 3383 3366
f 3383 3384 3366
f 3366 3384 3367
f 3384 3385 3367
f 3367 3385 3368
f 3385 3386 3368
f 3368 3386 3369
f 3386 3387 3369
f 3369 3387 3370
f 3387 3388 3370
f 3370 3388 3371
f 3388 3389 3371
f 3371 3389 3372
f 3389 3390 3372
f 3372 3390 3373
f 3390 3391 3373
f 3373 3391 3374
f 3391 3392 3374
f 3374 3392 3375
f 3392 3393 3375
f 3375 3393 3376
f 3393 3394 3376
f 3376 3394 3377
f 3394 3395 3377
f 3377 3395 3378
f 3395 3396 3378
f 3378 3396 3379
f 3396 3397 3379
f 3379 3397 3380
f 3397 3398 3380
f 3380 3398 3381
f 3398 3399 3381
f 3381 3399 2310
f 3399 2311 2310
f 3382 3400 3383
f 3400 3401 3383
f 3383 3401 3384
f 3401 3402 3384
f 3384 3402 3385
f 3402 3403 3385
f 3385 3403 3386
f 3403 3404 3386
f 3386 3404 3387
f 3404 3405 3387
f 3387 3405 3388
f 3405 3406 3388
f 3388 3406 3389
f 3406 3407 3389
f 3389 3407 3390
f 3407 3408 3390
f 3390 3408 3391
f 3408 3409 3391
f 3391 3409 3392
f 3409 3410 3392
f 3392 3410 3393
f 3410 3411 3393
f 3393 3411 3394
f 3411 3412 3394
f 3394 3412 3395
f 3412 3413 3395
f 3395 3413 3396
f 3413 3414 3396
f 3396 3414 3397
f 3414 3415 3397
f 3397 3415 3398
f 3415 3416 3398
f 3398 3416 3399
f 3416 3417 3399
f 3399 3417 2311
f 3417 2312 2311
f 3400 3418 3401
f 3418 3419 3401
f 3401 3419 3402
f 3419 3420 3402
f 3402 3420 3403
f 3420 3421 3403
f 3403 3421 3404
f 3421 3422 3404
f 3404 3422 3405
f 3422 3423 3405
f 3405 3423 3406
f 3423 3424 3406
f 3406 3424 3407
f 3424 3425 3407
f 3407 3425 3408
f 3425 3426 3408
f 3408 3426 3409
f 3426 3427 3409
f 3409 3427 3410
f 3427 3428 3410
f 3410 3428 3411
f 3428 3429 3411
f 3411 3429 3412
f 3429 3430 3412
f 3412 3430 3413
f 3430 3431 3413
f 3413 3431 3414
f 3431 3432 3414
f 3414 3432 3415
f 3432 3433 3415
f 3415 3433 3416
f 3433 3434 3416
f 3416 3434 3417
f 3434 3435 3417
f 3417 3435 2312
f 3435 2313 2312
f 3418 3436 3419
f 3436 3437 3419
f 3419 3437 3420
f 3437 3438 3420
f 3420 3438 3421
f 3438 3439 3421
f 3421 3439 3422
f 3439 3440 3422
f 3422 3440 3423
f 3440 3441 3423
f 3423 3441 3424
f 3441 3442 3424
f 3424 3442 3425
f 3442 3443 3425
f 3425 3443 3426
f 3443 3444 3426
f 3426 3444 3427
f 3444 3445 3427
f 3427 3445 3428
f 3445 3446 3428
f 3428 3446 3429
f 3446 3447 3429
f 3429 3447 3430
f 3447 3448 3430
f 3430 3448 3431
f 3448 3449 3431
f 3431 3449 3432
f 3449 3450 3432
f 3432 3450 3433
f 3450 3451 3433
f 3433 3451 3434
f 3451 3452 3434
f 3434 3452 3435
f 3452 3453 3435
f 3435 3453 2313
f 3453 2259 2313
f 3436 3454 3437
f 3454 3455 3437
f 3437 3455 3438
f 3455 3456 3438
f 3438 3456 3439
f 3456 3457 3439
f 3439 3457 3440
f 3457 3458 3440
f 3440 3458 3441
f 3458 3459 3441
f 3441 3459 3442
f 3459 3460 3442
f 3442 3460 3443
f 3460 3461 3443
f 3443 3461 3444
f 3461 3462 3444
f 3444 3462 3445
f 3462 3463 3445
f 3445 3463 3446
f 3463 3464 3446
f 3446 3464 3447
f 3464 3465 3447
f 3447 3465 3448
f 3465 3466 3448
f 3448 3466 3449
f 3466 3467 3449
f 3449 3467 3450
f 3467 3468 3450
f 3450 3468 3451
f 3468 3469 3451
f 3451 3469 3452
f 3469 3470 3452
f 3452 3470 3453
f 3470 3471 3453
f 3453 3471 2259
f 3471 2260 2259
f 3454 3472 3455
f 3472 3473 3455
f 3455 3473 3456
f 3473 3474 3456
f 3456 3474 3457
f 3474 3475 3457
f 3457 3475 3458
f 3475 3476 3458
f 3458 3476 3459
f 3476 3477 3459
f 3459 3477 3460
f 3477 3478 3460
f 3460 3478 3461
f 3478 3479 3461
f 3461 3479 3462
f 3479 3480 3462
f 3462 3480 3463
f 3480 3481 3463
f 3463 3481 3464
f 3481 3482 3464
f 3464 3482 3465
f 3482 3483 3465
f 3465 3483 3466
f 3483 3484 3466
f 3466 3484 3467
f 3484 3485 3467
f 3467 3485 3468
f 3485 3486 3468
f 3468 3486 3469
f 3486 3487 3469
f 3469 3487 3470
f 3487 3488 3470
f 3470 3488 3471
f 3488 3489 3471
f 3471 3489 2260
f 3489 2261 2260
f 3472 3490 3473
f 3490 3491 3473
f 3473 3491 3474
f 3491 3492 3474
f 3474 3492 3475
f 3492 3493 3475
f 3475 3493 3476
f 3493 3494 3476
f 3476 3494 3477
f 3494 3495 3477
f 3477 3495 3478
f 3495 3496 3478
f 3478 3496 3479
f 3496 3497 3479
f 3479 3497 3480
f 3497 3498 3480
f 3480 3498 3481
f 3498 3499 3481
f 3481 3499 3482
f 3499 3500 3482
f 3482 3500 3483
f 3500 3501 3483
f 3483 3501 3484
f 3501 3502 3484
f 3484 3502 3485
f 3502 3503 3485
f 3485 3503 3486
f 3503 3504 3486
f 3486 3504 3487
f 3504 3505 3487
f 3487 3505 3488
f 3505 3506 3488
f 3488 3506 3489
f 3506 3507 3489
f 3489 3507 2261
f 3507 2279 2261
f 3490 3508 3491
f 3508 3509 3491
f 3491 3509 3492
f 3509 3510 3492
f 3492 3510 3493
f 3510 3511 3493
f 3493 3511 3494
f 3511 3512 3494
f 3494 3512 3495
f 3512 3513 3495
f 3495 3513 3496
f 3513 3514 3496
f 3496 3514 3497
f 3514 3515 3497
f 3497 3515 3498
f 3515 3516 3498
f 3498 3516 3499
f 3516 3517 3499
f 3499 3517 3500
f 3517 3518 3500
f 3500 3518 3501
f 3518 3519 3501
f 3501 3519 3502
f 3519 3520 3502
f 3502 3520 3503
f 3520 3521 3503
f 3503 3521 3504
f 3521 3522 3504
f 3504 3522 3505
f 3522 3523 3505
f 3505 3523 3506
f 3523 3524 3506
f 3506 3524 3507
f 3524 3525 3507
f 3507 3525 2279
f 3525 2280 2279
f 3508 3526 3509
f 3526 3527 3509
f 3509 3527 3510
f 3527 3528 3510
f 3510 3528 3511
f 3528 3529 3511
f 3511 3529 3512
f 3529 3530 3512
f 3512 3530 3513
f 3530 3531 3513
f 3513 3531 3514
f 3531 3532 3514
f 3514 3532 3515
f 3532 3533 3515
f 3515 3533 3516
f 3533 3534 3516
f 3516 3534 3517
f 3534 3535 3517
f 3517 3535 3518
f 3535 3536 3518
f 3518 3536 3519
f 3536 3537 3519
f 3519 3537 3520
f 3537 3538 3520
f 3520 3538 3521
f 3538 3539 3521
f 3521 3539 3522
f 3539 3540 3522
f 3522 3540 3523
f 3540 3541 3523
f 3523 3541 3524
f 3541 3542 3524
f 3524 3542 3525
f 3542 3543 3525
f 3525 3543 2280
f 3543 2251 2280
f 3526 3544 3527
f 3544 3545 3527
f 3527 3545 3528
f 3545 3546 3528
f 3528 3546 3529
f 3546 3547 3529
f 3529 3547 3530
f 3547 3548 3530
f 3530 3548 3531
f 3548 3549 3531
f 3531 3549 3532
f 3549 3550 3532
f 3532 3550 3533
f 3550 3551 3533
f 3533 3551 3534
f 3551 3552 3534
f 3534 3552 3535
f 3552 3553 3535
f 3535 3553 3536
f 3553 3554 3536
f 3536 3554 3537
f 3554 3555 3537
f 3537 3555 3538
f 3555 3556 3538
f 3538 3556 3539
f 3556 3557 3539
f 3539 3557 3540
f 3557 3558 3540
f 3540 3558 3541
f 3558 3559 3541
f 3541 3559 3542
f 3559 3560 3542
f 3542 3560 3543
f 3560 3561 3543
f 3543 3561 2251
f 3561 2252 2251
f 3544 3562 3545
f 3562 3563 3545
f 3545 3563 3546
f 3563 3564 3546
f 3546 3564 3547
f 3564 3565 3547
f 3547 3565 3548
f 3565 3566 3548
f 3548 3566 3549
f 3566 3567 3549
f 3549 3567 3550
f 3567 3568 3550
f 3550 3568 3551
f 3568 3569 3551
f 3551 3569 3552
f 3569 3570 3552
f 3552 3570 3553
f 3570 3571 3553
f 3553 3571 3554
f 3571 3572 3554
f 3554 3572 3555
f 3572 3573 3555
f 3555 3573 3556
f 3573 3574 3556
f 3556 3574 3557
f 3574 3575 3557
f 3557 3575 3558
f 3575 3576 3558
f 3558 3576 3559
f 3576 3577 3559
f 3559 3577 3560
f 3577 3578 3560
f 3560 3578 3561
f 3578 3579 3561
f 3561 3579 2252
f 3579 2240 2252
f 3562 3580 3563
f 3580 3581 3563
f 3563 3581 3564
f 3581 3582 3564
f 3564 3582 3565
f 3582 3583 3565
f 3565 3583 3566
f 3583 3584 3566
f 3566 3584 3567
f 3584 3585 3567
f 3567 3585 3568
f 3585 3586 3568
f 3568 3586 3569
f 3586 3587 3569
f 3569 3587 3570
f 3587 3588 3570
f 3570 3588 3571
f 3588 3589 3571
f 3571 3589 3572
f 3589 3590 3572
f 3572 3590 3573
f 3590 3591 3573
f 3573 3591 3574
f 3591 3592 3574
f 3574 3592 3575
f 3592 3593 3575
f 3575 3593 3576
f 3593 3594 3576
f 3576 3594 3577
f 3594 3595 3577
f 3577 3595 3578
f 3595 3596 3578
f 3578 3596 3579
f 3596 3597 3579
f 3579 3597 2240
f 3597 2239 2240
f 3580 3598 3581
f 3598 3599 3581
f 3581 3599 3582
f 3599 3600 3582
f 3582 3600 3583
f 3600 3601 3583
f 3583 3601 3584
f 3601 3602 3584
f 3584 3602 3585
f 3602 3603 3585
f 3585 3603 3586
f 3603 3604 3586
f 3586 3604 3587
f 3604 3605 3587
f 3587 3605 3588
f 3605 3606 3588
f 3588 3606 3589
f 3606 3607 3589
f 3589 3607 3590
f 3607 3608 3590
f 3590 3608 3591
f 3608 3609 3591
f 3591 3609 3592
f 3609 3610 3592
f 3592 3610 3593
f 3610 3611 3593
f 3593 3611 3594
f 3611 3612 3594
f 3594 3612 3595
f 3612 3613 3595
f 3595 3613 3596
f 3613 3614 3596
f 3596 3614 3597
f 3614 3615 3597
f 3597 3615 2239
f 3615 2237 2239
f 3598 3616 3599
f 3616 3617 3599
f 3599 3617 3600
f 3617 3618 3600
f 3600 3618 3601
f 3618 3619 3601
f 3601 3619 3602
f 3619 3620 3602
f 3602 3620 3603
f 3620 3621 3603
f 3603 3621 3604
f 3621 3622 3604
f 3604 3622 3605
f 3622 3623 3605
f 3605 3623 3606
f 3623 3624 3606
f 3606 3624 3607
f 3624 3625 3607
f 3607 3625 3608
f 3625 3626 3608
f 3608 3626 3609
f 3626 3627 3609
f 3609 3627 3610
f 3627 3628 3610
f 3610 3628 3611
f 3628 3629 3611
f 3611 3629 3612
f 3629 3630 3612
f 3612 3630 3613
f 3630 3631 3613
f 3613 3631 3614
f 3631 3632 3614
f 3614 3632 3615
f 3632 3633 3615
f 3615 3633 2237
f 3633 2248 2237
f 3616 3634 3617
f 3634 3635 3617
f 3617 3635 3618
f 3635 3636 3618
f 3618 3636 3619
f 3636 3637 3619
f 3619 3637 3620
f 3637 3638 3620
f 3620 3638 3621
f 3638 3639 3621
f 3621 3639 3622
f 3639 3640 3622
f 3622 3640 3623
f 3640 3641 3623
f 3623 3641 3624
f 3641 3642 3624
f 3624 3642 3625
f 3642 3643 3625
f 3625 3643 3626
f 3643 3644 3626
f 3626 3644 3627
f 3644 3645 3627
f 3627 3645 3628
f 3645 3646 3628
f 3628 3646 3629
f 3646 3647 3629
f 3629 3647 3630
f 3647 3648 3630
f 3630 3648 3631
f 3648 3649 3631
f 3631 3649 3632
f 3649 3650 3632
f 3632 3650 3633
f 3650 3651 3633
f 3633 3651 2248
f 3651 2249 2248
f 3634 3652 3635
f 3652 3653 3635
f 3653 3654 3635
f 3654 3655 3635
f 3635 3655 3636
f 3655 3656 3636
f 3656 3657 3636
f 3636 3657 3637
f 3657 3658 3637
f 3658 3659 3637
f 3637 3659 3638
f 3659 3660 3638
f 3660 3661 3638
f 3638 3661 3639
f 3661 3662 3639
f 3662 3663 3639
f 3639 3663 3640
f 3663 3664 3640
f 3664 3665 3640
f 3640 3665 3641
f 3665 3666 3641
f 3666 3667 3641
f 3641 3667 3642
f 3667 3668 3642
f 3668 3669 3642
f 3642 3669 3643
f 3669 3670 3643
f 3670 3671 3643
f 3643 3671 3644
f 3671 3672 3644
f 3672 3673 3644
f 3644 3673 3645
f 3673 3674 3645
f 3674 3675 3645
f 3645 3675 3646
f 3675 3676 3646
f 3646 3676 3647
f 3676 3677 3647
f 3677 3678 3647
f 3647 3678 3648
f 3678 3679 3648
f 3679 3680 3648
f 3648 3680 3649
f 3680 3681 3649
f 3681 3682 3649
f 3649 3682 3650
f 3682 3683 3650
f 3683 3684 3650
f 3650 3684 3651
f 3684 3685 3651
f 3685 3686 3651
f 3651 3686 2249
f 3686 3687 2249
f 2249 3687 2250
f 3688 3689 3690
f 3691 3692 3693
f 3694 3695 3696
f 3697 3698 3699
f 3700 3701 3702
f 3703 3704 3705
f 3706 3707 3708
f 3709 3710 3711
f 3712 3713 3714
f 2250 3715 3716
f 3714 3713 2250
f 3717 2250 3713
f 3718 3719 3720
f 3721 3722 3723
f 3724 3725 3726
f 3727 3728 3729
f 3730 3731 3732
f 3733 3734 3735
f 3736 3737 3738
f 3739 3740 3741
f 3742 3743 3744
f 3745 3746 3744
f 3746 3747 3744
f 3744 3747 3742
f 3739 3741 3748
f 3653 3652 3749
f 3652 3750 3749
f 3749 3750 3751
f 3717 3713 3752
f 3713 3712 3752
f 3752 3712 3753
f 3754 2250 3717
f 3755 3756 3757
f 2250 3687 3715
f 3687 3686 3715
f 3715 3686 3758
f 3754 3717 3759
f 3717 3752 3759
f 3759 3752 3760
f 3752 3753 3760
f 3760 3753 3761
f 3762 2250 3754
f 3757 3763 3764
f 3686 3685 3758
f 3685 3684 3758
f 3758 3684 3765
f 3762 3754 3766
f 3754 3759 3766
f 3766 3759 3767
f 3759 3760 3767
f 3767 3760 3768
f 3760 3761 3768
f 3768 3761 3769
f 3684 3683 3765
f 3683 3682 3765
f 3765 3682 3770
f 3771 3772 3769
f 3772 3773 3769
f 3769 3773 3768
f 3773 3774 3768
f 3768 3774 3767
f 3774 3775 3767
f 3767 3775 3766
f 3775 3776 3766
f 3766 3776 3762
f 3776 3777 3762
f 3762 3777 2250
f 3778 3779 3780
f 3682 3681 3770
f 3681 3680 3770
f 3770 3680 3781
f 3710 3771 3711
f 3771 3769 3711
f 3711 3769 3782
f 3769 3761 3782
f 3782 3761 3783
f 3761 3753 3783
f 3783 3753 3784
f 3753 3712 3784
f 3784 3712 3785
f 3712 3714 3785
f 3785 3714 3786
f 3714 2250 3786
f 3680 3679 3781
f 3679 3678 3781
f 3781 3678 3787
f 3707 3709 3708
f 3709 3711 3708
f 3708 3711 3788
f 3711 3782 3788
f 3788 3782 3789
f 3782 3783 3789
f 3789 3783 3790
f 3783 3784 3790
f 3790 3784 3791
f 3784 3785 3791
f 3791 3785 3792
f 3785 3786 3792
f 3792 3786 3793
f 3786 2250 3793
f 3794 3795 3796
f 3678 3677 3787
f 3677 3676 3787
f 3787 3676 3797
f 3704 3706 3705
f 3706 3708 3705
f 3705 3708 3798
f 3708 3788 3798
f 3798 3788 3799
f 3788 3789 3799
f 3799 3789 3800
f 3789 3790 3800
f 3800 3790 3801
f 3790 3791 3801
f 3801 3791 3802
f 3791 3792 3802
f 3802 3792 3803
f 3792 3793 3803
f 3803 3793 3804
f 3793 2250 3804
f 3676 3675 3797
f 3675 3674 3797
f 3797 3674 3805
f 3701 3703 3702
f 3703 3705 3702
f 3702 3705 3806
f 3705 3798 3806
f 3806 3798 3807
f 3798 3799 3807
f 3807 3799 3808
f 3799 3800 3808
f 3808 3800 3809
f 3800 3801 3809
f 3809 3801 3810
f 3801 3802 3810
f 3810 3802 3811
f 3802 3803 3811
f 3811 3803 3812
f 3803 3804 3812
f 3812 3804 3813
f 3804 2250 3813
f 3674 3673 3805
f 3673 3672 3805
f 3805 3672 3814
f 3698 3700 3699
f 3700 3702 3699
f 3699 3702 3815
f 3702 3806 3815
f 3815 3806 3816
f 3806 3807 3816
f 3816 3807 3817
f 3807 3808 3817
f 3817 3808 3818
f 3808 3809 3818
f 3818 3809 3819
f 3809 3810 3819
f 3819 3810 3820
f 3810 3811 3820
f 3820 3811 3821
f 3811 3812 3821
f 3821 3812 3822
f 3812 3813 3822
f 3822 3813 3823
f 3813 2250 3823
f 3695 3697 3696
f 3697 3699 3696
f 3696 3699 3824
f 3699 3815 3824
f 3824 3815 3825
f 3815 3816 3825
f 3825 3816 3826
f 3816 3817 3826
f 3826 3817 3827
f 3817 3818 3827
f 3827 3818 3828
f 3818 3819 3828
f 3828 3819 3829
f 3819 3820 3829
f 3829 3820 3830
f 3820 3821 3830
f 3830 3821 3831
f 3821 3822 3831
f 3831 3822 3832
f 3822 3823 3832
f 3832 3823 3833
f 3823 2250 3833
f 3672 3671 3814
f 3671 3670 3814
f 3814 3670 3834
f 3670 3669 3834
f 3834 3669 3835
f 3669 3668 3835
f 3692 3694 3693
f 3694 3696 3693
f 3693 3696 3836
f 3696 3824 3836
f 3836 3824 3837
f 3824 3825 3837
f 3837 3825 3838
f 3825 3826 3838
f 3838 3826 3839
f 3826 3827 3839
f 3839 3827 3840
f 3827 3828 3840
f 3840 3828 3841
f 3828 3829 3841
f 3841 3829 3842
f 3829 3830 3842
f 3842 3830 3843
f 3830 3831 3843
f 3843 3831 3844
f 3831 3832 3844
f 3844 3832 3845
f 3832 3833 3845
f 3845 3833 3846
f 3833 2250 3846
f 3668 3667 3835
f 3667 3666 3835
f 3835 3666 3847
f 3689 3691 3690
f 3691 3693 3690
f 3690 3693 3848
f 3693 3836 3848
f 3848 3836 3849
f 3836 3837 3849
f 3849 3837 3850
f 3837 3838 3850
f 3850 3838 3851
f 3838 3839 3851
f 3851 3839 3852
f 3839 3840 3852
f 3852 3840 3853
f 3840 3841 3853
f 3853 3841 3854
f 3841 3842 3854
f 3854 3842 3855
f 3842 3843 3855
f 3855 3843 3856
f 3843 3844 3856
f 3856 3844 3857
f 3844 3845 3857
f 3857 3845 3858
f 3845 3846 3858
f 3858 3846 3859
f 3846 2250 3859
f 3860 3861 3862
f 3666 3665 3847
f 3665 3664 3847
f 3847 3664 3863
f 3743 3688 3744
f 3688 3690 3744
f 3744 3690 3864
f 3690 3848 3864
f 3864 3848 3865
f 3848 3849 3865
f 3865 3849 3866
f 3849 3850 3866
f 3866 3850 3867
f 3850 3851 3867
f 3867 3851 3868
f 3851 3852 3868
f 3868 3852 3869
f 3852 3853 3869
f 3869 3853 3870
f 3853 3854 3870
f 3870 3854 3871
f 3854 3855 3871
f 3871 3855 3872
f 3855 3856 3872
f 3872 3856 3873
f 3856 3857 3873
f 3873 3857 3874
f 3857 3858 3874
f 3874 3858 3875
f 3858 3859 3875
f 3875 3859 3876
f 3859 2250 3876
f 3740 3745 3741
f 3745 3877 3741
f 3741 3877 3862
f 3862 3861 3741
f 3861 3878 3741
f 3741 3878 3748
f 3737 3748 3738
f 3748 3878 3738
f 3738 3878 3879
f 3878 3861 3879
f 3879 3861 3880
f 3861 3860 3880
f 3880 3860 3881
f 3882 3736 3883
f 3736 3738 3883
f 3883 3738 3884
f 3738 3879 3884
f 3884 3879 3885
f 3879 3880 3885
f 3885 3880 3886
f 3880 3881 3886
f 3886 3881 3887
f 3734 3882 3735
f 3882 3883 3735
f 3735 3883 3888
f 3883 3884 3888
f 3888 3884 3889
f 3884 3885 3889
f 3889 3885 3890
f 3885 3886 3890
f 3890 3886 3891
f 3886 3887 3891
f 3891 3887 3892
f 3731 3893 3732
f 3893 3733 3732
f 3732 3733 3894
f 3733 3735 3894
f 3894 3735 3895
f 3735 3888 3895
f 3895 3888 3896
f 3888 3889 3896
f 3896 3889 3897
f 3889 3890 3897
f 3897 3890 3898
f 3890 3891 3898
f 3898 3891 3899
f 3891 3892 3899
f 3899 3892 3900
f 3664 3663 3863
f 3663 3662 3863
f 3863 3662 3901
f 3902 3730 3903
f 3730 3732 3903
f 3903 3732 3904
f 3732 3894 3904
f 3904 3894 3905
f 3894 3895 3905
f 3905 3895 3906
f 3895 3896 3906
f 3906 3896 3907
f 3896 3897 3907
f 3907 3897 3908
f 3897 3898 3908
f 3908 3898 3909
f 3898 3899 3909
f 3909 3899 3910
f 3899 3900 3910
f 3910 3900 3796
f 3796 3795 3910
f 3795 3911 3910
f 3910 3911 3909
f 3911 3912 3909
f 3909 3912 3908
f 3912 3913 3908
f 3908 3913 3907
f 3913 3914 3907
f 3907 3914 3906
f 3914 3915 3906
f 3906 3915 3905
f 3915 3916 3905
f 3905 3916 3904
f 3916 3917 3904
f 3904 3917 3903
f 3917 3918 3903
f 3903 3918 3902
f 3919 3918 3920
f 3918 3917 3920
f 3920 3917 3921
f 3917 3916 3921
f 3921 3916 3922
f 3916 3915 3922
f 3922 3915 3923
f 3915 3914 3923
f 3923 3914 3924
f 3914 3913 3924
f 3924 3913 3925
f 3913 3912 3925
f 3925 3912 3926
f 3912 3911 3926
f 3926 3911 3927
f 3911 3795 3927
f 3927 3795 3928
f 3795 3794 3928
f 3928 3794 3780
f 3780 3779 3928
f 3779 3929 3928
f 3928 3929 3927
f 3929 3930 3927
f 3927 3930 3926
f 3930 3931 3926
f 3926 3931 3925
f 3931 3932 3925
f 3925 3932 3924
f 3932 3933 3924
f 3924 3933 3923
f 3933 3934 3923
f 3923 3934 3922
f 3934 3935 3922
f 3922 3935 3921
f 3935 3936 3921
f 3921 3936 3920
f 3936 3937 3920
f 3920 3937 3919
f 3937 3938 3919
f 3919 3938 3726
f 3662 3661 3901
f 3661 3660 3901
f 3901 3660 3939
f 3725 3729 3726
f 3729 3728 3726
f 3726 3728 3919
f 3728 3727 3919
f 3919 3727 3918
f 3727 3940 3918
f 3918 3940 3902
f 3722 3724 3723
f 3724 3726 3723
f 3723 3726 3941
f 3726 3938 3941
f 3941 3938 3942
f 3938 3937 3942
f 3942 3937 3943
f 3937 3936 3943
f 3943 3936 3944
f 3936 3935 3944
f 3944 3935 3945
f 3935 3934 3945
f 3945 3934 3946
f 3934 3933 3946
f 3946 3933 3947
f 3933 3932 3947
f 3947 3932 3948
f 3932 3931 3948
f 3948 3931 3949
f 3931 3930 3949
f 3949 3930 3950
f 3930 3929 3950
f 3950 3929 3951
f 3929 3779 3951
f 3951 3779 3952
f 3779 3778 3952
f 3952 3778 3764
f 3764 3763 3952
f 3763 3953 3952
f 3952 3953 3951
f 3953 3954 3951
f 3951 3954 3950
f 3954 3955 3950
f 3950 3955 3949
f 3955 3956 3949
f 3949 3956 3948
f 3956 3957 3948
f 3948 3957 3947
f 3957 3958 3947
f 3947 3958 3946
f 3958 3959 3946
f 3946 3959 3945
f 3959 3960 3945
f 3945 3960 3944
f 3960 3961 3944
f 3944 3961 3943
f 3961 3962 3943
f 3943 3962 3942
f 3962 3963 3942
f 3942 3963 3941
f 3963 3964 3941
f 3941 3964 3723
f 3964 3965 3723
f 3723 3965 3721
f 3965 3966 3721
f 3721 3966 3967
f 3660 3659 3939
f 3659 3658 3939
f 3939 3658 3968
f 3757 3756 3763
f 3756 3969 3763
f 3763 3969 3953
f 3969 3970 3953
f 3953 3970 3954
f 3970 3971 3954
f 3954 3971 3955
f 3971 3972 3955
f 3955 3972 3956
f 3972 3973 3956
f 3956 3973 3957
f 3973 3974 3957
f 3957 3974 3958
f 3974 3975 3958
f 3958 3975 3959
f 3975 3976 3959
f 3959 3976 3960
f 3976 3977 3960
f 3960 3977 3961
f 3977 3978 3961
f 3961 3978 3962
f 3978 3979 3962
f 3962 3979 3963
f 3979 3980 3963
f 3963 3980 3964
f 3980 3981 3964
f 3964 3981 3965
f 3981 3982 3965
f 3965 3982 3966
f 3982 3983 3966
f 3966 3983 3967
f 3755 3716 3756
f 3716 3984 3756
f 3756 3984 3969
f 3984 3985 3969
f 3969 3985 3970
f 3985 3986 3970
f 3970 3986 3971
f 3986 3987 3971
f 3971 3987 3972
f 3987 3988 3972
f 3972 3988 3973
f 3988 3989 3973
f 3973 3989 3974
f 3989 3990 3974
f 3974 3990 3975
f 3990 3991 3975
f 3975 3991 3976
f 3991 3992 3976
f 3976 3992 3977
f 3992 3993 3977
f 3977 3993 3978
f 3993 3994 3978
f 3978 3994 3979
f 3994 3995 3979
f 3979 3995 3980
f 3995 3996 3980
f 3980 3996 3981
f 3996 3997 3981
f 3981 3997 3982
f 3997 3998 3982
f 3982 3998 3983
f 3998 3999 3983
f 3751 3720 3749
f 3720 3719 3749
f 3749 3719 3999
f 3719 3718 3999
f 3999 3718 3983
f 3718 4000 3983
f 3983 4000 3967
f 3658 3657 3968
f 3657 3656 3968
f 3968 3656 4001
f 3656 3655 4001
f 4001 3655 3654
f 3716 3715 3984
f 3715 3758 3984
f 3984 3758 3985
f 3758 3765 3985
f 3985 3765 3986
f 3765 3770 3986
f 3986 3770 3987
f 3770 3781 3987
f 3987 3781 3988
f 3781 3787 3988
f 3988 3787 3989
f 3787 3797 3989
f 3989 3797 3990
f 3797 3805 3990
f 3990 3805 3991
f 3805 3814 3991
f 3991 3814 3992
f 3814 3834 3992
f 3992 3834 3993
f 3834 3835 3993
f 3993 3835 3994
f 3835 3847 3994
f 3994 3847 3995
f 3847 3863 3995
f 3995 3863 3996
f 3863 3901 3996
f 3996 3901 3997
f 3901 3939 3997
f 3997 3939 3998
f 3939 3968 3998
f 3998 3968 3999
f 3968 4001 3999
f 3999 4001 3749
f 4001 3654 3749
f 3749 3654 3653
f 3755 2250 3716
f 3745 3744 3877
f 3744 3864 3877
f 3877 3864 3862
f 3864 3865 3862
f 3862 3865 3860
f 3865 3866 3860
f 3860 3866 3881
f 3866 3867 3881
f 3881 3867 3887
f 3867 3868 3887
f 3887 3868 3892
f 3868 3869 3892
f 3892 3869 3900
f 3869 3870 3900
f 3900 3870 3796
f 3870 3871 3796
f 3796 3871 3794
f 3871 3872 3794
f 3794 3872 3780
f 3872 3873 3780
f 3780 3873 3778
f 3873 3874 3778
f 3778 3874 3764
f 3874 3875 3764
f 3764 3875 3757
f 3875 3876 3757
f 3757 3876 3755
f 3876 2250 3755
f 4002 3777 4003
f 3777 3776 4003
f 4003 3776 4004
f 4002 4005 3777
f 4005 4006 3777
f 3777 4006 2250
f 4006 4007 2250
f 2250 4007 2238
f 3771 4008 3772
f 4008 4009 3772
f 3772 4009 3773
f 4009 4010 3773
f 4010 4011 3773
f 3773 4011 3774
f 4011 4012 3774
f 3774 4012 3775
f 4012 4013 3775
f 3775 4013 3776
f 4013 4014 3776
f 3776 4014 4004
f 3706 4015 3707
f 4015 4016 3707
f 3707 4016 3709
f 4016 4017 3709
f 3709 4017 3710
f 4017 4018 3710
f 3710 4018 3771
f 4018 4019 3771
f 3771 4019 4008
f 3700 4020 3701
f 4020 4021 3701
f 3701 4021 3703
f 4021 4022 3703
f 3703 4022 3704
f 4022 4023 3704
f 3704 4023 3706
f 4023 4024 3706
f 3706 4024 4015
f 3694 4025 3695
f 4025 4026 3695
f 3695 4026 3697
f 4026 4027 3697
f 3697 4027 3698
f 4027 4028 3698
f 3698 4028 3700
f 4028 4029 3700
f 3700 4029 4020
f 3742 4030 3743
f 4030 4031 3743
f 3743 4031 3688
f 4031 4032 3688
f 4032 4033 3688
f 3688 4033 3689
f 4033 4034 3689
f 3689 4034 3691
f 4034 4035 3691
f 3691 4035 3692
f 4035 4036 3692
f 3692 4036 3694
f 4036 4037 3694
f 3694 4037 4025
f 4038 4039 4040
f 3742 4041 4042
f 4043 4044 4045
f 4042 4046 3742
f 4046 4047 3742
f 3742 4047 4048
f 4049 4050 4051
f 4050 4052 4051
f 4053 4054 4055
f 4054 4056 4055
f 4055 4056 4057
f 4058 4059 4060
f 4045 4061 4043
f 4061 4062 4043
f 4043 4062 4063
f 4064 4065 4043
f 4065 4066 4043
f 4053 4055 4060
f 4055 4067 4060
f 4060 4067 4068
f 4060 4069 4070
f 4071 4072 4060
f 4072 4073 4060
f 4048 4074 3742
f 4074 4075 3742
f 3742 4075 4030
f 4040 4076 4038
f 4076 4077 4038
f 4038 4077 4078
f 4066 4079 4043
f 4079 4080 4043
f 4043 4080 4060
f 4057 4081 4055
f 4081 4082 4055
f 4055 4082 4083
f 4084 4085 4060
f 4085 4086 4060
f 4060 4086 4071
f 4087 4088 4043
f 4088 4089 4043
f 4090 4091 4051
f 4091 4092 4051
f 4051 4092 4049
f 4093 4094 4051
f 4094 4095 4051
f 4051 4095 4043
f 4095 4096 4043
f 4063 4097 4043
f 4097 4098 4043
f 4043 4098 4064
f 4068 4099 4060
f 4099 4100 4060
f 4060 4100 4069
f 4101 4060 4102
f 4060 4103 4102
f 4104 4105 4043
f 4106 4107 4051
f 4107 4108 4051
f 4051 4108 4093
f 4070 4109 4060
f 4109 4110 4060
f 4060 4110 4103
f 4073 4111 4060
f 4111 4112 4060
f 4060 4112 4058
f 4105 4113 4043
f 4113 4114 4043
f 4043 4114 4115
f 4116 4117 3742
f 4117 4118 3742
f 3742 4118 4041
f 4101 4119 4060
f 4119 4120 4060
f 4060 4120 4084
f 4121 4122 4051
f 4122 4123 4051
f 4051 4123 4124
f 4096 4125 4043
f 4125 4126 4043
f 4043 4126 4127
f 4089 4128 4043
f 4128 4129 4043
f 4043 4129 4130
f 4124 4131 4051
f 4131 4132 4051
f 4051 4132 4090
f 4133 4134 4051
f 4134 4135 4051
f 4051 4135 4106
f 4115 4136 4043
f 4136 4137 4043
f 4043 4137 4138
f 4130 4139 4043
f 4139 4140 4043
f 4043 4140 3742
f 4140 4141 3742
f 3742 4141 4116
f 4078 4142 4038
f 4142 4143 4038
f 4038 4143 4051
f 4143 4144 4051
f 4051 4144 4121
f 4059 4145 4060
f 4145 4146 4060
f 4060 4146 4043
f 4146 4147 4043
f 4043 4147 4104
f 4127 4148 4043
f 4148 4149 4043
f 4043 4149 4150
f 4052 4151 4051
f 4151 4152 4051
f 4051 4152 4133
f 4150 4153 4043
f 4153 4154 4043
f 4043 4154 4044
f 4138 4155 4043
f 4155 4156 4043
f 4043 4156 4157
f 4157 4158 4043
f 4158 4159 4043
f 4043 4159 4087
f 4160 4055 4083
f 4161 2256 2287
f 4161 2287 4162
f 4163 4164 4165
f 4164 4166 4165
f 2287 4167 4162
f 4167 4164 4162
f 4162 4164 4168
f 4164 4163 4168
f 4169 4170 4171
f 4170 4172 4171
f 4171 4172 4173
f 4166 4174 4165
f 4174 4170 4165
f 4165 4170 4175
f 4170 4169 4175
f 4176 4177 4173
f 4177 4178 4173
f 4173 4178 4171
f 4179 4180 4181
f 4176 4182 4177
f 4182 4181 4177
f 4177 4181 4183
f 4181 4180 4183
f 4184 4185 4186
f 4185 4187 4186
f 4181 4188 4179
f 4188 4185 4179
f 4179 4185 4189
f 4185 4184 4189
f 4187 4190 4186
f 4190 4191 4186
f 4186 4191 4192
f 4191 4193 4192
f 4194 4195 4196
f 4195 4197 4196
f 4191 4198 4193
f 4198 4195 4193
f 4193 4195 4199
f 4195 4194 4199
f 4197 4200 4196
f 4200 4201 4196
f 4196 4201 4202
f 4201 4203 4202
f 4204 4205 4206
f 4205 4207 4206
f 4201 4208 4203
f 4208 4205 4203
f 4203 4205 4209
f 4205 4204 4209
f 4210 4211 4212
f 4211 4213 4212
f 4207 4214 4206
f 4214 4211 4206
f 4206 4211 4215
f 4211 4210 4215
f 4216 4217 4218
f 4217 4219 4218
f 4213 4220 4212
f 4220 4217 4212
f 4212 4217 4221
f 4217 4216 4221
f 4219 4222 4218
f 4222 4223 4218
f 4218 4223 4224
f 4223 4225 4224
f 4226 4227 4083
f 4227 4228 4083
f 4083 4228 4160
f 4223 4229 4225
f 4229 4227 4225
f 4225 4227 4230
f 4227 4226 4230
f 4231 4232 4233
f 4234 4235 4236
f 4237 4238 4239
f 4240 4241 4242
f 4243 4244 4245
f 4246 4247 4248
f 4249 4250 4251
f 4252 4253 4254
f 4255 4256 4257
f 4258 4259 4260
f 4261 4262 4263
f 4264 4265 4266
f 4267 4268 4269
f 4066 4065 4270
f 4271 4272 4273
f 4274 4275 4276
f 4277 4278 4279
f 4280 4281 4282
f 2236 2390 4283
f 2390 4284 4283
f 4285 4286 4284
f 4286 4287 4284
f 4287 4288 4284
f 4288 4289 4284
f 4284 4289 4283
f 4290 4291 4292
f 4291 4293 4292
f 4292 4293 4294
f 4290 4295 4291
f 4295 4296 4291
f 4291 4296 4285
f 4296 4297 4285
f 4285 4297 4286
f 4282 4281 4298
f 4281 4299 4298
f 4299 4300 4298
f 4298 4300 4293
f 4300 4301 4293
f 4293 4301 4294
f 4279 4278 4302
f 4278 4303 4302
f 4303 4304 4302
f 4302 4304 4282
f 4304 4305 4282
f 4282 4305 4280
f 4276 4275 4306
f 4275 4307 4306
f 4307 4308 4306
f 4306 4308 4279
f 4308 4309 4279
f 4279 4309 4277
f 4273 4272 4310
f 4272 4311 4310
f 4311 4312 4310
f 4310 4312 4276
f 4312 4313 4276
f 4276 4313 4274
f 4314 4039 4315
f 4039 4316 4315
f 4315 4316 4273
f 4316 4317 4273
f 4273 4317 4271
f 4318 4076 4314
f 4076 4040 4314
f 4314 4040 4039
f 4319 4078 4318
f 4078 4077 4318
f 4318 4077 4076
f 4121 4144 4269
f 4144 4143 4269
f 4269 4143 4319
f 4143 4142 4319
f 4319 4142 4078
f 4268 4123 4269
f 4123 4122 4269
f 4269 4122 4121
f 4053 4060 4320
f 4060 4080 4320
f 4054 4321 4056
f 4321 4322 4056
f 4056 4322 4057
f 4226 4083 4323
f 4083 4082 4323
f 4323 4082 4322
f 4082 4081 4322
f 4322 4081 4057
f 4226 4323 4230
f 4323 4324 4230
f 4230 4324 4225
f 4325 4218 4324
f 4218 4224 4324
f 4324 4224 4225
f 4210 4212 4326
f 4212 4221 4326
f 4326 4221 4325
f 4221 4216 4325
f 4325 4216 4218
f 4210 4326 4215
f 4326 4327 4215
f 4215 4327 4206
f 4202 4203 4328
f 4203 4209 4328
f 4328 4209 4327
f 4209 4204 4327
f 4327 4204 4206
f 4202 4328 4196
f 4328 4329 4196
f 4196 4329 4194
f 4194 4329 4199
f 4329 4330 4199
f 4199 4330 4193
f 4331 4186 4330
f 4186 4192 4330
f 4330 4192 4193
f 4180 4179 4332
f 4179 4189 4332
f 4332 4189 4331
f 4189 4184 4331
f 4331 4184 4186
f 4333 4177 4332
f 4177 4183 4332
f 4332 4183 4180
f 4175 4169 4334
f 4169 4171 4334
f 4334 4171 4333
f 4171 4178 4333
f 4333 4178 4177
f 4175 4334 4165
f 4334 4335 4165
f 4165 4335 4163
f 2256 4161 2377
f 4161 4162 2377
f 2377 4162 4335
f 4162 4168 4335
f 4335 4168 4163
f 2378 2377 4336
f 2377 4335 4336
f 4336 4335 4337
f 4335 4334 4337
f 4337 4334 4338
f 4334 4333 4338
f 4338 4333 4339
f 4333 4332 4339
f 4339 4332 4340
f 4332 4331 4340
f 4340 4331 4341
f 4331 4330 4341
f 4341 4330 4342
f 4330 4329 4342
f 4342 4329 4343
f 4329 4328 4343
f 4343 4328 4344
f 4328 4327 4344
f 4344 4327 4345
f 4327 4326 4345
f 4345 4326 4346
f 4326 4325 4346
f 4346 4325 4347
f 4325 4324 4347
f 4347 4324 4348
f 4324 4323 4348
f 4348 4323 4349
f 4323 4322 4349
f 4349 4322 4350
f 4322 4321 4350
f 4350 4321 4351
f 2379 2378 4352
f 2378 4336 4352
f 4352 4336 4353
f 4336 4337 4353
f 4353 4337 4354
f 4337 4338 4354
f 4354 4338 4355
f 4338 4339 4355
f 4355 4339 4356
f 4339 4340 4356
f 4356 4340 4357
f 4340 4341 4357
f 4357 4341 4358
f 4341 4342 4358
f 4358 4342 4359
f 4342 4343 4359
f 4359 4343 4360
f 4343 4344 4360
f 4360 4344 4361
f 4344 4345 4361
f 4361 4345 4362
f 4345 4346 4362
f 4362 4346 4363
f 4346 4347 4363
f 4363 4347 4364
f 4347 4348 4364
f 4364 4348 4365
f 4348 4349 4365
f 4365 4349 4366
f 4349 4350 4366
f 4366 4350 4367
f 4350 4351 4367
f 4367 4351 4233
f 4368 4320 4369
f 4320 4080 4369
f 4369 4080 4079
f 4265 4267 4266
f 4267 4269 4266
f 4266 4269 4370
f 4269 4319 4370
f 4370 4319 4371
f 4319 4318 4371
f 4371 4318 4372
f 4318 4314 4372
f 4372 4314 4373
f 4314 4315 4373
f 4373 4315 4374
f 4315 4273 4374
f 4374 4273 4375
f 4273 4310 4375
f 4375 4310 4376
f 4310 4276 4376
f 4376 4276 4377
f 4276 4306 4377
f 4377 4306 4378
f 4306 4279 4378
f 4378 4279 4379
f 4279 4302 4379
f 4379 4302 4380
f 4302 4282 4380
f 4380 4282 4381
f 4282 4298 4381
f 4381 4298 4382
f 4298 4293 4382
f 4382 4293 4383
f 4293 4291 4383
f 4383 4291 4384
f 4291 4285 4384
f 4384 4285 4385
f 4285 4284 4385
f 4385 4284 2392
f 4284 2390 2392
f 4262 4264 4263
f 4264 4266 4263
f 4263 4266 4386
f 4266 4370 4386
f 4386 4370 4387
f 4370 4371 4387
f 4387 4371 4388
f 4371 4372 4388
f 4388 4372 4389
f 4372 4373 4389
f 4389 4373 4390
f 4373 4374 4390
f 4390 4374 4391
f 4374 4375 4391
f 4391 4375 4392
f 4375 4376 4392
f 4392 4376 4393
f 4376 4377 4393
f 4393 4377 4394
f 4377 4378 4394
f 4394 4378 4395
f 4378 4379 4395
f 4395 4379 4396
f 4379 4380 4396
f 4396 4380 4397
f 4380 4381 4397
f 4397 4381 4398
f 4381 4382 4398
f 4398 4382 4399
f 4382 4383 4399
f 4399 4383 4400
f 4383 4384 4400
f 4400 4384 4401
f 4384 4385 4401
f 4401 4385 2394
f 4385 2392 2394
f 4259 4261 4260
f 4261 4263 4260
f 4260 4263 4402
f 4263 4386 4402
f 4402 4386 4403
f 4386 4387 4403
f 4403 4387 4404
f 4387 4388 4404
f 4404 4388 4405
f 4388 4389 4405
f 4405 4389 4406
f 4389 4390 4406
f 4406 4390 4407
f 4390 4391 4407
f 4407 4391 4408
f 4391 4392 4408
f 4408 4392 4409
f 4392 4393 4409
f 4409 4393 4410
f 4393 4394 4410
f 4410 4394 4411
f 4394 4395 4411
f 4411 4395 4412
f 4395 4396 4412
f 4412 4396 4413
f 4396 4397 4413
f 4413 4397 4414
f 4397 4398 4414
f 4414 4398 4415
f 4398 4399 4415
f 4415 4399 4416
f 4399 4400 4416
f 4416 4400 4417
f 4400 4401 4417
f 4417 4401 2396
f 4401 2394 2396
f 4256 4258 4257
f 4258 4260 4257
f 4257 4260 4418
f 4260 4402 4418
f 4418 4402 4419
f 4402 4403 4419
f 4419 4403 4420
f 4403 4404 4420
f 4420 4404 4421
f 4404 4405 4421
f 4421 4405 4422
f 4405 4406 4422
f 4422 4406 4423
f 4406 4407 4423
f 4423 4407 4424
f 4407 4408 4424
f 4424 4408 4425
f 4408 4409 4425
f 4425 4409 4426
f 4409 4410 4426
f 4426 4410 4427
f 4410 4411 4427
f 4427 4411 4428
f 4411 4412 4428
f 4428 4412 4429
f 4412 4413 4429
f 4429 4413 4430
f 4413 4414 4430
f 4430 4414 4431
f 4414 4415 4431
f 4431 4415 4432
f 4415 4416 4432
f 4432 4416 4433
f 4416 4417 4433
f 4433 4417 2398
f 4417 2396 2398
f 4253 4255 4254
f 4255 4257 4254
f 4254 4257 4434
f 4257 4418 4434
f 4434 4418 4435
f 4418 4419 4435
f 4435 4419 4436
f 4419 4420 4436
f 4436 4420 4437
f 4420 4421 4437
f 4437 4421 4438
f 4421 4422 4438
f 4438 4422 4439
f 4422 4423 4439
f 4439 4423 4440
f 4423 4424 4440
f 4440 4424 4441
f 4424 4425 4441
f 4441 4425 4442
f 4425 4426 4442
f 4442 4426 4443
f 4426 4427 4443
f 4443 4427 4444
f 4427 4428 4444
f 4444 4428 4445
f 4428 4429 4445
f 4445 4429 4446
f 4429 4430 4446
f 4446 4430 4447
f 4430 4431 4447
f 4447 4431 4448
f 4431 4432 4448
f 4448 4432 4449
f 4432 4433 4449
f 4449 4433 2400
f 4433 2398 2400
f 4250 4252 4251
f 4252 4254 4251
f 4251 4254 4450
f 4254 4434 4450
f 4450 4434 4451
f 4434 4435 4451
f 4451 4435 4452
f 4435 4436 4452
f 4452 4436 4453
f 4436 4437 4453
f 4453 4437 4454
f 4437 4438 4454
f 4454 4438 4455
f 4438 4439 4455
f 4455 4439 4456
f 4439 4440 4456
f 4456 4440 4457
f 4440 4441 4457
f 4457 4441 4458
f 4441 4442 4458
f 4458 4442 4459
f 4442 4443 4459
f 4459 4443 4460
f 4443 4444 4460
f 4460 4444 4461
f 4444 4445 4461
f 4461 4445 4462
f 4445 4446 4462
f 4462 4446 4463
f 4446 4447 4463
f 4463 4447 4464
f 4447 4448 4464
f 4464 4448 4465
f 4448 4449 4465
f 4465 4449 2402
f 4449 2400 2402
f 4466 4249 4467
f 4249 4251 4467
f 4467 4251 4468
f 4251 4450 4468
f 4468 4450 4469
f 4450 4451 4469
f 4469 4451 4470
f 4451 4452 4470
f 4470 4452 4471
f 4452 4453 4471
f 4471 4453 4472
f 4453 4454 4472
f 4472 4454 4473
f 4454 4455 4473
f 4473 4455 4474
f 4455 4456 4474
f 4474 4456 4475
f 4456 4457 4475
f 4475 4457 4476
f 4457 4458 4476
f 4476 4458 4477
f 4458 4459 4477
f 4477 4459 4478
f 4459 4460 4478
f 4478 4460 4479
f 4460 4461 4479
f 4479 4461 4480
f 4461 4462 4480
f 4480 4462 4481
f 4462 4463 4481
f 4481 4463 4482
f 4463 4464 4482
f 4482 4464 4483
f 4464 4465 4483
f 4483 4465 2403
f 4465 2402 2403
f 2403 2387 4483
f 2387 4484 4483
f 4483 4484 4482
f 4484 4485 4482
f 4482 4485 4481
f 4485 4486 4481
f 4481 4486 4480
f 4486 4487 4480
f 4480 4487 4479
f 4487 4488 4479
f 4479 4488 4478
f 4488 4489 4478
f 4478 4489 4477
f 4489 4490 4477
f 4477 4490 4476
f 4490 4491 4476
f 4476 4491 4475
f 4491 4492 4475
f 4475 4492 4474
f 4492 4493 4474
f 4474 4493 4473
f 4493 4494 4473
f 4473 4494 4472
f 4494 4495 4472
f 4472 4495 4471
f 4495 4496 4471
f 4471 4496 4470
f 4496 4497 4470
f 4470 4497 4469
f 4497 4498 4469
f 4469 4498 4468
f 4498 4499 4468
f 4468 4499 4467
f 4499 4248 4467
f 4467 4248 4466
f 4248 4247 4466
f 4244 4246 4245
f 4246 4248 4245
f 4245 4248 4500
f 4248 4499 4500
f 4500 4499 4501
f 4499 4498 4501
f 4501 4498 4502
f 4498 4497 4502
f 4502 4497 4503
f 4497 4496 4503
f 4503 4496 4504
f 4496 4495 4504
f 4504 4495 4505
f 4495 4494 4505
f 4505 4494 4506
f 4494 4493 4506
f 4506 4493 4507
f 4493 4492 4507
f 4507 4492 4508
f 4492 4491 4508
f 4508 4491 4509
f 4491 4490 4509
f 4509 4490 4510
f 4490 4489 4510
f 4510 4489 4511
f 4489 4488 4511
f 4511 4488 4512
f 4488 4487 4512
f 4512 4487 4513
f 4487 4486 4513
f 4513 4486 4514
f 4486 4485 4514
f 4514 4485 4515
f 4485 4484 4515
f 4515 4484 2386
f 4484 2387 2386
f 4241 4243 4242
f 4243 4245 4242
f 4242 4245 4516
f 4245 4500 4516
f 4516 4500 4517
f 4500 4501 4517
f 4517 4501 4518
f 4501 4502 4518
f 4518 4502 4519
f 4502 4503 4519
f 4519 4503 4520
f 4503 4504 4520
f 4520 4504 4521
f 4504 4505 4521
f 4521 4505 4522
f 4505 4506 4522
f 4522 4506 4523
f 4506 4507 4523
f 4523 4507 4524
f 4507 4508 4524
f 4524 4508 4525
f 4508 4509 4525
f 4525 4509 4526
f 4509 4510 4526
f 4526 4510 4527
f 4510 4511 4527
f 4527 4511 4528
f 4511 4512 4528
f 4528 4512 4529
f 4512 4513 4529
f 4529 4513 4530
f 4513 4514 4530
f 4530 4514 4531
f 4514 4515 4531
f 4531 4515 2385
f 4515 2386 2385
f 4238 4240 4239
f 4240 4242 4239
f 4239 4242 4532
f 4242 4516 4532
f 4532 4516 4533
f 4516 4517 4533
f 4533 4517 4534
f 4517 4518 4534
f 4534 4518 4535
f 4518 4519 4535
f 4535 4519 4536
f 4519 4520 4536
f 4536 4520 4537
f 4520 4521 4537
f 4537 4521 4538
f 4521 4522 4538
f 4538 4522 4539
f 4522 4523 4539
f 4539 4523 4540
f 4523 4524 4540
f 4540 4524 4541
f 4524 4525 4541
f 4541 4525 4542
f 4525 4526 4542
f 4542 4526 4543
f 4526 4527 4543
f 4543 4527 4544
f 4527 4528 4544
f 4544 4528 4545
f 4528 4529 4545
f 4545 4529 4546
f 4529 4530 4546
f 4546 4530 4547
f 4530 4531 4547
f 4547 4531 2381
f 4531 2385 2381
f 4235 4237 4236
f 4237 4239 4236
f 4236 4239 4548
f 4239 4532 4548
f 4548 4532 4549
f 4532 4533 4549
f 4549 4533 4550
f 4533 4534 4550
f 4550 4534 4551
f 4534 4535 4551
f 4551 4535 4552
f 4535 4536 4552
f 4552 4536 4553
f 4536 4537 4553
f 4553 4537 4554
f 4537 4538 4554
f 4554 4538 4555
f 4538 4539 4555
f 4555 4539 4556
f 4539 4540 4556
f 4556 4540 4557
f 4540 4541 4557
f 4557 4541 4558
f 4541 4542 4558
f 4558 4542 4559
f 4542 4543 4559
f 4559 4543 4560
f 4543 4544 4560
f 4560 4544 4561
f 4544 4545 4561
f 4561 4545 4562
f 4545 4546 4562
f 4562 4546 4563
f 4546 4547 4563
f 4563 4547 2380
f 4547 2381 2380
f 4232 4234 4233
f 4234 4236 4233
f 4233 4236 4367
f 4236 4548 4367
f 4367 4548 4366
f 4548 4549 4366
f 4366 4549 4365
f 4549 4550 4365
f 4365 4550 4364
f 4550 4551 4364
f 4364 4551 4363
f 4551 4552 4363
f 4363 4552 4362
f 4552 4553 4362
f 4362 4553 4361
f 4553 4554 4361
f 4361 4554 4360
f 4554 4555 4360
f 4360 4555 4359
f 4555 4556 4359
f 4359 4556 4358
f 4556 4557 4358
f 4358 4557 4357
f 4557 4558 4357
f 4357 4558 4356
f 4558 4559 4356
f 4356 4559 4355
f 4559 4560 4355
f 4355 4560 4354
f 4560 4561 4354
f 4354 4561 4353
f 4561 4562 4353
f 4353 4562 4352
f 4562 4563 4352
f 4352 4563 2379
f 4563 2380 2379
f 4054 4053 4321
f 4053 4320 4321
f 4321 4320 4351
f 4320 4368 4351
f 4351 4368 4233
f 4368 4564 4233
f 4233 4564 4231
f 4079 4066 4369
f 4066 4270 4369
f 4369 4270 4368
f 4270 4565 4368
f 4368 4565 4564
f 4295 4290 4566
f 4292 4294 4567
f 4300 4299 4568
f 4039 4038 4316
f 4038 4569 4316
f 4316 4569 4317
f 4311 4272 4569
f 4272 4271 4569
f 4569 4271 4317
f 4569 4570 4311
f 4570 4571 4311
f 4311 4571 4312
f 4571 4572 4312
f 4312 4572 4313
f 4572 4274 4313
f 4274 4572 4275
f 4572 4573 4275
f 4275 4573 4574
f 4277 4309 4575
f 4309 4308 4575
f 4575 4308 4574
f 4308 4307 4574
f 4574 4307 4275
f 4277 4575 4278
f 4575 4576 4278
f 4278 4576 4303
f 4576 4577 4303
f 4303 4577 4304
f 4577 4578 4304
f 4304 4578 4305
f 4568 4299 4579
f 4299 4281 4579
f 4579 4281 4578
f 4281 4280 4578
f 4578 4280 4305
f 4567 4294 4568
f 4294 4301 4568
f 4568 4301 4300
f 4292 4567 4290
f 4567 4580 4290
f 4290 4580 4566
f 4287 4286 4581
f 4286 4297 4581
f 4581 4297 4566
f 4297 4296 4566
f 4566 4296 4295
f 4581 4582 4287
f 4582 4583 4287
f 4287 4583 4288
f 4583 4289 4288
f 4584 2258 2236
f 4583 4585 4289
f 4585 4584 4289
f 4289 4584 4283
f 4584 2236 4283
f 4586 4587 4588
f 4572 4589 4590
f 4589 4572 4571
f 4591 4570 4569
f 4578 4577 4592
f 4577 4576 4592
f 4592 4593 4578
f 4593 4594 4578
f 4578 4594 4579
f 4594 4595 4579
f 4579 4595 4568
f 4568 4595 4567
f 4595 4596 4567
f 4567 4596 4580
f 4596 4597 4580
f 4580 4597 4566
f 4566 4597 4581
f 4597 4598 4581
f 4581 4598 4582
f 4582 4598 4583
f 4598 4599 4583
f 4583 4599 4585
f 4599 4600 4585
f 4585 4600 4584
f 4600 4601 4584
f 4584 4601 2258
f 4586 4602 4587
f 4602 4603 4587
f 4587 4603 4604
f 4603 4605 4604
f 4605 4606 4604
f 4604 4606 4607
f 4606 4608 4607
f 4608 4609 4607
f 4607 4609 4610
f 4609 4611 4610
f 4611 4612 4610
f 4610 4612 4613
f 4612 4614 4613
f 4613 4614 4615
f 4588 4587 4616
f 4587 4604 4616
f 4616 4604 4617
f 4604 4607 4617
f 4617 4607 4618
f 4607 4610 4618
f 4618 4610 4619
f 4610 4613 4619
f 4619 4613 4620
f 4613 4615 4620
f 4620 4615 4621
f 4622 4586 4588
f 4623 4624 4625
f 4624 4626 4625
f 4625 4626 4627
f 4626 4628 4627
f 4627 4628 4629
f 4628 4630 4629
f 4629 4630 4631
f 4630 4632 4631
f 4631 4632 4633
f 4632 4634 4633
f 4633 4634 4635
f 4634 4636 4635
f 4635 4636 4637
f 4622 4588 4638
f 4588 4616 4638
f 4638 4616 4639
f 4616 4617 4639
f 4639 4617 4640
f 4617 4618 4640
f 4640 4618 4641
f 4618 4619 4641
f 4641 4619 4642
f 4619 4620 4642
f 4642 4620 4643
f 4620 4621 4643
f 4643 4621 4644
f 4645 4586 4622
f 4646 4647 4648
f 4637 4636 4649
f 4636 4650 4649
f 4649 4650 4651
f 4645 4622 4652
f 4622 4638 4652
f 4652 4638 4653
f 4638 4639 4653
f 4653 4639 4654
f 4639 4640 4654
f 4654 4640 4655
f 4640 4641 4655
f 4655 4641 4656
f 4641 4642 4656
f 4656 4642 4657
f 4642 4643 4657
f 4657 4643 4658
f 4643 4644 4658
f 4658 4644 4659
f 4660 4586 4645
f 4648 4647 4661
f 4647 4662 4661
f 4661 4662 4663
f 4651 4650 4664
f 4650 4665 4664
f 4664 4665 4666
f 4660 4645 4667
f 4645 4652 4667
f 4667 4652 4668
f 4652 4653 4668
f 4668 4653 4669
f 4653 4654 4669
f 4669 4654 4670
f 4654 4655 4670
f 4670 4655 4671
f 4655 4656 4671
f 4671 4656 4672
f 4656 4657 4672
f 4672 4657 4673
f 4657 4658 4673
f 4673 4658 4674
f 4658 4659 4674
f 4674 4659 4675
f 4676 4586 4660
f 4666 4665 4677
f 4665 4678 4677
f 4677 4678 4679
f 4676 4660 4680
f 4660 4667 4680
f 4680 4667 4681
f 4667 4668 4681
f 4681 4668 4682
f 4668 4669 4682
f 4682 4669 4683
f 4669 4670 4683
f 4683 4670 4684
f 4670 4671 4684
f 4684 4671 4685
f 4671 4672 4685
f 4685 4672 4686
f 4672 4673 4686
f 4686 4673 4687
f 4673 4674 4687
f 4687 4674 4688
f 4674 4675 4688
f 4688 4675 4689
f 4690 4586 4676
f 4662 4691 4663
f 4691 4692 4663
f 4663 4692 4693
f 4679 4678 4694
f 4678 4695 4694
f 4694 4695 4696
f 4690 4676 4697
f 4676 4680 4697
f 4697 4680 4698
f 4680 4681 4698
f 4698 4681 4699
f 4681 4682 4699
f 4699 4682 4700
f 4682 4683 4700
f 4700 4683 4701
f 4683 4684 4701
f 4701 4684 4702
f 4684 4685 4702
f 4702 4685 4703
f 4685 4686 4703
f 4703 4686 4704
f 4686 4687 4704
f 4704 4687 4705
f 4687 4688 4705
f 4705 4688 4706
f 4688 4689 4706
f 4706 4689 4707
f 4708 4586 4690
f 4692 4709 4693
f 4709 4710 4693
f 4693 4710 4711
f 4696 4695 4712
f 4695 4713 4712
f 4712 4713 4714
f 4708 4690 4715
f 4690 4697 4715
f 4715 4697 4716
f 4697 4698 4716
f 4716 4698 4717
f 4698 4699 4717
f 4717 4699 4718
f 4699 4700 4718
f 4718 4700 4719
f 4700 4701 4719
f 4719 4701 4720
f 4701 4702 4720
f 4720 4702 4721
f 4702 4703 4721
f 4721 4703 4722
f 4703 4704 4722
f 4722 4704 4723
f 4704 4705 4723
f 4723 4705 4724
f 4705 4706 4724
f 4724 4706 4725
f 4706 4707 4725
f 4725 4707 4726
f 4727 4586 4708
f 4710 4728 4711
f 4728 4729 4711
f 4711 4729 4730
f 4714 4713 4731
f 4713 4732 4731
f 4731 4732 4733
f 4727 4708 4734
f 4708 4715 4734
f 4734 4715 4735
f 4715 4716 4735
f 4735 4716 4736
f 4716 4717 4736
f 4736 4717 4737
f 4717 4718 4737
f 4737 4718 4738
f 4718 4719 4738
f 4738 4719 4739
f 4719 4720 4739
f 4739 4720 4740
f 4720 4721 4740
f 4740 4721 4741
f 4721 4722 4741
f 4741 4722 4742
f 4722 4723 4742
f 4742 4723 4743
f 4723 4724 4743
f 4743 4724 4744
f 4724 4725 4744
f 4744 4725 4745
f 4725 4726 4745
f 4745 4726 4746
f 4747 4748 4749
f 4750 4748 4751
f 4748 4747 4751
f 4751 4747 4752
f 4753 4750 4754
f 4750 4751 4754
f 4754 4751 4755
f 4751 4752 4755
f 4755 4752 4756
f 4757 4753 4758
f 4753 4754 4758
f 4758 4754 4759
f 4754 4755 4759
f 4759 4755 4760
f 4755 4756 4760
f 4760 4756 4761
f 4762 4757 4763
f 4757 4758 4763
f 4763 4758 4764
f 4758 4759 4764
f 4764 4759 4765
f 4759 4760 4765
f 4765 4760 4766
f 4760 4761 4766
f 4766 4761 4767
f 4768 4762 4730
f 4762 4763 4730
f 4730 4763 4711
f 4763 4764 4711
f 4711 4764 4693
f 4764 4765 4693
f 4693 4765 4663
f 4765 4766 4663
f 4663 4766 4661
f 4766 4767 4661
f 4661 4767 4648
f 4733 4732 4769
f 4732 4770 4769
f 4769 4770 4771
f 4729 4772 4730
f 4772 4773 4730
f 4730 4773 4768
f 4773 4774 4768
f 4768 4774 4775
f 4593 4749 4594
f 4749 4748 4594
f 4594 4748 4595
f 4748 4750 4595
f 4595 4750 4596
f 4750 4753 4596
f 4596 4753 4597
f 4753 4757 4597
f 4597 4757 4598
f 4757 4762 4598
f 4598 4762 4599
f 4762 4768 4599
f 4599 4768 4600
f 4768 4775 4600
f 4600 4775 4601
f 4771 4770 4776
f 4770 4777 4776
f 4776 4777 4778
f 4573 4572 4779
f 4572 4590 4779
f 4779 4590 4780
f 4590 4781 4780
f 4780 4781 4782
f 4781 4783 4782
f 4782 4783 4784
f 4783 4785 4784
f 4784 4785 4786
f 4785 4787 4786
f 4786 4787 4788
f 4787 4789 4788
f 4788 4789 4790
f 4789 4791 4790
f 4790 4791 4792
f 4791 4793 4792
f 4792 4793 4794
f 4793 4795 4794
f 4794 4795 4796
f 4795 4797 4796
f 4796 4797 4798
f 4797 4799 4798
f 4798 4799 4800
f 4799 4801 4800
f 4800 4801 4802
f 4801 4803 4802
f 4802 4803 4804
f 4803 4805 4804
f 4804 4805 4806
f 4806 4807 4804
f 4807 4808 4804
f 4804 4808 4802
f 4808 4809 4802
f 4802 4809 4800
f 4809 4810 4800
f 4800 4810 4798
f 4810 4811 4798
f 4798 4811 4796
f 4811 4812 4796
f 4796 4812 4794
f 4812 4813 4794
f 4794 4813 4792
f 4813 4814 4792
f 4792 4814 4790
f 4814 4815 4790
f 4790 4815 4788
f 4815 4816 4788
f 4788 4816 4786
f 4816 4817 4786
f 4786 4817 4784
f 4817 4818 4784
f 4784 4818 4782
f 4818 4819 4782
f 4782 4819 4780
f 4819 4820 4780
f 4780 4820 4779
f 4820 4821 4779
f 4779 4821 4573
f 4821 4574 4573
f 4822 4821 4746
f 4821 4820 4746
f 4746 4820 4745
f 4820 4819 4745
f 4745 4819 4744
f 4819 4818 4744
f 4744 4818 4743
f 4818 4817 4743
f 4743 4817 4742
f 4817 4816 4742
f 4742 4816 4741
f 4816 4815 4741
f 4741 4815 4740
f 4815 4814 4740
f 4740 4814 4739
f 4814 4813 4739
f 4739 4813 4738
f 4813 4812 4738
f 4738 4812 4737
f 4812 4811 4737
f 4737 4811 4736
f 4811 4810 4736
f 4736 4810 4735
f 4810 4809 4735
f 4735 4809 4734
f 4809 4808 4734
f 4734 4808 4727
f 4808 4807 4727
f 4727 4807 4586
f 4806 4586 4807
f 4805 4823 4806
f 4823 4586 4806
f 4614 4646 4615
f 4646 4648 4615
f 4615 4648 4621
f 4648 4767 4621
f 4621 4767 4644
f 4767 4761 4644
f 4644 4761 4659
f 4761 4756 4659
f 4659 4756 4675
f 4756 4752 4675
f 4675 4752 4689
f 4752 4747 4689
f 4689 4747 4707
f 4747 4749 4707
f 4707 4749 4726
f 4749 4593 4726
f 4726 4593 4746
f 4593 4592 4746
f 4746 4592 4822
f 4592 4576 4822
f 4822 4576 4821
f 4576 4575 4821
f 4821 4575 4574
f 4778 4777 4824
f 4777 4591 4824
f 4824 4591 4825
f 4591 4569 4825
f 4825 4569 4038
f 4571 4570 4589
f 4570 4591 4589
f 4589 4591 4590
f 4591 4777 4590
f 4590 4777 4781
f 4777 4770 4781
f 4781 4770 4783
f 4770 4732 4783
f 4783 4732 4785
f 4732 4713 4785
f 4785 4713 4787
f 4713 4695 4787
f 4787 4695 4789
f 4695 4678 4789
f 4789 4678 4791
f 4678 4665 4791
f 4791 4665 4793
f 4665 4650 4793
f 4793 4650 4795
f 4650 4636 4795
f 4795 4636 4797
f 4636 4634 4797
f 4797 4634 4799
f 4634 4632 4799
f 4799 4632 4801
f 4632 4630 4801
f 4801 4630 4803
f 4630 4628 4803
f 4803 4628 4805
f 4628 4626 4805
f 4805 4626 4823
f 4626 4624 4823
f 4823 4624 4586
f 4623 4586 4624
f 454 4586 453
f 4586 4623 453
f 453 4623 449
f 449 4623 448
f 4623 4625 448
f 448 4625 447
f 444 446 4627
f 446 445 4627
f 445 452 4627
f 452 451 4627
f 4627 451 4625
f 451 450 4625
f 4625 450 447
f 444 4627 443
f 4627 4629 443
f 443 4629 442
f 4629 4631 442
f 442 4631 441
f 437 438 4633
f 438 439 4633
f 4633 439 4631
f 439 440 4631
f 4631 440 441
f 437 4633 436
f 4633 4635 436
f 436 4635 435
f 420 422 4649
f 420 4649 418
f 416 418 4826
f 410 412 4826
f 412 414 4826
f 4826 414 416
f 422 424 4649
f 424 388 4649
f 4649 388 4637
f 388 387 4637
f 4637 387 4635
f 387 386 4635
f 4635 386 435
f 430 429 4827
f 429 406 4827
f 4827 406 4826
f 406 408 4826
f 4826 408 410
f 418 4649 4826
f 4649 4651 4826
f 4826 4651 4828
f 4651 4664 4828
f 4664 4666 4828
f 4828 4666 4829
f 4666 4677 4829
f 4677 4679 4829
f 4829 4679 4830
f 4679 4694 4830
f 4694 4696 4830
f 4830 4696 4831
f 4696 4712 4831
f 4831 4712 4832
f 4712 4714 4832
f 4832 4714 4833
f 4714 4731 4833
f 4833 4731 4834
f 4731 4733 4834
f 4834 4733 4835
f 4733 4769 4835
f 4835 4769 4836
f 4769 4771 4836
f 4836 4771 4837
f 4771 4776 4837
f 4837 4776 4838
f 4776 4778 4838
f 4838 4778 4839
f 4778 4824 4839
f 4839 4824 4840
f 4038 4051 4825
f 4051 4841 4825
f 4825 4841 4824
f 4841 4842 4824
f 4824 4842 4840
f 4586 454 98
f 4843 4586 4844
f 4586 98 4844
f 4844 98 97
f 4774 4773 4845
f 4602 4586 4843
f 4843 4846 4602
f 4846 4847 4602
f 4602 4847 4603
f 4847 4848 4603
f 4603 4848 4605
f 4848 4849 4605
f 4647 4646 4850
f 4646 4614 4850
f 4850 4614 4851
f 4614 4612 4851
f 4851 4612 4852
f 4612 4611 4852
f 4852 4611 4853
f 4611 4609 4853
f 4853 4609 4854
f 4609 4608 4854
f 4854 4608 4849
f 4608 4606 4849
f 4849 4606 4605
f 4850 4855 4647
f 4855 4856 4647
f 4647 4856 4662
f 4856 4857 4662
f 4662 4857 4858
f 4859 4710 4860
f 4710 4709 4860
f 4860 4709 4861
f 4709 4692 4861
f 4861 4692 4858
f 4692 4691 4858
f 4858 4691 4662
f 4845 4773 4862
f 4773 4772 4862
f 4862 4772 4863
f 4772 4729 4863
f 4863 4729 4859
f 4729 4728 4859
f 4859 4728 4710
f 4774 4845 4775
f 4845 4864 4775
f 4775 4864 4601
f 4864 2245 4601
f 4601 2245 2258
f 4865 4866 4867
f 2009 4868 4869
f 4870 4868 2009
f 2009 4871 4872
f 4873 4871 2009
f 4869 4873 2009
f 2009 4874 4875
f 4876 4874 2009
f 4872 4876 2009
f 2009 4877 4878
f 4879 4877 2009
f 4875 4879 2009
f 2009 4880 4881
f 4882 2245 4864
f 4845 4862 4883
f 4859 4860 4884
f 4858 4885 4861
f 4886 4887 4888
f 4889 4890 4891
f 4892 4893 4894
f 4895 4896 4897
f 4898 4899 4900
f 4899 4901 4881
f 4901 4902 4881
f 4902 2009 4881
f 4878 4880 2009
f 4898 4900 4896
f 4893 4903 4904
f 4903 4895 4904
f 4892 4894 4890
f 4905 4906 4907
f 4906 4889 4907
f 4887 4908 4909
f 4908 4910 4909
f 4886 4888 4911
f 4846 4843 4911
f 4911 4912 4846
f 4912 4913 4846
f 4846 4913 4847
f 4913 4914 4847
f 4847 4914 4848
f 4848 4914 4849
f 4914 4915 4849
f 4849 4915 4854
f 4915 4916 4854
f 4854 4916 4853
f 4916 4917 4853
f 4853 4917 4852
f 4851 4918 4850
f 4918 4919 4850
f 4850 4919 4855
f 4855 4919 4856
f 4919 4920 4856
f 4856 4920 4857
f 4857 4920 4858
f 4920 4921 4858
f 4858 4921 4885
f 2009 4922 4870
f 4922 4923 4870
f 4870 4923 4924
f 4899 4881 4900
f 4881 4880 4900
f 4900 4880 4925
f 4880 4878 4925
f 4925 4878 4926
f 4878 4877 4926
f 4926 4877 4927
f 4877 4879 4927
f 4927 4879 4928
f 4879 4875 4928
f 4928 4875 4929
f 4875 4874 4929
f 4929 4874 4930
f 4874 4876 4930
f 4930 4876 4931
f 4876 4872 4931
f 4931 4872 4932
f 4872 4871 4932
f 4932 4871 4933
f 4871 4873 4933
f 4933 4873 4934
f 4873 4869 4934
f 4934 4869 4935
f 4869 4868 4935
f 4935 4868 4936
f 4868 4870 4936
f 4936 4870 4865
f 4870 4924 4865
f 4865 4924 4866
f 4896 4900 4897
f 4900 4925 4897
f 4897 4925 4937
f 4925 4926 4937
f 4937 4926 4938
f 4926 4927 4938
f 4938 4927 4939
f 4927 4928 4939
f 4939 4928 4940
f 4928 4929 4940
f 4940 4929 4941
f 4929 4930 4941
f 4941 4930 4942
f 4930 4931 4942
f 4942 4931 4943
f 4931 4932 4943
f 4943 4932 4944
f 4932 4933 4944
f 4944 4933 4945
f 4933 4934 4945
f 4945 4934 4946
f 4934 4935 4946
f 4946 4935 4947
f 4935 4936 4947
f 4947 4936 4948
f 4936 4865 4948
f 4948 4865 4949
f 4865 4867 4949
f 4949 4867 4950
f 4895 4897 4904
f 4897 4937 4904
f 4904 4937 4951
f 4937 4938 4951
f 4951 4938 4952
f 4938 4939 4952
f 4952 4939 4953
f 4939 4940 4953
f 4953 4940 4954
f 4940 4941 4954
f 4954 4941 4955
f 4941 4942 4955
f 4955 4942 4956
f 4942 4943 4956
f 4956 4943 4957
f 4943 4944 4957
f 4957 4944 4958
f 4944 4945 4958
f 4958 4945 4959
f 4945 4946 4959
f 4959 4946 4960
f 4946 4947 4960
f 4960 4947 4961
f 4947 4948 4961
f 4961 4948 4962
f 4948 4949 4962
f 4962 4949 4963
f 4949 4950 4963
f 4963 4950 4964
f 4893 4904 4894
f 4904 4951 4894
f 4894 4951 4965
f 4951 4952 4965
f 4965 4952 4966
f 4952 4953 4966
f 4966 4953 4967
f 4953 4954 4967
f 4967 4954 4968
f 4954 4955 4968
f 4968 4955 4969
f 4955 4956 4969
f 4969 4956 4970
f 4956 4957 4970
f 4970 4957 4971
f 4957 4958 4971
f 4971 4958 4972
f 4958 4959 4972
f 4972 4959 4973
f 4959 4960 4973
f 4973 4960 4974
f 4960 4961 4974
f 4974 4961 4975
f 4961 4962 4975
f 4975 4962 4976
f 4962 4963 4976
f 4976 4963 4977
f 4963 4964 4977
f 4977 4964 4978
f 4890 4894 4891
f 4894 4965 4891
f 4891 4965 4979
f 4965 4966 4979
f 4979 4966 4980
f 4966 4967 4980
f 4980 4967 4981
f 4967 4968 4981
f 4981 4968 4982
f 4968 4969 4982
f 4982 4969 4983
f 4969 4970 4983
f 4983 4970 4984
f 4970 4971 4984
f 4984 4971 4985
f 4971 4972 4985
f 4985 4972 4986
f 4972 4973 4986
f 4986 4973 4987
f 4973 4974 4987
f 4987 4974 4988
f 4974 4975 4988
f 4988 4975 4989
f 4975 4976 4989
f 4989 4976 4990
f 4976 4977 4990
f 4990 4977 4991
f 4977 4978 4991
f 4991 4978 4992
f 4889 4891 4907
f 4891 4979 4907
f 4907 4979 4993
f 4979 4980 4993
f 4993 4980 4994
f 4980 4981 4994
f 4994 4981 4995
f 4981 4982 4995
f 4995 4982 4996
f 4982 4983 4996
f 4996 4983 4997
f 4983 4984 4997
f 4997 4984 4998
f 4984 4985 4998
f 4998 4985 4999
f 4985 4986 4999
f 4999 4986 5000
f 4986 4987 5000
f 5000 4987 5001
f 4987 4988 5001
f 5001 4988 5002
f 4988 4989 5002
f 5002 4989 5003
f 4989 4990 5003
f 5003 4990 5004
f 4990 4991 5004
f 5004 4991 5005
f 4991 4992 5005
f 5005 4992 5006
f 4905 4907 5007
f 4907 4993 5007
f 5007 4993 5008
f 4993 4994 5008
f 5008 4994 5009
f 4994 4995 5009
f 5009 4995 5010
f 4995 4996 5010
f 5010 4996 5011
f 4996 4997 5011
f 5011 4997 5012
f 4997 4998 5012
f 5012 4998 5013
f 4998 4999 5013
f 5013 4999 5014
f 4999 5000 5014
f 5014 5000 5015
f 5000 5001 5015
f 5015 5001 5016
f 5001 5002 5016
f 5016 5002 5017
f 5002 5003 5017
f 5017 5003 5018
f 5003 5004 5018
f 5018 5004 5019
f 5004 5005 5019
f 5019 5005 5020
f 5005 5006 5020
f 5020 5006 5021
f 4887 4909 4888
f 4909 5022 4888
f 4888 5022 5023
f 5022 5024 5023
f 5023 5024 5025
f 5024 5026 5025
f 5025 5026 5027
f 5026 5028 5027
f 5027 5028 5029
f 5028 5030 5029
f 5029 5030 5031
f 5030 5032 5031
f 5031 5032 5033
f 5032 5034 5033
f 5033 5034 5035
f 5034 5036 5035
f 5035 5036 5037
f 5036 5038 5037
f 5037 5038 5039
f 4911 4888 4912
f 4888 5023 4912
f 4912 5023 4913
f 5023 5025 4913
f 4913 5025 4914
f 5025 5027 4914
f 4914 5027 4915
f 5027 5029 4915
f 4915 5029 4916
f 5029 5031 4916
f 4916 5031 4917
f 5031 5033 4917
f 4917 5033 5040
f 5033 5035 5040
f 5040 5035 5041
f 5035 5037 5041
f 5041 5037 5042
f 5037 5039 5042
f 5042 5039 5043
f 4852 4917 4851
f 4917 5040 4851
f 4851 5040 4918
f 5040 5041 4918
f 4918 5041 4919
f 5041 5042 4919
f 4919 5042 4920
f 5042 5043 4920
f 4920 5043 4921
f 5038 5044 5039
f 5044 5045 5039
f 5039 5045 5043
f 5045 5046 5043
f 5043 5046 4921
f 5046 5047 4921
f 4921 5047 4885
f 5047 4884 4885
f 4885 4884 4861
f 4884 4860 4861
f 5044 5048 5045
f 5048 5049 5045
f 5045 5049 5046
f 5049 5050 5046
f 5046 5050 5047
f 5050 5051 5047
f 5047 5051 4884
f 5051 5052 4884
f 4884 5052 4859
f 5052 5053 4859
f 4859 5053 4863
f 5048 5054 5049
f 5054 5055 5049
f 5049 5055 5050
f 5055 5056 5050
f 5050 5056 5051
f 5056 5057 5051
f 5051 5057 5052
f 5057 5058 5052
f 5052 5058 5053
f 5058 4883 5053
f 5053 4883 4863
f 4883 4862 4863
f 5054 5059 5055
f 5059 5060 5055
f 5055 5060 5056
f 5060 5061 5056
f 5056 5061 5057
f 5061 5062 5057
f 5057 5062 5058
f 5062 5063 5058
f 5058 5063 4883
f 5063 5064 4883
f 4883 5064 4845
f 5064 5065 4845
f 4845 5065 4864
f 4882 4864 5066
f 4864 5065 5066
f 5066 5065 5067
f 5065 5064 5067
f 5067 5064 5068
f 5064 5063 5068
f 5068 5063 5069
f 5063 5062 5069
f 5069 5062 5070
f 5062 5061 5070
f 5070 5061 5071
f 5061 5060 5071
f 5071 5060 5021
f 5060 5059 5021
f 5021 5059 5020
f 5059 5054 5020
f 5020 5054 5019
f 5054 5048 5019
f 5019 5048 5018
f 5048 5044 5018
f 5018 5044 5017
f 5044 5038 5017
f 5017 5038 5016
f 5038 5036 5016
f 5016 5036 5015
f 5036 5034 5015
f 5015 5034 5014
f 5034 5032 5014
f 5014 5032 5013
f 5032 5030 5013
f 5013 5030 5012
f 5030 5028 5012
f 5012 5028 5011
f 5028 5026 5011
f 5011 5026 5010
f 5026 5024 5010
f 5010 5024 5009
f 5024 5022 5009
f 5009 5022 5008
f 5022 4909 5008
f 5008 4909 5007
f 4909 4910 5007
f 5007 4910 4905
f 244 243 5072
f 243 242 5072
f 5072 242 5073
f 242 241 5073
f 5073 241 2009
f 245 5074 285
f 5074 5075 285
f 285 5075 286
f 5075 5076 286
f 286 5076 246
f 246 5076 247
f 5076 5077 247
f 247 5077 248
f 134 95 5078
f 95 94 5078
f 5078 94 5079
f 94 93 5079
f 5079 93 5080
f 93 58 5080
f 5080 58 5081
f 58 57 5081
f 5082 60 5083
f 60 59 5083
f 5083 59 5084
f 59 135 5084
f 96 64 5085
f 64 63 5085
f 5085 63 5086
f 63 62 5086
f 5086 62 5082
f 62 61 5082
f 5082 61 60
f 4911 4843 4844
f 5084 4908 5083
f 4908 4887 5083
f 5083 4887 5082
f 4887 4886 5082
f 5082 4886 5086
f 4886 4911 5086
f 5086 4911 5085
f 4911 4844 5085
f 5085 4844 96
f 4844 97 96
f 4906 4905 5084
f 4905 4910 5084
f 5084 4910 4908
f 5081 4890 5080
f 4890 4889 5080
f 5080 4889 5079
f 4889 4906 5079
f 5079 4906 5078
f 4906 5084 5078
f 5078 5084 134
f 5084 135 134
f 4903 4893 5081
f 4893 4892 5081
f 5081 4892 4890
f 5074 4896 5075
f 4896 4895 5075
f 5075 4895 5076
f 4895 4903 5076
f 5076 4903 5077
f 4903 5081 5077
f 5077 5081 248
f 5081 57 248
f 4901 4899 5074
f 4899 4898 5074
f 5074 4898 4896
f 2009 4902 5073
f 4902 4901 5073
f 5073 4901 5072
f 4901 5074 5072
f 5072 5074 244
f 5074 245 244
f 2006 2004 5087
f 2058 5088 5089
f 5090 2275 2245
f 2074 2072 2328
f 2328 5091 2074
f 5091 5092 2074
f 2074 5092 2132
f 2132 5092 2066
f 5092 5093 2066
f 2066 5093 2064
f 2064 5093 2061
f 5093 5094 2061
f 2061 5094 2013
f 2058 2056 5088
f 2056 2055 5088
f 5088 2055 5094
f 2055 2014 5094
f 5094 2014 2013
f 2052 2050 5095
f 2050 2049 5095
f 5095 2049 5089
f 2049 2060 5089
f 5089 2060 2058
f 2052 5095 2054
f 5095 5096 2054
f 2054 5096 2046
f 2046 5096 2047
f 5096 5097 2047
f 2047 5097 2048
f 2036 2110 5098
f 2110 2045 5098
f 5098 2045 5097
f 2045 2043 5097
f 5097 2043 2048
f 2036 5098 2037
f 5098 5099 2037
f 2037 5099 2039
f 2039 5099 2041
f 5099 5100 2041
f 2041 5100 2104
f 2104 5100 2030
f 5100 5101 2030
f 2030 5101 2031
f 2025 2098 5102
f 2098 2035 5102
f 5102 2035 5101
f 2035 2033 5101
f 5101 2033 2031
f 2025 5102 2026
f 5102 5103 2026
f 2026 5103 2028
f 5104 2024 2022
f 5104 2001 2000
f 2024 5104 2023
f 5104 2000 2023
f 2023 2000 1966
f 2002 2001 5105
f 2001 5104 5105
f 5105 5104 5103
f 5104 2022 5103
f 5103 2022 2028
f 2007 5106 2008
f 5106 4922 2008
f 2008 4922 2009
f 2245 4882 5090
f 4882 5066 5090
f 5090 5066 5107
f 5066 5067 5107
f 5107 5067 5108
f 5067 5068 5108
f 5108 5068 5109
f 5068 5069 5109
f 5109 5069 5110
f 5069 5070 5110
f 5110 5070 5111
f 5070 5071 5111
f 5111 5071 5112
f 5071 5021 5112
f 5112 5021 5113
f 5021 5006 5113
f 5113 5006 5114
f 5006 4992 5114
f 5114 4992 5115
f 4992 4978 5115
f 5115 4978 5116
f 4978 4964 5116
f 5116 4964 5117
f 4964 4950 5117
f 5117 4950 5118
f 4950 4867 5118
f 5118 4867 5119
f 4867 4866 5119
f 5119 4866 5120
f 4866 4924 5120
f 5120 4924 4923
f 2270 2275 5121
f 2275 5090 5121
f 5121 5090 5122
f 5090 5107 5122
f 5122 5107 5123
f 5107 5108 5123
f 5123 5108 5124
f 5108 5109 5124
f 5124 5109 5125
f 5109 5110 5125
f 5125 5110 5126
f 5110 5111 5126
f 5126 5111 5127
f 5111 5112 5127
f 5127 5112 5128
f 5112 5113 5128
f 5128 5113 5129
f 5113 5114 5129
f 5129 5114 5130
f 5114 5115 5130
f 5130 5115 5131
f 5115 5116 5131
f 5131 5116 5132
f 5116 5117 5132
f 5132 5117 5133
f 5117 5118 5133
f 5133 5118 5134
f 5118 5119 5134
f 5134 5119 5135
f 5119 5120 5135
f 5135 5120 5106
f 5120 4923 5106
f 5106 4923 4922
f 2007 2006 5106
f 2006 5087 5106
f 5106 5087 5135
f 5087 5136 5135
f 5135 5136 5134
f 5136 5137 5134
f 5134 5137 5133
f 5137 5138 5133
f 5133 5138 5132
f 5138 5139 5132
f 5132 5139 5131
f 5139 5140 5131
f 5131 5140 5130
f 5140 5141 5130
f 5130 5141 5129
f 5141 5142 5129
f 5129 5142 5128
f 5142 5143 5128
f 5128 5143 5127
f 5143 5144 5127
f 5127 5144 5126
f 5144 5145 5126
f 5126 5145 5125
f 5145 5146 5125
f 5125 5146 5124
f 5146 5147 5124
f 5124 5147 5123
f 5147 5148 5123
f 5123 5148 5122
f 5148 5149 5122
f 5122 5149 5121
f 5149 5150 5121
f 5121 5150 2270
f 5150 2300 2270
f 2004 2002 5087
f 2002 5105 5087
f 5087 5105 5136
f 5105 5103 5136
f 5136 5103 5137
f 5103 5102 5137
f 5137 5102 5138
f 5102 5101 5138
f 5138 5101 5139
f 5101 5100 5139
f 5139 5100 5140
f 5100 5099 5140
f 5140 5099 5141
f 5099 5098 5141
f 5141 5098 5142
f 5098 5097 5142
f 5142 5097 5143
f 5097 5096 5143
f 5143 5096 5144
f 5096 5095 5144
f 5144 5095 5145
f 5095 5089 5145
f 5145 5089 5146
f 5089 5088 5146
f 5146 5088 5147
f 5088 5094 5147
f 5147 5094 5148
f 5094 5093 5148
f 5148 5093 5149
f 5093 5092 5149
f 5149 5092 5150
f 5092 5091 5150
f 5150 5091 2300
f 5091 2328 2300
f 5151 5152 430
f 5152 431 430
f 4051 430 4827
f 430 4051 5151
f 4051 4043 5151
f 5151 4043 5153
f 4840 4832 4833
f 4827 4826 4051
f 4826 4828 4051
f 4051 4828 4829
f 4840 4842 4832
f 4842 4841 4832
f 4832 4841 4051
f 4829 4830 4051
f 4830 4831 4051
f 4051 4831 4832
f 4837 4838 4839
f 4833 4834 4840
f 4834 4835 4840
f 4840 4835 4839
f 4835 4836 4839
f 4839 4836 4837
f 456 455 5154
f 455 536 5154
f 5154 536 5155
f 536 537 5155
f 5155 537 5152
f 537 431 5152
f 534 5156 461
f 5156 5157 461
f 461 5157 462
f 534 459 5156
f 459 458 5156
f 5156 458 5154
f 458 535 5154
f 5154 535 456
f 5158 465 5159
f 465 464 5159
f 5159 464 5157
f 464 533 5157
f 5157 533 462
f 528 468 5158
f 468 467 5158
f 5158 467 465
f 5160 526 5161
f 526 525 5161
f 525 532 5161
f 532 531 5161
f 5161 531 5158
f 531 529 5158
f 5158 529 528
f 5162 5163 521
f 521 522 5162
f 522 523 5162
f 5162 523 5160
f 523 524 5160
f 5160 524 526
f 5164 667 5163
f 667 521 5163
f 701 700 5165
f 5164 5166 667
f 5166 771 667
f 5165 700 5166
f 700 770 5166
f 5166 770 771
f 768 5167 706
f 5167 5168 706
f 706 5168 707
f 768 704 5167
f 704 703 5167
f 5167 703 5165
f 703 769 5165
f 5165 769 701
f 5169 710 5170
f 710 709 5170
f 5170 709 5168
f 709 767 5168
f 5168 767 707
f 5171 766 5169
f 766 764 5169
f 5169 764 763
f 763 713 5169
f 713 712 5169
f 5169 712 710
f 757 758 5172
f 758 759 5172
f 759 761 5172
f 5172 761 5171
f 761 760 5171
f 5171 760 766
f 5172 5173 757
f 5173 5174 757
f 757 5174 756
f 5175 935 5174
f 935 756 5174
f 949 948 5176
f 948 1029 5176
f 5176 1029 5177
f 1029 1030 5177
f 5177 1030 5175
f 1030 935 5175
f 1027 5178 954
f 5178 5179 954
f 954 5179 955
f 1027 952 5178
f 952 951 5178
f 5178 951 5176
f 951 1028 5176
f 5176 1028 949
f 5180 958 5181
f 958 957 5181
f 5181 957 5179
f 957 1026 5179
f 5179 1026 955
f 1021 961 5180
f 961 960 5180
f 5180 960 958
f 5182 1019 5183
f 1019 1018 5183
f 1018 1025 5183
f 1025 1024 5183
f 5183 1024 5180
f 1024 1022 5180
f 5180 1022 1021
f 5184 5185 1014
f 1014 1015 5184
f 1015 1016 5184
f 5184 1016 5182
f 1016 1017 5182
f 5182 1017 1019
f 5186 1160 5185
f 1160 1014 5185
f 1194 1193 5187
f 5186 5188 1160
f 5188 1264 1160
f 5187 1193 5188
f 1193 1263 5188
f 5188 1263 1264
f 1261 5189 1199
f 5189 5190 1199
f 1199 5190 1200
f 1261 1197 5189
f 1197 1196 5189
f 5189 1196 5187
f 1196 1262 5187
f 5187 1262 1194
f 5191 1203 5192
f 1203 1202 5192
f 5192 1202 5190
f 1202 1260 5190
f 5190 1260 1200
f 5193 1259 5191
f 1259 1257 5191
f 5191 1257 1256
f 1256 1206 5191
f 1206 1205 5191
f 5191 1205 1203
f 1250 1251 5194
f 1251 1252 5194
f 1252 1254 5194
f 5194 1254 5193
f 1254 1253 5193
f 5193 1253 1259
f 5194 5195 1250
f 5195 5196 1250
f 1250 5196 1249
f 1249 5196 1438
f 5196 5197 1438
f 5198 5199 5200
f 5199 1438 5200
f 5200 1438 5201
f 1438 5197 5201
f 5201 5197 5202
f 5203 5204 5205
f 5204 5206 5205
f 5205 5206 5207
f 5208 5209 5200
f 5209 5210 5200
f 5200 5210 5198
f 5211 5212 5206
f 5212 5213 5206
f 5206 5213 5207
f 5203 5205 5200
f 5205 5214 5200
f 5200 5214 5208
f 5215 5216 5211
f 5216 5217 5211
f 5211 5217 5212
f 5204 5203 5218
f 5200 5219 5203
f 5219 5220 5203
f 5203 5220 5218
f 5215 5211 5218
f 5211 5206 5218
f 5218 5206 5204
f 5218 5221 5215
f 5221 5222 5215
f 5215 5222 5216
f 5222 5217 5216
f 5222 5223 5217
f 5223 5224 5217
f 5217 5224 5212
f 5224 5213 5212
f 5224 5225 5213
f 5225 5226 5213
f 5213 5226 5207
f 5226 5205 5207
f 5226 5227 5205
f 5227 5228 5205
f 5205 5228 5214
f 5228 5208 5214
f 5228 5229 5208
f 5229 5230 5208
f 5208 5230 5209
f 5230 5231 5209
f 5231 5232 5209
f 5209 5232 5210
f 5232 5233 5210
f 5233 5234 5210
f 5210 5234 5198
f 5234 5235 5198
f 5198 5235 5236
f 1394 1393 5236
f 1393 1427 5236
f 1427 1428 5236
f 1428 1429 5236
f 5236 1429 5198
f 1429 1430 5198
f 5198 1430 1431
f 1431 1432 5198
f 1432 1433 5198
f 5198 1433 1434
f 1434 1435 5198
f 1435 1436 5198
f 5198 1436 5199
f 1436 1437 5199
f 5199 1437 1438
f 5236 5237 1394
f 5237 5238 1394
f 1394 5238 1398
f 5238 1399 1398
f 1405 1404 5239
f 1404 1402 5239
f 5239 1402 5238
f 1402 1401 5238
f 5238 1401 1399
f 5240 5241 1411
f 1411 1410 5240
f 1410 1408 5240
f 5240 1408 5239
f 1408 1407 5239
f 5239 1407 1405
f 5242 1421 5243
f 1421 1419 5243
f 5243 1419 1418
f 1418 1416 5243
f 1416 1415 5243
f 5243 1415 5241
f 1415 1413 5241
f 5241 1413 1411
f 5244 1451 1425
f 1425 1426 5244
f 1426 1424 5244
f 5244 1424 5242
f 1424 1422 5242
f 5242 1422 1421
f 1486 1484 5245
f 1474 1473 5246
f 1471 1470 5247
f 1468 1466 5248
f 5249 5250 5251
f 1451 5244 5252
f 5251 5250 1451
f 5253 5254 5255
f 5256 5257 5258
f 5259 5260 5261
f 5262 5263 5264
f 5265 5266 1488
f 5262 5264 5267
f 5259 5261 5268
f 5269 5270 5271
f 5270 5272 5271
f 5271 5272 5273
f 5272 5274 5273
f 5273 5274 5275
f 5276 5277 5278
f 5277 5279 5278
f 5278 5279 5280
f 5280 5279 5281
f 5279 5220 5281
f 5281 5220 5219
f 1464 1463 5249
f 1463 1461 5249
f 5249 1461 5250
f 1461 1458 5250
f 5250 1458 1451
f 1466 1464 5248
f 1464 5249 5248
f 5248 5249 5282
f 5249 5251 5282
f 5282 5251 5283
f 5251 1451 5283
f 1470 1468 5247
f 1468 5248 5247
f 5247 5248 5284
f 5248 5282 5284
f 5284 5282 5285
f 5282 5283 5285
f 5285 5283 5286
f 5283 1451 5286
f 5287 5288 5289
f 1473 1471 5246
f 1471 5247 5246
f 5246 5247 5290
f 5247 5284 5290
f 5290 5284 5291
f 5284 5285 5291
f 5291 5285 5292
f 5285 5286 5292
f 5292 5286 5293
f 5286 1451 5293
f 5252 5244 5294
f 5244 5242 5294
f 5294 5242 5295
f 5242 5243 5295
f 5295 5243 5296
f 5243 5241 5296
f 5296 5241 5297
f 5241 5240 5297
f 5297 5240 5298
f 1456 1474 5299
f 1474 5246 5299
f 5299 5246 5300
f 5246 5290 5300
f 5300 5290 5301
f 5290 5291 5301
f 5301 5291 5302
f 5291 5292 5302
f 5302 5292 5303
f 5292 5293 5303
f 5303 5293 5304
f 5293 1451 5304
f 5305 5306 5307
f 1479 1456 5308
f 1456 5299 5308
f 5308 5299 5309
f 5299 5300 5309
f 5309 5300 5310
f 5300 5301 5310
f 5310 5301 5311
f 5301 5302 5311
f 5311 5302 5312
f 5302 5303 5312
f 5312 5303 5313
f 5303 5304 5313
f 5313 5304 5314
f 5304 1451 5314
f 5240 5239 5298
f 5239 5238 5298
f 5298 5238 5315
f 1481 1479 5316
f 1479 5308 5316
f 5316 5308 5317
f 5308 5309 5317
f 5317 5309 5318
f 5309 5310 5318
f 5318 5310 5319
f 5310 5311 5319
f 5319 5311 5320
f 5311 5312 5320
f 5320 5312 5321
f 5312 5313 5321
f 5321 5313 5322
f 5313 5314 5322
f 5322 5314 5323
f 5314 1451 5323
f 5324 5325 5326
f 5238 5237 5315
f 5237 5236 5315
f 5315 5236 5327
f 1482 1481 5328
f 1481 5316 5328
f 5328 5316 5329
f 5316 5317 5329
f 5329 5317 5330
f 5317 5318 5330
f 5330 5318 5331
f 5318 5319 5331
f 5331 5319 5332
f 5319 5320 5332
f 5332 5320 5333
f 5320 5321 5333
f 5333 5321 5334
f 5321 5322 5334
f 5334 5322 5335
f 5322 5323 5335
f 5335 5323 5336
f 5323 1451 5336
f 5236 5235 5327
f 5235 5234 5327
f 5327 5234 5337
f 1484 1482 5245
f 1482 5328 5245
f 5245 5328 5338
f 5328 5329 5338
f 5338 5329 5339
f 5329 5330 5339
f 5339 5330 5340
f 5330 5331 5340
f 5340 5331 5341
f 5331 5332 5341
f 5341 5332 5342
f 5332 5333 5342
f 5342 5333 5343
f 5333 5334 5343
f 5343 5334 5344
f 5334 5335 5344
f 5344 5335 5345
f 5335 5336 5345
f 5345 5336 5346
f 5336 1451 5346
f 5347 5348 5349
f 5234 5233 5337
f 5233 5232 5337
f 5337 5232 5350
f 5232 5231 5350
f 5231 5230 5350
f 5350 5230 5351
f 1501 5352 1500
f 5352 5353 1500
f 5230 5229 5351
f 5229 5228 5351
f 5351 5228 5354
f 5355 1496 5353
f 1496 1498 5353
f 5353 1498 1500
f 5356 5357 5358
f 5357 5359 5358
f 5358 5359 5360
f 5359 5361 5360
f 5360 5361 5362
f 5361 5363 5362
f 5362 5363 5364
f 5363 5365 5364
f 5364 5365 5366
f 5365 5367 5366
f 5366 5367 5368
f 5367 5369 5368
f 5368 5369 5370
f 5369 5371 5370
f 5370 5371 5372
f 5371 5373 5372
f 5372 5373 5374
f 5373 5288 5374
f 5374 5288 5375
f 5288 5287 5375
f 5375 5287 5376
f 5377 5356 5378
f 5356 5358 5378
f 5378 5358 5379
f 5358 5360 5379
f 5379 5360 5380
f 5360 5362 5380
f 5380 5362 5381
f 5362 5364 5381
f 5381 5364 5382
f 5364 5366 5382
f 5382 5366 5383
f 5366 5368 5383
f 5383 5368 5384
f 5368 5370 5384
f 5384 5370 5385
f 5370 5372 5385
f 5385 5372 5386
f 5372 5374 5386
f 5386 5374 5387
f 5374 5375 5387
f 5387 5375 5388
f 5375 5376 5388
f 5388 5376 5389
f 5389 5390 5388
f 5390 5391 5388
f 5388 5391 5387
f 5391 5392 5387
f 5387 5392 5386
f 5392 5393 5386
f 5386 5393 5385
f 5393 5394 5385
f 5385 5394 5384
f 5394 5395 5384
f 5384 5395 5383
f 5395 5396 5383
f 5383 5396 5382
f 5396 5397 5382
f 5382 5397 5381
f 5397 5398 5381
f 5381 5398 5380
f 5398 5399 5380
f 5380 5399 5379
f 5399 5400 5379
f 5379 5400 5378
f 5400 5401 5378
f 5378 5401 5377
f 5401 5402 5377
f 5403 5402 5354
f 5402 5401 5354
f 5354 5401 5351
f 5401 5400 5351
f 5351 5400 5350
f 5400 5399 5350
f 5350 5399 5337
f 5399 5398 5337
f 5337 5398 5327
f 5398 5397 5327
f 5327 5397 5315
f 5397 5396 5315
f 5315 5396 5298
f 5396 5395 5298
f 5298 5395 5297
f 5395 5394 5297
f 5297 5394 5296
f 5394 5393 5296
f 5296 5393 5295
f 5393 5392 5295
f 5295 5392 5294
f 5392 5391 5294
f 5294 5391 5252
f 5391 5390 5252
f 5252 5390 1451
f 1488 1490 5265
f 1490 1492 5265
f 5265 1492 5355
f 1492 1494 5355
f 5355 1494 1496
f 5263 5266 5264
f 5266 5265 5264
f 5264 5265 5404
f 5265 5355 5404
f 5404 5355 5405
f 5355 5353 5405
f 5405 5353 5406
f 5353 5352 5406
f 5406 5352 5349
f 5349 5348 5406
f 5348 5407 5406
f 5406 5407 5405
f 5407 5408 5405
f 5405 5408 5404
f 5408 5409 5404
f 5404 5409 5264
f 5409 5410 5264
f 5264 5410 5267
f 5260 5267 5261
f 5267 5410 5261
f 5261 5410 5411
f 5410 5409 5411
f 5411 5409 5412
f 5409 5408 5412
f 5412 5408 5413
f 5408 5407 5413
f 5413 5407 5414
f 5407 5348 5414
f 5414 5348 5415
f 5348 5347 5415
f 5415 5347 5326
f 5326 5325 5415
f 5325 5416 5415
f 5415 5416 5414
f 5416 5417 5414
f 5414 5417 5413
f 5417 5418 5413
f 5413 5418 5412
f 5418 5419 5412
f 5412 5419 5411
f 5419 5420 5411
f 5411 5420 5261
f 5420 5421 5261
f 5261 5421 5268
f 5257 5268 5258
f 5268 5421 5258
f 5258 5421 5422
f 5421 5420 5422
f 5422 5420 5423
f 5420 5419 5423
f 5423 5419 5424
f 5419 5418 5424
f 5424 5418 5425
f 5418 5417 5425
f 5425 5417 5426
f 5417 5416 5426
f 5426 5416 5427
f 5416 5325 5427
f 5427 5325 5428
f 5325 5324 5428
f 5428 5324 5307
f 5307 5306 5428
f 5306 5429 5428
f 5428 5429 5427
f 5429 5430 5427
f 5427 5430 5426
f 5430 5431 5426
f 5426 5431 5425
f 5431 5432 5425
f 5425 5432 5424
f 5432 5433 5424
f 5424 5433 5423
f 5433 5434 5423
f 5423 5434 5422
f 5434 5435 5422
f 5422 5435 5258
f 5435 5436 5258
f 5258 5436 5256
f 5437 5436 5438
f 5436 5435 5438
f 5438 5435 5439
f 5435 5434 5439
f 5439 5434 5440
f 5434 5433 5440
f 5440 5433 5441
f 5433 5432 5441
f 5441 5432 5442
f 5432 5431 5442
f 5442 5431 5443
f 5431 5430 5443
f 5443 5430 5444
f 5430 5429 5444
f 5444 5429 5445
f 5429 5306 5445
f 5445 5306 5446
f 5306 5305 5446
f 5446 5305 5289
f 5228 5227 5354
f 5227 5226 5354
f 5354 5226 5403
f 5226 5225 5403
f 5403 5225 5224
f 5224 5447 5403
f 5447 5448 5403
f 5403 5448 5402
f 5448 5449 5402
f 5402 5449 5377
f 5449 5450 5377
f 5377 5450 5356
f 5450 5451 5356
f 5356 5451 5357
f 5269 5255 5270
f 5255 5254 5270
f 5270 5254 5437
f 5254 5253 5437
f 5437 5253 5436
f 5253 5452 5436
f 5436 5452 5256
f 5289 5288 5446
f 5288 5373 5446
f 5446 5373 5445
f 5373 5371 5445
f 5445 5371 5444
f 5371 5369 5444
f 5444 5369 5443
f 5369 5367 5443
f 5443 5367 5442
f 5367 5365 5442
f 5442 5365 5441
f 5365 5363 5441
f 5441 5363 5440
f 5363 5361 5440
f 5440 5361 5439
f 5361 5359 5439
f 5439 5359 5438
f 5359 5357 5438
f 5438 5357 5437
f 5357 5451 5437
f 5437 5451 5270
f 5451 5450 5270
f 5270 5450 5272
f 5450 5449 5272
f 5272 5449 5274
f 5449 5448 5274
f 5274 5448 5453
f 5448 5447 5453
f 5453 5447 5454
f 5389 1451 5390
f 1501 1486 5352
f 1486 5245 5352
f 5352 5245 5349
f 5245 5338 5349
f 5349 5338 5347
f 5338 5339 5347
f 5347 5339 5326
f 5339 5340 5326
f 5326 5340 5324
f 5340 5341 5324
f 5324 5341 5307
f 5341 5342 5307
f 5307 5342 5305
f 5342 5343 5305
f 5305 5343 5289
f 5343 5344 5289
f 5289 5344 5287
f 5344 5345 5287
f 5287 5345 5376
f 5345 5346 5376
f 5376 5346 5389
f 5346 1451 5389
f 5224 5223 5447
f 5223 5222 5447
f 5447 5222 5454
f 5222 5221 5454
f 5454 5221 5218
f 5275 5274 5276
f 5274 5453 5276
f 5276 5453 5277
f 5453 5454 5277
f 5277 5454 5279
f 5454 5218 5279
f 5279 5218 5220
f 5455 5456 5276
f 5457 5458 5253
f 5459 5460 5256
f 5461 5462 5259
f 5463 5464 5266
f 5464 5465 5266
f 5465 5466 5266
f 5266 5466 1488
f 5466 5467 1488
f 1488 5467 1504
f 5468 5262 5469
f 5262 5267 5469
f 5469 5267 5470
f 5266 5263 5463
f 5263 5262 5463
f 5463 5262 5471
f 5262 5468 5471
f 5470 5267 5462
f 5267 5260 5462
f 5462 5260 5259
f 5472 5268 5460
f 5268 5257 5460
f 5460 5257 5256
f 5472 5473 5268
f 5473 5474 5268
f 5268 5474 5259
f 5474 5475 5259
f 5259 5475 5461
f 5459 5256 5458
f 5256 5452 5458
f 5458 5452 5253
f 5476 5477 5255
f 5477 5478 5255
f 5255 5478 5253
f 5478 5479 5253
f 5253 5479 5457
f 5480 5271 5481
f 5271 5273 5481
f 5481 5273 5482
f 5255 5269 5476
f 5269 5271 5476
f 5476 5271 5483
f 5271 5480 5483
f 5482 5273 5456
f 5273 5275 5456
f 5456 5275 5276
f 5484 5485 5278
f 5485 5486 5278
f 5278 5486 5276
f 5486 5487 5276
f 5276 5487 5455
f 5219 5488 5281
f 5488 5489 5281
f 5278 5280 5484
f 5280 5281 5484
f 5484 5281 5490
f 5281 5489 5490
f 5491 5492 5219
f 5492 5493 5219
f 5200 5494 5495
f 5496 5497 5498
f 5493 5499 5219
f 5499 5500 5219
f 5219 5500 5501
f 5502 5503 5504
f 5503 5505 5504
f 5201 5506 5507
f 5508 5509 5510
f 5509 5511 5510
f 5510 5511 5512
f 5513 5514 5201
f 5495 5515 5200
f 5515 5516 5200
f 5200 5516 5517
f 5518 5519 5200
f 5519 5520 5200
f 5521 5522 5200
f 5522 5523 5200
f 5501 5524 5219
f 5524 5525 5219
f 5219 5525 5488
f 5505 5526 5504
f 5526 5527 5504
f 5504 5527 5528
f 5529 5530 5201
f 5530 5531 5201
f 5201 5531 5506
f 5520 5532 5200
f 5532 5533 5200
f 5200 5533 5498
f 5512 5534 5510
f 5534 5535 5510
f 5510 5535 5536
f 5508 5510 5498
f 5510 5537 5498
f 5498 5537 5538
f 5498 5539 5540
f 5200 5541 5542
f 5517 5543 5200
f 5543 5544 5200
f 5200 5544 5518
f 5545 5546 5498
f 5546 5547 5498
f 5498 5547 5496
f 5548 5549 5201
f 5549 5550 5201
f 5201 5550 5513
f 5514 5551 5201
f 5551 5552 5201
f 5201 5552 5200
f 5538 5553 5498
f 5553 5554 5498
f 5498 5554 5539
f 5555 5498 5556
f 5498 5557 5556
f 5558 5559 5200
f 5559 5560 5200
f 5200 5560 5561
f 5200 5542 5219
f 5542 5562 5219
f 5219 5562 5491
f 5540 5563 5498
f 5563 5564 5498
f 5498 5564 5557
f 5497 5565 5498
f 5565 5566 5498
f 5498 5566 5567
f 5561 5568 5200
f 5568 5569 5200
f 5200 5569 5570
f 5523 5571 5200
f 5571 5572 5200
f 5200 5572 5573
f 5574 5575 5201
f 5575 5576 5201
f 5201 5576 5529
f 5552 5577 5200
f 5577 5578 5200
f 5200 5578 5579
f 5555 5580 5498
f 5580 5581 5498
f 5498 5581 5545
f 5573 5582 5200
f 5582 5583 5200
f 5200 5583 5541
f 5528 5584 5504
f 5584 5585 5504
f 5504 5585 5586
f 5586 5587 5504
f 5587 5588 5504
f 5504 5588 5201
f 5588 5589 5201
f 5201 5589 5574
f 5590 5591 5201
f 5591 5592 5201
f 5201 5592 5548
f 5567 5593 5498
f 5593 5594 5498
f 5498 5594 5595
f 5595 5596 5498
f 5596 5597 5498
f 5498 5597 5200
f 5597 5598 5200
f 5200 5598 5558
f 5570 5599 5200
f 5599 5600 5200
f 5200 5600 5601
f 5579 5602 5200
f 5602 5603 5200
f 5200 5603 5604
f 5601 5605 5200
f 5605 5606 5200
f 5200 5606 5521
f 5507 5607 5201
f 5607 5608 5201
f 5201 5608 5590
f 5604 5609 5200
f 5609 5610 5200
f 5200 5610 5494
f 5555 5556 5611
f 5612 5594 5593
f 5611 5613 5555
f 5613 5614 5555
f 5555 5614 5580
f 5614 5615 5580
f 5580 5615 5581
f 5615 5616 5581
f 5581 5616 5545
f 5616 5617 5545
f 5545 5617 5546
f 5617 5618 5546
f 5546 5618 5547
f 5618 5619 5547
f 5547 5619 5496
f 5619 5620 5496
f 5496 5620 5497
f 5620 5621 5497
f 5497 5621 5565
f 5621 5622 5565
f 5565 5622 5566
f 5622 5612 5566
f 5566 5612 5567
f 5612 5593 5567
f 5594 5612 5595
f 5612 5623 5595
f 5595 5623 5596
f 5624 5561 5560
f 5560 5559 5624
f 5559 5558 5624
f 5624 5558 5625
f 5558 5598 5625
f 5625 5598 5623
f 5598 5597 5623
f 5623 5597 5596
f 5599 5570 5626
f 5570 5569 5626
f 5624 5627 5561
f 5627 5626 5561
f 5561 5626 5568
f 5626 5569 5568
f 5606 5605 5628
f 5605 5601 5628
f 5626 5629 5599
f 5629 5628 5599
f 5599 5628 5600
f 5628 5601 5600
f 5628 5630 5606
f 5630 5631 5606
f 5606 5631 5521
f 5631 5522 5521
f 5631 5632 5522
f 5632 5633 5522
f 5522 5633 5523
f 5633 5571 5523
f 5633 5634 5571
f 5634 5635 5571
f 5571 5635 5572
f 5635 5573 5572
f 5636 5637 5583
f 5635 5638 5573
f 5638 5636 5573
f 5573 5636 5582
f 5636 5583 5582
f 5637 5639 5583
f 5639 5640 5583
f 5583 5640 5541
f 5636 5638 5641
f 5635 5634 5642
f 5633 5632 5643
f 5631 5630 5644
f 5628 5629 5645
f 5626 5627 5646
f 5625 5623 5647
f 5612 5622 5648
f 5621 5620 5649
f 5619 5618 5650
f 5617 5616 5651
f 5615 5614 5652
f 5613 5611 5653
f 5542 5541 5640
f 5654 5655 5656
f 5657 5658 5659
f 5660 5661 5662
f 5663 5664 5665
f 5666 5667 5668
f 5669 1507 1560
f 5670 5671 5672
f 5671 5673 5672
f 5673 5674 5672
f 5674 5675 5672
f 5672 5675 1560
f 5675 5676 1560
f 1560 5676 5669
f 5677 5678 5679
f 5678 5680 5679
f 5679 5680 5681
f 5677 5682 5678
f 5682 5683 5678
f 5678 5683 5670
f 5683 5684 5670
f 5670 5684 5671
f 5668 5667 5685
f 5667 5686 5685
f 5686 5687 5685
f 5685 5687 5680
f 5687 5688 5680
f 5680 5688 5681
f 5665 5664 5689
f 5664 5690 5689
f 5690 5691 5689
f 5689 5691 5668
f 5691 5692 5668
f 5668 5692 5666
f 5662 5661 5665
f 5661 5693 5665
f 5665 5693 5663
f 5659 5658 5662
f 5658 5694 5662
f 5662 5694 5660
f 5656 5655 5695
f 5655 5696 5695
f 5696 5697 5695
f 5695 5697 5659
f 5697 5698 5659
f 5659 5698 5657
f 5699 5510 5700
f 5510 5701 5700
f 5700 5701 5656
f 5701 5702 5656
f 5656 5702 5654
f 5703 5538 5699
f 5538 5537 5699
f 5699 5537 5510
f 5704 5554 5703
f 5554 5553 5703
f 5703 5553 5538
f 5564 5563 5653
f 5563 5540 5653
f 5653 5540 5704
f 5540 5539 5704
f 5704 5539 5554
f 5611 5556 5653
f 5556 5557 5653
f 5653 5557 5564
f 5493 5492 5705
f 5492 5491 5705
f 5499 5706 5500
f 5706 5707 5500
f 5500 5707 5501
f 5707 5524 5501
f 5524 5707 5525
f 5707 5708 5525
f 5525 5708 5488
f 5485 5484 5709
f 5484 5490 5709
f 5709 5490 5708
f 5490 5489 5708
f 5708 5489 5488
f 5485 5709 5486
f 5709 5710 5486
f 5486 5710 5487
f 5487 5710 5455
f 5710 5711 5455
f 5455 5711 5456
f 5712 5481 5711
f 5481 5482 5711
f 5711 5482 5456
f 5477 5476 5713
f 5476 5483 5713
f 5713 5483 5712
f 5483 5480 5712
f 5712 5480 5481
f 5477 5713 5478
f 5713 5714 5478
f 5478 5714 5479
f 5479 5714 5457
f 5714 5715 5457
f 5457 5715 5458
f 5716 5460 5715
f 5460 5459 5715
f 5715 5459 5458
f 5475 5474 5717
f 5474 5473 5717
f 5717 5473 5716
f 5473 5472 5716
f 5716 5472 5460
f 5718 5462 5717
f 5462 5461 5717
f 5717 5461 5475
f 5471 5468 5719
f 5468 5469 5719
f 5719 5469 5718
f 5469 5470 5718
f 5718 5470 5462
f 5471 5719 5463
f 5719 5720 5463
f 5463 5720 5464
f 1504 5467 1524
f 5467 5466 1524
f 1524 5466 5720
f 5466 5465 5720
f 5720 5465 5464
f 1526 1524 5721
f 1524 5720 5721
f 5721 5720 5722
f 5720 5719 5722
f 5722 5719 5723
f 5719 5718 5723
f 5723 5718 5724
f 5718 5717 5724
f 5724 5717 5725
f 5717 5716 5725
f 5725 5716 5726
f 5716 5715 5726
f 5726 5715 5727
f 5715 5714 5727
f 5727 5714 5728
f 5714 5713 5728
f 5728 5713 5729
f 5713 5712 5729
f 5729 5712 5730
f 5712 5711 5730
f 5730 5711 5731
f 5711 5710 5731
f 5731 5710 5732
f 5710 5709 5732
f 5732 5709 5733
f 5709 5708 5733
f 5733 5708 5734
f 5708 5707 5734
f 5734 5707 5735
f 5707 5706 5735
f 5735 5706 5736
f 1528 1526 5737
f 1526 5721 5737
f 5737 5721 5738
f 5721 5722 5738
f 5738 5722 5739
f 5722 5723 5739
f 5739 5723 5740
f 5723 5724 5740
f 5740 5724 5741
f 5724 5725 5741
f 5741 5725 5742
f 5725 5726 5742
f 5742 5726 5743
f 5726 5727 5743
f 5743 5727 5744
f 5727 5728 5744
f 5744 5728 5745
f 5728 5729 5745
f 5745 5729 5746
f 5729 5730 5746
f 5746 5730 5747
f 5730 5731 5747
f 5747 5731 5748
f 5731 5732 5748
f 5748 5732 5749
f 5732 5733 5749
f 5749 5733 5750
f 5733 5734 5750
f 5750 5734 5751
f 5734 5735 5751
f 5751 5735 5752
f 5735 5736 5752
f 5752 5736 5641
f 5753 5705 5754
f 5705 5491 5754
f 5754 5491 5562
f 5614 5613 5652
f 5613 5653 5652
f 5652 5653 5755
f 5653 5704 5755
f 5755 5704 5756
f 5704 5703 5756
f 5756 5703 5757
f 5703 5699 5757
f 5757 5699 5758
f 5699 5700 5758
f 5758 5700 5759
f 5700 5656 5759
f 5759 5656 5760
f 5656 5695 5760
f 5760 5695 5761
f 5695 5659 5761
f 5761 5659 5762
f 5659 5662 5762
f 5762 5662 5763
f 5662 5665 5763
f 5763 5665 5764
f 5665 5689 5764
f 5764 5689 5765
f 5689 5668 5765
f 5765 5668 5766
f 5668 5685 5766
f 5766 5685 5767
f 5685 5680 5767
f 5767 5680 5768
f 5680 5678 5768
f 5768 5678 5769
f 5678 5670 5769
f 5769 5670 5770
f 5670 5672 5770
f 5770 5672 1558
f 5672 1560 1558
f 5616 5615 5651
f 5615 5652 5651
f 5651 5652 5771
f 5652 5755 5771
f 5771 5755 5772
f 5755 5756 5772
f 5772 5756 5773
f 5756 5757 5773
f 5773 5757 5774
f 5757 5758 5774
f 5774 5758 5775
f 5758 5759 5775
f 5775 5759 5776
f 5759 5760 5776
f 5776 5760 5777
f 5760 5761 5777
f 5777 5761 5778
f 5761 5762 5778
f 5778 5762 5779
f 5762 5763 5779
f 5779 5763 5780
f 5763 5764 5780
f 5780 5764 5781
f 5764 5765 5781
f 5781 5765 5782
f 5765 5766 5782
f 5782 5766 5783
f 5766 5767 5783
f 5783 5767 5784
f 5767 5768 5784
f 5784 5768 5785
f 5768 5769 5785
f 5785 5769 5786
f 5769 5770 5786
f 5786 5770 1556
f 5770 1558 1556
f 5618 5617 5650
f 5617 5651 5650
f 5650 5651 5787
f 5651 5771 5787
f 5787 5771 5788
f 5771 5772 5788
f 5788 5772 5789
f 5772 5773 5789
f 5789 5773 5790
f 5773 5774 5790
f 5790 5774 5791
f 5774 5775 5791
f 5791 5775 5792
f 5775 5776 5792
f 5792 5776 5793
f 5776 5777 5793
f 5793 5777 5794
f 5777 5778 5794
f 5794 5778 5795
f 5778 5779 5795
f 5795 5779 5796
f 5779 5780 5796
f 5796 5780 5797
f 5780 5781 5797
f 5797 5781 5798
f 5781 5782 5798
f 5798 5782 5799
f 5782 5783 5799
f 5799 5783 5800
f 5783 5784 5800
f 5800 5784 5801
f 5784 5785 5801
f 5801 5785 5802
f 5785 5786 5802
f 5802 5786 1554
f 5786 1556 1554
f 5620 5619 5649
f 5619 5650 5649
f 5649 5650 5803
f 5650 5787 5803
f 5803 5787 5804
f 5787 5788 5804
f 5804 5788 5805
f 5788 5789 5805
f 5805 5789 5806
f 5789 5790 5806
f 5806 5790 5807
f 5790 5791 5807
f 5807 5791 5808
f 5791 5792 5808
f 5808 5792 5809
f 5792 5793 5809
f 5809 5793 5810
f 5793 5794 5810
f 5810 5794 5811
f 5794 5795 5811
f 5811 5795 5812
f 5795 5796 5812
f 5812 5796 5813
f 5796 5797 5813
f 5813 5797 5814
f 5797 5798 5814
f 5814 5798 5815
f 5798 5799 5815
f 5815 5799 5816
f 5799 5800 5816
f 5816 5800 5817
f 5800 5801 5817
f 5817 5801 5818
f 5801 5802 5818
f 5818 5802 1552
f 5802 1554 1552
f 5622 5621 5648
f 5621 5649 5648
f 5648 5649 5819
f 5649 5803 5819
f 5819 5803 5820
f 5803 5804 5820
f 5820 5804 5821
f 5804 5805 5821
f 5821 5805 5822
f 5805 5806 5822
f 5822 5806 5823
f 5806 5807 5823
f 5823 5807 5824
f 5807 5808 5824
f 5824 5808 5825
f 5808 5809 5825
f 5825 5809 5826
f 5809 5810 5826
f 5826 5810 5827
f 5810 5811 5827
f 5827 5811 5828
f 5811 5812 5828
f 5828 5812 5829
f 5812 5813 5829
f 5829 5813 5830
f 5813 5814 5830
f 5830 5814 5831
f 5814 5815 5831
f 5831 5815 5832
f 5815 5816 5832
f 5832 5816 5833
f 5816 5817 5833
f 5833 5817 5834
f 5817 5818 5834
f 5834 5818 1550
f 5818 1552 1550
f 5623 5612 5647
f 5612 5648 5647
f 5647 5648 5835
f 5648 5819 5835
f 5835 5819 5836
f 5819 5820 5836
f 5836 5820 5837
f 5820 5821 5837
f 5837 5821 5838
f 5821 5822 5838
f 5838 5822 5839
f 5822 5823 5839
f 5839 5823 5840
f 5823 5824 5840
f 5840 5824 5841
f 5824 5825 5841
f 5841 5825 5842
f 5825 5826 5842
f 5842 5826 5843
f 5826 5827 5843
f 5843 5827 5844
f 5827 5828 5844
f 5844 5828 5845
f 5828 5829 5845
f 5845 5829 5846
f 5829 5830 5846
f 5846 5830 5847
f 5830 5831 5847
f 5847 5831 5848
f 5831 5832 5848
f 5848 5832 5849
f 5832 5833 5849
f 5849 5833 5850
f 5833 5834 5850
f 5850 5834 1548
f 5834 1550 1548
f 5624 5625 5851
f 5625 5647 5851
f 5851 5647 5852
f 5647 5835 5852
f 5852 5835 5853
f 5835 5836 5853
f 5853 5836 5854
f 5836 5837 5854
f 5854 5837 5855
f 5837 5838 5855
f 5855 5838 5856
f 5838 5839 5856
f 5856 5839 5857
f 5839 5840 5857
f 5857 5840 5858
f 5840 5841 5858
f 5858 5841 5859
f 5841 5842 5859
f 5859 5842 5860
f 5842 5843 5860
f 5860 5843 5861
f 5843 5844 5861
f 5861 5844 5862
f 5844 5845 5862
f 5862 5845 5863
f 5845 5846 5863
f 5863 5846 5864
f 5846 5847 5864
f 5864 5847 5865
f 5847 5848 5865
f 5865 5848 5866
f 5848 5849 5866
f 5866 5849 5867
f 5849 5850 5867
f 5867 5850 1546
f 5850 1548 1546
f 1546 1545 5867
f 1545 5868 5867
f 5867 5868 5866
f 5868 5869 5866
f 5866 5869 5865
f 5869 5870 5865
f 5865 5870 5864
f 5870 5871 5864
f 5864 5871 5863
f 5871 5872 5863
f 5863 5872 5862
f 5872 5873 5862
f 5862 5873 5861
f 5873 5874 5861
f 5861 5874 5860
f 5874 5875 5860
f 5860 5875 5859
f 5875 5876 5859
f 5859 5876 5858
f 5876 5877 5858
f 5858 5877 5857
f 5877 5878 5857
f 5857 5878 5856
f 5878 5879 5856
f 5856 5879 5855
f 5879 5880 5855
f 5855 5880 5854
f 5880 5881 5854
f 5854 5881 5853
f 5881 5882 5853
f 5853 5882 5852
f 5882 5883 5852
f 5852 5883 5851
f 5883 5646 5851
f 5851 5646 5624
f 5646 5627 5624
f 5629 5626 5645
f 5626 5646 5645
f 5645 5646 5884
f 5646 5883 5884
f 5884 5883 5885
f 5883 5882 5885
f 5885 5882 5886
f 5882 5881 5886
f 5886 5881 5887
f 5881 5880 5887
f 5887 5880 5888
f 5880 5879 5888
f 5888 5879 5889
f 5879 5878 5889
f 5889 5878 5890
f 5878 5877 5890
f 5890 5877 5891
f 5877 5876 5891
f 5891 5876 5892
f 5876 5875 5892
f 5892 5875 5893
f 5875 5874 5893
f 5893 5874 5894
f 5874 5873 5894
f 5894 5873 5895
f 5873 5872 5895
f 5895 5872 5896
f 5872 5871 5896
f 5896 5871 5897
f 5871 5870 5897
f 5897 5870 5898
f 5870 5869 5898
f 5898 5869 5899
f 5869 5868 5899
f 5899 5868 1536
f 5868 1545 1536
f 5630 5628 5644
f 5628 5645 5644
f 5644 5645 5900
f 5645 5884 5900
f 5900 5884 5901
f 5884 5885 5901
f 5901 5885 5902
f 5885 5886 5902
f 5902 5886 5903
f 5886 5887 5903
f 5903 5887 5904
f 5887 5888 5904
f 5904 5888 5905
f 5888 5889 5905
f 5905 5889 5906
f 5889 5890 5906
f 5906 5890 5907
f 5890 5891 5907
f 5907 5891 5908
f 5891 5892 5908
f 5908 5892 5909
f 5892 5893 5909
f 5909 5893 5910
f 5893 5894 5910
f 5910 5894 5911
f 5894 5895 5911
f 5911 5895 5912
f 5895 5896 5912
f 5912 5896 5913
f 5896 5897 5913
f 5913 5897 5914
f 5897 5898 5914
f 5914 5898 5915
f 5898 5899 5915
f 5915 5899 1534
f 5899 1536 1534
f 5632 5631 5643
f 5631 5644 5643
f 5643 5644 5916
f 5644 5900 5916
f 5916 5900 5917
f 5900 5901 5917
f 5917 5901 5918
f 5901 5902 5918
f 5918 5902 5919
f 5902 5903 5919
f 5919 5903 5920
f 5903 5904 5920
f 5920 5904 5921
f 5904 5905 5921
f 5921 5905 5922
f 5905 5906 5922
f 5922 5906 5923
f 5906 5907 5923
f 5923 5907 5924
f 5907 5908 5924
f 5924 5908 5925
f 5908 5909 5925
f 5925 5909 5926
f 5909 5910 5926
f 5926 5910 5927
f 5910 5911 5927
f 5927 5911 5928
f 5911 5912 5928
f 5928 5912 5929
f 5912 5913 5929
f 5929 5913 5930
f 5913 5914 5930
f 5930 5914 5931
f 5914 5915 5931
f 5931 5915 1532
f 5915 1534 1532
f 5634 5633 5642
f 5633 5643 5642
f 5642 5643 5932
f 5643 5916 5932
f 5932 5916 5933
f 5916 5917 5933
f 5933 5917 5934
f 5917 5918 5934
f 5934 5918 5935
f 5918 5919 5935
f 5935 5919 5936
f 5919 5920 5936
f 5936 5920 5937
f 5920 5921 5937
f 5937 5921 5938
f 5921 5922 5938
f 5938 5922 5939
f 5922 5923 5939
f 5939 5923 5940
f 5923 5924 5940
f 5940 5924 5941
f 5924 5925 5941
f 5941 5925 5942
f 5925 5926 5942
f 5942 5926 5943
f 5926 5927 5943
f 5943 5927 5944
f 5927 5928 5944
f 5944 5928 5945
f 5928 5929 5945
f 5945 5929 5946
f 5929 5930 5946
f 5946 5930 5947
f 5930 5931 5947
f 5947 5931 1530
f 5931 1532 1530
f 5638 5635 5641
f 5635 5642 5641
f 5641 5642 5752
f 5642 5932 5752
f 5752 5932 5751
f 5932 5933 5751
f 5751 5933 5750
f 5933 5934 5750
f 5750 5934 5749
f 5934 5935 5749
f 5749 5935 5748
f 5935 5936 5748
f 5748 5936 5747
f 5936 5937 5747
f 5747 5937 5746
f 5937 5938 5746
f 5746 5938 5745
f 5938 5939 5745
f 5745 5939 5744
f 5939 5940 5744
f 5744 5940 5743
f 5940 5941 5743
f 5743 5941 5742
f 5941 5942 5742
f 5742 5942 5741
f 5942 5943 5741
f 5741 5943 5740
f 5943 5944 5740
f 5740 5944 5739
f 5944 5945 5739
f 5739 5945 5738
f 5945 5946 5738
f 5738 5946 5737
f 5946 5947 5737
f 5737 5947 1528
f 5947 1530 1528
f 5499 5493 5706
f 5493 5705 5706
f 5706 5705 5736
f 5705 5753 5736
f 5736 5753 5641
f 5753 5637 5641
f 5641 5637 5636
f 5562 5542 5754
f 5542 5640 5754
f 5754 5640 5753
f 5640 5639 5753
f 5753 5639 5637
f 5948 1662 1507
f 5948 1507 5949
f 5950 5676 5951
f 5676 5675 5951
f 1507 5669 5949
f 5669 5676 5949
f 5949 5676 5952
f 5676 5950 5952
f 5675 5674 5951
f 5674 5673 5951
f 5951 5673 5953
f 5673 5954 5953
f 5955 5684 5956
f 5684 5683 5956
f 5673 5671 5954
f 5671 5684 5954
f 5954 5684 5957
f 5684 5955 5957
f 5683 5682 5956
f 5682 5677 5956
f 5956 5677 5958
f 5677 5959 5958
f 5960 5681 5961
f 5681 5688 5961
f 5677 5679 5959
f 5679 5681 5959
f 5959 5681 5962
f 5681 5960 5962
f 5688 5687 5961
f 5687 5686 5961
f 5961 5686 5963
f 5686 5964 5963
f 5965 5666 5966
f 5666 5692 5966
f 5686 5667 5964
f 5667 5666 5964
f 5964 5666 5967
f 5666 5965 5967
f 5692 5691 5966
f 5691 5690 5966
f 5966 5690 5968
f 5690 5969 5968
f 5970 5663 5971
f 5663 5693 5971
f 5690 5664 5969
f 5664 5663 5969
f 5969 5663 5972
f 5663 5970 5972
f 5973 5660 5974
f 5660 5694 5974
f 5693 5661 5971
f 5661 5660 5971
f 5971 5660 5975
f 5660 5973 5975
f 5976 5657 5977
f 5657 5698 5977
f 5694 5658 5974
f 5658 5657 5974
f 5974 5657 5978
f 5657 5976 5978
f 5698 5697 5977
f 5697 5696 5977
f 5977 5696 5979
f 5696 5980 5979
f 5701 5510 5536
f 5981 5654 5536
f 5654 5702 5536
f 5536 5702 5701
f 5696 5655 5980
f 5655 5654 5980
f 5980 5654 5982
f 5654 5981 5982
f 5983 5984 5985
f 5986 5987 5988
f 5989 5990 5991
f 5992 5993 5994
f 5995 5996 5997
f 5998 5999 6000
f 6001 6002 6003
f 6004 6005 6006
f 6007 6008 6009
f 6010 6011 6012
f 6013 6014 6015
f 6016 6017 6018
f 6019 6020 6021
f 5520 5519 6022
f 6023 6024 6025
f 6026 6027 6028
f 6029 6030 6031
f 6032 6033 6034
f 6035 6036 6037
f 6038 1515 1578
f 6037 6036 1578
f 6036 6039 1578
f 1578 6039 6038
f 6040 6041 6042
f 6041 6043 6042
f 6043 6044 6042
f 6044 6045 6042
f 6042 6045 6037
f 6045 6046 6037
f 6037 6046 6035
f 6047 6048 6049
f 6048 6050 6049
f 6049 6050 6040
f 6050 6051 6040
f 6040 6051 6041
f 6034 6033 6052
f 6033 6053 6052
f 6053 6054 6052
f 6052 6054 6049
f 6054 6055 6049
f 6049 6055 6047
f 6031 6030 6056
f 6030 6057 6056
f 6057 6058 6056
f 6056 6058 6034
f 6058 6059 6034
f 6034 6059 6032
f 6028 6027 6060
f 6027 6061 6060
f 6061 6062 6060
f 6060 6062 6031
f 6062 6063 6031
f 6031 6063 6029
f 6025 6024 6064
f 6024 6065 6064
f 6065 6066 6064
f 6064 6066 6028
f 6066 6067 6028
f 6028 6067 6026
f 6068 5502 6069
f 5502 6070 6069
f 6069 6070 6025
f 6070 6071 6025
f 6025 6071 6023
f 6072 5505 6068
f 5505 5503 6068
f 6068 5503 5502
f 6073 5527 6072
f 5527 5526 6072
f 6072 5526 5505
f 5586 5585 6021
f 5585 5584 6021
f 6021 5584 6073
f 5584 5528 6073
f 6073 5528 5527
f 6020 5588 6021
f 5588 5587 6021
f 6021 5587 5586
f 5508 5498 6074
f 5498 5533 6074
f 5509 6075 5511
f 6075 6076 5511
f 5511 6076 5512
f 6076 5534 5512
f 5534 6076 5535
f 6076 6077 5535
f 5535 6077 5536
f 5979 5980 6078
f 5980 5982 6078
f 6078 5982 6077
f 5982 5981 6077
f 6077 5981 5536
f 5979 6078 5977
f 6078 6079 5977
f 5977 6079 5976
f 5976 6079 5978
f 6079 6080 5978
f 5978 6080 5974
f 5970 5971 6081
f 5971 5975 6081
f 6081 5975 6080
f 5975 5973 6080
f 6080 5973 5974
f 5970 6081 5972
f 6081 6082 5972
f 5972 6082 5969
f 6083 5966 6082
f 5966 5968 6082
f 6082 5968 5969
f 5963 5964 6084
f 5964 5967 6084
f 6084 5967 6083
f 5967 5965 6083
f 6083 5965 5966
f 5963 6084 5961
f 6084 6085 5961
f 5961 6085 5960
f 5960 6085 5962
f 6085 6086 5962
f 5962 6086 5959
f 5957 5955 6087
f 5955 5956 6087
f 6087 5956 6086
f 5956 5958 6086
f 6086 5958 5959
f 5957 6087 5954
f 6087 6088 5954
f 5954 6088 5953
f 5953 6088 5951
f 6088 6089 5951
f 5951 6089 5950
f 1662 5948 1663
f 5948 5949 1663
f 1663 5949 6089
f 5949 5952 6089
f 6089 5952 5950
f 1538 1663 6090
f 1663 6089 6090
f 6090 6089 6091
f 6089 6088 6091
f 6091 6088 6092
f 6088 6087 6092
f 6092 6087 6093
f 6087 6086 6093
f 6093 6086 6094
f 6086 6085 6094
f 6094 6085 6095
f 6085 6084 6095
f 6095 6084 6096
f 6084 6083 6096
f 6096 6083 6097
f 6083 6082 6097
f 6097 6082 6098
f 6082 6081 6098
f 6098 6081 6099
f 6081 6080 6099
f 6099 6080 6100
f 6080 6079 6100
f 6100 6079 6101
f 6079 6078 6101
f 6101 6078 6102
f 6078 6077 6102
f 6102 6077 6103
f 6077 6076 6103
f 6103 6076 6104
f 6076 6075 6104
f 6104 6075 6105
f 1539 1538 6106
f 1538 6090 6106
f 6106 6090 6107
f 6090 6091 6107
f 6107 6091 6108
f 6091 6092 6108
f 6108 6092 6109
f 6092 6093 6109
f 6109 6093 6110
f 6093 6094 6110
f 6110 6094 6111
f 6094 6095 6111
f 6111 6095 6112
f 6095 6096 6112
f 6112 6096 6113
f 6096 6097 6113
f 6113 6097 6114
f 6097 6098 6114
f 6114 6098 6115
f 6098 6099 6115
f 6115 6099 6116
f 6099 6100 6116
f 6116 6100 6117
f 6100 6101 6117
f 6117 6101 6118
f 6101 6102 6118
f 6118 6102 6119
f 6102 6103 6119
f 6119 6103 6120
f 6103 6104 6120
f 6120 6104 6121
f 6104 6105 6121
f 6121 6105 5985
f 6122 6074 6123
f 6074 5533 6123
f 6123 5533 5532
f 6017 6019 6018
f 6019 6021 6018
f 6018 6021 6124
f 6021 6073 6124
f 6124 6073 6125
f 6073 6072 6125
f 6125 6072 6126
f 6072 6068 6126
f 6126 6068 6127
f 6068 6069 6127
f 6127 6069 6128
f 6069 6025 6128
f 6128 6025 6129
f 6025 6064 6129
f 6129 6064 6130
f 6064 6028 6130
f 6130 6028 6131
f 6028 6060 6131
f 6131 6060 6132
f 6060 6031 6132
f 6132 6031 6133
f 6031 6056 6133
f 6133 6056 6134
f 6056 6034 6134
f 6134 6034 6135
f 6034 6052 6135
f 6135 6052 6136
f 6052 6049 6136
f 6136 6049 6137
f 6049 6040 6137
f 6137 6040 6138
f 6040 6042 6138
f 6138 6042 6139
f 6042 6037 6139
f 6139 6037 1576
f 6037 1578 1576
f 6014 6016 6015
f 6016 6018 6015
f 6015 6018 6140
f 6018 6124 6140
f 6140 6124 6141
f 6124 6125 6141
f 6141 6125 6142
f 6125 6126 6142
f 6142 6126 6143
f 6126 6127 6143
f 6143 6127 6144
f 6127 6128 6144
f 6144 6128 6145
f 6128 6129 6145
f 6145 6129 6146
f 6129 6130 6146
f 6146 6130 6147
f 6130 6131 6147
f 6147 6131 6148
f 6131 6132 6148
f 6148 6132 6149
f 6132 6133 6149
f 6149 6133 6150
f 6133 6134 6150
f 6150 6134 6151
f 6134 6135 6151
f 6151 6135 6152
f 6135 6136 6152
f 6152 6136 6153
f 6136 6137 6153
f 6153 6137 6154
f 6137 6138 6154
f 6154 6138 6155
f 6138 6139 6155
f 6155 6139 1574
f 6139 1576 1574
f 6011 6013 6012
f 6013 6015 6012
f 6012 6015 6156
f 6015 6140 6156
f 6156 6140 6157
f 6140 6141 6157
f 6157 6141 6158
f 6141 6142 6158
f 6158 6142 6159
f 6142 6143 6159
f 6159 6143 6160
f 6143 6144 6160
f 6160 6144 6161
f 6144 6145 6161
f 6161 6145 6162
f 6145 6146 6162
f 6162 6146 6163
f 6146 6147 6163
f 6163 6147 6164
f 6147 6148 6164
f 6164 6148 6165
f 6148 6149 6165
f 6165 6149 6166
f 6149 6150 6166
f 6166 6150 6167
f 6150 6151 6167
f 6167 6151 6168
f 6151 6152 6168
f 6168 6152 6169
f 6152 6153 6169
f 6169 6153 6170
f 6153 6154 6170
f 6170 6154 6171
f 6154 6155 6171
f 6171 6155 1572
f 6155 1574 1572
f 6008 6010 6009
f 6010 6012 6009
f 6009 6012 6172
f 6012 6156 6172
f 6172 6156 6173
f 6156 6157 6173
f 6173 6157 6174
f 6157 6158 6174
f 6174 6158 6175
f 6158 6159 6175
f 6175 6159 6176
f 6159 6160 6176
f 6176 6160 6177
f 6160 6161 6177
f 6177 6161 6178
f 6161 6162 6178
f 6178 6162 6179
f 6162 6163 6179
f 6179 6163 6180
f 6163 6164 6180
f 6180 6164 6181
f 6164 6165 6181
f 6181 6165 6182
f 6165 6166 6182
f 6182 6166 6183
f 6166 6167 6183
f 6183 6167 6184
f 6167 6168 6184
f 6184 6168 6185
f 6168 6169 6185
f 6185 6169 6186
f 6169 6170 6186
f 6186 6170 6187
f 6170 6171 6187
f 6187 6171 1570
f 6171 1572 1570
f 6005 6007 6006
f 6007 6009 6006
f 6006 6009 6188
f 6009 6172 6188
f 6188 6172 6189
f 6172 6173 6189
f 6189 6173 6190
f 6173 6174 6190
f 6190 6174 6191
f 6174 6175 6191
f 6191 6175 6192
f 6175 6176 6192
f 6192 6176 6193
f 6176 6177 6193
f 6193 6177 6194
f 6177 6178 6194
f 6194 6178 6195
f 6178 6179 6195
f 6195 6179 6196
f 6179 6180 6196
f 6196 6180 6197
f 6180 6181 6197
f 6197 6181 6198
f 6181 6182 6198
f 6198 6182 6199
f 6182 6183 6199
f 6199 6183 6200
f 6183 6184 6200
f 6200 6184 6201
f 6184 6185 6201
f 6201 6185 6202
f 6185 6186 6202
f 6202 6186 6203
f 6186 6187 6203
f 6203 6187 1568
f 6187 1570 1568
f 6002 6004 6003
f 6004 6006 6003
f 6003 6006 6204
f 6006 6188 6204
f 6204 6188 6205
f 6188 6189 6205
f 6205 6189 6206
f 6189 6190 6206
f 6206 6190 6207
f 6190 6191 6207
f 6207 6191 6208
f 6191 6192 6208
f 6208 6192 6209
f 6192 6193 6209
f 6209 6193 6210
f 6193 6194 6210
f 6210 6194 6211
f 6194 6195 6211
f 6211 6195 6212
f 6195 6196 6212
f 6212 6196 6213
f 6196 6197 6213
f 6213 6197 6214
f 6197 6198 6214
f 6214 6198 6215
f 6198 6199 6215
f 6215 6199 6216
f 6199 6200 6216
f 6216 6200 6217
f 6200 6201 6217
f 6217 6201 6218
f 6201 6202 6218
f 6218 6202 6219
f 6202 6203 6219
f 6219 6203 1566
f 6203 1568 1566
f 6220 6001 6221
f 6001 6003 6221
f 6221 6003 6222
f 6003 6204 6222
f 6222 6204 6223
f 6204 6205 6223
f 6223 6205 6224
f 6205 6206 6224
f 6224 6206 6225
f 6206 6207 6225
f 6225 6207 6226
f 6207 6208 6226
f 6226 6208 6227
f 6208 6209 6227
f 6227 6209 6228
f 6209 6210 6228
f 6228 6210 6229
f 6210 6211 6229
f 6229 6211 6230
f 6211 6212 6230
f 6230 6212 6231
f 6212 6213 6231
f 6231 6213 6232
f 6213 6214 6232
f 6232 6214 6233
f 6214 6215 6233
f 6233 6215 6234
f 6215 6216 6234
f 6234 6216 6235
f 6216 6217 6235
f 6235 6217 6236
f 6217 6218 6236
f 6236 6218 6237
f 6218 6219 6237
f 6237 6219 1564
f 6219 1566 1564
f 1564 1563 6237
f 1563 6238 6237
f 6237 6238 6236
f 6238 6239 6236
f 6236 6239 6235
f 6239 6240 6235
f 6235 6240 6234
f 6240 6241 6234
f 6234 6241 6233
f 6241 6242 6233
f 6233 6242 6232
f 6242 6243 6232
f 6232 6243 6231
f 6243 6244 6231
f 6231 6244 6230
f 6244 6245 6230
f 6230 6245 6229
f 6245 6246 6229
f 6229 6246 6228
f 6246 6247 6228
f 6228 6247 6227
f 6247 6248 6227
f 6227 6248 6226
f 6248 6249 6226
f 6226 6249 6225
f 6249 6250 6225
f 6225 6250 6224
f 6250 6251 6224
f 6224 6251 6223
f 6251 6252 6223
f 6223 6252 6222
f 6252 6253 6222
f 6222 6253 6221
f 6253 6000 6221
f 6221 6000 6220
f 6000 5999 6220
f 5996 5998 5997
f 5998 6000 5997
f 5997 6000 6254
f 6000 6253 6254
f 6254 6253 6255
f 6253 6252 6255
f 6255 6252 6256
f 6252 6251 6256
f 6256 6251 6257
f 6251 6250 6257
f 6257 6250 6258
f 6250 6249 6258
f 6258 6249 6259
f 6249 6248 6259
f 6259 6248 6260
f 6248 6247 6260
f 6260 6247 6261
f 6247 6246 6261
f 6261 6246 6262
f 6246 6245 6262
f 6262 6245 6263
f 6245 6244 6263
f 6263 6244 6264
f 6244 6243 6264
f 6264 6243 6265
f 6243 6242 6265
f 6265 6242 6266
f 6242 6241 6266
f 6266 6241 6267
f 6241 6240 6267
f 6267 6240 6268
f 6240 6239 6268
f 6268 6239 6269
f 6239 6238 6269
f 6269 6238 1544
f 6238 1563 1544
f 5993 5995 5994
f 5995 5997 5994
f 5994 5997 6270
f 5997 6254 6270
f 6270 6254 6271
f 6254 6255 6271
f 6271 6255 6272
f 6255 6256 6272
f 6272 6256 6273
f 6256 6257 6273
f 6273 6257 6274
f 6257 6258 6274
f 6274 6258 6275
f 6258 6259 6275
f 6275 6259 6276
f 6259 6260 6276
f 6276 6260 6277
f 6260 6261 6277
f 6277 6261 6278
f 6261 6262 6278
f 6278 6262 6279
f 6262 6263 6279
f 6279 6263 6280
f 6263 6264 6280
f 6280 6264 6281
f 6264 6265 6281
f 6281 6265 6282
f 6265 6266 6282
f 6282 6266 6283
f 6266 6267 6283
f 6283 6267 6284
f 6267 6268 6284
f 6284 6268 6285
f 6268 6269 6285
f 6285 6269 1543
f 6269 1544 1543
f 5990 5992 5991
f 5992 5994 5991
f 5991 5994 6286
f 5994 6270 6286
f 6286 6270 6287
f 6270 6271 6287
f 6287 6271 6288
f 6271 6272 6288
f 6288 6272 6289
f 6272 6273 6289
f 6289 6273 6290
f 6273 6274 6290
f 6290 6274 6291
f 6274 6275 6291
f 6291 6275 6292
f 6275 6276 6292
f 6292 6276 6293
f 6276 6277 6293
f 6293 6277 6294
f 6277 6278 6294
f 6294 6278 6295
f 6278 6279 6295
f 6295 6279 6296
f 6279 6280 6296
f 6296 6280 6297
f 6280 6281 6297
f 6297 6281 6298
f 6281 6282 6298
f 6298 6282 6299
f 6282 6283 6299
f 6299 6283 6300
f 6283 6284 6300
f 6300 6284 6301
f 6284 6285 6301
f 6301 6285 1542
f 6285 1543 1542
f 5987 5989 5988
f 5989 5991 5988
f 5988 5991 6302
f 5991 6286 6302
f 6302 6286 6303
f 6286 6287 6303
f 6303 6287 6304
f 6287 6288 6304
f 6304 6288 6305
f 6288 6289 6305
f 6305 6289 6306
f 6289 6290 6306
f 6306 6290 6307
f 6290 6291 6307
f 6307 6291 6308
f 6291 6292 6308
f 6308 6292 6309
f 6292 6293 6309
f 6309 6293 6310
f 6293 6294 6310
f 6310 6294 6311
f 6294 6295 6311
f 6311 6295 6312
f 6295 6296 6312
f 6312 6296 6313
f 6296 6297 6313
f 6313 6297 6314
f 6297 6298 6314
f 6314 6298 6315
f 6298 6299 6315
f 6315 6299 6316
f 6299 6300 6316
f 6316 6300 6317
f 6300 6301 6317
f 6317 6301 1541
f 6301 1542 1541
f 5984 5986 5985
f 5986 5988 5985
f 5985 5988 6121
f 5988 6302 6121
f 6121 6302 6120
f 6302 6303 6120
f 6120 6303 6119
f 6303 6304 6119
f 6119 6304 6118
f 6304 6305 6118
f 6118 6305 6117
f 6305 6306 6117
f 6117 6306 6116
f 6306 6307 6116
f 6116 6307 6115
f 6307 6308 6115
f 6115 6308 6114
f 6308 6309 6114
f 6114 6309 6113
f 6309 6310 6113
f 6113 6310 6112
f 6310 6311 6112
f 6112 6311 6111
f 6311 6312 6111
f 6111 6312 6110
f 6312 6313 6110
f 6110 6313 6109
f 6313 6314 6109
f 6109 6314 6108
f 6314 6315 6108
f 6108 6315 6107
f 6315 6316 6107
f 6107 6316 6106
f 6316 6317 6106
f 6106 6317 1539
f 6317 1541 1539
f 5509 5508 6075
f 5508 6074 6075
f 6075 6074 6105
f 6074 6122 6105
f 6105 6122 5985
f 6122 6318 5985
f 5985 6318 5983
f 5532 5520 6123
f 5520 6022 6123
f 6123 6022 6122
f 6022 6319 6122
f 6122 6319 6318
f 6320 6070 6321
f 6070 5502 6321
f 6321 5502 5504
f 6322 6066 6323
f 6066 6065 6323
f 6323 6065 6324
f 6065 6024 6324
f 6324 6024 6325
f 6024 6023 6325
f 6325 6023 6320
f 6023 6071 6320
f 6320 6071 6070
f 6326 6061 6027
f 6326 6027 6327
f 6027 6026 6327
f 6327 6026 6322
f 6026 6067 6322
f 6322 6067 6066
f 6063 6062 6328
f 6061 6326 6062
f 6326 6329 6062
f 6062 6329 6328
f 6057 6030 6328
f 6030 6029 6328
f 6328 6029 6063
f 6058 6330 6059
f 6330 6032 6059
f 6328 6331 6057
f 6331 6332 6057
f 6057 6332 6058
f 6332 6333 6058
f 6058 6333 6330
f 6334 6053 6033
f 6032 6330 6033
f 6330 6335 6033
f 6033 6335 6334
f 6054 6336 6055
f 6336 6047 6055
f 6053 6334 6054
f 6334 6337 6054
f 6054 6337 6336
f 6048 6338 6050
f 6338 6051 6050
f 6047 6336 6048
f 6336 6339 6048
f 6048 6339 6338
f 6340 6043 6041
f 6051 6338 6041
f 6338 6341 6041
f 6041 6341 6340
f 6043 6340 6044
f 6340 6342 6044
f 6044 6342 6045
f 6039 6036 6343
f 6036 6035 6343
f 6343 6035 6342
f 6035 6046 6342
f 6342 6046 6045
f 6039 6343 6038
f 6343 1613 6038
f 6038 1613 1515
f 6344 6345 6346
f 6347 6348 6349
f 6350 6351 6352
f 6353 6354 6355
f 6356 6357 6358
f 6359 6360 6361
f 6336 6337 6362
f 6338 6339 6363
f 6364 6365 6366
f 6366 6365 1613
f 6367 1613 6365
f 6368 6369 6370
f 6369 6371 6370
f 6372 6373 6374
f 6373 6375 6374
f 6376 6377 6378
f 6377 6379 6378
f 6380 6381 6382
f 6382 6383 6380
f 6383 6384 6380
f 6380 6384 6385
f 6385 6384 6386
f 6384 6387 6386
f 6386 6387 6388
f 6387 6389 6388
f 6388 6389 6390
f 6390 6389 6391
f 6389 6392 6391
f 6391 6392 6393
f 6392 6321 6393
f 6393 6321 5504
f 6394 6395 6396
f 6395 6397 6396
f 6396 6397 6398
f 6367 6365 6399
f 6365 6364 6399
f 6399 6364 6400
f 6401 1613 6367
f 6401 6367 6402
f 6367 6399 6402
f 6402 6399 6403
f 6399 6400 6403
f 6403 6400 6404
f 6405 1613 6401
f 6406 6407 6408
f 6408 6409 6406
f 6409 6410 6406
f 6406 6410 6394
f 6410 6411 6394
f 6394 6411 6395
f 6405 6401 6412
f 6401 6402 6412
f 6412 6402 6413
f 6402 6403 6413
f 6413 6403 6414
f 6403 6404 6414
f 6414 6404 6415
f 6416 1613 6405
f 6340 6341 6417
f 6416 6405 6418
f 6405 6412 6418
f 6418 6412 6419
f 6412 6413 6419
f 6419 6413 6420
f 6413 6414 6420
f 6420 6414 6421
f 6414 6415 6421
f 6421 6415 6422
f 6423 1613 6416
f 6424 6425 6426
f 6426 6427 6424
f 6427 6428 6424
f 6424 6428 6407
f 6428 6429 6407
f 6407 6429 6408
f 6423 6416 6430
f 6416 6418 6430
f 6430 6418 6431
f 6418 6419 6431
f 6431 6419 6432
f 6419 6420 6432
f 6432 6420 6433
f 6420 6421 6433
f 6433 6421 6434
f 6421 6422 6434
f 6434 6422 6435
f 6436 1613 6423
f 6436 6423 6437
f 6423 6430 6437
f 6437 6430 6438
f 6430 6431 6438
f 6438 6431 6439
f 6431 6432 6439
f 6439 6432 6440
f 6432 6433 6440
f 6440 6433 6441
f 6433 6434 6441
f 6441 6434 6442
f 6434 6435 6442
f 6442 6435 6443
f 6396 1613 6436
f 6444 6445 6446
f 6446 6447 6444
f 6447 6448 6444
f 6444 6448 6425
f 6448 6449 6425
f 6425 6449 6426
f 6396 6436 6394
f 6436 6437 6394
f 6394 6437 6406
f 6437 6438 6406
f 6406 6438 6407
f 6438 6439 6407
f 6407 6439 6424
f 6439 6440 6424
f 6424 6440 6425
f 6440 6441 6425
f 6425 6441 6444
f 6441 6442 6444
f 6444 6442 6445
f 6442 6443 6445
f 6445 6443 6450
f 6398 1613 6396
f 6334 6335 6451
f 6335 6330 6451
f 6451 6330 6452
f 6330 6333 6452
f 6333 6332 6452
f 6452 6332 6453
f 6454 6455 6456
f 6455 6450 6456
f 6456 6450 6457
f 6450 6443 6457
f 6457 6443 6458
f 6443 6435 6458
f 6458 6435 6459
f 6435 6422 6459
f 6459 6422 6460
f 6422 6415 6460
f 6460 6415 6461
f 6415 6404 6461
f 6461 6404 6462
f 6404 6400 6462
f 6462 6400 6463
f 6400 6364 6463
f 6463 6364 6464
f 6364 6366 6464
f 6464 6366 6465
f 6366 1613 6465
f 6455 6466 6450
f 6466 6467 6450
f 6450 6467 6445
f 6467 6468 6445
f 6445 6468 6446
f 6332 6331 6453
f 6331 6328 6453
f 6453 6328 6469
f 6360 6454 6361
f 6454 6456 6361
f 6361 6456 6470
f 6456 6457 6470
f 6470 6457 6471
f 6457 6458 6471
f 6471 6458 6472
f 6458 6459 6472
f 6472 6459 6473
f 6459 6460 6473
f 6473 6460 6474
f 6460 6461 6474
f 6474 6461 6475
f 6461 6462 6475
f 6475 6462 6476
f 6462 6463 6476
f 6476 6463 6477
f 6463 6464 6477
f 6477 6464 6478
f 6464 6465 6478
f 6478 6465 6479
f 6465 1613 6479
f 6328 6329 6469
f 6329 6326 6469
f 6469 6326 6480
f 6357 6359 6358
f 6359 6361 6358
f 6358 6361 6481
f 6361 6470 6481
f 6481 6470 6482
f 6470 6471 6482
f 6482 6471 6483
f 6471 6472 6483
f 6483 6472 6484
f 6472 6473 6484
f 6484 6473 6485
f 6473 6474 6485
f 6485 6474 6486
f 6474 6475 6486
f 6486 6475 6487
f 6475 6476 6487
f 6487 6476 6488
f 6476 6477 6488
f 6488 6477 6489
f 6477 6478 6489
f 6489 6478 6490
f 6478 6479 6490
f 6490 6479 6491
f 6479 1613 6491
f 6326 6327 6480
f 6327 6322 6480
f 6480 6322 6492
f 6354 6356 6355
f 6356 6358 6355
f 6355 6358 6493
f 6358 6481 6493
f 6493 6481 6494
f 6481 6482 6494
f 6494 6482 6495
f 6482 6483 6495
f 6495 6483 6496
f 6483 6484 6496
f 6496 6484 6497
f 6484 6485 6497
f 6497 6485 6498
f 6485 6486 6498
f 6498 6486 6499
f 6486 6487 6499
f 6499 6487 6500
f 6487 6488 6500
f 6500 6488 6501
f 6488 6489 6501
f 6501 6489 6502
f 6489 6490 6502
f 6502 6490 6503
f 6490 6491 6503
f 6503 6491 6504
f 6491 1613 6504
f 6505 6506 6507
f 6508 6506 6509
f 6506 6505 6509
f 6509 6505 6510
f 6511 6508 6512
f 6508 6509 6512
f 6512 6509 6513
f 6509 6510 6513
f 6513 6510 6514
f 6515 6511 6516
f 6511 6512 6516
f 6516 6512 6517
f 6512 6513 6517
f 6517 6513 6518
f 6513 6514 6518
f 6518 6514 6519
f 6520 6515 6521
f 6515 6516 6521
f 6521 6516 6522
f 6516 6517 6522
f 6522 6517 6523
f 6517 6518 6523
f 6523 6518 6524
f 6518 6519 6524
f 6524 6519 6525
f 6526 6520 6492
f 6520 6521 6492
f 6492 6521 6480
f 6521 6522 6480
f 6480 6522 6469
f 6522 6523 6469
f 6469 6523 6453
f 6523 6524 6453
f 6453 6524 6452
f 6524 6525 6452
f 6452 6525 6451
f 6351 6353 6352
f 6353 6355 6352
f 6352 6355 6527
f 6355 6493 6527
f 6527 6493 6528
f 6493 6494 6528
f 6528 6494 6529
f 6494 6495 6529
f 6529 6495 6530
f 6495 6496 6530
f 6530 6496 6531
f 6496 6497 6531
f 6531 6497 6532
f 6497 6498 6532
f 6532 6498 6533
f 6498 6499 6533
f 6533 6499 6534
f 6499 6500 6534
f 6534 6500 6535
f 6500 6501 6535
f 6535 6501 6536
f 6501 6502 6536
f 6536 6502 6537
f 6502 6503 6537
f 6537 6503 6538
f 6503 6504 6538
f 6538 6504 6539
f 6504 1613 6539
f 6322 6323 6492
f 6323 6324 6492
f 6492 6324 6526
f 6324 6325 6526
f 6526 6325 6320
f 6540 6507 6541
f 6507 6506 6541
f 6541 6506 6382
f 6506 6508 6382
f 6382 6508 6383
f 6508 6511 6383
f 6383 6511 6384
f 6511 6515 6384
f 6384 6515 6387
f 6515 6520 6387
f 6387 6520 6389
f 6520 6526 6389
f 6389 6526 6392
f 6526 6320 6392
f 6392 6320 6321
f 6348 6350 6349
f 6350 6352 6349
f 6349 6352 6542
f 6352 6527 6542
f 6542 6527 6543
f 6527 6528 6543
f 6543 6528 6544
f 6528 6529 6544
f 6544 6529 6545
f 6529 6530 6545
f 6545 6530 6546
f 6530 6531 6546
f 6546 6531 6547
f 6531 6532 6547
f 6547 6532 6548
f 6532 6533 6548
f 6548 6533 6549
f 6533 6534 6549
f 6549 6534 6550
f 6534 6535 6550
f 6550 6535 6551
f 6535 6536 6551
f 6551 6536 6552
f 6536 6537 6552
f 6552 6537 6553
f 6537 6538 6553
f 6553 6538 6554
f 6538 6539 6554
f 6554 6539 6555
f 6539 1613 6555
f 6342 6340 6556
f 6340 6417 6556
f 6556 6417 6557
f 6417 6558 6557
f 6557 6558 6559
f 6558 6560 6559
f 6559 6560 6561
f 6560 6562 6561
f 6561 6562 6563
f 6562 6564 6563
f 6563 6564 6565
f 6564 6566 6565
f 6565 6566 6567
f 6566 6568 6567
f 6567 6568 6569
f 6568 6570 6569
f 6569 6570 6571
f 6570 6572 6571
f 6571 6572 6573
f 6572 6574 6573
f 6573 6574 6575
f 6574 6576 6575
f 6575 6576 6577
f 6576 6578 6577
f 6577 6578 6579
f 6339 6336 6363
f 6336 6362 6363
f 6363 6362 6580
f 6362 6581 6580
f 6580 6581 6582
f 6581 6583 6582
f 6582 6583 6584
f 6583 6585 6584
f 6584 6585 6586
f 6585 6587 6586
f 6586 6587 6588
f 6587 6589 6588
f 6588 6589 6590
f 6589 6591 6590
f 6590 6591 6592
f 6591 6593 6592
f 6592 6593 6594
f 6593 6595 6594
f 6594 6595 6596
f 6595 6597 6596
f 6596 6597 6598
f 6597 6599 6598
f 6598 6599 6600
f 6599 6601 6600
f 6600 6601 6602
f 6337 6334 6362
f 6334 6451 6362
f 6362 6451 6581
f 6451 6525 6581
f 6581 6525 6583
f 6525 6519 6583
f 6583 6519 6585
f 6519 6514 6585
f 6585 6514 6587
f 6514 6510 6587
f 6587 6510 6589
f 6510 6505 6589
f 6589 6505 6591
f 6505 6507 6591
f 6591 6507 6593
f 6507 6540 6593
f 6593 6540 6595
f 6540 6374 6595
f 6595 6374 6597
f 6374 6375 6597
f 6597 6375 6599
f 6381 6603 6382
f 6603 6604 6382
f 6382 6604 6541
f 6604 6379 6541
f 6541 6379 6540
f 6379 6377 6540
f 6540 6377 6374
f 6377 6376 6374
f 6374 6376 6372
f 6345 6347 6346
f 6347 6349 6346
f 6346 6349 6605
f 6349 6542 6605
f 6605 6542 6606
f 6542 6543 6606
f 6606 6543 6607
f 6543 6544 6607
f 6607 6544 6608
f 6544 6545 6608
f 6608 6545 6609
f 6545 6546 6609
f 6609 6546 6610
f 6546 6547 6610
f 6610 6547 6611
f 6547 6548 6611
f 6611 6548 6612
f 6548 6549 6612
f 6612 6549 6613
f 6549 6550 6613
f 6613 6550 6614
f 6550 6551 6614
f 6614 6551 6615
f 6551 6552 6615
f 6615 6552 6616
f 6552 6553 6616
f 6616 6553 6617
f 6553 6554 6617
f 6617 6554 6618
f 6554 6555 6618
f 6618 6555 6619
f 6555 1613 6619
f 6579 6620 6621
f 6579 6578 6620
f 6578 6622 6620
f 6620 6622 6623
f 6341 6338 6417
f 6338 6363 6417
f 6417 6363 6558
f 6363 6580 6558
f 6558 6580 6560
f 6580 6582 6560
f 6560 6582 6562
f 6582 6584 6562
f 6562 6584 6564
f 6584 6586 6564
f 6564 6586 6566
f 6586 6588 6566
f 6566 6588 6568
f 6588 6590 6568
f 6568 6590 6570
f 6590 6592 6570
f 6570 6592 6572
f 6592 6594 6572
f 6572 6594 6574
f 6594 6596 6574
f 6574 6596 6576
f 6596 6598 6576
f 6576 6598 6578
f 6598 6600 6578
f 6578 6600 6622
f 6600 6602 6622
f 6622 6602 6623
f 6624 6344 6625
f 6344 6346 6625
f 6625 6346 6626
f 6346 6605 6626
f 6626 6605 6627
f 6605 6606 6627
f 6627 6606 6628
f 6606 6607 6628
f 6628 6607 6629
f 6607 6608 6629
f 6629 6608 6630
f 6608 6609 6630
f 6630 6609 6631
f 6609 6610 6631
f 6631 6610 6632
f 6610 6611 6632
f 6632 6611 6633
f 6611 6612 6633
f 6633 6612 6634
f 6612 6613 6634
f 6634 6613 6635
f 6613 6614 6635
f 6635 6614 6636
f 6614 6615 6636
f 6636 6615 6637
f 6615 6616 6637
f 6637 6616 6638
f 6616 6617 6638
f 6638 6617 6639
f 6617 6618 6639
f 6639 6618 6640
f 6618 6619 6640
f 6640 6619 6641
f 6619 1613 6641
f 6343 6342 6642
f 6342 6556 6642
f 6642 6556 6643
f 6556 6557 6643
f 6643 6557 6644
f 6557 6559 6644
f 6644 6559 6645
f 6559 6561 6645
f 6645 6561 6646
f 6561 6563 6646
f 6646 6563 6647
f 6563 6565 6647
f 6647 6565 6648
f 6565 6567 6648
f 6648 6567 6649
f 6567 6569 6649
f 6649 6569 6650
f 6569 6571 6650
f 6650 6571 6651
f 6571 6573 6651
f 6651 6573 6652
f 6573 6575 6652
f 6652 6575 6653
f 6575 6577 6653
f 6653 6577 6654
f 6577 6579 6654
f 6654 6579 6655
f 6579 6621 6655
f 6655 6621 6656
f 6621 6657 6656
f 6656 6657 6658
f 6657 6659 6658
f 6658 6659 6660
f 6659 6661 6660
f 6660 6661 6662
f 6623 6663 6620
f 6663 6368 6620
f 6620 6368 6621
f 6368 6370 6621
f 6621 6370 6657
f 6370 6371 6657
f 6657 6371 6659
f 6624 6625 6664
f 6625 6665 6664
f 6664 6665 6666
f 6665 6667 6666
f 6666 6667 6668
f 1613 6343 6641
f 6343 6642 6641
f 6641 6642 6640
f 6642 6643 6640
f 6640 6643 6639
f 6643 6644 6639
f 6639 6644 6638
f 6644 6645 6638
f 6638 6645 6637
f 6645 6646 6637
f 6637 6646 6636
f 6646 6647 6636
f 6636 6647 6635
f 6647 6648 6635
f 6635 6648 6634
f 6648 6649 6634
f 6634 6649 6633
f 6649 6650 6633
f 6633 6650 6632
f 6650 6651 6632
f 6632 6651 6631
f 6651 6652 6631
f 6631 6652 6630
f 6652 6653 6630
f 6630 6653 6629
f 6653 6654 6629
f 6629 6654 6628
f 6654 6655 6628
f 6628 6655 6627
f 6655 6656 6627
f 6627 6656 6626
f 6656 6658 6626
f 6626 6658 6625
f 6658 6660 6625
f 6625 6660 6665
f 6660 6662 6665
f 6665 6662 6667
f 6669 6661 6659
f 6668 6667 6670
f 6667 6671 6670
f 6671 6667 6669
f 6667 6662 6669
f 6669 6662 6661
f 6371 6672 6659
f 6672 6673 6659
f 6659 6673 6669
f 6371 6369 6672
f 6369 6368 6672
f 6672 6368 6674
f 6368 6663 6674
f 6674 6663 6675
f 6663 6623 6675
f 6623 6602 6675
f 6675 6602 6676
f 6602 6601 6676
f 6601 6599 6676
f 6676 6599 6677
f 6599 6375 6677
f 6677 6375 6678
f 6375 6373 6678
f 6678 6373 6679
f 6373 6372 6679
f 6679 6372 6680
f 6680 6372 6681
f 6372 6376 6681
f 6681 6376 6682
f 6376 6378 6682
f 6682 6378 6683
f 6378 6379 6683
f 6683 6379 6684
f 6379 6604 6684
f 6604 6603 6684
f 6684 6603 6685
f 6603 6381 6685
f 6386 6686 6385
f 6686 6687 6385
f 6385 6687 6380
f 6687 6688 6380
f 6380 6688 6381
f 6688 6689 6381
f 6381 6689 6685
f 6391 6690 6390
f 6690 6691 6390
f 6390 6691 6388
f 6691 6692 6388
f 6388 6692 6386
f 6692 6693 6386
f 6386 6693 6686
f 5504 5201 6393
f 5201 6694 6393
f 6393 6694 6391
f 6694 6695 6391
f 6391 6695 6690
f 6696 6697 6670
f 6697 6668 6670
f 6348 6347 6698
f 6699 6664 6697
f 6664 6666 6697
f 6697 6666 6668
f 6698 6347 6700
f 6347 6345 6700
f 6345 6344 6700
f 6700 6344 6699
f 6344 6624 6699
f 6699 6624 6664
f 6348 6698 6350
f 6698 6701 6350
f 6350 6701 6351
f 6701 6702 6351
f 6351 6702 6353
f 6353 6702 6354
f 6702 6703 6354
f 6354 6703 6356
f 6356 6703 6357
f 6703 6704 6357
f 6357 6704 6359
f 6359 6704 6360
f 6704 6705 6360
f 6360 6705 6454
f 6454 6705 6455
f 6705 6706 6455
f 6455 6706 6466
f 6466 6706 6467
f 6706 6707 6467
f 6467 6707 6468
f 6468 6707 6446
f 6707 6708 6446
f 6446 6708 6447
f 6447 6708 6448
f 6708 6709 6448
f 6448 6709 6449
f 6449 6709 6426
f 6709 6710 6426
f 6426 6710 6427
f 6427 6710 6428
f 6710 6711 6428
f 6428 6711 6429
f 6429 6711 6408
f 6711 6712 6408
f 6408 6712 6409
f 6409 6712 6410
f 6712 6713 6410
f 6410 6713 6411
f 6411 6713 6395
f 6713 6714 6395
f 6395 6714 6397
f 6397 6714 6398
f 6714 1593 6398
f 6398 1593 1613
f 6715 1644 1645
f 1593 6714 6716
f 6717 6718 6719
f 6714 6713 6720
f 6721 6722 6723
f 6713 6712 6724
f 6725 6726 6727
f 6712 6711 6728
f 6729 6730 6731
f 6711 6710 6732
f 6733 6734 6735
f 6710 6709 6736
f 6737 6738 6739
f 6709 6708 6740
f 6741 6742 6743
f 6708 6707 6744
f 6707 6706 6745
f 6706 6705 6746
f 6747 6748 6749
f 6705 6704 6750
f 6751 6752 6753
f 6704 6703 6754
f 6703 6702 6755
f 6702 6701 6756
f 6698 6700 6757
f 6699 6697 6758
f 6699 6758 6759
f 6758 6760 6759
f 6759 6760 6761
f 6760 6762 6761
f 6761 6762 6763
f 6762 6764 6763
f 6763 6764 6765
f 6764 6766 6765
f 6765 6766 6767
f 6766 6768 6767
f 6767 6768 6769
f 6768 6770 6769
f 6769 6770 6771
f 6770 6772 6771
f 6771 6772 6773
f 6772 6774 6773
f 6773 6774 6775
f 6774 6776 6775
f 6775 6776 6777
f 6776 6778 6777
f 6777 6778 6779
f 6778 6780 6779
f 6779 6780 6781
f 6780 6782 6781
f 6781 6782 6783
f 6782 6784 6783
f 6783 6784 6785
f 6784 6786 6785
f 6785 6786 6787
f 6786 6788 6787
f 6787 6788 6789
f 6788 6790 6789
f 6789 6790 6791
f 6790 6792 6791
f 6792 6793 6791
f 6791 6793 6794
f 6794 6795 6791
f 6795 6796 6791
f 6791 6796 6789
f 6796 6797 6789
f 6789 6797 6787
f 6797 6798 6787
f 6787 6798 6785
f 6798 6799 6785
f 6785 6799 6783
f 6799 6800 6783
f 6783 6800 6781
f 6800 6801 6781
f 6781 6801 6779
f 6801 6802 6779
f 6779 6802 6777
f 6802 6803 6777
f 6777 6803 6775
f 6803 6804 6775
f 6775 6804 6773
f 6804 6805 6773
f 6773 6805 6771
f 6805 6806 6771
f 6771 6806 6769
f 6806 6807 6769
f 6769 6807 6767
f 6807 6808 6767
f 6767 6808 6765
f 6808 6809 6765
f 6765 6809 6763
f 6809 6810 6763
f 6763 6810 6761
f 6810 6757 6761
f 6761 6757 6759
f 6757 6700 6759
f 6759 6700 6699
f 6698 6757 6811
f 6757 6810 6811
f 6811 6810 6812
f 6810 6809 6812
f 6812 6809 6813
f 6809 6808 6813
f 6813 6808 6814
f 6808 6807 6814
f 6814 6807 6815
f 6807 6806 6815
f 6815 6806 6816
f 6806 6805 6816
f 6816 6805 6817
f 6805 6804 6817
f 6817 6804 6818
f 6804 6803 6818
f 6818 6803 6819
f 6803 6802 6819
f 6819 6802 6820
f 6802 6801 6820
f 6820 6801 6821
f 6801 6800 6821
f 6821 6800 6822
f 6800 6799 6822
f 6822 6799 6823
f 6799 6798 6823
f 6823 6798 6824
f 6798 6797 6824
f 6824 6797 6825
f 6797 6796 6825
f 6825 6796 6826
f 6796 6795 6826
f 6826 6795 6827
f 6794 6828 6795
f 6828 6829 6795
f 6795 6829 6827
f 6829 6830 6827
f 6827 6830 6831
f 6831 6832 6827
f 6832 6833 6827
f 6827 6833 6826
f 6833 6834 6826
f 6826 6834 6825
f 6834 6835 6825
f 6825 6835 6824
f 6835 6836 6824
f 6824 6836 6823
f 6836 6837 6823
f 6823 6837 6822
f 6837 6838 6822
f 6822 6838 6821
f 6838 6839 6821
f 6821 6839 6820
f 6839 6840 6820
f 6820 6840 6819
f 6840 6841 6819
f 6819 6841 6818
f 6841 6842 6818
f 6818 6842 6817
f 6842 6843 6817
f 6817 6843 6816
f 6843 6844 6816
f 6816 6844 6815
f 6844 6845 6815
f 6815 6845 6814
f 6845 6846 6814
f 6814 6846 6813
f 6846 6847 6813
f 6813 6847 6812
f 6847 6756 6812
f 6812 6756 6811
f 6756 6701 6811
f 6811 6701 6698
f 6702 6756 6755
f 6756 6847 6755
f 6755 6847 6848
f 6847 6846 6848
f 6848 6846 6849
f 6846 6845 6849
f 6849 6845 6850
f 6845 6844 6850
f 6850 6844 6851
f 6844 6843 6851
f 6851 6843 6852
f 6843 6842 6852
f 6852 6842 6853
f 6842 6841 6853
f 6853 6841 6854
f 6841 6840 6854
f 6854 6840 6855
f 6840 6839 6855
f 6855 6839 6856
f 6839 6838 6856
f 6856 6838 6857
f 6838 6837 6857
f 6857 6837 6858
f 6837 6836 6858
f 6858 6836 6859
f 6836 6835 6859
f 6859 6835 6860
f 6835 6834 6860
f 6860 6834 6861
f 6834 6833 6861
f 6861 6833 6862
f 6833 6832 6862
f 6862 6832 6863
f 6831 6864 6832
f 6864 6865 6832
f 6832 6865 6863
f 6865 6866 6863
f 6863 6866 6867
f 6703 6755 6754
f 6755 6848 6754
f 6754 6848 6868
f 6848 6849 6868
f 6868 6849 6869
f 6849 6850 6869
f 6869 6850 6870
f 6850 6851 6870
f 6870 6851 6871
f 6851 6852 6871
f 6871 6852 6872
f 6852 6853 6872
f 6872 6853 6873
f 6853 6854 6873
f 6873 6854 6874
f 6854 6855 6874
f 6874 6855 6875
f 6855 6856 6875
f 6875 6856 6876
f 6856 6857 6876
f 6876 6857 6877
f 6857 6858 6877
f 6877 6858 6878
f 6858 6859 6878
f 6878 6859 6879
f 6859 6860 6879
f 6879 6860 6880
f 6860 6861 6880
f 6880 6861 6881
f 6861 6862 6881
f 6881 6862 6882
f 6862 6863 6882
f 6882 6863 6883
f 6863 6867 6883
f 6883 6867 6884
f 6704 6754 6750
f 6754 6868 6750
f 6750 6868 6885
f 6868 6869 6885
f 6885 6869 6886
f 6869 6870 6886
f 6886 6870 6887
f 6870 6871 6887
f 6887 6871 6888
f 6871 6872 6888
f 6888 6872 6889
f 6872 6873 6889
f 6889 6873 6890
f 6873 6874 6890
f 6890 6874 6891
f 6874 6875 6891
f 6891 6875 6892
f 6875 6876 6892
f 6892 6876 6893
f 6876 6877 6893
f 6893 6877 6894
f 6877 6878 6894
f 6894 6878 6895
f 6878 6879 6895
f 6895 6879 6896
f 6879 6880 6896
f 6896 6880 6897
f 6880 6881 6897
f 6897 6881 6898
f 6881 6882 6898
f 6898 6882 6899
f 6882 6883 6899
f 6899 6883 6753
f 6883 6884 6753
f 6753 6884 6751
f 6705 6750 6746
f 6750 6885 6746
f 6746 6885 6900
f 6885 6886 6900
f 6900 6886 6901
f 6886 6887 6901
f 6901 6887 6902
f 6887 6888 6902
f 6902 6888 6903
f 6888 6889 6903
f 6903 6889 6904
f 6889 6890 6904
f 6904 6890 6905
f 6890 6891 6905
f 6905 6891 6906
f 6891 6892 6906
f 6906 6892 6907
f 6892 6893 6907
f 6907 6893 6908
f 6893 6894 6908
f 6908 6894 6909
f 6894 6895 6909
f 6909 6895 6910
f 6895 6896 6910
f 6910 6896 6911
f 6896 6897 6911
f 6911 6897 6912
f 6897 6898 6912
f 6912 6898 6913
f 6898 6899 6913
f 6913 6899 6914
f 6899 6753 6914
f 6914 6753 6749
f 6753 6752 6749
f 6749 6752 6747
f 6706 6746 6745
f 6746 6900 6745
f 6745 6900 6915
f 6900 6901 6915
f 6915 6901 6916
f 6901 6902 6916
f 6916 6902 6917
f 6902 6903 6917
f 6917 6903 6918
f 6903 6904 6918
f 6918 6904 6919
f 6904 6905 6919
f 6919 6905 6920
f 6905 6906 6920
f 6920 6906 6921
f 6906 6907 6921
f 6921 6907 6922
f 6907 6908 6922
f 6922 6908 6923
f 6908 6909 6923
f 6923 6909 6924
f 6909 6910 6924
f 6924 6910 6925
f 6910 6911 6925
f 6925 6911 6926
f 6911 6912 6926
f 6926 6912 6927
f 6912 6913 6927
f 6927 6913 6928
f 6913 6914 6928
f 6928 6914 6929
f 6914 6749 6929
f 6929 6749 6930
f 6749 6748 6930
f 6930 6748 6931
f 6707 6745 6744
f 6745 6915 6744
f 6744 6915 6932
f 6915 6916 6932
f 6932 6916 6933
f 6916 6917 6933
f 6933 6917 6934
f 6917 6918 6934
f 6934 6918 6935
f 6918 6919 6935
f 6935 6919 6936
f 6919 6920 6936
f 6936 6920 6937
f 6920 6921 6937
f 6937 6921 6938
f 6921 6922 6938
f 6938 6922 6939
f 6922 6923 6939
f 6939 6923 6940
f 6923 6924 6940
f 6940 6924 6941
f 6924 6925 6941
f 6941 6925 6942
f 6925 6926 6942
f 6942 6926 6943
f 6926 6927 6943
f 6943 6927 6944
f 6927 6928 6944
f 6944 6928 6945
f 6928 6929 6945
f 6945 6929 6946
f 6929 6930 6946
f 6946 6930 6947
f 6930 6931 6947
f 6947 6931 6948
f 6708 6744 6740
f 6744 6932 6740
f 6740 6932 6949
f 6932 6933 6949
f 6949 6933 6950
f 6933 6934 6950
f 6950 6934 6951
f 6934 6935 6951
f 6951 6935 6952
f 6935 6936 6952
f 6952 6936 6953
f 6936 6937 6953
f 6953 6937 6954
f 6937 6938 6954
f 6954 6938 6955
f 6938 6939 6955
f 6955 6939 6956
f 6939 6940 6956
f 6956 6940 6957
f 6940 6941 6957
f 6957 6941 6958
f 6941 6942 6958
f 6958 6942 6959
f 6942 6943 6959
f 6959 6943 6960
f 6943 6944 6960
f 6960 6944 6961
f 6944 6945 6961
f 6961 6945 6962
f 6945 6946 6962
f 6962 6946 6963
f 6946 6947 6963
f 6963 6947 6743
f 6947 6948 6743
f 6743 6948 6741
f 6709 6740 6736
f 6740 6949 6736
f 6736 6949 6964
f 6949 6950 6964
f 6964 6950 6965
f 6950 6951 6965
f 6965 6951 6966
f 6951 6952 6966
f 6966 6952 6967
f 6952 6953 6967
f 6967 6953 6968
f 6953 6954 6968
f 6968 6954 6969
f 6954 6955 6969
f 6969 6955 6970
f 6955 6956 6970
f 6970 6956 6971
f 6956 6957 6971
f 6971 6957 6972
f 6957 6958 6972
f 6972 6958 6973
f 6958 6959 6973
f 6973 6959 6974
f 6959 6960 6974
f 6974 6960 6975
f 6960 6961 6975
f 6975 6961 6976
f 6961 6962 6976
f 6976 6962 6977
f 6962 6963 6977
f 6977 6963 6978
f 6963 6743 6978
f 6978 6743 6739
f 6743 6742 6739
f 6739 6742 6737
f 6710 6736 6732
f 6736 6964 6732
f 6732 6964 6979
f 6964 6965 6979
f 6979 6965 6980
f 6965 6966 6980
f 6980 6966 6981
f 6966 6967 6981
f 6981 6967 6982
f 6967 6968 6982
f 6982 6968 6983
f 6968 6969 6983
f 6983 6969 6984
f 6969 6970 6984
f 6984 6970 6985
f 6970 6971 6985
f 6985 6971 6986
f 6971 6972 6986
f 6986 6972 6987
f 6972 6973 6987
f 6987 6973 6988
f 6973 6974 6988
f 6988 6974 6989
f 6974 6975 6989
f 6989 6975 6990
f 6975 6976 6990
f 6990 6976 6991
f 6976 6977 6991
f 6991 6977 6992
f 6977 6978 6992
f 6992 6978 6993
f 6978 6739 6993
f 6993 6739 6735
f 6739 6738 6735
f 6735 6738 6733
f 6711 6732 6728
f 6732 6979 6728
f 6728 6979 6994
f 6979 6980 6994
f 6994 6980 6995
f 6980 6981 6995
f 6995 6981 6996
f 6981 6982 6996
f 6996 6982 6997
f 6982 6983 6997
f 6997 6983 6998
f 6983 6984 6998
f 6998 6984 6999
f 6984 6985 6999
f 6999 6985 7000
f 6985 6986 7000
f 7000 6986 7001
f 6986 6987 7001
f 7001 6987 7002
f 6987 6988 7002
f 7002 6988 7003
f 6988 6989 7003
f 7003 6989 7004
f 6989 6990 7004
f 7004 6990 7005
f 6990 6991 7005
f 7005 6991 7006
f 6991 6992 7006
f 7006 6992 7007
f 6992 6993 7007
f 7007 6993 7008
f 6993 6735 7008
f 7008 6735 6731
f 6735 6734 6731
f 6731 6734 6729
f 6712 6728 6724
f 6728 6994 6724
f 6724 6994 7009
f 6994 6995 7009
f 7009 6995 7010
f 6995 6996 7010
f 7010 6996 7011
f 6996 6997 7011
f 7011 6997 7012
f 6997 6998 7012
f 7012 6998 7013
f 6998 6999 7013
f 7013 6999 7014
f 6999 7000 7014
f 7014 7000 7015
f 7000 7001 7015
f 7015 7001 7016
f 7001 7002 7016
f 7016 7002 7017
f 7002 7003 7017
f 7017 7003 7018
f 7003 7004 7018
f 7018 7004 7019
f 7004 7005 7019
f 7019 7005 7020
f 7005 7006 7020
f 7020 7006 7021
f 7006 7007 7021
f 7021 7007 7022
f 7007 7008 7022
f 7022 7008 7023
f 7008 6731 7023
f 7023 6731 6727
f 6731 6730 6727
f 6727 6730 6725
f 6713 6724 6720
f 6724 7009 6720
f 6720 7009 7024
f 7009 7010 7024
f 7024 7010 7025
f 7010 7011 7025
f 7025 7011 7026
f 7011 7012 7026
f 7026 7012 7027
f 7012 7013 7027
f 7027 7013 7028
f 7013 7014 7028
f 7028 7014 7029
f 7014 7015 7029
f 7029 7015 7030
f 7015 7016 7030
f 7030 7016 7031
f 7016 7017 7031
f 7031 7017 7032
f 7017 7018 7032
f 7032 7018 7033
f 7018 7019 7033
f 7033 7019 7034
f 7019 7020 7034
f 7034 7020 7035
f 7020 7021 7035
f 7035 7021 7036
f 7021 7022 7036
f 7036 7022 7037
f 7022 7023 7037
f 7037 7023 7038
f 7023 6727 7038
f 7038 6727 6723
f 6727 6726 6723
f 6723 6726 6721
f 6714 6720 6716
f 6720 7024 6716
f 6716 7024 7039
f 7024 7025 7039
f 7039 7025 7040
f 7025 7026 7040
f 7040 7026 7041
f 7026 7027 7041
f 7041 7027 7042
f 7027 7028 7042
f 7042 7028 7043
f 7028 7029 7043
f 7043 7029 7044
f 7029 7030 7044
f 7044 7030 7045
f 7030 7031 7045
f 7045 7031 7046
f 7031 7032 7046
f 7046 7032 7047
f 7032 7033 7047
f 7047 7033 7048
f 7033 7034 7048
f 7048 7034 7049
f 7034 7035 7049
f 7049 7035 7050
f 7035 7036 7050
f 7050 7036 7051
f 7036 7037 7051
f 7051 7037 7052
f 7037 7038 7052
f 7052 7038 7053
f 7038 6723 7053
f 7053 6723 6719
f 6723 6722 6719
f 6719 6722 6717
f 1593 6716 1655
f 6716 7039 1655
f 1655 7039 1603
f 7039 7040 1603
f 1603 7040 1598
f 7040 7041 1598
f 1598 7041 1581
f 7041 7042 1581
f 1581 7042 1582
f 7042 7043 1582
f 1582 7043 1606
f 7043 7044 1606
f 1606 7044 1607
f 7044 7045 1607
f 1607 7045 1517
f 7045 7046 1517
f 1517 7046 1518
f 7046 7047 1518
f 1518 7047 1583
f 7047 7048 1583
f 1583 7048 1584
f 7048 7049 1584
f 1584 7049 1519
f 7049 7050 1519
f 1519 7050 1520
f 7050 7051 1520
f 1520 7051 1521
f 7051 7052 1521
f 1521 7052 1522
f 7052 7053 1522
f 1522 7053 1617
f 7053 6719 1617
f 1617 6719 1645
f 6719 6718 1645
f 1645 6718 6715
f 1586 1644 6715
f 7054 7055 6717
f 7055 7056 6717
f 7056 7057 6717
f 6717 7057 6718
f 7057 7058 6718
f 6718 7058 6715
f 7058 7059 6715
f 6715 7059 1586
f 7060 7061 6721
f 6717 6722 7054
f 6722 6721 7054
f 7054 6721 7062
f 6721 7061 7062
f 7063 7064 6725
f 7064 7065 6725
f 6721 6726 7060
f 6726 6725 7060
f 7060 6725 7066
f 6725 7065 7066
f 7067 7068 6729
f 7068 7069 6729
f 6725 6730 7063
f 6730 6729 7063
f 7063 6729 7070
f 6729 7069 7070
f 6729 6734 7067
f 6734 6733 7067
f 7067 6733 7071
f 6733 7072 7071
f 7072 6733 7073
f 6733 6738 7073
f 7073 6738 7074
f 6738 6737 7074
f 7074 6737 7075
f 6742 7076 6737
f 7076 7077 6737
f 6737 7077 7075
f 7078 7079 6741
f 7079 7080 6741
f 6741 7080 6742
f 7080 7081 6742
f 6742 7081 7076
f 7082 6948 7083
f 6948 6931 7083
f 7082 7084 6948
f 7084 7085 6948
f 6948 7085 6741
f 7085 7086 6741
f 6741 7086 7078
f 6931 6748 7087
f 7087 7088 6931
f 7088 7089 6931
f 6931 7089 7090
f 7090 7091 6931
f 7091 7092 6931
f 6931 7092 7083
f 6747 7093 6748
f 7093 7094 6748
f 7094 7095 6748
f 7095 7096 6748
f 6748 7096 7087
f 7097 7098 6747
f 7098 7099 6747
f 7099 7100 6747
f 6747 7100 7093
f 6747 6752 7097
f 6752 6751 7097
f 7097 6751 7101
f 6751 7102 7101
f 7102 6751 7103
f 6751 6884 7103
f 7103 6884 7104
f 6884 6867 7104
f 7104 6867 7105
f 7106 7107 6865
f 7107 7108 6865
f 6865 7108 6866
f 7108 7109 6866
f 6866 7109 6867
f 7109 7110 6867
f 6867 7110 7105
f 7106 6865 7111
f 6865 6864 7111
f 7111 6864 7112
f 6864 6831 7112
f 7112 6831 7113
f 6829 7114 6830
f 7114 7115 6830
f 6830 7115 6831
f 7115 7116 6831
f 6831 7116 7113
f 7117 7118 6794
f 7118 7119 6794
f 6794 7119 6828
f 7119 7120 6828
f 6828 7120 6829
f 7120 7121 6829
f 6829 7121 7114
f 7117 6794 7122
f 6794 6793 7122
f 7122 6793 7123
f 6793 6792 7123
f 7123 6792 7124
f 7125 1751 1754
f 7126 1740 1741
f 7127 7128 7129
f 7130 7131 7132
f 7133 7134 7135
f 7136 7137 7138
f 7139 7140 7141
f 7142 7143 7144
f 1731 1733 7145
f 1729 1728 7146
f 1728 7147 7146
f 7146 7147 7148
f 7147 7149 7148
f 7150 7151 7149
f 7151 7152 7149
f 7149 7152 7148
f 7153 7154 7155
f 7154 7150 7155
f 7155 7150 7156
f 7150 7149 7156
f 7157 7158 7159
f 7158 7160 7159
f 7159 7160 7161
f 7142 7144 7162
f 7163 7164 7165
f 7164 7166 7165
f 7165 7166 7167
f 7168 7169 7170
f 7170 7169 7166
f 7169 7171 7166
f 7166 7171 7167
f 7140 7172 7141
f 7172 7173 7141
f 7141 7173 7174
f 7173 7168 7174
f 7174 7168 7175
f 7168 7170 7175
f 7176 7177 7178
f 7177 7179 7178
f 7178 7179 7180
f 7179 7181 7180
f 7180 7181 7182
f 7137 7136 7181
f 7136 7183 7181
f 7181 7183 7182
f 7184 7185 7186
f 7187 7188 7189
f 7190 7191 7192
f 7191 7193 7192
f 7192 7193 7194
f 7193 7195 7194
f 7194 7195 7196
f 7195 7197 7196
f 7198 7199 7200
f 7199 7201 7200
f 7200 7201 7202
f 7201 7203 7202
f 7204 7205 7206
f 7205 7207 7206
f 7206 7207 7208
f 7207 7209 7208
f 7131 7130 7210
f 7211 7212 7132
f 7212 7213 7132
f 7132 7213 7130
f 7214 7215 7216
f 7215 7217 7216
f 7216 7217 7218
f 7219 7220 7221
f 7220 7222 7221
f 7221 7222 7223
f 7222 7224 7223
f 7225 7226 7227
f 7228 7229 7230
f 7229 7231 7230
f 7230 7231 7232
f 7233 7234 7235
f 7234 7236 7235
f 7235 7236 7237
f 7236 7238 7237
f 7239 7240 7241
f 7240 7242 7241
f 7128 7127 7243
f 7127 7244 7243
f 7243 7244 7245
f 7123 7124 7246
f 7247 7114 7248
f 7114 7121 7248
f 7248 7121 7249
f 7250 7126 7251
f 7126 1741 7251
f 7251 1741 7252
f 1741 1744 7252
f 1744 1747 7252
f 1747 1749 7252
f 7252 1749 7253
f 7125 1754 7254
f 1754 1756 7254
f 7254 1756 7255
f 1756 1758 7255
f 7255 1758 7256
f 1758 1759 7256
f 7256 1759 7257
f 1759 1762 7257
f 1762 1765 7257
f 7257 1765 7258
f 1765 1767 7258
f 7258 1767 7259
f 1767 1769 7259
f 7259 1769 7260
f 1769 1770 7260
f 7260 1770 7261
f 1770 1773 7261
f 1773 1776 7261
f 7261 1776 7262
f 1776 1586 7262
f 7262 1586 7059
f 7250 7251 7263
f 7251 7252 7263
f 7263 7252 7264
f 7252 7253 7264
f 7264 7253 7265
f 7059 7266 7262
f 7266 7267 7262
f 7262 7267 7261
f 7267 7268 7261
f 7261 7268 7260
f 7268 7269 7260
f 7260 7269 7259
f 7269 7270 7259
f 7259 7270 7258
f 7270 7271 7258
f 7258 7271 7257
f 7271 7272 7257
f 7257 7272 7256
f 7272 7273 7256
f 7256 7273 7255
f 7273 7274 7255
f 7255 7274 7254
f 7274 7275 7254
f 7254 7275 7125
f 7276 7277 7278
f 7277 7279 7278
f 7278 7279 7280
f 7279 7281 7280
f 7280 7281 7282
f 7281 7283 7282
f 7282 7283 7284
f 7283 7285 7284
f 7284 7285 7265
f 7285 7286 7265
f 7265 7286 7264
f 7286 7287 7264
f 7264 7287 7263
f 7287 7288 7263
f 7263 7288 7250
f 1749 1751 7253
f 1751 7125 7253
f 7253 7125 7265
f 7125 7275 7265
f 7265 7275 7284
f 7275 7274 7284
f 7284 7274 7282
f 7274 7273 7282
f 7282 7273 7280
f 7273 7272 7280
f 7280 7272 7278
f 7272 7271 7278
f 7278 7271 7276
f 7271 7270 7276
f 7276 7270 7289
f 7270 7269 7289
f 7289 7269 7290
f 7269 7268 7290
f 7290 7268 7291
f 7268 7267 7291
f 7291 7267 7292
f 7267 7266 7292
f 7292 7266 7293
f 1728 1731 7147
f 1731 7145 7147
f 7147 7145 7149
f 7145 7294 7149
f 7149 7294 7156
f 7294 7295 7156
f 7156 7295 7155
f 7295 7296 7155
f 7155 7296 7153
f 1733 1736 7145
f 1736 7297 7145
f 7145 7297 7294
f 7297 7298 7294
f 7294 7298 7295
f 7298 7299 7295
f 7295 7299 7296
f 7299 7300 7296
f 7301 7302 7303
f 7302 7304 7303
f 7303 7304 7305
f 7304 7306 7305
f 7305 7306 7307
f 7306 7308 7307
f 7307 7308 7309
f 7308 7310 7309
f 7309 7310 7311
f 7310 7312 7311
f 7311 7312 7313
f 7312 7314 7313
f 7313 7314 7315
f 7314 7316 7315
f 7315 7316 7317
f 7316 7318 7317
f 7317 7318 7319
f 7318 7320 7319
f 7319 7320 7321
f 7320 7322 7321
f 7321 7322 7323
f 7322 7324 7323
f 7323 7324 7325
f 1738 1740 7326
f 1740 7126 7326
f 7326 7126 7327
f 7126 7250 7327
f 7327 7250 7325
f 7250 7288 7325
f 7325 7288 7323
f 7288 7287 7323
f 7323 7287 7321
f 7287 7286 7321
f 7321 7286 7319
f 7286 7285 7319
f 7319 7285 7317
f 7285 7283 7317
f 7317 7283 7315
f 7283 7281 7315
f 7315 7281 7313
f 7281 7279 7313
f 7313 7279 7311
f 7279 7277 7311
f 7311 7277 7309
f 7277 7276 7309
f 7309 7276 7307
f 7276 7289 7307
f 7307 7289 7305
f 7289 7290 7305
f 7305 7290 7303
f 7290 7291 7303
f 7303 7291 7301
f 7291 7292 7301
f 7301 7292 7328
f 7292 7293 7328
f 7328 7293 7329
f 7143 7161 7144
f 7161 7160 7144
f 7144 7160 7330
f 7160 7158 7330
f 7059 7058 7266
f 7058 7057 7266
f 7266 7057 7293
f 7057 7056 7293
f 7293 7056 7329
f 7056 7055 7329
f 7329 7055 7054
f 1736 1738 7297
f 1738 7326 7297
f 7297 7326 7298
f 7326 7327 7298
f 7298 7327 7299
f 7327 7325 7299
f 7299 7325 7300
f 7325 7324 7300
f 7300 7324 7331
f 7324 7322 7331
f 7331 7322 7332
f 7322 7320 7332
f 7332 7320 7333
f 7320 7318 7333
f 7333 7318 7334
f 7318 7316 7334
f 7334 7316 7335
f 7316 7314 7335
f 7335 7314 7336
f 7314 7312 7336
f 7336 7312 7337
f 7312 7310 7337
f 7337 7310 7338
f 7310 7308 7338
f 7338 7308 7339
f 7308 7306 7339
f 7339 7306 7340
f 7306 7304 7340
f 7340 7304 7341
f 7304 7302 7341
f 7341 7302 7342
f 7302 7301 7342
f 7342 7301 7343
f 7301 7328 7343
f 7343 7328 7344
f 7328 7329 7344
f 7344 7329 7345
f 7329 7054 7345
f 7346 7347 7330
f 7347 7164 7330
f 7330 7164 7144
f 7164 7163 7144
f 7144 7163 7162
f 7163 7165 7162
f 7347 7348 7164
f 7348 7349 7164
f 7164 7349 7166
f 7349 7350 7166
f 7166 7350 7170
f 7350 7351 7170
f 7170 7351 7175
f 7351 7352 7175
f 7175 7352 7174
f 7352 7353 7174
f 7174 7353 7141
f 7353 7176 7141
f 7141 7176 7139
f 7176 7178 7139
f 7054 7062 7345
f 7062 7061 7345
f 7345 7061 7354
f 7061 7060 7354
f 7354 7060 7355
f 7060 7066 7355
f 7355 7066 7356
f 7066 7065 7356
f 7356 7065 7357
f 7065 7064 7357
f 7357 7064 7358
f 7064 7063 7358
f 7358 7063 7359
f 7063 7070 7359
f 7359 7070 7360
f 7070 7069 7360
f 7360 7069 7361
f 7069 7068 7361
f 7068 7067 7361
f 7361 7067 7362
f 7067 7071 7362
f 7362 7071 7363
f 7071 7072 7363
f 7363 7072 7364
f 7346 7365 7347
f 7365 7366 7347
f 7347 7366 7348
f 7366 7367 7348
f 7348 7367 7349
f 7367 7368 7349
f 7349 7368 7350
f 7368 7369 7350
f 7350 7369 7351
f 7369 7370 7351
f 7351 7370 7352
f 7370 7371 7352
f 7352 7371 7353
f 7371 7372 7353
f 7353 7372 7176
f 7372 7373 7176
f 7176 7373 7177
f 7373 7374 7177
f 7177 7374 7179
f 7374 7375 7179
f 7179 7375 7181
f 7375 7376 7181
f 7181 7376 7137
f 7376 7377 7137
f 7137 7377 7138
f 7377 7378 7138
f 7138 7378 7379
f 7378 7380 7379
f 7379 7380 7381
f 7380 7184 7381
f 7381 7184 7382
f 7184 7186 7382
f 7072 7073 7364
f 7073 7074 7364
f 7364 7074 7383
f 7074 7075 7383
f 7383 7075 7384
f 7075 7077 7384
f 7384 7077 7385
f 7077 7076 7385
f 7385 7076 7386
f 7365 7387 7366
f 7387 7388 7366
f 7366 7388 7367
f 7388 7389 7367
f 7367 7389 7368
f 7389 7390 7368
f 7368 7390 7369
f 7390 7391 7369
f 7369 7391 7370
f 7391 7392 7370
f 7370 7392 7371
f 7392 7393 7371
f 7371 7393 7372
f 7393 7394 7372
f 7372 7394 7373
f 7394 7395 7373
f 7373 7395 7374
f 7395 7396 7374
f 7374 7396 7375
f 7396 7397 7375
f 7375 7397 7376
f 7397 7398 7376
f 7376 7398 7377
f 7398 7399 7377
f 7377 7399 7378
f 7399 7400 7378
f 7378 7400 7380
f 7400 7401 7380
f 7380 7401 7184
f 7401 7402 7184
f 7184 7402 7185
f 7402 7403 7185
f 7185 7403 7404
f 7403 7405 7404
f 7404 7405 7406
f 7405 7187 7406
f 7406 7187 7407
f 7187 7189 7407
f 7387 7408 7388
f 7408 7409 7388
f 7388 7409 7389
f 7409 7410 7389
f 7389 7410 7390
f 7410 7411 7390
f 7390 7411 7391
f 7411 7412 7391
f 7391 7412 7392
f 7412 7413 7392
f 7392 7413 7393
f 7413 7414 7393
f 7393 7414 7394
f 7414 7415 7394
f 7394 7415 7395
f 7415 7416 7395
f 7395 7416 7396
f 7416 7417 7396
f 7396 7417 7397
f 7417 7418 7397
f 7397 7418 7398
f 7418 7419 7398
f 7398 7419 7399
f 7419 7420 7399
f 7399 7420 7400
f 7420 7421 7400
f 7400 7421 7401
f 7421 7422 7401
f 7401 7422 7402
f 7422 7423 7402
f 7402 7423 7403
f 7423 7424 7403
f 7403 7424 7405
f 7424 7425 7405
f 7405 7425 7187
f 7425 7426 7187
f 7187 7426 7188
f 7426 7427 7188
f 7188 7427 7428
f 7427 7429 7428
f 7428 7429 7430
f 7429 7135 7430
f 7430 7135 7431
f 7135 7134 7431
f 7076 7081 7386
f 7081 7080 7386
f 7386 7080 7432
f 7080 7079 7432
f 7432 7079 7433
f 7079 7078 7433
f 7433 7078 7434
f 7078 7086 7434
f 7086 7085 7434
f 7434 7085 7435
f 7085 7084 7435
f 7435 7084 7436
f 7084 7082 7436
f 7436 7082 7437
f 7408 7438 7409
f 7438 7439 7409
f 7409 7439 7410
f 7439 7440 7410
f 7410 7440 7411
f 7440 7441 7411
f 7411 7441 7412
f 7441 7442 7412
f 7412 7442 7413
f 7442 7443 7413
f 7413 7443 7414
f 7443 7444 7414
f 7414 7444 7415
f 7444 7445 7415
f 7415 7445 7416
f 7445 7446 7416
f 7416 7446 7417
f 7446 7447 7417
f 7417 7447 7418
f 7447 7448 7418
f 7418 7448 7419
f 7448 7449 7419
f 7419 7449 7420
f 7449 7450 7420
f 7420 7450 7421
f 7450 7451 7421
f 7421 7451 7422
f 7451 7452 7422
f 7422 7452 7423
f 7452 7453 7423
f 7423 7453 7424
f 7453 7454 7424
f 7424 7454 7425
f 7454 7455 7425
f 7425 7455 7426
f 7455 7456 7426
f 7426 7456 7427
f 7456 7457 7427
f 7427 7457 7429
f 7457 7458 7429
f 7429 7458 7135
f 7458 7197 7135
f 7135 7197 7133
f 7197 7195 7133
f 7438 7459 7439
f 7459 7460 7439
f 7439 7460 7440
f 7460 7461 7440
f 7440 7461 7441
f 7461 7462 7441
f 7441 7462 7442
f 7462 7463 7442
f 7442 7463 7443
f 7463 7464 7443
f 7443 7464 7444
f 7464 7465 7444
f 7444 7465 7445
f 7465 7466 7445
f 7445 7466 7446
f 7466 7467 7446
f 7446 7467 7447
f 7467 7468 7447
f 7447 7468 7448
f 7468 7469 7448
f 7448 7469 7449
f 7469 7470 7449
f 7449 7470 7450
f 7470 7471 7450
f 7450 7471 7451
f 7471 7472 7451
f 7451 7472 7452
f 7472 7473 7452
f 7452 7473 7453
f 7473 7474 7453
f 7453 7474 7454
f 7474 7475 7454
f 7454 7475 7455
f 7475 7476 7455
f 7455 7476 7456
f 7476 7477 7456
f 7456 7477 7457
f 7477 7478 7457
f 7457 7478 7458
f 7478 7479 7458
f 7458 7479 7197
f 7479 7480 7197
f 7197 7480 7196
f 7480 7481 7196
f 7196 7481 7194
f 7481 7482 7194
f 7194 7482 7192
f 7482 7483 7192
f 7192 7483 7190
f 7483 7199 7190
f 7190 7199 7484
f 7199 7198 7484
f 7082 7083 7437
f 7083 7092 7437
f 7437 7092 7485
f 7092 7091 7485
f 7485 7091 7486
f 7091 7090 7486
f 7486 7090 7487
f 7090 7089 7487
f 7487 7089 7488
f 7459 7489 7460
f 7489 7490 7460
f 7460 7490 7461
f 7490 7491 7461
f 7461 7491 7462
f 7491 7492 7462
f 7462 7492 7463
f 7492 7493 7463
f 7463 7493 7464
f 7493 7494 7464
f 7464 7494 7465
f 7494 7495 7465
f 7465 7495 7466
f 7495 7496 7466
f 7466 7496 7467
f 7496 7497 7467
f 7467 7497 7468
f 7497 7498 7468
f 7468 7498 7469
f 7498 7499 7469
f 7469 7499 7470
f 7499 7500 7470
f 7470 7500 7471
f 7500 7501 7471
f 7471 7501 7472
f 7501 7502 7472
f 7472 7502 7473
f 7502 7503 7473
f 7473 7503 7474
f 7503 7504 7474
f 7474 7504 7475
f 7504 7505 7475
f 7475 7505 7476
f 7505 7506 7476
f 7476 7506 7477
f 7506 7507 7477
f 7477 7507 7478
f 7507 7508 7478
f 7478 7508 7479
f 7508 7509 7479
f 7479 7509 7480
f 7509 7510 7480
f 7480 7510 7481
f 7510 7511 7481
f 7481 7511 7482
f 7511 7512 7482
f 7482 7512 7483
f 7512 7513 7483
f 7483 7513 7199
f 7513 7514 7199
f 7199 7514 7201
f 7514 7515 7201
f 7201 7515 7203
f 7515 7516 7203
f 7203 7516 7517
f 7516 7208 7517
f 7517 7208 7518
f 7208 7209 7518
f 7089 7088 7488
f 7088 7087 7488
f 7488 7087 7519
f 7087 7096 7519
f 7519 7096 7520
f 7096 7095 7520
f 7520 7095 7521
f 7489 7522 7490
f 7522 7523 7490
f 7490 7523 7491
f 7523 7524 7491
f 7491 7524 7492
f 7524 7525 7492
f 7492 7525 7493
f 7525 7526 7493
f 7493 7526 7494
f 7526 7527 7494
f 7494 7527 7495
f 7527 7528 7495
f 7495 7528 7496
f 7528 7529 7496
f 7496 7529 7497
f 7529 7530 7497
f 7497 7530 7498
f 7530 7531 7498
f 7498 7531 7499
f 7531 7532 7499
f 7499 7532 7500
f 7532 7533 7500
f 7500 7533 7501
f 7533 7534 7501
f 7501 7534 7502
f 7534 7535 7502
f 7502 7535 7503
f 7535 7536 7503
f 7503 7536 7504
f 7536 7537 7504
f 7504 7537 7505
f 7537 7538 7505
f 7505 7538 7506
f 7538 7539 7506
f 7506 7539 7507
f 7539 7540 7507
f 7507 7540 7508
f 7540 7541 7508
f 7508 7541 7509
f 7541 7542 7509
f 7509 7542 7510
f 7542 7543 7510
f 7510 7543 7511
f 7543 7544 7511
f 7511 7544 7512
f 7544 7545 7512
f 7512 7545 7513
f 7545 7546 7513
f 7513 7546 7514
f 7546 7547 7514
f 7514 7547 7515
f 7547 7548 7515
f 7515 7548 7516
f 7548 7549 7516
f 7516 7549 7208
f 7549 7550 7208
f 7208 7550 7206
f 7550 7210 7206
f 7206 7210 7204
f 7210 7130 7204
f 7095 7094 7521
f 7094 7093 7521
f 7521 7093 7551
f 7093 7100 7551
f 7551 7100 7552
f 7100 7099 7552
f 7552 7099 7553
f 7522 7554 7523
f 7554 7555 7523
f 7523 7555 7524
f 7555 7556 7524
f 7524 7556 7525
f 7556 7557 7525
f 7525 7557 7526
f 7557 7558 7526
f 7526 7558 7527
f 7558 7559 7527
f 7527 7559 7528
f 7559 7560 7528
f 7528 7560 7529
f 7560 7561 7529
f 7529 7561 7530
f 7561 7562 7530
f 7530 7562 7531
f 7562 7563 7531
f 7531 7563 7532
f 7563 7564 7532
f 7532 7564 7533
f 7564 7565 7533
f 7533 7565 7534
f 7565 7566 7534
f 7534 7566 7535
f 7566 7567 7535
f 7535 7567 7536
f 7567 7568 7536
f 7536 7568 7537
f 7568 7569 7537
f 7537 7569 7538
f 7569 7570 7538
f 7538 7570 7539
f 7570 7571 7539
f 7539 7571 7540
f 7571 7572 7540
f 7540 7572 7541
f 7572 7573 7541
f 7541 7573 7542
f 7573 7574 7542
f 7542 7574 7543
f 7574 7575 7543
f 7543 7575 7544
f 7575 7576 7544
f 7544 7576 7545
f 7576 7577 7545
f 7545 7577 7546
f 7577 7578 7546
f 7546 7578 7547
f 7578 7579 7547
f 7547 7579 7548
f 7579 7580 7548
f 7548 7580 7549
f 7580 7581 7549
f 7549 7581 7550
f 7581 7582 7550
f 7550 7582 7210
f 7582 7583 7210
f 7210 7583 7131
f 7583 7584 7131
f 7131 7584 7132
f 7584 7585 7132
f 7132 7585 7211
f 7585 7215 7211
f 7211 7215 7586
f 7215 7214 7586
f 7554 7587 7555
f 7587 7588 7555
f 7555 7588 7556
f 7588 7589 7556
f 7556 7589 7557
f 7589 7590 7557
f 7557 7590 7558
f 7590 7591 7558
f 7558 7591 7559
f 7591 7592 7559
f 7559 7592 7560
f 7592 7593 7560
f 7560 7593 7561
f 7593 7594 7561
f 7561 7594 7562
f 7594 7595 7562
f 7562 7595 7563
f 7595 7596 7563
f 7563 7596 7564
f 7596 7597 7564
f 7564 7597 7565
f 7597 7598 7565
f 7565 7598 7566
f 7598 7599 7566
f 7566 7599 7567
f 7599 7600 7567
f 7567 7600 7568
f 7600 7601 7568
f 7568 7601 7569
f 7601 7602 7569
f 7569 7602 7570
f 7602 7603 7570
f 7570 7603 7571
f 7603 7604 7571
f 7571 7604 7572
f 7604 7605 7572
f 7572 7605 7573
f 7605 7606 7573
f 7573 7606 7574
f 7606 7607 7574
f 7574 7607 7575
f 7607 7608 7575
f 7575 7608 7576
f 7608 7609 7576
f 7576 7609 7577
f 7609 7610 7577
f 7577 7610 7578
f 7610 7611 7578
f 7578 7611 7579
f 7611 7612 7579
f 7579 7612 7580
f 7612 7613 7580
f 7580 7613 7581
f 7613 7614 7581
f 7581 7614 7582
f 7614 7615 7582
f 7582 7615 7583
f 7615 7616 7583
f 7583 7616 7584
f 7616 7617 7584
f 7584 7617 7585
f 7617 7618 7585
f 7585 7618 7215
f 7618 7619 7215
f 7215 7619 7217
f 7619 7620 7217
f 7217 7620 7218
f 7620 7220 7218
f 7218 7220 7621
f 7220 7219 7621
f 7099 7098 7553
f 7098 7097 7553
f 7553 7097 7622
f 7097 7101 7622
f 7622 7101 7623
f 7101 7102 7623
f 7623 7102 7624
f 7587 7625 7588
f 7625 7626 7588
f 7588 7626 7589
f 7626 7627 7589
f 7589 7627 7590
f 7627 7628 7590
f 7590 7628 7591
f 7628 7629 7591
f 7591 7629 7592
f 7629 7630 7592
f 7592 7630 7593
f 7630 7631 7593
f 7593 7631 7594
f 7631 7632 7594
f 7594 7632 7595
f 7632 7633 7595
f 7595 7633 7596
f 7633 7634 7596
f 7596 7634 7597
f 7634 7635 7597
f 7597 7635 7598
f 7635 7636 7598
f 7598 7636 7599
f 7636 7637 7599
f 7599 7637 7600
f 7637 7638 7600
f 7600 7638 7601
f 7638 7639 7601
f 7601 7639 7602
f 7639 7640 7602
f 7602 7640 7603
f 7640 7641 7603
f 7603 7641 7604
f 7641 7642 7604
f 7604 7642 7605
f 7642 7643 7605
f 7605 7643 7606
f 7643 7644 7606
f 7606 7644 7607
f 7644 7645 7607
f 7607 7645 7608
f 7645 7646 7608
f 7608 7646 7609
f 7646 7647 7609
f 7609 7647 7610
f 7647 7648 7610
f 7610 7648 7611
f 7648 7649 7611
f 7611 7649 7612
f 7649 7650 7612
f 7612 7650 7613
f 7650 7651 7613
f 7613 7651 7614
f 7651 7652 7614
f 7614 7652 7615
f 7652 7653 7615
f 7615 7653 7616
f 7653 7654 7616
f 7616 7654 7617
f 7654 7655 7617
f 7617 7655 7618
f 7655 7656 7618
f 7618 7656 7619
f 7656 7657 7619
f 7619 7657 7620
f 7657 7658 7620
f 7620 7658 7220
f 7658 7659 7220
f 7220 7659 7222
f 7659 7660 7222
f 7222 7660 7224
f 7660 7661 7224
f 7224 7661 7662
f 7661 7225 7662
f 7662 7225 7663
f 7225 7227 7663
f 7102 7103 7624
f 7103 7104 7624
f 7624 7104 7664
f 7104 7105 7664
f 7664 7105 7665
f 7105 7110 7665
f 7665 7110 7666
f 7625 7667 7626
f 7667 7668 7626
f 7626 7668 7627
f 7668 7669 7627
f 7627 7669 7628
f 7669 7670 7628
f 7628 7670 7629
f 7670 7671 7629
f 7629 7671 7630
f 7671 7672 7630
f 7630 7672 7631
f 7672 7673 7631
f 7631 7673 7632
f 7673 7674 7632
f 7632 7674 7633
f 7674 7675 7633
f 7633 7675 7634
f 7675 7676 7634
f 7634 7676 7635
f 7676 7677 7635
f 7635 7677 7636
f 7677 7678 7636
f 7636 7678 7637
f 7678 7679 7637
f 7637 7679 7638
f 7679 7680 7638
f 7638 7680 7639
f 7680 7681 7639
f 7639 7681 7640
f 7681 7682 7640
f 7640 7682 7641
f 7682 7683 7641
f 7641 7683 7642
f 7683 7684 7642
f 7642 7684 7643
f 7684 7685 7643
f 7643 7685 7644
f 7685 7686 7644
f 7644 7686 7645
f 7686 7687 7645
f 7645 7687 7646
f 7687 7688 7646
f 7646 7688 7647
f 7688 7689 7647
f 7647 7689 7648
f 7689 7690 7648
f 7648 7690 7649
f 7690 7691 7649
f 7649 7691 7650
f 7691 7692 7650
f 7650 7692 7651
f 7692 7693 7651
f 7651 7693 7652
f 7693 7694 7652
f 7652 7694 7653
f 7694 7695 7653
f 7653 7695 7654
f 7695 7696 7654
f 7654 7696 7655
f 7696 7697 7655
f 7655 7697 7656
f 7697 7698 7656
f 7656 7698 7657
f 7698 7699 7657
f 7657 7699 7658
f 7699 7700 7658
f 7658 7700 7659
f 7700 7701 7659
f 7659 7701 7660
f 7701 7702 7660
f 7660 7702 7661
f 7702 7703 7661
f 7661 7703 7225
f 7703 7704 7225
f 7225 7704 7226
f 7704 7229 7226
f 7226 7229 7705
f 7229 7228 7705
f 7667 7706 7668
f 7706 7707 7668
f 7668 7707 7669
f 7707 7708 7669
f 7669 7708 7670
f 7708 7709 7670
f 7670 7709 7671
f 7709 7710 7671
f 7671 7710 7672
f 7710 7711 7672
f 7672 7711 7673
f 7711 7712 7673
f 7673 7712 7674
f 7712 7713 7674
f 7674 7713 7675
f 7713 7714 7675
f 7675 7714 7676
f 7714 7715 7676
f 7676 7715 7677
f 7715 7716 7677
f 7677 7716 7678
f 7716 7717 7678
f 7678 7717 7679
f 7717 7718 7679
f 7679 7718 7680
f 7718 7719 7680
f 7680 7719 7681
f 7719 7720 7681
f 7681 7720 7682
f 7720 7721 7682
f 7682 7721 7683
f 7721 7722 7683
f 7683 7722 7684
f 7722 7723 7684
f 7684 7723 7685
f 7723 7724 7685
f 7685 7724 7686
f 7724 7725 7686
f 7686 7725 7687
f 7725 7726 7687
f 7687 7726 7688
f 7726 7727 7688
f 7688 7727 7689
f 7727 7728 7689
f 7689 7728 7690
f 7728 7729 7690
f 7690 7729 7691
f 7729 7730 7691
f 7691 7730 7692
f 7730 7731 7692
f 7692 7731 7693
f 7731 7732 7693
f 7693 7732 7694
f 7732 7733 7694
f 7694 7733 7695
f 7733 7734 7695
f 7695 7734 7696
f 7734 7735 7696
f 7696 7735 7697
f 7735 7736 7697
f 7697 7736 7698
f 7736 7737 7698
f 7698 7737 7699
f 7737 7738 7699
f 7699 7738 7700
f 7738 7739 7700
f 7700 7739 7701
f 7739 7740 7701
f 7701 7740 7702
f 7740 7741 7702
f 7702 7741 7703
f 7741 7742 7703
f 7703 7742 7704
f 7742 7743 7704
f 7704 7743 7229
f 7743 7744 7229
f 7229 7744 7231
f 7744 7745 7231
f 7231 7745 7232
f 7745 7234 7232
f 7232 7234 7746
f 7234 7233 7746
f 7110 7109 7666
f 7109 7108 7666
f 7666 7108 7747
f 7108 7107 7747
f 7747 7107 7748
f 7107 7106 7748
f 7748 7106 7749
f 7706 7750 7707
f 7750 7751 7707
f 7707 7751 7708
f 7751 7752 7708
f 7708 7752 7709
f 7752 7753 7709
f 7709 7753 7710
f 7753 7754 7710
f 7710 7754 7711
f 7754 7755 7711
f 7711 7755 7712
f 7755 7756 7712
f 7712 7756 7713
f 7756 7757 7713
f 7713 7757 7714
f 7757 7758 7714
f 7714 7758 7715
f 7758 7759 7715
f 7715 7759 7716
f 7759 7760 7716
f 7716 7760 7717
f 7760 7761 7717
f 7717 7761 7718
f 7761 7762 7718
f 7718 7762 7719
f 7762 7763 7719
f 7719 7763 7720
f 7763 7764 7720
f 7720 7764 7721
f 7764 7765 7721
f 7721 7765 7722
f 7765 7766 7722
f 7722 7766 7723
f 7766 7767 7723
f 7723 7767 7724
f 7767 7768 7724
f 7724 7768 7725
f 7768 7769 7725
f 7725 7769 7726
f 7769 7770 7726
f 7726 7770 7727
f 7770 7771 7727
f 7727 7771 7728
f 7771 7772 7728
f 7728 7772 7729
f 7772 7773 7729
f 7729 7773 7730
f 7773 7774 7730
f 7730 7774 7731
f 7774 7775 7731
f 7731 7775 7732
f 7775 7776 7732
f 7732 7776 7733
f 7776 7777 7733
f 7733 7777 7734
f 7777 7778 7734
f 7734 7778 7735
f 7778 7779 7735
f 7735 7779 7736
f 7779 7780 7736
f 7736 7780 7737
f 7780 7781 7737
f 7737 7781 7738
f 7781 7782 7738
f 7738 7782 7739
f 7782 7783 7739
f 7739 7783 7740
f 7783 7784 7740
f 7740 7784 7741
f 7784 7785 7741
f 7741 7785 7742
f 7785 7786 7742
f 7742 7786 7743
f 7786 7787 7743
f 7743 7787 7744
f 7787 7788 7744
f 7744 7788 7745
f 7788 7789 7745
f 7745 7789 7234
f 7789 7790 7234
f 7234 7790 7236
f 7790 7791 7236
f 7236 7791 7238
f 7791 7792 7238
f 7238 7792 7793
f 7792 7240 7793
f 7793 7240 7794
f 7240 7239 7794
f 7750 7795 7751
f 7795 7796 7751
f 7751 7796 7752
f 7796 7797 7752
f 7752 7797 7753
f 7797 7798 7753
f 7753 7798 7754
f 7798 7799 7754
f 7754 7799 7755
f 7799 7800 7755
f 7755 7800 7756
f 7800 7801 7756
f 7756 7801 7757
f 7801 7802 7757
f 7757 7802 7758
f 7802 7803 7758
f 7758 7803 7759
f 7803 7804 7759
f 7759 7804 7760
f 7804 7805 7760
f 7760 7805 7761
f 7805 7806 7761
f 7761 7806 7762
f 7806 7807 7762
f 7762 7807 7763
f 7807 7808 7763
f 7763 7808 7764
f 7808 7809 7764
f 7764 7809 7765
f 7809 7810 7765
f 7765 7810 7766
f 7810 7811 7766
f 7766 7811 7767
f 7811 7812 7767
f 7767 7812 7768
f 7812 7813 7768
f 7768 7813 7769
f 7813 7814 7769
f 7769 7814 7770
f 7814 7815 7770
f 7770 7815 7771
f 7815 7816 7771
f 7771 7816 7772
f 7816 7817 7772
f 7772 7817 7773
f 7817 7818 7773
f 7773 7818 7774
f 7818 7819 7774
f 7774 7819 7775
f 7819 7820 7775
f 7775 7820 7776
f 7820 7821 7776
f 7776 7821 7777
f 7821 7822 7777
f 7777 7822 7778
f 7822 7823 7778
f 7778 7823 7779
f 7823 7824 7779
f 7779 7824 7780
f 7824 7825 7780
f 7780 7825 7781
f 7825 7826 7781
f 7781 7826 7782
f 7826 7827 7782
f 7782 7827 7783
f 7827 7828 7783
f 7783 7828 7784
f 7828 7829 7784
f 7784 7829 7785
f 7829 7830 7785
f 7785 7830 7786
f 7830 7831 7786
f 7786 7831 7787
f 7831 7832 7787
f 7787 7832 7788
f 7832 7833 7788
f 7788 7833 7789
f 7833 7834 7789
f 7789 7834 7790
f 7834 7835 7790
f 7790 7835 7791
f 7835 7836 7791
f 7791 7836 7792
f 7836 7837 7792
f 7792 7837 7240
f 7837 7838 7240
f 7240 7838 7242
f 7838 7839 7242
f 7242 7839 7840
f 7839 7841 7840
f 7840 7841 7842
f 7841 7843 7842
f 7106 7111 7749
f 7111 7112 7749
f 7749 7112 7844
f 7112 7113 7844
f 7844 7113 7845
f 7113 7116 7845
f 7845 7116 7247
f 7116 7115 7247
f 7247 7115 7114
f 7245 7846 7243
f 7846 7843 7243
f 7243 7843 7249
f 7843 7841 7249
f 7249 7841 7248
f 7841 7839 7248
f 7248 7839 7247
f 7839 7838 7247
f 7247 7838 7845
f 7838 7837 7845
f 7845 7837 7844
f 7837 7836 7844
f 7844 7836 7749
f 7836 7835 7749
f 7749 7835 7748
f 7835 7834 7748
f 7748 7834 7747
f 7834 7833 7747
f 7747 7833 7666
f 7833 7832 7666
f 7666 7832 7665
f 7832 7831 7665
f 7665 7831 7664
f 7831 7830 7664
f 7664 7830 7624
f 7830 7829 7624
f 7624 7829 7623
f 7829 7828 7623
f 7623 7828 7622
f 7828 7827 7622
f 7622 7827 7553
f 7827 7826 7553
f 7553 7826 7552
f 7826 7825 7552
f 7552 7825 7551
f 7825 7824 7551
f 7551 7824 7521
f 7824 7823 7521
f 7521 7823 7520
f 7823 7822 7520
f 7520 7822 7519
f 7822 7821 7519
f 7519 7821 7488
f 7821 7820 7488
f 7488 7820 7487
f 7820 7819 7487
f 7487 7819 7486
f 7819 7818 7486
f 7486 7818 7485
f 7818 7817 7485
f 7485 7817 7437
f 7817 7816 7437
f 7437 7816 7436
f 7816 7815 7436
f 7436 7815 7435
f 7815 7814 7435
f 7435 7814 7434
f 7814 7813 7434
f 7434 7813 7433
f 7813 7812 7433
f 7433 7812 7432
f 7812 7811 7432
f 7432 7811 7386
f 7811 7810 7386
f 7386 7810 7385
f 7810 7809 7385
f 7385 7809 7384
f 7809 7808 7384
f 7384 7808 7383
f 7808 7807 7383
f 7383 7807 7364
f 7807 7806 7364
f 7364 7806 7363
f 7806 7805 7363
f 7363 7805 7362
f 7805 7804 7362
f 7362 7804 7361
f 7804 7803 7361
f 7361 7803 7360
f 7803 7802 7360
f 7360 7802 7359
f 7802 7801 7359
f 7359 7801 7358
f 7801 7800 7358
f 7358 7800 7357
f 7800 7799 7357
f 7357 7799 7356
f 7799 7798 7356
f 7356 7798 7355
f 7798 7797 7355
f 7355 7797 7354
f 7797 7796 7354
f 7354 7796 7345
f 7796 7795 7345
f 7345 7795 7344
f 7795 7750 7344
f 7344 7750 7343
f 7750 7706 7343
f 7343 7706 7342
f 7706 7667 7342
f 7342 7667 7341
f 7667 7625 7341
f 7341 7625 7340
f 7625 7587 7340
f 7340 7587 7339
f 7587 7554 7339
f 7339 7554 7338
f 7554 7522 7338
f 7338 7522 7337
f 7522 7489 7337
f 7337 7489 7336
f 7489 7459 7336
f 7336 7459 7335
f 7459 7438 7335
f 7335 7438 7334
f 7438 7408 7334
f 7334 7408 7333
f 7408 7387 7333
f 7333 7387 7332
f 7387 7365 7332
f 7332 7365 7331
f 7365 7346 7331
f 7331 7346 7300
f 7346 7330 7300
f 7300 7330 7296
f 7330 7158 7296
f 7296 7158 7153
f 7158 7157 7153
f 7153 7157 7154
f 7121 7120 7249
f 7120 7119 7249
f 7249 7119 7243
f 7119 7118 7243
f 7243 7118 7128
f 7118 7117 7128
f 7128 7117 7129
f 7117 7122 7129
f 7129 7122 7847
f 7122 7123 7847
f 7847 7123 7848
f 7123 7246 7848
f 7124 7849 7850
f 7244 7127 7851
f 7127 7129 7851
f 7129 7847 7851
f 7847 7848 7851
f 7851 7848 7850
f 7848 7246 7850
f 7850 7246 7124
f 7241 7242 7852
f 7242 7840 7852
f 7852 7840 7842
f 7842 7843 7852
f 7843 7846 7852
f 7852 7846 7851
f 7846 7245 7851
f 7851 7245 7244
f 7235 7237 7853
f 7237 7238 7853
f 7238 7793 7853
f 7793 7794 7853
f 7853 7794 7852
f 7794 7239 7852
f 7852 7239 7241
f 7226 7705 7854
f 7705 7228 7854
f 7854 7228 7230
f 7230 7232 7854
f 7232 7746 7854
f 7854 7746 7853
f 7746 7233 7853
f 7853 7233 7235
f 7224 7855 7223
f 7855 7221 7223
f 7224 7662 7855
f 7662 7663 7855
f 7855 7663 7854
f 7663 7227 7854
f 7854 7227 7226
f 7211 7586 7856
f 7586 7214 7856
f 7856 7214 7216
f 7216 7218 7856
f 7218 7621 7856
f 7856 7621 7855
f 7621 7219 7855
f 7855 7219 7221
f 7207 7205 7857
f 7205 7204 7857
f 7204 7130 7857
f 7130 7213 7857
f 7857 7213 7856
f 7213 7212 7856
f 7856 7212 7211
f 7202 7203 7858
f 7202 7858 7200
f 7203 7517 7858
f 7517 7518 7858
f 7858 7518 7857
f 7518 7209 7857
f 7857 7209 7207
f 7191 7859 7193
f 7859 7195 7193
f 7191 7190 7859
f 7190 7484 7859
f 7859 7484 7858
f 7484 7198 7858
f 7858 7198 7200
f 7860 7428 7430
f 7430 7431 7860
f 7431 7134 7860
f 7860 7134 7859
f 7134 7133 7859
f 7859 7133 7195
f 7404 7406 7861
f 7406 7407 7861
f 7861 7407 7862
f 7407 7189 7862
f 7862 7189 7860
f 7189 7188 7860
f 7860 7188 7428
f 7863 7138 7379
f 7379 7381 7863
f 7381 7382 7863
f 7863 7382 7864
f 7382 7186 7864
f 7864 7186 7861
f 7186 7185 7861
f 7861 7185 7404
f 7180 7182 7865
f 7865 7182 7866
f 7182 7183 7866
f 7866 7183 7863
f 7183 7136 7863
f 7863 7136 7138
f 7173 7172 7867
f 7172 7140 7867
f 7867 7140 7868
f 7140 7139 7868
f 7868 7139 7865
f 7139 7178 7865
f 7865 7178 7180
f 7165 7167 7869
f 7167 7171 7869
f 7869 7171 7870
f 7171 7169 7870
f 7870 7169 7867
f 7169 7168 7867
f 7867 7168 7173
f 7159 7161 7871
f 7161 7143 7871
f 7871 7143 7872
f 7143 7142 7872
f 7872 7142 7869
f 7142 7162 7869
f 7869 7162 7165
f 7873 7150 7874
f 7150 7154 7874
f 7874 7154 7871
f 7154 7157 7871
f 7871 7157 7159
f 1729 7146 1778
f 7146 7148 1778
f 1778 7148 7875
f 7148 7152 7875
f 7875 7152 7873
f 7152 7151 7873
f 7873 7151 7150
f 7876 7877 5202
f 7877 7878 5202
f 5202 7878 7879
f 6691 6690 5202
f 6691 5202 6692
f 6690 6695 5202
f 6695 6694 5202
f 5202 6694 5201
f 7880 7881 6670
f 7881 7882 6670
f 6670 7882 7883
f 7884 7864 7861
f 6687 6686 5202
f 6686 6693 5202
f 5202 6693 6692
f 7883 7885 6670
f 7885 7886 6670
f 6670 7886 6696
f 7886 7887 6696
f 6696 7887 7888
f 5202 7889 7876
f 7889 7890 7876
f 7876 7890 7891
f 7890 7892 7891
f 7891 7892 7893
f 7892 7894 7893
f 7893 7894 7895
f 7894 7896 7895
f 7895 7896 7897
f 7896 7898 7897
f 7897 7898 7899
f 7898 7900 7899
f 7899 7900 7901
f 7900 7902 7901
f 7901 7902 7903
f 7888 7904 6696
f 7904 7905 6696
f 6696 7905 7906
f 7905 7907 7906
f 7906 7907 7908
f 7907 7909 7908
f 7908 7909 7910
f 7909 7911 7910
f 7910 7911 7912
f 7911 7913 7912
f 7912 7913 7914
f 7913 7915 7914
f 7914 7915 7916
f 7915 7917 7916
f 7916 7917 7918
f 7917 7919 7918
f 7918 7919 7920
f 7919 7921 7920
f 7920 7921 7922
f 7921 7923 7922
f 7922 7923 7924
f 7923 7925 7924
f 7924 7925 7926
f 7925 7927 7926
f 7926 7927 7928
f 7927 7929 7928
f 7928 7929 7930
f 7929 7931 7930
f 7930 7931 7932
f 7931 7933 7932
f 7932 7933 7934
f 7933 7935 7934
f 7934 7935 7936
f 7935 7937 7936
f 7936 7937 7938
f 7937 7939 7938
f 7938 7939 7940
f 7939 7941 7940
f 7940 7941 7942
f 7849 7943 7944
f 7856 7855 7945
f 1778 7875 7946
f 7875 7873 7946
f 7947 7946 7948
f 7946 7949 7948
f 7902 7950 7903
f 7950 7951 7903
f 7903 7951 7952
f 7951 7953 7952
f 7952 7953 7954
f 7953 7955 7954
f 7954 7955 7956
f 7955 7957 7956
f 7956 7957 7958
f 7957 7959 7958
f 7958 7959 7960
f 7959 7961 7960
f 7960 7961 7962
f 6674 6675 7963
f 6675 6676 7963
f 7963 6676 6677
f 7942 7964 7940
f 7964 7965 7940
f 7940 7965 7849
f 7965 7966 7849
f 7849 7966 7943
f 7867 7868 7946
f 7868 7865 7946
f 7946 7865 7866
f 7947 7967 7946
f 7967 7968 7946
f 7946 7968 7969
f 7968 7970 7969
f 7969 7970 7971
f 7970 7962 7971
f 7971 7962 7972
f 7962 7961 7972
f 6685 6689 5202
f 6689 6688 5202
f 5202 6688 6687
f 7884 7861 7973
f 7861 7862 7973
f 7973 7862 7974
f 7862 7860 7974
f 7974 7860 7975
f 7860 7859 7975
f 7975 7859 7976
f 7859 7858 7976
f 7976 7858 7945
f 7858 7857 7945
f 7945 7857 7856
f 7855 7854 7945
f 7854 7853 7945
f 7945 7853 7852
f 7866 7863 7946
f 7863 7864 7946
f 7946 7864 7949
f 7864 7884 7949
f 7944 7977 7849
f 7977 7978 7849
f 7849 7978 7850
f 7978 7945 7850
f 7850 7945 7851
f 7945 7852 7851
f 7873 7874 7946
f 7874 7871 7946
f 7946 7871 7872
f 6669 6673 7963
f 6673 6672 7963
f 7963 6672 6674
f 7872 7869 7946
f 7869 7870 7946
f 7946 7870 7867
f 7879 7979 5202
f 7979 7980 5202
f 5202 7980 7981
f 6677 6678 7963
f 6678 6679 7963
f 7963 6679 7982
f 6679 6680 7982
f 7982 6680 7983
f 6680 6681 7983
f 7983 6681 7984
f 6681 6682 7984
f 7984 6682 7981
f 6682 6683 7981
f 7981 6683 5202
f 6683 6684 5202
f 5202 6684 6685
f 7880 6670 7963
f 6670 6671 7963
f 7963 6671 6669
f 7940 7849 6792
f 7849 7124 6792
f 7940 6792 7938
f 6792 6790 7938
f 7938 6790 7936
f 6790 6788 7936
f 7936 6788 7934
f 6788 6786 7934
f 7934 6786 7932
f 6786 6784 7932
f 7932 6784 7930
f 6784 6782 7930
f 7930 6782 7928
f 6782 6780 7928
f 7928 6780 7926
f 6780 6778 7926
f 7926 6778 7924
f 6778 6776 7924
f 7924 6776 7922
f 6776 6774 7922
f 7922 6774 7920
f 6774 6772 7920
f 7920 6772 7918
f 6772 6770 7918
f 7918 6770 7916
f 6770 6768 7916
f 7916 6768 7914
f 6768 6766 7914
f 7914 6766 7912
f 6766 6764 7912
f 7912 6764 7910
f 6764 6762 7910
f 7910 6762 7908
f 6762 6760 7908
f 7908 6760 7906
f 6760 6758 7906
f 7906 6758 6696
f 6758 6697 6696
f 7946 7985 1778
f 7985 7986 1778
f 1778 7986 1779
f 7986 7987 1779
f 7988 7989 3294
f 7989 7990 3294
f 3294 7990 7991
f 3270 1779 7987
f 7992 7993 7987
f 3285 3283 7987
f 3283 3284 7987
f 7987 3284 3267
f 7994 7995 7996
f 7995 7997 7996
f 7996 7997 7998
f 7997 7999 7998
f 8000 8001 8002
f 8003 8004 5153
f 8004 8005 5153
f 7993 8006 7987
f 8006 8007 7987
f 7987 8007 8008
f 8008 8009 7987
f 8009 8010 7987
f 7987 8010 8011
f 8011 8012 7987
f 8012 8013 7987
f 7987 8013 8014
f 8005 8015 5153
f 8015 8016 5153
f 5153 8016 8017
f 8016 8018 8017
f 8017 8018 8019
f 8018 8020 8019
f 8021 8022 7987
f 7991 8023 3294
f 8023 8024 3294
f 3294 8024 8025
f 8024 8026 8025
f 8025 8026 8027
f 8026 8028 8027
f 8027 8028 8029
f 8028 8030 8029
f 8029 8030 8031
f 8030 8032 8031
f 8031 8032 8033
f 8032 8034 8033
f 8033 8034 8035
f 8034 8036 8035
f 8035 8036 8037
f 8036 8038 8037
f 8037 8038 8039
f 8038 8040 8039
f 8039 8040 8041
f 8040 8042 8041
f 8041 8042 8043
f 8042 8044 8043
f 8043 8044 8045
f 8044 8046 8045
f 8045 8046 8047
f 8046 8048 8047
f 8047 8048 8049
f 8048 8050 8049
f 8049 8050 8051
f 8050 8052 8051
f 8051 8052 8053
f 8052 8054 8053
f 8053 8054 8055
f 8054 8056 8055
f 8055 8056 8057
f 8056 8058 8057
f 8057 8058 7997
f 8058 8059 7997
f 7997 8059 7999
f 8000 8002 8060
f 8002 8061 8060
f 8060 8061 8062
f 8062 8063 8060
f 8063 8064 8060
f 8060 8064 8065
f 7994 8066 7995
f 8066 8060 7995
f 7995 8060 8067
f 8060 8065 8067
f 8000 8068 8001
f 8068 8069 8001
f 8001 8069 8070
f 8069 8071 8070
f 8070 8071 8072
f 8071 8073 8072
f 8072 8073 8074
f 8073 8075 8074
f 8074 8075 8076
f 8075 8077 8076
f 8076 8077 8078
f 8077 8079 8078
f 8078 8079 8080
f 8081 5153 8082
f 5153 4043 8082
f 8081 8083 5153
f 8083 8084 5153
f 5153 8084 8085
f 8086 8087 5153
f 8087 8088 5153
f 5153 8088 8089
f 8022 8090 7987
f 8090 8091 7987
f 7987 8091 7992
f 3288 3287 7987
f 3287 3286 7987
f 7987 3286 3285
f 3268 3271 7987
f 3271 3269 7987
f 7987 3269 3270
f 8085 8092 5153
f 8092 8093 5153
f 5153 8093 8086
f 8089 8094 5153
f 8094 8080 5153
f 5153 8080 8003
f 8080 8079 8003
f 7987 8095 8021
f 8095 8096 8021
f 8021 8096 8097
f 8096 8098 8097
f 8097 8098 8099
f 8098 8100 8099
f 8099 8100 8101
f 8100 8102 8101
f 8101 8102 8103
f 8102 8104 8103
f 8103 8104 8105
f 8104 8106 8105
f 8105 8106 8107
f 8106 8108 8107
f 8108 8109 8107
f 8107 8109 8110
f 8109 8111 8110
f 8110 8111 8112
f 8111 8113 8112
f 8112 8113 8114
f 8113 8115 8114
f 8114 8115 8116
f 8115 8117 8116
f 8116 8117 8118
f 8117 8119 8118
f 8118 8119 8120
f 8119 8121 8120
f 8120 8121 8020
f 8121 8122 8020
f 8020 8122 8019
f 3292 3290 7987
f 3290 3289 7987
f 7987 3289 3288
f 3275 3272 7987
f 3272 3273 7987
f 7987 3273 3268
f 3276 3277 7987
f 3277 3274 7987
f 7987 3274 3275
f 7988 3294 8014
f 3294 3293 8014
f 8014 3293 7987
f 3293 3291 7987
f 7987 3291 3292
f 3281 3278 7987
f 3278 3279 7987
f 7987 3279 3276
f 3267 3282 7987
f 3282 3280 7987
f 7987 3280 3281
f 8123 8124 8125
f 8126 8127 8128
f 8127 8129 8128
f 8129 8130 8128
f 8130 8131 8128
f 8128 8131 8125
f 8131 8132 8125
f 8125 8132 8123
f 8133 8134 8135
f 8135 8136 8133
f 8136 8137 8133
f 8133 8137 8138
f 8139 8140 8141
f 8140 8142 8141
f 8141 8142 8128
f 8142 8143 8128
f 8128 8143 8126
f 8139 8141 8144
f 8141 8145 8144
f 8144 8145 8146
f 8145 8147 8146
f 8146 8147 8148
f 8138 8149 8133
f 8149 8150 8133
f 8133 8150 8147
f 8150 8151 8147
f 8147 8151 8148
f 8152 8153 8154
f 8152 8154 8155
f 8154 8156 8155
f 8155 8156 8157
f 8156 8158 8157
f 8157 8158 8159
f 8158 8160 8159
f 8159 8160 8161
f 8162 8163 8164
f 8163 8165 8164
f 8164 8165 8166
f 8166 8165 8167
f 8165 8168 8167
f 8167 8168 8169
f 8168 8170 8169
f 8169 8170 8171
f 8170 8172 8171
f 8171 8172 8173
f 8172 8174 8173
f 8173 8174 8175
f 8174 8176 8175
f 8175 8176 8177
f 8176 8178 8177
f 8177 8178 8179
f 8178 8180 8179
f 8179 8180 8181
f 8180 8182 8181
f 8181 8182 8183
f 8182 8184 8183
f 8183 8184 8185
f 8184 8186 8185
f 8185 8186 8187
f 8186 8188 8187
f 8187 8188 8189
f 8188 8190 8189
f 8189 8190 8191
f 8190 8192 8191
f 8191 8192 8193
f 8192 8194 8193
f 8193 8194 8195
f 8194 8196 8195
f 8195 8196 8197
f 8196 8198 8197
f 8197 8198 8199
f 8200 8201 8166
f 8202 8203 8204
f 8202 8204 8205
f 8199 8206 8197
f 8206 8207 8197
f 8197 8207 8195
f 8207 8208 8195
f 8195 8208 8193
f 8208 8209 8193
f 8205 8204 8210
f 8204 8211 8210
f 8210 8211 8212
f 8211 8213 8212
f 8212 8213 8214
f 8213 8215 8214
f 8214 8215 8216
f 8215 8217 8216
f 8216 8217 8218
f 8217 8219 8218
f 8218 8219 8220
f 8220 8219 8221
f 8219 8222 8221
f 8221 8222 8223
f 8222 8224 8223
f 8223 8224 8225
f 8199 8226 8206
f 8226 8227 8206
f 8206 8227 8224
f 8227 8228 8224
f 8224 8228 8225
f 8200 8166 8229
f 8166 8167 8229
f 8229 8167 8230
f 8167 8169 8230
f 8230 8169 8231
f 8169 8171 8231
f 8231 8171 8232
f 8171 8173 8232
f 8232 8173 8233
f 8173 8175 8233
f 8233 8175 8234
f 8175 8177 8234
f 8234 8177 8235
f 8177 8179 8235
f 8235 8179 8236
f 8179 8181 8236
f 8236 8181 8237
f 8181 8183 8237
f 8237 8183 8238
f 8183 8185 8238
f 8238 8185 8239
f 8185 8187 8239
f 8239 8187 8240
f 8187 8189 8240
f 8240 8189 8209
f 8189 8191 8209
f 8209 8191 8193
f 8203 8241 8242
f 8203 8242 8204
f 8242 8243 8204
f 8204 8243 8211
f 8243 8244 8211
f 8211 8244 8213
f 8244 8245 8213
f 8213 8245 8215
f 8245 8246 8215
f 8215 8246 8217
f 8246 8247 8217
f 8217 8247 8219
f 8247 8248 8219
f 8219 8248 8222
f 8248 8249 8222
f 8222 8249 8224
f 8249 8250 8224
f 8224 8250 8206
f 8250 8251 8206
f 8206 8251 8207
f 8251 8252 8207
f 8207 8252 8208
f 8252 8253 8208
f 8208 8253 8209
f 8253 8254 8209
f 8209 8254 8240
f 8254 8255 8240
f 8240 8255 8239
f 8255 8256 8239
f 8239 8256 8238
f 8256 8257 8238
f 8238 8257 8237
f 8257 8258 8237
f 8237 8258 8236
f 8258 8259 8236
f 8236 8259 8235
f 8259 8260 8235
f 8235 8260 8234
f 8260 8261 8234
f 8234 8261 8233
f 8261 8262 8233
f 8233 8262 8232
f 8262 8263 8232
f 8232 8263 8231
f 8263 8264 8231
f 8231 8264 8230
f 8264 8265 8230
f 8230 8265 8229
f 8265 8266 8229
f 8229 8266 8200
f 8266 8267 8200
f 8200 8267 8201
f 8201 8267 8166
f 8267 8268 8166
f 8166 8268 8164
f 8268 8269 8164
f 8162 8164 8270
f 8164 8269 8270
f 8268 8271 8269
f 8271 8272 8269
f 8269 8272 8270
f 8273 8274 8275
f 8275 8276 8273
f 8276 8277 8273
f 8273 8277 8271
f 8277 8278 8271
f 8271 8278 8272
f 8279 8280 8281
f 8280 8275 8281
f 8281 8275 8274
f 8282 8283 8284
f 8226 8199 8285
f 8285 8286 8226
f 8286 8287 8226
f 8226 8287 8227
f 8287 8288 8227
f 8227 8288 8228
f 8288 8289 8228
f 8228 8289 8225
f 8289 8290 8225
f 8225 8290 8223
f 8290 8291 8223
f 8223 8291 8221
f 8291 8292 8221
f 8221 8292 8220
f 8292 8293 8220
f 8220 8293 8218
f 8293 8294 8218
f 8218 8294 8216
f 8294 8295 8216
f 8216 8295 8214
f 8295 8296 8214
f 8214 8296 8212
f 8296 8297 8212
f 8212 8297 8210
f 8297 8298 8210
f 8210 8298 8205
f 8298 8299 8205
f 8205 8299 8202
f 8300 8301 8302
f 8301 8282 8302
f 8282 8284 8302
f 8284 8303 8302
f 8302 8303 8304
f 8303 8305 8304
f 8304 8305 8306
f 8305 8307 8306
f 8306 8307 8308
f 8307 8309 8308
f 8308 8309 8310
f 8309 8311 8310
f 8310 8311 8312
f 8311 8313 8312
f 8312 8313 8314
f 8313 8315 8314
f 8314 8315 8316
f 8315 8317 8316
f 8316 8317 8318
f 8317 8319 8318
f 8318 8319 8320
f 8319 8321 8320
f 8320 8321 8322
f 8321 8323 8322
f 8322 8323 8324
f 8323 8325 8324
f 8324 8325 8326
f 8325 8327 8326
f 8326 8327 8328
f 8327 8329 8328
f 8328 8329 8330
f 8329 8331 8330
f 8330 8331 8332
f 8331 8333 8332
f 8332 8333 8334
f 8333 8335 8334
f 8334 8335 8336
f 8335 8337 8336
f 8336 8337 8338
f 8337 8339 8338
f 8338 8339 8340
f 8339 8341 8340
f 8340 8341 8342
f 8341 8343 8342
f 8342 8343 8344
f 8343 8345 8344
f 8344 8345 8346
f 8345 8347 8346
f 8346 8347 8348
f 8347 8349 8348
f 8348 8349 8350
f 8349 8351 8350
f 8350 8351 8352
f 8351 8353 8352
f 8352 8353 8354
f 8353 8285 8354
f 8354 8285 8355
f 8285 8199 8355
f 8355 8199 8198
f 8296 8295 8284
f 8349 8347 8284
f 8283 8299 8298
f 8283 8298 8284
f 8298 8297 8284
f 8284 8297 8296
f 8295 8294 8284
f 8294 8293 8284
f 8284 8293 8292
f 8325 8323 8284
f 8284 8286 8285
f 8341 8339 8284
f 8339 8337 8284
f 8292 8291 8284
f 8291 8290 8284
f 8284 8290 8289
f 8285 8353 8284
f 8353 8351 8284
f 8284 8351 8349
f 8337 8335 8284
f 8335 8333 8284
f 8284 8333 8331
f 8284 8317 8315
f 8289 8288 8284
f 8288 8287 8284
f 8284 8287 8286
f 8347 8345 8284
f 8345 8343 8284
f 8284 8343 8341
f 8331 8329 8284
f 8329 8327 8284
f 8284 8327 8325
f 8323 8321 8284
f 8321 8319 8284
f 8284 8319 8317
f 8315 8313 8284
f 8313 8311 8284
f 8284 8311 8309
f 8309 8307 8284
f 8307 8305 8284
f 8284 8305 8303
f 8356 8282 8357
f 8282 8301 8357
f 8358 8357 8300
f 8357 8301 8300
f 8359 8360 8361
f 8360 8362 8361
f 8363 8364 8365
f 8364 8366 8365
f 8367 8368 8369
f 8367 8369 8370
f 8369 8371 8370
f 8370 8371 8372
f 8371 8373 8372
f 8372 8373 8374
f 8373 8375 8374
f 8374 8375 8376
f 8375 8377 8376
f 8376 8377 8378
f 8377 8379 8378
f 8378 8379 8380
f 8379 8381 8380
f 8380 8381 8382
f 8381 8383 8382
f 8382 8383 8384
f 8383 8385 8384
f 8384 8385 8386
f 8385 8387 8386
f 8386 8387 8388
f 8387 8389 8388
f 8388 8389 8390
f 8389 8391 8390
f 8390 8391 8392
f 8391 8393 8392
f 8392 8393 8394
f 8393 8395 8394
f 8394 8395 8396
f 8395 8397 8396
f 8396 8397 8398
f 8397 8399 8398
f 8398 8399 8400
f 8399 8363 8400
f 8400 8363 8365
f 8367 8401 8368
f 8401 8402 8368
f 8366 8403 8404
f 8404 8405 8366
f 8405 8406 8366
f 8366 8406 8407
f 8408 8409 8401
f 8409 8410 8401
f 8401 8410 8411
f 8412 8365 8413
f 8365 8366 8413
f 8413 8366 8414
f 8366 8407 8414
f 8412 8415 8365
f 8415 8416 8365
f 8365 8416 8417
f 8370 8418 8367
f 8418 8419 8367
f 8367 8419 8401
f 8419 8420 8401
f 8401 8420 8408
f 8370 8372 8418
f 8372 8374 8418
f 8418 8374 8421
f 8374 8376 8421
f 8421 8376 8422
f 8376 8378 8422
f 8378 8380 8422
f 8422 8380 8423
f 8380 8382 8423
f 8423 8382 8424
f 8382 8384 8424
f 8424 8384 8425
f 8384 8386 8425
f 8425 8386 8426
f 8386 8388 8426
f 8426 8388 8427
f 8388 8390 8427
f 8427 8390 8428
f 8390 8392 8428
f 8428 8392 8429
f 8392 8394 8429
f 8429 8394 8430
f 8394 8396 8430
f 8430 8396 8431
f 8396 8398 8431
f 8431 8398 8417
f 8398 8400 8417
f 8417 8400 8365
f 8403 8432 8433
f 8403 8433 8404
f 8433 8434 8404
f 8404 8434 8405
f 8434 8435 8405
f 8405 8435 8406
f 8435 8436 8406
f 8406 8436 8407
f 8436 8437 8407
f 8407 8437 8414
f 8437 8438 8414
f 8414 8438 8413
f 8438 8439 8413
f 8413 8439 8412
f 8439 8440 8412
f 8412 8440 8415
f 8440 8441 8415
f 8415 8441 8416
f 8441 8442 8416
f 8416 8442 8417
f 8442 8443 8417
f 8417 8443 8431
f 8443 8444 8431
f 8431 8444 8430
f 8444 8445 8430
f 8430 8445 8429
f 8445 8446 8429
f 8429 8446 8428
f 8446 8447 8428
f 8428 8447 8427
f 8447 8448 8427
f 8427 8448 8426
f 8448 8449 8426
f 8426 8449 8425
f 8449 8450 8425
f 8425 8450 8424
f 8450 8451 8424
f 8424 8451 8423
f 8451 8452 8423
f 8423 8452 8422
f 8452 8453 8422
f 8422 8453 8421
f 8453 8454 8421
f 8421 8454 8418
f 8454 8455 8418
f 8418 8455 8419
f 8455 8456 8419
f 8419 8456 8420
f 8456 8457 8420
f 8420 8457 8408
f 8457 8458 8408
f 8408 8458 8409
f 8458 8459 8409
f 8409 8459 8410
f 8459 8460 8410
f 8410 8460 8411
f 8461 8462 8463
f 8462 8464 8463
f 8465 8466 8467
f 8465 8467 8468
f 8467 8469 8468
f 8468 8469 8470
f 8469 8471 8470
f 8470 8471 8472
f 8471 8473 8472
f 8472 8473 8474
f 8473 8475 8474
f 8474 8475 8476
f 8475 8477 8476
f 8476 8477 8478
f 8477 8479 8478
f 8478 8479 8480
f 8479 8481 8480
f 8480 8481 8482
f 8481 8483 8482
f 8482 8483 8484
f 8483 8485 8484
f 8484 8485 8486
f 8485 8487 8486
f 8486 8487 8488
f 8487 8489 8488
f 8488 8489 8490
f 8489 8491 8490
f 8490 8491 8492
f 8491 8493 8492
f 8492 8493 8494
f 8493 8495 8494
f 8494 8495 8496
f 8495 8497 8496
f 8496 8497 8498
f 8497 8461 8498
f 8498 8461 8463
f 8499 8500 8501
f 8500 8502 8501
f 8503 8504 8505
f 8504 8506 8505
f 8505 8506 8507
f 8499 8508 8500
f 8508 8509 8500
f 8500 8509 8510
f 8509 8511 8510
f 8510 8511 8512
f 8511 8513 8512
f 8512 8513 8514
f 8513 8515 8514
f 8514 8515 8516
f 8515 8517 8516
f 8516 8517 8518
f 8517 8519 8518
f 8518 8519 8520
f 8519 8521 8520
f 8520 8521 8522
f 8521 8523 8522
f 8522 8523 8524
f 8523 8525 8524
f 8524 8525 8526
f 8525 8527 8526
f 8526 8527 8528
f 8527 8529 8528
f 8528 8529 8530
f 8529 8531 8530
f 8530 8531 8532
f 8531 8533 8532
f 8532 8533 8534
f 8533 8535 8534
f 8534 8535 8536
f 8535 8537 8536
f 8536 8537 8538
f 8537 8539 8538
f 8538 8539 8540
f 8539 8541 8540
f 8540 8541 8542
f 8541 8543 8542
f 8542 8543 8544
f 8543 8545 8544
f 8544 8545 8546
f 8545 8547 8546
f 8546 8547 8548
f 8547 8549 8548
f 8548 8549 8550
f 8549 8551 8550
f 8550 8551 8552
f 8551 8553 8552
f 8552 8553 8554
f 8553 8555 8554
f 8554 8555 8556
f 8555 8557 8556
f 8556 8557 8558
f 8557 8559 8558
f 8558 8559 8560
f 8559 8561 8560
f 8560 8561 8562
f 8561 8563 8562
f 8562 8563 8505
f 8563 8564 8505
f 8505 8564 8503
f 8565 8507 8506
f 8565 8506 8566
f 8506 8504 8566
f 8566 8504 8567
f 8504 8503 8567
f 8567 8503 8568
f 8503 8564 8568
f 8568 8564 8569
f 8564 8563 8569
f 8569 8563 8570
f 8563 8561 8570
f 8570 8561 8571
f 8561 8559 8571
f 8571 8559 8572
f 8559 8557 8572
f 8572 8557 8573
f 8557 8555 8573
f 8573 8555 8574
f 8555 8553 8574
f 8574 8553 8575
f 8553 8551 8575
f 8575 8551 8576
f 8551 8549 8576
f 8576 8549 8577
f 8549 8547 8577
f 8577 8547 8578
f 8547 8545 8578
f 8578 8545 8579
f 8545 8543 8579
f 8579 8543 8580
f 8543 8541 8580
f 8580 8541 8581
f 8541 8539 8581
f 8581 8539 8582
f 8539 8537 8582
f 8582 8537 8583
f 8537 8535 8583
f 8583 8535 8584
f 8535 8533 8584
f 8584 8533 8585
f 8533 8531 8585
f 8585 8531 8586
f 8531 8529 8586
f 8586 8529 8587
f 8529 8527 8587
f 8587 8527 8588
f 8527 8525 8588
f 8588 8525 8589
f 8525 8523 8589
f 8589 8523 8590
f 8523 8521 8590
f 8590 8521 8591
f 8521 8519 8591
f 8591 8519 8592
f 8519 8517 8592
f 8592 8517 8593
f 8517 8515 8593
f 8593 8515 8594
f 8515 8513 8594
f 8594 8513 8595
f 8513 8511 8595
f 8595 8511 8596
f 8511 8509 8596
f 8596 8509 8597
f 8509 8508 8597
f 8597 8508 8598
f 8508 8499 8598
f 8598 8499 8599
f 8499 8501 8599
f 8599 8501 8600
f 8501 8502 8600
f 8600 8502 8601
f 8602 8603 8604
f 8602 8604 8605
f 8604 8606 8605
f 8605 8606 8607
f 5589 5588 6020
f 6004 5591 5590
f 6020 6019 5589
f 6019 6017 5589
f 5589 6017 5574
f 6017 6016 5574
f 5574 6016 5575
f 6016 6014 5575
f 5575 6014 5576
f 6014 6013 5576
f 5576 6013 5529
f 6013 6011 5529
f 5529 6011 5530
f 6011 6010 5530
f 5530 6010 5531
f 6010 6008 5531
f 5531 6008 5506
f 6008 6007 5506
f 5506 6007 5507
f 6007 6005 5507
f 5507 6005 5607
f 6005 6004 5607
f 5607 6004 5608
f 6004 5590 5608
f 5591 6004 5592
f 6004 6002 5592
f 5592 6002 5548
f 6220 5552 5551
f 5551 5514 6220
f 5514 5513 6220
f 6220 5513 6001
f 5513 5550 6001
f 6001 5550 6002
f 5550 5549 6002
f 6002 5549 5548
f 5602 5579 5998
f 5579 5578 5998
f 6220 5999 5552
f 5999 5998 5552
f 5552 5998 5577
f 5998 5578 5577
f 5610 5609 5995
f 5609 5604 5995
f 5998 5996 5602
f 5996 5995 5602
f 5602 5995 5603
f 5995 5604 5603
f 5995 5993 5610
f 5993 5992 5610
f 5610 5992 5494
f 5992 5495 5494
f 5992 5990 5495
f 5990 5989 5495
f 5495 5989 5515
f 5989 5516 5515
f 5989 5987 5516
f 5987 5986 5516
f 5516 5986 5517
f 5986 5543 5517
f 5983 6318 5518
f 5986 5984 5543
f 5984 5983 5543
f 5543 5983 5544
f 5983 5518 5544
f 6318 6319 5518
f 6319 6022 5518
f 5518 6022 5519
f 4124 4123 4268
f 4252 4134 4133
f 4268 4267 4124
f 4267 4265 4124
f 4124 4265 4131
f 4265 4264 4131
f 4131 4264 4132
f 4264 4262 4132
f 4132 4262 4090
f 4262 4261 4090
f 4090 4261 4091
f 4261 4259 4091
f 4091 4259 4092
f 4259 4258 4092
f 4092 4258 4049
f 4258 4256 4049
f 4049 4256 4050
f 4256 4255 4050
f 4050 4255 4052
f 4255 4253 4052
f 4052 4253 4151
f 4253 4252 4151
f 4151 4252 4152
f 4252 4133 4152
f 4134 4252 4135
f 4252 4250 4135
f 4135 4250 4106
f 4466 4096 4095
f 4095 4094 4466
f 4094 4093 4466
f 4466 4093 4249
f 4093 4108 4249
f 4249 4108 4250
f 4108 4107 4250
f 4250 4107 4106
f 4148 4127 4246
f 4127 4126 4246
f 4466 4247 4096
f 4247 4246 4096
f 4096 4246 4125
f 4246 4126 4125
f 4154 4153 4243
f 4153 4150 4243
f 4246 4244 4148
f 4244 4243 4148
f 4148 4243 4149
f 4243 4150 4149
f 4243 4241 4154
f 4241 4240 4154
f 4154 4240 4044
f 4240 4045 4044
f 4240 4238 4045
f 4238 4237 4045
f 4045 4237 4061
f 4237 4062 4061
f 4237 4235 4062
f 4235 4234 4062
f 4062 4234 4063
f 4234 4097 4063
f 4231 4564 4064
f 4234 4232 4097
f 4232 4231 4097
f 4097 4231 4098
f 4231 4064 4098
f 4564 4565 4064
f 4565 4270 4064
f 4064 4270 4065
f 8608 8609 8610
f 8611 8612 8613
f 8614 8615 8616
f 8617 8618 8619
f 8620 8621 8622
f 8623 8624 8625
f 8626 8627 8628
f 8629 8630 8631
f 8632 8633 8634
f 8635 8636 8637
f 8638 8639 8640
f 8641 8642 8643
f 8644 8645 8646
f 4116 4141 8647
f 4227 4229 8648
f 4217 4220 8649
f 4211 4214 8650
f 4205 4208 8651
f 4195 4198 8652
f 4167 2287 2423
f 8653 4172 8654
f 4172 4170 8654
f 4170 4174 8654
f 4174 4166 8654
f 8654 4166 2423
f 4166 4164 2423
f 2423 4164 4167
f 4181 8655 4188
f 8655 8656 4188
f 4188 8656 4185
f 4181 4182 8655
f 4182 4176 8655
f 8655 4176 8653
f 4176 4173 8653
f 8653 4173 4172
f 8652 4198 8657
f 4198 4191 8657
f 4191 4190 8657
f 8657 4190 8656
f 4190 4187 8656
f 8656 4187 4185
f 8651 4208 8658
f 4208 4201 8658
f 4201 4200 8658
f 8658 4200 8652
f 4200 4197 8652
f 8652 4197 4195
f 8650 4214 8651
f 4214 4207 8651
f 8651 4207 4205
f 8649 4220 8650
f 4220 4213 8650
f 8650 4213 4211
f 8648 4229 8659
f 4229 4223 8659
f 4223 4222 8659
f 8659 4222 8649
f 4222 4219 8649
f 8649 4219 4217
f 8660 4055 8661
f 4055 4160 8661
f 8661 4160 8648
f 4160 4228 8648
f 8648 4228 4227
f 8662 4068 8660
f 4068 4067 8660
f 8660 4067 4055
f 8663 4100 8662
f 4100 4099 8662
f 8662 4099 4068
f 4110 4109 8646
f 4109 4070 8646
f 8646 4070 8663
f 4070 4069 8663
f 8663 4069 4100
f 8645 4102 8646
f 4102 4103 8646
f 8646 4103 4110
f 4042 4041 8664
f 4041 4118 8664
f 4046 8665 4047
f 8665 8666 4047
f 4047 8666 4048
f 8666 4074 4048
f 4074 8666 4075
f 8666 8667 4075
f 4075 8667 4030
f 4034 4033 8668
f 4033 4032 8668
f 8668 4032 8667
f 4032 4031 8667
f 8667 4031 4030
f 4034 8668 4035
f 8668 8669 4035
f 4035 8669 4036
f 4036 8669 4037
f 8669 8670 4037
f 4037 8670 4025
f 8671 4027 8670
f 4027 4026 8670
f 8670 4026 4025
f 4021 4020 8672
f 4020 4029 8672
f 8672 4029 8671
f 4029 4028 8671
f 8671 4028 4027
f 4021 8672 4022
f 8672 8673 4022
f 4022 8673 4023
f 4023 8673 4024
f 8673 8674 4024
f 4024 8674 4015
f 8675 4017 8674
f 4017 4016 8674
f 8674 4016 4015
f 4009 4008 8676
f 4008 4019 8676
f 8676 4019 8675
f 4019 4018 8675
f 8675 4018 4017
f 8677 4011 8676
f 4011 4010 8676
f 8676 4010 4009
f 4004 4014 8678
f 4014 4013 8678
f 8678 4013 8677
f 4013 4012 8677
f 8677 4012 4011
f 4004 8678 4003
f 8678 8679 4003
f 4003 8679 4002
f 2238 4007 2370
f 4007 4006 2370
f 2370 4006 8679
f 4006 4005 8679
f 8679 4005 4002
f 2368 2370 8680
f 2370 8679 8680
f 8680 8679 8681
f 8679 8678 8681
f 8681 8678 8682
f 8678 8677 8682
f 8682 8677 8683
f 8677 8676 8683
f 8683 8676 8684
f 8676 8675 8684
f 8684 8675 8685
f 8675 8674 8685
f 8685 8674 8686
f 8674 8673 8686
f 8686 8673 8687
f 8673 8672 8687
f 8687 8672 8688
f 8672 8671 8688
f 8688 8671 8689
f 8671 8670 8689
f 8689 8670 8690
f 8670 8669 8690
f 8690 8669 8691
f 8669 8668 8691
f 8691 8668 8692
f 8668 8667 8692
f 8692 8667 8693
f 8667 8666 8693
f 8693 8666 8694
f 8666 8665 8694
f 8694 8665 8695
f 2366 2368 8696
f 2368 8680 8696
f 8696 8680 8697
f 8680 8681 8697
f 8697 8681 8698
f 8681 8682 8698
f 8698 8682 8699
f 8682 8683 8699
f 8699 8683 8700
f 8683 8684 8700
f 8700 8684 8701
f 8684 8685 8701
f 8701 8685 8702
f 8685 8686 8702
f 8702 8686 8703
f 8686 8687 8703
f 8703 8687 8704
f 8687 8688 8704
f 8704 8688 8705
f 8688 8689 8705
f 8705 8689 8706
f 8689 8690 8706
f 8706 8690 8707
f 8690 8691 8707
f 8707 8691 8708
f 8691 8692 8708
f 8708 8692 8709
f 8692 8693 8709
f 8709 8693 8710
f 8693 8694 8710
f 8710 8694 8711
f 8694 8695 8711
f 8711 8695 8610
f 8712 8664 8713
f 8664 4118 8713
f 8713 4118 4117
f 8642 8644 8643
f 8644 8646 8643
f 8643 8646 8714
f 8646 8663 8714
f 8714 8663 8715
f 8663 8662 8715
f 8715 8662 8716
f 8662 8660 8716
f 8716 8660 8717
f 8660 8661 8717
f 8717 8661 8718
f 8661 8648 8718
f 8718 8648 8719
f 8648 8659 8719
f 8719 8659 8720
f 8659 8649 8720
f 8720 8649 8721
f 8649 8650 8721
f 8721 8650 8722
f 8650 8651 8722
f 8722 8651 8723
f 8651 8658 8723
f 8723 8658 8724
f 8658 8652 8724
f 8724 8652 8725
f 8652 8657 8725
f 8725 8657 8726
f 8657 8656 8726
f 8726 8656 8727
f 8656 8655 8727
f 8727 8655 8728
f 8655 8653 8728
f 8728 8653 8729
f 8653 8654 8729
f 8729 8654 2425
f 8654 2423 2425
f 8639 8641 8640
f 8641 8643 8640
f 8640 8643 8730
f 8643 8714 8730
f 8730 8714 8731
f 8714 8715 8731
f 8731 8715 8732
f 8715 8716 8732
f 8732 8716 8733
f 8716 8717 8733
f 8733 8717 8734
f 8717 8718 8734
f 8734 8718 8735
f 8718 8719 8735
f 8735 8719 8736
f 8719 8720 8736
f 8736 8720 8737
f 8720 8721 8737
f 8737 8721 8738
f 8721 8722 8738
f 8738 8722 8739
f 8722 8723 8739
f 8739 8723 8740
f 8723 8724 8740
f 8740 8724 8741
f 8724 8725 8741
f 8741 8725 8742
f 8725 8726 8742
f 8742 8726 8743
f 8726 8727 8743
f 8743 8727 8744
f 8727 8728 8744
f 8744 8728 8745
f 8728 8729 8745
f 8745 8729 2427
f 8729 2425 2427
f 8636 8638 8637
f 8638 8640 8637
f 8637 8640 8746
f 8640 8730 8746
f 8746 8730 8747
f 8730 8731 8747
f 8747 8731 8748
f 8731 8732 8748
f 8748 8732 8749
f 8732 8733 8749
f 8749 8733 8750
f 8733 8734 8750
f 8750 8734 8751
f 8734 8735 8751
f 8751 8735 8752
f 8735 8736 8752
f 8752 8736 8753
f 8736 8737 8753
f 8753 8737 8754
f 8737 8738 8754
f 8754 8738 8755
f 8738 8739 8755
f 8755 8739 8756
f 8739 8740 8756
f 8756 8740 8757
f 8740 8741 8757
f 8757 8741 8758
f 8741 8742 8758
f 8758 8742 8759
f 8742 8743 8759
f 8759 8743 8760
f 8743 8744 8760
f 8760 8744 8761
f 8744 8745 8761
f 8761 8745 2429
f 8745 2427 2429
f 8633 8635 8634
f 8635 8637 8634
f 8634 8637 8762
f 8637 8746 8762
f 8762 8746 8763
f 8746 8747 8763
f 8763 8747 8764
f 8747 8748 8764
f 8764 8748 8765
f 8748 8749 8765
f 8765 8749 8766
f 8749 8750 8766
f 8766 8750 8767
f 8750 8751 8767
f 8767 8751 8768
f 8751 8752 8768
f 8768 8752 8769
f 8752 8753 8769
f 8769 8753 8770
f 8753 8754 8770
f 8770 8754 8771
f 8754 8755 8771
f 8771 8755 8772
f 8755 8756 8772
f 8772 8756 8773
f 8756 8757 8773
f 8773 8757 8774
f 8757 8758 8774
f 8774 8758 8775
f 8758 8759 8775
f 8775 8759 8776
f 8759 8760 8776
f 8776 8760 8777
f 8760 8761 8777
f 8777 8761 2431
f 8761 2429 2431
f 8630 8632 8631
f 8632 8634 8631
f 8631 8634 8778
f 8634 8762 8778
f 8778 8762 8779
f 8762 8763 8779
f 8779 8763 8780
f 8763 8764 8780
f 8780 8764 8781
f 8764 8765 8781
f 8781 8765 8782
f 8765 8766 8782
f 8782 8766 8783
f 8766 8767 8783
f 8783 8767 8784
f 8767 8768 8784
f 8784 8768 8785
f 8768 8769 8785
f 8785 8769 8786
f 8769 8770 8786
f 8786 8770 8787
f 8770 8771 8787
f 8787 8771 8788
f 8771 8772 8788
f 8788 8772 8789
f 8772 8773 8789
f 8789 8773 8790
f 8773 8774 8790
f 8790 8774 8791
f 8774 8775 8791
f 8791 8775 8792
f 8775 8776 8792
f 8792 8776 8793
f 8776 8777 8793
f 8793 8777 2433
f 8777 2431 2433
f 8627 8629 8628
f 8629 8631 8628
f 8628 8631 8794
f 8631 8778 8794
f 8794 8778 8795
f 8778 8779 8795
f 8795 8779 8796
f 8779 8780 8796
f 8796 8780 8797
f 8780 8781 8797
f 8797 8781 8798
f 8781 8782 8798
f 8798 8782 8799
f 8782 8783 8799
f 8799 8783 8800
f 8783 8784 8800
f 8800 8784 8801
f 8784 8785 8801
f 8801 8785 8802
f 8785 8786 8802
f 8802 8786 8803
f 8786 8787 8803
f 8803 8787 8804
f 8787 8788 8804
f 8804 8788 8805
f 8788 8789 8805
f 8805 8789 8806
f 8789 8790 8806
f 8806 8790 8807
f 8790 8791 8807
f 8807 8791 8808
f 8791 8792 8808
f 8808 8792 8809
f 8792 8793 8809
f 8809 8793 2435
f 8793 2433 2435
f 8810 8626 8811
f 8626 8628 8811
f 8811 8628 8812
f 8628 8794 8812
f 8812 8794 8813
f 8794 8795 8813
f 8813 8795 8814
f 8795 8796 8814
f 8814 8796 8815
f 8796 8797 8815
f 8815 8797 8816
f 8797 8798 8816
f 8816 8798 8817
f 8798 8799 8817
f 8817 8799 8818
f 8799 8800 8818
f 8818 8800 8819
f 8800 8801 8819
f 8819 8801 8820
f 8801 8802 8820
f 8820 8802 8821
f 8802 8803 8821
f 8821 8803 8822
f 8803 8804 8822
f 8822 8804 8823
f 8804 8805 8823
f 8823 8805 8824
f 8805 8806 8824
f 8824 8806 8825
f 8806 8807 8825
f 8825 8807 8826
f 8807 8808 8826
f 8826 8808 8827
f 8808 8809 8827
f 8827 8809 2437
f 8809 2435 2437
f 2437 2439 8827
f 2439 8828 8827
f 8827 8828 8826
f 8828 8829 8826
f 8826 8829 8825
f 8829 8830 8825
f 8825 8830 8824
f 8830 8831 8824
f 8824 8831 8823
f 8831 8832 8823
f 8823 8832 8822
f 8832 8833 8822
f 8822 8833 8821
f 8833 8834 8821
f 8821 8834 8820
f 8834 8835 8820
f 8820 8835 8819
f 8835 8836 8819
f 8819 8836 8818
f 8836 8837 8818
f 8818 8837 8817
f 8837 8838 8817
f 8817 8838 8816
f 8838 8839 8816
f 8816 8839 8815
f 8839 8840 8815
f 8815 8840 8814
f 8840 8841 8814
f 8814 8841 8813
f 8841 8842 8813
f 8813 8842 8812
f 8842 8843 8812
f 8812 8843 8811
f 8843 8625 8811
f 8811 8625 8810
f 8625 8624 8810
f 8621 8623 8622
f 8623 8625 8622
f 8622 8625 8844
f 8625 8843 8844
f 8844 8843 8845
f 8843 8842 8845
f 8845 8842 8846
f 8842 8841 8846
f 8846 8841 8847
f 8841 8840 8847
f 8847 8840 8848
f 8840 8839 8848
f 8848 8839 8849
f 8839 8838 8849
f 8849 8838 8850
f 8838 8837 8850
f 8850 8837 8851
f 8837 8836 8851
f 8851 8836 8852
f 8836 8835 8852
f 8852 8835 8853
f 8835 8834 8853
f 8853 8834 8854
f 8834 8833 8854
f 8854 8833 8855
f 8833 8832 8855
f 8855 8832 8856
f 8832 8831 8856
f 8856 8831 8857
f 8831 8830 8857
f 8857 8830 8858
f 8830 8829 8858
f 8858 8829 8859
f 8829 8828 8859
f 8859 8828 2440
f 8828 2439 2440
f 8618 8620 8619
f 8620 8622 8619
f 8619 8622 8860
f 8622 8844 8860
f 8860 8844 8861
f 8844 8845 8861
f 8861 8845 8862
f 8845 8846 8862
f 8862 8846 8863
f 8846 8847 8863
f 8863 8847 8864
f 8847 8848 8864
f 8864 8848 8865
f 8848 8849 8865
f 8865 8849 8866
f 8849 8850 8866
f 8866 8850 8867
f 8850 8851 8867
f 8867 8851 8868
f 8851 8852 8868
f 8868 8852 8869
f 8852 8853 8869
f 8869 8853 8870
f 8853 8854 8870
f 8870 8854 8871
f 8854 8855 8871
f 8871 8855 8872
f 8855 8856 8872
f 8872 8856 8873
f 8856 8857 8873
f 8873 8857 8874
f 8857 8858 8874
f 8874 8858 8875
f 8858 8859 8875
f 8875 8859 2343
f 8859 2440 2343
f 8615 8617 8616
f 8617 8619 8616
f 8616 8619 8876
f 8619 8860 8876
f 8876 8860 8877
f 8860 8861 8877
f 8877 8861 8878
f 8861 8862 8878
f 8878 8862 8879
f 8862 8863 8879
f 8879 8863 8880
f 8863 8864 8880
f 8880 8864 8881
f 8864 8865 8881
f 8881 8865 8882
f 8865 8866 8882
f 8882 8866 8883
f 8866 8867 8883
f 8883 8867 8884
f 8867 8868 8884
f 8884 8868 8885
f 8868 8869 8885
f 8885 8869 8886
f 8869 8870 8886
f 8886 8870 8887
f 8870 8871 8887
f 8887 8871 8888
f 8871 8872 8888
f 8888 8872 8889
f 8872 8873 8889
f 8889 8873 8890
f 8873 8874 8890
f 8890 8874 8891
f 8874 8875 8891
f 8891 8875 2362
f 8875 2343 2362
f 8612 8614 8613
f 8614 8616 8613
f 8613 8616 8892
f 8616 8876 8892
f 8892 8876 8893
f 8876 8877 8893
f 8893 8877 8894
f 8877 8878 8894
f 8894 8878 8895
f 8878 8879 8895
f 8895 8879 8896
f 8879 8880 8896
f 8896 8880 8897
f 8880 8881 8897
f 8897 8881 8898
f 8881 8882 8898
f 8898 8882 8899
f 8882 8883 8899
f 8899 8883 8900
f 8883 8884 8900
f 8900 8884 8901
f 8884 8885 8901
f 8901 8885 8902
f 8885 8886 8902
f 8902 8886 8903
f 8886 8887 8903
f 8903 8887 8904
f 8887 8888 8904
f 8904 8888 8905
f 8888 8889 8905
f 8905 8889 8906
f 8889 8890 8906
f 8906 8890 8907
f 8890 8891 8907
f 8907 8891 2364
f 8891 2362 2364
f 8609 8611 8610
f 8611 8613 8610
f 8610 8613 8711
f 8613 8892 8711
f 8711 8892 8710
f 8892 8893 8710
f 8710 8893 8709
f 8893 8894 8709
f 8709 8894 8708
f 8894 8895 8708
f 8708 8895 8707
f 8895 8896 8707
f 8707 8896 8706
f 8896 8897 8706
f 8706 8897 8705
f 8897 8898 8705
f 8705 8898 8704
f 8898 8899 8704
f 8704 8899 8703
f 8899 8900 8703
f 8703 8900 8702
f 8900 8901 8702
f 8702 8901 8701
f 8901 8902 8701
f 8701 8902 8700
f 8902 8903 8700
f 8700 8903 8699
f 8903 8904 8699
f 8699 8904 8698
f 8904 8905 8698
f 8698 8905 8697
f 8905 8906 8697
f 8697 8906 8696
f 8906 8907 8696
f 8696 8907 2366
f 8907 2364 2366
f 4046 4042 8665
f 4042 8664 8665
f 8665 8664 8695
f 8664 8712 8695
f 8695 8712 8610
f 8712 8908 8610
f 8610 8908 8608
f 4117 4116 8713
f 4116 8647 8713
f 8713 8647 8712
f 8647 8909 8712
f 8712 8909 8908
f 4101 4102 8645
f 8629 4059 4058
f 8645 8644 4101
f 8644 8642 4101
f 4101 8642 4119
f 8642 8641 4119
f 4119 8641 4120
f 8641 8639 4120
f 4120 8639 4084
f 8639 8638 4084
f 4084 8638 4085
f 8638 8636 4085
f 4085 8636 4086
f 8636 8635 4086
f 4086 8635 4071
f 8635 8633 4071
f 4071 8633 4072
f 8633 8632 4072
f 4072 8632 4073
f 8632 8630 4073
f 4073 8630 4111
f 8630 8629 4111
f 4111 8629 4112
f 8629 4058 4112
f 4059 8629 4145
f 8629 8627 4145
f 4145 8627 4146
f 8810 4115 4114
f 4114 4113 8810
f 4113 4105 8810
f 8810 4105 8626
f 4105 4104 8626
f 8626 4104 8627
f 4104 4147 8627
f 8627 4147 4146
f 4155 4138 8623
f 4138 4137 8623
f 8810 8624 4115
f 8624 8623 4115
f 4115 8623 4136
f 8623 4137 4136
f 4159 4158 8620
f 4158 4157 8620
f 8623 8621 4155
f 8621 8620 4155
f 4155 8620 4156
f 8620 4157 4156
f 8620 8618 4159
f 8618 8617 4159
f 4159 8617 4087
f 8617 4088 4087
f 8617 8615 4088
f 8615 8614 4088
f 4088 8614 4089
f 8614 4128 4089
f 8614 8612 4128
f 8612 8611 4128
f 4128 8611 4129
f 8611 4130 4129
f 8608 8908 4140
f 8611 8609 4130
f 8609 8608 4130
f 4130 8608 4139
f 8608 4140 4139
f 8908 8909 4140
f 8909 8647 4140
f 4140 8647 4141
f 8910 2376 8911
f 2376 2401 8911
f 8911 2401 8912
f 2401 2399 8912
f 8912 2399 8913
f 2399 2397 8913
f 8913 2397 8914
f 2397 2395 8914
f 8914 2395 8915
f 2395 2393 8915
f 8915 2393 8916
f 2393 2391 8916
f 8916 2391 8917
f 2391 2389 8917
f 8917 2389 8918
f 2389 2388 8918
f 8918 2388 8919
f 2388 2244 8919
f 8919 2244 8920
f 2244 2243 8920
f 8920 2243 8921
f 2243 2242 8921
f 8921 2242 8922
f 2242 2269 8922
f 8922 2269 8923
f 2269 2268 8923
f 8923 2268 8924
f 2268 2235 8924
f 8924 2235 8925
f 2235 2234 8925
f 8925 2234 8926
f 2234 2241 8926
f 8926 2241 8927
f 2241 2247 8927
f 8927 2247 8928
f 2247 2246 8928
f 8928 2246 8929
f 2246 2340 8929
f 8929 2340 8930
f 2340 2339 8930
f 8930 2339 8931
f 2339 2306 8931
f 8931 2306 8932
f 2306 2305 8932
f 8932 2305 8933
f 2305 2304 8933
f 8933 2304 8934
f 2304 2303 8934
f 8934 2303 8935
f 2303 2277 8935
f 8935 2277 8936
f 2277 2276 8936
f 8936 2276 8937
f 2276 2274 8937
f 8937 2274 8938
f 2274 2273 8938
f 8938 2273 8939
f 2273 2272 8939
f 8939 2272 8940
f 2272 2271 8940
f 8940 2271 8941
f 2271 2302 8941
f 8941 2302 8942
f 2302 2301 8942
f 8942 2301 8943
f 2301 2299 8943
f 8943 2299 8944
f 2299 2298 8944
f 8944 2298 8945
f 2298 2349 8945
f 8945 2349 8946
f 2349 2348 8946
f 8946 2348 8947
f 2348 2347 8947
f 8947 2347 8948
f 2347 2338 8948
f 8948 2338 8949
f 2338 2337 8949
f 8949 2337 8950
f 2337 2336 8950
f 8950 2336 8951
f 2336 2335 8951
f 8951 2335 8952
f 2335 2334 8952
f 8952 2334 8953
f 2334 2333 8953
f 8953 2333 8954
f 2333 2332 8954
f 8954 2332 8955
f 2332 2331 8955
f 8955 2331 8956
f 2331 2330 8956
f 8956 2330 8957
f 2330 2327 8957
f 8957 2327 8958
f 2327 2329 8958
f 8958 2329 8959
f 2329 2257 8959
f 8959 2257 8960
f 2257 2295 8960
f 8960 2295 8961
f 2295 2326 8961
f 8961 2326 8962
f 2326 2359 8962
f 8962 2359 8963
f 2359 2266 8963
f 8963 2266 8964
f 2266 2264 8964
f 8964 2264 8965
f 2264 2263 8965
f 8965 2263 8966
f 2263 2291 8966
f 8966 2291 8967
f 2291 2290 8967
f 8967 2290 8968
f 2290 2289 8968
f 8968 2289 8969
f 2289 2288 8969
f 8969 2288 8970
f 2288 2319 8970
f 8970 2319 8971
f 2319 2318 8971
f 8971 2318 8972
f 2318 2317 8972
f 8972 2317 8973
f 2317 2286 8973
f 8973 2286 8974
f 2286 2285 8974
f 8974 2285 8975
f 2285 2284 8975
f 8975 2284 8976
f 2284 2283 8976
f 8976 2283 8977
f 2283 2282 8977
f 8977 2282 8978
f 2282 2281 8978
f 8978 2281 8979
f 2281 2255 8979
f 8979 2255 8980
f 2255 2254 8980
f 8980 2254 8981
f 2254 2262 8981
f 8981 2262 8910
f 2262 2376 8910
f 8982 8963 8983
f 8963 8964 8983
f 8983 8964 8984
f 8964 8965 8984
f 8984 8965 8985
f 8965 8966 8985
f 8985 8966 8986
f 8966 8967 8986
f 8986 8967 8987
f 8967 8968 8987
f 8987 8968 8988
f 8968 8969 8988
f 8988 8969 8989
f 8969 8970 8989
f 8989 8970 8990
f 8970 8971 8990
f 8990 8971 8991
f 8971 8972 8991
f 8991 8972 8992
f 8972 8973 8992
f 8992 8973 8993
f 8973 8974 8993
f 8993 8974 8994
f 8974 8975 8994
f 8994 8975 8995
f 8975 8976 8995
f 8995 8976 8996
f 8976 8977 8996
f 8996 8977 8997
f 8977 8978 8997
f 8997 8978 8998
f 8978 8979 8998
f 8998 8979 8999
f 8979 8980 8999
f 8999 8980 9000
f 8980 8981 9000
f 9000 8981 9001
f 8981 8910 9001
f 9001 8910 9002
f 8910 8911 9002
f 9002 8911 9003
f 8911 8912 9003
f 9003 8912 9004
f 8912 8913 9004
f 9004 8913 9005
f 8913 8914 9005
f 9005 8914 9006
f 8914 8915 9006
f 9006 8915 9007
f 8915 8916 9007
f 9007 8916 9008
f 8916 8917 9008
f 9008 8917 9009
f 8917 8918 9009
f 9009 8918 9010
f 8918 8919 9010
f 9010 8919 9011
f 8919 8920 9011
f 9011 8920 9012
f 8920 8921 9012
f 9012 8921 9013
f 8921 8922 9013
f 9013 8922 9014
f 8922 8923 9014
f 9014 8923 9015
f 8923 8924 9015
f 9015 8924 9016
f 8924 8925 9016
f 9016 8925 9017
f 8925 8926 9017
f 9017 8926 9018
f 8926 8927 9018
f 9018 8927 9019
f 8927 8928 9019
f 9019 8928 9020
f 8928 8929 9020
f 9020 8929 9021
f 8929 8930 9021
f 9021 8930 9022
f 8930 8931 9022
f 9022 8931 9023
f 8931 8932 9023
f 9023 8932 9024
f 8932 8933 9024
f 9024 8933 9025
f 8933 8934 9025
f 9025 8934 9026
f 8934 8935 9026
f 9026 8935 9027
f 8935 8936 9027
f 9027 8936 9028
f 8936 8937 9028
f 9028 8937 9029
f 8937 8938 9029
f 9029 8938 9030
f 8938 8939 9030
f 9030 8939 9031
f 8939 8940 9031
f 9031 8940 9032
f 8940 8941 9032
f 9032 8941 9033
f 8941 8942 9033
f 9033 8942 9034
f 8942 8943 9034
f 9034 8943 9035
f 8943 8944 9035
f 9035 8944 9036
f 8944 8945 9036
f 9036 8945 9037
f 8945 8946 9037
f 9037 8946 9038
f 8946 8947 9038
f 9038 8947 9039
f 8947 8948 9039
f 9039 8948 9040
f 8948 8949 9040
f 9040 8949 9041
f 8949 8950 9041
f 9041 8950 9042
f 8950 8951 9042
f 9042 8951 9043
f 8951 8952 9043
f 9043 8952 9044
f 8952 8953 9044
f 9044 8953 9045
f 8953 8954 9045
f 9045 8954 9046
f 8954 8955 9046
f 9046 8955 9047
f 8955 8956 9047
f 9047 8956 9048
f 8956 8957 9048
f 9048 8957 9049
f 8957 8958 9049
f 9049 8958 9050
f 8958 8959 9050
f 9050 8959 9051
f 8959 8960 9051
f 9051 8960 9052
f 8960 8961 9052
f 9052 8961 9053
f 8961 8962 9053
f 9053 8962 8982
f 8962 8963 8982
f 9016 9017 9054
f 9017 9018 9054
f 9054 9018 9019
f 9013 9014 9054
f 9014 9015 9054
f 9054 9015 9016
f 9010 9011 9054
f 9011 9012 9054
f 9054 9012 9013
f 9007 9008 9054
f 9008 9009 9054
f 9054 9009 9010
f 9004 9005 9054
f 9005 9006 9054
f 9054 9006 9007
f 9001 9002 9054
f 9002 9003 9054
f 9054 9003 9004
f 8998 8999 9054
f 8999 9000 9054
f 9054 9000 9001
f 8995 8996 9054
f 8996 8997 9054
f 9054 8997 8998
f 8992 8993 9054
f 8993 8994 9054
f 9054 8994 8995
f 8989 8990 9054
f 8990 8991 9054
f 9054 8991 8992
f 8986 8987 9054
f 8987 8988 9054
f 9054 8988 8989
f 8983 8984 9054
f 8984 8985 9054
f 9054 8985 8986
f 9052 9053 9054
f 9053 8982 9054
f 9054 8982 8983
f 9049 9050 9054
f 9050 9051 9054
f 9054 9051 9052
f 9046 9047 9054
f 9047 9048 9054
f 9054 9048 9049
f 9043 9044 9054
f 9044 9045 9054
f 9054 9045 9046
f 9040 9041 9054
f 9041 9042 9054
f 9054 9042 9043
f 9037 9038 9054
f 9038 9039 9054
f 9054 9039 9040
f 9034 9035 9054
f 9035 9036 9054
f 9054 9036 9037
f 9031 9032 9054
f 9032 9033 9054
f 9054 9033 9034
f 9028 9029 9054
f 9029 9030 9054
f 9054 9030 9031
f 9025 9026 9054
f 9026 9027 9054
f 9054 9027 9028
f 9022 9023 9054
f 9023 9024 9054
f 9054 9024 9025
f 9019 9020 9054
f 9020 9021 9054
f 9054 9021 9022
f 9055 2436 9056
f 2436 2434 9056
f 9056 2434 9057
f 2434 2432 9057
f 9057 2432 9058
f 2432 2430 9058
f 9058 2430 9059
f 2430 2428 9059
f 9059 2428 9060
f 2428 2426 9060
f 9060 2426 9061
f 2426 2424 9061
f 9061 2424 9062
f 2424 2422 9062
f 9062 2422 9063
f 2422 2421 9063
f 9063 2421 9064
f 2421 2411 9064
f 9064 2411 9065
f 2411 2410 9065
f 9065 2410 9066
f 2410 2409 9066
f 9066 2409 9067
f 2409 2408 9067
f 9067 2408 9068
f 2408 2407 9068
f 9068 2407 9069
f 2407 2406 9069
f 9069 2406 9070
f 2406 2405 9070
f 9070 2405 9071
f 2405 2404 9071
f 9071 2404 9072
f 2404 2265 9072
f 9072 2265 9073
f 2265 2267 9073
f 9073 2267 9074
f 2267 2325 9074
f 9074 2325 9075
f 2325 2324 9075
f 9075 2324 9076
f 2324 2323 9076
f 9076 2323 9077
f 2323 2358 9077
f 9077 2358 9078
f 2358 2357 9078
f 9078 2357 9079
f 2357 2346 9079
f 9079 2346 9080
f 2346 2345 9080
f 9080 2345 9081
f 2345 2344 9081
f 9081 2344 9082
f 2344 2297 9082
f 9082 2297 9083
f 2297 2296 9083
f 9083 2296 9084
f 2296 2322 9084
f 9084 2322 9085
f 2322 2321 9085
f 9085 2321 9086
f 2321 2320 9086
f 9086 2320 9087
f 2320 2294 9087
f 9087 2294 9088
f 2294 2293 9088
f 9088 2293 9089
f 2293 2292 9089
f 9089 2292 9090
f 2292 2253 9090
f 9090 2253 9091
f 2253 2316 9091
f 9091 2316 9092
f 2316 2315 9092
f 9092 2315 9093
f 2315 2314 9093
f 9093 2314 9094
f 2314 2356 9094
f 9094 2356 9095
f 2356 2355 9095
f 9095 2355 9096
f 2355 2354 9096
f 9096 2354 9097
f 2354 2353 9097
f 9097 2353 9098
f 2353 2352 9098
f 9098 2352 9099
f 2352 2351 9099
f 9099 2351 9100
f 2351 2350 9100
f 9100 2350 9101
f 2350 2420 9101
f 9101 2420 9102
f 2420 2419 9102
f 9102 2419 9103
f 2419 2418 9103
f 9103 2418 9104
f 2418 2384 9104
f 9104 2384 9105
f 2384 2383 9105
f 9105 2383 9106
f 2383 2382 9106
f 9106 2382 9107
f 2382 2417 9107
f 9107 2417 9108
f 2417 2416 9108
f 9108 2416 9109
f 2416 2415 9109
f 9109 2415 9110
f 2415 2414 9110
f 9110 2414 9111
f 2414 2413 9111
f 9111 2413 9112
f 2413 2412 9112
f 9112 2412 9113
f 2412 2375 9113
f 9113 2375 9114
f 2375 2374 9114
f 9114 2374 9115
f 2374 2373 9115
f 9115 2373 9116
f 2373 2361 9116
f 9116 2361 9117
f 2361 2360 9117
f 9117 2360 9118
f 2360 2372 9118
f 9118 2372 9119
f 2372 2371 9119
f 9119 2371 9120
f 2371 2369 9120
f 9120 2369 9121
f 2369 2367 9121
f 9121 2367 9122
f 2367 2365 9122
f 9122 2365 9123
f 2365 2363 9123
f 9123 2363 9124
f 2363 2342 9124
f 9124 2342 9125
f 2342 2341 9125
f 9125 2341 9126
f 2341 2438 9126
f 9126 2438 9055
f 2438 2436 9055
f 9127 9128 9068
f 9128 9129 9068
f 9068 9129 9067
f 9129 9130 9067
f 9067 9130 9066
f 9130 9131 9066
f 9066 9131 9065
f 9131 9132 9065
f 9065 9132 9064
f 9132 9133 9064
f 9064 9133 9063
f 9133 9134 9063
f 9063 9134 9062
f 9134 9135 9062
f 9062 9135 9061
f 9135 9136 9061
f 9061 9136 9060
f 9136 9137 9060
f 9060 9137 9059
f 9137 9138 9059
f 9059 9138 9058
f 9138 9139 9058
f 9058 9139 9057
f 9139 9140 9057
f 9057 9140 9056
f 9140 9141 9056
f 9056 9141 9055
f 9141 9142 9055
f 9055 9142 9126
f 9142 9143 9126
f 9126 9143 9125
f 9143 9144 9125
f 9125 9144 9124
f 9144 9145 9124
f 9124 9145 9123
f 9145 9146 9123
f 9123 9146 9122
f 9146 9147 9122
f 9122 9147 9121
f 9147 9148 9121
f 9121 9148 9120
f 9148 9149 9120
f 9120 9149 9119
f 9149 9150 9119
f 9119 9150 9118
f 9150 9151 9118
f 9118 9151 9117
f 9151 9152 9117
f 9117 9152 9116
f 9152 9153 9116
f 9116 9153 9115
f 9153 9154 9115
f 9115 9154 9114
f 9154 9155 9114
f 9114 9155 9113
f 9155 9156 9113
f 9113 9156 9112
f 9156 9157 9112
f 9112 9157 9111
f 9157 9158 9111
f 9111 9158 9110
f 9158 9159 9110
f 9110 9159 9109
f 9159 9160 9109
f 9109 9160 9108
f 9160 9161 9108
f 9108 9161 9107
f 9161 9162 9107
f 9107 9162 9106
f 9162 9163 9106
f 9106 9163 9105
f 9163 9164 9105
f 9105 9164 9104
f 9164 9165 9104
f 9104 9165 9103
f 9165 9166 9103
f 9103 9166 9102
f 9166 9167 9102
f 9102 9167 9101
f 9167 9168 9101
f 9101 9168 9100
f 9168 9169 9100
f 9100 9169 9099
f 9169 9170 9099
f 9099 9170 9098
f 9170 9171 9098
f 9098 9171 9097
f 9171 9172 9097
f 9097 9172 9096
f 9172 9173 9096
f 9096 9173 9095
f 9173 9174 9095
f 9095 9174 9094
f 9174 9175 9094
f 9094 9175 9093
f 9175 9176 9093
f 9093 9176 9092
f 9176 9177 9092
f 9092 9177 9091
f 9177 9178 9091
f 9091 9178 9090
f 9178 9179 9090
f 9090 9179 9089
f 9179 9180 9089
f 9089 9180 9088
f 9180 9181 9088
f 9088 9181 9087
f 9181 9182 9087
f 9087 9182 9086
f 9182 9183 9086
f 9086 9183 9085
f 9183 9184 9085
f 9085 9184 9084
f 9184 9185 9084
f 9084 9185 9083
f 9185 9186 9083
f 9083 9186 9082
f 9186 9187 9082
f 9082 9187 9081
f 9187 9188 9081
f 9081 9188 9080
f 9188 9189 9080
f 9080 9189 9079
f 9189 9190 9079
f 9079 9190 9078
f 9190 9191 9078
f 9078 9191 9077
f 9191 9192 9077
f 9077 9192 9076
f 9192 9193 9076
f 9076 9193 9075
f 9193 9194 9075
f 9075 9194 9074
f 9194 9195 9074
f 9074 9195 9073
f 9195 9196 9073
f 9073 9196 9072
f 9196 9197 9072
f 9072 9197 9071
f 9197 9198 9071
f 9071 9198 9070
f 9198 9199 9070
f 9070 9199 9069
f 9199 9127 9069
f 9069 9127 9068
f 9129 9128 9200
f 9132 9131 9200
f 9131 9130 9200
f 9200 9130 9129
f 9135 9134 9200
f 9134 9133 9200
f 9200 9133 9132
f 9138 9137 9200
f 9137 9136 9200
f 9200 9136 9135
f 9141 9140 9200
f 9140 9139 9200
f 9200 9139 9138
f 9144 9143 9200
f 9143 9142 9200
f 9200 9142 9141
f 9147 9146 9200
f 9146 9145 9200
f 9200 9145 9144
f 9150 9149 9200
f 9149 9148 9200
f 9200 9148 9147
f 9153 9152 9200
f 9152 9151 9200
f 9200 9151 9150
f 9156 9155 9200
f 9155 9154 9200
f 9200 9154 9153
f 9159 9158 9200
f 9158 9157 9200
f 9200 9157 9156
f 9162 9161 9200
f 9161 9160 9200
f 9200 9160 9159
f 9165 9164 9200
f 9164 9163 9200
f 9200 9163 9162
f 9168 9167 9200
f 9167 9166 9200
f 9200 9166 9165
f 9171 9170 9200
f 9170 9169 9200
f 9200 9169 9168
f 9174 9173 9200
f 9173 9172 9200
f 9200 9172 9171
f 9177 9176 9200
f 9176 9175 9200
f 9200 9175 9174
f 9180 9179 9200
f 9179 9178 9200
f 9200 9178 9177
f 9183 9182 9200
f 9182 9181 9200
f 9200 9181 9180
f 9186 9185 9200
f 9185 9184 9200
f 9200 9184 9183
f 9189 9188 9200
f 9188 9187 9200
f 9200 9187 9186
f 9192 9191 9200
f 9191 9190 9200
f 9200 9190 9189
f 9195 9194 9200
f 9194 9193 9200
f 9200 9193 9192
f 9198 9197 9200
f 9197 9196 9200
f 9200 9196 9195
f 9128 9127 9200
f 9127 9199 9200
f 9200 9199 9198
f 9201 9202 9203
f 9204 9205 9206
f 9207 9208 9209
f 9210 9211 9212
f 9213 9214 9215
f 2200 9216 9217
f 2176 2146 2174
f 2148 2160 9218
f 2148 9218 9219
f 9220 2181 9221
f 2181 2180 9221
f 9221 2180 9222
f 2180 2178 9222
f 9223 2189 9224
f 2189 2190 9224
f 9224 2190 9220
f 2190 2183 9220
f 9220 2183 2181
f 2196 2185 9223
f 2185 2187 9223
f 9223 2187 2189
f 9223 9225 2196
f 9225 9226 2196
f 2196 9226 2194
f 9216 2200 9226
f 2200 2191 9226
f 9226 2191 2194
f 2207 2202 9217
f 2202 2205 9217
f 9217 2205 2200
f 9217 9227 2207
f 9227 9228 2207
f 2207 9228 2212
f 2212 9228 2209
f 9228 9229 2209
f 2209 9229 2216
f 2216 9229 2213
f 9229 9230 2213
f 2213 9230 2218
f 2218 9230 2221
f 9230 9231 2221
f 2221 9231 2224
f 9231 9232 2224
f 2224 9232 2225
f 2225 9232 2228
f 9232 9233 2228
f 2228 9233 2231
f 9233 9234 2231
f 2231 9234 2232
f 9234 9235 2232
f 2232 9235 1783
f 9236 9237 9238
f 9237 9239 9238
f 9240 9241 9242
f 9241 9243 9242
f 9242 9243 9244
f 9245 9246 9247
f 9248 9249 9250
f 9248 9250 9251
f 9252 9253 9254
f 9255 9256 9257
f 9255 9257 9258
f 9207 9209 9259
f 9201 9203 9260
f 9261 9262 9263
f 9262 9264 9263
f 9263 9264 9265
f 9264 9266 9265
f 9267 9268 9269
f 9268 9270 9269
f 9269 9270 9266
f 9270 9271 9266
f 9266 9271 9265
f 9272 9273 9274
f 9273 9275 9274
f 9274 9275 9267
f 9275 9276 9267
f 9267 9276 9268
f 9277 9278 9279
f 9278 9280 9279
f 9279 9280 9272
f 9280 9281 9272
f 9272 9281 9273
f 9282 9283 9284
f 9283 9285 9284
f 9284 9285 9277
f 9285 9286 9277
f 9277 9286 9278
f 9287 9288 9289
f 9288 9290 9289
f 9289 9290 9282
f 9290 9291 9282
f 9282 9291 9283
f 9292 9293 9287
f 9293 9294 9287
f 9287 9294 9288
f 9295 9296 9297
f 9296 9298 9297
f 9297 9298 9292
f 9298 9299 9292
f 9292 9299 9293
f 9218 9300 9219
f 9300 9301 9219
f 9219 9301 9302
f 9301 9303 9302
f 9302 9303 9295
f 9303 9304 9295
f 9295 9304 9296
f 9262 9305 9264
f 9305 9306 9264
f 9264 9306 9266
f 9306 9307 9266
f 9266 9307 9269
f 9307 9308 9269
f 9269 9308 9267
f 9308 9309 9267
f 9267 9309 9274
f 9309 9310 9274
f 9274 9310 9272
f 9310 9311 9272
f 9272 9311 9279
f 9311 9312 9279
f 9279 9312 9277
f 9312 9313 9277
f 9277 9313 9284
f 9313 9314 9284
f 9284 9314 9282
f 9314 9315 9282
f 9282 9315 9289
f 9315 9316 9289
f 9289 9316 9287
f 9316 9317 9287
f 9287 9317 9292
f 9317 9318 9292
f 9292 9318 9297
f 9318 9319 9297
f 9297 9319 9295
f 9319 9320 9295
f 9295 9320 9302
f 9320 9321 9302
f 9302 9321 9219
f 9321 9322 9219
f 9219 9322 2148
f 9305 9260 9306
f 9260 9203 9306
f 9306 9203 9307
f 9203 9323 9307
f 9307 9323 9308
f 9323 9324 9308
f 9308 9324 9309
f 9324 9325 9309
f 9309 9325 9310
f 9325 9326 9310
f 9310 9326 9311
f 9326 9327 9311
f 9311 9327 9312
f 9327 9328 9312
f 9312 9328 9313
f 9328 9329 9313
f 9313 9329 9314
f 9329 9330 9314
f 9314 9330 9315
f 9330 9331 9315
f 9315 9331 9316
f 9331 9332 9316
f 9316 9332 9317
f 9332 9333 9317
f 9317 9333 9318
f 9333 9334 9318
f 9318 9334 9319
f 9334 9335 9319
f 9319 9335 9320
f 9335 9336 9320
f 9320 9336 9321
f 9336 9337 9321
f 9321 9337 9322
f 9337 9338 9322
f 9322 9338 2148
f 9338 2149 2148
f 9202 9204 9203
f 9204 9206 9203
f 9203 9206 9323
f 9206 9339 9323
f 9323 9339 9324
f 9339 9340 9324
f 9324 9340 9325
f 9340 9341 9325
f 9325 9341 9326
f 9341 9342 9326
f 9326 9342 9327
f 9342 9343 9327
f 9327 9343 9328
f 9343 9344 9328
f 9328 9344 9329
f 9344 9345 9329
f 9329 9345 9330
f 9345 9346 9330
f 9330 9346 9331
f 9346 9347 9331
f 9331 9347 9332
f 9347 9348 9332
f 9332 9348 9333
f 9348 9349 9333
f 9333 9349 9334
f 9349 9350 9334
f 9334 9350 9335
f 9350 9351 9335
f 9335 9351 9336
f 9351 9352 9336
f 9336 9352 9337
f 9352 9353 9337
f 9337 9353 9338
f 9353 9354 9338
f 9338 9354 2149
f 9354 2173 2149
f 9205 9259 9206
f 9259 9209 9206
f 9206 9209 9339
f 9209 9355 9339
f 9339 9355 9340
f 9355 9356 9340
f 9340 9356 9341
f 9356 9357 9341
f 9341 9357 9342
f 9357 9358 9342
f 9342 9358 9343
f 9358 9359 9343
f 9343 9359 9344
f 9359 9360 9344
f 9344 9360 9345
f 9360 9361 9345
f 9345 9361 9346
f 9361 9362 9346
f 9346 9362 9347
f 9362 9363 9347
f 9347 9363 9348
f 9363 9364 9348
f 9348 9364 9349
f 9364 9365 9349
f 9349 9365 9350
f 9365 9366 9350
f 9350 9366 9351
f 9366 9367 9351
f 9351 9367 9352
f 9367 9368 9352
f 9352 9368 9353
f 9368 9369 9353
f 9353 9369 9354
f 9369 9370 9354
f 9354 9370 2173
f 9370 2170 2173
f 9208 9371 9209
f 9371 9372 9209
f 9209 9372 9355
f 9372 9373 9355
f 9355 9373 9356
f 9373 9374 9356
f 9356 9374 9357
f 9374 9375 9357
f 9357 9375 9358
f 9375 9376 9358
f 9358 9376 9359
f 9376 9377 9359
f 9359 9377 9360
f 9377 9378 9360
f 9360 9378 9361
f 9378 9379 9361
f 9361 9379 9362
f 9379 9380 9362
f 9362 9380 9363
f 9380 9381 9363
f 9363 9381 9364
f 9381 9382 9364
f 9364 9382 9365
f 9382 9383 9365
f 9365 9383 9366
f 9383 9384 9366
f 9366 9384 9367
f 9384 9385 9367
f 9367 9385 9368
f 9385 9386 9368
f 9368 9386 9369
f 9386 9387 9369
f 9369 9387 9370
f 9387 9388 9370
f 9370 9388 2170
f 9388 2165 2170
f 9371 9258 9372
f 9258 9257 9372
f 9372 9257 9373
f 9257 9389 9373
f 9373 9389 9374
f 9389 9390 9374
f 9374 9390 9375
f 9390 9391 9375
f 9375 9391 9376
f 9391 9392 9376
f 9376 9392 9377
f 9392 9393 9377
f 9377 9393 9378
f 9393 9394 9378
f 9378 9394 9379
f 9394 9395 9379
f 9379 9395 9380
f 9395 9396 9380
f 9380 9396 9381
f 9396 9397 9381
f 9381 9397 9382
f 9397 9398 9382
f 9382 9398 9383
f 9398 9399 9383
f 9383 9399 9384
f 9399 9400 9384
f 9384 9400 9385
f 9400 9401 9385
f 9385 9401 9386
f 9401 9402 9386
f 9386 9402 9387
f 9402 9403 9387
f 9387 9403 9388
f 9403 9404 9388
f 9388 9404 2165
f 9404 2166 2165
f 9256 9252 9257
f 9252 9254 9257
f 9257 9254 9389
f 9254 9405 9389
f 9389 9405 9390
f 9405 9406 9390
f 9390 9406 9391
f 9406 9407 9391
f 9391 9407 9392
f 9407 9408 9392
f 9392 9408 9393
f 9408 9409 9393
f 9393 9409 9394
f 9409 9410 9394
f 9394 9410 9395
f 9410 9411 9395
f 9395 9411 9396
f 9411 9412 9396
f 9396 9412 9397
f 9412 9413 9397
f 9397 9413 9398
f 9413 9414 9398
f 9398 9414 9399
f 9414 9415 9399
f 9399 9415 9400
f 9415 9416 9400
f 9400 9416 9401
f 9416 9417 9401
f 9401 9417 9402
f 9417 9418 9402
f 9402 9418 9403
f 9418 9419 9403
f 9403 9419 9404
f 9419 9420 9404
f 9404 9420 2166
f 9420 2167 2166
f 9253 9251 9254
f 9251 9250 9254
f 9254 9250 9405
f 9250 9421 9405
f 9405 9421 9406
f 9421 9422 9406
f 9406 9422 9407
f 9422 9423 9407
f 9407 9423 9408
f 9423 9424 9408
f 9408 9424 9409
f 9424 9425 9409
f 9409 9425 9410
f 9425 9426 9410
f 9410 9426 9411
f 9426 9427 9411
f 9411 9427 9412
f 9427 9428 9412
f 9412 9428 9413
f 9428 9429 9413
f 9413 9429 9414
f 9429 9430 9414
f 9414 9430 9415
f 9430 9431 9415
f 9415 9431 9416
f 9431 9432 9416
f 9416 9432 9417
f 9432 9433 9417
f 9417 9433 9418
f 9433 9434 9418
f 9418 9434 9419
f 9434 9435 9419
f 9419 9435 9420
f 9435 9436 9420
f 9420 9436 2167
f 9436 2175 2167
f 9249 9245 9250
f 9245 9247 9250
f 9250 9247 9421
f 9247 9437 9421
f 9421 9437 9422
f 9437 9438 9422
f 9422 9438 9423
f 9438 9439 9423
f 9423 9439 9424
f 9439 9440 9424
f 9424 9440 9425
f 9440 9441 9425
f 9425 9441 9426
f 9441 9442 9426
f 9426 9442 9427
f 9442 9443 9427
f 9427 9443 9428
f 9443 9444 9428
f 9428 9444 9429
f 9444 9445 9429
f 9429 9445 9430
f 9445 9446 9430
f 9430 9446 9431
f 9446 9447 9431
f 9431 9447 9432
f 9447 9448 9432
f 9432 9448 9433
f 9448 9449 9433
f 9433 9449 9434
f 9449 9450 9434
f 9434 9450 9435
f 9450 9451 9435
f 9435 9451 9436
f 9451 9452 9436
f 9436 9452 2175
f 9452 2168 2175
f 9246 9240 9247
f 9240 9242 9247
f 9247 9242 9437
f 9242 9453 9437
f 9437 9453 9438
f 9453 9454 9438
f 9438 9454 9439
f 9454 9455 9439
f 9439 9455 9440
f 9455 9456 9440
f 9440 9456 9441
f 9456 9457 9441
f 9441 9457 9442
f 9457 9458 9442
f 9442 9458 9443
f 9458 9459 9443
f 9443 9459 9444
f 9459 9460 9444
f 9444 9460 9445
f 9460 9461 9445
f 9445 9461 9446
f 9461 9462 9446
f 9446 9462 9447
f 9462 9463 9447
f 9447 9463 9448
f 9463 9464 9448
f 9448 9464 9449
f 9464 9465 9449
f 9449 9465 9450
f 9465 9466 9450
f 9450 9466 9451
f 9466 9467 9451
f 9451 9467 9452
f 9467 9468 9452
f 9452 9468 2168
f 9468 2169 2168
f 9244 9210 9242
f 9210 9212 9242
f 9242 9212 9453
f 9212 9469 9453
f 9453 9469 9454
f 9469 9470 9454
f 9454 9470 9455
f 9470 9471 9455
f 9455 9471 9456
f 9471 9472 9456
f 9456 9472 9457
f 9472 9473 9457
f 9457 9473 9458
f 9473 9474 9458
f 9458 9474 9459
f 9474 9475 9459
f 9459 9475 9460
f 9475 9476 9460
f 9460 9476 9461
f 9476 9477 9461
f 9461 9477 9462
f 9477 9478 9462
f 9462 9478 9463
f 9478 9479 9463
f 9463 9479 9464
f 9479 9480 9464
f 9464 9480 9465
f 9480 9481 9465
f 9465 9481 9466
f 9481 9482 9466
f 9466 9482 9467
f 9482 9483 9467
f 9467 9483 9468
f 9483 9484 9468
f 9468 9484 2169
f 9484 2171 2169
f 9211 9236 9212
f 9236 9238 9212
f 9212 9238 9469
f 9238 9485 9469
f 9469 9485 9470
f 9485 9486 9470
f 9470 9486 9471
f 9486 9487 9471
f 9471 9487 9472
f 9487 9488 9472
f 9472 9488 9473
f 9488 9489 9473
f 9473 9489 9474
f 9489 9490 9474
f 9474 9490 9475
f 9490 9491 9475
f 9475 9491 9476
f 9491 9492 9476
f 9476 9492 9477
f 9492 9493 9477
f 9477 9493 9478
f 9493 9494 9478
f 9478 9494 9479
f 9494 9495 9479
f 9479 9495 9480
f 9495 9496 9480
f 9480 9496 9481
f 9496 9497 9481
f 9481 9497 9482
f 9497 9498 9482
f 9482 9498 9483
f 9498 9499 9483
f 9483 9499 9484
f 9499 9500 9484
f 9484 9500 2171
f 9500 2172 2171
f 9239 9213 9238
f 9213 9215 9238
f 9238 9215 9485
f 9215 9501 9485
f 9485 9501 9486
f 9501 9502 9486
f 9486 9502 9487
f 9502 9503 9487
f 9487 9503 9488
f 9503 9504 9488
f 9488 9504 9489
f 9504 9505 9489
f 9489 9505 9490
f 9505 9506 9490
f 9490 9506 9491
f 9506 9507 9491
f 9491 9507 9492
f 9507 9508 9492
f 9492 9508 9493
f 9508 9509 9493
f 9493 9509 9494
f 9509 9510 9494
f 9494 9510 9495
f 9510 9511 9495
f 9495 9511 9496
f 9511 9512 9496
f 9496 9512 9497
f 9512 9513 9497
f 9497 9513 9498
f 9513 9514 9498
f 9498 9514 9499
f 9514 9515 9499
f 9499 9515 9500
f 9515 9516 9500
f 9500 9516 2172
f 9516 2174 2172
f 9214 9235 9215
f 9235 9234 9215
f 9215 9234 9501
f 9234 9233 9501
f 9501 9233 9502
f 9233 9232 9502
f 9502 9232 9503
f 9232 9231 9503
f 9503 9231 9504
f 9231 9230 9504
f 9504 9230 9505
f 9230 9229 9505
f 9505 9229 9506
f 9229 9228 9506
f 9506 9228 9507
f 9228 9227 9507
f 9507 9227 9508
f 9227 9217 9508
f 9508 9217 9509
f 9217 9216 9509
f 9509 9216 9510
f 9216 9226 9510
f 9510 9226 9511
f 9226 9225 9511
f 9511 9225 9512
f 9225 9223 9512
f 9512 9223 9513
f 9223 9224 9513
f 9513 9224 9514
f 9224 9220 9514
f 9514 9220 9515
f 9220 9221 9515
f 9515 9221 9516
f 9221 9222 9516
f 9516 9222 2174
f 9222 2178 2174
f 2174 2178 2176
f 9517 1782 1783
f 9518 9519 9204
f 9262 9261 9520
f 9262 9520 9305
f 9520 9521 9305
f 9305 9521 9260
f 9521 9522 9260
f 9522 9523 9260
f 9260 9523 9201
f 9518 9204 9524
f 9524 9204 9523
f 9204 9202 9523
f 9523 9202 9201
f 9525 9259 9519
f 9259 9205 9519
f 9519 9205 9204
f 9525 9526 9259
f 9526 9527 9259
f 9259 9527 9207
f 9528 9371 9527
f 9371 9208 9527
f 9527 9208 9207
f 9528 9529 9371
f 9529 9530 9371
f 9371 9530 9258
f 9530 9255 9258
f 9531 9253 9532
f 9253 9252 9532
f 9530 9533 9255
f 9533 9532 9255
f 9255 9532 9256
f 9532 9252 9256
f 9531 9534 9253
f 9534 9535 9253
f 9253 9535 9251
f 9535 9248 9251
f 9245 9536 9246
f 9536 9537 9246
f 9535 9538 9248
f 9538 9536 9248
f 9248 9536 9249
f 9536 9245 9249
f 9537 9539 9246
f 9539 9540 9246
f 9246 9540 9240
f 9540 9241 9240
f 9244 9541 9210
f 9541 9542 9210
f 9540 9543 9241
f 9543 9541 9241
f 9241 9541 9243
f 9541 9244 9243
f 9542 9544 9210
f 9544 9545 9210
f 9210 9545 9211
f 9545 9236 9211
f 9239 9546 9213
f 9546 9547 9213
f 9213 9547 9548
f 9545 9549 9236
f 9549 9546 9236
f 9236 9546 9237
f 9546 9239 9237
f 9548 9550 9213
f 9550 9551 9213
f 9213 9551 9214
f 9517 1783 9551
f 1783 9235 9551
f 9551 9235 9214
f 9548 9547 9552
f 9546 9549 9553
f 9544 9542 9554
f 9541 9543 9555
f 9539 9537 9556
f 9536 9538 9557
f 9558 9559 9560
f 9561 1820 1822
f 9562 9563 9564
f 9563 9565 9564
f 9564 9565 9566
f 9565 9567 9566
f 9568 9569 9570
f 9569 9571 9570
f 9570 9571 9562
f 9571 9572 9562
f 9562 9572 9563
f 9573 9574 9575
f 9574 9576 9575
f 9575 9576 9568
f 9576 9577 9568
f 9568 9577 9569
f 9578 9579 9580
f 9579 9581 9580
f 9580 9581 9573
f 9581 9582 9573
f 9573 9582 9574
f 9583 9584 9585
f 9584 9586 9585
f 9585 9586 9578
f 9586 9587 9578
f 9578 9587 9579
f 9588 9589 9583
f 9589 9590 9583
f 9583 9590 9584
f 9583 9591 9588
f 9591 9592 9588
f 9588 9592 9593
f 9559 9558 9592
f 9558 9594 9592
f 9592 9594 9593
f 9595 9596 9560
f 9596 9597 9560
f 9560 9597 9558
f 9560 9598 9595
f 9598 9599 9595
f 9595 9599 9600
f 9600 9599 9601
f 9599 9521 9601
f 9601 9521 9520
f 9518 9524 9602
f 9524 9523 9602
f 9602 9523 9522
f 9525 9519 9603
f 9525 9603 9526
f 9528 9527 9604
f 9530 9529 9605
f 9530 9605 9533
f 9531 9532 9606
f 9535 9534 9607
f 9539 9556 9540
f 9544 9554 9545
f 9548 9552 9550
f 1782 9517 1794
f 9517 9608 1794
f 1794 9608 9609
f 9610 1791 9611
f 1791 1792 9611
f 9611 1792 9609
f 1792 1793 9609
f 9609 1793 1794
f 9612 1790 9613
f 1790 1796 9613
f 9613 1796 9610
f 1796 1795 9610
f 9610 1795 1791
f 9614 1789 9615
f 1789 1798 9615
f 9615 1798 9612
f 1798 1797 9612
f 9612 1797 1790
f 9616 1800 9614
f 1800 1799 9614
f 9614 1799 1789
f 9617 1802 9618
f 1802 1788 9618
f 9618 1788 9616
f 1788 1801 9616
f 9616 1801 1800
f 9619 1804 9620
f 1804 1787 9620
f 9620 1787 9617
f 1787 1803 9617
f 9617 1803 1802
f 9621 1806 9622
f 1806 1805 9622
f 9622 1805 9619
f 1805 1786 9619
f 9619 1786 1804
f 1809 1808 9623
f 1808 1807 9623
f 9623 1807 9624
f 1807 1785 9624
f 9624 1785 9621
f 1785 1784 9621
f 9621 1784 1806
f 9522 9521 9602
f 9521 9599 9602
f 9602 9599 9625
f 9599 9598 9625
f 9625 9598 9626
f 9598 9560 9626
f 9626 9560 9627
f 9560 9559 9627
f 9627 9559 9628
f 9559 9592 9628
f 9628 9592 9629
f 9592 9591 9629
f 9629 9591 9630
f 9591 9583 9630
f 9630 9583 9631
f 9583 9585 9631
f 9631 9585 9632
f 9585 9578 9632
f 9632 9578 9633
f 9578 9580 9633
f 9633 9580 9634
f 9580 9573 9634
f 9634 9573 9635
f 9573 9575 9635
f 9635 9575 9636
f 9575 9568 9636
f 9636 9568 9637
f 9568 9570 9637
f 9637 9570 9638
f 9570 9562 9638
f 9638 9562 9639
f 9562 9564 9639
f 9639 9564 9640
f 9564 9566 9640
f 9640 9566 1822
f 9566 9567 1822
f 1822 9567 9561
f 1822 1837 9640
f 1837 9641 9640
f 9640 9641 9639
f 9641 9642 9639
f 9639 9642 9638
f 9642 9643 9638
f 9638 9643 9637
f 9643 9644 9637
f 9637 9644 9636
f 9644 9645 9636
f 9636 9645 9635
f 9645 9646 9635
f 9635 9646 9634
f 9646 9647 9634
f 9634 9647 9633
f 9647 9648 9633
f 9633 9648 9632
f 9648 9649 9632
f 9632 9649 9631
f 9649 9650 9631
f 9631 9650 9630
f 9650 9651 9630
f 9630 9651 9629
f 9651 9652 9629
f 9629 9652 9628
f 9652 9653 9628
f 9628 9653 9627
f 9653 9654 9627
f 9627 9654 9626
f 9654 9655 9626
f 9626 9655 9625
f 9655 9656 9625
f 9625 9656 9602
f 9656 9603 9602
f 9602 9603 9518
f 9603 9519 9518
f 1837 1824 9641
f 1824 9657 9641
f 9641 9657 9642
f 9657 9658 9642
f 9642 9658 9643
f 9658 9659 9643
f 9643 9659 9644
f 9659 9660 9644
f 9644 9660 9645
f 9660 9661 9645
f 9645 9661 9646
f 9661 9662 9646
f 9646 9662 9647
f 9662 9663 9647
f 9647 9663 9648
f 9663 9664 9648
f 9648 9664 9649
f 9664 9665 9649
f 9649 9665 9650
f 9665 9666 9650
f 9650 9666 9651
f 9666 9667 9651
f 9651 9667 9652
f 9667 9668 9652
f 9652 9668 9653
f 9668 9669 9653
f 9653 9669 9654
f 9669 9670 9654
f 9654 9670 9655
f 9670 9671 9655
f 9655 9671 9656
f 9671 9672 9656
f 9656 9672 9603
f 9672 9604 9603
f 9603 9604 9526
f 9604 9527 9526
f 1824 1823 9657
f 1823 9673 9657
f 9657 9673 9658
f 9673 9674 9658
f 9658 9674 9659
f 9674 9675 9659
f 9659 9675 9660
f 9675 9676 9660
f 9660 9676 9661
f 9676 9677 9661
f 9661 9677 9662
f 9677 9678 9662
f 9662 9678 9663
f 9678 9679 9663
f 9663 9679 9664
f 9679 9680 9664
f 9664 9680 9665
f 9680 9681 9665
f 9665 9681 9666
f 9681 9682 9666
f 9666 9682 9667
f 9682 9683 9667
f 9667 9683 9668
f 9683 9684 9668
f 9668 9684 9669
f 9684 9685 9669
f 9669 9685 9670
f 9685 9686 9670
f 9670 9686 9671
f 9686 9687 9671
f 9671 9687 9672
f 9687 9688 9672
f 9672 9688 9604
f 9688 9605 9604
f 9604 9605 9528
f 9605 9529 9528
f 1823 1836 9673
f 1836 9689 9673
f 9673 9689 9674
f 9689 9690 9674
f 9674 9690 9675
f 9690 9691 9675
f 9675 9691 9676
f 9691 9692 9676
f 9676 9692 9677
f 9692 9693 9677
f 9677 9693 9678
f 9693 9694 9678
f 9678 9694 9679
f 9694 9695 9679
f 9679 9695 9680
f 9695 9696 9680
f 9680 9696 9681
f 9696 9697 9681
f 9681 9697 9682
f 9697 9698 9682
f 9682 9698 9683
f 9698 9699 9683
f 9683 9699 9684
f 9699 9700 9684
f 9684 9700 9685
f 9700 9701 9685
f 9685 9701 9686
f 9701 9702 9686
f 9686 9702 9687
f 9702 9703 9687
f 9687 9703 9688
f 9703 9704 9688
f 9688 9704 9605
f 9704 9606 9605
f 9605 9606 9533
f 9606 9532 9533
f 1836 1835 9689
f 1835 9705 9689
f 9689 9705 9690
f 9705 9706 9690
f 9690 9706 9691
f 9706 9707 9691
f 9691 9707 9692
f 9707 9708 9692
f 9692 9708 9693
f 9708 9709 9693
f 9693 9709 9694
f 9709 9710 9694
f 9694 9710 9695
f 9710 9711 9695
f 9695 9711 9696
f 9711 9712 9696
f 9696 9712 9697
f 9712 9713 9697
f 9697 9713 9698
f 9713 9714 9698
f 9698 9714 9699
f 9714 9715 9699
f 9699 9715 9700
f 9715 9716 9700
f 9700 9716 9701
f 9716 9717 9701
f 9701 9717 9702
f 9717 9718 9702
f 9702 9718 9703
f 9718 9719 9703
f 9703 9719 9704
f 9719 9720 9704
f 9704 9720 9606
f 9720 9607 9606
f 9606 9607 9531
f 9607 9534 9531
f 1835 1834 9705
f 1834 9721 9705
f 9705 9721 9706
f 9721 9722 9706
f 9706 9722 9707
f 9722 9723 9707
f 9707 9723 9708
f 9723 9724 9708
f 9708 9724 9709
f 9724 9725 9709
f 9709 9725 9710
f 9725 9726 9710
f 9710 9726 9711
f 9726 9727 9711
f 9711 9727 9712
f 9727 9728 9712
f 9712 9728 9713
f 9728 9729 9713
f 9713 9729 9714
f 9729 9730 9714
f 9714 9730 9715
f 9730 9731 9715
f 9715 9731 9716
f 9731 9732 9716
f 9716 9732 9717
f 9732 9733 9717
f 9717 9733 9718
f 9733 9734 9718
f 9718 9734 9719
f 9734 9735 9719
f 9719 9735 9720
f 9735 9736 9720
f 9720 9736 9607
f 9736 9557 9607
f 9607 9557 9535
f 9557 9538 9535
f 1834 1838 9721
f 1838 9737 9721
f 9721 9737 9722
f 9737 9738 9722
f 9722 9738 9723
f 9738 9739 9723
f 9723 9739 9724
f 9739 9740 9724
f 9724 9740 9725
f 9740 9741 9725
f 9725 9741 9726
f 9741 9742 9726
f 9726 9742 9727
f 9742 9743 9727
f 9727 9743 9728
f 9743 9744 9728
f 9728 9744 9729
f 9744 9745 9729
f 9729 9745 9730
f 9745 9746 9730
f 9730 9746 9731
f 9746 9747 9731
f 9731 9747 9732
f 9747 9748 9732
f 9732 9748 9733
f 9748 9749 9733
f 9733 9749 9734
f 9749 9750 9734
f 9734 9750 9735
f 9750 9751 9735
f 9735 9751 9736
f 9751 9752 9736
f 9736 9752 9557
f 9752 9556 9557
f 9557 9556 9536
f 9556 9537 9536
f 1838 1825 9737
f 1825 9753 9737
f 9737 9753 9738
f 9753 9754 9738
f 9738 9754 9739
f 9754 9755 9739
f 9739 9755 9740
f 9755 9756 9740
f 9740 9756 9741
f 9756 9757 9741
f 9741 9757 9742
f 9757 9758 9742
f 9742 9758 9743
f 9758 9759 9743
f 9743 9759 9744
f 9759 9760 9744
f 9744 9760 9745
f 9760 9761 9745
f 9745 9761 9746
f 9761 9762 9746
f 9746 9762 9747
f 9762 9763 9747
f 9747 9763 9748
f 9763 9764 9748
f 9748 9764 9749
f 9764 9765 9749
f 9749 9765 9750
f 9765 9766 9750
f 9750 9766 9751
f 9766 9767 9751
f 9751 9767 9752
f 9767 9768 9752
f 9752 9768 9556
f 9768 9555 9556
f 9556 9555 9540
f 9555 9543 9540
f 1825 1829 9753
f 1829 9769 9753
f 9753 9769 9754
f 9769 9770 9754
f 9754 9770 9755
f 9770 9771 9755
f 9755 9771 9756
f 9771 9772 9756
f 9756 9772 9757
f 9772 9773 9757
f 9757 9773 9758
f 9773 9774 9758
f 9758 9774 9759
f 9774 9775 9759
f 9759 9775 9760
f 9775 9776 9760
f 9760 9776 9761
f 9776 9777 9761
f 9761 9777 9762
f 9777 9778 9762
f 9762 9778 9763
f 9778 9779 9763
f 9763 9779 9764
f 9779 9780 9764
f 9764 9780 9765
f 9780 9781 9765
f 9765 9781 9766
f 9781 9782 9766
f 9766 9782 9767
f 9782 9783 9767
f 9767 9783 9768
f 9783 9784 9768
f 9768 9784 9555
f 9784 9554 9555
f 9555 9554 9541
f 9554 9542 9541
f 1829 1821 9769
f 1821 9785 9769
f 9769 9785 9770
f 9785 9786 9770
f 9770 9786 9771
f 9786 9787 9771
f 9771 9787 9772
f 9787 9788 9772
f 9772 9788 9773
f 9788 9789 9773
f 9773 9789 9774
f 9789 9790 9774
f 9774 9790 9775
f 9790 9791 9775
f 9775 9791 9776
f 9791 9792 9776
f 9776 9792 9777
f 9792 9793 9777
f 9777 9793 9778
f 9793 9794 9778
f 9778 9794 9779
f 9794 9795 9779
f 9779 9795 9780
f 9795 9796 9780
f 9780 9796 9781
f 9796 9797 9781
f 9781 9797 9782
f 9797 9798 9782
f 9782 9798 9783
f 9798 9799 9783
f 9783 9799 9784
f 9799 9800 9784
f 9784 9800 9554
f 9800 9553 9554
f 9554 9553 9545
f 9553 9549 9545
f 1821 1819 9785
f 1819 9801 9785
f 9785 9801 9786
f 9801 9802 9786
f 9786 9802 9787
f 9802 9803 9787
f 9787 9803 9788
f 9803 9804 9788
f 9788 9804 9789
f 9804 9805 9789
f 9789 9805 9790
f 9805 9806 9790
f 9790 9806 9791
f 9806 9807 9791
f 9791 9807 9792
f 9807 9808 9792
f 9792 9808 9793
f 9808 9809 9793
f 9793 9809 9794
f 9809 9810 9794
f 9794 9810 9795
f 9810 9811 9795
f 9795 9811 9796
f 9811 9812 9796
f 9796 9812 9797
f 9812 9813 9797
f 9797 9813 9798
f 9813 9814 9798
f 9798 9814 9799
f 9814 9815 9799
f 9799 9815 9800
f 9815 9816 9800
f 9800 9816 9553
f 9816 9552 9553
f 9553 9552 9546
f 9552 9547 9546
f 1819 1818 9801
f 1818 9817 9801
f 9801 9817 9802
f 9817 9818 9802
f 9802 9818 9803
f 9818 9819 9803
f 9803 9819 9804
f 9819 9820 9804
f 9804 9820 9805
f 9820 9821 9805
f 9805 9821 9806
f 9821 9822 9806
f 9806 9822 9807
f 9822 9823 9807
f 9807 9823 9808
f 9823 9824 9808
f 9808 9824 9809
f 9824 9825 9809
f 9809 9825 9810
f 9825 9826 9810
f 9810 9826 9811
f 9826 9827 9811
f 9811 9827 9812
f 9827 9828 9812
f 9812 9828 9813
f 9828 9829 9813
f 9813 9829 9814
f 9829 9830 9814
f 9814 9830 9815
f 9830 9831 9815
f 9815 9831 9816
f 9831 9832 9816
f 9816 9832 9552
f 9832 9833 9552
f 9552 9833 9550
f 9833 9551 9550
f 1818 1809 9817
f 1809 9623 9817
f 9817 9623 9818
f 9623 9624 9818
f 9818 9624 9819
f 9624 9621 9819
f 9819 9621 9820
f 9621 9622 9820
f 9820 9622 9821
f 9622 9619 9821
f 9821 9619 9822
f 9619 9620 9822
f 9822 9620 9823
f 9620 9617 9823
f 9823 9617 9824
f 9617 9618 9824
f 9824 9618 9825
f 9618 9616 9825
f 9825 9616 9826
f 9616 9614 9826
f 9826 9614 9827
f 9614 9615 9827
f 9827 9615 9828
f 9615 9612 9828
f 9828 9612 9829
f 9612 9613 9829
f 9829 9613 9830
f 9613 9610 9830
f 9830 9610 9831
f 9610 9611 9831
f 9831 9611 9832
f 9611 9609 9832
f 9832 9609 9833
f 9609 9608 9833
f 9833 9608 9551
f 9608 9517 9551
f 9520 9834 9601
f 9834 9835 9601
f 9601 9835 9600
f 9835 9836 9600
f 9600 9836 9595
f 9836 9837 9595
f 9837 9838 9595
f 9595 9838 9596
f 9596 9838 9597
f 9838 9839 9597
f 9597 9839 9558
f 9839 9840 9558
f 9840 9841 9558
f 9558 9841 9594
f 9594 9841 9593
f 9841 9842 9593
f 9593 9842 9588
f 9842 9843 9588
f 9843 9844 9588
f 9588 9844 9589
f 9589 9844 9590
f 9844 9845 9590
f 9590 9845 9584
f 9845 9846 9584
f 9846 9847 9584
f 9584 9847 9586
f 9586 9847 9587
f 9847 9848 9587
f 9587 9848 9579
f 9848 9849 9579
f 9849 9850 9579
f 9579 9850 9581
f 9581 9850 9582
f 9850 9851 9582
f 9582 9851 9574
f 9851 9852 9574
f 9852 9853 9574
f 9574 9853 9576
f 9576 9853 9577
f 9853 9854 9577
f 9577 9854 9569
f 9854 9855 9569
f 9569 9855 9856
f 9857 9565 9858
f 9565 9563 9858
f 9858 9563 9859
f 9563 9572 9859
f 9859 9572 9856
f 9572 9571 9856
f 9856 9571 9569
f 9857 9860 9565
f 9860 9861 9565
f 9565 9861 9567
f 9861 9862 9567
f 9567 9862 9561
f 9862 9863 9561
f 9561 9863 1820
f 9863 1815 1820
f 9864 9865 9866
f 9867 9868 9869
f 9870 9871 9872
f 9873 9874 9875
f 9874 9873 9876
f 9877 9878 9879
f 9880 9881 9882
f 1895 1900 9883
f 9884 1916 1817
f 1916 1915 1817
f 1817 1915 1828
f 9885 1911 9886
f 1911 1909 9886
f 9886 1909 9884
f 1909 1917 9884
f 9884 1917 1916
f 9887 1914 9885
f 1914 1913 9885
f 9885 1913 1911
f 9888 1904 9887
f 1904 1902 9887
f 9887 1902 1914
f 9889 1907 9888
f 1907 1906 9888
f 9888 1906 1904
f 9890 1890 9891
f 1890 1922 9891
f 9891 1922 9883
f 1922 1893 9883
f 9883 1893 1895
f 1884 1892 9890
f 1892 1891 9890
f 9890 1891 1890
f 1884 9892 1886
f 9892 9893 1886
f 1886 9893 1888
f 1888 9893 1889
f 9893 9894 1889
f 1889 9894 1877
f 1877 9894 1879
f 9894 9895 1879
f 1879 9895 1881
f 1881 9895 1937
f 9895 9896 1937
f 1937 9896 1938
f 1938 9896 1871
f 9896 9897 1871
f 1871 9897 1872
f 1872 9897 1874
f 9897 9898 1874
f 1874 9898 1875
f 9898 9899 1875
f 1875 9899 1865
f 9900 9901 1863
f 1863 1862 9900
f 1862 1868 9900
f 9900 1868 9899
f 1868 1866 9899
f 9899 1866 1865
f 1853 1852 9902
f 1852 1860 9902
f 9902 1860 9903
f 1860 1858 9903
f 9903 1858 9901
f 1858 1864 9901
f 9901 1864 1863
f 1853 9902 1855
f 9902 9904 1855
f 1855 9904 1851
f 9904 9905 1851
f 1851 9905 1849
f 1842 1847 9906
f 1847 1846 9906
f 9906 1846 9905
f 1846 1845 9905
f 9905 1845 1849
f 1840 1842 9907
f 1842 9906 9907
f 9907 9906 9908
f 9906 9909 9908
f 9880 9910 9881
f 9910 9911 9881
f 9881 9911 9912
f 9870 9872 9913
f 9914 9915 9916
f 9915 9917 9916
f 9867 9869 9918
f 9919 9920 9921
f 9920 9919 9922
f 9919 9923 9922
f 9922 9923 9924
f 9925 9926 9927
f 9926 9928 9927
f 9927 9928 9929
f 9930 9931 9932
f 9931 9933 9932
f 9934 9935 9936
f 9935 9937 9936
f 9936 9937 9938
f 9934 9936 9939
f 9936 9940 9939
f 9939 9940 9941
f 9942 9836 9943
f 9836 9835 9943
f 9944 9839 9945
f 9839 9838 9945
f 9945 9838 9942
f 9838 9837 9942
f 9942 9837 9836
f 9946 9842 9947
f 9842 9841 9947
f 9947 9841 9944
f 9841 9840 9944
f 9944 9840 9839
f 9948 9845 9949
f 9845 9844 9949
f 9949 9844 9946
f 9844 9843 9946
f 9946 9843 9842
f 9950 9848 9951
f 9848 9847 9951
f 9951 9847 9948
f 9847 9846 9948
f 9948 9846 9845
f 9952 9851 9953
f 9851 9850 9953
f 9953 9850 9950
f 9850 9849 9950
f 9950 9849 9848
f 9954 9854 9955
f 9854 9853 9955
f 9955 9853 9952
f 9853 9852 9952
f 9952 9852 9851
f 9956 9856 9954
f 9856 9855 9954
f 9954 9855 9854
f 9957 9858 9956
f 9858 9859 9956
f 9956 9859 9856
f 9863 9862 9958
f 9862 9861 9958
f 9958 9861 9860
f 1815 9863 1810
f 9863 9958 1810
f 1810 9958 9959
f 9958 9860 9959
f 9959 9860 9957
f 9860 9857 9957
f 9957 9857 9858
f 9960 9890 9961
f 9890 9891 9961
f 9961 9891 9962
f 9891 9883 9962
f 9962 9883 9963
f 9883 1900 9963
f 9963 1900 9889
f 1900 1899 9889
f 9889 1899 1907
f 1811 1810 9964
f 1810 9959 9964
f 9964 9959 9965
f 9959 9957 9965
f 9965 9957 9966
f 9957 9956 9966
f 9966 9956 9967
f 9956 9954 9967
f 9967 9954 9968
f 9954 9955 9968
f 9968 9955 9969
f 9955 9952 9969
f 9969 9952 9970
f 9952 9953 9970
f 9970 9953 9971
f 9953 9950 9971
f 9971 9950 9972
f 9950 9951 9972
f 9972 9951 9973
f 9951 9948 9973
f 9973 9948 9974
f 9948 9949 9974
f 9974 9949 9975
f 9949 9946 9975
f 9975 9946 9976
f 9946 9947 9976
f 9976 9947 9977
f 9947 9944 9977
f 9977 9944 9978
f 9944 9945 9978
f 9978 9945 9979
f 9945 9942 9979
f 9979 9942 9940
f 9942 9943 9940
f 9940 9943 9941
f 9943 9835 9941
f 9941 9835 9834
f 1831 1811 9980
f 1811 9964 9980
f 9980 9964 9981
f 9964 9965 9981
f 9981 9965 9982
f 9965 9966 9982
f 9982 9966 9983
f 9966 9967 9983
f 9983 9967 9984
f 9967 9968 9984
f 9984 9968 9985
f 9968 9969 9985
f 9985 9969 9986
f 9969 9970 9986
f 9986 9970 9987
f 9970 9971 9987
f 9987 9971 9988
f 9971 9972 9988
f 9988 9972 9989
f 9972 9973 9989
f 9989 9973 9990
f 9973 9974 9990
f 9990 9974 9991
f 9974 9975 9991
f 9991 9975 9992
f 9975 9976 9992
f 9992 9976 9993
f 9976 9977 9993
f 9993 9977 9994
f 9977 9978 9994
f 9994 9978 9995
f 9978 9979 9995
f 9995 9979 9996
f 9979 9940 9996
f 9996 9940 9930
f 9940 9936 9930
f 9930 9936 9931
f 9936 9938 9931
f 1830 1832 9997
f 1832 9998 9997
f 9997 9998 9999
f 9998 10000 9999
f 9999 10000 10001
f 10000 10002 10001
f 10001 10002 10003
f 10002 10004 10003
f 10003 10004 10005
f 10004 10006 10005
f 10005 10006 10007
f 10006 10008 10007
f 10007 10008 10009
f 10008 10010 10009
f 10009 10010 10011
f 10010 10012 10011
f 10011 10012 10013
f 10012 10014 10013
f 10013 10014 10015
f 10014 10016 10015
f 10015 10016 10017
f 10016 10018 10017
f 10017 10018 10019
f 10018 10020 10019
f 10019 10020 10021
f 10020 10022 10021
f 10021 10022 10023
f 10022 10024 10023
f 10023 10024 10025
f 10024 10026 10025
f 10025 10026 10027
f 10026 10028 10027
f 10027 10028 10029
f 10028 10030 10029
f 10029 10030 10031
f 10030 10032 10031
f 10031 10032 9925
f 10032 9866 9925
f 9925 9866 9926
f 9866 9865 9926
f 1832 1831 9998
f 1831 9980 9998
f 9998 9980 10000
f 9980 9981 10000
f 10000 9981 10002
f 9981 9982 10002
f 10002 9982 10004
f 9982 9983 10004
f 10004 9983 10006
f 9983 9984 10006
f 10006 9984 10008
f 9984 9985 10008
f 10008 9985 10010
f 9985 9986 10010
f 10010 9986 10012
f 9986 9987 10012
f 10012 9987 10014
f 9987 9988 10014
f 10014 9988 10016
f 9988 9989 10016
f 10016 9989 10018
f 9989 9990 10018
f 10018 9990 10020
f 9990 9991 10020
f 10020 9991 10022
f 9991 9992 10022
f 10022 9992 10024
f 9992 9993 10024
f 10024 9993 10026
f 9993 9994 10026
f 10026 9994 10028
f 9994 9995 10028
f 10028 9995 10030
f 9995 9996 10030
f 10030 9996 10032
f 9996 9930 10032
f 10032 9930 9866
f 9930 9932 9866
f 9866 9932 9864
f 9932 9933 9864
f 1812 1830 10033
f 1830 9997 10033
f 10033 9997 10034
f 9997 9999 10034
f 10034 9999 10035
f 9999 10001 10035
f 10035 10001 10036
f 10001 10003 10036
f 10036 10003 10037
f 10003 10005 10037
f 10037 10005 10038
f 10005 10007 10038
f 10038 10007 10039
f 10007 10009 10039
f 10039 10009 10040
f 10009 10011 10040
f 10040 10011 10041
f 10011 10013 10041
f 10041 10013 10042
f 10013 10015 10042
f 10042 10015 10043
f 10015 10017 10043
f 10043 10017 10044
f 10017 10019 10044
f 10044 10019 10045
f 10019 10021 10045
f 10045 10021 10046
f 10021 10023 10046
f 10046 10023 10047
f 10023 10025 10047
f 10047 10025 10048
f 10025 10027 10048
f 10048 10027 10049
f 10027 10029 10049
f 10049 10029 10050
f 10029 10031 10050
f 10050 10031 10051
f 10031 9925 10051
f 10051 9925 9923
f 9925 9927 9923
f 9923 9927 9924
f 9927 9929 9924
f 1813 1833 10052
f 1833 10053 10052
f 10052 10053 10054
f 10053 10055 10054
f 10054 10055 10056
f 10055 10057 10056
f 10056 10057 10058
f 10057 10059 10058
f 10058 10059 10060
f 10059 10061 10060
f 10060 10061 10062
f 10061 10063 10062
f 10062 10063 10064
f 10063 10065 10064
f 10064 10065 10066
f 10065 10067 10066
f 10066 10067 10068
f 10067 10069 10068
f 10068 10069 10070
f 10069 10071 10070
f 10070 10071 10072
f 10071 10073 10072
f 10072 10073 10074
f 10073 10075 10074
f 10074 10075 10076
f 10075 10077 10076
f 10076 10077 10078
f 10077 10079 10078
f 10078 10079 10080
f 10079 10081 10080
f 10080 10081 10082
f 10081 10083 10082
f 10082 10083 10084
f 10083 10085 10084
f 10084 10085 10086
f 10085 10087 10086
f 10086 10087 10088
f 10087 10089 10088
f 10088 10089 10090
f 10089 10091 10090
f 10090 10091 9914
f 10091 9869 9914
f 9914 9869 9915
f 9869 9868 9915
f 1833 1812 10053
f 1812 10033 10053
f 10053 10033 10055
f 10033 10034 10055
f 10055 10034 10057
f 10034 10035 10057
f 10057 10035 10059
f 10035 10036 10059
f 10059 10036 10061
f 10036 10037 10061
f 10061 10037 10063
f 10037 10038 10063
f 10063 10038 10065
f 10038 10039 10065
f 10065 10039 10067
f 10039 10040 10067
f 10067 10040 10069
f 10040 10041 10069
f 10069 10041 10071
f 10041 10042 10071
f 10071 10042 10073
f 10042 10043 10073
f 10073 10043 10075
f 10043 10044 10075
f 10075 10044 10077
f 10044 10045 10077
f 10077 10045 10079
f 10045 10046 10079
f 10079 10046 10081
f 10046 10047 10081
f 10081 10047 10083
f 10047 10048 10083
f 10083 10048 10085
f 10048 10049 10085
f 10085 10049 10087
f 10049 10050 10087
f 10087 10050 10089
f 10050 10051 10089
f 10089 10051 10091
f 10051 9923 10091
f 10091 9923 9869
f 9923 9919 9869
f 9869 9919 9918
f 9919 9921 9918
f 1826 1814 10092
f 1814 10093 10092
f 10092 10093 10094
f 10093 10095 10094
f 10094 10095 10096
f 10095 10097 10096
f 10096 10097 10098
f 10097 10099 10098
f 10098 10099 10100
f 10099 10101 10100
f 10100 10101 10102
f 10101 10103 10102
f 10102 10103 10104
f 10103 10105 10104
f 10104 10105 10106
f 10105 10107 10106
f 10106 10107 10108
f 10107 10109 10108
f 10108 10109 10110
f 10109 10111 10110
f 10110 10111 10112
f 10111 10113 10112
f 10112 10113 10114
f 10113 10115 10114
f 10114 10115 10116
f 10115 10117 10116
f 10116 10117 10118
f 10117 10119 10118
f 10118 10119 10120
f 10119 10121 10120
f 10120 10121 10122
f 10121 10123 10122
f 10122 10123 10124
f 10123 10125 10124
f 10124 10125 10126
f 10125 10127 10126
f 10126 10127 10128
f 10127 10129 10128
f 10128 10129 10130
f 10129 10131 10130
f 10130 10131 10132
f 10131 10133 10132
f 10132 10133 9875
f 10133 9872 9875
f 9875 9872 9873
f 9872 9871 9873
f 1814 1813 10093
f 1813 10052 10093
f 10093 10052 10095
f 10052 10054 10095
f 10095 10054 10097
f 10054 10056 10097
f 10097 10056 10099
f 10056 10058 10099
f 10099 10058 10101
f 10058 10060 10101
f 10101 10060 10103
f 10060 10062 10103
f 10103 10062 10105
f 10062 10064 10105
f 10105 10064 10107
f 10064 10066 10107
f 10107 10066 10109
f 10066 10068 10109
f 10109 10068 10111
f 10068 10070 10111
f 10111 10070 10113
f 10070 10072 10113
f 10113 10072 10115
f 10072 10074 10115
f 10115 10074 10117
f 10074 10076 10117
f 10117 10076 10119
f 10076 10078 10119
f 10119 10078 10121
f 10078 10080 10121
f 10121 10080 10123
f 10080 10082 10123
f 10123 10082 10125
f 10082 10084 10125
f 10125 10084 10127
f 10084 10086 10127
f 10127 10086 10129
f 10086 10088 10129
f 10129 10088 10131
f 10088 10090 10131
f 10131 10090 10133
f 10090 9914 10133
f 10133 9914 9872
f 9914 9916 9872
f 9872 9916 9913
f 9916 9917 9913
f 1816 1827 10134
f 1827 10135 10134
f 10134 10135 10136
f 10135 10137 10136
f 10136 10137 10138
f 10137 10139 10138
f 10138 10139 10140
f 10139 10141 10140
f 10140 10141 10142
f 10141 10143 10142
f 10142 10143 10144
f 10143 10145 10144
f 10144 10145 10146
f 10145 10147 10146
f 10146 10147 10148
f 10147 10149 10148
f 10148 10149 10150
f 10149 10151 10150
f 10150 10151 10152
f 10151 10153 10152
f 10152 10153 10154
f 10153 10155 10154
f 10154 10155 10156
f 10155 10157 10156
f 10156 10157 10158
f 10157 10159 10158
f 10158 10159 10160
f 10159 10161 10160
f 10160 10161 10162
f 10161 10163 10162
f 10162 10163 10164
f 10163 10165 10164
f 10164 10165 10166
f 10165 10167 10166
f 10166 10167 10168
f 10167 10169 10168
f 10168 10169 10170
f 10169 10171 10170
f 10170 10171 10172
f 10171 10173 10172
f 10172 10173 10174
f 10173 10175 10174
f 10174 10175 10176
f 10175 10177 10176
f 10176 10177 9882
f 10177 9879 9882
f 9882 9879 9880
f 9879 9878 9880
f 1827 1826 10135
f 1826 10092 10135
f 10135 10092 10137
f 10092 10094 10137
f 10137 10094 10139
f 10094 10096 10139
f 10139 10096 10141
f 10096 10098 10141
f 10141 10098 10143
f 10098 10100 10143
f 10143 10100 10145
f 10100 10102 10145
f 10145 10102 10147
f 10102 10104 10147
f 10147 10104 10149
f 10104 10106 10149
f 10149 10106 10151
f 10106 10108 10151
f 10151 10108 10153
f 10108 10110 10153
f 10153 10110 10155
f 10110 10112 10155
f 10155 10112 10157
f 10112 10114 10157
f 10157 10114 10159
f 10114 10116 10159
f 10159 10116 10161
f 10116 10118 10161
f 10161 10118 10163
f 10118 10120 10163
f 10163 10120 10165
f 10120 10122 10165
f 10165 10122 10167
f 10122 10124 10167
f 10167 10124 10169
f 10124 10126 10169
f 10169 10126 10171
f 10126 10128 10171
f 10171 10128 10173
f 10128 10130 10173
f 10173 10130 10175
f 10130 10132 10175
f 10175 10132 10177
f 10132 9875 10177
f 10177 9875 9879
f 9875 9874 9879
f 9879 9874 9877
f 9874 9876 9877
f 1884 9890 9892
f 9890 9960 9892
f 9892 9960 9893
f 9960 10178 9893
f 9893 10178 9894
f 10178 10179 9894
f 9894 10179 9895
f 10179 10180 9895
f 9895 10180 9896
f 10180 10181 9896
f 9896 10181 9897
f 10181 10182 9897
f 9897 10182 9898
f 10182 10183 9898
f 9898 10183 9899
f 10183 10184 9899
f 9899 10184 9900
f 10184 10185 9900
f 9900 10185 9901
f 10185 10186 9901
f 9901 10186 9903
f 10186 10187 9903
f 9903 10187 9902
f 10187 10188 9902
f 9902 10188 9904
f 10188 10189 9904
f 9904 10189 9905
f 10189 10190 9905
f 9905 10190 9906
f 10190 10191 9906
f 9906 10191 9909
f 1817 1816 9884
f 1816 10134 9884
f 9884 10134 9886
f 10134 10136 9886
f 9886 10136 9885
f 10136 10138 9885
f 9885 10138 9887
f 10138 10140 9887
f 9887 10140 9888
f 10140 10142 9888
f 9888 10142 9889
f 10142 10144 9889
f 9889 10144 9963
f 10144 10146 9963
f 9963 10146 9962
f 10146 10148 9962
f 9962 10148 9961
f 10148 10150 9961
f 9961 10150 9960
f 10150 10152 9960
f 9960 10152 10178
f 10152 10154 10178
f 10178 10154 10179
f 10154 10156 10179
f 10179 10156 10180
f 10156 10158 10180
f 10180 10158 10181
f 10158 10160 10181
f 10181 10160 10182
f 10160 10162 10182
f 10182 10162 10183
f 10162 10164 10183
f 10183 10164 10184
f 10164 10166 10184
f 10184 10166 10185
f 10166 10168 10185
f 10185 10168 10186
f 10168 10170 10186
f 10186 10170 10187
f 10170 10172 10187
f 10187 10172 10188
f 10172 10174 10188
f 10188 10174 10189
f 10174 10176 10189
f 10189 10176 10190
f 10176 9882 10190
f 10190 9882 10191
f 9882 9881 10191
f 10191 9881 9909
f 9881 9912 9909
f 10192 10193 10194
f 10195 10196 10197
f 1999 1998 10198
f 1997 1996 10199
f 1995 1994 10200
f 1993 1992 10201
f 1982 1981 10202
f 9880 10203 10204
f 9873 10205 10206
f 9933 10207 10208
f 9834 10209 9941
f 10209 10210 9941
f 10211 9935 10212
f 9935 9934 10212
f 10212 9934 10210
f 9934 9939 10210
f 10210 9939 9941
f 9933 9931 10207
f 9931 9938 10207
f 10207 9938 10211
f 9938 9937 10211
f 10211 9937 9935
f 9928 9926 10213
f 9926 9865 10213
f 10213 9865 10208
f 9865 9864 10208
f 10208 9864 9933
f 10214 9921 10215
f 9921 9920 10215
f 9920 9922 10215
f 9922 9924 10215
f 10215 9924 10213
f 9924 9929 10213
f 10213 9929 9928
f 10216 9917 10217
f 9917 9915 10217
f 9915 9868 10217
f 9868 9867 10217
f 10217 9867 10214
f 9867 9918 10214
f 10214 9918 9921
f 9873 9871 10205
f 9871 9870 10205
f 10205 9870 10216
f 9870 9913 10216
f 10216 9913 9917
f 9880 9878 10203
f 9878 9877 10203
f 10203 9877 10206
f 9877 9876 10206
f 10206 9876 9873
f 10194 9911 10204
f 9911 9910 10204
f 10204 9910 9880
f 1840 9907 1963
f 9907 9908 1963
f 1963 9908 10193
f 9908 9909 10193
f 10193 9909 10194
f 9909 9912 10194
f 10194 9912 9911
f 1980 1979 10192
f 1979 1978 10192
f 10192 1978 10193
f 1978 1977 10193
f 10193 1977 1963
f 1986 10218 10219
f 1986 10219 1985
f 10219 10220 1985
f 1985 10220 1984
f 10220 10221 1984
f 1984 10221 1987
f 10221 10222 1987
f 1987 10222 1989
f 10222 10223 1989
f 1989 10223 1990
f 10223 10224 1990
f 1990 10224 1991
f 10225 10226 10227
f 10226 10228 10227
f 10229 10230 10231
f 10230 10232 10231
f 10232 10233 10231
f 10231 10233 10227
f 10233 10234 10227
f 10227 10234 10225
f 10231 10235 10229
f 10235 10236 10229
f 10229 10236 10237
f 10238 10239 10236
f 10239 10240 10236
f 10236 10240 10237
f 10241 10242 10238
f 10242 10243 10238
f 10238 10243 10239
f 10244 10245 10241
f 10245 10246 10241
f 10241 10246 10242
f 10247 10248 10244
f 10248 10249 10244
f 10244 10249 10245
f 10250 10251 10252
f 10251 10253 10252
f 10252 10253 10247
f 10253 10254 10247
f 10247 10254 10248
f 10255 10256 10257
f 10256 10258 10257
f 10258 10259 10257
f 10259 10260 10257
f 10257 10260 10252
f 10260 10261 10252
f 10252 10261 10250
f 10257 10262 10255
f 10262 10263 10255
f 10255 10263 10264
f 10197 10196 10263
f 10196 10265 10263
f 10263 10265 10264
f 10266 10267 10268
f 10267 10269 10268
f 10268 10269 10270
f 10269 10271 10270
f 10271 10272 10270
f 10272 10273 10270
f 10270 10273 10197
f 10273 10274 10197
f 10197 10274 10195
f 10275 10266 10276
f 10266 10268 10276
f 10276 10268 10277
f 10268 10270 10277
f 10277 10270 10278
f 10270 10197 10278
f 10278 10197 10279
f 10197 10263 10279
f 10279 10263 10280
f 10263 10262 10280
f 10280 10262 10281
f 10262 10257 10281
f 10281 10257 10282
f 10257 10252 10282
f 10282 10252 10283
f 10252 10247 10283
f 10283 10247 10284
f 10247 10244 10284
f 10284 10244 10285
f 10244 10241 10285
f 10285 10241 10286
f 10241 10238 10286
f 10286 10238 10287
f 10238 10236 10287
f 10287 10236 10288
f 10236 10235 10288
f 10288 10235 10289
f 10235 10231 10289
f 10289 10231 10290
f 10231 10227 10290
f 10290 10227 10198
f 10227 10228 10198
f 10198 10228 1999
f 10228 10291 1999
f 1999 10291 1964
f 1998 1997 10198
f 1997 10199 10198
f 10198 10199 10290
f 10199 10292 10290
f 10290 10292 10289
f 10292 10293 10289
f 10289 10293 10288
f 10293 10294 10288
f 10288 10294 10287
f 10294 10295 10287
f 10287 10295 10286
f 10295 10296 10286
f 10286 10296 10285
f 10296 10297 10285
f 10285 10297 10284
f 10297 10298 10284
f 10284 10298 10283
f 10298 10299 10283
f 10283 10299 10282
f 10299 10300 10282
f 10282 10300 10281
f 10300 10301 10281
f 10281 10301 10280
f 10301 10302 10280
f 10280 10302 10279
f 10302 10303 10279
f 10279 10303 10278
f 10303 10304 10278
f 10278 10304 10277
f 10304 10305 10277
f 10277 10305 10276
f 10305 10306 10276
f 10276 10306 10275
f 10306 10307 10275
f 1996 1995 10199
f 1995 10200 10199
f 10199 10200 10292
f 10200 10308 10292
f 10292 10308 10293
f 10308 10309 10293
f 10293 10309 10294
f 10309 10310 10294
f 10294 10310 10295
f 10310 10311 10295
f 10295 10311 10296
f 10311 10312 10296
f 10296 10312 10297
f 10312 10313 10297
f 10297 10313 10298
f 10313 10314 10298
f 10298 10314 10299
f 10314 10315 10299
f 10299 10315 10300
f 10315 10316 10300
f 10300 10316 10301
f 10316 10317 10301
f 10301 10317 10302
f 10317 10318 10302
f 10302 10318 10303
f 10318 10319 10303
f 10303 10319 10304
f 10319 10320 10304
f 10304 10320 10305
f 10320 10321 10305
f 10305 10321 10306
f 10321 10322 10306
f 10306 10322 10307
f 10322 10323 10307
f 1994 1993 10200
f 1993 10201 10200
f 10200 10201 10308
f 10201 10324 10308
f 10308 10324 10309
f 10324 10325 10309
f 10309 10325 10310
f 10325 10326 10310
f 10310 10326 10311
f 10326 10327 10311
f 10311 10327 10312
f 10327 10328 10312
f 10312 10328 10313
f 10328 10329 10313
f 10313 10329 10314
f 10329 10330 10314
f 10314 10330 10315
f 10330 10331 10315
f 10315 10331 10316
f 10331 10332 10316
f 10316 10332 10317
f 10332 10333 10317
f 10317 10333 10318
f 10333 10334 10318
f 10318 10334 10319
f 10334 10335 10319
f 10319 10335 10320
f 10335 10336 10320
f 10320 10336 10321
f 10336 10337 10321
f 10321 10337 10322
f 10337 10338 10322
f 10322 10338 10323
f 10338 10339 10323
f 10324 10340 10325
f 10340 10341 10325
f 10325 10341 10326
f 10341 10342 10326
f 10326 10342 10327
f 10342 10343 10327
f 10327 10343 10328
f 10343 10344 10328
f 10328 10344 10329
f 10344 10345 10329
f 10329 10345 10330
f 10345 10346 10330
f 10330 10346 10331
f 10346 10347 10331
f 10331 10347 10332
f 10347 10348 10332
f 10332 10348 10333
f 10348 10349 10333
f 10333 10349 10334
f 10349 10350 10334
f 10334 10350 10335
f 10350 10351 10335
f 10335 10351 10336
f 10351 10352 10336
f 10336 10352 10337
f 10352 10353 10337
f 10337 10353 10338
f 10353 10354 10338
f 10338 10354 10339
f 10354 10355 10339
f 10340 10356 10341
f 10356 10357 10341
f 10341 10357 10342
f 10357 10358 10342
f 10342 10358 10343
f 10358 10359 10343
f 10343 10359 10344
f 10359 10360 10344
f 10344 10360 10345
f 10360 10361 10345
f 10345 10361 10346
f 10361 10362 10346
f 10346 10362 10347
f 10362 10363 10347
f 10347 10363 10348
f 10363 10364 10348
f 10348 10364 10349
f 10364 10365 10349
f 10349 10365 10350
f 10365 10366 10350
f 10350 10366 10351
f 10366 10367 10351
f 10351 10367 10352
f 10367 10368 10352
f 10352 10368 10353
f 10368 10369 10353
f 10353 10369 10354
f 10369 10370 10354
f 10354 10370 10355
f 10370 10371 10355
f 10356 10372 10357
f 10372 10373 10357
f 10357 10373 10358
f 10373 10374 10358
f 10358 10374 10359
f 10374 10375 10359
f 10359 10375 10360
f 10375 10376 10360
f 10360 10376 10361
f 10376 10377 10361
f 10361 10377 10362
f 10377 10378 10362
f 10362 10378 10363
f 10378 10379 10363
f 10363 10379 10364
f 10379 10380 10364
f 10364 10380 10365
f 10380 10381 10365
f 10365 10381 10366
f 10381 10382 10366
f 10366 10382 10367
f 10382 10383 10367
f 10367 10383 10368
f 10383 10384 10368
f 10368 10384 10369
f 10384 10385 10369
f 10369 10385 10370
f 10385 10386 10370
f 10370 10386 10371
f 10386 10387 10371
f 10372 10388 10373
f 10388 10389 10373
f 10373 10389 10374
f 10389 10390 10374
f 10374 10390 10375
f 10390 10391 10375
f 10375 10391 10376
f 10391 10392 10376
f 10376 10392 10377
f 10392 10393 10377
f 10377 10393 10378
f 10393 10394 10378
f 10378 10394 10379
f 10394 10395 10379
f 10379 10395 10380
f 10395 10396 10380
f 10380 10396 10381
f 10396 10397 10381
f 10381 10397 10382
f 10397 10398 10382
f 10382 10398 10383
f 10398 10399 10383
f 10383 10399 10384
f 10399 10400 10384
f 10384 10400 10385
f 10400 10401 10385
f 10385 10401 10386
f 10401 10402 10386
f 10386 10402 10387
f 10402 10403 10387
f 10388 10404 10389
f 10404 10405 10389
f 10389 10405 10390
f 10405 10406 10390
f 10390 10406 10391
f 10406 10407 10391
f 10391 10407 10392
f 10407 10408 10392
f 10392 10408 10393
f 10408 10409 10393
f 10393 10409 10394
f 10409 10410 10394
f 10394 10410 10395
f 10410 10411 10395
f 10395 10411 10396
f 10411 10412 10396
f 10396 10412 10397
f 10412 10413 10397
f 10397 10413 10398
f 10413 10414 10398
f 10398 10414 10399
f 10414 10415 10399
f 10399 10415 10400
f 10415 10416 10400
f 10400 10416 10401
f 10416 10417 10401
f 10401 10417 10402
f 10417 10418 10402
f 10402 10418 10403
f 10418 10419 10403
f 10404 10420 10405
f 10420 10421 10405
f 10405 10421 10406
f 10421 10422 10406
f 10406 10422 10407
f 10422 10423 10407
f 10407 10423 10408
f 10423 10424 10408
f 10408 10424 10409
f 10424 10425 10409
f 10409 10425 10410
f 10425 10426 10410
f 10410 10426 10411
f 10426 10427 10411
f 10411 10427 10412
f 10427 10428 10412
f 10412 10428 10413
f 10428 10429 10413
f 10413 10429 10414
f 10429 10430 10414
f 10414 10430 10415
f 10430 10431 10415
f 10415 10431 10416
f 10431 10432 10416
f 10416 10432 10417
f 10432 10433 10417
f 10417 10433 10418
f 10433 10434 10418
f 10418 10434 10419
f 10434 10435 10419
f 1992 1991 10201
f 1991 10224 10201
f 10201 10224 10324
f 10224 10223 10324
f 10324 10223 10340
f 10223 10222 10340
f 10340 10222 10356
f 10222 10221 10356
f 10356 10221 10372
f 10221 10220 10372
f 10372 10220 10388
f 10220 10219 10388
f 10388 10219 10404
f 10219 10218 10404
f 10404 10218 10420
f 10218 10436 10420
f 10420 10436 10421
f 10436 10437 10421
f 10421 10437 10422
f 10437 10438 10422
f 10422 10438 10423
f 10438 10439 10423
f 10423 10439 10424
f 10439 10440 10424
f 10424 10440 10425
f 10440 10441 10425
f 10425 10441 10426
f 10441 10442 10426
f 10426 10442 10427
f 10442 10443 10427
f 10427 10443 10428
f 10443 10444 10428
f 10428 10444 10429
f 10444 10445 10429
f 10429 10445 10430
f 10445 10446 10430
f 10430 10446 10431
f 10446 10447 10431
f 10431 10447 10432
f 10447 10448 10432
f 10432 10448 10433
f 10448 10449 10433
f 10433 10449 10434
f 10449 10450 10434
f 10434 10450 10435
f 10450 10451 10435
f 1986 1983 10218
f 1983 10452 10218
f 10218 10452 10436
f 10452 10453 10436
f 10436 10453 10437
f 10453 10454 10437
f 10437 10454 10438
f 10454 10455 10438
f 10438 10455 10439
f 10455 10456 10439
f 10439 10456 10440
f 10456 10457 10440
f 10440 10457 10441
f 10457 10458 10441
f 10441 10458 10442
f 10458 10459 10442
f 10442 10459 10443
f 10459 10460 10443
f 10443 10460 10444
f 10460 10461 10444
f 10444 10461 10445
f 10461 10462 10445
f 10445 10462 10446
f 10462 10463 10446
f 10446 10463 10447
f 10463 10464 10447
f 10447 10464 10448
f 10464 10465 10448
f 10448 10465 10449
f 10465 10466 10449
f 10449 10466 10450
f 10466 10467 10450
f 10450 10467 10451
f 10467 10468 10451
f 1983 1982 10452
f 1982 10202 10452
f 10452 10202 10453
f 10202 10469 10453
f 10453 10469 10454
f 10469 10470 10454
f 10454 10470 10455
f 10470 10471 10455
f 10455 10471 10456
f 10471 10472 10456
f 10456 10472 10457
f 10472 10473 10457
f 10457 10473 10458
f 10473 10474 10458
f 10458 10474 10459
f 10474 10475 10459
f 10459 10475 10460
f 10475 10476 10460
f 10460 10476 10461
f 10476 10477 10461
f 10461 10477 10462
f 10477 10478 10462
f 10462 10478 10463
f 10478 10479 10463
f 10463 10479 10464
f 10479 10480 10464
f 10464 10480 10465
f 10480 10481 10465
f 10465 10481 10466
f 10481 10482 10466
f 10466 10482 10467
f 10482 10483 10467
f 10467 10483 10468
f 10483 10484 10468
f 1981 1980 10202
f 1980 10192 10202
f 10202 10192 10469
f 10192 10194 10469
f 10469 10194 10470
f 10194 10204 10470
f 10470 10204 10471
f 10204 10203 10471
f 10471 10203 10472
f 10203 10206 10472
f 10472 10206 10473
f 10206 10205 10473
f 10473 10205 10474
f 10205 10216 10474
f 10474 10216 10475
f 10216 10217 10475
f 10475 10217 10476
f 10217 10214 10476
f 10476 10214 10477
f 10214 10215 10477
f 10477 10215 10478
f 10215 10213 10478
f 10478 10213 10479
f 10213 10208 10479
f 10479 10208 10480
f 10208 10207 10480
f 10480 10207 10481
f 10207 10211 10481
f 10481 10211 10482
f 10211 10212 10482
f 10482 10212 10483
f 10212 10210 10483
f 10483 10210 10484
f 10210 10209 10484
f 10485 10486 10487
f 2115 2114 10488
f 10225 10234 10489
f 10232 10230 10490
f 10237 10240 10491
f 10243 10242 10492
f 10249 10248 10493
f 10258 10256 10494
f 10495 10496 10497
f 10486 10485 10498
f 2017 10499 10500
f 2017 10500 2150
f 10500 10501 2150
f 2150 10501 2151
f 10501 10502 2151
f 2151 10502 2152
f 10502 10503 2152
f 2152 10503 2161
f 10503 10504 2161
f 2161 10504 2162
f 10504 10505 2162
f 2162 10505 2153
f 10505 10506 2153
f 2153 10506 2154
f 10506 10507 2154
f 2154 10507 2155
f 10507 10508 2155
f 2155 10508 2156
f 10508 10509 2156
f 2156 10509 2163
f 10509 10510 2163
f 2163 10510 2164
f 10510 10511 2164
f 2164 10511 2157
f 10486 10512 10487
f 10512 10513 10487
f 10487 10513 2158
f 10513 10514 2158
f 2158 10514 2159
f 10496 10495 10515
f 10495 10516 10515
f 10516 10517 10515
f 10515 10517 10485
f 10517 10518 10485
f 10485 10518 10498
f 10519 10520 10521
f 10520 10522 10521
f 10521 10522 10497
f 10522 10523 10497
f 10497 10523 10495
f 10524 10525 10526
f 10525 10527 10526
f 10526 10527 10519
f 10527 10528 10519
f 10519 10528 10520
f 10529 10530 10531
f 10530 10532 10531
f 10531 10532 10524
f 10532 10533 10524
f 10524 10533 10525
f 10534 10535 10536
f 10535 10537 10536
f 10536 10537 10529
f 10537 10538 10529
f 10529 10538 10530
f 10539 10540 10541
f 10540 10542 10541
f 10541 10542 10534
f 10542 10543 10534
f 10534 10543 10535
f 10544 10545 10546
f 10545 10547 10546
f 10546 10547 10548
f 10547 10549 10548
f 10548 10549 10539
f 10549 10550 10539
f 10539 10550 10540
f 10267 10544 10269
f 10544 10546 10269
f 10269 10546 10271
f 10546 10272 10271
f 10196 10195 10551
f 10195 10274 10551
f 10255 10264 10552
f 10264 10265 10552
f 10552 10265 10553
f 10258 10494 10259
f 10251 10250 10554
f 10250 10261 10554
f 10237 10491 10229
f 10225 10489 10226
f 1964 10291 2089
f 10291 10555 2089
f 2093 2092 10556
f 2092 2091 10556
f 10556 2091 10555
f 2091 2090 10555
f 10555 2090 2089
f 2093 10556 2094
f 10556 10557 2094
f 2094 10557 2096
f 10557 10558 2096
f 2096 10558 2097
f 2097 10558 2099
f 10558 10559 2099
f 2099 10559 2100
f 2100 10559 2102
f 10559 10560 2102
f 2102 10560 2103
f 2103 10560 2105
f 10560 10561 2105
f 2105 10561 2106
f 2106 10561 2108
f 10561 10562 2108
f 2108 10562 2109
f 10562 10563 2109
f 2109 10563 2111
f 10488 2114 10563
f 2114 2112 10563
f 10563 2112 2111
f 2115 10488 2116
f 10488 10564 2116
f 2116 10564 2117
f 10564 10565 2117
f 2117 10565 2119
f 10566 2122 10567
f 2122 2121 10567
f 10567 2121 10565
f 2121 2120 10565
f 10565 2120 2119
f 10568 2124 10566
f 2124 2123 10566
f 10566 2123 2122
f 10569 2126 10568
f 2126 2125 10568
f 10568 2125 2124
f 2133 2131 10570
f 2131 2130 10570
f 10570 2130 10571
f 2130 2129 10571
f 10571 2129 10569
f 2129 2128 10569
f 10569 2128 2126
f 2136 2135 10572
f 2135 2134 10572
f 10572 2134 10573
f 2136 10572 2137
f 10572 10574 2137
f 2137 10574 2138
f 10574 10575 2138
f 2138 10575 2139
f 10576 10577 2143
f 2143 2142 10576
f 2142 2141 10576
f 10576 2141 10575
f 2141 2140 10575
f 10575 2140 2139
f 2017 2016 10499
f 2016 2145 10499
f 10499 2145 2144
f 10291 10228 10555
f 10228 10578 10555
f 10555 10578 10556
f 10578 10579 10556
f 10556 10579 10557
f 10579 10580 10557
f 10557 10580 10558
f 10580 10581 10558
f 10558 10581 10559
f 10581 10582 10559
f 10559 10582 10560
f 10582 10583 10560
f 10560 10583 10561
f 10583 10584 10561
f 10561 10584 10562
f 10584 10585 10562
f 10562 10585 10563
f 10585 10586 10563
f 10563 10586 10488
f 10586 10587 10488
f 10488 10587 10564
f 10587 10588 10564
f 10564 10588 10565
f 10588 10589 10565
f 10565 10589 10567
f 10589 10590 10567
f 10567 10590 10566
f 10590 10591 10566
f 10566 10591 10568
f 10591 10592 10568
f 10592 10593 10568
f 10568 10593 10569
f 10593 10594 10569
f 10569 10594 10571
f 10594 10573 10571
f 10571 10573 10570
f 10573 2134 10570
f 10570 2134 2133
f 10228 10226 10578
f 10226 10489 10578
f 10578 10489 10579
f 10489 10595 10579
f 10579 10595 10580
f 10595 10596 10580
f 10580 10596 10581
f 10596 10597 10581
f 10581 10597 10582
f 10597 10598 10582
f 10582 10598 10583
f 10598 10599 10583
f 10583 10599 10584
f 10599 10600 10584
f 10584 10600 10585
f 10600 10601 10585
f 10585 10601 10586
f 10601 10602 10586
f 10586 10602 10587
f 10602 10603 10587
f 10587 10603 10588
f 10603 10604 10588
f 10588 10604 10589
f 10604 10605 10589
f 10589 10605 10590
f 10605 10606 10590
f 10590 10606 10591
f 10606 10607 10591
f 10591 10607 10592
f 10607 10608 10592
f 10592 10608 10593
f 10608 10609 10593
f 10593 10609 10594
f 10609 10610 10594
f 10594 10610 10573
f 10610 10611 10573
f 10573 10611 10572
f 10611 10612 10572
f 10572 10612 10574
f 10612 10613 10574
f 10574 10613 10575
f 10613 10614 10575
f 10575 10614 10576
f 10614 10615 10576
f 10576 10615 10577
f 10615 10616 10577
f 10234 10233 10489
f 10233 10232 10489
f 10489 10232 10595
f 10232 10490 10595
f 10595 10490 10596
f 10490 10617 10596
f 10596 10617 10597
f 10617 10618 10597
f 10597 10618 10598
f 10618 10619 10598
f 10598 10619 10599
f 10619 10620 10599
f 10599 10620 10600
f 10620 10621 10600
f 10600 10621 10601
f 10621 10622 10601
f 10601 10622 10602
f 10622 10623 10602
f 10602 10623 10603
f 10623 10624 10603
f 10603 10624 10604
f 10624 10625 10604
f 10604 10625 10605
f 10625 10626 10605
f 10605 10626 10606
f 10626 10627 10606
f 10606 10627 10607
f 10627 10628 10607
f 10607 10628 10608
f 10628 10629 10608
f 10608 10629 10609
f 10629 10630 10609
f 10609 10630 10610
f 10630 10631 10610
f 10610 10631 10611
f 10631 10632 10611
f 10611 10632 10612
f 10632 10633 10612
f 10612 10633 10613
f 10633 10634 10613
f 10613 10634 10614
f 10634 10635 10614
f 10614 10635 10615
f 10635 10636 10615
f 10615 10636 10616
f 10636 10637 10616
f 10230 10229 10490
f 10229 10491 10490
f 10490 10491 10617
f 10491 10638 10617
f 10617 10638 10618
f 10638 10639 10618
f 10618 10639 10619
f 10639 10640 10619
f 10619 10640 10620
f 10640 10641 10620
f 10620 10641 10621
f 10641 10642 10621
f 10621 10642 10622
f 10642 10643 10622
f 10622 10643 10623
f 10643 10644 10623
f 10623 10644 10624
f 10644 10645 10624
f 10624 10645 10625
f 10645 10646 10625
f 10625 10646 10626
f 10646 10647 10626
f 10626 10647 10627
f 10647 10648 10627
f 10627 10648 10628
f 10648 10649 10628
f 10628 10649 10629
f 10649 10650 10629
f 10629 10650 10630
f 10650 10651 10630
f 10630 10651 10631
f 10651 10652 10631
f 10631 10652 10632
f 10652 10653 10632
f 10632 10653 10633
f 10653 10654 10633
f 10633 10654 10634
f 10654 10655 10634
f 10634 10655 10635
f 10655 10656 10635
f 10635 10656 10636
f 10656 10657 10636
f 10636 10657 10637
f 10657 10658 10637
f 10240 10239 10491
f 10239 10243 10491
f 10491 10243 10638
f 10243 10492 10638
f 10638 10492 10639
f 10492 10659 10639
f 10639 10659 10640
f 10659 10660 10640
f 10640 10660 10641
f 10660 10661 10641
f 10641 10661 10642
f 10661 10662 10642
f 10642 10662 10643
f 10662 10663 10643
f 10643 10663 10644
f 10663 10664 10644
f 10644 10664 10645
f 10664 10665 10645
f 10645 10665 10646
f 10665 10666 10646
f 10646 10666 10647
f 10666 10667 10647
f 10647 10667 10648
f 10667 10668 10648
f 10648 10668 10649
f 10668 10669 10649
f 10649 10669 10650
f 10669 10670 10650
f 10650 10670 10651
f 10670 10671 10651
f 10651 10671 10652
f 10671 10672 10652
f 10652 10672 10653
f 10672 10673 10653
f 10653 10673 10654
f 10673 10674 10654
f 10654 10674 10655
f 10674 10675 10655
f 10655 10675 10656
f 10675 10676 10656
f 10656 10676 10657
f 10676 10677 10657
f 10657 10677 10658
f 10677 10678 10658
f 10242 10246 10492
f 10246 10679 10492
f 10492 10679 10659
f 10679 10680 10659
f 10659 10680 10660
f 10680 10681 10660
f 10660 10681 10661
f 10681 10682 10661
f 10661 10682 10662
f 10682 10683 10662
f 10662 10683 10663
f 10683 10684 10663
f 10663 10684 10664
f 10684 10685 10664
f 10664 10685 10665
f 10685 10686 10665
f 10665 10686 10666
f 10686 10687 10666
f 10666 10687 10667
f 10687 10688 10667
f 10667 10688 10668
f 10688 10689 10668
f 10668 10689 10669
f 10689 10690 10669
f 10669 10690 10670
f 10690 10691 10670
f 10670 10691 10671
f 10691 10692 10671
f 10671 10692 10672
f 10692 10693 10672
f 10672 10693 10673
f 10693 10694 10673
f 10673 10694 10674
f 10694 10695 10674
f 10674 10695 10675
f 10695 10696 10675
f 10675 10696 10676
f 10696 10697 10676
f 10676 10697 10677
f 10697 10698 10677
f 10677 10698 10678
f 10698 10699 10678
f 10246 10245 10679
f 10245 10249 10679
f 10679 10249 10680
f 10249 10493 10680
f 10680 10493 10681
f 10493 10700 10681
f 10681 10700 10682
f 10700 10701 10682
f 10682 10701 10683
f 10701 10702 10683
f 10683 10702 10684
f 10702 10703 10684
f 10684 10703 10685
f 10703 10704 10685
f 10685 10704 10686
f 10704 10705 10686
f 10686 10705 10687
f 10705 10706 10687
f 10687 10706 10688
f 10706 10707 10688
f 10688 10707 10689
f 10707 10708 10689
f 10689 10708 10690
f 10708 10709 10690
f 10690 10709 10691
f 10709 10710 10691
f 10691 10710 10692
f 10710 10711 10692
f 10692 10711 10693
f 10711 10712 10693
f 10693 10712 10694
f 10712 10713 10694
f 10694 10713 10695
f 10713 10714 10695
f 10695 10714 10696
f 10714 10715 10696
f 10696 10715 10697
f 10715 10716 10697
f 10697 10716 10698
f 10716 10717 10698
f 10698 10717 10699
f 10717 10718 10699
f 10493 10719 10700
f 10719 10720 10700
f 10700 10720 10701
f 10720 10721 10701
f 10701 10721 10702
f 10721 10722 10702
f 10702 10722 10703
f 10722 10723 10703
f 10703 10723 10704
f 10723 10724 10704
f 10704 10724 10705
f 10724 10725 10705
f 10705 10725 10706
f 10725 10726 10706
f 10706 10726 10707
f 10726 10727 10707
f 10707 10727 10708
f 10727 10728 10708
f 10708 10728 10709
f 10728 10729 10709
f 10709 10729 10710
f 10729 10730 10710
f 10710 10730 10711
f 10730 10731 10711
f 10711 10731 10712
f 10731 10732 10712
f 10712 10732 10713
f 10732 10733 10713
f 10713 10733 10714
f 10733 10734 10714
f 10714 10734 10715
f 10734 10735 10715
f 10715 10735 10716
f 10735 10736 10716
f 10716 10736 10717
f 10736 10737 10717
f 10717 10737 10718
f 10737 10738 10718
f 10248 10254 10493
f 10254 10253 10493
f 10493 10253 10719
f 10253 10251 10719
f 10719 10251 10720
f 10251 10554 10720
f 10720 10554 10721
f 10554 10739 10721
f 10721 10739 10722
f 10739 10740 10722
f 10722 10740 10723
f 10740 10741 10723
f 10723 10741 10724
f 10741 10742 10724
f 10724 10742 10725
f 10742 10743 10725
f 10725 10743 10726
f 10743 10744 10726
f 10726 10744 10727
f 10744 10745 10727
f 10727 10745 10728
f 10745 10746 10728
f 10728 10746 10729
f 10746 10747 10729
f 10729 10747 10730
f 10747 10748 10730
f 10730 10748 10731
f 10748 10749 10731
f 10731 10749 10732
f 10749 10750 10732
f 10732 10750 10733
f 10750 10751 10733
f 10733 10751 10734
f 10751 10752 10734
f 10734 10752 10735
f 10752 10753 10735
f 10735 10753 10736
f 10753 10754 10736
f 10736 10754 10737
f 10754 10755 10737
f 10737 10755 10738
f 10755 10756 10738
f 10261 10260 10554
f 10260 10259 10554
f 10554 10259 10739
f 10259 10494 10739
f 10739 10494 10740
f 10494 10757 10740
f 10740 10757 10741
f 10757 10758 10741
f 10741 10758 10742
f 10758 10759 10742
f 10742 10759 10743
f 10759 10760 10743
f 10743 10760 10744
f 10760 10761 10744
f 10744 10761 10745
f 10761 10762 10745
f 10745 10762 10746
f 10762 10763 10746
f 10746 10763 10747
f 10763 10764 10747
f 10747 10764 10748
f 10764 10765 10748
f 10748 10765 10749
f 10765 10766 10749
f 10749 10766 10750
f 10766 10767 10750
f 10750 10767 10751
f 10767 10768 10751
f 10751 10768 10752
f 10768 10769 10752
f 10752 10769 10753
f 10769 10770 10753
f 10753 10770 10754
f 10770 10771 10754
f 10754 10771 10755
f 10771 10772 10755
f 10755 10772 10756
f 10772 10773 10756
f 10256 10255 10494
f 10255 10552 10494
f 10494 10552 10757
f 10552 10553 10757
f 10757 10553 10758
f 10553 10774 10758
f 10758 10774 10759
f 10774 10775 10759
f 10759 10775 10760
f 10775 10776 10760
f 10760 10776 10761
f 10776 10777 10761
f 10761 10777 10762
f 10777 10778 10762
f 10762 10778 10763
f 10778 10779 10763
f 10763 10779 10764
f 10779 10780 10764
f 10764 10780 10765
f 10780 10781 10765
f 10765 10781 10766
f 10781 10782 10766
f 10766 10782 10767
f 10782 10783 10767
f 10767 10783 10768
f 10783 10784 10768
f 10768 10784 10769
f 10784 10785 10769
f 10769 10785 10770
f 10785 10786 10770
f 10770 10786 10771
f 10786 10787 10771
f 10771 10787 10772
f 10787 10788 10772
f 10772 10788 10773
f 10788 10789 10773
f 10265 10196 10553
f 10196 10551 10553
f 10553 10551 10774
f 10551 10790 10774
f 10774 10790 10775
f 10790 10791 10775
f 10775 10791 10776
f 10791 10792 10776
f 10776 10792 10777
f 10792 10793 10777
f 10777 10793 10778
f 10793 10794 10778
f 10778 10794 10779
f 10794 10795 10779
f 10779 10795 10780
f 10795 10796 10780
f 10780 10796 10781
f 10796 10797 10781
f 10781 10797 10782
f 10797 10798 10782
f 10782 10798 10783
f 10798 10799 10783
f 10783 10799 10784
f 10799 10800 10784
f 10784 10800 10785
f 10800 10801 10785
f 10785 10801 10786
f 10801 10802 10786
f 10786 10802 10787
f 10802 10803 10787
f 10787 10803 10788
f 10803 10804 10788
f 10788 10804 10789
f 10804 10805 10789
f 10274 10273 10551
f 10273 10272 10551
f 10551 10272 10790
f 10272 10546 10790
f 10790 10546 10791
f 10546 10548 10791
f 10791 10548 10792
f 10548 10539 10792
f 10792 10539 10793
f 10539 10541 10793
f 10793 10541 10794
f 10541 10534 10794
f 10794 10534 10795
f 10534 10536 10795
f 10795 10536 10796
f 10536 10529 10796
f 10796 10529 10797
f 10529 10531 10797
f 10797 10531 10798
f 10531 10524 10798
f 10798 10524 10799
f 10524 10526 10799
f 10799 10526 10800
f 10526 10519 10800
f 10800 10519 10801
f 10519 10521 10801
f 10801 10521 10802
f 10521 10497 10802
f 10802 10497 10803
f 10497 10496 10803
f 10803 10496 10804
f 10496 10515 10804
f 10804 10515 10805
f 10515 10485 10805
f 2158 2157 10487
f 2157 10511 10487
f 10487 10511 10485
f 10511 10510 10485
f 10485 10510 10805
f 10510 10509 10805
f 10805 10509 10789
f 10509 10508 10789
f 10789 10508 10773
f 10508 10507 10773
f 10773 10507 10756
f 10507 10506 10756
f 10756 10506 10738
f 10506 10505 10738
f 10738 10505 10718
f 10505 10504 10718
f 10718 10504 10699
f 10504 10503 10699
f 10699 10503 10678
f 10503 10502 10678
f 10678 10502 10658
f 10502 10501 10658
f 10658 10501 10637
f 10501 10500 10637
f 10637 10500 10616
f 10500 10499 10616
f 10616 10499 10577
f 10499 2144 10577
f 10577 2144 2143
f 10267 9261 10544
f 9261 9263 10544
f 10544 9263 10545
f 9263 9265 10545
f 10545 9265 10547
f 9265 9271 10547
f 9271 9270 10547
f 10547 9270 10549
f 10549 9270 10550
f 9270 9268 10550
f 10550 9268 10540
f 9268 9276 10540
f 9276 9275 10540
f 10540 9275 10542
f 10542 9275 10543
f 9275 9273 10543
f 10543 9273 10535
f 9273 9281 10535
f 9281 9280 10535
f 10535 9280 10537
f 10537 9280 10538
f 9280 9278 10538
f 10538 9278 10530
f 9278 9286 10530
f 9286 9285 10530
f 10530 9285 10532
f 10532 9285 10533
f 9285 9283 10533
f 10533 9283 10525
f 9283 9291 10525
f 9291 9290 10525
f 10525 9290 10527
f 10527 9290 10528
f 9290 9288 10528
f 10528 9288 10520
f 9288 9294 10520
f 9294 9293 10520
f 10520 9293 10522
f 10522 9293 10523
f 9293 9299 10523
f 10523 9299 10495
f 9299 9298 10495
f 9298 9296 10495
f 10495 9296 10516
f 10516 9296 10517
f 9296 9304 10517
f 10517 9304 10518
f 9304 9303 10518
f 10518 9303 10498
f 2160 2159 9218
f 2159 10514 9218
f 9218 10514 9300
f 10514 10513 9300
f 9300 10513 9301
f 10513 10512 9301
f 9301 10512 9303
f 10512 10486 9303
f 9303 10486 10498
f 10806 10807 10808
f 10807 10809 10808
f 34 10809 51
f 10809 10807 51
f 86 10808 34
f 10808 10809 34
f 51 10807 90
f 10807 10806 90
f 10810 186 2003
f 10810 2003 10811
f 2003 2005 10811
f 10811 2005 238
f 10812 10810 10813
f 10810 10811 10813
f 10813 10811 10814
f 53 10813 52
f 10813 10814 52
f 54 10812 53
f 10812 10813 53
f 186 10810 54
f 10810 10812 54
f 52 10814 238
f 10814 10811 238
f 10815 10816 10817
f 10816 10818 10817
f 10817 10818 10819
f 10818 10820 10819
f 10819 10820 10821
f 10820 10822 10821
f 10821 10822 10823
f 10822 10824 10823
f 10823 10824 10825
f 10824 10826 10825
f 10825 10826 10827
f 10826 10828 10827
f 10827 10828 10829
f 10828 10830 10829
f 10829 10830 10831
f 10830 10832 10831
f 10831 10832 10833
f 10832 10834 10833
f 10833 10834 10835
f 10834 10836 10835
f 10835 10836 10837
f 10836 10838 10837
f 10837 10838 10839
f 10838 10840 10839
f 10839 10840 10841
f 10840 10842 10841
f 10841 10842 10843
f 10842 10844 10843
f 10843 10844 10845
f 10844 10846 10845
f 10845 10846 10847
f 10846 10848 10847
f 10847 10848 10849
f 10848 10850 10849
f 10849 10850 10851
f 10850 10852 10851
f 10851 10852 10853
f 10852 10854 10853
f 10853 10854 10855
f 10854 10856 10855
f 10855 10856 10857
f 10856 10858 10857
f 10857 10858 10859
f 10858 10860 10859
f 10859 10860 10861
f 10860 10862 10861
f 10861 10862 10863
f 10862 10864 10863
f 10863 10864 10865
f 10864 10866 10865
f 10865 10866 10867
f 10866 10868 10867
f 10867 10868 10869
f 10868 10870 10869
f 10869 10870 10871
f 10870 10872 10871
f 10871 10872 10873
f 10872 10874 10873
f 10873 10874 10875
f 10874 10876 10875
f 10875 10876 10877
f 10876 10878 10877
f 10877 10878 10879
f 10878 10880 10879
f 10879 10880 10881
f 10880 10882 10881
f 10881 10882 10883
f 10882 10884 10883
f 10883 10884 10885
f 10884 10886 10885
f 10885 10886 10887
f 10886 10888 10887
f 10887 10888 10889
f 10888 10890 10889
f 10889 10890 10891
f 10890 10892 10891
f 10891 10892 10893
f 10892 10894 10893
f 10893 10894 10895
f 10894 10896 10895
f 10895 10896 10897
f 10896 10898 10897
f 10897 10898 10899
f 10898 10900 10899
f 10899 10900 10901
f 10900 10902 10901
f 10901 10902 10903
f 10902 10904 10903
f 10903 10904 10905
f 10904 10906 10905
f 10905 10906 10907
f 10906 10908 10907
f 10907 10908 10909
f 10908 10910 10909
f 10909 10910 10911
f 10910 10912 10911
f 10911 10912 10913
f 10912 10914 10913
f 10913 10914 10915
f 10914 10916 10915
f 10915 10916 10917
f 10916 10918 10917
f 10917 10918 10919
f 10918 10920 10919
f 10919 10920 10921
f 10920 10922 10921
f 10921 10922 10923
f 10922 10924 10923
f 10923 10924 10925
f 10924 10926 10925
f 10925 10926 10927
f 10926 10928 10927
f 10927 10928 10929
f 10928 10930 10929
f 10929 10930 10931
f 10930 10932 10931
f 10931 10932 10933
f 10932 10934 10933
f 10933 10934 10935
f 10934 10936 10935
f 10935 10936 10937
f 10936 10938 10937
f 10937 10938 10939
f 10938 10940 10939
f 10939 10940 10941
f 10940 10942 10941
f 10941 10942 10943
f 10942 10944 10943
f 10943 10944 10945
f 10944 10946 10945
f 10945 10946 10947
f 10946 10948 10947
f 10947 10948 10949
f 10948 10950 10949
f 10949 10950 10951
f 10950 10952 10951
f 10951 10952 10953
f 10952 10954 10953
f 10953 10954 10955
f 10954 10956 10955
f 10955 10956 10957
f 10956 10958 10957
f 10957 10958 10815
f 10958 10816 10815
f 10883 10885 10959
f 10885 10887 10959
f 10959 10887 10889
f 10877 10879 10959
f 10879 10881 10959
f 10959 10881 10883
f 10871 10873 10959
f 10873 10875 10959
f 10959 10875 10877
f 10865 10867 10959
f 10867 10869 10959
f 10959 10869 10871
f 10859 10861 10959
f 10861 10863 10959
f 10959 10863 10865
f 10853 10855 10959
f 10855 10857 10959
f 10959 10857 10859
f 10847 10849 10959
f 10849 10851 10959
f 10959 10851 10853
f 10841 10843 10959
f 10843 10845 10959
f 10959 10845 10847
f 10835 10837 10959
f 10837 10839 10959
f 10959 10839 10841
f 10829 10831 10959
f 10831 10833 10959
f 10959 10833 10835
f 10823 10825 10959
f 10825 10827 10959
f 10959 10827 10829
f 10817 10819 10959
f 10819 10821 10959
f 10959 10821 10823
f 10955 10957 10959
f 10957 10815 10959
f 10959 10815 10817
f 10949 10951 10959
f 10951 10953 10959
f 10959 10953 10955
f 10943 10945 10959
f 10945 10947 10959
f 10959 10947 10949
f 10937 10939 10959
f 10939 10941 10959
f 10959 10941 10943
f 10931 10933 10959
f 10933 10935 10959
f 10959 10935 10937
f 10925 10927 10959
f 10927 10929 10959
f 10959 10929 10931
f 10919 10921 10959
f 10921 10923 10959
f 10959 10923 10925
f 10913 10915 10959
f 10915 10917 10959
f 10959 10917 10919
f 10907 10909 10959
f 10909 10911 10959
f 10959 10911 10913
f 10901 10903 10959
f 10903 10905 10959
f 10959 10905 10907
f 10895 10897 10959
f 10897 10899 10959
f 10959 10899 10901
f 10889 10891 10959
f 10891 10893 10959
f 10959 10893 10895
f 10854 1715 10856
f 1715 1708 10856
f 10856 1708 10858
f 1708 1707 10858
f 10858 1707 10860
f 1707 1705 10860
f 10860 1705 10862
f 1705 1704 10862
f 10862 1704 10864
f 1704 1659 10864
f 10864 1659 10866
f 1659 1658 10866
f 10866 1658 10868
f 1658 1669 10868
f 10868 1669 10870
f 1669 1668 10870
f 10870 1668 10872
f 1668 1667 10872
f 10872 1667 10874
f 1667 1652 10874
f 10874 1652 10876
f 1652 1651 10876
f 10876 1651 10878
f 1651 1649 10878
f 10878 1649 10880
f 1649 1648 10880
f 10880 1648 10882
f 1648 1636 10882
f 10882 1636 10884
f 1636 1635 10884
f 10884 1635 10886
f 1635 1634 10886
f 10886 1634 10888
f 1634 1614 10888
f 10888 1614 10890
f 1614 1615 10890
f 10890 1615 10892
f 1615 1647 10892
f 10892 1647 10894
f 1647 1646 10894
f 10894 1646 10896
f 1646 1633 10896
f 10896 1633 10898
f 1633 1632 10898
f 10898 1632 10900
f 1632 1631 10900
f 10900 1631 10902
f 1631 1605 10902
f 10902 1605 10904
f 1605 1604 10904
f 10904 1604 10906
f 1604 1503 10906
f 10906 1503 10908
f 1503 1502 10908
f 10908 1502 10910
f 1502 1523 10910
f 10910 1523 10912
f 1523 1525 10912
f 10912 1525 10914
f 1525 1527 10914
f 10914 1527 10916
f 1527 1529 10916
f 10916 1529 10918
f 1529 1531 10918
f 10918 1531 10920
f 1531 1533 10920
f 10920 1533 10922
f 1533 1535 10922
f 10922 1535 10924
f 1535 1537 10924
f 10924 1537 10926
f 1537 1547 10926
f 10926 1547 10928
f 1547 1549 10928
f 10928 1549 10930
f 1549 1551 10930
f 10930 1551 10932
f 1551 1553 10932
f 10932 1553 10934
f 1553 1555 10934
f 10934 1555 10936
f 1555 1557 10936
f 10936 1557 10938
f 1557 1559 10938
f 10938 1559 10940
f 1559 1561 10940
f 10940 1561 10942
f 1561 1562 10942
f 10942 1562 10944
f 1562 1512 10944
f 10944 1512 10946
f 1512 1511 10946
f 10946 1511 10948
f 1511 1510 10948
f 10948 1510 10950
f 1510 1509 10950
f 10950 1509 10952
f 1509 1508 10952
f 10952 1508 10954
f 1508 1506 10954
f 10954 1506 10956
f 1506 1505 10956
f 10956 1505 10958
f 1505 1701 10958
f 10958 1701 10816
f 1701 1700 10816
f 10816 1700 10818
f 1700 1714 10818
f 10818 1714 10820
f 1714 1682 10820
f 10820 1682 10822
f 1682 1691 10822
f 10822 1691 10824
f 1691 1690 10824
f 10824 1690 10826
f 1690 1689 10826
f 10826 1689 10828
f 1689 1688 10828
f 10828 1688 10830
f 1688 1687 10830
f 10830 1687 10832
f 1687 1686 10832
f 10832 1686 10834
f 1686 1673 10834
f 10834 1673 10836
f 1673 1672 10836
f 10836 1672 10838
f 1672 1671 10838
f 10838 1671 10840
f 1671 1670 10840
f 10840 1670 10842
f 1670 1684 10842
f 10842 1684 10844
f 1684 1683 10844
f 10844 1683 10846
f 1683 1677 10846
f 10846 1677 10848
f 1677 1676 10848
f 10848 1676 10850
f 1676 1717 10850
f 10850 1717 10852
f 1717 1716 10852
f 10852 1716 10854
f 1716 1715 10854
f 10960 10961 10962
f 10963 10964 10962
f 10964 10965 10962
f 10962 10965 10960
f 10966 10967 10962
f 10967 10968 10962
f 10962 10968 10963
f 10969 10970 10962
f 10970 10971 10962
f 10962 10971 10966
f 10972 10973 10962
f 10973 10974 10962
f 10962 10974 10969
f 10975 10976 10962
f 10976 10977 10962
f 10962 10977 10972
f 10978 10979 10962
f 10979 10980 10962
f 10962 10980 10975
f 10981 10982 10962
f 10982 10983 10962
f 10962 10983 10978
f 10984 10985 10962
f 10985 10986 10962
f 10962 10986 10981
f 10987 10988 10962
f 10988 10989 10962
f 10962 10989 10984
f 10990 10991 10962
f 10991 10992 10962
f 10962 10992 10987
f 10993 10994 10962
f 10994 10995 10962
f 10962 10995 10990
f 10996 10997 10962
f 10997 10998 10962
f 10962 10998 10993
f 10999 11000 10962
f 11000 11001 10962
f 10962 11001 10996
f 11002 11003 10962
f 11003 11004 10962
f 10962 11004 10999
f 11005 11006 10962
f 11006 11007 10962
f 10962 11007 11002
f 11008 11009 10962
f 11009 11010 10962
f 10962 11010 11005
f 11011 11012 10962
f 11012 11013 10962
f 10962 11013 11008
f 11014 11015 10962
f 11015 11016 10962
f 10962 11016 11011
f 11017 11018 10962
f 11018 11019 10962
f 10962 11019 11014
f 11020 11021 10962
f 11021 11022 10962
f 10962 11022 11017
f 11023 11024 10962
f 11024 11025 10962
f 10962 11025 11020
f 11026 11027 10962
f 11027 11028 10962
f 10962 11028 11023
f 11029 11030 10962
f 11030 11031 10962
f 10962 11031 11026
f 10961 11032 10962
f 11032 11033 10962
f 10962 11033 11029
f 10961 10960 11034
f 10960 10965 11034
f 11034 10965 11035
f 10965 10964 11035
f 11035 10964 11036
f 10964 10963 11036
f 11036 10963 11037
f 10963 10968 11037
f 11037 10968 11038
f 10968 10967 11038
f 11038 10967 11039
f 10967 10966 11039
f 11039 10966 11040
f 10966 10971 11040
f 11040 10971 11041
f 10971 10970 11041
f 11041 10970 11042
f 10970 10969 11042
f 11042 10969 11043
f 10969 10974 11043
f 11043 10974 11044
f 10974 10973 11044
f 11044 10973 11045
f 10973 10972 11045
f 11045 10972 11046
f 10972 10977 11046
f 11046 10977 11047
f 10977 10976 11047
f 11047 10976 11048
f 10976 10975 11048
f 11048 10975 11049
f 10975 10980 11049
f 11049 10980 11050
f 10980 10979 11050
f 11050 10979 11051
f 10979 10978 11051
f 11051 10978 11052
f 10978 10983 11052
f 11052 10983 11053
f 10983 10982 11053
f 11053 10982 11054
f 10982 10981 11054
f 11054 10981 11055
f 10981 10986 11055
f 11055 10986 11056
f 10986 10985 11056
f 11056 10985 11057
f 10985 10984 11057
f 11057 10984 11058
f 10984 10989 11058
f 11058 10989 11059
f 10989 10988 11059
f 11059 10988 11060
f 10988 10987 11060
f 11060 10987 11061
f 10987 10992 11061
f 11061 10992 11062
f 10992 10991 11062
f 11062 10991 11063
f 10991 10990 11063
f 11063 10990 11064
f 10990 10995 11064
f 11064 10995 11065
f 10995 10994 11065
f 11065 10994 11066
f 10994 10993 11066
f 11066 10993 11067
f 10993 10998 11067
f 11067 10998 11068
f 10998 10997 11068
f 11068 10997 11069
f 10997 10996 11069
f 11069 10996 11070
f 10996 11001 11070
f 11070 11001 11071
f 11001 11000 11071
f 11071 11000 11072
f 11000 10999 11072
f 11072 10999 11073
f 10999 11004 11073
f 11073 11004 11074
f 11004 11003 11074
f 11074 11003 11075
f 11003 11002 11075
f 11075 11002 11076
f 11002 11007 11076
f 11076 11007 11077
f 11007 11006 11077
f 11077 11006 11078
f 11006 11005 11078
f 11078 11005 11079
f 11005 11010 11079
f 11079 11010 11080
f 11010 11009 11080
f 11080 11009 11081
f 11009 11008 11081
f 11081 11008 11082
f 11008 11013 11082
f 11082 11013 11083
f 11013 11012 11083
f 11083 11012 11084
f 11012 11011 11084
f 11084 11011 11085
f 11011 11016 11085
f 11085 11016 11086
f 11016 11015 11086
f 11086 11015 11087
f 11015 11014 11087
f 11087 11014 11088
f 11014 11019 11088
f 11088 11019 11089
f 11019 11018 11089
f 11089 11018 11090
f 11018 11017 11090
f 11090 11017 11091
f 11017 11022 11091
f 11091 11022 11092
f 11022 11021 11092
f 11092 11021 11093
f 11021 11020 11093
f 11093 11020 11094
f 11020 11025 11094
f 11094 11025 11095
f 11025 11024 11095
f 11095 11024 11096
f 11024 11023 11096
f 11096 11023 11097
f 11023 11028 11097
f 11097 11028 11098
f 11028 11027 11098
f 11098 11027 11099
f 11027 11026 11099
f 11099 11026 11100
f 11026 11031 11100
f 11100 11031 11101
f 11031 11030 11101
f 11101 11030 11102
f 11030 11029 11102
f 11102 11029 11103
f 11029 11033 11103
f 11103 11033 11104
f 11033 11032 11104
f 11104 11032 11105
f 11032 10961 11105
f 11105 10961 11034
f 11055 1699 11054
f 1699 1698 11054
f 11054 1698 11053
f 1698 1681 11053
f 11053 1681 11052
f 1681 1680 11052
f 11052 1680 11051
f 1680 1703 11051
f 11051 1703 11050
f 1703 1702 11050
f 11050 1702 11049
f 1702 1697 11049
f 11049 1697 11048
f 1697 1696 11048
f 11048 1696 11047
f 1696 1695 11047
f 11047 1695 11046
f 1695 1694 11046
f 11046 1694 11045
f 1694 1726 11045
f 11045 1726 11044
f 1726 1725 11044
f 11044 1725 11043
f 1725 1724 11043
f 11043 1724 11042
f 1724 1723 11042
f 11042 1723 11041
f 1723 1722 11041
f 11041 1722 11040
f 1722 1721 11040
f 11040 1721 11039
f 1721 1727 11039
f 11039 1727 11038
f 1727 1713 11038
f 11038 1713 11037
f 1713 1712 11037
f 11037 1712 11036
f 1712 1693 11036
f 11036 1693 11035
f 1693 1692 11035
f 11035 1692 11034
f 1692 1711 11034
f 11034 1711 11105
f 1711 1710 11105
f 11105 1710 11104
f 1710 1709 11104
f 11104 1709 11103
f 1709 1720 11103
f 11103 1720 11102
f 1720 1719 11102
f 11102 1719 11101
f 1719 1718 11101
f 11101 1718 11100
f 1718 1675 11100
f 11100 1675 11099
f 1675 1674 11099
f 11099 1674 11098
f 1674 1679 11098
f 11098 1679 11097
f 1679 1678 11097
f 11097 1678 11096
f 1678 1666 11096
f 11096 1666 11095
f 1666 1665 11095
f 11095 1665 11094
f 1665 1664 11094
f 11094 1664 11093
f 1664 1661 11093
f 11093 1661 11092
f 1661 1540 11092
f 11092 1540 11091
f 1540 1565 11091
f 11091 1565 11090
f 1565 1567 11090
f 11090 1567 11089
f 1567 1569 11089
f 11089 1569 11088
f 1569 1571 11088
f 11088 1571 11087
f 1571 1573 11087
f 11087 1573 11086
f 1573 1575 11086
f 11086 1575 11085
f 1575 1577 11085
f 11085 1577 11084
f 1577 1579 11084
f 11084 1579 11083
f 1579 1580 11083
f 11083 1580 11082
f 1580 1514 11082
f 11082 1514 11081
f 1514 1513 11081
f 11081 1513 11080
f 1513 1612 11080
f 11080 1612 11079
f 1612 1611 11079
f 11079 1611 11078
f 1611 1592 11078
f 11078 1592 11077
f 1592 1591 11077
f 11077 1591 11076
f 1591 1590 11076
f 11076 1590 11075
f 1590 1589 11075
f 11075 1589 11074
f 1589 1595 11074
f 11074 1595 11073
f 1595 1594 11073
f 11073 1594 11072
f 1594 1657 11072
f 11072 1657 11071
f 1657 1656 11071
f 11071 1656 11070
f 1656 1654 11070
f 11070 1654 11069
f 1654 1653 11069
f 11069 1653 11068
f 1653 1630 11068
f 11068 1630 11067
f 1630 1629 11067
f 11067 1629 11066
f 1629 1628 11066
f 11066 1628 11065
f 1628 1627 11065
f 11065 1627 11064
f 1627 1626 11064
f 11064 1626 11063
f 1626 1625 11063
f 11063 1625 11062
f 1625 1602 11062
f 11062 1602 11061
f 1602 1601 11061
f 11061 1601 11060
f 1601 1600 11060
f 11060 1600 11059
f 1600 1599 11059
f 11059 1599 11058
f 1599 1597 11058
f 11058 1597 11057
f 1597 1596 11057
f 11057 1596 11056
f 1596 1685 11056
f 11056 1685 11055
f 1685 1699 11055
f 90 10806 1988
f 10806 10808 1988
f 1988 10808 86
f 36 11106 44
f 11106 11107 44
f 35 11108 36
f 11108 11106 36
f 33 11109 35
f 11109 11108 35
f 102 11110 33
f 11110 11109 33
f 11109 11110 11108
f 11110 11107 11108
f 11108 11107 11106
f 1967 44 11107
f 1967 11107 1971
f 11107 11110 1971
f 1971 11110 102
f 11111 1453 1452
f 11112 40 11113
f 40 39 11113
f 11113 39 11114
f 39 38 11114
f 11114 38 11111
f 38 37 11111
f 11111 37 1453
f 37 101 1453
f 11115 65 11112
f 65 41 11112
f 11112 41 40
f 11116 67 11115
f 67 66 11115
f 11115 66 65
f 11117 69 11116
f 69 68 11116
f 11116 68 67
f 73 43 11118
f 43 42 11118
f 11118 42 11119
f 42 72 11119
f 11119 72 11120
f 72 71 11120
f 11120 71 11117
f 71 70 11117
f 11117 70 69
f 73 11118 74
f 11118 11121 74
f 74 11121 75
f 75 11121 76
f 11121 11122 76
f 76 11122 77
f 11123 80 11124
f 80 79 11124
f 11124 79 11125
f 79 78 11125
f 105 82 11123
f 82 81 11123
f 11123 81 80
f 1452 11126 11111
f 11126 11127 11111
f 11111 11127 11114
f 11127 11128 11114
f 11114 11128 11113
f 11128 11129 11113
f 11113 11129 11112
f 11129 11130 11112
f 11112 11130 11115
f 11130 11131 11115
f 11115 11131 11116
f 11131 11132 11116
f 11132 11133 11116
f 11116 11133 11117
f 11133 11134 11117
f 11117 11134 11120
f 11134 11135 11120
f 11120 11135 11119
f 11135 11136 11119
f 11119 11136 11118
f 11137 11122 11138
f 11122 11121 11138
f 11138 11121 11139
f 11121 11118 11139
f 11139 11118 11140
f 11118 11136 11140
f 11141 11124 11137
f 11124 11125 11137
f 11137 11125 11122
f 11125 78 11122
f 11122 78 77
f 11141 11142 11124
f 11142 11143 11124
f 11124 11143 11123
f 11143 1976 11123
f 11123 1976 105
f 11144 11145 11146
f 11147 11148 11140
f 11149 11150 11151
f 11151 11150 1976
f 11152 1976 11150
f 1476 11153 1477
f 1455 1454 11154
f 1478 11155 11156
f 11155 1478 1480
f 1485 11157 11158
f 11157 1485 1487
f 11159 11160 11161
f 11162 11163 11164
f 11163 11165 11164
f 11164 11165 11166
f 11165 11167 11166
f 11168 11169 11167
f 11169 11170 11167
f 11167 11170 11166
f 11167 11171 11168
f 11171 11172 11168
f 11168 11172 11173
f 11160 11159 11172
f 11159 11174 11172
f 11172 11174 11173
f 11175 11176 11161
f 11176 11177 11161
f 11161 11177 11159
f 11178 11179 11180
f 11179 11175 11180
f 11180 11175 11181
f 11175 11161 11181
f 11182 11183 11184
f 11183 11185 11184
f 11184 11185 11178
f 11185 11186 11178
f 11178 11186 11179
f 11187 11188 11189
f 11188 11190 11189
f 11189 11190 11182
f 11190 11191 11182
f 11182 11191 11183
f 11192 11193 11194
f 11193 11195 11194
f 11194 11195 11187
f 11195 11196 11187
f 11187 11196 11188
f 1489 11192 1491
f 11192 11194 1491
f 1491 11194 1493
f 11194 1495 1493
f 1495 11194 1497
f 11194 11187 1497
f 1497 11187 1499
f 11153 11144 1477
f 11144 11197 1477
f 1477 11197 1472
f 1472 11197 1469
f 11197 11198 1469
f 1469 11198 1467
f 11198 11199 1467
f 1467 11199 1465
f 11199 11200 1465
f 1465 11200 1462
f 1462 11200 1460
f 11200 11201 1460
f 1460 11201 1459
f 11201 11202 1459
f 1459 11202 1457
f 11202 11126 1457
f 1457 11126 1452
f 1976 11143 11203
f 11143 11142 11203
f 11203 11142 11204
f 11152 11150 11205
f 11150 11149 11205
f 11205 11149 11206
f 11207 1976 11152
f 11207 11152 11208
f 11152 11205 11208
f 11208 11205 11209
f 11205 11206 11209
f 11209 11206 11210
f 11142 11141 11204
f 11141 11137 11204
f 11204 11137 11211
f 11137 11138 11211
f 11211 11138 11148
f 11138 11139 11148
f 11148 11139 11140
f 11212 11213 11214
f 11140 11136 11147
f 11136 11135 11147
f 11147 11135 11215
f 11135 11134 11215
f 11134 11133 11215
f 11215 11133 11216
f 11133 11132 11216
f 11216 11132 11217
f 11214 11213 11218
f 11213 11219 11218
f 11218 11219 11220
f 11219 11221 11220
f 11220 11221 11222
f 11221 11223 11222
f 11222 11223 11224
f 11223 11225 11224
f 11224 11225 11145
f 11226 11225 11227
f 11225 11223 11227
f 11227 11223 11228
f 11223 11221 11228
f 11228 11221 11229
f 11221 11219 11229
f 11229 11219 11230
f 11219 11213 11230
f 11230 11213 11231
f 11213 11212 11231
f 11231 11212 11232
f 11233 11226 11234
f 11226 11227 11234
f 11234 11227 11235
f 11227 11228 11235
f 11235 11228 11236
f 11228 11229 11236
f 11236 11229 11237
f 11229 11230 11237
f 11237 11230 11238
f 11230 11231 11238
f 11238 11231 11239
f 11231 11232 11239
f 11239 11232 11240
f 11241 11233 11242
f 11233 11234 11242
f 11242 11234 11243
f 11234 11235 11243
f 11243 11235 11244
f 11235 11236 11244
f 11244 11236 11245
f 11236 11237 11245
f 11245 11237 11246
f 11237 11238 11246
f 11246 11238 11247
f 11238 11239 11247
f 11247 11239 11248
f 11239 11240 11248
f 11248 11240 11249
f 11249 11250 11248
f 11250 11251 11248
f 11248 11251 11247
f 11251 11252 11247
f 11247 11252 11246
f 11252 11253 11246
f 11246 11253 11245
f 11253 11254 11245
f 11245 11254 11244
f 11254 11255 11244
f 11244 11255 11243
f 11255 11256 11243
f 11243 11256 11242
f 11256 11257 11242
f 11242 11257 11241
f 11257 11258 11241
f 11259 11258 11217
f 11258 11257 11217
f 11217 11257 11216
f 11257 11256 11216
f 11216 11256 11215
f 11256 11255 11215
f 11215 11255 11147
f 11255 11254 11147
f 11147 11254 11148
f 11254 11253 11148
f 11148 11253 11211
f 11253 11252 11211
f 11211 11252 11204
f 11252 11251 11204
f 11204 11251 11203
f 11251 11250 11203
f 11203 11250 1976
f 11249 1976 11250
f 11214 11210 11212
f 11210 11206 11212
f 11212 11206 11232
f 11206 11149 11232
f 11232 11149 11240
f 11149 11151 11240
f 11240 11151 11249
f 11151 1976 11249
f 11132 11131 11217
f 11131 11130 11217
f 11217 11130 11259
f 11130 11129 11259
f 11259 11129 11128
f 11145 11225 11146
f 11225 11226 11146
f 11146 11226 11260
f 11226 11233 11260
f 11260 11233 11261
f 11233 11241 11261
f 11261 11241 11262
f 11241 11258 11262
f 11262 11258 11263
f 11258 11259 11263
f 11263 11259 11264
f 11259 11128 11264
f 11264 11128 11127
f 11144 11146 11197
f 11146 11260 11197
f 11197 11260 11198
f 11260 11261 11198
f 11198 11261 11199
f 11261 11262 11199
f 11199 11262 11200
f 11262 11263 11200
f 11200 11263 11201
f 11263 11264 11201
f 11201 11264 11202
f 11264 11127 11202
f 11202 11127 11126
f 1454 1478 11154
f 1478 11156 11154
f 11154 11156 11265
f 11156 11266 11265
f 11265 11266 11267
f 11266 11268 11267
f 11267 11268 11269
f 11268 11270 11269
f 11269 11270 11271
f 11270 11272 11271
f 11271 11272 11273
f 11272 11274 11273
f 11273 11274 11275
f 11274 11276 11275
f 11275 11276 11277
f 11276 11278 11277
f 11277 11278 11279
f 11278 11280 11279
f 11279 11280 11281
f 11280 11282 11281
f 11281 11282 11283
f 11282 11284 11283
f 11283 11284 11285
f 11285 11286 11283
f 11286 11287 11283
f 11283 11287 11281
f 11287 11288 11281
f 11281 11288 11279
f 11288 11289 11279
f 11279 11289 11277
f 11289 11290 11277
f 11277 11290 11275
f 11290 11291 11275
f 11275 11291 11273
f 11291 11292 11273
f 11273 11292 11271
f 11292 11293 11271
f 11271 11293 11269
f 11293 11294 11269
f 11269 11294 11267
f 11294 11295 11267
f 11267 11295 11265
f 11295 11296 11265
f 11265 11296 11154
f 11296 11297 11154
f 11154 11297 1455
f 11297 1475 1455
f 1476 1475 11153
f 1475 11297 11153
f 11153 11297 11144
f 11297 11296 11144
f 11144 11296 11145
f 11296 11295 11145
f 11145 11295 11224
f 11295 11294 11224
f 11224 11294 11222
f 11294 11293 11222
f 11222 11293 11220
f 11293 11292 11220
f 11220 11292 11218
f 11292 11291 11218
f 11218 11291 11214
f 11291 11290 11214
f 11214 11290 11210
f 11290 11289 11210
f 11210 11289 11209
f 11289 11288 11209
f 11209 11288 11208
f 11288 11287 11208
f 11208 11287 11207
f 11287 11286 11207
f 11207 11286 1976
f 11285 1976 11286
f 11284 11298 11285
f 11298 1976 11285
f 11299 11300 11301
f 11300 11302 11301
f 11301 11302 11303
f 11302 11304 11303
f 11303 11304 11305
f 11304 11306 11305
f 11305 11306 11307
f 11306 11308 11307
f 11307 11308 11309
f 11308 11310 11309
f 11309 11310 11311
f 11310 11312 11311
f 11311 11312 11313
f 11312 11314 11313
f 11313 11314 11315
f 11314 11316 11315
f 11315 11316 11317
f 11316 11318 11317
f 11317 11318 11319
f 11318 11320 11319
f 11319 11320 11321
f 11320 11322 11321
f 11321 11322 11158
f 11322 11323 11158
f 11158 11323 1485
f 11323 1483 1485
f 1480 1483 11155
f 1483 11323 11155
f 11155 11323 11156
f 11323 11322 11156
f 11156 11322 11266
f 11322 11320 11266
f 11266 11320 11268
f 11320 11318 11268
f 11268 11318 11270
f 11318 11316 11270
f 11270 11316 11272
f 11316 11314 11272
f 11272 11314 11274
f 11314 11312 11274
f 11274 11312 11276
f 11312 11310 11276
f 11276 11310 11278
f 11310 11308 11278
f 11278 11308 11280
f 11308 11306 11280
f 11280 11306 11282
f 11306 11304 11282
f 11282 11304 11284
f 11304 11302 11284
f 11284 11302 11298
f 11302 11300 11298
f 11298 11300 1976
f 11299 1976 11300
f 11163 11324 11165
f 11324 11325 11165
f 11165 11325 11167
f 11325 11326 11167
f 11167 11326 11171
f 11326 11327 11171
f 11171 11327 11172
f 11327 11328 11172
f 11172 11328 11160
f 11328 11329 11160
f 11160 11329 11161
f 11329 11330 11161
f 11161 11330 11181
f 11330 11331 11181
f 11181 11331 11180
f 11331 11332 11180
f 11180 11332 11178
f 11332 11333 11178
f 11178 11333 11184
f 11333 11334 11184
f 11184 11334 11182
f 11334 11335 11182
f 11182 11335 11189
f 11335 11336 11189
f 11189 11336 11187
f 11336 11337 11187
f 11187 11337 1499
f 1487 1499 11157
f 1499 11337 11157
f 11157 11337 11158
f 11337 11336 11158
f 11158 11336 11321
f 11336 11335 11321
f 11321 11335 11319
f 11335 11334 11319
f 11319 11334 11317
f 11334 11333 11317
f 11317 11333 11315
f 11333 11332 11315
f 11315 11332 11313
f 11332 11331 11313
f 11313 11331 11311
f 11331 11330 11311
f 11311 11330 11309
f 11330 11329 11309
f 11309 11329 11307
f 11329 11328 11307
f 11307 11328 11305
f 11328 11327 11305
f 11305 11327 11303
f 11327 11326 11303
f 11303 11326 11301
f 11326 11325 11301
f 11301 11325 11299
f 11325 11324 11299
f 11299 11324 1976
f 11163 1976 11324
f 11162 11338 11163
f 11338 1976 11163
f 1934 1936 11339
f 1945 1944 11340
f 1948 1949 11341
f 1954 1953 11342
f 1958 1959 11343
f 1970 1969 11344
f 1976 11338 1975
f 11338 11345 1975
f 1975 11345 1974
f 11345 1973 1974
f 1960 1970 1961
f 1970 11344 1961
f 1961 11344 1962
f 11342 1953 11346
f 1953 1957 11346
f 1957 1956 11346
f 11346 1956 11343
f 1956 1955 11343
f 11343 1955 1958
f 11341 1949 11347
f 1949 1950 11347
f 1950 1952 11347
f 11347 1952 11342
f 1952 1951 11342
f 11342 1951 1954
f 11340 1944 11348
f 1944 1943 11348
f 1943 1942 11348
f 11348 1942 11341
f 1942 1947 11341
f 11341 1947 1948
f 11339 1936 11349
f 1936 1939 11349
f 1939 1941 11349
f 11349 1941 11340
f 1941 1946 11340
f 11340 1946 1945
f 1929 11350 1928
f 11350 11351 1928
f 1928 11351 11352
f 1929 1930 11350
f 1930 1931 11350
f 11350 1931 11339
f 1931 1932 11339
f 11339 1932 1934
f 11353 1924 11352
f 1924 1925 11352
f 1925 1926 11352
f 1926 1927 11352
f 11352 1927 1928
f 1918 1921 11353
f 1921 1923 11353
f 11353 1923 1924
f 11353 11354 1918
f 11354 11355 1918
f 1918 11355 1919
f 11355 1516 1919
f 1919 1516 1624
f 11356 11192 1650
f 11192 1489 1650
f 11357 11196 11358
f 11196 11195 11358
f 11358 11195 11356
f 11195 11193 11356
f 11356 11193 11192
f 11359 11191 11360
f 11191 11190 11360
f 11360 11190 11357
f 11190 11188 11357
f 11357 11188 11196
f 11361 11186 11362
f 11186 11185 11362
f 11362 11185 11359
f 11185 11183 11359
f 11359 11183 11191
f 11363 11176 11364
f 11176 11175 11364
f 11364 11175 11361
f 11175 11179 11361
f 11361 11179 11186
f 11365 11174 11366
f 11174 11159 11366
f 11366 11159 11363
f 11159 11177 11363
f 11363 11177 11176
f 11367 11169 11368
f 11169 11168 11368
f 11368 11168 11365
f 11168 11173 11365
f 11365 11173 11174
f 1972 1973 11369
f 1973 11345 11369
f 11369 11345 11370
f 11345 11338 11370
f 11338 11162 11370
f 11162 11164 11370
f 11370 11164 11371
f 11164 11166 11371
f 11371 11166 11367
f 11166 11170 11367
f 11367 11170 11169
f 1706 1516 11372
f 1516 11355 11372
f 11372 11355 11373
f 11355 11354 11373
f 11373 11354 11374
f 11354 11353 11374
f 11374 11353 11375
f 11353 11352 11375
f 11375 11352 11376
f 11352 11351 11376
f 11376 11351 11377
f 11351 11350 11377
f 11377 11350 11378
f 11350 11339 11378
f 11378 11339 11379
f 11339 11349 11379
f 11379 11349 11380
f 11349 11340 11380
f 11380 11340 11381
f 11340 11348 11381
f 11381 11348 11382
f 11348 11341 11382
f 11382 11341 11383
f 11341 11347 11383
f 11383 11347 11384
f 11347 11342 11384
f 11384 11342 11385
f 11342 11346 11385
f 11385 11346 11386
f 11346 11343 11386
f 11386 11343 11344
f 11343 1959 11344
f 11344 1959 1962
f 1969 1968 11344
f 1968 11387 11344
f 11344 11387 11386
f 11387 11388 11386
f 11386 11388 11385
f 11388 11389 11385
f 11385 11389 11384
f 11389 11390 11384
f 11384 11390 11383
f 11390 11391 11383
f 11383 11391 11382
f 11391 11392 11382
f 11382 11392 11381
f 11392 11393 11381
f 11381 11393 11380
f 11393 11394 11380
f 11380 11394 11379
f 11394 11395 11379
f 11379 11395 11378
f 11395 11396 11378
f 11378 11396 11377
f 11396 11397 11377
f 11377 11397 11376
f 11397 11398 11376
f 11376 11398 11375
f 11398 11399 11375
f 11375 11399 11374
f 11399 11400 11374
f 11374 11400 11373
f 11400 11401 11373
f 11373 11401 11372
f 11401 11402 11372
f 11372 11402 1706
f 11402 1660 1706
f 1968 1972 11387
f 1972 11369 11387
f 11387 11369 11388
f 11369 11370 11388
f 11388 11370 11389
f 11370 11371 11389
f 11389 11371 11390
f 11371 11367 11390
f 11390 11367 11391
f 11367 11368 11391
f 11391 11368 11392
f 11368 11365 11392
f 11392 11365 11393
f 11365 11366 11393
f 11393 11366 11394
f 11366 11363 11394
f 11394 11363 11395
f 11363 11364 11395
f 11395 11364 11396
f 11364 11361 11396
f 11396 11361 11397
f 11361 11362 11397
f 11397 11362 11398
f 11362 11359 11398
f 11398 11359 11399
f 11359 11360 11399
f 11399 11360 11400
f 11360 11357 11400
f 11400 11357 11401
f 11357 11358 11401
f 11401 11358 11402
f 11358 11356 11402
f 11402 11356 1660
f 11356 1650 1660
f 11403 11404 11405
f 11404 11406 11405
f 11405 11406 11407
f 11406 11408 11407
f 11407 11408 11409
f 11408 11410 11409
f 11409 11410 11411
f 11410 11412 11411
f 11411 11412 11413
f 11412 11414 11413
f 11413 11414 11415
f 11414 11416 11415
f 11415 11416 11417
f 11416 11418 11417
f 11417 11418 11419
f 11418 11420 11419
f 11419 11420 11421
f 11420 11422 11421
f 11421 11422 11423
f 11422 11424 11423
f 11423 11424 11425
f 11424 11426 11425
f 11425 11426 11427
f 11426 11428 11427
f 11427 11428 11429
f 11428 11430 11429
f 11429 11430 11431
f 11430 11432 11431
f 11431 11432 11433
f 11432 11434 11433
f 11433 11434 11435
f 11434 11436 11435
f 11435 11436 11437
f 11436 11438 11437
f 11437 11438 11439
f 11438 11440 11439
f 11441 11404 11442
f 11404 11403 11442
f 11443 11444 11445
f 11444 11446 11445
f 11445 11446 11447
f 11446 11448 11447
f 11447 11448 11449
f 11448 11450 11449
f 11449 11450 11451
f 11450 11452 11451
f 11451 11452 11453
f 11452 11454 11453
f 11453 11454 11455
f 11454 11456 11455
f 11455 11456 11457
f 11456 11458 11457
f 11457 11458 11459
f 11458 11460 11459
f 11459 11460 11461
f 11460 11462 11461
f 11461 11462 11463
f 11462 11464 11463
f 11463 11464 11465
f 11464 11466 11465
f 11465 11466 11467
f 11466 11468 11467
f 11467 11468 11469
f 11468 11470 11469
f 11469 11470 11471
f 11470 11472 11471
f 11471 11472 11473
f 11472 11474 11473
f 11473 11474 11475
f 11474 11476 11475
f 11475 11476 11477
f 11476 11478 11477
f 11477 11478 11442
f 11478 11441 11442
f 11479 11444 11480
f 11444 11443 11480
f 11481 11482 11483
f 11482 11484 11483
f 11483 11484 11485
f 11484 11486 11485
f 11485 11486 11487
f 11486 11488 11487
f 11487 11488 11489
f 11488 11490 11489
f 11489 11490 11491
f 11490 11492 11491
f 11491 11492 11493
f 11492 11494 11493
f 11493 11494 11495
f 11494 11496 11495
f 11495 11496 11497
f 11496 11498 11497
f 11497 11498 11499
f 11498 11500 11499
f 11499 11500 11501
f 11500 11502 11501
f 11501 11502 11503
f 11502 11504 11503
f 11503 11504 11505
f 11504 11506 11505
f 11505 11506 11507
f 11506 11508 11507
f 11507 11508 11509
f 11508 11510 11509
f 11509 11510 11511
f 11510 11512 11511
f 11511 11512 11513
f 11512 11514 11513
f 11513 11514 11515
f 11514 11516 11515
f 11515 11516 11480
f 11516 11479 11480
f 11481 11517 11482
f 11517 11518 11482
f 11440 11444 11519
f 11444 11479 11519
f 11520 11521 11519
f 11452 11450 11460
f 11479 11516 11482
f 11516 11514 11482
f 11479 11482 11519
f 11482 11518 11519
f 11519 11518 11520
f 11522 11523 11524
f 11414 11440 11438
f 11420 11418 11434
f 11414 11412 11440
f 11412 11410 11440
f 11440 11410 11408
f 11408 11406 11440
f 11406 11404 11440
f 11440 11404 11444
f 11404 11441 11444
f 11444 11441 11446
f 11441 11478 11446
f 11446 11478 11476
f 11464 11462 11446
f 11462 11460 11446
f 11446 11460 11448
f 11460 11450 11448
f 11514 11512 11482
f 11512 11510 11482
f 11482 11510 11508
f 11490 11488 11498
f 11522 11524 11525
f 11521 11526 11519
f 11526 11527 11519
f 11519 11527 11528
f 11527 11529 11528
f 11438 11436 11414
f 11436 11434 11414
f 11414 11434 11416
f 11434 11418 11416
f 11476 11474 11446
f 11474 11472 11446
f 11446 11472 11470
f 11502 11484 11504
f 11484 11482 11504
f 11504 11482 11506
f 11482 11508 11506
f 11502 11500 11484
f 11500 11498 11484
f 11484 11498 11486
f 11498 11488 11486
f 11523 11530 11524
f 11530 11531 11524
f 11524 11531 11532
f 11432 11430 11424
f 11430 11428 11424
f 11424 11428 11426
f 11432 11424 11434
f 11424 11422 11434
f 11434 11422 11420
f 11470 11468 11446
f 11468 11466 11446
f 11446 11466 11464
f 11458 11456 11460
f 11456 11454 11460
f 11460 11454 11452
f 11529 11527 11524
f 11527 11533 11524
f 11524 11533 11525
f 11496 11494 11498
f 11494 11492 11498
f 11498 11492 11490
f 11534 11535 11531
f 11535 11536 11531
f 11531 11536 11532
f 11537 11519 11538
f 11519 11528 11538
f 11538 11528 11539
f 11528 11529 11539
f 11539 11529 11540
f 11529 11524 11540
f 11540 11524 11541
f 11524 11532 11541
f 11541 11532 11542
f 11532 11536 11542
f 11542 11536 11543
f 11536 11535 11543
f 11543 11535 11544
f 11535 11534 11544
f 11544 11534 11545
f 11534 11531 11545
f 11545 11531 11546
f 11531 11530 11546
f 11546 11530 11547
f 11530 11523 11547
f 11547 11523 11548
f 11523 11522 11548
f 11548 11522 11549
f 11522 11525 11549
f 11549 11525 11550
f 11525 11533 11550
f 11550 11533 11551
f 11533 11527 11551
f 11551 11527 11552
f 11527 11526 11552
f 11552 11526 11553
f 11526 11521 11553
f 11553 11521 11554
f 11521 11520 11554
f 11554 11520 11517
f 11520 11518 11517
f 11440 11519 11439
f 11519 11537 11439
f 10468 10484 11437
f 11483 11485 9261
f 11407 11409 9834
f 11549 11550 10267
f 11445 11447 9520
f 11550 11551 10267
f 11551 11552 10267
f 10267 11552 11553
f 11493 11495 9261
f 11477 11442 9520
f 11442 11403 9520
f 9520 11403 9834
f 11403 11405 9834
f 9834 11405 11407
f 11409 11411 9834
f 11411 11413 9834
f 9834 11413 11415
f 11538 10323 11537
f 10323 10339 11537
f 10403 10419 11439
f 10419 10435 11439
f 11439 10435 11437
f 10435 10451 11437
f 11437 10451 10468
f 11493 9261 11491
f 11421 11423 9834
f 11423 11425 9834
f 9834 11425 11427
f 11542 11543 10267
f 11553 11554 10267
f 11554 11517 10267
f 10267 11517 9261
f 11517 11481 9261
f 9261 11481 11483
f 11495 11497 9261
f 11497 11499 9261
f 9261 11499 11501
f 11507 11509 9261
f 11509 11511 9261
f 9261 11511 11513
f 11455 11457 9520
f 11415 11417 9834
f 11417 11419 9834
f 9834 11419 11421
f 10339 10355 11537
f 10355 10371 11537
f 11537 10371 11439
f 10371 10387 11439
f 11439 10387 10403
f 11542 10267 11541
f 11501 11503 9261
f 11503 11505 9261
f 9261 11505 11507
f 11455 9520 11453
f 9520 11469 11471
f 11543 11544 10267
f 11544 11545 10267
f 10267 11545 11546
f 11546 11547 10267
f 11547 11548 10267
f 10267 11548 11549
f 11485 11487 9261
f 11487 11489 9261
f 9261 11489 11491
f 11513 11515 9261
f 11515 11480 9261
f 9261 11480 9520
f 11480 11443 9520
f 9520 11443 11445
f 11457 11459 9520
f 11459 11461 9520
f 9520 11461 11463
f 11471 11473 9520
f 11473 11475 9520
f 9520 11475 11477
f 11463 11465 9520
f 11465 11467 9520
f 9520 11467 11469
f 11427 11429 9834
f 11429 11431 9834
f 9834 11431 10209
f 11431 11433 10209
f 10209 11433 10484
f 11433 11435 10484
f 10484 11435 11437
f 11541 10267 11540
f 10267 10266 11540
f 11540 10266 11539
f 10266 10275 11539
f 11539 10275 11538
f 10275 10307 11538
f 11538 10307 10323
f 11447 11449 9520
f 11449 11451 9520
f 9520 11451 11453
f 11555 8149 8138
f 11555 8138 11556
f 8138 8137 11556
f 11556 8137 11557
f 8137 8136 11557
f 11557 8136 11558
f 8136 8135 11558
f 11558 8135 11559
f 8135 8134 11559
f 11559 8134 11560
f 8149 11555 8150
f 11555 11561 8150
f 8150 11561 8151
f 11561 11562 8151
f 8151 11562 8148
f 11562 11563 8148
f 8148 11563 8146
f 11563 11564 8146
f 8146 11564 8144
f 11564 11565 8144
f 8144 11565 8139
f 11565 11566 8139
f 8139 11566 8140
f 11566 11567 8140
f 8140 11567 8142
f 11567 11568 8142
f 8142 11568 8143
f 11568 11569 8143
f 8143 11569 11570
f 8143 11570 8126
f 11570 11571 8126
f 8126 11571 8127
f 11571 11572 8127
f 8127 11572 8129
f 11572 11573 8129
f 8129 11573 8130
f 11573 11574 8130
f 8130 11574 8131
f 11574 11575 8131
f 8131 11575 8132
f 11575 11576 8132
f 8132 11576 8123
f 11576 11577 8123
f 8123 11577 8124
f 11578 11579 11580
f 11581 11582 11583
f 11582 11584 11583
f 11583 11585 11586
f 11587 11581 11588
f 11581 11583 11588
f 11583 11586 11588
f 11586 11589 11588
f 11588 11589 11590
f 11589 11591 11590
f 11590 11591 11592
f 11591 11593 11592
f 11592 11593 11594
f 11593 11595 11594
f 11594 11595 11596
f 11595 11597 11596
f 11596 11597 11598
f 11597 11599 11598
f 11598 11599 11600
f 11599 11601 11600
f 11600 11601 11602
f 11601 11603 11602
f 11602 11603 11604
f 11603 11605 11604
f 11604 11605 11606
f 11605 11607 11606
f 11606 11607 11608
f 11607 11609 11608
f 11608 11609 11610
f 11609 11611 11610
f 11610 11611 11612
f 11611 11613 11612
f 11612 11613 11614
f 11613 11615 11614
f 11614 11615 11616
f 11615 11617 11616
f 11616 11617 11618
f 11617 11619 11618
f 11618 11619 11620
f 11621 11622 11623
f 11622 11624 11623
f 11623 11624 11625
f 11626 11627 11628
f 11627 11629 11628
f 11628 11629 11630
f 11629 11631 11630
f 11630 11631 11632
f 11631 11633 11632
f 11632 11633 11634
f 11633 11635 11634
f 11634 11635 11636
f 11635 11637 11636
f 11636 11637 11638
f 11639 11613 11640
f 11613 11611 11640
f 11640 11611 11641
f 11611 11609 11641
f 11641 11609 11642
f 11609 11607 11642
f 11642 11607 11643
f 11607 11605 11643
f 11643 11605 11644
f 11605 11603 11644
f 11644 11603 11645
f 11603 11601 11645
f 11645 11601 11646
f 11601 11599 11646
f 11646 11599 11647
f 11599 11597 11647
f 11647 11597 11648
f 11597 11595 11648
f 11648 11595 11649
f 11595 11593 11649
f 11649 11593 11650
f 11593 11591 11650
f 11650 11591 11651
f 11591 11589 11651
f 11651 11589 11652
f 11589 11586 11652
f 11652 11586 11653
f 11586 11585 11653
f 11653 11585 11654
f 11621 11655 11622
f 11655 11619 11622
f 11622 11619 11656
f 11619 11617 11656
f 11656 11617 11639
f 11617 11615 11639
f 11639 11615 11613
f 11637 11657 11638
f 11657 11658 11638
f 11638 11658 11659
f 11658 11660 11659
f 11659 11660 11624
f 11660 11661 11624
f 11624 11661 11625
f 11662 11663 11664
f 11663 11665 11664
f 11664 11665 11666
f 11665 11667 11666
f 11668 11669 11670
f 11669 11671 11670
f 11671 11672 11670
f 11672 11673 11670
f 11670 11673 11674
f 11673 11675 11674
f 11676 11677 11670
f 11670 11678 11679
f 11677 11680 11670
f 11680 11681 11670
f 11670 11681 11682
f 11682 11683 11670
f 11683 11684 11670
f 11670 11684 11678
f 11679 11685 11670
f 11685 11686 11670
f 11670 11686 11668
f 11687 11688 11689
f 11688 11690 11689
f 11690 11688 11673
f 11688 11691 11673
f 11673 11691 11675
f 11667 11665 11670
f 11665 11692 11670
f 11670 11692 11676
f 11693 11694 11687
f 11694 11695 11687
f 11687 11695 11688
f 11696 11697 11687
f 11697 11698 11687
f 11687 11698 11699
f 11699 11700 11687
f 11700 11701 11687
f 11687 11701 11693
f 11696 11687 11702
f 11687 11703 11702
f 11702 11703 11704
f 11665 11663 11705
f 11700 11621 11701
f 11621 11623 11701
f 11701 11623 11693
f 11623 11625 11693
f 11693 11625 11694
f 11625 11661 11694
f 11694 11661 11695
f 11661 11660 11695
f 11695 11660 11688
f 11660 11658 11688
f 11688 11658 11691
f 11658 11657 11691
f 11691 11657 11675
f 11657 11637 11675
f 11675 11637 11674
f 11637 11635 11674
f 11674 11635 11670
f 11635 11633 11670
f 11670 11633 11667
f 11633 11631 11667
f 11667 11631 11666
f 11631 11629 11666
f 11666 11629 11664
f 11629 11627 11664
f 11664 11627 11662
f 11706 11620 11619
f 11707 11708 11705
f 11708 11709 11705
f 11705 11709 11665
f 11709 11710 11665
f 11665 11710 11692
f 11710 11711 11692
f 11692 11711 11676
f 11711 11712 11676
f 11676 11712 11677
f 11712 11713 11677
f 11677 11713 11680
f 11713 11714 11680
f 11680 11714 11681
f 11714 11715 11681
f 11681 11715 11682
f 11715 11716 11682
f 11682 11716 11683
f 11716 11717 11683
f 11683 11717 11684
f 11717 11718 11684
f 11684 11718 11678
f 11718 11719 11678
f 11678 11719 11679
f 11719 11720 11679
f 11679 11720 11685
f 11720 11721 11685
f 11685 11721 11686
f 11721 11722 11686
f 11686 11722 11668
f 11722 11723 11668
f 11668 11723 11669
f 11723 11724 11669
f 11669 11724 11671
f 11724 11725 11671
f 11671 11725 11672
f 11725 11726 11672
f 11672 11726 11673
f 11726 11727 11673
f 11673 11727 11690
f 11727 11728 11690
f 11690 11728 11689
f 11728 11729 11689
f 11689 11729 11687
f 11729 11730 11687
f 11687 11730 11703
f 11730 11731 11703
f 11703 11731 11704
f 11731 11732 11704
f 11704 11732 11702
f 11732 11733 11702
f 11702 11733 11696
f 11733 11734 11696
f 11696 11734 11697
f 11734 11735 11697
f 11697 11735 11698
f 11735 11706 11698
f 11698 11706 11699
f 11706 11619 11699
f 11699 11619 11700
f 11619 11655 11700
f 11700 11655 11621
f 11736 11737 11738
f 11737 11739 11738
f 11738 11739 11705
f 11739 11707 11705
f 11740 11741 11742
f 11741 11743 11742
f 11742 11743 11744
f 11736 11745 11742
f 11745 11746 11742
f 11746 11747 11742
f 11747 11748 11742
f 11742 11748 11740
f 11749 11708 11707
f 11750 11751 11752
f 11751 11753 11752
f 11752 11753 11754
f 11755 11744 11754
f 11744 11756 11754
f 11754 11756 11752
f 11707 11739 11749
f 11739 11737 11749
f 11749 11737 11757
f 11737 11736 11757
f 11757 11736 11755
f 11736 11742 11755
f 11755 11742 11744
f 11725 11724 11758
f 11724 11723 11758
f 11758 11723 11722
f 11711 11710 11759
f 11733 11732 11579
f 11753 11751 11760
f 11761 11762 11763
f 11762 11764 11763
f 11620 11706 11618
f 11706 11735 11618
f 11618 11735 11616
f 11735 11614 11616
f 11732 11731 11579
f 11731 11730 11579
f 11579 11730 11729
f 11721 11765 11722
f 11765 11766 11722
f 11722 11766 11767
f 11755 11759 11757
f 11759 11710 11757
f 11757 11710 11749
f 11710 11709 11749
f 11749 11709 11708
f 11721 11720 11765
f 11720 11719 11765
f 11765 11719 11718
f 11715 11714 11765
f 11714 11713 11765
f 11765 11713 11712
f 11767 11768 11722
f 11768 11769 11722
f 11722 11769 11758
f 11769 11770 11758
f 11762 11771 11764
f 11771 11772 11764
f 11764 11772 11773
f 11772 11758 11773
f 11773 11758 11774
f 11758 11770 11774
f 11590 11592 11579
f 11592 11594 11579
f 11579 11594 11596
f 11729 11728 11579
f 11728 11727 11579
f 11579 11727 11758
f 11727 11726 11758
f 11758 11726 11725
f 11755 11754 11759
f 11754 11753 11759
f 11759 11753 11775
f 11753 11760 11775
f 11718 11717 11765
f 11717 11716 11765
f 11765 11716 11715
f 11596 11598 11579
f 11598 11600 11579
f 11579 11600 11602
f 11602 11604 11579
f 11604 11606 11579
f 11579 11606 11733
f 11606 11608 11733
f 11733 11608 11734
f 11608 11610 11734
f 11734 11610 11735
f 11610 11612 11735
f 11735 11612 11614
f 11711 11759 11712
f 11759 11776 11712
f 11712 11776 11765
f 11590 11579 11588
f 11579 11578 11588
f 11588 11578 11587
f 11761 11777 11778
f 11761 11778 11762
f 11778 11779 11762
f 11762 11779 11771
f 11779 11780 11771
f 11771 11780 11772
f 11780 11781 11772
f 11772 11781 11758
f 11782 11783 11781
f 11783 11579 11781
f 11781 11579 11758
f 11784 11785 11786
f 11785 11787 11786
f 11786 11787 11788
f 11787 11789 11788
f 11790 11791 11792
f 11782 11789 11783
f 11789 11787 11783
f 11783 11787 11785
f 11793 11794 11783
f 11785 11795 11783
f 11795 11796 11783
f 11783 11796 11793
f 11794 11797 11783
f 11797 11798 11783
f 11783 11798 11792
f 11798 11799 11792
f 11792 11799 11800
f 11800 11801 11792
f 11801 11802 11792
f 11792 11802 11790
f 11795 11785 11803
f 11785 11784 11803
f 11788 11789 11781
f 11789 11782 11781
f 11560 8134 11803
f 8134 8133 11803
f 11803 8133 11795
f 8153 11791 11804
f 11791 11790 11804
f 11804 11790 11805
f 11790 11802 11805
f 11805 11802 11806
f 11802 11801 11806
f 11806 11801 11807
f 11801 11800 11807
f 11807 11800 11577
f 11800 11799 11577
f 8124 11577 8125
f 11577 11799 8125
f 8125 11799 8128
f 11799 11798 8128
f 8128 11798 8141
f 11798 11797 8141
f 8141 11797 8145
f 11797 11794 8145
f 8145 11794 8147
f 11794 11793 8147
f 8147 11793 8133
f 11793 11796 8133
f 8133 11796 11795
f 8152 11808 8153
f 11808 11792 8153
f 8153 11792 11791
f 11809 8358 8300
f 11810 11811 11808
f 11811 11812 11808
f 11808 11812 11813
f 11814 11815 8322
f 8350 11808 8348
f 11808 8346 8348
f 8355 8198 8196
f 8155 8157 11816
f 8157 8159 11816
f 11816 8159 11817
f 8159 8161 11817
f 11808 8152 11810
f 8152 8155 11810
f 11810 8155 11818
f 8155 11816 11818
f 8302 11819 8300
f 11819 11820 8300
f 8300 11820 11809
f 8340 8342 11808
f 8342 8344 11808
f 11808 8344 8346
f 11814 8322 11813
f 8322 8324 11813
f 11813 8324 8326
f 8326 8328 11813
f 8328 8330 11813
f 11813 8330 8332
f 11815 8314 8316
f 8332 8334 11813
f 8334 8336 11813
f 11813 8336 11808
f 8336 8338 11808
f 11808 8338 8340
f 11808 8180 8178
f 8355 8196 8354
f 8196 8194 8354
f 8354 8194 8192
f 8316 8318 11815
f 8318 8320 11815
f 11815 8320 8322
f 8178 8176 11808
f 8176 8174 11808
f 11808 8174 8172
f 8308 8310 11815
f 8310 8312 11815
f 11815 8312 8314
f 8192 8190 8354
f 8190 8188 8354
f 8354 8188 8352
f 8188 8186 8352
f 8352 8186 8350
f 8186 8184 8350
f 8350 8184 11808
f 8184 8182 11808
f 11808 8182 8180
f 8172 8170 11808
f 8170 8168 11808
f 11808 8168 11821
f 8168 8165 11821
f 11821 8165 8163
f 8302 8304 11819
f 8304 8306 11819
f 11819 8306 11822
f 8306 8308 11822
f 11822 8308 11823
f 8308 11815 11823
f 11821 11824 11808
f 11783 11792 11579
f 11792 11808 11579
f 11579 11808 11580
f 11808 11824 11580
f 11582 11581 11578
f 11581 11587 11578
f 11578 11580 11582
f 11580 11824 11582
f 11582 11824 8270
f 11824 11821 8270
f 8270 11821 8162
f 11821 8163 8162
f 11825 11826 8278
f 8270 8272 11582
f 8272 8278 11582
f 11582 8278 11827
f 8278 11826 11827
f 8276 8275 8280
f 8278 8277 11825
f 8277 8276 11825
f 11825 8276 11828
f 8276 8280 11828
f 8280 8279 11828
f 8279 11829 11828
f 11828 11829 11825
f 11584 11582 11827
f 11825 11829 11826
f 11829 11830 11826
f 11826 11830 11827
f 11830 11831 11827
f 11827 11831 11584
f 11583 11584 11585
f 11584 11831 11585
f 11585 11831 11654
f 11831 11832 11654
f 11654 11832 11833
f 11654 11833 11653
f 11833 11834 11653
f 11653 11834 11652
f 11834 11835 11652
f 11652 11835 11651
f 11835 11836 11651
f 11651 11836 11650
f 11836 11837 11650
f 11650 11837 11649
f 11837 11838 11649
f 11649 11838 11648
f 11838 11839 11648
f 11648 11839 11647
f 11839 11840 11647
f 11647 11840 11646
f 11840 11841 11646
f 11646 11841 11645
f 11841 11842 11645
f 11645 11842 11644
f 11842 11843 11644
f 11644 11843 11643
f 11843 11844 11643
f 11643 11844 11642
f 11844 11845 11642
f 11642 11845 11641
f 11845 11846 11641
f 11641 11846 11640
f 11846 11847 11640
f 11640 11847 11639
f 11847 11848 11639
f 11639 11848 11656
f 11848 11849 11656
f 11656 11849 11622
f 11849 11850 11622
f 11622 11850 11624
f 11850 11851 11624
f 11624 11851 11659
f 11851 11852 11659
f 11659 11852 11638
f 11852 11853 11638
f 11638 11853 11636
f 11853 11854 11636
f 11636 11854 11634
f 11854 11855 11634
f 11634 11855 11632
f 11855 11856 11632
f 11632 11856 11630
f 11856 11857 11630
f 11630 11857 11628
f 11857 11858 11628
f 11628 11858 11626
f 11627 11626 11662
f 11626 11858 11662
f 11662 11858 11663
f 11858 11859 11663
f 11663 11859 11705
f 11859 11738 11705
f 11738 11859 11736
f 11859 11860 11736
f 11736 11860 11745
f 11745 11860 11746
f 11860 11861 11746
f 11746 11861 11747
f 11861 11862 11747
f 11747 11862 11748
f 11862 11863 11748
f 11748 11863 11740
f 11863 11864 11740
f 11740 11864 11741
f 11864 11865 11741
f 11741 11865 11743
f 11865 11866 11743
f 11743 11866 11744
f 11866 11867 11744
f 11744 11867 11868
f 11756 11744 11868
f 11756 11868 11752
f 11868 11869 11752
f 11752 11869 11750
f 11870 11871 11872
f 11870 11873 11874
f 11872 11875 11870
f 11875 11876 11870
f 11870 11876 11877
f 11874 11878 11870
f 11878 11879 11870
f 11870 11879 11880
f 11877 11881 11870
f 11881 11882 11870
f 11870 11882 11873
f 11883 11884 11885
f 11884 11886 11885
f 11885 11886 11887
f 11880 11888 11870
f 11888 11885 11870
f 11870 11885 11889
f 11885 11890 11889
f 11891 11885 11892
f 11885 11893 11892
f 11891 11894 11885
f 11894 11895 11885
f 11885 11895 11896
f 11896 11897 11885
f 11897 11898 11885
f 11885 11898 11883
f 11887 11899 11885
f 11899 11900 11885
f 11885 11900 11901
f 11885 11902 11893
f 11902 11903 11893
f 11893 11903 11904
f 11893 11905 11906
f 11901 11907 11885
f 11907 11908 11885
f 11885 11908 11890
f 11904 11909 11893
f 11909 11910 11893
f 11893 11910 11905
f 11906 11911 11893
f 11911 11912 11893
f 11893 11912 11913
f 11914 11915 11916
f 11915 11917 11916
f 11916 11917 11918
f 11918 11917 11919
f 11917 11920 11919
f 11919 11920 11921
f 11921 11920 11922
f 11920 11923 11922
f 11922 11923 11924
f 11924 11923 11925
f 11923 11926 11925
f 11925 11926 11927
f 11927 11926 11928
f 11926 11929 11928
f 11928 11929 11930
f 11930 11929 11931
f 11929 11932 11931
f 11931 11932 11933
f 11933 11932 11934
f 11932 11935 11934
f 11934 11935 11936
f 11936 11935 11937
f 11935 11938 11937
f 11937 11938 11939
f 11940 11941 11942
f 11943 11944 11945
f 11946 11947 11948
f 11949 11871 11870
f 11950 11951 11952
f 11953 11954 11955
f 11956 11957 11958
f 11959 11960 11961
f 11960 11962 11961
f 11961 11962 11963
f 11964 11965 11966
f 11967 11968 11969
f 11970 11971 11972
f 11973 11974 11975
f 11974 11976 11975
f 11977 11978 11979
f 11980 11981 11982
f 11981 11978 11982
f 11939 11983 11984
f 11983 11980 11984
f 11985 11986 11939
f 11986 11937 11939
f 11937 11986 11936
f 11986 11987 11936
f 11936 11987 11934
f 11934 11987 11933
f 11987 11988 11933
f 11933 11988 11931
f 11931 11988 11930
f 11988 11989 11930
f 11930 11989 11928
f 11928 11989 11927
f 11989 11990 11927
f 11927 11990 11925
f 11925 11990 11924
f 11990 11991 11924
f 11924 11991 11922
f 11922 11991 11921
f 11991 11992 11921
f 11921 11992 11919
f 11919 11992 11918
f 11992 11993 11918
f 11918 11993 11916
f 11916 11993 11914
f 11993 11994 11914
f 11914 11994 11957
f 11995 11996 11956
f 11997 11998 11996
f 11999 12000 12001
f 12000 12002 12001
f 12003 12004 12005
f 12004 11999 12005
f 12006 12007 12008
f 12007 12003 12008
f 12009 12010 12006
f 12011 12012 12013
f 12012 12010 12013
f 12014 12015 12016
f 12015 12011 12016
f 12017 12018 12019
f 12018 12014 12019
f 12020 12021 12017
f 12022 12023 12024
f 12023 11953 12024
f 12025 12026 12027
f 12028 12029 12030
f 12029 12031 12030
f 12032 12033 12034
f 12035 12036 12037
f 12038 12039 12040
f 12039 12041 12040
f 12042 12043 12044
f 12045 12046 12047
f 12046 12048 12047
f 12049 12050 11949
f 12051 12052 12053
f 12052 12054 12053
f 12053 12054 12050
f 12055 12056 12051
f 12057 12058 12059
f 12058 12056 12059
f 12060 12061 12057
f 12062 12063 12064
f 12063 12061 12064
f 12062 12064 12065
f 12064 12066 12065
f 12065 12066 12067
f 12066 12068 12067
f 12067 12068 12069
f 12070 12071 12072
f 12071 12073 12072
f 12072 12073 12074
f 11947 12070 12075
f 12070 12072 12075
f 12075 12072 12076
f 12072 12074 12076
f 12076 12074 12068
f 12074 12077 12068
f 12068 12077 12069
f 11946 11948 12078
f 11944 12079 12080
f 12079 12081 12080
f 12080 12081 12078
f 11943 11945 11941
f 11940 11942 12082
f 12083 12084 12082
f 12083 12085 12086
f 12084 12083 12087
f 12083 12086 12087
f 12087 12086 12088
f 11953 11955 12024
f 11955 12089 12024
f 12024 12089 12090
f 12089 12091 12090
f 12091 12092 12090
f 12090 12092 12093
f 12092 12094 12093
f 12094 12095 12093
f 12093 12095 12096
f 12095 12097 12096
f 12097 12098 12096
f 12096 12098 12099
f 12098 12100 12099
f 12100 12101 12099
f 12099 12101 12102
f 12101 12103 12102
f 12103 12104 12102
f 12102 12104 12105
f 12104 12106 12105
f 12106 12107 12105
f 12105 12107 12108
f 12107 12109 12108
f 12109 12110 12108
f 12108 12110 12111
f 12110 12112 12111
f 12112 12113 12111
f 12111 12113 12114
f 12113 12115 12114
f 12115 12116 12114
f 12114 12116 12117
f 12116 12118 12117
f 12118 12119 12117
f 12117 12119 12120
f 12119 12121 12120
f 12121 12122 12120
f 12120 12122 12123
f 12122 12124 12123
f 12124 12125 12123
f 12123 12125 12126
f 12125 12127 12126
f 12126 12127 12128
f 12127 12129 12128
f 12128 12129 12130
f 12129 12131 12130
f 12130 12131 12132
f 12131 12133 12132
f 12133 12134 12132
f 12132 12134 12135
f 12136 12137 12138
f 12137 12021 12138
f 12138 12021 12139
f 12021 12020 12139
f 12139 12020 12140
f 12020 12135 12140
f 12140 12135 12141
f 12135 12134 12141
f 11960 12142 11962
f 12142 12143 11962
f 11962 12143 12144
f 12143 12145 12144
f 12145 12146 12144
f 12144 12146 12147
f 12146 12148 12147
f 12147 12148 12149
f 12148 12150 12149
f 12150 12151 12149
f 12149 12151 12152
f 12151 12153 12152
f 12153 12154 12152
f 12152 12154 12155
f 12154 12156 12155
f 12156 12157 12155
f 12155 12157 12158
f 12157 12159 12158
f 12159 12160 12158
f 12158 12160 12161
f 12160 12162 12161
f 12162 12163 12161
f 12161 12163 12164
f 12163 12165 12164
f 12165 12166 12164
f 12164 12166 12167
f 12166 12168 12167
f 12168 12169 12167
f 12167 12169 12170
f 12169 12171 12170
f 12171 12172 12170
f 12170 12172 12173
f 12172 12174 12173
f 12174 12175 12173
f 12173 12175 12176
f 12175 12177 12176
f 12177 12178 12176
f 12176 12178 12083
f 12178 12179 12083
f 12083 12179 12085
f 12017 12019 12020
f 12019 12180 12020
f 12020 12180 12135
f 12180 12181 12135
f 12135 12181 12132
f 12181 12182 12132
f 12132 12182 12130
f 12182 12183 12130
f 12130 12183 12128
f 12183 12184 12128
f 12128 12184 12126
f 12184 12185 12126
f 12126 12185 12123
f 12185 12186 12123
f 12123 12186 12120
f 12186 12187 12120
f 12120 12187 12117
f 12187 12188 12117
f 12117 12188 12114
f 12188 12189 12114
f 12114 12189 12111
f 12189 12190 12111
f 12111 12190 12108
f 12190 12191 12108
f 12108 12191 12105
f 12191 12192 12105
f 12105 12192 12102
f 12192 12193 12102
f 12102 12193 12099
f 12193 12194 12099
f 12099 12194 12096
f 12194 12195 12096
f 12096 12195 12093
f 12195 12196 12093
f 12093 12196 12090
f 12196 12197 12090
f 12090 12197 12024
f 12197 12198 12024
f 12024 12198 12022
f 12082 12199 12083
f 12199 12200 12083
f 12083 12200 12176
f 12200 12201 12176
f 12176 12201 12173
f 12201 12202 12173
f 12173 12202 12170
f 12202 12203 12170
f 12170 12203 12167
f 12203 12204 12167
f 12167 12204 12164
f 12204 12205 12164
f 12164 12205 12161
f 12205 12206 12161
f 12161 12206 12158
f 12206 12207 12158
f 12158 12207 12155
f 12207 12208 12155
f 12155 12208 12152
f 12208 12209 12152
f 12152 12209 12149
f 12209 12210 12149
f 12149 12210 12147
f 12210 12211 12147
f 12147 12211 12144
f 12211 11964 12144
f 12144 11964 11962
f 11964 11966 11962
f 11962 11966 11963
f 12014 12016 12019
f 12016 12212 12019
f 12019 12212 12180
f 12212 12213 12180
f 12180 12213 12181
f 12213 12214 12181
f 12181 12214 12182
f 12214 12215 12182
f 12182 12215 12183
f 12215 12216 12183
f 12183 12216 12184
f 12216 12217 12184
f 12184 12217 12185
f 12217 12218 12185
f 12185 12218 12186
f 12218 12219 12186
f 12186 12219 12187
f 12219 12220 12187
f 12187 12220 12188
f 12220 12221 12188
f 12188 12221 12189
f 12221 12222 12189
f 12189 12222 12190
f 12222 12223 12190
f 12190 12223 12191
f 12223 12224 12191
f 12191 12224 12192
f 12224 12225 12192
f 12192 12225 12193
f 12225 12226 12193
f 12193 12226 12194
f 12226 12227 12194
f 12194 12227 12195
f 12227 12228 12195
f 12195 12228 12196
f 12228 12025 12196
f 12196 12025 12197
f 12025 12027 12197
f 12197 12027 12198
f 12082 11942 12199
f 11942 12229 12199
f 12199 12229 12200
f 12229 12230 12200
f 12200 12230 12201
f 12230 12231 12201
f 12201 12231 12202
f 12231 12232 12202
f 12202 12232 12203
f 12232 12233 12203
f 12203 12233 12204
f 12233 12234 12204
f 12204 12234 12205
f 12234 12235 12205
f 12205 12235 12206
f 12235 12236 12206
f 12206 12236 12207
f 12236 12237 12207
f 12207 12237 12208
f 12237 12238 12208
f 12208 12238 12209
f 12238 12239 12209
f 12209 12239 12210
f 12239 12240 12210
f 12210 12240 12211
f 12240 12241 12211
f 12211 12241 11964
f 12241 12242 11964
f 11964 12242 11965
f 12011 12013 12016
f 12013 12243 12016
f 12016 12243 12212
f 12243 12244 12212
f 12212 12244 12213
f 12244 12245 12213
f 12213 12245 12214
f 12245 12246 12214
f 12214 12246 12215
f 12246 12247 12215
f 12215 12247 12216
f 12247 12248 12216
f 12216 12248 12217
f 12248 12249 12217
f 12217 12249 12218
f 12249 12250 12218
f 12218 12250 12219
f 12250 12251 12219
f 12219 12251 12220
f 12251 12252 12220
f 12220 12252 12221
f 12252 12253 12221
f 12221 12253 12222
f 12253 12254 12222
f 12222 12254 12223
f 12254 12255 12223
f 12223 12255 12224
f 12255 12256 12224
f 12224 12256 12225
f 12256 12257 12225
f 12225 12257 12226
f 12257 12258 12226
f 12226 12258 12227
f 12258 12259 12227
f 12227 12259 12228
f 12259 12260 12228
f 12228 12260 12025
f 12260 12261 12025
f 12025 12261 12026
f 11941 11945 11942
f 11945 12262 11942
f 11942 12262 12229
f 12262 12263 12229
f 12229 12263 12230
f 12263 12264 12230
f 12230 12264 12231
f 12264 12265 12231
f 12231 12265 12232
f 12265 12266 12232
f 12232 12266 12233
f 12266 12267 12233
f 12233 12267 12234
f 12267 12268 12234
f 12234 12268 12235
f 12268 12269 12235
f 12235 12269 12236
f 12269 12270 12236
f 12236 12270 12237
f 12270 12271 12237
f 12237 12271 12238
f 12271 12272 12238
f 12238 12272 12239
f 12272 12273 12239
f 12239 12273 12240
f 12273 11967 12240
f 12240 11967 12241
f 11967 11969 12241
f 12241 11969 12242
f 12010 12009 12013
f 12009 12274 12013
f 12013 12274 12243
f 12274 12275 12243
f 12243 12275 12244
f 12275 12276 12244
f 12244 12276 12245
f 12276 12277 12245
f 12245 12277 12246
f 12277 12278 12246
f 12246 12278 12247
f 12278 12279 12247
f 12247 12279 12248
f 12279 12280 12248
f 12248 12280 12249
f 12280 12281 12249
f 12249 12281 12250
f 12281 12282 12250
f 12250 12282 12251
f 12282 12283 12251
f 12251 12283 12252
f 12283 12284 12252
f 12252 12284 12253
f 12284 12285 12253
f 12253 12285 12254
f 12285 12286 12254
f 12254 12286 12255
f 12286 12287 12255
f 12255 12287 12256
f 12287 12288 12256
f 12256 12288 12257
f 12288 12289 12257
f 12257 12289 12258
f 12289 12290 12258
f 12258 12290 12259
f 12290 12030 12259
f 12259 12030 12260
f 12030 12031 12260
f 12260 12031 12261
f 11944 12080 11945
f 12080 12291 11945
f 11945 12291 12262
f 12291 12292 12262
f 12262 12292 12263
f 12292 12293 12263
f 12263 12293 12264
f 12293 12294 12264
f 12264 12294 12265
f 12294 12295 12265
f 12265 12295 12266
f 12295 12296 12266
f 12266 12296 12267
f 12296 12297 12267
f 12267 12297 12268
f 12297 12298 12268
f 12268 12298 12269
f 12298 12299 12269
f 12269 12299 12270
f 12299 12300 12270
f 12270 12300 12271
f 12300 12301 12271
f 12271 12301 12272
f 12301 12302 12272
f 12272 12302 12273
f 12302 11970 12273
f 12273 11970 11967
f 11970 11972 11967
f 11967 11972 11968
f 12006 12008 12009
f 12008 12303 12009
f 12009 12303 12274
f 12303 12304 12274
f 12274 12304 12275
f 12304 12305 12275
f 12275 12305 12276
f 12305 12306 12276
f 12276 12306 12277
f 12306 12307 12277
f 12277 12307 12278
f 12307 12308 12278
f 12278 12308 12279
f 12308 12309 12279
f 12279 12309 12280
f 12309 12310 12280
f 12280 12310 12281
f 12310 12311 12281
f 12281 12311 12282
f 12311 12312 12282
f 12282 12312 12283
f 12312 12313 12283
f 12283 12313 12284
f 12313 12314 12284
f 12284 12314 12285
f 12314 12315 12285
f 12285 12315 12286
f 12315 12316 12286
f 12286 12316 12287
f 12316 12317 12287
f 12287 12317 12288
f 12317 12318 12288
f 12288 12318 12289
f 12318 12319 12289
f 12289 12319 12290
f 12319 12320 12290
f 12290 12320 12030
f 12320 12321 12030
f 12030 12321 12028
f 12078 12322 12080
f 12322 12323 12080
f 12080 12323 12291
f 12323 12324 12291
f 12291 12324 12292
f 12324 12325 12292
f 12292 12325 12293
f 12325 12326 12293
f 12293 12326 12294
f 12326 12327 12294
f 12294 12327 12295
f 12327 12328 12295
f 12295 12328 12296
f 12328 12329 12296
f 12296 12329 12297
f 12329 12330 12297
f 12297 12330 12298
f 12330 12331 12298
f 12298 12331 12299
f 12331 12332 12299
f 12299 12332 12300
f 12332 12333 12300
f 12300 12333 12301
f 12333 12334 12301
f 12301 12334 12302
f 12334 12335 12302
f 12302 12335 11970
f 12335 12336 11970
f 11970 12336 11971
f 12003 12005 12008
f 12005 12337 12008
f 12008 12337 12303
f 12337 12338 12303
f 12303 12338 12304
f 12338 12339 12304
f 12304 12339 12305
f 12339 12340 12305
f 12305 12340 12306
f 12340 12341 12306
f 12306 12341 12307
f 12341 12342 12307
f 12307 12342 12308
f 12342 12343 12308
f 12308 12343 12309
f 12343 12344 12309
f 12309 12344 12310
f 12344 12345 12310
f 12310 12345 12311
f 12345 12346 12311
f 12311 12346 12312
f 12346 12347 12312
f 12312 12347 12313
f 12347 12348 12313
f 12313 12348 12314
f 12348 12349 12314
f 12314 12349 12315
f 12349 12350 12315
f 12315 12350 12316
f 12350 12351 12316
f 12316 12351 12317
f 12351 12352 12317
f 12317 12352 12318
f 12352 12353 12318
f 12318 12353 12319
f 12353 12032 12319
f 12319 12032 12320
f 12032 12034 12320
f 12320 12034 12321
f 12078 11948 12322
f 11948 12354 12322
f 12322 12354 12323
f 12354 12355 12323
f 12323 12355 12324
f 12355 12356 12324
f 12324 12356 12325
f 12356 12357 12325
f 12325 12357 12326
f 12357 12358 12326
f 12326 12358 12327
f 12358 12359 12327
f 12327 12359 12328
f 12359 12360 12328
f 12328 12360 12329
f 12360 12361 12329
f 12329 12361 12330
f 12361 12362 12330
f 12330 12362 12331
f 12362 12363 12331
f 12331 12363 12332
f 12363 12364 12332
f 12332 12364 12333
f 12364 12365 12333
f 12333 12365 12334
f 12365 11975 12334
f 12334 11975 12335
f 11975 11976 12335
f 12335 11976 12336
f 11999 12001 12005
f 12001 12366 12005
f 12005 12366 12337
f 12366 12367 12337
f 12337 12367 12338
f 12367 12368 12338
f 12338 12368 12339
f 12368 12369 12339
f 12339 12369 12340
f 12369 12370 12340
f 12340 12370 12341
f 12370 12371 12341
f 12341 12371 12342
f 12371 12372 12342
f 12342 12372 12343
f 12372 12373 12343
f 12343 12373 12344
f 12373 12374 12344
f 12344 12374 12345
f 12374 12375 12345
f 12345 12375 12346
f 12375 12376 12346
f 12346 12376 12347
f 12376 12377 12347
f 12347 12377 12348
f 12377 12378 12348
f 12348 12378 12349
f 12378 12379 12349
f 12349 12379 12350
f 12379 12380 12350
f 12350 12380 12351
f 12380 12381 12351
f 12351 12381 12352
f 12381 12382 12352
f 12352 12382 12353
f 12382 12383 12353
f 12353 12383 12032
f 12383 12384 12032
f 12032 12384 12033
f 11947 12075 11948
f 12075 12385 11948
f 11948 12385 12354
f 12385 12386 12354
f 12354 12386 12355
f 12386 12387 12355
f 12355 12387 12356
f 12387 12388 12356
f 12356 12388 12357
f 12388 12389 12357
f 12357 12389 12358
f 12389 12390 12358
f 12358 12390 12359
f 12390 12391 12359
f 12359 12391 12360
f 12391 12392 12360
f 12360 12392 12361
f 12392 12393 12361
f 12361 12393 12362
f 12393 12394 12362
f 12362 12394 12363
f 12394 12395 12363
f 12363 12395 12364
f 12395 12396 12364
f 12364 12396 12365
f 12396 12397 12365
f 12365 12397 11975
f 12397 12398 11975
f 11975 12398 11973
f 11951 12399 11952
f 12399 12400 11952
f 11952 12400 12401
f 12399 12384 12400
f 12384 12383 12400
f 12400 12383 12401
f 12383 12382 12401
f 12401 12382 12402
f 12382 12381 12402
f 12402 12381 12403
f 12381 12380 12403
f 12403 12380 12404
f 12380 12379 12404
f 12404 12379 12405
f 12379 12378 12405
f 12405 12378 12406
f 12378 12377 12406
f 12406 12377 12407
f 12377 12376 12407
f 12407 12376 12408
f 12376 12375 12408
f 12408 12375 12409
f 12375 12374 12409
f 12409 12374 12410
f 12374 12373 12410
f 12410 12373 12411
f 12373 12372 12411
f 12411 12372 12412
f 12372 12371 12412
f 12412 12371 12413
f 12371 12370 12413
f 12413 12370 12414
f 12370 12369 12414
f 12414 12369 12415
f 12369 12368 12415
f 12415 12368 12416
f 12368 12367 12416
f 12416 12367 12417
f 12367 12366 12417
f 12417 12366 12418
f 12366 12001 12418
f 12418 12001 11997
f 12001 12002 11997
f 11997 12002 11998
f 11996 11995 11997
f 11995 12419 11997
f 11997 12419 12418
f 12419 12420 12418
f 12418 12420 12417
f 12420 12421 12417
f 12417 12421 12416
f 12421 12422 12416
f 12416 12422 12415
f 12422 12423 12415
f 12415 12423 12414
f 12423 12424 12414
f 12414 12424 12413
f 12424 12425 12413
f 12413 12425 12412
f 12425 12426 12412
f 12412 12426 12411
f 12426 12427 12411
f 12411 12427 12410
f 12427 12428 12410
f 12410 12428 12409
f 12428 12429 12409
f 12409 12429 12408
f 12429 12430 12408
f 12408 12430 12407
f 12430 12431 12407
f 12407 12431 12406
f 12431 12432 12406
f 12406 12432 12405
f 12432 12433 12405
f 12405 12433 12404
f 12433 12434 12404
f 12404 12434 12403
f 12434 12435 12403
f 12403 12435 12402
f 12435 12436 12402
f 12402 12436 12401
f 12436 12437 12401
f 12401 12437 11952
f 12437 12438 11952
f 11952 12438 11950
f 11978 11977 11982
f 11977 12439 11982
f 11982 12439 12440
f 12439 12441 12440
f 12440 12441 12442
f 12441 12443 12442
f 12442 12443 12444
f 12443 12445 12444
f 12444 12445 12446
f 12445 12447 12446
f 12446 12447 12448
f 12447 12449 12448
f 12448 12449 12450
f 12449 12451 12450
f 12450 12451 12452
f 12451 12453 12452
f 12452 12453 12454
f 12453 12455 12454
f 12454 12455 12456
f 12455 12457 12456
f 12456 12457 12458
f 12457 12459 12458
f 12458 12459 12460
f 12459 12461 12460
f 12460 12461 12462
f 11956 11958 11995
f 11958 12463 11995
f 11995 12463 12419
f 12463 12464 12419
f 12419 12464 12420
f 12464 12465 12420
f 12420 12465 12421
f 12465 12466 12421
f 12421 12466 12422
f 12466 12467 12422
f 12422 12467 12423
f 12467 12468 12423
f 12423 12468 12424
f 12468 12469 12424
f 12424 12469 12425
f 12469 12470 12425
f 12425 12470 12426
f 12470 12471 12426
f 12426 12471 12427
f 12471 12472 12427
f 12427 12472 12428
f 12472 12473 12428
f 12428 12473 12429
f 12473 12474 12429
f 12429 12474 12430
f 12474 12475 12430
f 12430 12475 12431
f 12475 12476 12431
f 12431 12476 12432
f 12476 12477 12432
f 12432 12477 12433
f 12477 12478 12433
f 12433 12478 12434
f 12478 12479 12434
f 12434 12479 12435
f 12479 12480 12435
f 12435 12480 12436
f 12480 12035 12436
f 12436 12035 12437
f 12035 12037 12437
f 12437 12037 12438
f 11980 11982 11984
f 11982 12440 11984
f 11984 12440 12481
f 12440 12442 12481
f 12481 12442 12482
f 12442 12444 12482
f 12482 12444 12483
f 12444 12446 12483
f 12483 12446 12484
f 12446 12448 12484
f 12484 12448 12485
f 12448 12450 12485
f 12485 12450 12486
f 12450 12452 12486
f 12486 12452 12487
f 12452 12454 12487
f 12487 12454 12488
f 12454 12456 12488
f 12488 12456 12489
f 12456 12458 12489
f 12489 12458 12490
f 12458 12460 12490
f 12490 12460 12491
f 12460 12462 12491
f 12491 12462 12492
f 11957 11994 11958
f 11994 12493 11958
f 11958 12493 12463
f 12493 12494 12463
f 12463 12494 12464
f 12494 12495 12464
f 12464 12495 12465
f 12495 12496 12465
f 12465 12496 12466
f 12496 12497 12466
f 12466 12497 12467
f 12497 12498 12467
f 12467 12498 12468
f 12498 12499 12468
f 12468 12499 12469
f 12499 12500 12469
f 12469 12500 12470
f 12500 12501 12470
f 12470 12501 12471
f 12501 12502 12471
f 12471 12502 12472
f 12502 12503 12472
f 12472 12503 12473
f 12503 12504 12473
f 12473 12504 12474
f 12504 12505 12474
f 12474 12505 12475
f 12505 12506 12475
f 12475 12506 12476
f 12506 12507 12476
f 12476 12507 12477
f 12507 12508 12477
f 12477 12508 12478
f 12508 12509 12478
f 12478 12509 12479
f 12509 12510 12479
f 12479 12510 12480
f 12510 12511 12480
f 12480 12511 12035
f 12511 12512 12035
f 12035 12512 12036
f 11939 11984 11985
f 11984 12481 11985
f 11985 12481 12513
f 12481 12482 12513
f 12513 12482 12514
f 12482 12483 12514
f 12514 12483 12515
f 12483 12484 12515
f 12515 12484 12516
f 12484 12485 12516
f 12516 12485 12517
f 12485 12486 12517
f 12517 12486 12518
f 12486 12487 12518
f 12518 12487 12519
f 12487 12488 12519
f 12519 12488 12520
f 12488 12489 12520
f 12520 12489 12521
f 12489 12490 12521
f 12521 12490 12522
f 12490 12491 12522
f 12522 12491 12523
f 12491 12492 12523
f 12523 12492 12524
f 12064 12524 12066
f 12524 12492 12066
f 12066 12492 12068
f 12492 12462 12068
f 12068 12462 12076
f 12462 12461 12076
f 12076 12461 12075
f 12461 12459 12075
f 12075 12459 12385
f 12459 12457 12385
f 12385 12457 12386
f 12457 12455 12386
f 12386 12455 12387
f 12455 12453 12387
f 12387 12453 12388
f 12453 12451 12388
f 12388 12451 12389
f 12451 12449 12389
f 12389 12449 12390
f 12449 12447 12390
f 12390 12447 12391
f 12447 12445 12391
f 12391 12445 12392
f 12445 12443 12392
f 12392 12443 12393
f 12443 12441 12393
f 12393 12441 12394
f 12441 12439 12394
f 12394 12439 12395
f 12439 11977 12395
f 12395 11977 12396
f 11977 11979 12396
f 12396 11979 12397
f 11979 12525 12397
f 12397 12525 12398
f 12061 12060 12064
f 12060 12526 12064
f 12064 12526 12524
f 12526 12527 12524
f 12524 12527 12523
f 12527 12528 12523
f 12523 12528 12522
f 12528 12529 12522
f 12522 12529 12521
f 12529 12530 12521
f 12521 12530 12520
f 12530 12531 12520
f 12520 12531 12519
f 12531 12532 12519
f 12519 12532 12518
f 12532 12533 12518
f 12518 12533 12517
f 12533 12534 12517
f 12517 12534 12516
f 12534 12535 12516
f 12516 12535 12515
f 12535 12536 12515
f 12515 12536 12514
f 12536 12537 12514
f 12514 12537 12513
f 12537 12538 12513
f 12513 12538 11985
f 12538 12539 11985
f 11985 12539 11986
f 12539 12540 11986
f 11986 12540 11987
f 12540 12541 11987
f 11987 12541 11988
f 12541 12542 11988
f 11988 12542 11989
f 12542 12543 11989
f 11989 12543 11990
f 12543 12544 11990
f 11990 12544 11991
f 12544 12545 11991
f 11991 12545 11992
f 12545 12546 11992
f 11992 12546 11993
f 12546 12547 11993
f 11993 12547 11994
f 12547 12548 11994
f 11994 12548 12493
f 12548 12549 12493
f 12493 12549 12494
f 12549 12550 12494
f 12494 12550 12495
f 12550 12551 12495
f 12495 12551 12496
f 12551 12552 12496
f 12496 12552 12497
f 12552 12553 12497
f 12497 12553 12498
f 12553 12554 12498
f 12498 12554 12499
f 12554 12555 12499
f 12499 12555 12500
f 12555 12556 12500
f 12500 12556 12501
f 12556 12557 12501
f 12501 12557 12502
f 12557 12558 12502
f 12502 12558 12503
f 12558 12559 12503
f 12503 12559 12504
f 12559 12560 12504
f 12504 12560 12505
f 12560 12561 12505
f 12505 12561 12506
f 12561 12562 12506
f 12506 12562 12507
f 12562 12563 12507
f 12507 12563 12508
f 12563 12564 12508
f 12508 12564 12509
f 12564 12565 12509
f 12509 12565 12510
f 12565 12040 12510
f 12510 12040 12511
f 12040 12041 12511
f 12511 12041 12512
f 12057 12059 12060
f 12059 12566 12060
f 12060 12566 12526
f 12566 12567 12526
f 12526 12567 12527
f 12567 12568 12527
f 12527 12568 12528
f 12568 12569 12528
f 12528 12569 12529
f 12569 12570 12529
f 12529 12570 12530
f 12570 12571 12530
f 12530 12571 12531
f 12571 12572 12531
f 12531 12572 12532
f 12572 12573 12532
f 12532 12573 12533
f 12573 12574 12533
f 12533 12574 12534
f 12574 12575 12534
f 12534 12575 12535
f 12575 12576 12535
f 12535 12576 12536
f 12576 12577 12536
f 12536 12577 12537
f 12577 12578 12537
f 12537 12578 12538
f 12578 12579 12538
f 12538 12579 12539
f 12579 12580 12539
f 12539 12580 12540
f 12580 12581 12540
f 12540 12581 12541
f 12581 12582 12541
f 12541 12582 12542
f 12582 12583 12542
f 12542 12583 12543
f 12583 12584 12543
f 12543 12584 12544
f 12584 12585 12544
f 12544 12585 12545
f 12585 12586 12545
f 12545 12586 12546
f 12586 12587 12546
f 12546 12587 12547
f 12587 12588 12547
f 12547 12588 12548
f 12588 12589 12548
f 12548 12589 12549
f 12589 12590 12549
f 12549 12590 12550
f 12590 12591 12550
f 12550 12591 12551
f 12591 12592 12551
f 12551 12592 12552
f 12592 12593 12552
f 12552 12593 12553
f 12593 12594 12553
f 12553 12594 12554
f 12594 12595 12554
f 12554 12595 12555
f 12595 12596 12555
f 12555 12596 12556
f 12596 12597 12556
f 12556 12597 12557
f 12597 12598 12557
f 12557 12598 12558
f 12598 12599 12558
f 12558 12599 12559
f 12599 12600 12559
f 12559 12600 12560
f 12600 12601 12560
f 12560 12601 12561
f 12601 12602 12561
f 12561 12602 12562
f 12602 12603 12562
f 12562 12603 12563
f 12603 12604 12563
f 12563 12604 12564
f 12604 12605 12564
f 12564 12605 12565
f 12605 12606 12565
f 12565 12606 12040
f 12606 12607 12040
f 12040 12607 12038
f 12056 12055 12059
f 12055 12608 12059
f 12059 12608 12566
f 12608 12609 12566
f 12566 12609 12567
f 12609 12610 12567
f 12567 12610 12568
f 12610 12611 12568
f 12568 12611 12569
f 12611 12612 12569
f 12569 12612 12570
f 12612 12613 12570
f 12570 12613 12571
f 12613 12614 12571
f 12571 12614 12572
f 12614 12615 12572
f 12572 12615 12573
f 12615 12616 12573
f 12573 12616 12574
f 12616 12617 12574
f 12574 12617 12575
f 12617 12618 12575
f 12575 12618 12576
f 12618 12619 12576
f 12576 12619 12577
f 12619 12620 12577
f 12577 12620 12578
f 12620 12621 12578
f 12578 12621 12579
f 12621 12622 12579
f 12579 12622 12580
f 12622 12623 12580
f 12580 12623 12581
f 12623 12624 12581
f 12581 12624 12582
f 12624 12625 12582
f 12582 12625 12583
f 12625 12626 12583
f 12583 12626 12584
f 12626 12627 12584
f 12584 12627 12585
f 12627 12628 12585
f 12585 12628 12586
f 12628 12629 12586
f 12586 12629 12587
f 12629 12630 12587
f 12587 12630 12588
f 12630 12631 12588
f 12588 12631 12589
f 12631 12632 12589
f 12589 12632 12590
f 12632 12633 12590
f 12590 12633 12591
f 12633 12634 12591
f 12591 12634 12592
f 12634 12635 12592
f 12592 12635 12593
f 12635 12636 12593
f 12593 12636 12594
f 12636 12637 12594
f 12594 12637 12595
f 12637 12638 12595
f 12595 12638 12596
f 12638 12639 12596
f 12596 12639 12597
f 12639 12640 12597
f 12597 12640 12598
f 12640 12641 12598
f 12598 12641 12599
f 12641 12642 12599
f 12599 12642 12600
f 12642 12643 12600
f 12600 12643 12601
f 12643 12644 12601
f 12601 12644 12602
f 12644 12645 12602
f 12602 12645 12603
f 12645 12646 12603
f 12603 12646 12604
f 12646 12647 12604
f 12604 12647 12605
f 12647 12042 12605
f 12605 12042 12606
f 12042 12044 12606
f 12606 12044 12607
f 12051 12053 12055
f 12053 12648 12055
f 12055 12648 12608
f 12648 12649 12608
f 12608 12649 12609
f 12649 12650 12609
f 12609 12650 12610
f 12650 12651 12610
f 12610 12651 12611
f 12651 12652 12611
f 12611 12652 12612
f 12652 12653 12612
f 12612 12653 12613
f 12653 12654 12613
f 12613 12654 12614
f 12654 12655 12614
f 12614 12655 12615
f 12655 12656 12615
f 12615 12656 12616
f 12656 12657 12616
f 12616 12657 12617
f 12657 12658 12617
f 12617 12658 12618
f 12658 12659 12618
f 12618 12659 12619
f 12659 12660 12619
f 12619 12660 12620
f 12660 12661 12620
f 12620 12661 12621
f 12661 12662 12621
f 12621 12662 12622
f 12662 12663 12622
f 12622 12663 12623
f 12663 12664 12623
f 12623 12664 12624
f 12664 12665 12624
f 12624 12665 12625
f 12665 12666 12625
f 12625 12666 12626
f 12666 12667 12626
f 12626 12667 12627
f 12667 12668 12627
f 12627 12668 12628
f 12668 12669 12628
f 12628 12669 12629
f 12669 12670 12629
f 12629 12670 12630
f 12670 12671 12630
f 12630 12671 12631
f 12671 12672 12631
f 12631 12672 12632
f 12672 12673 12632
f 12632 12673 12633
f 12673 12674 12633
f 12633 12674 12634
f 12674 12675 12634
f 12634 12675 12635
f 12675 12676 12635
f 12635 12676 12636
f 12676 12677 12636
f 12636 12677 12637
f 12677 12678 12637
f 12637 12678 12638
f 12678 12679 12638
f 12638 12679 12639
f 12679 12680 12639
f 12639 12680 12640
f 12680 12681 12640
f 12640 12681 12641
f 12681 12682 12641
f 12641 12682 12642
f 12682 12683 12642
f 12642 12683 12643
f 12683 12684 12643
f 12643 12684 12644
f 12684 12685 12644
f 12644 12685 12645
f 12685 12686 12645
f 12645 12686 12646
f 12686 12687 12646
f 12646 12687 12647
f 12687 12688 12647
f 12647 12688 12042
f 12688 12689 12042
f 12042 12689 12043
f 12050 12049 12053
f 12049 12690 12053
f 12053 12690 12648
f 12690 12691 12648
f 12648 12691 12649
f 12691 12692 12649
f 12649 12692 12650
f 12692 12693 12650
f 12650 12693 12651
f 12693 12694 12651
f 12651 12694 12652
f 12694 12695 12652
f 12652 12695 12653
f 12695 12696 12653
f 12653 12696 12654
f 12696 12697 12654
f 12654 12697 12655
f 12697 12698 12655
f 12655 12698 12656
f 12698 12699 12656
f 12656 12699 12657
f 12699 12700 12657
f 12657 12700 12658
f 12700 12701 12658
f 12658 12701 12659
f 12701 12702 12659
f 12659 12702 12660
f 12702 12703 12660
f 12660 12703 12661
f 12703 12704 12661
f 12661 12704 12662
f 12704 12705 12662
f 12662 12705 12663
f 12705 12706 12663
f 12663 12706 12664
f 12706 12707 12664
f 12664 12707 12665
f 12707 12708 12665
f 12665 12708 12666
f 12708 12709 12666
f 12666 12709 12667
f 12709 12710 12667
f 12667 12710 12668
f 12710 12711 12668
f 12668 12711 12669
f 12711 12712 12669
f 12669 12712 12670
f 12712 12713 12670
f 12670 12713 12671
f 12713 12714 12671
f 12671 12714 12672
f 12714 12715 12672
f 12672 12715 12673
f 12715 12716 12673
f 12673 12716 12674
f 12716 12717 12674
f 12674 12717 12675
f 12717 12718 12675
f 12675 12718 12676
f 12718 12719 12676
f 12676 12719 12677
f 12719 12720 12677
f 12677 12720 12678
f 12720 12721 12678
f 12678 12721 12679
f 12721 12722 12679
f 12679 12722 12680
f 12722 12723 12680
f 12680 12723 12681
f 12723 12724 12681
f 12681 12724 12682
f 12724 12725 12682
f 12682 12725 12683
f 12725 12726 12683
f 12683 12726 12684
f 12726 12727 12684
f 12684 12727 12685
f 12727 12728 12685
f 12685 12728 12686
f 12728 12729 12686
f 12686 12729 12687
f 12729 12047 12687
f 12687 12047 12688
f 12047 12048 12688
f 12688 12048 12689
f 11949 11870 12049
f 11870 11889 12049
f 12049 11889 12690
f 11889 11890 12690
f 12690 11890 12691
f 11890 11908 12691
f 12691 11908 12692
f 11908 11907 12692
f 12692 11907 12693
f 11907 11901 12693
f 12693 11901 12694
f 11901 11900 12694
f 12694 11900 12695
f 11900 11899 12695
f 12695 11899 12696
f 11899 11887 12696
f 12696 11887 12697
f 11887 11886 12697
f 12697 11886 12698
f 11886 11884 12698
f 12698 11884 12699
f 11884 11883 12699
f 12699 11883 12700
f 11883 11898 12700
f 12700 11898 12701
f 11898 11897 12701
f 12701 11897 12702
f 11897 11896 12702
f 12702 11896 12703
f 11896 11895 12703
f 12703 11895 12704
f 11895 11894 12704
f 12704 11894 12705
f 11894 11891 12705
f 12705 11891 12706
f 11891 11892 12706
f 12706 11892 12707
f 11892 11893 12707
f 12707 11893 12708
f 11893 11913 12708
f 12708 11913 12709
f 11913 11912 12709
f 12709 11912 12710
f 11912 11911 12710
f 12710 11911 12711
f 11911 11906 12711
f 12711 11906 12712
f 11906 11905 12712
f 12712 11905 12713
f 11905 11910 12713
f 12713 11910 12714
f 11910 11909 12714
f 12714 11909 12715
f 11909 11904 12715
f 12715 11904 12716
f 11904 11903 12716
f 12716 11903 12717
f 11903 11902 12717
f 12717 11902 12718
f 11902 11885 12718
f 12718 11885 12719
f 11885 11888 12719
f 12719 11888 12720
f 11888 11880 12720
f 12720 11880 12721
f 11880 11879 12721
f 12721 11879 12722
f 11879 11878 12722
f 12722 11878 12723
f 11878 11874 12723
f 12723 11874 12724
f 11874 11873 12724
f 12724 11873 12725
f 11873 11882 12725
f 12725 11882 12726
f 11882 11881 12726
f 12726 11881 12727
f 11881 11877 12727
f 12727 11877 12728
f 11877 11876 12728
f 12728 11876 12729
f 11876 11875 12729
f 12729 11875 12047
f 11875 11872 12047
f 12047 11872 12045
f 12730 12018 12017
f 11956 11996 12730
f 12003 12007 12730
f 12007 12006 12730
f 12017 12021 12730
f 12021 12137 12730
f 12730 12137 12136
f 12006 12010 12730
f 12010 12012 12730
f 12730 12012 12011
f 11915 11914 12730
f 11914 11957 12730
f 12730 11957 11956
f 11996 11998 12730
f 11998 12002 12730
f 12730 12002 12000
f 12011 12015 12730
f 12015 12014 12730
f 12730 12014 12018
f 12000 11999 12730
f 11999 12004 12730
f 12730 12004 12003
f 12731 11938 12732
f 11938 11935 12732
f 12732 11935 12733
f 11935 11932 12733
f 12733 11932 12734
f 11932 11929 12734
f 12734 11929 12735
f 11929 11926 12735
f 12735 11926 12736
f 11926 11923 12736
f 12736 11923 12737
f 11923 11920 12737
f 12737 11920 12730
f 11920 11917 12730
f 12730 11917 11915
f 12242 11969 12731
f 12242 12731 11965
f 11971 12336 12731
f 12336 11976 12731
f 12731 11976 11974
f 11969 11968 12731
f 11968 11972 12731
f 12731 11972 11971
f 11974 11973 12731
f 11973 12398 12731
f 12731 12398 12525
f 11939 11938 11983
f 11938 12731 11983
f 11983 12731 11980
f 12731 11981 11980
f 12731 11959 11961
f 12525 11979 12731
f 11979 11978 12731
f 12731 11978 11981
f 11961 11963 12731
f 11963 11966 12731
f 12731 11966 11965
f 11777 11761 11763
f 11959 12731 12732
f 11959 12738 11960
f 12738 12739 11960
f 11960 12739 12142
f 12739 11777 12142
f 12142 11777 12143
f 11777 11763 12143
f 12143 11763 12145
f 11763 11764 12145
f 12145 11764 12146
f 12146 11764 12148
f 11764 11773 12148
f 12148 11773 12150
f 12150 11773 12151
f 11773 11774 12151
f 12151 11774 12153
f 12153 11774 12154
f 11774 11770 12154
f 12154 11770 12156
f 12156 11770 12157
f 11770 11769 12157
f 12157 11769 12159
f 12159 11769 12160
f 11769 11768 12160
f 12160 11768 12162
f 12162 11768 12163
f 11768 11767 12163
f 12163 11767 12165
f 12165 11767 12166
f 11767 11766 12166
f 12166 11766 12168
f 12168 11766 12169
f 11766 11765 12169
f 12169 11765 12171
f 12171 11765 12172
f 11765 11776 12172
f 12172 11776 12174
f 12174 11776 12175
f 11776 11759 12175
f 12175 11759 12177
f 12177 11759 12178
f 11759 11775 12178
f 12178 11775 12179
f 11751 11750 11760
f 11750 11869 11760
f 12179 11775 12085
f 11775 11760 12085
f 12085 11760 12086
f 11760 11869 12086
f 12086 11869 12088
f 12737 12730 12136
f 11959 12732 12738
f 12732 12733 12738
f 12738 12733 12740
f 12733 12734 12740
f 12740 12734 12741
f 12734 12735 12741
f 12741 12735 12742
f 12735 12736 12742
f 12742 12736 12743
f 12736 12737 12743
f 12743 12737 12744
f 12737 12136 12744
f 12744 12136 12745
f 12136 12138 12745
f 12138 12139 12745
f 12745 12139 12746
f 12139 12140 12746
f 12140 12141 12746
f 12746 12141 12747
f 12141 12134 12747
f 12134 12133 12747
f 12747 12133 12748
f 12133 12131 12748
f 12131 12129 12748
f 12748 12129 12749
f 12129 12127 12749
f 12749 12127 12750
f 12127 12125 12750
f 12750 12125 12751
f 12125 12124 12751
f 12751 12124 12752
f 12124 12122 12752
f 12752 12122 12753
f 12122 12754 12753
f 12122 12121 12754
f 12121 12119 12754
f 12754 12119 12755
f 12119 12118 12755
f 12118 12116 12755
f 12755 12116 12756
f 12116 12115 12756
f 12115 12113 12756
f 12113 12112 12756
f 12756 12112 12757
f 12112 12110 12757
f 12110 12109 12757
f 12757 12109 12758
f 12109 12107 12758
f 12107 12106 12758
f 12758 12106 12759
f 12106 12104 12759
f 12104 12103 12759
f 12759 12103 12760
f 12103 12101 12760
f 12101 12100 12760
f 12760 12100 12761
f 12100 12098 12761
f 12098 12097 12761
f 12761 12097 12762
f 12097 12095 12762
f 12095 12094 12762
f 12762 12094 12763
f 12094 12092 12763
f 12092 12091 12763
f 12763 12091 12764
f 11954 12765 11955
f 12765 12764 11955
f 11955 12764 12089
f 12764 12091 12089
f 12766 12767 8432
f 12767 12768 8432
f 8362 12766 8364
f 12766 8432 8364
f 8364 8432 8366
f 8432 8403 8366
f 11940 12082 11867
f 12261 12031 8362
f 12689 12048 12766
f 12048 12046 12766
f 12046 12045 12766
f 12045 11872 12766
f 12766 11872 11871
f 11871 11949 12766
f 11949 12050 12766
f 12766 12050 12054
f 12054 12052 12766
f 12052 12051 12766
f 12766 12051 12056
f 11869 11868 12088
f 11868 12087 12088
f 12038 8362 12039
f 8362 12041 12039
f 12056 12058 12766
f 12058 12057 12766
f 12766 12057 12061
f 11867 12082 11868
f 12082 12084 11868
f 11868 12084 12087
f 12384 12399 8362
f 12399 11951 8362
f 11951 11950 8362
f 11950 12438 8362
f 8362 12438 12037
f 12038 12607 8362
f 12607 12044 8362
f 8362 12044 12766
f 12044 12043 12766
f 12766 12043 12689
f 12037 12036 8362
f 12036 12512 8362
f 8362 12512 12041
f 12061 12063 12766
f 12063 12062 12766
f 12766 12062 12065
f 12065 12067 12766
f 12067 12069 12766
f 12766 12069 12077
f 11953 12023 8362
f 12023 12022 8362
f 8362 12022 12198
f 12031 12029 8362
f 12029 12028 8362
f 8362 12028 12321
f 12321 12034 8362
f 12034 12033 8362
f 8362 12033 12384
f 12078 12081 11867
f 12081 12079 11867
f 11867 12079 11944
f 8360 12765 8362
f 12765 11954 8362
f 8362 11954 11953
f 12198 12027 8362
f 12027 12026 8362
f 8362 12026 12261
f 12070 11947 11867
f 11947 11946 11867
f 11867 11946 12078
f 12077 12074 12766
f 12074 12073 12766
f 12766 12073 11867
f 12073 12071 11867
f 11867 12071 12070
f 11944 11943 11867
f 11943 11941 11867
f 11867 11941 11940
f 12769 8432 12770
f 8432 12768 12770
f 12771 12772 8460
f 12772 12773 8460
f 8460 12773 12774
f 12769 12775 8432
f 12775 12776 8432
f 8432 12776 8433
f 12776 12777 8433
f 8433 12777 8434
f 12777 12778 8434
f 8434 12778 8435
f 12778 12779 8435
f 8435 12779 8436
f 12779 12780 8436
f 8436 12780 8437
f 12780 12781 8437
f 8437 12781 8438
f 12781 12782 8438
f 8438 12782 8439
f 12782 12783 8439
f 8439 12783 8440
f 12783 12784 8440
f 8440 12784 8441
f 12784 12785 8441
f 8441 12785 8442
f 12785 12786 8442
f 8442 12786 8443
f 12786 12787 8443
f 8443 12787 8444
f 12787 12788 8444
f 8444 12788 8445
f 12788 12789 8445
f 8445 12789 8446
f 12789 12790 8446
f 8446 12790 8447
f 12790 12791 8447
f 8447 12791 8448
f 12791 12792 8448
f 8448 12792 8449
f 12792 12793 8449
f 8449 12793 8450
f 12793 12794 8450
f 8450 12794 8451
f 12794 12795 8451
f 8451 12795 8452
f 12795 12796 8452
f 8452 12796 8453
f 12796 12797 8453
f 8453 12797 8454
f 12797 12798 8454
f 8454 12798 8455
f 12798 12799 8455
f 8455 12799 8456
f 12799 12800 8456
f 8456 12800 8457
f 12800 12801 8457
f 8457 12801 8458
f 12801 12802 8458
f 8458 12802 8459
f 12802 12803 8459
f 8459 12803 8460
f 12803 12804 8460
f 8460 12804 12771
f 12805 12774 12773
f 12805 12773 12806
f 12773 12772 12806
f 12806 12772 12807
f 12772 12771 12807
f 12807 12771 12808
f 12771 12804 12808
f 12808 12804 12809
f 12804 12803 12809
f 12809 12803 12810
f 12803 12802 12810
f 12810 12802 12811
f 12802 12801 12811
f 12811 12801 12812
f 12801 12800 12812
f 12812 12800 12813
f 12800 12799 12813
f 12813 12799 12814
f 12799 12798 12814
f 12814 12798 12815
f 12798 12797 12815
f 12815 12797 12816
f 12797 12796 12816
f 12816 12796 12817
f 12796 12795 12817
f 12817 12795 12818
f 12795 12794 12818
f 12818 12794 12819
f 12794 12793 12819
f 12819 12793 12820
f 12793 12792 12820
f 12820 12792 12821
f 12792 12791 12821
f 12821 12791 12822
f 12791 12790 12822
f 12822 12790 12823
f 12790 12789 12823
f 12823 12789 12824
f 12789 12788 12824
f 12824 12788 12825
f 12788 12787 12825
f 12825 12787 12826
f 12787 12786 12826
f 12826 12786 12827
f 12786 12785 12827
f 12827 12785 12828
f 12785 12784 12828
f 12828 12784 12829
f 12784 12783 12829
f 12829 12783 12830
f 12783 12782 12830
f 12830 12782 12831
f 12782 12781 12831
f 12831 12781 12832
f 12781 12780 12832
f 12832 12780 12833
f 12780 12779 12833
f 12833 12779 12834
f 12779 12778 12834
f 12834 12778 12835
f 12778 12777 12835
f 12835 12777 12836
f 12777 12776 12836
f 12836 12776 12837
f 12776 12775 12837
f 12837 12775 12838
f 12775 12769 12838
f 12838 12769 12839
f 12769 12770 12839
f 12839 12770 12840
f 12770 12768 12840
f 12840 12768 12767
f 12841 12842 12843
f 12842 12844 12843
f 12843 12844 12845
f 12844 12846 12845
f 12845 12846 12847
f 12846 12848 12847
f 12847 12848 12849
f 12848 12850 12849
f 12849 12850 12851
f 12850 12852 12851
f 12851 12852 12853
f 12852 12854 12853
f 12853 12854 12855
f 12854 12856 12855
f 12855 12856 12857
f 12856 12858 12857
f 12857 12858 12859
f 12858 12860 12859
f 12859 12860 12861
f 12860 12862 12861
f 12859 12861 12841
f 12841 12843 12859
f 12843 12845 12859
f 12859 12845 12847
f 12847 12849 12859
f 12849 12851 12859
f 12859 12851 12857
f 12851 12853 12857
f 12857 12853 12855
f 8460 12774 12805
f 12863 8464 8500
f 8464 8462 8500
f 8601 8502 12862
f 8502 8500 12862
f 12862 8500 12861
f 8500 8462 12861
f 12861 8462 12841
f 8462 8402 12841
f 12841 8402 8401
f 12805 12842 8460
f 12842 12841 8460
f 8460 12841 8411
f 12841 8401 8411
f 12863 8500 8510
f 12863 8510 12864
f 8510 8512 12864
f 12864 8512 12865
f 8512 8514 12865
f 12865 8514 12866
f 8514 8516 12866
f 12866 8516 12867
f 8516 8518 12867
f 12867 8518 12868
f 8518 8520 12868
f 12868 8520 12869
f 8520 8522 12869
f 12869 8522 12870
f 8522 8524 12870
f 12870 8524 12871
f 8524 8526 12871
f 12871 8526 12872
f 8526 8528 12872
f 12872 8528 12873
f 8528 8530 12873
f 12873 8530 12874
f 8530 8532 12874
f 12874 8532 12875
f 8532 8534 12875
f 12875 8534 12876
f 8534 8536 12876
f 12876 8536 12877
f 8536 8538 12877
f 12877 8538 12878
f 8538 8540 12878
f 12878 8540 12879
f 8540 8542 12879
f 12879 8542 12880
f 8542 8544 12880
f 12880 8544 12881
f 8544 8546 12881
f 12881 8546 12882
f 8546 8548 12882
f 12882 8548 12883
f 8548 8550 12883
f 12883 8550 12884
f 8550 8552 12884
f 12884 8552 12885
f 8552 8554 12885
f 12885 8554 12886
f 8554 8556 12886
f 12886 8556 12887
f 8556 8558 12887
f 12887 8558 12888
f 8558 8560 12888
f 12888 8560 12889
f 8560 8562 12889
f 12889 8562 12890
f 8562 8505 12890
f 12890 8505 12891
f 12890 12891 12892
f 12886 12887 12892
f 12863 12864 8464
f 12864 12865 8464
f 12882 12883 8465
f 12883 12884 8465
f 8465 12884 12892
f 12884 12885 12892
f 12892 12885 12886
f 12887 12888 12892
f 12888 12889 12892
f 12892 12889 12890
f 12865 12866 8464
f 12866 12867 8464
f 8464 12867 8463
f 12867 12868 8463
f 12868 12869 8463
f 8463 12869 8498
f 12869 8496 8498
f 12871 8490 12870
f 8490 8492 12870
f 12870 8492 12869
f 8492 8494 12869
f 12869 8494 8496
f 12882 8465 12881
f 8465 8468 12881
f 12881 8468 12880
f 8468 8470 12880
f 12880 8470 12879
f 8470 8472 12879
f 12879 8472 12878
f 8472 8474 12878
f 12878 8474 12877
f 8474 8476 12877
f 12877 8476 12876
f 8476 8478 12876
f 12876 8478 12875
f 8478 8480 12875
f 12875 8480 12874
f 8480 8482 12874
f 12874 8482 12873
f 8482 8484 12873
f 12873 8484 12872
f 8484 8486 12872
f 12872 8486 12871
f 8486 8488 12871
f 12871 8488 8490
f 8465 12892 8466
f 12892 12893 8466
f 12894 12895 12896
f 12895 12897 12896
f 12898 188 12899
f 188 187 12899
f 12899 187 12900
f 187 50 12900
f 12900 50 12901
f 50 49 12901
f 12901 49 12902
f 49 140 12902
f 12902 140 12903
f 140 139 12903
f 12903 139 12904
f 139 107 12904
f 12904 107 12905
f 107 106 12905
f 12905 106 12906
f 106 249 12906
f 12906 249 12907
f 249 250 12907
f 12907 250 12908
f 250 294 12908
f 12908 294 12909
f 294 293 12909
f 12909 293 12910
f 293 290 12910
f 12910 290 12911
f 290 291 12911
f 12911 291 12912
f 291 292 12912
f 12912 292 12913
f 292 358 12913
f 12913 358 12914
f 358 357 12914
f 12914 357 12915
f 357 341 12915
f 12915 341 12916
f 341 340 12916
f 12916 340 12917
f 340 354 12917
f 12917 354 12918
f 354 353 12918
f 12918 353 12919
f 353 339 12919
f 12919 339 12920
f 339 338 12920
f 12920 338 12921
f 338 337 12921
f 12921 337 12922
f 337 289 12922
f 12922 289 12923
f 289 288 12923
f 12923 288 12924
f 288 287 12924
f 12924 287 12925
f 287 47 12925
f 12925 47 12926
f 47 48 12926
f 12926 48 12927
f 48 260 12927
f 12927 260 12928
f 260 259 12928
f 12928 259 12929
f 259 206 12929
f 12929 206 12930
f 206 205 12930
f 12930 205 12931
f 205 204 12931
f 12931 204 12932
f 204 203 12932
f 12932 203 12933
f 203 347 12933
f 12933 347 12934
f 347 346 12934
f 12934 346 12935
f 346 345 12935
f 12935 345 12936
f 345 308 12936
f 12936 308 12937
f 308 307 12937
f 12937 307 12938
f 307 306 12938
f 12938 306 12939
f 306 361 12939
f 12939 361 12940
f 361 362 12940
f 12940 362 12941
f 362 369 12941
f 12941 369 12942
f 369 384 12942
f 12942 384 12943
f 384 364 12943
f 12943 364 12944
f 364 373 12944
f 12944 373 12945
f 373 375 12945
f 12945 375 12946
f 375 343 12946
f 12946 343 12947
f 343 342 12947
f 12947 342 12948
f 342 356 12948
f 12948 356 12949
f 356 363 12949
f 12949 363 12950
f 363 267 12950
f 12950 267 12951
f 267 256 12951
f 12951 256 12952
f 256 257 12952
f 12952 257 12953
f 257 258 12953
f 12953 258 12954
f 258 321 12954
f 12954 321 12955
f 321 320 12955
f 12955 320 12956
f 320 255 12956
f 12956 255 12957
f 255 254 12957
f 12957 254 12958
f 254 253 12958
f 12958 253 12959
f 253 297 12959
f 12959 297 12960
f 297 296 12960
f 12960 296 12961
f 296 295 12961
f 12961 295 12962
f 295 194 12962
f 12962 194 12963
f 194 193 12963
f 12963 193 12964
f 193 192 12964
f 12964 192 12965
f 192 191 12965
f 12965 191 12966
f 191 252 12966
f 12966 252 12967
f 252 251 12967
f 12967 251 12968
f 251 190 12968
f 12968 190 12969
f 190 189 12969
f 12969 189 12898
f 189 188 12898
f 12970 12913 12971
f 12913 12914 12971
f 12971 12914 12972
f 12914 12915 12972
f 12972 12915 12973
f 12915 12916 12973
f 12973 12916 12974
f 12916 12917 12974
f 12974 12917 12975
f 12917 12918 12975
f 12975 12918 12976
f 12918 12919 12976
f 12976 12919 12977
f 12919 12920 12977
f 12977 12920 12978
f 12920 12921 12978
f 12978 12921 12979
f 12921 12922 12979
f 12979 12922 12980
f 12922 12923 12980
f 12980 12923 12981
f 12923 12924 12981
f 12981 12924 12982
f 12924 12925 12982
f 12982 12925 12983
f 12925 12926 12983
f 12983 12926 12984
f 12926 12927 12984
f 12984 12927 12985
f 12927 12928 12985
f 12985 12928 12986
f 12928 12929 12986
f 12986 12929 12987
f 12929 12930 12987
f 12987 12930 12988
f 12930 12931 12988
f 12988 12931 12989
f 12931 12932 12989
f 12989 12932 12990
f 12932 12933 12990
f 12990 12933 12991
f 12933 12934 12991
f 12991 12934 12992
f 12934 12935 12992
f 12992 12935 12993
f 12935 12936 12993
f 12993 12936 12994
f 12936 12937 12994
f 12994 12937 12995
f 12937 12938 12995
f 12995 12938 12996
f 12938 12939 12996
f 12996 12939 12997
f 12939 12940 12997
f 12997 12940 12998
f 12940 12941 12998
f 12998 12941 12999
f 12941 12942 12999
f 12999 12942 13000
f 12942 12943 13000
f 13000 12943 13001
f 12943 12944 13001
f 13001 12944 13002
f 12944 12945 13002
f 13002 12945 13003
f 12945 12946 13003
f 13003 12946 13004
f 12946 12947 13004
f 13004 12947 13005
f 12947 12948 13005
f 13005 12948 13006
f 12948 12949 13006
f 13006 12949 13007
f 12949 12950 13007
f 13007 12950 13008
f 12950 12951 13008
f 13008 12951 13009
f 12951 12952 13009
f 13009 12952 13010
f 12952 12953 13010
f 13010 12953 13011
f 12953 12954 13011
f 13011 12954 13012
f 12954 12955 13012
f 13012 12955 13013
f 12955 12956 13013
f 13013 12956 13014
f 12956 12957 13014
f 13014 12957 13015
f 12957 12958 13015
f 13015 12958 13016
f 12958 12959 13016
f 13016 12959 13017
f 12959 12960 13017
f 13017 12960 13018
f 12960 12961 13018
f 13018 12961 13019
f 12961 12962 13019
f 13019 12962 13020
f 12962 12963 13020
f 13020 12963 13021
f 12963 12964 13021
f 13021 12964 13022
f 12964 12965 13022
f 13022 12965 13023
f 12965 12966 13023
f 13023 12966 13024
f 12966 12967 13024
f 13024 12967 13025
f 12967 12968 13025
f 13025 12968 13026
f 12968 12969 13026
f 13026 12969 13027
f 12969 12898 13027
f 13027 12898 13028
f 12898 12899 13028
f 13028 12899 13029
f 12899 12900 13029
f 13029 12900 13030
f 12900 12901 13030
f 13030 12901 13031
f 12901 12902 13031
f 13031 12902 13032
f 12902 12903 13032
f 13032 12903 13033
f 12903 12904 13033
f 13033 12904 13034
f 12904 12905 13034
f 13034 12905 13035
f 12905 12906 13035
f 13035 12906 13036
f 12906 12907 13036
f 13036 12907 13037
f 12907 12908 13037
f 13037 12908 13038
f 12908 12909 13038
f 13038 12909 13039
f 12909 12910 13039
f 13039 12910 13040
f 12910 12911 13040
f 13040 12911 13041
f 12911 12912 13041
f 13041 12912 12970
f 12912 12913 12970
f 13042 12990 13043
f 12990 12991 13043
f 13043 12991 13044
f 12991 12992 13044
f 13044 12992 13045
f 12992 12993 13045
f 13045 12993 13046
f 12993 12994 13046
f 13046 12994 13047
f 12994 12995 13047
f 13047 12995 13048
f 12995 12996 13048
f 13048 12996 13049
f 12996 12997 13049
f 13049 12997 13050
f 12997 12998 13050
f 13050 12998 13051
f 12998 12999 13051
f 13051 12999 13052
f 12999 13000 13052
f 13052 13000 13053
f 13000 13001 13053
f 13053 13001 13054
f 13001 13002 13054
f 13054 13002 13055
f 13002 13003 13055
f 13055 13003 13056
f 13003 13004 13056
f 13056 13004 13057
f 13004 13005 13057
f 13057 13005 13058
f 13005 13006 13058
f 13058 13006 13059
f 13006 13007 13059
f 13059 13007 13060
f 13007 13008 13060
f 13060 13008 13061
f 13008 13009 13061
f 13061 13009 13062
f 13009 13010 13062
f 13062 13010 13063
f 13010 13011 13063
f 13063 13011 13064
f 13011 13012 13064
f 13064 13012 13065
f 13012 13013 13065
f 13065 13013 13066
f 13013 13014 13066
f 13066 13014 13067
f 13014 13015 13067
f 13067 13015 13068
f 13015 13016 13068
f 13068 13016 13069
f 13016 13017 13069
f 13069 13017 13070
f 13017 13018 13070
f 13070 13018 13071
f 13018 13019 13071
f 13071 13019 13072
f 13019 13020 13072
f 13072 13020 13073
f 13020 13021 13073
f 13073 13021 13074
f 13021 13022 13074
f 13074 13022 13075
f 13022 13023 13075
f 13075 13023 13076
f 13023 13024 13076
f 13076 13024 13077
f 13024 13025 13077
f 13077 13025 13078
f 13025 13026 13078
f 13078 13026 13079
f 13026 13027 13079
f 13079 13027 13080
f 13027 13028 13080
f 13080 13028 13081
f 13028 13029 13081
f 13081 13029 13082
f 13029 13030 13082
f 13082 13030 13083
f 13030 13031 13083
f 13083 13031 13084
f 13031 13032 13084
f 13084 13032 13085
f 13032 13033 13085
f 13085 13033 13086
f 13033 13034 13086
f 13086 13034 13087
f 13034 13035 13087
f 13087 13035 13088
f 13035 13036 13088
f 13088 13036 13089
f 13036 13037 13089
f 13089 13037 13090
f 13037 13038 13090
f 13090 13038 13091
f 13038 13039 13091
f 13091 13039 13092
f 13039 13040 13092
f 13092 13040 13093
f 13040 13041 13093
f 13093 13041 13094
f 13041 12970 13094
f 13094 12970 13095
f 12970 12971 13095
f 13095 12971 13096
f 12971 12972 13096
f 13096 12972 13097
f 12972 12973 13097
f 13097 12973 13098
f 12973 12974 13098
f 13098 12974 13099
f 12974 12975 13099
f 13099 12975 13100
f 12975 12976 13100
f 13100 12976 13101
f 12976 12977 13101
f 13101 12977 13102
f 12977 12978 13102
f 13102 12978 13103
f 12978 12979 13103
f 13103 12979 13104
f 12979 12980 13104
f 13104 12980 13105
f 12980 12981 13105
f 13105 12981 13106
f 12981 12982 13106
f 13106 12982 13107
f 12982 12983 13107
f 13107 12983 13108
f 12983 12984 13108
f 13108 12984 13109
f 12984 12985 13109
f 13109 12985 13110
f 12985 12986 13110
f 13110 12986 13111
f 12986 12987 13111
f 13111 12987 13112
f 12987 12988 13112
f 13112 12988 13113
f 12988 12989 13113
f 13113 12989 13042
f 12989 12990 13042
f 13066 13114 13065
f 13114 13115 13065
f 13065 13115 13064
f 13115 13116 13064
f 13064 13116 13063
f 13116 13117 13063
f 13063 13117 13062
f 13117 13118 13062
f 13062 13118 13061
f 13118 13119 13061
f 13061 13119 13060
f 13119 13120 13060
f 13060 13120 13059
f 13120 13121 13059
f 13059 13121 13058
f 13121 13122 13058
f 13058 13122 13057
f 13122 13123 13057
f 13057 13123 13056
f 13123 13124 13056
f 13056 13124 13055
f 13124 13125 13055
f 13055 13125 13054
f 13125 13126 13054
f 13054 13126 13053
f 13126 13127 13053
f 13053 13127 13052
f 13127 13128 13052
f 13052 13128 13051
f 13128 13129 13051
f 13051 13129 13050
f 13129 13130 13050
f 13050 13130 13049
f 13130 13131 13049
f 13049 13131 13048
f 13131 13132 13048
f 13048 13132 13047
f 13132 13133 13047
f 13047 13133 13046
f 13133 13134 13046
f 13046 13134 13045
f 13134 13135 13045
f 13045 13135 13044
f 13135 13136 13044
f 13044 13136 13043
f 13136 13137 13043
f 13043 13137 13042
f 13137 13138 13042
f 13042 13138 13113
f 13138 13139 13113
f 13113 13139 13112
f 13139 13140 13112
f 13112 13140 13111
f 13140 13141 13111
f 13111 13141 13110
f 13141 13142 13110
f 13110 13142 13109
f 13142 13143 13109
f 13109 13143 13108
f 13143 13144 13108
f 13108 13144 13107
f 13144 13145 13107
f 13107 13145 13106
f 13145 13146 13106
f 13106 13146 13105
f 13146 13147 13105
f 13105 13147 13104
f 13147 13148 13104
f 13104 13148 13103
f 13148 13149 13103
f 13103 13149 13102
f 13149 13150 13102
f 13102 13150 13101
f 13150 13151 13101
f 13101 13151 13100
f 13151 13152 13100
f 13100 13152 13099
f 13152 13153 13099
f 13099 13153 13098
f 13153 13154 13098
f 13098 13154 13097
f 13154 13155 13097
f 13097 13155 13096
f 13155 13156 13096
f 13096 13156 13095
f 13156 13157 13095
f 13095 13157 13094
f 13157 13158 13094
f 13094 13158 13093
f 13158 13159 13093
f 13093 13159 13092
f 13159 13160 13092
f 13092 13160 13091
f 13160 13161 13091
f 13091 13161 13090
f 13161 13162 13090
f 13090 13162 13089
f 13162 13163 13089
f 13089 13163 13088
f 13163 13164 13088
f 13088 13164 13087
f 13164 13165 13087
f 13087 13165 13086
f 13165 13166 13086
f 13086 13166 13085
f 13166 13167 13085
f 13085 13167 13084
f 13167 13168 13084
f 13084 13168 13083
f 13168 13169 13083
f 13083 13169 13082
f 13169 13170 13082
f 13082 13170 13081
f 13170 13171 13081
f 13081 13171 13080
f 13171 13172 13080
f 13080 13172 13079
f 13172 13173 13079
f 13079 13173 13078
f 13173 13174 13078
f 13078 13174 13077
f 13174 13175 13077
f 13077 13175 13076
f 13175 13176 13076
f 13076 13176 13075
f 13176 13177 13075
f 13075 13177 13074
f 13177 13178 13074
f 13074 13178 13073
f 13178 13179 13073
f 13073 13179 13072
f 13179 13180 13072
f 13072 13180 13071
f 13180 13181 13071
f 13071 13181 13070
f 13181 13182 13070
f 13070 13182 13069
f 13182 13183 13069
f 13069 13183 13068
f 13183 13184 13068
f 13068 13184 13067
f 13184 13185 13067
f 13067 13185 13066
f 13185 13114 13066
f 13174 13186 13175
f 13186 13187 13175
f 13175 13187 13176
f 13187 13188 13176
f 13176 13188 13177
f 13188 13189 13177
f 13177 13189 13178
f 13189 13190 13178
f 13178 13190 13179
f 13190 13191 13179
f 13179 13191 13180
f 13191 13192 13180
f 13180 13192 13181
f 13192 13193 13181
f 13181 13193 13182
f 13193 13194 13182
f 13182 13194 13183
f 13194 13195 13183
f 13183 13195 13184
f 13195 13196 13184
f 13184 13196 13185
f 13196 13197 13185
f 13185 13197 13114
f 13197 13198 13114
f 13114 13198 13115
f 13198 13199 13115
f 13115 13199 13116
f 13199 13200 13116
f 13116 13200 13117
f 13200 13201 13117
f 13117 13201 13118
f 13201 13202 13118
f 13118 13202 13119
f 13202 13203 13119
f 13119 13203 13120
f 13203 13204 13120
f 13120 13204 13121
f 13204 13205 13121
f 13121 13205 13122
f 13205 13206 13122
f 13122 13206 13123
f 13206 13207 13123
f 13123 13207 13124
f 13207 13208 13124
f 13124 13208 13125
f 13208 13209 13125
f 13125 13209 13126
f 13209 13210 13126
f 13126 13210 13127
f 13210 13211 13127
f 13127 13211 13128
f 13211 13212 13128
f 13128 13212 13129
f 13212 13213 13129
f 13129 13213 13130
f 13213 13214 13130
f 13130 13214 13131
f 13214 13215 13131
f 13131 13215 13132
f 13215 13216 13132
f 13132 13216 13133
f 13216 13217 13133
f 13133 13217 13134
f 13217 13218 13134
f 13134 13218 13135
f 13218 13219 13135
f 13135 13219 13136
f 13219 13220 13136
f 13136 13220 13137
f 13220 13221 13137
f 13137 13221 13138
f 13221 13222 13138
f 13138 13222 13139
f 13222 13223 13139
f 13139 13223 13140
f 13223 13224 13140
f 13140 13224 13141
f 13224 13225 13141
f 13141 13225 13142
f 13225 13226 13142
f 13142 13226 13143
f 13226 13227 13143
f 13143 13227 13144
f 13227 13228 13144
f 13144 13228 13145
f 13228 13229 13145
f 13145 13229 13146
f 13229 13230 13146
f 13146 13230 13147
f 13230 13231 13147
f 13147 13231 13148
f 13231 13232 13148
f 13148 13232 13149
f 13232 13233 13149
f 13149 13233 13150
f 13233 13234 13150
f 13150 13234 13151
f 13234 13235 13151
f 13151 13235 13152
f 13235 13236 13152
f 13152 13236 13153
f 13236 13237 13153
f 13153 13237 13154
f 13237 13238 13154
f 13154 13238 13155
f 13238 13239 13155
f 13155 13239 13156
f 13239 13240 13156
f 13156 13240 13157
f 13240 13241 13157
f 13157 13241 13158
f 13241 13242 13158
f 13158 13242 13159
f 13242 13243 13159
f 13159 13243 13160
f 13243 13244 13160
f 13160 13244 13161
f 13244 13245 13161
f 13161 13245 13162
f 13245 13246 13162
f 13162 13246 13163
f 13246 13247 13163
f 13163 13247 13164
f 13247 13248 13164
f 13164 13248 13165
f 13248 13249 13165
f 13165 13249 13166
f 13249 13250 13166
f 13166 13250 13167
f 13250 13251 13167
f 13167 13251 13168
f 13251 13252 13168
f 13168 13252 13169
f 13252 13253 13169
f 13169 13253 13170
f 13253 13254 13170
f 13170 13254 13171
f 13254 13255 13171
f 13171 13255 13172
f 13255 13256 13172
f 13172 13256 13173
f 13256 13257 13173
f 13173 13257 13174
f 13257 13186 13174
f 12895 12894 13240
f 13240 12894 13241
f 8362 8364 8361
f 8364 8363 8361
f 13228 13227 8368
f 13227 13226 8368
f 13226 13225 8368
f 13225 13224 8368
f 8368 13224 13223
f 8495 8493 13228
f 13258 13201 13259
f 13201 13200 13259
f 13203 8363 13204
f 8363 13205 13204
f 13258 8361 13201
f 8361 8363 13201
f 13201 8363 13202
f 8363 13203 13202
f 13230 8483 13231
f 8483 8481 13231
f 13231 8481 13232
f 8481 8479 13232
f 13232 8479 13233
f 8479 8477 13233
f 13233 8477 13234
f 8477 8475 13234
f 13234 8475 13235
f 8475 8473 13235
f 13235 8473 13236
f 8473 8471 13236
f 13236 8471 13237
f 8471 8469 13237
f 13237 8469 13238
f 8469 8467 13238
f 13238 8467 13239
f 8467 8466 13239
f 13239 8466 13240
f 8466 12893 13240
f 13240 12893 12895
f 8402 8462 8368
f 8462 8461 8368
f 8368 8461 13228
f 8461 8497 13228
f 13228 8497 8495
f 8493 8491 13228
f 8491 8489 13228
f 13228 8489 13229
f 8489 8487 13229
f 13229 8487 13230
f 8487 8485 13230
f 13230 8485 8483
f 13223 13222 8368
f 13222 13221 8368
f 8368 13221 8369
f 13221 13220 8369
f 8369 13220 8371
f 13220 13219 8371
f 8371 13219 8373
f 13219 13218 8373
f 8373 13218 8375
f 13218 13217 8375
f 8375 13217 8377
f 13217 13216 8377
f 8377 13216 8379
f 13216 13215 8379
f 8379 13215 8381
f 13215 13214 8381
f 8381 13214 8383
f 13214 13213 8383
f 13205 8363 13206
f 8363 8399 13206
f 13206 8399 13207
f 8399 8397 13207
f 13207 8397 13208
f 8397 8395 13208
f 13208 8395 13209
f 8395 8393 13209
f 13209 8393 13210
f 8393 8391 13210
f 13210 8391 13211
f 8391 8389 13211
f 13211 8389 13212
f 8389 8387 13212
f 13212 8387 13213
f 8387 8385 13213
f 13213 8385 8383
f 13241 12894 13242
f 12894 13260 13242
f 13242 13260 13243
f 13260 13261 13243
f 13243 13261 13244
f 13261 13262 13244
f 13244 13262 13245
f 13262 13263 13245
f 13245 13263 13246
f 13263 13264 13246
f 13246 13264 13247
f 13264 13265 13247
f 13247 13265 13248
f 13265 13266 13248
f 13248 13266 13249
f 13266 13267 13249
f 13249 13267 13250
f 13267 13268 13250
f 13250 13268 13251
f 13268 13269 13251
f 13251 13269 13252
f 13269 13270 13252
f 13252 13270 13253
f 13270 13271 13253
f 13253 13271 13254
f 13271 13272 13254
f 13254 13272 13255
f 13272 13273 13255
f 13255 13273 13256
f 13273 13274 13256
f 13256 13274 13257
f 13274 13275 13257
f 13257 13275 13186
f 13275 13276 13186
f 13276 13277 13186
f 13186 13277 13187
f 13277 13278 13187
f 13187 13278 13188
f 13278 13279 13188
f 13188 13279 13189
f 13279 13280 13189
f 13189 13280 13190
f 13280 13281 13190
f 13190 13281 13191
f 13281 13282 13191
f 13191 13282 13192
f 13282 13283 13192
f 13192 13283 13193
f 13283 13284 13193
f 13193 13284 13194
f 13284 13285 13194
f 13194 13285 13195
f 13285 13286 13195
f 13195 13286 13196
f 13286 13287 13196
f 13196 13287 13197
f 13287 13288 13197
f 13197 13288 13198
f 13288 13289 13198
f 13198 13289 13199
f 13289 13290 13199
f 13199 13290 13200
f 13290 13291 13200
f 13200 13291 13259
f 8359 8361 13258
f 8359 13258 13292
f 13258 13259 13292
f 13292 13259 13293
f 13259 13291 13293
f 13293 13291 13294
f 13291 13290 13294
f 13294 13290 13295
f 13290 13289 13295
f 13295 13289 13296
f 13289 13288 13296
f 13296 13288 13297
f 13288 13287 13297
f 13297 13287 13298
f 13287 13286 13298
f 13298 13286 13299
f 13286 13285 13299
f 13299 13285 13300
f 13285 13284 13300
f 13300 13284 13301
f 13284 13283 13301
f 13301 13283 13302
f 13283 13282 13302
f 13302 13282 13303
f 13282 13281 13303
f 13303 13281 13304
f 13281 13280 13304
f 13304 13280 13305
f 13280 13279 13305
f 13305 13279 13306
f 13279 13278 13306
f 13306 13278 13307
f 13278 13277 13307
f 13307 13277 13308
f 13277 13276 13308
f 13308 13276 13309
f 13276 13275 13309
f 13309 13275 13310
f 13275 13274 13310
f 13310 13274 13311
f 13274 13273 13311
f 13311 13273 13312
f 13273 13272 13312
f 13312 13272 13313
f 13272 13271 13313
f 13313 13271 13314
f 13271 13270 13314
f 13314 13270 13315
f 13270 13269 13315
f 13315 13269 13316
f 13269 13268 13316
f 13316 13268 13317
f 13268 13267 13317
f 13317 13267 13318
f 13267 13266 13318
f 13318 13266 13319
f 13266 13265 13319
f 13319 13265 13320
f 13265 13264 13320
f 13320 13264 13321
f 13264 13263 13321
f 13321 13263 13322
f 13263 13262 13322
f 13322 13262 13323
f 13262 13261 13323
f 13323 13261 13324
f 13261 13260 13324
f 13324 13260 13325
f 13260 12894 13325
f 13325 12894 12896
f 12762 12763 8360
f 12763 12764 8360
f 8360 12764 12765
f 13326 13327 12897
f 13327 13328 12897
f 11569 11568 13329
f 13330 13331 13324
f 12758 12759 8359
f 12759 12760 8359
f 8359 12760 8360
f 12760 12761 8360
f 8360 12761 12762
f 13328 13332 12897
f 13332 13333 12897
f 12897 13333 12896
f 13333 13334 12896
f 12896 13334 13335
f 13335 13336 12896
f 13336 13330 12896
f 12896 13330 13325
f 13330 13324 13325
f 11564 11563 13337
f 11563 11562 13337
f 13329 11568 13338
f 8158 8156 11805
f 12743 12744 13306
f 12758 8359 12757
f 8359 13292 12757
f 12757 13292 12756
f 13307 13308 13339
f 13308 13309 13339
f 13309 13310 13339
f 13339 13310 13340
f 11568 11567 13338
f 11567 11566 13338
f 13338 11566 13337
f 11566 11565 13337
f 13337 11565 11564
f 13341 13314 13342
f 13314 13315 13342
f 13342 13315 13343
f 13315 13316 13343
f 13343 13316 13344
f 13310 13311 13340
f 13311 13312 13340
f 13340 13312 13341
f 13312 13313 13341
f 13341 13313 13314
f 13307 13339 13306
f 13339 13345 13306
f 13306 13345 11788
f 11803 11784 11560
f 11784 11786 11560
f 11560 11786 11555
f 11786 11561 11555
f 11806 13346 11805
f 13346 13347 11805
f 11805 13347 8158
f 13347 8160 8158
f 8156 8154 11805
f 8154 8153 11805
f 11805 8153 11804
f 11562 11561 13337
f 11561 11786 13337
f 13337 11786 13348
f 11786 11788 13348
f 13348 11788 13349
f 11788 13345 13349
f 11806 11807 13346
f 11807 11577 13346
f 13346 11577 13329
f 11577 11576 13329
f 13329 11576 11575
f 12738 11788 12739
f 11788 11781 12739
f 12739 11781 11780
f 11780 11779 12739
f 11779 11778 12739
f 12739 11778 11777
f 12738 12740 11788
f 12740 12741 11788
f 11788 12741 13306
f 12741 12742 13306
f 13306 12742 12743
f 13292 13293 12756
f 13293 13294 12756
f 12756 13294 12755
f 13294 13295 12755
f 12755 13295 12754
f 13295 13296 12754
f 12754 13296 12753
f 13296 13297 12753
f 12753 13297 12752
f 13297 13298 12752
f 12752 13298 12751
f 13316 13317 13344
f 13317 13318 13344
f 13344 13318 13350
f 13318 13319 13350
f 13350 13319 13351
f 13319 13320 13351
f 13351 13320 13352
f 13320 13321 13352
f 13352 13321 13353
f 13321 13322 13353
f 13353 13322 13331
f 13322 13323 13331
f 13331 13323 13324
f 11555 11556 11557
f 11575 11574 13329
f 11574 11573 13329
f 13329 11573 11572
f 12744 12745 13306
f 12745 12746 13306
f 13306 12746 12747
f 13298 13299 12751
f 13299 13300 12751
f 12751 13300 12750
f 13300 13301 12750
f 12750 13301 12749
f 13301 13302 12749
f 12749 13302 12748
f 11557 11558 11555
f 11558 11559 11555
f 11555 11559 11560
f 11572 11571 13329
f 11571 11570 13329
f 13329 11570 11569
f 13302 13303 12748
f 13303 13304 12748
f 12748 13304 12747
f 13304 13305 12747
f 12747 13305 13306
f 13354 13355 13356
f 13355 13357 13356
f 13358 13359 13357
f 13359 13360 13357
f 13360 13361 13357
f 13357 13361 13362
f 13362 13363 13357
f 13363 13364 13357
f 13357 13364 13356
f 13365 13366 13367
f 13368 13369 13370
f 13358 13357 13367
f 13357 13371 13367
f 13367 13371 13365
f 13372 13373 13374
f 13373 13375 13374
f 13374 13375 13376
f 13372 13374 13370
f 13374 13377 13370
f 13370 13377 13368
f 13366 13378 13367
f 13378 13379 13367
f 13367 13379 13380
f 13369 13381 13370
f 13381 13367 13370
f 13370 13367 13382
f 13367 13380 13382
f 13383 13384 13385
f 13386 13387 13375
f 13387 13388 13375
f 13375 13388 13376
f 13389 13390 13385
f 13386 13391 13387
f 13391 13385 13387
f 13387 13385 13392
f 13385 13384 13392
f 13389 13385 13393
f 13385 13394 13393
f 13393 13394 13395
f 13390 13396 13385
f 13396 13397 13385
f 13385 13397 13383
f 13398 13399 13400
f 13401 13402 13403
f 13404 13405 13406
f 13407 13408 13409
f 13410 13411 13412
f 13413 13414 13415
f 13354 13356 13416
f 13356 13417 13416
f 13416 13417 13418
f 13417 13419 13418
f 13418 13419 13420
f 13421 13422 13423
f 13422 13424 13423
f 13423 13424 13419
f 13424 13425 13419
f 13419 13425 13420
f 13426 13427 13428
f 13427 13429 13428
f 13428 13429 13430
f 13429 13431 13430
f 13430 13431 13421
f 13431 13432 13421
f 13421 13432 13422
f 13426 13428 13433
f 13428 13434 13433
f 13433 13434 13435
f 13434 13436 13435
f 13435 13436 13437
f 13438 13439 13440
f 13439 13441 13440
f 13440 13441 13442
f 13414 13438 13443
f 13438 13440 13443
f 13443 13440 13444
f 13440 13442 13444
f 13444 13442 13436
f 13442 13445 13436
f 13436 13445 13437
f 13413 13415 13446
f 13411 13447 13448
f 13447 13449 13448
f 13448 13449 13446
f 13410 13412 13408
f 13407 13409 13450
f 13451 13452 13453
f 13452 13454 13453
f 13453 13454 13450
f 13455 13456 13457
f 13456 13458 13457
f 13457 13458 13459
f 13458 13460 13459
f 13461 13462 13463
f 13464 13465 13466
f 13465 13467 13466
f 13468 13469 13470
f 13404 13406 13402
f 13471 13472 13473
f 13472 13401 13473
f 13474 13475 13471
f 13399 13476 13477
f 13476 13478 13477
f 13477 13478 13475
f 13479 13480 13481
f 13480 13398 13481
f 13482 13483 13479
f 13355 13484 13485
f 13484 13486 13485
f 13485 13486 13483
f 13456 13487 13458
f 13487 13488 13458
f 13458 13488 13489
f 13488 13490 13489
f 13490 13491 13489
f 13489 13491 13492
f 13491 13493 13492
f 13493 13494 13492
f 13492 13494 13495
f 13494 13496 13495
f 13496 13497 13495
f 13495 13497 13498
f 13497 13499 13498
f 13499 13500 13498
f 13498 13500 13501
f 13500 13502 13501
f 13502 13503 13501
f 13501 13503 13504
f 13503 13505 13504
f 13505 13506 13504
f 13504 13506 13507
f 13506 13508 13507
f 13508 13509 13507
f 13507 13509 13510
f 13509 13511 13510
f 13511 13512 13510
f 13510 13512 13513
f 13512 13514 13513
f 13514 13515 13513
f 13513 13515 13516
f 13515 13517 13516
f 13517 13518 13516
f 13516 13518 13519
f 13518 13520 13519
f 13520 13521 13519
f 13519 13521 13522
f 13521 13523 13522
f 13523 13524 13522
f 13522 13524 13525
f 13524 13526 13525
f 13526 13527 13525
f 13525 13527 13528
f 13527 13529 13528
f 13529 13530 13528
f 13528 13530 13531
f 13530 13532 13531
f 13532 13533 13531
f 13531 13533 13534
f 13533 13535 13534
f 13535 13536 13534
f 13534 13536 13537
f 13536 13538 13537
f 13538 13539 13537
f 13537 13539 13540
f 13539 13541 13540
f 13541 13542 13540
f 13540 13542 13543
f 13542 13544 13543
f 13544 13545 13543
f 13543 13545 13546
f 13545 13547 13546
f 13547 13548 13546
f 13546 13548 13549
f 13548 13550 13549
f 13550 13551 13549
f 13549 13551 13552
f 13551 13553 13552
f 13553 13554 13552
f 13552 13554 13555
f 13554 13556 13555
f 13556 13557 13555
f 13555 13557 13558
f 13557 13559 13558
f 13559 13560 13558
f 13558 13560 13561
f 13560 13562 13561
f 13561 13562 13563
f 13562 13564 13563
f 13563 13564 13565
f 13564 13566 13565
f 13565 13566 13567
f 13566 13568 13567
f 13568 13569 13567
f 13567 13569 13570
f 13569 13571 13570
f 13571 13572 13570
f 13570 13572 13573
f 13572 13574 13573
f 13574 13575 13573
f 13573 13575 13576
f 13575 13577 13576
f 13577 13578 13576
f 13576 13578 13579
f 13578 13580 13579
f 13580 13581 13579
f 13579 13581 13582
f 13581 13583 13582
f 13583 13584 13582
f 13582 13584 13585
f 13584 13586 13585
f 13586 13587 13585
f 13585 13587 13588
f 13587 13589 13588
f 13589 13590 13588
f 13588 13590 13591
f 13590 13592 13591
f 13592 13593 13591
f 13591 13593 13594
f 13593 13595 13594
f 13595 13596 13594
f 13594 13596 13597
f 13596 13598 13597
f 13598 13599 13597
f 13597 13599 13453
f 13599 13600 13453
f 13453 13600 13451
f 13450 13601 13453
f 13601 13602 13453
f 13453 13602 13597
f 13602 13603 13597
f 13597 13603 13594
f 13603 13604 13594
f 13594 13604 13591
f 13604 13605 13591
f 13591 13605 13588
f 13605 13606 13588
f 13588 13606 13585
f 13606 13607 13585
f 13585 13607 13582
f 13607 13608 13582
f 13582 13608 13579
f 13608 13609 13579
f 13579 13609 13576
f 13609 13610 13576
f 13576 13610 13573
f 13610 13611 13573
f 13573 13611 13570
f 13611 13612 13570
f 13570 13612 13567
f 13612 13613 13567
f 13567 13613 13565
f 13613 13614 13565
f 13565 13614 13563
f 13614 13615 13563
f 13563 13615 13561
f 13615 13616 13561
f 13561 13616 13558
f 13616 13617 13558
f 13558 13617 13555
f 13617 13618 13555
f 13555 13618 13552
f 13618 13619 13552
f 13552 13619 13549
f 13619 13620 13549
f 13549 13620 13546
f 13620 13621 13546
f 13546 13621 13543
f 13621 13622 13543
f 13543 13622 13540
f 13622 13623 13540
f 13540 13623 13537
f 13623 13624 13537
f 13537 13624 13534
f 13624 13625 13534
f 13534 13625 13531
f 13625 13626 13531
f 13531 13626 13528
f 13626 13627 13528
f 13528 13627 13525
f 13627 13628 13525
f 13525 13628 13522
f 13628 13629 13522
f 13522 13629 13519
f 13629 13630 13519
f 13519 13630 13516
f 13630 13631 13516
f 13516 13631 13513
f 13631 13632 13513
f 13513 13632 13510
f 13632 13633 13510
f 13510 13633 13507
f 13633 13634 13507
f 13507 13634 13504
f 13634 13635 13504
f 13504 13635 13501
f 13635 13636 13501
f 13501 13636 13498
f 13636 13637 13498
f 13498 13637 13495
f 13637 13638 13495
f 13495 13638 13492
f 13638 13639 13492
f 13492 13639 13489
f 13639 13640 13489
f 13489 13640 13458
f 13640 13641 13458
f 13458 13641 13460
f 13450 13409 13601
f 13409 13642 13601
f 13601 13642 13602
f 13642 13643 13602
f 13602 13643 13603
f 13643 13644 13603
f 13603 13644 13604
f 13644 13645 13604
f 13604 13645 13605
f 13645 13646 13605
f 13605 13646 13606
f 13646 13647 13606
f 13606 13647 13607
f 13647 13648 13607
f 13607 13648 13608
f 13648 13649 13608
f 13608 13649 13609
f 13649 13650 13609
f 13609 13650 13610
f 13650 13651 13610
f 13610 13651 13611
f 13651 13652 13611
f 13611 13652 13612
f 13652 13653 13612
f 13612 13653 13613
f 13653 13654 13613
f 13613 13654 13614
f 13654 13655 13614
f 13614 13655 13615
f 13655 13656 13615
f 13615 13656 13616
f 13656 13657 13616
f 13616 13657 13617
f 13657 13658 13617
f 13617 13658 13618
f 13658 13659 13618
f 13618 13659 13619
f 13659 13660 13619
f 13619 13660 13620
f 13660 13661 13620
f 13620 13661 13621
f 13661 13662 13621
f 13621 13662 13622
f 13662 13663 13622
f 13622 13663 13623
f 13663 13664 13623
f 13623 13664 13624
f 13664 13665 13624
f 13624 13665 13625
f 13665 13666 13625
f 13625 13666 13626
f 13666 13667 13626
f 13626 13667 13627
f 13667 13668 13627
f 13627 13668 13628
f 13668 13669 13628
f 13628 13669 13629
f 13669 13670 13629
f 13629 13670 13630
f 13670 13671 13630
f 13630 13671 13631
f 13671 13672 13631
f 13631 13672 13632
f 13672 13673 13632
f 13632 13673 13633
f 13673 13674 13633
f 13633 13674 13634
f 13674 13675 13634
f 13634 13675 13635
f 13675 13676 13635
f 13635 13676 13636
f 13676 13677 13636
f 13636 13677 13637
f 13677 13678 13637
f 13637 13678 13638
f 13678 13679 13638
f 13638 13679 13639
f 13679 13461 13639
f 13639 13461 13640
f 13461 13463 13640
f 13640 13463 13641
f 13408 13412 13409
f 13412 13680 13409
f 13409 13680 13642
f 13680 13681 13642
f 13642 13681 13643
f 13681 13682 13643
f 13643 13682 13644
f 13682 13683 13644
f 13644 13683 13645
f 13683 13684 13645
f 13645 13684 13646
f 13684 13685 13646
f 13646 13685 13647
f 13685 13686 13647
f 13647 13686 13648
f 13686 13687 13648
f 13648 13687 13649
f 13687 13688 13649
f 13649 13688 13650
f 13688 13689 13650
f 13650 13689 13651
f 13689 13690 13651
f 13651 13690 13652
f 13690 13691 13652
f 13652 13691 13653
f 13691 13692 13653
f 13653 13692 13654
f 13692 13693 13654
f 13654 13693 13655
f 13693 13694 13655
f 13655 13694 13656
f 13694 13695 13656
f 13656 13695 13657
f 13695 13696 13657
f 13657 13696 13658
f 13696 13697 13658
f 13658 13697 13659
f 13697 13698 13659
f 13659 13698 13660
f 13698 13699 13660
f 13660 13699 13661
f 13699 13700 13661
f 13661 13700 13662
f 13700 13701 13662
f 13662 13701 13663
f 13701 13702 13663
f 13663 13702 13664
f 13702 13703 13664
f 13664 13703 13665
f 13703 13704 13665
f 13665 13704 13666
f 13704 13705 13666
f 13666 13705 13667
f 13705 13706 13667
f 13667 13706 13668
f 13706 13707 13668
f 13668 13707 13669
f 13707 13708 13669
f 13669 13708 13670
f 13708 13709 13670
f 13670 13709 13671
f 13709 13710 13671
f 13671 13710 13672
f 13710 13711 13672
f 13672 13711 13673
f 13711 13712 13673
f 13673 13712 13674
f 13712 13713 13674
f 13674 13713 13675
f 13713 13714 13675
f 13675 13714 13676
f 13714 13715 13676
f 13676 13715 13677
f 13715 13716 13677
f 13677 13716 13678
f 13716 13717 13678
f 13678 13717 13679
f 13717 13718 13679
f 13679 13718 13461
f 13718 13719 13461
f 13461 13719 13462
f 13411 13448 13412
f 13448 13720 13412
f 13412 13720 13680
f 13720 13721 13680
f 13680 13721 13681
f 13721 13722 13681
f 13681 13722 13682
f 13722 13723 13682
f 13682 13723 13683
f 13723 13724 13683
f 13683 13724 13684
f 13724 13725 13684
f 13684 13725 13685
f 13725 13726 13685
f 13685 13726 13686
f 13726 13727 13686
f 13686 13727 13687
f 13727 13728 13687
f 13687 13728 13688
f 13728 13729 13688
f 13688 13729 13689
f 13729 13730 13689
f 13689 13730 13690
f 13730 13731 13690
f 13690 13731 13691
f 13731 13732 13691
f 13691 13732 13692
f 13732 13733 13692
f 13692 13733 13693
f 13733 13734 13693
f 13693 13734 13694
f 13734 13735 13694
f 13694 13735 13695
f 13735 13736 13695
f 13695 13736 13696
f 13736 13737 13696
f 13696 13737 13697
f 13737 13738 13697
f 13697 13738 13698
f 13738 13739 13698
f 13698 13739 13699
f 13739 13740 13699
f 13699 13740 13700
f 13740 13741 13700
f 13700 13741 13701
f 13741 13742 13701
f 13701 13742 13702
f 13742 13743 13702
f 13702 13743 13703
f 13743 13744 13703
f 13703 13744 13704
f 13744 13745 13704
f 13704 13745 13705
f 13745 13746 13705
f 13705 13746 13706
f 13746 13747 13706
f 13706 13747 13707
f 13747 13748 13707
f 13707 13748 13708
f 13748 13749 13708
f 13708 13749 13709
f 13749 13750 13709
f 13709 13750 13710
f 13750 13751 13710
f 13710 13751 13711
f 13751 13752 13711
f 13711 13752 13712
f 13752 13753 13712
f 13712 13753 13713
f 13753 13754 13713
f 13713 13754 13714
f 13754 13755 13714
f 13714 13755 13715
f 13755 13756 13715
f 13715 13756 13716
f 13756 13757 13716
f 13716 13757 13717
f 13757 13466 13717
f 13717 13466 13718
f 13466 13467 13718
f 13718 13467 13719
f 13446 13758 13448
f 13758 13759 13448
f 13448 13759 13720
f 13759 13760 13720
f 13720 13760 13721
f 13760 13761 13721
f 13721 13761 13722
f 13761 13762 13722
f 13722 13762 13723
f 13762 13763 13723
f 13723 13763 13724
f 13763 13764 13724
f 13724 13764 13725
f 13764 13765 13725
f 13725 13765 13726
f 13765 13766 13726
f 13726 13766 13727
f 13766 13767 13727
f 13727 13767 13728
f 13767 13768 13728
f 13728 13768 13729
f 13768 13769 13729
f 13729 13769 13730
f 13769 13770 13730
f 13730 13770 13731
f 13770 13771 13731
f 13731 13771 13732
f 13771 13772 13732
f 13732 13772 13733
f 13772 13773 13733
f 13733 13773 13734
f 13773 13774 13734
f 13734 13774 13735
f 13774 13775 13735
f 13735 13775 13736
f 13775 13776 13736
f 13736 13776 13737
f 13776 13777 13737
f 13737 13777 13738
f 13777 13778 13738
f 13738 13778 13739
f 13778 13779 13739
f 13739 13779 13740
f 13779 13780 13740
f 13740 13780 13741
f 13780 13781 13741
f 13741 13781 13742
f 13781 13782 13742
f 13742 13782 13743
f 13782 13783 13743
f 13743 13783 13744
f 13783 13784 13744
f 13744 13784 13745
f 13784 13785 13745
f 13745 13785 13746
f 13785 13786 13746
f 13746 13786 13747
f 13786 13787 13747
f 13747 13787 13748
f 13787 13788 13748
f 13748 13788 13749
f 13788 13789 13749
f 13749 13789 13750
f 13789 13790 13750
f 13750 13790 13751
f 13790 13791 13751
f 13751 13791 13752
f 13791 13792 13752
f 13752 13792 13753
f 13792 13793 13753
f 13753 13793 13754
f 13793 13794 13754
f 13754 13794 13755
f 13794 13795 13755
f 13755 13795 13756
f 13795 13796 13756
f 13756 13796 13757
f 13796 13797 13757
f 13757 13797 13466
f 13797 13798 13466
f 13466 13798 13464
f 13446 13415 13758
f 13415 13799 13758
f 13758 13799 13759
f 13799 13800 13759
f 13759 13800 13760
f 13800 13801 13760
f 13760 13801 13761
f 13801 13802 13761
f 13761 13802 13762
f 13802 13803 13762
f 13762 13803 13763
f 13803 13804 13763
f 13763 13804 13764
f 13804 13805 13764
f 13764 13805 13765
f 13805 13806 13765
f 13765 13806 13766
f 13806 13807 13766
f 13766 13807 13767
f 13807 13808 13767
f 13767 13808 13768
f 13808 13809 13768
f 13768 13809 13769
f 13809 13810 13769
f 13769 13810 13770
f 13810 13811 13770
f 13770 13811 13771
f 13811 13812 13771
f 13771 13812 13772
f 13812 13813 13772
f 13772 13813 13773
f 13813 13814 13773
f 13773 13814 13774
f 13814 13815 13774
f 13774 13815 13775
f 13815 13816 13775
f 13775 13816 13776
f 13816 13817 13776
f 13776 13817 13777
f 13817 13818 13777
f 13777 13818 13778
f 13818 13819 13778
f 13778 13819 13779
f 13819 13820 13779
f 13779 13820 13780
f 13820 13821 13780
f 13780 13821 13781
f 13821 13822 13781
f 13781 13822 13782
f 13822 13823 13782
f 13782 13823 13783
f 13823 13824 13783
f 13783 13824 13784
f 13824 13825 13784
f 13784 13825 13785
f 13825 13826 13785
f 13785 13826 13786
f 13826 13827 13786
f 13786 13827 13787
f 13827 13828 13787
f 13787 13828 13788
f 13828 13829 13788
f 13788 13829 13789
f 13829 13830 13789
f 13789 13830 13790
f 13830 13831 13790
f 13790 13831 13791
f 13831 13832 13791
f 13791 13832 13792
f 13832 13833 13792
f 13792 13833 13793
f 13833 13834 13793
f 13793 13834 13794
f 13834 13835 13794
f 13794 13835 13795
f 13835 13836 13795
f 13795 13836 13796
f 13836 13468 13796
f 13796 13468 13797
f 13468 13470 13797
f 13797 13470 13798
f 13414 13443 13415
f 13443 13837 13415
f 13415 13837 13799
f 13837 13838 13799
f 13799 13838 13800
f 13838 13839 13800
f 13800 13839 13801
f 13839 13840 13801
f 13801 13840 13802
f 13840 13841 13802
f 13802 13841 13803
f 13841 13842 13803
f 13803 13842 13804
f 13842 13843 13804
f 13804 13843 13805
f 13843 13844 13805
f 13805 13844 13806
f 13844 13845 13806
f 13806 13845 13807
f 13845 13846 13807
f 13807 13846 13808
f 13846 13847 13808
f 13808 13847 13809
f 13847 13848 13809
f 13809 13848 13810
f 13848 13849 13810
f 13810 13849 13811
f 13849 13850 13811
f 13811 13850 13812
f 13850 13851 13812
f 13812 13851 13813
f 13851 13852 13813
f 13813 13852 13814
f 13852 13853 13814
f 13814 13853 13815
f 13853 13854 13815
f 13815 13854 13816
f 13854 13855 13816
f 13816 13855 13817
f 13855 13856 13817
f 13817 13856 13818
f 13856 13857 13818
f 13818 13857 13819
f 13857 13858 13819
f 13819 13858 13820
f 13858 13859 13820
f 13820 13859 13821
f 13859 13860 13821
f 13821 13860 13822
f 13860 13861 13822
f 13822 13861 13823
f 13861 13862 13823
f 13823 13862 13824
f 13862 13863 13824
f 13824 13863 13825
f 13863 13864 13825
f 13825 13864 13826
f 13864 13865 13826
f 13826 13865 13827
f 13865 13866 13827
f 13827 13866 13828
f 13866 13867 13828
f 13828 13867 13829
f 13867 13868 13829
f 13829 13868 13830
f 13868 13869 13830
f 13830 13869 13831
f 13869 13870 13831
f 13831 13870 13832
f 13870 13871 13832
f 13832 13871 13833
f 13871 13872 13833
f 13833 13872 13834
f 13872 13873 13834
f 13834 13873 13835
f 13873 13874 13835
f 13835 13874 13836
f 13874 13875 13836
f 13836 13875 13468
f 13875 13876 13468
f 13468 13876 13469
f 13405 13877 13406
f 13877 13878 13406
f 13406 13878 13879
f 13402 13406 13403
f 13406 13879 13403
f 13403 13879 13880
f 13879 13881 13880
f 13880 13881 13882
f 13881 13883 13882
f 13882 13883 13884
f 13883 13885 13884
f 13884 13885 13886
f 13885 13887 13886
f 13886 13887 13888
f 13887 13889 13888
f 13888 13889 13890
f 13889 13891 13890
f 13890 13891 13892
f 13891 13893 13892
f 13892 13893 13894
f 13893 13895 13894
f 13894 13895 13896
f 13895 13897 13896
f 13896 13897 13898
f 13897 13899 13898
f 13898 13899 13900
f 13899 13901 13900
f 13900 13901 13902
f 13901 13903 13902
f 13902 13903 13904
f 13903 13905 13904
f 13904 13905 13906
f 13905 13907 13906
f 13906 13907 13908
f 13907 13909 13908
f 13908 13909 13910
f 13909 13911 13910
f 13910 13911 13912
f 13911 13913 13912
f 13912 13913 13914
f 13913 13915 13914
f 13914 13915 13916
f 13915 13917 13916
f 13916 13917 13918
f 13917 13919 13918
f 13918 13919 13920
f 13919 13921 13920
f 13920 13921 13922
f 13921 13923 13922
f 13922 13923 13924
f 13923 13925 13924
f 13924 13925 13926
f 13925 13927 13926
f 13926 13927 13928
f 13927 13929 13928
f 13928 13929 13930
f 13929 13931 13930
f 13930 13931 13932
f 13931 13933 13932
f 13932 13933 13934
f 13933 13935 13934
f 13934 13935 13936
f 13935 13937 13936
f 13936 13937 13938
f 13937 13939 13938
f 13938 13939 13940
f 13939 13941 13940
f 13940 13941 13942
f 13941 13943 13942
f 13942 13943 13944
f 13943 13945 13944
f 13944 13945 13946
f 13945 13947 13946
f 13946 13947 13948
f 13947 13949 13948
f 13948 13949 13950
f 13949 13951 13950
f 13950 13951 13952
f 13951 13953 13952
f 13952 13953 13954
f 13953 13955 13954
f 13954 13955 13956
f 13955 13957 13956
f 13956 13957 13958
f 13401 13403 13473
f 13403 13880 13473
f 13473 13880 13959
f 13880 13882 13959
f 13959 13882 13960
f 13882 13884 13960
f 13960 13884 13961
f 13884 13886 13961
f 13961 13886 13962
f 13886 13888 13962
f 13962 13888 13963
f 13888 13890 13963
f 13963 13890 13964
f 13890 13892 13964
f 13964 13892 13965
f 13892 13894 13965
f 13965 13894 13966
f 13894 13896 13966
f 13966 13896 13967
f 13896 13898 13967
f 13967 13898 13968
f 13898 13900 13968
f 13968 13900 13969
f 13900 13902 13969
f 13969 13902 13970
f 13902 13904 13970
f 13970 13904 13971
f 13904 13906 13971
f 13971 13906 13972
f 13906 13908 13972
f 13972 13908 13973
f 13908 13910 13973
f 13973 13910 13974
f 13910 13912 13974
f 13974 13912 13975
f 13912 13914 13975
f 13975 13914 13976
f 13914 13916 13976
f 13976 13916 13977
f 13916 13918 13977
f 13977 13918 13978
f 13918 13920 13978
f 13978 13920 13979
f 13920 13922 13979
f 13979 13922 13980
f 13922 13924 13980
f 13980 13924 13981
f 13924 13926 13981
f 13981 13926 13982
f 13926 13928 13982
f 13982 13928 13983
f 13928 13930 13983
f 13983 13930 13984
f 13930 13932 13984
f 13984 13932 13985
f 13932 13934 13985
f 13985 13934 13986
f 13934 13936 13986
f 13986 13936 13987
f 13936 13938 13987
f 13987 13938 13988
f 13938 13940 13988
f 13988 13940 13989
f 13940 13942 13989
f 13989 13942 13990
f 13942 13944 13990
f 13990 13944 13991
f 13944 13946 13991
f 13991 13946 13992
f 13946 13948 13992
f 13992 13948 13993
f 13948 13950 13993
f 13993 13950 13994
f 13950 13952 13994
f 13994 13952 13995
f 13952 13954 13995
f 13995 13954 13996
f 13954 13956 13996
f 13996 13956 13997
f 13956 13958 13997
f 13997 13958 13998
f 13471 13473 13474
f 13473 13959 13474
f 13474 13959 13999
f 13959 13960 13999
f 13999 13960 14000
f 13960 13961 14000
f 14000 13961 14001
f 13961 13962 14001
f 14001 13962 14002
f 13962 13963 14002
f 14002 13963 14003
f 13963 13964 14003
f 14003 13964 14004
f 13964 13965 14004
f 14004 13965 14005
f 13965 13966 14005
f 14005 13966 14006
f 13966 13967 14006
f 14006 13967 14007
f 13967 13968 14007
f 14007 13968 14008
f 13968 13969 14008
f 14008 13969 14009
f 13969 13970 14009
f 14009 13970 14010
f 13970 13971 14010
f 14010 13971 14011
f 13971 13972 14011
f 14011 13972 14012
f 13972 13973 14012
f 14012 13973 14013
f 13973 13974 14013
f 14013 13974 14014
f 13974 13975 14014
f 14014 13975 14015
f 13975 13976 14015
f 14015 13976 14016
f 13976 13977 14016
f 14016 13977 14017
f 13977 13978 14017
f 14017 13978 14018
f 13978 13979 14018
f 14018 13979 14019
f 13979 13980 14019
f 14019 13980 14020
f 13980 13981 14020
f 14020 13981 14021
f 13981 13982 14021
f 14021 13982 14022
f 13982 13983 14022
f 14022 13983 14023
f 13983 13984 14023
f 14023 13984 14024
f 13984 13985 14024
f 14024 13985 14025
f 13985 13986 14025
f 14025 13986 14026
f 13986 13987 14026
f 14026 13987 14027
f 13987 13988 14027
f 14027 13988 14028
f 13988 13989 14028
f 14028 13989 14029
f 13989 13990 14029
f 14029 13990 14030
f 13990 13991 14030
f 14030 13991 14031
f 13991 13992 14031
f 14031 13992 14032
f 13992 13993 14032
f 14032 13993 14033
f 13993 13994 14033
f 14033 13994 14034
f 13994 13995 14034
f 14034 13995 14035
f 13995 13996 14035
f 14035 13996 14036
f 13996 13997 14036
f 14036 13997 14037
f 13997 13998 14037
f 14037 13998 14038
f 13475 13474 13477
f 13474 13999 13477
f 13477 13999 14039
f 13999 14000 14039
f 14039 14000 14040
f 14000 14001 14040
f 14040 14001 14041
f 14001 14002 14041
f 14041 14002 14042
f 14002 14003 14042
f 14042 14003 14043
f 14003 14004 14043
f 14043 14004 14044
f 14004 14005 14044
f 14044 14005 14045
f 14005 14006 14045
f 14045 14006 14046
f 14006 14007 14046
f 14046 14007 14047
f 14007 14008 14047
f 14047 14008 14048
f 14008 14009 14048
f 14048 14009 14049
f 14009 14010 14049
f 14049 14010 14050
f 14010 14011 14050
f 14050 14011 14051
f 14011 14012 14051
f 14051 14012 14052
f 14012 14013 14052
f 14052 14013 14053
f 14013 14014 14053
f 14053 14014 14054
f 14014 14015 14054
f 14054 14015 14055
f 14015 14016 14055
f 14055 14016 14056
f 14016 14017 14056
f 14056 14017 14057
f 14017 14018 14057
f 14057 14018 14058
f 14018 14019 14058
f 14058 14019 14059
f 14019 14020 14059
f 14059 14020 14060
f 14020 14021 14060
f 14060 14021 14061
f 14021 14022 14061
f 14061 14022 14062
f 14022 14023 14062
f 14062 14023 14063
f 14023 14024 14063
f 14063 14024 14064
f 14024 14025 14064
f 14064 14025 14065
f 14025 14026 14065
f 14065 14026 14066
f 14026 14027 14066
f 14066 14027 14067
f 14027 14028 14067
f 14067 14028 14068
f 14028 14029 14068
f 14068 14029 14069
f 14029 14030 14069
f 14069 14030 14070
f 14030 14031 14070
f 14070 14031 14071
f 14031 14032 14071
f 14071 14032 14072
f 14032 14033 14072
f 14072 14033 14073
f 14033 14034 14073
f 14073 14034 14074
f 14034 14035 14074
f 14074 14035 14075
f 14035 14036 14075
f 14075 14036 14076
f 14036 14037 14076
f 14076 14037 14077
f 14037 14038 14077
f 14077 14038 14078
f 13399 13477 13400
f 13477 14039 13400
f 13400 14039 14079
f 14039 14040 14079
f 14079 14040 14080
f 14040 14041 14080
f 14080 14041 14081
f 14041 14042 14081
f 14081 14042 14082
f 14042 14043 14082
f 14082 14043 14083
f 14043 14044 14083
f 14083 14044 14084
f 14044 14045 14084
f 14084 14045 14085
f 14045 14046 14085
f 14085 14046 14086
f 14046 14047 14086
f 14086 14047 14087
f 14047 14048 14087
f 14087 14048 14088
f 14048 14049 14088
f 14088 14049 14089
f 14049 14050 14089
f 14089 14050 14090
f 14050 14051 14090
f 14090 14051 14091
f 14051 14052 14091
f 14091 14052 14092
f 14052 14053 14092
f 14092 14053 14093
f 14053 14054 14093
f 14093 14054 14094
f 14054 14055 14094
f 14094 14055 14095
f 14055 14056 14095
f 14095 14056 14096
f 14056 14057 14096
f 14096 14057 14097
f 14057 14058 14097
f 14097 14058 14098
f 14058 14059 14098
f 14098 14059 14099
f 14059 14060 14099
f 14099 14060 14100
f 14060 14061 14100
f 14100 14061 14101
f 14061 14062 14101
f 14101 14062 14102
f 14062 14063 14102
f 14102 14063 14103
f 14063 14064 14103
f 14103 14064 14104
f 14064 14065 14104
f 14104 14065 14105
f 14065 14066 14105
f 14105 14066 14106
f 14066 14067 14106
f 14106 14067 14107
f 14067 14068 14107
f 14107 14068 14108
f 14068 14069 14108
f 14108 14069 14109
f 14069 14070 14109
f 14109 14070 14110
f 14070 14071 14110
f 14110 14071 14111
f 14071 14072 14111
f 14111 14072 14112
f 14072 14073 14112
f 14112 14073 14113
f 14073 14074 14113
f 14113 14074 14114
f 14074 14075 14114
f 14114 14075 14115
f 14075 14076 14115
f 14115 14076 14116
f 14076 14077 14116
f 14116 14077 14117
f 14077 14078 14117
f 14117 14078 14118
f 13398 13400 13481
f 13400 14079 13481
f 13481 14079 14119
f 14079 14080 14119
f 14119 14080 14120
f 14080 14081 14120
f 14120 14081 14121
f 14081 14082 14121
f 14121 14082 14122
f 14082 14083 14122
f 14122 14083 14123
f 14083 14084 14123
f 14123 14084 14124
f 14084 14085 14124
f 14124 14085 14125
f 14085 14086 14125
f 14125 14086 14126
f 14086 14087 14126
f 14126 14087 14127
f 14087 14088 14127
f 14127 14088 14128
f 14088 14089 14128
f 14128 14089 14129
f 14089 14090 14129
f 14129 14090 14130
f 14090 14091 14130
f 14130 14091 14131
f 14091 14092 14131
f 14131 14092 14132
f 14092 14093 14132
f 14132 14093 14133
f 14093 14094 14133
f 14133 14094 14134
f 14094 14095 14134
f 14134 14095 14135
f 14095 14096 14135
f 14135 14096 14136
f 14096 14097 14136
f 14136 14097 14137
f 14097 14098 14137
f 14137 14098 14138
f 14098 14099 14138
f 14138 14099 14139
f 14099 14100 14139
f 14139 14100 14140
f 14100 14101 14140
f 14140 14101 14141
f 14101 14102 14141
f 14141 14102 14142
f 14102 14103 14142
f 14142 14103 14143
f 14103 14104 14143
f 14143 14104 14144
f 14104 14105 14144
f 14144 14105 14145
f 14105 14106 14145
f 14145 14106 14146
f 14106 14107 14146
f 14146 14107 14147
f 14107 14108 14147
f 14147 14108 14148
f 14108 14109 14148
f 14148 14109 14149
f 14109 14110 14149
f 14149 14110 14150
f 14110 14111 14150
f 14150 14111 14151
f 14111 14112 14151
f 14151 14112 14152
f 14112 14113 14152
f 14152 14113 14153
f 14113 14114 14153
f 14153 14114 14154
f 14114 14115 14154
f 14154 14115 14155
f 14115 14116 14155
f 14155 14116 14156
f 14116 14117 14156
f 14156 14117 14157
f 14117 14118 14157
f 14157 14118 14158
f 13479 13481 13482
f 13481 14119 13482
f 13482 14119 14159
f 14119 14120 14159
f 14159 14120 14160
f 14120 14121 14160
f 14160 14121 14161
f 14121 14122 14161
f 14161 14122 14162
f 14122 14123 14162
f 14162 14123 14163
f 14123 14124 14163
f 14163 14124 14164
f 14124 14125 14164
f 14164 14125 14165
f 14125 14126 14165
f 14165 14126 14166
f 14126 14127 14166
f 14166 14127 14167
f 14127 14128 14167
f 14167 14128 14168
f 14128 14129 14168
f 14168 14129 14169
f 14129 14130 14169
f 14169 14130 14170
f 14130 14131 14170
f 14170 14131 14171
f 14131 14132 14171
f 14171 14132 14172
f 14132 14133 14172
f 14172 14133 14173
f 14133 14134 14173
f 14173 14134 14174
f 14134 14135 14174
f 14174 14135 14175
f 14135 14136 14175
f 14175 14136 14176
f 14136 14137 14176
f 14176 14137 14177
f 14137 14138 14177
f 14177 14138 14178
f 14138 14139 14178
f 14178 14139 14179
f 14139 14140 14179
f 14179 14140 14180
f 14140 14141 14180
f 14180 14141 14181
f 14141 14142 14181
f 14181 14142 14182
f 14142 14143 14182
f 14182 14143 14183
f 14143 14144 14183
f 14183 14144 14184
f 14144 14145 14184
f 14184 14145 14185
f 14145 14146 14185
f 14185 14146 14186
f 14146 14147 14186
f 14186 14147 14187
f 14147 14148 14187
f 14187 14148 14188
f 14148 14149 14188
f 14188 14149 14189
f 14149 14150 14189
f 14189 14150 14190
f 14150 14151 14190
f 14190 14151 14191
f 14151 14152 14191
f 14191 14152 14192
f 14152 14153 14192
f 14192 14153 14193
f 14153 14154 14193
f 14193 14154 14194
f 14154 14155 14194
f 14194 14155 14195
f 14155 14156 14195
f 14195 14156 14196
f 14156 14157 14196
f 14196 14157 14197
f 14157 14158 14197
f 14197 14158 14198
f 13483 13482 13485
f 13482 14159 13485
f 13485 14159 14199
f 14159 14160 14199
f 14199 14160 14200
f 14160 14161 14200
f 14200 14161 14201
f 14161 14162 14201
f 14201 14162 14202
f 14162 14163 14202
f 14202 14163 14203
f 14163 14164 14203
f 14203 14164 14204
f 14164 14165 14204
f 14204 14165 14205
f 14165 14166 14205
f 14205 14166 14206
f 14166 14167 14206
f 14206 14167 14207
f 14167 14168 14207
f 14207 14168 14208
f 14168 14169 14208
f 14208 14169 14209
f 14169 14170 14209
f 14209 14170 14210
f 14170 14171 14210
f 14210 14171 14211
f 14171 14172 14211
f 14211 14172 14212
f 14172 14173 14212
f 14212 14173 14213
f 14173 14174 14213
f 14213 14174 14214
f 14174 14175 14214
f 14214 14175 14215
f 14175 14176 14215
f 14215 14176 14216
f 14176 14177 14216
f 14216 14177 14217
f 14177 14178 14217
f 14217 14178 14218
f 14178 14179 14218
f 14218 14179 14219
f 14179 14180 14219
f 14219 14180 14220
f 14180 14181 14220
f 14220 14181 14221
f 14181 14182 14221
f 14221 14182 14222
f 14182 14183 14222
f 14222 14183 14223
f 14183 14184 14223
f 14223 14184 14224
f 14184 14185 14224
f 14224 14185 14225
f 14185 14186 14225
f 14225 14186 14226
f 14186 14187 14226
f 14226 14187 14227
f 14187 14188 14227
f 14227 14188 14228
f 14188 14189 14228
f 14228 14189 14229
f 14189 14190 14229
f 14229 14190 14230
f 14190 14191 14230
f 14230 14191 14231
f 14191 14192 14231
f 14231 14192 14232
f 14192 14193 14232
f 14232 14193 14233
f 14193 14194 14233
f 14233 14194 14234
f 14194 14195 14234
f 14234 14195 14235
f 14195 14196 14235
f 14235 14196 14236
f 14196 14197 14236
f 14236 14197 14237
f 14197 14198 14237
f 14237 14198 14238
f 13355 13485 13357
f 13485 14199 13357
f 13357 14199 13371
f 14199 14200 13371
f 13371 14200 13365
f 14200 14201 13365
f 13365 14201 13366
f 14201 14202 13366
f 13366 14202 13378
f 14202 14203 13378
f 13378 14203 13379
f 14203 14204 13379
f 13379 14204 13380
f 14204 14205 13380
f 13380 14205 13382
f 14205 14206 13382
f 13382 14206 13370
f 14206 14207 13370
f 13370 14207 13372
f 14207 14208 13372
f 13372 14208 13373
f 14208 14209 13373
f 13373 14209 13375
f 14209 14210 13375
f 13375 14210 13386
f 14210 14211 13386
f 13386 14211 13391
f 14211 14212 13391
f 13391 14212 13385
f 14212 14213 13385
f 13385 14213 13394
f 14213 14214 13394
f 13394 14214 13395
f 14214 14215 13395
f 13395 14215 13393
f 14215 14216 13393
f 13393 14216 13389
f 14216 14217 13389
f 13389 14217 13390
f 14217 14218 13390
f 13390 14218 13396
f 14218 14219 13396
f 13396 14219 13397
f 14219 14220 13397
f 13397 14220 13383
f 14220 14221 13383
f 13383 14221 13384
f 14221 14222 13384
f 13384 14222 13392
f 14222 14223 13392
f 13392 14223 13387
f 14223 14224 13387
f 13387 14224 13388
f 14224 14225 13388
f 13388 14225 13376
f 14225 14226 13376
f 13376 14226 13374
f 14226 14227 13374
f 13374 14227 13377
f 14227 14228 13377
f 13377 14228 13368
f 14228 14229 13368
f 13368 14229 13369
f 14229 14230 13369
f 13369 14230 13381
f 14230 14231 13381
f 13381 14231 13367
f 14231 14232 13367
f 13367 14232 13358
f 14232 14233 13358
f 13358 14233 13359
f 14233 14234 13359
f 13359 14234 13360
f 14234 14235 13360
f 13360 14235 13361
f 14235 14236 13361
f 13361 14236 13362
f 14236 14237 13362
f 13362 14237 13363
f 14237 14238 13363
f 13363 14238 13364
f 13877 13876 13878
f 13876 13875 13878
f 13878 13875 13879
f 13875 13874 13879
f 13879 13874 13881
f 13874 13873 13881
f 13881 13873 13883
f 13873 13872 13883
f 13883 13872 13885
f 13872 13871 13885
f 13885 13871 13887
f 13871 13870 13887
f 13887 13870 13889
f 13870 13869 13889
f 13889 13869 13891
f 13869 13868 13891
f 13891 13868 13893
f 13868 13867 13893
f 13893 13867 13895
f 13867 13866 13895
f 13895 13866 13897
f 13866 13865 13897
f 13897 13865 13899
f 13865 13864 13899
f 13899 13864 13901
f 13864 13863 13901
f 13901 13863 13903
f 13863 13862 13903
f 13903 13862 13905
f 13862 13861 13905
f 13905 13861 13907
f 13861 13860 13907
f 13907 13860 13909
f 13860 13859 13909
f 13909 13859 13911
f 13859 13858 13911
f 13911 13858 13913
f 13858 13857 13913
f 13913 13857 13915
f 13857 13856 13915
f 13915 13856 13917
f 13856 13855 13917
f 13917 13855 13919
f 13855 13854 13919
f 13919 13854 13921
f 13854 13853 13921
f 13921 13853 13923
f 13853 13852 13923
f 13923 13852 13925
f 13852 13851 13925
f 13925 13851 13927
f 13851 13850 13927
f 13927 13850 13929
f 13850 13849 13929
f 13929 13849 13931
f 13849 13848 13931
f 13931 13848 13933
f 13848 13847 13933
f 13933 13847 13935
f 13847 13846 13935
f 13935 13846 13937
f 13846 13845 13937
f 13937 13845 13939
f 13845 13844 13939
f 13939 13844 13941
f 13844 13843 13941
f 13941 13843 13943
f 13843 13842 13943
f 13943 13842 13945
f 13842 13841 13945
f 13945 13841 13947
f 13841 13840 13947
f 13947 13840 13949
f 13840 13839 13949
f 13949 13839 13951
f 13839 13838 13951
f 13951 13838 13953
f 13838 13837 13953
f 13953 13837 13955
f 13837 13443 13955
f 13955 13443 13957
f 13443 13444 13957
f 13957 13444 13958
f 13444 13436 13958
f 13958 13436 13998
f 13436 13434 13998
f 13998 13434 14038
f 13434 13428 14038
f 14038 13428 14078
f 13428 13430 14078
f 14078 13430 14118
f 13430 13421 14118
f 14118 13421 14158
f 13421 13423 14158
f 14158 13423 14198
f 13423 13419 14198
f 14198 13419 14238
f 13419 13417 14238
f 14238 13417 13364
f 13417 13356 13364
f 13451 13600 13326
f 13600 13327 13326
f 13600 13599 13327
f 13599 13598 13327
f 13327 13598 13328
f 13598 13596 13328
f 13596 13595 13328
f 13328 13595 13332
f 13595 13593 13332
f 13593 13592 13332
f 13332 13592 13333
f 13592 13590 13333
f 13590 13589 13333
f 13333 13589 13334
f 13589 13587 13334
f 13587 13586 13334
f 13334 13586 13335
f 13586 13584 13335
f 13584 13583 13335
f 13335 13583 13336
f 13583 13581 13336
f 13581 13580 13336
f 13336 13580 13330
f 13580 13578 13330
f 13578 13577 13330
f 13330 13577 13331
f 13577 13575 13331
f 13575 13574 13331
f 13331 13574 13353
f 13574 13572 13353
f 13572 13571 13353
f 13353 13571 13352
f 13571 13569 13352
f 13569 13568 13352
f 13352 13568 13351
f 13568 13566 13351
f 13566 13564 13351
f 13351 13564 13350
f 13564 13562 13350
f 13350 13562 13344
f 13562 13560 13344
f 13344 13560 13343
f 13560 13559 13343
f 13343 13559 13342
f 13559 13557 13342
f 13342 13557 13341
f 13557 13340 13341
f 13557 13556 13340
f 13556 13554 13340
f 13340 13554 13339
f 13554 13553 13339
f 13553 13551 13339
f 13339 13551 13345
f 13551 13550 13345
f 13550 13548 13345
f 13548 13547 13345
f 13345 13547 13349
f 13547 13545 13349
f 13545 13544 13349
f 13349 13544 13348
f 13544 13542 13348
f 13542 13541 13348
f 13348 13541 13337
f 13541 13539 13337
f 13539 13538 13337
f 13337 13538 13338
f 13538 13536 13338
f 13536 13535 13338
f 13338 13535 13329
f 13535 13533 13329
f 13533 13532 13329
f 13329 13532 13346
f 13532 13530 13346
f 13530 13529 13346
f 13346 13529 13347
f 11817 8161 8160
f 8357 8358 8356
f 8358 11809 8356
f 13455 8356 13456
f 8356 11809 13456
f 13456 11809 13487
f 11809 11820 13487
f 11819 13490 11820
f 13490 13488 11820
f 11820 13488 13487
f 11822 13493 11819
f 13493 13491 11819
f 11819 13491 13490
f 11823 13496 11822
f 13496 13494 11822
f 11822 13494 13493
f 11815 13499 11823
f 13499 13497 11823
f 11823 13497 13496
f 11814 13502 11815
f 13502 13500 11815
f 11815 13500 13499
f 11813 13505 11814
f 13505 13503 11814
f 11814 13503 13502
f 11812 13508 11813
f 13508 13506 11813
f 11813 13506 13505
f 11811 13511 11812
f 13511 13509 11812
f 11812 13509 13508
f 11810 13514 11811
f 13514 13512 11811
f 11811 13512 13511
f 11818 13517 11810
f 13517 13515 11810
f 11810 13515 13514
f 11816 13520 11818
f 13520 13518 11818
f 11818 13518 13517
f 13529 13527 13347
f 13527 13526 13347
f 13347 13526 8160
f 13526 13524 8160
f 8160 13524 11817
f 13524 13523 11817
f 11817 13523 11816
f 13523 13521 11816
f 11816 13521 13520
f 12893 8565 12895
f 8565 14239 12895
f 13479 13483 14239
f 8283 8282 8602
f 8282 8356 8602
f 8602 8356 8603
f 8507 8565 8505
f 8565 12893 8505
f 8505 12893 12891
f 12893 12892 12891
f 13876 13877 14240
f 8602 14241 8283
f 14241 8241 8283
f 8283 8241 8299
f 8241 8203 8299
f 8299 8203 8202
f 13719 13467 14240
f 13483 13486 14239
f 13486 13484 14239
f 14239 13484 13355
f 13418 13420 14239
f 13420 13425 14239
f 14239 13425 12895
f 13425 13424 12895
f 12895 13424 13422
f 13407 13450 12895
f 13450 13454 12895
f 13719 14240 13462
f 13475 13478 14239
f 13478 13476 14239
f 14239 13476 13399
f 13355 13354 14239
f 13354 13416 14239
f 14239 13416 13418
f 13422 13432 12895
f 13432 13431 12895
f 12895 13431 13429
f 13413 13446 12895
f 13326 12897 13451
f 12897 12895 13451
f 13451 12895 13452
f 12895 13454 13452
f 13401 13472 14239
f 13472 13471 14239
f 14239 13471 13475
f 13399 13398 14239
f 13398 13480 14239
f 14239 13480 13479
f 13877 13405 14240
f 13405 13404 14240
f 14240 13404 14239
f 13404 13402 14239
f 14239 13402 13401
f 13429 13427 12895
f 13427 13426 12895
f 12895 13426 13433
f 8356 13455 8603
f 13455 13457 8603
f 8603 13457 13459
f 13467 13465 14240
f 13465 13464 14240
f 14240 13464 13798
f 13798 13470 14240
f 13470 13469 14240
f 14240 13469 13876
f 13433 13435 12895
f 13435 13437 12895
f 12895 13437 13445
f 13445 13442 12895
f 13442 13441 12895
f 12895 13441 13439
f 13446 13449 12895
f 13449 13447 12895
f 12895 13447 13411
f 13459 13460 8603
f 13460 13641 8603
f 8603 13641 14240
f 13641 13463 14240
f 14240 13463 13462
f 13439 13438 12895
f 13438 13414 12895
f 12895 13414 13413
f 13411 13410 12895
f 13410 13408 12895
f 12895 13408 13407
f 8603 14240 8604
f 14240 14242 8604
f 8604 14242 8606
f 14242 14243 8606
f 8606 14243 8607
f 14243 14244 8607
f 8607 14244 8605
f 14244 14245 8605
f 8605 14245 8602
f 14245 14241 8602
f 14246 14247 8068
f 14247 14248 8068
f 8068 14248 8069
f 14248 14249 8069
f 8069 14249 8071
f 14249 14250 8071
f 8071 14250 8073
f 14250 14251 8073
f 8073 14251 8075
f 14251 14252 8075
f 8075 14252 8077
f 14252 14253 8077
f 8077 14253 8079
f 14253 14254 8079
f 8079 14254 8003
f 14254 14255 8003
f 8003 14255 8004
f 14255 14256 8004
f 8004 14256 8005
f 14256 14257 8005
f 8005 14257 8015
f 14257 14258 8015
f 8015 14258 8016
f 14258 14259 8016
f 8016 14259 8018
f 14259 14260 8018
f 8018 14260 8020
f 14260 14261 8020
f 8020 14261 8120
f 14261 14262 8120
f 8120 14262 8118
f 14262 14263 8118
f 8118 14263 8116
f 14263 14264 8116
f 8116 14264 8114
f 14264 14265 8114
f 8114 14265 8112
f 14265 14266 8112
f 8112 14266 8110
f 14266 14267 8110
f 8110 14267 8107
f 14267 14268 8107
f 8107 14268 8105
f 14268 14269 8105
f 8105 14269 8103
f 14269 14270 8103
f 8103 14270 8101
f 14270 14271 8101
f 8101 14271 8099
f 14271 14272 8099
f 8099 14272 8097
f 14272 14273 8097
f 8097 14273 8021
f 14273 14274 8021
f 8021 14274 8022
f 14274 14275 8022
f 8022 14275 8090
f 14275 14276 8090
f 8090 14276 8091
f 14276 14277 8091
f 8091 14277 7992
f 14277 14278 7992
f 7992 14278 7993
f 14278 14279 7993
f 7993 14279 8006
f 14279 14280 8006
f 8006 14280 8007
f 14280 14281 8007
f 8007 14281 8008
f 14281 14282 8008
f 8008 14282 8009
f 14282 14283 8009
f 8009 14283 8010
f 14283 14284 8010
f 8010 14284 8011
f 14284 14285 8011
f 8011 14285 8012
f 14285 14286 8012
f 8012 14286 8013
f 14286 14287 8013
f 8013 14287 8014
f 14287 14288 8014
f 8014 14288 7988
f 14288 14289 7988
f 7988 14289 7989
f 14289 14290 7989
f 7989 14290 7990
f 14290 14291 7990
f 7990 14291 7991
f 14291 14292 7991
f 7991 14292 8023
f 14292 14293 8023
f 8023 14293 8024
f 14293 14294 8024
f 8024 14294 8026
f 14294 14295 8026
f 8026 14295 8028
f 14295 14296 8028
f 8028 14296 8030
f 14296 14297 8030
f 8030 14297 8032
f 14297 14298 8032
f 8032 14298 8034
f 14298 14299 8034
f 8034 14299 8036
f 14299 14300 8036
f 8036 14300 8038
f 14300 14301 8038
f 8038 14301 8040
f 14301 14302 8040
f 8040 14302 8042
f 14302 14303 8042
f 8042 14303 8044
f 14303 14304 8044
f 8044 14304 8046
f 14304 14305 8046
f 8046 14305 8048
f 14305 14306 8048
f 8048 14306 8050
f 14306 14307 8050
f 8050 14307 8052
f 14307 14308 8052
f 8052 14308 8054
f 14308 14309 8054
f 8054 14309 8056
f 14309 14310 8056
f 8056 14310 8058
f 14310 14311 8058
f 8058 14311 8059
f 14311 14312 8059
f 8059 14312 7999
f 14312 14313 7999
f 7999 14313 7998
f 14313 14314 7998
f 7998 14314 7996
f 14314 14315 7996
f 7996 14315 7994
f 14315 14316 7994
f 7994 14316 8066
f 14316 14317 8066
f 8066 14317 8060
f 14317 14318 8060
f 8060 14318 8000
f 14318 14246 8000
f 8000 14246 8068
f 14319 380 14320
f 380 379 14320
f 14320 379 14321
f 379 378 14321
f 14321 378 14322
f 378 368 14322
f 14322 368 14323
f 368 367 14323
f 14323 367 14324
f 367 370 14324
f 14324 370 14325
f 370 360 14325
f 14325 360 14326
f 360 359 14326
f 14326 359 14327
f 359 305 14327
f 14327 305 14328
f 305 304 14328
f 14328 304 14329
f 304 322 14329
f 14329 322 14330
f 322 355 14330
f 14330 355 14331
f 355 153 14331
f 14331 153 14332
f 153 152 14332
f 14332 152 14333
f 152 207 14333
f 14333 207 14334
f 207 303 14334
f 14334 303 14335
f 303 151 14335
f 14335 151 14336
f 151 180 14336
f 14336 180 14337
f 180 181 14337
f 14337 181 14338
f 181 232 14338
f 14338 232 14339
f 232 178 14339
f 14339 178 14340
f 178 176 14340
f 14340 176 14341
f 176 174 14341
f 14341 174 14342
f 174 173 14342
f 14342 173 14343
f 173 88 14343
f 14343 88 14344
f 88 87 14344
f 14344 87 14345
f 87 230 14345
f 14345 230 14346
f 230 229 14346
f 14346 229 14347
f 229 317 14347
f 14347 317 14348
f 317 316 14348
f 14348 316 14349
f 316 281 14349
f 14349 281 14350
f 281 280 14350
f 14350 280 14351
f 280 315 14351
f 14351 315 14352
f 315 278 14352
f 14352 278 14353
f 278 276 14353
f 14353 276 14354
f 276 132 14354
f 14354 132 14355
f 132 30 14355
f 14355 30 14356
f 30 29 14356
f 14356 29 14357
f 29 220 14357
f 14357 220 14358
f 220 218 14358
f 14358 218 14359
f 218 217 14359
f 14359 217 14360
f 217 216 14360
f 14360 216 14361
f 216 215 14361
f 14361 215 14362
f 215 213 14362
f 14362 213 14363
f 213 212 14363
f 14363 212 14364
f 212 162 14364
f 14364 162 14365
f 162 161 14365
f 14365 161 14366
f 161 160 14366
f 14366 160 14367
f 160 159 14367
f 14367 159 14368
f 159 158 14368
f 14368 158 14369
f 158 156 14369
f 14369 156 14370
f 156 155 14370
f 14370 155 14371
f 155 271 14371
f 14371 271 14372
f 271 270 14372
f 14372 270 14373
f 270 269 14373
f 14373 269 14374
f 269 211 14374
f 14374 211 14375
f 211 209 14375
f 14375 209 14376
f 209 208 14376
f 14376 208 14377
f 208 265 14377
f 14377 265 14378
f 265 266 14378
f 14378 266 14379
f 266 268 14379
f 14379 268 14380
f 268 344 14380
f 14380 344 14381
f 344 377 14381
f 14381 377 14382
f 377 376 14382
f 14382 376 14383
f 376 374 14383
f 14383 374 14384
f 374 372 14384
f 14384 372 14385
f 372 371 14385
f 14385 371 14386
f 371 366 14386
f 14386 366 14387
f 366 365 14387
f 14387 365 14388
f 365 383 14388
f 14388 383 14389
f 383 382 14389
f 14389 382 14390
f 382 381 14390
f 14390 381 14319
f 381 380 14319
f 14391 14392 14357
f 14392 14393 14357
f 14357 14393 14356
f 14393 14394 14356
f 14356 14394 14355
f 14394 14395 14355
f 14355 14395 14354
f 14395 14396 14354
f 14354 14396 14353
f 14396 14397 14353
f 14353 14397 14352
f 14397 14398 14352
f 14352 14398 14351
f 14398 14399 14351
f 14351 14399 14350
f 14399 14400 14350
f 14350 14400 14349
f 14400 14401 14349
f 14349 14401 14348
f 14401 14402 14348
f 14348 14402 14347
f 14402 14403 14347
f 14347 14403 14346
f 14403 14404 14346
f 14346 14404 14345
f 14404 14405 14345
f 14345 14405 14344
f 14405 14406 14344
f 14344 14406 14343
f 14406 14407 14343
f 14343 14407 14342
f 14407 14408 14342
f 14342 14408 14341
f 14408 14409 14341
f 14341 14409 14340
f 14409 14410 14340
f 14340 14410 14339
f 14410 14411 14339
f 14339 14411 14338
f 14411 14412 14338
f 14338 14412 14337
f 14412 14413 14337
f 14337 14413 14336
f 14413 14414 14336
f 14336 14414 14335
f 14414 14415 14335
f 14335 14415 14334
f 14415 14416 14334
f 14334 14416 14333
f 14416 14417 14333
f 14333 14417 14332
f 14417 14418 14332
f 14332 14418 14331
f 14418 14419 14331
f 14331 14419 14330
f 14419 14420 14330
f 14330 14420 14329
f 14420 14421 14329
f 14329 14421 14328
f 14421 14422 14328
f 14328 14422 14327
f 14422 14423 14327
f 14327 14423 14326
f 14423 14424 14326
f 14326 14424 14325
f 14424 14425 14325
f 14325 14425 14324
f 14425 14426 14324
f 14324 14426 14323
f 14426 14427 14323
f 14323 14427 14322
f 14427 14428 14322
f 14322 14428 14321
f 14428 14429 14321
f 14321 14429 14320
f 14429 14430 14320
f 14320 14430 14319
f 14430 14431 14319
f 14319 14431 14390
f 14431 14432 14390
f 14390 14432 14389
f 14432 14433 14389
f 14389 14433 14388
f 14433 14434 14388
f 14388 14434 14387
f 14434 14435 14387
f 14387 14435 14386
f 14435 14436 14386
f 14386 14436 14385
f 14436 14437 14385
f 14385 14437 14384
f 14437 14438 14384
f 14384 14438 14383
f 14438 14439 14383
f 14383 14439 14382
f 14439 14440 14382
f 14382 14440 14381
f 14440 14441 14381
f 14381 14441 14380
f 14441 14442 14380
f 14380 14442 14379
f 14442 14443 14379
f 14379 14443 14378
f 14443 14444 14378
f 14378 14444 14377
f 14444 14445 14377
f 14377 14445 14376
f 14445 14446 14376
f 14376 14446 14375
f 14446 14447 14375
f 14375 14447 14374
f 14447 14448 14374
f 14374 14448 14373
f 14448 14449 14373
f 14373 14449 14372
f 14449 14450 14372
f 14372 14450 14371
f 14450 14451 14371
f 14371 14451 14370
f 14451 14452 14370
f 14370 14452 14369
f 14452 14453 14369
f 14369 14453 14368
f 14453 14454 14368
f 14368 14454 14367
f 14454 14455 14367
f 14367 14455 14366
f 14455 14456 14366
f 14366 14456 14365
f 14456 14457 14365
f 14365 14457 14364
f 14457 14458 14364
f 14364 14458 14363
f 14458 14459 14363
f 14363 14459 14362
f 14459 14460 14362
f 14362 14460 14361
f 14460 14461 14361
f 14361 14461 14360
f 14461 14462 14360
f 14360 14462 14359
f 14462 14463 14359
f 14359 14463 14358
f 14463 14391 14358
f 14358 14391 14357
f 14449 14464 14450
f 14464 14465 14450
f 14450 14465 14451
f 14465 14466 14451
f 14451 14466 14452
f 14466 14467 14452
f 14452 14467 14453
f 14467 14468 14453
f 14453 14468 14454
f 14468 14469 14454
f 14454 14469 14455
f 14469 14470 14455
f 14455 14470 14456
f 14470 14471 14456
f 14456 14471 14457
f 14471 14472 14457
f 14457 14472 14458
f 14472 14473 14458
f 14458 14473 14459
f 14473 14474 14459
f 14459 14474 14460
f 14474 14475 14460
f 14460 14475 14461
f 14475 14476 14461
f 14461 14476 14462
f 14476 14477 14462
f 14462 14477 14463
f 14477 14478 14463
f 14463 14478 14391
f 14478 14479 14391
f 14391 14479 14392
f 14479 14480 14392
f 14392 14480 14393
f 14480 14481 14393
f 14393 14481 14394
f 14481 14482 14394
f 14394 14482 14395
f 14482 14483 14395
f 14395 14483 14396
f 14483 14484 14396
f 14396 14484 14397
f 14484 14485 14397
f 14397 14485 14398
f 14485 14486 14398
f 14398 14486 14399
f 14486 14487 14399
f 14399 14487 14400
f 14487 14488 14400
f 14400 14488 14401
f 14488 14489 14401
f 14401 14489 14402
f 14489 14490 14402
f 14402 14490 14403
f 14490 14491 14403
f 14403 14491 14404
f 14491 14492 14404
f 14404 14492 14405
f 14492 14493 14405
f 14405 14493 14406
f 14493 14494 14406
f 14406 14494 14407
f 14494 14495 14407
f 14407 14495 14408
f 14495 14496 14408
f 14408 14496 14409
f 14496 14497 14409
f 14409 14497 14410
f 14497 14498 14410
f 14410 14498 14411
f 14498 14499 14411
f 14411 14499 14412
f 14499 14500 14412
f 14412 14500 14413
f 14500 14501 14413
f 14413 14501 14414
f 14501 14502 14414
f 14414 14502 14415
f 14502 14503 14415
f 14415 14503 14416
f 14503 14504 14416
f 14416 14504 14417
f 14504 14505 14417
f 14417 14505 14418
f 14505 14506 14418
f 14418 14506 14419
f 14506 14507 14419
f 14419 14507 14420
f 14507 14508 14420
f 14420 14508 14421
f 14508 14509 14421
f 14421 14509 14422
f 14509 14510 14422
f 14422 14510 14423
f 14510 14511 14423
f 14423 14511 14424
f 14511 14512 14424
f 14424 14512 14425
f 14512 14513 14425
f 14425 14513 14426
f 14513 14514 14426
f 14426 14514 14427
f 14514 14515 14427
f 14427 14515 14428
f 14515 14516 14428
f 14428 14516 14429
f 14516 14517 14429
f 14429 14517 14430
f 14517 14518 14430
f 14430 14518 14431
f 14518 14519 14431
f 14431 14519 14432
f 14519 14520 14432
f 14432 14520 14433
f 14520 14521 14433
f 14433 14521 14434
f 14521 14522 14434
f 14434 14522 14435
f 14522 14523 14435
f 14435 14523 14436
f 14523 14524 14436
f 14436 14524 14437
f 14524 14525 14437
f 14437 14525 14438
f 14525 14526 14438
f 14438 14526 14439
f 14526 14527 14439
f 14439 14527 14440
f 14527 14528 14440
f 14440 14528 14441
f 14528 14529 14441
f 14441 14529 14442
f 14529 14530 14442
f 14442 14530 14443
f 14530 14531 14443
f 14443 14531 14444
f 14531 14532 14444
f 14444 14532 14445
f 14532 14533 14445
f 14445 14533 14446
f 14533 14534 14446
f 14446 14534 14447
f 14534 14535 14447
f 14447 14535 14448
f 14535 14536 14448
f 14448 14536 14449
f 14536 14464 14449
f 14537 336 14538
f 336 350 14538
f 14538 350 14539
f 350 331 14539
f 14539 331 14540
f 331 329 14540
f 14540 329 14541
f 329 327 14541
f 14541 327 14542
f 327 326 14542
f 14542 326 14543
f 326 171 14543
f 14543 171 14544
f 171 170 14544
f 14544 170 14545
f 170 325 14545
f 14545 325 14546
f 325 324 14546
f 14546 324 14547
f 324 323 14547
f 14547 323 14548
f 323 311 14548
f 14548 311 14549
f 311 310 14549
f 14549 310 14550
f 310 309 14550
f 14550 309 14551
f 309 272 14551
f 14551 272 14552
f 272 223 14552
f 14552 223 14553
f 223 225 14553
f 14553 225 14554
f 225 126 14554
f 14554 126 14555
f 126 128 14555
f 14555 128 14556
f 128 125 14556
f 14556 125 14557
f 125 123 14557
f 14557 123 14558
f 123 121 14558
f 14558 121 14559
f 121 120 14559
f 14559 120 14560
f 120 119 14560
f 14560 119 14561
f 119 118 14561
f 14561 118 14562
f 118 116 14562
f 14562 116 14563
f 116 115 14563
f 14563 115 14564
f 115 114 14564
f 14564 114 14565
f 114 169 14565
f 14565 169 14566
f 169 168 14566
f 14566 168 14567
f 168 113 14567
f 14567 113 14568
f 113 112 14568
f 14568 112 14569
f 112 167 14569
f 14569 167 14570
f 167 166 14570
f 14570 166 14571
f 166 164 14571
f 14571 164 14572
f 164 179 14572
f 14572 179 14573
f 179 263 14573
f 14573 263 14574
f 263 264 14574
f 14574 264 14575
f 264 302 14575
f 14575 302 14576
f 302 301 14576
f 14576 301 14577
f 301 150 14577
f 14577 150 14578
f 150 149 14578
f 14578 149 14579
f 149 300 14579
f 14579 300 14580
f 300 299 14580
f 14580 299 14581
f 299 298 14581
f 14581 298 14582
f 298 154 14582
f 14582 154 14583
f 154 261 14583
f 14583 261 14584
f 261 262 14584
f 14584 262 14585
f 262 148 14585
f 14585 148 14586
f 148 147 14586
f 14586 147 14587
f 147 146 14587
f 14587 146 14588
f 146 145 14588
f 14588 145 14589
f 145 144 14589
f 14589 144 14590
f 144 143 14590
f 14590 143 14591
f 143 142 14591
f 14591 142 14592
f 142 141 14592
f 14592 141 14593
f 141 110 14593
f 14593 110 14594
f 110 109 14594
f 14594 109 14595
f 109 108 14595
f 14595 108 14596
f 108 56 14596
f 14596 56 14597
f 56 55 14597
f 14597 55 14598
f 55 202 14598
f 14598 202 14599
f 202 201 14599
f 14599 201 14600
f 201 200 14600
f 14600 200 14601
f 200 199 14601
f 14601 199 14602
f 199 198 14602
f 14602 198 14603
f 198 195 14603
f 14603 195 14604
f 195 196 14604
f 14604 196 14605
f 196 197 14605
f 14605 197 14606
f 197 313 14606
f 14606 313 14607
f 313 314 14607
f 14607 314 14608
f 314 334 14608
f 14608 334 14537
f 334 336 14537
f 14609 14601 14610
f 14601 14602 14610
f 14610 14602 14611
f 14602 14603 14611
f 14611 14603 14612
f 14603 14604 14612
f 14612 14604 14613
f 14604 14605 14613
f 14613 14605 14614
f 14605 14606 14614
f 14614 14606 14615
f 14606 14607 14615
f 14615 14607 14616
f 14607 14608 14616
f 14616 14608 14617
f 14608 14537 14617
f 14617 14537 14618
f 14537 14538 14618
f 14618 14538 14619
f 14538 14539 14619
f 14619 14539 14620
f 14539 14540 14620
f 14620 14540 14621
f 14540 14541 14621
f 14621 14541 14622
f 14541 14542 14622
f 14622 14542 14623
f 14542 14543 14623
f 14623 14543 14624
f 14543 14544 14624
f 14624 14544 14625
f 14544 14545 14625
f 14625 14545 14626
f 14545 14546 14626
f 14626 14546 14627
f 14546 14547 14627
f 14627 14547 14628
f 14547 14548 14628
f 14628 14548 14629
f 14548 14549 14629
f 14629 14549 14630
f 14549 14550 14630
f 14630 14550 14631
f 14550 14551 14631
f 14631 14551 14632
f 14551 14552 14632
f 14632 14552 14633
f 14552 14553 14633
f 14633 14553 14634
f 14553 14554 14634
f 14634 14554 14635
f 14554 14555 14635
f 14635 14555 14636
f 14555 14556 14636
f 14636 14556 14637
f 14556 14557 14637
f 14637 14557 14638
f 14557 14558 14638
f 14638 14558 14639
f 14558 14559 14639
f 14639 14559 14640
f 14559 14560 14640
f 14640 14560 14641
f 14560 14561 14641
f 14641 14561 14642
f 14561 14562 14642
f 14642 14562 14643
f 14562 14563 14643
f 14643 14563 14644
f 14563 14564 14644
f 14644 14564 14645
f 14564 14565 14645
f 14645 14565 14646
f 14565 14566 14646
f 14646 14566 14647
f 14566 14567 14647
f 14647 14567 14648
f 14567 14568 14648
f 14648 14568 14649
f 14568 14569 14649
f 14649 14569 14650
f 14569 14570 14650
f 14650 14570 14651
f 14570 14571 14651
f 14651 14571 14652
f 14571 14572 14652
f 14652 14572 14653
f 14572 14573 14653
f 14653 14573 14654
f 14573 14574 14654
f 14654 14574 14655
f 14574 14575 14655
f 14655 14575 14656
f 14575 14576 14656
f 14656 14576 14657
f 14576 14577 14657
f 14657 14577 14658
f 14577 14578 14658
f 14658 14578 14659
f 14578 14579 14659
f 14659 14579 14660
f 14579 14580 14660
f 14660 14580 14661
f 14580 14581 14661
f 14661 14581 14662
f 14581 14582 14662
f 14662 14582 14663
f 14582 14583 14663
f 14663 14583 14664
f 14583 14584 14664
f 14664 14584 14665
f 14584 14585 14665
f 14665 14585 14666
f 14585 14586 14666
f 14666 14586 14667
f 14586 14587 14667
f 14667 14587 14668
f 14587 14588 14668
f 14668 14588 14669
f 14588 14589 14669
f 14669 14589 14670
f 14589 14590 14670
f 14670 14590 14671
f 14590 14591 14671
f 14671 14591 14672
f 14591 14592 14672
f 14672 14592 14673
f 14592 14593 14673
f 14673 14593 14674
f 14593 14594 14674
f 14674 14594 14675
f 14594 14595 14675
f 14675 14595 14676
f 14595 14596 14676
f 14676 14596 14677
f 14596 14597 14677
f 14677 14597 14678
f 14597 14598 14678
f 14678 14598 14679
f 14598 14599 14679
f 14679 14599 14680
f 14599 14600 14680
f 14680 14600 14609
f 14600 14601 14609
f 14671 14681 14670
f 14681 14682 14670
f 14670 14682 14669
f 14682 14683 14669
f 14669 14683 14668
f 14683 14684 14668
f 14668 14684 14667
f 14684 14685 14667
f 14667 14685 14666
f 14685 14686 14666
f 14666 14686 14665
f 14686 14687 14665
f 14665 14687 14664
f 14687 14688 14664
f 14664 14688 14663
f 14688 14689 14663
f 14663 14689 14662
f 14689 14690 14662
f 14662 14690 14661
f 14690 14691 14661
f 14661 14691 14660
f 14691 14692 14660
f 14660 14692 14659
f 14692 14693 14659
f 14659 14693 14658
f 14693 14694 14658
f 14658 14694 14657
f 14694 14695 14657
f 14657 14695 14656
f 14695 14696 14656
f 14656 14696 14655
f 14696 14697 14655
f 14655 14697 14654
f 14697 14698 14654
f 14654 14698 14653
f 14698 14699 14653
f 14653 14699 14652
f 14699 14700 14652
f 14652 14700 14651
f 14700 14701 14651
f 14651 14701 14650
f 14701 14702 14650
f 14650 14702 14649
f 14702 14703 14649
f 14649 14703 14648
f 14703 14704 14648
f 14648 14704 14647
f 14704 14705 14647
f 14647 14705 14646
f 14705 14706 14646
f 14646 14706 14645
f 14706 14707 14645
f 14645 14707 14644
f 14707 14708 14644
f 14644 14708 14643
f 14708 14709 14643
f 14643 14709 14642
f 14709 14710 14642
f 14642 14710 14641
f 14710 14711 14641
f 14641 14711 14640
f 14711 14712 14640
f 14640 14712 14639
f 14712 14713 14639
f 14639 14713 14638
f 14713 14714 14638
f 14638 14714 14637
f 14714 14715 14637
f 14637 14715 14636
f 14715 14716 14636
f 14636 14716 14635
f 14716 14717 14635
f 14635 14717 14634
f 14717 14718 14634
f 14634 14718 14633
f 14718 14719 14633
f 14633 14719 14632
f 14719 14720 14632
f 14632 14720 14631
f 14720 14721 14631
f 14631 14721 14630
f 14721 14722 14630
f 14630 14722 14629
f 14722 14723 14629
f 14629 14723 14628
f 14723 14724 14628
f 14628 14724 14627
f 14724 14725 14627
f 14627 14725 14626
f 14725 14726 14626
f 14626 14726 14625
f 14726 14727 14625
f 14625 14727 14624
f 14727 14728 14624
f 14624 14728 14623
f 14728 14729 14623
f 14623 14729 14622
f 14729 14730 14622
f 14622 14730 14621
f 14730 14731 14621
f 14621 14731 14620
f 14731 14732 14620
f 14620 14732 14619
f 14732 14733 14619
f 14619 14733 14618
f 14733 14734 14618
f 14618 14734 14617
f 14734 14735 14617
f 14617 14735 14616
f 14735 14736 14616
f 14616 14736 14615
f 14736 14737 14615
f 14615 14737 14614
f 14737 14738 14614
f 14614 14738 14613
f 14738 14739 14613
f 14613 14739 14612
f 14739 14740 14612
f 14612 14740 14611
f 14740 14741 14611
f 14611 14741 14610
f 14741 14742 14610
f 14610 14742 14609
f 14742 14743 14609
f 14609 14743 14680
f 14743 14744 14680
f 14680 14744 14679
f 14744 14745 14679
f 14679 14745 14678
f 14745 14746 14678
f 14678 14746 14677
f 14746 14747 14677
f 14677 14747 14676
f 14747 14748 14676
f 14676 14748 14675
f 14748 14749 14675
f 14675 14749 14674
f 14749 14750 14674
f 14674 14750 14673
f 14750 14751 14673
f 14673 14751 14672
f 14751 14752 14672
f 14672 14752 14671
f 14752 14681 14671
f 14753 14754 7978
f 14754 14755 7978
f 7978 14755 7945
f 14755 14756 7945
f 7945 14756 7976
f 14756 14757 7976
f 7976 14757 7975
f 14757 14758 7975
f 7975 14758 7974
f 14758 14759 7974
f 7974 14759 7973
f 14759 14760 7973
f 7973 14760 7884
f 14760 14761 7884
f 7884 14761 7949
f 14761 14762 7949
f 7949 14762 7948
f 14762 14763 7948
f 7948 14763 7947
f 14763 14764 7947
f 7947 14764 7967
f 14764 14765 7967
f 7967 14765 7968
f 14765 14766 7968
f 7968 14766 7970
f 14766 14767 7970
f 7970 14767 7962
f 14767 14768 7962
f 7962 14768 7960
f 14768 14769 7960
f 7960 14769 7958
f 14769 14770 7958
f 7958 14770 7956
f 14770 14771 7956
f 7956 14771 7954
f 14771 14772 7954
f 7954 14772 7952
f 14772 14773 7952
f 7952 14773 7903
f 14773 14774 7903
f 7903 14774 7901
f 14774 14775 7901
f 7901 14775 7899
f 14775 14776 7899
f 7899 14776 7897
f 14776 14777 7897
f 7897 14777 7895
f 14777 14778 7895
f 7895 14778 7893
f 14778 14779 7893
f 7893 14779 7891
f 14779 14780 7891
f 7891 14780 7876
f 14780 14781 7876
f 7876 14781 7877
f 14781 14782 7877
f 7877 14782 7878
f 14782 14783 7878
f 7878 14783 7879
f 14783 14784 7879
f 7879 14784 7979
f 14784 14785 7979
f 7979 14785 7980
f 14785 14786 7980
f 7980 14786 7981
f 14786 14787 7981
f 7981 14787 7984
f 14787 14788 7984
f 7984 14788 7983
f 14788 14789 7983
f 7983 14789 7982
f 14789 14790 7982
f 7982 14790 7963
f 14790 14791 7963
f 7963 14791 7880
f 14791 14792 7880
f 7880 14792 7881
f 14792 14793 7881
f 7881 14793 7882
f 14793 14794 7882
f 7882 14794 7883
f 14794 14795 7883
f 7883 14795 7885
f 14795 14796 7885
f 7885 14796 7886
f 14796 14797 7886
f 7886 14797 7887
f 14797 14798 7887
f 7887 14798 7888
f 14798 14799 7888
f 7888 14799 7904
f 14799 14800 7904
f 7904 14800 7905
f 14800 14801 7905
f 7905 14801 7907
f 14801 14802 7907
f 7907 14802 7909
f 14802 14803 7909
f 7909 14803 7911
f 14803 14804 7911
f 7911 14804 7913
f 14804 14805 7913
f 7913 14805 7915
f 14805 14806 7915
f 7915 14806 7917
f 14806 14807 7917
f 7917 14807 7919
f 14807 14808 7919
f 7919 14808 7921
f 14808 14809 7921
f 7921 14809 7923
f 14809 14810 7923
f 7923 14810 7925
f 14810 14811 7925
f 7925 14811 7927
f 14811 14812 7927
f 7927 14812 7929
f 14812 14813 7929
f 7929 14813 7931
f 14813 14814 7931
f 7931 14814 7933
f 14814 14815 7933
f 7933 14815 7935
f 14815 14816 7935
f 7935 14816 7937
f 14816 14817 7937
f 7937 14817 7939
f 14817 14818 7939
f 7939 14818 7941
f 14818 14819 7941
f 7941 14819 7942
f 14819 14820 7942
f 7942 14820 7964
f 14820 14821 7964
f 7964 14821 7965
f 14821 14822 7965
f 7965 14822 7966
f 14822 14823 7966
f 7966 14823 7943
f 14823 14824 7943
f 7943 14824 7944
f 14824 14825 7944
f 7944 14825 7977
f 14825 14753 7977
f 7977 14753 7978
f 14826 14827 14828
f 14826 14828 14829
f 14828 14830 14829
f 14829 14830 14831
f 14830 14832 14831
f 14831 14832 14833
f 14832 14834 14833
f 14833 14834 14835
f 14834 14836 14835
f 14835 14836 14837
f 14836 14838 14837
f 14837 14838 14839
f 14838 14840 14839
f 14839 14840 14841
f 14840 14842 14841
f 14841 14842 14843
f 14842 14844 14843
f 14843 14844 14845
f 14844 14846 14845
f 14845 14846 14847
f 14846 14848 14847
f 14847 14848 14849
f 14848 14850 14849
f 14849 14850 14851
f 14850 14852 14851
f 14851 14852 14853
f 14852 14854 14853
f 14853 14854 14855
f 14854 14856 14855
f 14855 14856 14857
f 14856 14858 14857
f 14857 14858 14859
f 14858 14860 14859
f 14859 14860 14861
f 14860 14862 14861
f 14861 14862 14863
f 14827 14826 14864
f 14826 14865 14864
f 14864 14865 14866
f 14867 14868 14869
f 14867 14869 14870
f 14869 14871 14870
f 14870 14871 14872
f 14871 14873 14872
f 14872 14873 14874
f 14873 14875 14874
f 14874 14875 14876
f 14875 14877 14876
f 14876 14877 14878
f 14877 14879 14878
f 14878 14879 14880
f 14879 14881 14880
f 14880 14881 14882
f 14881 14883 14882
f 14882 14883 14884
f 14883 14866 14884
f 14884 14866 14865
f 14885 14886 14867
f 14886 14868 14867
f 14887 14888 14889
f 14887 14889 14890
f 14889 14891 14890
f 14890 14891 14892
f 14891 14893 14892
f 14892 14893 14894
f 14893 14895 14894
f 14894 14895 14896
f 14895 14897 14896
f 14896 14897 14898
f 14897 14899 14898
f 14898 14899 14900
f 14899 14901 14900
f 14900 14901 14902
f 14901 14903 14902
f 14902 14903 14904
f 14903 14886 14904
f 14904 14886 14885
f 14888 14887 14905
f 14887 14906 14905
f 14905 14906 14907
f 14908 14909 14910
f 14908 14910 14911
f 14910 14912 14911
f 14911 14912 14913
f 14912 14914 14913
f 14913 14914 14915
f 14914 14916 14915
f 14915 14916 14917
f 14916 14918 14917
f 14917 14918 14919
f 14918 14920 14919
f 14919 14920 14921
f 14920 14922 14921
f 14921 14922 14923
f 14922 14924 14923
f 14923 14924 14925
f 14924 14907 14925
f 14925 14907 14906
f 14926 14927 14908
f 14927 14909 14908
f 14928 14929 14930
f 14928 14930 14931
f 14930 14932 14931
f 14931 14932 14933
f 14932 14934 14933
f 14933 14934 14935
f 14934 14936 14935
f 14935 14936 14937
f 14936 14938 14937
f 14937 14938 14939
f 14938 14940 14939
f 14939 14940 14941
f 14940 14942 14941
f 14941 14942 14943
f 14942 14944 14943
f 14943 14944 14945
f 14944 14927 14945
f 14945 14927 14926
f 14929 14928 14946
f 14928 14947 14946
f 14946 14947 14948
f 8274 14949 14950
f 14245 14244 14946
f 14244 14243 14946
f 14946 14243 14242
f 8268 8267 8271
f 8267 14949 8271
f 8271 14949 8273
f 14949 8274 8273
f 14256 14948 14257
f 14948 14258 14257
f 14280 14279 14949
f 14289 14288 8267
f 14288 14287 8267
f 14261 14260 14948
f 14260 14259 14948
f 14948 14259 14258
f 14287 14286 8267
f 14286 14285 8267
f 8267 14285 14284
f 14268 14951 14269
f 14951 14952 14269
f 14269 14952 14270
f 14952 14953 14270
f 14270 14953 14271
f 14953 14954 14271
f 14271 14954 14272
f 14284 14283 8267
f 14283 14282 8267
f 8267 14282 14949
f 14282 14281 14949
f 14949 14281 14280
f 14279 14278 14949
f 14278 14277 14949
f 14949 14277 14276
f 14256 14255 14948
f 14255 14254 14948
f 14948 14254 14253
f 8241 14252 14251
f 14954 14955 14272
f 14955 14956 14272
f 14272 14956 14273
f 14956 14957 14273
f 14273 14957 14274
f 14957 14949 14274
f 14274 14949 14275
f 14949 14276 14275
f 14265 14958 14266
f 14958 14959 14266
f 14266 14959 14267
f 14959 14960 14267
f 14267 14960 14268
f 14960 14961 14268
f 14268 14961 14951
f 14253 14252 14948
f 14252 8241 14948
f 14948 8241 14946
f 8241 14241 14946
f 14946 14241 14245
f 14251 14250 8241
f 14250 14249 8241
f 8241 14249 14248
f 14948 14962 14261
f 14962 14963 14261
f 14261 14963 14262
f 14963 14964 14262
f 14262 14964 14263
f 14964 14965 14263
f 14263 14965 14264
f 14965 14966 14264
f 14264 14966 14265
f 14966 14967 14265
f 14265 14967 14958
f 14248 14247 8241
f 14247 14246 8241
f 8241 14246 14318
f 14318 14317 8241
f 14317 14316 8241
f 8241 14316 8242
f 14316 14315 8242
f 8242 14315 8243
f 14315 14314 8243
f 8243 14314 8244
f 14314 14313 8244
f 8244 14313 8245
f 14313 14312 8245
f 8245 14312 8246
f 14312 14311 8246
f 8246 14311 8247
f 14311 14310 8247
f 8247 14310 8248
f 14310 14309 8248
f 8248 14309 8249
f 14309 14308 8249
f 8249 14308 8250
f 14308 14307 8250
f 8250 14307 8251
f 14307 14306 8251
f 8251 14306 8252
f 14306 14305 8252
f 8252 14305 8253
f 14305 14304 8253
f 8253 14304 8254
f 14304 14303 8254
f 8254 14303 8255
f 14303 14302 8255
f 8255 14302 8256
f 14302 14301 8256
f 8256 14301 8257
f 14301 14300 8257
f 8257 14300 8258
f 14300 14299 8258
f 8258 14299 8259
f 14299 14298 8259
f 8259 14298 8260
f 14298 14297 8260
f 8260 14297 8261
f 14297 14296 8261
f 8261 14296 8262
f 14296 14295 8262
f 8262 14295 8263
f 14295 14294 8263
f 8263 14294 8264
f 14294 14293 8264
f 8264 14293 8265
f 14293 14292 8265
f 8265 14292 8266
f 14292 14291 8266
f 8266 14291 8267
f 14291 14290 8267
f 8267 14290 14289
f 8566 14683 8565
f 14683 14682 8565
f 8565 14682 14681
f 12860 12858 14907
f 12858 12856 14907
f 14907 12856 14905
f 12856 12854 14905
f 14905 12854 12852
f 14681 14752 8565
f 14752 14751 8565
f 8565 14751 14750
f 14909 14723 14722
f 14718 14717 14910
f 14717 14716 14910
f 8601 12862 12860
f 14750 14749 8565
f 14749 14748 8565
f 8565 14748 14747
f 14930 14737 14932
f 14737 14736 14932
f 14932 14736 14934
f 14934 14736 14936
f 14736 14735 14936
f 14936 14735 14938
f 14716 14715 14910
f 14715 14714 14910
f 14910 14714 8601
f 14714 14713 8601
f 14740 14739 14930
f 14739 14738 14930
f 14930 14738 14737
f 14938 14735 14940
f 14735 14734 14940
f 14940 14734 14942
f 14734 14733 14942
f 14942 14733 14944
f 14726 14909 14727
f 14909 14927 14727
f 14726 14725 14909
f 14725 14724 14909
f 14909 14724 14723
f 14722 14721 14909
f 14721 14720 14909
f 14909 14720 14910
f 14720 14719 14910
f 14910 14719 14718
f 8574 14683 8573
f 14683 8572 8573
f 12860 14907 8601
f 14907 14924 8601
f 8601 14924 14922
f 14922 14920 8601
f 14920 14918 8601
f 8601 14918 14916
f 14916 14914 8601
f 14914 14912 8601
f 8601 14912 14910
f 14747 14746 8565
f 14746 14745 8565
f 8565 14745 14744
f 14242 14240 14946
f 14240 14239 14946
f 14946 14239 14929
f 14239 8565 14929
f 14929 8565 14930
f 8565 14741 14930
f 14930 14741 14740
f 14731 14730 14927
f 8566 8567 14683
f 8567 8568 14683
f 14683 8568 8569
f 14944 14733 14927
f 14733 14732 14927
f 14927 14732 14731
f 14730 14729 14927
f 14729 14728 14927
f 14927 14728 14727
f 14713 14712 8601
f 14712 14711 8601
f 8601 14711 14710
f 8569 8570 14683
f 8570 8571 14683
f 14683 8571 8572
f 14744 14743 8565
f 14743 14742 8565
f 8565 14742 14741
f 8574 8575 14683
f 8575 8576 14683
f 14683 8576 14684
f 8576 8577 14684
f 14684 8577 14685
f 8577 8578 14685
f 14685 8578 14686
f 8578 8579 14686
f 14686 8579 14687
f 8579 8580 14687
f 14687 8580 14688
f 8580 8581 14688
f 14688 8581 14689
f 8581 8582 14689
f 14689 8582 14690
f 8582 8583 14690
f 14690 8583 14691
f 8583 8584 14691
f 14691 8584 14692
f 8584 8585 14692
f 14692 8585 14693
f 8585 8586 14693
f 14693 8586 14694
f 8586 8587 14694
f 14694 8587 14695
f 8587 8588 14695
f 14695 8588 14696
f 8588 8589 14696
f 14696 8589 14697
f 8589 8590 14697
f 14697 8590 14698
f 8590 8591 14698
f 14698 8591 14699
f 8591 8592 14699
f 14699 8592 14700
f 8592 8593 14700
f 14700 8593 14701
f 8593 8594 14701
f 14701 8594 14702
f 8594 8595 14702
f 14702 8595 14703
f 8595 8596 14703
f 14703 8596 14704
f 8596 8597 14704
f 14704 8597 14705
f 8597 8598 14705
f 14705 8598 14706
f 8598 8599 14706
f 14706 8599 14707
f 8599 8600 14707
f 14707 8600 14708
f 8600 8601 14708
f 14708 8601 14709
f 8601 14710 14709
f 14505 14504 14903
f 12852 12850 14905
f 12850 12848 14905
f 14905 12848 14888
f 12848 12846 14888
f 14866 14883 12767
f 14883 14881 12767
f 14881 14879 12767
f 14879 14877 12767
f 12767 14877 14875
f 14875 14873 12767
f 14873 14871 12767
f 12767 14871 14869
f 12805 14506 14505
f 12846 12844 14888
f 12844 12842 14888
f 14888 12842 12805
f 14509 14508 12805
f 14508 14507 12805
f 12805 14507 14506
f 14504 14503 14903
f 14503 14502 14903
f 14903 14502 14501
f 14505 14903 12805
f 14903 14901 12805
f 12805 14901 14899
f 14899 14897 12805
f 14897 14895 12805
f 12805 14895 14893
f 14893 14891 12805
f 14891 14889 12805
f 12805 14889 14888
f 14498 14886 14499
f 14886 14903 14499
f 14499 14903 14500
f 14903 14501 14500
f 14498 14497 14886
f 14497 14496 14886
f 14886 14496 14495
f 14477 14476 12767
f 14476 14475 12767
f 14491 14490 14868
f 14490 14489 14868
f 14868 14489 14488
f 14488 14487 14868
f 14487 14486 14868
f 14868 14486 14869
f 14486 14485 14869
f 14485 14484 14869
f 14484 14483 14869
f 14869 14483 14482
f 14869 14479 12767
f 14479 14478 12767
f 12767 14478 14477
f 14495 14494 14886
f 14494 14493 14886
f 14886 14493 14868
f 14493 14492 14868
f 14868 14492 14491
f 14475 14474 12767
f 14474 14473 12767
f 12767 14473 12840
f 14473 14472 12840
f 12840 14472 12839
f 14472 14471 12839
f 12839 14471 12838
f 14471 14470 12838
f 12838 14470 12837
f 14470 14469 12837
f 12837 14469 12836
f 14469 14468 12836
f 12836 14468 12835
f 14468 14467 12835
f 12835 14467 12834
f 14467 14466 12834
f 12834 14466 12833
f 14466 14465 12833
f 12833 14465 12832
f 14465 14464 12832
f 12832 14464 12831
f 14464 14536 12831
f 12831 14536 12830
f 14536 14535 12830
f 12830 14535 12829
f 14535 14534 12829
f 12829 14534 12828
f 14534 14533 12828
f 12828 14533 12827
f 14533 14532 12827
f 12827 14532 12826
f 14532 14531 12826
f 12826 14531 12825
f 14531 14530 12825
f 12825 14530 12824
f 14530 14529 12824
f 12824 14529 12823
f 14529 14528 12823
f 12823 14528 12822
f 14528 14527 12822
f 12822 14527 12821
f 14527 14526 12821
f 12821 14526 12820
f 14526 14525 12820
f 12820 14525 12819
f 14525 14524 12819
f 12819 14524 12818
f 14524 14523 12818
f 12818 14523 12817
f 14523 14522 12817
f 12817 14522 12816
f 14522 14521 12816
f 12816 14521 12815
f 14521 14520 12815
f 12815 14520 12814
f 14520 14519 12814
f 12814 14519 12813
f 14519 14518 12813
f 12813 14518 12812
f 14518 14517 12812
f 12812 14517 12811
f 14517 14516 12811
f 12811 14516 12810
f 14516 14515 12810
f 12810 14515 12809
f 14515 14514 12809
f 12809 14514 12808
f 14514 14513 12808
f 12808 14513 12807
f 14513 14512 12807
f 12807 14512 12806
f 14512 14511 12806
f 12806 14511 12805
f 14511 14510 12805
f 12805 14510 14509
f 14482 14481 14869
f 14481 14480 14869
f 14869 14480 14479
f 11866 11865 14864
f 11861 11860 14827
f 11860 11859 14827
f 14827 11859 11858
f 11866 14864 11867
f 14866 12767 14864
f 12767 12766 14864
f 14864 12766 11867
f 14790 14789 11858
f 11832 11831 14862
f 11831 11830 14862
f 14787 14786 14827
f 11830 11829 14862
f 11829 8279 14862
f 14862 8279 14950
f 8279 8281 14950
f 14950 8281 8274
f 11865 11864 14864
f 11864 11863 14864
f 14864 11863 14827
f 11863 11862 14827
f 14827 11862 11861
f 11858 14789 14827
f 14789 14788 14827
f 14827 14788 14787
f 14786 14785 14827
f 14785 14784 14827
f 14827 14784 14783
f 14761 14760 14862
f 14760 14759 14862
f 14862 14759 11832
f 14759 14758 11832
f 14779 14830 14780
f 14830 14828 14780
f 14780 14828 14781
f 14828 14827 14781
f 14781 14827 14782
f 14827 14783 14782
f 14775 14840 14776
f 14840 14838 14776
f 14776 14838 14777
f 14838 14836 14777
f 14777 14836 14778
f 14836 14834 14778
f 14778 14834 14779
f 14834 14832 14779
f 14779 14832 14830
f 14772 14848 14773
f 14848 14846 14773
f 14773 14846 14774
f 14846 14844 14774
f 14774 14844 14775
f 14844 14842 14775
f 14775 14842 14840
f 14758 14757 11832
f 14757 14756 11832
f 11832 14756 14755
f 14768 14858 14769
f 14858 14856 14769
f 14769 14856 14770
f 14856 14854 14770
f 14770 14854 14771
f 14854 14852 14771
f 14771 14852 14772
f 14852 14850 14772
f 14772 14850 14848
f 14767 14862 14768
f 14862 14860 14768
f 14768 14860 14858
f 14767 14766 14862
f 14766 14765 14862
f 14862 14765 14764
f 14764 14763 14862
f 14763 14762 14862
f 14862 14762 14761
f 14796 14795 11858
f 14795 14794 11858
f 11858 14794 14793
f 14793 14792 11858
f 14792 14791 11858
f 11858 14791 14790
f 14755 14754 11832
f 14754 14753 11832
f 11832 14753 14825
f 14825 14824 11832
f 14824 14823 11832
f 11832 14823 11833
f 14823 14822 11833
f 11833 14822 11834
f 14822 14821 11834
f 11834 14821 11835
f 14821 14820 11835
f 11835 14820 11836
f 14820 14819 11836
f 11836 14819 11837
f 14819 14818 11837
f 11837 14818 11838
f 14818 14817 11838
f 11838 14817 11839
f 14817 14816 11839
f 11839 14816 11840
f 14816 14815 11840
f 11840 14815 11841
f 14815 14814 11841
f 11841 14814 11842
f 14814 14813 11842
f 11842 14813 11843
f 14813 14812 11843
f 11843 14812 11844
f 14812 14811 11844
f 11844 14811 11845
f 14811 14810 11845
f 11845 14810 11846
f 14810 14809 11846
f 11846 14809 11847
f 14809 14808 11847
f 11847 14808 11848
f 14808 14807 11848
f 11848 14807 11849
f 14807 14806 11849
f 11849 14806 11850
f 14806 14805 11850
f 11850 14805 11851
f 14805 14804 11851
f 11851 14804 11852
f 14804 14803 11852
f 11852 14803 11853
f 14803 14802 11853
f 11853 14802 11854
f 14802 14801 11854
f 11854 14801 11855
f 14801 14800 11855
f 11855 14800 11856
f 14800 14799 11856
f 11856 14799 11857
f 14799 14798 11857
f 11857 14798 11858
f 14798 14797 11858
f 11858 14797 14796
f 14968 14949 14957
f 14968 14957 14969
f 14957 14956 14969
f 14969 14956 14970
f 14956 14955 14970
f 14970 14955 14971
f 14955 14954 14971
f 14971 14954 14972
f 14954 14953 14972
f 14972 14953 14973
f 14953 14952 14973
f 14973 14952 14974
f 14952 14951 14974
f 14974 14951 14975
f 14951 14961 14975
f 14975 14961 14976
f 14961 14960 14976
f 14976 14960 14977
f 14960 14959 14977
f 14977 14959 14978
f 14959 14958 14978
f 14978 14958 14979
f 14958 14967 14979
f 14979 14967 14980
f 14967 14966 14980
f 14980 14966 14981
f 14966 14965 14981
f 14981 14965 14982
f 14965 14964 14982
f 14982 14964 14983
f 14964 14963 14983
f 14983 14963 14984
f 14963 14962 14984
f 14984 14962 14985
f 14962 14948 14985
f 14985 14948 14947
f 14949 14968 14950
f 14968 14863 14950
f 14950 14863 14862
f 5202 5197 14986
f 5202 14986 7889
f 14986 14987 7889
f 7889 14987 7890
f 14987 14988 7890
f 7890 14988 7892
f 14988 14989 7892
f 7892 14989 7894
f 14989 14990 7894
f 7894 14990 7896
f 14990 14991 7896
f 7896 14991 7898
f 14991 14992 7898
f 7898 14992 7900
f 14992 14993 7900
f 7900 14993 7902
f 14993 14994 7902
f 7902 14994 7950
f 14994 14995 7950
f 7950 14995 7951
f 14995 14996 7951
f 7951 14996 7953
f 14996 14997 7953
f 7953 14997 7955
f 14997 14998 7955
f 7955 14998 7957
f 14998 14999 7957
f 7957 14999 7959
f 14999 15000 7959
f 7959 15000 7961
f 15000 15001 7961
f 7961 15001 7972
f 15001 15002 7972
f 7972 15002 7971
f 15002 15003 7971
f 7971 15003 7969
f 15003 7985 7969
f 7969 7985 7946
f 14931 5155 14928
f 5155 5152 14928
f 14928 5152 14947
f 5152 5151 14947
f 14947 5151 14985
f 5151 15004 14985
f 14985 15004 14984
f 15004 15005 14984
f 14984 15005 14983
f 15005 15006 14983
f 14983 15006 14982
f 15006 15007 14982
f 14982 15007 14981
f 15007 15008 14981
f 14981 15008 14980
f 15008 15009 14980
f 14980 15009 14979
f 15009 15010 14979
f 14979 15010 14978
f 15010 15011 14978
f 14978 15011 14977
f 14911 5166 14908
f 5166 5164 14908
f 14908 5164 14926
f 5164 5163 14926
f 14926 5163 14945
f 5163 5162 14945
f 14945 5162 14943
f 5162 5160 14943
f 14943 5160 14941
f 5160 5161 14941
f 14941 5161 14939
f 5161 5158 14939
f 14939 5158 14937
f 5158 5159 14937
f 14937 5159 14935
f 5159 5157 14935
f 14935 5157 14933
f 5157 5156 14933
f 14933 5156 14931
f 5156 5154 14931
f 14931 5154 5155
f 14847 14995 14845
f 14995 14994 14845
f 14845 14994 14843
f 14994 14993 14843
f 14843 14993 14841
f 14993 14992 14841
f 14841 14992 14839
f 14992 14991 14839
f 14839 14991 14837
f 14991 14990 14837
f 14837 14990 14835
f 14990 14989 14835
f 14835 14989 14833
f 14989 14988 14833
f 14833 14988 14831
f 14988 14987 14831
f 14831 14987 14829
f 14987 14986 14829
f 14829 14986 14826
f 14986 5197 14826
f 14826 5197 14865
f 5197 5196 14865
f 14865 5196 14884
f 5196 5195 14884
f 14884 5195 14882
f 5195 5194 14882
f 14882 5194 14880
f 5194 5193 14880
f 14880 5193 14878
f 5193 5191 14878
f 14878 5191 14876
f 5191 5192 14876
f 14876 5192 14874
f 5192 5190 14874
f 14874 5190 14872
f 5190 5189 14872
f 14872 5189 14870
f 5189 5187 14870
f 5187 5188 14870
f 14870 5188 14867
f 5188 5186 14867
f 14867 5186 14885
f 5186 5185 14885
f 14885 5185 14904
f 5185 5184 14904
f 14904 5184 14902
f 5184 5182 14902
f 14902 5182 14900
f 5182 5183 14900
f 14900 5183 14898
f 5183 5180 14898
f 14898 5180 14896
f 5180 5181 14896
f 14896 5181 14894
f 5181 5179 14894
f 14894 5179 14892
f 5179 5178 14892
f 14892 5178 14890
f 15011 15012 14977
f 15012 15013 14977
f 14977 15013 14976
f 15013 15014 14976
f 14976 15014 14975
f 15014 15015 14975
f 14975 15015 14974
f 15015 15016 14974
f 14974 15016 14973
f 15016 15017 14973
f 14973 15017 14972
f 15017 15018 14972
f 14972 15018 14971
f 15018 15019 14971
f 14971 15019 14970
f 15019 15020 14970
f 14970 15020 14969
f 15020 15021 14969
f 14969 15021 14968
f 15021 7986 14968
f 14968 7986 14863
f 7986 7985 14863
f 14863 7985 14861
f 7985 15003 14861
f 14861 15003 14859
f 15003 15002 14859
f 14859 15002 14857
f 15002 15001 14857
f 14857 15001 14855
f 15001 15000 14855
f 14855 15000 14853
f 15000 14999 14853
f 14853 14999 14851
f 14999 14998 14851
f 14851 14998 14849
f 14998 14997 14849
f 14849 14997 14847
f 14997 14996 14847
f 14847 14996 14995
f 5178 5176 14890
f 5176 5177 14890
f 14890 5177 14887
f 5177 5175 14887
f 14887 5175 14906
f 5175 5174 14906
f 14906 5174 14925
f 5174 5173 14925
f 14925 5173 14923
f 5173 5172 14923
f 14923 5172 14921
f 5172 5171 14921
f 14921 5171 14919
f 5171 5169 14919
f 14919 5169 14917
f 5169 5170 14917
f 14917 5170 14915
f 5170 5168 14915
f 14915 5168 14913
f 5168 5167 14913
f 14913 5167 14911
f 5167 5165 14911
f 14911 5165 5166
f 7987 7986 15021
f 7987 15021 8095
f 15021 15020 8095
f 8095 15020 8096
f 15020 15019 8096
f 8096 15019 8098
f 15019 15018 8098
f 8098 15018 8100
f 15018 15017 8100
f 8100 15017 8102
f 15017 15016 8102
f 8102 15016 8104
f 15016 15015 8104
f 8104 15015 8106
f 15015 15014 8106
f 8106 15014 8108
f 15014 15013 8108
f 8108 15013 8109
f 15013 15012 8109
f 8109 15012 8111
f 15012 15011 8111
f 8111 15011 8113
f 15011 15010 8113
f 8113 15010 8115
f 15010 15009 8115
f 8115 15009 8117
f 15009 15008 8117
f 8117 15008 8119
f 15008 15007 8119
f 8119 15007 8121
f 15007 15006 8121
f 8121 15006 8122
f 15006 15005 8122
f 8122 15005 8019
f 15005 15004 8019
f 8019 15004 8017
f 15004 5151 8017
f 8017 5151 5153
f 8064 3718 3720
f 4043 3742 8082
f 3742 3747 8082
f 8082 3747 8081
f 3747 3746 8081
f 8081 3746 8083
f 3746 3745 8083
f 8083 3745 8084
f 8084 3745 8085
f 3745 3740 8085
f 8085 3740 8092
f 3740 3739 8092
f 8092 3739 8093
f 3739 3748 8093
f 8093 3748 8086
f 8086 3748 8087
f 3748 3737 8087
f 8087 3737 8088
f 3737 3736 8088
f 8088 3736 8089
f 3736 3882 8089
f 8089 3882 8094
f 8094 3882 8080
f 3882 3734 8080
f 8080 3734 8078
f 3734 3733 8078
f 3733 3893 8078
f 8078 3893 8076
f 3893 3731 8076
f 8076 3731 8074
f 3731 3730 8074
f 8074 3730 8072
f 3730 3902 8072
f 3940 8001 3902
f 8001 8070 3902
f 3902 8070 8072
f 3940 3727 8001
f 3727 3729 8001
f 8001 3729 8002
f 3729 8061 8002
f 3729 3725 8061
f 3725 3724 8061
f 8061 3724 8062
f 3724 3722 8062
f 3722 3721 8062
f 3721 3967 8062
f 8062 3967 8063
f 8063 3967 8064
f 3967 4000 8064
f 8064 4000 3718
f 3751 8067 3720
f 8067 8065 3720
f 3720 8065 8064
f 3751 3750 8067
f 3750 3652 8067
f 8067 3652 7995
f 7997 7995 3634
f 7995 3652 3634
f 7997 3634 8057
f 3634 3616 8057
f 8057 3616 8055
f 3616 3598 8055
f 8055 3598 8053
f 3598 3580 8053
f 8053 3580 8051
f 3580 3562 8051
f 8051 3562 8049
f 3562 3544 8049
f 8049 3544 8047
f 3544 3526 8047
f 8047 3526 8045
f 3526 3508 8045
f 8045 3508 8043
f 3508 3490 8043
f 8043 3490 8041
f 3490 3472 8041
f 8041 3472 8039
f 3472 3454 8039
f 8039 3454 8037
f 3454 3436 8037
f 8037 3436 8035
f 3436 3418 8035
f 8035 3418 8033
f 3418 3400 8033
f 8033 3400 8031
f 3400 3382 8031
f 8031 3382 8029
f 3382 3364 8029
f 8029 3364 8027
f 3364 3346 8027
f 8027 3346 8025
f 3346 3329 8025
f 8025 3329 3294
f 3329 3295 3294
# 30058 faces, 0 coords texture

# End of File
