####
#
# OBJ File Generated by Meshlab
#
####
# Object sj_wk00_0023bottomcase_12.obj
#
# Vertices: 13875
# Faces: 27754
#
####
v -0.022511 -0.024300 -0.000261
v -0.022500 -0.024300 -0.000000
v -0.022503 -0.027950 -0.000125
v -0.022511 -0.027950 -0.000261
v -0.022525 -0.027950 -0.000386
v -0.022546 -0.024300 -0.000521
v -0.022546 -0.027950 -0.000521
v -0.022570 -0.027950 -0.000644
v -0.022602 -0.024300 -0.000776
v -0.022602 -0.027950 -0.000776
v -0.022637 -0.027950 -0.000897
v -0.022681 -0.024300 -0.001026
v -0.022681 -0.027950 -0.001026
v -0.022726 -0.027950 -0.001143
v -0.022781 -0.024300 -0.001268
v -0.022781 -0.027950 -0.001268
v -0.022836 -0.027950 -0.001380
v -0.022902 -0.024300 -0.001500
v -0.022902 -0.027950 -0.001500
v -0.022967 -0.027950 -0.001607
v -0.023043 -0.024300 -0.001721
v -0.023043 -0.027950 -0.001721
v -0.023117 -0.027950 -0.001822
v -0.023202 -0.024300 -0.001928
v -0.023202 -0.027950 -0.001928
v -0.023284 -0.027950 -0.002023
v -0.023379 -0.024300 -0.002121
v -0.023379 -0.027950 -0.002121
v -0.023469 -0.027950 -0.002208
v -0.023572 -0.024300 -0.002298
v -0.023572 -0.027950 -0.002298
v -0.023669 -0.027950 -0.002377
v -0.023779 -0.024300 -0.002457
v -0.023779 -0.027950 -0.002457
v -0.023883 -0.027950 -0.002527
v -0.024000 -0.024300 -0.002598
v -0.024000 -0.027950 -0.002598
v -0.024110 -0.027950 -0.002658
v -0.024232 -0.024300 -0.002719
v -0.024232 -0.027950 -0.002719
v -0.024347 -0.027950 -0.002769
v -0.024474 -0.024300 -0.002819
v -0.024474 -0.027950 -0.002819
v -0.024593 -0.027950 -0.002859
v -0.024724 -0.024300 -0.002898
v -0.024724 -0.027950 -0.002898
v -0.024845 -0.027950 -0.002928
v -0.024979 -0.024300 -0.002954
v -0.024979 -0.027950 -0.002954
v -0.025103 -0.027950 -0.002974
v -0.025239 -0.024300 -0.002989
v -0.025239 -0.027950 -0.002989
v -0.025364 -0.027950 -0.002997
v -0.025500 -0.024300 -0.003000
v -0.025500 -0.027950 -0.003000
v -0.025625 -0.027950 -0.002997
v -0.025761 -0.024300 -0.002989
v -0.025761 -0.027950 -0.002989
v -0.025886 -0.027950 -0.002975
v -0.026021 -0.024300 -0.002954
v -0.026021 -0.027950 -0.002954
v -0.026144 -0.027950 -0.002930
v -0.026276 -0.024300 -0.002898
v -0.026276 -0.027950 -0.002898
v -0.026397 -0.027950 -0.002863
v -0.026526 -0.024300 -0.002819
v -0.026526 -0.027950 -0.002819
v -0.026643 -0.027950 -0.002774
v -0.026768 -0.024300 -0.002719
v -0.026768 -0.027950 -0.002719
v -0.026880 -0.027950 -0.002664
v -0.027000 -0.024300 -0.002598
v -0.027000 -0.027950 -0.002598
v -0.027107 -0.027950 -0.002533
v -0.027221 -0.024300 -0.002457
v -0.027221 -0.027950 -0.002457
v -0.027322 -0.027950 -0.002383
v -0.027428 -0.024300 -0.002298
v -0.027428 -0.027950 -0.002298
v -0.027523 -0.027950 -0.002216
v -0.027621 -0.024300 -0.002121
v -0.027621 -0.027950 -0.002121
v -0.027708 -0.027950 -0.002031
v -0.027798 -0.024300 -0.001928
v -0.027798 -0.027950 -0.001928
v -0.027877 -0.027950 -0.001831
v -0.027957 -0.024300 -0.001721
v -0.027957 -0.027950 -0.001721
v -0.028027 -0.027950 -0.001617
v -0.028098 -0.024300 -0.001500
v -0.028098 -0.027950 -0.001500
v -0.028158 -0.027950 -0.001390
v -0.028219 -0.024300 -0.001268
v -0.028219 -0.027950 -0.001268
v -0.028269 -0.027950 -0.001153
v -0.028319 -0.024300 -0.001026
v -0.028319 -0.027950 -0.001026
v -0.028359 -0.027950 -0.000907
v -0.028398 -0.024300 -0.000776
v -0.028398 -0.027950 -0.000776
v -0.028428 -0.027950 -0.000655
v -0.028454 -0.024300 -0.000521
v -0.028454 -0.027950 -0.000521
v -0.028474 -0.027950 -0.000397
v -0.028489 -0.024300 -0.000261
v -0.028489 -0.027950 -0.000261
v -0.028497 -0.027950 -0.000136
v -0.028500 -0.024300 0.000000
v -0.028500 -0.027950 0.000000
v -0.028497 -0.027950 0.000125
v -0.028489 -0.024300 0.000261
v -0.028489 -0.027950 0.000261
v -0.028476 -0.027950 0.000375
v -0.028454 -0.024300 0.000521
v -0.028475 -0.027950 0.000386
v -0.028454 -0.027950 0.000521
v -0.028430 -0.027950 0.000644
v -0.028398 -0.024300 0.000776
v -0.028398 -0.027950 0.000776
v -0.028363 -0.027950 0.000897
v -0.028319 -0.024300 0.001026
v -0.028319 -0.027950 0.001026
v -0.028274 -0.027950 0.001143
v -0.028219 -0.024300 0.001268
v -0.028219 -0.027950 0.001268
v -0.028164 -0.027950 0.001380
v -0.028098 -0.024300 0.001500
v -0.028098 -0.027950 0.001500
v -0.028033 -0.027950 0.001607
v -0.027957 -0.024300 0.001721
v -0.027957 -0.027950 0.001721
v -0.027883 -0.027950 0.001822
v -0.027798 -0.024300 0.001928
v -0.027798 -0.027950 0.001928
v -0.027716 -0.027950 0.002023
v -0.027621 -0.024300 0.002121
v -0.027621 -0.027950 0.002121
v -0.027531 -0.027950 0.002208
v -0.027428 -0.024300 0.002298
v -0.027428 -0.027950 0.002298
v -0.027331 -0.027950 0.002377
v -0.027221 -0.024300 0.002457
v -0.027221 -0.027950 0.002457
v -0.027117 -0.027950 0.002527
v -0.027000 -0.024300 0.002598
v -0.027000 -0.027950 0.002598
v -0.026890 -0.027950 0.002658
v -0.026768 -0.024300 0.002719
v -0.026768 -0.027950 0.002719
v -0.026653 -0.027950 0.002769
v -0.026526 -0.024300 0.002819
v -0.026526 -0.027950 0.002819
v -0.026407 -0.027950 0.002859
v -0.026276 -0.024300 0.002898
v -0.026276 -0.027950 0.002898
v -0.026155 -0.027950 0.002928
v -0.026021 -0.024300 0.002954
v -0.026021 -0.027950 0.002954
v -0.025897 -0.027950 0.002974
v -0.025761 -0.024300 0.002989
v -0.025761 -0.027950 0.002989
v -0.025636 -0.027950 0.002997
v -0.025500 -0.024300 0.003000
v -0.025500 -0.027950 0.003000
v -0.025375 -0.027950 0.002997
v -0.025239 -0.024300 0.002989
v -0.025239 -0.027950 0.002989
v -0.025114 -0.027950 0.002975
v -0.024979 -0.024300 0.002954
v -0.024979 -0.027950 0.002954
v -0.024856 -0.027950 0.002930
v -0.024724 -0.024300 0.002898
v -0.024724 -0.027950 0.002898
v -0.024603 -0.027950 0.002863
v -0.024474 -0.024300 0.002819
v -0.024474 -0.027950 0.002819
v -0.024357 -0.027950 0.002774
v -0.024232 -0.024300 0.002719
v -0.024232 -0.027950 0.002719
v -0.024120 -0.027950 0.002664
v -0.024000 -0.024300 0.002598
v -0.024000 -0.027950 0.002598
v -0.023893 -0.027950 0.002533
v -0.023779 -0.024300 0.002457
v -0.023779 -0.027950 0.002457
v -0.023678 -0.027950 0.002383
v -0.023572 -0.024300 0.002298
v -0.023572 -0.027950 0.002298
v -0.023477 -0.027950 0.002216
v -0.023379 -0.024300 0.002121
v -0.023379 -0.027950 0.002121
v -0.023292 -0.027950 0.002031
v -0.023202 -0.024300 0.001928
v -0.023202 -0.027950 0.001928
v -0.023123 -0.027950 0.001831
v -0.023043 -0.024300 0.001721
v -0.023043 -0.027950 0.001721
v -0.022973 -0.027950 0.001617
v -0.022902 -0.024300 0.001500
v -0.022902 -0.027950 0.001500
v -0.022842 -0.027950 0.001390
v -0.022781 -0.024300 0.001268
v -0.022781 -0.027950 0.001268
v -0.022731 -0.027950 0.001153
v -0.022681 -0.024300 0.001026
v -0.022681 -0.027950 0.001026
v -0.022641 -0.027950 0.000907
v -0.022602 -0.024300 0.000776
v -0.022602 -0.027950 0.000776
v -0.022572 -0.027950 0.000655
v -0.022546 -0.024300 0.000521
v -0.022546 -0.027950 0.000521
v -0.022526 -0.027950 0.000397
v -0.022511 -0.024300 0.000261
v -0.022511 -0.027950 0.000261
v -0.022503 -0.027950 0.000136
v -0.022500 -0.027950 0.000000
v -0.028496 -0.027972 0.000125
v -0.028496 -0.027972 -0.000136
v -0.028473 -0.027972 -0.000397
v -0.028427 -0.027972 -0.000655
v -0.028359 -0.027972 -0.000907
v -0.028269 -0.027972 -0.001153
v -0.028158 -0.027972 -0.001390
v -0.028026 -0.027972 -0.001616
v -0.027876 -0.027972 -0.001830
v -0.027707 -0.027972 -0.002030
v -0.027522 -0.027972 -0.002215
v -0.027321 -0.027972 -0.002383
v -0.027107 -0.027972 -0.002532
v -0.026880 -0.027972 -0.002663
v -0.026643 -0.027972 -0.002773
v -0.026397 -0.027972 -0.002862
v -0.026144 -0.027972 -0.002929
v -0.025374 -0.028199 -0.002769
v -0.025375 -0.028200 -0.002747
v -0.025615 -0.028200 -0.002748
v -0.025133 -0.028199 -0.002747
v -0.025136 -0.028200 -0.002726
v -0.024895 -0.028199 -0.002705
v -0.024900 -0.028200 -0.002684
v -0.024662 -0.028199 -0.002642
v -0.024668 -0.028200 -0.002621
v -0.024435 -0.028199 -0.002559
v -0.024443 -0.028200 -0.002539
v -0.024216 -0.028199 -0.002456
v -0.024226 -0.028200 -0.002437
v -0.024006 -0.028199 -0.002335
v -0.024018 -0.028200 -0.002317
v -0.023809 -0.028199 -0.002196
v -0.023822 -0.028200 -0.002179
v -0.023624 -0.028199 -0.002040
v -0.023638 -0.028200 -0.002024
v -0.023453 -0.028199 -0.001869
v -0.023469 -0.028200 -0.001854
v -0.023298 -0.028199 -0.001683
v -0.023315 -0.028200 -0.001670
v -0.023160 -0.028199 -0.001485
v -0.023178 -0.028200 -0.001473
v -0.023039 -0.028199 -0.001275
v -0.023058 -0.028200 -0.001265
v -0.022937 -0.028199 -0.001056
v -0.022957 -0.028200 -0.001048
v -0.022855 -0.028199 -0.000829
v -0.022876 -0.028200 -0.000822
v -0.022793 -0.028199 -0.000595
v -0.022814 -0.028200 -0.000590
v -0.022751 -0.028199 -0.000357
v -0.022773 -0.028200 -0.000354
v -0.022731 -0.028199 -0.000116
v -0.022752 -0.028200 -0.000115
v -0.022731 -0.028199 0.000126
v -0.022753 -0.028200 0.000125
v -0.022753 -0.028199 0.000367
v -0.022774 -0.028200 0.000364
v -0.022795 -0.028199 0.000605
v -0.022816 -0.028200 0.000600
v -0.022858 -0.028199 0.000838
v -0.022879 -0.028200 0.000832
v -0.022941 -0.028199 0.001065
v -0.022961 -0.028200 0.001057
v -0.023044 -0.028199 0.001284
v -0.023063 -0.028200 0.001274
v -0.023165 -0.028199 0.001494
v -0.023183 -0.028200 0.001482
v -0.023304 -0.028199 0.001691
v -0.023321 -0.028200 0.001678
v -0.023460 -0.028199 0.001876
v -0.023476 -0.028200 0.001862
v -0.023631 -0.028199 0.002047
v -0.023646 -0.028200 0.002031
v -0.023817 -0.028199 0.002202
v -0.023830 -0.028200 0.002185
v -0.024015 -0.028199 0.002340
v -0.024027 -0.028200 0.002322
v -0.024225 -0.028199 0.002461
v -0.024235 -0.028200 0.002442
v -0.024444 -0.028199 0.002563
v -0.024452 -0.028200 0.002543
v -0.024671 -0.028199 0.002645
v -0.024678 -0.028200 0.002624
v -0.024905 -0.028199 0.002707
v -0.024910 -0.028200 0.002686
v -0.025143 -0.028199 0.002749
v -0.025146 -0.028200 0.002727
v -0.025384 -0.028199 0.002769
v -0.025385 -0.028200 0.002748
v -0.025626 -0.028199 0.002769
v -0.025625 -0.028200 0.002747
v -0.028228 -0.028200 0.000344
v -0.028227 -0.028200 0.000354
v -0.028249 -0.028199 0.000357
v -0.028205 -0.028199 -0.000605
v -0.028184 -0.028200 -0.000600
v -0.028226 -0.028200 -0.000364
v -0.028142 -0.028199 -0.000838
v -0.028121 -0.028200 -0.000832
v -0.028059 -0.028199 -0.001065
v -0.028039 -0.028200 -0.001057
v -0.027956 -0.028199 -0.001284
v -0.027937 -0.028200 -0.001274
v -0.027835 -0.028199 -0.001494
v -0.027817 -0.028200 -0.001482
v -0.027696 -0.028199 -0.001691
v -0.027679 -0.028200 -0.001678
v -0.027540 -0.028199 -0.001876
v -0.027524 -0.028200 -0.001862
v -0.027369 -0.028199 -0.002047
v -0.027354 -0.028200 -0.002031
v -0.027183 -0.028199 -0.002202
v -0.027170 -0.028200 -0.002185
v -0.026985 -0.028199 -0.002340
v -0.026973 -0.028200 -0.002322
v -0.026775 -0.028199 -0.002461
v -0.026765 -0.028200 -0.002442
v -0.026556 -0.028199 -0.002563
v -0.026548 -0.028200 -0.002543
v -0.026329 -0.028199 -0.002645
v -0.026322 -0.028200 -0.002624
v -0.026095 -0.028199 -0.002707
v -0.026090 -0.028200 -0.002686
v -0.025857 -0.028199 -0.002749
v -0.025854 -0.028200 -0.002727
v -0.025616 -0.028199 -0.002769
v -0.028248 -0.028200 0.000115
v -0.025864 -0.028200 0.002726
v -0.025867 -0.028199 0.002747
v -0.025870 -0.028196 0.002769
v -0.026100 -0.028200 0.002684
v -0.026105 -0.028199 0.002705
v -0.026110 -0.028196 0.002726
v -0.026114 -0.028191 0.002747
v -0.026332 -0.028200 0.002621
v -0.026338 -0.028199 0.002642
v -0.026345 -0.028196 0.002663
v -0.026351 -0.028191 0.002683
v -0.026358 -0.028185 0.002703
v -0.026557 -0.028200 0.002539
v -0.026565 -0.028199 0.002559
v -0.026574 -0.028196 0.002579
v -0.026582 -0.028191 0.002598
v -0.026590 -0.028185 0.002618
v -0.026598 -0.028177 0.002636
v -0.026774 -0.028200 0.002437
v -0.026784 -0.028199 0.002456
v -0.026794 -0.028196 0.002475
v -0.026804 -0.028191 0.002494
v -0.026814 -0.028185 0.002513
v -0.026823 -0.028177 0.002531
v -0.026832 -0.028167 0.002548
v -0.026982 -0.028200 0.002317
v -0.026994 -0.028199 0.002335
v -0.027005 -0.028196 0.002353
v -0.027017 -0.028191 0.002371
v -0.027028 -0.028185 0.002389
v -0.027039 -0.028177 0.002406
v -0.027049 -0.028167 0.002422
v -0.027059 -0.028155 0.002437
v -0.027178 -0.028200 0.002179
v -0.027191 -0.028199 0.002196
v -0.027205 -0.028196 0.002213
v -0.027218 -0.028191 0.002230
v -0.027230 -0.028185 0.002246
v -0.027243 -0.028177 0.002262
v -0.027254 -0.028167 0.002278
v -0.027266 -0.028155 0.002292
v -0.027276 -0.028142 0.002306
v -0.027362 -0.028200 0.002024
v -0.027376 -0.028199 0.002040
v -0.027391 -0.028196 0.002056
v -0.027405 -0.028191 0.002072
v -0.027420 -0.028185 0.002087
v -0.027433 -0.028177 0.002102
v -0.027446 -0.028167 0.002116
v -0.027459 -0.028155 0.002130
v -0.027470 -0.028142 0.002142
v -0.027481 -0.028127 0.002154
v -0.027531 -0.028200 0.001854
v -0.027547 -0.028199 0.001869
v -0.027563 -0.028196 0.001883
v -0.027579 -0.028191 0.001898
v -0.027594 -0.028185 0.001912
v -0.027609 -0.028177 0.001925
v -0.027623 -0.028167 0.001938
v -0.027637 -0.028155 0.001951
v -0.027650 -0.028142 0.001962
v -0.027662 -0.028127 0.001973
v -0.027672 -0.028111 0.001983
v -0.027685 -0.028200 0.001670
v -0.027702 -0.028199 0.001683
v -0.027719 -0.028196 0.001696
v -0.027736 -0.028191 0.001709
v -0.027753 -0.028185 0.001722
v -0.027769 -0.028177 0.001734
v -0.027784 -0.028167 0.001746
v -0.027799 -0.028155 0.001757
v -0.027813 -0.028142 0.001768
v -0.027825 -0.028127 0.001777
v -0.027837 -0.028111 0.001786
v -0.027848 -0.028093 0.001794
v -0.027822 -0.028200 0.001473
v -0.027840 -0.028199 0.001485
v -0.027859 -0.028196 0.001497
v -0.027877 -0.028191 0.001508
v -0.027894 -0.028185 0.001519
v -0.027911 -0.028177 0.001530
v -0.027928 -0.028167 0.001540
v -0.027943 -0.028155 0.001550
v -0.027958 -0.028142 0.001559
v -0.027971 -0.028127 0.001568
v -0.027984 -0.028111 0.001576
v -0.027995 -0.028093 0.001583
v -0.028005 -0.028075 0.001589
v -0.027942 -0.028200 0.001265
v -0.027961 -0.028199 0.001275
v -0.027980 -0.028196 0.001285
v -0.027999 -0.028191 0.001295
v -0.028018 -0.028185 0.001305
v -0.028035 -0.028177 0.001314
v -0.028053 -0.028167 0.001323
v -0.028069 -0.028155 0.001331
v -0.028084 -0.028142 0.001339
v -0.028099 -0.028127 0.001347
v -0.028112 -0.028111 0.001353
v -0.028123 -0.028093 0.001359
v -0.028134 -0.028075 0.001365
v -0.028143 -0.028056 0.001370
v -0.028043 -0.028200 0.001048
v -0.028063 -0.028199 0.001056
v -0.028083 -0.028196 0.001064
v -0.028102 -0.028191 0.001072
v -0.028122 -0.028185 0.001080
v -0.028140 -0.028177 0.001088
v -0.028158 -0.028167 0.001095
v -0.028175 -0.028155 0.001102
v -0.028191 -0.028142 0.001109
v -0.028206 -0.028127 0.001115
v -0.028220 -0.028111 0.001121
v -0.028232 -0.028093 0.001126
v -0.028243 -0.028075 0.001130
v -0.028252 -0.028056 0.001134
v -0.028260 -0.028036 0.001137
v -0.028124 -0.028200 0.000822
v -0.028145 -0.028199 0.000829
v -0.028166 -0.028196 0.000835
v -0.028186 -0.028191 0.000841
v -0.028206 -0.028185 0.000848
v -0.028225 -0.028177 0.000854
v -0.028244 -0.028167 0.000859
v -0.028261 -0.028155 0.000865
v -0.028278 -0.028142 0.000870
v -0.028293 -0.028127 0.000875
v -0.028307 -0.028111 0.000879
v -0.028320 -0.028093 0.000883
v -0.028331 -0.028075 0.000887
v -0.028340 -0.028056 0.000890
v -0.028348 -0.028036 0.000892
v -0.028355 -0.028015 0.000894
v -0.028186 -0.028200 0.000590
v -0.028207 -0.028199 0.000595
v -0.028228 -0.028196 0.000600
v -0.028249 -0.028191 0.000604
v -0.028269 -0.028185 0.000609
v -0.028289 -0.028177 0.000613
v -0.028308 -0.028167 0.000617
v -0.028326 -0.028155 0.000621
v -0.028343 -0.028142 0.000625
v -0.028359 -0.028127 0.000628
v -0.028373 -0.028111 0.000631
v -0.028386 -0.028093 0.000634
v -0.028397 -0.028075 0.000637
v -0.028407 -0.028056 0.000639
v -0.028415 -0.028036 0.000641
v -0.028422 -0.028015 0.000642
v -0.028426 -0.027993 0.000643
v -0.028270 -0.028196 0.000359
v -0.028291 -0.028191 0.000362
v -0.028312 -0.028185 0.000365
v -0.028332 -0.028177 0.000367
v -0.028351 -0.028167 0.000370
v -0.028369 -0.028155 0.000372
v -0.028386 -0.028142 0.000375
v -0.028402 -0.028127 0.000377
v -0.028417 -0.028111 0.000379
v -0.028430 -0.028093 0.000380
v -0.028442 -0.028075 0.000382
v -0.028452 -0.028056 0.000383
v -0.028460 -0.028036 0.000384
v -0.028467 -0.028015 0.000385
v -0.028471 -0.027993 0.000386
v -0.028474 -0.027972 0.000386
v -0.025886 -0.027993 -0.002971
v -0.025886 -0.027972 -0.002974
v -0.025625 -0.027972 -0.002996
v -0.026143 -0.027993 -0.002926
v -0.026142 -0.028015 -0.002922
v -0.026396 -0.027993 -0.002859
v -0.026394 -0.028015 -0.002855
v -0.026392 -0.028036 -0.002848
v -0.026641 -0.027993 -0.002770
v -0.026640 -0.028015 -0.002766
v -0.026637 -0.028036 -0.002760
v -0.026634 -0.028056 -0.002752
v -0.026879 -0.027993 -0.002660
v -0.026876 -0.028015 -0.002656
v -0.026873 -0.028036 -0.002650
v -0.026870 -0.028056 -0.002643
v -0.026865 -0.028075 -0.002634
v -0.027105 -0.027993 -0.002530
v -0.027103 -0.028015 -0.002526
v -0.027099 -0.028036 -0.002520
v -0.027095 -0.028056 -0.002513
v -0.027089 -0.028075 -0.002505
v -0.027083 -0.028093 -0.002495
v -0.027320 -0.027993 -0.002380
v -0.027317 -0.028015 -0.002377
v -0.027313 -0.028036 -0.002371
v -0.027308 -0.028056 -0.002365
v -0.027302 -0.028075 -0.002357
v -0.027294 -0.028093 -0.002348
v -0.027286 -0.028111 -0.002337
v -0.027520 -0.027993 -0.002213
v -0.027517 -0.028015 -0.002209
v -0.027512 -0.028036 -0.002204
v -0.027507 -0.028056 -0.002198
v -0.027500 -0.028075 -0.002191
v -0.027492 -0.028093 -0.002182
v -0.027483 -0.028111 -0.002172
v -0.027473 -0.028127 -0.002162
v -0.027705 -0.027993 -0.002028
v -0.027702 -0.028015 -0.002025
v -0.027697 -0.028036 -0.002021
v -0.027691 -0.028056 -0.002015
v -0.027683 -0.028075 -0.002008
v -0.027675 -0.028093 -0.002000
v -0.027665 -0.028111 -0.001991
v -0.027654 -0.028127 -0.001981
v -0.027642 -0.028142 -0.001970
v -0.027874 -0.027993 -0.001828
v -0.027870 -0.028015 -0.001826
v -0.027865 -0.028036 -0.001822
v -0.027858 -0.028056 -0.001816
v -0.027850 -0.028075 -0.001810
v -0.027841 -0.028093 -0.001803
v -0.027830 -0.028111 -0.001795
v -0.027819 -0.028127 -0.001786
v -0.027806 -0.028142 -0.001776
v -0.027792 -0.028155 -0.001766
v -0.028024 -0.027993 -0.001615
v -0.028020 -0.028015 -0.001612
v -0.028014 -0.028036 -0.001608
v -0.028007 -0.028056 -0.001604
v -0.027999 -0.028075 -0.001599
v -0.027989 -0.028093 -0.001592
v -0.027978 -0.028111 -0.001585
v -0.027965 -0.028127 -0.001577
v -0.027952 -0.028142 -0.001568
v -0.027937 -0.028155 -0.001559
v -0.027922 -0.028167 -0.001549
v -0.028155 -0.027993 -0.001388
v -0.028151 -0.028015 -0.001386
v -0.028145 -0.028036 -0.001383
v -0.028138 -0.028056 -0.001379
v -0.028129 -0.028075 -0.001375
v -0.028118 -0.028093 -0.001369
v -0.028107 -0.028111 -0.001363
v -0.028094 -0.028127 -0.001356
v -0.028079 -0.028142 -0.001349
v -0.028064 -0.028155 -0.001341
v -0.028048 -0.028167 -0.001332
v -0.028031 -0.028177 -0.001323
v -0.028266 -0.027993 -0.001152
v -0.028262 -0.028015 -0.001150
v -0.028256 -0.028036 -0.001147
v -0.028248 -0.028056 -0.001144
v -0.028239 -0.028075 -0.001140
v -0.028228 -0.028093 -0.001136
v -0.028216 -0.028111 -0.001131
v -0.028202 -0.028127 -0.001125
v -0.028187 -0.028142 -0.001119
v -0.028171 -0.028155 -0.001112
v -0.028154 -0.028167 -0.001105
v -0.028136 -0.028177 -0.001098
v -0.028118 -0.028185 -0.001090
v -0.028356 -0.027993 -0.000906
v -0.028351 -0.028015 -0.000905
v -0.028345 -0.028036 -0.000903
v -0.028337 -0.028056 -0.000900
v -0.028328 -0.028075 -0.000897
v -0.028316 -0.028093 -0.000894
v -0.028304 -0.028111 -0.000890
v -0.028290 -0.028127 -0.000885
v -0.028274 -0.028142 -0.000880
v -0.028258 -0.028155 -0.000875
v -0.028240 -0.028167 -0.000870
v -0.028222 -0.028177 -0.000864
v -0.028203 -0.028185 -0.000858
v -0.028183 -0.028191 -0.000851
v -0.028424 -0.027993 -0.000654
v -0.028419 -0.028015 -0.000653
v -0.028413 -0.028036 -0.000651
v -0.028405 -0.028056 -0.000650
v -0.028395 -0.028075 -0.000647
v -0.028384 -0.028093 -0.000645
v -0.028371 -0.028111 -0.000642
v -0.028356 -0.028127 -0.000639
v -0.028341 -0.028142 -0.000635
v -0.028324 -0.028155 -0.000632
v -0.028306 -0.028167 -0.000627
v -0.028287 -0.028177 -0.000623
v -0.028267 -0.028185 -0.000619
v -0.028247 -0.028191 -0.000614
v -0.028226 -0.028196 -0.000610
v -0.028470 -0.027993 -0.000397
v -0.028465 -0.028015 -0.000396
v -0.028459 -0.028036 -0.000395
v -0.028450 -0.028056 -0.000394
v -0.028440 -0.028075 -0.000393
v -0.028429 -0.028093 -0.000391
v -0.028416 -0.028111 -0.000389
v -0.028401 -0.028127 -0.000387
v -0.028385 -0.028142 -0.000385
v -0.028368 -0.028155 -0.000383
v -0.028350 -0.028167 -0.000381
v -0.028331 -0.028177 -0.000378
v -0.028311 -0.028185 -0.000375
v -0.028290 -0.028191 -0.000373
v -0.028269 -0.028196 -0.000370
v -0.028247 -0.028199 -0.000367
v -0.028493 -0.027993 -0.000136
v -0.028488 -0.028015 -0.000136
v -0.028482 -0.028036 -0.000136
v -0.028473 -0.028056 -0.000135
v -0.028463 -0.028075 -0.000135
v -0.028452 -0.028093 -0.000134
v -0.028438 -0.028111 -0.000134
v -0.028424 -0.028127 -0.000133
v -0.028408 -0.028142 -0.000132
v -0.028390 -0.028155 -0.000132
v -0.028372 -0.028167 -0.000131
v -0.028353 -0.028177 -0.000130
v -0.028333 -0.028185 -0.000129
v -0.028312 -0.028191 -0.000128
v -0.028291 -0.028196 -0.000127
v -0.028269 -0.028199 -0.000126
v -0.028494 -0.027993 0.000125
v -0.028489 -0.028015 0.000125
v -0.028482 -0.028036 0.000125
v -0.028474 -0.028056 0.000124
v -0.028464 -0.028075 0.000124
v -0.028452 -0.028093 0.000123
v -0.028439 -0.028111 0.000123
v -0.028424 -0.028127 0.000122
v -0.028408 -0.028142 0.000122
v -0.028391 -0.028155 0.000121
v -0.028372 -0.028167 0.000120
v -0.028353 -0.028177 0.000119
v -0.028333 -0.028185 0.000118
v -0.028312 -0.028191 0.000118
v -0.028291 -0.028196 0.000117
v -0.028269 -0.028199 0.000116
v -0.028247 -0.028200 -0.000125
v -0.028429 -0.027972 0.000644
v -0.025627 -0.028196 0.002791
v -0.025873 -0.028191 0.002790
v -0.026119 -0.028185 0.002767
v -0.026364 -0.028177 0.002722
v -0.026605 -0.028167 0.002654
v -0.026841 -0.028155 0.002564
v -0.027068 -0.028142 0.002452
v -0.027286 -0.028127 0.002319
v -0.027491 -0.028111 0.002165
v -0.027682 -0.028093 0.001992
v -0.027857 -0.028075 0.001802
v -0.028013 -0.028056 0.001595
v -0.028150 -0.028036 0.001373
v -0.028266 -0.028015 0.001140
v -0.028359 -0.027993 0.000896
v -0.028362 -0.027972 0.000897
v -0.025383 -0.028196 0.002791
v -0.025628 -0.028191 0.002812
v -0.025875 -0.028185 0.002811
v -0.026123 -0.028177 0.002787
v -0.026370 -0.028167 0.002740
v -0.026612 -0.028155 0.002671
v -0.026849 -0.028142 0.002579
v -0.027077 -0.028127 0.002465
v -0.027295 -0.028111 0.002330
v -0.027500 -0.028093 0.002175
v -0.027691 -0.028075 0.002000
v -0.027865 -0.028056 0.001808
v -0.028020 -0.028036 0.001599
v -0.028156 -0.028015 0.001376
v -0.028270 -0.027993 0.001141
v -0.028273 -0.027972 0.001143
v -0.025141 -0.028196 0.002770
v -0.025382 -0.028191 0.002812
v -0.025629 -0.028185 0.002833
v -0.025878 -0.028177 0.002831
v -0.026127 -0.028167 0.002806
v -0.026375 -0.028155 0.002758
v -0.026619 -0.028142 0.002687
v -0.026856 -0.028127 0.002594
v -0.027085 -0.028111 0.002478
v -0.027303 -0.028093 0.002341
v -0.027508 -0.028075 0.002183
v -0.027698 -0.028056 0.002007
v -0.027871 -0.028036 0.001813
v -0.028026 -0.028015 0.001603
v -0.028160 -0.027993 0.001379
v -0.028163 -0.027972 0.001380
v -0.024900 -0.028196 0.002728
v -0.025138 -0.028191 0.002791
v -0.025382 -0.028185 0.002833
v -0.025630 -0.028177 0.002853
v -0.025881 -0.028167 0.002850
v -0.026132 -0.028155 0.002824
v -0.026380 -0.028142 0.002774
v -0.026625 -0.028127 0.002702
v -0.026863 -0.028111 0.002607
v -0.027092 -0.028093 0.002489
v -0.027310 -0.028075 0.002350
v -0.027515 -0.028056 0.002191
v -0.027704 -0.028036 0.002012
v -0.027877 -0.028015 0.001817
v -0.028030 -0.027993 0.001605
v -0.028032 -0.027972 0.001607
v -0.024665 -0.028196 0.002666
v -0.024896 -0.028191 0.002749
v -0.025135 -0.028185 0.002812
v -0.025381 -0.028177 0.002853
v -0.025631 -0.028167 0.002872
v -0.025883 -0.028155 0.002868
v -0.026135 -0.028142 0.002841
v -0.026385 -0.028127 0.002790
v -0.026631 -0.028111 0.002716
v -0.026869 -0.028093 0.002618
v -0.027099 -0.028075 0.002499
v -0.027316 -0.028056 0.002358
v -0.027521 -0.028036 0.002197
v -0.027709 -0.028015 0.002017
v -0.027880 -0.027993 0.001820
v -0.027883 -0.027972 0.001821
v -0.024436 -0.028196 0.002583
v -0.024659 -0.028191 0.002686
v -0.024891 -0.028185 0.002769
v -0.025133 -0.028177 0.002832
v -0.025380 -0.028167 0.002872
v -0.025632 -0.028155 0.002890
v -0.025885 -0.028142 0.002885
v -0.026139 -0.028127 0.002856
v -0.026390 -0.028111 0.002804
v -0.026636 -0.028093 0.002728
v -0.026875 -0.028075 0.002629
v -0.027104 -0.028056 0.002507
v -0.027322 -0.028036 0.002365
v -0.027525 -0.028015 0.002202
v -0.027713 -0.027993 0.002020
v -0.027715 -0.027972 0.002022
v -0.024215 -0.028196 0.002480
v -0.024428 -0.028191 0.002602
v -0.024652 -0.028185 0.002706
v -0.024887 -0.028177 0.002789
v -0.025130 -0.028167 0.002851
v -0.025379 -0.028155 0.002891
v -0.025632 -0.028142 0.002908
v -0.025887 -0.028127 0.002901
v -0.026142 -0.028111 0.002871
v -0.026394 -0.028093 0.002816
v -0.026640 -0.028075 0.002739
v -0.026879 -0.028056 0.002638
v -0.027108 -0.028036 0.002514
v -0.027326 -0.028015 0.002370
v -0.027528 -0.027993 0.002205
v -0.027530 -0.027972 0.002207
v -0.024003 -0.028196 0.002359
v -0.024205 -0.028191 0.002499
v -0.024420 -0.028185 0.002622
v -0.024646 -0.028177 0.002725
v -0.024883 -0.028167 0.002808
v -0.025128 -0.028155 0.002869
v -0.025378 -0.028142 0.002908
v -0.025633 -0.028127 0.002924
v -0.025889 -0.028111 0.002916
v -0.026145 -0.028093 0.002884
v -0.026397 -0.028075 0.002828
v -0.026644 -0.028056 0.002748
v -0.026883 -0.028036 0.002645
v -0.027112 -0.028015 0.002520
v -0.027328 -0.027993 0.002374
v -0.027330 -0.027972 0.002376
v -0.023804 -0.028196 0.002219
v -0.023992 -0.028191 0.002377
v -0.024195 -0.028185 0.002518
v -0.024412 -0.028177 0.002640
v -0.024641 -0.028167 0.002744
v -0.024879 -0.028155 0.002826
v -0.025125 -0.028142 0.002886
v -0.025378 -0.028127 0.002924
v -0.025634 -0.028111 0.002938
v -0.025891 -0.028093 0.002929
v -0.026147 -0.028075 0.002895
v -0.026400 -0.028056 0.002837
v -0.026647 -0.028036 0.002756
v -0.026886 -0.028015 0.002651
v -0.027115 -0.027993 0.002524
v -0.027116 -0.027972 0.002526
v -0.023617 -0.028196 0.002063
v -0.023791 -0.028191 0.002236
v -0.023981 -0.028185 0.002394
v -0.024186 -0.028177 0.002535
v -0.024405 -0.028167 0.002658
v -0.024635 -0.028155 0.002761
v -0.024875 -0.028142 0.002843
v -0.025123 -0.028127 0.002902
v -0.025377 -0.028111 0.002939
v -0.025634 -0.028093 0.002952
v -0.025893 -0.028075 0.002940
v -0.026150 -0.028056 0.002905
v -0.026403 -0.028036 0.002845
v -0.026650 -0.028015 0.002762
v -0.026888 -0.027993 0.002655
v -0.026890 -0.027972 0.002658
v -0.023444 -0.028196 0.001891
v -0.023602 -0.028191 0.002079
v -0.023778 -0.028185 0.002253
v -0.023970 -0.028177 0.002411
v -0.024177 -0.028167 0.002553
v -0.024398 -0.028155 0.002675
v -0.024630 -0.028142 0.002778
v -0.024872 -0.028127 0.002859
v -0.025121 -0.028111 0.002917
v -0.025377 -0.028093 0.002952
v -0.025635 -0.028075 0.002963
v -0.025894 -0.028056 0.002950
v -0.026151 -0.028036 0.002913
v -0.026405 -0.028015 0.002851
v -0.026652 -0.027993 0.002766
v -0.026653 -0.027972 0.002769
v -0.023287 -0.028196 0.001705
v -0.023428 -0.028191 0.001905
v -0.023588 -0.028185 0.002094
v -0.023766 -0.028177 0.002269
v -0.023960 -0.028167 0.002428
v -0.024169 -0.028155 0.002569
v -0.024391 -0.028142 0.002691
v -0.024625 -0.028127 0.002793
v -0.024869 -0.028111 0.002873
v -0.025120 -0.028093 0.002930
v -0.025376 -0.028075 0.002964
v -0.025635 -0.028056 0.002973
v -0.025895 -0.028036 0.002959
v -0.026153 -0.028015 0.002919
v -0.026406 -0.027993 0.002856
v -0.026407 -0.027972 0.002859
v -0.023147 -0.028196 0.001505
v -0.023270 -0.028191 0.001718
v -0.023413 -0.028185 0.001920
v -0.023575 -0.028177 0.002109
v -0.023754 -0.028167 0.002284
v -0.023950 -0.028155 0.002443
v -0.024161 -0.028142 0.002584
v -0.024385 -0.028127 0.002706
v -0.024621 -0.028111 0.002807
v -0.024866 -0.028093 0.002886
v -0.025118 -0.028075 0.002942
v -0.025376 -0.028056 0.002974
v -0.025636 -0.028036 0.002982
v -0.025896 -0.028015 0.002965
v -0.026154 -0.027993 0.002924
v -0.026155 -0.027972 0.002927
v -0.023025 -0.028196 0.001294
v -0.023129 -0.028191 0.001517
v -0.023254 -0.028185 0.001730
v -0.023398 -0.028177 0.001933
v -0.023562 -0.028167 0.002123
v -0.023743 -0.028155 0.002299
v -0.023941 -0.028142 0.002458
v -0.024153 -0.028127 0.002599
v -0.024379 -0.028111 0.002720
v -0.024617 -0.028093 0.002820
v -0.024863 -0.028075 0.002897
v -0.025117 -0.028056 0.002952
v -0.025375 -0.028036 0.002982
v -0.025636 -0.028015 0.002988
v -0.025897 -0.027993 0.002970
v -0.025897 -0.027972 0.002973
v -0.022921 -0.028196 0.001074
v -0.023006 -0.028191 0.001304
v -0.023111 -0.028185 0.001528
v -0.023238 -0.028177 0.001743
v -0.023384 -0.028167 0.001946
v -0.023549 -0.028155 0.002137
v -0.023732 -0.028142 0.002313
v -0.023932 -0.028127 0.002471
v -0.024147 -0.028111 0.002612
v -0.024374 -0.028093 0.002732
v -0.024613 -0.028075 0.002831
v -0.024861 -0.028056 0.002907
v -0.025116 -0.028036 0.002960
v -0.025375 -0.028015 0.002989
v -0.025636 -0.027993 0.002993
v -0.025636 -0.027972 0.002996
v -0.022837 -0.028196 0.000845
v -0.022902 -0.028191 0.001082
v -0.022987 -0.028185 0.001314
v -0.023094 -0.028177 0.001539
v -0.023222 -0.028167 0.001754
v -0.023370 -0.028155 0.001959
v -0.023538 -0.028142 0.002150
v -0.023723 -0.028127 0.002325
v -0.023924 -0.028111 0.002484
v -0.024141 -0.028093 0.002623
v -0.024370 -0.028075 0.002743
v -0.024610 -0.028056 0.002840
v -0.024859 -0.028036 0.002915
v -0.025115 -0.028015 0.002967
v -0.025375 -0.027993 0.002994
v -0.025375 -0.027972 0.002996
v -0.022774 -0.028196 0.000610
v -0.022817 -0.028191 0.000851
v -0.022882 -0.028185 0.001090
v -0.022969 -0.028177 0.001323
v -0.023078 -0.028167 0.001549
v -0.023208 -0.028155 0.001766
v -0.023358 -0.028142 0.001970
v -0.023527 -0.028127 0.002162
v -0.023714 -0.028111 0.002337
v -0.023917 -0.028093 0.002495
v -0.024135 -0.028075 0.002634
v -0.024366 -0.028056 0.002752
v -0.024608 -0.028036 0.002848
v -0.024858 -0.028015 0.002922
v -0.025114 -0.027993 0.002971
v -0.025114 -0.027972 0.002974
v -0.022731 -0.028196 0.000370
v -0.022753 -0.028191 0.000614
v -0.022797 -0.028185 0.000858
v -0.022864 -0.028177 0.001098
v -0.022952 -0.028167 0.001332
v -0.023063 -0.028155 0.001559
v -0.023194 -0.028142 0.001776
v -0.023346 -0.028127 0.001981
v -0.023517 -0.028111 0.002172
v -0.023706 -0.028093 0.002348
v -0.023911 -0.028075 0.002505
v -0.024130 -0.028056 0.002643
v -0.024363 -0.028036 0.002760
v -0.024606 -0.028015 0.002855
v -0.024857 -0.027993 0.002926
v -0.024856 -0.027972 0.002929
v -0.022709 -0.028196 0.000127
v -0.022710 -0.028191 0.000373
v -0.022733 -0.028185 0.000619
v -0.022778 -0.028177 0.000864
v -0.022846 -0.028167 0.001105
v -0.022936 -0.028155 0.001341
v -0.023048 -0.028142 0.001568
v -0.023181 -0.028127 0.001786
v -0.023335 -0.028111 0.001991
v -0.023508 -0.028093 0.002182
v -0.023698 -0.028075 0.002357
v -0.023905 -0.028056 0.002513
v -0.024127 -0.028036 0.002650
v -0.024360 -0.028015 0.002766
v -0.024604 -0.027993 0.002859
v -0.024603 -0.027972 0.002862
v -0.022709 -0.028196 -0.000117
v -0.022688 -0.028191 0.000128
v -0.022689 -0.028185 0.000375
v -0.022713 -0.028177 0.000623
v -0.022760 -0.028167 0.000870
v -0.022829 -0.028155 0.001112
v -0.022921 -0.028142 0.001349
v -0.023035 -0.028127 0.001577
v -0.023170 -0.028111 0.001795
v -0.023325 -0.028093 0.002000
v -0.023500 -0.028075 0.002191
v -0.023692 -0.028056 0.002365
v -0.023901 -0.028036 0.002520
v -0.024124 -0.028015 0.002656
v -0.024359 -0.027993 0.002770
v -0.024357 -0.027972 0.002773
v -0.022730 -0.028196 -0.000359
v -0.022688 -0.028191 -0.000118
v -0.022667 -0.028185 0.000129
v -0.022669 -0.028177 0.000378
v -0.022694 -0.028167 0.000627
v -0.022742 -0.028155 0.000875
v -0.022813 -0.028142 0.001119
v -0.022906 -0.028127 0.001356
v -0.023022 -0.028111 0.001585
v -0.023159 -0.028093 0.001803
v -0.023317 -0.028075 0.002008
v -0.023493 -0.028056 0.002198
v -0.023687 -0.028036 0.002371
v -0.023897 -0.028015 0.002526
v -0.024121 -0.027993 0.002660
v -0.024120 -0.027972 0.002663
v -0.022772 -0.028196 -0.000600
v -0.022709 -0.028191 -0.000362
v -0.022667 -0.028185 -0.000118
v -0.022647 -0.028177 0.000130
v -0.022650 -0.028167 0.000381
v -0.022676 -0.028155 0.000632
v -0.022726 -0.028142 0.000880
v -0.022798 -0.028127 0.001125
v -0.022893 -0.028111 0.001363
v -0.023011 -0.028093 0.001592
v -0.023150 -0.028075 0.001810
v -0.023309 -0.028056 0.002015
v -0.023488 -0.028036 0.002204
v -0.023683 -0.028015 0.002377
v -0.023895 -0.027993 0.002530
v -0.023893 -0.027972 0.002532
v -0.022834 -0.028196 -0.000835
v -0.022751 -0.028191 -0.000604
v -0.022688 -0.028185 -0.000365
v -0.022647 -0.028177 -0.000119
v -0.022628 -0.028167 0.000131
v -0.022632 -0.028155 0.000383
v -0.022659 -0.028142 0.000635
v -0.022710 -0.028127 0.000885
v -0.022784 -0.028111 0.001131
v -0.022882 -0.028093 0.001369
v -0.023001 -0.028075 0.001599
v -0.023142 -0.028056 0.001816
v -0.023303 -0.028036 0.002021
v -0.023483 -0.028015 0.002209
v -0.023680 -0.027993 0.002380
v -0.023679 -0.027972 0.002383
v -0.022917 -0.028196 -0.001064
v -0.022814 -0.028191 -0.000841
v -0.022731 -0.028185 -0.000609
v -0.022668 -0.028177 -0.000367
v -0.022628 -0.028167 -0.000120
v -0.022610 -0.028155 0.000132
v -0.022615 -0.028142 0.000385
v -0.022644 -0.028127 0.000639
v -0.022696 -0.028111 0.000890
v -0.022772 -0.028093 0.001136
v -0.022871 -0.028075 0.001375
v -0.022993 -0.028056 0.001604
v -0.023135 -0.028036 0.001822
v -0.023298 -0.028015 0.002025
v -0.023480 -0.027993 0.002213
v -0.023478 -0.027972 0.002215
v -0.023020 -0.028196 -0.001285
v -0.022898 -0.028191 -0.001072
v -0.022794 -0.028185 -0.000848
v -0.022711 -0.028177 -0.000613
v -0.022649 -0.028167 -0.000370
v -0.022609 -0.028155 -0.000121
v -0.022592 -0.028142 0.000132
v -0.022599 -0.028127 0.000387
v -0.022629 -0.028111 0.000642
v -0.022684 -0.028093 0.000894
v -0.022761 -0.028075 0.001140
v -0.022862 -0.028056 0.001379
v -0.022986 -0.028036 0.001608
v -0.023130 -0.028015 0.001826
v -0.023295 -0.027993 0.002028
v -0.023293 -0.027972 0.002030
v -0.023141 -0.028196 -0.001497
v -0.023001 -0.028191 -0.001295
v -0.022878 -0.028185 -0.001080
v -0.022775 -0.028177 -0.000854
v -0.022692 -0.028167 -0.000617
v -0.022631 -0.028155 -0.000372
v -0.022592 -0.028142 -0.000122
v -0.022576 -0.028127 0.000133
v -0.022584 -0.028111 0.000389
v -0.022616 -0.028093 0.000645
v -0.022672 -0.028075 0.000897
v -0.022752 -0.028056 0.001144
v -0.022855 -0.028036 0.001383
v -0.022980 -0.028015 0.001612
v -0.023126 -0.027993 0.001828
v -0.023124 -0.027972 0.001830
v -0.023281 -0.028196 -0.001696
v -0.023123 -0.028191 -0.001508
v -0.022982 -0.028185 -0.001305
v -0.022860 -0.028177 -0.001088
v -0.022756 -0.028167 -0.000859
v -0.022674 -0.028155 -0.000621
v -0.022614 -0.028142 -0.000375
v -0.022576 -0.028127 -0.000122
v -0.022562 -0.028111 0.000134
v -0.022571 -0.028093 0.000391
v -0.022605 -0.028075 0.000647
v -0.022663 -0.028056 0.000900
v -0.022744 -0.028036 0.001147
v -0.022849 -0.028015 0.001386
v -0.022976 -0.027993 0.001615
v -0.022974 -0.027972 0.001616
v -0.023437 -0.028196 -0.001883
v -0.023264 -0.028191 -0.001709
v -0.023106 -0.028185 -0.001519
v -0.022965 -0.028177 -0.001314
v -0.022842 -0.028167 -0.001095
v -0.022739 -0.028155 -0.000865
v -0.022657 -0.028142 -0.000625
v -0.022598 -0.028127 -0.000377
v -0.022561 -0.028111 -0.000123
v -0.022548 -0.028093 0.000134
v -0.022560 -0.028075 0.000393
v -0.022595 -0.028056 0.000650
v -0.022655 -0.028036 0.000903
v -0.022738 -0.028015 0.001150
v -0.022845 -0.027993 0.001388
v -0.022842 -0.027972 0.001390
v -0.023609 -0.028196 -0.002056
v -0.023421 -0.028191 -0.001898
v -0.023247 -0.028185 -0.001722
v -0.023089 -0.028177 -0.001530
v -0.022947 -0.028167 -0.001323
v -0.022825 -0.028155 -0.001102
v -0.022722 -0.028142 -0.000870
v -0.022641 -0.028127 -0.000628
v -0.022583 -0.028111 -0.000379
v -0.022548 -0.028093 -0.000123
v -0.022537 -0.028075 0.000135
v -0.022550 -0.028056 0.000394
v -0.022587 -0.028036 0.000651
v -0.022649 -0.028015 0.000905
v -0.022734 -0.027993 0.001152
v -0.022731 -0.027972 0.001153
v -0.023795 -0.028196 -0.002213
v -0.023595 -0.028191 -0.002072
v -0.023406 -0.028185 -0.001912
v -0.023231 -0.028177 -0.001734
v -0.023072 -0.028167 -0.001540
v -0.022931 -0.028155 -0.001331
v -0.022809 -0.028142 -0.001109
v -0.022707 -0.028127 -0.000875
v -0.022627 -0.028111 -0.000631
v -0.022570 -0.028093 -0.000380
v -0.022536 -0.028075 -0.000124
v -0.022527 -0.028056 0.000135
v -0.022541 -0.028036 0.000395
v -0.022581 -0.028015 0.000653
v -0.022644 -0.027993 0.000906
v -0.022641 -0.027972 0.000907
v -0.023995 -0.028196 -0.002353
v -0.023782 -0.028191 -0.002230
v -0.023580 -0.028185 -0.002087
v -0.023391 -0.028177 -0.001925
v -0.023216 -0.028167 -0.001746
v -0.023057 -0.028155 -0.001550
v -0.022916 -0.028142 -0.001339
v -0.022794 -0.028127 -0.001115
v -0.022693 -0.028111 -0.000879
v -0.022614 -0.028093 -0.000634
v -0.022558 -0.028075 -0.000382
v -0.022526 -0.028056 -0.000124
v -0.022518 -0.028036 0.000136
v -0.022535 -0.028015 0.000396
v -0.022576 -0.027993 0.000654
v -0.022573 -0.027972 0.000655
v -0.024206 -0.028196 -0.002475
v -0.023983 -0.028191 -0.002371
v -0.023770 -0.028185 -0.002246
v -0.023567 -0.028177 -0.002102
v -0.023377 -0.028167 -0.001938
v -0.023201 -0.028155 -0.001757
v -0.023042 -0.028142 -0.001559
v -0.022901 -0.028127 -0.001347
v -0.022780 -0.028111 -0.001121
v -0.022680 -0.028093 -0.000883
v -0.022603 -0.028075 -0.000637
v -0.022548 -0.028056 -0.000383
v -0.022518 -0.028036 -0.000125
v -0.022512 -0.028015 0.000136
v -0.022530 -0.027993 0.000397
v -0.022527 -0.027972 0.000397
v -0.024426 -0.028196 -0.002579
v -0.024196 -0.028191 -0.002494
v -0.023972 -0.028185 -0.002389
v -0.023757 -0.028177 -0.002262
v -0.023554 -0.028167 -0.002116
v -0.023363 -0.028155 -0.001951
v -0.023187 -0.028142 -0.001768
v -0.023029 -0.028127 -0.001568
v -0.022888 -0.028111 -0.001353
v -0.022768 -0.028093 -0.001126
v -0.022669 -0.028075 -0.000887
v -0.022593 -0.028056 -0.000639
v -0.022540 -0.028036 -0.000384
v -0.022511 -0.028015 -0.000125
v -0.022507 -0.027993 0.000136
v -0.022504 -0.027972 0.000136
v -0.024655 -0.028196 -0.002663
v -0.024418 -0.028191 -0.002598
v -0.024186 -0.028185 -0.002513
v -0.023961 -0.028177 -0.002406
v -0.023746 -0.028167 -0.002278
v -0.023541 -0.028155 -0.002130
v -0.023350 -0.028142 -0.001962
v -0.023175 -0.028127 -0.001777
v -0.023016 -0.028111 -0.001576
v -0.022877 -0.028093 -0.001359
v -0.022757 -0.028075 -0.001130
v -0.022660 -0.028056 -0.000890
v -0.022585 -0.028036 -0.000641
v -0.022533 -0.028015 -0.000385
v -0.022506 -0.027993 -0.000125
v -0.022504 -0.027972 -0.000125
v -0.024890 -0.028196 -0.002726
v -0.024649 -0.028191 -0.002683
v -0.024410 -0.028185 -0.002618
v -0.024177 -0.028177 -0.002531
v -0.023951 -0.028167 -0.002422
v -0.023734 -0.028155 -0.002292
v -0.023530 -0.028142 -0.002142
v -0.023338 -0.028127 -0.001973
v -0.023163 -0.028111 -0.001786
v -0.023005 -0.028093 -0.001583
v -0.022866 -0.028075 -0.001365
v -0.022748 -0.028056 -0.001134
v -0.022652 -0.028036 -0.000892
v -0.022578 -0.028015 -0.000642
v -0.022529 -0.027993 -0.000386
v -0.022526 -0.027972 -0.000386
v -0.025130 -0.028196 -0.002769
v -0.024886 -0.028191 -0.002747
v -0.024642 -0.028185 -0.002703
v -0.024402 -0.028177 -0.002636
v -0.024168 -0.028167 -0.002548
v -0.023941 -0.028155 -0.002437
v -0.023724 -0.028142 -0.002306
v -0.023519 -0.028127 -0.002154
v -0.023328 -0.028111 -0.001983
v -0.023152 -0.028093 -0.001794
v -0.022995 -0.028075 -0.001589
v -0.022857 -0.028056 -0.001370
v -0.022740 -0.028036 -0.001137
v -0.022645 -0.028015 -0.000894
v -0.022574 -0.027993 -0.000643
v -0.022571 -0.027972 -0.000644
v -0.025373 -0.028196 -0.002791
v -0.025127 -0.028191 -0.002790
v -0.024881 -0.028185 -0.002767
v -0.024636 -0.028177 -0.002722
v -0.024395 -0.028167 -0.002654
v -0.024159 -0.028155 -0.002564
v -0.023932 -0.028142 -0.002452
v -0.023714 -0.028127 -0.002319
v -0.023509 -0.028111 -0.002165
v -0.023318 -0.028093 -0.001992
v -0.023143 -0.028075 -0.001802
v -0.022987 -0.028056 -0.001595
v -0.022850 -0.028036 -0.001373
v -0.022734 -0.028015 -0.001140
v -0.022641 -0.027993 -0.000896
v -0.022638 -0.027972 -0.000897
v -0.025617 -0.028196 -0.002791
v -0.025372 -0.028191 -0.002812
v -0.025125 -0.028185 -0.002811
v -0.024877 -0.028177 -0.002787
v -0.024630 -0.028167 -0.002740
v -0.024388 -0.028155 -0.002671
v -0.024151 -0.028142 -0.002579
v -0.023923 -0.028127 -0.002465
v -0.023705 -0.028111 -0.002330
v -0.023500 -0.028093 -0.002175
v -0.023309 -0.028075 -0.002000
v -0.023135 -0.028056 -0.001808
v -0.022980 -0.028036 -0.001599
v -0.022844 -0.028015 -0.001376
v -0.022730 -0.027993 -0.001141
v -0.022727 -0.027972 -0.001143
v -0.025859 -0.028196 -0.002770
v -0.025618 -0.028191 -0.002812
v -0.025371 -0.028185 -0.002833
v -0.025122 -0.028177 -0.002831
v -0.024873 -0.028167 -0.002806
v -0.024625 -0.028155 -0.002758
v -0.024381 -0.028142 -0.002687
v -0.024144 -0.028127 -0.002594
v -0.023915 -0.028111 -0.002478
v -0.023697 -0.028093 -0.002341
v -0.023492 -0.028075 -0.002183
v -0.023302 -0.028056 -0.002007
v -0.023129 -0.028036 -0.001813
v -0.022974 -0.028015 -0.001603
v -0.022840 -0.027993 -0.001379
v -0.022837 -0.027972 -0.001380
v -0.026100 -0.028196 -0.002728
v -0.025862 -0.028191 -0.002791
v -0.025618 -0.028185 -0.002833
v -0.025370 -0.028177 -0.002853
v -0.025119 -0.028167 -0.002850
v -0.024868 -0.028155 -0.002824
v -0.024620 -0.028142 -0.002774
v -0.024375 -0.028127 -0.002702
v -0.024137 -0.028111 -0.002607
v -0.023908 -0.028093 -0.002489
v -0.023690 -0.028075 -0.002350
v -0.023485 -0.028056 -0.002191
v -0.023296 -0.028036 -0.002012
v -0.023123 -0.028015 -0.001817
v -0.022970 -0.027993 -0.001605
v -0.022968 -0.027972 -0.001607
v -0.026335 -0.028196 -0.002666
v -0.026104 -0.028191 -0.002749
v -0.025865 -0.028185 -0.002812
v -0.025619 -0.028177 -0.002853
v -0.025369 -0.028167 -0.002872
v -0.025117 -0.028155 -0.002868
v -0.024865 -0.028142 -0.002841
v -0.024615 -0.028127 -0.002790
v -0.024369 -0.028111 -0.002716
v -0.024131 -0.028093 -0.002618
v -0.023901 -0.028075 -0.002499
v -0.023684 -0.028056 -0.002358
v -0.023479 -0.028036 -0.002197
v -0.023291 -0.028015 -0.002017
v -0.023120 -0.027993 -0.001820
v -0.023117 -0.027972 -0.001821
v -0.026564 -0.028196 -0.002583
v -0.026341 -0.028191 -0.002686
v -0.026109 -0.028185 -0.002769
v -0.025867 -0.028177 -0.002832
v -0.025620 -0.028167 -0.002872
v -0.025368 -0.028155 -0.002890
v -0.025115 -0.028142 -0.002885
v -0.024861 -0.028127 -0.002856
v -0.024610 -0.028111 -0.002804
v -0.024364 -0.028093 -0.002728
v -0.024125 -0.028075 -0.002629
v -0.023896 -0.028056 -0.002507
v -0.023678 -0.028036 -0.002365
v -0.023475 -0.028015 -0.002202
v -0.023287 -0.027993 -0.002020
v -0.023285 -0.027972 -0.002022
v -0.026785 -0.028196 -0.002480
v -0.026572 -0.028191 -0.002602
v -0.026348 -0.028185 -0.002706
v -0.026113 -0.028177 -0.002789
v -0.025870 -0.028167 -0.002851
v -0.025621 -0.028155 -0.002891
v -0.025368 -0.028142 -0.002908
v -0.025113 -0.028127 -0.002901
v -0.024858 -0.028111 -0.002871
v -0.024606 -0.028093 -0.002816
v -0.024360 -0.028075 -0.002739
v -0.024121 -0.028056 -0.002638
v -0.023892 -0.028036 -0.002514
v -0.023674 -0.028015 -0.002370
v -0.023472 -0.027993 -0.002205
v -0.023470 -0.027972 -0.002207
v -0.026997 -0.028196 -0.002359
v -0.026795 -0.028191 -0.002499
v -0.026580 -0.028185 -0.002622
v -0.026354 -0.028177 -0.002725
v -0.026117 -0.028167 -0.002808
v -0.025872 -0.028155 -0.002869
v -0.025622 -0.028142 -0.002908
v -0.025367 -0.028127 -0.002924
v -0.025111 -0.028111 -0.002916
v -0.024855 -0.028093 -0.002884
v -0.024603 -0.028075 -0.002828
v -0.024356 -0.028056 -0.002748
v -0.024117 -0.028036 -0.002645
v -0.023888 -0.028015 -0.002520
v -0.023672 -0.027993 -0.002374
v -0.023670 -0.027972 -0.002376
v -0.027196 -0.028196 -0.002219
v -0.027008 -0.028191 -0.002377
v -0.026805 -0.028185 -0.002518
v -0.026588 -0.028177 -0.002640
v -0.026359 -0.028167 -0.002744
v -0.026121 -0.028155 -0.002826
v -0.025875 -0.028142 -0.002886
v -0.025622 -0.028127 -0.002924
v -0.025366 -0.028111 -0.002938
v -0.025109 -0.028093 -0.002929
v -0.024853 -0.028075 -0.002895
v -0.024600 -0.028056 -0.002837
v -0.024353 -0.028036 -0.002756
v -0.024114 -0.028015 -0.002651
v -0.023885 -0.027993 -0.002524
v -0.023884 -0.027972 -0.002526
v -0.027383 -0.028196 -0.002063
v -0.027209 -0.028191 -0.002236
v -0.027019 -0.028185 -0.002394
v -0.026814 -0.028177 -0.002535
v -0.026595 -0.028167 -0.002658
v -0.026365 -0.028155 -0.002761
v -0.026125 -0.028142 -0.002843
v -0.025877 -0.028127 -0.002902
v -0.025623 -0.028111 -0.002939
v -0.025366 -0.028093 -0.002952
v -0.025107 -0.028075 -0.002940
v -0.024850 -0.028056 -0.002905
v -0.024597 -0.028036 -0.002845
v -0.024350 -0.028015 -0.002762
v -0.024112 -0.027993 -0.002655
v -0.024110 -0.027972 -0.002658
v -0.027556 -0.028196 -0.001891
v -0.027398 -0.028191 -0.002079
v -0.027222 -0.028185 -0.002253
v -0.027030 -0.028177 -0.002411
v -0.026823 -0.028167 -0.002553
v -0.026602 -0.028155 -0.002675
v -0.026370 -0.028142 -0.002778
v -0.026128 -0.028127 -0.002859
v -0.025879 -0.028111 -0.002917
v -0.025623 -0.028093 -0.002952
v -0.025365 -0.028075 -0.002963
v -0.025106 -0.028056 -0.002950
v -0.024849 -0.028036 -0.002913
v -0.024595 -0.028015 -0.002851
v -0.024348 -0.027993 -0.002766
v -0.024347 -0.027972 -0.002769
v -0.027713 -0.028196 -0.001705
v -0.027572 -0.028191 -0.001905
v -0.027412 -0.028185 -0.002094
v -0.027234 -0.028177 -0.002269
v -0.027040 -0.028167 -0.002428
v -0.026831 -0.028155 -0.002569
v -0.026609 -0.028142 -0.002691
v -0.026375 -0.028127 -0.002793
v -0.026131 -0.028111 -0.002873
v -0.025880 -0.028093 -0.002930
v -0.025624 -0.028075 -0.002964
v -0.025365 -0.028056 -0.002973
v -0.025105 -0.028036 -0.002959
v -0.024847 -0.028015 -0.002919
v -0.024594 -0.027993 -0.002856
v -0.024593 -0.027972 -0.002859
v -0.027853 -0.028196 -0.001505
v -0.027730 -0.028191 -0.001718
v -0.027587 -0.028185 -0.001920
v -0.027425 -0.028177 -0.002109
v -0.027246 -0.028167 -0.002284
v -0.027050 -0.028155 -0.002443
v -0.026839 -0.028142 -0.002584
v -0.026615 -0.028127 -0.002706
v -0.026379 -0.028111 -0.002807
v -0.026134 -0.028093 -0.002886
v -0.025882 -0.028075 -0.002942
v -0.025624 -0.028056 -0.002974
v -0.025364 -0.028036 -0.002982
v -0.025104 -0.028015 -0.002965
v -0.024846 -0.027993 -0.002924
v -0.024845 -0.027972 -0.002927
v -0.027975 -0.028196 -0.001294
v -0.027871 -0.028191 -0.001517
v -0.027746 -0.028185 -0.001730
v -0.027602 -0.028177 -0.001933
v -0.027438 -0.028167 -0.002123
v -0.027257 -0.028155 -0.002299
v -0.027059 -0.028142 -0.002458
v -0.026847 -0.028127 -0.002599
v -0.026621 -0.028111 -0.002720
v -0.026383 -0.028093 -0.002820
v -0.026137 -0.028075 -0.002897
v -0.025883 -0.028056 -0.002952
v -0.025625 -0.028036 -0.002982
v -0.025364 -0.028015 -0.002988
v -0.025103 -0.027993 -0.002970
v -0.025103 -0.027972 -0.002973
v -0.028079 -0.028196 -0.001074
v -0.027994 -0.028191 -0.001304
v -0.027889 -0.028185 -0.001528
v -0.027762 -0.028177 -0.001743
v -0.027616 -0.028167 -0.001946
v -0.027451 -0.028155 -0.002137
v -0.027268 -0.028142 -0.002313
v -0.027068 -0.028127 -0.002471
v -0.026853 -0.028111 -0.002612
v -0.026626 -0.028093 -0.002732
v -0.026387 -0.028075 -0.002831
v -0.026139 -0.028056 -0.002907
v -0.025884 -0.028036 -0.002960
v -0.025625 -0.028015 -0.002989
v -0.025364 -0.027993 -0.002993
v -0.025364 -0.027972 -0.002996
v -0.028163 -0.028196 -0.000845
v -0.028098 -0.028191 -0.001082
v -0.028013 -0.028185 -0.001314
v -0.027906 -0.028177 -0.001539
v -0.027778 -0.028167 -0.001754
v -0.027630 -0.028155 -0.001959
v -0.027462 -0.028142 -0.002150
v -0.027277 -0.028127 -0.002325
v -0.027076 -0.028111 -0.002484
v -0.026859 -0.028093 -0.002623
v -0.026630 -0.028075 -0.002743
v -0.026390 -0.028056 -0.002840
v -0.026141 -0.028036 -0.002915
v -0.025885 -0.028015 -0.002967
v -0.025625 -0.027993 -0.002994
v -0.026780 -0.028200 0.000226
v -0.026795 -0.028200 0.000113
v -0.026800 -0.028200 0.000000
v -0.026795 -0.028200 -0.000113
v -0.026780 -0.028200 -0.000226
v -0.026756 -0.028200 -0.000336
v -0.026722 -0.028200 -0.000445
v -0.026678 -0.028200 -0.000549
v -0.026626 -0.028200 -0.000650
v -0.026565 -0.028200 -0.000746
v -0.026496 -0.028200 -0.000836
v -0.026419 -0.028200 -0.000919
v -0.026336 -0.028200 -0.000996
v -0.026246 -0.028200 -0.001065
v -0.026150 -0.028200 -0.001126
v -0.026049 -0.028200 -0.001178
v -0.025945 -0.028200 -0.001222
v -0.025836 -0.028200 -0.001256
v -0.025726 -0.028200 -0.001280
v -0.025613 -0.028200 -0.001295
v -0.025500 -0.028200 -0.001300
v -0.025387 -0.028200 -0.001295
v -0.025274 -0.028200 -0.001280
v -0.025164 -0.028200 -0.001256
v -0.025055 -0.028200 -0.001222
v -0.024951 -0.028200 -0.001178
v -0.024850 -0.028200 -0.001126
v -0.024754 -0.028200 -0.001065
v -0.024664 -0.028200 -0.000996
v -0.024581 -0.028200 -0.000919
v -0.024504 -0.028200 -0.000836
v -0.024435 -0.028200 -0.000746
v -0.024374 -0.028200 -0.000650
v -0.024322 -0.028200 -0.000549
v -0.024278 -0.028200 -0.000445
v -0.024244 -0.028200 -0.000336
v -0.024220 -0.028200 -0.000226
v -0.024205 -0.028200 -0.000113
v -0.024200 -0.028200 -0.000000
v -0.024205 -0.028200 0.000113
v -0.024220 -0.028200 0.000226
v -0.024244 -0.028200 0.000336
v -0.024278 -0.028200 0.000445
v -0.024322 -0.028200 0.000549
v -0.024374 -0.028200 0.000650
v -0.024435 -0.028200 0.000746
v -0.024504 -0.028200 0.000836
v -0.024581 -0.028200 0.000919
v -0.024664 -0.028200 0.000996
v -0.024754 -0.028200 0.001065
v -0.024850 -0.028200 0.001126
v -0.024951 -0.028200 0.001178
v -0.025055 -0.028200 0.001222
v -0.025164 -0.028200 0.001256
v -0.025274 -0.028200 0.001280
v -0.025387 -0.028200 0.001295
v -0.025500 -0.028200 0.001300
v -0.025613 -0.028200 0.001295
v -0.025726 -0.028200 0.001280
v -0.025836 -0.028200 0.001256
v -0.025945 -0.028200 0.001222
v -0.026049 -0.028200 0.001178
v -0.026150 -0.028200 0.001126
v -0.026246 -0.028200 0.001065
v -0.026336 -0.028200 0.000996
v -0.026419 -0.028200 0.000919
v -0.026496 -0.028200 0.000836
v -0.026565 -0.028200 0.000746
v -0.026626 -0.028200 0.000650
v -0.026678 -0.028200 0.000549
v -0.026722 -0.028200 0.000445
v -0.026756 -0.028200 0.000336
v -0.022632 -0.024300 0.004096
v -0.023000 -0.024300 0.004330
v -0.023387 -0.024300 0.004532
v -0.023790 -0.024300 0.004698
v -0.024206 -0.024300 0.004830
v -0.024632 -0.024300 0.004924
v -0.025064 -0.024300 0.004981
v -0.025500 -0.024300 0.005000
v -0.025936 -0.024300 0.004981
v -0.026368 -0.024300 0.004924
v -0.026794 -0.024300 0.004830
v -0.027210 -0.024300 0.004698
v -0.027613 -0.024300 0.004532
v -0.028000 -0.024300 0.004330
v -0.028368 -0.024300 0.004096
v -0.028714 -0.024300 0.003830
v -0.029036 -0.024300 0.003536
v -0.029330 -0.024300 0.003214
v -0.029596 -0.024300 0.002868
v -0.029830 -0.024300 0.002500
v -0.030032 -0.024300 0.002113
v -0.030198 -0.024300 0.001710
v -0.030330 -0.024300 0.001294
v -0.030424 -0.024300 0.000868
v -0.030481 -0.024300 0.000436
v -0.030500 -0.024300 0.000000
v -0.030481 -0.024300 -0.000436
v -0.030424 -0.024300 -0.000868
v -0.030330 -0.024300 -0.001294
v -0.030198 -0.024300 -0.001710
v -0.030032 -0.024300 -0.002113
v -0.029830 -0.024300 -0.002500
v -0.029596 -0.024300 -0.002868
v -0.029330 -0.024300 -0.003214
v -0.029036 -0.024300 -0.003536
v -0.028714 -0.024300 -0.003830
v -0.028368 -0.024300 -0.004096
v -0.028000 -0.024300 -0.004330
v -0.027613 -0.024300 -0.004532
v -0.027210 -0.024300 -0.004698
v -0.026794 -0.024300 -0.004830
v -0.026368 -0.024300 -0.004924
v -0.025936 -0.024300 -0.004981
v -0.025500 -0.024300 -0.005000
v -0.025064 -0.024300 -0.004981
v -0.024632 -0.024300 -0.004924
v -0.024206 -0.024300 -0.004830
v -0.023790 -0.024300 -0.004698
v -0.023387 -0.024300 -0.004532
v -0.023000 -0.024300 -0.004330
v -0.022632 -0.024300 -0.004096
v -0.022286 -0.024300 -0.003830
v -0.021964 -0.024300 -0.003536
v -0.021670 -0.024300 -0.003214
v -0.021404 -0.024300 -0.002868
v -0.021170 -0.024300 -0.002500
v -0.020968 -0.024300 -0.002113
v -0.020802 -0.024300 -0.001710
v -0.020670 -0.024300 -0.001294
v -0.020576 -0.024300 -0.000868
v -0.020519 -0.024300 -0.000436
v -0.020500 -0.024300 0.000000
v -0.020519 -0.024300 0.000436
v -0.020576 -0.024300 0.000868
v -0.020670 -0.024300 0.001294
v -0.020802 -0.024300 0.001710
v -0.020968 -0.024300 0.002113
v -0.021170 -0.024300 0.002500
v -0.021404 -0.024300 0.002868
v -0.021670 -0.024300 0.003214
v -0.021964 -0.024300 0.003536
v -0.022286 -0.024300 0.003830
v -0.020519 -0.024100 0.000436
v -0.020576 -0.024100 0.000868
v -0.020670 -0.024100 0.001294
v -0.020802 -0.024100 0.001710
v -0.020968 -0.024100 0.002113
v -0.021170 -0.024100 0.002500
v -0.021404 -0.024100 0.002868
v -0.021670 -0.024100 0.003214
v -0.021964 -0.024100 0.003536
v -0.022286 -0.024100 0.003830
v -0.022632 -0.024100 0.004096
v -0.023000 -0.024100 0.004330
v -0.023387 -0.024100 0.004532
v -0.023790 -0.024100 0.004698
v -0.024206 -0.024100 0.004830
v -0.024632 -0.024100 0.004924
v -0.025064 -0.024100 0.004981
v -0.025500 -0.024100 0.005000
v -0.025936 -0.024100 0.004981
v -0.026368 -0.024100 0.004924
v -0.026794 -0.024100 0.004830
v -0.027210 -0.024100 0.004698
v -0.027613 -0.024100 0.004532
v -0.028000 -0.024100 0.004330
v -0.028368 -0.024100 0.004096
v -0.028714 -0.024100 0.003830
v -0.029036 -0.024100 0.003536
v -0.029330 -0.024100 0.003214
v -0.029596 -0.024100 0.002868
v -0.029830 -0.024100 0.002500
v -0.030032 -0.024100 0.002113
v -0.030198 -0.024100 0.001710
v -0.030330 -0.024100 0.001294
v -0.030424 -0.024100 0.000868
v -0.030481 -0.024100 0.000436
v -0.030500 -0.024100 0.000000
v -0.030481 -0.024100 -0.000436
v -0.030424 -0.024100 -0.000868
v -0.030330 -0.024100 -0.001294
v -0.030198 -0.024100 -0.001710
v -0.030032 -0.024100 -0.002113
v -0.029830 -0.024100 -0.002500
v -0.029596 -0.024100 -0.002868
v -0.029330 -0.024100 -0.003214
v -0.029036 -0.024100 -0.003536
v -0.028714 -0.024100 -0.003830
v -0.028368 -0.024100 -0.004096
v -0.028000 -0.024100 -0.004330
v -0.027613 -0.024100 -0.004532
v -0.027210 -0.024100 -0.004698
v -0.026794 -0.024100 -0.004830
v -0.026368 -0.024100 -0.004924
v -0.025936 -0.024100 -0.004981
v -0.025500 -0.024100 -0.005000
v -0.025064 -0.024100 -0.004981
v -0.024632 -0.024100 -0.004924
v -0.024206 -0.024100 -0.004830
v -0.023790 -0.024100 -0.004698
v -0.023387 -0.024100 -0.004532
v -0.023000 -0.024100 -0.004330
v -0.022632 -0.024100 -0.004096
v -0.022286 -0.024100 -0.003830
v -0.021964 -0.024100 -0.003536
v -0.021670 -0.024100 -0.003214
v -0.021404 -0.024100 -0.002868
v -0.021170 -0.024100 -0.002500
v -0.020968 -0.024100 -0.002113
v -0.020802 -0.024100 -0.001710
v -0.020670 -0.024100 -0.001294
v -0.020576 -0.024100 -0.000868
v -0.020519 -0.024100 -0.000436
v -0.020500 -0.024100 -0.000000
v -0.018956 -0.024100 -0.006191
v -0.017686 -0.024100 -0.007460
v -0.013850 -0.024100 -0.000250
v -0.017686 -0.024100 0.007460
v -0.018956 -0.024100 0.006191
v -0.016500 -0.024100 0.000250
v -0.016500 -0.024100 -0.000250
v -0.025750 -0.024100 0.009000
v -0.035224 -0.024100 0.008811
v -0.035224 -0.024100 0.001000
v -0.030900 -0.024100 0.001000
v -0.032061 -0.024100 -0.011974
v -0.025750 -0.024100 -0.011974
v -0.025750 -0.024100 -0.009000
v -0.018481 -0.024100 -0.008328
v -0.018040 -0.024100 -0.007814
v -0.020026 -0.024100 0.009483
v -0.020030 -0.024100 0.009496
v -0.025250 -0.024100 0.011974
v -0.033239 -0.024100 0.011518
v -0.033298 -0.024100 0.011461
v -0.035222 -0.024100 0.008893
v -0.035208 -0.024100 0.009044
v -0.013965 -0.024100 -0.006519
v -0.013950 -0.024100 -0.006527
v -0.020039 -0.024100 -0.011974
v -0.013850 -0.024100 0.006700
v -0.013851 -0.024100 0.006683
v -0.013850 -0.024100 0.000250
v -0.013853 -0.024100 0.006665
v -0.013857 -0.024100 0.006648
v -0.013862 -0.024100 0.006632
v -0.013869 -0.024100 0.006615
v -0.019136 -0.024100 -0.006364
v -0.019309 -0.024100 -0.006544
v -0.035224 -0.024100 -0.001000
v -0.035224 -0.024100 -0.008811
v -0.019919 -0.024100 -0.009352
v -0.019190 -0.024100 -0.008877
v -0.019929 -0.024100 -0.009358
v -0.019931 -0.024100 -0.009360
v -0.019945 -0.024100 -0.009370
v -0.020037 -0.024100 0.009532
v -0.020038 -0.024100 0.009543
v -0.013935 -0.024100 0.006536
v -0.013950 -0.024100 0.006527
v -0.013965 -0.024100 0.006519
v -0.014015 -0.024100 0.006503
v -0.014033 -0.024100 0.006501
v -0.014050 -0.024100 0.006500
v -0.016653 -0.024100 0.006500
v -0.025250 -0.024100 0.009000
v -0.025750 -0.024100 0.011974
v -0.032061 -0.024100 0.011974
v -0.030900 -0.024100 -0.001000
v -0.034768 -0.024100 -0.009989
v -0.034711 -0.024100 -0.010048
v -0.033298 -0.024100 -0.011461
v -0.033239 -0.024100 -0.011518
v -0.014033 -0.024100 -0.006501
v -0.014015 -0.024100 -0.006503
v -0.013909 -0.024100 -0.006559
v -0.013897 -0.024100 -0.006571
v -0.013886 -0.024100 -0.006585
v -0.013877 -0.024100 -0.006600
v -0.013869 -0.024100 -0.006615
v -0.013862 -0.024100 -0.006632
v -0.013857 -0.024100 -0.006648
v -0.019994 -0.024100 0.009421
v -0.020005 -0.024100 0.009437
v -0.020034 -0.024100 0.009512
v -0.020034 -0.024100 0.009514
v -0.013877 -0.024100 0.006600
v -0.013886 -0.024100 0.006585
v -0.013897 -0.024100 0.006571
v -0.013982 -0.024100 0.006512
v -0.013998 -0.024100 0.006507
v -0.016659 -0.024100 0.006500
v -0.016670 -0.024100 0.006501
v -0.016685 -0.024100 0.006502
v -0.016784 -0.024100 0.006544
v -0.016790 -0.024100 0.006548
v -0.034711 -0.024100 0.010048
v -0.034768 -0.024100 0.009989
v -0.034865 -0.024100 0.009872
v -0.025250 -0.024100 -0.011974
v -0.025250 -0.024100 -0.009000
v -0.013998 -0.024100 -0.006507
v -0.013982 -0.024100 -0.006512
v -0.013935 -0.024100 -0.006536
v -0.013921 -0.024100 -0.006547
v -0.013853 -0.024100 -0.006665
v -0.013851 -0.024100 -0.006683
v -0.013850 -0.024100 -0.006700
v -0.020038 -0.024100 -0.009539
v -0.020036 -0.024100 -0.009521
v -0.020007 -0.024100 0.009440
v -0.020014 -0.024100 0.009453
v -0.020021 -0.024100 0.009468
v -0.020038 -0.024100 0.009550
v -0.020039 -0.024100 0.009558
v -0.020039 -0.024100 0.011974
v -0.013909 -0.024100 0.006559
v -0.013921 -0.024100 0.006547
v -0.034951 -0.024100 0.009748
v -0.035027 -0.024100 0.009617
v -0.035091 -0.024100 0.009480
v -0.032442 -0.024100 -0.011932
v -0.032294 -0.024100 -0.011958
v -0.032143 -0.024100 -0.011972
v -0.020038 -0.024100 -0.009543
v -0.020034 -0.024100 -0.009512
v -0.020032 -0.024100 -0.009503
v -0.020027 -0.024100 -0.009485
v -0.019190 -0.024100 0.008877
v -0.019919 -0.024100 0.009352
v -0.018040 -0.024100 0.007814
v -0.020021 -0.024100 0.009470
v -0.020025 -0.024100 0.009478
v -0.016688 -0.024100 0.006503
v -0.016705 -0.024100 0.006506
v -0.016710 -0.024100 0.006508
v -0.016721 -0.024100 0.006511
v -0.016725 -0.024100 0.006512
v -0.016735 -0.024100 0.006516
v -0.016757 -0.024100 0.006526
v -0.016768 -0.024100 0.006533
v -0.016799 -0.024100 0.006556
v -0.016802 -0.024100 0.006559
v -0.016813 -0.024100 0.006570
v -0.016817 -0.024100 0.006575
v -0.035142 -0.024100 0.009338
v -0.035182 -0.024100 0.009192
v -0.033122 -0.024100 -0.011615
v -0.032998 -0.024100 -0.011701
v -0.032867 -0.024100 -0.011777
v -0.020026 -0.024100 -0.009483
v -0.020025 -0.024100 -0.009480
v -0.020021 -0.024100 -0.009468
v -0.020010 -0.024100 -0.009446
v -0.020007 -0.024100 -0.009440
v -0.019989 -0.024100 -0.009414
v -0.019987 -0.024100 -0.009412
v -0.019979 -0.024100 -0.009402
v -0.019974 -0.024100 -0.009397
v -0.019968 -0.024100 -0.009390
v -0.019960 -0.024100 -0.009383
v -0.019956 -0.024100 -0.009379
v -0.018481 -0.024100 0.008328
v -0.019931 -0.024100 0.009360
v -0.019309 -0.024100 0.006544
v -0.019136 -0.024100 0.006364
v -0.016741 -0.024100 0.006519
v -0.016747 -0.024100 0.006521
v -0.016771 -0.024100 0.006534
v -0.016779 -0.024100 0.006540
v -0.032143 -0.024100 0.011972
v -0.032294 -0.024100 0.011958
v -0.032442 -0.024100 0.011932
v -0.035222 -0.024100 -0.008893
v -0.035208 -0.024100 -0.009044
v -0.035182 -0.024100 -0.009192
v -0.020018 -0.024100 -0.009463
v -0.020014 -0.024100 -0.009454
v -0.020039 -0.024100 -0.009558
v -0.016824 -0.024100 0.006583
v -0.017211 -0.024100 0.007065
v -0.017820 -0.024100 0.007722
v -0.019936 -0.024100 0.009363
v -0.019952 -0.024100 0.009375
v -0.019956 -0.024100 0.009379
v -0.019979 -0.024100 0.009403
v -0.019983 -0.024100 0.009406
v -0.019989 -0.024100 0.009414
v -0.032588 -0.024100 0.011892
v -0.032730 -0.024100 0.011841
v -0.032867 -0.024100 0.011777
v -0.032998 -0.024100 0.011701
v -0.033122 -0.024100 0.011615
v -0.035142 -0.024100 -0.009338
v -0.035091 -0.024100 -0.009480
v -0.035027 -0.024100 -0.009617
v -0.034951 -0.024100 -0.009748
v -0.034865 -0.024100 -0.009872
v -0.032730 -0.024100 -0.011841
v -0.032588 -0.024100 -0.011892
v -0.016817 -0.024100 -0.006575
v -0.016813 -0.024100 -0.006570
v -0.016809 -0.024100 -0.006566
v -0.016802 -0.024100 -0.006559
v -0.016742 -0.024100 -0.006519
v -0.016747 -0.024100 -0.006521
v -0.016758 -0.024100 -0.006527
v -0.020000 -0.024100 -0.009430
v -0.019998 -0.024100 -0.009427
v -0.019966 -0.024100 0.009389
v -0.019968 -0.024100 0.009390
v -0.017820 -0.024100 -0.007722
v -0.017211 -0.024100 -0.007065
v -0.016824 -0.024100 -0.006583
v -0.016790 -0.024100 -0.006548
v -0.016790 -0.024100 -0.006548
v -0.016776 -0.024100 -0.006538
v -0.016773 -0.024100 -0.006536
v -0.016769 -0.024100 -0.006533
v -0.016736 -0.024100 -0.006516
v -0.016726 -0.024100 -0.006513
v -0.016712 -0.024100 -0.006508
v -0.016709 -0.024100 -0.006507
v -0.016691 -0.024100 -0.006503
v -0.016686 -0.024100 -0.006502
v -0.016674 -0.024100 -0.006501
v -0.016659 -0.024100 -0.006500
v -0.016657 -0.024100 -0.006500
v -0.016653 -0.024100 -0.006500
v -0.014050 -0.024100 -0.006500
v -0.034021 -0.022600 0.001000
v -0.031600 -0.022600 0.001000
v -0.031600 -0.023300 0.001000
v -0.034735 -0.020800 0.001000
v -0.034046 -0.020800 0.001000
v -0.034735 -0.021600 0.001000
v -0.030900 -0.023300 0.001000
v -0.035243 -0.024099 0.001000
v -0.035464 -0.023918 0.001000
v -0.035469 -0.023897 0.001000
v -0.035505 -0.021600 0.001000
v -0.035474 -0.023853 0.001000
v -0.035473 -0.023875 0.001000
v -0.035439 -0.023978 0.001000
v -0.035427 -0.023996 0.001000
v -0.035413 -0.024013 0.001000
v -0.035449 -0.023959 0.001000
v -0.035458 -0.023939 0.001000
v -0.035365 -0.024056 0.001000
v -0.035382 -0.024043 0.001000
v -0.035399 -0.024029 0.001000
v -0.035265 -0.024097 0.001000
v -0.035286 -0.024092 0.001000
v -0.035307 -0.024086 0.001000
v -0.035327 -0.024078 0.001000
v -0.035346 -0.024068 0.001000
v -0.034126 -0.015100 0.008218
v -0.034126 -0.015100 0.000000
v -0.034046 -0.020800 -0.001000
v -0.034126 -0.015100 -0.008218
v -0.034087 -0.017848 -0.008168
v -0.034021 -0.022600 -0.001000
v -0.034021 -0.022600 -0.008089
v -0.034047 -0.020749 -0.008118
v -0.034021 -0.022600 0.008089
v -0.034047 -0.020713 0.008119
v -0.034087 -0.017848 0.008168
v -0.019023 -0.022600 -0.010691
v -0.019023 -0.022600 -0.010771
v -0.031600 -0.022600 -0.001000
v -0.031248 -0.022600 0.010685
v -0.031339 -0.022600 0.010771
v -0.019023 -0.022600 0.010771
v -0.031339 -0.022600 -0.010771
v -0.031248 -0.022600 -0.010685
v -0.030728 -0.022600 0.009673
v -0.030763 -0.022600 0.009834
v -0.027190 -0.022600 0.003625
v -0.030707 -0.022600 -0.009509
v -0.030728 -0.022600 -0.009673
v -0.030763 -0.022600 -0.009834
v -0.031038 -0.022600 0.010431
v -0.026535 -0.022600 0.003864
v -0.030950 -0.022600 0.010291
v -0.026868 -0.022600 0.003759
v -0.030730 -0.022600 0.009015
v -0.030708 -0.022600 0.009179
v -0.031137 -0.022600 -0.010563
v -0.031038 -0.022600 -0.010431
v -0.030950 -0.022600 -0.010291
v -0.030730 -0.022600 -0.009015
v -0.030766 -0.022600 -0.008854
v -0.033935 -0.022600 -0.007998
v -0.033813 -0.022600 -0.007887
v -0.030700 -0.022600 0.009344
v -0.030707 -0.022600 0.009509
v -0.030812 -0.022600 0.009992
v -0.030874 -0.022600 0.010144
v -0.030874 -0.022600 -0.010144
v -0.030812 -0.022600 -0.009992
v -0.030700 -0.022600 -0.009344
v -0.030708 -0.022600 -0.009179
v -0.030816 -0.022600 -0.008697
v -0.030879 -0.022600 -0.008545
v -0.030956 -0.022600 -0.008398
v -0.032923 -0.022600 -0.007478
v -0.033084 -0.022600 -0.007513
v -0.033242 -0.022600 -0.007562
v -0.033394 -0.022600 -0.007624
v -0.021636 -0.022600 0.001035
v -0.019023 -0.022600 0.010691
v -0.021561 -0.022600 0.000695
v -0.021515 -0.022600 0.000349
v -0.021741 -0.022600 0.001368
v -0.021875 -0.022600 0.001690
v -0.022036 -0.022600 0.002000
v -0.029439 -0.022600 -0.000695
v -0.029364 -0.022600 -0.001035
v -0.033541 -0.022600 -0.007700
v -0.033681 -0.022600 -0.007788
v -0.021561 -0.022600 -0.000695
v -0.021515 -0.022600 -0.000349
v -0.021500 -0.022600 0.000000
v -0.023810 -0.022600 0.003625
v -0.024132 -0.022600 0.003759
v -0.024465 -0.022600 0.003864
v -0.024805 -0.022600 0.003939
v -0.027500 -0.022600 0.003464
v -0.027794 -0.022600 0.003277
v -0.028071 -0.022600 0.003064
v -0.028328 -0.022600 0.002828
v -0.028564 -0.022600 0.002571
v -0.031044 -0.022600 -0.008259
v -0.031145 -0.022600 -0.008128
v -0.031256 -0.022600 -0.008006
v -0.031378 -0.022600 -0.007895
v -0.031509 -0.022600 -0.007794
v -0.031648 -0.022600 -0.007706
v -0.031795 -0.022600 -0.007629
v -0.031947 -0.022600 -0.007566
v -0.032104 -0.022600 -0.007516
v -0.032265 -0.022600 -0.007480
v -0.022223 -0.022600 0.002294
v -0.022436 -0.022600 0.002571
v -0.022672 -0.022600 0.002828
v -0.022929 -0.022600 0.003064
v -0.023206 -0.022600 0.003277
v -0.023500 -0.022600 0.003464
v -0.031137 -0.022600 0.010563
v -0.018712 -0.022600 0.009369
v -0.015500 -0.022600 -0.007500
v -0.018783 -0.022600 0.009504
v -0.018842 -0.022600 0.009644
v -0.018630 -0.022600 0.009241
v -0.018537 -0.022600 0.009121
v -0.018434 -0.022600 0.009009
v -0.016604 -0.022600 0.008605
v -0.016481 -0.022600 0.008655
v -0.028777 -0.022600 0.002294
v -0.028964 -0.022600 0.002000
v -0.029125 -0.022600 0.001690
v -0.029259 -0.022600 0.001368
v -0.029364 -0.022600 0.001035
v -0.029439 -0.022600 0.000695
v -0.029259 -0.022600 -0.001368
v -0.029125 -0.022600 -0.001690
v -0.028964 -0.022600 -0.002000
v -0.033935 -0.022600 0.007998
v -0.033813 -0.022600 0.007887
v -0.033681 -0.022600 0.007788
v -0.033541 -0.022600 0.007700
v -0.032429 -0.022600 0.007458
v -0.032265 -0.022600 0.007480
v -0.032104 -0.022600 0.007516
v -0.031947 -0.022600 0.007566
v -0.031795 -0.022600 0.007629
v -0.031648 -0.022600 0.007706
v -0.032429 -0.022600 -0.007458
v -0.032594 -0.022600 -0.007450
v -0.032759 -0.022600 -0.007457
v -0.018072 -0.022600 0.008733
v -0.017937 -0.022600 0.008663
v -0.017503 -0.022600 0.008526
v -0.017352 -0.022600 0.008507
v -0.017200 -0.022600 0.008500
v -0.017048 -0.022600 0.008507
v -0.014850 -0.022600 0.007500
v -0.014850 -0.022600 -0.007500
v -0.015500 -0.022600 0.007500
v -0.015973 -0.022600 0.008092
v -0.028777 -0.022600 -0.002294
v -0.028564 -0.022600 -0.002571
v -0.028328 -0.022600 -0.002828
v -0.022036 -0.022600 -0.002000
v -0.021875 -0.022600 -0.001690
v -0.021741 -0.022600 -0.001368
v -0.021636 -0.022600 -0.001035
v -0.033394 -0.022600 0.007624
v -0.033242 -0.022600 0.007562
v -0.033084 -0.022600 0.007513
v -0.032923 -0.022600 0.007478
v -0.032759 -0.022600 0.007457
v -0.032594 -0.022600 0.007450
v -0.031509 -0.022600 0.007794
v -0.031378 -0.022600 0.007895
v -0.031256 -0.022600 0.008006
v -0.031145 -0.022600 0.008128
v -0.025151 -0.022600 0.003985
v -0.025500 -0.022600 0.004000
v -0.025849 -0.022600 0.003985
v -0.026195 -0.022600 0.003939
v -0.018321 -0.022600 0.008906
v -0.018200 -0.022600 0.008814
v -0.016897 -0.022600 0.008526
v -0.016749 -0.022600 0.008559
v -0.015973 -0.022600 -0.008092
v -0.022436 -0.022600 -0.002571
v -0.022223 -0.022600 -0.002294
v -0.031044 -0.022600 0.008259
v -0.030956 -0.022600 0.008398
v -0.030879 -0.022600 0.008545
v -0.030816 -0.022600 0.008697
v -0.030766 -0.022600 0.008854
v -0.017796 -0.022600 0.008605
v -0.017651 -0.022600 0.008559
v -0.029485 -0.022600 0.000349
v -0.029500 -0.022600 0.000000
v -0.029485 -0.022600 -0.000349
v -0.018910 -0.022600 0.010622
v -0.018925 -0.022600 0.010542
v -0.018944 -0.022600 0.010391
v -0.018950 -0.022600 0.010239
v -0.018942 -0.022600 0.010088
v -0.018922 -0.022600 0.009937
v -0.018888 -0.022600 0.009789
v -0.027190 -0.022600 -0.003625
v -0.026868 -0.022600 -0.003759
v -0.026535 -0.022600 -0.003864
v -0.016481 -0.022600 -0.008655
v -0.016604 -0.022600 -0.008605
v -0.016749 -0.022600 -0.008559
v -0.016897 -0.022600 -0.008526
v -0.022672 -0.022600 -0.002828
v -0.028071 -0.022600 -0.003064
v -0.027794 -0.022600 -0.003277
v -0.027500 -0.022600 -0.003464
v -0.017048 -0.022600 -0.008507
v -0.017200 -0.022600 -0.008500
v -0.017352 -0.022600 -0.008507
v -0.017503 -0.022600 -0.008526
v -0.017651 -0.022600 -0.008559
v -0.017796 -0.022600 -0.008605
v -0.026195 -0.022600 -0.003939
v -0.025849 -0.022600 -0.003985
v -0.025500 -0.022600 -0.004000
v -0.025151 -0.022600 -0.003985
v -0.024805 -0.022600 -0.003939
v -0.024465 -0.022600 -0.003864
v -0.024132 -0.022600 -0.003759
v -0.023810 -0.022600 -0.003625
v -0.023500 -0.022600 -0.003464
v -0.018537 -0.022600 -0.009121
v -0.018630 -0.022600 -0.009241
v -0.023206 -0.022600 -0.003277
v -0.018434 -0.022600 -0.009009
v -0.018712 -0.022600 -0.009369
v -0.018783 -0.022600 -0.009504
v -0.018842 -0.022600 -0.009644
v -0.018888 -0.022600 -0.009789
v -0.018922 -0.022600 -0.009937
v -0.018942 -0.022600 -0.010088
v -0.017937 -0.022600 -0.008663
v -0.018072 -0.022600 -0.008733
v -0.022929 -0.022600 -0.003064
v -0.018200 -0.022600 -0.008814
v -0.018321 -0.022600 -0.008906
v -0.018950 -0.022600 -0.010239
v -0.018944 -0.022600 -0.010391
v -0.018925 -0.022600 -0.010542
v -0.018910 -0.022600 -0.010622
v -0.031600 -0.023300 -0.001000
v -0.030900 -0.023300 -0.001000
v -0.034735 -0.020800 -0.001000
v -0.034735 -0.021600 -0.001000
v -0.035243 -0.024099 -0.001000
v -0.035265 -0.024097 -0.001000
v -0.035505 -0.021600 -0.001000
v -0.035474 -0.023853 -0.001000
v -0.035473 -0.023875 -0.001000
v -0.035469 -0.023897 -0.001000
v -0.035464 -0.023918 -0.001000
v -0.035458 -0.023939 -0.001000
v -0.035449 -0.023959 -0.001000
v -0.035439 -0.023978 -0.001000
v -0.035427 -0.023996 -0.001000
v -0.035413 -0.024013 -0.001000
v -0.035399 -0.024029 -0.001000
v -0.035382 -0.024043 -0.001000
v -0.035327 -0.024078 -0.001000
v -0.035307 -0.024086 -0.001000
v -0.035286 -0.024092 -0.001000
v -0.035365 -0.024056 -0.001000
v -0.035346 -0.024068 -0.001000
v -0.035474 -0.023853 0.008811
v -0.035610 -0.014100 0.008867
v -0.035610 -0.014100 -0.008867
v -0.035474 -0.023853 -0.008811
v -0.035245 -0.024099 -0.008811
v -0.035265 -0.024097 -0.008811
v -0.035267 -0.024096 -0.008811
v -0.035286 -0.024092 -0.008811
v -0.035288 -0.024092 -0.008811
v -0.035307 -0.024086 -0.008811
v -0.035308 -0.024085 -0.008811
v -0.035327 -0.024078 -0.008811
v -0.035328 -0.024077 -0.008811
v -0.035346 -0.024068 -0.008811
v -0.035348 -0.024067 -0.008811
v -0.035365 -0.024056 -0.008811
v -0.035366 -0.024056 -0.008811
v -0.035382 -0.024043 -0.008811
v -0.035383 -0.024043 -0.008811
v -0.035399 -0.024029 -0.008811
v -0.035399 -0.024028 -0.008811
v -0.035413 -0.024013 -0.008811
v -0.035414 -0.024012 -0.008811
v -0.035427 -0.023996 -0.008811
v -0.035427 -0.023995 -0.008811
v -0.035439 -0.023978 -0.008811
v -0.035439 -0.023977 -0.008811
v -0.035449 -0.023959 -0.008811
v -0.035449 -0.023958 -0.008811
v -0.035458 -0.023939 -0.008811
v -0.035458 -0.023938 -0.008811
v -0.035464 -0.023918 -0.008811
v -0.035465 -0.023917 -0.008811
v -0.035469 -0.023897 -0.008811
v -0.035470 -0.023896 -0.008811
v -0.035473 -0.023875 -0.008811
v -0.035473 -0.023875 -0.008811
v -0.035457 -0.023854 -0.009069
v -0.035456 -0.023854 -0.009077
v -0.035455 -0.023875 -0.009077
v -0.035427 -0.023854 -0.009240
v -0.035426 -0.023854 -0.009247
v -0.035424 -0.023875 -0.009247
v -0.035382 -0.023854 -0.009408
v -0.035381 -0.023854 -0.009414
v -0.035380 -0.023875 -0.009413
v -0.035323 -0.023854 -0.009572
v -0.035321 -0.023854 -0.009577
v -0.035320 -0.023875 -0.009576
v -0.035250 -0.023854 -0.009729
v -0.035249 -0.023854 -0.009733
v -0.035248 -0.023875 -0.009732
v -0.035243 -0.024099 -0.008894
v -0.034726 -0.024099 -0.010063
v -0.034784 -0.024099 -0.010003
v -0.034740 -0.024097 -0.010077
v -0.034800 -0.024096 -0.010017
v -0.034741 -0.024096 -0.010078
v -0.034755 -0.024092 -0.010092
v -0.034815 -0.024092 -0.010032
v -0.034756 -0.024092 -0.010093
v -0.034770 -0.024086 -0.010107
v -0.034831 -0.024085 -0.010045
v -0.034771 -0.024085 -0.010108
v -0.034784 -0.024078 -0.010121
v -0.034846 -0.024077 -0.010059
v -0.034785 -0.024077 -0.010122
v -0.034798 -0.024068 -0.010135
v -0.034860 -0.024067 -0.010072
v -0.034799 -0.024067 -0.010136
v -0.034811 -0.024056 -0.010148
v -0.034873 -0.024056 -0.010084
v -0.034812 -0.024056 -0.010149
v -0.034823 -0.024043 -0.010160
v -0.034886 -0.024043 -0.010096
v -0.034824 -0.024043 -0.010161
v -0.034835 -0.024029 -0.010172
v -0.034898 -0.024028 -0.010107
v -0.034835 -0.024028 -0.010172
v -0.034845 -0.024013 -0.010182
v -0.034909 -0.024012 -0.010117
v -0.034846 -0.024012 -0.010183
v -0.034855 -0.023996 -0.010192
v -0.034919 -0.023995 -0.010126
v -0.034855 -0.023995 -0.010192
v -0.034863 -0.023978 -0.010200
v -0.034927 -0.023977 -0.010133
v -0.034864 -0.023977 -0.010200
v -0.034871 -0.023959 -0.010207
v -0.034935 -0.023958 -0.010140
v -0.034871 -0.023958 -0.010208
v -0.034877 -0.023939 -0.010213
v -0.034941 -0.023938 -0.010146
v -0.034877 -0.023938 -0.010214
v -0.034881 -0.023918 -0.010218
v -0.034946 -0.023917 -0.010151
v -0.034882 -0.023917 -0.010218
v -0.034885 -0.023897 -0.010222
v -0.034950 -0.023896 -0.010154
v -0.034885 -0.023896 -0.010222
v -0.034887 -0.023875 -0.010224
v -0.034952 -0.023875 -0.010156
v -0.034887 -0.023875 -0.010224
v -0.034888 -0.023853 -0.010225
v -0.034953 -0.023854 -0.010157
v -0.034965 -0.023854 -0.010143
v -0.035064 -0.023854 -0.010024
v -0.035071 -0.023854 -0.010015
v -0.035065 -0.023854 -0.010023
v -0.035063 -0.023875 -0.010023
v -0.035248 -0.023854 -0.009735
v -0.035165 -0.023854 -0.009879
v -0.035161 -0.023875 -0.009882
v -0.035164 -0.023854 -0.009880
v -0.035162 -0.023854 -0.009882
v -0.035362 -0.023854 -0.009470
v -0.035410 -0.023854 -0.009311
v -0.035445 -0.023854 -0.009149
v -0.035466 -0.023854 -0.008985
v -0.035472 -0.023854 -0.008905
v -0.035470 -0.023875 -0.008905
v -0.035467 -0.023896 -0.008905
v -0.035462 -0.023917 -0.008905
v -0.035456 -0.023938 -0.008904
v -0.035447 -0.023958 -0.008904
v -0.035437 -0.023977 -0.008903
v -0.035425 -0.023995 -0.008903
v -0.035412 -0.024012 -0.008902
v -0.035397 -0.024028 -0.008901
v -0.035381 -0.024043 -0.008901
v -0.035364 -0.024056 -0.008900
v -0.035346 -0.024067 -0.008899
v -0.035326 -0.024077 -0.008898
v -0.035306 -0.024085 -0.008897
v -0.035286 -0.024092 -0.008896
v -0.035265 -0.024096 -0.008895
v -0.035452 -0.023896 -0.009076
v -0.035447 -0.023917 -0.009076
v -0.035440 -0.023938 -0.009075
v -0.035432 -0.023958 -0.009074
v -0.035422 -0.023977 -0.009072
v -0.035410 -0.023995 -0.009071
v -0.035397 -0.024012 -0.009069
v -0.035382 -0.024028 -0.009067
v -0.035366 -0.024043 -0.009065
v -0.035349 -0.024056 -0.009063
v -0.035331 -0.024067 -0.009060
v -0.035312 -0.024077 -0.009058
v -0.035292 -0.024085 -0.009055
v -0.035272 -0.024092 -0.009052
v -0.035251 -0.024096 -0.009049
v -0.035229 -0.024099 -0.009047
v -0.035421 -0.023896 -0.009246
v -0.035417 -0.023917 -0.009245
v -0.035410 -0.023938 -0.009244
v -0.035402 -0.023958 -0.009242
v -0.035392 -0.023977 -0.009239
v -0.035380 -0.023995 -0.009237
v -0.035367 -0.024012 -0.009234
v -0.035353 -0.024028 -0.009231
v -0.035337 -0.024043 -0.009227
v -0.035320 -0.024056 -0.009224
v -0.035303 -0.024067 -0.009220
v -0.035284 -0.024077 -0.009215
v -0.035264 -0.024085 -0.009211
v -0.035244 -0.024092 -0.009206
v -0.035223 -0.024096 -0.009202
v -0.035202 -0.024099 -0.009197
v -0.035377 -0.023896 -0.009413
v -0.035372 -0.023917 -0.009411
v -0.035366 -0.023938 -0.009409
v -0.035357 -0.023958 -0.009406
v -0.035348 -0.023977 -0.009403
v -0.035337 -0.023995 -0.009400
v -0.035324 -0.024012 -0.009396
v -0.035310 -0.024028 -0.009391
v -0.035294 -0.024043 -0.009387
v -0.035278 -0.024056 -0.009381
v -0.035260 -0.024067 -0.009376
v -0.035242 -0.024077 -0.009370
v -0.035223 -0.024085 -0.009364
v -0.035203 -0.024092 -0.009358
v -0.035183 -0.024096 -0.009351
v -0.035163 -0.024099 -0.009345
v -0.035318 -0.023896 -0.009574
v -0.035313 -0.023917 -0.009573
v -0.035307 -0.023938 -0.009570
v -0.035299 -0.023958 -0.009567
v -0.035290 -0.023977 -0.009563
v -0.035279 -0.023995 -0.009558
v -0.035266 -0.024012 -0.009553
v -0.035253 -0.024028 -0.009548
v -0.035238 -0.024043 -0.009541
v -0.035222 -0.024056 -0.009535
v -0.035205 -0.024067 -0.009528
v -0.035187 -0.024077 -0.009520
v -0.035169 -0.024085 -0.009513
v -0.035150 -0.024092 -0.009505
v -0.035130 -0.024096 -0.009497
v -0.035110 -0.024099 -0.009489
v -0.035245 -0.023896 -0.009731
v -0.035240 -0.023917 -0.009728
v -0.035235 -0.023938 -0.009725
v -0.035227 -0.023958 -0.009721
v -0.035218 -0.023977 -0.009717
v -0.035207 -0.023995 -0.009711
v -0.035196 -0.024012 -0.009705
v -0.035183 -0.024028 -0.009698
v -0.035168 -0.024043 -0.009691
v -0.035153 -0.024056 -0.009683
v -0.035137 -0.024067 -0.009675
v -0.035120 -0.024077 -0.009666
v -0.035102 -0.024085 -0.009656
v -0.035084 -0.024092 -0.009647
v -0.035065 -0.024096 -0.009637
v -0.035046 -0.024099 -0.009627
v -0.035159 -0.023896 -0.009880
v -0.035155 -0.023917 -0.009877
v -0.035149 -0.023938 -0.009874
v -0.035142 -0.023958 -0.009869
v -0.035133 -0.023977 -0.009864
v -0.035123 -0.023995 -0.009858
v -0.035112 -0.024012 -0.009850
v -0.035100 -0.024028 -0.009842
v -0.035086 -0.024043 -0.009834
v -0.035071 -0.024056 -0.009825
v -0.035056 -0.024067 -0.009815
v -0.035040 -0.024077 -0.009804
v -0.035023 -0.024085 -0.009794
v -0.035005 -0.024092 -0.009783
v -0.034987 -0.024096 -0.009771
v -0.034969 -0.024099 -0.009760
v -0.035060 -0.023896 -0.010021
v -0.035056 -0.023917 -0.010019
v -0.035051 -0.023938 -0.010014
v -0.035044 -0.023958 -0.010009
v -0.035036 -0.023977 -0.010003
v -0.035027 -0.023995 -0.009996
v -0.035016 -0.024012 -0.009988
v -0.035005 -0.024028 -0.009979
v -0.034992 -0.024043 -0.009969
v -0.034978 -0.024056 -0.009959
v -0.034963 -0.024067 -0.009948
v -0.034948 -0.024077 -0.009936
v -0.034932 -0.024085 -0.009924
v -0.034916 -0.024092 -0.009911
v -0.034899 -0.024096 -0.009898
v -0.034882 -0.024099 -0.009885
v -0.033313 -0.024099 -0.011476
v -0.033475 -0.023853 -0.011638
v -0.033474 -0.023875 -0.011637
v -0.033474 -0.023875 -0.011637
v -0.033472 -0.023896 -0.011635
v -0.033472 -0.023897 -0.011635
v -0.033468 -0.023917 -0.011632
v -0.033468 -0.023918 -0.011631
v -0.033464 -0.023938 -0.011627
v -0.033463 -0.023939 -0.011627
v -0.033458 -0.023958 -0.011621
v -0.033457 -0.023959 -0.011621
v -0.033450 -0.023977 -0.011614
v -0.033450 -0.023978 -0.011613
v -0.033442 -0.023995 -0.011605
v -0.033442 -0.023996 -0.011605
v -0.033433 -0.024012 -0.011596
v -0.033432 -0.024013 -0.011595
v -0.033422 -0.024028 -0.011585
v -0.033422 -0.024029 -0.011585
v -0.033411 -0.024043 -0.011574
v -0.033410 -0.024043 -0.011573
v -0.033399 -0.024056 -0.011562
v -0.033398 -0.024056 -0.011561
v -0.033386 -0.024067 -0.011549
v -0.033385 -0.024068 -0.011548
v -0.033372 -0.024077 -0.011535
v -0.033371 -0.024078 -0.011534
v -0.033358 -0.024085 -0.011521
v -0.033357 -0.024086 -0.011520
v -0.033343 -0.024092 -0.011506
v -0.033342 -0.024092 -0.011505
v -0.033328 -0.024096 -0.011491
v -0.033327 -0.024097 -0.011490
v -0.033280 -0.023854 -0.011809
v -0.033274 -0.023854 -0.011814
v -0.033273 -0.023875 -0.011813
v -0.033138 -0.023854 -0.011909
v -0.033132 -0.023854 -0.011912
v -0.033132 -0.023875 -0.011911
v -0.032988 -0.023854 -0.011996
v -0.032983 -0.023854 -0.011999
v -0.032982 -0.023875 -0.011998
v -0.032830 -0.023854 -0.012070
v -0.032825 -0.023854 -0.012072
v -0.032826 -0.023875 -0.012070
v -0.032667 -0.023854 -0.012130
v -0.032664 -0.023854 -0.012131
v -0.032663 -0.023875 -0.012130
v -0.033253 -0.024099 -0.011534
v -0.032061 -0.024099 -0.011995
v -0.032144 -0.024099 -0.011993
v -0.032061 -0.024097 -0.012015
v -0.032145 -0.024096 -0.012015
v -0.032061 -0.024096 -0.012017
v -0.032061 -0.024092 -0.012036
v -0.032146 -0.024092 -0.012036
v -0.032061 -0.024092 -0.012038
v -0.032061 -0.024086 -0.012057
v -0.032147 -0.024085 -0.012056
v -0.032061 -0.024085 -0.012058
v -0.032061 -0.024078 -0.012077
v -0.032148 -0.024077 -0.012076
v -0.032061 -0.024077 -0.012078
v -0.032061 -0.024068 -0.012096
v -0.032149 -0.024067 -0.012096
v -0.032061 -0.024067 -0.012098
v -0.032061 -0.024056 -0.012115
v -0.032150 -0.024056 -0.012114
v -0.032061 -0.024056 -0.012116
v -0.032061 -0.024043 -0.012132
v -0.032151 -0.024043 -0.012131
v -0.032061 -0.024043 -0.012133
v -0.032061 -0.024029 -0.012149
v -0.032151 -0.024028 -0.012147
v -0.032061 -0.024028 -0.012149
v -0.032061 -0.024013 -0.012163
v -0.032152 -0.024012 -0.012162
v -0.032061 -0.024012 -0.012164
v -0.032061 -0.023996 -0.012177
v -0.032153 -0.023995 -0.012175
v -0.032061 -0.023995 -0.012177
v -0.032061 -0.023978 -0.012189
v -0.032153 -0.023977 -0.012187
v -0.032061 -0.023977 -0.012189
v -0.032061 -0.023959 -0.012199
v -0.032154 -0.023958 -0.012197
v -0.032061 -0.023958 -0.012199
v -0.032061 -0.023939 -0.012208
v -0.032154 -0.023938 -0.012206
v -0.032061 -0.023938 -0.012208
v -0.032061 -0.023918 -0.012214
v -0.032155 -0.023917 -0.012212
v -0.032061 -0.023917 -0.012215
v -0.032061 -0.023897 -0.012219
v -0.032155 -0.023896 -0.012217
v -0.032061 -0.023896 -0.012220
v -0.032061 -0.023875 -0.012223
v -0.032155 -0.023875 -0.012220
v -0.032061 -0.023875 -0.012223
v -0.032061 -0.023853 -0.012224
v -0.032155 -0.023854 -0.012222
v -0.032173 -0.023854 -0.012221
v -0.032327 -0.023854 -0.012206
v -0.032338 -0.023854 -0.012204
v -0.032329 -0.023854 -0.012206
v -0.032327 -0.023875 -0.012205
v -0.032661 -0.023854 -0.012131
v -0.032501 -0.023854 -0.012175
v -0.032497 -0.023875 -0.012174
v -0.032500 -0.023854 -0.012175
v -0.032930 -0.023854 -0.012025
v -0.033076 -0.023854 -0.011947
v -0.033215 -0.023854 -0.011857
v -0.033346 -0.023854 -0.011756
v -0.033407 -0.023854 -0.011703
v -0.033406 -0.023875 -0.011702
v -0.033404 -0.023896 -0.011700
v -0.033401 -0.023917 -0.011696
v -0.033396 -0.023938 -0.011691
v -0.033390 -0.023958 -0.011685
v -0.033383 -0.023977 -0.011677
v -0.033376 -0.023995 -0.011669
v -0.033367 -0.024012 -0.011659
v -0.033357 -0.024028 -0.011648
v -0.033346 -0.024043 -0.011636
v -0.033334 -0.024056 -0.011623
v -0.033322 -0.024067 -0.011610
v -0.033309 -0.024077 -0.011596
v -0.033295 -0.024085 -0.011581
v -0.033282 -0.024092 -0.011565
v -0.033267 -0.024096 -0.011550
v -0.033271 -0.023896 -0.011810
v -0.033269 -0.023917 -0.011806
v -0.033264 -0.023938 -0.011801
v -0.033259 -0.023958 -0.011794
v -0.033253 -0.023977 -0.011786
v -0.033246 -0.023995 -0.011777
v -0.033238 -0.024012 -0.011766
v -0.033229 -0.024028 -0.011755
v -0.033219 -0.024043 -0.011742
v -0.033209 -0.024056 -0.011728
v -0.033198 -0.024067 -0.011713
v -0.033186 -0.024077 -0.011698
v -0.033174 -0.024085 -0.011682
v -0.033161 -0.024092 -0.011666
v -0.033148 -0.024096 -0.011649
v -0.033135 -0.024099 -0.011632
v -0.033130 -0.023896 -0.011909
v -0.033127 -0.023917 -0.011905
v -0.033124 -0.023938 -0.011899
v -0.033119 -0.023958 -0.011892
v -0.033114 -0.023977 -0.011883
v -0.033108 -0.023995 -0.011873
v -0.033100 -0.024012 -0.011862
v -0.033092 -0.024028 -0.011850
v -0.033084 -0.024043 -0.011836
v -0.033075 -0.024056 -0.011821
v -0.033065 -0.024067 -0.011806
v -0.033054 -0.024077 -0.011790
v -0.033044 -0.024085 -0.011773
v -0.033033 -0.024092 -0.011755
v -0.033021 -0.024096 -0.011737
v -0.033010 -0.024099 -0.011719
v -0.032981 -0.023896 -0.011995
v -0.032978 -0.023917 -0.011990
v -0.032975 -0.023938 -0.011985
v -0.032971 -0.023958 -0.011977
v -0.032967 -0.023977 -0.011968
v -0.032961 -0.023995 -0.011957
v -0.032955 -0.024012 -0.011946
v -0.032948 -0.024028 -0.011933
v -0.032941 -0.024043 -0.011918
v -0.032933 -0.024056 -0.011903
v -0.032925 -0.024067 -0.011887
v -0.032916 -0.024077 -0.011870
v -0.032906 -0.024085 -0.011852
v -0.032897 -0.024092 -0.011834
v -0.032887 -0.024096 -0.011815
v -0.032877 -0.024099 -0.011796
v -0.032824 -0.023896 -0.012068
v -0.032823 -0.023917 -0.012063
v -0.032820 -0.023938 -0.012057
v -0.032817 -0.023958 -0.012049
v -0.032813 -0.023977 -0.012040
v -0.032808 -0.023995 -0.012029
v -0.032803 -0.024012 -0.012016
v -0.032798 -0.024028 -0.012003
v -0.032791 -0.024043 -0.011988
v -0.032785 -0.024056 -0.011972
v -0.032778 -0.024067 -0.011955
v -0.032770 -0.024077 -0.011937
v -0.032763 -0.024085 -0.011919
v -0.032755 -0.024092 -0.011900
v -0.032747 -0.024096 -0.011880
v -0.032739 -0.024099 -0.011860
v -0.032663 -0.023896 -0.012127
v -0.032661 -0.023917 -0.012122
v -0.032659 -0.023938 -0.012116
v -0.032656 -0.023958 -0.012107
v -0.032653 -0.023977 -0.012098
v -0.032650 -0.023995 -0.012087
v -0.032646 -0.024012 -0.012074
v -0.032641 -0.024028 -0.012060
v -0.032637 -0.024043 -0.012044
v -0.032631 -0.024056 -0.012028
v -0.032626 -0.024067 -0.012010
v -0.032620 -0.024077 -0.011992
v -0.032614 -0.024085 -0.011973
v -0.032608 -0.024092 -0.011953
v -0.032601 -0.024096 -0.011933
v -0.032595 -0.024099 -0.011913
v -0.032496 -0.023896 -0.012171
v -0.032495 -0.023917 -0.012167
v -0.032494 -0.023938 -0.012160
v -0.032492 -0.023958 -0.012152
v -0.032489 -0.023977 -0.012142
v -0.032487 -0.023995 -0.012130
v -0.032484 -0.024012 -0.012117
v -0.032481 -0.024028 -0.012103
v -0.032477 -0.024043 -0.012087
v -0.032474 -0.024056 -0.012070
v -0.032470 -0.024067 -0.012053
v -0.032465 -0.024077 -0.012034
v -0.032461 -0.024085 -0.012014
v -0.032456 -0.024092 -0.011994
v -0.032452 -0.024096 -0.011973
v -0.032447 -0.024099 -0.011952
v -0.032326 -0.023896 -0.012202
v -0.032326 -0.023917 -0.012197
v -0.032325 -0.023938 -0.012190
v -0.032324 -0.023958 -0.012182
v -0.032322 -0.023977 -0.012172
v -0.032321 -0.023995 -0.012160
v -0.032319 -0.024012 -0.012147
v -0.032317 -0.024028 -0.012132
v -0.032315 -0.024043 -0.012116
v -0.032313 -0.024056 -0.012099
v -0.032310 -0.024067 -0.012081
v -0.032308 -0.024077 -0.012062
v -0.032305 -0.024085 -0.012042
v -0.032302 -0.024092 -0.012022
v -0.032299 -0.024096 -0.012001
v -0.032297 -0.024099 -0.011979
v -0.025250 -0.024053 -0.012120
v -0.020030 -0.024043 -0.012132
v -0.020031 -0.024050 -0.012124
v -0.025250 -0.024056 -0.012115
v -0.020031 -0.024056 -0.012115
v -0.020032 -0.024059 -0.012111
v -0.025250 -0.024068 -0.012096
v -0.020033 -0.024068 -0.012096
v -0.020034 -0.024074 -0.012085
v -0.025250 -0.024078 -0.012077
v -0.020035 -0.024078 -0.012077
v -0.025250 -0.024086 -0.012057
v -0.020036 -0.024085 -0.012060
v -0.020036 -0.024086 -0.012057
v -0.025250 -0.024092 -0.012036
v -0.020037 -0.024089 -0.012047
v -0.020038 -0.024092 -0.012036
v -0.025250 -0.024097 -0.012015
v -0.020038 -0.024092 -0.012036
v -0.020038 -0.024095 -0.012025
v -0.020039 -0.024097 -0.012015
v -0.025250 -0.024099 -0.011993
v -0.020039 -0.024097 -0.012012
v -0.020039 -0.024100 -0.011988
v -0.020039 -0.024099 -0.011993
v -0.025750 -0.024053 -0.012120
v -0.020030 -0.024038 -0.012138
v -0.020030 -0.024029 -0.012149
v -0.020030 -0.024021 -0.012156
v -0.020030 -0.024013 -0.012163
v -0.020031 -0.024006 -0.012169
v -0.020032 -0.023996 -0.012177
v -0.020034 -0.023987 -0.012183
v -0.020036 -0.023978 -0.012189
v -0.020039 -0.023968 -0.012194
v -0.020042 -0.023959 -0.012199
v -0.020046 -0.023949 -0.012204
v -0.020050 -0.023939 -0.012208
v -0.020054 -0.023928 -0.012211
v -0.020059 -0.023918 -0.012214
v -0.020065 -0.023907 -0.012217
v -0.020071 -0.023897 -0.012219
v -0.020084 -0.023875 -0.012223
v -0.020098 -0.023853 -0.012224
v -0.025750 -0.024056 -0.012115
v -0.025750 -0.024068 -0.012096
v -0.025750 -0.024078 -0.012077
v -0.025750 -0.024086 -0.012057
v -0.025750 -0.024092 -0.012036
v -0.025750 -0.024097 -0.012015
v -0.025750 -0.024099 -0.011993
v -0.025250 -0.024000 -0.012120
v -0.025250 -0.024000 -0.009000
v -0.025750 -0.024000 -0.012120
v -0.025750 -0.024000 -0.009000
v -0.019501 -0.025443 -0.011432
v -0.019501 -0.025443 -0.009648
v -0.019772 -0.024766 -0.009604
v -0.019807 -0.024100 -0.012220
v -0.019269 -0.025446 -0.011663
v -0.019813 -0.024100 -0.012220
v -0.019289 -0.025452 -0.011660
v -0.019819 -0.024100 -0.012220
v -0.019825 -0.024099 -0.012220
v -0.019309 -0.025458 -0.011654
v -0.019843 -0.024095 -0.012220
v -0.019831 -0.024098 -0.012220
v -0.019328 -0.025463 -0.011648
v -0.019868 -0.024085 -0.012221
v -0.019855 -0.024091 -0.012220
v -0.019347 -0.025467 -0.011639
v -0.019895 -0.024071 -0.012221
v -0.019881 -0.024079 -0.012221
v -0.020024 -0.023953 -0.012222
v -0.019994 -0.023987 -0.012222
v -0.019399 -0.025474 -0.011606
v -0.019965 -0.024016 -0.012222
v -0.019383 -0.025472 -0.011618
v -0.019936 -0.024041 -0.012221
v -0.019365 -0.025470 -0.011629
v -0.019922 -0.024052 -0.012221
v -0.019908 -0.024062 -0.012221
v -0.019400 -0.025474 -0.011606
v -0.019415 -0.025475 -0.011592
v -0.020054 -0.023916 -0.012223
v -0.019416 -0.025475 -0.011592
v -0.019430 -0.025475 -0.011578
v -0.019431 -0.025474 -0.011577
v -0.019444 -0.025473 -0.011562
v -0.020084 -0.023875 -0.012224
v -0.019456 -0.025472 -0.011545
v -0.019445 -0.025473 -0.011561
v -0.019457 -0.025471 -0.011544
v -0.019468 -0.025469 -0.011528
v -0.019468 -0.025469 -0.011526
v -0.019477 -0.025465 -0.011509
v -0.019486 -0.025461 -0.011491
v -0.019486 -0.025460 -0.011489
v -0.019493 -0.025455 -0.011471
v -0.019478 -0.025465 -0.011508
v -0.019498 -0.025449 -0.011450
v -0.019498 -0.025450 -0.011452
v -0.019493 -0.025455 -0.011470
v -0.032117 -0.014100 -0.012360
v 0.007610 -0.014100 -0.012360
v 0.007471 -0.024100 -0.012220
v -0.016225 -0.025350 -0.011703
v -0.016341 -0.025176 -0.011775
v 0.007471 -0.024666 -0.011986
v 0.007413 -0.024651 -0.011992
v 0.007356 -0.024640 -0.011997
v -0.018198 -0.025404 -0.011680
v -0.018199 -0.025415 -0.011676
v -0.018200 -0.025416 -0.011675
v -0.018200 -0.025428 -0.011671
v -0.018200 -0.025435 -0.011668
v -0.018200 -0.025439 -0.011666
v -0.018199 -0.025446 -0.011663
v -0.016543 -0.024941 -0.011872
v -0.016613 -0.024877 -0.011899
v -0.016684 -0.024820 -0.011922
v -0.016756 -0.024771 -0.011943
v -0.016829 -0.024729 -0.011960
v -0.017644 -0.024771 -0.011943
v -0.017716 -0.024820 -0.011922
v -0.018175 -0.025350 -0.011703
v -0.018183 -0.025364 -0.011697
v 0.006870 -0.024733 -0.011958
v 0.006834 -0.024754 -0.011950
v -0.016200 -0.025435 -0.011668
v 0.006761 -0.024801 -0.011930
v 0.006689 -0.024855 -0.011908
v 0.006244 -0.025400 -0.011682
v -0.016201 -0.025446 -0.011663
v 0.006238 -0.025412 -0.011677
v -0.016939 -0.024680 -0.011980
v -0.016976 -0.024667 -0.011986
v 0.006619 -0.024917 -0.011882
v 0.006549 -0.024986 -0.011853
v 0.006481 -0.025063 -0.011822
v 0.006236 -0.025417 -0.011675
v 0.006233 -0.025422 -0.011673
v 0.006230 -0.025433 -0.011669
v -0.016200 -0.025424 -0.011672
v -0.016201 -0.025415 -0.011676
v -0.016201 -0.025413 -0.011677
v -0.017125 -0.024636 -0.011998
v -0.017163 -0.024633 -0.012000
v -0.018187 -0.025372 -0.011694
v -0.018189 -0.025377 -0.011692
v -0.018194 -0.025391 -0.011686
v 0.007318 -0.024636 -0.011999
v 0.007281 -0.024633 -0.012000
v 0.007243 -0.024632 -0.012000
v 0.006414 -0.025146 -0.011787
v 0.006349 -0.025236 -0.011750
v -0.016203 -0.025401 -0.011682
v -0.016206 -0.025389 -0.011687
v -0.016211 -0.025377 -0.011692
v -0.016407 -0.025091 -0.011810
v -0.016475 -0.025013 -0.011843
v -0.017200 -0.024632 -0.012000
v -0.017237 -0.024633 -0.012000
v -0.017275 -0.024636 -0.011998
v 0.007205 -0.024634 -0.011999
v 0.007168 -0.024637 -0.011998
v 0.007130 -0.024642 -0.011996
v 0.006229 -0.025435 -0.011668
v 0.006228 -0.025442 -0.011665
v 0.006227 -0.025446 -0.011663
v -0.016213 -0.025372 -0.011694
v -0.016217 -0.025363 -0.011697
v -0.016865 -0.024710 -0.011968
v -0.016902 -0.024694 -0.011974
v -0.017787 -0.024877 -0.011899
v -0.017857 -0.024941 -0.011872
v -0.017925 -0.025013 -0.011843
v -0.017312 -0.024641 -0.011996
v -0.017349 -0.024648 -0.011994
v -0.017387 -0.024657 -0.011990
v -0.017993 -0.025091 -0.011810
v -0.018059 -0.025176 -0.011775
v -0.017013 -0.024657 -0.011990
v -0.017051 -0.024648 -0.011994
v -0.017088 -0.024641 -0.011996
v 0.007093 -0.024649 -0.011993
v 0.007055 -0.024659 -0.011989
v 0.007018 -0.024670 -0.011985
v -0.017424 -0.024667 -0.011986
v -0.017461 -0.024680 -0.011980
v -0.017498 -0.024694 -0.011974
v -0.017535 -0.024710 -0.011968
v -0.017571 -0.024729 -0.011960
v 0.006981 -0.024683 -0.011979
v 0.006944 -0.024698 -0.011973
v 0.006907 -0.024714 -0.011966
v 0.006223 -0.025553 -0.011578
v 0.006224 -0.025558 -0.011571
v -0.016230 -0.025558 -0.011571
v 0.006225 -0.025561 -0.011566
v 0.006226 -0.025569 -0.011553
v -0.016236 -0.025569 -0.011553
v 0.006233 -0.025588 -0.011509
v 0.006236 -0.025592 -0.011494
v -0.016256 -0.025592 -0.011495
v -0.016262 -0.025596 -0.011477
v 0.006244 -0.025599 -0.011453
v 0.006244 -0.025599 -0.011452
v -0.016277 -0.025600 -0.011432
v 0.006247 -0.025600 -0.011436
v 0.006248 -0.025600 -0.011432
v 0.006240 -0.025597 -0.011471
v -0.016270 -0.025599 -0.011453
v 0.006239 -0.025596 -0.011475
v -0.016269 -0.025599 -0.011454
v -0.016276 -0.025600 -0.011436
v 0.006243 -0.025599 -0.011455
v -0.016269 -0.025599 -0.011457
v -0.016263 -0.025596 -0.011474
v -0.016262 -0.025596 -0.011476
v -0.016254 -0.025591 -0.011498
v -0.016249 -0.025586 -0.011515
v 0.006232 -0.025586 -0.011515
v 0.006232 -0.025587 -0.011513
v -0.016248 -0.025585 -0.011518
v 0.006229 -0.025578 -0.011534
v 0.006229 -0.025580 -0.011531
v -0.016241 -0.025577 -0.011538
v -0.016248 -0.025585 -0.011518
v -0.016242 -0.025578 -0.011534
v 0.006227 -0.025573 -0.011545
v 0.006227 -0.025571 -0.011549
v -0.016242 -0.025577 -0.011537
v -0.016235 -0.025567 -0.011556
v -0.016229 -0.025556 -0.011574
v 0.006222 -0.025545 -0.011588
v 0.006223 -0.025550 -0.011583
v -0.016229 -0.025555 -0.011576
v -0.016225 -0.025545 -0.011588
v 0.006222 -0.025538 -0.011597
v 0.006221 -0.025532 -0.011604
v 0.006221 -0.025525 -0.011611
v -0.016220 -0.025532 -0.011604
v 0.006221 -0.025517 -0.011619
v -0.016219 -0.025531 -0.011605
v -0.016224 -0.025544 -0.011590
v 0.006221 -0.025529 -0.011607
v 0.006221 -0.025500 -0.011632
v 0.006221 -0.025507 -0.011627
v -0.016215 -0.025516 -0.011619
v -0.016218 -0.025527 -0.011609
v 0.006221 -0.025511 -0.011624
v -0.016210 -0.025497 -0.011635
v 0.006222 -0.025483 -0.011644
v -0.016211 -0.025500 -0.011632
v 0.006222 -0.025485 -0.011643
v 0.006221 -0.025493 -0.011638
v -0.016214 -0.025512 -0.011623
v 0.006221 -0.025500 -0.011632
v 0.006224 -0.025465 -0.011654
v 0.006224 -0.025468 -0.011653
v -0.016207 -0.025483 -0.011644
v 0.006223 -0.025477 -0.011648
v -0.016209 -0.025493 -0.011637
v 0.006223 -0.025478 -0.011647
v -0.016202 -0.025456 -0.011659
v 0.006226 -0.025452 -0.011661
v -0.016203 -0.025465 -0.011654
v -0.016203 -0.025464 -0.011655
v -0.016206 -0.025481 -0.011646
v 0.006224 -0.025462 -0.011656
v -0.017113 -0.025600 0.009254
v -0.017200 -0.025600 0.009250
v -0.016606 -0.025600 0.007267
v -0.016277 -0.025600 0.011432
v -0.014550 -0.025600 0.010600
v -0.008175 -0.025600 0.010600
v 0.008190 -0.025600 0.009908
v 0.008156 -0.025600 0.009827
v 0.008716 -0.025600 0.009746
v -0.017923 -0.025600 -0.011564
v -0.017811 -0.025600 -0.011620
v -0.017200 -0.025600 -0.011250
v -0.018123 -0.025600 0.011432
v -0.018196 -0.025600 0.010337
v -0.018185 -0.025600 0.010424
v -0.016234 -0.025600 0.010509
v -0.016215 -0.025600 0.010424
v -0.017459 -0.025600 0.009284
v -0.017936 -0.025600 0.008642
v -0.017374 -0.025600 0.009265
v -0.017242 -0.025600 0.007982
v 0.007337 -0.025600 0.009254
v 0.007250 -0.025600 0.009250
v 0.007250 -0.025600 -0.009250
v 0.007076 -0.025600 0.009265
v 0.006991 -0.025600 0.009284
v 0.007163 -0.025600 -0.009254
v 0.006442 -0.025600 -0.011572
v 0.006557 -0.025600 -0.011636
v 0.007163 -0.025600 -0.011246
v 0.006677 -0.025600 -0.011690
v 0.006801 -0.025600 -0.011734
v -0.016204 -0.025600 -0.010337
v -0.016215 -0.025600 -0.010424
v -0.016381 -0.025600 0.010824
v -0.016334 -0.025600 0.010750
v -0.016204 -0.025600 0.010337
v -0.016200 -0.025600 0.010250
v -0.016204 -0.025600 0.010163
v -0.018166 -0.025600 0.010509
v -0.018140 -0.025600 0.010592
v -0.018106 -0.025600 0.010673
v -0.017287 -0.025600 0.009254
v -0.017542 -0.025600 0.009310
v -0.017623 -0.025600 0.009344
v -0.017700 -0.025600 0.009384
v -0.017966 -0.025600 0.009607
v -0.018019 -0.025600 0.009676
v -0.018682 -0.025600 0.009242
v -0.018066 -0.025600 0.009750
v -0.019269 -0.025600 0.009648
v -0.018106 -0.025600 0.009827
v -0.018140 -0.025600 0.009908
v -0.018166 -0.025600 0.009991
v -0.018185 -0.025600 0.010076
v -0.018196 -0.025600 0.010163
v 0.008716 -0.025600 -0.009746
v 0.007957 -0.025600 -0.009543
v 0.006991 -0.025600 -0.011216
v -0.008175 -0.025600 -0.010600
v 0.007076 -0.025600 -0.011235
v 0.006908 -0.025600 -0.011190
v 0.006827 -0.025600 -0.011156
v 0.006750 -0.025600 -0.011116
v 0.006676 -0.025600 -0.011069
v 0.006607 -0.025600 -0.011016
v 0.006543 -0.025600 -0.010957
v 0.006750 -0.025600 0.009384
v 0.006676 -0.025600 0.009431
v 0.004203 -0.025600 -0.009045
v 0.006929 -0.025600 -0.011766
v 0.007059 -0.025600 -0.011788
v 0.007250 -0.025600 -0.011250
v 0.007190 -0.025600 -0.011799
v 0.007337 -0.025600 -0.011246
v -0.016234 -0.025600 -0.010509
v -0.016260 -0.025600 -0.010592
v -0.016294 -0.025600 -0.010673
v -0.016215 -0.025600 -0.010076
v -0.016204 -0.025600 -0.010163
v -0.014550 -0.025600 -0.010600
v -0.016200 -0.025600 -0.010250
v -0.017694 -0.025600 -0.011666
v -0.017573 -0.025600 -0.011703
v -0.017450 -0.025600 -0.011729
v -0.016294 -0.025600 0.010673
v -0.016260 -0.025600 0.010592
v -0.016215 -0.025600 0.010076
v -0.016234 -0.025600 0.009991
v -0.014550 -0.025600 0.006700
v -0.016260 -0.025600 0.009908
v -0.016294 -0.025600 0.009827
v -0.018066 -0.025600 0.010750
v -0.018019 -0.025600 0.010824
v -0.017966 -0.025600 0.010893
v -0.017774 -0.025600 0.009431
v -0.017843 -0.025600 0.009484
v -0.017907 -0.025600 0.009543
v -0.019269 -0.025600 0.011432
v -0.018200 -0.025600 0.010250
v -0.016334 -0.025600 -0.010750
v -0.016381 -0.025600 -0.010824
v -0.016434 -0.025600 -0.010893
v -0.017287 -0.025600 -0.011246
v -0.018123 -0.025600 -0.011432
v -0.018031 -0.025600 -0.011499
v -0.016626 -0.025600 -0.009431
v -0.016557 -0.025600 -0.009484
v -0.014550 -0.025600 -0.006700
v 0.006332 -0.025600 -0.011499
v -0.016334 -0.025600 0.009750
v -0.016381 -0.025600 0.009676
v -0.016434 -0.025600 0.009607
v 0.008016 -0.025600 -0.009607
v 0.008069 -0.025600 -0.009676
v 0.008116 -0.025600 -0.009750
v 0.006908 -0.025600 -0.009310
v 0.006827 -0.025600 -0.009344
v 0.006750 -0.025600 -0.009384
v 0.006607 -0.025600 0.009484
v 0.006543 -0.025600 0.009543
v 0.004203 -0.025600 0.009045
v 0.006484 -0.025600 0.009607
v 0.006431 -0.025600 0.009676
v -0.017374 -0.025600 -0.011235
v -0.017459 -0.025600 -0.011216
v -0.017542 -0.025600 -0.011190
v -0.017623 -0.025600 -0.011156
v -0.017700 -0.025600 -0.011116
v -0.017774 -0.025600 -0.011069
v -0.018019 -0.025600 -0.010824
v -0.018066 -0.025600 -0.010750
v -0.019269 -0.025600 -0.011432
v -0.018106 -0.025600 -0.010673
v -0.018140 -0.025600 -0.010592
v -0.018200 -0.025600 -0.010250
v -0.018196 -0.025600 -0.010163
v -0.019269 -0.025600 -0.009648
v -0.018185 -0.025600 -0.010076
v -0.018166 -0.025600 -0.009991
v -0.018140 -0.025600 -0.009908
v -0.018106 -0.025600 -0.009827
v -0.018682 -0.025600 -0.009242
v -0.018066 -0.025600 -0.009750
v -0.018019 -0.025600 -0.009676
v -0.016434 -0.025600 0.010893
v -0.016493 -0.025600 0.010957
v -0.016777 -0.025600 0.009344
v -0.016172 -0.025600 0.006700
v -0.016700 -0.025600 0.009384
v -0.016626 -0.025600 0.009431
v -0.016858 -0.025600 0.009310
v -0.016941 -0.025600 0.009284
v -0.017026 -0.025600 0.009265
v 0.007893 -0.025600 0.009484
v 0.007824 -0.025600 0.009431
v 0.007509 -0.025600 -0.009284
v 0.007592 -0.025600 -0.009310
v 0.007424 -0.025600 0.009265
v 0.006908 -0.025600 0.009310
v 0.006827 -0.025600 0.009344
v -0.017326 -0.025600 -0.011745
v -0.017200 -0.025600 -0.011750
v -0.017113 -0.025600 -0.011246
v -0.017074 -0.025600 -0.011745
v -0.017026 -0.025600 -0.011235
v -0.016950 -0.025600 -0.011729
v -0.016941 -0.025600 -0.011216
v -0.016827 -0.025600 -0.011703
v -0.016858 -0.025600 -0.011190
v -0.016706 -0.025600 -0.011666
v -0.016777 -0.025600 -0.011156
v -0.016589 -0.025600 -0.011620
v -0.016700 -0.025600 -0.011116
v -0.016477 -0.025600 -0.011564
v -0.016626 -0.025600 -0.011069
v -0.016369 -0.025600 -0.011499
v -0.016557 -0.025600 -0.011016
v -0.016493 -0.025600 -0.010957
v -0.017843 -0.025600 -0.011016
v -0.017907 -0.025600 -0.010957
v -0.017966 -0.025600 -0.010893
v -0.018166 -0.025600 -0.010509
v -0.018185 -0.025600 -0.010424
v -0.018196 -0.025600 -0.010337
v -0.016381 -0.025600 -0.009676
v -0.016334 -0.025600 -0.009750
v -0.016493 -0.025600 0.009543
v -0.016557 -0.025600 0.009484
v 0.007322 -0.025600 -0.011798
v 0.007453 -0.025600 -0.011787
v 0.007424 -0.025600 -0.011235
v 0.007583 -0.025600 -0.011764
v 0.007509 -0.025600 -0.011216
v 0.007711 -0.025600 -0.011730
v 0.007592 -0.025600 -0.011190
v 0.007835 -0.025600 -0.011685
v 0.007673 -0.025600 -0.011156
v 0.007955 -0.025600 -0.011631
v 0.007750 -0.025600 -0.011116
v 0.008069 -0.025600 -0.011566
v 0.007824 -0.025600 -0.011069
v 0.008178 -0.025600 -0.011491
v 0.007893 -0.025600 -0.011016
v 0.008280 -0.025600 -0.011408
v 0.007957 -0.025600 -0.010957
v 0.008375 -0.025600 -0.011316
v 0.008016 -0.025600 -0.010893
v 0.008461 -0.025600 -0.011217
v 0.008069 -0.025600 -0.010824
v 0.008539 -0.025600 -0.011111
v 0.008116 -0.025600 -0.010750
v 0.008608 -0.025600 -0.010998
v 0.008156 -0.025600 -0.010673
v 0.008666 -0.025600 -0.010880
v 0.008190 -0.025600 -0.010592
v 0.008715 -0.025600 -0.010757
v 0.008216 -0.025600 -0.010509
v 0.008752 -0.025600 -0.010631
v 0.008235 -0.025600 -0.010424
v 0.008779 -0.025600 -0.010502
v 0.008246 -0.025600 -0.010337
v 0.008795 -0.025600 -0.010371
v 0.008250 -0.025600 -0.010250
v 0.008800 -0.025600 -0.010240
v 0.008246 -0.025600 -0.010163
v 0.008793 -0.025600 -0.010108
v 0.008235 -0.025600 -0.010076
v 0.008776 -0.025600 -0.009977
v 0.008216 -0.025600 -0.009991
v 0.008747 -0.025600 -0.009849
v 0.008190 -0.025600 -0.009908
v 0.008156 -0.025600 -0.009827
v 0.007957 -0.025600 0.009543
v 0.007750 -0.025600 0.009384
v 0.007673 -0.025600 0.009344
v 0.007592 -0.025600 0.009310
v 0.007424 -0.025600 -0.009265
v 0.006265 -0.025600 0.010424
v 0.006248 -0.025600 0.011432
v 0.006254 -0.025600 0.010337
v 0.006250 -0.025600 0.010250
v 0.006484 -0.025600 -0.010893
v 0.006431 -0.025600 -0.010824
v 0.006384 -0.025600 -0.010750
v 0.006991 -0.025600 -0.009284
v 0.007076 -0.025600 -0.009265
v -0.008175 -0.025600 0.009067
v -0.008175 -0.025600 0.009075
v -0.008068 -0.025600 0.009208
v -0.008047 -0.025600 0.009217
v -0.008024 -0.025600 0.009224
v -0.008001 -0.025600 0.009231
v -0.016294 -0.025600 -0.009827
v -0.016260 -0.025600 -0.009908
v -0.016234 -0.025600 -0.009991
v 0.008116 -0.025600 0.009750
v 0.008069 -0.025600 0.009676
v 0.008016 -0.025600 0.009607
v 0.007509 -0.025600 0.009284
v 0.007893 -0.025600 -0.009484
v 0.007824 -0.025600 -0.009431
v 0.006284 -0.025600 0.010509
v 0.006310 -0.025600 0.010592
v 0.006344 -0.025600 0.010673
v 0.006384 -0.025600 0.010750
v 0.006431 -0.025600 0.010824
v 0.006484 -0.025600 0.010893
v 0.007163 -0.025600 0.009254
v 0.006344 -0.025600 0.009827
v 0.004196 -0.025600 0.009097
v 0.004200 -0.025600 0.009080
v 0.006265 -0.025600 0.010076
v -0.007925 -0.025600 0.009242
v -0.007898 -0.025600 0.009242
v -0.008174 -0.025600 0.009084
v -0.008172 -0.025600 0.009092
v -0.008170 -0.025600 0.009100
v -0.017966 -0.025600 -0.009607
v -0.017907 -0.025600 -0.009543
v -0.017936 -0.025600 -0.008642
v -0.017843 -0.025600 -0.009484
v -0.017907 -0.025600 0.010957
v -0.017843 -0.025600 0.011016
v -0.018031 -0.025600 0.011499
v -0.017774 -0.025600 0.011069
v -0.017923 -0.025600 0.011564
v -0.017700 -0.025600 0.011116
v -0.017811 -0.025600 0.011620
v -0.017623 -0.025600 0.011156
v -0.017694 -0.025600 0.011666
v -0.017542 -0.025600 0.011190
v -0.017573 -0.025600 0.011703
v -0.017459 -0.025600 0.011216
v -0.017450 -0.025600 0.011729
v -0.017374 -0.025600 0.011235
v -0.017326 -0.025600 0.011745
v -0.017287 -0.025600 0.011246
v -0.017200 -0.025600 0.011750
v -0.017200 -0.025600 0.011250
v -0.017074 -0.025600 0.011745
v -0.017113 -0.025600 0.011246
v -0.016950 -0.025600 0.011729
v -0.017026 -0.025600 0.011235
v -0.016827 -0.025600 0.011703
v -0.016941 -0.025600 0.011216
v -0.016706 -0.025600 0.011666
v -0.016858 -0.025600 0.011190
v -0.016589 -0.025600 0.011620
v -0.016777 -0.025600 0.011156
v -0.016477 -0.025600 0.011564
v -0.016700 -0.025600 0.011116
v -0.016369 -0.025600 0.011499
v -0.016626 -0.025600 0.011069
v -0.016557 -0.025600 0.011016
v 0.007673 -0.025600 -0.009344
v 0.007750 -0.025600 -0.009384
v 0.006344 -0.025600 -0.010673
v 0.006310 -0.025600 -0.010592
v 0.006284 -0.025600 -0.010509
v 0.006265 -0.025600 -0.010424
v 0.006254 -0.025600 -0.010337
v 0.006250 -0.025600 -0.010250
v 0.006484 -0.025600 -0.009607
v 0.006431 -0.025600 -0.009676
v 0.006384 -0.025600 -0.009750
v 0.006384 -0.025600 0.009750
v 0.004202 -0.025600 0.009063
v 0.006284 -0.025600 0.009991
v 0.004006 -0.025600 0.009242
v 0.004023 -0.025600 0.009242
v -0.008168 -0.025600 0.009108
v -0.008165 -0.025600 0.009116
v -0.008161 -0.025600 0.009124
v -0.008157 -0.025600 0.009132
v -0.008152 -0.025600 0.009139
v -0.008147 -0.025600 0.009147
v -0.017774 -0.025600 -0.009431
v -0.017700 -0.025600 -0.009384
v -0.017623 -0.025600 -0.009344
v -0.017542 -0.025600 -0.009310
v -0.017459 -0.025600 -0.009284
v -0.017242 -0.025600 -0.007982
v -0.017374 -0.025600 -0.009265
v -0.016493 -0.025600 -0.009543
v -0.016434 -0.025600 -0.009607
v 0.007337 -0.025600 -0.009254
v 0.008216 -0.025600 0.009991
v 0.008747 -0.025600 0.009849
v 0.008235 -0.025600 0.010076
v 0.008776 -0.025600 0.009977
v 0.008246 -0.025600 0.010163
v 0.008793 -0.025600 0.010108
v 0.008250 -0.025600 0.010250
v 0.008800 -0.025600 0.010240
v 0.008246 -0.025600 0.010337
v 0.008795 -0.025600 0.010371
v 0.008235 -0.025600 0.010424
v 0.008779 -0.025600 0.010502
v 0.008216 -0.025600 0.010509
v 0.008752 -0.025600 0.010631
v 0.008190 -0.025600 0.010592
v 0.008715 -0.025600 0.010757
v 0.008156 -0.025600 0.010673
v 0.008666 -0.025600 0.010880
v 0.008116 -0.025600 0.010750
v 0.008608 -0.025600 0.010998
v 0.008069 -0.025600 0.010824
v 0.008539 -0.025600 0.011111
v 0.008016 -0.025600 0.010893
v 0.008461 -0.025600 0.011217
v 0.007957 -0.025600 0.010957
v 0.008375 -0.025600 0.011316
v 0.007893 -0.025600 0.011016
v 0.008280 -0.025600 0.011408
v 0.007824 -0.025600 0.011069
v 0.008178 -0.025600 0.011491
v 0.007750 -0.025600 0.011116
v 0.008069 -0.025600 0.011566
v 0.007673 -0.025600 0.011156
v 0.007955 -0.025600 0.011631
v 0.007592 -0.025600 0.011190
v 0.007835 -0.025600 0.011685
v 0.007509 -0.025600 0.011216
v 0.007711 -0.025600 0.011730
v 0.007424 -0.025600 0.011235
v 0.006310 -0.025600 0.009908
v 0.004181 -0.025600 0.009137
v 0.004185 -0.025600 0.009129
v 0.004188 -0.025600 0.009121
v 0.004191 -0.025600 0.009113
v -0.016941 -0.025600 -0.009284
v -0.016172 -0.025600 -0.006700
v -0.017026 -0.025600 -0.009265
v -0.016606 -0.025600 -0.007267
v -0.008001 -0.025600 -0.009231
v -0.008024 -0.025600 -0.009224
v -0.008172 -0.025600 -0.009092
v -0.008174 -0.025600 -0.009084
v -0.008175 -0.025600 -0.009075
v -0.008175 -0.025600 -0.009067
v 0.006543 -0.025600 -0.009543
v 0.006607 -0.025600 -0.009484
v 0.006676 -0.025600 -0.009431
v 0.004126 -0.025600 0.009202
v 0.004133 -0.025600 0.009197
v 0.004140 -0.025600 0.009191
v 0.004146 -0.025600 0.009185
v 0.004152 -0.025600 0.009179
v -0.008141 -0.025600 0.009154
v -0.008135 -0.025600 0.009161
v -0.008128 -0.025600 0.009168
v -0.007976 -0.025600 0.009236
v -0.007951 -0.025600 0.009239
v -0.017287 -0.025600 -0.009254
v -0.017200 -0.025600 -0.009250
v -0.017113 -0.025600 -0.009254
v 0.006543 -0.025600 0.010957
v 0.006607 -0.025600 0.011016
v 0.006332 -0.025600 0.011499
v 0.006676 -0.025600 0.011069
v 0.006442 -0.025600 0.011572
v 0.006750 -0.025600 0.011116
v 0.006557 -0.025600 0.011636
v 0.006827 -0.025600 0.011156
v 0.006677 -0.025600 0.011690
v 0.006908 -0.025600 0.011190
v 0.006801 -0.025600 0.011734
v 0.006991 -0.025600 0.011216
v 0.006929 -0.025600 0.011766
v 0.007076 -0.025600 0.011235
v 0.007059 -0.025600 0.011788
v 0.007163 -0.025600 0.011246
v 0.007190 -0.025600 0.011799
v 0.007250 -0.025600 0.011250
v 0.007322 -0.025600 0.011798
v 0.007337 -0.025600 0.011246
v 0.007453 -0.025600 0.011787
v 0.007583 -0.025600 0.011764
v 0.006284 -0.025600 -0.009991
v 0.004057 -0.025600 -0.009236
v 0.004041 -0.025600 -0.009239
v 0.006344 -0.025600 -0.009827
v 0.004202 -0.025600 -0.009063
v 0.004200 -0.025600 -0.009080
v 0.004157 -0.025600 0.009172
v 0.004163 -0.025600 0.009166
v 0.004168 -0.025600 0.009159
v -0.008121 -0.025600 0.009174
v -0.008113 -0.025600 0.009180
v -0.008105 -0.025600 0.009186
v 0.006254 -0.025600 0.010163
v -0.016858 -0.025600 -0.009310
v -0.016777 -0.025600 -0.009344
v -0.016700 -0.025600 -0.009384
v -0.008165 -0.025600 -0.009116
v -0.008168 -0.025600 -0.009108
v -0.008170 -0.025600 -0.009100
v 0.004157 -0.025600 -0.009172
v 0.004152 -0.025600 -0.009179
v 0.004172 -0.025600 0.009152
v 0.004177 -0.025600 0.009144
v -0.008096 -0.025600 0.009192
v -0.008087 -0.025600 0.009198
v -0.007925 -0.025600 -0.009242
v -0.007951 -0.025600 -0.009239
v -0.007976 -0.025600 -0.009236
v 0.004146 -0.025600 -0.009185
v 0.004140 -0.025600 -0.009191
v 0.004133 -0.025600 -0.009197
v 0.004196 -0.025600 -0.009097
v 0.004191 -0.025600 -0.009113
v 0.006310 -0.025600 -0.009908
v 0.004188 -0.025600 -0.009121
v 0.004105 -0.025600 0.009216
v 0.004112 -0.025600 0.009212
v 0.004120 -0.025600 0.009207
v -0.008047 -0.025600 -0.009217
v -0.008068 -0.025600 -0.009208
v -0.008087 -0.025600 -0.009198
v 0.004172 -0.025600 -0.009152
v 0.004168 -0.025600 -0.009159
v 0.004163 -0.025600 -0.009166
v 0.004126 -0.025600 -0.009202
v 0.004120 -0.025600 -0.009207
v 0.004112 -0.025600 -0.009212
v 0.006254 -0.025600 -0.010163
v 0.006265 -0.025600 -0.010076
v -0.008152 -0.025600 -0.009139
v -0.008157 -0.025600 -0.009132
v -0.008161 -0.025600 -0.009124
v 0.004105 -0.025600 -0.009216
v 0.004098 -0.025600 -0.009220
v 0.004090 -0.025600 -0.009224
v 0.004082 -0.025600 -0.009227
v 0.004074 -0.025600 -0.009231
v 0.004082 -0.025600 0.009227
v 0.004090 -0.025600 0.009224
v 0.004098 -0.025600 0.009220
v 0.004023 -0.025600 -0.009242
v 0.004006 -0.025600 -0.009242
v -0.007898 -0.025600 -0.009242
v 0.004041 -0.025600 0.009239
v 0.004057 -0.025600 0.009236
v 0.004074 -0.025600 0.009231
v 0.004185 -0.025600 -0.009129
v 0.004181 -0.025600 -0.009137
v 0.004177 -0.025600 -0.009144
v -0.008135 -0.025600 -0.009161
v -0.008141 -0.025600 -0.009154
v -0.008147 -0.025600 -0.009147
v -0.008113 -0.025600 -0.009180
v -0.008121 -0.025600 -0.009174
v -0.008128 -0.025600 -0.009168
v -0.008096 -0.025600 -0.009192
v -0.008105 -0.025600 -0.009186
v 0.006349 -0.025400 -0.011750
v 0.006467 -0.025400 -0.011815
v 0.006468 -0.025417 -0.011815
v 0.006481 -0.025400 -0.011822
v 0.006603 -0.025400 -0.011876
v 0.006603 -0.025417 -0.011875
v 0.006619 -0.025400 -0.011882
v 0.006744 -0.025400 -0.011925
v 0.006744 -0.025417 -0.011924
v 0.006761 -0.025400 -0.011930
v 0.006888 -0.025400 -0.011962
v 0.006888 -0.025417 -0.011961
v 0.006907 -0.025400 -0.011966
v 0.007034 -0.025400 -0.011987
v 0.007035 -0.025417 -0.011986
v 0.007055 -0.025400 -0.011989
v 0.007183 -0.025400 -0.011999
v 0.007183 -0.025417 -0.011998
v 0.007205 -0.025400 -0.011999
v 0.007332 -0.025400 -0.011998
v 0.007332 -0.025417 -0.011997
v 0.007356 -0.025400 -0.011997
v 0.007480 -0.025400 -0.011985
v 0.007480 -0.025417 -0.011984
v 0.007505 -0.025400 -0.011981
v 0.007626 -0.025400 -0.011959
v 0.007626 -0.025417 -0.011958
v 0.007653 -0.025400 -0.011953
v 0.007770 -0.025400 -0.011921
v 0.007770 -0.025417 -0.011920
v 0.007798 -0.025400 -0.011912
v 0.007910 -0.025400 -0.011871
v 0.007910 -0.025417 -0.011870
v 0.007938 -0.025400 -0.011859
v 0.008045 -0.025400 -0.011809
v 0.008045 -0.025417 -0.011808
v 0.008074 -0.025400 -0.011794
v 0.008175 -0.025400 -0.011736
v 0.008175 -0.025417 -0.011735
v 0.008203 -0.025400 -0.011718
v 0.008298 -0.025400 -0.011652
v 0.008297 -0.025417 -0.011651
v 0.008326 -0.025400 -0.011630
v 0.008413 -0.025400 -0.011558
v 0.008413 -0.025417 -0.011557
v 0.008440 -0.025400 -0.011533
v 0.008520 -0.025400 -0.011454
v 0.008519 -0.025417 -0.011454
v 0.008546 -0.025400 -0.011426
v 0.008618 -0.025400 -0.011342
v 0.008617 -0.025417 -0.011341
v 0.008642 -0.025400 -0.011311
v 0.008705 -0.025400 -0.011222
v 0.008705 -0.025417 -0.011221
v 0.008728 -0.025400 -0.011187
v 0.008783 -0.025400 -0.011095
v 0.008782 -0.025417 -0.011094
v 0.008803 -0.025400 -0.011057
v 0.008849 -0.025400 -0.010961
v 0.008848 -0.025417 -0.010961
v 0.008866 -0.025400 -0.010921
v 0.008904 -0.025400 -0.010823
v 0.008903 -0.025417 -0.010823
v 0.008918 -0.025400 -0.010780
v 0.008946 -0.025400 -0.010680
v 0.008946 -0.025417 -0.010680
v 0.008957 -0.025400 -0.010635
v 0.008977 -0.025400 -0.010535
v 0.008976 -0.025417 -0.010535
v 0.008984 -0.025400 -0.010487
v 0.008995 -0.025400 -0.010387
v 0.008994 -0.025417 -0.010387
v 0.008998 -0.025400 -0.010337
v 0.009000 -0.025400 -0.010238
v 0.008999 -0.025417 -0.010238
v 0.008999 -0.025400 -0.010187
v 0.008993 -0.025400 -0.010090
v 0.008992 -0.025417 -0.010090
v 0.008987 -0.025400 -0.010037
v 0.008973 -0.025400 -0.009942
v 0.008972 -0.025417 -0.009942
v 0.008962 -0.025400 -0.009888
v 0.008940 -0.025400 -0.009797
v 0.008940 -0.025417 -0.009797
v 0.008893 -0.025492 -0.009717
v 0.008886 -0.025505 -0.009718
v 0.008914 -0.025500 -0.009804
v 0.008876 -0.025520 -0.009720
v 0.008868 -0.025530 -0.009721
v 0.008895 -0.025529 -0.009809
v 0.008865 -0.025533 -0.009722
v 0.008857 -0.025541 -0.009723
v 0.008884 -0.025541 -0.009812
v 0.008853 -0.025545 -0.009723
v 0.008842 -0.025555 -0.009725
v 0.008871 -0.025553 -0.009816
v 0.008827 -0.025566 -0.009728
v 0.008816 -0.025573 -0.009730
v 0.008844 -0.025573 -0.009823
v 0.008813 -0.025575 -0.009730
v 0.008800 -0.025581 -0.009732
v 0.008829 -0.025581 -0.009827
v 0.008721 -0.025600 -0.009745
v 0.006292 -0.025588 -0.011554
v 0.006301 -0.025593 -0.011541
v 0.006337 -0.025400 -0.011743
v 0.006338 -0.025417 -0.011742
v 0.006339 -0.025435 -0.011741
v 0.006341 -0.025452 -0.011737
v 0.006344 -0.025468 -0.011733
v 0.006347 -0.025485 -0.011727
v 0.006225 -0.025485 -0.011645
v 0.006230 -0.025500 -0.011639
v 0.006235 -0.025515 -0.011631
v 0.006241 -0.025529 -0.011622
v 0.006248 -0.025541 -0.011613
v 0.006256 -0.025553 -0.011603
v 0.006264 -0.025564 -0.011591
v 0.006273 -0.025573 -0.011580
v 0.006282 -0.025581 -0.011567
v 0.006312 -0.025597 -0.011527
v 0.006322 -0.025599 -0.011513
v 0.008749 -0.025597 -0.009740
v 0.008764 -0.025599 -0.009844
v 0.008750 -0.025597 -0.009740
v 0.008781 -0.025597 -0.009840
v 0.008753 -0.025597 -0.009740
v 0.008734 -0.025599 -0.009743
v 0.008733 -0.025599 -0.009743
v 0.008733 -0.025599 -0.009743
v 0.008782 -0.025589 -0.009735
v 0.008797 -0.025593 -0.009835
v 0.008784 -0.025588 -0.009735
v 0.008813 -0.025588 -0.009831
v 0.008797 -0.025583 -0.009732
v 0.008768 -0.025593 -0.009737
v 0.008768 -0.025593 -0.009737
v 0.008766 -0.025594 -0.009738
v 0.008798 -0.025582 -0.009732
v 0.008813 -0.025575 -0.009730
v 0.008858 -0.025564 -0.009819
v 0.008840 -0.025556 -0.009726
v 0.008830 -0.025564 -0.009727
v 0.008829 -0.025565 -0.009727
v 0.008854 -0.025545 -0.009723
v 0.008865 -0.025533 -0.009722
v 0.008905 -0.025515 -0.009806
v 0.008885 -0.025506 -0.009718
v 0.008880 -0.025515 -0.009719
v 0.008877 -0.025518 -0.009720
v 0.008922 -0.025485 -0.009802
v 0.008897 -0.025485 -0.009717
v 0.008894 -0.025491 -0.009717
v 0.008929 -0.025468 -0.009800
v 0.008902 -0.025472 -0.009716
v 0.008901 -0.025477 -0.009716
v 0.008906 -0.025463 -0.009717
v 0.008904 -0.025468 -0.009716
v 0.008904 -0.025468 -0.009716
v 0.008915 -0.025442 -0.009725
v 0.008912 -0.025448 -0.009722
v 0.008934 -0.025452 -0.009799
v 0.008910 -0.025453 -0.009720
v 0.008908 -0.025458 -0.009718
v 0.008923 -0.025423 -0.009740
v 0.008937 -0.025435 -0.009798
v 0.008925 -0.025417 -0.009746
v 0.008926 -0.025415 -0.009748
v 0.008920 -0.025430 -0.009734
v 0.008918 -0.025435 -0.009730
v 0.008917 -0.025436 -0.009729
v 0.008932 -0.025400 -0.009768
v 0.008929 -0.025407 -0.009758
v 0.006432 -0.025599 -0.011587
v 0.006423 -0.025597 -0.011602
v 0.006415 -0.025593 -0.011617
v 0.006406 -0.025588 -0.011631
v 0.006397 -0.025581 -0.011645
v 0.006389 -0.025573 -0.011658
v 0.006382 -0.025564 -0.011670
v 0.006374 -0.025553 -0.011682
v 0.006368 -0.025541 -0.011693
v 0.006362 -0.025529 -0.011703
v 0.006356 -0.025515 -0.011712
v 0.006351 -0.025500 -0.011720
v 0.008970 -0.025435 -0.009943
v 0.008966 -0.025452 -0.009943
v 0.008961 -0.025468 -0.009944
v 0.008954 -0.025485 -0.009946
v 0.008946 -0.025500 -0.009947
v 0.008937 -0.025515 -0.009949
v 0.008927 -0.025529 -0.009951
v 0.008915 -0.025541 -0.009953
v 0.008902 -0.025553 -0.009955
v 0.008889 -0.025564 -0.009957
v 0.008874 -0.025573 -0.009960
v 0.008859 -0.025581 -0.009963
v 0.008843 -0.025588 -0.009965
v 0.008827 -0.025593 -0.009968
v 0.008810 -0.025597 -0.009971
v 0.008793 -0.025599 -0.009974
v 0.008990 -0.025435 -0.010090
v 0.008986 -0.025452 -0.010090
v 0.008981 -0.025468 -0.010091
v 0.008974 -0.025485 -0.010091
v 0.008966 -0.025500 -0.010092
v 0.008957 -0.025515 -0.010093
v 0.008946 -0.025529 -0.010094
v 0.008934 -0.025541 -0.010095
v 0.008922 -0.025553 -0.010096
v 0.008908 -0.025564 -0.010098
v 0.008893 -0.025573 -0.010099
v 0.008878 -0.025581 -0.010100
v 0.008862 -0.025588 -0.010102
v 0.008845 -0.025593 -0.010103
v 0.008828 -0.025597 -0.010105
v 0.008811 -0.025599 -0.010106
v 0.008997 -0.025435 -0.010238
v 0.008993 -0.025452 -0.010238
v 0.008988 -0.025468 -0.010238
v 0.008981 -0.025485 -0.010238
v 0.008973 -0.025500 -0.010239
v 0.008964 -0.025515 -0.010239
v 0.008953 -0.025529 -0.010239
v 0.008941 -0.025541 -0.010239
v 0.008929 -0.025553 -0.010239
v 0.008915 -0.025564 -0.010239
v 0.008900 -0.025573 -0.010239
v 0.008884 -0.025581 -0.010239
v 0.008868 -0.025588 -0.010239
v 0.008852 -0.025593 -0.010239
v 0.008835 -0.025597 -0.010239
v 0.008817 -0.025599 -0.010240
v 0.008992 -0.025435 -0.010387
v 0.008988 -0.025452 -0.010387
v 0.008983 -0.025468 -0.010386
v 0.008976 -0.025485 -0.010386
v 0.008968 -0.025500 -0.010385
v 0.008959 -0.025515 -0.010384
v 0.008948 -0.025529 -0.010383
v 0.008936 -0.025541 -0.010382
v 0.008923 -0.025553 -0.010381
v 0.008910 -0.025564 -0.010380
v 0.008895 -0.025573 -0.010379
v 0.008880 -0.025581 -0.010378
v 0.008863 -0.025588 -0.010377
v 0.008847 -0.025593 -0.010375
v 0.008830 -0.025597 -0.010374
v 0.008813 -0.025599 -0.010373
v 0.008974 -0.025435 -0.010534
v 0.008970 -0.025452 -0.010534
v 0.008965 -0.025468 -0.010533
v 0.008958 -0.025485 -0.010532
v 0.008950 -0.025500 -0.010530
v 0.008941 -0.025515 -0.010529
v 0.008931 -0.025529 -0.010527
v 0.008919 -0.025541 -0.010525
v 0.008906 -0.025553 -0.010523
v 0.008893 -0.025564 -0.010521
v 0.008878 -0.025573 -0.010518
v 0.008863 -0.025581 -0.010516
v 0.008847 -0.025588 -0.010513
v 0.008830 -0.025593 -0.010511
v 0.008814 -0.025597 -0.010508
v 0.008797 -0.025599 -0.010505
v 0.008943 -0.025435 -0.010680
v 0.008940 -0.025452 -0.010679
v 0.008935 -0.025468 -0.010677
v 0.008928 -0.025485 -0.010676
v 0.008920 -0.025500 -0.010674
v 0.008911 -0.025515 -0.010671
v 0.008901 -0.025529 -0.010669
v 0.008889 -0.025541 -0.010666
v 0.008877 -0.025553 -0.010663
v 0.008864 -0.025564 -0.010659
v 0.008849 -0.025573 -0.010656
v 0.008834 -0.025581 -0.010652
v 0.008819 -0.025588 -0.010648
v 0.008803 -0.025593 -0.010644
v 0.008786 -0.025597 -0.010640
v 0.008769 -0.025599 -0.010635
v 0.008901 -0.025435 -0.010822
v 0.008897 -0.025452 -0.010821
v 0.008892 -0.025468 -0.010819
v 0.008886 -0.025485 -0.010817
v 0.008878 -0.025500 -0.010814
v 0.008869 -0.025515 -0.010811
v 0.008859 -0.025529 -0.010808
v 0.008848 -0.025541 -0.010804
v 0.008836 -0.025553 -0.010800
v 0.008823 -0.025564 -0.010795
v 0.008809 -0.025573 -0.010790
v 0.008794 -0.025581 -0.010785
v 0.008779 -0.025588 -0.010780
v 0.008763 -0.025593 -0.010774
v 0.008747 -0.025597 -0.010769
v 0.008731 -0.025599 -0.010763
v 0.008846 -0.025435 -0.010960
v 0.008843 -0.025452 -0.010959
v 0.008838 -0.025468 -0.010956
v 0.008832 -0.025485 -0.010954
v 0.008824 -0.025500 -0.010950
v 0.008816 -0.025515 -0.010947
v 0.008806 -0.025529 -0.010942
v 0.008795 -0.025541 -0.010937
v 0.008784 -0.025553 -0.010932
v 0.008771 -0.025564 -0.010927
v 0.008758 -0.025573 -0.010921
v 0.008743 -0.025581 -0.010914
v 0.008729 -0.025588 -0.010908
v 0.008713 -0.025593 -0.010901
v 0.008698 -0.025597 -0.010894
v 0.008682 -0.025599 -0.010887
v 0.008780 -0.025435 -0.011093
v 0.008777 -0.025452 -0.011091
v 0.008772 -0.025468 -0.011089
v 0.008766 -0.025485 -0.011086
v 0.008759 -0.025500 -0.011082
v 0.008751 -0.025515 -0.011077
v 0.008742 -0.025529 -0.011072
v 0.008731 -0.025541 -0.011066
v 0.008720 -0.025553 -0.011060
v 0.008708 -0.025564 -0.011053
v 0.008695 -0.025573 -0.011046
v 0.008682 -0.025581 -0.011039
v 0.008667 -0.025588 -0.011031
v 0.008653 -0.025593 -0.011023
v 0.008638 -0.025597 -0.011015
v 0.008623 -0.025599 -0.011006
v 0.008703 -0.025435 -0.011220
v 0.008700 -0.025452 -0.011218
v 0.008695 -0.025468 -0.011215
v 0.008690 -0.025485 -0.011211
v 0.008683 -0.025500 -0.011207
v 0.008675 -0.025515 -0.011202
v 0.008667 -0.025529 -0.011196
v 0.008657 -0.025541 -0.011189
v 0.008646 -0.025553 -0.011182
v 0.008635 -0.025564 -0.011174
v 0.008622 -0.025573 -0.011166
v 0.008609 -0.025581 -0.011158
v 0.008596 -0.025588 -0.011149
v 0.008582 -0.025593 -0.011139
v 0.008568 -0.025597 -0.011130
v 0.008554 -0.025599 -0.011120
v 0.008615 -0.025435 -0.011340
v 0.008612 -0.025452 -0.011338
v 0.008608 -0.025468 -0.011334
v 0.008603 -0.025485 -0.011330
v 0.008597 -0.025500 -0.011325
v 0.008589 -0.025515 -0.011319
v 0.008581 -0.025529 -0.011313
v 0.008572 -0.025541 -0.011305
v 0.008562 -0.025553 -0.011297
v 0.008551 -0.025564 -0.011289
v 0.008539 -0.025573 -0.011279
v 0.008527 -0.025581 -0.011270
v 0.008515 -0.025588 -0.011260
v 0.008502 -0.025593 -0.011249
v 0.008488 -0.025597 -0.011239
v 0.008475 -0.025599 -0.011228
v 0.008518 -0.025435 -0.011452
v 0.008515 -0.025452 -0.011449
v 0.008511 -0.025468 -0.011446
v 0.008506 -0.025485 -0.011441
v 0.008501 -0.025500 -0.011436
v 0.008494 -0.025515 -0.011429
v 0.008486 -0.025529 -0.011422
v 0.008477 -0.025541 -0.011414
v 0.008468 -0.025553 -0.011405
v 0.008458 -0.025564 -0.011395
v 0.008447 -0.025573 -0.011385
v 0.008436 -0.025581 -0.011375
v 0.008424 -0.025588 -0.011363
v 0.008412 -0.025593 -0.011352
v 0.008400 -0.025597 -0.011340
v 0.008387 -0.025599 -0.011328
v 0.008411 -0.025435 -0.011555
v 0.008409 -0.025452 -0.011552
v 0.008405 -0.025468 -0.011549
v 0.008401 -0.025485 -0.011544
v 0.008395 -0.025500 -0.011538
v 0.008389 -0.025515 -0.011531
v 0.008382 -0.025529 -0.011523
v 0.008374 -0.025541 -0.011514
v 0.008366 -0.025553 -0.011504
v 0.008356 -0.025564 -0.011494
v 0.008347 -0.025573 -0.011483
v 0.008336 -0.025581 -0.011471
v 0.008326 -0.025588 -0.011459
v 0.008315 -0.025593 -0.011447
v 0.008303 -0.025597 -0.011434
v 0.008292 -0.025599 -0.011421
v 0.008296 -0.025435 -0.011649
v 0.008294 -0.025452 -0.011646
v 0.008291 -0.025468 -0.011642
v 0.008287 -0.025485 -0.011637
v 0.008282 -0.025500 -0.011630
v 0.008276 -0.025515 -0.011623
v 0.008270 -0.025529 -0.011614
v 0.008263 -0.025541 -0.011605
v 0.008255 -0.025553 -0.011594
v 0.008247 -0.025564 -0.011583
v 0.008238 -0.025573 -0.011572
v 0.008229 -0.025581 -0.011559
v 0.008219 -0.025588 -0.011546
v 0.008209 -0.025593 -0.011533
v 0.008199 -0.025597 -0.011519
v 0.008189 -0.025599 -0.011505
v 0.008173 -0.025435 -0.011733
v 0.008171 -0.025452 -0.011730
v 0.008169 -0.025468 -0.011725
v 0.008165 -0.025485 -0.011720
v 0.008161 -0.025500 -0.011713
v 0.008156 -0.025515 -0.011705
v 0.008150 -0.025529 -0.011696
v 0.008144 -0.025541 -0.011686
v 0.008137 -0.025553 -0.011675
v 0.008130 -0.025564 -0.011663
v 0.008122 -0.025573 -0.011651
v 0.008114 -0.025581 -0.011638
v 0.008105 -0.025588 -0.011624
v 0.008097 -0.025593 -0.011610
v 0.008088 -0.025597 -0.011595
v 0.008078 -0.025599 -0.011581
v 0.008044 -0.025435 -0.011806
v 0.008042 -0.025452 -0.011803
v 0.008040 -0.025468 -0.011798
v 0.008037 -0.025485 -0.011792
v 0.008033 -0.025500 -0.011785
v 0.008029 -0.025515 -0.011777
v 0.008024 -0.025529 -0.011767
v 0.008019 -0.025541 -0.011757
v 0.008013 -0.025553 -0.011745
v 0.008007 -0.025564 -0.011733
v 0.008000 -0.025573 -0.011720
v 0.007993 -0.025581 -0.011706
v 0.007986 -0.025588 -0.011692
v 0.007978 -0.025593 -0.011677
v 0.007970 -0.025597 -0.011662
v 0.007962 -0.025599 -0.011646
v 0.007909 -0.025435 -0.011868
v 0.007908 -0.025452 -0.011864
v 0.007906 -0.025468 -0.011860
v 0.007903 -0.025485 -0.011853
v 0.007900 -0.025500 -0.011846
v 0.007897 -0.025515 -0.011837
v 0.007893 -0.025529 -0.011827
v 0.007888 -0.025541 -0.011816
v 0.007883 -0.025553 -0.011805
v 0.007878 -0.025564 -0.011792
v 0.007872 -0.025573 -0.011778
v 0.007867 -0.025581 -0.011764
v 0.007861 -0.025588 -0.011749
v 0.007854 -0.025593 -0.011733
v 0.007848 -0.025597 -0.011718
v 0.007841 -0.025599 -0.011702
v 0.007769 -0.025435 -0.011918
v 0.007768 -0.025452 -0.011914
v 0.007767 -0.025468 -0.011909
v 0.007765 -0.025485 -0.011903
v 0.007762 -0.025500 -0.011895
v 0.007759 -0.025515 -0.011886
v 0.007756 -0.025529 -0.011876
v 0.007753 -0.025541 -0.011865
v 0.007749 -0.025553 -0.011853
v 0.007745 -0.025564 -0.011839
v 0.007740 -0.025573 -0.011825
v 0.007736 -0.025581 -0.011811
v 0.007731 -0.025588 -0.011795
v 0.007726 -0.025593 -0.011779
v 0.007721 -0.025597 -0.011763
v 0.007716 -0.025599 -0.011747
v 0.007626 -0.025435 -0.011956
v 0.007625 -0.025452 -0.011952
v 0.007624 -0.025468 -0.011947
v 0.007622 -0.025485 -0.011941
v 0.007621 -0.025500 -0.011933
v 0.007619 -0.025515 -0.011924
v 0.007616 -0.025529 -0.011913
v 0.007614 -0.025541 -0.011902
v 0.007611 -0.025553 -0.011889
v 0.007608 -0.025564 -0.011876
v 0.007605 -0.025573 -0.011861
v 0.007601 -0.025581 -0.011846
v 0.007598 -0.025588 -0.011831
v 0.007594 -0.025593 -0.011814
v 0.007591 -0.025597 -0.011798
v 0.007587 -0.025599 -0.011781
v 0.007479 -0.025435 -0.011982
v 0.007479 -0.025452 -0.011978
v 0.007478 -0.025468 -0.011973
v 0.007477 -0.025485 -0.011966
v 0.007476 -0.025500 -0.011958
v 0.007475 -0.025515 -0.011949
v 0.007474 -0.025529 -0.011938
v 0.007472 -0.025541 -0.011927
v 0.007470 -0.025553 -0.011914
v 0.007469 -0.025564 -0.011900
v 0.007467 -0.025573 -0.011886
v 0.007465 -0.025581 -0.011870
v 0.007462 -0.025588 -0.011854
v 0.007460 -0.025593 -0.011838
v 0.007458 -0.025597 -0.011821
v 0.007456 -0.025599 -0.011804
v 0.007331 -0.025435 -0.011995
v 0.007331 -0.025452 -0.011991
v 0.007331 -0.025468 -0.011986
v 0.007331 -0.025485 -0.011979
v 0.007330 -0.025500 -0.011971
v 0.007330 -0.025515 -0.011962
v 0.007329 -0.025529 -0.011951
v 0.007329 -0.025541 -0.011940
v 0.007328 -0.025553 -0.011927
v 0.007328 -0.025564 -0.011913
v 0.007327 -0.025573 -0.011898
v 0.007326 -0.025581 -0.011883
v 0.007325 -0.025588 -0.011867
v 0.007325 -0.025593 -0.011850
v 0.007324 -0.025597 -0.011833
v 0.007323 -0.025599 -0.011816
v 0.007183 -0.025435 -0.011996
v 0.007183 -0.025452 -0.011992
v 0.007183 -0.025468 -0.011987
v 0.007183 -0.025485 -0.011980
v 0.007184 -0.025500 -0.011972
v 0.007184 -0.025515 -0.011963
v 0.007185 -0.025529 -0.011952
v 0.007185 -0.025541 -0.011940
v 0.007186 -0.025553 -0.011927
v 0.007186 -0.025564 -0.011913
v 0.007187 -0.025573 -0.011899
v 0.007187 -0.025581 -0.011883
v 0.007188 -0.025588 -0.011867
v 0.007188 -0.025593 -0.011851
v 0.007189 -0.025597 -0.011834
v 0.007190 -0.025599 -0.011816
v 0.007035 -0.025435 -0.011984
v 0.007035 -0.025452 -0.011980
v 0.007036 -0.025468 -0.011975
v 0.007037 -0.025485 -0.011968
v 0.007038 -0.025500 -0.011960
v 0.007039 -0.025515 -0.011951
v 0.007040 -0.025529 -0.011940
v 0.007042 -0.025541 -0.011929
v 0.007043 -0.025553 -0.011916
v 0.007045 -0.025564 -0.011902
v 0.007047 -0.025573 -0.011887
v 0.007049 -0.025581 -0.011872
v 0.007051 -0.025588 -0.011856
v 0.007053 -0.025593 -0.011840
v 0.007055 -0.025597 -0.011823
v 0.007057 -0.025599 -0.011805
v 0.006888 -0.025435 -0.011959
v 0.006889 -0.025452 -0.011955
v 0.006890 -0.025468 -0.011950
v 0.006892 -0.025485 -0.011944
v 0.006893 -0.025500 -0.011936
v 0.006895 -0.025515 -0.011927
v 0.006897 -0.025529 -0.011916
v 0.006900 -0.025541 -0.011905
v 0.006903 -0.025553 -0.011892
v 0.006905 -0.025564 -0.011879
v 0.006908 -0.025573 -0.011864
v 0.006912 -0.025581 -0.011849
v 0.006915 -0.025588 -0.011833
v 0.006918 -0.025593 -0.011817
v 0.006922 -0.025597 -0.011800
v 0.006926 -0.025599 -0.011783
v 0.006744 -0.025435 -0.011922
v 0.006746 -0.025452 -0.011919
v 0.006747 -0.025468 -0.011914
v 0.006749 -0.025485 -0.011907
v 0.006751 -0.025500 -0.011899
v 0.006754 -0.025515 -0.011891
v 0.006757 -0.025529 -0.011880
v 0.006761 -0.025541 -0.011869
v 0.006764 -0.025553 -0.011857
v 0.006768 -0.025564 -0.011843
v 0.006773 -0.025573 -0.011829
v 0.006777 -0.025581 -0.011815
v 0.006782 -0.025588 -0.011799
v 0.006787 -0.025593 -0.011783
v 0.006791 -0.025597 -0.011767
v 0.006796 -0.025599 -0.011750
v 0.006604 -0.025435 -0.011873
v 0.006606 -0.025452 -0.011870
v 0.006608 -0.025468 -0.011865
v 0.006610 -0.025485 -0.011859
v 0.006613 -0.025500 -0.011851
v 0.006617 -0.025515 -0.011842
v 0.006620 -0.025529 -0.011833
v 0.006625 -0.025541 -0.011822
v 0.006630 -0.025553 -0.011810
v 0.006635 -0.025564 -0.011797
v 0.006640 -0.025573 -0.011783
v 0.006646 -0.025581 -0.011769
v 0.006652 -0.025588 -0.011754
v 0.006658 -0.025593 -0.011738
v 0.006664 -0.025597 -0.011722
v 0.006671 -0.025599 -0.011706
v 0.006469 -0.025435 -0.011813
v 0.006470 -0.025452 -0.011809
v 0.006473 -0.025468 -0.011804
v 0.006476 -0.025485 -0.011798
v 0.006479 -0.025500 -0.011791
v 0.006484 -0.025515 -0.011783
v 0.006488 -0.025529 -0.011773
v 0.006494 -0.025541 -0.011763
v 0.006499 -0.025553 -0.011751
v 0.006506 -0.025564 -0.011739
v 0.006512 -0.025573 -0.011726
v 0.006519 -0.025581 -0.011712
v 0.006526 -0.025588 -0.011698
v 0.006534 -0.025593 -0.011683
v 0.006541 -0.025597 -0.011667
v 0.006549 -0.025599 -0.011652
v 0.008987 -0.025268 -0.010037
v 0.008982 -0.025280 -0.009999
v 0.008976 -0.025294 -0.009962
v 0.008970 -0.025310 -0.009925
v 0.008962 -0.025327 -0.009888
v 0.008948 -0.025361 -0.009828
v 0.008991 -0.025258 -0.010074
v 0.008995 -0.025250 -0.010112
v 0.008997 -0.025243 -0.010149
v 0.008999 -0.025233 -0.010303
v 0.009000 -0.025236 -0.010250
v 0.009000 -0.025237 -0.010221
v 0.008999 -0.025239 -0.010187
v 0.008968 -0.025210 -0.010583
v 0.008980 -0.025217 -0.010517
v 0.008984 -0.025220 -0.010487
v 0.008995 -0.025228 -0.010384
v 0.008998 -0.025231 -0.010337
v 0.008919 -0.025184 -0.010775
v 0.008954 -0.025202 -0.010647
v 0.008957 -0.025203 -0.010635
v 0.008889 -0.025170 -0.010862
v 0.008909 -0.025179 -0.010806
v 0.008918 -0.025183 -0.010780
v 0.008765 -0.025116 -0.011127
v 0.008801 -0.025131 -0.011060
v 0.008803 -0.025132 -0.011057
v 0.008860 -0.025157 -0.010936
v 0.008866 -0.025160 -0.010921
v 0.008594 -0.025048 -0.011371
v 0.008642 -0.025067 -0.011311
v 0.008652 -0.025071 -0.011297
v 0.008728 -0.025101 -0.011187
v 0.008733 -0.025103 -0.011179
v 0.008298 -0.024939 -0.011651
v 0.008326 -0.024949 -0.011630
v 0.008357 -0.024961 -0.011605
v 0.008440 -0.024991 -0.011533
v 0.008463 -0.024999 -0.011511
v 0.008546 -0.025030 -0.011426
v 0.008562 -0.025036 -0.011408
v 0.008032 -0.024847 -0.011816
v 0.008074 -0.024861 -0.011794
v 0.008118 -0.024876 -0.011770
v 0.008203 -0.024906 -0.011718
v 0.008242 -0.024919 -0.011692
v 0.007935 -0.024815 -0.011860
v 0.007938 -0.024816 -0.011859
v 0.007989 -0.024833 -0.011836
v 0.007720 -0.024745 -0.011936
v 0.007798 -0.024770 -0.011912
v 0.007856 -0.024789 -0.011892
v 0.007562 -0.024695 -0.011972
v 0.007625 -0.024715 -0.011959
v 0.007653 -0.024724 -0.011953
v 0.007703 -0.024739 -0.011940
v 0.007505 -0.024677 -0.011981
v 0.008901 -0.025475 0.009716
v 0.008901 -0.025477 0.009716
v 0.008921 -0.025426 0.009737
v 0.008919 -0.025433 0.009732
v 0.008916 -0.025439 0.009727
v 0.008914 -0.025445 0.009724
v 0.008911 -0.025452 0.009720
v 0.008909 -0.025456 0.009719
v 0.008907 -0.025461 0.009717
v 0.008905 -0.025466 0.009716
v 0.009470 -0.024100 -0.010221
v 0.009470 -0.024100 0.010221
v 0.008932 -0.025400 0.009768
v 0.008928 -0.025410 0.009755
v 0.008911 -0.025451 0.009721
v 0.008904 -0.025468 0.009716
v 0.008903 -0.025470 0.009716
v 0.008925 -0.025417 0.009746
v 0.008925 -0.025418 0.009745
v 0.008948 -0.025361 0.009828
v 0.009000 -0.025237 0.010221
v 0.008999 -0.025239 0.010187
v 0.008997 -0.025243 0.010149
v 0.008995 -0.025250 0.010112
v 0.008991 -0.025258 0.010074
v 0.008987 -0.025268 0.010037
v 0.008982 -0.025280 0.009999
v 0.008976 -0.025294 0.009962
v 0.008970 -0.025310 0.009925
v 0.008962 -0.025327 0.009888
v 0.008733 -0.025599 0.009743
v 0.008813 -0.025575 0.009730
v 0.008813 -0.025575 0.009730
v 0.008840 -0.025556 0.009726
v 0.008842 -0.025555 0.009725
v 0.008885 -0.025506 0.009718
v 0.008886 -0.025505 0.009718
v 0.008894 -0.025491 0.009717
v 0.008893 -0.025492 0.009717
v 0.008897 -0.025485 0.009717
v 0.008880 -0.025515 0.009719
v 0.008877 -0.025518 0.009720
v 0.008876 -0.025520 0.009720
v 0.008868 -0.025530 0.009721
v 0.008854 -0.025545 0.009723
v 0.008853 -0.025545 0.009723
v 0.008865 -0.025533 0.009722
v 0.008865 -0.025533 0.009722
v 0.008857 -0.025541 0.009723
v 0.008830 -0.025564 0.009727
v 0.008829 -0.025565 0.009727
v 0.008827 -0.025566 0.009728
v 0.008816 -0.025573 0.009730
v 0.008800 -0.025581 0.009732
v 0.008798 -0.025582 0.009732
v 0.008797 -0.025583 0.009732
v 0.008784 -0.025588 0.009735
v 0.008782 -0.025589 0.009735
v 0.008768 -0.025593 0.009737
v 0.008768 -0.025593 0.009737
v 0.008766 -0.025594 0.009738
v 0.008753 -0.025597 0.009740
v 0.008733 -0.025599 0.009743
v 0.008750 -0.025597 0.009740
v 0.008749 -0.025597 0.009740
v 0.008734 -0.025599 0.009743
v 0.008721 -0.025600 0.009745
v 0.008998 -0.025400 0.010337
v 0.008995 -0.025400 0.010387
v 0.008994 -0.025417 0.010387
v 0.008984 -0.025400 0.010487
v 0.008977 -0.025400 0.010535
v 0.008976 -0.025417 0.010535
v 0.008957 -0.025400 0.010635
v 0.008946 -0.025400 0.010680
v 0.008946 -0.025417 0.010680
v 0.008918 -0.025400 0.010780
v 0.008904 -0.025400 0.010823
v 0.008903 -0.025417 0.010823
v 0.008866 -0.025400 0.010921
v 0.008849 -0.025400 0.010961
v 0.008848 -0.025417 0.010961
v 0.008803 -0.025400 0.011057
v 0.008783 -0.025400 0.011095
v 0.008782 -0.025417 0.011094
v 0.008728 -0.025400 0.011187
v 0.008705 -0.025400 0.011222
v 0.008705 -0.025417 0.011221
v 0.008642 -0.025400 0.011311
v 0.008618 -0.025400 0.011342
v 0.008617 -0.025417 0.011341
v 0.008546 -0.025400 0.011426
v 0.008520 -0.025400 0.011454
v 0.008519 -0.025417 0.011454
v 0.008440 -0.025400 0.011533
v 0.008413 -0.025400 0.011558
v 0.008413 -0.025417 0.011557
v 0.008326 -0.025400 0.011630
v 0.008298 -0.025400 0.011652
v 0.008297 -0.025417 0.011651
v 0.008203 -0.025400 0.011718
v 0.008175 -0.025400 0.011736
v 0.008175 -0.025417 0.011735
v 0.008074 -0.025400 0.011794
v 0.008045 -0.025400 0.011809
v 0.008045 -0.025417 0.011808
v 0.007938 -0.025400 0.011859
v 0.007910 -0.025400 0.011871
v 0.007910 -0.025417 0.011870
v 0.007798 -0.025400 0.011912
v 0.007770 -0.025400 0.011921
v 0.007770 -0.025417 0.011920
v 0.007653 -0.025400 0.011953
v 0.007626 -0.025400 0.011959
v 0.007626 -0.025417 0.011958
v 0.007505 -0.025400 0.011981
v 0.007480 -0.025400 0.011985
v 0.007480 -0.025417 0.011984
v 0.007356 -0.025400 0.011997
v 0.007332 -0.025400 0.011998
v 0.007332 -0.025417 0.011997
v 0.007205 -0.025400 0.011999
v 0.007183 -0.025400 0.011999
v 0.007183 -0.025417 0.011998
v 0.007055 -0.025400 0.011989
v 0.007034 -0.025400 0.011987
v 0.007035 -0.025417 0.011986
v 0.006907 -0.025400 0.011966
v 0.006888 -0.025400 0.011962
v 0.006888 -0.025417 0.011961
v 0.006761 -0.025400 0.011930
v 0.006744 -0.025400 0.011925
v 0.006744 -0.025417 0.011924
v 0.006619 -0.025400 0.011882
v 0.006603 -0.025400 0.011876
v 0.006603 -0.025417 0.011875
v 0.006481 -0.025400 0.011822
v 0.006467 -0.025400 0.011815
v 0.006468 -0.025417 0.011815
v 0.006312 -0.025597 0.011527
v 0.006322 -0.025599 0.011513
v 0.006432 -0.025599 0.011587
v 0.008817 -0.025599 0.010240
v 0.008813 -0.025599 0.010373
v 0.008797 -0.025599 0.010505
v 0.008769 -0.025599 0.010635
v 0.008731 -0.025599 0.010763
v 0.008682 -0.025599 0.010887
v 0.008623 -0.025599 0.011006
v 0.008554 -0.025599 0.011120
v 0.008475 -0.025599 0.011228
v 0.006232 -0.025425 0.011672
v 0.006229 -0.025435 0.011668
v 0.006339 -0.025435 0.011741
v 0.006221 -0.025493 0.011638
v 0.006221 -0.025500 0.011632
v 0.006230 -0.025500 0.011639
v 0.008940 -0.025400 0.009797
v 0.008940 -0.025417 0.009797
v 0.008937 -0.025435 0.009798
v 0.008934 -0.025452 0.009799
v 0.008929 -0.025468 0.009800
v 0.008922 -0.025485 0.009802
v 0.008914 -0.025500 0.009804
v 0.008905 -0.025515 0.009806
v 0.008895 -0.025529 0.009809
v 0.008884 -0.025541 0.009812
v 0.008871 -0.025553 0.009816
v 0.008858 -0.025564 0.009819
v 0.008844 -0.025573 0.009823
v 0.008829 -0.025581 0.009827
v 0.008813 -0.025588 0.009831
v 0.008797 -0.025593 0.009835
v 0.008781 -0.025597 0.009840
v 0.008764 -0.025599 0.009844
v 0.006244 -0.025599 0.011452
v 0.006247 -0.025600 0.011436
v 0.006239 -0.025596 0.011475
v 0.006240 -0.025597 0.011471
v 0.006243 -0.025599 0.011455
v 0.006244 -0.025599 0.011453
v 0.006229 -0.025580 0.011531
v 0.006232 -0.025586 0.011515
v 0.006292 -0.025588 0.011554
v 0.006232 -0.025587 0.011513
v 0.006233 -0.025588 0.011509
v 0.006227 -0.025573 0.011545
v 0.006229 -0.025578 0.011534
v 0.006282 -0.025581 0.011567
v 0.006225 -0.025561 0.011566
v 0.006226 -0.025569 0.011553
v 0.006273 -0.025573 0.011580
v 0.006227 -0.025571 0.011549
v 0.006223 -0.025553 0.011578
v 0.006224 -0.025558 0.011571
v 0.006264 -0.025564 0.011591
v 0.006222 -0.025538 0.011597
v 0.006222 -0.025545 0.011588
v 0.006256 -0.025553 0.011603
v 0.006223 -0.025550 0.011583
v 0.006221 -0.025529 0.011607
v 0.006221 -0.025532 0.011604
v 0.006248 -0.025541 0.011613
v 0.006221 -0.025511 0.011624
v 0.006221 -0.025517 0.011619
v 0.006241 -0.025529 0.011622
v 0.006221 -0.025525 0.011611
v 0.006221 -0.025500 0.011632
v 0.006221 -0.025507 0.011627
v 0.006235 -0.025515 0.011631
v 0.006222 -0.025485 0.011643
v 0.006222 -0.025483 0.011644
v 0.006225 -0.025485 0.011645
v 0.006223 -0.025478 0.011647
v 0.006223 -0.025477 0.011648
v 0.006226 -0.025452 0.011661
v 0.006224 -0.025462 0.011656
v 0.006344 -0.025468 0.011733
v 0.006224 -0.025465 0.011654
v 0.006224 -0.025468 0.011653
v 0.006229 -0.025435 0.011668
v 0.006227 -0.025446 0.011663
v 0.006341 -0.025452 0.011737
v 0.006349 -0.025400 0.011750
v 0.006337 -0.025400 0.011743
v 0.006338 -0.025417 0.011742
v 0.006244 -0.025400 0.011682
v 0.006243 -0.025403 0.011681
v 0.006237 -0.025415 0.011676
v 0.006236 -0.025417 0.011675
v 0.006236 -0.025592 0.011494
v 0.006301 -0.025593 0.011541
v 0.006423 -0.025597 0.011602
v 0.006549 -0.025599 0.011652
v 0.006415 -0.025593 0.011617
v 0.006541 -0.025597 0.011667
v 0.006671 -0.025599 0.011706
v 0.006406 -0.025588 0.011631
v 0.006534 -0.025593 0.011683
v 0.006664 -0.025597 0.011722
v 0.006796 -0.025599 0.011750
v 0.006397 -0.025581 0.011645
v 0.006526 -0.025588 0.011698
v 0.006658 -0.025593 0.011738
v 0.006791 -0.025597 0.011767
v 0.006926 -0.025599 0.011783
v 0.006389 -0.025573 0.011658
v 0.006519 -0.025581 0.011712
v 0.006652 -0.025588 0.011754
v 0.006787 -0.025593 0.011783
v 0.006922 -0.025597 0.011800
v 0.007057 -0.025599 0.011805
v 0.006382 -0.025564 0.011670
v 0.006512 -0.025573 0.011726
v 0.006646 -0.025581 0.011769
v 0.006782 -0.025588 0.011799
v 0.006918 -0.025593 0.011817
v 0.007055 -0.025597 0.011823
v 0.007190 -0.025599 0.011816
v 0.006374 -0.025553 0.011682
v 0.006506 -0.025564 0.011739
v 0.006640 -0.025573 0.011783
v 0.006777 -0.025581 0.011815
v 0.006915 -0.025588 0.011833
v 0.007053 -0.025593 0.011840
v 0.007189 -0.025597 0.011834
v 0.007323 -0.025599 0.011816
v 0.006368 -0.025541 0.011693
v 0.006499 -0.025553 0.011751
v 0.006635 -0.025564 0.011797
v 0.006773 -0.025573 0.011829
v 0.006912 -0.025581 0.011849
v 0.007051 -0.025588 0.011856
v 0.007188 -0.025593 0.011851
v 0.007324 -0.025597 0.011833
v 0.007456 -0.025599 0.011804
v 0.006362 -0.025529 0.011703
v 0.006494 -0.025541 0.011763
v 0.006630 -0.025553 0.011810
v 0.006768 -0.025564 0.011843
v 0.006908 -0.025573 0.011864
v 0.007049 -0.025581 0.011872
v 0.007188 -0.025588 0.011867
v 0.007325 -0.025593 0.011850
v 0.007458 -0.025597 0.011821
v 0.007587 -0.025599 0.011781
v 0.006356 -0.025515 0.011712
v 0.006488 -0.025529 0.011773
v 0.006625 -0.025541 0.011822
v 0.006764 -0.025553 0.011857
v 0.006905 -0.025564 0.011879
v 0.007047 -0.025573 0.011887
v 0.007187 -0.025581 0.011883
v 0.007325 -0.025588 0.011867
v 0.007460 -0.025593 0.011838
v 0.007591 -0.025597 0.011798
v 0.007716 -0.025599 0.011747
v 0.006351 -0.025500 0.011720
v 0.006484 -0.025515 0.011783
v 0.006620 -0.025529 0.011833
v 0.006761 -0.025541 0.011869
v 0.006903 -0.025553 0.011892
v 0.007045 -0.025564 0.011902
v 0.007187 -0.025573 0.011899
v 0.007326 -0.025581 0.011883
v 0.007462 -0.025588 0.011854
v 0.007594 -0.025593 0.011814
v 0.007721 -0.025597 0.011763
v 0.007841 -0.025599 0.011702
v 0.006347 -0.025485 0.011727
v 0.006479 -0.025500 0.011791
v 0.006617 -0.025515 0.011842
v 0.006757 -0.025529 0.011880
v 0.006900 -0.025541 0.011905
v 0.007043 -0.025553 0.011916
v 0.007186 -0.025564 0.011913
v 0.007327 -0.025573 0.011898
v 0.007465 -0.025581 0.011870
v 0.007598 -0.025588 0.011831
v 0.007726 -0.025593 0.011779
v 0.007848 -0.025597 0.011718
v 0.007962 -0.025599 0.011646
v 0.006476 -0.025485 0.011798
v 0.006613 -0.025500 0.011851
v 0.006754 -0.025515 0.011891
v 0.006897 -0.025529 0.011916
v 0.007042 -0.025541 0.011929
v 0.007186 -0.025553 0.011927
v 0.007328 -0.025564 0.011913
v 0.007467 -0.025573 0.011886
v 0.007601 -0.025581 0.011846
v 0.007731 -0.025588 0.011795
v 0.007854 -0.025593 0.011733
v 0.007970 -0.025597 0.011662
v 0.008078 -0.025599 0.011581
v 0.006473 -0.025468 0.011804
v 0.006610 -0.025485 0.011859
v 0.006751 -0.025500 0.011899
v 0.006895 -0.025515 0.011927
v 0.007040 -0.025529 0.011940
v 0.007185 -0.025541 0.011940
v 0.007328 -0.025553 0.011927
v 0.007469 -0.025564 0.011900
v 0.007605 -0.025573 0.011861
v 0.007736 -0.025581 0.011811
v 0.007861 -0.025588 0.011749
v 0.007978 -0.025593 0.011677
v 0.008088 -0.025597 0.011595
v 0.008189 -0.025599 0.011505
v 0.006470 -0.025452 0.011809
v 0.006608 -0.025468 0.011865
v 0.006749 -0.025485 0.011907
v 0.006893 -0.025500 0.011936
v 0.007039 -0.025515 0.011951
v 0.007185 -0.025529 0.011952
v 0.007329 -0.025541 0.011940
v 0.007470 -0.025553 0.011914
v 0.007608 -0.025564 0.011876
v 0.007740 -0.025573 0.011825
v 0.007867 -0.025581 0.011764
v 0.007986 -0.025588 0.011692
v 0.008097 -0.025593 0.011610
v 0.008199 -0.025597 0.011519
v 0.008292 -0.025599 0.011421
v 0.006469 -0.025435 0.011813
v 0.006606 -0.025452 0.011870
v 0.006747 -0.025468 0.011914
v 0.006892 -0.025485 0.011944
v 0.007038 -0.025500 0.011960
v 0.007184 -0.025515 0.011963
v 0.007329 -0.025529 0.011951
v 0.007472 -0.025541 0.011927
v 0.007611 -0.025553 0.011889
v 0.007745 -0.025564 0.011839
v 0.007872 -0.025573 0.011778
v 0.007993 -0.025581 0.011706
v 0.008105 -0.025588 0.011624
v 0.008209 -0.025593 0.011533
v 0.008303 -0.025597 0.011434
v 0.008387 -0.025599 0.011328
v 0.008990 -0.025435 0.010090
v 0.008992 -0.025417 0.010090
v 0.008999 -0.025417 0.010238
v 0.008400 -0.025597 0.011340
v 0.008315 -0.025593 0.011447
v 0.008219 -0.025588 0.011546
v 0.008114 -0.025581 0.011638
v 0.008000 -0.025573 0.011720
v 0.007878 -0.025564 0.011792
v 0.007749 -0.025553 0.011853
v 0.007614 -0.025541 0.011902
v 0.007474 -0.025529 0.011938
v 0.007330 -0.025515 0.011962
v 0.007184 -0.025500 0.011972
v 0.007037 -0.025485 0.011968
v 0.006890 -0.025468 0.011950
v 0.006746 -0.025452 0.011919
v 0.006604 -0.025435 0.011873
v 0.008488 -0.025597 0.011239
v 0.008412 -0.025593 0.011352
v 0.008326 -0.025588 0.011459
v 0.008229 -0.025581 0.011559
v 0.008122 -0.025573 0.011651
v 0.008007 -0.025564 0.011733
v 0.007883 -0.025553 0.011805
v 0.007753 -0.025541 0.011865
v 0.007616 -0.025529 0.011913
v 0.007475 -0.025515 0.011949
v 0.007330 -0.025500 0.011971
v 0.007183 -0.025485 0.011980
v 0.007036 -0.025468 0.011975
v 0.006889 -0.025452 0.011955
v 0.006744 -0.025435 0.011922
v 0.008568 -0.025597 0.011130
v 0.008502 -0.025593 0.011249
v 0.008424 -0.025588 0.011363
v 0.008336 -0.025581 0.011471
v 0.008238 -0.025573 0.011572
v 0.008130 -0.025564 0.011663
v 0.008013 -0.025553 0.011745
v 0.007888 -0.025541 0.011816
v 0.007756 -0.025529 0.011876
v 0.007619 -0.025515 0.011924
v 0.007476 -0.025500 0.011958
v 0.007331 -0.025485 0.011979
v 0.007183 -0.025468 0.011987
v 0.007035 -0.025452 0.011980
v 0.006888 -0.025435 0.011959
v 0.008638 -0.025597 0.011015
v 0.008582 -0.025593 0.011139
v 0.008515 -0.025588 0.011260
v 0.008436 -0.025581 0.011375
v 0.008347 -0.025573 0.011483
v 0.008247 -0.025564 0.011583
v 0.008137 -0.025553 0.011675
v 0.008019 -0.025541 0.011757
v 0.007893 -0.025529 0.011827
v 0.007759 -0.025515 0.011886
v 0.007621 -0.025500 0.011933
v 0.007477 -0.025485 0.011966
v 0.007331 -0.025468 0.011986
v 0.007183 -0.025452 0.011992
v 0.007035 -0.025435 0.011984
v 0.008698 -0.025597 0.010894
v 0.008653 -0.025593 0.011023
v 0.008596 -0.025588 0.011149
v 0.008527 -0.025581 0.011270
v 0.008447 -0.025573 0.011385
v 0.008356 -0.025564 0.011494
v 0.008255 -0.025553 0.011594
v 0.008144 -0.025541 0.011686
v 0.008024 -0.025529 0.011767
v 0.007897 -0.025515 0.011837
v 0.007762 -0.025500 0.011895
v 0.007622 -0.025485 0.011941
v 0.007478 -0.025468 0.011973
v 0.007331 -0.025452 0.011991
v 0.007183 -0.025435 0.011996
v 0.008747 -0.025597 0.010769
v 0.008713 -0.025593 0.010901
v 0.008667 -0.025588 0.011031
v 0.008609 -0.025581 0.011158
v 0.008539 -0.025573 0.011279
v 0.008458 -0.025564 0.011395
v 0.008366 -0.025553 0.011504
v 0.008263 -0.025541 0.011605
v 0.008150 -0.025529 0.011696
v 0.008029 -0.025515 0.011777
v 0.007900 -0.025500 0.011846
v 0.007765 -0.025485 0.011903
v 0.007624 -0.025468 0.011947
v 0.007479 -0.025452 0.011978
v 0.007331 -0.025435 0.011995
v 0.008786 -0.025597 0.010640
v 0.008763 -0.025593 0.010774
v 0.008729 -0.025588 0.010908
v 0.008682 -0.025581 0.011039
v 0.008622 -0.025573 0.011166
v 0.008551 -0.025564 0.011289
v 0.008468 -0.025553 0.011405
v 0.008374 -0.025541 0.011514
v 0.008270 -0.025529 0.011614
v 0.008156 -0.025515 0.011705
v 0.008033 -0.025500 0.011785
v 0.007903 -0.025485 0.011853
v 0.007767 -0.025468 0.011909
v 0.007625 -0.025452 0.011952
v 0.007479 -0.025435 0.011982
v 0.008814 -0.025597 0.010508
v 0.008803 -0.025593 0.010644
v 0.008779 -0.025588 0.010780
v 0.008743 -0.025581 0.010914
v 0.008695 -0.025573 0.011046
v 0.008635 -0.025564 0.011174
v 0.008562 -0.025553 0.011297
v 0.008477 -0.025541 0.011414
v 0.008382 -0.025529 0.011523
v 0.008276 -0.025515 0.011623
v 0.008161 -0.025500 0.011713
v 0.008037 -0.025485 0.011792
v 0.007906 -0.025468 0.011860
v 0.007768 -0.025452 0.011914
v 0.007626 -0.025435 0.011956
v 0.008830 -0.025597 0.010374
v 0.008830 -0.025593 0.010511
v 0.008819 -0.025588 0.010648
v 0.008794 -0.025581 0.010785
v 0.008758 -0.025573 0.010921
v 0.008708 -0.025564 0.011053
v 0.008646 -0.025553 0.011182
v 0.008572 -0.025541 0.011305
v 0.008486 -0.025529 0.011422
v 0.008389 -0.025515 0.011531
v 0.008282 -0.025500 0.011630
v 0.008165 -0.025485 0.011720
v 0.008040 -0.025468 0.011798
v 0.007908 -0.025452 0.011864
v 0.007769 -0.025435 0.011918
v 0.008811 -0.025599 0.010106
v 0.008835 -0.025597 0.010239
v 0.008847 -0.025593 0.010375
v 0.008847 -0.025588 0.010513
v 0.008834 -0.025581 0.010652
v 0.008809 -0.025573 0.010790
v 0.008771 -0.025564 0.010927
v 0.008720 -0.025553 0.011060
v 0.008657 -0.025541 0.011189
v 0.008581 -0.025529 0.011313
v 0.008494 -0.025515 0.011429
v 0.008395 -0.025500 0.011538
v 0.008287 -0.025485 0.011637
v 0.008169 -0.025468 0.011725
v 0.008042 -0.025452 0.011803
v 0.007909 -0.025435 0.011868
v 0.008828 -0.025597 0.010105
v 0.008852 -0.025593 0.010239
v 0.008863 -0.025588 0.010377
v 0.008863 -0.025581 0.010516
v 0.008849 -0.025573 0.010656
v 0.008823 -0.025564 0.010795
v 0.008784 -0.025553 0.010932
v 0.008731 -0.025541 0.011066
v 0.008667 -0.025529 0.011196
v 0.008589 -0.025515 0.011319
v 0.008501 -0.025500 0.011436
v 0.008401 -0.025485 0.011544
v 0.008291 -0.025468 0.011642
v 0.008171 -0.025452 0.011730
v 0.008044 -0.025435 0.011806
v 0.008845 -0.025593 0.010103
v 0.008868 -0.025588 0.010239
v 0.008880 -0.025581 0.010378
v 0.008878 -0.025573 0.010518
v 0.008864 -0.025564 0.010659
v 0.008836 -0.025553 0.010800
v 0.008795 -0.025541 0.010937
v 0.008742 -0.025529 0.011072
v 0.008675 -0.025515 0.011202
v 0.008597 -0.025500 0.011325
v 0.008506 -0.025485 0.011441
v 0.008405 -0.025468 0.011549
v 0.008294 -0.025452 0.011646
v 0.008173 -0.025435 0.011733
v 0.008862 -0.025588 0.010102
v 0.008884 -0.025581 0.010239
v 0.008895 -0.025573 0.010379
v 0.008893 -0.025564 0.010521
v 0.008877 -0.025553 0.010663
v 0.008848 -0.025541 0.010804
v 0.008806 -0.025529 0.010942
v 0.008751 -0.025515 0.011077
v 0.008683 -0.025500 0.011207
v 0.008603 -0.025485 0.011330
v 0.008511 -0.025468 0.011446
v 0.008409 -0.025452 0.011552
v 0.008296 -0.025435 0.011649
v 0.008878 -0.025581 0.010100
v 0.008900 -0.025573 0.010239
v 0.008910 -0.025564 0.010380
v 0.008906 -0.025553 0.010523
v 0.008889 -0.025541 0.010666
v 0.008859 -0.025529 0.010808
v 0.008816 -0.025515 0.010947
v 0.008759 -0.025500 0.011082
v 0.008690 -0.025485 0.011211
v 0.008608 -0.025468 0.011334
v 0.008515 -0.025452 0.011449
v 0.008411 -0.025435 0.011555
v 0.008893 -0.025573 0.010099
v 0.008915 -0.025564 0.010239
v 0.008923 -0.025553 0.010381
v 0.008919 -0.025541 0.010525
v 0.008901 -0.025529 0.010669
v 0.008869 -0.025515 0.010811
v 0.008824 -0.025500 0.010950
v 0.008766 -0.025485 0.011086
v 0.008695 -0.025468 0.011215
v 0.008612 -0.025452 0.011338
v 0.008518 -0.025435 0.011452
v 0.008908 -0.025564 0.010098
v 0.008929 -0.025553 0.010239
v 0.008936 -0.025541 0.010382
v 0.008931 -0.025529 0.010527
v 0.008911 -0.025515 0.010671
v 0.008878 -0.025500 0.010814
v 0.008832 -0.025485 0.010954
v 0.008772 -0.025468 0.011089
v 0.008700 -0.025452 0.011218
v 0.008615 -0.025435 0.011340
v 0.008922 -0.025553 0.010096
v 0.008941 -0.025541 0.010239
v 0.008948 -0.025529 0.010383
v 0.008941 -0.025515 0.010529
v 0.008920 -0.025500 0.010674
v 0.008886 -0.025485 0.010817
v 0.008838 -0.025468 0.010956
v 0.008777 -0.025452 0.011091
v 0.008703 -0.025435 0.011220
v 0.008934 -0.025541 0.010095
v 0.008953 -0.025529 0.010239
v 0.008959 -0.025515 0.010384
v 0.008950 -0.025500 0.010530
v 0.008928 -0.025485 0.010676
v 0.008892 -0.025468 0.010819
v 0.008843 -0.025452 0.010959
v 0.008780 -0.025435 0.011093
v 0.008946 -0.025529 0.010094
v 0.008964 -0.025515 0.010239
v 0.008968 -0.025500 0.010385
v 0.008958 -0.025485 0.010532
v 0.008935 -0.025468 0.010677
v 0.008897 -0.025452 0.010821
v 0.008846 -0.025435 0.010960
v 0.008957 -0.025515 0.010093
v 0.008973 -0.025500 0.010239
v 0.008976 -0.025485 0.010386
v 0.008965 -0.025468 0.010533
v 0.008940 -0.025452 0.010679
v 0.008901 -0.025435 0.010822
v 0.008966 -0.025500 0.010092
v 0.008981 -0.025485 0.010238
v 0.008983 -0.025468 0.010386
v 0.008970 -0.025452 0.010534
v 0.008943 -0.025435 0.010680
v 0.008974 -0.025485 0.010091
v 0.008988 -0.025468 0.010238
v 0.008988 -0.025452 0.010387
v 0.008974 -0.025435 0.010534
v 0.008981 -0.025468 0.010091
v 0.008993 -0.025452 0.010238
v 0.008992 -0.025435 0.010387
v 0.008986 -0.025452 0.010090
v 0.008997 -0.025435 0.010238
v 0.009000 -0.025400 0.010238
v 0.008962 -0.025400 0.009888
v 0.008973 -0.025400 0.009942
v 0.008972 -0.025417 0.009942
v 0.008970 -0.025435 0.009943
v 0.008966 -0.025452 0.009943
v 0.008961 -0.025468 0.009944
v 0.008954 -0.025485 0.009946
v 0.008946 -0.025500 0.009947
v 0.008937 -0.025515 0.009949
v 0.008927 -0.025529 0.009951
v 0.008915 -0.025541 0.009953
v 0.008902 -0.025553 0.009955
v 0.008889 -0.025564 0.009957
v 0.008874 -0.025573 0.009960
v 0.008859 -0.025581 0.009963
v 0.008843 -0.025588 0.009965
v 0.008827 -0.025593 0.009968
v 0.008810 -0.025597 0.009971
v 0.008793 -0.025599 0.009974
v 0.008987 -0.025400 0.010037
v 0.008993 -0.025400 0.010090
v 0.008999 -0.025400 0.010187
v 0.006349 -0.025236 0.011750
v 0.006414 -0.025146 0.011787
v 0.006481 -0.025063 0.011822
v 0.006549 -0.024986 0.011853
v 0.006619 -0.024917 0.011882
v 0.006689 -0.024855 0.011908
v 0.006761 -0.024801 0.011930
v 0.006834 -0.024754 0.011950
v 0.006870 -0.024733 0.011958
v 0.006907 -0.024714 0.011966
v 0.006944 -0.024698 0.011973
v 0.006981 -0.024683 0.011979
v 0.007168 -0.024637 0.011998
v 0.007130 -0.024642 0.011996
v 0.007093 -0.024649 0.011993
v 0.007055 -0.024659 0.011989
v 0.007018 -0.024670 0.011985
v 0.007205 -0.024634 0.011999
v 0.007243 -0.024632 0.012000
v 0.007413 -0.024651 0.011992
v 0.007356 -0.024640 0.011997
v 0.007318 -0.024636 0.011999
v 0.007281 -0.024633 0.012000
v 0.007798 -0.024770 0.011912
v 0.007756 -0.024757 0.011925
v 0.007653 -0.024724 0.011953
v 0.007616 -0.024712 0.011961
v 0.007505 -0.024677 0.011981
v 0.007471 -0.024666 0.011986
v 0.008326 -0.024949 0.011630
v 0.008221 -0.024912 0.011706
v 0.008203 -0.024906 0.011718
v 0.008098 -0.024870 0.011781
v 0.008074 -0.024861 0.011794
v 0.008023 -0.024844 0.011820
v 0.007938 -0.024816 0.011859
v 0.007892 -0.024801 0.011878
v 0.007835 -0.024782 0.011899
v 0.008803 -0.025132 0.011057
v 0.008765 -0.025116 0.011127
v 0.008740 -0.025106 0.011168
v 0.008728 -0.025101 0.011187
v 0.008664 -0.025075 0.011281
v 0.008642 -0.025067 0.011311
v 0.008578 -0.025042 0.011390
v 0.008546 -0.025030 0.011426
v 0.008540 -0.025028 0.011433
v 0.008441 -0.024991 0.011532
v 0.008379 -0.024968 0.011587
v 0.008335 -0.024953 0.011623
v 0.008918 -0.025183 0.010780
v 0.008890 -0.025170 0.010860
v 0.008866 -0.025160 0.010921
v 0.008863 -0.025158 0.010929
v 0.008806 -0.025133 0.011050
v 0.008997 -0.025230 0.010349
v 0.008985 -0.025220 0.010477
v 0.008984 -0.025220 0.010487
v 0.008964 -0.025207 0.010605
v 0.008957 -0.025203 0.010635
v 0.008947 -0.025198 0.010676
v 0.008932 -0.025190 0.010733
v 0.009000 -0.025236 0.010250
v 0.008998 -0.025231 0.010337
v 0.007471 -0.024100 0.012220
v -0.019269 -0.025446 0.011663
v -0.018199 -0.025446 0.011663
v -0.018200 -0.025435 0.011668
v -0.019807 -0.024100 0.012220
v -0.017644 -0.024771 0.011943
v -0.017571 -0.024729 0.011960
v -0.016206 -0.025391 0.011686
v -0.016341 -0.025176 0.011775
v -0.016225 -0.025350 0.011703
v -0.016217 -0.025364 0.011697
v -0.016202 -0.025404 0.011680
v -0.016201 -0.025415 0.011676
v -0.016200 -0.025416 0.011675
v -0.016200 -0.025428 0.011671
v -0.016200 -0.025435 0.011668
v -0.016200 -0.025439 0.011666
v -0.016201 -0.025446 0.011663
v -0.018200 -0.025424 0.011672
v -0.018199 -0.025415 0.011676
v -0.018199 -0.025413 0.011677
v -0.017857 -0.024941 0.011872
v -0.017787 -0.024877 0.011899
v -0.017716 -0.024820 0.011922
v -0.016756 -0.024771 0.011943
v -0.016684 -0.024820 0.011922
v -0.016613 -0.024877 0.011899
v -0.016543 -0.024941 0.011872
v -0.016213 -0.025372 0.011694
v -0.016211 -0.025377 0.011692
v -0.018187 -0.025372 0.011694
v -0.018183 -0.025363 0.011697
v -0.018175 -0.025350 0.011703
v -0.018059 -0.025176 0.011775
v -0.017237 -0.024633 0.012000
v -0.017200 -0.024632 0.012000
v -0.017163 -0.024633 0.012000
v -0.017125 -0.024636 0.011998
v -0.016475 -0.025013 0.011843
v -0.016407 -0.025091 0.011810
v -0.018197 -0.025401 0.011682
v -0.018194 -0.025389 0.011687
v -0.018189 -0.025377 0.011692
v -0.017349 -0.024648 0.011994
v -0.017312 -0.024641 0.011996
v -0.017275 -0.024636 0.011998
v -0.017993 -0.025091 0.011810
v -0.017925 -0.025013 0.011843
v -0.017088 -0.024641 0.011996
v -0.017051 -0.024648 0.011994
v -0.017013 -0.024657 0.011990
v -0.017461 -0.024680 0.011980
v -0.017424 -0.024667 0.011986
v -0.017387 -0.024657 0.011990
v -0.016976 -0.024667 0.011986
v -0.016939 -0.024680 0.011980
v -0.016902 -0.024694 0.011974
v -0.017535 -0.024710 0.011968
v -0.017498 -0.024694 0.011974
v -0.016865 -0.024710 0.011968
v -0.016829 -0.024729 0.011960
v -0.016263 -0.025596 0.011474
v -0.016262 -0.025596 0.011476
v -0.016215 -0.025516 0.011619
v -0.016203 -0.025465 0.011654
v -0.016203 -0.025464 0.011655
v -0.016202 -0.025456 0.011659
v -0.016209 -0.025493 0.011637
v -0.016207 -0.025483 0.011644
v -0.016206 -0.025481 0.011646
v -0.016210 -0.025497 0.011635
v -0.016211 -0.025500 0.011632
v -0.016214 -0.025512 0.011623
v -0.016218 -0.025527 0.011609
v -0.016219 -0.025531 0.011605
v -0.016220 -0.025532 0.011604
v -0.016225 -0.025545 0.011588
v -0.016229 -0.025555 0.011576
v -0.016224 -0.025544 0.011590
v -0.016229 -0.025556 0.011574
v -0.016230 -0.025558 0.011571
v -0.016236 -0.025569 0.011553
v -0.016241 -0.025577 0.011538
v -0.016242 -0.025577 0.011537
v -0.016242 -0.025578 0.011534
v -0.016235 -0.025567 0.011556
v -0.016248 -0.025585 0.011518
v -0.016249 -0.025586 0.011515
v -0.016248 -0.025585 0.011518
v -0.016254 -0.025591 0.011498
v -0.016256 -0.025592 0.011495
v -0.016262 -0.025596 0.011477
v -0.016269 -0.025599 0.011457
v -0.016270 -0.025599 0.011453
v -0.016276 -0.025600 0.011436
v -0.016269 -0.025599 0.011454
v -0.016475 -0.025350 0.011843
v -0.016488 -0.025350 0.011848
v -0.016488 -0.025372 0.011848
v -0.016613 -0.025350 0.011899
v -0.016624 -0.025350 0.011902
v -0.016624 -0.025372 0.011902
v -0.016756 -0.025350 0.011943
v -0.016764 -0.025350 0.011945
v -0.016765 -0.025372 0.011944
v -0.016902 -0.025350 0.011974
v -0.016908 -0.025350 0.011975
v -0.016908 -0.025372 0.011975
v -0.017498 -0.025350 0.011974
v -0.017636 -0.025350 0.011945
v -0.017635 -0.025372 0.011944
v -0.017644 -0.025350 0.011943
v -0.017776 -0.025350 0.011902
v -0.017776 -0.025372 0.011902
v -0.017787 -0.025350 0.011899
v -0.017912 -0.025350 0.011848
v -0.017912 -0.025372 0.011848
v -0.017925 -0.025350 0.011843
v -0.018044 -0.025350 0.011783
v -0.018043 -0.025372 0.011782
v -0.016231 -0.025350 0.011707
v -0.018197 -0.025465 0.011654
v -0.018194 -0.025481 0.011646
v -0.018151 -0.025475 0.011679
v -0.018189 -0.025500 0.011632
v -0.018186 -0.025512 0.011623
v -0.018137 -0.025511 0.011658
v -0.018180 -0.025532 0.011604
v -0.018176 -0.025544 0.011590
v -0.018120 -0.025542 0.011633
v -0.018170 -0.025558 0.011571
v -0.018165 -0.025567 0.011556
v -0.018100 -0.025567 0.011603
v -0.018124 -0.025600 0.011436
v -0.018043 -0.025599 0.011517
v -0.018055 -0.025596 0.011535
v -0.018138 -0.025596 0.011477
v -0.018137 -0.025596 0.011474
v -0.018131 -0.025599 0.011457
v -0.018131 -0.025599 0.011454
v -0.018151 -0.025586 0.011515
v -0.018067 -0.025591 0.011553
v -0.018152 -0.025585 0.011518
v -0.018078 -0.025585 0.011570
v -0.018158 -0.025578 0.011534
v -0.018146 -0.025591 0.011498
v -0.018145 -0.025591 0.011497
v -0.018144 -0.025592 0.011495
v -0.018089 -0.025577 0.011587
v -0.018164 -0.025569 0.011553
v -0.018159 -0.025577 0.011538
v -0.018158 -0.025577 0.011537
v -0.018110 -0.025555 0.011618
v -0.018175 -0.025545 0.011588
v -0.018171 -0.025555 0.011576
v -0.018171 -0.025556 0.011574
v -0.018129 -0.025527 0.011646
v -0.018185 -0.025516 0.011619
v -0.018182 -0.025527 0.011609
v -0.018181 -0.025531 0.011605
v -0.018144 -0.025493 0.011669
v -0.018193 -0.025483 0.011644
v -0.018191 -0.025493 0.011637
v -0.018190 -0.025497 0.011635
v -0.018161 -0.025436 0.011695
v -0.018156 -0.025456 0.011688
v -0.018198 -0.025456 0.011659
v -0.018197 -0.025464 0.011655
v -0.018165 -0.025415 0.011700
v -0.018167 -0.025393 0.011704
v -0.018059 -0.025350 0.011775
v -0.018169 -0.025350 0.011707
v -0.018169 -0.025372 0.011706
v -0.016233 -0.025393 0.011704
v -0.016235 -0.025415 0.011700
v -0.016239 -0.025436 0.011695
v -0.016244 -0.025456 0.011688
v -0.016249 -0.025475 0.011679
v -0.016256 -0.025493 0.011669
v -0.016263 -0.025511 0.011658
v -0.016271 -0.025527 0.011646
v -0.016280 -0.025542 0.011633
v -0.016290 -0.025555 0.011618
v -0.016300 -0.025567 0.011603
v -0.016311 -0.025577 0.011587
v -0.016322 -0.025585 0.011570
v -0.016333 -0.025591 0.011553
v -0.016345 -0.025596 0.011535
v -0.016357 -0.025599 0.011517
v -0.016466 -0.025599 0.011583
v -0.016456 -0.025596 0.011602
v -0.016446 -0.025591 0.011621
v -0.016436 -0.025585 0.011639
v -0.016426 -0.025577 0.011657
v -0.016416 -0.025567 0.011674
v -0.016408 -0.025555 0.011690
v -0.016399 -0.025542 0.011705
v -0.016392 -0.025527 0.011719
v -0.016384 -0.025511 0.011732
v -0.016378 -0.025493 0.011744
v -0.016372 -0.025475 0.011754
v -0.016368 -0.025456 0.011763
v -0.016363 -0.025436 0.011770
v -0.016360 -0.025415 0.011776
v -0.016358 -0.025393 0.011780
v -0.016580 -0.025599 0.011640
v -0.016572 -0.025596 0.011660
v -0.016563 -0.025591 0.011679
v -0.016555 -0.025585 0.011698
v -0.016546 -0.025577 0.011717
v -0.016538 -0.025567 0.011734
v -0.016531 -0.025555 0.011751
v -0.016524 -0.025542 0.011767
v -0.016517 -0.025527 0.011782
v -0.016511 -0.025511 0.011795
v -0.016506 -0.025493 0.011807
v -0.016501 -0.025475 0.011818
v -0.016497 -0.025456 0.011827
v -0.016494 -0.025436 0.011835
v -0.016491 -0.025415 0.011841
v -0.016489 -0.025393 0.011845
v -0.016357 -0.025372 0.011782
v -0.016231 -0.025372 0.011706
v -0.018042 -0.025393 0.011780
v -0.018040 -0.025415 0.011776
v -0.018037 -0.025436 0.011770
v -0.018032 -0.025456 0.011763
v -0.018028 -0.025475 0.011754
v -0.018022 -0.025493 0.011744
v -0.018016 -0.025511 0.011732
v -0.018008 -0.025527 0.011719
v -0.018001 -0.025542 0.011705
v -0.017992 -0.025555 0.011690
v -0.017984 -0.025567 0.011674
v -0.017974 -0.025577 0.011657
v -0.017964 -0.025585 0.011639
v -0.017954 -0.025591 0.011621
v -0.017944 -0.025596 0.011602
v -0.017934 -0.025599 0.011583
v -0.017911 -0.025393 0.011845
v -0.017909 -0.025415 0.011841
v -0.017906 -0.025436 0.011835
v -0.017903 -0.025456 0.011827
v -0.017899 -0.025475 0.011818
v -0.017894 -0.025493 0.011807
v -0.017889 -0.025511 0.011795
v -0.017883 -0.025527 0.011782
v -0.017876 -0.025542 0.011767
v -0.017869 -0.025555 0.011751
v -0.017862 -0.025567 0.011734
v -0.017854 -0.025577 0.011717
v -0.017845 -0.025585 0.011698
v -0.017837 -0.025591 0.011679
v -0.017828 -0.025596 0.011660
v -0.017820 -0.025599 0.011640
v -0.017775 -0.025393 0.011899
v -0.017773 -0.025415 0.011894
v -0.017771 -0.025436 0.011888
v -0.017768 -0.025456 0.011880
v -0.017765 -0.025475 0.011871
v -0.017761 -0.025493 0.011860
v -0.017757 -0.025511 0.011847
v -0.017752 -0.025527 0.011833
v -0.017747 -0.025542 0.011818
v -0.017741 -0.025555 0.011802
v -0.017735 -0.025567 0.011784
v -0.017729 -0.025577 0.011766
v -0.017722 -0.025585 0.011747
v -0.017715 -0.025591 0.011728
v -0.017708 -0.025596 0.011707
v -0.017701 -0.025599 0.011687
v -0.017635 -0.025393 0.011941
v -0.017633 -0.025415 0.011937
v -0.017632 -0.025436 0.011930
v -0.017630 -0.025456 0.011922
v -0.017627 -0.025475 0.011912
v -0.017624 -0.025493 0.011901
v -0.017621 -0.025511 0.011888
v -0.017617 -0.025527 0.011874
v -0.017613 -0.025542 0.011858
v -0.017609 -0.025555 0.011842
v -0.017604 -0.025567 0.011824
v -0.017600 -0.025577 0.011805
v -0.017595 -0.025585 0.011786
v -0.017589 -0.025591 0.011765
v -0.017584 -0.025596 0.011745
v -0.017579 -0.025599 0.011724
v -0.017492 -0.025350 0.011975
v -0.017492 -0.025372 0.011975
v -0.017491 -0.025393 0.011972
v -0.017491 -0.025415 0.011967
v -0.017490 -0.025436 0.011961
v -0.017488 -0.025456 0.011952
v -0.017487 -0.025475 0.011942
v -0.017485 -0.025493 0.011931
v -0.017482 -0.025511 0.011918
v -0.017480 -0.025527 0.011903
v -0.017477 -0.025542 0.011887
v -0.017474 -0.025555 0.011870
v -0.017471 -0.025567 0.011852
v -0.017468 -0.025577 0.011833
v -0.017465 -0.025585 0.011813
v -0.017461 -0.025591 0.011793
v -0.017458 -0.025596 0.011772
v -0.017454 -0.025599 0.011750
v -0.017327 -0.025599 0.011766
v -0.017329 -0.025596 0.011788
v -0.017331 -0.025591 0.011809
v -0.017333 -0.025585 0.011830
v -0.017334 -0.025577 0.011850
v -0.017336 -0.025567 0.011869
v -0.017338 -0.025555 0.011888
v -0.017339 -0.025542 0.011905
v -0.017340 -0.025527 0.011921
v -0.017342 -0.025511 0.011936
v -0.017343 -0.025493 0.011949
v -0.017344 -0.025475 0.011960
v -0.017345 -0.025456 0.011971
v -0.017345 -0.025436 0.011979
v -0.017346 -0.025415 0.011985
v -0.017346 -0.025393 0.011990
v -0.017346 -0.025372 0.011993
v -0.017347 -0.025350 0.011994
v -0.017200 -0.025599 0.011772
v -0.017200 -0.025596 0.011793
v -0.017200 -0.025591 0.011815
v -0.017200 -0.025585 0.011836
v -0.017200 -0.025577 0.011856
v -0.017200 -0.025567 0.011875
v -0.017200 -0.025555 0.011893
v -0.017200 -0.025542 0.011911
v -0.017200 -0.025527 0.011927
v -0.017200 -0.025511 0.011942
v -0.017200 -0.025493 0.011955
v -0.017200 -0.025475 0.011967
v -0.017200 -0.025456 0.011977
v -0.017200 -0.025436 0.011985
v -0.017200 -0.025415 0.011991
v -0.017200 -0.025393 0.011996
v -0.017200 -0.025372 0.011999
v -0.017200 -0.025350 0.012000
v -0.017073 -0.025599 0.011766
v -0.017071 -0.025596 0.011788
v -0.017069 -0.025591 0.011809
v -0.017067 -0.025585 0.011830
v -0.017066 -0.025577 0.011850
v -0.017064 -0.025567 0.011869
v -0.017062 -0.025555 0.011888
v -0.017061 -0.025542 0.011905
v -0.017060 -0.025527 0.011921
v -0.017058 -0.025511 0.011936
v -0.017057 -0.025493 0.011949
v -0.017056 -0.025475 0.011960
v -0.017055 -0.025456 0.011971
v -0.017055 -0.025436 0.011979
v -0.017054 -0.025415 0.011985
v -0.017054 -0.025393 0.011990
v -0.017054 -0.025372 0.011993
v -0.017053 -0.025350 0.011994
v -0.016946 -0.025599 0.011750
v -0.016942 -0.025596 0.011772
v -0.016939 -0.025591 0.011793
v -0.016935 -0.025585 0.011813
v -0.016932 -0.025577 0.011833
v -0.016929 -0.025567 0.011852
v -0.016926 -0.025555 0.011870
v -0.016923 -0.025542 0.011887
v -0.016920 -0.025527 0.011903
v -0.016918 -0.025511 0.011918
v -0.016915 -0.025493 0.011931
v -0.016913 -0.025475 0.011942
v -0.016912 -0.025456 0.011952
v -0.016910 -0.025436 0.011961
v -0.016909 -0.025415 0.011967
v -0.016909 -0.025393 0.011972
v -0.016765 -0.025393 0.011941
v -0.016767 -0.025415 0.011937
v -0.016768 -0.025436 0.011930
v -0.016770 -0.025456 0.011922
v -0.016773 -0.025475 0.011912
v -0.016776 -0.025493 0.011901
v -0.016779 -0.025511 0.011888
v -0.016783 -0.025527 0.011874
v -0.016787 -0.025542 0.011858
v -0.016791 -0.025555 0.011842
v -0.016796 -0.025567 0.011824
v -0.016800 -0.025577 0.011805
v -0.016805 -0.025585 0.011786
v -0.016811 -0.025591 0.011765
v -0.016816 -0.025596 0.011745
v -0.016821 -0.025599 0.011724
v -0.016625 -0.025393 0.011899
v -0.016627 -0.025415 0.011894
v -0.016629 -0.025436 0.011888
v -0.016632 -0.025456 0.011880
v -0.016635 -0.025475 0.011871
v -0.016639 -0.025493 0.011860
v -0.016643 -0.025511 0.011847
v -0.016648 -0.025527 0.011833
v -0.016653 -0.025542 0.011818
v -0.016659 -0.025555 0.011802
v -0.016665 -0.025567 0.011784
v -0.016671 -0.025577 0.011766
v -0.016678 -0.025585 0.011747
v -0.016685 -0.025591 0.011728
v -0.016692 -0.025596 0.011707
v -0.016699 -0.025599 0.011687
v -0.016356 -0.025350 0.011783
v -0.016341 -0.025350 0.011775
v -0.019269 -0.025465 0.011654
v -0.019269 -0.025461 0.011656
v -0.019269 -0.025479 0.011646
v -0.019269 -0.025500 0.011632
v -0.019269 -0.025497 0.011634
v -0.019269 -0.025483 0.011644
v -0.019269 -0.025532 0.011604
v -0.019269 -0.025530 0.011606
v -0.019269 -0.025517 0.011619
v -0.019269 -0.025514 0.011621
v -0.019269 -0.025545 0.011588
v -0.019269 -0.025544 0.011590
v -0.019269 -0.025569 0.011553
v -0.019269 -0.025568 0.011555
v -0.019269 -0.025558 0.011571
v -0.019269 -0.025557 0.011573
v -0.019269 -0.025586 0.011515
v -0.019269 -0.025586 0.011516
v -0.019269 -0.025578 0.011534
v -0.019269 -0.025577 0.011536
v -0.019269 -0.025592 0.011495
v -0.019269 -0.025596 0.011475
v -0.019269 -0.025592 0.011496
v -0.019269 -0.025599 0.011454
v -0.019287 -0.025596 0.011471
v -0.019278 -0.025599 0.011452
v -0.019277 -0.025599 0.011452
v -0.019271 -0.025599 0.011454
v -0.019280 -0.025599 0.011451
v -0.019308 -0.025458 0.011655
v -0.019321 -0.025461 0.011650
v -0.019308 -0.025461 0.011653
v -0.019498 -0.025450 0.011452
v -0.019501 -0.025443 0.011432
v -0.019493 -0.025461 0.011432
v -0.019454 -0.025479 0.011539
v -0.019468 -0.025469 0.011528
v -0.019463 -0.025479 0.011523
v -0.019477 -0.025465 0.011509
v -0.019470 -0.025479 0.011505
v -0.019478 -0.025465 0.011508
v -0.019486 -0.025461 0.011491
v -0.019444 -0.025473 0.011562
v -0.019456 -0.025472 0.011545
v -0.019459 -0.025471 0.011542
v -0.019444 -0.025479 0.011555
v -0.019433 -0.025479 0.011570
v -0.019435 -0.025474 0.011572
v -0.019430 -0.025475 0.011578
v -0.019420 -0.025479 0.011584
v -0.019415 -0.025475 0.011592
v -0.019407 -0.025479 0.011596
v -0.019409 -0.025474 0.011598
v -0.019392 -0.025479 0.011608
v -0.019399 -0.025474 0.011606
v -0.019383 -0.025472 0.011619
v -0.019376 -0.025479 0.011618
v -0.019378 -0.025472 0.011621
v -0.019360 -0.025479 0.011626
v -0.019365 -0.025470 0.011630
v -0.019347 -0.025467 0.011639
v -0.019342 -0.025479 0.011633
v -0.019345 -0.025466 0.011640
v -0.019328 -0.025463 0.011648
v -0.019325 -0.025479 0.011639
v -0.019327 -0.025462 0.011648
v -0.019308 -0.025458 0.011655
v -0.019289 -0.025461 0.011656
v -0.019289 -0.025452 0.011660
v -0.019289 -0.025452 0.011660
v -0.019291 -0.025599 0.011434
v -0.019312 -0.025596 0.011436
v -0.019310 -0.025597 0.011432
v -0.019291 -0.025596 0.011469
v -0.019301 -0.025592 0.011487
v -0.019282 -0.025599 0.011450
v -0.019275 -0.025599 0.011453
v -0.019280 -0.025596 0.011473
v -0.019284 -0.025596 0.011472
v -0.019273 -0.025599 0.011453
v -0.019277 -0.025596 0.011474
v -0.019273 -0.025596 0.011475
v -0.019332 -0.025592 0.011438
v -0.019331 -0.025592 0.011432
v -0.019312 -0.025596 0.011432
v -0.019294 -0.025596 0.011467
v -0.019306 -0.025592 0.011484
v -0.019317 -0.025586 0.011501
v -0.019283 -0.025599 0.011449
v -0.019296 -0.025592 0.011490
v -0.019291 -0.025592 0.011492
v -0.019286 -0.025592 0.011494
v -0.019280 -0.025592 0.011495
v -0.019275 -0.025592 0.011496
v -0.019353 -0.025586 0.011440
v -0.019352 -0.025586 0.011432
v -0.019333 -0.025592 0.011432
v -0.019297 -0.025596 0.011465
v -0.019310 -0.025592 0.011481
v -0.019323 -0.025586 0.011497
v -0.019336 -0.025577 0.011512
v -0.019284 -0.025599 0.011447
v -0.019311 -0.025586 0.011505
v -0.019305 -0.025586 0.011508
v -0.019298 -0.025586 0.011511
v -0.019291 -0.025586 0.011513
v -0.019284 -0.025586 0.011515
v -0.019277 -0.025586 0.011516
v -0.019373 -0.025577 0.011441
v -0.019372 -0.025578 0.011432
v -0.019353 -0.025586 0.011432
v -0.019299 -0.025596 0.011462
v -0.019314 -0.025592 0.011477
v -0.019329 -0.025586 0.011492
v -0.019343 -0.025577 0.011506
v -0.019356 -0.025568 0.011519
v -0.019286 -0.025599 0.011446
v -0.019329 -0.025577 0.011517
v -0.019321 -0.025577 0.011522
v -0.019313 -0.025577 0.011526
v -0.019305 -0.025577 0.011530
v -0.019296 -0.025577 0.011532
v -0.019287 -0.025577 0.011534
v -0.019278 -0.025577 0.011536
v -0.019392 -0.025568 0.011443
v -0.019391 -0.025568 0.011432
v -0.019373 -0.025577 0.011432
v -0.019302 -0.025596 0.011460
v -0.019318 -0.025592 0.011473
v -0.019334 -0.025586 0.011486
v -0.019349 -0.025577 0.011499
v -0.019363 -0.025568 0.011511
v -0.019377 -0.025557 0.011523
v -0.019287 -0.025599 0.011445
v -0.019348 -0.025568 0.011526
v -0.019340 -0.025568 0.011533
v -0.019331 -0.025568 0.011539
v -0.019321 -0.025568 0.011544
v -0.019311 -0.025568 0.011548
v -0.019301 -0.025568 0.011551
v -0.019291 -0.025568 0.011553
v -0.019280 -0.025568 0.011555
v -0.019410 -0.025557 0.011445
v -0.019409 -0.025557 0.011432
v -0.019392 -0.025568 0.011432
v -0.019304 -0.025596 0.011457
v -0.019321 -0.025592 0.011469
v -0.019338 -0.025586 0.011480
v -0.019354 -0.025577 0.011492
v -0.019370 -0.025568 0.011503
v -0.019385 -0.025557 0.011513
v -0.019399 -0.025544 0.011523
v -0.019288 -0.025599 0.011443
v -0.019369 -0.025557 0.011532
v -0.019360 -0.025557 0.011540
v -0.019350 -0.025557 0.011548
v -0.019340 -0.025557 0.011554
v -0.019329 -0.025557 0.011560
v -0.019317 -0.025557 0.011565
v -0.019306 -0.025557 0.011568
v -0.019294 -0.025557 0.011571
v -0.019282 -0.025557 0.011573
v -0.019427 -0.025544 0.011446
v -0.019427 -0.025544 0.011432
v -0.019410 -0.025557 0.011432
v -0.019306 -0.025596 0.011454
v -0.019324 -0.025592 0.011464
v -0.019342 -0.025586 0.011474
v -0.019359 -0.025577 0.011484
v -0.019376 -0.025568 0.011494
v -0.019391 -0.025557 0.011503
v -0.019406 -0.025544 0.011511
v -0.019420 -0.025530 0.011519
v -0.019289 -0.025599 0.011441
v -0.019390 -0.025544 0.011534
v -0.019381 -0.025544 0.011544
v -0.019371 -0.025544 0.011553
v -0.019360 -0.025544 0.011562
v -0.019348 -0.025544 0.011569
v -0.019336 -0.025544 0.011576
v -0.019323 -0.025544 0.011581
v -0.019310 -0.025544 0.011585
v -0.019297 -0.025544 0.011588
v -0.019283 -0.025544 0.011590
v -0.019443 -0.025530 0.011448
v -0.019443 -0.025530 0.011432
v -0.019427 -0.025544 0.011432
v -0.019308 -0.025596 0.011450
v -0.019327 -0.025592 0.011459
v -0.019345 -0.025586 0.011468
v -0.019363 -0.025577 0.011476
v -0.019380 -0.025568 0.011484
v -0.019397 -0.025557 0.011492
v -0.019412 -0.025544 0.011499
v -0.019427 -0.025530 0.011506
v -0.019440 -0.025514 0.011512
v -0.019289 -0.025599 0.011440
v -0.019412 -0.025530 0.011532
v -0.019403 -0.025530 0.011544
v -0.019392 -0.025530 0.011555
v -0.019381 -0.025530 0.011566
v -0.019369 -0.025530 0.011575
v -0.019356 -0.025530 0.011583
v -0.019343 -0.025530 0.011590
v -0.019329 -0.025530 0.011596
v -0.019314 -0.025530 0.011600
v -0.019299 -0.025530 0.011604
v -0.019284 -0.025530 0.011606
v -0.019457 -0.025514 0.011449
v -0.019458 -0.025514 0.011432
v -0.019443 -0.025530 0.011432
v -0.019309 -0.025596 0.011447
v -0.019329 -0.025592 0.011454
v -0.019348 -0.025586 0.011461
v -0.019367 -0.025577 0.011468
v -0.019385 -0.025568 0.011474
v -0.019402 -0.025557 0.011481
v -0.019418 -0.025544 0.011486
v -0.019433 -0.025530 0.011492
v -0.019447 -0.025514 0.011497
v -0.019459 -0.025497 0.011501
v -0.019290 -0.025599 0.011438
v -0.019433 -0.025514 0.011527
v -0.019424 -0.025514 0.011541
v -0.019414 -0.025514 0.011554
v -0.019403 -0.025514 0.011566
v -0.019391 -0.025514 0.011577
v -0.019377 -0.025514 0.011587
v -0.019364 -0.025514 0.011596
v -0.019349 -0.025514 0.011603
v -0.019334 -0.025514 0.011610
v -0.019318 -0.025514 0.011615
v -0.019302 -0.025514 0.011618
v -0.019286 -0.025514 0.011620
v -0.019471 -0.025497 0.011450
v -0.019471 -0.025498 0.011432
v -0.019458 -0.025514 0.011432
v -0.019310 -0.025596 0.011443
v -0.019331 -0.025592 0.011449
v -0.019350 -0.025586 0.011454
v -0.019369 -0.025577 0.011459
v -0.019388 -0.025568 0.011464
v -0.019405 -0.025557 0.011469
v -0.019422 -0.025544 0.011473
v -0.019437 -0.025530 0.011477
v -0.019452 -0.025514 0.011481
v -0.019464 -0.025497 0.011485
v -0.019476 -0.025479 0.011488
v -0.019452 -0.025497 0.011518
v -0.019444 -0.025497 0.011533
v -0.019435 -0.025497 0.011548
v -0.019424 -0.025497 0.011562
v -0.019412 -0.025497 0.011575
v -0.019399 -0.025497 0.011587
v -0.019385 -0.025497 0.011598
v -0.019370 -0.025497 0.011607
v -0.019355 -0.025497 0.011615
v -0.019338 -0.025497 0.011622
v -0.019322 -0.025497 0.011627
v -0.019304 -0.025497 0.011631
v -0.019287 -0.025497 0.011634
v -0.019306 -0.025479 0.011643
v -0.019288 -0.025479 0.011645
v -0.019486 -0.025461 0.011491
v -0.019486 -0.025461 0.011490
v -0.019498 -0.025450 0.011452
v -0.019493 -0.025461 0.011452
v -0.019482 -0.025479 0.011451
v -0.019483 -0.025479 0.011432
v -0.019471 -0.025497 0.011432
v -0.019290 -0.025599 0.011436
v -0.019311 -0.025596 0.011440
v -0.019332 -0.025592 0.011443
v -0.019352 -0.025586 0.011447
v -0.019371 -0.025577 0.011450
v -0.019390 -0.025568 0.011454
v -0.019408 -0.025557 0.011457
v -0.019425 -0.025544 0.011460
v -0.019441 -0.025530 0.011463
v -0.019455 -0.025514 0.011465
v -0.019468 -0.025497 0.011467
v -0.019480 -0.025479 0.011469
v -0.019490 -0.025461 0.011471
v -0.019493 -0.025455 0.011471
v -0.019291 -0.025599 0.011432
v -0.019352 -0.025586 0.009648
v -0.019392 -0.025568 0.009648
v -0.019391 -0.025568 0.009648
v -0.019501 -0.025443 0.009648
v -0.019498 -0.025450 0.009648
v -0.019289 -0.025599 0.009648
v -0.019493 -0.025461 0.009648
v -0.019491 -0.025466 0.009648
v -0.019483 -0.025480 0.009648
v -0.019473 -0.025495 0.009648
v -0.019471 -0.025498 0.009648
v -0.019443 -0.025530 0.009648
v -0.019438 -0.025534 0.009648
v -0.019427 -0.025544 0.009648
v -0.019458 -0.025514 0.009648
v -0.019451 -0.025522 0.009648
v -0.019443 -0.025529 0.009648
v -0.019409 -0.025557 0.009648
v -0.019409 -0.025557 0.009648
v -0.019355 -0.025585 0.009648
v -0.019372 -0.025578 0.009648
v -0.019331 -0.025592 0.009648
v -0.019313 -0.025596 0.009648
v -0.019310 -0.025597 0.009648
v -0.020039 -0.024100 0.011988
v -0.019772 -0.024766 0.009604
v -0.019501 -0.025443 0.009637
v -0.019689 -0.024746 0.009417
v -0.019677 -0.024742 0.009407
v -0.019400 -0.025415 0.009445
v -0.019700 -0.024749 0.009428
v -0.019710 -0.024753 0.009439
v -0.019720 -0.024756 0.009451
v -0.019728 -0.024758 0.009464
v -0.019756 -0.024766 0.009519
v -0.019750 -0.024764 0.009505
v -0.019744 -0.024763 0.009491
v -0.019736 -0.024761 0.009477
v -0.019768 -0.024767 0.009564
v -0.019765 -0.024767 0.009548
v -0.019761 -0.024767 0.009534
v -0.019772 -0.024767 0.009594
v -0.019770 -0.024767 0.009579
v -0.019495 -0.025444 0.009596
v -0.019499 -0.025444 0.009616
v -0.019500 -0.025444 0.009626
v -0.019484 -0.025441 0.009557
v -0.019490 -0.025443 0.009576
v -0.019491 -0.025443 0.009581
v -0.019475 -0.025439 0.009538
v -0.019481 -0.025441 0.009552
v -0.019455 -0.025433 0.009503
v -0.019466 -0.025436 0.009520
v -0.019468 -0.025437 0.009524
v -0.019443 -0.025429 0.009487
v -0.019452 -0.025432 0.009498
v -0.019416 -0.025420 0.009457
v -0.019430 -0.025425 0.009471
v -0.019432 -0.025426 0.009474
v -0.019410 -0.025418 0.009453
v -0.019407 -0.025450 0.009465
v -0.019404 -0.025433 0.009454
v -0.019403 -0.025433 0.009453
v -0.019415 -0.025421 0.009457
v -0.019415 -0.025422 0.009458
v -0.019428 -0.025430 0.009472
v -0.019398 -0.025434 0.009451
v -0.019400 -0.025434 0.009452
v -0.019405 -0.025432 0.009455
v -0.019317 -0.025584 0.009574
v -0.019325 -0.025587 0.009590
v -0.019335 -0.025579 0.009573
v -0.019321 -0.025594 0.009634
v -0.019362 -0.025582 0.009633
v -0.019398 -0.025563 0.009630
v -0.019426 -0.025545 0.009641
v -0.019453 -0.025519 0.009630
v -0.019474 -0.025493 0.009635
v -0.019498 -0.025451 0.009637
v -0.019483 -0.025480 0.009637
v -0.019294 -0.025599 0.009641
v -0.019279 -0.025599 0.009632
v -0.019272 -0.025600 0.009644
v -0.019283 -0.025599 0.009626
v -0.019305 -0.025596 0.009624
v -0.019295 -0.025596 0.009608
v -0.019315 -0.025592 0.009607
v -0.019301 -0.025593 0.009598
v -0.019306 -0.025591 0.009591
v -0.019338 -0.025566 0.009542
v -0.019327 -0.025576 0.009558
v -0.019323 -0.025580 0.009565
v -0.019361 -0.025549 0.009527
v -0.019342 -0.025561 0.009535
v -0.019353 -0.025560 0.009541
v -0.019344 -0.025571 0.009557
v -0.019375 -0.025521 0.009500
v -0.019360 -0.025536 0.009507
v -0.019369 -0.025535 0.009513
v -0.019356 -0.025542 0.009513
v -0.019347 -0.025555 0.009527
v -0.019387 -0.025489 0.009477
v -0.019375 -0.025506 0.009484
v -0.019382 -0.025506 0.009487
v -0.019373 -0.025512 0.009488
v -0.019365 -0.025527 0.009500
v -0.019395 -0.025453 0.009458
v -0.019388 -0.025472 0.009464
v -0.019392 -0.025472 0.009467
v -0.019386 -0.025477 0.009467
v -0.019380 -0.025495 0.009477
v -0.019396 -0.025439 0.009452
v -0.019391 -0.025459 0.009459
v -0.019400 -0.025419 0.009446
v -0.019397 -0.025434 0.009450
v -0.019429 -0.025426 0.009471
v -0.019454 -0.025436 0.009503
v -0.019442 -0.025432 0.009487
v -0.019464 -0.025440 0.009520
v -0.019481 -0.025446 0.009557
v -0.019474 -0.025444 0.009538
v -0.019488 -0.025448 0.009577
v -0.019496 -0.025451 0.009617
v -0.019493 -0.025450 0.009596
v -0.019410 -0.025449 0.009466
v -0.019413 -0.025465 0.009478
v -0.019407 -0.025431 0.009455
v -0.019401 -0.025434 0.009453
v -0.019401 -0.025452 0.009462
v -0.019404 -0.025451 0.009463
v -0.019412 -0.025447 0.009467
v -0.019417 -0.025462 0.009480
v -0.019421 -0.025477 0.009494
v -0.019408 -0.025430 0.009456
v -0.019415 -0.025445 0.009468
v -0.019421 -0.025459 0.009482
v -0.019426 -0.025473 0.009496
v -0.019430 -0.025486 0.009512
v -0.019409 -0.025429 0.009456
v -0.019409 -0.025467 0.009476
v -0.019410 -0.025483 0.009489
v -0.019415 -0.025480 0.009492
v -0.019418 -0.025443 0.009469
v -0.019425 -0.025456 0.009483
v -0.019431 -0.025469 0.009498
v -0.019436 -0.025480 0.009514
v -0.019440 -0.025491 0.009532
v -0.019411 -0.025428 0.009457
v -0.019420 -0.025441 0.009470
v -0.019428 -0.025453 0.009484
v -0.019436 -0.025464 0.009500
v -0.019442 -0.025475 0.009516
v -0.019447 -0.025484 0.009534
v -0.019450 -0.025493 0.009552
v -0.019412 -0.025427 0.009457
v -0.019422 -0.025438 0.009471
v -0.019432 -0.025449 0.009485
v -0.019440 -0.025459 0.009501
v -0.019447 -0.025469 0.009518
v -0.019453 -0.025477 0.009536
v -0.019458 -0.025485 0.009554
v -0.019461 -0.025492 0.009573
v -0.019413 -0.025425 0.009457
v -0.019424 -0.025435 0.009471
v -0.019435 -0.025445 0.009486
v -0.019444 -0.025454 0.009502
v -0.019452 -0.025462 0.009519
v -0.019459 -0.025469 0.009537
v -0.019465 -0.025476 0.009556
v -0.019469 -0.025482 0.009575
v -0.019472 -0.025487 0.009595
v -0.019414 -0.025424 0.009457
v -0.019426 -0.025433 0.009471
v -0.019437 -0.025441 0.009486
v -0.019448 -0.025448 0.009503
v -0.019457 -0.025455 0.009520
v -0.019464 -0.025461 0.009538
v -0.019471 -0.025466 0.009557
v -0.019476 -0.025471 0.009576
v -0.019480 -0.025475 0.009596
v -0.019482 -0.025478 0.009616
v -0.019440 -0.025436 0.009487
v -0.019451 -0.025442 0.009503
v -0.019461 -0.025448 0.009520
v -0.019469 -0.025452 0.009538
v -0.019476 -0.025457 0.009557
v -0.019482 -0.025460 0.009577
v -0.019487 -0.025463 0.009597
v -0.019489 -0.025464 0.009617
v -0.019491 -0.025465 0.009637
v -0.019473 -0.025490 0.009615
v -0.019464 -0.025506 0.009633
v -0.019464 -0.025503 0.009613
v -0.019463 -0.025498 0.009593
v -0.019454 -0.025514 0.009610
v -0.019454 -0.025508 0.009590
v -0.019453 -0.025501 0.009571
v -0.019438 -0.025534 0.009646
v -0.019442 -0.025530 0.009626
v -0.019444 -0.025524 0.009606
v -0.019444 -0.025518 0.009587
v -0.019444 -0.025510 0.009568
v -0.019442 -0.025501 0.009549
v -0.019430 -0.025540 0.009622
v -0.019432 -0.025534 0.009602
v -0.019434 -0.025526 0.009583
v -0.019435 -0.025518 0.009564
v -0.019434 -0.025508 0.009546
v -0.019432 -0.025497 0.009529
v -0.019412 -0.025555 0.009636
v -0.019417 -0.025549 0.009616
v -0.019421 -0.025542 0.009597
v -0.019423 -0.025534 0.009579
v -0.019425 -0.025525 0.009560
v -0.019425 -0.025515 0.009543
v -0.019425 -0.025503 0.009526
v -0.019423 -0.025490 0.009510
v -0.019404 -0.025557 0.009611
v -0.019408 -0.025550 0.009592
v -0.019412 -0.025541 0.009574
v -0.019415 -0.025531 0.009556
v -0.019416 -0.025520 0.009539
v -0.019417 -0.025508 0.009522
v -0.019417 -0.025494 0.009507
v -0.019410 -0.025498 0.009503
v -0.019409 -0.025512 0.009518
v -0.019407 -0.025525 0.009534
v -0.019404 -0.025537 0.009551
v -0.019401 -0.025547 0.009568
v -0.019396 -0.025556 0.009586
v -0.019390 -0.025564 0.009604
v -0.019384 -0.025571 0.009623
v -0.019377 -0.025575 0.009641
v -0.019370 -0.025577 0.009615
v -0.019377 -0.025570 0.009597
v -0.019383 -0.025562 0.009579
v -0.019389 -0.025552 0.009562
v -0.019394 -0.025541 0.009545
v -0.019398 -0.025529 0.009529
v -0.019401 -0.025515 0.009514
v -0.019403 -0.025501 0.009500
v -0.019404 -0.025485 0.009486
v -0.019405 -0.025469 0.009474
v -0.019400 -0.025470 0.009472
v -0.019398 -0.025487 0.009483
v -0.019396 -0.025503 0.009496
v -0.019392 -0.025518 0.009509
v -0.019388 -0.025532 0.009524
v -0.019383 -0.025545 0.009539
v -0.019377 -0.025556 0.009555
v -0.019370 -0.025566 0.009572
v -0.019363 -0.025574 0.009589
v -0.019355 -0.025581 0.009607
v -0.019346 -0.025587 0.009625
v -0.019337 -0.025591 0.009643
v -0.019398 -0.025453 0.009460
v -0.019396 -0.025471 0.009469
v -0.019393 -0.025488 0.009480
v -0.019389 -0.025505 0.009492
v -0.019384 -0.025520 0.009505
v -0.019378 -0.025534 0.009518
v -0.019372 -0.025547 0.009533
v -0.019365 -0.025559 0.009549
v -0.019357 -0.025569 0.009565
v -0.019349 -0.025578 0.009581
v -0.019340 -0.025585 0.009599
v -0.019331 -0.025590 0.009616
v -0.017415 -0.025419 0.007815
v -0.016792 -0.025419 0.007115
v -0.016787 -0.025439 0.007119
v -0.016348 -0.025505 0.006608
v -0.016754 -0.025512 0.007146
v -0.016764 -0.025495 0.007138
v -0.018254 -0.025415 0.008597
v -0.018095 -0.025415 0.008460
v -0.018094 -0.025419 0.008461
v -0.017572 -0.025415 0.007972
v -0.017416 -0.025415 0.007814
v -0.016943 -0.025415 0.007293
v -0.016793 -0.025415 0.007114
v -0.018825 -0.025415 0.009048
v -0.018824 -0.025419 0.009049
v -0.018986 -0.025415 0.009164
v -0.018820 -0.025439 0.009054
v -0.018815 -0.025459 0.009061
v -0.018809 -0.025477 0.009069
v -0.018803 -0.025495 0.009078
v -0.018795 -0.025512 0.009089
v -0.018786 -0.025527 0.009100
v -0.018777 -0.025542 0.009113
v -0.018767 -0.025555 0.009126
v -0.018757 -0.025566 0.009141
v -0.018745 -0.025576 0.009156
v -0.018734 -0.025584 0.009171
v -0.018722 -0.025591 0.009188
v -0.018710 -0.025596 0.009204
v -0.018697 -0.025599 0.009221
v -0.018685 -0.025600 0.009238
v -0.016627 -0.025599 0.007250
v -0.016195 -0.025599 0.006688
v -0.016610 -0.025600 0.007264
v -0.016194 -0.025599 0.006688
v -0.016187 -0.025599 0.006692
v -0.016176 -0.025600 0.006698
v -0.016183 -0.025600 0.006695
v -0.016220 -0.025594 0.006675
v -0.016218 -0.025595 0.006676
v -0.016206 -0.025597 0.006682
v -0.016206 -0.025597 0.006682
v -0.016201 -0.025598 0.006685
v -0.016643 -0.025596 0.007237
v -0.016659 -0.025591 0.007224
v -0.016232 -0.025591 0.006668
v -0.016674 -0.025584 0.007211
v -0.016256 -0.025582 0.006656
v -0.016252 -0.025583 0.006658
v -0.016245 -0.025586 0.006662
v -0.016241 -0.025588 0.006664
v -0.016238 -0.025589 0.006665
v -0.016689 -0.025576 0.007199
v -0.016283 -0.025567 0.006642
v -0.016274 -0.025573 0.006646
v -0.016274 -0.025573 0.006647
v -0.016268 -0.025576 0.006650
v -0.016263 -0.025578 0.006652
v -0.016704 -0.025566 0.007187
v -0.016718 -0.025555 0.007176
v -0.016300 -0.025555 0.006632
v -0.016294 -0.025559 0.006636
v -0.016290 -0.025562 0.006638
v -0.016284 -0.025566 0.006641
v -0.016306 -0.025550 0.006629
v -0.016304 -0.025551 0.006630
v -0.016302 -0.025553 0.006631
v -0.016743 -0.025527 0.007155
v -0.016329 -0.025527 0.006617
v -0.016731 -0.025542 0.007165
v -0.016323 -0.025535 0.006621
v -0.016321 -0.025536 0.006621
v -0.016321 -0.025536 0.006622
v -0.016314 -0.025543 0.006625
v -0.016347 -0.025505 0.006608
v -0.016340 -0.025515 0.006611
v -0.016339 -0.025516 0.006612
v -0.016335 -0.025521 0.006614
v -0.016359 -0.025487 0.006602
v -0.016354 -0.025495 0.006604
v -0.016354 -0.025495 0.006604
v -0.016773 -0.025477 0.007131
v -0.016781 -0.025459 0.007124
v -0.016373 -0.025459 0.006594
v -0.016369 -0.025469 0.006597
v -0.016364 -0.025477 0.006599
v -0.016361 -0.025484 0.006601
v -0.016383 -0.025433 0.006589
v -0.016378 -0.025448 0.006592
v -0.016378 -0.025448 0.006592
v -0.016377 -0.025451 0.006593
v -0.016388 -0.025415 0.006587
v -0.016387 -0.025419 0.006587
v -0.016386 -0.025422 0.006588
v -0.017939 -0.025600 0.008638
v -0.017953 -0.025599 0.008622
v -0.017967 -0.025596 0.008607
v -0.017980 -0.025591 0.008591
v -0.017994 -0.025584 0.008576
v -0.018006 -0.025576 0.008561
v -0.018019 -0.025566 0.008547
v -0.018030 -0.025555 0.008534
v -0.018042 -0.025542 0.008521
v -0.018052 -0.025527 0.008509
v -0.018061 -0.025512 0.008499
v -0.018070 -0.025495 0.008489
v -0.018078 -0.025477 0.008480
v -0.018084 -0.025459 0.008473
v -0.018090 -0.025439 0.008466
v -0.017410 -0.025439 0.007820
v -0.017404 -0.025459 0.007826
v -0.017397 -0.025477 0.007833
v -0.017389 -0.025495 0.007841
v -0.017379 -0.025512 0.007850
v -0.017369 -0.025527 0.007860
v -0.017358 -0.025542 0.007871
v -0.017346 -0.025555 0.007882
v -0.017333 -0.025566 0.007895
v -0.017319 -0.025576 0.007908
v -0.017305 -0.025584 0.007921
v -0.017291 -0.025591 0.007935
v -0.017276 -0.025596 0.007949
v -0.017261 -0.025599 0.007964
v -0.017246 -0.025600 0.007979
v -0.016237 -0.025440 0.006505
v -0.016231 -0.025432 0.006503
v -0.016214 -0.025441 0.006503
v -0.016203 -0.025473 0.006510
v -0.016205 -0.025482 0.006514
v -0.016218 -0.025479 0.006514
v -0.016264 -0.025507 0.006542
v -0.016260 -0.025499 0.006535
v -0.016244 -0.025507 0.006535
v -0.016241 -0.025499 0.006529
v -0.016191 -0.025551 0.006565
v -0.016201 -0.025550 0.006565
v -0.016200 -0.025543 0.006557
v -0.016250 -0.025545 0.006573
v -0.016260 -0.025541 0.006573
v -0.016257 -0.025535 0.006565
v -0.016253 -0.025551 0.006582
v -0.016263 -0.025547 0.006582
v -0.016255 -0.025556 0.006592
v -0.016265 -0.025553 0.006592
v -0.016263 -0.025576 0.006641
v -0.016274 -0.025572 0.006641
v -0.016272 -0.025569 0.006631
v -0.016283 -0.025564 0.006631
v -0.016294 -0.025559 0.006631
v -0.016292 -0.025556 0.006621
v -0.016382 -0.025413 0.006578
v -0.016379 -0.025412 0.006574
v -0.016378 -0.025420 0.006573
v -0.016253 -0.025370 0.006501
v -0.016249 -0.025379 0.006500
v -0.016258 -0.025381 0.006501
v -0.016232 -0.025363 0.006500
v -0.016226 -0.025387 0.006500
v -0.016234 -0.025391 0.006500
v -0.016220 -0.025382 0.006500
v -0.016172 -0.025600 0.006698
v -0.016218 -0.025595 0.006672
v -0.016263 -0.025579 0.006651
v -0.016303 -0.025550 0.006621
v -0.016346 -0.025504 0.006601
v -0.016358 -0.025482 0.006591
v -0.016373 -0.025446 0.006582
v -0.016384 -0.025422 0.006583
v -0.016379 -0.025433 0.006582
v -0.016373 -0.025432 0.006573
v -0.016373 -0.025459 0.006591
v -0.016321 -0.025532 0.006611
v -0.016332 -0.025523 0.006610
v -0.016340 -0.025516 0.006610
v -0.016313 -0.025543 0.006621
v -0.016311 -0.025540 0.006611
v -0.016252 -0.025583 0.006652
v -0.016229 -0.025591 0.006662
v -0.016194 -0.025599 0.006682
v -0.016206 -0.025596 0.006672
v -0.016172 -0.025600 0.006692
v -0.016183 -0.025600 0.006692
v -0.016183 -0.025599 0.006682
v -0.016182 -0.025589 0.006631
v -0.016172 -0.025588 0.006631
v -0.016172 -0.025593 0.006647
v -0.016182 -0.025576 0.006601
v -0.016172 -0.025574 0.006602
v -0.016172 -0.025581 0.006615
v -0.016182 -0.025571 0.006592
v -0.016172 -0.025569 0.006593
v -0.016172 -0.025573 0.006600
v -0.016172 -0.025553 0.006571
v -0.016172 -0.025556 0.006575
v -0.016182 -0.025558 0.006573
v -0.016172 -0.025564 0.006585
v -0.016182 -0.025544 0.006556
v -0.016172 -0.025549 0.006567
v -0.016182 -0.025552 0.006565
v -0.016181 -0.025503 0.006523
v -0.016172 -0.025515 0.006536
v -0.016182 -0.025513 0.006530
v -0.016172 -0.025518 0.006538
v -0.016181 -0.025520 0.006535
v -0.016172 -0.025529 0.006547
v -0.016182 -0.025529 0.006542
v -0.016172 -0.025534 0.006552
v -0.016182 -0.025537 0.006549
v -0.016172 -0.025541 0.006559
v -0.016172 -0.025542 0.006559
v -0.016181 -0.025494 0.006518
v -0.016172 -0.025500 0.006527
v -0.016172 -0.025501 0.006527
v -0.016181 -0.025476 0.006510
v -0.016172 -0.025484 0.006518
v -0.016181 -0.025485 0.006514
v -0.016172 -0.025485 0.006519
v -0.016172 -0.025493 0.006523
v -0.016180 -0.025457 0.006505
v -0.016172 -0.025466 0.006511
v -0.016180 -0.025467 0.006507
v -0.016172 -0.025469 0.006512
v -0.016172 -0.025475 0.006515
v -0.016172 -0.025448 0.006506
v -0.016172 -0.025453 0.006507
v -0.016172 -0.025457 0.006508
v -0.016172 -0.025430 0.006502
v -0.016172 -0.025436 0.006503
v -0.016180 -0.025439 0.006501
v -0.016172 -0.025402 0.006500
v -0.016172 -0.025406 0.006500
v -0.016179 -0.025406 0.006501
v -0.016172 -0.025414 0.006500
v -0.016178 -0.025400 0.006500
v -0.016172 -0.025400 0.006500
v -0.016188 -0.025405 0.006501
v -0.016185 -0.025399 0.006500
v -0.016196 -0.025402 0.006501
v -0.016193 -0.025397 0.006500
v -0.016209 -0.025404 0.006500
v -0.016202 -0.025394 0.006500
v -0.016197 -0.025396 0.006500
v -0.016265 -0.025374 0.006503
v -0.016267 -0.025383 0.006503
v -0.016269 -0.025375 0.006504
v -0.016276 -0.025378 0.006506
v -0.016277 -0.025385 0.006505
v -0.016278 -0.025378 0.006506
v -0.016287 -0.025381 0.006509
v -0.016286 -0.025387 0.006507
v -0.016287 -0.025381 0.006509
v -0.016315 -0.025390 0.006520
v -0.016315 -0.025393 0.006518
v -0.016320 -0.025392 0.006523
v -0.016324 -0.025396 0.006523
v -0.016339 -0.025399 0.006535
v -0.016333 -0.025396 0.006531
v -0.016333 -0.025398 0.006529
v -0.016329 -0.025395 0.006528
v -0.016324 -0.025393 0.006525
v -0.016341 -0.025399 0.006537
v -0.016339 -0.025409 0.006535
v -0.016349 -0.025402 0.006543
v -0.016348 -0.025411 0.006542
v -0.016349 -0.025402 0.006543
v -0.016356 -0.025414 0.006549
v -0.016358 -0.025405 0.006551
v -0.016241 -0.025588 0.006662
v -0.016241 -0.025586 0.006652
v -0.016257 -0.025561 0.006601
v -0.016246 -0.025565 0.006601
v -0.016248 -0.025570 0.006611
v -0.016237 -0.025573 0.006611
v -0.016238 -0.025577 0.006621
v -0.016227 -0.025580 0.006621
v -0.016228 -0.025583 0.006631
v -0.016216 -0.025585 0.006631
v -0.016217 -0.025588 0.006641
v -0.016205 -0.025590 0.006641
v -0.016206 -0.025593 0.006652
v -0.016194 -0.025594 0.006652
v -0.016194 -0.025596 0.006662
v -0.016182 -0.025597 0.006662
v -0.016183 -0.025598 0.006672
v -0.016172 -0.025598 0.006672
v -0.016172 -0.025599 0.006681
v -0.016245 -0.025560 0.006592
v -0.016236 -0.025568 0.006601
v -0.016226 -0.025575 0.006611
v -0.016216 -0.025582 0.006621
v -0.016205 -0.025587 0.006631
v -0.016194 -0.025591 0.006641
v -0.016182 -0.025595 0.006652
v -0.016172 -0.025597 0.006664
v -0.016260 -0.025518 0.006549
v -0.016268 -0.025513 0.006549
v -0.016263 -0.025525 0.006557
v -0.016272 -0.025520 0.006557
v -0.016266 -0.025531 0.006565
v -0.016276 -0.025526 0.006565
v -0.016270 -0.025537 0.006573
v -0.016279 -0.025532 0.006573
v -0.016272 -0.025543 0.006582
v -0.016234 -0.025528 0.006549
v -0.016236 -0.025535 0.006557
v -0.016251 -0.025521 0.006549
v -0.016245 -0.025532 0.006557
v -0.016254 -0.025528 0.006557
v -0.016243 -0.025554 0.006582
v -0.016234 -0.025563 0.006592
v -0.016225 -0.025571 0.006601
v -0.016215 -0.025577 0.006611
v -0.016205 -0.025583 0.006621
v -0.016194 -0.025588 0.006631
v -0.016182 -0.025592 0.006641
v -0.016172 -0.025594 0.006652
v -0.016248 -0.025539 0.006565
v -0.016241 -0.025548 0.006573
v -0.016233 -0.025557 0.006582
v -0.016224 -0.025565 0.006592
v -0.016214 -0.025573 0.006601
v -0.016204 -0.025579 0.006611
v -0.016193 -0.025584 0.006621
v -0.016239 -0.025542 0.006565
v -0.016231 -0.025551 0.006573
v -0.016223 -0.025560 0.006582
v -0.016213 -0.025567 0.006592
v -0.016204 -0.025574 0.006601
v -0.016193 -0.025580 0.006611
v -0.016182 -0.025585 0.006621
v -0.016172 -0.025588 0.006631
v -0.016229 -0.025545 0.006565
v -0.016221 -0.025553 0.006573
v -0.016212 -0.025562 0.006582
v -0.016203 -0.025569 0.006592
v -0.016193 -0.025575 0.006601
v -0.016182 -0.025581 0.006612
v -0.016172 -0.025584 0.006622
v -0.016220 -0.025547 0.006565
v -0.016211 -0.025555 0.006573
v -0.016202 -0.025563 0.006582
v -0.016192 -0.025570 0.006592
v -0.016192 -0.025558 0.006573
v -0.016182 -0.025565 0.006583
v -0.016275 -0.025490 0.006535
v -0.016272 -0.025502 0.006542
v -0.016280 -0.025497 0.006542
v -0.016276 -0.025509 0.006549
v -0.016284 -0.025504 0.006549
v -0.016281 -0.025515 0.006557
v -0.016289 -0.025510 0.006557
v -0.016285 -0.025521 0.006565
v -0.016248 -0.025514 0.006542
v -0.016270 -0.025483 0.006529
v -0.016255 -0.025492 0.006529
v -0.016251 -0.025484 0.006523
v -0.016237 -0.025491 0.006523
v -0.016233 -0.025483 0.006518
v -0.016231 -0.025520 0.006542
v -0.016229 -0.025512 0.006535
v -0.016226 -0.025504 0.006529
v -0.016223 -0.025496 0.006523
v -0.016220 -0.025487 0.006518
v -0.016207 -0.025491 0.006518
v -0.016209 -0.025500 0.006523
v -0.016211 -0.025508 0.006529
v -0.016213 -0.025516 0.006535
v -0.016215 -0.025525 0.006542
v -0.016216 -0.025532 0.006549
v -0.016218 -0.025540 0.006557
v -0.016210 -0.025549 0.006565
v -0.016201 -0.025557 0.006573
v -0.016192 -0.025564 0.006582
v -0.016195 -0.025438 0.006501
v -0.016211 -0.025433 0.006501
v -0.016225 -0.025425 0.006501
v -0.016180 -0.025448 0.006503
v -0.016197 -0.025447 0.006503
v -0.016199 -0.025455 0.006505
v -0.016218 -0.025449 0.006505
v -0.016180 -0.025431 0.006500
v -0.016193 -0.025429 0.006500
v -0.016207 -0.025425 0.006500
v -0.016220 -0.025418 0.006500
v -0.016199 -0.025535 0.006549
v -0.016198 -0.025527 0.006542
v -0.016197 -0.025519 0.006535
v -0.016196 -0.025511 0.006529
v -0.016195 -0.025502 0.006523
v -0.016194 -0.025493 0.006518
v -0.016193 -0.025484 0.006514
v -0.016192 -0.025475 0.006510
v -0.016191 -0.025466 0.006507
v -0.016200 -0.025410 0.006500
v -0.016190 -0.025413 0.006500
v -0.016179 -0.025414 0.006500
v -0.016172 -0.025419 0.006501
v -0.016179 -0.025422 0.006500
v -0.016191 -0.025421 0.006500
v -0.016203 -0.025417 0.006500
v -0.016215 -0.025411 0.006500
v -0.016322 -0.025404 0.006523
v -0.016330 -0.025406 0.006529
v -0.016293 -0.025420 0.006514
v -0.016302 -0.025424 0.006518
v -0.016309 -0.025409 0.006518
v -0.016329 -0.025462 0.006549
v -0.016335 -0.025453 0.006549
v -0.016328 -0.025449 0.006542
v -0.016283 -0.025473 0.006529
v -0.016282 -0.025485 0.006535
v -0.016289 -0.025480 0.006535
v -0.016287 -0.025492 0.006542
v -0.016295 -0.025486 0.006542
v -0.016292 -0.025498 0.006549
v -0.016296 -0.025474 0.006535
v -0.016296 -0.025461 0.006529
v -0.016277 -0.025467 0.006523
v -0.016264 -0.025476 0.006523
v -0.016259 -0.025469 0.006518
v -0.016246 -0.025477 0.006518
v -0.016242 -0.025469 0.006514
v -0.016230 -0.025474 0.006514
v -0.016226 -0.025466 0.006510
v -0.016215 -0.025470 0.006510
v -0.016212 -0.025461 0.006507
v -0.016201 -0.025464 0.006507
v -0.016310 -0.025428 0.006523
v -0.016292 -0.025438 0.006518
v -0.016300 -0.025443 0.006523
v -0.016282 -0.025450 0.006518
v -0.016289 -0.025456 0.006523
v -0.016271 -0.025460 0.006518
v -0.016253 -0.025462 0.006514
v -0.016264 -0.025453 0.006514
v -0.016275 -0.025444 0.006514
v -0.016222 -0.025458 0.006507
v -0.016237 -0.025461 0.006510
v -0.016285 -0.025433 0.006514
v -0.016277 -0.025427 0.006510
v -0.016268 -0.025438 0.006510
v -0.016261 -0.025432 0.006507
v -0.016258 -0.025447 0.006510
v -0.016172 -0.025439 0.006504
v -0.016309 -0.025389 0.006518
v -0.016307 -0.025392 0.006515
v -0.016300 -0.025406 0.006514
v -0.016291 -0.025403 0.006510
v -0.016285 -0.025416 0.006510
v -0.016276 -0.025411 0.006507
v -0.016269 -0.025422 0.006507
v -0.016267 -0.025407 0.006505
v -0.016273 -0.025396 0.006505
v -0.016282 -0.025400 0.006507
v -0.016297 -0.025389 0.006511
v -0.016299 -0.025385 0.006513
v -0.016241 -0.025366 0.006500
v -0.016242 -0.025395 0.006500
v -0.016250 -0.025399 0.006501
v -0.016259 -0.025403 0.006503
v -0.016367 -0.025408 0.006559
v -0.016364 -0.025416 0.006557
v -0.016352 -0.025424 0.006549
v -0.016344 -0.025421 0.006542
v -0.016335 -0.025418 0.006535
v -0.016327 -0.025415 0.006529
v -0.016318 -0.025412 0.006523
v -0.016248 -0.025454 0.006510
v -0.016252 -0.025440 0.006507
v -0.016242 -0.025447 0.006507
v -0.016253 -0.025426 0.006505
v -0.016232 -0.025408 0.006500
v -0.016239 -0.025414 0.006501
v -0.016246 -0.025420 0.006503
v -0.016232 -0.025453 0.006507
v -0.016367 -0.025443 0.006573
v -0.016361 -0.025440 0.006565
v -0.016375 -0.025410 0.006568
v -0.016371 -0.025418 0.006565
v -0.016366 -0.025429 0.006565
v -0.016359 -0.025427 0.006557
v -0.016354 -0.025437 0.006557
v -0.016347 -0.025434 0.006549
v -0.016341 -0.025444 0.006549
v -0.016339 -0.025431 0.006542
v -0.016334 -0.025440 0.006542
v -0.016331 -0.025428 0.006535
v -0.016326 -0.025436 0.006535
v -0.016323 -0.025424 0.006529
v -0.016318 -0.025432 0.006529
v -0.016314 -0.025420 0.006523
v -0.016355 -0.025451 0.006565
v -0.016361 -0.025454 0.006573
v -0.016367 -0.025457 0.006582
v -0.016172 -0.025422 0.006501
v -0.016349 -0.025461 0.006565
v -0.016355 -0.025465 0.006573
v -0.016360 -0.025468 0.006582
v -0.016366 -0.025470 0.006591
v -0.016342 -0.025471 0.006565
v -0.016348 -0.025475 0.006573
v -0.016353 -0.025478 0.006582
v -0.016348 -0.025448 0.006557
v -0.016342 -0.025457 0.006557
v -0.016336 -0.025466 0.006557
v -0.016334 -0.025480 0.006565
v -0.016340 -0.025484 0.006573
v -0.016345 -0.025488 0.006582
v -0.016350 -0.025491 0.006592
v -0.016354 -0.025495 0.006601
v -0.016329 -0.025475 0.006557
v -0.016327 -0.025488 0.006565
v -0.016332 -0.025492 0.006573
v -0.016337 -0.025497 0.006582
v -0.016342 -0.025501 0.006592
v -0.016282 -0.025561 0.006621
v -0.016290 -0.025552 0.006611
v -0.016301 -0.025546 0.006611
v -0.016298 -0.025542 0.006601
v -0.016308 -0.025536 0.006601
v -0.016305 -0.025531 0.006592
v -0.016318 -0.025529 0.006601
v -0.016314 -0.025525 0.006592
v -0.016327 -0.025521 0.006601
v -0.016324 -0.025517 0.006592
v -0.016337 -0.025513 0.006601
v -0.016333 -0.025509 0.006592
v -0.016311 -0.025520 0.006582
v -0.016320 -0.025513 0.006582
v -0.016315 -0.025508 0.006573
v -0.016328 -0.025505 0.006582
v -0.016324 -0.025501 0.006573
v -0.016311 -0.025503 0.006565
v -0.016319 -0.025496 0.006565
v -0.016314 -0.025491 0.006557
v -0.016321 -0.025483 0.006557
v -0.016315 -0.025478 0.006549
v -0.016322 -0.025470 0.006549
v -0.016316 -0.025465 0.006542
v -0.016322 -0.025457 0.006542
v -0.016315 -0.025453 0.006535
v -0.016321 -0.025445 0.006535
v -0.016313 -0.025440 0.006529
v -0.016301 -0.025526 0.006582
v -0.016306 -0.025515 0.006573
v -0.016308 -0.025448 0.006529
v -0.016302 -0.025455 0.006529
v -0.016309 -0.025460 0.006535
v -0.016303 -0.025467 0.006535
v -0.016309 -0.025473 0.006542
v -0.016302 -0.025479 0.006542
v -0.016308 -0.025485 0.006549
v -0.016300 -0.025492 0.006549
v -0.016306 -0.025498 0.006557
v -0.016297 -0.025504 0.006557
v -0.016302 -0.025510 0.006565
v -0.016293 -0.025516 0.006565
v -0.016297 -0.025521 0.006573
v -0.016288 -0.025527 0.006573
v -0.016292 -0.025532 0.006582
v -0.016282 -0.025538 0.006582
v -0.016285 -0.025543 0.006592
v -0.016275 -0.025548 0.006592
v -0.016278 -0.025553 0.006601
v -0.016267 -0.025557 0.006601
v -0.016269 -0.025562 0.006611
v -0.016258 -0.025566 0.006611
v -0.016260 -0.025570 0.006621
v -0.016249 -0.025574 0.006621
v -0.016250 -0.025577 0.006631
v -0.016239 -0.025580 0.006631
v -0.016240 -0.025584 0.006641
v -0.016228 -0.025586 0.006641
v -0.016229 -0.025589 0.006652
v -0.016217 -0.025591 0.006652
v -0.016218 -0.025593 0.006662
v -0.016206 -0.025595 0.006662
v -0.016194 -0.025598 0.006672
v -0.016295 -0.025537 0.006592
v -0.016288 -0.025548 0.006601
v -0.016280 -0.025557 0.006611
v -0.016271 -0.025566 0.006621
v -0.016261 -0.025573 0.006631
v -0.016251 -0.025580 0.006641
v -0.014645 -0.025400 0.006500
v -0.014637 -0.025417 0.006501
v -0.014550 -0.025600 0.006698
v -0.014550 -0.025600 0.006690
v -0.014550 -0.025599 0.006683
v -0.014550 -0.025599 0.006681
v -0.014551 -0.025598 0.006673
v -0.014551 -0.025597 0.006665
v -0.014552 -0.025597 0.006664
v -0.014552 -0.025595 0.006656
v -0.014553 -0.025593 0.006648
v -0.014553 -0.025593 0.006647
v -0.014554 -0.025591 0.006639
v -0.014556 -0.025588 0.006632
v -0.014556 -0.025588 0.006631
v -0.014557 -0.025585 0.006623
v -0.014559 -0.025581 0.006615
v -0.014559 -0.025581 0.006615
v -0.014561 -0.025577 0.006607
v -0.014563 -0.025573 0.006600
v -0.014563 -0.025573 0.006600
v -0.014565 -0.025569 0.006592
v -0.014567 -0.025564 0.006585
v -0.014567 -0.025564 0.006585
v -0.014570 -0.025559 0.006578
v -0.014572 -0.025553 0.006571
v -0.014572 -0.025553 0.006571
v -0.014578 -0.025541 0.006559
v -0.014584 -0.025529 0.006547
v -0.014590 -0.025515 0.006536
v -0.014591 -0.025515 0.006536
v -0.014597 -0.025500 0.006527
v -0.014598 -0.025500 0.006527
v -0.014605 -0.025485 0.006519
v -0.014605 -0.025485 0.006519
v -0.014612 -0.025469 0.006512
v -0.014613 -0.025468 0.006512
v -0.014620 -0.025453 0.006507
v -0.014620 -0.025452 0.006507
v -0.014628 -0.025436 0.006503
v -0.014629 -0.025435 0.006503
v -0.014636 -0.025419 0.006501
v -0.014050 -0.024669 0.006500
v -0.016458 -0.024708 0.006500
v -0.016537 -0.024734 0.006522
v -0.016599 -0.024755 0.006577
v -0.016605 -0.024757 0.006585
v -0.016575 -0.024747 0.006549
v -0.016565 -0.024744 0.006541
v -0.016556 -0.024741 0.006534
v -0.016546 -0.024737 0.006527
v -0.016515 -0.024727 0.006512
v -0.016504 -0.024723 0.006508
v -0.016469 -0.024712 0.006501
v -0.016481 -0.024716 0.006503
v -0.016492 -0.024719 0.006505
v -0.016526 -0.024731 0.006517
v -0.016583 -0.024750 0.006558
v -0.016592 -0.024753 0.006567
v -0.014033 -0.024675 0.006501
v -0.014015 -0.024681 0.006503
v -0.013998 -0.024687 0.006507
v -0.013982 -0.024693 0.006512
v -0.013965 -0.024699 0.006519
v -0.013950 -0.024704 0.006527
v -0.013935 -0.024710 0.006536
v -0.013921 -0.024715 0.006547
v -0.013909 -0.024719 0.006559
v -0.013903 -0.024721 0.006565
v -0.013897 -0.024723 0.006571
v -0.013891 -0.024725 0.006578
v -0.013886 -0.024727 0.006585
v -0.013881 -0.024729 0.006593
v -0.013877 -0.024730 0.006600
v -0.013873 -0.024732 0.006608
v -0.013869 -0.024733 0.006615
v -0.013865 -0.024735 0.006623
v -0.013862 -0.024736 0.006632
v -0.013859 -0.024737 0.006640
v -0.013857 -0.024738 0.006648
v -0.013855 -0.024738 0.006657
v -0.013853 -0.024739 0.006665
v -0.013852 -0.024739 0.006674
v -0.013851 -0.024740 0.006683
v -0.013850 -0.024740 0.006691
v -0.013850 -0.024740 0.006700
v -0.013850 -0.024740 0.010100
v -0.009250 -0.024740 0.010100
v -0.009250 -0.024740 -0.010100
v -0.005855 -0.027456 -0.008739
v -0.005855 -0.027456 0.008739
v -0.013850 -0.024740 -0.010100
v -0.012350 -0.023350 -0.010100
v -0.013850 -0.023350 -0.010100
v -0.011550 -0.023350 -0.010100
v -0.009250 -0.023350 -0.010100
v -0.011550 -0.023350 -0.010760
v -0.009250 -0.023350 -0.010760
v -0.009250 -0.023350 0.010100
v -0.009250 -0.023350 0.010760
v -0.009250 -0.021350 0.010788
v -0.009250 -0.021350 -0.010788
v 0.005534 -0.019372 -0.010816
v 0.005564 -0.015100 -0.010876
v -0.008250 -0.021350 -0.010788
v -0.018872 -0.022977 -0.010766
v -0.018862 -0.020600 -0.010799
v -0.012350 -0.020500 -0.010800
v -0.011550 -0.020500 -0.010800
v -0.012675 -0.015100 -0.010876
v -0.013850 -0.023350 -0.010760
v -0.012350 -0.023350 -0.010760
v -0.013850 -0.020500 -0.010800
v -0.031369 -0.020713 -0.010797
v -0.031418 -0.017848 -0.010837
v 0.005507 -0.023716 -0.010755
v -0.008250 -0.023801 -0.010754
v 0.005506 -0.023801 -0.010754
v -0.015846 -0.020148 -0.010805
v -0.015808 -0.020166 -0.010805
v -0.014850 -0.020500 -0.010800
v -0.015772 -0.020187 -0.010805
v -0.015767 -0.020190 -0.010805
v -0.015738 -0.020210 -0.010804
v -0.015716 -0.020228 -0.010804
v -0.015695 -0.020246 -0.010804
v -0.015686 -0.020256 -0.010804
v -0.015658 -0.020285 -0.010803
v -0.015635 -0.020313 -0.010803
v -0.015634 -0.020315 -0.010803
v -0.015612 -0.020347 -0.010802
v -0.015599 -0.020368 -0.010802
v -0.015556 -0.020474 -0.010801
v -0.015557 -0.020471 -0.010801
v -0.015567 -0.020438 -0.010801
v -0.015589 -0.020389 -0.010802
v -0.015582 -0.020403 -0.010802
v -0.015547 -0.020510 -0.010800
v -0.015544 -0.020528 -0.010800
v -0.015541 -0.020556 -0.010799
v -0.018632 -0.020190 -0.010805
v -0.031468 -0.015100 -0.010876
v -0.018633 -0.020190 -0.010805
v -0.018667 -0.020214 -0.010804
v -0.015524 -0.023801 -0.010754
v -0.014850 -0.023801 -0.010754
v -0.015538 -0.020600 -0.010799
v -0.015540 -0.020565 -0.010799
v -0.018860 -0.020562 -0.010799
v -0.018428 -0.020110 -0.010806
v -0.018463 -0.020117 -0.010806
v -0.018474 -0.020120 -0.010806
v -0.015942 -0.020116 -0.010806
v -0.015937 -0.020117 -0.010806
v -0.015899 -0.020128 -0.010805
v -0.015887 -0.020132 -0.010805
v -0.015885 -0.020133 -0.010805
v -0.015848 -0.020147 -0.010805
v -0.018728 -0.020269 -0.010803
v -0.018705 -0.020246 -0.010804
v -0.018698 -0.020240 -0.010804
v -0.018594 -0.020167 -0.010805
v -0.018555 -0.020148 -0.010805
v -0.018552 -0.020147 -0.010805
v -0.016033 -0.020102 -0.010806
v -0.016032 -0.020102 -0.010806
v -0.015987 -0.020107 -0.010806
v -0.018834 -0.020441 -0.010801
v -0.018819 -0.020405 -0.010802
v -0.018781 -0.020336 -0.010803
v -0.018765 -0.020313 -0.010803
v -0.018381 -0.020103 -0.010806
v -0.018368 -0.020102 -0.010806
v -0.018333 -0.020100 -0.010806
v -0.018811 -0.020389 -0.010802
v -0.018801 -0.020370 -0.010802
v -0.018758 -0.020305 -0.010803
v -0.018755 -0.020300 -0.010803
v -0.018515 -0.020133 -0.010805
v -0.018514 -0.020132 -0.010805
v -0.018320 -0.020100 -0.010806
v -0.016080 -0.020100 -0.010806
v -0.018859 -0.020556 -0.010799
v -0.018855 -0.020524 -0.010800
v -0.018848 -0.020487 -0.010800
v -0.018843 -0.020471 -0.010801
v -0.018837 -0.020451 -0.010801
v -0.008587 -0.021350 -0.002649
v -0.008446 -0.021350 -0.003337
v -0.008250 -0.021350 -0.004012
v -0.008250 -0.021350 0.010788
v -0.008250 -0.021350 0.001512
v -0.008446 -0.021350 0.000837
v -0.008587 -0.021350 0.000149
v -0.008672 -0.021350 -0.000548
v -0.008700 -0.021350 -0.001250
v -0.008672 -0.021350 -0.001952
v -0.008250 -0.023350 -0.004012
v -0.008446 -0.023350 -0.003337
v -0.008587 -0.023350 -0.002649
v -0.008672 -0.023350 -0.001952
v -0.008700 -0.023350 -0.001250
v -0.008672 -0.023350 -0.000548
v -0.008587 -0.023350 0.000149
v -0.008446 -0.023350 0.000837
v -0.008250 -0.023350 0.001512
v -0.008250 -0.024100 -0.008550
v -0.008250 -0.024259 -0.008536
v -0.008250 -0.023801 0.010754
v -0.008250 -0.024100 0.010634
v -0.008250 -0.024100 0.008550
v -0.008250 -0.024100 -0.010634
v -0.008250 -0.024259 0.008536
v 0.005459 -0.024100 -0.010634
v 0.005449 -0.024100 -0.010604
v 0.005507 -0.015100 -0.010755
v 0.007854 -0.024100 -0.008199
v 0.007884 -0.024100 -0.008209
v 0.008004 -0.023801 -0.008256
v 0.005449 -0.015100 -0.010604
v 0.005404 -0.024100 -0.010448
v 0.005404 -0.015100 -0.010448
v 0.005372 -0.024100 -0.010289
v 0.005372 -0.015100 -0.010289
v 0.005354 -0.024100 -0.010128
v 0.005354 -0.015100 -0.010128
v 0.005350 -0.024100 -0.009966
v 0.005350 -0.015100 -0.009966
v 0.005360 -0.024100 -0.009805
v 0.005360 -0.015100 -0.009805
v 0.005384 -0.024100 -0.009644
v 0.005384 -0.015100 -0.009644
v 0.005421 -0.024100 -0.009487
v 0.005421 -0.015100 -0.009487
v 0.005471 -0.024100 -0.009333
v 0.005471 -0.015100 -0.009333
v 0.005534 -0.024100 -0.009184
v 0.005534 -0.015100 -0.009184
v 0.005610 -0.024100 -0.009040
v 0.005610 -0.015100 -0.009040
v 0.005698 -0.024100 -0.008904
v 0.005698 -0.015100 -0.008904
v 0.005797 -0.024100 -0.008776
v 0.005797 -0.015100 -0.008776
v 0.005906 -0.024100 -0.008656
v 0.005906 -0.015100 -0.008656
v 0.006026 -0.024100 -0.008547
v 0.006026 -0.015100 -0.008547
v 0.006154 -0.024100 -0.008448
v 0.006154 -0.015100 -0.008448
v 0.006290 -0.024100 -0.008360
v 0.006290 -0.015100 -0.008360
v 0.006434 -0.024100 -0.008284
v 0.006434 -0.015100 -0.008284
v 0.006583 -0.024100 -0.008221
v 0.006583 -0.015100 -0.008221
v 0.006737 -0.024100 -0.008171
v 0.006737 -0.015100 -0.008171
v 0.006894 -0.024100 -0.008134
v 0.006894 -0.015100 -0.008134
v 0.007055 -0.024100 -0.008110
v 0.007055 -0.015100 -0.008110
v 0.007216 -0.024100 -0.008100
v 0.007216 -0.015100 -0.008100
v 0.007378 -0.024100 -0.008104
v 0.007378 -0.015100 -0.008104
v 0.007539 -0.024100 -0.008122
v 0.007539 -0.015100 -0.008122
v 0.007698 -0.024100 -0.008154
v 0.007698 -0.015100 -0.008154
v 0.007854 -0.015100 -0.008199
v 0.008005 -0.015100 -0.008257
v 0.008066 -0.019372 -0.008284
v 0.008126 -0.015100 -0.008314
v 0.003603 -0.024100 -0.008550
v 0.005459 -0.024100 0.010634
v 0.005449 -0.024100 0.010604
v 0.007884 -0.024100 0.008209
v 0.005404 -0.024100 0.010448
v 0.005372 -0.024100 0.010289
v 0.005350 -0.024100 0.009966
v 0.005360 -0.024100 0.009805
v 0.003603 -0.024100 0.008550
v 0.007216 -0.024100 0.008100
v 0.007055 -0.024100 0.008110
v 0.005354 -0.024100 0.010128
v 0.005384 -0.024100 0.009644
v 0.005421 -0.024100 0.009487
v 0.005471 -0.024100 0.009333
v 0.006583 -0.024100 0.008221
v 0.006737 -0.024100 0.008171
v 0.006894 -0.024100 0.008134
v 0.006154 -0.024100 0.008448
v 0.006290 -0.024100 0.008360
v 0.006434 -0.024100 0.008284
v 0.007378 -0.024100 0.008104
v 0.007539 -0.024100 0.008122
v 0.007698 -0.024100 0.008154
v 0.005534 -0.024100 0.009184
v 0.005610 -0.024100 0.009040
v 0.005698 -0.024100 0.008904
v 0.005797 -0.024100 0.008776
v 0.005906 -0.024100 0.008656
v 0.006026 -0.024100 0.008547
v 0.007854 -0.024100 0.008199
v 0.008004 -0.023801 0.008256
v 0.008126 -0.015100 0.008314
v 0.008126 -0.015100 0.001859
v 0.008066 -0.019372 0.008284
v 0.008069 -0.019134 0.002002
v 0.008005 -0.023716 0.008257
v 0.008010 -0.023350 0.002144
v 0.008126 -0.015100 -0.004359
v 0.008069 -0.019134 -0.004502
v 0.008010 -0.023350 -0.004644
v 0.008246 -0.023350 0.001524
v 0.008586 -0.023350 -0.002655
v 0.008444 -0.023350 -0.003347
v 0.008246 -0.023350 -0.004024
v 0.008586 -0.023350 0.000155
v 0.008671 -0.023350 -0.000545
v 0.008700 -0.023350 -0.001250
v 0.008444 -0.023350 0.000847
v 0.008671 -0.023350 -0.001955
v 0.008246 -0.015100 0.001524
v 0.008444 -0.015100 0.000847
v 0.008586 -0.015100 0.000155
v 0.008610 -0.015100 0.000001
v 0.008671 -0.015100 -0.000545
v 0.008700 -0.015100 -0.001250
v 0.008671 -0.015100 -0.001955
v 0.008586 -0.015100 -0.002655
v 0.008444 -0.015100 -0.003347
v 0.008246 -0.015100 -0.004024
v 0.008892 -0.015100 0.000000
v 0.007320 -0.015100 0.010797
v 0.007250 -0.015100 0.010800
v 0.007612 -0.015100 0.011642
v 0.008892 -0.015100 0.010362
v 0.007709 -0.015100 0.009345
v 0.007764 -0.015100 0.009387
v 0.007180 -0.015100 0.010797
v 0.007111 -0.015100 0.010788
v 0.007043 -0.015100 0.010773
v 0.006912 -0.015100 0.010725
v 0.006850 -0.015100 0.010693
v 0.005564 -0.015100 0.010876
v 0.006684 -0.015100 0.010566
v 0.006637 -0.015100 0.010514
v 0.007588 -0.015100 0.010725
v 0.007524 -0.015100 0.010752
v 0.007834 -0.015100 0.011622
v 0.006976 -0.015100 0.010752
v 0.007816 -0.015100 0.009434
v 0.007863 -0.015100 0.009486
v 0.007905 -0.015100 0.009541
v 0.007943 -0.015100 0.009600
v 0.007975 -0.015100 0.009662
v 0.008002 -0.015100 0.009726
v 0.008023 -0.015100 0.009793
v 0.008038 -0.015100 0.009861
v 0.008047 -0.015100 0.009930
v 0.008050 -0.015100 0.010000
v 0.006791 -0.015100 0.010655
v 0.006736 -0.015100 0.010613
v 0.007723 -0.015100 0.011637
v 0.007457 -0.015100 0.010773
v 0.007389 -0.015100 0.010788
v 0.006595 -0.015100 0.010459
v 0.006557 -0.015100 0.010400
v 0.005507 -0.015100 0.010755
v 0.006525 -0.015100 0.010338
v 0.005449 -0.015100 0.010604
v 0.006498 -0.015100 0.010274
v 0.005404 -0.015100 0.010448
v 0.006477 -0.015100 0.010207
v 0.005372 -0.015100 0.010289
v 0.006462 -0.015100 0.010139
v 0.005354 -0.015100 0.010128
v 0.006453 -0.015100 0.010070
v 0.005350 -0.015100 0.009966
v 0.006450 -0.015100 0.010000
v 0.005360 -0.015100 0.009805
v 0.006453 -0.015100 0.009930
v 0.005384 -0.015100 0.009644
v 0.006462 -0.015100 0.009861
v 0.005421 -0.015100 0.009487
v 0.006477 -0.015100 0.009793
v 0.005471 -0.015100 0.009333
v 0.006498 -0.015100 0.009726
v 0.005534 -0.015100 0.009184
v 0.006525 -0.015100 0.009662
v 0.005610 -0.015100 0.009040
v 0.006557 -0.015100 0.009600
v 0.005698 -0.015100 0.008904
v 0.006595 -0.015100 0.009541
v 0.005797 -0.015100 0.008776
v 0.006637 -0.015100 0.009486
v 0.005906 -0.015100 0.008656
v 0.006684 -0.015100 0.009434
v 0.006026 -0.015100 0.008547
v 0.006736 -0.015100 0.009387
v 0.006154 -0.015100 0.008448
v 0.006791 -0.015100 0.009345
v 0.006290 -0.015100 0.008360
v 0.006850 -0.015100 0.009307
v 0.006434 -0.015100 0.008284
v 0.006912 -0.015100 0.009275
v 0.006583 -0.015100 0.008221
v 0.006976 -0.015100 0.009248
v 0.006737 -0.015100 0.008171
v 0.007043 -0.015100 0.009227
v 0.006894 -0.015100 0.008134
v 0.007111 -0.015100 0.009212
v 0.007055 -0.015100 0.008110
v 0.007180 -0.015100 0.009203
v 0.007216 -0.015100 0.008100
v 0.007250 -0.015100 0.009200
v 0.007378 -0.015100 0.008104
v 0.007320 -0.015100 0.009203
v 0.007539 -0.015100 0.008122
v 0.007389 -0.015100 0.009212
v 0.007698 -0.015100 0.008154
v 0.007457 -0.015100 0.009227
v 0.007854 -0.015100 0.008199
v 0.007524 -0.015100 0.009248
v 0.008005 -0.015100 0.008257
v 0.007588 -0.015100 0.009275
v 0.007650 -0.015100 0.009307
v 0.007863 -0.015100 0.010514
v 0.008660 -0.015100 0.011096
v 0.007905 -0.015100 0.010459
v 0.008720 -0.015100 0.011002
v 0.007943 -0.015100 0.010400
v 0.007709 -0.015100 0.010655
v 0.008346 -0.015100 0.011410
v 0.007764 -0.015100 0.010613
v 0.008435 -0.015100 0.011342
v 0.007816 -0.015100 0.010566
v 0.008517 -0.015100 0.011267
v 0.008592 -0.015100 0.011185
v 0.008047 -0.015100 0.010070
v 0.008038 -0.015100 0.010139
v 0.008887 -0.015100 0.010473
v 0.008023 -0.015100 0.010207
v 0.008872 -0.015100 0.010584
v 0.008002 -0.015100 0.010274
v 0.008848 -0.015100 0.010693
v 0.007975 -0.015100 0.010338
v 0.008815 -0.015100 0.010800
v 0.008772 -0.015100 0.010903
v 0.007943 -0.015100 0.011598
v 0.008050 -0.015100 0.011565
v 0.007650 -0.015100 0.010693
v 0.008153 -0.015100 0.011522
v 0.008252 -0.015100 0.011470
v -0.012675 -0.015100 0.011642
v -0.012675 -0.015100 0.010876
v -0.032118 -0.015100 0.011642
v -0.031468 -0.015100 0.010876
v -0.031800 -0.015100 0.009350
v -0.031803 -0.015100 0.009420
v -0.031369 -0.015100 0.010797
v -0.031812 -0.015100 0.009211
v -0.031803 -0.015100 0.009280
v -0.031812 -0.015100 0.009489
v -0.031827 -0.015100 0.009557
v -0.031848 -0.015100 0.009624
v -0.034892 -0.015100 0.008868
v -0.034888 -0.015100 0.008963
v -0.034877 -0.015100 0.009065
v -0.032608 -0.015100 0.011544
v -0.032512 -0.015100 0.011579
v -0.032600 -0.015100 0.010150
v -0.032530 -0.015100 0.010147
v -0.032700 -0.015100 0.011502
v -0.032670 -0.015100 0.010147
v -0.032789 -0.015100 0.011452
v -0.032873 -0.015100 0.011395
v -0.032739 -0.015100 0.010138
v -0.032953 -0.015100 0.011332
v -0.034645 -0.015100 0.009623
v -0.033400 -0.015100 0.009350
v -0.033397 -0.015100 0.009280
v -0.034857 -0.015100 0.009164
v -0.034829 -0.015100 0.009262
v -0.034794 -0.015100 0.009358
v -0.033000 -0.015100 0.010043
v -0.033023 -0.015100 0.011267
v -0.032938 -0.015100 0.010075
v -0.032874 -0.015100 0.010102
v -0.034752 -0.015100 0.009450
v -0.034702 -0.015100 0.009539
v -0.031875 -0.015100 0.009688
v -0.031907 -0.015100 0.009750
v -0.031945 -0.015100 0.009809
v -0.031987 -0.015100 0.009864
v -0.032034 -0.015100 0.009916
v -0.032086 -0.015100 0.009963
v -0.032414 -0.015100 0.011607
v -0.032315 -0.015100 0.011627
v -0.032461 -0.015100 0.010138
v -0.032213 -0.015100 0.011638
v -0.032393 -0.015100 0.010123
v -0.032326 -0.015100 0.010102
v -0.032807 -0.015100 0.010123
v -0.033059 -0.015100 0.010005
v -0.033114 -0.015100 0.009963
v -0.034517 -0.015100 0.009773
v -0.033166 -0.015100 0.009916
v -0.033213 -0.015100 0.009864
v -0.033255 -0.015100 0.009809
v -0.033293 -0.015100 0.009750
v -0.033325 -0.015100 0.009688
v -0.030812 -0.015100 0.009992
v -0.030763 -0.015100 0.009834
v -0.030728 -0.015100 0.009673
v -0.030707 -0.015100 0.009509
v -0.030700 -0.015100 0.009344
v -0.032141 -0.015100 0.010005
v -0.032200 -0.015100 0.010043
v -0.032262 -0.015100 0.010075
v -0.031248 -0.015100 0.010685
v -0.031137 -0.015100 0.010563
v -0.031038 -0.015100 0.010431
v -0.030950 -0.015100 0.010291
v -0.030874 -0.015100 0.010144
v -0.033388 -0.015100 0.009211
v -0.033373 -0.015100 0.009143
v -0.033352 -0.015100 0.009076
v -0.033325 -0.015100 0.009012
v -0.033352 -0.015100 0.009624
v -0.033373 -0.015100 0.009557
v -0.034582 -0.015100 0.009703
v -0.033388 -0.015100 0.009489
v -0.033397 -0.015100 0.009420
v -0.030708 -0.015100 0.009179
v -0.030730 -0.015100 0.009015
v -0.031827 -0.015100 0.009143
v -0.030766 -0.015100 0.008854
v -0.031848 -0.015100 0.009076
v -0.030816 -0.015100 0.008697
v -0.031875 -0.015100 0.009012
v -0.030879 -0.015100 0.008545
v -0.031907 -0.015100 0.008950
v -0.030956 -0.015100 0.008398
v -0.031945 -0.015100 0.008891
v -0.031044 -0.015100 0.008259
v -0.031987 -0.015100 0.008836
v -0.031145 -0.015100 0.008128
v -0.032034 -0.015100 0.008784
v -0.031256 -0.015100 0.008006
v -0.032086 -0.015100 0.008737
v -0.031378 -0.015100 0.007895
v -0.032141 -0.015100 0.008695
v -0.031509 -0.015100 0.007794
v -0.032200 -0.015100 0.008657
v -0.031648 -0.015100 0.007706
v -0.032262 -0.015100 0.008625
v -0.031795 -0.015100 0.007629
v -0.032326 -0.015100 0.008598
v -0.031947 -0.015100 0.007566
v -0.032393 -0.015100 0.008577
v -0.032104 -0.015100 0.007516
v -0.032461 -0.015100 0.008562
v -0.032265 -0.015100 0.007480
v -0.032530 -0.015100 0.008553
v -0.032429 -0.015100 0.007458
v -0.032600 -0.015100 0.008550
v -0.032594 -0.015100 0.007450
v -0.032670 -0.015100 0.008553
v -0.032759 -0.015100 0.007457
v -0.032739 -0.015100 0.008562
v -0.032923 -0.015100 0.007478
v -0.032807 -0.015100 0.008577
v -0.033084 -0.015100 0.007513
v -0.032874 -0.015100 0.008598
v -0.033242 -0.015100 0.007562
v -0.032938 -0.015100 0.008625
v -0.033394 -0.015100 0.007624
v -0.033000 -0.015100 0.008657
v -0.033541 -0.015100 0.007700
v -0.033059 -0.015100 0.008695
v -0.033681 -0.015100 0.007788
v -0.033114 -0.015100 0.008737
v -0.033813 -0.015100 0.007887
v -0.033166 -0.015100 0.008784
v -0.033935 -0.015100 0.007998
v -0.033213 -0.015100 0.008836
v -0.034047 -0.015100 0.008119
v -0.033255 -0.015100 0.008891
v -0.033293 -0.015100 0.008950
v -0.034892 -0.015100 0.000000
v -0.034892 -0.015100 -0.008868
v -0.034888 -0.015100 -0.008963
v -0.034794 -0.015100 -0.009358
v -0.034829 -0.015100 -0.009262
v -0.032213 -0.015100 -0.011638
v -0.032315 -0.015100 -0.011627
v -0.034857 -0.015100 -0.009164
v -0.034877 -0.015100 -0.009065
v -0.032414 -0.015100 -0.011607
v -0.032512 -0.015100 -0.011579
v -0.032608 -0.015100 -0.011544
v -0.032700 -0.015100 -0.011502
v -0.032789 -0.015100 -0.011452
v -0.032873 -0.015100 -0.011395
v -0.034645 -0.015100 -0.009623
v -0.034702 -0.015100 -0.009539
v -0.034752 -0.015100 -0.009450
v -0.033388 -0.015100 -0.009211
v -0.033397 -0.015100 -0.009280
v -0.033352 -0.015100 -0.009624
v -0.033325 -0.015100 -0.009688
v -0.034517 -0.015100 -0.009773
v -0.033293 -0.015100 -0.009750
v -0.032600 -0.015100 -0.010150
v -0.032530 -0.015100 -0.010147
v -0.033400 -0.015100 -0.009350
v -0.033397 -0.015100 -0.009420
v -0.034582 -0.015100 -0.009703
v -0.033388 -0.015100 -0.009489
v -0.033373 -0.015100 -0.009557
v -0.033114 -0.015100 -0.009963
v -0.033059 -0.015100 -0.010005
v -0.033023 -0.015100 -0.011267
v -0.033000 -0.015100 -0.010043
v -0.032938 -0.015100 -0.010075
v -0.033293 -0.015100 -0.008950
v -0.033325 -0.015100 -0.009012
v -0.033352 -0.015100 -0.009076
v -0.033373 -0.015100 -0.009143
v -0.033255 -0.015100 -0.009809
v -0.033213 -0.015100 -0.009864
v -0.033166 -0.015100 -0.009916
v -0.032262 -0.015100 -0.010075
v -0.032200 -0.015100 -0.010043
v -0.032141 -0.015100 -0.010005
v -0.031369 -0.015100 -0.010797
v -0.032086 -0.015100 -0.009963
v -0.031248 -0.015100 -0.010685
v -0.032034 -0.015100 -0.009916
v -0.031137 -0.015100 -0.010563
v -0.031987 -0.015100 -0.009864
v -0.031038 -0.015100 -0.010431
v -0.031945 -0.015100 -0.009809
v -0.030950 -0.015100 -0.010291
v -0.031907 -0.015100 -0.009750
v -0.030874 -0.015100 -0.010144
v -0.031875 -0.015100 -0.009688
v -0.030812 -0.015100 -0.009992
v -0.031848 -0.015100 -0.009624
v -0.030763 -0.015100 -0.009834
v -0.031827 -0.015100 -0.009557
v -0.030728 -0.015100 -0.009673
v -0.031812 -0.015100 -0.009489
v -0.030707 -0.015100 -0.009509
v -0.031803 -0.015100 -0.009420
v -0.030700 -0.015100 -0.009344
v -0.031800 -0.015100 -0.009350
v -0.030708 -0.015100 -0.009179
v -0.031803 -0.015100 -0.009280
v -0.030730 -0.015100 -0.009015
v -0.031812 -0.015100 -0.009211
v -0.030766 -0.015100 -0.008854
v -0.031827 -0.015100 -0.009143
v -0.030816 -0.015100 -0.008697
v -0.031848 -0.015100 -0.009076
v -0.030879 -0.015100 -0.008545
v -0.031875 -0.015100 -0.009012
v -0.030956 -0.015100 -0.008398
v -0.031907 -0.015100 -0.008950
v -0.031044 -0.015100 -0.008259
v -0.031945 -0.015100 -0.008891
v -0.031145 -0.015100 -0.008128
v -0.031987 -0.015100 -0.008836
v -0.031256 -0.015100 -0.008006
v -0.032034 -0.015100 -0.008784
v -0.031378 -0.015100 -0.007895
v -0.032086 -0.015100 -0.008737
v -0.031509 -0.015100 -0.007794
v -0.032141 -0.015100 -0.008695
v -0.031648 -0.015100 -0.007706
v -0.032200 -0.015100 -0.008657
v -0.031795 -0.015100 -0.007629
v -0.032262 -0.015100 -0.008625
v -0.031947 -0.015100 -0.007566
v -0.032326 -0.015100 -0.008598
v -0.032104 -0.015100 -0.007516
v -0.032393 -0.015100 -0.008577
v -0.032265 -0.015100 -0.007480
v -0.032461 -0.015100 -0.008562
v -0.032429 -0.015100 -0.007458
v -0.032530 -0.015100 -0.008553
v -0.032594 -0.015100 -0.007450
v -0.032600 -0.015100 -0.008550
v -0.032759 -0.015100 -0.007457
v -0.032670 -0.015100 -0.008553
v -0.032923 -0.015100 -0.007478
v -0.032739 -0.015100 -0.008562
v -0.033084 -0.015100 -0.007513
v -0.032807 -0.015100 -0.008577
v -0.033242 -0.015100 -0.007562
v -0.032874 -0.015100 -0.008598
v -0.033394 -0.015100 -0.007624
v -0.032938 -0.015100 -0.008625
v -0.033541 -0.015100 -0.007700
v -0.033000 -0.015100 -0.008657
v -0.033681 -0.015100 -0.007788
v -0.033059 -0.015100 -0.008695
v -0.033813 -0.015100 -0.007887
v -0.033114 -0.015100 -0.008737
v -0.033935 -0.015100 -0.007998
v -0.033166 -0.015100 -0.008784
v -0.034047 -0.015100 -0.008119
v -0.033213 -0.015100 -0.008836
v -0.033255 -0.015100 -0.008891
v -0.032874 -0.015100 -0.010102
v -0.032807 -0.015100 -0.010123
v -0.032953 -0.015100 -0.011332
v -0.032739 -0.015100 -0.010138
v -0.032670 -0.015100 -0.010147
v -0.032461 -0.015100 -0.010138
v -0.032393 -0.015100 -0.010123
v -0.032326 -0.015100 -0.010102
v 0.008892 -0.015100 -0.010362
v 0.008038 -0.015100 -0.010139
v 0.008047 -0.015100 -0.010070
v 0.006684 -0.015100 -0.010566
v 0.006637 -0.015100 -0.010514
v 0.006595 -0.015100 -0.010459
v 0.006912 -0.015100 -0.010725
v 0.006976 -0.015100 -0.010752
v 0.007612 -0.015100 -0.011642
v 0.007043 -0.015100 -0.010773
v 0.007650 -0.015100 -0.010693
v 0.008050 -0.015100 -0.011565
v 0.007588 -0.015100 -0.010725
v 0.007943 -0.015100 -0.011598
v 0.007524 -0.015100 -0.010752
v 0.007834 -0.015100 -0.011622
v 0.007457 -0.015100 -0.010773
v 0.007723 -0.015100 -0.011637
v 0.007389 -0.015100 -0.010788
v 0.007320 -0.015100 -0.010797
v 0.007250 -0.015100 -0.010800
v 0.007764 -0.015100 -0.010613
v 0.008346 -0.015100 -0.011410
v 0.007709 -0.015100 -0.010655
v 0.008252 -0.015100 -0.011470
v 0.008153 -0.015100 -0.011522
v 0.007975 -0.015100 -0.010338
v 0.008815 -0.015100 -0.010800
v 0.007943 -0.015100 -0.010400
v 0.008772 -0.015100 -0.010903
v 0.007905 -0.015100 -0.010459
v 0.008023 -0.015100 -0.010207
v 0.008887 -0.015100 -0.010473
v 0.008002 -0.015100 -0.010274
v 0.008872 -0.015100 -0.010584
v 0.008848 -0.015100 -0.010693
v 0.008050 -0.015100 -0.010000
v 0.008047 -0.015100 -0.009930
v 0.008038 -0.015100 -0.009861
v 0.007111 -0.015100 -0.010788
v 0.007180 -0.015100 -0.010797
v 0.008720 -0.015100 -0.011002
v 0.008660 -0.015100 -0.011096
v 0.007863 -0.015100 -0.010514
v 0.008592 -0.015100 -0.011185
v 0.007816 -0.015100 -0.010566
v 0.008517 -0.015100 -0.011267
v 0.008435 -0.015100 -0.011342
v 0.007943 -0.015100 -0.009600
v 0.007905 -0.015100 -0.009541
v 0.006736 -0.015100 -0.010613
v 0.006791 -0.015100 -0.010655
v 0.006850 -0.015100 -0.010693
v -0.012675 -0.015100 -0.011642
v -0.032118 -0.015100 -0.011642
v 0.007863 -0.015100 -0.009486
v 0.007816 -0.015100 -0.009434
v 0.007764 -0.015100 -0.009387
v 0.008023 -0.015100 -0.009793
v 0.008002 -0.015100 -0.009726
v 0.007975 -0.015100 -0.009662
v 0.007709 -0.015100 -0.009345
v 0.007650 -0.015100 -0.009307
v 0.007588 -0.015100 -0.009275
v 0.007524 -0.015100 -0.009248
v 0.007457 -0.015100 -0.009227
v 0.007389 -0.015100 -0.009212
v 0.007320 -0.015100 -0.009203
v 0.007250 -0.015100 -0.009200
v 0.007180 -0.015100 -0.009203
v 0.007111 -0.015100 -0.009212
v 0.007043 -0.015100 -0.009227
v 0.006976 -0.015100 -0.009248
v 0.006912 -0.015100 -0.009275
v 0.006850 -0.015100 -0.009307
v 0.006791 -0.015100 -0.009345
v 0.006736 -0.015100 -0.009387
v 0.006684 -0.015100 -0.009434
v 0.006637 -0.015100 -0.009486
v 0.006595 -0.015100 -0.009541
v 0.006557 -0.015100 -0.009600
v 0.006525 -0.015100 -0.009662
v 0.006498 -0.015100 -0.009726
v 0.006477 -0.015100 -0.009793
v 0.006462 -0.015100 -0.009861
v 0.006453 -0.015100 -0.009930
v 0.006450 -0.015100 -0.010000
v 0.006453 -0.015100 -0.010070
v 0.006462 -0.015100 -0.010139
v 0.006477 -0.015100 -0.010207
v 0.006498 -0.015100 -0.010274
v 0.006525 -0.015100 -0.010338
v 0.006557 -0.015100 -0.010400
v 0.008892 -0.014100 0.010362
v 0.008892 -0.014100 -0.010362
v 0.008153 -0.014100 0.011522
v 0.008050 -0.014100 0.011565
v 0.008376 -0.014100 0.012208
v 0.009384 -0.014100 0.011284
v 0.008772 -0.014100 0.010903
v 0.008720 -0.014100 0.011002
v 0.008660 -0.014100 0.011096
v 0.009297 -0.014100 0.011435
v 0.009342 -0.014100 0.011360
v 0.008592 -0.014100 0.011185
v 0.009197 -0.014100 0.011578
v 0.009248 -0.014100 0.011507
v 0.008517 -0.014100 0.011267
v 0.009085 -0.014100 0.011711
v 0.009142 -0.014100 0.011646
v 0.008435 -0.014100 0.011342
v 0.008346 -0.014100 0.011410
v 0.008828 -0.014100 0.011947
v 0.008896 -0.014100 0.011892
v 0.008961 -0.014100 0.011835
v 0.009024 -0.014100 0.011774
v 0.008252 -0.014100 0.011470
v 0.008685 -0.014100 0.012047
v 0.008757 -0.014100 0.011998
v 0.008455 -0.014100 0.012173
v 0.008534 -0.014100 0.012134
v 0.008610 -0.014100 0.012092
v 0.009423 -0.014100 0.011205
v 0.009458 -0.014100 0.011126
v 0.008815 -0.014100 0.010800
v 0.009489 -0.014100 0.011044
v 0.008848 -0.014100 0.010693
v 0.009542 -0.014100 0.010878
v 0.008872 -0.014100 0.010584
v 0.009580 -0.014100 0.010707
v 0.008887 -0.014100 0.010473
v 0.009602 -0.014100 0.010535
v 0.009610 -0.014100 0.010360
v 0.009610 -0.014100 -0.010360
v 0.008887 -0.014100 -0.010473
v 0.009605 -0.014100 -0.010508
v 0.008872 -0.014100 -0.010584
v 0.009585 -0.014100 -0.010673
v 0.008848 -0.014100 -0.010693
v 0.009553 -0.014100 -0.010836
v 0.008815 -0.014100 -0.010800
v 0.009506 -0.014100 -0.010995
v 0.008772 -0.014100 -0.010903
v 0.009447 -0.014100 -0.011151
v 0.008720 -0.014100 -0.011002
v 0.009375 -0.014100 -0.011301
v 0.008660 -0.014100 -0.011096
v 0.009291 -0.014100 -0.011444
v 0.009195 -0.014100 -0.011580
v 0.008592 -0.014100 -0.011185
v 0.009088 -0.014100 -0.011707
v 0.008517 -0.014100 -0.011267
v 0.008971 -0.014100 -0.011825
v 0.008435 -0.014100 -0.011342
v 0.008845 -0.014100 -0.011933
v 0.008346 -0.014100 -0.011410
v 0.008710 -0.014100 -0.012031
v 0.008252 -0.014100 -0.011470
v 0.008567 -0.014100 -0.012116
v 0.008153 -0.014100 -0.011522
v 0.008418 -0.014100 -0.012190
v 0.008050 -0.014100 -0.011565
v 0.008263 -0.014100 -0.012250
v 0.007943 -0.014100 -0.011598
v 0.008104 -0.014100 -0.012298
v 0.007834 -0.014100 -0.011622
v 0.007941 -0.014100 -0.012332
v 0.007723 -0.014100 -0.011637
v 0.007776 -0.014100 -0.012353
v 0.007612 -0.014100 -0.011642
v -0.032118 -0.014100 -0.011642
v -0.032213 -0.014100 -0.011638
v -0.032212 -0.014100 -0.012358
v -0.032315 -0.014100 -0.011627
v -0.032385 -0.014100 -0.012342
v -0.032414 -0.014100 -0.011607
v -0.032556 -0.014100 -0.012311
v -0.032512 -0.014100 -0.011579
v -0.032724 -0.014100 -0.012266
v -0.032608 -0.014100 -0.011544
v -0.032887 -0.014100 -0.012206
v -0.032700 -0.014100 -0.011502
v -0.033044 -0.014100 -0.012132
v -0.032789 -0.014100 -0.011452
v -0.033194 -0.014100 -0.012045
v -0.032873 -0.014100 -0.011395
v -0.033337 -0.014100 -0.011945
v -0.032953 -0.014100 -0.011332
v -0.033470 -0.014100 -0.011833
v -0.033023 -0.014100 -0.011267
v -0.033531 -0.014100 -0.011774
v -0.034517 -0.014100 -0.009773
v -0.035024 -0.014100 -0.010281
v -0.034582 -0.014100 -0.009703
v -0.035090 -0.014100 -0.010213
v -0.034645 -0.014100 -0.009623
v -0.035201 -0.014100 -0.010079
v -0.034702 -0.014100 -0.009539
v -0.035300 -0.014100 -0.009937
v -0.034752 -0.014100 -0.009450
v -0.035387 -0.014100 -0.009786
v -0.034794 -0.014100 -0.009358
v -0.035460 -0.014100 -0.009628
v -0.034829 -0.014100 -0.009262
v -0.035519 -0.014100 -0.009465
v -0.034857 -0.014100 -0.009164
v -0.035563 -0.014100 -0.009297
v -0.034877 -0.014100 -0.009065
v -0.035593 -0.014100 -0.009126
v -0.034888 -0.014100 -0.008963
v -0.035608 -0.014100 -0.008953
v -0.034892 -0.014100 -0.008868
v -0.034892 -0.014100 0.008868
v -0.034888 -0.014100 0.008963
v -0.035608 -0.014100 0.008962
v -0.034877 -0.014100 0.009065
v -0.035592 -0.014100 0.009135
v -0.034857 -0.014100 0.009164
v -0.035561 -0.014100 0.009306
v -0.034829 -0.014100 0.009262
v -0.035516 -0.014100 0.009474
v -0.034794 -0.014100 0.009358
v -0.035456 -0.014100 0.009637
v -0.034752 -0.014100 0.009450
v -0.035382 -0.014100 0.009794
v -0.034702 -0.014100 0.009539
v -0.035295 -0.014100 0.009944
v -0.034645 -0.014100 0.009623
v -0.035195 -0.014100 0.010087
v -0.034582 -0.014100 0.009703
v -0.035083 -0.014100 0.010220
v -0.034517 -0.014100 0.009773
v -0.035024 -0.014100 0.010281
v -0.033023 -0.014100 0.011267
v -0.033531 -0.014100 0.011774
v -0.032953 -0.014100 0.011332
v -0.033463 -0.014100 0.011840
v -0.032873 -0.014100 0.011395
v -0.033329 -0.014100 0.011951
v -0.032789 -0.014100 0.011452
v -0.033187 -0.014100 0.012050
v -0.032700 -0.014100 0.011502
v -0.033036 -0.014100 0.012137
v -0.032608 -0.014100 0.011544
v -0.032878 -0.014100 0.012210
v -0.032512 -0.014100 0.011579
v -0.032715 -0.014100 0.012269
v -0.032414 -0.014100 0.011607
v -0.032547 -0.014100 0.012313
v -0.032315 -0.014100 0.011627
v -0.032376 -0.014100 0.012343
v -0.032213 -0.014100 0.011638
v -0.032203 -0.014100 0.012358
v -0.032118 -0.014100 0.011642
v -0.032117 -0.014100 0.012360
v 0.007612 -0.014100 0.011642
v 0.007610 -0.014100 0.012360
v 0.007723 -0.014100 0.011637
v 0.007785 -0.014100 0.012352
v 0.007834 -0.014100 0.011622
v 0.007957 -0.014100 0.012330
v 0.007943 -0.014100 0.011598
v 0.008128 -0.014100 0.012292
v 0.008294 -0.014100 0.012239
v 0.008299 -0.024103 -0.012041
v 0.008278 -0.024103 -0.012050
v 0.007631 -0.024101 -0.012214
v 0.007788 -0.024102 -0.012195
v 0.007802 -0.024102 -0.012193
v 0.007964 -0.024102 -0.012158
v 0.007942 -0.024102 -0.012164
v 0.008150 -0.024102 -0.012101
v 0.008124 -0.024102 -0.012111
v 0.008093 -0.024102 -0.012121
v 0.008574 -0.024103 -0.011888
v 0.008440 -0.024103 -0.011970
v 0.008428 -0.024103 -0.011976
v 0.008363 -0.024103 -0.012010
v 0.008701 -0.024104 -0.011797
v 0.008949 -0.024104 -0.011568
v 0.008854 -0.024104 -0.011664
v 0.008832 -0.024104 -0.011686
v 0.008734 -0.024104 -0.011770
v 0.009154 -0.024103 -0.011300
v 0.009109 -0.024104 -0.011367
v 0.009064 -0.024104 -0.011429
v 0.009055 -0.024104 -0.011440
v 0.008964 -0.024104 -0.011550
v 0.009235 -0.024103 -0.011161
v 0.009176 -0.024103 -0.011265
v 0.009367 -0.024102 -0.010856
v 0.009341 -0.024103 -0.010929
v 0.009320 -0.024103 -0.010981
v 0.009307 -0.024103 -0.011011
v 0.009254 -0.024103 -0.011125
v 0.009374 -0.024102 -0.010833
v 0.009413 -0.024102 -0.010696
v 0.009446 -0.024102 -0.010533
v 0.009426 -0.024102 -0.010641
v 0.009416 -0.024102 -0.010682
v 0.009453 -0.024102 -0.010486
v 0.009465 -0.024101 -0.010368
v 0.009467 -0.024101 -0.010329
v -0.013850 -0.024000 0.000250
v -0.016500 -0.024000 0.000250
v -0.016500 -0.024000 -0.000250
v -0.014850 -0.024100 0.010634
v -0.015493 -0.024100 0.010634
v -0.014850 -0.023801 0.010754
v -0.015506 -0.023959 0.010691
v -0.015524 -0.023801 0.010754
v -0.015458 -0.024100 0.010088
v -0.015450 -0.024100 0.010239
v -0.015456 -0.024100 0.010391
v -0.015475 -0.024100 0.010542
v -0.016200 -0.024100 0.008814
v -0.016079 -0.024100 0.008906
v -0.014850 -0.024100 0.007500
v -0.015966 -0.024100 0.009009
v -0.015863 -0.024100 0.009121
v -0.015770 -0.024100 0.009241
v -0.015688 -0.024100 0.009369
v -0.015617 -0.024100 0.009504
v -0.015558 -0.024100 0.009644
v -0.015512 -0.024100 0.009789
v -0.015478 -0.024100 0.009937
v -0.015973 -0.024100 0.008092
v -0.016481 -0.024100 0.008655
v -0.016463 -0.024100 0.008663
v -0.015500 -0.024100 0.007500
v -0.016328 -0.024100 0.008733
v -0.015500 -0.024100 -0.007500
v -0.014850 -0.024100 -0.007500
v -0.015973 -0.024100 -0.008092
v -0.016481 -0.024100 -0.008655
v -0.016463 -0.024100 -0.008663
v -0.015506 -0.023959 -0.010691
v -0.015535 -0.020600 -0.010790
v -0.015506 -0.020600 -0.010691
v -0.015493 -0.024100 -0.010634
v -0.015495 -0.020600 -0.010646
v -0.015475 -0.024100 -0.010542
v -0.016749 -0.020600 -0.008559
v -0.016755 -0.020600 -0.008557
v -0.016897 -0.020600 -0.008526
v -0.016902 -0.020600 -0.008526
v -0.017048 -0.020600 -0.008507
v -0.017050 -0.020600 -0.008506
v -0.017200 -0.020600 -0.008500
v -0.017350 -0.020600 -0.008506
v -0.017352 -0.020600 -0.008507
v -0.017498 -0.020600 -0.008526
v -0.017503 -0.020600 -0.008526
v -0.017645 -0.020600 -0.008557
v -0.017651 -0.020600 -0.008559
v -0.017788 -0.020600 -0.008602
v -0.017796 -0.020600 -0.008605
v -0.017927 -0.020600 -0.008658
v -0.017937 -0.020600 -0.008663
v -0.018060 -0.020600 -0.008726
v -0.018072 -0.020600 -0.008733
v -0.018188 -0.020600 -0.008805
v -0.018200 -0.020600 -0.008814
v -0.018308 -0.020600 -0.008895
v -0.018321 -0.020600 -0.008906
v -0.018419 -0.020600 -0.008995
v -0.018434 -0.020600 -0.009009
v -0.018522 -0.020600 -0.009104
v -0.018537 -0.020600 -0.009121
v -0.018616 -0.020600 -0.009221
v -0.018630 -0.020600 -0.009241
v -0.018698 -0.020600 -0.009346
v -0.018712 -0.020600 -0.009369
v -0.018770 -0.020600 -0.009478
v -0.018783 -0.020600 -0.009504
v -0.018831 -0.020600 -0.009615
v -0.018842 -0.020600 -0.009644
v -0.018879 -0.020600 -0.009757
v -0.018888 -0.020600 -0.009789
v -0.018915 -0.020600 -0.009902
v -0.018922 -0.020600 -0.009937
v -0.018939 -0.020600 -0.010050
v -0.018942 -0.020600 -0.010088
v -0.018949 -0.020600 -0.010200
v -0.018950 -0.020600 -0.010239
v -0.018947 -0.020600 -0.010349
v -0.018944 -0.020600 -0.010391
v -0.018932 -0.020600 -0.010499
v -0.018925 -0.020600 -0.010542
v -0.018905 -0.020600 -0.010646
v -0.018894 -0.020600 -0.010691
v -0.018910 -0.022882 -0.010622
v -0.018894 -0.022924 -0.010691
v -0.018865 -0.020600 -0.010790
v -0.016328 -0.024100 -0.008733
v -0.016328 -0.020600 -0.008733
v -0.016340 -0.020600 -0.008726
v -0.016463 -0.020600 -0.008663
v -0.016473 -0.020600 -0.008658
v -0.016604 -0.020600 -0.008605
v -0.016612 -0.020600 -0.008602
v -0.016079 -0.024100 -0.008906
v -0.016092 -0.020600 -0.008895
v -0.016200 -0.024100 -0.008814
v -0.016200 -0.020600 -0.008814
v -0.016212 -0.020600 -0.008805
v -0.015966 -0.024100 -0.009009
v -0.015981 -0.020600 -0.008995
v -0.016079 -0.020600 -0.008906
v -0.015863 -0.024100 -0.009121
v -0.015878 -0.020600 -0.009104
v -0.015966 -0.020600 -0.009009
v -0.015770 -0.024100 -0.009241
v -0.015784 -0.020600 -0.009221
v -0.015863 -0.020600 -0.009121
v -0.015688 -0.024100 -0.009369
v -0.015702 -0.020600 -0.009346
v -0.015770 -0.020600 -0.009241
v -0.015617 -0.024100 -0.009504
v -0.015630 -0.020600 -0.009478
v -0.015688 -0.020600 -0.009369
v -0.015558 -0.024100 -0.009644
v -0.015569 -0.020600 -0.009615
v -0.015617 -0.020600 -0.009504
v -0.015512 -0.024100 -0.009789
v -0.015521 -0.020600 -0.009757
v -0.015558 -0.020600 -0.009644
v -0.015478 -0.024100 -0.009937
v -0.015485 -0.020600 -0.009902
v -0.015512 -0.020600 -0.009789
v -0.015458 -0.024100 -0.010088
v -0.015461 -0.020600 -0.010050
v -0.015478 -0.020600 -0.009937
v -0.015450 -0.024100 -0.010239
v -0.015451 -0.020600 -0.010200
v -0.015458 -0.020600 -0.010088
v -0.015456 -0.024100 -0.010391
v -0.015453 -0.020600 -0.010349
v -0.015450 -0.020600 -0.010239
v -0.015475 -0.020600 -0.010542
v -0.015468 -0.020600 -0.010499
v -0.015456 -0.020600 -0.010391
v -0.015537 -0.020556 -0.010790
v -0.015543 -0.020513 -0.010788
v -0.015580 -0.020389 -0.010776
v -0.015599 -0.020350 -0.010770
v -0.015675 -0.020246 -0.010745
v -0.015773 -0.020167 -0.010713
v -0.015891 -0.020130 -0.010803
v -0.016048 -0.020100 -0.010736
v -0.018509 -0.020130 -0.010803
v -0.018857 -0.020513 -0.010788
v -0.018848 -0.020471 -0.010785
v -0.018836 -0.020429 -0.010781
v -0.018820 -0.020389 -0.010776
v -0.018779 -0.020313 -0.010762
v -0.018753 -0.020279 -0.010754
v -0.018725 -0.020246 -0.010745
v -0.018662 -0.020190 -0.010724
v -0.018627 -0.020167 -0.010713
v -0.018590 -0.020147 -0.010701
v -0.018552 -0.020130 -0.010689
v -0.018432 -0.020108 -0.010770
v -0.018392 -0.020102 -0.010753
v -0.018352 -0.020100 -0.010736
v -0.015968 -0.020108 -0.010770
v -0.015929 -0.020117 -0.010787
v -0.015810 -0.020147 -0.010701
v -0.015705 -0.020217 -0.010735
v -0.015621 -0.020313 -0.010762
v -0.015552 -0.020471 -0.010785
v -0.018903 -0.020556 -0.010645
v -0.018863 -0.020556 -0.010790
v -0.018930 -0.020556 -0.010498
v -0.018945 -0.020556 -0.010349
v -0.018947 -0.020556 -0.010200
v -0.018937 -0.020556 -0.010050
v -0.018913 -0.020556 -0.009902
v -0.018877 -0.020556 -0.009757
v -0.018829 -0.020556 -0.009615
v -0.018769 -0.020556 -0.009478
v -0.018697 -0.020556 -0.009347
v -0.018614 -0.020556 -0.009222
v -0.018521 -0.020556 -0.009105
v -0.018418 -0.020556 -0.008996
v -0.018306 -0.020556 -0.008897
v -0.018187 -0.020556 -0.008807
v -0.018059 -0.020556 -0.008728
v -0.017926 -0.020556 -0.008660
v -0.017787 -0.020556 -0.008604
v -0.017644 -0.020556 -0.008559
v -0.017498 -0.020556 -0.008527
v -0.017350 -0.020556 -0.008508
v -0.017200 -0.020556 -0.008502
v -0.017050 -0.020556 -0.008508
v -0.016902 -0.020556 -0.008527
v -0.016756 -0.020556 -0.008559
v -0.016613 -0.020556 -0.008604
v -0.016474 -0.020556 -0.008660
v -0.016341 -0.020556 -0.008728
v -0.016213 -0.020556 -0.008807
v -0.016094 -0.020556 -0.008897
v -0.015982 -0.020556 -0.008996
v -0.015879 -0.020556 -0.009105
v -0.015786 -0.020556 -0.009222
v -0.015703 -0.020556 -0.009347
v -0.015631 -0.020556 -0.009478
v -0.015571 -0.020556 -0.009615
v -0.015523 -0.020556 -0.009757
v -0.015487 -0.020556 -0.009902
v -0.015463 -0.020556 -0.010050
v -0.015453 -0.020556 -0.010200
v -0.015455 -0.020556 -0.010349
v -0.015470 -0.020556 -0.010498
v -0.015497 -0.020556 -0.010645
v -0.015503 -0.020513 -0.010644
v -0.015475 -0.020513 -0.010498
v -0.015460 -0.020513 -0.010349
v -0.015458 -0.020513 -0.010200
v -0.015469 -0.020513 -0.010051
v -0.015492 -0.020513 -0.009904
v -0.015528 -0.020513 -0.009759
v -0.015576 -0.020513 -0.009618
v -0.015637 -0.020513 -0.009481
v -0.015708 -0.020513 -0.009350
v -0.015791 -0.020513 -0.009226
v -0.015883 -0.020513 -0.009109
v -0.015986 -0.020513 -0.009000
v -0.016097 -0.020513 -0.008901
v -0.016217 -0.020513 -0.008812
v -0.016343 -0.020513 -0.008733
v -0.016476 -0.020513 -0.008665
v -0.016615 -0.020513 -0.008609
v -0.016757 -0.020513 -0.008565
v -0.016903 -0.020513 -0.008533
v -0.017051 -0.020513 -0.008514
v -0.017200 -0.020513 -0.008508
v -0.017349 -0.020513 -0.008514
v -0.017497 -0.020513 -0.008533
v -0.017643 -0.020513 -0.008565
v -0.017785 -0.020513 -0.008609
v -0.017924 -0.020513 -0.008665
v -0.018057 -0.020513 -0.008733
v -0.018183 -0.020513 -0.008812
v -0.018303 -0.020513 -0.008901
v -0.018414 -0.020513 -0.009000
v -0.018517 -0.020513 -0.009109
v -0.018609 -0.020513 -0.009226
v -0.018692 -0.020513 -0.009350
v -0.018763 -0.020513 -0.009481
v -0.018824 -0.020513 -0.009618
v -0.018872 -0.020513 -0.009759
v -0.018908 -0.020513 -0.009904
v -0.018931 -0.020513 -0.010051
v -0.018942 -0.020513 -0.010200
v -0.018940 -0.020513 -0.010349
v -0.018925 -0.020513 -0.010498
v -0.018897 -0.020513 -0.010644
v -0.015512 -0.020471 -0.010642
v -0.015485 -0.020471 -0.010496
v -0.015470 -0.020471 -0.010348
v -0.015468 -0.020471 -0.010200
v -0.015478 -0.020471 -0.010052
v -0.015502 -0.020471 -0.009905
v -0.015537 -0.020471 -0.009761
v -0.015585 -0.020471 -0.009621
v -0.015645 -0.020471 -0.009485
v -0.015716 -0.020471 -0.009355
v -0.015798 -0.020471 -0.009231
v -0.015890 -0.020471 -0.009115
v -0.015992 -0.020471 -0.009007
v -0.016103 -0.020471 -0.008908
v -0.016222 -0.020471 -0.008819
v -0.016348 -0.020471 -0.008741
v -0.016480 -0.020471 -0.008674
v -0.016618 -0.020471 -0.008618
v -0.016760 -0.020471 -0.008574
v -0.016905 -0.020471 -0.008542
v -0.017052 -0.020471 -0.008523
v -0.017200 -0.020471 -0.008517
v -0.017348 -0.020471 -0.008523
v -0.017495 -0.020471 -0.008542
v -0.017640 -0.020471 -0.008574
v -0.017782 -0.020471 -0.008618
v -0.017920 -0.020471 -0.008674
v -0.018052 -0.020471 -0.008741
v -0.018178 -0.020471 -0.008819
v -0.018297 -0.020471 -0.008908
v -0.018408 -0.020471 -0.009007
v -0.018510 -0.020471 -0.009115
v -0.018602 -0.020471 -0.009231
v -0.018684 -0.020471 -0.009355
v -0.018755 -0.020471 -0.009485
v -0.018815 -0.020471 -0.009621
v -0.018863 -0.020471 -0.009761
v -0.018898 -0.020471 -0.009905
v -0.018922 -0.020471 -0.010052
v -0.018932 -0.020471 -0.010200
v -0.018930 -0.020471 -0.010348
v -0.018915 -0.020471 -0.010496
v -0.018888 -0.020471 -0.010642
v -0.015564 -0.020429 -0.010781
v -0.015525 -0.020429 -0.010639
v -0.015498 -0.020429 -0.010494
v -0.015483 -0.020429 -0.010348
v -0.015481 -0.020429 -0.010200
v -0.015491 -0.020429 -0.010054
v -0.015514 -0.020429 -0.009908
v -0.015550 -0.020429 -0.009765
v -0.015597 -0.020429 -0.009626
v -0.015657 -0.020429 -0.009491
v -0.015727 -0.020429 -0.009362
v -0.015809 -0.020429 -0.009239
v -0.015900 -0.020429 -0.009124
v -0.016002 -0.020429 -0.009016
v -0.016111 -0.020429 -0.008918
v -0.016229 -0.020429 -0.008830
v -0.016354 -0.020429 -0.008752
v -0.016486 -0.020429 -0.008686
v -0.016622 -0.020429 -0.008630
v -0.016763 -0.020429 -0.008587
v -0.016907 -0.020429 -0.008555
v -0.017053 -0.020429 -0.008536
v -0.017200 -0.020429 -0.008530
v -0.017347 -0.020429 -0.008536
v -0.017493 -0.020429 -0.008555
v -0.017637 -0.020429 -0.008587
v -0.017778 -0.020429 -0.008630
v -0.017914 -0.020429 -0.008686
v -0.018046 -0.020429 -0.008752
v -0.018171 -0.020429 -0.008830
v -0.018289 -0.020429 -0.008918
v -0.018398 -0.020429 -0.009016
v -0.018500 -0.020429 -0.009124
v -0.018591 -0.020429 -0.009239
v -0.018673 -0.020429 -0.009362
v -0.018743 -0.020429 -0.009491
v -0.018803 -0.020429 -0.009626
v -0.018850 -0.020429 -0.009765
v -0.018886 -0.020429 -0.009908
v -0.018909 -0.020429 -0.010054
v -0.018919 -0.020429 -0.010200
v -0.018917 -0.020429 -0.010348
v -0.018902 -0.020429 -0.010494
v -0.018875 -0.020429 -0.010639
v -0.015541 -0.020389 -0.010635
v -0.015514 -0.020389 -0.010492
v -0.015500 -0.020389 -0.010347
v -0.015498 -0.020389 -0.010201
v -0.015508 -0.020389 -0.010055
v -0.015531 -0.020389 -0.009911
v -0.015566 -0.020389 -0.009770
v -0.015613 -0.020389 -0.009632
v -0.015672 -0.020389 -0.009498
v -0.015742 -0.020389 -0.009370
v -0.015822 -0.020389 -0.009249
v -0.015913 -0.020389 -0.009135
v -0.016013 -0.020389 -0.009028
v -0.016122 -0.020389 -0.008931
v -0.016239 -0.020389 -0.008844
v -0.016363 -0.020389 -0.008767
v -0.016493 -0.020389 -0.008701
v -0.016628 -0.020389 -0.008646
v -0.016767 -0.020389 -0.008603
v -0.016910 -0.020389 -0.008572
v -0.017054 -0.020389 -0.008553
v -0.017200 -0.020389 -0.008547
v -0.017346 -0.020389 -0.008553
v -0.017490 -0.020389 -0.008572
v -0.017633 -0.020389 -0.008603
v -0.017772 -0.020389 -0.008646
v -0.017907 -0.020389 -0.008701
v -0.018037 -0.020389 -0.008767
v -0.018161 -0.020389 -0.008844
v -0.018278 -0.020389 -0.008931
v -0.018387 -0.020389 -0.009028
v -0.018487 -0.020389 -0.009135
v -0.018578 -0.020389 -0.009249
v -0.018658 -0.020389 -0.009370
v -0.018728 -0.020389 -0.009498
v -0.018787 -0.020389 -0.009632
v -0.018834 -0.020389 -0.009770
v -0.018869 -0.020389 -0.009911
v -0.018892 -0.020389 -0.010055
v -0.018902 -0.020389 -0.010201
v -0.018900 -0.020389 -0.010347
v -0.018886 -0.020389 -0.010492
v -0.018859 -0.020389 -0.010635
v -0.015561 -0.020350 -0.010631
v -0.015534 -0.020350 -0.010489
v -0.015520 -0.020350 -0.010346
v -0.015518 -0.020350 -0.010202
v -0.015528 -0.020350 -0.010058
v -0.015551 -0.020350 -0.009915
v -0.015585 -0.020350 -0.009776
v -0.015632 -0.020350 -0.009639
v -0.015690 -0.020350 -0.009507
v -0.015759 -0.020350 -0.009381
v -0.015839 -0.020350 -0.009261
v -0.015928 -0.020350 -0.009148
v -0.016027 -0.020350 -0.009043
v -0.016135 -0.020350 -0.008947
v -0.016250 -0.020350 -0.008861
v -0.016373 -0.020350 -0.008784
v -0.016501 -0.020350 -0.008719
v -0.016635 -0.020350 -0.008665
v -0.016772 -0.020350 -0.008622
v -0.016913 -0.020350 -0.008592
v -0.017056 -0.020350 -0.008573
v -0.017200 -0.020350 -0.008567
v -0.017344 -0.020350 -0.008573
v -0.017487 -0.020350 -0.008592
v -0.017628 -0.020350 -0.008622
v -0.017765 -0.020350 -0.008665
v -0.017899 -0.020350 -0.008719
v -0.018027 -0.020350 -0.008784
v -0.018150 -0.020350 -0.008861
v -0.018265 -0.020350 -0.008947
v -0.018373 -0.020350 -0.009043
v -0.018472 -0.020350 -0.009148
v -0.018561 -0.020350 -0.009261
v -0.018641 -0.020350 -0.009381
v -0.018710 -0.020350 -0.009507
v -0.018768 -0.020350 -0.009639
v -0.018815 -0.020350 -0.009776
v -0.018849 -0.020350 -0.009915
v -0.018872 -0.020350 -0.010058
v -0.018882 -0.020350 -0.010202
v -0.018880 -0.020350 -0.010346
v -0.018866 -0.020350 -0.010489
v -0.018839 -0.020350 -0.010631
v -0.018801 -0.020350 -0.010770
v -0.015583 -0.020313 -0.010625
v -0.015557 -0.020313 -0.010486
v -0.015543 -0.020313 -0.010344
v -0.015541 -0.020313 -0.010202
v -0.015551 -0.020313 -0.010060
v -0.015574 -0.020313 -0.009920
v -0.015608 -0.020313 -0.009782
v -0.015654 -0.020313 -0.009648
v -0.015711 -0.020313 -0.009518
v -0.015779 -0.020313 -0.009393
v -0.015858 -0.020313 -0.009274
v -0.015946 -0.020313 -0.009163
v -0.016044 -0.020313 -0.009060
v -0.016150 -0.020313 -0.008965
v -0.016263 -0.020313 -0.008880
v -0.016384 -0.020313 -0.008805
v -0.016511 -0.020313 -0.008740
v -0.016642 -0.020313 -0.008687
v -0.016778 -0.020313 -0.008645
v -0.016917 -0.020313 -0.008615
v -0.017058 -0.020313 -0.008597
v -0.017200 -0.020313 -0.008590
v -0.017342 -0.020313 -0.008597
v -0.017483 -0.020313 -0.008615
v -0.017622 -0.020313 -0.008645
v -0.017758 -0.020313 -0.008687
v -0.017889 -0.020313 -0.008740
v -0.018016 -0.020313 -0.008805
v -0.018137 -0.020313 -0.008880
v -0.018250 -0.020313 -0.008965
v -0.018356 -0.020313 -0.009060
v -0.018454 -0.020313 -0.009163
v -0.018542 -0.020313 -0.009274
v -0.018621 -0.020313 -0.009393
v -0.018689 -0.020313 -0.009518
v -0.018746 -0.020313 -0.009648
v -0.018792 -0.020313 -0.009782
v -0.018826 -0.020313 -0.009920
v -0.018849 -0.020313 -0.010060
v -0.018859 -0.020313 -0.010202
v -0.018857 -0.020313 -0.010344
v -0.018843 -0.020313 -0.010486
v -0.018817 -0.020313 -0.010625
v -0.015647 -0.020279 -0.010754
v -0.015609 -0.020279 -0.010619
v -0.015584 -0.020279 -0.010482
v -0.015570 -0.020279 -0.010343
v -0.015568 -0.020279 -0.010203
v -0.015578 -0.020279 -0.010063
v -0.015600 -0.020279 -0.009925
v -0.015633 -0.020279 -0.009790
v -0.015678 -0.020279 -0.009657
v -0.015735 -0.020279 -0.009529
v -0.015802 -0.020279 -0.009406
v -0.015879 -0.020279 -0.009290
v -0.015966 -0.020279 -0.009180
v -0.016062 -0.020279 -0.009079
v -0.016166 -0.020279 -0.008986
v -0.016278 -0.020279 -0.008902
v -0.016397 -0.020279 -0.008828
v -0.016522 -0.020279 -0.008765
v -0.016651 -0.020279 -0.008712
v -0.016785 -0.020279 -0.008671
v -0.016922 -0.020279 -0.008641
v -0.017060 -0.020279 -0.008623
v -0.017200 -0.020279 -0.008617
v -0.017340 -0.020279 -0.008623
v -0.017478 -0.020279 -0.008641
v -0.017615 -0.020279 -0.008671
v -0.017749 -0.020279 -0.008712
v -0.017878 -0.020279 -0.008765
v -0.018003 -0.020279 -0.008828
v -0.018122 -0.020279 -0.008902
v -0.018234 -0.020279 -0.008986
v -0.018338 -0.020279 -0.009079
v -0.018434 -0.020279 -0.009180
v -0.018521 -0.020279 -0.009290
v -0.018598 -0.020279 -0.009406
v -0.018665 -0.020279 -0.009529
v -0.018722 -0.020279 -0.009657
v -0.018767 -0.020279 -0.009790
v -0.018800 -0.020279 -0.009925
v -0.018822 -0.020279 -0.010063
v -0.018832 -0.020279 -0.010203
v -0.018830 -0.020279 -0.010343
v -0.018816 -0.020279 -0.010482
v -0.018791 -0.020279 -0.010619
v -0.015638 -0.020246 -0.010613
v -0.015613 -0.020246 -0.010478
v -0.015599 -0.020246 -0.010341
v -0.015597 -0.020246 -0.010204
v -0.015607 -0.020246 -0.010067
v -0.015628 -0.020246 -0.009931
v -0.015661 -0.020246 -0.009798
v -0.015706 -0.020246 -0.009668
v -0.015761 -0.020246 -0.009542
v -0.015827 -0.020246 -0.009422
v -0.015903 -0.020246 -0.009307
v -0.015988 -0.020246 -0.009200
v -0.016083 -0.020246 -0.009100
v -0.016185 -0.020246 -0.009009
v -0.016295 -0.020246 -0.008926
v -0.016412 -0.020246 -0.008854
v -0.016534 -0.020246 -0.008791
v -0.016661 -0.020246 -0.008740
v -0.016792 -0.020246 -0.008699
v -0.016927 -0.020246 -0.008670
v -0.017063 -0.020246 -0.008652
v -0.017200 -0.020246 -0.008646
v -0.017337 -0.020246 -0.008652
v -0.017473 -0.020246 -0.008670
v -0.017608 -0.020246 -0.008699
v -0.017739 -0.020246 -0.008740
v -0.017866 -0.020246 -0.008791
v -0.017988 -0.020246 -0.008854
v -0.018105 -0.020246 -0.008926
v -0.018215 -0.020246 -0.009009
v -0.018317 -0.020246 -0.009100
v -0.018412 -0.020246 -0.009200
v -0.018497 -0.020246 -0.009307
v -0.018573 -0.020246 -0.009422
v -0.018639 -0.020246 -0.009542
v -0.018694 -0.020246 -0.009668
v -0.018739 -0.020246 -0.009798
v -0.018772 -0.020246 -0.009931
v -0.018793 -0.020246 -0.010067
v -0.018803 -0.020246 -0.010204
v -0.018801 -0.020246 -0.010341
v -0.018787 -0.020246 -0.010478
v -0.018762 -0.020246 -0.010613
v -0.015669 -0.020217 -0.010605
v -0.015645 -0.020217 -0.010473
v -0.015631 -0.020217 -0.010339
v -0.015629 -0.020217 -0.010205
v -0.015639 -0.020217 -0.010071
v -0.015660 -0.020217 -0.009938
v -0.015692 -0.020217 -0.009807
v -0.015736 -0.020217 -0.009680
v -0.015790 -0.020217 -0.009556
v -0.015854 -0.020217 -0.009438
v -0.015929 -0.020217 -0.009326
v -0.016013 -0.020217 -0.009221
v -0.016105 -0.020217 -0.009123
v -0.016205 -0.020217 -0.009033
v -0.016313 -0.020217 -0.008953
v -0.016427 -0.020217 -0.008882
v -0.016547 -0.020217 -0.008821
v -0.016672 -0.020217 -0.008770
v -0.016801 -0.020217 -0.008730
v -0.016932 -0.020217 -0.008702
v -0.017066 -0.020217 -0.008684
v -0.017200 -0.020217 -0.008679
v -0.017334 -0.020217 -0.008684
v -0.017468 -0.020217 -0.008702
v -0.017599 -0.020217 -0.008730
v -0.017728 -0.020217 -0.008770
v -0.017853 -0.020217 -0.008821
v -0.017973 -0.020217 -0.008882
v -0.018087 -0.020217 -0.008953
v -0.018195 -0.020217 -0.009033
v -0.018295 -0.020217 -0.009123
v -0.018387 -0.020217 -0.009221
v -0.018471 -0.020217 -0.009326
v -0.018546 -0.020217 -0.009438
v -0.018610 -0.020217 -0.009556
v -0.018664 -0.020217 -0.009680
v -0.018708 -0.020217 -0.009807
v -0.018740 -0.020217 -0.009938
v -0.018761 -0.020217 -0.010071
v -0.018771 -0.020217 -0.010205
v -0.018769 -0.020217 -0.010339
v -0.018755 -0.020217 -0.010473
v -0.018731 -0.020217 -0.010605
v -0.018695 -0.020217 -0.010735
v -0.015738 -0.020190 -0.010724
v -0.015703 -0.020190 -0.010598
v -0.015679 -0.020190 -0.010468
v -0.015666 -0.020190 -0.010337
v -0.015664 -0.020190 -0.010206
v -0.015673 -0.020190 -0.010074
v -0.015694 -0.020190 -0.009944
v -0.015726 -0.020190 -0.009817
v -0.015768 -0.020190 -0.009692
v -0.015821 -0.020190 -0.009572
v -0.015884 -0.020190 -0.009456
v -0.015957 -0.020190 -0.009347
v -0.016039 -0.020190 -0.009243
v -0.016129 -0.020190 -0.009148
v -0.016227 -0.020190 -0.009060
v -0.016333 -0.020190 -0.008981
v -0.016444 -0.020190 -0.008912
v -0.016562 -0.020190 -0.008852
v -0.016684 -0.020190 -0.008803
v -0.016809 -0.020190 -0.008764
v -0.016938 -0.020190 -0.008736
v -0.017069 -0.020190 -0.008719
v -0.017200 -0.020190 -0.008713
v -0.017331 -0.020190 -0.008719
v -0.017462 -0.020190 -0.008736
v -0.017591 -0.020190 -0.008764
v -0.017716 -0.020190 -0.008803
v -0.017838 -0.020190 -0.008852
v -0.017956 -0.020190 -0.008912
v -0.018067 -0.020190 -0.008981
v -0.018173 -0.020190 -0.009060
v -0.018271 -0.020190 -0.009148
v -0.018361 -0.020190 -0.009243
v -0.018443 -0.020190 -0.009347
v -0.018516 -0.020190 -0.009456
v -0.018579 -0.020190 -0.009572
v -0.018632 -0.020190 -0.009692
v -0.018674 -0.020190 -0.009817
v -0.018706 -0.020190 -0.009944
v -0.018727 -0.020190 -0.010074
v -0.018736 -0.020190 -0.010206
v -0.018734 -0.020190 -0.010337
v -0.018721 -0.020190 -0.010468
v -0.018697 -0.020190 -0.010598
v -0.015739 -0.020167 -0.010589
v -0.015715 -0.020167 -0.010463
v -0.015702 -0.020167 -0.010335
v -0.015701 -0.020167 -0.010207
v -0.015710 -0.020167 -0.010079
v -0.015730 -0.020167 -0.009952
v -0.015761 -0.020167 -0.009827
v -0.015802 -0.020167 -0.009706
v -0.015854 -0.020167 -0.009588
v -0.015916 -0.020167 -0.009475
v -0.015987 -0.020167 -0.009368
v -0.016067 -0.020167 -0.009268
v -0.016155 -0.020167 -0.009174
v -0.016251 -0.020167 -0.009089
v -0.016353 -0.020167 -0.009012
v -0.016463 -0.020167 -0.008944
v -0.016577 -0.020167 -0.008886
v -0.016696 -0.020167 -0.008837
v -0.016819 -0.020167 -0.008799
v -0.016944 -0.020167 -0.008772
v -0.017072 -0.020167 -0.008756
v -0.017200 -0.020167 -0.008750
v -0.017328 -0.020167 -0.008756
v -0.017456 -0.020167 -0.008772
v -0.017581 -0.020167 -0.008799
v -0.017704 -0.020167 -0.008837
v -0.017823 -0.020167 -0.008886
v -0.017937 -0.020167 -0.008944
v -0.018047 -0.020167 -0.009012
v -0.018149 -0.020167 -0.009089
v -0.018245 -0.020167 -0.009174
v -0.018333 -0.020167 -0.009268
v -0.018413 -0.020167 -0.009368
v -0.018484 -0.020167 -0.009475
v -0.018546 -0.020167 -0.009588
v -0.018598 -0.020167 -0.009706
v -0.018639 -0.020167 -0.009827
v -0.018670 -0.020167 -0.009952
v -0.018690 -0.020167 -0.010079
v -0.018699 -0.020167 -0.010207
v -0.018698 -0.020167 -0.010335
v -0.018685 -0.020167 -0.010463
v -0.018661 -0.020167 -0.010589
v -0.015777 -0.020147 -0.010581
v -0.015754 -0.020147 -0.010458
v -0.015741 -0.020147 -0.010333
v -0.015739 -0.020147 -0.010208
v -0.015748 -0.020147 -0.010083
v -0.015768 -0.020147 -0.009959
v -0.015798 -0.020147 -0.009838
v -0.015838 -0.020147 -0.009720
v -0.015889 -0.020147 -0.009605
v -0.015949 -0.020147 -0.009495
v -0.016018 -0.020147 -0.009391
v -0.016096 -0.020147 -0.009293
v -0.016182 -0.020147 -0.009202
v -0.016275 -0.020147 -0.009119
v -0.016375 -0.020147 -0.009044
v -0.016482 -0.020147 -0.008978
v -0.016593 -0.020147 -0.008921
v -0.016709 -0.020147 -0.008874
v -0.016829 -0.020147 -0.008837
v -0.016951 -0.020147 -0.008810
v -0.017075 -0.020147 -0.008794
v -0.017200 -0.020147 -0.008789
v -0.017325 -0.020147 -0.008794
v -0.017449 -0.020147 -0.008810
v -0.017571 -0.020147 -0.008837
v -0.017691 -0.020147 -0.008874
v -0.017807 -0.020147 -0.008921
v -0.017918 -0.020147 -0.008978
v -0.018025 -0.020147 -0.009044
v -0.018125 -0.020147 -0.009119
v -0.018218 -0.020147 -0.009202
v -0.018304 -0.020147 -0.009293
v -0.018382 -0.020147 -0.009391
v -0.018451 -0.020147 -0.009495
v -0.018511 -0.020147 -0.009605
v -0.018562 -0.020147 -0.009720
v -0.018602 -0.020147 -0.009838
v -0.018632 -0.020147 -0.009959
v -0.018652 -0.020147 -0.010083
v -0.018661 -0.020147 -0.010208
v -0.018659 -0.020147 -0.010333
v -0.018646 -0.020147 -0.010458
v -0.018623 -0.020147 -0.010581
v -0.015848 -0.020130 -0.010689
v -0.015816 -0.020130 -0.010571
v -0.015793 -0.020130 -0.010452
v -0.015781 -0.020130 -0.010331
v -0.015780 -0.020130 -0.010209
v -0.015788 -0.020130 -0.010088
v -0.015807 -0.020130 -0.009968
v -0.015837 -0.020130 -0.009849
v -0.015876 -0.020130 -0.009734
v -0.015925 -0.020130 -0.009623
v -0.015983 -0.020130 -0.009516
v -0.016051 -0.020130 -0.009415
v -0.016126 -0.020130 -0.009319
v -0.016210 -0.020130 -0.009231
v -0.016301 -0.020130 -0.009150
v -0.016398 -0.020130 -0.009077
v -0.016501 -0.020130 -0.009013
v -0.016610 -0.020130 -0.008957
v -0.016723 -0.020130 -0.008912
v -0.016839 -0.020130 -0.008876
v -0.016958 -0.020130 -0.008850
v -0.017078 -0.020130 -0.008834
v -0.017200 -0.020130 -0.008829
v -0.017322 -0.020130 -0.008834
v -0.017442 -0.020130 -0.008850
v -0.017561 -0.020130 -0.008876
v -0.017677 -0.020130 -0.008912
v -0.017790 -0.020130 -0.008957
v -0.017899 -0.020130 -0.009013
v -0.018002 -0.020130 -0.009077
v -0.018099 -0.020130 -0.009150
v -0.018190 -0.020130 -0.009231
v -0.018274 -0.020130 -0.009319
v -0.018349 -0.020130 -0.009415
v -0.018417 -0.020130 -0.009516
v -0.018475 -0.020130 -0.009623
v -0.018524 -0.020130 -0.009734
v -0.018563 -0.020130 -0.009849
v -0.018593 -0.020130 -0.009968
v -0.018612 -0.020130 -0.010088
v -0.018620 -0.020130 -0.010209
v -0.018619 -0.020130 -0.010331
v -0.018607 -0.020130 -0.010452
v -0.018584 -0.020130 -0.010571
v -0.015888 -0.020117 -0.010676
v -0.015856 -0.020117 -0.010562
v -0.015835 -0.020117 -0.010446
v -0.015823 -0.020117 -0.010328
v -0.015821 -0.020117 -0.010210
v -0.015830 -0.020117 -0.010092
v -0.015848 -0.020117 -0.009976
v -0.015877 -0.020117 -0.009861
v -0.015915 -0.020117 -0.009749
v -0.015962 -0.020117 -0.009641
v -0.016019 -0.020117 -0.009537
v -0.016084 -0.020117 -0.009439
v -0.016158 -0.020117 -0.009347
v -0.016239 -0.020117 -0.009261
v -0.016327 -0.020117 -0.009182
v -0.016422 -0.020117 -0.009111
v -0.016522 -0.020117 -0.009049
v -0.016627 -0.020117 -0.008995
v -0.016737 -0.020117 -0.008951
v -0.016849 -0.020117 -0.008916
v -0.016965 -0.020117 -0.008891
v -0.017082 -0.020117 -0.008876
v -0.017200 -0.020117 -0.008871
v -0.017318 -0.020117 -0.008876
v -0.017435 -0.020117 -0.008891
v -0.017551 -0.020117 -0.008916
v -0.017663 -0.020117 -0.008951
v -0.017773 -0.020117 -0.008995
v -0.017878 -0.020117 -0.009049
v -0.017978 -0.020117 -0.009111
v -0.018073 -0.020117 -0.009182
v -0.018161 -0.020117 -0.009261
v -0.018242 -0.020117 -0.009347
v -0.018316 -0.020117 -0.009439
v -0.018381 -0.020117 -0.009537
v -0.018438 -0.020117 -0.009641
v -0.018485 -0.020117 -0.009749
v -0.018523 -0.020117 -0.009861
v -0.018552 -0.020117 -0.009976
v -0.018570 -0.020117 -0.010092
v -0.018579 -0.020117 -0.010210
v -0.018577 -0.020117 -0.010328
v -0.018565 -0.020117 -0.010446
v -0.018544 -0.020117 -0.010562
v -0.018512 -0.020117 -0.010676
v -0.018471 -0.020117 -0.010787
v -0.015928 -0.020108 -0.010663
v -0.015898 -0.020108 -0.010552
v -0.015877 -0.020108 -0.010440
v -0.015865 -0.020108 -0.010326
v -0.015864 -0.020108 -0.010212
v -0.015872 -0.020108 -0.010097
v -0.015890 -0.020108 -0.009984
v -0.015917 -0.020108 -0.009873
v -0.015954 -0.020108 -0.009765
v -0.016000 -0.020108 -0.009660
v -0.016055 -0.020108 -0.009559
v -0.016119 -0.020108 -0.009464
v -0.016190 -0.020108 -0.009374
v -0.016268 -0.020108 -0.009291
v -0.016354 -0.020108 -0.009215
v -0.016446 -0.020108 -0.009146
v -0.016543 -0.020108 -0.009086
v -0.016645 -0.020108 -0.009034
v -0.016751 -0.020108 -0.008991
v -0.016860 -0.020108 -0.008957
v -0.016972 -0.020108 -0.008933
v -0.017086 -0.020108 -0.008918
v -0.017200 -0.020108 -0.008913
v -0.017314 -0.020108 -0.008918
v -0.017428 -0.020108 -0.008933
v -0.017540 -0.020108 -0.008957
v -0.017649 -0.020108 -0.008991
v -0.017755 -0.020108 -0.009034
v -0.017857 -0.020108 -0.009086
v -0.017954 -0.020108 -0.009146
v -0.018046 -0.020108 -0.009215
v -0.018132 -0.020108 -0.009291
v -0.018210 -0.020108 -0.009374
v -0.018281 -0.020108 -0.009464
v -0.018345 -0.020108 -0.009559
v -0.018400 -0.020108 -0.009660
v -0.018446 -0.020108 -0.009765
v -0.018483 -0.020108 -0.009873
v -0.018510 -0.020108 -0.009984
v -0.018528 -0.020108 -0.010097
v -0.018536 -0.020108 -0.010212
v -0.018535 -0.020108 -0.010326
v -0.018523 -0.020108 -0.010440
v -0.018502 -0.020108 -0.010552
v -0.018472 -0.020108 -0.010663
v -0.016008 -0.020102 -0.010753
v -0.015970 -0.020102 -0.010649
v -0.015940 -0.020102 -0.010543
v -0.015920 -0.020102 -0.010434
v -0.015909 -0.020102 -0.010324
v -0.015907 -0.020102 -0.010213
v -0.015915 -0.020102 -0.010102
v -0.015932 -0.020102 -0.009993
v -0.015959 -0.020102 -0.009885
v -0.015995 -0.020102 -0.009780
v -0.016039 -0.020102 -0.009679
v -0.016092 -0.020102 -0.009582
v -0.016154 -0.020102 -0.009490
v -0.016222 -0.020102 -0.009403
v -0.016299 -0.020102 -0.009322
v -0.016381 -0.020102 -0.009249
v -0.016470 -0.020102 -0.009182
v -0.016564 -0.020102 -0.009124
v -0.016663 -0.020102 -0.009073
v -0.016765 -0.020102 -0.009032
v -0.016871 -0.020102 -0.008999
v -0.016979 -0.020102 -0.008975
v -0.017089 -0.020102 -0.008961
v -0.017200 -0.020102 -0.008956
v -0.017311 -0.020102 -0.008961
v -0.017421 -0.020102 -0.008975
v -0.017529 -0.020102 -0.008999
v -0.017635 -0.020102 -0.009032
v -0.017737 -0.020102 -0.009073
v -0.017836 -0.020102 -0.009124
v -0.017930 -0.020102 -0.009182
v -0.018019 -0.020102 -0.009249
v -0.018101 -0.020102 -0.009322
v -0.018178 -0.020102 -0.009403
v -0.018246 -0.020102 -0.009490
v -0.018308 -0.020102 -0.009582
v -0.018361 -0.020102 -0.009679
v -0.018405 -0.020102 -0.009780
v -0.018441 -0.020102 -0.009885
v -0.018468 -0.020102 -0.009993
v -0.018485 -0.020102 -0.010102
v -0.018493 -0.020102 -0.010213
v -0.018491 -0.020102 -0.010324
v -0.018480 -0.020102 -0.010434
v -0.018460 -0.020102 -0.010543
v -0.018430 -0.020102 -0.010649
v -0.016011 -0.020100 -0.010636
v -0.015982 -0.020100 -0.010533
v -0.015963 -0.020100 -0.010428
v -0.015952 -0.020100 -0.010321
v -0.015951 -0.020100 -0.010214
v -0.015958 -0.020100 -0.010107
v -0.015975 -0.020100 -0.010002
v -0.016001 -0.020100 -0.009898
v -0.016035 -0.020100 -0.009796
v -0.016078 -0.020100 -0.009698
v -0.016130 -0.020100 -0.009604
v -0.016189 -0.020100 -0.009515
v -0.016255 -0.020100 -0.009431
v -0.016329 -0.020100 -0.009353
v -0.016409 -0.020100 -0.009282
v -0.016495 -0.020100 -0.009218
v -0.016585 -0.020100 -0.009162
v -0.016681 -0.020100 -0.009113
v -0.016780 -0.020100 -0.009073
v -0.016882 -0.020100 -0.009041
v -0.016987 -0.020100 -0.009018
v -0.017093 -0.020100 -0.009005
v -0.017200 -0.020100 -0.009000
v -0.017307 -0.020100 -0.009005
v -0.017413 -0.020100 -0.009018
v -0.017518 -0.020100 -0.009041
v -0.017620 -0.020100 -0.009073
v -0.017719 -0.020100 -0.009113
v -0.017815 -0.020100 -0.009162
v -0.017905 -0.020100 -0.009218
v -0.017991 -0.020100 -0.009282
v -0.018071 -0.020100 -0.009353
v -0.018145 -0.020100 -0.009431
v -0.018211 -0.020100 -0.009515
v -0.018270 -0.020100 -0.009604
v -0.018322 -0.020100 -0.009698
v -0.018365 -0.020100 -0.009796
v -0.018399 -0.020100 -0.009898
v -0.018425 -0.020100 -0.010002
v -0.018442 -0.020100 -0.010107
v -0.018449 -0.020100 -0.010214
v -0.018448 -0.020100 -0.010321
v -0.018437 -0.020100 -0.010428
v -0.018418 -0.020100 -0.010533
v -0.018389 -0.020100 -0.010636
v -0.014850 -0.024100 -0.010634
v -0.006074 -0.026000 0.008384
v 0.003268 -0.026000 0.008384
v -0.006074 -0.026000 -0.008384
v 0.003268 -0.026000 -0.008384
v -0.005853 -0.027457 0.008755
v -0.005853 -0.027457 0.008756
v -0.005850 -0.027456 0.008771
v -0.005850 -0.027456 0.008773
v -0.005847 -0.027455 0.008788
v -0.005847 -0.027455 0.008789
v -0.005842 -0.027452 0.008804
v -0.005842 -0.027452 0.008805
v -0.005837 -0.027448 0.008820
v -0.005837 -0.027448 0.008821
v -0.005831 -0.027444 0.008835
v -0.005831 -0.027443 0.008836
v -0.005825 -0.027438 0.008849
v -0.005824 -0.027437 0.008850
v -0.005817 -0.027431 0.008863
v -0.005817 -0.027430 0.008864
v -0.005809 -0.027423 0.008876
v -0.005809 -0.027423 0.008876
v -0.005800 -0.027414 0.008888
v -0.005800 -0.027414 0.008888
v -0.005791 -0.027405 0.008898
v -0.005791 -0.027405 0.008899
v -0.005782 -0.027395 0.008908
v -0.005772 -0.027384 0.008916
v -0.005762 -0.027372 0.008923
v -0.005751 -0.027360 0.008929
v -0.005741 -0.027348 0.008933
v -0.005730 -0.027335 0.008936
v 0.003700 -0.027335 0.008936
v 0.003717 -0.027337 0.008935
v 0.003717 -0.027338 0.008935
v 0.003734 -0.027340 0.008933
v 0.003750 -0.027342 0.008928
v 0.003751 -0.027342 0.008928
v 0.003766 -0.027344 0.008923
v 0.003782 -0.027346 0.008916
v 0.003783 -0.027346 0.008916
v 0.003797 -0.027347 0.008908
v 0.003797 -0.027347 0.008908
v 0.003811 -0.027348 0.008899
v 0.003825 -0.027348 0.008888
v 0.003837 -0.027348 0.008877
v 0.003849 -0.027348 0.008864
v 0.003860 -0.027348 0.008851
v 0.003869 -0.027347 0.008837
v 0.003869 -0.027347 0.008836
v 0.003877 -0.027346 0.008821
v 0.003884 -0.027344 0.008806
v 0.003884 -0.027344 0.008806
v 0.003889 -0.027342 0.008789
v 0.003893 -0.027340 0.008773
v 0.003893 -0.027340 0.008773
v 0.003896 -0.027338 0.008757
v 0.003896 -0.027337 0.008756
v 0.003897 -0.027335 0.008739
v 0.003897 -0.027335 -0.008739
v 0.003718 -0.027499 -0.008739
v 0.003718 -0.027499 0.008739
v 0.003716 -0.027499 -0.008739
v 0.003717 -0.027499 0.008739
v 0.003700 -0.027500 -0.008739
v 0.003700 -0.027500 0.008739
v 0.003752 -0.027493 -0.008739
v 0.003752 -0.027493 0.008739
v 0.003748 -0.027494 -0.008739
v 0.003749 -0.027494 0.008739
v 0.003735 -0.027497 -0.008739
v 0.003735 -0.027497 0.008739
v 0.003733 -0.027497 0.008739
v 0.003785 -0.027481 -0.008739
v 0.003785 -0.027481 0.008739
v 0.003779 -0.027484 -0.008739
v 0.003781 -0.027483 0.008739
v 0.003769 -0.027488 -0.008739
v 0.003769 -0.027488 0.008739
v 0.003765 -0.027489 0.008739
v 0.003815 -0.027464 -0.008739
v 0.003815 -0.027464 0.008739
v 0.003808 -0.027468 -0.008739
v 0.003810 -0.027467 0.008739
v 0.003800 -0.027473 -0.008739
v 0.003800 -0.027473 0.008739
v 0.003795 -0.027476 0.008739
v 0.003882 -0.027385 -0.008739
v 0.003876 -0.027395 0.008739
v 0.003873 -0.027400 -0.008739
v 0.003873 -0.027400 0.008739
v 0.003866 -0.027411 -0.008739
v 0.003868 -0.027409 0.008739
v 0.003864 -0.027415 -0.008739
v 0.003864 -0.027415 0.008739
v 0.003858 -0.027423 -0.008739
v 0.003858 -0.027423 0.008739
v 0.003857 -0.027425 -0.008739
v 0.003853 -0.027429 0.008739
v 0.003853 -0.027429 -0.008739
v 0.003847 -0.027436 0.008739
v 0.003842 -0.027441 -0.008739
v 0.003842 -0.027441 0.008739
v 0.003834 -0.027449 -0.008739
v 0.003836 -0.027447 0.008739
v 0.003829 -0.027453 -0.008739
v 0.003829 -0.027453 0.008739
v 0.003823 -0.027458 0.008739
v 0.003888 -0.027368 -0.008739
v 0.003888 -0.027368 0.008739
v 0.003882 -0.027382 -0.008739
v 0.003883 -0.027380 0.008739
v 0.003882 -0.027385 0.008739
v 0.003894 -0.027351 -0.008739
v 0.003894 -0.027349 0.008739
v 0.003893 -0.027352 -0.008739
v 0.003893 -0.027352 0.008739
v 0.003889 -0.027365 0.008739
v 0.003700 -0.027493 -0.008791
v 0.003700 -0.027492 -0.008794
v 0.003715 -0.027492 -0.008794
v 0.003700 -0.027488 -0.008808
v 0.003700 -0.027487 -0.008810
v 0.003714 -0.027486 -0.008811
v 0.003700 -0.027481 -0.008824
v 0.003700 -0.027480 -0.008826
v 0.003714 -0.027480 -0.008826
v 0.003700 -0.027473 -0.008839
v 0.003700 -0.027472 -0.008841
v 0.003713 -0.027472 -0.008842
v 0.003700 -0.027464 -0.008854
v 0.003700 -0.027463 -0.008856
v 0.003712 -0.027462 -0.008856
v 0.003700 -0.027453 -0.008868
v 0.003700 -0.027452 -0.008869
v 0.003711 -0.027452 -0.008869
v 0.003700 -0.027441 -0.008881
v 0.003700 -0.027440 -0.008882
v 0.003710 -0.027440 -0.008882
v 0.003700 -0.027429 -0.008893
v 0.003700 -0.027427 -0.008894
v 0.003708 -0.027427 -0.008894
v 0.003700 -0.027415 -0.008903
v 0.003700 -0.027414 -0.008904
v 0.003707 -0.027413 -0.008904
v 0.003700 -0.027400 -0.008913
v 0.003700 -0.027399 -0.008913
v 0.003706 -0.027399 -0.008913
v 0.003700 -0.027385 -0.008921
v 0.003700 -0.027384 -0.008921
v 0.003704 -0.027384 -0.008921
v 0.003703 -0.027368 -0.008928
v 0.003702 -0.027351 -0.008933
v 0.003703 -0.027351 -0.008933
v 0.003700 -0.027335 -0.008936
v 0.003717 -0.027339 -0.008935
v 0.003716 -0.027340 -0.008935
v 0.003717 -0.027337 -0.008935
v 0.003866 -0.027412 -0.008741
v 0.003764 -0.027490 -0.008745
v 0.003779 -0.027484 -0.008746
v 0.003716 -0.027499 -0.008743
v 0.003732 -0.027497 -0.008744
v 0.003748 -0.027494 -0.008744
v 0.003793 -0.027477 -0.008747
v 0.003807 -0.027469 -0.008749
v 0.003820 -0.027460 -0.008750
v 0.003833 -0.027449 -0.008752
v 0.003844 -0.027438 -0.008754
v 0.003855 -0.027426 -0.008756
v 0.003875 -0.027398 -0.008744
v 0.003882 -0.027383 -0.008746
v 0.003888 -0.027368 -0.008749
v 0.003893 -0.027353 -0.008752
v 0.003896 -0.027337 -0.008755
v 0.003700 -0.027368 -0.008927
v 0.003700 -0.027368 -0.008928
v 0.003700 -0.027352 -0.008933
v 0.003700 -0.027352 -0.008933
v 0.003730 -0.027350 -0.008931
v 0.003716 -0.027341 -0.008934
v 0.003732 -0.027348 -0.008931
v 0.003733 -0.027345 -0.008932
v 0.003733 -0.027343 -0.008932
v 0.003734 -0.027340 -0.008932
v 0.003706 -0.027368 -0.008928
v 0.003704 -0.027351 -0.008933
v 0.003750 -0.027346 -0.008928
v 0.003748 -0.027350 -0.008927
v 0.003747 -0.027354 -0.008926
v 0.003745 -0.027358 -0.008926
v 0.003743 -0.027361 -0.008925
v 0.003709 -0.027383 -0.008921
v 0.003709 -0.027367 -0.008928
v 0.003706 -0.027351 -0.008933
v 0.003753 -0.027374 -0.008918
v 0.003757 -0.027369 -0.008918
v 0.003759 -0.027365 -0.008919
v 0.003762 -0.027360 -0.008920
v 0.003764 -0.027355 -0.008921
v 0.003766 -0.027349 -0.008922
v 0.003711 -0.027398 -0.008913
v 0.003713 -0.027382 -0.008921
v 0.003711 -0.027366 -0.008928
v 0.003707 -0.027350 -0.008933
v 0.003751 -0.027342 -0.008928
v 0.003766 -0.027344 -0.008923
v 0.003767 -0.027344 -0.008923
v 0.003782 -0.027346 -0.008916
v 0.003761 -0.027387 -0.008909
v 0.003766 -0.027382 -0.008909
v 0.003770 -0.027377 -0.008910
v 0.003773 -0.027371 -0.008911
v 0.003777 -0.027365 -0.008913
v 0.003779 -0.027359 -0.008914
v 0.003781 -0.027352 -0.008915
v 0.003714 -0.027413 -0.008904
v 0.003717 -0.027397 -0.008913
v 0.003717 -0.027381 -0.008921
v 0.003714 -0.027365 -0.008928
v 0.003708 -0.027350 -0.008933
v 0.003767 -0.027402 -0.008898
v 0.003773 -0.027396 -0.008899
v 0.003778 -0.027390 -0.008900
v 0.003783 -0.027384 -0.008901
v 0.003787 -0.027377 -0.008902
v 0.003790 -0.027370 -0.008904
v 0.003793 -0.027362 -0.008905
v 0.003796 -0.027355 -0.008906
v 0.003716 -0.027426 -0.008894
v 0.003721 -0.027411 -0.008904
v 0.003722 -0.027396 -0.008914
v 0.003721 -0.027380 -0.008922
v 0.003716 -0.027364 -0.008928
v 0.003710 -0.027349 -0.008933
v 0.003782 -0.027346 -0.008916
v 0.003797 -0.027347 -0.008908
v 0.003798 -0.027347 -0.008908
v 0.003811 -0.027348 -0.008899
v 0.003770 -0.027417 -0.008886
v 0.003777 -0.027411 -0.008887
v 0.003783 -0.027405 -0.008888
v 0.003789 -0.027398 -0.008890
v 0.003795 -0.027390 -0.008891
v 0.003800 -0.027382 -0.008892
v 0.003804 -0.027374 -0.008894
v 0.003807 -0.027365 -0.008895
v 0.003810 -0.027357 -0.008897
v 0.003719 -0.027439 -0.008882
v 0.003724 -0.027425 -0.008894
v 0.003727 -0.027409 -0.008905
v 0.003727 -0.027394 -0.008914
v 0.003724 -0.027378 -0.008922
v 0.003719 -0.027363 -0.008929
v 0.003711 -0.027348 -0.008933
v 0.003769 -0.027432 -0.008873
v 0.003778 -0.027426 -0.008874
v 0.003786 -0.027419 -0.008875
v 0.003793 -0.027412 -0.008876
v 0.003800 -0.027404 -0.008878
v 0.003806 -0.027396 -0.008879
v 0.003812 -0.027387 -0.008881
v 0.003816 -0.027378 -0.008883
v 0.003820 -0.027368 -0.008884
v 0.003823 -0.027358 -0.008886
v 0.003721 -0.027450 -0.008870
v 0.003728 -0.027437 -0.008883
v 0.003732 -0.027422 -0.008894
v 0.003734 -0.027407 -0.008905
v 0.003732 -0.027391 -0.008915
v 0.003728 -0.027376 -0.008922
v 0.003721 -0.027361 -0.008929
v 0.003712 -0.027347 -0.008933
v 0.003812 -0.027348 -0.008898
v 0.003825 -0.027348 -0.008888
v 0.003825 -0.027348 -0.008888
v 0.003837 -0.027348 -0.008877
v 0.003767 -0.027446 -0.008859
v 0.003776 -0.027440 -0.008860
v 0.003786 -0.027434 -0.008861
v 0.003795 -0.027427 -0.008862
v 0.003803 -0.027419 -0.008864
v 0.003810 -0.027410 -0.008865
v 0.003817 -0.027401 -0.008867
v 0.003823 -0.027391 -0.008868
v 0.003828 -0.027381 -0.008870
v 0.003832 -0.027370 -0.008872
v 0.003836 -0.027359 -0.008874
v 0.003723 -0.027461 -0.008856
v 0.003731 -0.027448 -0.008870
v 0.003737 -0.027434 -0.008883
v 0.003740 -0.027419 -0.008895
v 0.003740 -0.027404 -0.008906
v 0.003737 -0.027388 -0.008915
v 0.003731 -0.027373 -0.008923
v 0.003723 -0.027359 -0.008929
v 0.003713 -0.027346 -0.008934
v 0.003761 -0.027460 -0.008844
v 0.003772 -0.027454 -0.008845
v 0.003783 -0.027448 -0.008846
v 0.003793 -0.027441 -0.008847
v 0.003803 -0.027433 -0.008848
v 0.003811 -0.027424 -0.008850
v 0.003820 -0.027415 -0.008852
v 0.003827 -0.027405 -0.008853
v 0.003833 -0.027394 -0.008855
v 0.003839 -0.027383 -0.008857
v 0.003843 -0.027372 -0.008859
v 0.003847 -0.027360 -0.008861
v 0.003725 -0.027470 -0.008842
v 0.003734 -0.027458 -0.008857
v 0.003741 -0.027445 -0.008871
v 0.003746 -0.027431 -0.008884
v 0.003747 -0.027416 -0.008896
v 0.003746 -0.027400 -0.008906
v 0.003742 -0.027385 -0.008916
v 0.003735 -0.027371 -0.008923
v 0.003725 -0.027357 -0.008929
v 0.003714 -0.027345 -0.008934
v 0.003838 -0.027348 -0.008876
v 0.003849 -0.027348 -0.008864
v 0.003850 -0.027348 -0.008863
v 0.003860 -0.027348 -0.008851
v 0.003753 -0.027472 -0.008828
v 0.003765 -0.027467 -0.008829
v 0.003777 -0.027461 -0.008830
v 0.003789 -0.027454 -0.008831
v 0.003800 -0.027447 -0.008832
v 0.003810 -0.027438 -0.008834
v 0.003819 -0.027429 -0.008835
v 0.003828 -0.027419 -0.008837
v 0.003836 -0.027408 -0.008839
v 0.003843 -0.027397 -0.008841
v 0.003849 -0.027385 -0.008843
v 0.003853 -0.027373 -0.008845
v 0.003857 -0.027360 -0.008847
v 0.003727 -0.027478 -0.008827
v 0.003737 -0.027468 -0.008842
v 0.003745 -0.027455 -0.008857
v 0.003751 -0.027442 -0.008871
v 0.003754 -0.027427 -0.008884
v 0.003754 -0.027412 -0.008896
v 0.003751 -0.027397 -0.008907
v 0.003746 -0.027382 -0.008916
v 0.003738 -0.027368 -0.008924
v 0.003727 -0.027355 -0.008930
v 0.003715 -0.027344 -0.008934
v 0.003742 -0.027482 -0.008811
v 0.003756 -0.027478 -0.008812
v 0.003769 -0.027473 -0.008813
v 0.003782 -0.027467 -0.008814
v 0.003794 -0.027460 -0.008815
v 0.003805 -0.027452 -0.008817
v 0.003816 -0.027443 -0.008818
v 0.003826 -0.027433 -0.008820
v 0.003835 -0.027422 -0.008822
v 0.003844 -0.027411 -0.008824
v 0.003851 -0.027399 -0.008826
v 0.003857 -0.027387 -0.008828
v 0.003862 -0.027374 -0.008830
v 0.003867 -0.027360 -0.008833
v 0.003728 -0.027485 -0.008811
v 0.003740 -0.027475 -0.008827
v 0.003749 -0.027464 -0.008843
v 0.003756 -0.027451 -0.008858
v 0.003760 -0.027437 -0.008872
v 0.003762 -0.027422 -0.008885
v 0.003761 -0.027407 -0.008897
v 0.003757 -0.027392 -0.008908
v 0.003750 -0.027378 -0.008917
v 0.003740 -0.027365 -0.008924
v 0.003729 -0.027353 -0.008930
v 0.003715 -0.027343 -0.008934
v 0.003860 -0.027348 -0.008850
v 0.003869 -0.027347 -0.008836
v 0.003870 -0.027347 -0.008835
v 0.003877 -0.027346 -0.008821
v 0.003730 -0.027490 -0.008795
v 0.003744 -0.027487 -0.008795
v 0.003758 -0.027483 -0.008796
v 0.003772 -0.027478 -0.008797
v 0.003786 -0.027471 -0.008798
v 0.003798 -0.027464 -0.008799
v 0.003810 -0.027455 -0.008801
v 0.003822 -0.027446 -0.008802
v 0.003832 -0.027436 -0.008804
v 0.003842 -0.027425 -0.008806
v 0.003850 -0.027413 -0.008808
v 0.003858 -0.027400 -0.008810
v 0.003865 -0.027387 -0.008813
v 0.003870 -0.027374 -0.008815
v 0.003874 -0.027360 -0.008818
v 0.003716 -0.027496 -0.008777
v 0.003731 -0.027494 -0.008778
v 0.003746 -0.027491 -0.008778
v 0.003761 -0.027486 -0.008779
v 0.003775 -0.027481 -0.008780
v 0.003789 -0.027474 -0.008781
v 0.003802 -0.027467 -0.008783
v 0.003815 -0.027458 -0.008784
v 0.003826 -0.027448 -0.008786
v 0.003837 -0.027438 -0.008788
v 0.003847 -0.027426 -0.008790
v 0.003856 -0.027414 -0.008792
v 0.003864 -0.027401 -0.008794
v 0.003871 -0.027387 -0.008797
v 0.003877 -0.027373 -0.008799
v 0.003881 -0.027359 -0.008802
v 0.003700 -0.027499 -0.008757
v 0.003700 -0.027499 -0.008760
v 0.003716 -0.027498 -0.008760
v 0.003700 -0.027497 -0.008774
v 0.003878 -0.027345 -0.008820
v 0.003884 -0.027344 -0.008806
v 0.003884 -0.027344 -0.008804
v 0.003889 -0.027342 -0.008789
v 0.003886 -0.027357 -0.008785
v 0.003882 -0.027372 -0.008783
v 0.003876 -0.027387 -0.008780
v 0.003869 -0.027401 -0.008778
v 0.003861 -0.027414 -0.008775
v 0.003851 -0.027426 -0.008773
v 0.003841 -0.027438 -0.008771
v 0.003830 -0.027449 -0.008769
v 0.003818 -0.027459 -0.008767
v 0.003805 -0.027468 -0.008766
v 0.003791 -0.027476 -0.008764
v 0.003777 -0.027483 -0.008763
v 0.003762 -0.027489 -0.008762
v 0.003747 -0.027493 -0.008761
v 0.003732 -0.027496 -0.008761
v 0.003700 -0.027496 -0.008777
v 0.003700 -0.027500 -0.008743
v 0.003864 -0.027413 -0.008758
v 0.003872 -0.027400 -0.008761
v 0.003880 -0.027385 -0.008763
v 0.003886 -0.027370 -0.008766
v 0.003890 -0.027355 -0.008769
v 0.003890 -0.027342 -0.008788
v 0.003893 -0.027340 -0.008773
v 0.003894 -0.027340 -0.008771
v 0.003896 -0.027337 -0.008756
v -0.005730 -0.027352 -0.008933
v -0.005730 -0.027368 -0.008927
v -0.005730 -0.027500 -0.008739
v -0.005730 -0.027500 -0.008747
v -0.005730 -0.027499 -0.008757
v -0.005730 -0.027498 -0.008764
v -0.005730 -0.027497 -0.008774
v -0.005730 -0.027496 -0.008781
v -0.005730 -0.027493 -0.008791
v -0.005730 -0.027492 -0.008797
v -0.005730 -0.027488 -0.008808
v -0.005730 -0.027486 -0.008813
v -0.005730 -0.027481 -0.008824
v -0.005730 -0.027479 -0.008829
v -0.005730 -0.027473 -0.008839
v -0.005730 -0.027471 -0.008844
v -0.005730 -0.027464 -0.008854
v -0.005730 -0.027461 -0.008858
v -0.005730 -0.027453 -0.008868
v -0.005730 -0.027451 -0.008871
v -0.005730 -0.027441 -0.008881
v -0.005730 -0.027439 -0.008883
v -0.005730 -0.027429 -0.008893
v -0.005730 -0.027426 -0.008894
v -0.005730 -0.027415 -0.008903
v -0.005730 -0.027413 -0.008905
v -0.005730 -0.027400 -0.008913
v -0.005730 -0.027398 -0.008914
v -0.005730 -0.027385 -0.008921
v -0.005730 -0.027383 -0.008921
v -0.005730 -0.027368 -0.008928
v -0.005730 -0.027351 -0.008933
v -0.005730 -0.027335 -0.008936
v -0.005791 -0.027405 -0.008899
v -0.005782 -0.027395 -0.008908
v -0.005772 -0.027384 -0.008916
v -0.005762 -0.027372 -0.008923
v -0.005751 -0.027360 -0.008929
v -0.005741 -0.027348 -0.008933
v -0.005791 -0.027405 -0.008898
v -0.005800 -0.027414 -0.008888
v -0.005800 -0.027414 -0.008888
v -0.005809 -0.027423 -0.008876
v -0.005809 -0.027423 -0.008876
v -0.005817 -0.027430 -0.008864
v -0.005817 -0.027431 -0.008863
v -0.005824 -0.027437 -0.008850
v -0.005825 -0.027438 -0.008849
v -0.005831 -0.027443 -0.008836
v -0.005831 -0.027444 -0.008835
v -0.005837 -0.027448 -0.008821
v -0.005837 -0.027448 -0.008820
v -0.005842 -0.027452 -0.008805
v -0.005842 -0.027452 -0.008804
v -0.005847 -0.027455 -0.008789
v -0.005847 -0.027455 -0.008788
v -0.005850 -0.027456 -0.008773
v -0.005850 -0.027456 -0.008771
v -0.005853 -0.027457 -0.008756
v -0.005853 -0.027457 -0.008755
v -0.005744 -0.027365 -0.008928
v -0.005737 -0.027350 -0.008933
v -0.005736 -0.027350 -0.008933
v -0.005738 -0.027349 -0.008933
v -0.005841 -0.027466 -0.008739
v -0.005840 -0.027467 -0.008753
v -0.005841 -0.027466 -0.008739
v -0.005826 -0.027475 -0.008751
v -0.005827 -0.027475 -0.008739
v -0.005812 -0.027482 -0.008739
v -0.005811 -0.027483 -0.008750
v -0.005812 -0.027483 -0.008739
v -0.005795 -0.027489 -0.008749
v -0.005796 -0.027489 -0.008739
v -0.005780 -0.027494 -0.008739
v -0.005779 -0.027494 -0.008748
v -0.005780 -0.027494 -0.008739
v -0.005763 -0.027497 -0.008747
v -0.005763 -0.027497 -0.008739
v -0.005747 -0.027499 -0.008739
v -0.005746 -0.027499 -0.008747
v -0.005747 -0.027499 -0.008739
v -0.005746 -0.027363 -0.008928
v -0.005755 -0.027377 -0.008922
v -0.005739 -0.027348 -0.008933
v -0.005731 -0.027351 -0.008933
v -0.005733 -0.027367 -0.008928
v -0.005749 -0.027362 -0.008929
v -0.005758 -0.027375 -0.008923
v -0.005767 -0.027387 -0.008916
v -0.005734 -0.027383 -0.008921
v -0.005736 -0.027398 -0.008914
v -0.005737 -0.027412 -0.008905
v -0.005776 -0.027399 -0.008907
v -0.005785 -0.027410 -0.008897
v -0.005738 -0.027426 -0.008895
v -0.005793 -0.027420 -0.008887
v -0.005739 -0.027439 -0.008883
v -0.005800 -0.027429 -0.008875
v -0.005741 -0.027450 -0.008871
v -0.005808 -0.027438 -0.008862
v -0.005742 -0.027461 -0.008858
v -0.005814 -0.027445 -0.008848
v -0.005743 -0.027470 -0.008844
v -0.005820 -0.027452 -0.008833
v -0.005744 -0.027478 -0.008829
v -0.005826 -0.027457 -0.008818
v -0.005744 -0.027485 -0.008813
v -0.005830 -0.027461 -0.008802
v -0.005745 -0.027491 -0.008797
v -0.005834 -0.027464 -0.008786
v -0.005746 -0.027495 -0.008781
v -0.005837 -0.027466 -0.008770
v -0.005823 -0.027474 -0.008768
v -0.005821 -0.027472 -0.008785
v -0.005817 -0.027469 -0.008801
v -0.005813 -0.027464 -0.008817
v -0.005809 -0.027459 -0.008832
v -0.005803 -0.027452 -0.008847
v -0.005798 -0.027444 -0.008861
v -0.005791 -0.027435 -0.008874
v -0.005785 -0.027425 -0.008886
v -0.005778 -0.027414 -0.008897
v -0.005770 -0.027402 -0.008906
v -0.005762 -0.027390 -0.008915
v -0.005809 -0.027482 -0.008767
v -0.005807 -0.027479 -0.008784
v -0.005804 -0.027476 -0.008800
v -0.005800 -0.027471 -0.008816
v -0.005796 -0.027465 -0.008831
v -0.005792 -0.027458 -0.008846
v -0.005787 -0.027449 -0.008860
v -0.005782 -0.027440 -0.008873
v -0.005776 -0.027429 -0.008885
v -0.005770 -0.027418 -0.008896
v -0.005764 -0.027406 -0.008906
v -0.005757 -0.027392 -0.008915
v -0.005751 -0.027379 -0.008922
v -0.005794 -0.027488 -0.008766
v -0.005792 -0.027485 -0.008783
v -0.005790 -0.027481 -0.008799
v -0.005787 -0.027476 -0.008815
v -0.005784 -0.027470 -0.008830
v -0.005780 -0.027462 -0.008845
v -0.005776 -0.027454 -0.008859
v -0.005772 -0.027444 -0.008872
v -0.005767 -0.027433 -0.008884
v -0.005762 -0.027421 -0.008895
v -0.005757 -0.027408 -0.008905
v -0.005752 -0.027395 -0.008914
v -0.005747 -0.027380 -0.008922
v -0.005741 -0.027366 -0.008928
v -0.005778 -0.027492 -0.008765
v -0.005777 -0.027490 -0.008782
v -0.005775 -0.027486 -0.008798
v -0.005773 -0.027480 -0.008814
v -0.005771 -0.027474 -0.008830
v -0.005768 -0.027466 -0.008844
v -0.005765 -0.027457 -0.008858
v -0.005762 -0.027447 -0.008872
v -0.005758 -0.027435 -0.008884
v -0.005755 -0.027423 -0.008895
v -0.005751 -0.027410 -0.008905
v -0.005747 -0.027396 -0.008914
v -0.005743 -0.027382 -0.008922
v -0.005738 -0.027366 -0.008928
v -0.005734 -0.027351 -0.008933
v -0.005733 -0.027351 -0.008933
v -0.005736 -0.027367 -0.008928
v -0.005738 -0.027383 -0.008921
v -0.005741 -0.027397 -0.008914
v -0.005744 -0.027412 -0.008905
v -0.005746 -0.027425 -0.008895
v -0.005749 -0.027437 -0.008883
v -0.005751 -0.027449 -0.008871
v -0.005753 -0.027459 -0.008858
v -0.005755 -0.027469 -0.008844
v -0.005757 -0.027477 -0.008829
v -0.005759 -0.027483 -0.008814
v -0.005760 -0.027489 -0.008798
v -0.005761 -0.027493 -0.008781
v -0.005762 -0.027496 -0.008764
v -0.005746 -0.027498 -0.008764
v -0.005841 -0.027466 0.008739
v -0.005841 -0.027466 0.008739
v -0.005827 -0.027475 0.008739
v -0.005812 -0.027482 0.008739
v -0.005812 -0.027483 0.008739
v -0.005796 -0.027489 0.008739
v -0.005780 -0.027494 0.008739
v -0.005780 -0.027494 0.008739
v -0.005763 -0.027497 0.008739
v -0.005730 -0.027500 0.008739
v -0.005747 -0.027499 0.008739
v -0.005747 -0.027499 0.008739
v -0.005730 -0.027400 0.008913
v -0.005730 -0.027398 0.008914
v -0.005736 -0.027398 0.008914
v -0.005730 -0.027385 0.008921
v -0.005730 -0.027383 0.008921
v -0.005734 -0.027383 0.008921
v -0.005733 -0.027367 0.008928
v -0.005731 -0.027351 0.008933
v -0.005733 -0.027351 0.008933
v -0.005739 -0.027348 0.008933
v -0.005746 -0.027499 0.008747
v -0.005763 -0.027497 0.008747
v -0.005779 -0.027494 0.008748
v -0.005795 -0.027489 0.008749
v -0.005811 -0.027483 0.008750
v -0.005826 -0.027475 0.008751
v -0.005840 -0.027467 0.008753
v -0.005730 -0.027368 0.008927
v -0.005730 -0.027368 0.008928
v -0.005730 -0.027352 0.008933
v -0.005730 -0.027351 0.008933
v -0.005736 -0.027367 0.008928
v -0.005734 -0.027351 0.008933
v -0.005738 -0.027383 0.008921
v -0.005738 -0.027366 0.008928
v -0.005736 -0.027350 0.008933
v -0.005749 -0.027362 0.008929
v -0.005758 -0.027375 0.008923
v -0.005767 -0.027387 0.008916
v -0.005776 -0.027399 0.008907
v -0.005730 -0.027413 0.008905
v -0.005737 -0.027412 0.008905
v -0.005730 -0.027415 0.008903
v -0.005738 -0.027426 0.008895
v -0.005785 -0.027410 0.008897
v -0.005739 -0.027439 0.008883
v -0.005730 -0.027429 0.008893
v -0.005730 -0.027426 0.008894
v -0.005793 -0.027420 0.008887
v -0.005741 -0.027450 0.008871
v -0.005730 -0.027441 0.008881
v -0.005730 -0.027439 0.008883
v -0.005800 -0.027429 0.008875
v -0.005742 -0.027461 0.008858
v -0.005730 -0.027453 0.008868
v -0.005730 -0.027451 0.008871
v -0.005808 -0.027438 0.008862
v -0.005743 -0.027470 0.008844
v -0.005730 -0.027464 0.008854
v -0.005730 -0.027461 0.008858
v -0.005814 -0.027445 0.008848
v -0.005744 -0.027478 0.008829
v -0.005730 -0.027473 0.008839
v -0.005730 -0.027471 0.008844
v -0.005820 -0.027452 0.008833
v -0.005744 -0.027485 0.008813
v -0.005730 -0.027481 0.008824
v -0.005730 -0.027479 0.008829
v -0.005826 -0.027457 0.008818
v -0.005745 -0.027491 0.008797
v -0.005730 -0.027488 0.008808
v -0.005730 -0.027486 0.008813
v -0.005830 -0.027461 0.008802
v -0.005746 -0.027495 0.008781
v -0.005730 -0.027493 0.008791
v -0.005730 -0.027492 0.008797
v -0.005834 -0.027464 0.008786
v -0.005730 -0.027499 0.008757
v -0.005730 -0.027498 0.008764
v -0.005746 -0.027498 0.008764
v -0.005730 -0.027497 0.008774
v -0.005730 -0.027496 0.008781
v -0.005762 -0.027496 0.008764
v -0.005761 -0.027493 0.008781
v -0.005760 -0.027489 0.008798
v -0.005759 -0.027483 0.008814
v -0.005757 -0.027477 0.008829
v -0.005755 -0.027469 0.008844
v -0.005753 -0.027459 0.008858
v -0.005751 -0.027449 0.008871
v -0.005749 -0.027437 0.008883
v -0.005746 -0.027425 0.008895
v -0.005744 -0.027412 0.008905
v -0.005741 -0.027397 0.008914
v -0.005778 -0.027492 0.008765
v -0.005777 -0.027490 0.008782
v -0.005775 -0.027486 0.008798
v -0.005773 -0.027480 0.008814
v -0.005771 -0.027474 0.008830
v -0.005768 -0.027466 0.008844
v -0.005765 -0.027457 0.008858
v -0.005762 -0.027447 0.008872
v -0.005758 -0.027435 0.008884
v -0.005755 -0.027423 0.008895
v -0.005751 -0.027410 0.008905
v -0.005747 -0.027396 0.008914
v -0.005743 -0.027382 0.008922
v -0.005794 -0.027488 0.008766
v -0.005792 -0.027485 0.008783
v -0.005790 -0.027481 0.008799
v -0.005787 -0.027476 0.008815
v -0.005784 -0.027470 0.008830
v -0.005780 -0.027462 0.008845
v -0.005776 -0.027454 0.008859
v -0.005772 -0.027444 0.008872
v -0.005767 -0.027433 0.008884
v -0.005762 -0.027421 0.008895
v -0.005757 -0.027408 0.008905
v -0.005752 -0.027395 0.008914
v -0.005747 -0.027380 0.008922
v -0.005741 -0.027366 0.008928
v -0.005809 -0.027482 0.008767
v -0.005807 -0.027479 0.008784
v -0.005804 -0.027476 0.008800
v -0.005800 -0.027471 0.008816
v -0.005796 -0.027465 0.008831
v -0.005792 -0.027458 0.008846
v -0.005787 -0.027449 0.008860
v -0.005782 -0.027440 0.008873
v -0.005776 -0.027429 0.008885
v -0.005770 -0.027418 0.008896
v -0.005764 -0.027406 0.008906
v -0.005757 -0.027392 0.008915
v -0.005751 -0.027379 0.008922
v -0.005744 -0.027365 0.008928
v -0.005737 -0.027350 0.008933
v -0.005738 -0.027349 0.008933
v -0.005746 -0.027363 0.008928
v -0.005755 -0.027377 0.008922
v -0.005762 -0.027390 0.008915
v -0.005770 -0.027402 0.008906
v -0.005778 -0.027414 0.008897
v -0.005785 -0.027425 0.008886
v -0.005791 -0.027435 0.008874
v -0.005798 -0.027444 0.008861
v -0.005803 -0.027452 0.008847
v -0.005809 -0.027459 0.008832
v -0.005813 -0.027464 0.008817
v -0.005817 -0.027469 0.008801
v -0.005821 -0.027472 0.008785
v -0.005823 -0.027474 0.008768
v -0.005837 -0.027466 0.008770
v -0.005730 -0.027500 0.008747
v 0.003700 -0.027349 0.008933
v 0.003700 -0.027352 0.008933
v 0.003700 -0.027365 0.008929
v 0.003700 -0.027368 0.008927
v 0.003700 -0.027380 0.008923
v 0.003700 -0.027385 0.008921
v 0.003700 -0.027395 0.008915
v 0.003700 -0.027400 0.008913
v 0.003700 -0.027409 0.008907
v 0.003700 -0.027415 0.008903
v 0.003700 -0.027423 0.008897
v 0.003700 -0.027429 0.008893
v 0.003700 -0.027436 0.008887
v 0.003700 -0.027441 0.008881
v 0.003700 -0.027447 0.008875
v 0.003700 -0.027453 0.008868
v 0.003700 -0.027458 0.008862
v 0.003700 -0.027464 0.008854
v 0.003700 -0.027467 0.008849
v 0.003700 -0.027473 0.008839
v 0.003700 -0.027499 0.008756
v 0.003700 -0.027499 0.008757
v 0.003700 -0.027497 0.008772
v 0.003700 -0.027497 0.008774
v 0.003700 -0.027494 0.008789
v 0.003700 -0.027493 0.008791
v 0.003700 -0.027489 0.008804
v 0.003700 -0.027488 0.008808
v 0.003700 -0.027483 0.008820
v 0.003700 -0.027481 0.008824
v 0.003700 -0.027476 0.008835
v 0.003717 -0.027365 0.008928
v 0.003716 -0.027380 0.008922
v 0.003716 -0.027395 0.008915
v 0.003715 -0.027409 0.008906
v 0.003714 -0.027423 0.008897
v 0.003713 -0.027436 0.008886
v 0.003719 -0.027497 0.008766
v 0.003710 -0.027499 0.008753
v 0.003711 -0.027499 0.008752
v 0.003716 -0.027499 0.008742
v 0.003716 -0.027499 0.008744
v 0.003717 -0.027499 0.008741
v 0.003708 -0.027499 0.008754
v 0.003717 -0.027349 0.008933
v 0.003734 -0.027349 0.008930
v 0.003750 -0.027349 0.008927
v 0.003767 -0.027349 0.008922
v 0.003782 -0.027349 0.008915
v 0.003797 -0.027349 0.008907
v 0.003811 -0.027349 0.008898
v 0.003825 -0.027349 0.008888
v 0.003837 -0.027349 0.008877
v 0.003849 -0.027349 0.008864
v 0.003859 -0.027349 0.008851
v 0.003868 -0.027349 0.008836
v 0.003876 -0.027349 0.008821
v 0.003882 -0.027349 0.008806
v 0.003887 -0.027349 0.008790
v 0.003891 -0.027349 0.008773
v 0.003893 -0.027349 0.008756
v 0.003717 -0.027497 0.008768
v 0.003725 -0.027494 0.008782
v 0.003707 -0.027499 0.008754
v 0.003731 -0.027497 0.008751
v 0.003732 -0.027497 0.008748
v 0.003733 -0.027497 0.008745
v 0.003733 -0.027497 0.008742
v 0.003703 -0.027497 0.008772
v 0.003705 -0.027494 0.008788
v 0.003702 -0.027499 0.008756
v 0.003714 -0.027497 0.008769
v 0.003721 -0.027494 0.008784
v 0.003728 -0.027489 0.008798
v 0.003706 -0.027499 0.008755
v 0.003745 -0.027494 0.008760
v 0.003746 -0.027494 0.008756
v 0.003748 -0.027494 0.008752
v 0.003749 -0.027494 0.008748
v 0.003749 -0.027494 0.008744
v 0.003711 -0.027497 0.008770
v 0.003717 -0.027494 0.008786
v 0.003722 -0.027489 0.008800
v 0.003728 -0.027483 0.008815
v 0.003705 -0.027499 0.008755
v 0.003756 -0.027489 0.008772
v 0.003759 -0.027489 0.008767
v 0.003761 -0.027489 0.008762
v 0.003763 -0.027489 0.008756
v 0.003764 -0.027489 0.008751
v 0.003765 -0.027489 0.008745
v 0.003706 -0.027489 0.008804
v 0.003707 -0.027483 0.008819
v 0.003709 -0.027497 0.008771
v 0.003713 -0.027494 0.008787
v 0.003717 -0.027489 0.008802
v 0.003721 -0.027483 0.008817
v 0.003725 -0.027476 0.008831
v 0.003703 -0.027499 0.008756
v 0.003766 -0.027483 0.008786
v 0.003770 -0.027483 0.008780
v 0.003773 -0.027483 0.008773
v 0.003776 -0.027483 0.008767
v 0.003778 -0.027483 0.008760
v 0.003779 -0.027483 0.008753
v 0.003780 -0.027483 0.008746
v 0.003706 -0.027497 0.008772
v 0.003709 -0.027494 0.008788
v 0.003712 -0.027489 0.008803
v 0.003714 -0.027483 0.008819
v 0.003717 -0.027476 0.008833
v 0.003719 -0.027467 0.008847
v 0.003773 -0.027476 0.008801
v 0.003778 -0.027476 0.008794
v 0.003783 -0.027476 0.008787
v 0.003786 -0.027476 0.008780
v 0.003790 -0.027476 0.008772
v 0.003792 -0.027476 0.008764
v 0.003794 -0.027476 0.008756
v 0.003795 -0.027476 0.008748
v 0.003709 -0.027476 0.008834
v 0.003710 -0.027467 0.008848
v 0.003711 -0.027458 0.008862
v 0.003778 -0.027467 0.008817
v 0.003784 -0.027467 0.008810
v 0.003790 -0.027467 0.008802
v 0.003795 -0.027467 0.008794
v 0.003799 -0.027467 0.008786
v 0.003803 -0.027467 0.008777
v 0.003806 -0.027467 0.008768
v 0.003808 -0.027467 0.008758
v 0.003809 -0.027467 0.008749
v 0.003779 -0.027458 0.008834
v 0.003787 -0.027458 0.008826
v 0.003794 -0.027458 0.008818
v 0.003801 -0.027458 0.008810
v 0.003807 -0.027458 0.008801
v 0.003812 -0.027458 0.008791
v 0.003816 -0.027458 0.008781
v 0.003819 -0.027458 0.008771
v 0.003821 -0.027458 0.008761
v 0.003823 -0.027458 0.008750
v 0.003712 -0.027447 0.008874
v 0.003722 -0.027458 0.008860
v 0.003729 -0.027467 0.008845
v 0.003733 -0.027476 0.008829
v 0.003734 -0.027483 0.008812
v 0.003733 -0.027489 0.008796
v 0.003728 -0.027494 0.008780
v 0.003721 -0.027497 0.008765
v 0.003712 -0.027499 0.008751
v 0.003778 -0.027447 0.008850
v 0.003787 -0.027447 0.008843
v 0.003796 -0.027447 0.008835
v 0.003804 -0.027447 0.008826
v 0.003811 -0.027447 0.008817
v 0.003817 -0.027447 0.008807
v 0.003823 -0.027447 0.008797
v 0.003827 -0.027447 0.008786
v 0.003831 -0.027447 0.008774
v 0.003834 -0.027447 0.008763
v 0.003835 -0.027447 0.008751
v 0.003724 -0.027447 0.008873
v 0.003732 -0.027458 0.008858
v 0.003738 -0.027467 0.008842
v 0.003740 -0.027476 0.008826
v 0.003740 -0.027483 0.008809
v 0.003737 -0.027489 0.008793
v 0.003732 -0.027494 0.008777
v 0.003724 -0.027497 0.008763
v 0.003713 -0.027499 0.008750
v 0.003774 -0.027436 0.008867
v 0.003785 -0.027436 0.008860
v 0.003795 -0.027436 0.008852
v 0.003804 -0.027436 0.008843
v 0.003813 -0.027436 0.008834
v 0.003821 -0.027436 0.008824
v 0.003828 -0.027436 0.008813
v 0.003834 -0.027436 0.008802
v 0.003838 -0.027436 0.008790
v 0.003842 -0.027436 0.008778
v 0.003845 -0.027436 0.008765
v 0.003847 -0.027436 0.008752
v 0.003726 -0.027436 0.008884
v 0.003735 -0.027447 0.008870
v 0.003742 -0.027458 0.008855
v 0.003746 -0.027467 0.008839
v 0.003748 -0.027476 0.008822
v 0.003746 -0.027483 0.008805
v 0.003742 -0.027489 0.008789
v 0.003735 -0.027494 0.008774
v 0.003725 -0.027497 0.008761
v 0.003714 -0.027499 0.008749
v 0.003767 -0.027423 0.008882
v 0.003779 -0.027423 0.008876
v 0.003791 -0.027423 0.008869
v 0.003802 -0.027423 0.008860
v 0.003812 -0.027423 0.008851
v 0.003821 -0.027423 0.008841
v 0.003829 -0.027423 0.008830
v 0.003837 -0.027423 0.008818
v 0.003843 -0.027423 0.008806
v 0.003848 -0.027423 0.008793
v 0.003853 -0.027423 0.008780
v 0.003856 -0.027423 0.008767
v 0.003857 -0.027423 0.008753
v 0.003728 -0.027423 0.008895
v 0.003738 -0.027436 0.008882
v 0.003747 -0.027447 0.008867
v 0.003752 -0.027458 0.008851
v 0.003755 -0.027467 0.008834
v 0.003755 -0.027476 0.008817
v 0.003752 -0.027483 0.008801
v 0.003746 -0.027489 0.008785
v 0.003738 -0.027494 0.008771
v 0.003727 -0.027497 0.008758
v 0.003715 -0.027499 0.008748
v 0.003757 -0.027409 0.008897
v 0.003771 -0.027409 0.008891
v 0.003784 -0.027409 0.008884
v 0.003796 -0.027409 0.008877
v 0.003808 -0.027409 0.008868
v 0.003819 -0.027409 0.008858
v 0.003828 -0.027409 0.008847
v 0.003837 -0.027409 0.008835
v 0.003845 -0.027409 0.008823
v 0.003852 -0.027409 0.008810
v 0.003858 -0.027409 0.008797
v 0.003862 -0.027409 0.008783
v 0.003865 -0.027409 0.008769
v 0.003867 -0.027409 0.008754
v 0.003729 -0.027409 0.008904
v 0.003741 -0.027423 0.008892
v 0.003751 -0.027436 0.008878
v 0.003757 -0.027447 0.008862
v 0.003762 -0.027458 0.008846
v 0.003763 -0.027467 0.008829
v 0.003761 -0.027476 0.008812
v 0.003757 -0.027483 0.008796
v 0.003750 -0.027489 0.008781
v 0.003740 -0.027494 0.008768
v 0.003729 -0.027497 0.008756
v 0.003715 -0.027499 0.008746
v 0.003746 -0.027395 0.008909
v 0.003760 -0.027395 0.008905
v 0.003775 -0.027395 0.008899
v 0.003788 -0.027395 0.008892
v 0.003801 -0.027395 0.008883
v 0.003813 -0.027395 0.008874
v 0.003825 -0.027395 0.008864
v 0.003835 -0.027395 0.008852
v 0.003844 -0.027395 0.008840
v 0.003853 -0.027395 0.008827
v 0.003860 -0.027395 0.008814
v 0.003865 -0.027395 0.008800
v 0.003870 -0.027395 0.008785
v 0.003873 -0.027395 0.008770
v 0.003875 -0.027395 0.008755
v 0.003731 -0.027395 0.008913
v 0.003744 -0.027409 0.008901
v 0.003754 -0.027423 0.008888
v 0.003762 -0.027436 0.008873
v 0.003768 -0.027447 0.008857
v 0.003771 -0.027458 0.008840
v 0.003771 -0.027467 0.008823
v 0.003768 -0.027476 0.008807
v 0.003762 -0.027483 0.008791
v 0.003753 -0.027489 0.008777
v 0.003743 -0.027494 0.008764
v 0.003730 -0.027497 0.008753
v 0.003716 -0.027499 0.008745
v 0.003732 -0.027380 0.008920
v 0.003748 -0.027380 0.008916
v 0.003763 -0.027380 0.008912
v 0.003778 -0.027380 0.008905
v 0.003792 -0.027380 0.008898
v 0.003805 -0.027380 0.008889
v 0.003818 -0.027380 0.008880
v 0.003830 -0.027380 0.008869
v 0.003841 -0.027380 0.008857
v 0.003850 -0.027380 0.008844
v 0.003859 -0.027380 0.008831
v 0.003866 -0.027380 0.008817
v 0.003872 -0.027380 0.008802
v 0.003877 -0.027380 0.008787
v 0.003881 -0.027380 0.008771
v 0.003883 -0.027380 0.008755
v 0.003733 -0.027365 0.008926
v 0.003749 -0.027365 0.008922
v 0.003765 -0.027365 0.008917
v 0.003780 -0.027365 0.008911
v 0.003795 -0.027365 0.008903
v 0.003809 -0.027365 0.008894
v 0.003822 -0.027365 0.008884
v 0.003834 -0.027365 0.008873
v 0.003845 -0.027365 0.008861
v 0.003855 -0.027365 0.008848
v 0.003864 -0.027365 0.008834
v 0.003872 -0.027365 0.008819
v 0.003878 -0.027365 0.008804
v 0.003883 -0.027365 0.008788
v 0.003886 -0.027365 0.008772
v 0.003889 -0.027365 0.008756
v 0.001544 -0.027500 -0.005998
v 0.001500 -0.027500 -0.006000
v -0.003750 -0.027500 -0.005933
v -0.003787 -0.027500 -0.005910
v -0.003544 -0.027500 -0.005998
v -0.003587 -0.027500 -0.005992
v -0.003711 -0.027500 -0.005953
v -0.003787 -0.027500 0.005910
v -0.003750 -0.027500 0.005933
v -0.003711 -0.027500 0.005953
v 0.001711 -0.027500 -0.005953
v 0.001671 -0.027500 -0.005970
v -0.003500 -0.027500 -0.006000
v -0.003970 -0.027500 0.005671
v -0.003953 -0.027500 0.005711
v 0.001629 -0.027500 -0.005983
v 0.001587 -0.027500 -0.005992
v -0.003629 -0.027500 -0.005983
v -0.003671 -0.027500 -0.005970
v -0.003821 -0.027500 -0.005883
v -0.003854 -0.027500 -0.005854
v -0.003883 -0.027500 -0.005821
v -0.003910 -0.027500 -0.005787
v -0.003933 -0.027500 -0.005750
v -0.003953 -0.027500 -0.005711
v -0.003671 -0.027500 0.005970
v -0.003629 -0.027500 0.005983
v -0.003587 -0.027500 0.005992
v 0.001854 -0.027500 0.005854
v 0.001821 -0.027500 0.005883
v 0.001787 -0.027500 0.005910
v -0.003933 -0.027500 0.005750
v -0.003910 -0.027500 0.005787
v -0.003883 -0.027500 0.005821
v -0.003544 -0.027500 0.005998
v -0.003500 -0.027500 0.006000
v 0.001500 -0.027500 0.006000
v 0.001544 -0.027500 0.005998
v 0.001587 -0.027500 0.005992
v 0.001629 -0.027500 0.005983
v 0.001671 -0.027500 0.005970
v 0.001711 -0.027500 0.005953
v 0.001750 -0.027500 0.005933
v 0.001883 -0.027500 0.005821
v 0.001910 -0.027500 0.005787
v 0.001933 -0.027500 0.005750
v 0.001983 -0.027500 0.005629
v 0.001992 -0.027500 0.005587
v -0.003970 -0.027500 -0.005671
v -0.003983 -0.027500 -0.005629
v -0.003992 -0.027500 -0.005587
v 0.001953 -0.027500 0.005711
v 0.001970 -0.027500 0.005671
v 0.001998 -0.027500 -0.005544
v 0.001992 -0.027500 -0.005587
v 0.001983 -0.027500 -0.005629
v 0.001970 -0.027500 -0.005671
v 0.001910 -0.027500 -0.005787
v 0.001883 -0.027500 -0.005821
v 0.001854 -0.027500 -0.005854
v 0.001821 -0.027500 -0.005883
v 0.001787 -0.027500 -0.005910
v 0.001750 -0.027500 -0.005933
v -0.003998 -0.027500 0.005544
v -0.003992 -0.027500 0.005587
v -0.003983 -0.027500 0.005629
v -0.003854 -0.027500 0.005854
v -0.003821 -0.027500 0.005883
v 0.001998 -0.027500 0.005544
v 0.002000 -0.027500 0.005500
v 0.002000 -0.027500 -0.005500
v 0.001953 -0.027500 -0.005711
v 0.001933 -0.027500 -0.005750
v -0.003998 -0.027500 -0.005544
v -0.004000 -0.027500 -0.005500
v -0.004000 -0.027500 0.005500
v -0.004000 -0.027350 -0.005500
v -0.004000 -0.027350 0.005500
v -0.003998 -0.027350 0.005544
v -0.003992 -0.027350 0.005587
v -0.003983 -0.027350 0.005629
v -0.003970 -0.027350 0.005671
v -0.003953 -0.027350 0.005711
v -0.003933 -0.027350 0.005750
v -0.003910 -0.027350 0.005787
v -0.003883 -0.027350 0.005821
v -0.003854 -0.027350 0.005854
v -0.003821 -0.027350 0.005883
v -0.003787 -0.027350 0.005910
v -0.003750 -0.027350 0.005933
v -0.003711 -0.027350 0.005953
v -0.003671 -0.027350 0.005970
v -0.003629 -0.027350 0.005983
v -0.003587 -0.027350 0.005992
v -0.003544 -0.027350 0.005998
v -0.003500 -0.027350 0.006000
v -0.003854 -0.027350 -0.005854
v -0.003821 -0.027350 -0.005883
v 0.002000 -0.027350 0.005500
v 0.002000 -0.027350 -0.005500
v -0.003500 -0.027350 -0.006000
v -0.003910 -0.027350 -0.005787
v -0.003883 -0.027350 -0.005821
v -0.003992 -0.027350 -0.005587
v -0.003671 -0.027350 -0.005970
v -0.003629 -0.027350 -0.005983
v 0.001500 -0.027350 -0.006000
v 0.001544 -0.027350 -0.005998
v 0.001587 -0.027350 -0.005992
v 0.001854 -0.027350 0.005854
v 0.001821 -0.027350 0.005883
v 0.001992 -0.027350 0.005587
v 0.001587 -0.027350 0.005992
v 0.001544 -0.027350 0.005998
v 0.001500 -0.027350 0.006000
v -0.003711 -0.027350 -0.005953
v 0.001629 -0.027350 -0.005983
v 0.001671 -0.027350 -0.005970
v 0.001711 -0.027350 -0.005953
v 0.001998 -0.027350 0.005544
v 0.001750 -0.027350 0.005933
v 0.001711 -0.027350 0.005953
v -0.003998 -0.027350 -0.005544
v -0.003970 -0.027350 -0.005671
v -0.003953 -0.027350 -0.005711
v -0.003933 -0.027350 -0.005750
v -0.003587 -0.027350 -0.005992
v -0.003544 -0.027350 -0.005998
v 0.001992 -0.027350 -0.005587
v 0.001998 -0.027350 -0.005544
v 0.001787 -0.027350 -0.005910
v 0.001750 -0.027350 -0.005933
v 0.001671 -0.027350 0.005970
v 0.001629 -0.027350 0.005983
v 0.001854 -0.027350 -0.005854
v 0.001953 -0.027350 -0.005711
v 0.001970 -0.027350 -0.005671
v 0.001787 -0.027350 0.005910
v -0.003983 -0.027350 -0.005629
v -0.003787 -0.027350 -0.005910
v -0.003750 -0.027350 -0.005933
v 0.001883 -0.027350 -0.005821
v 0.001910 -0.027350 -0.005787
v 0.001933 -0.027350 -0.005750
v 0.001821 -0.027350 -0.005883
v 0.001983 -0.027350 -0.005629
v 0.001983 -0.027350 0.005629
v 0.001970 -0.027350 0.005671
v 0.001953 -0.027350 0.005711
v 0.001933 -0.027350 0.005750
v 0.001910 -0.027350 0.005787
v 0.001883 -0.027350 0.005821
v -0.025500 -0.021800 -0.002500
v -0.025718 -0.022800 -0.002490
v -0.025718 -0.021800 -0.002490
v -0.025934 -0.022800 -0.002462
v -0.025934 -0.021800 -0.002462
v -0.026147 -0.022800 -0.002415
v -0.026147 -0.021800 -0.002415
v -0.026355 -0.022800 -0.002349
v -0.026355 -0.021800 -0.002349
v -0.026557 -0.022800 -0.002266
v -0.026557 -0.021800 -0.002266
v -0.026750 -0.022800 -0.002165
v -0.026750 -0.021800 -0.002165
v -0.026934 -0.022800 -0.002048
v -0.026934 -0.021800 -0.002048
v -0.027107 -0.022800 -0.001915
v -0.027107 -0.021800 -0.001915
v -0.027268 -0.022800 -0.001768
v -0.027268 -0.021800 -0.001768
v -0.027415 -0.022800 -0.001607
v -0.027415 -0.021800 -0.001607
v -0.027548 -0.022800 -0.001434
v -0.027548 -0.021800 -0.001434
v -0.027665 -0.022800 -0.001250
v -0.027665 -0.021800 -0.001250
v -0.027766 -0.022800 -0.001057
v -0.027766 -0.021800 -0.001057
v -0.027849 -0.022800 -0.000855
v -0.027849 -0.021800 -0.000855
v -0.027915 -0.022800 -0.000647
v -0.027915 -0.021800 -0.000647
v -0.027962 -0.022800 -0.000434
v -0.027962 -0.021800 -0.000434
v -0.027990 -0.022800 -0.000218
v -0.027990 -0.021800 -0.000218
v -0.028000 -0.022800 -0.000000
v -0.028000 -0.021800 -0.000000
v -0.027990 -0.022800 0.000218
v -0.027990 -0.021800 0.000218
v -0.027962 -0.022800 0.000434
v -0.027962 -0.021800 0.000434
v -0.027915 -0.022800 0.000647
v -0.027915 -0.021800 0.000647
v -0.027849 -0.022800 0.000855
v -0.027849 -0.021800 0.000855
v -0.027766 -0.022800 0.001057
v -0.027766 -0.021800 0.001057
v -0.027665 -0.022800 0.001250
v -0.027665 -0.021800 0.001250
v -0.027548 -0.022800 0.001434
v -0.027548 -0.021800 0.001434
v -0.027415 -0.022800 0.001607
v -0.027415 -0.021800 0.001607
v -0.027268 -0.022800 0.001768
v -0.027268 -0.021800 0.001768
v -0.027107 -0.022800 0.001915
v -0.027107 -0.021800 0.001915
v -0.026934 -0.022800 0.002048
v -0.026934 -0.021800 0.002048
v -0.026750 -0.022800 0.002165
v -0.026750 -0.021800 0.002165
v -0.026557 -0.022800 0.002266
v -0.026557 -0.021800 0.002266
v -0.026355 -0.022800 0.002349
v -0.026355 -0.021800 0.002349
v -0.026147 -0.022800 0.002415
v -0.026147 -0.021800 0.002415
v -0.025934 -0.022800 0.002462
v -0.025934 -0.021800 0.002462
v -0.025718 -0.022800 0.002490
v -0.025718 -0.021800 0.002490
v -0.025500 -0.022800 0.002500
v -0.025500 -0.021800 0.002500
v -0.025282 -0.022800 0.002490
v -0.025282 -0.021800 0.002490
v -0.025066 -0.022800 0.002462
v -0.025066 -0.021800 0.002462
v -0.024853 -0.022800 0.002415
v -0.024853 -0.021800 0.002415
v -0.024645 -0.022800 0.002349
v -0.024645 -0.021800 0.002349
v -0.024443 -0.022800 0.002266
v -0.024443 -0.021800 0.002266
v -0.024250 -0.022800 0.002165
v -0.024250 -0.021800 0.002165
v -0.024066 -0.022800 0.002048
v -0.024066 -0.021800 0.002048
v -0.023893 -0.022800 0.001915
v -0.023893 -0.021800 0.001915
v -0.023732 -0.022800 0.001768
v -0.023732 -0.021800 0.001768
v -0.023585 -0.022800 0.001607
v -0.023585 -0.021800 0.001607
v -0.023452 -0.022800 0.001434
v -0.023452 -0.021800 0.001434
v -0.023335 -0.022800 0.001250
v -0.023335 -0.021800 0.001250
v -0.023234 -0.022800 0.001057
v -0.023234 -0.021800 0.001057
v -0.023151 -0.022800 0.000855
v -0.023151 -0.021800 0.000855
v -0.023085 -0.022800 0.000647
v -0.023085 -0.021800 0.000647
v -0.023038 -0.022800 0.000434
v -0.023038 -0.021800 0.000434
v -0.023010 -0.022800 0.000218
v -0.023010 -0.021800 0.000218
v -0.023000 -0.022800 0.000000
v -0.023000 -0.021800 0.000000
v -0.023010 -0.022800 -0.000218
v -0.023010 -0.021800 -0.000218
v -0.023038 -0.022800 -0.000434
v -0.023038 -0.021800 -0.000434
v -0.023085 -0.022800 -0.000647
v -0.023085 -0.021800 -0.000647
v -0.023151 -0.022800 -0.000855
v -0.023151 -0.021800 -0.000855
v -0.023234 -0.022800 -0.001057
v -0.023234 -0.021800 -0.001057
v -0.023335 -0.022800 -0.001250
v -0.023335 -0.021800 -0.001250
v -0.023452 -0.022800 -0.001434
v -0.023452 -0.021800 -0.001434
v -0.023585 -0.022800 -0.001607
v -0.023585 -0.021800 -0.001607
v -0.023732 -0.022800 -0.001768
v -0.023732 -0.021800 -0.001768
v -0.023893 -0.022800 -0.001915
v -0.023893 -0.021800 -0.001915
v -0.024066 -0.022800 -0.002048
v -0.024066 -0.021800 -0.002048
v -0.024250 -0.022800 -0.002165
v -0.024250 -0.021800 -0.002165
v -0.024443 -0.022800 -0.002266
v -0.024443 -0.021800 -0.002266
v -0.024645 -0.022800 -0.002349
v -0.024645 -0.021800 -0.002349
v -0.024853 -0.022800 -0.002415
v -0.024853 -0.021800 -0.002415
v -0.025066 -0.022800 -0.002462
v -0.025066 -0.021800 -0.002462
v -0.025282 -0.022800 -0.002490
v -0.025282 -0.021800 -0.002490
v -0.025500 -0.022800 -0.002500
v -0.025500 -0.021800 0.000000
v -0.019309 -0.024000 -0.006544
v -0.018040 -0.024000 -0.007814
v -0.019136 -0.024000 -0.006364
v -0.018956 -0.024000 -0.006191
v -0.017686 -0.024000 -0.007460
v -0.019309 -0.024000 0.006544
v -0.019136 -0.024000 0.006364
v -0.018040 -0.024000 0.007814
v -0.025500 -0.022800 0.001300
v -0.025613 -0.022800 0.001295
v -0.025726 -0.022800 0.001280
v -0.025836 -0.022800 0.001256
v -0.025945 -0.022800 0.001222
v -0.026049 -0.022800 0.001178
v -0.026150 -0.022800 0.001126
v -0.026246 -0.022800 0.001065
v -0.026336 -0.022800 0.000996
v -0.026419 -0.022800 0.000919
v -0.026496 -0.022800 0.000836
v -0.026565 -0.022800 0.000746
v -0.026626 -0.022800 0.000650
v -0.026678 -0.022800 0.000549
v -0.026722 -0.022800 0.000445
v -0.026756 -0.022800 0.000336
v -0.026780 -0.022800 0.000226
v -0.026795 -0.022800 0.000113
v -0.026800 -0.022800 0.000000
v -0.026795 -0.022800 -0.000113
v -0.026780 -0.022800 -0.000226
v -0.026756 -0.022800 -0.000336
v -0.026722 -0.022800 -0.000445
v -0.026678 -0.022800 -0.000549
v -0.026626 -0.022800 -0.000650
v -0.026565 -0.022800 -0.000746
v -0.026496 -0.022800 -0.000836
v -0.026419 -0.022800 -0.000919
v -0.026336 -0.022800 -0.000996
v -0.026246 -0.022800 -0.001065
v -0.026150 -0.022800 -0.001126
v -0.026049 -0.022800 -0.001178
v -0.025945 -0.022800 -0.001222
v -0.025836 -0.022800 -0.001256
v -0.025726 -0.022800 -0.001280
v -0.025613 -0.022800 -0.001295
v -0.025500 -0.022800 -0.001300
v -0.025387 -0.022800 -0.001295
v -0.025274 -0.022800 -0.001280
v -0.025164 -0.022800 -0.001256
v -0.025055 -0.022800 -0.001222
v -0.024951 -0.022800 -0.001178
v -0.024850 -0.022800 -0.001126
v -0.024754 -0.022800 -0.001065
v -0.024664 -0.022800 -0.000996
v -0.024581 -0.022800 -0.000919
v -0.024504 -0.022800 -0.000836
v -0.024435 -0.022800 -0.000746
v -0.024374 -0.022800 -0.000650
v -0.024322 -0.022800 -0.000549
v -0.024278 -0.022800 -0.000445
v -0.024244 -0.022800 -0.000336
v -0.024220 -0.022800 -0.000226
v -0.024205 -0.022800 -0.000113
v -0.024200 -0.022800 -0.000000
v -0.024205 -0.022800 0.000113
v -0.024220 -0.022800 0.000226
v -0.024244 -0.022800 0.000336
v -0.024278 -0.022800 0.000445
v -0.024322 -0.022800 0.000549
v -0.024374 -0.022800 0.000650
v -0.024435 -0.022800 0.000746
v -0.024504 -0.022800 0.000836
v -0.024581 -0.022800 0.000919
v -0.024664 -0.022800 0.000996
v -0.024754 -0.022800 0.001065
v -0.024850 -0.022800 0.001126
v -0.024951 -0.022800 0.001178
v -0.025055 -0.022800 0.001222
v -0.025164 -0.022800 0.001256
v -0.025274 -0.022800 0.001280
v -0.025387 -0.022800 0.001295
v -0.025500 -0.022800 0.000000
v -0.018956 -0.024000 0.006191
v -0.017686 -0.024000 0.007460
v -0.025151 -0.022800 -0.003985
v -0.025500 -0.022800 -0.004000
v -0.025849 -0.022800 -0.003985
v -0.026195 -0.022800 -0.003939
v -0.026535 -0.022800 -0.003864
v -0.026868 -0.022800 -0.003759
v -0.027190 -0.022800 -0.003625
v -0.027500 -0.022800 -0.003464
v -0.027794 -0.022800 -0.003277
v -0.028071 -0.022800 -0.003064
v -0.028328 -0.022800 -0.002828
v -0.028564 -0.022800 -0.002571
v -0.028777 -0.022800 -0.002294
v -0.028964 -0.022800 -0.002000
v -0.029125 -0.022800 -0.001690
v -0.029259 -0.022800 -0.001368
v -0.029364 -0.022800 -0.001035
v -0.029439 -0.022800 -0.000695
v -0.029485 -0.022800 -0.000349
v -0.029500 -0.022800 0.000000
v -0.029485 -0.022800 0.000349
v -0.029439 -0.022800 0.000695
v -0.029364 -0.022800 0.001035
v -0.029259 -0.022800 0.001368
v -0.029125 -0.022800 0.001690
v -0.028964 -0.022800 0.002000
v -0.028777 -0.022800 0.002294
v -0.028564 -0.022800 0.002571
v -0.028328 -0.022800 0.002828
v -0.028071 -0.022800 0.003064
v -0.027794 -0.022800 0.003277
v -0.027500 -0.022800 0.003464
v -0.027190 -0.022800 0.003625
v -0.026868 -0.022800 0.003759
v -0.026535 -0.022800 0.003864
v -0.026195 -0.022800 0.003939
v -0.025849 -0.022800 0.003985
v -0.025500 -0.022800 0.004000
v -0.025151 -0.022800 0.003985
v -0.024805 -0.022800 0.003939
v -0.024465 -0.022800 0.003864
v -0.024132 -0.022800 0.003759
v -0.023810 -0.022800 0.003625
v -0.023500 -0.022800 0.003464
v -0.023206 -0.022800 0.003277
v -0.022929 -0.022800 0.003064
v -0.022672 -0.022800 0.002828
v -0.022436 -0.022800 0.002571
v -0.022223 -0.022800 0.002294
v -0.022036 -0.022800 0.002000
v -0.021875 -0.022800 0.001690
v -0.021741 -0.022800 0.001368
v -0.021636 -0.022800 0.001035
v -0.021561 -0.022800 0.000695
v -0.021515 -0.022800 0.000349
v -0.021500 -0.022800 -0.000000
v -0.021515 -0.022800 -0.000349
v -0.021561 -0.022800 -0.000695
v -0.021636 -0.022800 -0.001035
v -0.021741 -0.022800 -0.001368
v -0.021875 -0.022800 -0.001690
v -0.022036 -0.022800 -0.002000
v -0.022223 -0.022800 -0.002294
v -0.022436 -0.022800 -0.002571
v -0.022672 -0.022800 -0.002828
v -0.022929 -0.022800 -0.003064
v -0.023206 -0.022800 -0.003277
v -0.023500 -0.022800 -0.003464
v -0.023810 -0.022800 -0.003625
v -0.024132 -0.022800 -0.003759
v -0.024465 -0.022800 -0.003864
v -0.024805 -0.022800 -0.003939
v -0.016412 -0.020600 0.010111
v -0.016403 -0.020600 0.010180
v -0.017200 -0.020600 0.010250
v -0.016400 -0.020600 0.010250
v -0.016403 -0.020600 0.010320
v -0.016475 -0.020600 0.009912
v -0.016448 -0.020600 0.009976
v -0.016427 -0.020600 0.010043
v -0.016587 -0.020600 0.009736
v -0.016545 -0.020600 0.009791
v -0.016507 -0.020600 0.009850
v -0.016741 -0.020600 0.009595
v -0.016686 -0.020600 0.009637
v -0.016634 -0.020600 0.009684
v -0.016926 -0.020600 0.009498
v -0.016862 -0.020600 0.009525
v -0.016800 -0.020600 0.009557
v -0.017130 -0.020600 0.009453
v -0.017061 -0.020600 0.009462
v -0.016993 -0.020600 0.009477
v -0.017339 -0.020600 0.009462
v -0.017270 -0.020600 0.009453
v -0.017200 -0.020600 0.009450
v -0.017538 -0.020600 0.009525
v -0.017474 -0.020600 0.009498
v -0.017407 -0.020600 0.009477
v -0.017714 -0.020600 0.009637
v -0.017659 -0.020600 0.009595
v -0.017600 -0.020600 0.009557
v -0.017855 -0.020600 0.009791
v -0.017813 -0.020600 0.009736
v -0.017766 -0.020600 0.009684
v -0.017952 -0.020600 0.009976
v -0.017925 -0.020600 0.009912
v -0.017893 -0.020600 0.009850
v -0.017997 -0.020600 0.010180
v -0.017988 -0.020600 0.010111
v -0.017973 -0.020600 0.010043
v -0.017988 -0.020600 0.010389
v -0.017997 -0.020600 0.010320
v -0.018000 -0.020600 0.010250
v -0.017925 -0.020600 0.010588
v -0.017952 -0.020600 0.010524
v -0.017973 -0.020600 0.010457
v -0.017813 -0.020600 0.010764
v -0.017855 -0.020600 0.010709
v -0.017893 -0.020600 0.010650
v -0.017659 -0.020600 0.010905
v -0.017714 -0.020600 0.010863
v -0.017766 -0.020600 0.010816
v -0.017474 -0.020600 0.011002
v -0.017538 -0.020600 0.010975
v -0.017600 -0.020600 0.010943
v -0.017270 -0.020600 0.011047
v -0.017339 -0.020600 0.011038
v -0.017407 -0.020600 0.011023
v -0.017061 -0.020600 0.011038
v -0.017130 -0.020600 0.011047
v -0.017200 -0.020600 0.011050
v -0.016862 -0.020600 0.010975
v -0.016926 -0.020600 0.011002
v -0.016993 -0.020600 0.011023
v -0.016686 -0.020600 0.010863
v -0.016741 -0.020600 0.010905
v -0.016800 -0.020600 0.010943
v -0.016545 -0.020600 0.010709
v -0.016587 -0.020600 0.010764
v -0.016634 -0.020600 0.010816
v -0.016448 -0.020600 0.010524
v -0.016475 -0.020600 0.010588
v -0.016507 -0.020600 0.010650
v -0.016412 -0.020600 0.010389
v -0.016427 -0.020600 0.010457
v -0.016400 -0.025400 0.010250
v -0.016403 -0.025400 0.010320
v -0.016412 -0.025400 0.010389
v -0.016427 -0.025400 0.010457
v -0.016448 -0.025400 0.010524
v -0.016475 -0.025400 0.010588
v -0.016507 -0.025400 0.010650
v -0.016545 -0.025400 0.010709
v -0.016587 -0.025400 0.010764
v -0.016634 -0.025400 0.010816
v -0.016686 -0.025400 0.010863
v -0.016741 -0.025400 0.010905
v -0.016800 -0.025400 0.010943
v -0.016862 -0.025400 0.010975
v -0.016926 -0.025400 0.011002
v -0.016993 -0.025400 0.011023
v -0.017061 -0.025400 0.011038
v -0.017130 -0.025400 0.011047
v -0.017200 -0.025400 0.011050
v -0.017270 -0.025400 0.011047
v -0.017339 -0.025400 0.011038
v -0.017407 -0.025400 0.011023
v -0.017474 -0.025400 0.011002
v -0.017538 -0.025400 0.010975
v -0.017600 -0.025400 0.010943
v -0.017659 -0.025400 0.010905
v -0.017714 -0.025400 0.010863
v -0.017766 -0.025400 0.010816
v -0.017813 -0.025400 0.010764
v -0.017855 -0.025400 0.010709
v -0.017893 -0.025400 0.010650
v -0.017925 -0.025400 0.010588
v -0.017952 -0.025400 0.010524
v -0.017973 -0.025400 0.010457
v -0.017988 -0.025400 0.010389
v -0.017997 -0.025400 0.010320
v -0.018000 -0.025400 0.010250
v -0.017997 -0.025400 0.010180
v -0.017988 -0.025400 0.010111
v -0.017973 -0.025400 0.010043
v -0.017952 -0.025400 0.009976
v -0.017925 -0.025400 0.009912
v -0.017893 -0.025400 0.009850
v -0.017855 -0.025400 0.009791
v -0.017813 -0.025400 0.009736
v -0.017766 -0.025400 0.009684
v -0.017714 -0.025400 0.009637
v -0.017659 -0.025400 0.009595
v -0.017600 -0.025400 0.009557
v -0.017538 -0.025400 0.009525
v -0.017474 -0.025400 0.009498
v -0.017407 -0.025400 0.009477
v -0.017339 -0.025400 0.009462
v -0.017270 -0.025400 0.009453
v -0.017200 -0.025400 0.009450
v -0.017130 -0.025400 0.009453
v -0.017061 -0.025400 0.009462
v -0.016993 -0.025400 0.009477
v -0.016926 -0.025400 0.009498
v -0.016862 -0.025400 0.009525
v -0.016800 -0.025400 0.009557
v -0.016741 -0.025400 0.009595
v -0.016686 -0.025400 0.009637
v -0.016634 -0.025400 0.009684
v -0.016587 -0.025400 0.009736
v -0.016545 -0.025400 0.009791
v -0.016507 -0.025400 0.009850
v -0.016475 -0.025400 0.009912
v -0.016448 -0.025400 0.009976
v -0.016427 -0.025400 0.010043
v -0.016412 -0.025400 0.010111
v -0.016403 -0.025400 0.010180
v -0.016412 -0.020600 -0.010389
v -0.016403 -0.020600 -0.010320
v -0.017200 -0.020600 -0.010250
v -0.016400 -0.020600 -0.010250
v -0.016403 -0.020600 -0.010180
v -0.016475 -0.020600 -0.010588
v -0.016448 -0.020600 -0.010524
v -0.016427 -0.020600 -0.010457
v -0.016587 -0.020600 -0.010764
v -0.016545 -0.020600 -0.010709
v -0.016507 -0.020600 -0.010650
v -0.016741 -0.020600 -0.010905
v -0.016686 -0.020600 -0.010863
v -0.016634 -0.020600 -0.010816
v -0.016926 -0.020600 -0.011002
v -0.016862 -0.020600 -0.010975
v -0.016800 -0.020600 -0.010943
v -0.017130 -0.020600 -0.011047
v -0.017061 -0.020600 -0.011038
v -0.016993 -0.020600 -0.011023
v -0.017339 -0.020600 -0.011038
v -0.017270 -0.020600 -0.011047
v -0.017200 -0.020600 -0.011050
v -0.017538 -0.020600 -0.010975
v -0.017474 -0.020600 -0.011002
v -0.017407 -0.020600 -0.011023
v -0.017714 -0.020600 -0.010863
v -0.017659 -0.020600 -0.010905
v -0.017600 -0.020600 -0.010943
v -0.017855 -0.020600 -0.010709
v -0.017813 -0.020600 -0.010764
v -0.017766 -0.020600 -0.010816
v -0.017952 -0.020600 -0.010524
v -0.017925 -0.020600 -0.010588
v -0.017893 -0.020600 -0.010650
v -0.017997 -0.020600 -0.010320
v -0.017988 -0.020600 -0.010389
v -0.017973 -0.020600 -0.010457
v -0.017988 -0.020600 -0.010111
v -0.017997 -0.020600 -0.010180
v -0.018000 -0.020600 -0.010250
v -0.017925 -0.020600 -0.009912
v -0.017952 -0.020600 -0.009976
v -0.017973 -0.020600 -0.010043
v -0.017813 -0.020600 -0.009736
v -0.017855 -0.020600 -0.009791
v -0.017893 -0.020600 -0.009850
v -0.017659 -0.020600 -0.009595
v -0.017714 -0.020600 -0.009637
v -0.017766 -0.020600 -0.009684
v -0.017474 -0.020600 -0.009498
v -0.017538 -0.020600 -0.009525
v -0.017600 -0.020600 -0.009557
v -0.017270 -0.020600 -0.009453
v -0.017339 -0.020600 -0.009462
v -0.017407 -0.020600 -0.009477
v -0.017061 -0.020600 -0.009462
v -0.017130 -0.020600 -0.009453
v -0.017200 -0.020600 -0.009450
v -0.016862 -0.020600 -0.009525
v -0.016926 -0.020600 -0.009498
v -0.016993 -0.020600 -0.009477
v -0.016686 -0.020600 -0.009637
v -0.016741 -0.020600 -0.009595
v -0.016800 -0.020600 -0.009557
v -0.016545 -0.020600 -0.009791
v -0.016587 -0.020600 -0.009736
v -0.016634 -0.020600 -0.009684
v -0.016448 -0.020600 -0.009976
v -0.016475 -0.020600 -0.009912
v -0.016507 -0.020600 -0.009850
v -0.016412 -0.020600 -0.010111
v -0.016427 -0.020600 -0.010043
v -0.016400 -0.025400 -0.010250
v -0.016403 -0.025400 -0.010180
v -0.016412 -0.025400 -0.010111
v -0.016427 -0.025400 -0.010043
v -0.016448 -0.025400 -0.009976
v -0.016475 -0.025400 -0.009912
v -0.016507 -0.025400 -0.009850
v -0.016545 -0.025400 -0.009791
v -0.016587 -0.025400 -0.009736
v -0.016634 -0.025400 -0.009684
v -0.016686 -0.025400 -0.009637
v -0.016741 -0.025400 -0.009595
v -0.016800 -0.025400 -0.009557
v -0.016862 -0.025400 -0.009525
v -0.016926 -0.025400 -0.009498
v -0.016993 -0.025400 -0.009477
v -0.017061 -0.025400 -0.009462
v -0.017130 -0.025400 -0.009453
v -0.017200 -0.025400 -0.009450
v -0.017270 -0.025400 -0.009453
v -0.017339 -0.025400 -0.009462
v -0.017407 -0.025400 -0.009477
v -0.017474 -0.025400 -0.009498
v -0.017538 -0.025400 -0.009525
v -0.017600 -0.025400 -0.009557
v -0.017659 -0.025400 -0.009595
v -0.017714 -0.025400 -0.009637
v -0.017766 -0.025400 -0.009684
v -0.017813 -0.025400 -0.009736
v -0.017855 -0.025400 -0.009791
v -0.017893 -0.025400 -0.009850
v -0.017925 -0.025400 -0.009912
v -0.017952 -0.025400 -0.009976
v -0.017973 -0.025400 -0.010043
v -0.017988 -0.025400 -0.010111
v -0.017997 -0.025400 -0.010180
v -0.018000 -0.025400 -0.010250
v -0.017997 -0.025400 -0.010320
v -0.017988 -0.025400 -0.010389
v -0.017973 -0.025400 -0.010457
v -0.017952 -0.025400 -0.010524
v -0.017925 -0.025400 -0.010588
v -0.017893 -0.025400 -0.010650
v -0.017855 -0.025400 -0.010709
v -0.017813 -0.025400 -0.010764
v -0.017766 -0.025400 -0.010816
v -0.017714 -0.025400 -0.010863
v -0.017659 -0.025400 -0.010905
v -0.017600 -0.025400 -0.010943
v -0.017538 -0.025400 -0.010975
v -0.017474 -0.025400 -0.011002
v -0.017407 -0.025400 -0.011023
v -0.017339 -0.025400 -0.011038
v -0.017270 -0.025400 -0.011047
v -0.017200 -0.025400 -0.011050
v -0.017130 -0.025400 -0.011047
v -0.017061 -0.025400 -0.011038
v -0.016993 -0.025400 -0.011023
v -0.016926 -0.025400 -0.011002
v -0.016862 -0.025400 -0.010975
v -0.016800 -0.025400 -0.010943
v -0.016741 -0.025400 -0.010905
v -0.016686 -0.025400 -0.010863
v -0.016634 -0.025400 -0.010816
v -0.016587 -0.025400 -0.010764
v -0.016545 -0.025400 -0.010709
v -0.016507 -0.025400 -0.010650
v -0.016475 -0.025400 -0.010588
v -0.016448 -0.025400 -0.010524
v -0.016427 -0.025400 -0.010457
v -0.016412 -0.025400 -0.010389
v -0.016403 -0.025400 -0.010320
v 0.008038 -0.020600 -0.010389
v 0.008047 -0.020600 -0.010320
v 0.007250 -0.020600 -0.010250
v 0.008050 -0.020600 -0.010250
v 0.008047 -0.020600 -0.010180
v 0.007975 -0.020600 -0.010588
v 0.008002 -0.020600 -0.010524
v 0.008023 -0.020600 -0.010457
v 0.007863 -0.020600 -0.010764
v 0.007905 -0.020600 -0.010709
v 0.007943 -0.020600 -0.010650
v 0.007709 -0.020600 -0.010905
v 0.007764 -0.020600 -0.010863
v 0.007816 -0.020600 -0.010816
v 0.007524 -0.020600 -0.011002
v 0.007588 -0.020600 -0.010975
v 0.007650 -0.020600 -0.010943
v 0.007320 -0.020600 -0.011047
v 0.007389 -0.020600 -0.011038
v 0.007457 -0.020600 -0.011023
v 0.007111 -0.020600 -0.011038
v 0.007180 -0.020600 -0.011047
v 0.007250 -0.020600 -0.011050
v 0.006912 -0.020600 -0.010975
v 0.006976 -0.020600 -0.011002
v 0.007043 -0.020600 -0.011023
v 0.006736 -0.020600 -0.010863
v 0.006791 -0.020600 -0.010905
v 0.006850 -0.020600 -0.010943
v 0.006595 -0.020600 -0.010709
v 0.006637 -0.020600 -0.010764
v 0.006684 -0.020600 -0.010816
v 0.006498 -0.020600 -0.010524
v 0.006525 -0.020600 -0.010588
v 0.006557 -0.020600 -0.010650
v 0.006453 -0.020600 -0.010320
v 0.006462 -0.020600 -0.010389
v 0.006477 -0.020600 -0.010457
v 0.006462 -0.020600 -0.010111
v 0.006453 -0.020600 -0.010180
v 0.006450 -0.020600 -0.010250
v 0.006525 -0.020600 -0.009912
v 0.006498 -0.020600 -0.009976
v 0.006477 -0.020600 -0.010043
v 0.006637 -0.020600 -0.009736
v 0.006595 -0.020600 -0.009791
v 0.006557 -0.020600 -0.009850
v 0.006791 -0.020600 -0.009595
v 0.006736 -0.020600 -0.009637
v 0.006684 -0.020600 -0.009684
v 0.006976 -0.020600 -0.009498
v 0.006912 -0.020600 -0.009525
v 0.006850 -0.020600 -0.009557
v 0.007180 -0.020600 -0.009453
v 0.007111 -0.020600 -0.009462
v 0.007043 -0.020600 -0.009477
v 0.007389 -0.020600 -0.009462
v 0.007320 -0.020600 -0.009453
v 0.007250 -0.020600 -0.009450
v 0.007588 -0.020600 -0.009525
v 0.007524 -0.020600 -0.009498
v 0.007457 -0.020600 -0.009477
v 0.007764 -0.020600 -0.009637
v 0.007709 -0.020600 -0.009595
v 0.007650 -0.020600 -0.009557
v 0.007905 -0.020600 -0.009791
v 0.007863 -0.020600 -0.009736
v 0.007816 -0.020600 -0.009684
v 0.008002 -0.020600 -0.009976
v 0.007975 -0.020600 -0.009912
v 0.007943 -0.020600 -0.009850
v 0.008038 -0.020600 -0.010111
v 0.008023 -0.020600 -0.010043
v 0.008050 -0.025400 -0.010250
v 0.008047 -0.025400 -0.010180
v 0.008038 -0.025400 -0.010111
v 0.008023 -0.025400 -0.010043
v 0.008002 -0.025400 -0.009976
v 0.007975 -0.025400 -0.009912
v 0.007943 -0.025400 -0.009850
v 0.007905 -0.025400 -0.009791
v 0.007863 -0.025400 -0.009736
v 0.007816 -0.025400 -0.009684
v 0.007764 -0.025400 -0.009637
v 0.007709 -0.025400 -0.009595
v 0.007650 -0.025400 -0.009557
v 0.007588 -0.025400 -0.009525
v 0.007524 -0.025400 -0.009498
v 0.007457 -0.025400 -0.009477
v 0.007389 -0.025400 -0.009462
v 0.007320 -0.025400 -0.009453
v 0.007250 -0.025400 -0.009450
v 0.007180 -0.025400 -0.009453
v 0.007111 -0.025400 -0.009462
v 0.007043 -0.025400 -0.009477
v 0.006976 -0.025400 -0.009498
v 0.006912 -0.025400 -0.009525
v 0.006850 -0.025400 -0.009557
v 0.006791 -0.025400 -0.009595
v 0.006736 -0.025400 -0.009637
v 0.006684 -0.025400 -0.009684
v 0.006637 -0.025400 -0.009736
v 0.006595 -0.025400 -0.009791
v 0.006557 -0.025400 -0.009850
v 0.006525 -0.025400 -0.009912
v 0.006498 -0.025400 -0.009976
v 0.006477 -0.025400 -0.010043
v 0.006462 -0.025400 -0.010111
v 0.006453 -0.025400 -0.010180
v 0.006450 -0.025400 -0.010250
v 0.006453 -0.025400 -0.010320
v 0.006462 -0.025400 -0.010389
v 0.006477 -0.025400 -0.010457
v 0.006498 -0.025400 -0.010524
v 0.006525 -0.025400 -0.010588
v 0.006557 -0.025400 -0.010650
v 0.006595 -0.025400 -0.010709
v 0.006637 -0.025400 -0.010764
v 0.006684 -0.025400 -0.010816
v 0.006736 -0.025400 -0.010863
v 0.006791 -0.025400 -0.010905
v 0.006850 -0.025400 -0.010943
v 0.006912 -0.025400 -0.010975
v 0.006976 -0.025400 -0.011002
v 0.007043 -0.025400 -0.011023
v 0.007111 -0.025400 -0.011038
v 0.007180 -0.025400 -0.011047
v 0.007250 -0.025400 -0.011050
v 0.007320 -0.025400 -0.011047
v 0.007389 -0.025400 -0.011038
v 0.007457 -0.025400 -0.011023
v 0.007524 -0.025400 -0.011002
v 0.007588 -0.025400 -0.010975
v 0.007650 -0.025400 -0.010943
v 0.007709 -0.025400 -0.010905
v 0.007764 -0.025400 -0.010863
v 0.007816 -0.025400 -0.010816
v 0.007863 -0.025400 -0.010764
v 0.007905 -0.025400 -0.010709
v 0.007943 -0.025400 -0.010650
v 0.007975 -0.025400 -0.010588
v 0.008002 -0.025400 -0.010524
v 0.008023 -0.025400 -0.010457
v 0.008038 -0.025400 -0.010389
v 0.008047 -0.025400 -0.010320
v 0.008038 -0.020600 0.010111
v 0.008047 -0.020600 0.010180
v 0.007250 -0.020600 0.010250
v 0.008050 -0.020600 0.010250
v 0.008047 -0.020600 0.010320
v 0.007975 -0.020600 0.009912
v 0.008002 -0.020600 0.009976
v 0.008023 -0.020600 0.010043
v 0.007863 -0.020600 0.009736
v 0.007905 -0.020600 0.009791
v 0.007943 -0.020600 0.009850
v 0.007709 -0.020600 0.009595
v 0.007764 -0.020600 0.009637
v 0.007816 -0.020600 0.009684
v 0.007524 -0.020600 0.009498
v 0.007588 -0.020600 0.009525
v 0.007650 -0.020600 0.009557
v 0.007320 -0.020600 0.009453
v 0.007389 -0.020600 0.009462
v 0.007457 -0.020600 0.009477
v 0.007111 -0.020600 0.009462
v 0.007180 -0.020600 0.009453
v 0.007250 -0.020600 0.009450
v 0.006912 -0.020600 0.009525
v 0.006976 -0.020600 0.009498
v 0.007043 -0.020600 0.009477
v 0.006736 -0.020600 0.009637
v 0.006791 -0.020600 0.009595
v 0.006850 -0.020600 0.009557
v 0.006595 -0.020600 0.009791
v 0.006637 -0.020600 0.009736
v 0.006684 -0.020600 0.009684
v 0.006498 -0.020600 0.009976
v 0.006525 -0.020600 0.009912
v 0.006557 -0.020600 0.009850
v 0.006453 -0.020600 0.010180
v 0.006462 -0.020600 0.010111
v 0.006477 -0.020600 0.010043
v 0.006462 -0.020600 0.010389
v 0.006453 -0.020600 0.010320
v 0.006450 -0.020600 0.010250
v 0.006525 -0.020600 0.010588
v 0.006498 -0.020600 0.010524
v 0.006477 -0.020600 0.010457
v 0.006637 -0.020600 0.010764
v 0.006595 -0.020600 0.010709
v 0.006557 -0.020600 0.010650
v 0.006791 -0.020600 0.010905
v 0.006736 -0.020600 0.010863
v 0.006684 -0.020600 0.010816
v 0.006976 -0.020600 0.011002
v 0.006912 -0.020600 0.010975
v 0.006850 -0.020600 0.010943
v 0.007180 -0.020600 0.011047
v 0.007111 -0.020600 0.011038
v 0.007043 -0.020600 0.011023
v 0.007389 -0.020600 0.011038
v 0.007320 -0.020600 0.011047
v 0.007250 -0.020600 0.011050
v 0.007588 -0.020600 0.010975
v 0.007524 -0.020600 0.011002
v 0.007457 -0.020600 0.011023
v 0.007764 -0.020600 0.010863
v 0.007709 -0.020600 0.010905
v 0.007650 -0.020600 0.010943
v 0.007905 -0.020600 0.010709
v 0.007863 -0.020600 0.010764
v 0.007816 -0.020600 0.010816
v 0.008002 -0.020600 0.010524
v 0.007975 -0.020600 0.010588
v 0.007943 -0.020600 0.010650
v 0.008038 -0.020600 0.010389
v 0.008023 -0.020600 0.010457
v 0.008050 -0.025400 0.010250
v 0.008047 -0.025400 0.010320
v 0.008038 -0.025400 0.010389
v 0.008023 -0.025400 0.010457
v 0.008002 -0.025400 0.010524
v 0.007975 -0.025400 0.010588
v 0.007943 -0.025400 0.010650
v 0.007905 -0.025400 0.010709
v 0.007863 -0.025400 0.010764
v 0.007816 -0.025400 0.010816
v 0.007764 -0.025400 0.010863
v 0.007709 -0.025400 0.010905
v 0.007650 -0.025400 0.010943
v 0.007588 -0.025400 0.010975
v 0.007524 -0.025400 0.011002
v 0.007457 -0.025400 0.011023
v 0.007389 -0.025400 0.011038
v 0.007320 -0.025400 0.011047
v 0.007250 -0.025400 0.011050
v 0.007180 -0.025400 0.011047
v 0.007111 -0.025400 0.011038
v 0.007043 -0.025400 0.011023
v 0.006976 -0.025400 0.011002
v 0.006912 -0.025400 0.010975
v 0.006850 -0.025400 0.010943
v 0.006791 -0.025400 0.010905
v 0.006736 -0.025400 0.010863
v 0.006684 -0.025400 0.010816
v 0.006637 -0.025400 0.010764
v 0.006595 -0.025400 0.010709
v 0.006557 -0.025400 0.010650
v 0.006525 -0.025400 0.010588
v 0.006498 -0.025400 0.010524
v 0.006477 -0.025400 0.010457
v 0.006462 -0.025400 0.010389
v 0.006453 -0.025400 0.010320
v 0.006450 -0.025400 0.010250
v 0.006453 -0.025400 0.010180
v 0.006462 -0.025400 0.010111
v 0.006477 -0.025400 0.010043
v 0.006498 -0.025400 0.009976
v 0.006525 -0.025400 0.009912
v 0.006557 -0.025400 0.009850
v 0.006595 -0.025400 0.009791
v 0.006637 -0.025400 0.009736
v 0.006684 -0.025400 0.009684
v 0.006736 -0.025400 0.009637
v 0.006791 -0.025400 0.009595
v 0.006850 -0.025400 0.009557
v 0.006912 -0.025400 0.009525
v 0.006976 -0.025400 0.009498
v 0.007043 -0.025400 0.009477
v 0.007111 -0.025400 0.009462
v 0.007180 -0.025400 0.009453
v 0.007250 -0.025400 0.009450
v 0.007320 -0.025400 0.009453
v 0.007389 -0.025400 0.009462
v 0.007457 -0.025400 0.009477
v 0.007524 -0.025400 0.009498
v 0.007588 -0.025400 0.009525
v 0.007650 -0.025400 0.009557
v 0.007709 -0.025400 0.009595
v 0.007764 -0.025400 0.009637
v 0.007816 -0.025400 0.009684
v 0.007863 -0.025400 0.009736
v 0.007905 -0.025400 0.009791
v 0.007943 -0.025400 0.009850
v 0.007975 -0.025400 0.009912
v 0.008002 -0.025400 0.009976
v 0.008023 -0.025400 0.010043
v 0.008038 -0.025400 0.010111
v 0.008047 -0.025400 0.010180
v -0.013850 -0.024000 -0.000250
v -0.013850 -0.024740 -0.006700
v -0.013850 -0.024740 -0.006691
v -0.013851 -0.024740 -0.006683
v -0.013852 -0.024739 -0.006674
v -0.013853 -0.024739 -0.006665
v -0.013855 -0.024738 -0.006657
v -0.013857 -0.024738 -0.006648
v -0.013859 -0.024737 -0.006640
v -0.013862 -0.024736 -0.006632
v -0.013865 -0.024735 -0.006623
v -0.013869 -0.024733 -0.006615
v -0.013873 -0.024732 -0.006608
v -0.013877 -0.024730 -0.006600
v -0.013881 -0.024729 -0.006593
v -0.013886 -0.024727 -0.006585
v -0.013891 -0.024725 -0.006578
v -0.013897 -0.024723 -0.006571
v -0.013903 -0.024721 -0.006565
v -0.013909 -0.024719 -0.006559
v -0.013921 -0.024715 -0.006547
v -0.013935 -0.024710 -0.006536
v -0.013950 -0.024704 -0.006527
v -0.013965 -0.024699 -0.006519
v -0.013982 -0.024693 -0.006512
v -0.013998 -0.024687 -0.006507
v -0.014015 -0.024681 -0.006503
v -0.014033 -0.024675 -0.006501
v -0.014050 -0.024669 -0.006500
v -0.019677 -0.024742 -0.009407
v -0.019772 -0.024767 -0.009594
v -0.019770 -0.024767 -0.009579
v -0.019768 -0.024767 -0.009564
v -0.019765 -0.024767 -0.009548
v -0.019761 -0.024767 -0.009534
v -0.019756 -0.024766 -0.009519
v -0.019750 -0.024764 -0.009505
v -0.019744 -0.024763 -0.009491
v -0.019736 -0.024761 -0.009477
v -0.019728 -0.024758 -0.009464
v -0.019720 -0.024756 -0.009451
v -0.019710 -0.024753 -0.009439
v -0.019689 -0.024746 -0.009417
v -0.019700 -0.024749 -0.009428
v -0.019501 -0.025443 -0.009637
v -0.019499 -0.025444 -0.009616
v -0.019498 -0.025444 -0.009611
v -0.019495 -0.025444 -0.009596
v -0.019491 -0.025443 -0.009581
v -0.019490 -0.025443 -0.009576
v -0.019484 -0.025441 -0.009557
v -0.019481 -0.025441 -0.009552
v -0.019475 -0.025439 -0.009538
v -0.019468 -0.025437 -0.009524
v -0.019466 -0.025436 -0.009520
v -0.019432 -0.025426 -0.009474
v -0.019443 -0.025429 -0.009487
v -0.019452 -0.025432 -0.009498
v -0.019455 -0.025433 -0.009503
v -0.019430 -0.025425 -0.009471
v -0.019416 -0.025420 -0.009457
v -0.019410 -0.025418 -0.009453
v -0.019400 -0.025415 -0.009445
v -0.017492 -0.025350 -0.011975
v -0.017498 -0.025350 -0.011974
v -0.016231 -0.025350 -0.011707
v -0.016341 -0.025350 -0.011775
v -0.016356 -0.025350 -0.011783
v -0.016475 -0.025350 -0.011843
v -0.016488 -0.025350 -0.011848
v -0.016613 -0.025350 -0.011899
v -0.016624 -0.025350 -0.011902
v -0.016756 -0.025350 -0.011943
v -0.016764 -0.025350 -0.011945
v -0.016902 -0.025350 -0.011974
v -0.017053 -0.025350 -0.011994
v -0.016908 -0.025350 -0.011975
v -0.017200 -0.025350 -0.012000
v -0.017347 -0.025350 -0.011994
v -0.017644 -0.025350 -0.011943
v -0.017636 -0.025350 -0.011945
v -0.017776 -0.025350 -0.011902
v -0.017787 -0.025350 -0.011899
v -0.017925 -0.025350 -0.011843
v -0.018044 -0.025350 -0.011783
v -0.017912 -0.025350 -0.011848
v -0.018059 -0.025350 -0.011775
v -0.018169 -0.025350 -0.011707
v -0.017912 -0.025372 -0.011848
v -0.017776 -0.025372 -0.011902
v -0.017635 -0.025372 -0.011944
v -0.017492 -0.025372 -0.011975
v -0.016765 -0.025372 -0.011944
v -0.016624 -0.025372 -0.011902
v -0.016488 -0.025372 -0.011848
v -0.016357 -0.025372 -0.011782
v -0.016249 -0.025475 -0.011679
v -0.016263 -0.025511 -0.011658
v -0.016280 -0.025542 -0.011633
v -0.016300 -0.025567 -0.011603
v -0.016357 -0.025599 -0.011517
v -0.016333 -0.025591 -0.011553
v -0.016345 -0.025596 -0.011535
v -0.016322 -0.025585 -0.011570
v -0.016311 -0.025577 -0.011587
v -0.016290 -0.025555 -0.011618
v -0.016271 -0.025527 -0.011646
v -0.016256 -0.025493 -0.011669
v -0.016239 -0.025436 -0.011695
v -0.016244 -0.025456 -0.011688
v -0.016235 -0.025415 -0.011700
v -0.016233 -0.025393 -0.011704
v -0.016231 -0.025372 -0.011706
v -0.018167 -0.025393 -0.011704
v -0.018165 -0.025415 -0.011700
v -0.018161 -0.025436 -0.011695
v -0.018156 -0.025456 -0.011688
v -0.018194 -0.025481 -0.011646
v -0.018197 -0.025465 -0.011654
v -0.018151 -0.025475 -0.011679
v -0.018197 -0.025464 -0.011655
v -0.018198 -0.025456 -0.011659
v -0.018193 -0.025483 -0.011644
v -0.018144 -0.025493 -0.011669
v -0.018191 -0.025493 -0.011637
v -0.018190 -0.025497 -0.011635
v -0.018137 -0.025511 -0.011658
v -0.018189 -0.025500 -0.011632
v -0.018129 -0.025527 -0.011646
v -0.018185 -0.025516 -0.011619
v -0.018186 -0.025512 -0.011623
v -0.018176 -0.025544 -0.011590
v -0.018180 -0.025532 -0.011604
v -0.018120 -0.025542 -0.011633
v -0.018181 -0.025531 -0.011605
v -0.018182 -0.025527 -0.011609
v -0.018175 -0.025545 -0.011588
v -0.018110 -0.025555 -0.011618
v -0.018171 -0.025555 -0.011576
v -0.018171 -0.025556 -0.011574
v -0.018100 -0.025567 -0.011603
v -0.018170 -0.025558 -0.011571
v -0.018089 -0.025577 -0.011587
v -0.018164 -0.025569 -0.011553
v -0.018165 -0.025567 -0.011556
v -0.018152 -0.025585 -0.011518
v -0.018158 -0.025578 -0.011534
v -0.018078 -0.025585 -0.011570
v -0.018158 -0.025577 -0.011537
v -0.018159 -0.025577 -0.011538
v -0.018151 -0.025586 -0.011515
v -0.018067 -0.025591 -0.011553
v -0.018146 -0.025591 -0.011498
v -0.018055 -0.025596 -0.011535
v -0.018144 -0.025592 -0.011495
v -0.018145 -0.025591 -0.011497
v -0.018131 -0.025599 -0.011454
v -0.018131 -0.025599 -0.011457
v -0.018043 -0.025599 -0.011517
v -0.018137 -0.025596 -0.011474
v -0.018138 -0.025596 -0.011477
v -0.018124 -0.025600 -0.011436
v -0.017934 -0.025599 -0.011583
v -0.017944 -0.025596 -0.011602
v -0.017954 -0.025591 -0.011621
v -0.017964 -0.025585 -0.011639
v -0.017974 -0.025577 -0.011657
v -0.017984 -0.025567 -0.011674
v -0.017992 -0.025555 -0.011690
v -0.018001 -0.025542 -0.011705
v -0.018008 -0.025527 -0.011719
v -0.018016 -0.025511 -0.011732
v -0.018022 -0.025493 -0.011744
v -0.018028 -0.025475 -0.011754
v -0.018032 -0.025456 -0.011763
v -0.018037 -0.025436 -0.011770
v -0.018040 -0.025415 -0.011776
v -0.018042 -0.025393 -0.011780
v -0.017820 -0.025599 -0.011640
v -0.017828 -0.025596 -0.011660
v -0.017837 -0.025591 -0.011679
v -0.017845 -0.025585 -0.011698
v -0.017854 -0.025577 -0.011717
v -0.017862 -0.025567 -0.011734
v -0.017869 -0.025555 -0.011751
v -0.017876 -0.025542 -0.011767
v -0.017883 -0.025527 -0.011782
v -0.017889 -0.025511 -0.011795
v -0.017894 -0.025493 -0.011807
v -0.017899 -0.025475 -0.011818
v -0.017903 -0.025456 -0.011827
v -0.017906 -0.025436 -0.011835
v -0.017909 -0.025415 -0.011841
v -0.017911 -0.025393 -0.011845
v -0.018043 -0.025372 -0.011782
v -0.018169 -0.025372 -0.011706
v -0.016358 -0.025393 -0.011780
v -0.016360 -0.025415 -0.011776
v -0.016363 -0.025436 -0.011770
v -0.016368 -0.025456 -0.011763
v -0.016372 -0.025475 -0.011754
v -0.016378 -0.025493 -0.011744
v -0.016384 -0.025511 -0.011732
v -0.016392 -0.025527 -0.011719
v -0.016399 -0.025542 -0.011705
v -0.016408 -0.025555 -0.011690
v -0.016416 -0.025567 -0.011674
v -0.016426 -0.025577 -0.011657
v -0.016436 -0.025585 -0.011639
v -0.016446 -0.025591 -0.011621
v -0.016456 -0.025596 -0.011602
v -0.016466 -0.025599 -0.011583
v -0.016489 -0.025393 -0.011845
v -0.016491 -0.025415 -0.011841
v -0.016494 -0.025436 -0.011835
v -0.016497 -0.025456 -0.011827
v -0.016501 -0.025475 -0.011818
v -0.016506 -0.025493 -0.011807
v -0.016511 -0.025511 -0.011795
v -0.016517 -0.025527 -0.011782
v -0.016524 -0.025542 -0.011767
v -0.016531 -0.025555 -0.011751
v -0.016538 -0.025567 -0.011734
v -0.016546 -0.025577 -0.011717
v -0.016555 -0.025585 -0.011698
v -0.016563 -0.025591 -0.011679
v -0.016572 -0.025596 -0.011660
v -0.016580 -0.025599 -0.011640
v -0.016625 -0.025393 -0.011899
v -0.016627 -0.025415 -0.011894
v -0.016629 -0.025436 -0.011888
v -0.016632 -0.025456 -0.011880
v -0.016635 -0.025475 -0.011871
v -0.016639 -0.025493 -0.011860
v -0.016643 -0.025511 -0.011847
v -0.016648 -0.025527 -0.011833
v -0.016653 -0.025542 -0.011818
v -0.016659 -0.025555 -0.011802
v -0.016665 -0.025567 -0.011784
v -0.016671 -0.025577 -0.011766
v -0.016678 -0.025585 -0.011747
v -0.016685 -0.025591 -0.011728
v -0.016692 -0.025596 -0.011707
v -0.016699 -0.025599 -0.011687
v -0.016765 -0.025393 -0.011941
v -0.016767 -0.025415 -0.011937
v -0.016768 -0.025436 -0.011930
v -0.016770 -0.025456 -0.011922
v -0.016773 -0.025475 -0.011912
v -0.016776 -0.025493 -0.011901
v -0.016779 -0.025511 -0.011888
v -0.016783 -0.025527 -0.011874
v -0.016787 -0.025542 -0.011858
v -0.016791 -0.025555 -0.011842
v -0.016796 -0.025567 -0.011824
v -0.016800 -0.025577 -0.011805
v -0.016805 -0.025585 -0.011786
v -0.016811 -0.025591 -0.011765
v -0.016816 -0.025596 -0.011745
v -0.016821 -0.025599 -0.011724
v -0.016908 -0.025372 -0.011975
v -0.016909 -0.025393 -0.011972
v -0.016909 -0.025415 -0.011967
v -0.016910 -0.025436 -0.011961
v -0.016912 -0.025456 -0.011952
v -0.016913 -0.025475 -0.011942
v -0.016915 -0.025493 -0.011931
v -0.016918 -0.025511 -0.011918
v -0.016920 -0.025527 -0.011903
v -0.016923 -0.025542 -0.011887
v -0.016926 -0.025555 -0.011870
v -0.016929 -0.025567 -0.011852
v -0.016932 -0.025577 -0.011833
v -0.016935 -0.025585 -0.011813
v -0.016939 -0.025591 -0.011793
v -0.016942 -0.025596 -0.011772
v -0.016946 -0.025599 -0.011750
v -0.017073 -0.025599 -0.011766
v -0.017071 -0.025596 -0.011788
v -0.017069 -0.025591 -0.011809
v -0.017067 -0.025585 -0.011830
v -0.017066 -0.025577 -0.011850
v -0.017064 -0.025567 -0.011869
v -0.017062 -0.025555 -0.011888
v -0.017061 -0.025542 -0.011905
v -0.017060 -0.025527 -0.011921
v -0.017058 -0.025511 -0.011936
v -0.017057 -0.025493 -0.011949
v -0.017056 -0.025475 -0.011960
v -0.017055 -0.025456 -0.011971
v -0.017055 -0.025436 -0.011979
v -0.017054 -0.025415 -0.011985
v -0.017054 -0.025393 -0.011990
v -0.017054 -0.025372 -0.011993
v -0.017200 -0.025599 -0.011772
v -0.017200 -0.025596 -0.011793
v -0.017200 -0.025591 -0.011815
v -0.017200 -0.025585 -0.011836
v -0.017200 -0.025577 -0.011856
v -0.017200 -0.025567 -0.011875
v -0.017200 -0.025555 -0.011893
v -0.017200 -0.025542 -0.011911
v -0.017200 -0.025527 -0.011927
v -0.017200 -0.025511 -0.011942
v -0.017200 -0.025493 -0.011955
v -0.017200 -0.025475 -0.011967
v -0.017200 -0.025456 -0.011977
v -0.017200 -0.025436 -0.011985
v -0.017200 -0.025415 -0.011991
v -0.017200 -0.025393 -0.011996
v -0.017200 -0.025372 -0.011999
v -0.017327 -0.025599 -0.011766
v -0.017329 -0.025596 -0.011788
v -0.017331 -0.025591 -0.011809
v -0.017333 -0.025585 -0.011830
v -0.017334 -0.025577 -0.011850
v -0.017336 -0.025567 -0.011869
v -0.017338 -0.025555 -0.011888
v -0.017339 -0.025542 -0.011905
v -0.017340 -0.025527 -0.011921
v -0.017342 -0.025511 -0.011936
v -0.017343 -0.025493 -0.011949
v -0.017344 -0.025475 -0.011960
v -0.017345 -0.025456 -0.011971
v -0.017345 -0.025436 -0.011979
v -0.017346 -0.025415 -0.011985
v -0.017346 -0.025393 -0.011990
v -0.017346 -0.025372 -0.011993
v -0.017454 -0.025599 -0.011750
v -0.017458 -0.025596 -0.011772
v -0.017461 -0.025591 -0.011793
v -0.017465 -0.025585 -0.011813
v -0.017468 -0.025577 -0.011833
v -0.017471 -0.025567 -0.011852
v -0.017474 -0.025555 -0.011870
v -0.017477 -0.025542 -0.011887
v -0.017480 -0.025527 -0.011903
v -0.017482 -0.025511 -0.011918
v -0.017485 -0.025493 -0.011931
v -0.017487 -0.025475 -0.011942
v -0.017488 -0.025456 -0.011952
v -0.017490 -0.025436 -0.011961
v -0.017491 -0.025415 -0.011967
v -0.017491 -0.025393 -0.011972
v -0.017635 -0.025393 -0.011941
v -0.017633 -0.025415 -0.011937
v -0.017632 -0.025436 -0.011930
v -0.017630 -0.025456 -0.011922
v -0.017627 -0.025475 -0.011912
v -0.017624 -0.025493 -0.011901
v -0.017621 -0.025511 -0.011888
v -0.017617 -0.025527 -0.011874
v -0.017613 -0.025542 -0.011858
v -0.017609 -0.025555 -0.011842
v -0.017604 -0.025567 -0.011824
v -0.017600 -0.025577 -0.011805
v -0.017595 -0.025585 -0.011786
v -0.017589 -0.025591 -0.011765
v -0.017584 -0.025596 -0.011745
v -0.017579 -0.025599 -0.011724
v -0.017775 -0.025393 -0.011899
v -0.017773 -0.025415 -0.011894
v -0.017771 -0.025436 -0.011888
v -0.017768 -0.025456 -0.011880
v -0.017765 -0.025475 -0.011871
v -0.017761 -0.025493 -0.011860
v -0.017757 -0.025511 -0.011847
v -0.017752 -0.025527 -0.011833
v -0.017747 -0.025542 -0.011818
v -0.017741 -0.025555 -0.011802
v -0.017735 -0.025567 -0.011784
v -0.017729 -0.025577 -0.011766
v -0.017722 -0.025585 -0.011747
v -0.017715 -0.025591 -0.011728
v -0.017708 -0.025596 -0.011707
v -0.017701 -0.025599 -0.011687
v -0.019269 -0.025558 -0.011571
v -0.019269 -0.025579 -0.011534
v -0.019269 -0.025592 -0.011495
v -0.019269 -0.025592 -0.011494
v -0.019269 -0.025596 -0.011474
v -0.019269 -0.025597 -0.011473
v -0.019269 -0.025599 -0.011453
v -0.019269 -0.025599 -0.011452
v -0.019269 -0.025586 -0.011515
v -0.019269 -0.025586 -0.011514
v -0.019269 -0.025569 -0.011553
v -0.019269 -0.025517 -0.011619
v -0.019269 -0.025532 -0.011604
v -0.019269 -0.025532 -0.011604
v -0.019269 -0.025546 -0.011588
v -0.019269 -0.025483 -0.011644
v -0.019269 -0.025501 -0.011632
v -0.019269 -0.025465 -0.011654
v -0.019289 -0.025598 -0.011453
v -0.019288 -0.025596 -0.011473
v -0.019287 -0.025592 -0.011494
v -0.019285 -0.025586 -0.011514
v -0.019290 -0.025478 -0.011646
v -0.019280 -0.025462 -0.011656
v -0.019278 -0.025463 -0.011655
v -0.019271 -0.025465 -0.011654
v -0.019281 -0.025461 -0.011656
v -0.019310 -0.025597 -0.011432
v -0.019331 -0.025592 -0.011432
v -0.019329 -0.025593 -0.011434
v -0.019352 -0.025586 -0.011432
v -0.019372 -0.025578 -0.011432
v -0.019367 -0.025580 -0.011439
v -0.019391 -0.025568 -0.011432
v -0.019409 -0.025557 -0.011432
v -0.019402 -0.025562 -0.011447
v -0.019443 -0.025530 -0.011432
v -0.019458 -0.025514 -0.011432
v -0.019452 -0.025521 -0.011442
v -0.019471 -0.025498 -0.011432
v -0.019480 -0.025484 -0.011435
v -0.019475 -0.025490 -0.011455
v -0.019483 -0.025480 -0.011432
v -0.019490 -0.025467 -0.011443
v -0.019492 -0.025464 -0.011432
v -0.019493 -0.025461 -0.011432
v -0.019438 -0.025534 -0.011432
v -0.019432 -0.025538 -0.011457
v -0.019426 -0.025545 -0.011432
v -0.019437 -0.025535 -0.011437
v -0.019427 -0.025544 -0.011432
v -0.019289 -0.025599 -0.011432
v -0.019307 -0.025597 -0.011432
v -0.019289 -0.025599 -0.011432
v -0.019293 -0.025476 -0.011647
v -0.019305 -0.025490 -0.011636
v -0.019283 -0.025460 -0.011656
v -0.019296 -0.025474 -0.011648
v -0.019309 -0.025487 -0.011638
v -0.019322 -0.025499 -0.011626
v -0.019284 -0.025459 -0.011657
v -0.019273 -0.025483 -0.011644
v -0.019275 -0.025500 -0.011632
v -0.019276 -0.025517 -0.011619
v -0.019273 -0.025464 -0.011655
v -0.019299 -0.025472 -0.011649
v -0.019313 -0.025484 -0.011639
v -0.019328 -0.025495 -0.011628
v -0.019342 -0.025504 -0.011615
v -0.019288 -0.025454 -0.011659
v -0.019307 -0.025461 -0.011653
v -0.019326 -0.025467 -0.011646
v -0.019344 -0.025473 -0.011637
v -0.019362 -0.025478 -0.011626
v -0.019379 -0.025481 -0.011614
v -0.019395 -0.025484 -0.011601
v -0.019411 -0.025486 -0.011587
v -0.019425 -0.025487 -0.011572
v -0.019277 -0.025483 -0.011644
v -0.019280 -0.025500 -0.011632
v -0.019284 -0.025516 -0.011619
v -0.019287 -0.025531 -0.011604
v -0.019278 -0.025532 -0.011604
v -0.019290 -0.025544 -0.011589
v -0.019280 -0.025545 -0.011588
v -0.019293 -0.025556 -0.011572
v -0.019281 -0.025558 -0.011571
v -0.019296 -0.025567 -0.011554
v -0.019283 -0.025569 -0.011553
v -0.019299 -0.025576 -0.011535
v -0.019284 -0.025578 -0.011534
v -0.019302 -0.025584 -0.011515
v -0.019438 -0.025487 -0.011555
v -0.019304 -0.025590 -0.011495
v -0.019450 -0.025486 -0.011538
v -0.019306 -0.025594 -0.011474
v -0.019461 -0.025484 -0.011520
v -0.019308 -0.025596 -0.011453
v -0.019471 -0.025481 -0.011501
v -0.019309 -0.025597 -0.011432
v -0.019309 -0.025597 -0.011432
v -0.019479 -0.025477 -0.011482
v -0.019422 -0.025548 -0.011432
v -0.019418 -0.025550 -0.011452
v -0.019412 -0.025551 -0.011472
v -0.019426 -0.025539 -0.011477
v -0.019405 -0.025551 -0.011492
v -0.019419 -0.025540 -0.011497
v -0.019398 -0.025549 -0.011512
v -0.019410 -0.025539 -0.011516
v -0.019389 -0.025546 -0.011531
v -0.019401 -0.025536 -0.011535
v -0.019380 -0.025542 -0.011549
v -0.019391 -0.025532 -0.011553
v -0.019369 -0.025536 -0.011567
v -0.019380 -0.025527 -0.011570
v -0.019359 -0.025528 -0.011583
v -0.019368 -0.025521 -0.011586
v -0.019347 -0.025520 -0.011599
v -0.019355 -0.025513 -0.011601
v -0.019335 -0.025510 -0.011613
v -0.019397 -0.025562 -0.011467
v -0.019391 -0.025561 -0.011488
v -0.019384 -0.025559 -0.011508
v -0.019376 -0.025555 -0.011527
v -0.019368 -0.025550 -0.011546
v -0.019359 -0.025543 -0.011563
v -0.019349 -0.025535 -0.011580
v -0.019339 -0.025526 -0.011596
v -0.019328 -0.025515 -0.011611
v -0.019317 -0.025503 -0.011624
v -0.019386 -0.025571 -0.011432
v -0.019385 -0.025572 -0.011443
v -0.019380 -0.025572 -0.011464
v -0.019375 -0.025571 -0.011484
v -0.019369 -0.025568 -0.011504
v -0.019362 -0.025563 -0.011524
v -0.019355 -0.025557 -0.011542
v -0.019347 -0.025550 -0.011561
v -0.019339 -0.025541 -0.011578
v -0.019330 -0.025531 -0.011594
v -0.019320 -0.025519 -0.011609
v -0.019311 -0.025507 -0.011623
v -0.019300 -0.025493 -0.011635
v -0.019363 -0.025580 -0.011460
v -0.019359 -0.025578 -0.011481
v -0.019354 -0.025575 -0.011501
v -0.019348 -0.025570 -0.011521
v -0.019342 -0.025564 -0.011540
v -0.019335 -0.025556 -0.011558
v -0.019328 -0.025546 -0.011576
v -0.019320 -0.025535 -0.011592
v -0.019312 -0.025523 -0.011607
v -0.019304 -0.025510 -0.011621
v -0.019296 -0.025495 -0.011634
v -0.019287 -0.025480 -0.011645
v -0.019349 -0.025587 -0.011432
v -0.019348 -0.025587 -0.011436
v -0.019345 -0.025587 -0.011457
v -0.019342 -0.025585 -0.011478
v -0.019338 -0.025581 -0.011498
v -0.019333 -0.025576 -0.011518
v -0.019328 -0.025569 -0.011538
v -0.019323 -0.025560 -0.011556
v -0.019317 -0.025550 -0.011574
v -0.019311 -0.025539 -0.011591
v -0.019304 -0.025526 -0.011606
v -0.019298 -0.025512 -0.011620
v -0.019291 -0.025497 -0.011633
v -0.019284 -0.025481 -0.011645
v -0.019276 -0.025464 -0.011655
v -0.019275 -0.025464 -0.011655
v -0.019280 -0.025482 -0.011644
v -0.019285 -0.025499 -0.011633
v -0.019291 -0.025514 -0.011620
v -0.019296 -0.025529 -0.011605
v -0.019301 -0.025542 -0.011589
v -0.019305 -0.025554 -0.011573
v -0.019310 -0.025564 -0.011555
v -0.019314 -0.025573 -0.011536
v -0.019317 -0.025580 -0.011517
v -0.019321 -0.025586 -0.011496
v -0.019324 -0.025590 -0.011476
v -0.019327 -0.025592 -0.011455
v -0.019485 -0.025473 -0.011462
v -0.019468 -0.025502 -0.011432
v -0.019464 -0.025506 -0.011449
v -0.019458 -0.025509 -0.011469
v -0.019469 -0.025494 -0.011475
v -0.019451 -0.025512 -0.011488
v -0.019462 -0.025497 -0.011494
v -0.019443 -0.025514 -0.011508
v -0.019453 -0.025499 -0.011513
v -0.019433 -0.025514 -0.011526
v -0.019442 -0.025500 -0.011532
v -0.019422 -0.025513 -0.011544
v -0.019431 -0.025500 -0.011550
v -0.019410 -0.025511 -0.011562
v -0.019418 -0.025499 -0.011566
v -0.019397 -0.025508 -0.011578
v -0.019404 -0.025497 -0.011582
v -0.019383 -0.025504 -0.011593
v -0.019390 -0.025494 -0.011597
v -0.019368 -0.025498 -0.011607
v -0.019374 -0.025490 -0.011611
v -0.019353 -0.025492 -0.011620
v -0.019358 -0.025485 -0.011623
v -0.019337 -0.025484 -0.011632
v -0.019341 -0.025479 -0.011634
v -0.019320 -0.025476 -0.011642
v -0.019323 -0.025472 -0.011644
v -0.019304 -0.025467 -0.011651
v -0.019306 -0.025464 -0.011652
v -0.019286 -0.025457 -0.011658
v -0.019285 -0.025458 -0.011657
v -0.019301 -0.025469 -0.011650
v -0.019317 -0.025480 -0.011640
v -0.019333 -0.025490 -0.011630
v -0.019348 -0.025498 -0.011618
v -0.019362 -0.025506 -0.011604
v -0.019376 -0.025513 -0.011590
v -0.019389 -0.025518 -0.011574
v -0.019401 -0.025522 -0.011557
v -0.019412 -0.025525 -0.011539
v -0.019422 -0.025527 -0.011521
v -0.019431 -0.025527 -0.011502
v -0.019439 -0.025526 -0.011482
v -0.019446 -0.025524 -0.011462
v -0.019287 -0.025455 -0.011658
v -0.019363 -0.025582 -0.009648
v -0.019372 -0.025578 -0.009648
v -0.019496 -0.025455 -0.009648
v -0.019493 -0.025461 -0.009648
v -0.019488 -0.025471 -0.009648
v -0.019483 -0.025480 -0.009648
v -0.019471 -0.025498 -0.009648
v -0.019469 -0.025500 -0.009648
v -0.019458 -0.025514 -0.009648
v -0.019445 -0.025528 -0.009648
v -0.019427 -0.025544 -0.009648
v -0.019431 -0.025540 -0.009648
v -0.019443 -0.025530 -0.009648
v -0.019443 -0.025529 -0.009648
v -0.019409 -0.025557 -0.009648
v -0.019400 -0.025563 -0.009648
v -0.019391 -0.025568 -0.009648
v -0.019352 -0.025586 -0.009648
v -0.019331 -0.025592 -0.009648
v -0.019321 -0.025595 -0.009648
v -0.019310 -0.025597 -0.009648
v -0.019274 -0.025600 -0.009648
v -0.019289 -0.025599 -0.009648
v -0.019425 -0.025434 -0.009471
v -0.019413 -0.025424 -0.009457
v -0.019414 -0.025423 -0.009458
v -0.019397 -0.025434 -0.009450
v -0.019399 -0.025434 -0.009451
v -0.019396 -0.025453 -0.009459
v -0.019412 -0.025426 -0.009457
v -0.019486 -0.025452 -0.009577
v -0.019480 -0.025450 -0.009557
v -0.019488 -0.025471 -0.009637
v -0.019384 -0.025572 -0.009645
v -0.019299 -0.025598 -0.009645
v -0.019310 -0.025596 -0.009627
v -0.019271 -0.025600 -0.009645
v -0.019282 -0.025599 -0.009634
v -0.019368 -0.025579 -0.009637
v -0.019432 -0.025539 -0.009644
v -0.019470 -0.025499 -0.009634
v -0.019496 -0.025456 -0.009637
v -0.019494 -0.025455 -0.009617
v -0.019491 -0.025454 -0.009597
v -0.019463 -0.025443 -0.009520
v -0.019472 -0.025446 -0.009538
v -0.019453 -0.025438 -0.009503
v -0.019429 -0.025427 -0.009472
v -0.019415 -0.025421 -0.009458
v -0.019388 -0.025472 -0.009465
v -0.019392 -0.025458 -0.009458
v -0.019393 -0.025453 -0.009457
v -0.019396 -0.025438 -0.009451
v -0.019377 -0.025506 -0.009484
v -0.019380 -0.025495 -0.009476
v -0.019383 -0.025489 -0.009474
v -0.019386 -0.025477 -0.009467
v -0.019388 -0.025472 -0.009464
v -0.019362 -0.025536 -0.009508
v -0.019365 -0.025527 -0.009500
v -0.019369 -0.025521 -0.009496
v -0.019373 -0.025511 -0.009487
v -0.019375 -0.025506 -0.009484
v -0.019344 -0.025561 -0.009536
v -0.019347 -0.025555 -0.009527
v -0.019353 -0.025549 -0.009522
v -0.019356 -0.025542 -0.009513
v -0.019360 -0.025536 -0.009507
v -0.019315 -0.025587 -0.009583
v -0.019323 -0.025580 -0.009565
v -0.019325 -0.025580 -0.009567
v -0.019327 -0.025576 -0.009558
v -0.019335 -0.025571 -0.009551
v -0.019337 -0.025566 -0.009542
v -0.019342 -0.025561 -0.009535
v -0.019293 -0.025597 -0.009617
v -0.019301 -0.025593 -0.009598
v -0.019304 -0.025593 -0.009600
v -0.019305 -0.025591 -0.009592
v -0.019316 -0.025584 -0.009575
v -0.019279 -0.025599 -0.009632
v -0.019282 -0.025599 -0.009627
v -0.019294 -0.025596 -0.009609
v -0.019423 -0.025437 -0.009471
v -0.019433 -0.025447 -0.009486
v -0.019411 -0.025427 -0.009457
v -0.019421 -0.025439 -0.009470
v -0.019430 -0.025451 -0.009485
v -0.019438 -0.025461 -0.009501
v -0.019410 -0.025428 -0.009457
v -0.019419 -0.025442 -0.009470
v -0.019427 -0.025454 -0.009484
v -0.019433 -0.025466 -0.009499
v -0.019439 -0.025477 -0.009516
v -0.019409 -0.025430 -0.009456
v -0.019416 -0.025444 -0.009469
v -0.019423 -0.025458 -0.009483
v -0.019428 -0.025471 -0.009497
v -0.019433 -0.025483 -0.009513
v -0.019436 -0.025494 -0.009530
v -0.019407 -0.025431 -0.009456
v -0.019414 -0.025446 -0.009468
v -0.019419 -0.025461 -0.009481
v -0.019423 -0.025475 -0.009495
v -0.019426 -0.025488 -0.009511
v -0.019429 -0.025500 -0.009527
v -0.019430 -0.025512 -0.009544
v -0.019406 -0.025432 -0.009455
v -0.019411 -0.025448 -0.009467
v -0.019415 -0.025464 -0.009479
v -0.019418 -0.025479 -0.009493
v -0.019420 -0.025493 -0.009508
v -0.019421 -0.025506 -0.009524
v -0.019421 -0.025518 -0.009541
v -0.019419 -0.025529 -0.009558
v -0.019405 -0.025432 -0.009454
v -0.019408 -0.025450 -0.009465
v -0.019411 -0.025466 -0.009477
v -0.019412 -0.025482 -0.009490
v -0.019413 -0.025496 -0.009505
v -0.019412 -0.025510 -0.009520
v -0.019411 -0.025523 -0.009536
v -0.019409 -0.025535 -0.009553
v -0.019406 -0.025545 -0.009570
v -0.019403 -0.025433 -0.009454
v -0.019469 -0.025470 -0.009556
v -0.019473 -0.025475 -0.009576
v -0.019466 -0.025486 -0.009574
v -0.019405 -0.025451 -0.009464
v -0.019406 -0.025468 -0.009475
v -0.019406 -0.025484 -0.009488
v -0.019406 -0.025500 -0.009501
v -0.019404 -0.025514 -0.009516
v -0.019401 -0.025527 -0.009531
v -0.019398 -0.025540 -0.009548
v -0.019394 -0.025550 -0.009564
v -0.019388 -0.025560 -0.009582
v -0.019402 -0.025434 -0.009453
v -0.019402 -0.025452 -0.009462
v -0.019402 -0.025470 -0.009473
v -0.019401 -0.025486 -0.009484
v -0.019398 -0.025502 -0.009497
v -0.019395 -0.025517 -0.009511
v -0.019392 -0.025531 -0.009526
v -0.019387 -0.025543 -0.009542
v -0.019381 -0.025555 -0.009558
v -0.019375 -0.025565 -0.009575
v -0.019368 -0.025573 -0.009592
v -0.019400 -0.025434 -0.009452
v -0.019399 -0.025453 -0.009460
v -0.019397 -0.025471 -0.009470
v -0.019395 -0.025488 -0.009481
v -0.019391 -0.025504 -0.009493
v -0.019387 -0.025519 -0.009506
v -0.019382 -0.025534 -0.009520
v -0.019376 -0.025546 -0.009535
v -0.019369 -0.025558 -0.009551
v -0.019362 -0.025568 -0.009567
v -0.019354 -0.025577 -0.009584
v -0.019345 -0.025584 -0.009602
v -0.019449 -0.025519 -0.009608
v -0.019448 -0.025524 -0.009628
v -0.019436 -0.025535 -0.009624
v -0.019459 -0.025512 -0.009632
v -0.019460 -0.025508 -0.009612
v -0.019459 -0.025502 -0.009592
v -0.019470 -0.025495 -0.009614
v -0.019469 -0.025491 -0.009594
v -0.019477 -0.025479 -0.009596
v -0.019479 -0.025483 -0.009616
v -0.019479 -0.025485 -0.009636
v -0.019487 -0.025469 -0.009617
v -0.019484 -0.025467 -0.009596
v -0.019480 -0.025464 -0.009577
v -0.019475 -0.025460 -0.009557
v -0.019468 -0.025456 -0.009538
v -0.019336 -0.025589 -0.009619
v -0.019360 -0.025580 -0.009610
v -0.019382 -0.025568 -0.009600
v -0.019401 -0.025554 -0.009589
v -0.019417 -0.025538 -0.009576
v -0.019430 -0.025522 -0.009562
v -0.019438 -0.025505 -0.009548
v -0.019444 -0.025488 -0.009533
v -0.019445 -0.025471 -0.009517
v -0.019442 -0.025456 -0.009502
v -0.019436 -0.025442 -0.009486
v -0.019427 -0.025431 -0.009471
v -0.019442 -0.025433 -0.009487
v -0.019450 -0.025444 -0.009503
v -0.019459 -0.025450 -0.009520
v -0.019455 -0.025458 -0.009520
v -0.019462 -0.025464 -0.009538
v -0.019457 -0.025473 -0.009537
v -0.019462 -0.025480 -0.009555
v -0.019455 -0.025489 -0.009553
v -0.019458 -0.025496 -0.009572
v -0.019449 -0.025505 -0.009570
v -0.019450 -0.025513 -0.009589
v -0.019439 -0.025522 -0.009585
v -0.019438 -0.025529 -0.009604
v -0.019426 -0.025538 -0.009600
v -0.019423 -0.025545 -0.009619
v -0.019410 -0.025554 -0.009613
v -0.019405 -0.025559 -0.009632
v -0.019390 -0.025568 -0.009626
v -0.019419 -0.025550 -0.009638
v -0.019439 -0.025438 -0.009487
v -0.019446 -0.025450 -0.009502
v -0.019450 -0.025465 -0.009519
v -0.019450 -0.025480 -0.009535
v -0.019447 -0.025497 -0.009551
v -0.019440 -0.025514 -0.009566
v -0.019429 -0.025531 -0.009581
v -0.019414 -0.025547 -0.009594
v -0.019396 -0.025561 -0.009607
v -0.019376 -0.025574 -0.009618
v -0.019352 -0.025585 -0.009628
v -0.019342 -0.025589 -0.009643
v -0.019393 -0.025471 -0.009468
v -0.019389 -0.025489 -0.009478
v -0.019384 -0.025505 -0.009489
v -0.019378 -0.025521 -0.009501
v -0.019372 -0.025535 -0.009514
v -0.019364 -0.025548 -0.009529
v -0.019357 -0.025560 -0.009544
v -0.019348 -0.025570 -0.009559
v -0.019339 -0.025579 -0.009576
v -0.019330 -0.025586 -0.009593
v -0.019320 -0.025592 -0.009610
v -0.019327 -0.025593 -0.009637
v -0.019397 -0.025434 -0.009450
v -0.019400 -0.025418 -0.009445
v -0.018094 -0.025417 -0.008461
v -0.018825 -0.025417 -0.009048
v -0.018821 -0.025438 -0.009054
v -0.016943 -0.025415 -0.007293
v -0.017416 -0.025415 -0.007814
v -0.017416 -0.025417 -0.007815
v -0.016793 -0.025415 -0.007114
v -0.016793 -0.025417 -0.007114
v -0.016388 -0.025415 -0.006587
v -0.016387 -0.025418 -0.006587
v -0.016788 -0.025438 -0.007119
v -0.016383 -0.025433 -0.006590
v -0.016385 -0.025426 -0.006588
v -0.016376 -0.025453 -0.006593
v -0.016377 -0.025451 -0.006593
v -0.016781 -0.025458 -0.007124
v -0.016381 -0.025438 -0.006590
v -0.016382 -0.025438 -0.006590
v -0.016773 -0.025477 -0.007130
v -0.016372 -0.025463 -0.006596
v -0.016374 -0.025458 -0.006594
v -0.016764 -0.025495 -0.007138
v -0.016357 -0.025490 -0.006603
v -0.016359 -0.025487 -0.006602
v -0.016362 -0.025483 -0.006601
v -0.016366 -0.025475 -0.006599
v -0.016367 -0.025472 -0.006598
v -0.016754 -0.025511 -0.007146
v -0.016352 -0.025499 -0.006606
v -0.016355 -0.025495 -0.006605
v -0.016335 -0.025522 -0.006615
v -0.016743 -0.025527 -0.007155
v -0.016334 -0.025523 -0.006616
v -0.016330 -0.025527 -0.006617
v -0.016341 -0.025514 -0.006612
v -0.016344 -0.025510 -0.006610
v -0.016346 -0.025507 -0.006609
v -0.016325 -0.025532 -0.006620
v -0.016731 -0.025542 -0.007165
v -0.016320 -0.025538 -0.006623
v -0.016306 -0.025550 -0.006630
v -0.016718 -0.025555 -0.007176
v -0.016303 -0.025553 -0.006632
v -0.016704 -0.025566 -0.007187
v -0.016284 -0.025566 -0.006641
v -0.016290 -0.025562 -0.006638
v -0.016293 -0.025560 -0.006637
v -0.016297 -0.025557 -0.006635
v -0.016301 -0.025555 -0.006633
v -0.016276 -0.025571 -0.006646
v -0.016689 -0.025576 -0.007199
v -0.016268 -0.025576 -0.006650
v -0.016263 -0.025579 -0.006653
v -0.016674 -0.025584 -0.007212
v -0.016258 -0.025581 -0.006655
v -0.016232 -0.025591 -0.006669
v -0.016240 -0.025588 -0.006665
v -0.016658 -0.025591 -0.007225
v -0.016248 -0.025585 -0.006661
v -0.016250 -0.025584 -0.006660
v -0.016642 -0.025596 -0.007238
v -0.016213 -0.025596 -0.006679
v -0.016216 -0.025595 -0.006677
v -0.016221 -0.025594 -0.006674
v -0.016229 -0.025592 -0.006670
v -0.016232 -0.025591 -0.006669
v -0.016206 -0.025597 -0.006682
v -0.016625 -0.025599 -0.007251
v -0.016202 -0.025598 -0.006684
v -0.016194 -0.025599 -0.006689
v -0.016609 -0.025600 -0.007265
v -0.016183 -0.025600 -0.006694
v -0.018684 -0.025600 -0.009240
v -0.018709 -0.025596 -0.009205
v -0.018696 -0.025599 -0.009222
v -0.018733 -0.025584 -0.009172
v -0.018721 -0.025591 -0.009188
v -0.018756 -0.025566 -0.009141
v -0.018745 -0.025576 -0.009156
v -0.018777 -0.025542 -0.009113
v -0.018767 -0.025555 -0.009126
v -0.018795 -0.025511 -0.009088
v -0.018787 -0.025527 -0.009100
v -0.018810 -0.025477 -0.009068
v -0.018803 -0.025495 -0.009078
v -0.018816 -0.025458 -0.009060
v -0.018986 -0.025415 -0.009164
v -0.017572 -0.025415 -0.007972
v -0.018095 -0.025415 -0.008460
v -0.018254 -0.025415 -0.008597
v -0.018825 -0.025415 -0.009048
v -0.017245 -0.025600 -0.007980
v -0.017260 -0.025599 -0.007965
v -0.017275 -0.025596 -0.007950
v -0.017290 -0.025591 -0.007936
v -0.017305 -0.025584 -0.007922
v -0.017319 -0.025576 -0.007908
v -0.017333 -0.025566 -0.007895
v -0.017346 -0.025555 -0.007882
v -0.017358 -0.025542 -0.007870
v -0.017369 -0.025527 -0.007859
v -0.017380 -0.025511 -0.007849
v -0.017389 -0.025495 -0.007840
v -0.017398 -0.025477 -0.007832
v -0.017405 -0.025458 -0.007825
v -0.017411 -0.025438 -0.007819
v -0.018090 -0.025438 -0.008466
v -0.018084 -0.025458 -0.008472
v -0.018078 -0.025477 -0.008480
v -0.018070 -0.025495 -0.008488
v -0.018062 -0.025511 -0.008498
v -0.018052 -0.025527 -0.008509
v -0.018042 -0.025542 -0.008521
v -0.018030 -0.025555 -0.008534
v -0.018019 -0.025566 -0.008548
v -0.018006 -0.025576 -0.008562
v -0.017993 -0.025584 -0.008577
v -0.017980 -0.025591 -0.008592
v -0.017966 -0.025596 -0.008608
v -0.017952 -0.025599 -0.008624
v -0.017938 -0.025600 -0.008640
v -0.016459 -0.024704 -0.006500
v -0.016601 -0.024751 -0.006577
v -0.016577 -0.024743 -0.006550
v -0.016585 -0.024746 -0.006558
v -0.016593 -0.024749 -0.006567
v -0.016568 -0.024740 -0.006542
v -0.016538 -0.024730 -0.006522
v -0.016548 -0.024734 -0.006528
v -0.016558 -0.024737 -0.006535
v -0.016506 -0.024720 -0.006509
v -0.016517 -0.024723 -0.006513
v -0.016528 -0.024727 -0.006517
v -0.016471 -0.024708 -0.006501
v -0.016483 -0.024712 -0.006503
v -0.016495 -0.024716 -0.006505
v -0.016382 -0.025413 -0.006578
v -0.016375 -0.025410 -0.006569
v -0.016367 -0.025408 -0.006560
v -0.016359 -0.025405 -0.006551
v -0.016350 -0.025402 -0.006543
v -0.016340 -0.025399 -0.006536
v -0.016330 -0.025396 -0.006529
v -0.016320 -0.025392 -0.006523
v -0.016311 -0.025389 -0.006518
v -0.016300 -0.025385 -0.006513
v -0.016289 -0.025382 -0.006509
v -0.016277 -0.025378 -0.006506
v -0.016265 -0.025374 -0.006503
v -0.016254 -0.025370 -0.006501
v -0.016242 -0.025366 -0.006500
v -0.016232 -0.025363 -0.006500
v -0.016177 -0.025400 -0.006500
v -0.016172 -0.025400 -0.006500
v -0.014645 -0.025400 -0.006500
v -0.016229 -0.025368 -0.006500
v -0.016226 -0.025372 -0.006500
v -0.016223 -0.025377 -0.006500
v -0.016212 -0.025388 -0.006500
v -0.016208 -0.025391 -0.006500
v -0.016203 -0.025393 -0.006500
v -0.016198 -0.025395 -0.006500
v -0.016193 -0.025397 -0.006500
v -0.016220 -0.025381 -0.006500
v -0.016216 -0.025384 -0.006500
v -0.016188 -0.025399 -0.006500
v -0.016183 -0.025399 -0.006500
v -0.016181 -0.025552 -0.006570
v -0.016172 -0.025552 -0.006570
v -0.016172 -0.025541 -0.006559
v -0.016172 -0.025553 -0.006571
v -0.016172 -0.025593 -0.006648
v -0.016172 -0.025593 -0.006646
v -0.016182 -0.025592 -0.006646
v -0.016359 -0.025486 -0.006601
v -0.016216 -0.025594 -0.006670
v -0.016200 -0.025598 -0.006683
v -0.016183 -0.025599 -0.006683
v -0.016238 -0.025372 -0.006500
v -0.016235 -0.025377 -0.006500
v -0.016233 -0.025380 -0.006500
v -0.016231 -0.025383 -0.006500
v -0.016228 -0.025386 -0.006500
v -0.016226 -0.025389 -0.006500
v -0.016223 -0.025391 -0.006500
v -0.016220 -0.025394 -0.006500
v -0.016216 -0.025396 -0.006500
v -0.016213 -0.025399 -0.006500
v -0.016209 -0.025401 -0.006500
v -0.016172 -0.025417 -0.006501
v -0.016175 -0.025409 -0.006500
v -0.016181 -0.025409 -0.006500
v -0.016186 -0.025408 -0.006500
v -0.016191 -0.025407 -0.006500
v -0.016196 -0.025406 -0.006500
v -0.016200 -0.025404 -0.006500
v -0.016205 -0.025403 -0.006500
v -0.016199 -0.025596 -0.006670
v -0.016248 -0.025585 -0.006658
v -0.016232 -0.025589 -0.006658
v -0.016216 -0.025592 -0.006658
v -0.016262 -0.025577 -0.006646
v -0.016290 -0.025561 -0.006635
v -0.016288 -0.025557 -0.006623
v -0.016301 -0.025550 -0.006623
v -0.016314 -0.025542 -0.006623
v -0.016334 -0.025520 -0.006612
v -0.016323 -0.025529 -0.006612
v -0.016350 -0.025497 -0.006601
v -0.016340 -0.025507 -0.006601
v -0.016369 -0.025461 -0.006590
v -0.016362 -0.025472 -0.006590
v -0.016376 -0.025450 -0.006590
v -0.016380 -0.025423 -0.006580
v -0.016375 -0.025435 -0.006580
v -0.016305 -0.025403 -0.006518
v -0.016319 -0.025399 -0.006524
v -0.016172 -0.025597 -0.006665
v -0.016172 -0.025567 -0.006590
v -0.016172 -0.025564 -0.006585
v -0.016181 -0.025567 -0.006590
v -0.016181 -0.025560 -0.006580
v -0.016196 -0.025566 -0.006590
v -0.016172 -0.025529 -0.006547
v -0.016180 -0.025526 -0.006544
v -0.016172 -0.025500 -0.006527
v -0.016172 -0.025485 -0.006519
v -0.016178 -0.025483 -0.006518
v -0.016172 -0.025452 -0.006507
v -0.016172 -0.025435 -0.006503
v -0.016176 -0.025435 -0.006503
v -0.016183 -0.025598 -0.006670
v -0.016172 -0.025573 -0.006600
v -0.016182 -0.025574 -0.006601
v -0.016197 -0.025573 -0.006601
v -0.016212 -0.025570 -0.006601
v -0.016183 -0.025595 -0.006658
v -0.016199 -0.025594 -0.006658
v -0.016172 -0.025580 -0.006612
v -0.016182 -0.025579 -0.006612
v -0.016198 -0.025578 -0.006612
v -0.016213 -0.025576 -0.006612
v -0.016228 -0.025573 -0.006612
v -0.016172 -0.025581 -0.006615
v -0.016182 -0.025584 -0.006623
v -0.016198 -0.025583 -0.006623
v -0.016214 -0.025581 -0.006623
v -0.016230 -0.025578 -0.006623
v -0.016245 -0.025574 -0.006623
v -0.016172 -0.025600 -0.006695
v -0.016172 -0.025599 -0.006683
v -0.016172 -0.025598 -0.006670
v -0.016199 -0.025591 -0.006646
v -0.016215 -0.025589 -0.006646
v -0.016231 -0.025586 -0.006646
v -0.016247 -0.025582 -0.006646
v -0.016172 -0.025588 -0.006632
v -0.016182 -0.025589 -0.006635
v -0.016199 -0.025588 -0.006635
v -0.016215 -0.025586 -0.006635
v -0.016231 -0.025582 -0.006635
v -0.016246 -0.025578 -0.006635
v -0.016261 -0.025574 -0.006635
v -0.016276 -0.025568 -0.006635
v -0.016260 -0.025569 -0.006623
v -0.016243 -0.025569 -0.006612
v -0.016227 -0.025568 -0.006601
v -0.016211 -0.025564 -0.006590
v -0.016196 -0.025559 -0.006580
v -0.016274 -0.025564 -0.006623
v -0.016311 -0.025538 -0.006612
v -0.016298 -0.025546 -0.006612
v -0.016285 -0.025553 -0.006612
v -0.016272 -0.025559 -0.006612
v -0.016258 -0.025565 -0.006612
v -0.016330 -0.025516 -0.006601
v -0.016319 -0.025525 -0.006601
v -0.016308 -0.025533 -0.006601
v -0.016295 -0.025541 -0.006601
v -0.016283 -0.025548 -0.006601
v -0.016270 -0.025554 -0.006601
v -0.016256 -0.025559 -0.006601
v -0.016242 -0.025564 -0.006601
v -0.016354 -0.025482 -0.006590
v -0.016345 -0.025492 -0.006590
v -0.016336 -0.025502 -0.006590
v -0.016326 -0.025511 -0.006590
v -0.016315 -0.025520 -0.006590
v -0.016304 -0.025528 -0.006590
v -0.016292 -0.025535 -0.006590
v -0.016280 -0.025542 -0.006590
v -0.016267 -0.025548 -0.006590
v -0.016254 -0.025553 -0.006590
v -0.016240 -0.025558 -0.006590
v -0.016226 -0.025561 -0.006590
v -0.016369 -0.025446 -0.006580
v -0.016363 -0.025457 -0.006580
v -0.016356 -0.025468 -0.006580
v -0.016348 -0.025478 -0.006580
v -0.016340 -0.025488 -0.006580
v -0.016331 -0.025497 -0.006580
v -0.016321 -0.025506 -0.006580
v -0.016311 -0.025514 -0.006580
v -0.016300 -0.025522 -0.006580
v -0.016289 -0.025529 -0.006580
v -0.016277 -0.025536 -0.006580
v -0.016264 -0.025541 -0.006580
v -0.016251 -0.025546 -0.006580
v -0.016238 -0.025551 -0.006580
v -0.016224 -0.025554 -0.006580
v -0.016210 -0.025557 -0.006580
v -0.016179 -0.025505 -0.006530
v -0.016179 -0.025494 -0.006524
v -0.016190 -0.025504 -0.006530
v -0.016189 -0.025493 -0.006524
v -0.016201 -0.025503 -0.006530
v -0.016199 -0.025492 -0.006524
v -0.016212 -0.025501 -0.006530
v -0.016210 -0.025490 -0.006524
v -0.016222 -0.025498 -0.006530
v -0.016219 -0.025488 -0.006524
v -0.016233 -0.025495 -0.006530
v -0.016229 -0.025484 -0.006524
v -0.016242 -0.025491 -0.006530
v -0.016238 -0.025481 -0.006524
v -0.016252 -0.025486 -0.006530
v -0.016247 -0.025477 -0.006524
v -0.016261 -0.025482 -0.006530
v -0.016255 -0.025472 -0.006524
v -0.016270 -0.025476 -0.006530
v -0.016264 -0.025467 -0.006524
v -0.016278 -0.025470 -0.006530
v -0.016271 -0.025462 -0.006524
v -0.016285 -0.025464 -0.006530
v -0.016278 -0.025456 -0.006524
v -0.016293 -0.025458 -0.006530
v -0.016285 -0.025450 -0.006524
v -0.016299 -0.025451 -0.006530
v -0.016291 -0.025443 -0.006524
v -0.016306 -0.025443 -0.006530
v -0.016297 -0.025437 -0.006524
v -0.016311 -0.025436 -0.006530
v -0.016302 -0.025430 -0.006524
v -0.016316 -0.025428 -0.006530
v -0.016307 -0.025422 -0.006524
v -0.016321 -0.025420 -0.006530
v -0.016311 -0.025415 -0.006524
v -0.016325 -0.025412 -0.006530
v -0.016315 -0.025407 -0.006524
v -0.016329 -0.025403 -0.006530
v -0.016178 -0.025471 -0.006513
v -0.016188 -0.025482 -0.006518
v -0.016187 -0.025471 -0.006513
v -0.016198 -0.025481 -0.006518
v -0.016196 -0.025469 -0.006513
v -0.016207 -0.025479 -0.006518
v -0.016204 -0.025468 -0.006513
v -0.016216 -0.025477 -0.006518
v -0.016213 -0.025465 -0.006513
v -0.016225 -0.025474 -0.006518
v -0.016221 -0.025463 -0.006513
v -0.016234 -0.025470 -0.006518
v -0.016229 -0.025460 -0.006513
v -0.016242 -0.025467 -0.006518
v -0.016237 -0.025456 -0.006513
v -0.016250 -0.025462 -0.006518
v -0.016244 -0.025452 -0.006513
v -0.016257 -0.025458 -0.006518
v -0.016251 -0.025448 -0.006513
v -0.016264 -0.025453 -0.006518
v -0.016257 -0.025443 -0.006513
v -0.016271 -0.025447 -0.006518
v -0.016263 -0.025438 -0.006513
v -0.016277 -0.025442 -0.006518
v -0.016269 -0.025433 -0.006513
v -0.016283 -0.025436 -0.006518
v -0.016274 -0.025428 -0.006513
v -0.016288 -0.025429 -0.006518
v -0.016279 -0.025422 -0.006513
v -0.016293 -0.025423 -0.006518
v -0.016284 -0.025416 -0.006513
v -0.016297 -0.025416 -0.006518
v -0.016288 -0.025410 -0.006513
v -0.016294 -0.025398 -0.006513
v -0.016177 -0.025459 -0.006509
v -0.016186 -0.025459 -0.006509
v -0.016194 -0.025458 -0.006509
v -0.016202 -0.025456 -0.006509
v -0.016210 -0.025454 -0.006509
v -0.016217 -0.025452 -0.006509
v -0.016224 -0.025449 -0.006509
v -0.016231 -0.025445 -0.006509
v -0.016238 -0.025442 -0.006509
v -0.016244 -0.025438 -0.006509
v -0.016250 -0.025434 -0.006509
v -0.016256 -0.025429 -0.006509
v -0.016261 -0.025425 -0.006509
v -0.016265 -0.025420 -0.006509
v -0.016270 -0.025415 -0.006509
v -0.016274 -0.025409 -0.006509
v -0.016277 -0.025404 -0.006509
v -0.016284 -0.025393 -0.006509
v -0.016177 -0.025447 -0.006506
v -0.016184 -0.025446 -0.006506
v -0.016192 -0.025445 -0.006506
v -0.016199 -0.025444 -0.006506
v -0.016206 -0.025442 -0.006506
v -0.016213 -0.025440 -0.006506
v -0.016220 -0.025437 -0.006506
v -0.016226 -0.025435 -0.006506
v -0.016232 -0.025431 -0.006506
v -0.016237 -0.025428 -0.006506
v -0.016243 -0.025424 -0.006506
v -0.016248 -0.025420 -0.006506
v -0.016252 -0.025416 -0.006506
v -0.016256 -0.025411 -0.006506
v -0.016260 -0.025407 -0.006506
v -0.016264 -0.025402 -0.006506
v -0.016267 -0.025397 -0.006506
v -0.016272 -0.025387 -0.006506
v -0.016172 -0.025483 -0.006518
v -0.016172 -0.025468 -0.006512
v -0.016172 -0.025459 -0.006509
v -0.016183 -0.025434 -0.006503
v -0.016190 -0.025433 -0.006503
v -0.016196 -0.025432 -0.006503
v -0.016203 -0.025430 -0.006503
v -0.016209 -0.025428 -0.006503
v -0.016215 -0.025426 -0.006503
v -0.016220 -0.025423 -0.006503
v -0.016225 -0.025421 -0.006503
v -0.016231 -0.025417 -0.006503
v -0.016235 -0.025414 -0.006503
v -0.016239 -0.025411 -0.006503
v -0.016243 -0.025407 -0.006503
v -0.016247 -0.025403 -0.006503
v -0.016251 -0.025399 -0.006503
v -0.016254 -0.025395 -0.006503
v -0.016256 -0.025391 -0.006503
v -0.016261 -0.025382 -0.006503
v -0.016176 -0.025422 -0.006501
v -0.016182 -0.025421 -0.006501
v -0.016188 -0.025421 -0.006501
v -0.016194 -0.025420 -0.006501
v -0.016199 -0.025418 -0.006501
v -0.016204 -0.025416 -0.006501
v -0.016210 -0.025414 -0.006501
v -0.016214 -0.025412 -0.006501
v -0.016219 -0.025410 -0.006501
v -0.016223 -0.025407 -0.006501
v -0.016228 -0.025404 -0.006501
v -0.016231 -0.025401 -0.006501
v -0.016235 -0.025398 -0.006501
v -0.016238 -0.025395 -0.006501
v -0.016241 -0.025391 -0.006501
v -0.016243 -0.025388 -0.006501
v -0.016246 -0.025384 -0.006501
v -0.016250 -0.025377 -0.006501
v -0.016172 -0.025435 -0.006503
v -0.016373 -0.025421 -0.006570
v -0.016368 -0.025432 -0.006570
v -0.016362 -0.025443 -0.006570
v -0.016356 -0.025453 -0.006570
v -0.016350 -0.025463 -0.006570
v -0.016342 -0.025473 -0.006570
v -0.016334 -0.025482 -0.006570
v -0.016326 -0.025491 -0.006570
v -0.016316 -0.025500 -0.006570
v -0.016306 -0.025508 -0.006570
v -0.016296 -0.025515 -0.006570
v -0.016285 -0.025522 -0.006570
v -0.016273 -0.025529 -0.006570
v -0.016261 -0.025534 -0.006570
v -0.016249 -0.025539 -0.006570
v -0.016236 -0.025543 -0.006570
v -0.016222 -0.025547 -0.006570
v -0.016209 -0.025549 -0.006570
v -0.016195 -0.025551 -0.006570
v -0.016365 -0.025418 -0.006561
v -0.016360 -0.025428 -0.006561
v -0.016355 -0.025439 -0.006561
v -0.016349 -0.025449 -0.006561
v -0.016343 -0.025458 -0.006561
v -0.016336 -0.025468 -0.006561
v -0.016328 -0.025477 -0.006561
v -0.016320 -0.025485 -0.006561
v -0.016311 -0.025494 -0.006561
v -0.016301 -0.025501 -0.006561
v -0.016291 -0.025508 -0.006561
v -0.016281 -0.025515 -0.006561
v -0.016269 -0.025521 -0.006561
v -0.016258 -0.025527 -0.006561
v -0.016246 -0.025531 -0.006561
v -0.016233 -0.025535 -0.006561
v -0.016221 -0.025539 -0.006561
v -0.016207 -0.025541 -0.006561
v -0.016194 -0.025543 -0.006561
v -0.016181 -0.025544 -0.006561
v -0.016180 -0.025535 -0.006553
v -0.016193 -0.025534 -0.006553
v -0.016206 -0.025532 -0.006553
v -0.016219 -0.025530 -0.006553
v -0.016231 -0.025527 -0.006553
v -0.016243 -0.025523 -0.006553
v -0.016254 -0.025518 -0.006553
v -0.016265 -0.025513 -0.006553
v -0.016276 -0.025507 -0.006553
v -0.016286 -0.025501 -0.006553
v -0.016296 -0.025494 -0.006553
v -0.016305 -0.025487 -0.006553
v -0.016314 -0.025479 -0.006553
v -0.016321 -0.025471 -0.006553
v -0.016329 -0.025462 -0.006553
v -0.016336 -0.025453 -0.006553
v -0.016342 -0.025444 -0.006553
v -0.016347 -0.025435 -0.006553
v -0.016352 -0.025425 -0.006553
v -0.016357 -0.025414 -0.006553
v -0.016192 -0.025525 -0.006544
v -0.016205 -0.025523 -0.006544
v -0.016216 -0.025521 -0.006544
v -0.016228 -0.025518 -0.006544
v -0.016240 -0.025514 -0.006544
v -0.016251 -0.025510 -0.006544
v -0.016261 -0.025505 -0.006544
v -0.016271 -0.025499 -0.006544
v -0.016281 -0.025493 -0.006544
v -0.016290 -0.025487 -0.006544
v -0.016299 -0.025480 -0.006544
v -0.016307 -0.025472 -0.006544
v -0.016314 -0.025464 -0.006544
v -0.016321 -0.025456 -0.006544
v -0.016328 -0.025448 -0.006544
v -0.016334 -0.025439 -0.006544
v -0.016339 -0.025430 -0.006544
v -0.016344 -0.025421 -0.006544
v -0.016348 -0.025411 -0.006544
v -0.016179 -0.025516 -0.006537
v -0.016191 -0.025515 -0.006537
v -0.016203 -0.025513 -0.006537
v -0.016214 -0.025511 -0.006537
v -0.016225 -0.025508 -0.006537
v -0.016236 -0.025505 -0.006537
v -0.016247 -0.025500 -0.006537
v -0.016257 -0.025496 -0.006537
v -0.016266 -0.025491 -0.006537
v -0.016276 -0.025485 -0.006537
v -0.016284 -0.025479 -0.006537
v -0.016292 -0.025472 -0.006537
v -0.016300 -0.025465 -0.006537
v -0.016307 -0.025458 -0.006537
v -0.016314 -0.025450 -0.006537
v -0.016320 -0.025442 -0.006537
v -0.016325 -0.025434 -0.006537
v -0.016330 -0.025425 -0.006537
v -0.016335 -0.025416 -0.006537
v -0.016339 -0.025407 -0.006537
v -0.016172 -0.025526 -0.006544
v -0.016172 -0.025515 -0.006536
v -0.016172 -0.025505 -0.006530
v -0.014584 -0.025529 -0.006547
v -0.014629 -0.025435 -0.006503
v -0.014637 -0.025417 -0.006501
v -0.014620 -0.025452 -0.006507
v -0.014613 -0.025468 -0.006512
v -0.014605 -0.025485 -0.006519
v -0.014598 -0.025500 -0.006527
v -0.014591 -0.025515 -0.006536
v -0.014570 -0.025559 -0.006578
v -0.014572 -0.025553 -0.006571
v -0.014575 -0.025547 -0.006565
v -0.014578 -0.025541 -0.006559
v -0.014557 -0.025585 -0.006623
v -0.014559 -0.025581 -0.006615
v -0.014561 -0.025577 -0.006608
v -0.014563 -0.025573 -0.006600
v -0.014565 -0.025569 -0.006593
v -0.014567 -0.025564 -0.006585
v -0.014552 -0.025595 -0.006657
v -0.014553 -0.025593 -0.006648
v -0.014554 -0.025591 -0.006640
v -0.014556 -0.025588 -0.006632
v -0.014550 -0.025600 -0.006691
v -0.014550 -0.025599 -0.006683
v -0.014551 -0.025598 -0.006674
v -0.014551 -0.025597 -0.006665
v -0.012350 -0.020500 -0.009600
v -0.012350 -0.023350 -0.009600
v -0.011550 -0.020500 -0.009600
v -0.011550 -0.023350 -0.009600
v -0.011550 -0.020500 0.009600
v -0.011550 -0.023350 0.009600
v -0.012350 -0.020500 0.009600
v -0.012350 -0.023350 0.009600
v -0.011550 -0.023350 0.010100
v -0.012350 -0.023350 0.010100
v -0.013850 -0.023350 0.010760
v -0.012350 -0.023350 0.010760
v -0.013850 -0.023350 0.010100
v -0.012350 -0.020500 0.010800
v -0.011550 -0.020500 0.010800
v -0.011550 -0.023350 0.010760
v -0.013850 -0.020500 0.010800
v -0.014850 -0.020500 0.010800
v -0.018910 -0.022882 0.010622
v -0.018320 -0.020100 0.010806
v -0.016080 -0.020100 0.010806
v -0.018352 -0.020100 0.010736
v -0.016048 -0.020100 0.010736
v -0.018389 -0.020100 0.010636
v -0.015963 -0.020100 0.010428
v -0.015952 -0.020100 0.010321
v -0.018071 -0.020100 0.009353
v -0.018145 -0.020100 0.009431
v -0.018211 -0.020100 0.009515
v -0.018270 -0.020100 0.009604
v -0.018322 -0.020100 0.009698
v -0.018365 -0.020100 0.009796
v -0.018399 -0.020100 0.009898
v -0.018425 -0.020100 0.010002
v -0.018448 -0.020100 0.010321
v -0.018437 -0.020100 0.010428
v -0.018418 -0.020100 0.010533
v -0.015982 -0.020100 0.010533
v -0.015951 -0.020100 0.010214
v -0.015958 -0.020100 0.010107
v -0.017991 -0.020100 0.009282
v -0.018442 -0.020100 0.010107
v -0.018449 -0.020100 0.010214
v -0.016011 -0.020100 0.010636
v -0.017307 -0.020100 0.009005
v -0.015975 -0.020100 0.010002
v -0.016001 -0.020100 0.009898
v -0.017518 -0.020100 0.009041
v -0.017620 -0.020100 0.009073
v -0.017719 -0.020100 0.009113
v -0.016035 -0.020100 0.009796
v -0.016078 -0.020100 0.009698
v -0.017200 -0.020100 0.009000
v -0.017093 -0.020100 0.009005
v -0.017413 -0.020100 0.009018
v -0.017815 -0.020100 0.009162
v -0.017905 -0.020100 0.009218
v -0.016681 -0.020100 0.009113
v -0.016780 -0.020100 0.009073
v -0.016189 -0.020100 0.009515
v -0.016255 -0.020100 0.009431
v -0.016585 -0.020100 0.009162
v -0.016329 -0.020100 0.009353
v -0.016409 -0.020100 0.009282
v -0.016495 -0.020100 0.009218
v -0.016882 -0.020100 0.009041
v -0.016987 -0.020100 0.009018
v -0.016130 -0.020100 0.009604
v -0.018860 -0.020565 0.010799
v -0.018859 -0.020556 0.010799
v -0.018863 -0.020556 0.010790
v -0.018856 -0.020528 0.010800
v -0.018853 -0.020510 0.010800
v -0.018857 -0.020513 0.010788
v -0.018818 -0.020403 0.010802
v -0.018811 -0.020389 0.010802
v -0.018820 -0.020389 0.010776
v -0.018801 -0.020368 0.010802
v -0.018788 -0.020347 0.010802
v -0.018801 -0.020350 0.010770
v -0.018714 -0.020256 0.010804
v -0.018705 -0.020246 0.010804
v -0.018725 -0.020246 0.010745
v -0.018628 -0.020187 0.010805
v -0.018592 -0.020166 0.010805
v -0.018627 -0.020167 0.010713
v -0.018513 -0.020132 0.010805
v -0.018501 -0.020128 0.010805
v -0.018509 -0.020130 0.010803
v -0.018367 -0.020102 0.010806
v -0.015886 -0.020132 0.010805
v -0.015885 -0.020133 0.010805
v -0.015891 -0.020130 0.010803
v -0.015543 -0.020513 0.010788
v -0.015545 -0.020524 0.010800
v -0.015541 -0.020556 0.010799
v -0.015552 -0.020471 0.010785
v -0.015557 -0.020471 0.010801
v -0.015552 -0.020487 0.010800
v -0.015564 -0.020429 0.010781
v -0.015566 -0.020441 0.010801
v -0.015563 -0.020451 0.010801
v -0.015580 -0.020389 0.010776
v -0.015589 -0.020389 0.010802
v -0.015581 -0.020405 0.010802
v -0.015621 -0.020313 0.010762
v -0.015635 -0.020313 0.010803
v -0.015619 -0.020336 0.010803
v -0.015647 -0.020279 0.010754
v -0.015645 -0.020300 0.010803
v -0.015642 -0.020305 0.010803
v -0.015675 -0.020246 0.010745
v -0.015695 -0.020246 0.010804
v -0.015672 -0.020269 0.010803
v -0.015738 -0.020190 0.010724
v -0.015767 -0.020190 0.010805
v -0.015733 -0.020214 0.010804
v -0.015773 -0.020167 0.010713
v -0.015806 -0.020167 0.010805
v -0.015768 -0.020190 0.010805
v -0.015810 -0.020147 0.010701
v -0.015848 -0.020147 0.010805
v -0.015845 -0.020148 0.010805
v -0.015848 -0.020130 0.010689
v -0.015968 -0.020108 0.010770
v -0.015972 -0.020110 0.010806
v -0.015937 -0.020117 0.010806
v -0.016008 -0.020102 0.010753
v -0.016032 -0.020102 0.010806
v -0.016019 -0.020103 0.010806
v -0.016067 -0.020100 0.010806
v -0.018368 -0.020102 0.010806
v -0.018458 -0.020116 0.010806
v -0.018413 -0.020107 0.010806
v -0.018432 -0.020108 0.010770
v -0.018463 -0.020117 0.010806
v -0.018471 -0.020117 0.010787
v -0.018554 -0.020148 0.010805
v -0.018590 -0.020147 0.010701
v -0.018552 -0.020147 0.010805
v -0.018515 -0.020133 0.010805
v -0.018633 -0.020190 0.010805
v -0.018684 -0.020228 0.010804
v -0.018695 -0.020217 0.010735
v -0.018662 -0.020210 0.010804
v -0.018742 -0.020285 0.010803
v -0.018766 -0.020315 0.010803
v -0.018779 -0.020313 0.010762
v -0.018765 -0.020313 0.010803
v -0.018833 -0.020438 0.010801
v -0.018844 -0.020474 0.010801
v -0.018848 -0.020471 0.010785
v -0.018843 -0.020471 0.010801
v -0.018862 -0.020600 0.010799
v -0.015497 -0.020556 0.010645
v -0.015537 -0.020556 0.010790
v -0.015535 -0.020600 0.010790
v -0.015540 -0.020562 0.010799
v -0.015538 -0.020600 0.010799
v -0.015506 -0.020600 0.010691
v -0.015495 -0.020600 0.010646
v -0.015470 -0.020556 0.010498
v -0.015475 -0.020600 0.010542
v -0.015468 -0.020600 0.010499
v -0.015455 -0.020556 0.010349
v -0.015456 -0.020600 0.010391
v -0.015453 -0.020600 0.010349
v -0.015453 -0.020556 0.010200
v -0.015450 -0.020600 0.010239
v -0.015451 -0.020600 0.010200
v -0.015463 -0.020556 0.010050
v -0.015458 -0.020600 0.010088
v -0.015461 -0.020600 0.010050
v -0.015487 -0.020556 0.009902
v -0.015478 -0.020600 0.009937
v -0.015485 -0.020600 0.009902
v -0.015523 -0.020556 0.009757
v -0.015512 -0.020600 0.009789
v -0.015521 -0.020600 0.009757
v -0.015571 -0.020556 0.009615
v -0.015558 -0.020600 0.009644
v -0.015569 -0.020600 0.009615
v -0.015631 -0.020556 0.009478
v -0.015617 -0.020600 0.009504
v -0.015630 -0.020600 0.009478
v -0.015703 -0.020556 0.009347
v -0.015688 -0.020600 0.009369
v -0.015702 -0.020600 0.009346
v -0.015770 -0.020600 0.009241
v -0.015786 -0.020556 0.009222
v -0.015784 -0.020600 0.009221
v -0.015863 -0.020600 0.009121
v -0.015879 -0.020556 0.009105
v -0.015878 -0.020600 0.009104
v -0.015966 -0.020600 0.009009
v -0.015982 -0.020556 0.008996
v -0.015981 -0.020600 0.008995
v -0.016079 -0.020600 0.008906
v -0.016094 -0.020556 0.008897
v -0.016092 -0.020600 0.008895
v -0.016200 -0.020600 0.008814
v -0.016213 -0.020556 0.008807
v -0.016212 -0.020600 0.008805
v -0.016328 -0.020600 0.008733
v -0.016341 -0.020556 0.008728
v -0.016340 -0.020600 0.008726
v -0.016463 -0.020600 0.008663
v -0.016474 -0.020556 0.008660
v -0.016473 -0.020600 0.008658
v -0.016604 -0.020600 0.008605
v -0.016613 -0.020556 0.008604
v -0.016612 -0.020600 0.008602
v -0.016749 -0.020600 0.008559
v -0.016756 -0.020556 0.008559
v -0.016755 -0.020600 0.008557
v -0.016897 -0.020600 0.008526
v -0.016902 -0.020556 0.008527
v -0.016902 -0.020600 0.008526
v -0.017048 -0.020600 0.008507
v -0.017050 -0.020556 0.008508
v -0.017050 -0.020600 0.008506
v -0.017200 -0.020600 0.008500
v -0.017200 -0.020556 0.008502
v -0.017350 -0.020600 0.008506
v -0.017350 -0.020556 0.008508
v -0.017352 -0.020600 0.008507
v -0.017498 -0.020556 0.008527
v -0.017498 -0.020600 0.008526
v -0.017503 -0.020600 0.008526
v -0.017644 -0.020556 0.008559
v -0.017645 -0.020600 0.008557
v -0.017651 -0.020600 0.008559
v -0.017787 -0.020556 0.008604
v -0.017788 -0.020600 0.008602
v -0.017796 -0.020600 0.008605
v -0.017926 -0.020556 0.008660
v -0.017927 -0.020600 0.008658
v -0.017937 -0.020600 0.008663
v -0.018059 -0.020556 0.008728
v -0.018060 -0.020600 0.008726
v -0.018072 -0.020600 0.008733
v -0.018187 -0.020556 0.008807
v -0.018188 -0.020600 0.008805
v -0.018200 -0.020600 0.008814
v -0.018306 -0.020556 0.008897
v -0.018308 -0.020600 0.008895
v -0.018321 -0.020600 0.008906
v -0.018418 -0.020556 0.008996
v -0.018419 -0.020600 0.008995
v -0.018434 -0.020600 0.009009
v -0.018521 -0.020556 0.009105
v -0.018522 -0.020600 0.009104
v -0.018537 -0.020600 0.009121
v -0.018614 -0.020556 0.009222
v -0.018616 -0.020600 0.009221
v -0.018630 -0.020600 0.009241
v -0.018697 -0.020556 0.009347
v -0.018698 -0.020600 0.009346
v -0.018712 -0.020600 0.009369
v -0.018769 -0.020556 0.009478
v -0.018770 -0.020600 0.009478
v -0.018783 -0.020600 0.009504
v -0.018829 -0.020556 0.009615
v -0.018831 -0.020600 0.009615
v -0.018842 -0.020600 0.009644
v -0.018877 -0.020556 0.009757
v -0.018879 -0.020600 0.009757
v -0.018888 -0.020600 0.009789
v -0.018913 -0.020556 0.009902
v -0.018915 -0.020600 0.009902
v -0.018922 -0.020600 0.009937
v -0.018937 -0.020556 0.010050
v -0.018939 -0.020600 0.010050
v -0.018942 -0.020600 0.010088
v -0.018947 -0.020556 0.010200
v -0.018949 -0.020600 0.010200
v -0.018950 -0.020600 0.010239
v -0.018945 -0.020556 0.010349
v -0.018947 -0.020600 0.010349
v -0.018944 -0.020600 0.010391
v -0.018930 -0.020556 0.010498
v -0.018932 -0.020600 0.010499
v -0.018925 -0.020600 0.010542
v -0.018903 -0.020556 0.010645
v -0.018905 -0.020600 0.010646
v -0.018894 -0.020600 0.010691
v -0.018865 -0.020600 0.010790
v -0.018897 -0.020513 0.010644
v -0.018925 -0.020513 0.010498
v -0.018940 -0.020513 0.010349
v -0.018942 -0.020513 0.010200
v -0.018931 -0.020513 0.010051
v -0.018908 -0.020513 0.009904
v -0.018872 -0.020513 0.009759
v -0.018824 -0.020513 0.009618
v -0.018763 -0.020513 0.009481
v -0.018692 -0.020513 0.009350
v -0.018609 -0.020513 0.009226
v -0.018517 -0.020513 0.009109
v -0.018414 -0.020513 0.009000
v -0.018303 -0.020513 0.008901
v -0.018183 -0.020513 0.008812
v -0.018057 -0.020513 0.008733
v -0.017924 -0.020513 0.008665
v -0.017785 -0.020513 0.008609
v -0.017643 -0.020513 0.008565
v -0.017497 -0.020513 0.008533
v -0.017349 -0.020513 0.008514
v -0.017200 -0.020513 0.008508
v -0.017051 -0.020513 0.008514
v -0.016903 -0.020513 0.008533
v -0.016757 -0.020513 0.008565
v -0.016615 -0.020513 0.008609
v -0.016476 -0.020513 0.008665
v -0.016343 -0.020513 0.008733
v -0.016217 -0.020513 0.008812
v -0.016097 -0.020513 0.008901
v -0.015986 -0.020513 0.009000
v -0.015883 -0.020513 0.009109
v -0.015791 -0.020513 0.009226
v -0.015708 -0.020513 0.009350
v -0.015637 -0.020513 0.009481
v -0.015576 -0.020513 0.009618
v -0.015528 -0.020513 0.009759
v -0.015492 -0.020513 0.009904
v -0.015469 -0.020513 0.010051
v -0.015458 -0.020513 0.010200
v -0.015460 -0.020513 0.010349
v -0.015475 -0.020513 0.010498
v -0.015503 -0.020513 0.010644
v -0.018888 -0.020471 0.010642
v -0.018915 -0.020471 0.010496
v -0.018930 -0.020471 0.010348
v -0.018932 -0.020471 0.010200
v -0.018922 -0.020471 0.010052
v -0.018898 -0.020471 0.009905
v -0.018863 -0.020471 0.009761
v -0.018815 -0.020471 0.009621
v -0.018755 -0.020471 0.009485
v -0.018684 -0.020471 0.009355
v -0.018602 -0.020471 0.009231
v -0.018510 -0.020471 0.009115
v -0.018408 -0.020471 0.009007
v -0.018297 -0.020471 0.008908
v -0.018178 -0.020471 0.008819
v -0.018052 -0.020471 0.008741
v -0.017920 -0.020471 0.008674
v -0.017782 -0.020471 0.008618
v -0.017640 -0.020471 0.008574
v -0.017495 -0.020471 0.008542
v -0.017348 -0.020471 0.008523
v -0.017200 -0.020471 0.008517
v -0.017052 -0.020471 0.008523
v -0.016905 -0.020471 0.008542
v -0.016760 -0.020471 0.008574
v -0.016618 -0.020471 0.008618
v -0.016480 -0.020471 0.008674
v -0.016348 -0.020471 0.008741
v -0.016222 -0.020471 0.008819
v -0.016103 -0.020471 0.008908
v -0.015992 -0.020471 0.009007
v -0.015890 -0.020471 0.009115
v -0.015798 -0.020471 0.009231
v -0.015716 -0.020471 0.009355
v -0.015645 -0.020471 0.009485
v -0.015585 -0.020471 0.009621
v -0.015537 -0.020471 0.009761
v -0.015502 -0.020471 0.009905
v -0.015478 -0.020471 0.010052
v -0.015468 -0.020471 0.010200
v -0.015470 -0.020471 0.010348
v -0.015485 -0.020471 0.010496
v -0.015512 -0.020471 0.010642
v -0.018836 -0.020429 0.010781
v -0.018875 -0.020429 0.010639
v -0.018902 -0.020429 0.010494
v -0.018917 -0.020429 0.010348
v -0.018919 -0.020429 0.010200
v -0.018909 -0.020429 0.010054
v -0.018886 -0.020429 0.009908
v -0.018850 -0.020429 0.009765
v -0.018803 -0.020429 0.009626
v -0.018743 -0.020429 0.009491
v -0.018673 -0.020429 0.009362
v -0.018591 -0.020429 0.009239
v -0.018500 -0.020429 0.009124
v -0.018398 -0.020429 0.009016
v -0.018289 -0.020429 0.008918
v -0.018171 -0.020429 0.008830
v -0.018046 -0.020429 0.008752
v -0.017914 -0.020429 0.008686
v -0.017778 -0.020429 0.008630
v -0.017637 -0.020429 0.008587
v -0.017493 -0.020429 0.008555
v -0.017347 -0.020429 0.008536
v -0.017200 -0.020429 0.008530
v -0.017053 -0.020429 0.008536
v -0.016907 -0.020429 0.008555
v -0.016763 -0.020429 0.008587
v -0.016622 -0.020429 0.008630
v -0.016486 -0.020429 0.008686
v -0.016354 -0.020429 0.008752
v -0.016229 -0.020429 0.008830
v -0.016111 -0.020429 0.008918
v -0.016002 -0.020429 0.009016
v -0.015900 -0.020429 0.009124
v -0.015809 -0.020429 0.009239
v -0.015727 -0.020429 0.009362
v -0.015657 -0.020429 0.009491
v -0.015597 -0.020429 0.009626
v -0.015550 -0.020429 0.009765
v -0.015514 -0.020429 0.009908
v -0.015491 -0.020429 0.010054
v -0.015481 -0.020429 0.010200
v -0.015483 -0.020429 0.010348
v -0.015498 -0.020429 0.010494
v -0.015525 -0.020429 0.010639
v -0.018859 -0.020389 0.010635
v -0.018886 -0.020389 0.010492
v -0.018900 -0.020389 0.010347
v -0.018902 -0.020389 0.010201
v -0.018892 -0.020389 0.010055
v -0.018869 -0.020389 0.009911
v -0.018834 -0.020389 0.009770
v -0.018787 -0.020389 0.009632
v -0.018728 -0.020389 0.009498
v -0.018658 -0.020389 0.009370
v -0.018578 -0.020389 0.009249
v -0.018487 -0.020389 0.009135
v -0.018387 -0.020389 0.009028
v -0.018278 -0.020389 0.008931
v -0.018161 -0.020389 0.008844
v -0.018037 -0.020389 0.008767
v -0.017907 -0.020389 0.008701
v -0.017772 -0.020389 0.008646
v -0.017633 -0.020389 0.008603
v -0.017490 -0.020389 0.008572
v -0.017346 -0.020389 0.008553
v -0.017200 -0.020389 0.008547
v -0.017054 -0.020389 0.008553
v -0.016910 -0.020389 0.008572
v -0.016767 -0.020389 0.008603
v -0.016628 -0.020389 0.008646
v -0.016493 -0.020389 0.008701
v -0.016363 -0.020389 0.008767
v -0.016239 -0.020389 0.008844
v -0.016122 -0.020389 0.008931
v -0.016013 -0.020389 0.009028
v -0.015913 -0.020389 0.009135
v -0.015822 -0.020389 0.009249
v -0.015742 -0.020389 0.009370
v -0.015672 -0.020389 0.009498
v -0.015613 -0.020389 0.009632
v -0.015566 -0.020389 0.009770
v -0.015531 -0.020389 0.009911
v -0.015508 -0.020389 0.010055
v -0.015498 -0.020389 0.010201
v -0.015500 -0.020389 0.010347
v -0.015514 -0.020389 0.010492
v -0.015541 -0.020389 0.010635
v -0.018839 -0.020350 0.010631
v -0.018866 -0.020350 0.010489
v -0.018880 -0.020350 0.010346
v -0.018882 -0.020350 0.010202
v -0.018872 -0.020350 0.010058
v -0.018849 -0.020350 0.009915
v -0.018815 -0.020350 0.009776
v -0.018768 -0.020350 0.009639
v -0.018710 -0.020350 0.009507
v -0.018641 -0.020350 0.009381
v -0.018561 -0.020350 0.009261
v -0.018472 -0.020350 0.009148
v -0.018373 -0.020350 0.009043
v -0.018265 -0.020350 0.008947
v -0.018150 -0.020350 0.008861
v -0.018027 -0.020350 0.008784
v -0.017899 -0.020350 0.008719
v -0.017765 -0.020350 0.008665
v -0.017628 -0.020350 0.008622
v -0.017487 -0.020350 0.008592
v -0.017344 -0.020350 0.008573
v -0.017200 -0.020350 0.008567
v -0.017056 -0.020350 0.008573
v -0.016913 -0.020350 0.008592
v -0.016772 -0.020350 0.008622
v -0.016635 -0.020350 0.008665
v -0.016501 -0.020350 0.008719
v -0.016373 -0.020350 0.008784
v -0.016250 -0.020350 0.008861
v -0.016135 -0.020350 0.008947
v -0.016027 -0.020350 0.009043
v -0.015928 -0.020350 0.009148
v -0.015839 -0.020350 0.009261
v -0.015759 -0.020350 0.009381
v -0.015690 -0.020350 0.009507
v -0.015632 -0.020350 0.009639
v -0.015585 -0.020350 0.009776
v -0.015551 -0.020350 0.009915
v -0.015528 -0.020350 0.010058
v -0.015518 -0.020350 0.010202
v -0.015520 -0.020350 0.010346
v -0.015534 -0.020350 0.010489
v -0.015561 -0.020350 0.010631
v -0.015599 -0.020350 0.010770
v -0.015599 -0.020370 0.010802
v -0.018817 -0.020313 0.010625
v -0.018843 -0.020313 0.010486
v -0.018857 -0.020313 0.010344
v -0.018859 -0.020313 0.010202
v -0.018849 -0.020313 0.010060
v -0.018826 -0.020313 0.009920
v -0.018792 -0.020313 0.009782
v -0.018746 -0.020313 0.009648
v -0.018689 -0.020313 0.009518
v -0.018621 -0.020313 0.009393
v -0.018542 -0.020313 0.009274
v -0.018454 -0.020313 0.009163
v -0.018356 -0.020313 0.009060
v -0.018250 -0.020313 0.008965
v -0.018137 -0.020313 0.008880
v -0.018016 -0.020313 0.008805
v -0.017889 -0.020313 0.008740
v -0.017758 -0.020313 0.008687
v -0.017622 -0.020313 0.008645
v -0.017483 -0.020313 0.008615
v -0.017342 -0.020313 0.008597
v -0.017200 -0.020313 0.008590
v -0.017058 -0.020313 0.008597
v -0.016917 -0.020313 0.008615
v -0.016778 -0.020313 0.008645
v -0.016642 -0.020313 0.008687
v -0.016511 -0.020313 0.008740
v -0.016384 -0.020313 0.008805
v -0.016263 -0.020313 0.008880
v -0.016150 -0.020313 0.008965
v -0.016044 -0.020313 0.009060
v -0.015946 -0.020313 0.009163
v -0.015858 -0.020313 0.009274
v -0.015779 -0.020313 0.009393
v -0.015711 -0.020313 0.009518
v -0.015654 -0.020313 0.009648
v -0.015608 -0.020313 0.009782
v -0.015574 -0.020313 0.009920
v -0.015551 -0.020313 0.010060
v -0.015541 -0.020313 0.010202
v -0.015543 -0.020313 0.010344
v -0.015557 -0.020313 0.010486
v -0.015583 -0.020313 0.010625
v -0.018753 -0.020279 0.010754
v -0.018791 -0.020279 0.010619
v -0.018816 -0.020279 0.010482
v -0.018830 -0.020279 0.010343
v -0.018832 -0.020279 0.010203
v -0.018822 -0.020279 0.010063
v -0.018800 -0.020279 0.009925
v -0.018767 -0.020279 0.009790
v -0.018722 -0.020279 0.009657
v -0.018665 -0.020279 0.009529
v -0.018598 -0.020279 0.009406
v -0.018521 -0.020279 0.009290
v -0.018434 -0.020279 0.009180
v -0.018338 -0.020279 0.009079
v -0.018234 -0.020279 0.008986
v -0.018122 -0.020279 0.008902
v -0.018003 -0.020279 0.008828
v -0.017878 -0.020279 0.008765
v -0.017749 -0.020279 0.008712
v -0.017615 -0.020279 0.008671
v -0.017478 -0.020279 0.008641
v -0.017340 -0.020279 0.008623
v -0.017200 -0.020279 0.008617
v -0.017060 -0.020279 0.008623
v -0.016922 -0.020279 0.008641
v -0.016785 -0.020279 0.008671
v -0.016651 -0.020279 0.008712
v -0.016522 -0.020279 0.008765
v -0.016397 -0.020279 0.008828
v -0.016278 -0.020279 0.008902
v -0.016166 -0.020279 0.008986
v -0.016062 -0.020279 0.009079
v -0.015966 -0.020279 0.009180
v -0.015879 -0.020279 0.009290
v -0.015802 -0.020279 0.009406
v -0.015735 -0.020279 0.009529
v -0.015678 -0.020279 0.009657
v -0.015633 -0.020279 0.009790
v -0.015600 -0.020279 0.009925
v -0.015578 -0.020279 0.010063
v -0.015568 -0.020279 0.010203
v -0.015570 -0.020279 0.010343
v -0.015584 -0.020279 0.010482
v -0.015609 -0.020279 0.010619
v -0.018762 -0.020246 0.010613
v -0.018787 -0.020246 0.010478
v -0.018801 -0.020246 0.010341
v -0.018803 -0.020246 0.010204
v -0.018793 -0.020246 0.010067
v -0.018772 -0.020246 0.009931
v -0.018739 -0.020246 0.009798
v -0.018694 -0.020246 0.009668
v -0.018639 -0.020246 0.009542
v -0.018573 -0.020246 0.009422
v -0.018497 -0.020246 0.009307
v -0.018412 -0.020246 0.009200
v -0.018317 -0.020246 0.009100
v -0.018215 -0.020246 0.009009
v -0.018105 -0.020246 0.008926
v -0.017988 -0.020246 0.008854
v -0.017866 -0.020246 0.008791
v -0.017739 -0.020246 0.008740
v -0.017608 -0.020246 0.008699
v -0.017473 -0.020246 0.008670
v -0.017337 -0.020246 0.008652
v -0.017200 -0.020246 0.008646
v -0.017063 -0.020246 0.008652
v -0.016927 -0.020246 0.008670
v -0.016792 -0.020246 0.008699
v -0.016661 -0.020246 0.008740
v -0.016534 -0.020246 0.008791
v -0.016412 -0.020246 0.008854
v -0.016295 -0.020246 0.008926
v -0.016185 -0.020246 0.009009
v -0.016083 -0.020246 0.009100
v -0.015988 -0.020246 0.009200
v -0.015903 -0.020246 0.009307
v -0.015827 -0.020246 0.009422
v -0.015761 -0.020246 0.009542
v -0.015706 -0.020246 0.009668
v -0.015661 -0.020246 0.009798
v -0.015628 -0.020246 0.009931
v -0.015607 -0.020246 0.010067
v -0.015597 -0.020246 0.010204
v -0.015599 -0.020246 0.010341
v -0.015613 -0.020246 0.010478
v -0.015638 -0.020246 0.010613
v -0.018731 -0.020217 0.010605
v -0.018755 -0.020217 0.010473
v -0.018769 -0.020217 0.010339
v -0.018771 -0.020217 0.010205
v -0.018761 -0.020217 0.010071
v -0.018740 -0.020217 0.009938
v -0.018708 -0.020217 0.009807
v -0.018664 -0.020217 0.009680
v -0.018610 -0.020217 0.009556
v -0.018546 -0.020217 0.009438
v -0.018471 -0.020217 0.009326
v -0.018387 -0.020217 0.009221
v -0.018295 -0.020217 0.009123
v -0.018195 -0.020217 0.009033
v -0.018087 -0.020217 0.008953
v -0.017973 -0.020217 0.008882
v -0.017853 -0.020217 0.008821
v -0.017728 -0.020217 0.008770
v -0.017599 -0.020217 0.008730
v -0.017468 -0.020217 0.008702
v -0.017334 -0.020217 0.008684
v -0.017200 -0.020217 0.008679
v -0.017066 -0.020217 0.008684
v -0.016932 -0.020217 0.008702
v -0.016801 -0.020217 0.008730
v -0.016672 -0.020217 0.008770
v -0.016547 -0.020217 0.008821
v -0.016427 -0.020217 0.008882
v -0.016313 -0.020217 0.008953
v -0.016205 -0.020217 0.009033
v -0.016105 -0.020217 0.009123
v -0.016013 -0.020217 0.009221
v -0.015929 -0.020217 0.009326
v -0.015854 -0.020217 0.009438
v -0.015790 -0.020217 0.009556
v -0.015736 -0.020217 0.009680
v -0.015692 -0.020217 0.009807
v -0.015660 -0.020217 0.009938
v -0.015639 -0.020217 0.010071
v -0.015629 -0.020217 0.010205
v -0.015631 -0.020217 0.010339
v -0.015645 -0.020217 0.010473
v -0.015669 -0.020217 0.010605
v -0.015705 -0.020217 0.010735
v -0.015702 -0.020240 0.010804
v -0.018662 -0.020190 0.010724
v -0.018697 -0.020190 0.010598
v -0.018721 -0.020190 0.010468
v -0.018734 -0.020190 0.010337
v -0.018736 -0.020190 0.010206
v -0.018727 -0.020190 0.010074
v -0.018706 -0.020190 0.009944
v -0.018674 -0.020190 0.009817
v -0.018632 -0.020190 0.009692
v -0.018579 -0.020190 0.009572
v -0.018516 -0.020190 0.009456
v -0.018443 -0.020190 0.009347
v -0.018361 -0.020190 0.009243
v -0.018271 -0.020190 0.009148
v -0.018173 -0.020190 0.009060
v -0.018067 -0.020190 0.008981
v -0.017956 -0.020190 0.008912
v -0.017838 -0.020190 0.008852
v -0.017716 -0.020190 0.008803
v -0.017591 -0.020190 0.008764
v -0.017462 -0.020190 0.008736
v -0.017331 -0.020190 0.008719
v -0.017200 -0.020190 0.008713
v -0.017069 -0.020190 0.008719
v -0.016938 -0.020190 0.008736
v -0.016809 -0.020190 0.008764
v -0.016684 -0.020190 0.008803
v -0.016562 -0.020190 0.008852
v -0.016444 -0.020190 0.008912
v -0.016333 -0.020190 0.008981
v -0.016227 -0.020190 0.009060
v -0.016129 -0.020190 0.009148
v -0.016039 -0.020190 0.009243
v -0.015957 -0.020190 0.009347
v -0.015884 -0.020190 0.009456
v -0.015821 -0.020190 0.009572
v -0.015768 -0.020190 0.009692
v -0.015726 -0.020190 0.009817
v -0.015694 -0.020190 0.009944
v -0.015673 -0.020190 0.010074
v -0.015664 -0.020190 0.010206
v -0.015666 -0.020190 0.010337
v -0.015679 -0.020190 0.010468
v -0.015703 -0.020190 0.010598
v -0.018661 -0.020167 0.010589
v -0.018685 -0.020167 0.010463
v -0.018698 -0.020167 0.010335
v -0.018699 -0.020167 0.010207
v -0.018690 -0.020167 0.010079
v -0.018670 -0.020167 0.009952
v -0.018639 -0.020167 0.009827
v -0.018598 -0.020167 0.009706
v -0.018546 -0.020167 0.009588
v -0.018484 -0.020167 0.009475
v -0.018413 -0.020167 0.009368
v -0.018333 -0.020167 0.009268
v -0.018245 -0.020167 0.009174
v -0.018149 -0.020167 0.009089
v -0.018047 -0.020167 0.009012
v -0.017937 -0.020167 0.008944
v -0.017823 -0.020167 0.008886
v -0.017704 -0.020167 0.008837
v -0.017581 -0.020167 0.008799
v -0.017456 -0.020167 0.008772
v -0.017328 -0.020167 0.008756
v -0.017200 -0.020167 0.008750
v -0.017072 -0.020167 0.008756
v -0.016944 -0.020167 0.008772
v -0.016819 -0.020167 0.008799
v -0.016696 -0.020167 0.008837
v -0.016577 -0.020167 0.008886
v -0.016463 -0.020167 0.008944
v -0.016353 -0.020167 0.009012
v -0.016251 -0.020167 0.009089
v -0.016155 -0.020167 0.009174
v -0.016067 -0.020167 0.009268
v -0.015987 -0.020167 0.009368
v -0.015916 -0.020167 0.009475
v -0.015854 -0.020167 0.009588
v -0.015802 -0.020167 0.009706
v -0.015761 -0.020167 0.009827
v -0.015730 -0.020167 0.009952
v -0.015710 -0.020167 0.010079
v -0.015701 -0.020167 0.010207
v -0.015702 -0.020167 0.010335
v -0.015715 -0.020167 0.010463
v -0.015739 -0.020167 0.010589
v -0.018623 -0.020147 0.010581
v -0.018646 -0.020147 0.010458
v -0.018659 -0.020147 0.010333
v -0.018661 -0.020147 0.010208
v -0.018652 -0.020147 0.010083
v -0.018632 -0.020147 0.009959
v -0.018602 -0.020147 0.009838
v -0.018562 -0.020147 0.009720
v -0.018511 -0.020147 0.009605
v -0.018451 -0.020147 0.009495
v -0.018382 -0.020147 0.009391
v -0.018304 -0.020147 0.009293
v -0.018218 -0.020147 0.009202
v -0.018125 -0.020147 0.009119
v -0.018025 -0.020147 0.009044
v -0.017918 -0.020147 0.008978
v -0.017807 -0.020147 0.008921
v -0.017691 -0.020147 0.008874
v -0.017571 -0.020147 0.008837
v -0.017449 -0.020147 0.008810
v -0.017325 -0.020147 0.008794
v -0.017200 -0.020147 0.008789
v -0.017075 -0.020147 0.008794
v -0.016951 -0.020147 0.008810
v -0.016829 -0.020147 0.008837
v -0.016709 -0.020147 0.008874
v -0.016593 -0.020147 0.008921
v -0.016482 -0.020147 0.008978
v -0.016375 -0.020147 0.009044
v -0.016275 -0.020147 0.009119
v -0.016182 -0.020147 0.009202
v -0.016096 -0.020147 0.009293
v -0.016018 -0.020147 0.009391
v -0.015949 -0.020147 0.009495
v -0.015889 -0.020147 0.009605
v -0.015838 -0.020147 0.009720
v -0.015798 -0.020147 0.009838
v -0.015768 -0.020147 0.009959
v -0.015748 -0.020147 0.010083
v -0.015739 -0.020147 0.010208
v -0.015741 -0.020147 0.010333
v -0.015754 -0.020147 0.010458
v -0.015777 -0.020147 0.010581
v -0.018552 -0.020130 0.010689
v -0.018584 -0.020130 0.010571
v -0.018607 -0.020130 0.010452
v -0.018619 -0.020130 0.010331
v -0.018620 -0.020130 0.010209
v -0.018612 -0.020130 0.010088
v -0.018593 -0.020130 0.009968
v -0.018563 -0.020130 0.009849
v -0.018524 -0.020130 0.009734
v -0.018475 -0.020130 0.009623
v -0.018417 -0.020130 0.009516
v -0.018349 -0.020130 0.009415
v -0.018274 -0.020130 0.009319
v -0.018190 -0.020130 0.009231
v -0.018099 -0.020130 0.009150
v -0.018002 -0.020130 0.009077
v -0.017899 -0.020130 0.009013
v -0.017790 -0.020130 0.008957
v -0.017677 -0.020130 0.008912
v -0.017561 -0.020130 0.008876
v -0.017442 -0.020130 0.008850
v -0.017322 -0.020130 0.008834
v -0.017200 -0.020130 0.008829
v -0.017078 -0.020130 0.008834
v -0.016958 -0.020130 0.008850
v -0.016839 -0.020130 0.008876
v -0.016723 -0.020130 0.008912
v -0.016610 -0.020130 0.008957
v -0.016501 -0.020130 0.009013
v -0.016398 -0.020130 0.009077
v -0.016301 -0.020130 0.009150
v -0.016210 -0.020130 0.009231
v -0.016126 -0.020130 0.009319
v -0.016051 -0.020130 0.009415
v -0.015983 -0.020130 0.009516
v -0.015925 -0.020130 0.009623
v -0.015876 -0.020130 0.009734
v -0.015837 -0.020130 0.009849
v -0.015807 -0.020130 0.009968
v -0.015788 -0.020130 0.010088
v -0.015780 -0.020130 0.010209
v -0.015781 -0.020130 0.010331
v -0.015793 -0.020130 0.010452
v -0.015816 -0.020130 0.010571
v -0.018512 -0.020117 0.010676
v -0.018544 -0.020117 0.010562
v -0.018565 -0.020117 0.010446
v -0.018577 -0.020117 0.010328
v -0.018579 -0.020117 0.010210
v -0.018570 -0.020117 0.010092
v -0.018552 -0.020117 0.009976
v -0.018523 -0.020117 0.009861
v -0.018485 -0.020117 0.009749
v -0.018438 -0.020117 0.009641
v -0.018381 -0.020117 0.009537
v -0.018316 -0.020117 0.009439
v -0.018242 -0.020117 0.009347
v -0.018161 -0.020117 0.009261
v -0.018073 -0.020117 0.009182
v -0.017978 -0.020117 0.009111
v -0.017878 -0.020117 0.009049
v -0.017773 -0.020117 0.008995
v -0.017663 -0.020117 0.008951
v -0.017551 -0.020117 0.008916
v -0.017435 -0.020117 0.008891
v -0.017318 -0.020117 0.008876
v -0.017200 -0.020117 0.008871
v -0.017082 -0.020117 0.008876
v -0.016965 -0.020117 0.008891
v -0.016849 -0.020117 0.008916
v -0.016737 -0.020117 0.008951
v -0.016627 -0.020117 0.008995
v -0.016522 -0.020117 0.009049
v -0.016422 -0.020117 0.009111
v -0.016327 -0.020117 0.009182
v -0.016239 -0.020117 0.009261
v -0.016158 -0.020117 0.009347
v -0.016084 -0.020117 0.009439
v -0.016019 -0.020117 0.009537
v -0.015962 -0.020117 0.009641
v -0.015915 -0.020117 0.009749
v -0.015877 -0.020117 0.009861
v -0.015848 -0.020117 0.009976
v -0.015830 -0.020117 0.010092
v -0.015821 -0.020117 0.010210
v -0.015823 -0.020117 0.010328
v -0.015835 -0.020117 0.010446
v -0.015856 -0.020117 0.010562
v -0.015888 -0.020117 0.010676
v -0.015929 -0.020117 0.010787
v -0.015926 -0.020120 0.010806
v -0.018472 -0.020108 0.010663
v -0.018502 -0.020108 0.010552
v -0.018523 -0.020108 0.010440
v -0.018535 -0.020108 0.010326
v -0.018536 -0.020108 0.010212
v -0.018528 -0.020108 0.010097
v -0.018510 -0.020108 0.009984
v -0.018483 -0.020108 0.009873
v -0.018446 -0.020108 0.009765
v -0.018400 -0.020108 0.009660
v -0.018345 -0.020108 0.009559
v -0.018281 -0.020108 0.009464
v -0.018210 -0.020108 0.009374
v -0.018132 -0.020108 0.009291
v -0.018046 -0.020108 0.009215
v -0.017954 -0.020108 0.009146
v -0.017857 -0.020108 0.009086
v -0.017755 -0.020108 0.009034
v -0.017649 -0.020108 0.008991
v -0.017540 -0.020108 0.008957
v -0.017428 -0.020108 0.008933
v -0.017314 -0.020108 0.008918
v -0.017200 -0.020108 0.008913
v -0.017086 -0.020108 0.008918
v -0.016972 -0.020108 0.008933
v -0.016860 -0.020108 0.008957
v -0.016751 -0.020108 0.008991
v -0.016645 -0.020108 0.009034
v -0.016543 -0.020108 0.009086
v -0.016446 -0.020108 0.009146
v -0.016354 -0.020108 0.009215
v -0.016268 -0.020108 0.009291
v -0.016190 -0.020108 0.009374
v -0.016119 -0.020108 0.009464
v -0.016055 -0.020108 0.009559
v -0.016000 -0.020108 0.009660
v -0.015954 -0.020108 0.009765
v -0.015917 -0.020108 0.009873
v -0.015890 -0.020108 0.009984
v -0.015872 -0.020108 0.010097
v -0.015864 -0.020108 0.010212
v -0.015865 -0.020108 0.010326
v -0.015877 -0.020108 0.010440
v -0.015898 -0.020108 0.010552
v -0.015928 -0.020108 0.010663
v -0.018392 -0.020102 0.010753
v -0.018430 -0.020102 0.010649
v -0.018460 -0.020102 0.010543
v -0.018480 -0.020102 0.010434
v -0.018491 -0.020102 0.010324
v -0.018493 -0.020102 0.010213
v -0.018485 -0.020102 0.010102
v -0.018468 -0.020102 0.009993
v -0.018441 -0.020102 0.009885
v -0.018405 -0.020102 0.009780
v -0.018361 -0.020102 0.009679
v -0.018308 -0.020102 0.009582
v -0.018246 -0.020102 0.009490
v -0.018178 -0.020102 0.009403
v -0.018101 -0.020102 0.009322
v -0.018019 -0.020102 0.009249
v -0.017930 -0.020102 0.009182
v -0.017836 -0.020102 0.009124
v -0.017737 -0.020102 0.009073
v -0.017635 -0.020102 0.009032
v -0.017529 -0.020102 0.008999
v -0.017421 -0.020102 0.008975
v -0.017311 -0.020102 0.008961
v -0.017200 -0.020102 0.008956
v -0.017089 -0.020102 0.008961
v -0.016979 -0.020102 0.008975
v -0.016871 -0.020102 0.008999
v -0.016765 -0.020102 0.009032
v -0.016663 -0.020102 0.009073
v -0.016564 -0.020102 0.009124
v -0.016470 -0.020102 0.009182
v -0.016381 -0.020102 0.009249
v -0.016299 -0.020102 0.009322
v -0.016222 -0.020102 0.009403
v -0.016154 -0.020102 0.009490
v -0.016092 -0.020102 0.009582
v -0.016039 -0.020102 0.009679
v -0.015995 -0.020102 0.009780
v -0.015959 -0.020102 0.009885
v -0.015932 -0.020102 0.009993
v -0.015915 -0.020102 0.010102
v -0.015907 -0.020102 0.010213
v -0.015909 -0.020102 0.010324
v -0.015920 -0.020102 0.010434
v -0.015940 -0.020102 0.010543
v -0.015970 -0.020102 0.010649
v -0.018894 -0.022924 0.010691
v -0.018872 -0.022977 0.010766
v 0.005506 -0.023801 0.010754
v 0.005534 -0.019372 0.010816
v -0.031418 -0.017848 0.010837
v -0.031368 -0.020749 0.010797
v 0.008038 -0.020100 -0.009861
v 0.008047 -0.020100 -0.009930
v 0.007250 -0.020100 -0.010000
v 0.008050 -0.020100 -0.010000
v 0.008047 -0.020100 -0.010070
v 0.007975 -0.020100 -0.009662
v 0.008002 -0.020100 -0.009726
v 0.008023 -0.020100 -0.009793
v 0.007863 -0.020100 -0.009486
v 0.007905 -0.020100 -0.009541
v 0.007943 -0.020100 -0.009600
v 0.007709 -0.020100 -0.009345
v 0.007764 -0.020100 -0.009387
v 0.007816 -0.020100 -0.009434
v 0.007524 -0.020100 -0.009248
v 0.007588 -0.020100 -0.009275
v 0.007650 -0.020100 -0.009307
v 0.007320 -0.020100 -0.009203
v 0.007389 -0.020100 -0.009212
v 0.007457 -0.020100 -0.009227
v 0.007111 -0.020100 -0.009212
v 0.007180 -0.020100 -0.009203
v 0.007250 -0.020100 -0.009200
v 0.006912 -0.020100 -0.009275
v 0.006976 -0.020100 -0.009248
v 0.007043 -0.020100 -0.009227
v 0.006736 -0.020100 -0.009387
v 0.006791 -0.020100 -0.009345
v 0.006850 -0.020100 -0.009307
v 0.006595 -0.020100 -0.009541
v 0.006637 -0.020100 -0.009486
v 0.006684 -0.020100 -0.009434
v 0.006498 -0.020100 -0.009726
v 0.006525 -0.020100 -0.009662
v 0.006557 -0.020100 -0.009600
v 0.006453 -0.020100 -0.009930
v 0.006462 -0.020100 -0.009861
v 0.006477 -0.020100 -0.009793
v 0.006462 -0.020100 -0.010139
v 0.006453 -0.020100 -0.010070
v 0.006450 -0.020100 -0.010000
v 0.006525 -0.020100 -0.010338
v 0.006498 -0.020100 -0.010274
v 0.006477 -0.020100 -0.010207
v 0.006637 -0.020100 -0.010514
v 0.006595 -0.020100 -0.010459
v 0.006557 -0.020100 -0.010400
v 0.006791 -0.020100 -0.010655
v 0.006736 -0.020100 -0.010613
v 0.006684 -0.020100 -0.010566
v 0.006976 -0.020100 -0.010752
v 0.006912 -0.020100 -0.010725
v 0.006850 -0.020100 -0.010693
v 0.007180 -0.020100 -0.010797
v 0.007111 -0.020100 -0.010788
v 0.007043 -0.020100 -0.010773
v 0.007389 -0.020100 -0.010788
v 0.007320 -0.020100 -0.010797
v 0.007250 -0.020100 -0.010800
v 0.007588 -0.020100 -0.010725
v 0.007524 -0.020100 -0.010752
v 0.007457 -0.020100 -0.010773
v 0.007764 -0.020100 -0.010613
v 0.007709 -0.020100 -0.010655
v 0.007650 -0.020100 -0.010693
v 0.007905 -0.020100 -0.010459
v 0.007863 -0.020100 -0.010514
v 0.007816 -0.020100 -0.010566
v 0.008002 -0.020100 -0.010274
v 0.007975 -0.020100 -0.010338
v 0.007943 -0.020100 -0.010400
v 0.008038 -0.020100 -0.010139
v 0.008023 -0.020100 -0.010207
v 0.008038 -0.020100 0.010139
v 0.008047 -0.020100 0.010070
v 0.007250 -0.020100 0.010000
v 0.008050 -0.020100 0.010000
v 0.008047 -0.020100 0.009930
v 0.007975 -0.020100 0.010338
v 0.008002 -0.020100 0.010274
v 0.008023 -0.020100 0.010207
v 0.007863 -0.020100 0.010514
v 0.007905 -0.020100 0.010459
v 0.007943 -0.020100 0.010400
v 0.007709 -0.020100 0.010655
v 0.007764 -0.020100 0.010613
v 0.007816 -0.020100 0.010566
v 0.007524 -0.020100 0.010752
v 0.007588 -0.020100 0.010725
v 0.007650 -0.020100 0.010693
v 0.007320 -0.020100 0.010797
v 0.007389 -0.020100 0.010788
v 0.007457 -0.020100 0.010773
v 0.007111 -0.020100 0.010788
v 0.007180 -0.020100 0.010797
v 0.007250 -0.020100 0.010800
v 0.006912 -0.020100 0.010725
v 0.006976 -0.020100 0.010752
v 0.007043 -0.020100 0.010773
v 0.006736 -0.020100 0.010613
v 0.006791 -0.020100 0.010655
v 0.006850 -0.020100 0.010693
v 0.006595 -0.020100 0.010459
v 0.006637 -0.020100 0.010514
v 0.006684 -0.020100 0.010566
v 0.006498 -0.020100 0.010274
v 0.006525 -0.020100 0.010338
v 0.006557 -0.020100 0.010400
v 0.006453 -0.020100 0.010070
v 0.006462 -0.020100 0.010139
v 0.006477 -0.020100 0.010207
v 0.006462 -0.020100 0.009861
v 0.006453 -0.020100 0.009930
v 0.006450 -0.020100 0.010000
v 0.006525 -0.020100 0.009662
v 0.006498 -0.020100 0.009726
v 0.006477 -0.020100 0.009793
v 0.006637 -0.020100 0.009486
v 0.006595 -0.020100 0.009541
v 0.006557 -0.020100 0.009600
v 0.006791 -0.020100 0.009345
v 0.006736 -0.020100 0.009387
v 0.006684 -0.020100 0.009434
v 0.006976 -0.020100 0.009248
v 0.006912 -0.020100 0.009275
v 0.006850 -0.020100 0.009307
v 0.007180 -0.020100 0.009203
v 0.007111 -0.020100 0.009212
v 0.007043 -0.020100 0.009227
v 0.007389 -0.020100 0.009212
v 0.007320 -0.020100 0.009203
v 0.007250 -0.020100 0.009200
v 0.007588 -0.020100 0.009275
v 0.007524 -0.020100 0.009248
v 0.007457 -0.020100 0.009227
v 0.007764 -0.020100 0.009387
v 0.007709 -0.020100 0.009345
v 0.007650 -0.020100 0.009307
v 0.007905 -0.020100 0.009541
v 0.007863 -0.020100 0.009486
v 0.007816 -0.020100 0.009434
v 0.008002 -0.020100 0.009726
v 0.007975 -0.020100 0.009662
v 0.007943 -0.020100 0.009600
v 0.008038 -0.020100 0.009861
v 0.008023 -0.020100 0.009793
v -0.031812 -0.023100 -0.009211
v -0.031803 -0.023100 -0.009280
v -0.032600 -0.023100 -0.009350
v -0.031800 -0.023100 -0.009350
v -0.031803 -0.023100 -0.009420
v -0.031875 -0.023100 -0.009012
v -0.031848 -0.023100 -0.009076
v -0.031827 -0.023100 -0.009143
v -0.031987 -0.023100 -0.008836
v -0.031945 -0.023100 -0.008891
v -0.031907 -0.023100 -0.008950
v -0.032141 -0.023100 -0.008695
v -0.032086 -0.023100 -0.008737
v -0.032034 -0.023100 -0.008784
v -0.032326 -0.023100 -0.008598
v -0.032262 -0.023100 -0.008625
v -0.032200 -0.023100 -0.008657
v -0.032530 -0.023100 -0.008553
v -0.032461 -0.023100 -0.008562
v -0.032393 -0.023100 -0.008577
v -0.032739 -0.023100 -0.008562
v -0.032670 -0.023100 -0.008553
v -0.032600 -0.023100 -0.008550
v -0.032938 -0.023100 -0.008625
v -0.032874 -0.023100 -0.008598
v -0.032807 -0.023100 -0.008577
v -0.033114 -0.023100 -0.008737
v -0.033059 -0.023100 -0.008695
v -0.033000 -0.023100 -0.008657
v -0.033255 -0.023100 -0.008891
v -0.033213 -0.023100 -0.008836
v -0.033166 -0.023100 -0.008784
v -0.033352 -0.023100 -0.009076
v -0.033325 -0.023100 -0.009012
v -0.033293 -0.023100 -0.008950
v -0.033397 -0.023100 -0.009280
v -0.033388 -0.023100 -0.009211
v -0.033373 -0.023100 -0.009143
v -0.033388 -0.023100 -0.009489
v -0.033397 -0.023100 -0.009420
v -0.033400 -0.023100 -0.009350
v -0.033325 -0.023100 -0.009688
v -0.033352 -0.023100 -0.009624
v -0.033373 -0.023100 -0.009557
v -0.033213 -0.023100 -0.009864
v -0.033255 -0.023100 -0.009809
v -0.033293 -0.023100 -0.009750
v -0.033059 -0.023100 -0.010005
v -0.033114 -0.023100 -0.009963
v -0.033166 -0.023100 -0.009916
v -0.032874 -0.023100 -0.010102
v -0.032938 -0.023100 -0.010075
v -0.033000 -0.023100 -0.010043
v -0.032670 -0.023100 -0.010147
v -0.032739 -0.023100 -0.010138
v -0.032807 -0.023100 -0.010123
v -0.032461 -0.023100 -0.010138
v -0.032530 -0.023100 -0.010147
v -0.032600 -0.023100 -0.010150
v -0.032262 -0.023100 -0.010075
v -0.032326 -0.023100 -0.010102
v -0.032393 -0.023100 -0.010123
v -0.032086 -0.023100 -0.009963
v -0.032141 -0.023100 -0.010005
v -0.032200 -0.023100 -0.010043
v -0.031945 -0.023100 -0.009809
v -0.031987 -0.023100 -0.009864
v -0.032034 -0.023100 -0.009916
v -0.031848 -0.023100 -0.009624
v -0.031875 -0.023100 -0.009688
v -0.031907 -0.023100 -0.009750
v -0.031812 -0.023100 -0.009489
v -0.031827 -0.023100 -0.009557
v -0.031812 -0.023100 0.009489
v -0.031803 -0.023100 0.009420
v -0.032600 -0.023100 0.009350
v -0.031800 -0.023100 0.009350
v -0.031803 -0.023100 0.009280
v -0.031875 -0.023100 0.009688
v -0.031848 -0.023100 0.009624
v -0.031827 -0.023100 0.009557
v -0.031987 -0.023100 0.009864
v -0.031945 -0.023100 0.009809
v -0.031907 -0.023100 0.009750
v -0.032141 -0.023100 0.010005
v -0.032086 -0.023100 0.009963
v -0.032034 -0.023100 0.009916
v -0.032326 -0.023100 0.010102
v -0.032262 -0.023100 0.010075
v -0.032200 -0.023100 0.010043
v -0.032530 -0.023100 0.010147
v -0.032461 -0.023100 0.010138
v -0.032393 -0.023100 0.010123
v -0.032739 -0.023100 0.010138
v -0.032670 -0.023100 0.010147
v -0.032600 -0.023100 0.010150
v -0.032938 -0.023100 0.010075
v -0.032874 -0.023100 0.010102
v -0.032807 -0.023100 0.010123
v -0.033114 -0.023100 0.009963
v -0.033059 -0.023100 0.010005
v -0.033000 -0.023100 0.010043
v -0.033255 -0.023100 0.009809
v -0.033213 -0.023100 0.009864
v -0.033166 -0.023100 0.009916
v -0.033352 -0.023100 0.009624
v -0.033325 -0.023100 0.009688
v -0.033293 -0.023100 0.009750
v -0.033397 -0.023100 0.009420
v -0.033388 -0.023100 0.009489
v -0.033373 -0.023100 0.009557
v -0.033388 -0.023100 0.009211
v -0.033397 -0.023100 0.009280
v -0.033400 -0.023100 0.009350
v -0.033325 -0.023100 0.009012
v -0.033352 -0.023100 0.009076
v -0.033373 -0.023100 0.009143
v -0.033213 -0.023100 0.008836
v -0.033255 -0.023100 0.008891
v -0.033293 -0.023100 0.008950
v -0.033059 -0.023100 0.008695
v -0.033114 -0.023100 0.008737
v -0.033166 -0.023100 0.008784
v -0.032874 -0.023100 0.008598
v -0.032938 -0.023100 0.008625
v -0.033000 -0.023100 0.008657
v -0.032670 -0.023100 0.008553
v -0.032739 -0.023100 0.008562
v -0.032807 -0.023100 0.008577
v -0.032461 -0.023100 0.008562
v -0.032530 -0.023100 0.008553
v -0.032600 -0.023100 0.008550
v -0.032262 -0.023100 0.008625
v -0.032326 -0.023100 0.008598
v -0.032393 -0.023100 0.008577
v -0.032086 -0.023100 0.008737
v -0.032141 -0.023100 0.008695
v -0.032200 -0.023100 0.008657
v -0.031945 -0.023100 0.008891
v -0.031987 -0.023100 0.008836
v -0.032034 -0.023100 0.008784
v -0.031848 -0.023100 0.009076
v -0.031875 -0.023100 0.009012
v -0.031907 -0.023100 0.008950
v -0.031812 -0.023100 0.009211
v -0.031827 -0.023100 0.009143
v -0.032327 -0.023854 0.012206
v -0.032319 -0.023854 0.012207
v -0.032061 -0.023853 0.012224
v -0.032155 -0.023854 0.012222
v -0.032235 -0.023854 0.012216
v -0.032561 -0.023854 0.012160
v -0.032658 -0.023854 0.012132
v -0.032664 -0.023854 0.012131
v -0.032497 -0.023854 0.012176
v -0.032490 -0.023854 0.012177
v -0.032399 -0.023854 0.012195
v -0.032827 -0.023854 0.012071
v -0.032822 -0.023854 0.012073
v -0.032720 -0.023854 0.012112
v -0.033130 -0.023854 0.011914
v -0.033129 -0.023854 0.011915
v -0.032985 -0.023854 0.011998
v -0.032983 -0.023854 0.011999
v -0.032979 -0.023854 0.012000
v -0.033407 -0.023854 0.011703
v -0.033393 -0.023854 0.011715
v -0.033274 -0.023854 0.011814
v -0.033273 -0.023854 0.011815
v -0.033265 -0.023854 0.011821
v -0.033475 -0.023853 0.011638
v -0.034888 -0.023853 0.010225
v -0.035064 -0.023854 0.010024
v -0.035059 -0.023854 0.010030
v -0.035006 -0.023854 0.010096
v -0.034953 -0.023854 0.010157
v -0.035197 -0.023854 0.009826
v -0.035246 -0.023854 0.009738
v -0.035249 -0.023854 0.009733
v -0.035162 -0.023854 0.009882
v -0.035159 -0.023854 0.009888
v -0.035107 -0.023854 0.009965
v -0.035322 -0.023854 0.009575
v -0.035320 -0.023854 0.009580
v -0.035275 -0.023854 0.009680
v -0.035381 -0.023854 0.009411
v -0.035381 -0.023854 0.009414
v -0.035380 -0.023854 0.009417
v -0.035454 -0.023854 0.009088
v -0.035456 -0.023854 0.009079
v -0.035456 -0.023854 0.009077
v -0.035426 -0.023854 0.009247
v -0.035425 -0.023854 0.009250
v -0.035425 -0.023854 0.009251
v -0.035471 -0.023854 0.008923
v -0.035472 -0.023854 0.008905
v -0.035469 -0.023897 0.008811
v -0.035470 -0.023896 0.008811
v -0.035473 -0.023875 0.008811
v -0.035473 -0.023875 0.008811
v -0.035458 -0.023939 0.008811
v -0.035458 -0.023938 0.008811
v -0.035464 -0.023918 0.008811
v -0.035465 -0.023917 0.008811
v -0.035439 -0.023978 0.008811
v -0.035439 -0.023977 0.008811
v -0.035449 -0.023959 0.008811
v -0.035449 -0.023958 0.008811
v -0.035413 -0.024013 0.008811
v -0.035414 -0.024012 0.008811
v -0.035427 -0.023996 0.008811
v -0.035427 -0.023995 0.008811
v -0.035382 -0.024043 0.008811
v -0.035383 -0.024043 0.008811
v -0.035399 -0.024029 0.008811
v -0.035399 -0.024028 0.008811
v -0.035346 -0.024068 0.008811
v -0.035348 -0.024067 0.008811
v -0.035365 -0.024056 0.008811
v -0.035366 -0.024056 0.008811
v -0.035307 -0.024086 0.008811
v -0.035308 -0.024085 0.008811
v -0.035327 -0.024078 0.008811
v -0.035328 -0.024077 0.008811
v -0.035265 -0.024097 0.008811
v -0.035267 -0.024096 0.008811
v -0.035286 -0.024092 0.008811
v -0.035288 -0.024092 0.008811
v -0.035245 -0.024099 0.008811
v -0.035063 -0.023875 0.010023
v -0.035161 -0.023875 0.009882
v -0.035248 -0.023875 0.009732
v -0.035320 -0.023875 0.009576
v -0.035380 -0.023875 0.009413
v -0.034784 -0.024099 0.010003
v -0.035243 -0.024099 0.008894
v -0.035265 -0.024096 0.008895
v -0.035286 -0.024092 0.008896
v -0.035306 -0.024085 0.008897
v -0.035326 -0.024077 0.008898
v -0.035346 -0.024067 0.008899
v -0.035364 -0.024056 0.008900
v -0.035381 -0.024043 0.008901
v -0.035397 -0.024028 0.008901
v -0.035412 -0.024012 0.008902
v -0.035425 -0.023995 0.008903
v -0.035437 -0.023977 0.008903
v -0.035447 -0.023958 0.008904
v -0.035456 -0.023938 0.008904
v -0.035462 -0.023917 0.008905
v -0.035467 -0.023896 0.008905
v -0.035470 -0.023875 0.008905
v -0.035455 -0.023875 0.009077
v -0.035424 -0.023875 0.009247
v -0.034887 -0.023875 0.010224
v -0.034952 -0.023875 0.010156
v -0.034887 -0.023875 0.010224
v -0.034950 -0.023896 0.010154
v -0.034946 -0.023917 0.010151
v -0.034885 -0.023897 0.010222
v -0.034885 -0.023896 0.010222
v -0.034941 -0.023938 0.010146
v -0.034881 -0.023918 0.010218
v -0.034882 -0.023917 0.010218
v -0.034935 -0.023958 0.010140
v -0.034877 -0.023939 0.010213
v -0.034877 -0.023938 0.010214
v -0.034927 -0.023977 0.010133
v -0.034871 -0.023959 0.010207
v -0.034871 -0.023958 0.010208
v -0.034919 -0.023995 0.010126
v -0.034863 -0.023978 0.010200
v -0.034864 -0.023977 0.010200
v -0.034909 -0.024012 0.010117
v -0.034855 -0.023996 0.010192
v -0.034855 -0.023995 0.010192
v -0.034898 -0.024028 0.010107
v -0.034845 -0.024013 0.010182
v -0.034846 -0.024012 0.010183
v -0.034886 -0.024043 0.010096
v -0.034835 -0.024029 0.010172
v -0.034835 -0.024028 0.010172
v -0.034873 -0.024056 0.010084
v -0.034823 -0.024043 0.010160
v -0.034824 -0.024043 0.010161
v -0.034860 -0.024067 0.010072
v -0.034811 -0.024056 0.010148
v -0.034812 -0.024056 0.010149
v -0.034846 -0.024077 0.010059
v -0.034798 -0.024068 0.010135
v -0.034799 -0.024067 0.010136
v -0.034831 -0.024085 0.010045
v -0.034784 -0.024078 0.010121
v -0.034785 -0.024077 0.010122
v -0.034815 -0.024092 0.010032
v -0.034770 -0.024086 0.010107
v -0.034771 -0.024085 0.010108
v -0.034800 -0.024096 0.010017
v -0.034755 -0.024092 0.010092
v -0.034756 -0.024092 0.010093
v -0.034726 -0.024099 0.010063
v -0.034740 -0.024097 0.010077
v -0.034741 -0.024096 0.010078
v -0.035060 -0.023896 0.010021
v -0.035056 -0.023917 0.010019
v -0.035051 -0.023938 0.010014
v -0.035044 -0.023958 0.010009
v -0.035036 -0.023977 0.010003
v -0.035027 -0.023995 0.009996
v -0.035016 -0.024012 0.009988
v -0.035005 -0.024028 0.009979
v -0.034992 -0.024043 0.009969
v -0.034978 -0.024056 0.009959
v -0.034963 -0.024067 0.009948
v -0.034948 -0.024077 0.009936
v -0.034932 -0.024085 0.009924
v -0.034916 -0.024092 0.009911
v -0.034899 -0.024096 0.009898
v -0.034882 -0.024099 0.009885
v -0.035159 -0.023896 0.009880
v -0.035155 -0.023917 0.009877
v -0.035149 -0.023938 0.009874
v -0.035142 -0.023958 0.009869
v -0.035133 -0.023977 0.009864
v -0.035123 -0.023995 0.009858
v -0.035112 -0.024012 0.009850
v -0.035100 -0.024028 0.009842
v -0.035086 -0.024043 0.009834
v -0.035071 -0.024056 0.009825
v -0.035056 -0.024067 0.009815
v -0.035040 -0.024077 0.009804
v -0.035023 -0.024085 0.009794
v -0.035005 -0.024092 0.009783
v -0.034987 -0.024096 0.009771
v -0.034969 -0.024099 0.009760
v -0.035245 -0.023896 0.009731
v -0.035240 -0.023917 0.009728
v -0.035235 -0.023938 0.009725
v -0.035227 -0.023958 0.009721
v -0.035218 -0.023977 0.009717
v -0.035207 -0.023995 0.009711
v -0.035196 -0.024012 0.009705
v -0.035183 -0.024028 0.009698
v -0.035168 -0.024043 0.009691
v -0.035153 -0.024056 0.009683
v -0.035137 -0.024067 0.009675
v -0.035120 -0.024077 0.009666
v -0.035102 -0.024085 0.009656
v -0.035084 -0.024092 0.009647
v -0.035065 -0.024096 0.009637
v -0.035046 -0.024099 0.009627
v -0.035318 -0.023896 0.009574
v -0.035313 -0.023917 0.009573
v -0.035307 -0.023938 0.009570
v -0.035299 -0.023958 0.009567
v -0.035290 -0.023977 0.009563
v -0.035279 -0.023995 0.009558
v -0.035266 -0.024012 0.009553
v -0.035253 -0.024028 0.009548
v -0.035238 -0.024043 0.009541
v -0.035222 -0.024056 0.009535
v -0.035205 -0.024067 0.009528
v -0.035187 -0.024077 0.009520
v -0.035169 -0.024085 0.009513
v -0.035150 -0.024092 0.009505
v -0.035130 -0.024096 0.009497
v -0.035110 -0.024099 0.009489
v -0.035377 -0.023896 0.009413
v -0.035372 -0.023917 0.009411
v -0.035366 -0.023938 0.009409
v -0.035357 -0.023958 0.009406
v -0.035348 -0.023977 0.009403
v -0.035337 -0.023995 0.009400
v -0.035324 -0.024012 0.009396
v -0.035310 -0.024028 0.009391
v -0.035294 -0.024043 0.009387
v -0.035278 -0.024056 0.009381
v -0.035260 -0.024067 0.009376
v -0.035242 -0.024077 0.009370
v -0.035223 -0.024085 0.009364
v -0.035203 -0.024092 0.009358
v -0.035183 -0.024096 0.009351
v -0.035163 -0.024099 0.009345
v -0.035421 -0.023896 0.009246
v -0.035417 -0.023917 0.009245
v -0.035410 -0.023938 0.009244
v -0.035402 -0.023958 0.009242
v -0.035392 -0.023977 0.009239
v -0.035380 -0.023995 0.009237
v -0.035367 -0.024012 0.009234
v -0.035353 -0.024028 0.009231
v -0.035337 -0.024043 0.009227
v -0.035320 -0.024056 0.009224
v -0.035303 -0.024067 0.009220
v -0.035284 -0.024077 0.009215
v -0.035264 -0.024085 0.009211
v -0.035244 -0.024092 0.009206
v -0.035223 -0.024096 0.009202
v -0.035202 -0.024099 0.009197
v -0.035452 -0.023896 0.009076
v -0.035447 -0.023917 0.009076
v -0.035440 -0.023938 0.009075
v -0.035432 -0.023958 0.009074
v -0.035422 -0.023977 0.009072
v -0.035410 -0.023995 0.009071
v -0.035397 -0.024012 0.009069
v -0.035382 -0.024028 0.009067
v -0.035366 -0.024043 0.009065
v -0.035349 -0.024056 0.009063
v -0.035331 -0.024067 0.009060
v -0.035312 -0.024077 0.009058
v -0.035292 -0.024085 0.009055
v -0.035272 -0.024092 0.009052
v -0.035251 -0.024096 0.009049
v -0.035229 -0.024099 0.009047
v -0.033313 -0.024099 0.011476
v -0.033327 -0.024097 0.011490
v -0.033474 -0.023875 0.011637
v -0.033474 -0.023875 0.011637
v -0.033472 -0.023896 0.011635
v -0.033472 -0.023897 0.011635
v -0.033468 -0.023917 0.011632
v -0.033468 -0.023918 0.011631
v -0.033464 -0.023938 0.011627
v -0.033463 -0.023939 0.011627
v -0.033458 -0.023958 0.011621
v -0.033457 -0.023959 0.011621
v -0.033450 -0.023977 0.011614
v -0.033450 -0.023978 0.011613
v -0.033442 -0.023995 0.011605
v -0.033442 -0.023996 0.011605
v -0.033433 -0.024012 0.011596
v -0.033432 -0.024013 0.011595
v -0.033422 -0.024028 0.011585
v -0.033422 -0.024029 0.011585
v -0.033411 -0.024043 0.011574
v -0.033410 -0.024043 0.011573
v -0.033399 -0.024056 0.011562
v -0.033398 -0.024056 0.011561
v -0.033386 -0.024067 0.011549
v -0.033385 -0.024068 0.011548
v -0.033372 -0.024077 0.011535
v -0.033371 -0.024078 0.011534
v -0.033358 -0.024085 0.011521
v -0.033357 -0.024086 0.011520
v -0.033343 -0.024092 0.011506
v -0.033342 -0.024092 0.011505
v -0.033328 -0.024096 0.011491
v -0.032327 -0.023875 0.012205
v -0.032497 -0.023875 0.012174
v -0.032663 -0.023875 0.012130
v -0.032826 -0.023875 0.012070
v -0.032982 -0.023875 0.011998
v -0.032144 -0.024099 0.011993
v -0.033253 -0.024099 0.011534
v -0.033267 -0.024096 0.011550
v -0.033282 -0.024092 0.011565
v -0.033295 -0.024085 0.011581
v -0.033309 -0.024077 0.011596
v -0.033322 -0.024067 0.011610
v -0.033334 -0.024056 0.011623
v -0.033346 -0.024043 0.011636
v -0.033357 -0.024028 0.011648
v -0.033367 -0.024012 0.011659
v -0.033376 -0.023995 0.011669
v -0.033383 -0.023977 0.011677
v -0.033390 -0.023958 0.011685
v -0.033396 -0.023938 0.011691
v -0.033401 -0.023917 0.011696
v -0.033404 -0.023896 0.011700
v -0.033406 -0.023875 0.011702
v -0.033273 -0.023875 0.011813
v -0.033132 -0.023875 0.011911
v -0.032061 -0.023875 0.012223
v -0.032155 -0.023875 0.012220
v -0.032061 -0.023875 0.012223
v -0.032155 -0.023896 0.012217
v -0.032155 -0.023917 0.012212
v -0.032061 -0.023897 0.012219
v -0.032061 -0.023896 0.012220
v -0.032154 -0.023938 0.012206
v -0.032061 -0.023918 0.012214
v -0.032061 -0.023917 0.012215
v -0.032154 -0.023958 0.012197
v -0.032061 -0.023939 0.012208
v -0.032061 -0.023938 0.012208
v -0.032153 -0.023977 0.012187
v -0.032061 -0.023959 0.012199
v -0.032061 -0.023958 0.012199
v -0.032153 -0.023995 0.012175
v -0.032061 -0.023978 0.012189
v -0.032061 -0.023977 0.012189
v -0.032152 -0.024012 0.012162
v -0.032061 -0.023996 0.012177
v -0.032061 -0.023995 0.012177
v -0.032151 -0.024028 0.012147
v -0.032061 -0.024013 0.012163
v -0.032061 -0.024012 0.012164
v -0.032151 -0.024043 0.012131
v -0.032061 -0.024029 0.012149
v -0.032061 -0.024028 0.012149
v -0.032150 -0.024056 0.012114
v -0.032061 -0.024043 0.012132
v -0.032061 -0.024043 0.012133
v -0.032149 -0.024067 0.012096
v -0.032061 -0.024056 0.012115
v -0.032061 -0.024056 0.012116
v -0.032148 -0.024077 0.012076
v -0.032061 -0.024068 0.012096
v -0.032061 -0.024067 0.012098
v -0.032147 -0.024085 0.012056
v -0.032061 -0.024078 0.012077
v -0.032061 -0.024077 0.012078
v -0.032146 -0.024092 0.012036
v -0.032061 -0.024086 0.012057
v -0.032061 -0.024085 0.012058
v -0.032145 -0.024096 0.012015
v -0.032061 -0.024092 0.012036
v -0.032061 -0.024092 0.012038
v -0.032061 -0.024099 0.011995
v -0.032061 -0.024097 0.012015
v -0.032061 -0.024096 0.012017
v -0.032326 -0.023896 0.012202
v -0.032326 -0.023917 0.012197
v -0.032325 -0.023938 0.012190
v -0.032324 -0.023958 0.012182
v -0.032322 -0.023977 0.012172
v -0.032321 -0.023995 0.012160
v -0.032319 -0.024012 0.012147
v -0.032317 -0.024028 0.012132
v -0.032315 -0.024043 0.012116
v -0.032313 -0.024056 0.012099
v -0.032310 -0.024067 0.012081
v -0.032308 -0.024077 0.012062
v -0.032305 -0.024085 0.012042
v -0.032302 -0.024092 0.012022
v -0.032299 -0.024096 0.012001
v -0.032297 -0.024099 0.011979
v -0.032496 -0.023896 0.012171
v -0.032495 -0.023917 0.012167
v -0.032494 -0.023938 0.012160
v -0.032492 -0.023958 0.012152
v -0.032489 -0.023977 0.012142
v -0.032487 -0.023995 0.012130
v -0.032484 -0.024012 0.012117
v -0.032481 -0.024028 0.012103
v -0.032477 -0.024043 0.012087
v -0.032474 -0.024056 0.012070
v -0.032470 -0.024067 0.012053
v -0.032465 -0.024077 0.012034
v -0.032461 -0.024085 0.012014
v -0.032456 -0.024092 0.011994
v -0.032452 -0.024096 0.011973
v -0.032447 -0.024099 0.011952
v -0.032663 -0.023896 0.012127
v -0.032661 -0.023917 0.012122
v -0.032659 -0.023938 0.012116
v -0.032656 -0.023958 0.012107
v -0.032653 -0.023977 0.012098
v -0.032650 -0.023995 0.012087
v -0.032646 -0.024012 0.012074
v -0.032641 -0.024028 0.012060
v -0.032637 -0.024043 0.012044
v -0.032631 -0.024056 0.012028
v -0.032626 -0.024067 0.012010
v -0.032620 -0.024077 0.011992
v -0.032614 -0.024085 0.011973
v -0.032608 -0.024092 0.011953
v -0.032601 -0.024096 0.011933
v -0.032595 -0.024099 0.011913
v -0.032824 -0.023896 0.012068
v -0.032823 -0.023917 0.012063
v -0.032820 -0.023938 0.012057
v -0.032817 -0.023958 0.012049
v -0.032813 -0.023977 0.012040
v -0.032808 -0.023995 0.012029
v -0.032803 -0.024012 0.012016
v -0.032798 -0.024028 0.012003
v -0.032791 -0.024043 0.011988
v -0.032785 -0.024056 0.011972
v -0.032778 -0.024067 0.011955
v -0.032770 -0.024077 0.011937
v -0.032763 -0.024085 0.011919
v -0.032755 -0.024092 0.011900
v -0.032747 -0.024096 0.011880
v -0.032739 -0.024099 0.011860
v -0.032981 -0.023896 0.011995
v -0.032978 -0.023917 0.011990
v -0.032975 -0.023938 0.011985
v -0.032971 -0.023958 0.011977
v -0.032967 -0.023977 0.011968
v -0.032961 -0.023995 0.011957
v -0.032955 -0.024012 0.011946
v -0.032948 -0.024028 0.011933
v -0.032941 -0.024043 0.011918
v -0.032933 -0.024056 0.011903
v -0.032925 -0.024067 0.011887
v -0.032916 -0.024077 0.011870
v -0.032906 -0.024085 0.011852
v -0.032897 -0.024092 0.011834
v -0.032887 -0.024096 0.011815
v -0.032877 -0.024099 0.011796
v -0.033130 -0.023896 0.011909
v -0.033127 -0.023917 0.011905
v -0.033124 -0.023938 0.011899
v -0.033119 -0.023958 0.011892
v -0.033114 -0.023977 0.011883
v -0.033108 -0.023995 0.011873
v -0.033100 -0.024012 0.011862
v -0.033092 -0.024028 0.011850
v -0.033084 -0.024043 0.011836
v -0.033075 -0.024056 0.011821
v -0.033065 -0.024067 0.011806
v -0.033054 -0.024077 0.011790
v -0.033044 -0.024085 0.011773
v -0.033033 -0.024092 0.011755
v -0.033021 -0.024096 0.011737
v -0.033010 -0.024099 0.011719
v -0.033271 -0.023896 0.011810
v -0.033269 -0.023917 0.011806
v -0.033264 -0.023938 0.011801
v -0.033259 -0.023958 0.011794
v -0.033253 -0.023977 0.011786
v -0.033246 -0.023995 0.011777
v -0.033238 -0.024012 0.011766
v -0.033229 -0.024028 0.011755
v -0.033219 -0.024043 0.011742
v -0.033209 -0.024056 0.011728
v -0.033198 -0.024067 0.011713
v -0.033186 -0.024077 0.011698
v -0.033174 -0.024085 0.011682
v -0.033161 -0.024092 0.011666
v -0.033148 -0.024096 0.011649
v -0.033135 -0.024099 0.011632
v -0.025250 -0.024000 0.009000
v -0.025250 -0.024000 0.012120
v -0.025750 -0.024000 0.009000
v -0.025750 -0.024000 0.012120
v -0.025750 -0.024053 0.012120
v -0.025750 -0.024056 0.012115
v -0.025750 -0.024068 0.012096
v -0.025750 -0.024092 0.012036
v -0.025750 -0.024097 0.012015
v -0.025750 -0.024099 0.011993
v -0.025750 -0.024078 0.012077
v -0.025750 -0.024086 0.012057
v -0.025250 -0.024056 0.012115
v -0.025250 -0.024053 0.012120
v -0.025250 -0.024099 0.011993
v -0.025250 -0.024097 0.012015
v -0.025250 -0.024092 0.012036
v -0.025250 -0.024086 0.012057
v -0.025250 -0.024078 0.012077
v -0.025250 -0.024068 0.012096
v -0.020039 -0.024097 0.012012
v -0.020039 -0.024097 0.012015
v -0.020031 -0.024050 0.012124
v -0.020031 -0.024056 0.012115
v -0.020031 -0.024050 0.012124
v -0.020030 -0.024043 0.012132
v -0.020071 -0.023897 0.012219
v -0.020065 -0.023907 0.012217
v -0.020059 -0.023918 0.012214
v -0.020054 -0.023928 0.012211
v -0.020050 -0.023939 0.012208
v -0.020046 -0.023949 0.012204
v -0.020042 -0.023959 0.012199
v -0.020039 -0.023968 0.012194
v -0.020036 -0.023978 0.012189
v -0.020034 -0.023987 0.012183
v -0.020032 -0.023996 0.012177
v -0.020031 -0.024006 0.012169
v -0.020030 -0.024013 0.012163
v -0.020030 -0.024021 0.012156
v -0.020030 -0.024029 0.012149
v -0.020030 -0.024038 0.012138
v -0.020084 -0.023875 0.012223
v -0.020098 -0.023853 0.012224
v -0.020032 -0.024059 0.012111
v -0.020033 -0.024068 0.012096
v -0.020034 -0.024074 0.012085
v -0.020035 -0.024078 0.012077
v -0.020036 -0.024086 0.012057
v -0.020036 -0.024085 0.012060
v -0.020038 -0.024095 0.012025
v -0.020038 -0.024092 0.012036
v -0.020037 -0.024089 0.012047
v -0.020039 -0.024099 0.011993
v -0.019843 -0.024095 0.012220
v -0.019855 -0.024091 0.012220
v -0.019868 -0.024085 0.012221
v -0.019881 -0.024079 0.012221
v -0.019895 -0.024071 0.012221
v -0.019908 -0.024062 0.012221
v -0.020054 -0.023916 0.012223
v -0.020084 -0.023875 0.012224
v -0.020024 -0.023953 0.012222
v -0.019994 -0.023987 0.012222
v -0.019965 -0.024016 0.012222
v -0.019936 -0.024041 0.012221
v -0.019922 -0.024052 0.012221
v -0.019831 -0.024098 0.012220
v -0.019813 -0.024100 0.012220
v -0.019819 -0.024100 0.012220
v -0.019825 -0.024099 0.012220
v 0.007579 -0.024101 0.012217
v 0.009220 -0.024103 0.011190
v 0.009202 -0.024103 0.011220
v 0.009464 -0.024101 0.010381
v 0.009463 -0.024101 0.010395
v 0.009445 -0.024102 0.010538
v 0.009440 -0.024102 0.010568
v 0.009414 -0.024102 0.010692
v 0.009402 -0.024102 0.010738
v 0.009350 -0.024102 0.010905
v 0.009351 -0.024102 0.010900
v 0.009371 -0.024102 0.010843
v 0.009283 -0.024103 0.011066
v 0.009291 -0.024103 0.011049
v 0.009138 -0.024103 0.011324
v 0.009109 -0.024104 0.011368
v 0.009047 -0.024104 0.011452
v 0.009020 -0.024104 0.011484
v 0.009002 -0.024104 0.011506
v 0.008954 -0.024104 0.011562
v 0.008914 -0.024104 0.011604
v 0.008885 -0.024104 0.011635
v 0.008800 -0.024104 0.011714
v 0.008756 -0.024104 0.011752
v 0.008679 -0.024104 0.011814
v 0.008618 -0.024104 0.011859
v 0.008470 -0.024103 0.011952
v 0.008515 -0.024103 0.011926
v 0.008550 -0.024103 0.011904
v 0.008231 -0.024103 0.012070
v 0.008316 -0.024103 0.012033
v 0.008375 -0.024103 0.012004
v 0.008016 -0.024102 0.012145
v 0.008083 -0.024102 0.012124
v 0.008155 -0.024102 0.012100
v 0.007736 -0.024101 0.012203
v 0.007818 -0.024102 0.012190
v 0.007891 -0.024102 0.012176
v 0.007932 -0.024102 0.012166
v 0.007988 -0.024102 0.012152
v 0.007645 -0.024101 0.012213
v 0.007648 -0.024101 0.012212
# 13875 vertices, 0 vertices normals

f 1 2 3
f 3 4 1
f 4 5 1
f 1 5 6
f 5 7 6
f 7 8 6
f 6 8 9
f 8 10 9
f 10 11 9
f 9 11 12
f 11 13 12
f 13 14 12
f 12 14 15
f 14 16 15
f 16 17 15
f 15 17 18
f 17 19 18
f 19 20 18
f 18 20 21
f 20 22 21
f 22 23 21
f 21 23 24
f 23 25 24
f 25 26 24
f 24 26 27
f 26 28 27
f 28 29 27
f 27 29 30
f 29 31 30
f 31 32 30
f 30 32 33
f 32 34 33
f 34 35 33
f 33 35 36
f 35 37 36
f 37 38 36
f 36 38 39
f 38 40 39
f 40 41 39
f 39 41 42
f 41 43 42
f 43 44 42
f 42 44 45
f 44 46 45
f 46 47 45
f 45 47 48
f 47 49 48
f 49 50 48
f 48 50 51
f 50 52 51
f 52 53 51
f 51 53 54
f 53 55 54
f 55 56 54
f 54 56 57
f 56 58 57
f 58 59 57
f 57 59 60
f 59 61 60
f 61 62 60
f 60 62 63
f 62 64 63
f 64 65 63
f 63 65 66
f 65 67 66
f 67 68 66
f 66 68 69
f 68 70 69
f 70 71 69
f 69 71 72
f 71 73 72
f 73 74 72
f 72 74 75
f 74 76 75
f 76 77 75
f 75 77 78
f 77 79 78
f 79 80 78
f 78 80 81
f 80 82 81
f 82 83 81
f 81 83 84
f 83 85 84
f 85 86 84
f 84 86 87
f 86 88 87
f 88 89 87
f 87 89 90
f 89 91 90
f 91 92 90
f 90 92 93
f 92 94 93
f 94 95 93
f 93 95 96
f 95 97 96
f 97 98 96
f 96 98 99
f 98 100 99
f 100 101 99
f 99 101 102
f 101 103 102
f 103 104 102
f 102 104 105
f 104 106 105
f 106 107 105
f 105 107 108
f 107 109 108
f 109 110 108
f 108 110 111
f 110 112 111
f 112 113 111
f 111 113 114
f 113 115 114
f 115 116 114
f 116 117 114
f 114 117 118
f 117 119 118
f 119 120 118
f 118 120 121
f 120 122 121
f 122 123 121
f 121 123 124
f 123 125 124
f 125 126 124
f 124 126 127
f 126 128 127
f 128 129 127
f 127 129 130
f 129 131 130
f 131 132 130
f 130 132 133
f 132 134 133
f 134 135 133
f 133 135 136
f 135 137 136
f 137 138 136
f 136 138 139
f 138 140 139
f 140 141 139
f 139 141 142
f 141 143 142
f 143 144 142
f 142 144 145
f 144 146 145
f 146 147 145
f 145 147 148
f 147 149 148
f 149 150 148
f 148 150 151
f 150 152 151
f 152 153 151
f 151 153 154
f 153 155 154
f 155 156 154
f 154 156 157
f 156 158 157
f 158 159 157
f 157 159 160
f 159 161 160
f 161 162 160
f 160 162 163
f 162 164 163
f 164 165 163
f 163 165 166
f 165 167 166
f 167 168 166
f 166 168 169
f 168 170 169
f 170 171 169
f 169 171 172
f 171 173 172
f 173 174 172
f 172 174 175
f 174 176 175
f 176 177 175
f 175 177 178
f 177 179 178
f 179 180 178
f 178 180 181
f 180 182 181
f 182 183 181
f 181 183 184
f 183 185 184
f 185 186 184
f 184 186 187
f 186 188 187
f 188 189 187
f 187 189 190
f 189 191 190
f 191 192 190
f 190 192 193
f 192 194 193
f 194 195 193
f 193 195 196
f 195 197 196
f 197 198 196
f 196 198 199
f 198 200 199
f 200 201 199
f 199 201 202
f 201 203 202
f 203 204 202
f 202 204 205
f 204 206 205
f 206 207 205
f 205 207 208
f 207 209 208
f 209 210 208
f 208 210 211
f 210 212 211
f 212 213 211
f 211 213 214
f 213 215 214
f 215 216 214
f 214 216 2
f 216 217 2
f 2 217 3
f 112 110 218
f 109 107 219
f 106 104 220
f 103 101 221
f 100 98 222
f 97 95 223
f 94 92 224
f 91 89 225
f 88 86 226
f 85 83 227
f 82 80 228
f 79 77 229
f 76 74 230
f 73 71 231
f 70 68 232
f 67 65 233
f 64 62 234
f 235 236 237
f 238 239 236
f 240 241 239
f 242 243 241
f 244 245 243
f 246 247 245
f 248 249 247
f 250 251 249
f 252 253 251
f 254 255 253
f 256 257 255
f 258 259 257
f 260 261 259
f 262 263 261
f 264 265 263
f 266 267 265
f 268 269 267
f 270 271 269
f 272 273 271
f 274 275 273
f 276 277 275
f 278 279 277
f 280 281 279
f 282 283 281
f 284 285 283
f 286 287 285
f 288 289 287
f 290 291 289
f 292 293 291
f 294 295 293
f 296 297 295
f 298 299 297
f 300 301 299
f 302 303 301
f 304 305 303
f 306 307 305
f 308 309 307
f 310 311 312
f 313 314 315
f 316 317 314
f 318 319 317
f 320 321 319
f 322 323 321
f 324 325 323
f 326 327 325
f 328 329 327
f 330 331 329
f 332 333 331
f 334 335 333
f 336 337 335
f 338 339 337
f 340 341 339
f 342 343 341
f 344 237 343
f 310 312 345
f 346 309 347
f 309 308 347
f 347 308 348
f 349 346 350
f 346 347 350
f 350 347 351
f 347 348 351
f 351 348 352
f 353 349 354
f 349 350 354
f 354 350 355
f 350 351 355
f 355 351 356
f 351 352 356
f 356 352 357
f 358 353 359
f 353 354 359
f 359 354 360
f 354 355 360
f 360 355 361
f 355 356 361
f 361 356 362
f 356 357 362
f 362 357 363
f 364 358 365
f 358 359 365
f 365 359 366
f 359 360 366
f 366 360 367
f 360 361 367
f 367 361 368
f 361 362 368
f 368 362 369
f 362 363 369
f 369 363 370
f 371 364 372
f 364 365 372
f 372 365 373
f 365 366 373
f 373 366 374
f 366 367 374
f 374 367 375
f 367 368 375
f 375 368 376
f 368 369 376
f 376 369 377
f 369 370 377
f 377 370 378
f 379 371 380
f 371 372 380
f 380 372 381
f 372 373 381
f 381 373 382
f 373 374 382
f 382 374 383
f 374 375 383
f 383 375 384
f 375 376 384
f 384 376 385
f 376 377 385
f 385 377 386
f 377 378 386
f 386 378 387
f 388 379 389
f 379 380 389
f 389 380 390
f 380 381 390
f 390 381 391
f 381 382 391
f 391 382 392
f 382 383 392
f 392 383 393
f 383 384 393
f 393 384 394
f 384 385 394
f 394 385 395
f 385 386 395
f 395 386 396
f 386 387 396
f 396 387 397
f 398 388 399
f 388 389 399
f 399 389 400
f 389 390 400
f 400 390 401
f 390 391 401
f 401 391 402
f 391 392 402
f 402 392 403
f 392 393 403
f 403 393 404
f 393 394 404
f 404 394 405
f 394 395 405
f 405 395 406
f 395 396 406
f 406 396 407
f 396 397 407
f 407 397 408
f 409 398 410
f 398 399 410
f 410 399 411
f 399 400 411
f 411 400 412
f 400 401 412
f 412 401 413
f 401 402 413
f 413 402 414
f 402 403 414
f 414 403 415
f 403 404 415
f 415 404 416
f 404 405 416
f 416 405 417
f 405 406 417
f 417 406 418
f 406 407 418
f 418 407 419
f 407 408 419
f 419 408 420
f 421 409 422
f 409 410 422
f 422 410 423
f 410 411 423
f 423 411 424
f 411 412 424
f 424 412 425
f 412 413 425
f 425 413 426
f 413 414 426
f 426 414 427
f 414 415 427
f 427 415 428
f 415 416 428
f 428 416 429
f 416 417 429
f 429 417 430
f 417 418 430
f 430 418 431
f 418 419 431
f 431 419 432
f 419 420 432
f 432 420 433
f 434 421 435
f 421 422 435
f 435 422 436
f 422 423 436
f 436 423 437
f 423 424 437
f 437 424 438
f 424 425 438
f 438 425 439
f 425 426 439
f 439 426 440
f 426 427 440
f 440 427 441
f 427 428 441
f 441 428 442
f 428 429 442
f 442 429 443
f 429 430 443
f 443 430 444
f 430 431 444
f 444 431 445
f 431 432 445
f 445 432 446
f 432 433 446
f 446 433 447
f 448 434 449
f 434 435 449
f 449 435 450
f 435 436 450
f 450 436 451
f 436 437 451
f 451 437 452
f 437 438 452
f 452 438 453
f 438 439 453
f 453 439 454
f 439 440 454
f 454 440 455
f 440 441 455
f 455 441 456
f 441 442 456
f 456 442 457
f 442 443 457
f 457 443 458
f 443 444 458
f 458 444 459
f 444 445 459
f 459 445 460
f 445 446 460
f 460 446 461
f 446 447 461
f 461 447 462
f 463 448 464
f 448 449 464
f 464 449 465
f 449 450 465
f 465 450 466
f 450 451 466
f 466 451 467
f 451 452 467
f 467 452 468
f 452 453 468
f 468 453 469
f 453 454 469
f 469 454 470
f 454 455 470
f 470 455 471
f 455 456 471
f 471 456 472
f 456 457 472
f 472 457 473
f 457 458 473
f 473 458 474
f 458 459 474
f 474 459 475
f 459 460 475
f 475 460 476
f 460 461 476
f 476 461 477
f 461 462 477
f 477 462 478
f 479 463 480
f 463 464 480
f 480 464 481
f 464 465 481
f 481 465 482
f 465 466 482
f 482 466 483
f 466 467 483
f 483 467 484
f 467 468 484
f 484 468 485
f 468 469 485
f 485 469 486
f 469 470 486
f 486 470 487
f 470 471 487
f 487 471 488
f 471 472 488
f 488 472 489
f 472 473 489
f 489 473 490
f 473 474 490
f 490 474 491
f 474 475 491
f 491 475 492
f 475 476 492
f 492 476 493
f 476 477 493
f 493 477 494
f 477 478 494
f 494 478 495
f 311 479 312
f 479 480 312
f 312 480 496
f 480 481 496
f 496 481 497
f 481 482 497
f 497 482 498
f 482 483 498
f 498 483 499
f 483 484 499
f 499 484 500
f 484 485 500
f 500 485 501
f 485 486 501
f 501 486 502
f 486 487 502
f 502 487 503
f 487 488 503
f 503 488 504
f 488 489 504
f 504 489 505
f 489 490 505
f 505 490 506
f 490 491 506
f 506 491 507
f 491 492 507
f 507 492 508
f 492 493 508
f 508 493 509
f 493 494 509
f 509 494 510
f 494 495 510
f 510 495 511
f 512 513 514
f 62 61 234
f 61 513 234
f 234 513 515
f 513 512 515
f 515 512 516
f 65 64 233
f 64 234 233
f 233 234 517
f 234 515 517
f 517 515 518
f 515 516 518
f 518 516 519
f 68 67 232
f 67 233 232
f 232 233 520
f 233 517 520
f 520 517 521
f 517 518 521
f 521 518 522
f 518 519 522
f 522 519 523
f 71 70 231
f 70 232 231
f 231 232 524
f 232 520 524
f 524 520 525
f 520 521 525
f 525 521 526
f 521 522 526
f 526 522 527
f 522 523 527
f 527 523 528
f 74 73 230
f 73 231 230
f 230 231 529
f 231 524 529
f 529 524 530
f 524 525 530
f 530 525 531
f 525 526 531
f 531 526 532
f 526 527 532
f 532 527 533
f 527 528 533
f 533 528 534
f 77 76 229
f 76 230 229
f 229 230 535
f 230 529 535
f 535 529 536
f 529 530 536
f 536 530 537
f 530 531 537
f 537 531 538
f 531 532 538
f 538 532 539
f 532 533 539
f 539 533 540
f 533 534 540
f 540 534 541
f 80 79 228
f 79 229 228
f 228 229 542
f 229 535 542
f 542 535 543
f 535 536 543
f 543 536 544
f 536 537 544
f 544 537 545
f 537 538 545
f 545 538 546
f 538 539 546
f 546 539 547
f 539 540 547
f 547 540 548
f 540 541 548
f 548 541 549
f 83 82 227
f 82 228 227
f 227 228 550
f 228 542 550
f 550 542 551
f 542 543 551
f 551 543 552
f 543 544 552
f 552 544 553
f 544 545 553
f 553 545 554
f 545 546 554
f 554 546 555
f 546 547 555
f 555 547 556
f 547 548 556
f 556 548 557
f 548 549 557
f 557 549 558
f 86 85 226
f 85 227 226
f 226 227 559
f 227 550 559
f 559 550 560
f 550 551 560
f 560 551 561
f 551 552 561
f 561 552 562
f 552 553 562
f 562 553 563
f 553 554 563
f 563 554 564
f 554 555 564
f 564 555 565
f 555 556 565
f 565 556 566
f 556 557 566
f 566 557 567
f 557 558 567
f 567 558 568
f 89 88 225
f 88 226 225
f 225 226 569
f 226 559 569
f 569 559 570
f 559 560 570
f 570 560 571
f 560 561 571
f 571 561 572
f 561 562 572
f 572 562 573
f 562 563 573
f 573 563 574
f 563 564 574
f 574 564 575
f 564 565 575
f 575 565 576
f 565 566 576
f 576 566 577
f 566 567 577
f 577 567 578
f 567 568 578
f 578 568 579
f 92 91 224
f 91 225 224
f 224 225 580
f 225 569 580
f 580 569 581
f 569 570 581
f 581 570 582
f 570 571 582
f 582 571 583
f 571 572 583
f 583 572 584
f 572 573 584
f 584 573 585
f 573 574 585
f 585 574 586
f 574 575 586
f 586 575 587
f 575 576 587
f 587 576 588
f 576 577 588
f 588 577 589
f 577 578 589
f 589 578 590
f 578 579 590
f 590 579 591
f 95 94 223
f 94 224 223
f 223 224 592
f 224 580 592
f 592 580 593
f 580 581 593
f 593 581 594
f 581 582 594
f 594 582 595
f 582 583 595
f 595 583 596
f 583 584 596
f 596 584 597
f 584 585 597
f 597 585 598
f 585 586 598
f 598 586 599
f 586 587 599
f 599 587 600
f 587 588 600
f 600 588 601
f 588 589 601
f 601 589 602
f 589 590 602
f 602 590 603
f 590 591 603
f 603 591 604
f 98 97 222
f 97 223 222
f 222 223 605
f 223 592 605
f 605 592 606
f 592 593 606
f 606 593 607
f 593 594 607
f 607 594 608
f 594 595 608
f 608 595 609
f 595 596 609
f 609 596 610
f 596 597 610
f 610 597 611
f 597 598 611
f 611 598 612
f 598 599 612
f 612 599 613
f 599 600 613
f 613 600 614
f 600 601 614
f 614 601 615
f 601 602 615
f 615 602 616
f 602 603 616
f 616 603 617
f 603 604 617
f 617 604 618
f 101 100 221
f 100 222 221
f 221 222 619
f 222 605 619
f 619 605 620
f 605 606 620
f 620 606 621
f 606 607 621
f 621 607 622
f 607 608 622
f 622 608 623
f 608 609 623
f 623 609 624
f 609 610 624
f 624 610 625
f 610 611 625
f 625 611 626
f 611 612 626
f 626 612 627
f 612 613 627
f 627 613 628
f 613 614 628
f 628 614 629
f 614 615 629
f 629 615 630
f 615 616 630
f 630 616 631
f 616 617 631
f 631 617 632
f 617 618 632
f 632 618 633
f 104 103 220
f 103 221 220
f 220 221 634
f 221 619 634
f 634 619 635
f 619 620 635
f 635 620 636
f 620 621 636
f 636 621 637
f 621 622 637
f 637 622 638
f 622 623 638
f 638 623 639
f 623 624 639
f 639 624 640
f 624 625 640
f 640 625 641
f 625 626 641
f 641 626 642
f 626 627 642
f 642 627 643
f 627 628 643
f 643 628 644
f 628 629 644
f 644 629 645
f 629 630 645
f 645 630 646
f 630 631 646
f 646 631 647
f 631 632 647
f 647 632 648
f 632 633 648
f 648 633 649
f 107 106 219
f 106 220 219
f 219 220 650
f 220 634 650
f 650 634 651
f 634 635 651
f 651 635 652
f 635 636 652
f 652 636 653
f 636 637 653
f 653 637 654
f 637 638 654
f 654 638 655
f 638 639 655
f 655 639 656
f 639 640 656
f 656 640 657
f 640 641 657
f 657 641 658
f 641 642 658
f 658 642 659
f 642 643 659
f 659 643 660
f 643 644 660
f 660 644 661
f 644 645 661
f 661 645 662
f 645 646 662
f 662 646 663
f 646 647 663
f 663 647 664
f 647 648 664
f 664 648 665
f 648 649 665
f 110 109 218
f 109 219 218
f 218 219 666
f 219 650 666
f 666 650 667
f 650 651 667
f 667 651 668
f 651 652 668
f 668 652 669
f 652 653 669
f 669 653 670
f 653 654 670
f 670 654 671
f 654 655 671
f 671 655 672
f 655 656 672
f 672 656 673
f 656 657 673
f 673 657 674
f 657 658 674
f 674 658 675
f 658 659 675
f 675 659 676
f 659 660 676
f 676 660 677
f 660 661 677
f 677 661 678
f 661 662 678
f 678 662 679
f 662 663 679
f 679 663 680
f 663 664 680
f 680 664 681
f 664 665 681
f 511 115 113
f 113 112 511
f 112 218 511
f 511 218 510
f 218 666 510
f 510 666 509
f 666 667 509
f 509 667 508
f 667 668 508
f 508 668 507
f 668 669 507
f 507 669 506
f 669 670 506
f 506 670 505
f 670 671 505
f 505 671 504
f 671 672 504
f 504 672 503
f 672 673 503
f 503 673 502
f 673 674 502
f 502 674 501
f 674 675 501
f 501 675 500
f 675 676 500
f 500 676 499
f 676 677 499
f 499 677 498
f 677 678 498
f 498 678 497
f 678 679 497
f 497 679 496
f 679 680 496
f 496 680 312
f 680 681 312
f 312 681 345
f 681 665 345
f 345 665 682
f 665 649 682
f 682 649 315
f 683 117 116
f 307 306 308
f 306 684 308
f 308 684 348
f 684 685 348
f 348 685 352
f 685 686 352
f 352 686 357
f 686 687 357
f 357 687 363
f 687 688 363
f 363 688 370
f 688 689 370
f 370 689 378
f 689 690 378
f 378 690 387
f 690 691 387
f 387 691 397
f 691 692 397
f 397 692 408
f 692 693 408
f 408 693 420
f 693 694 420
f 420 694 433
f 694 695 433
f 433 695 447
f 695 696 447
f 447 696 462
f 696 697 462
f 462 697 478
f 697 698 478
f 478 698 495
f 698 683 495
f 495 683 511
f 683 116 511
f 511 116 115
f 699 120 119
f 305 304 306
f 304 700 306
f 306 700 684
f 700 701 684
f 684 701 685
f 701 702 685
f 685 702 686
f 702 703 686
f 686 703 687
f 703 704 687
f 687 704 688
f 704 705 688
f 688 705 689
f 705 706 689
f 689 706 690
f 706 707 690
f 690 707 691
f 707 708 691
f 691 708 692
f 708 709 692
f 692 709 693
f 709 710 693
f 693 710 694
f 710 711 694
f 694 711 695
f 711 712 695
f 695 712 696
f 712 713 696
f 696 713 697
f 713 714 697
f 697 714 698
f 714 699 698
f 698 699 683
f 699 119 683
f 683 119 117
f 715 123 122
f 303 302 304
f 302 716 304
f 304 716 700
f 716 717 700
f 700 717 701
f 717 718 701
f 701 718 702
f 718 719 702
f 702 719 703
f 719 720 703
f 703 720 704
f 720 721 704
f 704 721 705
f 721 722 705
f 705 722 706
f 722 723 706
f 706 723 707
f 723 724 707
f 707 724 708
f 724 725 708
f 708 725 709
f 725 726 709
f 709 726 710
f 726 727 710
f 710 727 711
f 727 728 711
f 711 728 712
f 728 729 712
f 712 729 713
f 729 730 713
f 713 730 714
f 730 715 714
f 714 715 699
f 715 122 699
f 699 122 120
f 731 126 125
f 301 300 302
f 300 732 302
f 302 732 716
f 732 733 716
f 716 733 717
f 733 734 717
f 717 734 718
f 734 735 718
f 718 735 719
f 735 736 719
f 719 736 720
f 736 737 720
f 720 737 721
f 737 738 721
f 721 738 722
f 738 739 722
f 722 739 723
f 739 740 723
f 723 740 724
f 740 741 724
f 724 741 725
f 741 742 725
f 725 742 726
f 742 743 726
f 726 743 727
f 743 744 727
f 727 744 728
f 744 745 728
f 728 745 729
f 745 746 729
f 729 746 730
f 746 731 730
f 730 731 715
f 731 125 715
f 715 125 123
f 747 129 128
f 299 298 300
f 298 748 300
f 300 748 732
f 748 749 732
f 732 749 733
f 749 750 733
f 733 750 734
f 750 751 734
f 734 751 735
f 751 752 735
f 735 752 736
f 752 753 736
f 736 753 737
f 753 754 737
f 737 754 738
f 754 755 738
f 738 755 739
f 755 756 739
f 739 756 740
f 756 757 740
f 740 757 741
f 757 758 741
f 741 758 742
f 758 759 742
f 742 759 743
f 759 760 743
f 743 760 744
f 760 761 744
f 744 761 745
f 761 762 745
f 745 762 746
f 762 747 746
f 746 747 731
f 747 128 731
f 731 128 126
f 763 132 131
f 297 296 298
f 296 764 298
f 298 764 748
f 764 765 748
f 748 765 749
f 765 766 749
f 749 766 750
f 766 767 750
f 750 767 751
f 767 768 751
f 751 768 752
f 768 769 752
f 752 769 753
f 769 770 753
f 753 770 754
f 770 771 754
f 754 771 755
f 771 772 755
f 755 772 756
f 772 773 756
f 756 773 757
f 773 774 757
f 757 774 758
f 774 775 758
f 758 775 759
f 775 776 759
f 759 776 760
f 776 777 760
f 760 777 761
f 777 778 761
f 761 778 762
f 778 763 762
f 762 763 747
f 763 131 747
f 747 131 129
f 779 135 134
f 295 294 296
f 294 780 296
f 296 780 764
f 780 781 764
f 764 781 765
f 781 782 765
f 765 782 766
f 782 783 766
f 766 783 767
f 783 784 767
f 767 784 768
f 784 785 768
f 768 785 769
f 785 786 769
f 769 786 770
f 786 787 770
f 770 787 771
f 787 788 771
f 771 788 772
f 788 789 772
f 772 789 773
f 789 790 773
f 773 790 774
f 790 791 774
f 774 791 775
f 791 792 775
f 775 792 776
f 792 793 776
f 776 793 777
f 793 794 777
f 777 794 778
f 794 779 778
f 778 779 763
f 779 134 763
f 763 134 132
f 795 138 137
f 293 292 294
f 292 796 294
f 294 796 780
f 796 797 780
f 780 797 781
f 797 798 781
f 781 798 782
f 798 799 782
f 782 799 783
f 799 800 783
f 783 800 784
f 800 801 784
f 784 801 785
f 801 802 785
f 785 802 786
f 802 803 786
f 786 803 787
f 803 804 787
f 787 804 788
f 804 805 788
f 788 805 789
f 805 806 789
f 789 806 790
f 806 807 790
f 790 807 791
f 807 808 791
f 791 808 792
f 808 809 792
f 792 809 793
f 809 810 793
f 793 810 794
f 810 795 794
f 794 795 779
f 795 137 779
f 779 137 135
f 811 141 140
f 291 290 292
f 290 812 292
f 292 812 796
f 812 813 796
f 796 813 797
f 813 814 797
f 797 814 798
f 814 815 798
f 798 815 799
f 815 816 799
f 799 816 800
f 816 817 800
f 800 817 801
f 817 818 801
f 801 818 802
f 818 819 802
f 802 819 803
f 819 820 803
f 803 820 804
f 820 821 804
f 804 821 805
f 821 822 805
f 805 822 806
f 822 823 806
f 806 823 807
f 823 824 807
f 807 824 808
f 824 825 808
f 808 825 809
f 825 826 809
f 809 826 810
f 826 811 810
f 810 811 795
f 811 140 795
f 795 140 138
f 827 144 143
f 289 288 290
f 288 828 290
f 290 828 812
f 828 829 812
f 812 829 813
f 829 830 813
f 813 830 814
f 830 831 814
f 814 831 815
f 831 832 815
f 815 832 816
f 832 833 816
f 816 833 817
f 833 834 817
f 817 834 818
f 834 835 818
f 818 835 819
f 835 836 819
f 819 836 820
f 836 837 820
f 820 837 821
f 837 838 821
f 821 838 822
f 838 839 822
f 822 839 823
f 839 840 823
f 823 840 824
f 840 841 824
f 824 841 825
f 841 842 825
f 825 842 826
f 842 827 826
f 826 827 811
f 827 143 811
f 811 143 141
f 843 147 146
f 287 286 288
f 286 844 288
f 288 844 828
f 844 845 828
f 828 845 829
f 845 846 829
f 829 846 830
f 846 847 830
f 830 847 831
f 847 848 831
f 831 848 832
f 848 849 832
f 832 849 833
f 849 850 833
f 833 850 834
f 850 851 834
f 834 851 835
f 851 852 835
f 835 852 836
f 852 853 836
f 836 853 837
f 853 854 837
f 837 854 838
f 854 855 838
f 838 855 839
f 855 856 839
f 839 856 840
f 856 857 840
f 840 857 841
f 857 858 841
f 841 858 842
f 858 843 842
f 842 843 827
f 843 146 827
f 827 146 144
f 859 150 149
f 285 284 286
f 284 860 286
f 286 860 844
f 860 861 844
f 844 861 845
f 861 862 845
f 845 862 846
f 862 863 846
f 846 863 847
f 863 864 847
f 847 864 848
f 864 865 848
f 848 865 849
f 865 866 849
f 849 866 850
f 866 867 850
f 850 867 851
f 867 868 851
f 851 868 852
f 868 869 852
f 852 869 853
f 869 870 853
f 853 870 854
f 870 871 854
f 854 871 855
f 871 872 855
f 855 872 856
f 872 873 856
f 856 873 857
f 873 874 857
f 857 874 858
f 874 859 858
f 858 859 843
f 859 149 843
f 843 149 147
f 875 153 152
f 283 282 284
f 282 876 284
f 284 876 860
f 876 877 860
f 860 877 861
f 877 878 861
f 861 878 862
f 878 879 862
f 862 879 863
f 879 880 863
f 863 880 864
f 880 881 864
f 864 881 865
f 881 882 865
f 865 882 866
f 882 883 866
f 866 883 867
f 883 884 867
f 867 884 868
f 884 885 868
f 868 885 869
f 885 886 869
f 869 886 870
f 886 887 870
f 870 887 871
f 887 888 871
f 871 888 872
f 888 889 872
f 872 889 873
f 889 890 873
f 873 890 874
f 890 875 874
f 874 875 859
f 875 152 859
f 859 152 150
f 891 156 155
f 281 280 282
f 280 892 282
f 282 892 876
f 892 893 876
f 876 893 877
f 893 894 877
f 877 894 878
f 894 895 878
f 878 895 879
f 895 896 879
f 879 896 880
f 896 897 880
f 880 897 881
f 897 898 881
f 881 898 882
f 898 899 882
f 882 899 883
f 899 900 883
f 883 900 884
f 900 901 884
f 884 901 885
f 901 902 885
f 885 902 886
f 902 903 886
f 886 903 887
f 903 904 887
f 887 904 888
f 904 905 888
f 888 905 889
f 905 906 889
f 889 906 890
f 906 891 890
f 890 891 875
f 891 155 875
f 875 155 153
f 907 159 158
f 279 278 280
f 278 908 280
f 280 908 892
f 908 909 892
f 892 909 893
f 909 910 893
f 893 910 894
f 910 911 894
f 894 911 895
f 911 912 895
f 895 912 896
f 912 913 896
f 896 913 897
f 913 914 897
f 897 914 898
f 914 915 898
f 898 915 899
f 915 916 899
f 899 916 900
f 916 917 900
f 900 917 901
f 917 918 901
f 901 918 902
f 918 919 902
f 902 919 903
f 919 920 903
f 903 920 904
f 920 921 904
f 904 921 905
f 921 922 905
f 905 922 906
f 922 907 906
f 906 907 891
f 907 158 891
f 891 158 156
f 923 162 161
f 277 276 278
f 276 924 278
f 278 924 908
f 924 925 908
f 908 925 909
f 925 926 909
f 909 926 910
f 926 927 910
f 910 927 911
f 927 928 911
f 911 928 912
f 928 929 912
f 912 929 913
f 929 930 913
f 913 930 914
f 930 931 914
f 914 931 915
f 931 932 915
f 915 932 916
f 932 933 916
f 916 933 917
f 933 934 917
f 917 934 918
f 934 935 918
f 918 935 919
f 935 936 919
f 919 936 920
f 936 937 920
f 920 937 921
f 937 938 921
f 921 938 922
f 938 923 922
f 922 923 907
f 923 161 907
f 907 161 159
f 939 165 164
f 275 274 276
f 274 940 276
f 276 940 924
f 940 941 924
f 924 941 925
f 941 942 925
f 925 942 926
f 942 943 926
f 926 943 927
f 943 944 927
f 927 944 928
f 944 945 928
f 928 945 929
f 945 946 929
f 929 946 930
f 946 947 930
f 930 947 931
f 947 948 931
f 931 948 932
f 948 949 932
f 932 949 933
f 949 950 933
f 933 950 934
f 950 951 934
f 934 951 935
f 951 952 935
f 935 952 936
f 952 953 936
f 936 953 937
f 953 954 937
f 937 954 938
f 954 939 938
f 938 939 923
f 939 164 923
f 923 164 162
f 955 168 167
f 273 272 274
f 272 956 274
f 274 956 940
f 956 957 940
f 940 957 941
f 957 958 941
f 941 958 942
f 958 959 942
f 942 959 943
f 959 960 943
f 943 960 944
f 960 961 944
f 944 961 945
f 961 962 945
f 945 962 946
f 962 963 946
f 946 963 947
f 963 964 947
f 947 964 948
f 964 965 948
f 948 965 949
f 965 966 949
f 949 966 950
f 966 967 950
f 950 967 951
f 967 968 951
f 951 968 952
f 968 969 952
f 952 969 953
f 969 970 953
f 953 970 954
f 970 955 954
f 954 955 939
f 955 167 939
f 939 167 165
f 971 171 170
f 271 270 272
f 270 972 272
f 272 972 956
f 972 973 956
f 956 973 957
f 973 974 957
f 957 974 958
f 974 975 958
f 958 975 959
f 975 976 959
f 959 976 960
f 976 977 960
f 960 977 961
f 977 978 961
f 961 978 962
f 978 979 962
f 962 979 963
f 979 980 963
f 963 980 964
f 980 981 964
f 964 981 965
f 981 982 965
f 965 982 966
f 982 983 966
f 966 983 967
f 983 984 967
f 967 984 968
f 984 985 968
f 968 985 969
f 985 986 969
f 969 986 970
f 986 971 970
f 970 971 955
f 971 170 955
f 955 170 168
f 987 174 173
f 269 268 270
f 268 988 270
f 270 988 972
f 988 989 972
f 972 989 973
f 989 990 973
f 973 990 974
f 990 991 974
f 974 991 975
f 991 992 975
f 975 992 976
f 992 993 976
f 976 993 977
f 993 994 977
f 977 994 978
f 994 995 978
f 978 995 979
f 995 996 979
f 979 996 980
f 996 997 980
f 980 997 981
f 997 998 981
f 981 998 982
f 998 999 982
f 982 999 983
f 999 1000 983
f 983 1000 984
f 1000 1001 984
f 984 1001 985
f 1001 1002 985
f 985 1002 986
f 1002 987 986
f 986 987 971
f 987 173 971
f 971 173 171
f 1003 177 176
f 267 266 268
f 266 1004 268
f 268 1004 988
f 1004 1005 988
f 988 1005 989
f 1005 1006 989
f 989 1006 990
f 1006 1007 990
f 990 1007 991
f 1007 1008 991
f 991 1008 992
f 1008 1009 992
f 992 1009 993
f 1009 1010 993
f 993 1010 994
f 1010 1011 994
f 994 1011 995
f 1011 1012 995
f 995 1012 996
f 1012 1013 996
f 996 1013 997
f 1013 1014 997
f 997 1014 998
f 1014 1015 998
f 998 1015 999
f 1015 1016 999
f 999 1016 1000
f 1016 1017 1000
f 1000 1017 1001
f 1017 1018 1001
f 1001 1018 1002
f 1018 1003 1002
f 1002 1003 987
f 1003 176 987
f 987 176 174
f 1019 180 179
f 265 264 266
f 264 1020 266
f 266 1020 1004
f 1020 1021 1004
f 1004 1021 1005
f 1021 1022 1005
f 1005 1022 1006
f 1022 1023 1006
f 1006 1023 1007
f 1023 1024 1007
f 1007 1024 1008
f 1024 1025 1008
f 1008 1025 1009
f 1025 1026 1009
f 1009 1026 1010
f 1026 1027 1010
f 1010 1027 1011
f 1027 1028 1011
f 1011 1028 1012
f 1028 1029 1012
f 1012 1029 1013
f 1029 1030 1013
f 1013 1030 1014
f 1030 1031 1014
f 1014 1031 1015
f 1031 1032 1015
f 1015 1032 1016
f 1032 1033 1016
f 1016 1033 1017
f 1033 1034 1017
f 1017 1034 1018
f 1034 1019 1018
f 1018 1019 1003
f 1019 179 1003
f 1003 179 177
f 1035 183 182
f 263 262 264
f 262 1036 264
f 264 1036 1020
f 1036 1037 1020
f 1020 1037 1021
f 1037 1038 1021
f 1021 1038 1022
f 1038 1039 1022
f 1022 1039 1023
f 1039 1040 1023
f 1023 1040 1024
f 1040 1041 1024
f 1024 1041 1025
f 1041 1042 1025
f 1025 1042 1026
f 1042 1043 1026
f 1026 1043 1027
f 1043 1044 1027
f 1027 1044 1028
f 1044 1045 1028
f 1028 1045 1029
f 1045 1046 1029
f 1029 1046 1030
f 1046 1047 1030
f 1030 1047 1031
f 1047 1048 1031
f 1031 1048 1032
f 1048 1049 1032
f 1032 1049 1033
f 1049 1050 1033
f 1033 1050 1034
f 1050 1035 1034
f 1034 1035 1019
f 1035 182 1019
f 1019 182 180
f 1051 186 185
f 261 260 262
f 260 1052 262
f 262 1052 1036
f 1052 1053 1036
f 1036 1053 1037
f 1053 1054 1037
f 1037 1054 1038
f 1054 1055 1038
f 1038 1055 1039
f 1055 1056 1039
f 1039 1056 1040
f 1056 1057 1040
f 1040 1057 1041
f 1057 1058 1041
f 1041 1058 1042
f 1058 1059 1042
f 1042 1059 1043
f 1059 1060 1043
f 1043 1060 1044
f 1060 1061 1044
f 1044 1061 1045
f 1061 1062 1045
f 1045 1062 1046
f 1062 1063 1046
f 1046 1063 1047
f 1063 1064 1047
f 1047 1064 1048
f 1064 1065 1048
f 1048 1065 1049
f 1065 1066 1049
f 1049 1066 1050
f 1066 1051 1050
f 1050 1051 1035
f 1051 185 1035
f 1035 185 183
f 1067 189 188
f 259 258 260
f 258 1068 260
f 260 1068 1052
f 1068 1069 1052
f 1052 1069 1053
f 1069 1070 1053
f 1053 1070 1054
f 1070 1071 1054
f 1054 1071 1055
f 1071 1072 1055
f 1055 1072 1056
f 1072 1073 1056
f 1056 1073 1057
f 1073 1074 1057
f 1057 1074 1058
f 1074 1075 1058
f 1058 1075 1059
f 1075 1076 1059
f 1059 1076 1060
f 1076 1077 1060
f 1060 1077 1061
f 1077 1078 1061
f 1061 1078 1062
f 1078 1079 1062
f 1062 1079 1063
f 1079 1080 1063
f 1063 1080 1064
f 1080 1081 1064
f 1064 1081 1065
f 1081 1082 1065
f 1065 1082 1066
f 1082 1067 1066
f 1066 1067 1051
f 1067 188 1051
f 1051 188 186
f 1083 192 191
f 257 256 258
f 256 1084 258
f 258 1084 1068
f 1084 1085 1068
f 1068 1085 1069
f 1085 1086 1069
f 1069 1086 1070
f 1086 1087 1070
f 1070 1087 1071
f 1087 1088 1071
f 1071 1088 1072
f 1088 1089 1072
f 1072 1089 1073
f 1089 1090 1073
f 1073 1090 1074
f 1090 1091 1074
f 1074 1091 1075
f 1091 1092 1075
f 1075 1092 1076
f 1092 1093 1076
f 1076 1093 1077
f 1093 1094 1077
f 1077 1094 1078
f 1094 1095 1078
f 1078 1095 1079
f 1095 1096 1079
f 1079 1096 1080
f 1096 1097 1080
f 1080 1097 1081
f 1097 1098 1081
f 1081 1098 1082
f 1098 1083 1082
f 1082 1083 1067
f 1083 191 1067
f 1067 191 189
f 1099 195 194
f 255 254 256
f 254 1100 256
f 256 1100 1084
f 1100 1101 1084
f 1084 1101 1085
f 1101 1102 1085
f 1085 1102 1086
f 1102 1103 1086
f 1086 1103 1087
f 1103 1104 1087
f 1087 1104 1088
f 1104 1105 1088
f 1088 1105 1089
f 1105 1106 1089
f 1089 1106 1090
f 1106 1107 1090
f 1090 1107 1091
f 1107 1108 1091
f 1091 1108 1092
f 1108 1109 1092
f 1092 1109 1093
f 1109 1110 1093
f 1093 1110 1094
f 1110 1111 1094
f 1094 1111 1095
f 1111 1112 1095
f 1095 1112 1096
f 1112 1113 1096
f 1096 1113 1097
f 1113 1114 1097
f 1097 1114 1098
f 1114 1099 1098
f 1098 1099 1083
f 1099 194 1083
f 1083 194 192
f 1115 198 197
f 253 252 254
f 252 1116 254
f 254 1116 1100
f 1116 1117 1100
f 1100 1117 1101
f 1117 1118 1101
f 1101 1118 1102
f 1118 1119 1102
f 1102 1119 1103
f 1119 1120 1103
f 1103 1120 1104
f 1120 1121 1104
f 1104 1121 1105
f 1121 1122 1105
f 1105 1122 1106
f 1122 1123 1106
f 1106 1123 1107
f 1123 1124 1107
f 1107 1124 1108
f 1124 1125 1108
f 1108 1125 1109
f 1125 1126 1109
f 1109 1126 1110
f 1126 1127 1110
f 1110 1127 1111
f 1127 1128 1111
f 1111 1128 1112
f 1128 1129 1112
f 1112 1129 1113
f 1129 1130 1113
f 1113 1130 1114
f 1130 1115 1114
f 1114 1115 1099
f 1115 197 1099
f 1099 197 195
f 1131 201 200
f 251 250 252
f 250 1132 252
f 252 1132 1116
f 1132 1133 1116
f 1116 1133 1117
f 1133 1134 1117
f 1117 1134 1118
f 1134 1135 1118
f 1118 1135 1119
f 1135 1136 1119
f 1119 1136 1120
f 1136 1137 1120
f 1120 1137 1121
f 1137 1138 1121
f 1121 1138 1122
f 1138 1139 1122
f 1122 1139 1123
f 1139 1140 1123
f 1123 1140 1124
f 1140 1141 1124
f 1124 1141 1125
f 1141 1142 1125
f 1125 1142 1126
f 1142 1143 1126
f 1126 1143 1127
f 1143 1144 1127
f 1127 1144 1128
f 1144 1145 1128
f 1128 1145 1129
f 1145 1146 1129
f 1129 1146 1130
f 1146 1131 1130
f 1130 1131 1115
f 1131 200 1115
f 1115 200 198
f 1147 204 203
f 249 248 250
f 248 1148 250
f 250 1148 1132
f 1148 1149 1132
f 1132 1149 1133
f 1149 1150 1133
f 1133 1150 1134
f 1150 1151 1134
f 1134 1151 1135
f 1151 1152 1135
f 1135 1152 1136
f 1152 1153 1136
f 1136 1153 1137
f 1153 1154 1137
f 1137 1154 1138
f 1154 1155 1138
f 1138 1155 1139
f 1155 1156 1139
f 1139 1156 1140
f 1156 1157 1140
f 1140 1157 1141
f 1157 1158 1141
f 1141 1158 1142
f 1158 1159 1142
f 1142 1159 1143
f 1159 1160 1143
f 1143 1160 1144
f 1160 1161 1144
f 1144 1161 1145
f 1161 1162 1145
f 1145 1162 1146
f 1162 1147 1146
f 1146 1147 1131
f 1147 203 1131
f 1131 203 201
f 1163 207 206
f 247 246 248
f 246 1164 248
f 248 1164 1148
f 1164 1165 1148
f 1148 1165 1149
f 1165 1166 1149
f 1149 1166 1150
f 1166 1167 1150
f 1150 1167 1151
f 1167 1168 1151
f 1151 1168 1152
f 1168 1169 1152
f 1152 1169 1153
f 1169 1170 1153
f 1153 1170 1154
f 1170 1171 1154
f 1154 1171 1155
f 1171 1172 1155
f 1155 1172 1156
f 1172 1173 1156
f 1156 1173 1157
f 1173 1174 1157
f 1157 1174 1158
f 1174 1175 1158
f 1158 1175 1159
f 1175 1176 1159
f 1159 1176 1160
f 1176 1177 1160
f 1160 1177 1161
f 1177 1178 1161
f 1161 1178 1162
f 1178 1163 1162
f 1162 1163 1147
f 1163 206 1147
f 1147 206 204
f 1179 210 209
f 245 244 246
f 244 1180 246
f 246 1180 1164
f 1180 1181 1164
f 1164 1181 1165
f 1181 1182 1165
f 1165 1182 1166
f 1182 1183 1166
f 1166 1183 1167
f 1183 1184 1167
f 1167 1184 1168
f 1184 1185 1168
f 1168 1185 1169
f 1185 1186 1169
f 1169 1186 1170
f 1186 1187 1170
f 1170 1187 1171
f 1187 1188 1171
f 1171 1188 1172
f 1188 1189 1172
f 1172 1189 1173
f 1189 1190 1173
f 1173 1190 1174
f 1190 1191 1174
f 1174 1191 1175
f 1191 1192 1175
f 1175 1192 1176
f 1192 1193 1176
f 1176 1193 1177
f 1193 1194 1177
f 1177 1194 1178
f 1194 1179 1178
f 1178 1179 1163
f 1179 209 1163
f 1163 209 207
f 1195 213 212
f 243 242 244
f 242 1196 244
f 244 1196 1180
f 1196 1197 1180
f 1180 1197 1181
f 1197 1198 1181
f 1181 1198 1182
f 1198 1199 1182
f 1182 1199 1183
f 1199 1200 1183
f 1183 1200 1184
f 1200 1201 1184
f 1184 1201 1185
f 1201 1202 1185
f 1185 1202 1186
f 1202 1203 1186
f 1186 1203 1187
f 1203 1204 1187
f 1187 1204 1188
f 1204 1205 1188
f 1188 1205 1189
f 1205 1206 1189
f 1189 1206 1190
f 1206 1207 1190
f 1190 1207 1191
f 1207 1208 1191
f 1191 1208 1192
f 1208 1209 1192
f 1192 1209 1193
f 1209 1210 1193
f 1193 1210 1194
f 1210 1195 1194
f 1194 1195 1179
f 1195 212 1179
f 1179 212 210
f 1211 216 215
f 241 240 242
f 240 1212 242
f 242 1212 1196
f 1212 1213 1196
f 1196 1213 1197
f 1213 1214 1197
f 1197 1214 1198
f 1214 1215 1198
f 1198 1215 1199
f 1215 1216 1199
f 1199 1216 1200
f 1216 1217 1200
f 1200 1217 1201
f 1217 1218 1201
f 1201 1218 1202
f 1218 1219 1202
f 1202 1219 1203
f 1219 1220 1203
f 1203 1220 1204
f 1220 1221 1204
f 1204 1221 1205
f 1221 1222 1205
f 1205 1222 1206
f 1222 1223 1206
f 1206 1223 1207
f 1223 1224 1207
f 1207 1224 1208
f 1224 1225 1208
f 1208 1225 1209
f 1225 1226 1209
f 1209 1226 1210
f 1226 1211 1210
f 1210 1211 1195
f 1211 215 1195
f 1195 215 213
f 1227 3 217
f 239 238 240
f 238 1228 240
f 240 1228 1212
f 1228 1229 1212
f 1212 1229 1213
f 1229 1230 1213
f 1213 1230 1214
f 1230 1231 1214
f 1214 1231 1215
f 1231 1232 1215
f 1215 1232 1216
f 1232 1233 1216
f 1216 1233 1217
f 1233 1234 1217
f 1217 1234 1218
f 1234 1235 1218
f 1218 1235 1219
f 1235 1236 1219
f 1219 1236 1220
f 1236 1237 1220
f 1220 1237 1221
f 1237 1238 1221
f 1221 1238 1222
f 1238 1239 1222
f 1222 1239 1223
f 1239 1240 1223
f 1223 1240 1224
f 1240 1241 1224
f 1224 1241 1225
f 1241 1242 1225
f 1225 1242 1226
f 1242 1227 1226
f 1226 1227 1211
f 1227 217 1211
f 1211 217 216
f 1243 5 4
f 236 235 238
f 235 1244 238
f 238 1244 1228
f 1244 1245 1228
f 1228 1245 1229
f 1245 1246 1229
f 1229 1246 1230
f 1246 1247 1230
f 1230 1247 1231
f 1247 1248 1231
f 1231 1248 1232
f 1248 1249 1232
f 1232 1249 1233
f 1249 1250 1233
f 1233 1250 1234
f 1250 1251 1234
f 1234 1251 1235
f 1251 1252 1235
f 1235 1252 1236
f 1252 1253 1236
f 1236 1253 1237
f 1253 1254 1237
f 1237 1254 1238
f 1254 1255 1238
f 1238 1255 1239
f 1255 1256 1239
f 1239 1256 1240
f 1256 1257 1240
f 1240 1257 1241
f 1257 1258 1241
f 1241 1258 1242
f 1258 1243 1242
f 1242 1243 1227
f 1243 4 1227
f 1227 4 3
f 1259 8 7
f 237 344 235
f 344 1260 235
f 235 1260 1244
f 1260 1261 1244
f 1244 1261 1245
f 1261 1262 1245
f 1245 1262 1246
f 1262 1263 1246
f 1246 1263 1247
f 1263 1264 1247
f 1247 1264 1248
f 1264 1265 1248
f 1248 1265 1249
f 1265 1266 1249
f 1249 1266 1250
f 1266 1267 1250
f 1250 1267 1251
f 1267 1268 1251
f 1251 1268 1252
f 1268 1269 1252
f 1252 1269 1253
f 1269 1270 1253
f 1253 1270 1254
f 1270 1271 1254
f 1254 1271 1255
f 1271 1272 1255
f 1255 1272 1256
f 1272 1273 1256
f 1256 1273 1257
f 1273 1274 1257
f 1257 1274 1258
f 1274 1259 1258
f 1258 1259 1243
f 1259 7 1243
f 1243 7 5
f 1275 11 10
f 343 342 344
f 342 1276 344
f 344 1276 1260
f 1276 1277 1260
f 1260 1277 1261
f 1277 1278 1261
f 1261 1278 1262
f 1278 1279 1262
f 1262 1279 1263
f 1279 1280 1263
f 1263 1280 1264
f 1280 1281 1264
f 1264 1281 1265
f 1281 1282 1265
f 1265 1282 1266
f 1282 1283 1266
f 1266 1283 1267
f 1283 1284 1267
f 1267 1284 1268
f 1284 1285 1268
f 1268 1285 1269
f 1285 1286 1269
f 1269 1286 1270
f 1286 1287 1270
f 1270 1287 1271
f 1287 1288 1271
f 1271 1288 1272
f 1288 1289 1272
f 1272 1289 1273
f 1289 1290 1273
f 1273 1290 1274
f 1290 1275 1274
f 1274 1275 1259
f 1275 10 1259
f 1259 10 8
f 1291 14 13
f 341 340 342
f 340 1292 342
f 342 1292 1276
f 1292 1293 1276
f 1276 1293 1277
f 1293 1294 1277
f 1277 1294 1278
f 1294 1295 1278
f 1278 1295 1279
f 1295 1296 1279
f 1279 1296 1280
f 1296 1297 1280
f 1280 1297 1281
f 1297 1298 1281
f 1281 1298 1282
f 1298 1299 1282
f 1282 1299 1283
f 1299 1300 1283
f 1283 1300 1284
f 1300 1301 1284
f 1284 1301 1285
f 1301 1302 1285
f 1285 1302 1286
f 1302 1303 1286
f 1286 1303 1287
f 1303 1304 1287
f 1287 1304 1288
f 1304 1305 1288
f 1288 1305 1289
f 1305 1306 1289
f 1289 1306 1290
f 1306 1291 1290
f 1290 1291 1275
f 1291 13 1275
f 1275 13 11
f 1307 17 16
f 339 338 340
f 338 1308 340
f 340 1308 1292
f 1308 1309 1292
f 1292 1309 1293
f 1309 1310 1293
f 1293 1310 1294
f 1310 1311 1294
f 1294 1311 1295
f 1311 1312 1295
f 1295 1312 1296
f 1312 1313 1296
f 1296 1313 1297
f 1313 1314 1297
f 1297 1314 1298
f 1314 1315 1298
f 1298 1315 1299
f 1315 1316 1299
f 1299 1316 1300
f 1316 1317 1300
f 1300 1317 1301
f 1317 1318 1301
f 1301 1318 1302
f 1318 1319 1302
f 1302 1319 1303
f 1319 1320 1303
f 1303 1320 1304
f 1320 1321 1304
f 1304 1321 1305
f 1321 1322 1305
f 1305 1322 1306
f 1322 1307 1306
f 1306 1307 1291
f 1307 16 1291
f 1291 16 14
f 1323 20 19
f 337 336 338
f 336 1324 338
f 338 1324 1308
f 1324 1325 1308
f 1308 1325 1309
f 1325 1326 1309
f 1309 1326 1310
f 1326 1327 1310
f 1310 1327 1311
f 1327 1328 1311
f 1311 1328 1312
f 1328 1329 1312
f 1312 1329 1313
f 1329 1330 1313
f 1313 1330 1314
f 1330 1331 1314
f 1314 1331 1315
f 1331 1332 1315
f 1315 1332 1316
f 1332 1333 1316
f 1316 1333 1317
f 1333 1334 1317
f 1317 1334 1318
f 1334 1335 1318
f 1318 1335 1319
f 1335 1336 1319
f 1319 1336 1320
f 1336 1337 1320
f 1320 1337 1321
f 1337 1338 1321
f 1321 1338 1322
f 1338 1323 1322
f 1322 1323 1307
f 1323 19 1307
f 1307 19 17
f 1339 23 22
f 335 334 336
f 334 1340 336
f 336 1340 1324
f 1340 1341 1324
f 1324 1341 1325
f 1341 1342 1325
f 1325 1342 1326
f 1342 1343 1326
f 1326 1343 1327
f 1343 1344 1327
f 1327 1344 1328
f 1344 1345 1328
f 1328 1345 1329
f 1345 1346 1329
f 1329 1346 1330
f 1346 1347 1330
f 1330 1347 1331
f 1347 1348 1331
f 1331 1348 1332
f 1348 1349 1332
f 1332 1349 1333
f 1349 1350 1333
f 1333 1350 1334
f 1350 1351 1334
f 1334 1351 1335
f 1351 1352 1335
f 1335 1352 1336
f 1352 1353 1336
f 1336 1353 1337
f 1353 1354 1337
f 1337 1354 1338
f 1354 1339 1338
f 1338 1339 1323
f 1339 22 1323
f 1323 22 20
f 1355 26 25
f 333 332 334
f 332 1356 334
f 334 1356 1340
f 1356 1357 1340
f 1340 1357 1341
f 1357 1358 1341
f 1341 1358 1342
f 1358 1359 1342
f 1342 1359 1343
f 1359 1360 1343
f 1343 1360 1344
f 1360 1361 1344
f 1344 1361 1345
f 1361 1362 1345
f 1345 1362 1346
f 1362 1363 1346
f 1346 1363 1347
f 1363 1364 1347
f 1347 1364 1348
f 1364 1365 1348
f 1348 1365 1349
f 1365 1366 1349
f 1349 1366 1350
f 1366 1367 1350
f 1350 1367 1351
f 1367 1368 1351
f 1351 1368 1352
f 1368 1369 1352
f 1352 1369 1353
f 1369 1370 1353
f 1353 1370 1354
f 1370 1355 1354
f 1354 1355 1339
f 1355 25 1339
f 1339 25 23
f 1371 29 28
f 331 330 332
f 330 1372 332
f 332 1372 1356
f 1372 1373 1356
f 1356 1373 1357
f 1373 1374 1357
f 1357 1374 1358
f 1374 1375 1358
f 1358 1375 1359
f 1375 1376 1359
f 1359 1376 1360
f 1376 1377 1360
f 1360 1377 1361
f 1377 1378 1361
f 1361 1378 1362
f 1378 1379 1362
f 1362 1379 1363
f 1379 1380 1363
f 1363 1380 1364
f 1380 1381 1364
f 1364 1381 1365
f 1381 1382 1365
f 1365 1382 1366
f 1382 1383 1366
f 1366 1383 1367
f 1383 1384 1367
f 1367 1384 1368
f 1384 1385 1368
f 1368 1385 1369
f 1385 1386 1369
f 1369 1386 1370
f 1386 1371 1370
f 1370 1371 1355
f 1371 28 1355
f 1355 28 26
f 1387 32 31
f 329 328 330
f 328 1388 330
f 330 1388 1372
f 1388 1389 1372
f 1372 1389 1373
f 1389 1390 1373
f 1373 1390 1374
f 1390 1391 1374
f 1374 1391 1375
f 1391 1392 1375
f 1375 1392 1376
f 1392 1393 1376
f 1376 1393 1377
f 1393 1394 1377
f 1377 1394 1378
f 1394 1395 1378
f 1378 1395 1379
f 1395 1396 1379
f 1379 1396 1380
f 1396 1397 1380
f 1380 1397 1381
f 1397 1398 1381
f 1381 1398 1382
f 1398 1399 1382
f 1382 1399 1383
f 1399 1400 1383
f 1383 1400 1384
f 1400 1401 1384
f 1384 1401 1385
f 1401 1402 1385
f 1385 1402 1386
f 1402 1387 1386
f 1386 1387 1371
f 1387 31 1371
f 1371 31 29
f 1403 35 34
f 327 326 328
f 326 1404 328
f 328 1404 1388
f 1404 1405 1388
f 1388 1405 1389
f 1405 1406 1389
f 1389 1406 1390
f 1406 1407 1390
f 1390 1407 1391
f 1407 1408 1391
f 1391 1408 1392
f 1408 1409 1392
f 1392 1409 1393
f 1409 1410 1393
f 1393 1410 1394
f 1410 1411 1394
f 1394 1411 1395
f 1411 1412 1395
f 1395 1412 1396
f 1412 1413 1396
f 1396 1413 1397
f 1413 1414 1397
f 1397 1414 1398
f 1414 1415 1398
f 1398 1415 1399
f 1415 1416 1399
f 1399 1416 1400
f 1416 1417 1400
f 1400 1417 1401
f 1417 1418 1401
f 1401 1418 1402
f 1418 1403 1402
f 1402 1403 1387
f 1403 34 1387
f 1387 34 32
f 1419 38 37
f 325 324 326
f 324 1420 326
f 326 1420 1404
f 1420 1421 1404
f 1404 1421 1405
f 1421 1422 1405
f 1405 1422 1406
f 1422 1423 1406
f 1406 1423 1407
f 1423 1424 1407
f 1407 1424 1408
f 1424 1425 1408
f 1408 1425 1409
f 1425 1426 1409
f 1409 1426 1410
f 1426 1427 1410
f 1410 1427 1411
f 1427 1428 1411
f 1411 1428 1412
f 1428 1429 1412
f 1412 1429 1413
f 1429 1430 1413
f 1413 1430 1414
f 1430 1431 1414
f 1414 1431 1415
f 1431 1432 1415
f 1415 1432 1416
f 1432 1433 1416
f 1416 1433 1417
f 1433 1434 1417
f 1417 1434 1418
f 1434 1419 1418
f 1418 1419 1403
f 1419 37 1403
f 1403 37 35
f 1435 41 40
f 323 322 324
f 322 1436 324
f 324 1436 1420
f 1436 1437 1420
f 1420 1437 1421
f 1437 1438 1421
f 1421 1438 1422
f 1438 1439 1422
f 1422 1439 1423
f 1439 1440 1423
f 1423 1440 1424
f 1440 1441 1424
f 1424 1441 1425
f 1441 1442 1425
f 1425 1442 1426
f 1442 1443 1426
f 1426 1443 1427
f 1443 1444 1427
f 1427 1444 1428
f 1444 1445 1428
f 1428 1445 1429
f 1445 1446 1429
f 1429 1446 1430
f 1446 1447 1430
f 1430 1447 1431
f 1447 1448 1431
f 1431 1448 1432
f 1448 1449 1432
f 1432 1449 1433
f 1449 1450 1433
f 1433 1450 1434
f 1450 1435 1434
f 1434 1435 1419
f 1435 40 1419
f 1419 40 38
f 1451 44 43
f 321 320 322
f 320 1452 322
f 322 1452 1436
f 1452 1453 1436
f 1436 1453 1437
f 1453 1454 1437
f 1437 1454 1438
f 1454 1455 1438
f 1438 1455 1439
f 1455 1456 1439
f 1439 1456 1440
f 1456 1457 1440
f 1440 1457 1441
f 1457 1458 1441
f 1441 1458 1442
f 1458 1459 1442
f 1442 1459 1443
f 1459 1460 1443
f 1443 1460 1444
f 1460 1461 1444
f 1444 1461 1445
f 1461 1462 1445
f 1445 1462 1446
f 1462 1463 1446
f 1446 1463 1447
f 1463 1464 1447
f 1447 1464 1448
f 1464 1465 1448
f 1448 1465 1449
f 1465 1466 1449
f 1449 1466 1450
f 1466 1451 1450
f 1450 1451 1435
f 1451 43 1435
f 1435 43 41
f 1467 47 46
f 319 318 320
f 318 1468 320
f 320 1468 1452
f 1468 1469 1452
f 1452 1469 1453
f 1469 1470 1453
f 1453 1470 1454
f 1470 1471 1454
f 1454 1471 1455
f 1471 1472 1455
f 1455 1472 1456
f 1472 1473 1456
f 1456 1473 1457
f 1473 1474 1457
f 1457 1474 1458
f 1474 1475 1458
f 1458 1475 1459
f 1475 1476 1459
f 1459 1476 1460
f 1476 1477 1460
f 1460 1477 1461
f 1477 1478 1461
f 1461 1478 1462
f 1478 1479 1462
f 1462 1479 1463
f 1479 1480 1463
f 1463 1480 1464
f 1480 1481 1464
f 1464 1481 1465
f 1481 1482 1465
f 1465 1482 1466
f 1482 1467 1466
f 1466 1467 1451
f 1467 46 1451
f 1451 46 44
f 1483 50 49
f 317 316 318
f 316 1484 318
f 318 1484 1468
f 1484 1485 1468
f 1468 1485 1469
f 1485 1486 1469
f 1469 1486 1470
f 1486 1487 1470
f 1470 1487 1471
f 1487 1488 1471
f 1471 1488 1472
f 1488 1489 1472
f 1472 1489 1473
f 1489 1490 1473
f 1473 1490 1474
f 1490 1491 1474
f 1474 1491 1475
f 1491 1492 1475
f 1475 1492 1476
f 1492 1493 1476
f 1476 1493 1477
f 1493 1494 1477
f 1477 1494 1478
f 1494 1495 1478
f 1478 1495 1479
f 1495 1496 1479
f 1479 1496 1480
f 1496 1497 1480
f 1480 1497 1481
f 1497 1498 1481
f 1481 1498 1482
f 1498 1483 1482
f 1482 1483 1467
f 1483 49 1467
f 1467 49 47
f 1499 53 52
f 314 313 316
f 313 1500 316
f 316 1500 1484
f 1500 1501 1484
f 1484 1501 1485
f 1501 1502 1485
f 1485 1502 1486
f 1502 1503 1486
f 1486 1503 1487
f 1503 1504 1487
f 1487 1504 1488
f 1504 1505 1488
f 1488 1505 1489
f 1505 1506 1489
f 1489 1506 1490
f 1506 1507 1490
f 1490 1507 1491
f 1507 1508 1491
f 1491 1508 1492
f 1508 1509 1492
f 1492 1509 1493
f 1509 1510 1493
f 1493 1510 1494
f 1510 1511 1494
f 1494 1511 1495
f 1511 1512 1495
f 1495 1512 1496
f 1512 1513 1496
f 1496 1513 1497
f 1513 1514 1497
f 1497 1514 1498
f 1514 1499 1498
f 1498 1499 1483
f 1499 52 1483
f 1483 52 50
f 61 59 513
f 59 58 513
f 513 58 514
f 58 56 514
f 514 56 55
f 315 649 313
f 649 633 313
f 313 633 1500
f 633 618 1500
f 1500 618 1501
f 618 604 1501
f 1501 604 1502
f 604 591 1502
f 1502 591 1503
f 591 579 1503
f 1503 579 1504
f 579 568 1504
f 1504 568 1505
f 568 558 1505
f 1505 558 1506
f 558 549 1506
f 1506 549 1507
f 549 541 1507
f 1507 541 1508
f 541 534 1508
f 1508 534 1509
f 534 528 1509
f 1509 528 1510
f 528 523 1510
f 1510 523 1511
f 523 519 1511
f 1511 519 1512
f 519 516 1512
f 1512 516 1513
f 516 512 1513
f 1513 512 1514
f 512 514 1514
f 1514 514 1499
f 514 55 1499
f 1499 55 53
f 463 479 1515
f 479 311 1515
f 1515 311 1516
f 311 310 1516
f 1516 310 1517
f 310 345 1517
f 1517 345 1518
f 345 682 1518
f 1518 682 1519
f 682 315 1519
f 1519 315 1520
f 315 314 1520
f 1520 314 1521
f 314 317 1521
f 1521 317 1522
f 317 319 1522
f 1522 319 1523
f 319 321 1523
f 1523 321 1524
f 321 323 1524
f 1524 323 1525
f 323 325 1525
f 1525 325 1526
f 325 327 1526
f 1526 327 1527
f 327 329 1527
f 1527 329 1528
f 329 331 1528
f 1528 331 1529
f 331 333 1529
f 1529 333 1530
f 333 335 1530
f 1530 335 1531
f 335 337 1531
f 1531 337 1532
f 337 339 1532
f 1532 339 1533
f 339 341 1533
f 1533 341 1534
f 341 343 1534
f 1534 343 1535
f 343 237 1535
f 1535 237 1536
f 237 236 1536
f 1536 236 1537
f 236 239 1537
f 1537 239 1538
f 239 241 1538
f 1538 241 1539
f 241 243 1539
f 1539 243 1540
f 243 245 1540
f 1540 245 1541
f 245 247 1541
f 1541 247 1542
f 247 249 1542
f 1542 249 1543
f 249 251 1543
f 1543 251 1544
f 251 253 1544
f 1544 253 1545
f 253 255 1545
f 1545 255 1546
f 255 257 1546
f 1546 257 1547
f 257 259 1547
f 1547 259 1548
f 259 261 1548
f 1548 261 1549
f 261 263 1549
f 1549 263 1550
f 263 265 1550
f 1550 265 1551
f 265 267 1551
f 1551 267 1552
f 267 269 1552
f 1552 269 1553
f 269 271 1553
f 1553 271 1554
f 271 273 1554
f 1554 273 1555
f 273 275 1555
f 1555 275 1556
f 275 277 1556
f 1556 277 1557
f 277 279 1557
f 1557 279 1558
f 279 281 1558
f 1558 281 1559
f 281 283 1559
f 1559 283 1560
f 283 285 1560
f 1560 285 1561
f 285 287 1561
f 1561 287 1562
f 287 289 1562
f 1562 289 1563
f 289 291 1563
f 1563 291 1564
f 291 293 1564
f 1564 293 1565
f 293 295 1565
f 1565 295 1566
f 295 297 1566
f 1566 297 1567
f 297 299 1567
f 1567 299 1568
f 299 301 1568
f 1568 301 1569
f 301 303 1569
f 1569 303 1570
f 303 305 1570
f 1570 305 1571
f 305 307 1571
f 1571 307 1572
f 307 309 1572
f 1572 309 1573
f 309 346 1573
f 1573 346 1574
f 346 349 1574
f 1574 349 1575
f 349 353 1575
f 1575 353 1576
f 353 358 1576
f 1576 358 1577
f 358 364 1577
f 1577 364 1578
f 364 371 1578
f 1578 371 1579
f 371 379 1579
f 1579 379 1580
f 379 388 1580
f 1580 388 1581
f 388 398 1581
f 1581 398 1582
f 398 409 1582
f 1582 409 1583
f 409 421 1583
f 1583 421 1584
f 421 434 1584
f 1584 434 1585
f 434 448 1585
f 1585 448 1586
f 448 463 1586
f 1586 463 1515
f 184 1587 181
f 1587 1588 181
f 181 1588 178
f 1588 1589 178
f 178 1589 175
f 1589 1590 175
f 175 1590 172
f 1590 1591 172
f 172 1591 169
f 1591 1592 169
f 169 1592 166
f 1592 1593 166
f 166 1593 163
f 1593 1594 163
f 163 1594 160
f 1594 1595 160
f 160 1595 157
f 1595 1596 157
f 157 1596 154
f 1596 1597 154
f 154 1597 151
f 1597 1598 151
f 151 1598 148
f 1598 1599 148
f 148 1599 145
f 1599 1600 145
f 145 1600 142
f 1600 1601 142
f 142 1601 139
f 1601 1602 139
f 139 1602 136
f 1602 1603 136
f 136 1603 133
f 1603 1604 133
f 133 1604 130
f 1604 1605 130
f 130 1605 127
f 1605 1606 127
f 127 1606 124
f 1606 1607 124
f 124 1607 121
f 1607 1608 121
f 121 1608 118
f 1608 1609 118
f 118 1609 114
f 1609 1610 114
f 114 1610 111
f 1610 1611 111
f 111 1611 108
f 1611 1612 108
f 108 1612 105
f 1612 1613 105
f 105 1613 102
f 1613 1614 102
f 102 1614 99
f 1614 1615 99
f 99 1615 96
f 1615 1616 96
f 96 1616 93
f 1616 1617 93
f 93 1617 90
f 1617 1618 90
f 90 1618 87
f 1618 1619 87
f 87 1619 84
f 1619 1620 84
f 84 1620 81
f 1620 1621 81
f 81 1621 78
f 1621 1622 78
f 78 1622 75
f 1622 1623 75
f 75 1623 72
f 1623 1624 72
f 72 1624 69
f 1624 1625 69
f 69 1625 66
f 1625 1626 66
f 66 1626 63
f 1626 1627 63
f 63 1627 60
f 1627 1628 60
f 60 1628 57
f 1628 1629 57
f 57 1629 54
f 1629 1630 54
f 54 1630 51
f 1630 1631 51
f 51 1631 48
f 1631 1632 48
f 48 1632 45
f 1632 1633 45
f 45 1633 42
f 1633 1634 42
f 42 1634 39
f 1634 1635 39
f 39 1635 36
f 1635 1636 36
f 36 1636 33
f 1636 1637 33
f 33 1637 30
f 1637 1638 30
f 30 1638 27
f 1638 1639 27
f 27 1639 24
f 1639 1640 24
f 24 1640 21
f 1640 1641 21
f 21 1641 18
f 1641 1642 18
f 18 1642 15
f 1642 1643 15
f 15 1643 12
f 1643 1644 12
f 12 1644 9
f 1644 1645 9
f 9 1645 6
f 1645 1646 6
f 6 1646 1
f 1646 1647 1
f 1 1647 2
f 1647 1648 2
f 2 1648 214
f 1648 1649 214
f 214 1649 211
f 1649 1650 211
f 211 1650 208
f 1650 1651 208
f 208 1651 205
f 1651 1652 205
f 205 1652 202
f 1652 1653 202
f 202 1653 199
f 1653 1654 199
f 199 1654 196
f 1654 1655 196
f 196 1655 193
f 1655 1656 193
f 193 1656 190
f 1656 1657 190
f 190 1657 187
f 1657 1658 187
f 187 1658 184
f 1658 1587 184
f 1648 1659 1649
f 1659 1660 1649
f 1649 1660 1650
f 1660 1661 1650
f 1650 1661 1651
f 1661 1662 1651
f 1651 1662 1652
f 1662 1663 1652
f 1652 1663 1653
f 1663 1664 1653
f 1653 1664 1654
f 1664 1665 1654
f 1654 1665 1655
f 1665 1666 1655
f 1655 1666 1656
f 1666 1667 1656
f 1656 1667 1657
f 1667 1668 1657
f 1657 1668 1658
f 1668 1669 1658
f 1658 1669 1587
f 1669 1670 1587
f 1587 1670 1588
f 1670 1671 1588
f 1588 1671 1589
f 1671 1672 1589
f 1589 1672 1590
f 1672 1673 1590
f 1590 1673 1591
f 1673 1674 1591
f 1591 1674 1592
f 1674 1675 1592
f 1592 1675 1593
f 1675 1676 1593
f 1593 1676 1594
f 1676 1677 1594
f 1594 1677 1595
f 1677 1678 1595
f 1595 1678 1596
f 1678 1679 1596
f 1596 1679 1597
f 1679 1680 1597
f 1597 1680 1598
f 1680 1681 1598
f 1598 1681 1599
f 1681 1682 1599
f 1599 1682 1600
f 1682 1683 1600
f 1600 1683 1601
f 1683 1684 1601
f 1601 1684 1602
f 1684 1685 1602
f 1602 1685 1603
f 1685 1686 1603
f 1603 1686 1604
f 1686 1687 1604
f 1604 1687 1605
f 1687 1688 1605
f 1605 1688 1606
f 1688 1689 1606
f 1606 1689 1607
f 1689 1690 1607
f 1607 1690 1608
f 1690 1691 1608
f 1608 1691 1609
f 1691 1692 1609
f 1609 1692 1610
f 1692 1693 1610
f 1610 1693 1611
f 1693 1694 1611
f 1611 1694 1612
f 1694 1695 1612
f 1612 1695 1613
f 1695 1696 1613
f 1613 1696 1614
f 1696 1697 1614
f 1614 1697 1615
f 1697 1698 1615
f 1615 1698 1616
f 1698 1699 1616
f 1616 1699 1617
f 1699 1700 1617
f 1617 1700 1618
f 1700 1701 1618
f 1618 1701 1619
f 1701 1702 1619
f 1619 1702 1620
f 1702 1703 1620
f 1620 1703 1621
f 1703 1704 1621
f 1621 1704 1622
f 1704 1705 1622
f 1622 1705 1623
f 1705 1706 1623
f 1623 1706 1624
f 1706 1707 1624
f 1624 1707 1625
f 1707 1708 1625
f 1625 1708 1626
f 1708 1709 1626
f 1626 1709 1627
f 1709 1710 1627
f 1627 1710 1628
f 1710 1711 1628
f 1628 1711 1629
f 1711 1712 1629
f 1629 1712 1630
f 1712 1713 1630
f 1630 1713 1631
f 1713 1714 1631
f 1631 1714 1632
f 1714 1715 1632
f 1632 1715 1633
f 1715 1716 1633
f 1633 1716 1634
f 1716 1717 1634
f 1634 1717 1635
f 1717 1718 1635
f 1635 1718 1636
f 1718 1719 1636
f 1636 1719 1637
f 1719 1720 1637
f 1637 1720 1638
f 1720 1721 1638
f 1638 1721 1639
f 1721 1722 1639
f 1639 1722 1640
f 1722 1723 1640
f 1640 1723 1641
f 1723 1724 1641
f 1641 1724 1642
f 1724 1725 1642
f 1642 1725 1643
f 1725 1726 1643
f 1643 1726 1644
f 1726 1727 1644
f 1644 1727 1645
f 1727 1728 1645
f 1645 1728 1646
f 1728 1729 1646
f 1646 1729 1647
f 1729 1730 1647
f 1647 1730 1648
f 1730 1659 1648
f 1731 1732 1733
f 1734 1735 1736
f 1735 1731 1736
f 1736 1731 1737
f 1731 1733 1737
f 1687 1686 1738
f 1686 1685 1738
f 1685 1684 1738
f 1684 1683 1738
f 1738 1683 1682
f 1739 1740 1741
f 1693 1692 1741
f 1742 1743 1744
f 1745 1732 1746
f 1728 1727 1731
f 1692 1691 1741
f 1691 1690 1741
f 1741 1690 1739
f 1747 1748 1749
f 1727 1726 1731
f 1726 1725 1731
f 1731 1725 1724
f 1750 1751 1688
f 1690 1689 1739
f 1689 1688 1739
f 1739 1688 1752
f 1688 1753 1752
f 1754 1755 1733
f 1756 1716 1715
f 1757 1758 1759
f 1758 1760 1759
f 1759 1760 1761
f 1761 1762 1759
f 1762 1763 1759
f 1759 1763 1736
f 1662 1661 1735
f 1661 1660 1735
f 1724 1723 1731
f 1723 1722 1731
f 1731 1722 1764
f 1722 1721 1764
f 1764 1721 1765
f 1721 1720 1765
f 1765 1720 1746
f 1744 1766 1767
f 1768 1769 1770
f 1769 1745 1770
f 1770 1745 1771
f 1745 1746 1771
f 1771 1746 1772
f 1746 1720 1772
f 1772 1720 1719
f 1715 1714 1756
f 1714 1713 1756
f 1756 1713 1712
f 1749 1773 1774
f 1775 1776 1736
f 1776 1777 1736
f 1778 1779 1736
f 1779 1780 1736
f 1736 1780 1781
f 1660 1659 1735
f 1659 1730 1735
f 1735 1730 1731
f 1730 1729 1731
f 1731 1729 1728
f 1682 1681 1738
f 1681 1680 1738
f 1738 1680 1679
f 1671 1670 1782
f 1667 1666 1782
f 1666 1665 1782
f 1782 1665 1664
f 1687 1738 1688
f 1738 1783 1688
f 1688 1783 1784
f 1700 1699 1785
f 1699 1698 1785
f 1785 1698 1697
f 1786 1787 1744
f 1787 1788 1744
f 1744 1788 1789
f 1790 1791 1733
f 1792 1793 1733
f 1793 1794 1733
f 1733 1794 1795
f 1795 1796 1733
f 1796 1797 1733
f 1733 1797 1798
f 1749 1799 1800
f 1748 1801 1749
f 1801 1802 1749
f 1749 1802 1773
f 1763 1803 1736
f 1803 1804 1736
f 1736 1804 1805
f 1777 1806 1736
f 1806 1807 1736
f 1736 1807 1778
f 1781 1808 1736
f 1808 1809 1736
f 1736 1809 1810
f 1811 1812 1736
f 1782 1675 1674
f 1751 1813 1688
f 1813 1814 1688
f 1688 1814 1815
f 1697 1696 1785
f 1696 1695 1785
f 1785 1695 1741
f 1695 1694 1741
f 1741 1694 1693
f 1816 1756 1817
f 1756 1712 1817
f 1817 1712 1744
f 1712 1711 1744
f 1744 1711 1710
f 1744 1707 1706
f 1700 1785 1701
f 1785 1766 1701
f 1701 1766 1702
f 1791 1818 1733
f 1818 1819 1733
f 1733 1819 1754
f 1755 1820 1733
f 1820 1821 1733
f 1733 1821 1792
f 1798 1822 1733
f 1822 1823 1733
f 1733 1823 1824
f 1825 1826 1717
f 1800 1827 1749
f 1827 1828 1749
f 1749 1828 1829
f 1774 1830 1749
f 1830 1831 1749
f 1749 1831 1832
f 1805 1833 1736
f 1833 1834 1736
f 1736 1834 1775
f 1679 1678 1738
f 1678 1677 1738
f 1738 1677 1782
f 1677 1676 1782
f 1782 1676 1675
f 1674 1673 1782
f 1673 1672 1782
f 1782 1672 1671
f 1670 1669 1782
f 1669 1668 1782
f 1782 1668 1667
f 1815 1835 1688
f 1835 1836 1688
f 1688 1836 1837
f 1838 1839 1744
f 1839 1840 1744
f 1744 1840 1742
f 1710 1709 1744
f 1709 1708 1744
f 1744 1708 1707
f 1706 1705 1744
f 1705 1704 1744
f 1744 1704 1766
f 1704 1703 1766
f 1766 1703 1702
f 1825 1717 1841
f 1826 1842 1717
f 1842 1843 1717
f 1717 1843 1718
f 1843 1844 1718
f 1845 1846 1847
f 1829 1848 1749
f 1848 1849 1749
f 1749 1849 1747
f 1810 1850 1736
f 1850 1851 1736
f 1736 1851 1852
f 1852 1853 1736
f 1853 1854 1736
f 1736 1854 1855
f 1736 1856 1857
f 1812 1858 1736
f 1858 1859 1736
f 1736 1859 1734
f 1859 1860 1734
f 1734 1860 1861
f 1837 1862 1688
f 1862 1863 1688
f 1688 1863 1753
f 1789 1864 1744
f 1864 1865 1744
f 1744 1865 1866
f 1844 1867 1718
f 1867 1868 1718
f 1718 1868 1869
f 1718 1870 1871
f 1872 1873 1718
f 1873 1874 1718
f 1718 1874 1719
f 1874 1875 1719
f 1719 1875 1876
f 1876 1877 1719
f 1877 1878 1719
f 1719 1878 1772
f 1845 1847 1879
f 1846 1880 1847
f 1880 1749 1847
f 1847 1749 1881
f 1749 1782 1881
f 1881 1782 1882
f 1782 1664 1882
f 1882 1664 1735
f 1664 1663 1735
f 1735 1663 1662
f 1855 1883 1736
f 1883 1884 1736
f 1736 1884 1856
f 1857 1885 1736
f 1885 1886 1736
f 1736 1886 1811
f 1784 1887 1688
f 1887 1888 1688
f 1688 1888 1889
f 1767 1890 1744
f 1890 1891 1744
f 1744 1891 1892
f 1869 1893 1718
f 1893 1894 1718
f 1718 1894 1870
f 1716 1756 1717
f 1756 1895 1717
f 1717 1895 1841
f 1861 1896 1734
f 1896 1897 1734
f 1734 1897 1847
f 1897 1898 1847
f 1847 1898 1879
f 1880 1899 1749
f 1899 1900 1749
f 1749 1900 1901
f 1902 1903 1749
f 1903 1904 1749
f 1749 1904 1799
f 1889 1905 1688
f 1905 1906 1688
f 1688 1906 1907
f 1907 1908 1688
f 1908 1909 1688
f 1688 1909 1750
f 1892 1910 1744
f 1910 1911 1744
f 1744 1911 1912
f 1912 1913 1744
f 1913 1914 1744
f 1744 1914 1786
f 1866 1915 1744
f 1915 1916 1744
f 1744 1916 1838
f 1917 1918 1733
f 1918 1919 1733
f 1733 1919 1920
f 1921 1733 1922
f 1733 1923 1922
f 1871 1924 1718
f 1924 1925 1718
f 1718 1925 1872
f 1901 1926 1749
f 1926 1927 1749
f 1749 1927 1902
f 1745 1928 1732
f 1928 1929 1732
f 1732 1929 1733
f 1929 1930 1733
f 1733 1930 1917
f 1920 1931 1733
f 1931 1932 1733
f 1733 1932 1933
f 1933 1934 1733
f 1934 1935 1733
f 1733 1935 1923
f 1921 1936 1733
f 1936 1937 1733
f 1733 1937 1938
f 1938 1939 1733
f 1939 1940 1733
f 1733 1940 1941
f 1941 1942 1733
f 1942 1943 1733
f 1733 1943 1944
f 1944 1945 1733
f 1945 1946 1733
f 1733 1946 1790
f 1947 1948 1949
f 1950 1951 1952
f 1951 1947 1952
f 1953 1741 1949
f 1741 1740 1949
f 1949 1740 1947
f 1740 1954 1947
f 1955 1956 1947
f 1957 1952 1958
f 1952 1947 1958
f 1958 1947 1959
f 1947 1956 1959
f 1960 1947 1961
f 1947 1962 1961
f 1960 1963 1947
f 1963 1964 1947
f 1947 1964 1955
f 1965 1966 1947
f 1966 1967 1947
f 1947 1967 1962
f 1954 1968 1947
f 1968 1969 1947
f 1947 1969 1970
f 1970 1971 1947
f 1971 1972 1947
f 1947 1972 1965
f 1973 1951 1974
f 1951 1975 1974
f 1974 1975 1976
f 1975 1977 1976
f 1978 1979 1975
f 1979 1980 1975
f 1975 1980 1977
f 1981 1947 1982
f 1947 1951 1982
f 1982 1951 1983
f 1951 1973 1983
f 1984 1985 1986
f 1987 1988 1989
f 1985 1990 1991
f 1992 1993 1994
f 1995 1985 1996
f 1985 1997 1996
f 1998 1999 2000
f 1999 2001 2000
f 2000 2001 1994
f 1994 2002 2003
f 1991 2004 1985
f 2004 2005 1985
f 1985 2005 2006
f 1985 2007 2008
f 1979 1978 2009
f 1978 2010 2009
f 2003 2011 1994
f 2011 2012 1994
f 1994 2012 1992
f 1993 2013 1994
f 2013 2014 1994
f 1994 2014 2000
f 2006 2015 1985
f 2015 2016 1985
f 1985 2016 1997
f 1995 2017 1985
f 2017 2018 1985
f 1985 2018 2007
f 2008 2019 1985
f 2019 2020 1985
f 1985 2020 2021
f 2022 2023 1978
f 2023 2024 1978
f 1978 2024 2025
f 2026 2027 2028
f 2027 2029 2028
f 2026 2030 2027
f 2030 2031 2027
f 2027 2031 2032
f 2033 2034 1986
f 2025 2035 1978
f 2035 2036 1978
f 1978 2036 2010
f 2037 2038 2027
f 2038 2039 2027
f 2027 2039 2029
f 2040 2041 1989
f 2041 2042 1989
f 1989 2042 2043
f 1948 2044 2045
f 2045 2046 1948
f 2046 2047 1948
f 1948 2047 2048
f 2021 2049 1985
f 2049 2050 1985
f 1985 2050 1986
f 2050 2051 1986
f 1986 2051 2052
f 2052 2053 1986
f 2053 2054 1986
f 1986 2054 2055
f 2055 2056 1986
f 2056 2057 1986
f 1986 2057 2058
f 2032 2059 2027
f 2059 2060 2027
f 2027 2060 2061
f 2061 2062 2027
f 2062 2063 2027
f 2027 2063 1989
f 2063 2064 1989
f 1989 2064 2040
f 1987 1989 2065
f 2066 2067 2068
f 2067 2069 2068
f 2066 2070 2067
f 2070 2071 2067
f 2067 2071 2072
f 2067 2073 2074
f 2048 2075 1948
f 2075 2076 1948
f 1948 2076 2077
f 2077 2078 1948
f 2078 2079 1948
f 1948 2079 2080
f 2034 2081 1986
f 2081 2082 1986
f 1986 2082 2083
f 1947 1981 2084
f 2084 2085 1947
f 2085 2086 1947
f 1947 2086 2087
f 1948 2088 2089
f 2089 2090 1948
f 2090 2091 1948
f 1948 2091 2044
f 2091 2092 2044
f 2044 2092 2093
f 2058 2094 1986
f 2094 2095 1986
f 1986 2095 1978
f 2095 2096 1978
f 1978 2096 2022
f 2067 2097 2098
f 2099 2100 2067
f 2100 2101 2067
f 2067 2101 2102
f 2103 2104 2105
f 2104 2067 2105
f 2105 2067 2106
f 2067 2074 2106
f 2083 2107 1986
f 2107 2108 1986
f 1986 2108 2109
f 2110 2111 2067
f 2111 2112 2067
f 2067 2112 2113
f 2087 2114 1947
f 2114 2115 1947
f 1947 2115 2116
f 2116 2117 1947
f 2117 2118 1947
f 1947 2118 1948
f 2118 2119 1948
f 1948 2119 2088
f 2093 2120 2044
f 2120 2121 2044
f 2044 2121 1994
f 2121 2122 1994
f 1994 2122 2123
f 2043 2124 1989
f 2124 2125 1989
f 1989 2125 2065
f 2125 2126 2065
f 2065 2126 1998
f 2126 2127 1998
f 1998 2127 1999
f 2072 2128 2067
f 2128 2129 2067
f 2067 2129 2097
f 2102 2130 2067
f 2130 2131 2067
f 2067 2131 2073
f 2132 2133 2067
f 2133 2134 2067
f 2067 2134 2110
f 2123 2135 1994
f 2135 2136 1994
f 1994 2136 2137
f 2137 2138 1994
f 2138 2139 1994
f 1994 2139 2002
f 2098 2140 2067
f 2140 2141 2067
f 2067 2141 2099
f 2080 2142 1948
f 2142 2143 1948
f 1948 2143 1986
f 2143 2144 1986
f 1986 2144 2033
f 2027 2145 2146
f 2146 2147 2027
f 2147 2148 2027
f 2027 2148 2037
f 2148 2149 2037
f 2037 2149 2113
f 2149 2150 2113
f 2113 2150 2067
f 2150 2151 2067
f 2067 2151 2069
f 2152 2153 1984
f 2153 2154 1984
f 2155 2156 2132
f 2156 2157 2132
f 2132 2157 2133
f 2157 2158 2133
f 2133 2158 2159
f 2109 2160 1986
f 2160 2161 1986
f 1986 2161 1984
f 2161 2162 1984
f 1984 2162 2152
f 2158 2163 2159
f 2163 2164 2159
f 2159 2164 2165
f 2165 2166 2159
f 2166 2167 2159
f 2159 2167 2168
f 2154 2169 1984
f 2169 2170 1984
f 1984 2170 2171
f 2171 2172 1984
f 2172 2173 1984
f 1984 2173 2174
f 2174 2175 1984
f 2175 2176 1984
f 1984 2176 2177
f 2178 2179 2180
f 2178 2180 2181
f 2179 2182 2180
f 2182 2183 2180
f 2180 2183 2177
f 2183 2184 2177
f 2184 2185 2177
f 2185 2186 2177
f 2177 2186 2187
f 2168 2188 2159
f 2188 2189 2159
f 2159 2189 2190
f 2189 2191 2190
f 2190 2191 2180
f 2191 2192 2180
f 2180 2192 2181
f 2187 2193 2177
f 2193 2194 2177
f 2177 2194 1984
f 2194 2195 1984
f 1984 2195 2196
f 1766 1785 2197
f 1785 2198 2197
f 1975 2199 1978
f 2199 2200 1978
f 2197 1986 1766
f 1986 1978 1766
f 1766 1978 2201
f 1978 2202 2201
f 2200 2203 1978
f 2203 2204 1978
f 1978 2204 2205
f 2205 2206 1978
f 2206 2207 1978
f 1978 2207 2208
f 2208 2209 1978
f 2209 2210 1978
f 1978 2210 2211
f 2211 2212 1978
f 2212 2213 1978
f 1978 2213 2214
f 2215 2216 1978
f 2216 2217 1978
f 1978 2217 2202
f 2214 2218 1978
f 2218 2219 1978
f 1978 2219 2215
f 2203 2200 1957
f 2200 1952 1957
f 1950 1952 2199
f 1952 2200 2199
f 2199 1975 1950
f 1975 1951 1950
f 1958 2220 1957
f 2220 2221 1957
f 1957 2221 2203
f 2221 2222 2203
f 2203 2222 2204
f 2222 2223 2204
f 2224 1767 1766
f 1766 2201 2224
f 2201 2202 2224
f 2224 2202 2225
f 2225 2202 2226
f 2202 2217 2226
f 2226 2217 2227
f 2227 2217 2228
f 2217 2216 2228
f 2228 2216 2229
f 2229 2216 2230
f 2216 2215 2230
f 2230 2215 2231
f 2231 2215 2232
f 2215 2219 2232
f 2232 2219 2233
f 2233 2219 2234
f 2219 2218 2234
f 2234 2218 2235
f 2235 2218 2236
f 2218 2214 2236
f 2236 2214 2237
f 2237 2214 2238
f 2214 2213 2238
f 2238 2213 2239
f 2239 2213 2240
f 2213 2212 2240
f 2240 2212 2241
f 2241 2212 2242
f 2212 2211 2242
f 2242 2211 2243
f 2243 2211 2244
f 2211 2210 2244
f 2244 2210 2245
f 2245 2210 2246
f 2210 2209 2246
f 2246 2209 2247
f 2247 2209 2248
f 2209 2208 2248
f 2248 2208 2249
f 2249 2208 2250
f 2208 2207 2250
f 2250 2207 2251
f 2251 2207 2252
f 2207 2206 2252
f 2252 2206 2253
f 2253 2206 2254
f 2206 2205 2254
f 2254 2205 2255
f 2204 2223 2205
f 2223 2256 2205
f 2205 2256 2255
f 2257 2258 2259
f 2260 2261 2262
f 2263 2264 2265
f 2266 2267 2268
f 2269 2270 2271
f 2272 1890 1767
f 1787 1786 2273
f 1786 2274 2273
f 2273 2274 2275
f 2274 2276 2275
f 2275 2276 2277
f 2277 2276 2278
f 2276 2279 2278
f 2278 2279 2280
f 2280 2279 2281
f 2279 2282 2281
f 2281 2282 2283
f 2283 2282 2284
f 2282 2285 2284
f 2284 2285 2286
f 2286 2285 2287
f 2285 2288 2287
f 2287 2288 2289
f 2289 2288 2290
f 2288 2291 2290
f 2290 2291 2292
f 2292 2291 2293
f 2291 2294 2293
f 2293 2294 2295
f 2295 2294 2296
f 2294 2297 2296
f 2296 2297 2298
f 2298 2297 2299
f 2297 2300 2299
f 2299 2300 2301
f 2301 2300 2302
f 2300 2303 2302
f 2302 2303 2304
f 2304 2303 2305
f 2303 2306 2305
f 2305 2306 2307
f 2307 2306 2308
f 2306 2309 2308
f 2308 2309 2310
f 2310 2309 2311
f 2309 2312 2311
f 2311 2312 2313
f 2313 2312 2314
f 2312 2315 2314
f 2314 2315 2316
f 2316 2315 2317
f 2315 2318 2317
f 2317 2318 2319
f 2319 2318 2320
f 2318 2321 2320
f 2320 2321 2322
f 2323 2322 2324
f 2322 2321 2324
f 2324 2321 2325
f 2321 2326 2325
f 2327 2328 2329
f 2330 2331 2332
f 2331 2333 2332
f 2332 2333 2334
f 2266 2268 2335
f 2263 2265 2336
f 2260 2262 2337
f 2257 2259 2338
f 2223 2339 2256
f 2339 2340 2256
f 2256 2340 2255
f 2340 2341 2255
f 2342 2253 2341
f 2253 2254 2341
f 2341 2254 2255
f 2343 2251 2342
f 2251 2252 2342
f 2342 2252 2253
f 2344 2249 2343
f 2249 2250 2343
f 2343 2250 2251
f 2345 2247 2344
f 2247 2248 2344
f 2344 2248 2249
f 2346 2245 2345
f 2245 2246 2345
f 2345 2246 2247
f 2347 2243 2346
f 2243 2244 2346
f 2346 2244 2245
f 2348 2241 2347
f 2241 2242 2347
f 2347 2242 2243
f 2349 2239 2348
f 2239 2240 2348
f 2348 2240 2241
f 2350 2237 2349
f 2237 2238 2349
f 2349 2238 2239
f 2351 2235 2350
f 2235 2236 2350
f 2350 2236 2237
f 2352 2233 2351
f 2233 2234 2351
f 2351 2234 2235
f 2353 2231 2352
f 2231 2232 2352
f 2352 2232 2233
f 2354 2229 2353
f 2229 2230 2353
f 2353 2230 2231
f 2355 2227 2354
f 2227 2228 2354
f 2354 2228 2229
f 1767 2224 2272
f 2224 2225 2272
f 2272 2225 2355
f 2225 2226 2355
f 2355 2226 2227
f 2339 2338 2340
f 2338 2259 2340
f 2340 2259 2341
f 2259 2356 2341
f 2341 2356 2342
f 2356 2357 2342
f 2342 2357 2343
f 2357 2358 2343
f 2343 2358 2344
f 2358 2359 2344
f 2344 2359 2345
f 2359 2360 2345
f 2345 2360 2346
f 2360 2361 2346
f 2346 2361 2347
f 2361 2362 2347
f 2347 2362 2348
f 2362 2363 2348
f 2348 2363 2349
f 2363 2364 2349
f 2349 2364 2350
f 2364 2365 2350
f 2350 2365 2351
f 2365 2366 2351
f 2351 2366 2352
f 2366 2367 2352
f 2352 2367 2353
f 2367 2368 2353
f 2353 2368 2354
f 2368 2369 2354
f 2354 2369 2355
f 2369 2370 2355
f 2355 2370 2272
f 2370 2371 2272
f 2272 2371 1890
f 2371 1891 1890
f 2258 2337 2259
f 2337 2262 2259
f 2259 2262 2356
f 2262 2372 2356
f 2356 2372 2357
f 2372 2373 2357
f 2357 2373 2358
f 2373 2374 2358
f 2358 2374 2359
f 2374 2375 2359
f 2359 2375 2360
f 2375 2376 2360
f 2360 2376 2361
f 2376 2377 2361
f 2361 2377 2362
f 2377 2378 2362
f 2362 2378 2363
f 2378 2379 2363
f 2363 2379 2364
f 2379 2380 2364
f 2364 2380 2365
f 2380 2381 2365
f 2365 2381 2366
f 2381 2382 2366
f 2366 2382 2367
f 2382 2383 2367
f 2367 2383 2368
f 2383 2384 2368
f 2368 2384 2369
f 2384 2385 2369
f 2369 2385 2370
f 2385 2386 2370
f 2370 2386 2371
f 2386 2387 2371
f 2371 2387 1891
f 2387 1892 1891
f 2261 2336 2262
f 2336 2265 2262
f 2262 2265 2372
f 2265 2388 2372
f 2372 2388 2373
f 2388 2389 2373
f 2373 2389 2374
f 2389 2390 2374
f 2374 2390 2375
f 2390 2391 2375
f 2375 2391 2376
f 2391 2392 2376
f 2376 2392 2377
f 2392 2393 2377
f 2377 2393 2378
f 2393 2394 2378
f 2378 2394 2379
f 2394 2395 2379
f 2379 2395 2380
f 2395 2396 2380
f 2380 2396 2381
f 2396 2397 2381
f 2381 2397 2382
f 2397 2398 2382
f 2382 2398 2383
f 2398 2399 2383
f 2383 2399 2384
f 2399 2400 2384
f 2384 2400 2385
f 2400 2401 2385
f 2385 2401 2386
f 2401 2402 2386
f 2386 2402 2387
f 2402 2403 2387
f 2387 2403 1892
f 2403 1910 1892
f 2264 2335 2265
f 2335 2268 2265
f 2265 2268 2388
f 2268 2404 2388
f 2388 2404 2389
f 2404 2405 2389
f 2389 2405 2390
f 2405 2406 2390
f 2390 2406 2391
f 2406 2407 2391
f 2391 2407 2392
f 2407 2408 2392
f 2392 2408 2393
f 2408 2409 2393
f 2393 2409 2394
f 2409 2410 2394
f 2394 2410 2395
f 2410 2411 2395
f 2395 2411 2396
f 2411 2412 2396
f 2396 2412 2397
f 2412 2413 2397
f 2397 2413 2398
f 2413 2414 2398
f 2398 2414 2399
f 2414 2415 2399
f 2399 2415 2400
f 2415 2416 2400
f 2400 2416 2401
f 2416 2417 2401
f 2401 2417 2402
f 2417 2418 2402
f 2402 2418 2403
f 2418 2419 2403
f 2403 2419 1910
f 2419 1911 1910
f 2267 2269 2268
f 2269 2271 2268
f 2268 2271 2404
f 2271 2420 2404
f 2404 2420 2405
f 2420 2421 2405
f 2405 2421 2406
f 2421 2422 2406
f 2406 2422 2407
f 2422 2423 2407
f 2407 2423 2408
f 2423 2424 2408
f 2408 2424 2409
f 2424 2425 2409
f 2409 2425 2410
f 2425 2426 2410
f 2410 2426 2411
f 2426 2427 2411
f 2411 2427 2412
f 2427 2428 2412
f 2412 2428 2413
f 2428 2429 2413
f 2413 2429 2414
f 2429 2430 2414
f 2414 2430 2415
f 2430 2431 2415
f 2415 2431 2416
f 2431 2432 2416
f 2416 2432 2417
f 2432 2433 2417
f 2417 2433 2418
f 2433 2434 2418
f 2418 2434 2419
f 2434 2435 2419
f 2419 2435 1911
f 2435 1912 1911
f 2270 2330 2271
f 2330 2332 2271
f 2271 2332 2420
f 2332 2436 2420
f 2420 2436 2421
f 2436 2437 2421
f 2421 2437 2422
f 2437 2438 2422
f 2422 2438 2423
f 2438 2439 2423
f 2423 2439 2424
f 2439 2440 2424
f 2424 2440 2425
f 2440 2441 2425
f 2425 2441 2426
f 2441 2442 2426
f 2426 2442 2427
f 2442 2443 2427
f 2427 2443 2428
f 2443 2444 2428
f 2428 2444 2429
f 2444 2445 2429
f 2429 2445 2430
f 2445 2446 2430
f 2430 2446 2431
f 2446 2447 2431
f 2431 2447 2432
f 2447 2448 2432
f 2432 2448 2433
f 2448 2449 2433
f 2433 2449 2434
f 2449 2450 2434
f 2434 2450 2435
f 2450 2451 2435
f 2435 2451 1912
f 2451 1913 1912
f 2334 2327 2332
f 2327 2329 2332
f 2332 2329 2436
f 2329 2452 2436
f 2436 2452 2437
f 2452 2453 2437
f 2437 2453 2438
f 2453 2454 2438
f 2438 2454 2439
f 2454 2455 2439
f 2439 2455 2440
f 2455 2456 2440
f 2440 2456 2441
f 2456 2457 2441
f 2441 2457 2442
f 2457 2458 2442
f 2442 2458 2443
f 2458 2459 2443
f 2443 2459 2444
f 2459 2460 2444
f 2444 2460 2445
f 2460 2461 2445
f 2445 2461 2446
f 2461 2462 2446
f 2446 2462 2447
f 2462 2463 2447
f 2447 2463 2448
f 2463 2464 2448
f 2448 2464 2449
f 2464 2465 2449
f 2449 2465 2450
f 2465 2466 2450
f 2450 2466 2451
f 2466 2467 2451
f 2451 2467 1913
f 2467 1914 1913
f 2328 2326 2329
f 2326 2321 2329
f 2329 2321 2452
f 2321 2318 2452
f 2452 2318 2453
f 2318 2315 2453
f 2453 2315 2454
f 2315 2312 2454
f 2454 2312 2455
f 2312 2309 2455
f 2455 2309 2456
f 2309 2306 2456
f 2456 2306 2457
f 2306 2303 2457
f 2457 2303 2458
f 2303 2300 2458
f 2458 2300 2459
f 2300 2297 2459
f 2459 2297 2460
f 2297 2294 2460
f 2460 2294 2461
f 2294 2291 2461
f 2461 2291 2462
f 2291 2288 2462
f 2462 2288 2463
f 2288 2285 2463
f 2463 2285 2464
f 2285 2282 2464
f 2464 2282 2465
f 2282 2279 2465
f 2465 2279 2466
f 2279 2276 2466
f 2466 2276 2467
f 2276 2274 2467
f 2467 2274 1914
f 2274 1786 1914
f 1788 1787 2468
f 1787 2273 2468
f 2468 2273 2275
f 2323 2469 2322
f 2469 2470 2322
f 2322 2470 2320
f 2470 2471 2320
f 2320 2471 2319
f 2471 2472 2319
f 2319 2472 2317
f 2472 2473 2317
f 2317 2473 2316
f 2473 2474 2316
f 2316 2474 2314
f 2474 2475 2314
f 2314 2475 2313
f 2475 2476 2313
f 2313 2476 2311
f 2476 2477 2311
f 2311 2477 2310
f 2477 2478 2310
f 2310 2478 2308
f 2478 2479 2308
f 2308 2479 2307
f 2479 2480 2307
f 2307 2480 2305
f 2480 2481 2305
f 2305 2481 2304
f 2481 2482 2304
f 2304 2482 2302
f 2482 2483 2302
f 2302 2483 2301
f 2483 2484 2301
f 2301 2484 2299
f 2484 2485 2299
f 2299 2485 2298
f 2485 2486 2298
f 2298 2486 2296
f 2486 2487 2296
f 2296 2487 2295
f 2487 2488 2295
f 2295 2488 2293
f 2488 2489 2293
f 2293 2489 2292
f 2489 2490 2292
f 2292 2490 2290
f 2490 2491 2290
f 2290 2491 2289
f 2491 2492 2289
f 2289 2492 2287
f 2492 2493 2287
f 2287 2493 2286
f 2493 2494 2286
f 2286 2494 2284
f 2494 2495 2284
f 2284 2495 2283
f 2495 2496 2283
f 2283 2496 2281
f 2496 2497 2281
f 2281 2497 2280
f 2497 2498 2280
f 2280 2498 2278
f 2498 2499 2278
f 2278 2499 2277
f 2499 2500 2277
f 2277 2500 2275
f 2500 2501 2275
f 2275 2501 2468
f 2502 2503 2504
f 2505 2506 2507
f 2508 2509 2510
f 2511 2512 2513
f 2514 2515 2516
f 2517 1789 1788
f 1742 1840 2518
f 1840 2519 2518
f 2518 2519 2520
f 2519 2521 2520
f 2520 2521 2522
f 2522 2521 2523
f 2521 2524 2523
f 2523 2524 2525
f 2525 2524 2526
f 2524 2527 2526
f 2526 2527 2528
f 2528 2527 2529
f 2527 2530 2529
f 2529 2530 2531
f 2531 2530 2532
f 2530 2533 2532
f 2532 2533 2534
f 2534 2533 2535
f 2533 2536 2535
f 2535 2536 2537
f 2537 2536 2538
f 2536 2539 2538
f 2538 2539 2540
f 2540 2539 2541
f 2539 2542 2541
f 2541 2542 2543
f 2543 2542 2544
f 2542 2545 2544
f 2544 2545 2546
f 2546 2545 2547
f 2545 2548 2547
f 2547 2548 2549
f 2549 2548 2550
f 2548 2551 2550
f 2550 2551 2552
f 2552 2551 2553
f 2551 2554 2553
f 2553 2554 2555
f 2555 2554 2556
f 2554 2557 2556
f 2556 2557 2558
f 2558 2557 2559
f 2557 2560 2559
f 2559 2560 2561
f 2561 2560 2562
f 2560 2563 2562
f 2562 2563 2564
f 2564 2563 2565
f 2563 2566 2565
f 2565 2566 2567
f 2568 2567 2569
f 2567 2566 2569
f 2569 2566 2570
f 2566 2571 2570
f 2572 2573 2574
f 2575 2576 2577
f 2576 2578 2577
f 2511 2513 2579
f 2508 2510 2580
f 2505 2507 2581
f 2502 2504 2582
f 2469 2583 2470
f 2583 2584 2470
f 2470 2584 2471
f 2584 2585 2471
f 2586 2473 2585
f 2473 2472 2585
f 2585 2472 2471
f 2587 2475 2586
f 2475 2474 2586
f 2586 2474 2473
f 2588 2477 2587
f 2477 2476 2587
f 2587 2476 2475
f 2589 2479 2588
f 2479 2478 2588
f 2588 2478 2477
f 2590 2481 2589
f 2481 2480 2589
f 2589 2480 2479
f 2591 2483 2590
f 2483 2482 2590
f 2590 2482 2481
f 2592 2485 2591
f 2485 2484 2591
f 2591 2484 2483
f 2593 2487 2592
f 2487 2486 2592
f 2592 2486 2485
f 2594 2489 2593
f 2489 2488 2593
f 2593 2488 2487
f 2595 2491 2594
f 2491 2490 2594
f 2594 2490 2489
f 2596 2493 2595
f 2493 2492 2595
f 2595 2492 2491
f 2597 2495 2596
f 2495 2494 2596
f 2596 2494 2493
f 2598 2497 2597
f 2497 2496 2597
f 2597 2496 2495
f 2599 2499 2598
f 2499 2498 2598
f 2598 2498 2497
f 1788 2468 2517
f 2468 2501 2517
f 2517 2501 2599
f 2501 2500 2599
f 2599 2500 2499
f 2583 2582 2584
f 2582 2504 2584
f 2584 2504 2585
f 2504 2600 2585
f 2585 2600 2586
f 2600 2601 2586
f 2586 2601 2587
f 2601 2602 2587
f 2587 2602 2588
f 2602 2603 2588
f 2588 2603 2589
f 2603 2604 2589
f 2589 2604 2590
f 2604 2605 2590
f 2590 2605 2591
f 2605 2606 2591
f 2591 2606 2592
f 2606 2607 2592
f 2592 2607 2593
f 2607 2608 2593
f 2593 2608 2594
f 2608 2609 2594
f 2594 2609 2595
f 2609 2610 2595
f 2595 2610 2596
f 2610 2611 2596
f 2596 2611 2597
f 2611 2612 2597
f 2597 2612 2598
f 2612 2613 2598
f 2598 2613 2599
f 2613 2614 2599
f 2599 2614 2517
f 2614 2615 2517
f 2517 2615 1789
f 2615 1864 1789
f 2503 2581 2504
f 2581 2507 2504
f 2504 2507 2600
f 2507 2616 2600
f 2600 2616 2601
f 2616 2617 2601
f 2601 2617 2602
f 2617 2618 2602
f 2602 2618 2603
f 2618 2619 2603
f 2603 2619 2604
f 2619 2620 2604
f 2604 2620 2605
f 2620 2621 2605
f 2605 2621 2606
f 2621 2622 2606
f 2606 2622 2607
f 2622 2623 2607
f 2607 2623 2608
f 2623 2624 2608
f 2608 2624 2609
f 2624 2625 2609
f 2609 2625 2610
f 2625 2626 2610
f 2610 2626 2611
f 2626 2627 2611
f 2611 2627 2612
f 2627 2628 2612
f 2612 2628 2613
f 2628 2629 2613
f 2613 2629 2614
f 2629 2630 2614
f 2614 2630 2615
f 2630 2631 2615
f 2615 2631 1864
f 2631 1865 1864
f 2506 2580 2507
f 2580 2510 2507
f 2507 2510 2616
f 2510 2632 2616
f 2616 2632 2617
f 2632 2633 2617
f 2617 2633 2618
f 2633 2634 2618
f 2618 2634 2619
f 2634 2635 2619
f 2619 2635 2620
f 2635 2636 2620
f 2620 2636 2621
f 2636 2637 2621
f 2621 2637 2622
f 2637 2638 2622
f 2622 2638 2623
f 2638 2639 2623
f 2623 2639 2624
f 2639 2640 2624
f 2624 2640 2625
f 2640 2641 2625
f 2625 2641 2626
f 2641 2642 2626
f 2626 2642 2627
f 2642 2643 2627
f 2627 2643 2628
f 2643 2644 2628
f 2628 2644 2629
f 2644 2645 2629
f 2629 2645 2630
f 2645 2646 2630
f 2630 2646 2631
f 2646 2647 2631
f 2631 2647 1865
f 2647 1866 1865
f 2509 2579 2510
f 2579 2513 2510
f 2510 2513 2632
f 2513 2648 2632
f 2632 2648 2633
f 2648 2649 2633
f 2633 2649 2634
f 2649 2650 2634
f 2634 2650 2635
f 2650 2651 2635
f 2635 2651 2636
f 2651 2652 2636
f 2636 2652 2637
f 2652 2653 2637
f 2637 2653 2638
f 2653 2654 2638
f 2638 2654 2639
f 2654 2655 2639
f 2639 2655 2640
f 2655 2656 2640
f 2640 2656 2641
f 2656 2657 2641
f 2641 2657 2642
f 2657 2658 2642
f 2642 2658 2643
f 2658 2659 2643
f 2643 2659 2644
f 2659 2660 2644
f 2644 2660 2645
f 2660 2661 2645
f 2645 2661 2646
f 2661 2662 2646
f 2646 2662 2647
f 2662 2663 2647
f 2647 2663 1866
f 2663 1915 1866
f 2512 2514 2513
f 2514 2516 2513
f 2513 2516 2648
f 2516 2664 2648
f 2648 2664 2649
f 2664 2665 2649
f 2649 2665 2650
f 2665 2666 2650
f 2650 2666 2651
f 2666 2667 2651
f 2651 2667 2652
f 2667 2668 2652
f 2652 2668 2653
f 2668 2669 2653
f 2653 2669 2654
f 2669 2670 2654
f 2654 2670 2655
f 2670 2671 2655
f 2655 2671 2656
f 2671 2672 2656
f 2656 2672 2657
f 2672 2673 2657
f 2657 2673 2658
f 2673 2674 2658
f 2658 2674 2659
f 2674 2675 2659
f 2659 2675 2660
f 2675 2676 2660
f 2660 2676 2661
f 2676 2677 2661
f 2661 2677 2662
f 2677 2678 2662
f 2662 2678 2663
f 2678 2679 2663
f 2663 2679 1915
f 2679 1916 1915
f 2515 2575 2516
f 2575 2577 2516
f 2516 2577 2664
f 2577 2680 2664
f 2664 2680 2665
f 2680 2681 2665
f 2665 2681 2666
f 2681 2682 2666
f 2666 2682 2667
f 2682 2683 2667
f 2667 2683 2668
f 2683 2684 2668
f 2668 2684 2669
f 2684 2685 2669
f 2669 2685 2670
f 2685 2686 2670
f 2670 2686 2671
f 2686 2687 2671
f 2671 2687 2672
f 2687 2688 2672
f 2672 2688 2673
f 2688 2689 2673
f 2673 2689 2674
f 2689 2690 2674
f 2674 2690 2675
f 2690 2691 2675
f 2675 2691 2676
f 2691 2692 2676
f 2676 2692 2677
f 2692 2693 2677
f 2677 2693 2678
f 2693 2694 2678
f 2678 2694 2679
f 2694 2695 2679
f 2679 2695 1916
f 2695 1838 1916
f 2578 2572 2577
f 2572 2574 2577
f 2577 2574 2680
f 2574 2696 2680
f 2680 2696 2681
f 2696 2697 2681
f 2681 2697 2682
f 2697 2698 2682
f 2682 2698 2683
f 2698 2699 2683
f 2683 2699 2684
f 2699 2700 2684
f 2684 2700 2685
f 2700 2701 2685
f 2685 2701 2686
f 2701 2702 2686
f 2686 2702 2687
f 2702 2703 2687
f 2687 2703 2688
f 2703 2704 2688
f 2688 2704 2689
f 2704 2705 2689
f 2689 2705 2690
f 2705 2706 2690
f 2690 2706 2691
f 2706 2707 2691
f 2691 2707 2692
f 2707 2708 2692
f 2692 2708 2693
f 2708 2709 2693
f 2693 2709 2694
f 2709 2710 2694
f 2694 2710 2695
f 2710 2711 2695
f 2695 2711 1838
f 2711 1839 1838
f 2573 2571 2574
f 2571 2566 2574
f 2574 2566 2696
f 2566 2563 2696
f 2696 2563 2697
f 2563 2560 2697
f 2697 2560 2698
f 2560 2557 2698
f 2698 2557 2699
f 2557 2554 2699
f 2699 2554 2700
f 2554 2551 2700
f 2700 2551 2701
f 2551 2548 2701
f 2701 2548 2702
f 2548 2545 2702
f 2702 2545 2703
f 2545 2542 2703
f 2703 2542 2704
f 2542 2539 2704
f 2704 2539 2705
f 2539 2536 2705
f 2705 2536 2706
f 2536 2533 2706
f 2706 2533 2707
f 2533 2530 2707
f 2707 2530 2708
f 2530 2527 2708
f 2708 2527 2709
f 2527 2524 2709
f 2709 2524 2710
f 2524 2521 2710
f 2710 2521 2711
f 2521 2519 2711
f 2711 2519 1839
f 2519 1840 1839
f 2712 2713 2714
f 2712 2714 2715
f 2714 2716 2715
f 2716 2717 2715
f 2715 2717 2718
f 2717 2719 2718
f 2719 2720 2718
f 2718 2720 2721
f 2720 2722 2721
f 2721 2722 2723
f 2722 2724 2723
f 2724 2725 2723
f 2723 2725 2726
f 2725 2727 2726
f 2727 2728 2726
f 2726 2728 2729
f 2728 2730 2729
f 2730 2731 2729
f 2731 2732 2729
f 2729 2732 2733
f 2732 2734 2733
f 1756 1816 2735
f 1816 2733 2735
f 2735 2733 2736
f 2733 2734 2736
f 2712 2737 2713
f 2737 2538 2713
f 2713 2538 2738
f 2538 2540 2738
f 2738 2540 2739
f 2540 2541 2739
f 2739 2541 2740
f 2541 2543 2740
f 2740 2543 2741
f 2543 2544 2741
f 2741 2544 2742
f 2544 2546 2742
f 2742 2546 2743
f 2546 2547 2743
f 2743 2547 2744
f 2547 2549 2744
f 2744 2549 2745
f 2549 2550 2745
f 2745 2550 2746
f 2550 2552 2746
f 2746 2552 2747
f 2552 2553 2747
f 2747 2553 2748
f 2553 2555 2748
f 2748 2555 2749
f 2555 2556 2749
f 2749 2556 2750
f 2556 2558 2750
f 2750 2558 2751
f 2558 2559 2751
f 2751 2559 2752
f 2559 2561 2752
f 2752 2561 2753
f 2561 2562 2753
f 2753 2562 2754
f 2562 2564 2754
f 2564 2565 2754
f 2754 2565 2755
f 2565 2567 2755
f 2755 2567 2568
f 2756 2757 2532
f 2532 2534 2756
f 2534 2535 2756
f 2756 2535 2737
f 2535 2537 2737
f 2737 2537 2538
f 2758 2759 2526
f 2526 2528 2758
f 2528 2529 2758
f 2758 2529 2757
f 2529 2531 2757
f 2757 2531 2532
f 2520 2522 2760
f 2522 2523 2760
f 2760 2523 2759
f 2523 2525 2759
f 2759 2525 2526
f 2760 2761 2520
f 2761 2762 2520
f 2520 2762 2518
f 2762 1743 2518
f 2518 1743 1742
f 2763 2712 2715
f 1817 2764 1816
f 2764 2763 1816
f 1816 2763 2733
f 2715 2718 2763
f 2718 2721 2763
f 2763 2721 2723
f 2723 2726 2763
f 2726 2729 2763
f 2763 2729 2733
f 2765 2737 2763
f 2737 2712 2763
f 2765 2766 1744
f 1744 1743 2765
f 1743 2762 2765
f 2765 2762 2761
f 2758 2757 2765
f 2757 2756 2765
f 2765 2756 2737
f 2761 2760 2765
f 2760 2759 2765
f 2765 2759 2758
f 2764 1817 2766
f 1817 1744 2766
f 2765 2763 2766
f 2763 2764 2766
f 1756 2735 2767
f 2767 2768 1756
f 2768 2769 1756
f 1756 2769 1895
f 2770 2771 2772
f 2771 2773 2772
f 2772 2773 2774
f 2773 2775 2774
f 2776 2777 2773
f 2777 2778 2773
f 2773 2778 2775
f 2779 2780 2776
f 2780 2781 2776
f 2776 2781 2777
f 2782 2783 2779
f 2783 2784 2779
f 2779 2784 2780
f 2785 2786 2787
f 2786 2788 2787
f 2787 2788 2789
f 2788 2790 2789
f 2789 2790 2791
f 2790 2792 2791
f 2791 2792 2782
f 2792 2793 2782
f 2782 2793 2783
f 2787 2794 2785
f 2794 2795 2785
f 2785 2795 2796
f 2795 2797 2796
f 2796 2797 2798
f 2799 2800 2742
f 2799 2742 2798
f 2742 2743 2798
f 2798 2743 2744
f 2744 2745 2798
f 2745 2746 2798
f 2798 2746 2796
f 2746 2747 2796
f 2796 2747 2748
f 2748 2749 2796
f 2749 2750 2796
f 2796 2750 2751
f 2751 2752 2796
f 2752 2753 2796
f 2796 2753 2801
f 2753 2754 2801
f 2801 2754 2755
f 2738 2739 2800
f 2739 2740 2800
f 2740 2741 2800
f 2800 2741 2742
f 2716 2714 2802
f 2716 2802 2717
f 2800 2803 2738
f 2803 2802 2738
f 2738 2802 2713
f 2802 2714 2713
f 2802 2804 2717
f 2804 2805 2717
f 2717 2805 2719
f 2805 2720 2719
f 2805 2806 2720
f 2806 2807 2720
f 2720 2807 2722
f 2807 2724 2722
f 2728 2727 2808
f 2728 2808 2730
f 2808 2809 2730
f 2730 2809 2810
f 2807 2811 2724
f 2811 2808 2724
f 2724 2808 2725
f 2808 2727 2725
f 2734 2732 2810
f 2732 2731 2810
f 2810 2731 2730
f 2767 2735 2812
f 2735 2736 2812
f 2812 2736 2813
f 2736 2734 2813
f 2813 2734 2814
f 2734 2810 2814
f 2568 2815 2755
f 2815 2816 2755
f 2816 2817 2755
f 2817 2770 2755
f 2755 2770 2801
f 2770 2796 2801
f 2772 2774 2792
f 2774 2775 2792
f 2792 2775 2793
f 2775 2783 2793
f 2788 2786 2770
f 2786 2785 2770
f 2770 2785 2796
f 2772 2792 2770
f 2792 2790 2770
f 2770 2790 2788
f 2777 2781 2778
f 2781 2780 2778
f 2778 2780 2775
f 2780 2784 2775
f 2775 2784 2783
f 2818 2819 2817
f 2820 2821 2817
f 2821 2822 2817
f 2823 2824 2771
f 2824 2825 2771
f 2771 2825 2826
f 2826 2827 2771
f 2827 2828 2771
f 2771 2828 2829
f 2830 2831 2817
f 2831 2832 2817
f 2832 2833 2817
f 2817 2833 2834
f 2770 2835 2836
f 2770 2837 2838
f 2839 2840 2841
f 2840 2842 2841
f 2841 2842 2843
f 2841 2844 2845
f 2844 2846 2845
f 2847 2848 2817
f 2843 2849 2841
f 2849 2850 2841
f 2841 2850 2851
f 2846 2852 2845
f 2852 2853 2845
f 2845 2853 2854
f 2841 2855 2817
f 2855 2856 2817
f 2817 2856 2857
f 2858 2859 2770
f 2838 2860 2770
f 2860 2861 2770
f 2770 2861 2771
f 2861 2862 2771
f 2771 2862 2823
f 2822 2863 2817
f 2863 2864 2817
f 2817 2864 2865
f 2851 2866 2841
f 2866 2867 2841
f 2841 2867 2844
f 2857 2868 2817
f 2868 2869 2817
f 2817 2869 2870
f 2819 2871 2817
f 2871 2872 2817
f 2817 2872 2830
f 2859 2873 2770
f 2873 2874 2770
f 2770 2874 2875
f 2865 2876 2817
f 2876 2877 2817
f 2817 2877 2878
f 2854 2879 2845
f 2879 2880 2845
f 2845 2880 2881
f 2870 2882 2817
f 2882 2883 2817
f 2817 2883 2818
f 2834 2884 2817
f 2884 2885 2817
f 2817 2885 2847
f 2836 2886 2770
f 2886 2887 2770
f 2770 2887 2888
f 2875 2889 2770
f 2889 2890 2770
f 2770 2890 2891
f 2888 2892 2770
f 2892 2893 2770
f 2770 2893 2837
f 2848 2894 2817
f 2894 2895 2817
f 2817 2895 2770
f 2895 2896 2770
f 2770 2896 2858
f 2878 2897 2817
f 2897 2898 2817
f 2817 2898 2899
f 2891 2900 2770
f 2900 2901 2770
f 2770 2901 2902
f 2902 2903 2770
f 2903 2904 2770
f 2770 2904 2835
f 2899 2905 2817
f 2905 2906 2817
f 2817 2906 2841
f 2906 2907 2841
f 2841 2907 2839
f 2908 2909 2910
f 2911 2912 2913
f 2914 2915 2916
f 2916 2915 2917
f 2918 2919 2920
f 2919 2921 2920
f 2920 2921 2922
f 2923 2924 2925
f 2924 2926 2925
f 2920 2927 2918
f 2927 2924 2918
f 2918 2924 2928
f 2924 2923 2928
f 2926 2929 2925
f 2929 2930 2925
f 2925 2930 2915
f 2930 2931 2915
f 2915 2931 2917
f 2932 2933 2934
f 2932 2934 2916
f 2934 2935 2916
f 2916 2935 2914
f 2936 2937 2933
f 2937 2938 2933
f 2933 2938 2934
f 2913 2912 2939
f 2936 2940 2937
f 2940 2941 2937
f 2937 2941 2942
f 2941 2943 2942
f 2943 2941 2912
f 2941 2944 2912
f 2912 2944 2939
f 2911 2913 2909
f 2913 2945 2909
f 2909 2945 2910
f 2946 2947 2910
f 2947 2948 2910
f 2910 2948 2908
f 2946 2949 2947
f 2949 2950 2947
f 2947 2950 2951
f 2950 2952 2951
f 2953 2954 2955
f 2954 2956 2955
f 2950 2957 2952
f 2957 2954 2952
f 2952 2954 2958
f 2954 2953 2958
f 2959 2960 2961
f 2956 2962 2955
f 2962 2961 2955
f 2955 2961 2963
f 2961 2960 2963
f 2964 2965 2966
f 2965 2967 2966
f 2966 2967 2968
f 2961 2969 2959
f 2969 2966 2959
f 2959 2966 2970
f 2966 2968 2970
f 2971 2972 2973
f 2972 2974 2973
f 2964 2975 2965
f 2975 2973 2965
f 2965 2973 2976
f 2973 2974 2976
f 2977 2845 2881
f 2978 2979 2881
f 2979 2980 2881
f 2881 2980 2977
f 2973 2981 2971
f 2981 2979 2971
f 2971 2979 2982
f 2979 2978 2982
f 2983 2984 2985
f 2986 2987 2988
f 2989 2990 2991
f 2992 2993 2994
f 2995 2996 2997
f 2987 2998 2999
f 3000 3001 3002
f 3001 3003 3002
f 3004 3005 3006
f 3007 3008 3009
f 3010 3011 3012
f 3011 3013 3012
f 3012 3013 3014
f 2920 3015 3016
f 3017 3018 2987
f 2999 3019 2987
f 3019 3020 2987
f 2987 3020 3021
f 2997 3022 2995
f 3022 3023 2995
f 2995 3023 3024
f 2985 2984 3003
f 2984 3025 3003
f 3003 3025 3002
f 3000 3026 3001
f 3026 3027 3001
f 3001 3027 3028
f 3029 3030 3031
f 3030 3032 3031
f 3031 3032 3033
f 3032 3034 3033
f 3033 3034 3035
f 3035 3036 3033
f 3036 3037 3033
f 3033 3037 3038
f 3039 2991 3040
f 3041 3042 3043
f 3042 3012 3043
f 3041 3044 3042
f 3044 3045 3042
f 3042 3045 3046
f 3046 3047 3042
f 3047 3048 3042
f 3042 3048 3049
f 3050 3051 3052
f 3014 3053 3012
f 3053 3054 3012
f 3012 3054 3055
f 3054 3056 3055
f 3055 3056 3057
f 3016 3058 2920
f 3058 3059 2920
f 2920 3059 3060
f 3061 3062 3063
f 3062 3064 3063
f 2993 3065 2994
f 3065 3066 2994
f 2994 3066 3067
f 3018 3068 2987
f 3068 3069 2987
f 2987 3069 2998
f 3021 3070 2987
f 3070 3071 2987
f 2987 3071 3072
f 3071 3073 3072
f 3072 3073 3074
f 3024 3075 2995
f 3075 3076 2995
f 2995 3076 3077
f 3028 3078 3001
f 3078 3079 3001
f 3001 3079 3031
f 3079 3080 3031
f 3031 3080 3029
f 2995 3081 2996
f 3081 3033 2996
f 2996 3033 3082
f 3033 3038 3082
f 3060 3083 2920
f 3083 3084 2920
f 2920 3084 3085
f 3086 3087 2994
f 3087 3088 2994
f 2994 3088 2992
f 3089 3090 3091
f 3064 3015 3063
f 3015 2920 3063
f 3063 2920 3042
f 2920 2922 3042
f 3042 2922 3012
f 2922 3092 3012
f 3012 3092 3010
f 3074 3093 3072
f 3093 3094 3072
f 3072 3094 3095
f 3040 3096 3039
f 3096 3097 3039
f 3039 3097 3098
f 3099 3008 3100
f 3008 3101 3100
f 3051 3102 3052
f 3102 3103 3052
f 3052 3103 3104
f 3103 3105 3104
f 3104 3105 3106
f 3086 3107 3087
f 3107 3108 3087
f 3087 3108 3109
f 3109 3110 3087
f 3110 3111 3087
f 3087 3111 3112
f 3113 3114 3115
f 3114 3116 3115
f 3115 3116 3117
f 3118 3119 3120
f 3119 3121 3120
f 3120 3121 3122
f 3122 3123 3120
f 3123 3124 3120
f 3120 3124 3125
f 3124 3126 3125
f 3125 3126 3127
f 3017 2987 3128
f 2987 2986 3128
f 3128 2986 3129
f 3130 3131 3132
f 3131 3072 3132
f 3132 3072 3133
f 3130 3134 3131
f 3134 3135 3131
f 3131 3135 2985
f 3135 3136 2985
f 2985 3136 2983
f 3137 3138 3040
f 3139 3140 3141
f 3008 3142 3052
f 3142 3143 3052
f 3052 3143 3050
f 3067 3144 2994
f 3144 3145 2994
f 2994 3145 3146
f 3145 3147 3146
f 3146 3147 3148
f 3147 3149 3148
f 3148 3149 3150
f 3149 3151 3150
f 3150 3151 3152
f 3151 3153 3152
f 3152 3153 3154
f 3153 3155 3154
f 3154 3155 3156
f 3155 3157 3156
f 3156 3157 3158
f 3157 3159 3158
f 3158 3159 3160
f 3159 2920 3160
f 3160 2920 3161
f 2920 3085 3161
f 3112 3162 3087
f 3162 3163 3087
f 3087 3163 3115
f 3163 3164 3115
f 3115 3164 3113
f 3117 3165 3115
f 3165 3166 3115
f 3115 3166 3120
f 3166 3167 3120
f 3120 3167 3118
f 3168 3169 3091
f 3095 3170 3072
f 3170 3171 3072
f 3072 3171 3133
f 3056 3172 3057
f 3172 3173 3057
f 3057 3173 3174
f 3173 3175 3174
f 3174 3175 3176
f 3175 3177 3176
f 3176 3177 3178
f 3177 3179 3178
f 3178 3179 3180
f 3179 3181 3180
f 3180 3181 3182
f 3181 3183 3182
f 3182 3183 3184
f 3183 3185 3184
f 3184 3185 3186
f 3185 3187 3186
f 3186 3187 3188
f 3187 3189 3188
f 3188 3189 3190
f 3189 3191 3190
f 3190 3191 3192
f 3191 3193 3192
f 3192 3193 3194
f 3193 3195 3194
f 3194 3195 3196
f 3195 3197 3196
f 3196 3197 3198
f 3197 3199 3198
f 3198 3199 3200
f 3199 3201 3200
f 3200 3201 3202
f 3201 3203 3202
f 3202 3203 3204
f 3203 3205 3204
f 3204 3205 3206
f 3205 3207 3206
f 3206 3207 3208
f 3207 3209 3208
f 3208 3209 3210
f 3209 3211 3210
f 3210 3211 3212
f 3211 3213 3212
f 3212 3213 3214
f 3213 3039 3214
f 3214 3039 3215
f 3039 3098 3215
f 3137 3040 3216
f 3138 3217 3040
f 3217 3218 3040
f 3040 3218 3219
f 3139 3141 3220
f 3221 3222 3223
f 3222 3224 3223
f 3049 3225 3042
f 3225 3226 3042
f 3042 3226 3227
f 3099 3228 3008
f 3228 3229 3008
f 3008 3229 3009
f 2988 3230 3231
f 3232 3233 2988
f 3233 3234 2988
f 2988 3234 3235
f 3169 3236 3091
f 3236 3237 3091
f 3091 3237 3063
f 3237 3238 3063
f 3063 3238 3061
f 2990 3239 2991
f 3239 3240 2991
f 2991 3240 3040
f 3240 3241 3040
f 3040 3241 3216
f 3219 3242 3040
f 3242 3141 3040
f 3040 3141 3243
f 3141 3244 3243
f 3221 3245 3222
f 3245 3246 3222
f 3222 3246 3247
f 3247 3248 3222
f 3248 3249 3222
f 3222 3249 3250
f 3006 3005 3009
f 3005 3251 3009
f 3009 3251 3007
f 3252 3253 3254
f 3255 3256 3257
f 3231 3258 2988
f 3258 3259 2988
f 2988 3259 3260
f 3127 3261 3125
f 3261 3262 3125
f 3125 3262 3263
f 3262 3264 3263
f 3077 3265 2995
f 3265 3266 2995
f 2995 3266 3267
f 3266 3268 3267
f 3267 3268 3269
f 3268 3270 3269
f 3269 3270 3271
f 3270 3272 3271
f 3271 3272 3273
f 3272 3274 3273
f 3273 3274 3275
f 3274 3276 3275
f 3275 3276 3277
f 3276 3278 3277
f 3277 3278 3279
f 3278 3280 3279
f 3279 3280 3281
f 3280 3282 3281
f 3281 3282 3283
f 3282 3284 3283
f 3283 3284 3285
f 3284 3286 3285
f 3285 3286 3287
f 3286 3288 3287
f 3287 3288 3289
f 3288 3290 3289
f 3289 3290 3291
f 3290 3292 3291
f 3291 3292 3293
f 3292 3294 3293
f 3293 3294 3295
f 3294 3296 3295
f 3295 3296 2986
f 3296 3297 2986
f 2986 3297 3129
f 3140 3298 3141
f 3298 3299 3141
f 3141 3299 3244
f 3227 3300 3042
f 3300 3301 3042
f 3042 3301 3302
f 3302 3303 3042
f 3303 3304 3042
f 3042 3304 3305
f 3306 3052 3307
f 3052 3308 3307
f 3106 3309 3104
f 3309 3252 3104
f 3104 3252 3310
f 3252 3254 3310
f 3255 3257 3311
f 3257 3312 3311
f 3311 3312 3313
f 3260 3314 2988
f 3314 3315 2988
f 2988 3315 3316
f 3316 3317 2988
f 3317 3318 2988
f 2988 3318 3319
f 3264 3320 3263
f 3320 3321 3263
f 3263 3321 3322
f 3322 3323 3263
f 3323 3324 3263
f 3263 3324 3325
f 3324 3326 3325
f 3090 3327 3091
f 3327 3328 3091
f 3091 3328 3168
f 3004 3006 3141
f 3006 3329 3141
f 3141 3329 3220
f 2989 2991 3330
f 2991 3331 3330
f 3330 3331 3332
f 3331 3333 3332
f 3332 3333 3334
f 3333 3335 3334
f 3334 3335 3336
f 3335 3337 3336
f 3336 3337 3338
f 3337 3339 3338
f 3338 3339 3340
f 3339 3341 3340
f 3340 3341 3342
f 3341 3343 3342
f 3342 3343 3344
f 3343 3345 3344
f 3344 3345 3346
f 3345 3347 3346
f 3346 3347 3348
f 3347 3349 3348
f 3348 3349 3350
f 3349 3351 3350
f 3350 3351 3352
f 3351 3353 3352
f 3352 3353 3354
f 3353 3355 3354
f 3354 3355 3356
f 3355 3357 3356
f 3356 3357 3358
f 3357 3359 3358
f 3358 3359 3360
f 3359 3361 3360
f 3360 3361 3362
f 3361 3363 3362
f 3362 3363 3364
f 3363 3365 3364
f 3364 3365 3366
f 3365 3367 3366
f 3366 3367 3368
f 3369 3370 3252
f 3370 3371 3252
f 3371 3372 3252
f 3372 3373 3252
f 3252 3373 3253
f 3374 3375 3376
f 3375 3377 3376
f 3378 3379 3042
f 3380 3381 3042
f 3381 3382 3042
f 3042 3382 3383
f 3306 3384 3052
f 3384 3385 3052
f 3052 3385 3008
f 3385 3386 3008
f 3008 3386 3101
f 3387 3388 3369
f 3388 3389 3369
f 3389 3390 3369
f 3369 3390 3391
f 3319 3392 2988
f 3392 3393 2988
f 2988 3393 3394
f 3235 3395 2988
f 3395 3396 2988
f 2988 3396 3256
f 3326 3397 3325
f 3397 3398 3325
f 3325 3398 3377
f 3398 3399 3377
f 3377 3399 3376
f 3250 3400 3222
f 3400 3401 3222
f 3222 3401 3402
f 3401 3403 3402
f 3402 3403 3404
f 3403 3405 3404
f 3404 3405 3406
f 3405 3407 3406
f 3406 3407 3408
f 3407 3409 3408
f 3408 3409 3410
f 3409 3411 3410
f 3410 3411 3412
f 3411 3413 3412
f 3412 3413 3414
f 3413 3415 3414
f 3414 3415 3416
f 3415 3417 3416
f 3416 3417 3418
f 3417 3419 3418
f 3418 3419 3420
f 3419 3368 3420
f 3420 3368 3421
f 3368 3367 3421
f 3422 3423 3424
f 3308 3052 3425
f 3052 3426 3425
f 3425 3426 3427
f 3391 3428 3369
f 3428 3429 3369
f 3369 3429 3430
f 3394 3431 2988
f 3431 3432 2988
f 2988 3432 3433
f 3255 3434 3256
f 3434 3224 3256
f 3256 3224 2988
f 3224 3222 2988
f 2988 3222 2986
f 3374 3435 3375
f 3435 3436 3375
f 3375 3436 3091
f 3436 3437 3091
f 3091 3437 3089
f 3438 3439 3042
f 3439 3440 3042
f 3042 3440 3380
f 3441 3442 3422
f 3430 3443 3369
f 3443 3444 3369
f 3369 3444 3370
f 3433 3445 2988
f 3445 3446 2988
f 2988 3446 3232
f 3447 3448 3042
f 3448 3449 3042
f 3042 3449 3378
f 3442 3450 3422
f 3450 3451 3422
f 3422 3451 3452
f 3427 3453 3425
f 3453 3454 3425
f 3425 3454 3455
f 3454 3456 3455
f 3457 3458 3369
f 3458 3459 3369
f 3369 3459 3387
f 3379 3460 3042
f 3460 3461 3042
f 3042 3461 3462
f 3463 3464 3422
f 3464 3465 3422
f 3422 3465 3441
f 3452 3466 3422
f 3466 3467 3422
f 3422 3467 3468
f 3305 3469 3042
f 3469 3470 3042
f 3042 3470 3422
f 3471 3472 3042
f 3472 3473 3042
f 3042 3473 3438
f 3468 3474 3422
f 3474 3475 3422
f 3422 3475 3476
f 3476 3477 3422
f 3477 3478 3422
f 3422 3478 3423
f 3479 3480 3369
f 3480 3481 3369
f 3369 3481 3457
f 3424 3482 3422
f 3482 3483 3422
f 3422 3483 3042
f 3483 3484 3042
f 3042 3484 3447
f 3313 3485 3311
f 3485 3486 3311
f 3311 3486 3369
f 3486 3487 3369
f 3369 3487 3479
f 3456 3488 3455
f 3488 3489 3455
f 3455 3489 3422
f 3489 3490 3422
f 3422 3490 3463
f 3491 3492 3042
f 3492 3493 3042
f 3042 3493 3471
f 3494 3495 3042
f 3495 3496 3042
f 3042 3496 3491
f 3462 3497 3042
f 3497 3498 3042
f 3042 3498 3494
f 3499 3500 3501
f 3502 3503 3504
f 3505 3506 3507
f 3508 3509 3510
f 3511 3512 3513
f 3514 3515 3516
f 3517 3518 3519
f 3520 3521 3522
f 3523 3524 3525
f 3526 3527 3528
f 3529 3530 3531
f 3532 3533 3534
f 3535 3536 3537
f 3538 3539 3540
f 3541 3542 3543
f 3544 3545 3546
f 3547 3548 3549
f 3550 3551 3552
f 3553 3554 3555
f 3556 3557 3558
f 3559 3560 3561
f 3562 3563 3564
f 3565 3566 3567
f 3568 3569 3570
f 3571 3572 3573
f 3574 3575 3576
f 3577 3578 3579
f 3580 3581 3582
f 3583 3584 3585
f 3586 3587 3588
f 3589 3590 3591
f 3592 3593 3594
f 3595 3596 3597
f 3598 3599 3600
f 3601 3039 3213
f 2914 3602 3603
f 2844 3604 2846
f 3604 3605 2846
f 2846 3605 2852
f 2852 3605 2853
f 3605 3606 2853
f 2853 3606 2854
f 2978 2881 3607
f 2881 2880 3607
f 3607 2880 3606
f 2880 2879 3606
f 3606 2879 2854
f 2978 3607 2982
f 3607 3608 2982
f 2982 3608 2971
f 3609 2974 3608
f 2974 2972 3608
f 3608 2972 2971
f 2967 2965 3610
f 2965 2976 3610
f 2967 3610 2968
f 3610 3611 2968
f 2968 3611 2970
f 3612 2963 2960
f 3612 2960 3611
f 2960 2959 3611
f 3611 2959 2970
f 2963 3612 2955
f 3612 3613 2955
f 2955 3613 2953
f 3614 2952 3613
f 2952 2958 3613
f 3613 2958 2953
f 2908 2948 3615
f 2948 2947 3615
f 3615 2947 3614
f 2947 2951 3614
f 3614 2951 2952
f 2908 3615 2909
f 3615 3616 2909
f 2909 3616 2911
f 2911 3616 2912
f 3616 3617 2912
f 2912 3617 2943
f 3618 2937 3617
f 2937 2942 3617
f 3617 2942 2943
f 2914 2935 3602
f 2935 2934 3602
f 3602 2934 3618
f 2934 2938 3618
f 3618 2938 2937
f 3619 2925 3603
f 2925 2915 3603
f 3603 2915 2914
f 2919 2918 3620
f 2918 2928 3620
f 3620 2928 3619
f 2928 2923 3619
f 3619 2923 2925
f 2919 3620 2921
f 3620 3092 2921
f 2921 3092 2922
f 3621 3622 3623
f 3622 3624 3623
f 3623 3624 3625
f 3621 3626 3622
f 3626 3627 3622
f 3622 3627 3213
f 3627 3628 3213
f 3213 3628 3601
f 3629 3630 3631
f 3630 3632 3631
f 3631 3632 3633
f 3629 3634 3630
f 3634 3635 3630
f 3630 3635 3624
f 3635 3636 3624
f 3624 3636 3625
f 3600 3599 3632
f 3599 3637 3632
f 3632 3637 3633
f 3597 3596 3600
f 3596 3638 3600
f 3600 3638 3598
f 3594 3593 3639
f 3593 3640 3639
f 3640 3641 3639
f 3639 3641 3597
f 3641 3642 3597
f 3597 3642 3595
f 3591 3590 3594
f 3590 3643 3594
f 3594 3643 3592
f 3588 3587 3591
f 3587 3644 3591
f 3591 3644 3589
f 3585 3584 3645
f 3584 3646 3645
f 3646 3647 3645
f 3645 3647 3588
f 3647 3648 3588
f 3588 3648 3586
f 3649 3650 3585
f 3650 3651 3585
f 3585 3651 3583
f 3652 3653 3649
f 3653 3654 3649
f 3649 3654 3650
f 3655 3656 3652
f 3656 3657 3652
f 3652 3657 3653
f 3658 3659 3660
f 3659 3661 3660
f 3660 3661 3652
f 3661 3662 3652
f 3652 3662 3655
f 3663 3664 3665
f 3664 3582 3665
f 3665 3582 3666
f 3663 3667 3664
f 3667 3668 3664
f 3664 3668 3660
f 3668 3669 3660
f 3660 3669 3658
f 3581 3670 3582
f 3670 3671 3582
f 3582 3671 3666
f 3010 3092 3672
f 3092 3620 3672
f 3672 3620 3673
f 3620 3619 3673
f 3673 3619 3674
f 3619 3603 3674
f 3674 3603 3675
f 3603 3602 3675
f 3675 3602 3676
f 3602 3618 3676
f 3676 3618 3677
f 3618 3617 3677
f 3677 3617 3678
f 3617 3616 3678
f 3678 3616 3679
f 3616 3615 3679
f 3679 3615 3680
f 3615 3614 3680
f 3680 3614 3681
f 3614 3613 3681
f 3681 3613 3682
f 3613 3612 3682
f 3682 3612 3683
f 3612 3611 3683
f 3683 3611 3609
f 3611 3610 3609
f 3609 3610 2974
f 3610 2976 2974
f 3578 3580 3579
f 3580 3582 3579
f 3579 3582 3684
f 3582 3664 3684
f 3684 3664 3685
f 3664 3660 3685
f 3685 3660 3686
f 3660 3652 3686
f 3686 3652 3687
f 3652 3649 3687
f 3687 3649 3688
f 3649 3585 3688
f 3688 3585 3689
f 3585 3645 3689
f 3689 3645 3690
f 3645 3588 3690
f 3690 3588 3691
f 3588 3591 3691
f 3691 3591 3692
f 3591 3594 3692
f 3692 3594 3693
f 3594 3639 3693
f 3693 3639 3694
f 3639 3597 3694
f 3694 3597 3695
f 3597 3600 3695
f 3695 3600 3696
f 3600 3632 3696
f 3696 3632 3697
f 3632 3630 3697
f 3697 3630 3698
f 3630 3624 3698
f 3698 3624 3699
f 3624 3622 3699
f 3699 3622 3211
f 3622 3213 3211
f 3575 3577 3576
f 3577 3579 3576
f 3576 3579 3700
f 3579 3684 3700
f 3700 3684 3701
f 3684 3685 3701
f 3701 3685 3702
f 3685 3686 3702
f 3702 3686 3703
f 3686 3687 3703
f 3703 3687 3704
f 3687 3688 3704
f 3704 3688 3705
f 3688 3689 3705
f 3705 3689 3706
f 3689 3690 3706
f 3706 3690 3707
f 3690 3691 3707
f 3707 3691 3708
f 3691 3692 3708
f 3708 3692 3709
f 3692 3693 3709
f 3709 3693 3710
f 3693 3694 3710
f 3710 3694 3711
f 3694 3695 3711
f 3711 3695 3712
f 3695 3696 3712
f 3712 3696 3713
f 3696 3697 3713
f 3713 3697 3714
f 3697 3698 3714
f 3714 3698 3715
f 3698 3699 3715
f 3715 3699 3209
f 3699 3211 3209
f 3572 3574 3573
f 3574 3576 3573
f 3573 3576 3716
f 3576 3700 3716
f 3716 3700 3717
f 3700 3701 3717
f 3717 3701 3718
f 3701 3702 3718
f 3718 3702 3719
f 3702 3703 3719
f 3719 3703 3720
f 3703 3704 3720
f 3720 3704 3721
f 3704 3705 3721
f 3721 3705 3722
f 3705 3706 3722
f 3722 3706 3723
f 3706 3707 3723
f 3723 3707 3724
f 3707 3708 3724
f 3724 3708 3725
f 3708 3709 3725
f 3725 3709 3726
f 3709 3710 3726
f 3726 3710 3727
f 3710 3711 3727
f 3727 3711 3728
f 3711 3712 3728
f 3728 3712 3729
f 3712 3713 3729
f 3729 3713 3730
f 3713 3714 3730
f 3730 3714 3731
f 3714 3715 3731
f 3731 3715 3207
f 3715 3209 3207
f 3569 3571 3570
f 3571 3573 3570
f 3570 3573 3732
f 3573 3716 3732
f 3732 3716 3733
f 3716 3717 3733
f 3733 3717 3734
f 3717 3718 3734
f 3734 3718 3735
f 3718 3719 3735
f 3735 3719 3736
f 3719 3720 3736
f 3736 3720 3737
f 3720 3721 3737
f 3737 3721 3738
f 3721 3722 3738
f 3738 3722 3739
f 3722 3723 3739
f 3739 3723 3740
f 3723 3724 3740
f 3740 3724 3741
f 3724 3725 3741
f 3741 3725 3742
f 3725 3726 3742
f 3742 3726 3743
f 3726 3727 3743
f 3743 3727 3744
f 3727 3728 3744
f 3744 3728 3745
f 3728 3729 3745
f 3745 3729 3746
f 3729 3730 3746
f 3746 3730 3747
f 3730 3731 3747
f 3747 3731 3205
f 3731 3207 3205
f 3566 3568 3567
f 3568 3570 3567
f 3567 3570 3748
f 3570 3732 3748
f 3748 3732 3749
f 3732 3733 3749
f 3749 3733 3750
f 3733 3734 3750
f 3750 3734 3751
f 3734 3735 3751
f 3751 3735 3752
f 3735 3736 3752
f 3752 3736 3753
f 3736 3737 3753
f 3753 3737 3754
f 3737 3738 3754
f 3754 3738 3755
f 3738 3739 3755
f 3755 3739 3756
f 3739 3740 3756
f 3756 3740 3757
f 3740 3741 3757
f 3757 3741 3758
f 3741 3742 3758
f 3758 3742 3759
f 3742 3743 3759
f 3759 3743 3760
f 3743 3744 3760
f 3760 3744 3761
f 3744 3745 3761
f 3761 3745 3762
f 3745 3746 3762
f 3762 3746 3763
f 3746 3747 3763
f 3763 3747 3203
f 3747 3205 3203
f 3563 3565 3564
f 3565 3567 3564
f 3564 3567 3764
f 3567 3748 3764
f 3764 3748 3765
f 3748 3749 3765
f 3765 3749 3766
f 3749 3750 3766
f 3766 3750 3767
f 3750 3751 3767
f 3767 3751 3768
f 3751 3752 3768
f 3768 3752 3769
f 3752 3753 3769
f 3769 3753 3770
f 3753 3754 3770
f 3770 3754 3771
f 3754 3755 3771
f 3771 3755 3772
f 3755 3756 3772
f 3772 3756 3773
f 3756 3757 3773
f 3773 3757 3774
f 3757 3758 3774
f 3774 3758 3775
f 3758 3759 3775
f 3775 3759 3776
f 3759 3760 3776
f 3776 3760 3777
f 3760 3761 3777
f 3777 3761 3778
f 3761 3762 3778
f 3778 3762 3779
f 3762 3763 3779
f 3779 3763 3201
f 3763 3203 3201
f 3560 3562 3561
f 3562 3564 3561
f 3561 3564 3780
f 3564 3764 3780
f 3780 3764 3781
f 3764 3765 3781
f 3781 3765 3782
f 3765 3766 3782
f 3782 3766 3783
f 3766 3767 3783
f 3783 3767 3784
f 3767 3768 3784
f 3784 3768 3785
f 3768 3769 3785
f 3785 3769 3786
f 3769 3770 3786
f 3786 3770 3787
f 3770 3771 3787
f 3787 3771 3788
f 3771 3772 3788
f 3788 3772 3789
f 3772 3773 3789
f 3789 3773 3790
f 3773 3774 3790
f 3790 3774 3791
f 3774 3775 3791
f 3791 3775 3792
f 3775 3776 3792
f 3792 3776 3793
f 3776 3777 3793
f 3793 3777 3794
f 3777 3778 3794
f 3794 3778 3795
f 3778 3779 3795
f 3795 3779 3199
f 3779 3201 3199
f 3557 3559 3558
f 3559 3561 3558
f 3558 3561 3796
f 3561 3780 3796
f 3796 3780 3797
f 3780 3781 3797
f 3797 3781 3798
f 3781 3782 3798
f 3798 3782 3799
f 3782 3783 3799
f 3799 3783 3800
f 3783 3784 3800
f 3800 3784 3801
f 3784 3785 3801
f 3801 3785 3802
f 3785 3786 3802
f 3802 3786 3803
f 3786 3787 3803
f 3803 3787 3804
f 3787 3788 3804
f 3804 3788 3805
f 3788 3789 3805
f 3805 3789 3806
f 3789 3790 3806
f 3806 3790 3807
f 3790 3791 3807
f 3807 3791 3808
f 3791 3792 3808
f 3808 3792 3809
f 3792 3793 3809
f 3809 3793 3810
f 3793 3794 3810
f 3810 3794 3811
f 3794 3795 3811
f 3811 3795 3197
f 3795 3199 3197
f 3554 3556 3555
f 3556 3558 3555
f 3555 3558 3812
f 3558 3796 3812
f 3812 3796 3813
f 3796 3797 3813
f 3813 3797 3814
f 3797 3798 3814
f 3814 3798 3815
f 3798 3799 3815
f 3815 3799 3816
f 3799 3800 3816
f 3816 3800 3817
f 3800 3801 3817
f 3817 3801 3818
f 3801 3802 3818
f 3818 3802 3819
f 3802 3803 3819
f 3819 3803 3820
f 3803 3804 3820
f 3820 3804 3821
f 3804 3805 3821
f 3821 3805 3822
f 3805 3806 3822
f 3822 3806 3823
f 3806 3807 3823
f 3823 3807 3824
f 3807 3808 3824
f 3824 3808 3825
f 3808 3809 3825
f 3825 3809 3826
f 3809 3810 3826
f 3826 3810 3827
f 3810 3811 3827
f 3827 3811 3195
f 3811 3197 3195
f 3551 3553 3552
f 3553 3555 3552
f 3552 3555 3828
f 3555 3812 3828
f 3828 3812 3829
f 3812 3813 3829
f 3829 3813 3830
f 3813 3814 3830
f 3830 3814 3831
f 3814 3815 3831
f 3831 3815 3832
f 3815 3816 3832
f 3832 3816 3833
f 3816 3817 3833
f 3833 3817 3834
f 3817 3818 3834
f 3834 3818 3835
f 3818 3819 3835
f 3835 3819 3836
f 3819 3820 3836
f 3836 3820 3837
f 3820 3821 3837
f 3837 3821 3838
f 3821 3822 3838
f 3838 3822 3839
f 3822 3823 3839
f 3839 3823 3840
f 3823 3824 3840
f 3840 3824 3841
f 3824 3825 3841
f 3841 3825 3842
f 3825 3826 3842
f 3842 3826 3843
f 3826 3827 3843
f 3843 3827 3193
f 3827 3195 3193
f 3548 3550 3549
f 3550 3552 3549
f 3549 3552 3844
f 3552 3828 3844
f 3844 3828 3845
f 3828 3829 3845
f 3845 3829 3846
f 3829 3830 3846
f 3846 3830 3847
f 3830 3831 3847
f 3847 3831 3848
f 3831 3832 3848
f 3848 3832 3849
f 3832 3833 3849
f 3849 3833 3850
f 3833 3834 3850
f 3850 3834 3851
f 3834 3835 3851
f 3851 3835 3852
f 3835 3836 3852
f 3852 3836 3853
f 3836 3837 3853
f 3853 3837 3854
f 3837 3838 3854
f 3854 3838 3855
f 3838 3839 3855
f 3855 3839 3856
f 3839 3840 3856
f 3856 3840 3857
f 3840 3841 3857
f 3857 3841 3858
f 3841 3842 3858
f 3858 3842 3859
f 3842 3843 3859
f 3859 3843 3191
f 3843 3193 3191
f 3545 3547 3546
f 3547 3549 3546
f 3546 3549 3860
f 3549 3844 3860
f 3860 3844 3861
f 3844 3845 3861
f 3861 3845 3862
f 3845 3846 3862
f 3862 3846 3863
f 3846 3847 3863
f 3863 3847 3864
f 3847 3848 3864
f 3864 3848 3865
f 3848 3849 3865
f 3865 3849 3866
f 3849 3850 3866
f 3866 3850 3867
f 3850 3851 3867
f 3867 3851 3868
f 3851 3852 3868
f 3868 3852 3869
f 3852 3853 3869
f 3869 3853 3870
f 3853 3854 3870
f 3870 3854 3871
f 3854 3855 3871
f 3871 3855 3872
f 3855 3856 3872
f 3872 3856 3873
f 3856 3857 3873
f 3873 3857 3874
f 3857 3858 3874
f 3874 3858 3875
f 3858 3859 3875
f 3875 3859 3189
f 3859 3191 3189
f 3542 3544 3543
f 3544 3546 3543
f 3543 3546 3876
f 3546 3860 3876
f 3876 3860 3877
f 3860 3861 3877
f 3877 3861 3878
f 3861 3862 3878
f 3878 3862 3879
f 3862 3863 3879
f 3879 3863 3880
f 3863 3864 3880
f 3880 3864 3881
f 3864 3865 3881
f 3881 3865 3882
f 3865 3866 3882
f 3882 3866 3883
f 3866 3867 3883
f 3883 3867 3884
f 3867 3868 3884
f 3884 3868 3885
f 3868 3869 3885
f 3885 3869 3886
f 3869 3870 3886
f 3886 3870 3887
f 3870 3871 3887
f 3887 3871 3888
f 3871 3872 3888
f 3888 3872 3889
f 3872 3873 3889
f 3889 3873 3890
f 3873 3874 3890
f 3890 3874 3891
f 3874 3875 3891
f 3891 3875 3187
f 3875 3189 3187
f 3539 3541 3540
f 3541 3543 3540
f 3540 3543 3892
f 3543 3876 3892
f 3892 3876 3893
f 3876 3877 3893
f 3893 3877 3894
f 3877 3878 3894
f 3894 3878 3895
f 3878 3879 3895
f 3895 3879 3896
f 3879 3880 3896
f 3896 3880 3897
f 3880 3881 3897
f 3897 3881 3898
f 3881 3882 3898
f 3898 3882 3899
f 3882 3883 3899
f 3899 3883 3900
f 3883 3884 3900
f 3900 3884 3901
f 3884 3885 3901
f 3901 3885 3902
f 3885 3886 3902
f 3902 3886 3903
f 3886 3887 3903
f 3903 3887 3904
f 3887 3888 3904
f 3904 3888 3905
f 3888 3889 3905
f 3905 3889 3906
f 3889 3890 3906
f 3906 3890 3907
f 3890 3891 3907
f 3907 3891 3185
f 3891 3187 3185
f 3536 3538 3537
f 3538 3540 3537
f 3537 3540 3908
f 3540 3892 3908
f 3908 3892 3909
f 3892 3893 3909
f 3909 3893 3910
f 3893 3894 3910
f 3910 3894 3911
f 3894 3895 3911
f 3911 3895 3912
f 3895 3896 3912
f 3912 3896 3913
f 3896 3897 3913
f 3913 3897 3914
f 3897 3898 3914
f 3914 3898 3915
f 3898 3899 3915
f 3915 3899 3916
f 3899 3900 3916
f 3916 3900 3917
f 3900 3901 3917
f 3917 3901 3918
f 3901 3902 3918
f 3918 3902 3919
f 3902 3903 3919
f 3919 3903 3920
f 3903 3904 3920
f 3920 3904 3921
f 3904 3905 3921
f 3921 3905 3922
f 3905 3906 3922
f 3922 3906 3923
f 3906 3907 3923
f 3923 3907 3183
f 3907 3185 3183
f 3533 3535 3534
f 3535 3537 3534
f 3534 3537 3924
f 3537 3908 3924
f 3924 3908 3925
f 3908 3909 3925
f 3925 3909 3926
f 3909 3910 3926
f 3926 3910 3927
f 3910 3911 3927
f 3927 3911 3928
f 3911 3912 3928
f 3928 3912 3929
f 3912 3913 3929
f 3929 3913 3930
f 3913 3914 3930
f 3930 3914 3931
f 3914 3915 3931
f 3931 3915 3932
f 3915 3916 3932
f 3932 3916 3933
f 3916 3917 3933
f 3933 3917 3934
f 3917 3918 3934
f 3934 3918 3935
f 3918 3919 3935
f 3935 3919 3936
f 3919 3920 3936
f 3936 3920 3937
f 3920 3921 3937
f 3937 3921 3938
f 3921 3922 3938
f 3938 3922 3939
f 3922 3923 3939
f 3939 3923 3181
f 3923 3183 3181
f 3530 3532 3531
f 3532 3534 3531
f 3531 3534 3940
f 3534 3924 3940
f 3940 3924 3941
f 3924 3925 3941
f 3941 3925 3942
f 3925 3926 3942
f 3942 3926 3943
f 3926 3927 3943
f 3943 3927 3944
f 3927 3928 3944
f 3944 3928 3945
f 3928 3929 3945
f 3945 3929 3946
f 3929 3930 3946
f 3946 3930 3947
f 3930 3931 3947
f 3947 3931 3948
f 3931 3932 3948
f 3948 3932 3949
f 3932 3933 3949
f 3949 3933 3950
f 3933 3934 3950
f 3950 3934 3951
f 3934 3935 3951
f 3951 3935 3952
f 3935 3936 3952
f 3952 3936 3953
f 3936 3937 3953
f 3953 3937 3954
f 3937 3938 3954
f 3954 3938 3955
f 3938 3939 3955
f 3955 3939 3179
f 3939 3181 3179
f 3527 3529 3528
f 3529 3531 3528
f 3528 3531 3956
f 3531 3940 3956
f 3956 3940 3957
f 3940 3941 3957
f 3957 3941 3958
f 3941 3942 3958
f 3958 3942 3959
f 3942 3943 3959
f 3959 3943 3960
f 3943 3944 3960
f 3960 3944 3961
f 3944 3945 3961
f 3961 3945 3962
f 3945 3946 3962
f 3962 3946 3963
f 3946 3947 3963
f 3963 3947 3964
f 3947 3948 3964
f 3964 3948 3965
f 3948 3949 3965
f 3965 3949 3966
f 3949 3950 3966
f 3966 3950 3967
f 3950 3951 3967
f 3967 3951 3968
f 3951 3952 3968
f 3968 3952 3969
f 3952 3953 3969
f 3969 3953 3970
f 3953 3954 3970
f 3970 3954 3971
f 3954 3955 3971
f 3971 3955 3177
f 3955 3179 3177
f 3524 3526 3525
f 3526 3528 3525
f 3525 3528 3972
f 3528 3956 3972
f 3972 3956 3973
f 3956 3957 3973
f 3973 3957 3974
f 3957 3958 3974
f 3974 3958 3975
f 3958 3959 3975
f 3975 3959 3976
f 3959 3960 3976
f 3976 3960 3977
f 3960 3961 3977
f 3977 3961 3978
f 3961 3962 3978
f 3978 3962 3979
f 3962 3963 3979
f 3979 3963 3980
f 3963 3964 3980
f 3980 3964 3981
f 3964 3965 3981
f 3981 3965 3982
f 3965 3966 3982
f 3982 3966 3983
f 3966 3967 3983
f 3983 3967 3984
f 3967 3968 3984
f 3984 3968 3985
f 3968 3969 3985
f 3985 3969 3986
f 3969 3970 3986
f 3986 3970 3987
f 3970 3971 3987
f 3987 3971 3175
f 3971 3177 3175
f 3521 3523 3522
f 3523 3525 3522
f 3522 3525 3988
f 3525 3972 3988
f 3988 3972 3989
f 3972 3973 3989
f 3989 3973 3990
f 3973 3974 3990
f 3990 3974 3991
f 3974 3975 3991
f 3991 3975 3992
f 3975 3976 3992
f 3992 3976 3993
f 3976 3977 3993
f 3993 3977 3994
f 3977 3978 3994
f 3994 3978 3995
f 3978 3979 3995
f 3995 3979 3996
f 3979 3980 3996
f 3996 3980 3997
f 3980 3981 3997
f 3997 3981 3998
f 3981 3982 3998
f 3998 3982 3999
f 3982 3983 3999
f 3999 3983 4000
f 3983 3984 4000
f 4000 3984 4001
f 3984 3985 4001
f 4001 3985 4002
f 3985 3986 4002
f 4002 3986 4003
f 3986 3987 4003
f 4003 3987 3173
f 3987 3175 3173
f 3518 3520 3519
f 3520 3522 3519
f 3519 3522 4004
f 3522 3988 4004
f 4004 3988 4005
f 3988 3989 4005
f 4005 3989 4006
f 3989 3990 4006
f 4006 3990 4007
f 3990 3991 4007
f 4007 3991 4008
f 3991 3992 4008
f 4008 3992 4009
f 3992 3993 4009
f 4009 3993 4010
f 3993 3994 4010
f 4010 3994 4011
f 3994 3995 4011
f 4011 3995 4012
f 3995 3996 4012
f 4012 3996 4013
f 3996 3997 4013
f 4013 3997 4014
f 3997 3998 4014
f 4014 3998 4015
f 3998 3999 4015
f 4015 3999 4016
f 3999 4000 4016
f 4016 4000 4017
f 4000 4001 4017
f 4017 4001 4018
f 4001 4002 4018
f 4018 4002 4019
f 4002 4003 4019
f 4019 4003 3172
f 4003 3173 3172
f 3515 3517 3516
f 3517 3519 3516
f 3516 3519 4020
f 3519 4004 4020
f 4020 4004 4021
f 4004 4005 4021
f 4021 4005 4022
f 4005 4006 4022
f 4022 4006 4023
f 4006 4007 4023
f 4023 4007 4024
f 4007 4008 4024
f 4024 4008 4025
f 4008 4009 4025
f 4025 4009 4026
f 4009 4010 4026
f 4026 4010 4027
f 4010 4011 4027
f 4027 4011 4028
f 4011 4012 4028
f 4028 4012 4029
f 4012 4013 4029
f 4029 4013 4030
f 4013 4014 4030
f 4030 4014 4031
f 4014 4015 4031
f 4031 4015 4032
f 4015 4016 4032
f 4032 4016 4033
f 4016 4017 4033
f 4033 4017 4034
f 4017 4018 4034
f 4034 4018 4035
f 4018 4019 4035
f 4035 4019 3056
f 4019 3172 3056
f 3512 3514 3513
f 3514 3516 3513
f 3513 3516 4036
f 3516 4020 4036
f 4036 4020 4037
f 4020 4021 4037
f 4037 4021 4038
f 4021 4022 4038
f 4038 4022 4039
f 4022 4023 4039
f 4039 4023 4040
f 4023 4024 4040
f 4040 4024 4041
f 4024 4025 4041
f 4041 4025 4042
f 4025 4026 4042
f 4042 4026 4043
f 4026 4027 4043
f 4043 4027 4044
f 4027 4028 4044
f 4044 4028 4045
f 4028 4029 4045
f 4045 4029 4046
f 4029 4030 4046
f 4046 4030 4047
f 4030 4031 4047
f 4047 4031 4048
f 4031 4032 4048
f 4048 4032 4049
f 4032 4033 4049
f 4049 4033 4050
f 4033 4034 4050
f 4050 4034 4051
f 4034 4035 4051
f 4051 4035 3054
f 4035 3056 3054
f 3509 3511 3510
f 3511 3513 3510
f 3510 3513 4052
f 3513 4036 4052
f 4052 4036 4053
f 4036 4037 4053
f 4053 4037 4054
f 4037 4038 4054
f 4054 4038 4055
f 4038 4039 4055
f 4055 4039 4056
f 4039 4040 4056
f 4056 4040 4057
f 4040 4041 4057
f 4057 4041 4058
f 4041 4042 4058
f 4058 4042 4059
f 4042 4043 4059
f 4059 4043 4060
f 4043 4044 4060
f 4060 4044 4061
f 4044 4045 4061
f 4061 4045 4062
f 4045 4046 4062
f 4062 4046 4063
f 4046 4047 4063
f 4063 4047 4064
f 4047 4048 4064
f 4064 4048 4065
f 4048 4049 4065
f 4065 4049 4066
f 4049 4050 4066
f 4066 4050 4067
f 4050 4051 4067
f 4067 4051 3053
f 4051 3054 3053
f 3506 3508 3507
f 3508 3510 3507
f 3507 3510 4068
f 3510 4052 4068
f 4068 4052 4069
f 4052 4053 4069
f 4069 4053 4070
f 4053 4054 4070
f 4070 4054 4071
f 4054 4055 4071
f 4071 4055 4072
f 4055 4056 4072
f 4072 4056 4073
f 4056 4057 4073
f 4073 4057 4074
f 4057 4058 4074
f 4074 4058 4075
f 4058 4059 4075
f 4075 4059 4076
f 4059 4060 4076
f 4076 4060 4077
f 4060 4061 4077
f 4077 4061 4078
f 4061 4062 4078
f 4078 4062 4079
f 4062 4063 4079
f 4079 4063 4080
f 4063 4064 4080
f 4080 4064 4081
f 4064 4065 4081
f 4081 4065 4082
f 4065 4066 4082
f 4082 4066 4083
f 4066 4067 4083
f 4083 4067 3014
f 4067 3053 3014
f 3503 3505 3504
f 3505 3507 3504
f 3504 3507 4084
f 3507 4068 4084
f 4084 4068 4085
f 4068 4069 4085
f 4085 4069 4086
f 4069 4070 4086
f 4086 4070 4087
f 4070 4071 4087
f 4087 4071 4088
f 4071 4072 4088
f 4088 4072 4089
f 4072 4073 4089
f 4089 4073 4090
f 4073 4074 4090
f 4090 4074 4091
f 4074 4075 4091
f 4091 4075 4092
f 4075 4076 4092
f 4092 4076 4093
f 4076 4077 4093
f 4093 4077 4094
f 4077 4078 4094
f 4094 4078 4095
f 4078 4079 4095
f 4095 4079 4096
f 4079 4080 4096
f 4096 4080 4097
f 4080 4081 4097
f 4097 4081 4098
f 4081 4082 4098
f 4098 4082 4099
f 4082 4083 4099
f 4099 4083 3013
f 4083 3014 3013
f 3500 3502 3501
f 3502 3504 3501
f 3501 3504 4100
f 3504 4084 4100
f 4100 4084 4101
f 4084 4085 4101
f 4101 4085 4102
f 4085 4086 4102
f 4102 4086 4103
f 4086 4087 4103
f 4103 4087 4104
f 4087 4088 4104
f 4104 4088 4105
f 4088 4089 4105
f 4105 4089 4106
f 4089 4090 4106
f 4106 4090 4107
f 4090 4091 4107
f 4107 4091 4108
f 4091 4092 4108
f 4108 4092 4109
f 4092 4093 4109
f 4109 4093 4110
f 4093 4094 4110
f 4110 4094 4111
f 4094 4095 4111
f 4111 4095 4112
f 4095 4096 4112
f 4112 4096 4113
f 4096 4097 4113
f 4113 4097 4114
f 4097 4098 4114
f 4114 4098 4115
f 4098 4099 4115
f 4115 4099 3011
f 4099 3013 3011
f 3604 3499 3605
f 3499 3501 3605
f 3605 3501 3606
f 3501 4100 3606
f 3606 4100 3607
f 4100 4101 3607
f 3607 4101 3608
f 4101 4102 3608
f 3608 4102 3609
f 4102 4103 3609
f 3609 4103 3683
f 4103 4104 3683
f 3683 4104 3682
f 4104 4105 3682
f 3682 4105 3681
f 4105 4106 3681
f 3681 4106 3680
f 4106 4107 3680
f 3680 4107 3679
f 4107 4108 3679
f 3679 4108 3678
f 4108 4109 3678
f 3678 4109 3677
f 4109 4110 3677
f 3677 4110 3676
f 4110 4111 3676
f 3676 4111 3675
f 4111 4112 3675
f 3675 4112 3674
f 4112 4113 3674
f 3674 4113 3673
f 4113 4114 3673
f 3673 4114 3672
f 4114 4115 3672
f 3672 4115 3010
f 4115 3011 3010
f 3604 2844 2867
f 2866 2851 3500
f 2850 2849 3503
f 2843 2842 3506
f 4116 4117 3577
f 4117 4118 3577
f 3577 4118 3578
f 4118 4119 3578
f 3578 4119 3580
f 4119 4120 3580
f 3580 4120 3581
f 4120 4121 3581
f 3581 4121 3670
f 4116 3577 4122
f 3577 3575 4122
f 4122 3575 4123
f 3575 3574 4123
f 4123 3574 4124
f 3572 3571 4125
f 4125 4126 3572
f 4126 4127 3572
f 3572 4127 3574
f 4127 4128 3574
f 3574 4128 4124
f 3565 4129 3566
f 4129 4130 3566
f 3566 4130 3568
f 4130 4131 3568
f 3568 4131 3569
f 4131 4132 3569
f 3569 4132 3571
f 4132 4133 3571
f 3571 4133 4125
f 3562 4134 3563
f 4134 4135 3563
f 3563 4135 3565
f 4135 4136 3565
f 3565 4136 4129
f 3559 4137 3560
f 4137 4138 3560
f 3560 4138 3562
f 4138 4139 3562
f 3562 4139 4134
f 3553 4140 3554
f 4140 4141 3554
f 3554 4141 3556
f 4141 4142 3556
f 3556 4142 3557
f 4142 4143 3557
f 3557 4143 3559
f 4143 4144 3559
f 3559 4144 4137
f 3547 4145 3548
f 4145 4146 3548
f 3548 4146 3550
f 4146 4147 3550
f 3550 4147 3551
f 4147 4148 3551
f 3551 4148 3553
f 4148 4149 3553
f 3553 4149 4140
f 3538 4150 3539
f 4150 4151 3539
f 3539 4151 3541
f 4151 4152 3541
f 3541 4152 3542
f 4152 4153 3542
f 3542 4153 3544
f 4153 4154 3544
f 3544 4154 3545
f 4154 4155 3545
f 3545 4155 3547
f 4155 4156 3547
f 3547 4156 4145
f 3532 4157 3533
f 4157 4158 3533
f 3533 4158 3535
f 4158 4159 3535
f 3535 4159 3536
f 4159 4160 3536
f 3536 4160 3538
f 4160 4161 3538
f 3538 4161 4150
f 3529 4162 3530
f 4162 4163 3530
f 3530 4163 3532
f 4163 4164 3532
f 3532 4164 4157
f 3526 4165 3527
f 4165 4166 3527
f 3527 4166 3529
f 4166 4167 3529
f 3529 4167 4162
f 3523 4168 4169
f 3523 4169 3524
f 4169 4170 3524
f 3524 4170 3526
f 4170 4171 3526
f 3526 4171 4165
f 3520 2821 3521
f 2821 2820 3521
f 3521 2820 3523
f 2820 4172 3523
f 3523 4172 4168
f 2876 2865 3517
f 2865 2864 3517
f 3517 2864 3518
f 2864 2863 3518
f 3518 2863 3520
f 2863 2822 3520
f 3520 2822 2821
f 2876 3517 2877
f 3517 3515 2877
f 2877 3515 2878
f 2906 2905 3512
f 2905 2899 3512
f 3512 2899 3514
f 2899 2898 3514
f 3514 2898 3515
f 2898 2897 3515
f 3515 2897 2878
f 2906 3512 2907
f 3512 3511 2907
f 2907 3511 2839
f 3511 3509 2839
f 2839 3509 2840
f 2840 3509 2842
f 3509 3508 2842
f 2842 3508 3506
f 2843 3506 2849
f 3506 3505 2849
f 2849 3505 3503
f 2850 3503 2851
f 3503 3502 2851
f 2851 3502 3500
f 2866 3500 2867
f 3500 3499 2867
f 2867 3499 3604
f 4173 4174 3654
f 4175 4176 3655
f 4176 4177 3655
f 3655 4177 4178
f 4179 4180 3654
f 4180 4181 3654
f 3654 4181 4182
f 4183 4184 3661
f 4184 3662 3661
f 4185 4186 3655
f 3653 3657 4178
f 3657 3656 4178
f 4178 3656 3655
f 3661 3659 4183
f 3659 3658 4183
f 4183 3658 3669
f 3671 3670 4183
f 3670 4121 4183
f 4183 4121 4120
f 3653 4178 3654
f 4178 4187 3654
f 3654 4187 4179
f 4182 4188 3654
f 4188 4189 3654
f 3654 4189 4173
f 3669 3668 4183
f 3668 3667 4183
f 4183 3667 3663
f 3663 3665 4183
f 3665 3666 4183
f 4183 3666 3671
f 4123 4124 4183
f 4124 4128 4183
f 4183 4128 4127
f 4186 4190 3655
f 4190 4191 3655
f 3655 4191 4175
f 3662 4184 3655
f 4184 4192 3655
f 3655 4192 4185
f 4117 4116 4183
f 4116 4122 4183
f 4183 4122 4123
f 4184 4193 4194
f 4194 4195 4184
f 4195 4196 4184
f 4184 4196 4197
f 4120 4119 4183
f 4119 4118 4183
f 4183 4118 4117
f 4197 4198 4184
f 4198 4199 4184
f 4184 4199 4200
f 4200 4201 4184
f 4201 4202 4184
f 4184 4202 4192
f 3601 3628 4203
f 3599 3598 4204
f 4204 3598 4205
f 3641 3640 4206
f 4206 3640 4207
f 3647 3646 4208
f 4208 3646 4209
f 4210 4211 3583
f 3650 3654 4174
f 3650 4174 3651
f 3651 4174 3583
f 4174 4212 3583
f 3583 4212 4210
f 4209 3646 4211
f 3646 3584 4211
f 4211 3584 3583
f 4213 3586 4208
f 3586 3648 4208
f 4208 3648 3647
f 4213 4214 3586
f 4214 4215 3586
f 3586 4215 3587
f 4216 3589 4215
f 3589 3644 4215
f 4215 3644 3587
f 4217 4218 3592
f 4216 4219 3589
f 4219 4220 3589
f 3589 4220 3590
f 4220 3643 3590
f 3643 4220 3592
f 4220 4221 3592
f 3592 4221 4217
f 4207 3640 4218
f 3640 3593 4218
f 4218 3593 3592
f 4222 3595 4206
f 3595 3642 4206
f 4206 3642 3641
f 4222 4223 3595
f 4223 4224 3595
f 3595 4224 3596
f 4224 3638 3596
f 3638 4224 3598
f 4224 4225 3598
f 3598 4225 4205
f 4226 3633 4204
f 3633 3637 4204
f 4204 3637 3599
f 4226 4227 3633
f 4227 4228 3633
f 3633 4228 3631
f 4228 3629 3631
f 4228 4229 3629
f 4229 4230 3629
f 3629 4230 3634
f 4231 3636 4230
f 3636 3635 4230
f 4230 3635 3634
f 4231 4232 3636
f 4232 4233 3636
f 3636 4233 3625
f 4234 3621 4233
f 3621 3623 4233
f 4233 3623 3625
f 4203 3628 4235
f 4234 4236 3621
f 4236 4237 3621
f 3621 4237 3626
f 4237 3627 3626
f 3627 4237 3628
f 4237 4238 3628
f 3628 4238 4235
f 3601 4203 3039
f 4203 4239 3039
f 3039 4239 2991
f 4240 4241 4242
f 4243 4244 4245
f 4246 4247 4248
f 4249 4250 4251
f 4252 4253 4254
f 4255 4256 4257
f 4258 4259 4260
f 4261 4262 4263
f 4264 4265 4266
f 4267 4268 4269
f 4270 4271 4272
f 4273 4274 4275
f 4276 4277 4278
f 4279 4280 4281
f 4282 4283 4284
f 4285 4286 4287
f 4288 4289 4290
f 4291 4292 4293
f 4294 4295 4296
f 4297 4298 4299
f 4300 4301 4302
f 4303 4304 4305
f 4306 4307 4308
f 4309 4310 4311
f 4312 4313 4314
f 4315 3337 3335
f 4316 3339 3337
f 4317 3341 3339
f 4318 3343 3341
f 4319 3345 3343
f 4320 3347 3345
f 4321 3349 3347
f 4322 3351 3349
f 4323 3353 3351
f 4324 4325 4326
f 4327 4328 4329
f 4185 4330 4186
f 4330 4331 4186
f 4186 4331 4190
f 4190 4331 4191
f 4331 4332 4191
f 4191 4332 4175
f 4187 4178 4333
f 4178 4177 4333
f 4333 4177 4332
f 4177 4176 4332
f 4332 4176 4175
f 4182 4181 4334
f 4181 4180 4334
f 4334 4180 4333
f 4180 4179 4333
f 4333 4179 4187
f 4335 4212 4174
f 4174 4173 4335
f 4173 4189 4335
f 4335 4189 4334
f 4189 4188 4334
f 4334 4188 4182
f 4212 4335 4210
f 4335 4336 4210
f 4210 4336 4211
f 4337 4208 4336
f 4208 4209 4336
f 4336 4209 4211
f 4216 4215 4338
f 4215 4214 4338
f 4338 4214 4337
f 4214 4213 4337
f 4337 4213 4208
f 4339 4221 4220
f 4339 4220 4338
f 4220 4219 4338
f 4338 4219 4216
f 4221 4339 4217
f 4339 4340 4217
f 4217 4340 4218
f 4341 4206 4340
f 4206 4207 4340
f 4340 4207 4218
f 4225 4224 4342
f 4224 4223 4342
f 4342 4223 4341
f 4223 4222 4341
f 4341 4222 4206
f 4343 4204 4342
f 4204 4205 4342
f 4342 4205 4225
f 4229 4228 4344
f 4228 4227 4344
f 4344 4227 4343
f 4227 4226 4343
f 4343 4226 4204
f 4229 4344 4230
f 4344 4345 4230
f 4230 4345 4231
f 4236 4234 4346
f 4234 4233 4346
f 4346 4233 4345
f 4233 4232 4345
f 4345 4232 4231
f 4236 4346 4237
f 4346 4347 4237
f 4237 4347 4238
f 2991 4239 3331
f 4239 4203 3331
f 3331 4203 4347
f 4203 4235 4347
f 4347 4235 4238
f 4313 4348 4349
f 4350 4351 4312
f 4351 4352 4312
f 4312 4352 4313
f 4352 4353 4313
f 4313 4353 4348
f 4354 4355 4356
f 4355 4357 4356
f 4356 4357 4358
f 4359 4360 4361
f 4362 4363 4364
f 4363 4365 4364
f 4366 4367 4368
f 4369 4370 4371
f 4370 4372 4371
f 4373 4374 4375
f 4376 4377 4378
f 4377 4379 4378
f 4380 4381 4382
f 4327 4329 4383
f 4384 4385 4386
f 4385 4387 4386
f 4388 4389 4390
f 4389 4391 4390
f 4390 4391 4392
f 4393 4394 4395
f 4396 4397 4398
f 4397 4399 4398
f 4399 4400 4398
f 4400 4401 4398
f 4398 4401 4402
f 3406 4314 3404
f 4314 4313 3404
f 3404 4313 3402
f 4313 4349 3402
f 3402 4349 3222
f 4403 4350 4404
f 4350 4312 4404
f 4404 4312 4405
f 4312 4314 4405
f 4405 4314 4406
f 4314 3406 4406
f 4406 3406 3408
f 4358 4403 4356
f 4403 4404 4356
f 4356 4404 4407
f 4404 4405 4407
f 4407 4405 4408
f 4405 4406 4408
f 4408 4406 4409
f 4406 3408 4409
f 4409 3408 3410
f 4360 4354 4361
f 4354 4356 4361
f 4361 4356 4410
f 4356 4407 4410
f 4410 4407 4411
f 4407 4408 4411
f 4411 4408 4412
f 4408 4409 4412
f 4412 4409 4413
f 4409 3410 4413
f 4413 3410 3412
f 4365 4359 4364
f 4359 4361 4364
f 4364 4361 4414
f 4361 4410 4414
f 4414 4410 4415
f 4410 4411 4415
f 4415 4411 4416
f 4411 4412 4416
f 4416 4412 4417
f 4412 4413 4417
f 4417 4413 4418
f 4413 3412 4418
f 4418 3412 3414
f 4367 4362 4368
f 4362 4364 4368
f 4368 4364 4419
f 4364 4414 4419
f 4419 4414 4420
f 4414 4415 4420
f 4420 4415 4421
f 4415 4416 4421
f 4421 4416 4422
f 4416 4417 4422
f 4422 4417 4423
f 4417 4418 4423
f 4423 4418 4424
f 4418 3414 4424
f 4424 3414 3416
f 4372 4366 4371
f 4366 4368 4371
f 4371 4368 4425
f 4368 4419 4425
f 4425 4419 4426
f 4419 4420 4426
f 4426 4420 4427
f 4420 4421 4427
f 4427 4421 4428
f 4421 4422 4428
f 4428 4422 4429
f 4422 4423 4429
f 4429 4423 4430
f 4423 4424 4430
f 4430 4424 4431
f 4424 3416 4431
f 4431 3416 3418
f 4374 4369 4375
f 4369 4371 4375
f 4375 4371 4432
f 4371 4425 4432
f 4432 4425 4433
f 4425 4426 4433
f 4433 4426 4434
f 4426 4427 4434
f 4434 4427 4435
f 4427 4428 4435
f 4435 4428 4436
f 4428 4429 4436
f 4436 4429 4437
f 4429 4430 4437
f 4437 4430 4438
f 4430 4431 4438
f 4438 4431 4439
f 4431 3418 4439
f 4439 3418 3420
f 4379 4373 4378
f 4373 4375 4378
f 4378 4375 4440
f 4375 4432 4440
f 4440 4432 4441
f 4432 4433 4441
f 4441 4433 4442
f 4433 4434 4442
f 4442 4434 4443
f 4434 4435 4443
f 4443 4435 4444
f 4435 4436 4444
f 4444 4436 4445
f 4436 4437 4445
f 4445 4437 4446
f 4437 4438 4446
f 4446 4438 4447
f 4438 4439 4447
f 4447 4439 4448
f 4439 3420 4448
f 4448 3420 3421
f 4381 4376 4382
f 4376 4378 4382
f 4382 4378 4449
f 4378 4440 4449
f 4449 4440 4450
f 4440 4441 4450
f 4450 4441 4451
f 4441 4442 4451
f 4451 4442 4452
f 4442 4443 4452
f 4452 4443 4453
f 4443 4444 4453
f 4453 4444 4454
f 4444 4445 4454
f 4454 4445 4455
f 4445 4446 4455
f 4455 4446 4456
f 4446 4447 4456
f 4456 4447 4457
f 4447 4448 4457
f 4457 4448 4458
f 4448 3421 4458
f 4458 3421 3367
f 4328 4380 4329
f 4380 4382 4329
f 4329 4382 4459
f 4382 4449 4459
f 4459 4449 4460
f 4449 4450 4460
f 4460 4450 4461
f 4450 4451 4461
f 4461 4451 4462
f 4451 4452 4462
f 4462 4452 4463
f 4452 4453 4463
f 4463 4453 4464
f 4453 4454 4464
f 4464 4454 4465
f 4454 4455 4465
f 4465 4455 4466
f 4455 4456 4466
f 4466 4456 4467
f 4456 4457 4467
f 4467 4457 4468
f 4457 4458 4468
f 4468 4458 4469
f 4458 3367 4469
f 4469 3367 3365
f 4384 4383 4385
f 4383 4329 4385
f 4385 4329 4470
f 4329 4459 4470
f 4470 4459 4471
f 4459 4460 4471
f 4471 4460 4472
f 4460 4461 4472
f 4472 4461 4473
f 4461 4462 4473
f 4473 4462 4474
f 4462 4463 4474
f 4474 4463 4475
f 4463 4464 4475
f 4475 4464 4476
f 4464 4465 4476
f 4476 4465 4477
f 4465 4466 4477
f 4477 4466 4478
f 4466 4467 4478
f 4478 4467 4479
f 4467 4468 4479
f 4479 4468 4480
f 4468 4469 4480
f 4480 4469 4481
f 4469 3365 4481
f 4481 3365 3363
f 4387 4385 4482
f 4385 4470 4482
f 4482 4470 4483
f 4470 4471 4483
f 4483 4471 4484
f 4471 4472 4484
f 4484 4472 4485
f 4472 4473 4485
f 4485 4473 4486
f 4473 4474 4486
f 4486 4474 4487
f 4474 4475 4487
f 4487 4475 4488
f 4475 4476 4488
f 4488 4476 4489
f 4476 4477 4489
f 4489 4477 4490
f 4477 4478 4490
f 4490 4478 4491
f 4478 4479 4491
f 4491 4479 4492
f 4479 4480 4492
f 4492 4480 4493
f 4480 4481 4493
f 4493 4481 4494
f 4481 3363 4494
f 4494 3363 3361
f 4392 4387 4390
f 4387 4482 4390
f 4390 4482 4495
f 4482 4483 4495
f 4495 4483 4496
f 4483 4484 4496
f 4496 4484 4497
f 4484 4485 4497
f 4497 4485 4498
f 4485 4486 4498
f 4498 4486 4499
f 4486 4487 4499
f 4499 4487 4500
f 4487 4488 4500
f 4500 4488 4501
f 4488 4489 4501
f 4501 4489 4502
f 4489 4490 4502
f 4502 4490 4503
f 4490 4491 4503
f 4503 4491 4504
f 4491 4492 4504
f 4504 4492 4505
f 4492 4493 4505
f 4505 4493 4506
f 4493 4494 4506
f 4506 4494 4507
f 4494 3361 4507
f 4507 3361 3359
f 4394 4388 4395
f 4388 4390 4395
f 4395 4390 4508
f 4390 4495 4508
f 4508 4495 4509
f 4495 4496 4509
f 4509 4496 4510
f 4496 4497 4510
f 4510 4497 4511
f 4497 4498 4511
f 4511 4498 4512
f 4498 4499 4512
f 4512 4499 4513
f 4499 4500 4513
f 4513 4500 4514
f 4500 4501 4514
f 4514 4501 4515
f 4501 4502 4515
f 4515 4502 4516
f 4502 4503 4516
f 4516 4503 4517
f 4503 4504 4517
f 4517 4504 4518
f 4504 4505 4518
f 4518 4505 4519
f 4505 4506 4519
f 4519 4506 4520
f 4506 4507 4520
f 4520 4507 4521
f 4507 3359 4521
f 4521 3359 3357
f 4325 4393 4326
f 4393 4395 4326
f 4326 4395 4522
f 4395 4508 4522
f 4522 4508 4523
f 4508 4509 4523
f 4523 4509 4524
f 4509 4510 4524
f 4524 4510 4525
f 4510 4511 4525
f 4525 4511 4526
f 4511 4512 4526
f 4526 4512 4527
f 4512 4513 4527
f 4527 4513 4528
f 4513 4514 4528
f 4528 4514 4529
f 4514 4515 4529
f 4529 4515 4530
f 4515 4516 4530
f 4530 4516 4531
f 4516 4517 4531
f 4531 4517 4532
f 4517 4518 4532
f 4532 4518 4533
f 4518 4519 4533
f 4533 4519 4534
f 4519 4520 4534
f 4534 4520 4535
f 4520 4521 4535
f 4535 4521 4536
f 4521 3357 4536
f 4536 3357 3355
f 4402 4324 4398
f 4324 4326 4398
f 4398 4326 4537
f 4326 4522 4537
f 4537 4522 4538
f 4522 4523 4538
f 4538 4523 4539
f 4523 4524 4539
f 4539 4524 4540
f 4524 4525 4540
f 4540 4525 4541
f 4525 4526 4541
f 4541 4526 4542
f 4526 4527 4542
f 4542 4527 4543
f 4527 4528 4543
f 4543 4528 4544
f 4528 4529 4544
f 4544 4529 4545
f 4529 4530 4545
f 4545 4530 4546
f 4530 4531 4546
f 4546 4531 4547
f 4531 4532 4547
f 4547 4532 4548
f 4532 4533 4548
f 4548 4533 4549
f 4533 4534 4549
f 4549 4534 4550
f 4534 4535 4550
f 4550 4535 4551
f 4535 4536 4551
f 4551 4536 4552
f 4536 3355 4552
f 4552 3355 3353
f 4553 4554 4555
f 3353 4323 4552
f 4323 4556 4552
f 4552 4556 4551
f 4556 4557 4551
f 4551 4557 4550
f 4557 4558 4550
f 4550 4558 4549
f 4558 4559 4549
f 4549 4559 4548
f 4559 4560 4548
f 4548 4560 4547
f 4560 4561 4547
f 4547 4561 4546
f 4561 4562 4546
f 4546 4562 4545
f 4562 4563 4545
f 4545 4563 4544
f 4563 4564 4544
f 4544 4564 4543
f 4564 4565 4543
f 4543 4565 4542
f 4565 4566 4542
f 4542 4566 4541
f 4566 4567 4541
f 4541 4567 4540
f 4567 4568 4540
f 4540 4568 4539
f 4568 4569 4539
f 4539 4569 4538
f 4569 4570 4538
f 4538 4570 4537
f 4570 4311 4537
f 4537 4311 4398
f 4311 4310 4398
f 4398 4310 4396
f 3351 4322 4323
f 4322 4571 4323
f 4323 4571 4556
f 4571 4572 4556
f 4556 4572 4557
f 4572 4573 4557
f 4557 4573 4558
f 4573 4574 4558
f 4558 4574 4559
f 4574 4575 4559
f 4559 4575 4560
f 4575 4576 4560
f 4560 4576 4561
f 4576 4577 4561
f 4561 4577 4562
f 4577 4578 4562
f 4562 4578 4563
f 4578 4579 4563
f 4563 4579 4564
f 4579 4580 4564
f 4564 4580 4565
f 4580 4581 4565
f 4565 4581 4566
f 4581 4582 4566
f 4566 4582 4567
f 4582 4583 4567
f 4567 4583 4568
f 4583 4584 4568
f 4568 4584 4569
f 4584 4585 4569
f 4569 4585 4570
f 4585 4308 4570
f 4570 4308 4311
f 4308 4307 4311
f 4311 4307 4309
f 3349 4321 4322
f 4321 4586 4322
f 4322 4586 4571
f 4586 4587 4571
f 4571 4587 4572
f 4587 4588 4572
f 4572 4588 4573
f 4588 4589 4573
f 4573 4589 4574
f 4589 4590 4574
f 4574 4590 4575
f 4590 4591 4575
f 4575 4591 4576
f 4591 4592 4576
f 4576 4592 4577
f 4592 4593 4577
f 4577 4593 4578
f 4593 4594 4578
f 4578 4594 4579
f 4594 4595 4579
f 4579 4595 4580
f 4595 4596 4580
f 4580 4596 4581
f 4596 4597 4581
f 4581 4597 4582
f 4597 4598 4582
f 4582 4598 4583
f 4598 4599 4583
f 4583 4599 4584
f 4599 4600 4584
f 4584 4600 4585
f 4600 4305 4585
f 4585 4305 4308
f 4305 4304 4308
f 4308 4304 4306
f 3347 4320 4321
f 4320 4601 4321
f 4321 4601 4586
f 4601 4602 4586
f 4586 4602 4587
f 4602 4603 4587
f 4587 4603 4588
f 4603 4604 4588
f 4588 4604 4589
f 4604 4605 4589
f 4589 4605 4590
f 4605 4606 4590
f 4590 4606 4591
f 4606 4607 4591
f 4591 4607 4592
f 4607 4608 4592
f 4592 4608 4593
f 4608 4609 4593
f 4593 4609 4594
f 4609 4610 4594
f 4594 4610 4595
f 4610 4611 4595
f 4595 4611 4596
f 4611 4612 4596
f 4596 4612 4597
f 4612 4613 4597
f 4597 4613 4598
f 4613 4614 4598
f 4598 4614 4599
f 4614 4615 4599
f 4599 4615 4600
f 4615 4302 4600
f 4600 4302 4305
f 4302 4301 4305
f 4305 4301 4303
f 3345 4319 4320
f 4319 4616 4320
f 4320 4616 4601
f 4616 4617 4601
f 4601 4617 4602
f 4617 4618 4602
f 4602 4618 4603
f 4618 4619 4603
f 4603 4619 4604
f 4619 4620 4604
f 4604 4620 4605
f 4620 4621 4605
f 4605 4621 4606
f 4621 4622 4606
f 4606 4622 4607
f 4622 4623 4607
f 4607 4623 4608
f 4623 4624 4608
f 4608 4624 4609
f 4624 4625 4609
f 4609 4625 4610
f 4625 4626 4610
f 4610 4626 4611
f 4626 4627 4611
f 4611 4627 4612
f 4627 4628 4612
f 4612 4628 4613
f 4628 4629 4613
f 4613 4629 4614
f 4629 4630 4614
f 4614 4630 4615
f 4630 4299 4615
f 4615 4299 4302
f 4299 4298 4302
f 4302 4298 4300
f 3343 4318 4319
f 4318 4631 4319
f 4319 4631 4616
f 4631 4632 4616
f 4616 4632 4617
f 4632 4633 4617
f 4617 4633 4618
f 4633 4634 4618
f 4618 4634 4619
f 4634 4635 4619
f 4619 4635 4620
f 4635 4636 4620
f 4620 4636 4621
f 4636 4637 4621
f 4621 4637 4622
f 4637 4638 4622
f 4622 4638 4623
f 4638 4639 4623
f 4623 4639 4624
f 4639 4640 4624
f 4624 4640 4625
f 4640 4641 4625
f 4625 4641 4626
f 4641 4642 4626
f 4626 4642 4627
f 4642 4643 4627
f 4627 4643 4628
f 4643 4644 4628
f 4628 4644 4629
f 4644 4645 4629
f 4629 4645 4630
f 4645 4296 4630
f 4630 4296 4299
f 4296 4295 4299
f 4299 4295 4297
f 3341 4317 4318
f 4317 4646 4318
f 4318 4646 4631
f 4646 4647 4631
f 4631 4647 4632
f 4647 4648 4632
f 4632 4648 4633
f 4648 4649 4633
f 4633 4649 4634
f 4649 4650 4634
f 4634 4650 4635
f 4650 4651 4635
f 4635 4651 4636
f 4651 4652 4636
f 4636 4652 4637
f 4652 4653 4637
f 4637 4653 4638
f 4653 4654 4638
f 4638 4654 4639
f 4654 4655 4639
f 4639 4655 4640
f 4655 4656 4640
f 4640 4656 4641
f 4656 4657 4641
f 4641 4657 4642
f 4657 4658 4642
f 4642 4658 4643
f 4658 4659 4643
f 4643 4659 4644
f 4659 4660 4644
f 4644 4660 4645
f 4660 4293 4645
f 4645 4293 4296
f 4293 4292 4296
f 4296 4292 4294
f 3339 4316 4317
f 4316 4661 4317
f 4317 4661 4646
f 4661 4662 4646
f 4646 4662 4647
f 4662 4663 4647
f 4647 4663 4648
f 4663 4664 4648
f 4648 4664 4649
f 4664 4665 4649
f 4649 4665 4650
f 4665 4666 4650
f 4650 4666 4651
f 4666 4667 4651
f 4651 4667 4652
f 4667 4668 4652
f 4652 4668 4653
f 4668 4669 4653
f 4653 4669 4654
f 4669 4670 4654
f 4654 4670 4655
f 4670 4671 4655
f 4655 4671 4656
f 4671 4672 4656
f 4656 4672 4657
f 4672 4673 4657
f 4657 4673 4658
f 4673 4674 4658
f 4658 4674 4659
f 4674 4675 4659
f 4659 4675 4660
f 4675 4290 4660
f 4660 4290 4293
f 4290 4289 4293
f 4293 4289 4291
f 3337 4315 4316
f 4315 4676 4316
f 4316 4676 4661
f 4676 4677 4661
f 4661 4677 4662
f 4677 4678 4662
f 4662 4678 4663
f 4678 4679 4663
f 4663 4679 4664
f 4679 4680 4664
f 4664 4680 4665
f 4680 4681 4665
f 4665 4681 4666
f 4681 4682 4666
f 4666 4682 4667
f 4682 4683 4667
f 4667 4683 4668
f 4683 4684 4668
f 4668 4684 4669
f 4684 4685 4669
f 4669 4685 4670
f 4685 4686 4670
f 4670 4686 4671
f 4686 4687 4671
f 4671 4687 4672
f 4687 4688 4672
f 4672 4688 4673
f 4688 4689 4673
f 4673 4689 4674
f 4689 4690 4674
f 4674 4690 4675
f 4690 4287 4675
f 4675 4287 4290
f 4287 4286 4290
f 4290 4286 4288
f 3335 4691 4315
f 4691 4692 4315
f 4315 4692 4676
f 4692 4693 4676
f 4676 4693 4677
f 4693 4694 4677
f 4677 4694 4678
f 4694 4695 4678
f 4678 4695 4679
f 4695 4696 4679
f 4679 4696 4680
f 4696 4697 4680
f 4680 4697 4681
f 4697 4698 4681
f 4681 4698 4682
f 4698 4699 4682
f 4682 4699 4683
f 4699 4700 4683
f 4683 4700 4684
f 4700 4701 4684
f 4684 4701 4685
f 4701 4702 4685
f 4685 4702 4686
f 4702 4703 4686
f 4686 4703 4687
f 4703 4704 4687
f 4687 4704 4688
f 4704 4705 4688
f 4688 4705 4689
f 4705 4706 4689
f 4689 4706 4690
f 4706 4284 4690
f 4690 4284 4287
f 4284 4283 4287
f 4287 4283 4285
f 4691 4707 4692
f 4707 4708 4692
f 4692 4708 4693
f 4708 4709 4693
f 4693 4709 4694
f 4709 4710 4694
f 4694 4710 4695
f 4710 4711 4695
f 4695 4711 4696
f 4711 4712 4696
f 4696 4712 4697
f 4712 4713 4697
f 4697 4713 4698
f 4713 4714 4698
f 4698 4714 4699
f 4714 4715 4699
f 4699 4715 4700
f 4715 4716 4700
f 4700 4716 4701
f 4716 4717 4701
f 4701 4717 4702
f 4717 4718 4702
f 4702 4718 4703
f 4718 4719 4703
f 4703 4719 4704
f 4719 4720 4704
f 4704 4720 4705
f 4720 4721 4705
f 4705 4721 4706
f 4721 4281 4706
f 4706 4281 4284
f 4281 4280 4284
f 4284 4280 4282
f 4707 4722 4708
f 4722 4723 4708
f 4708 4723 4709
f 4723 4724 4709
f 4709 4724 4710
f 4724 4725 4710
f 4710 4725 4711
f 4725 4726 4711
f 4711 4726 4712
f 4726 4727 4712
f 4712 4727 4713
f 4727 4728 4713
f 4713 4728 4714
f 4728 4729 4714
f 4714 4729 4715
f 4729 4730 4715
f 4715 4730 4716
f 4730 4731 4716
f 4716 4731 4717
f 4731 4732 4717
f 4717 4732 4718
f 4732 4733 4718
f 4718 4733 4719
f 4733 4734 4719
f 4719 4734 4720
f 4734 4735 4720
f 4720 4735 4721
f 4735 4278 4721
f 4721 4278 4281
f 4278 4277 4281
f 4281 4277 4279
f 4722 4736 4723
f 4736 4737 4723
f 4723 4737 4724
f 4737 4738 4724
f 4724 4738 4725
f 4738 4739 4725
f 4725 4739 4726
f 4739 4740 4726
f 4726 4740 4727
f 4740 4741 4727
f 4727 4741 4728
f 4741 4742 4728
f 4728 4742 4729
f 4742 4743 4729
f 4729 4743 4730
f 4743 4744 4730
f 4730 4744 4731
f 4744 4745 4731
f 4731 4745 4732
f 4745 4746 4732
f 4732 4746 4733
f 4746 4747 4733
f 4733 4747 4734
f 4747 4748 4734
f 4734 4748 4735
f 4748 4275 4735
f 4735 4275 4278
f 4275 4274 4278
f 4278 4274 4276
f 4736 4749 4737
f 4749 4750 4737
f 4737 4750 4738
f 4750 4751 4738
f 4738 4751 4739
f 4751 4752 4739
f 4739 4752 4740
f 4752 4753 4740
f 4740 4753 4741
f 4753 4754 4741
f 4741 4754 4742
f 4754 4755 4742
f 4742 4755 4743
f 4755 4756 4743
f 4743 4756 4744
f 4756 4757 4744
f 4744 4757 4745
f 4757 4758 4745
f 4745 4758 4746
f 4758 4759 4746
f 4746 4759 4747
f 4759 4760 4747
f 4747 4760 4748
f 4760 4272 4748
f 4748 4272 4275
f 4272 4271 4275
f 4275 4271 4273
f 4749 4761 4750
f 4761 4762 4750
f 4750 4762 4751
f 4762 4763 4751
f 4751 4763 4752
f 4763 4764 4752
f 4752 4764 4753
f 4764 4765 4753
f 4753 4765 4754
f 4765 4766 4754
f 4754 4766 4755
f 4766 4767 4755
f 4755 4767 4756
f 4767 4768 4756
f 4756 4768 4757
f 4768 4769 4757
f 4757 4769 4758
f 4769 4770 4758
f 4758 4770 4759
f 4770 4771 4759
f 4759 4771 4760
f 4771 4269 4760
f 4760 4269 4272
f 4269 4268 4272
f 4272 4268 4270
f 4761 4772 4762
f 4772 4773 4762
f 4762 4773 4763
f 4773 4774 4763
f 4763 4774 4764
f 4774 4775 4764
f 4764 4775 4765
f 4775 4776 4765
f 4765 4776 4766
f 4776 4777 4766
f 4766 4777 4767
f 4777 4778 4767
f 4767 4778 4768
f 4778 4779 4768
f 4768 4779 4769
f 4779 4780 4769
f 4769 4780 4770
f 4780 4781 4770
f 4770 4781 4771
f 4781 4266 4771
f 4771 4266 4269
f 4266 4265 4269
f 4269 4265 4267
f 4772 4782 4773
f 4782 4783 4773
f 4773 4783 4774
f 4783 4784 4774
f 4774 4784 4775
f 4784 4785 4775
f 4775 4785 4776
f 4785 4786 4776
f 4776 4786 4777
f 4786 4787 4777
f 4777 4787 4778
f 4787 4788 4778
f 4778 4788 4779
f 4788 4789 4779
f 4779 4789 4780
f 4789 4790 4780
f 4780 4790 4781
f 4790 4263 4781
f 4781 4263 4266
f 4263 4262 4266
f 4266 4262 4264
f 4782 4791 4783
f 4791 4792 4783
f 4783 4792 4784
f 4792 4793 4784
f 4784 4793 4785
f 4793 4794 4785
f 4785 4794 4786
f 4794 4795 4786
f 4786 4795 4787
f 4795 4796 4787
f 4787 4796 4788
f 4796 4797 4788
f 4788 4797 4789
f 4797 4798 4789
f 4789 4798 4790
f 4798 4260 4790
f 4790 4260 4263
f 4260 4259 4263
f 4263 4259 4261
f 4791 4799 4792
f 4799 4800 4792
f 4792 4800 4793
f 4800 4801 4793
f 4793 4801 4794
f 4801 4802 4794
f 4794 4802 4795
f 4802 4803 4795
f 4795 4803 4796
f 4803 4804 4796
f 4796 4804 4797
f 4804 4805 4797
f 4797 4805 4798
f 4805 4257 4798
f 4798 4257 4260
f 4257 4256 4260
f 4260 4256 4258
f 4799 4806 4800
f 4806 4807 4800
f 4800 4807 4801
f 4807 4808 4801
f 4801 4808 4802
f 4808 4809 4802
f 4802 4809 4803
f 4809 4810 4803
f 4803 4810 4804
f 4810 4811 4804
f 4804 4811 4805
f 4811 4254 4805
f 4805 4254 4257
f 4254 4253 4257
f 4257 4253 4255
f 4806 4812 4807
f 4812 4813 4807
f 4807 4813 4808
f 4813 4814 4808
f 4808 4814 4809
f 4814 4815 4809
f 4809 4815 4810
f 4815 4816 4810
f 4810 4816 4811
f 4816 4251 4811
f 4811 4251 4254
f 4251 4250 4254
f 4254 4250 4252
f 4812 4817 4813
f 4817 4818 4813
f 4813 4818 4814
f 4818 4819 4814
f 4814 4819 4815
f 4819 4820 4815
f 4815 4820 4816
f 4820 4248 4816
f 4816 4248 4251
f 4248 4247 4251
f 4251 4247 4249
f 4817 4821 4818
f 4821 4822 4818
f 4818 4822 4819
f 4822 4823 4819
f 4819 4823 4820
f 4823 4245 4820
f 4820 4245 4248
f 4245 4244 4248
f 4248 4244 4246
f 4821 4824 4822
f 4824 4825 4822
f 4822 4825 4823
f 4825 4242 4823
f 4823 4242 4245
f 4242 4241 4245
f 4245 4241 4243
f 4824 4553 4825
f 4553 4555 4825
f 4825 4555 4242
f 4555 4826 4242
f 4242 4826 4240
f 4827 4828 4829
f 4828 4554 4829
f 4829 4554 4830
f 4554 4553 4830
f 4830 4553 4831
f 4553 4824 4831
f 4831 4824 4832
f 4824 4821 4832
f 4832 4821 4833
f 4821 4817 4833
f 4833 4817 4834
f 4817 4812 4834
f 4834 4812 4835
f 4812 4806 4835
f 4835 4806 4836
f 4806 4799 4836
f 4836 4799 4837
f 4799 4791 4837
f 4837 4791 4838
f 4791 4782 4838
f 4838 4782 4839
f 4782 4772 4839
f 4839 4772 4840
f 4772 4761 4840
f 4840 4761 4841
f 4761 4749 4841
f 4841 4749 4842
f 4749 4736 4842
f 4842 4736 4843
f 4736 4722 4843
f 4843 4722 4844
f 4722 4707 4844
f 4844 4707 4845
f 4707 4691 4845
f 4845 4691 3333
f 4691 3335 3333
f 4828 4846 4554
f 4846 4847 4554
f 4554 4847 4555
f 4847 4848 4555
f 4555 4848 4826
f 3333 3331 4845
f 3331 4347 4845
f 4845 4347 4844
f 4347 4346 4844
f 4844 4346 4843
f 4346 4345 4843
f 4843 4345 4842
f 4345 4344 4842
f 4842 4344 4841
f 4344 4343 4841
f 4841 4343 4840
f 4343 4342 4840
f 4840 4342 4839
f 4342 4341 4839
f 4839 4341 4838
f 4341 4340 4838
f 4838 4340 4837
f 4340 4339 4837
f 4837 4339 4836
f 4339 4338 4836
f 4836 4338 4835
f 4338 4337 4835
f 4835 4337 4834
f 4337 4336 4834
f 4834 4336 4833
f 4336 4335 4833
f 4833 4335 4832
f 4335 4334 4832
f 4832 4334 4831
f 4334 4333 4831
f 4831 4333 4830
f 4333 4332 4830
f 4830 4332 4829
f 4332 4331 4829
f 4829 4331 4827
f 4331 4330 4827
f 4399 4397 4849
f 4397 4396 4849
f 4849 4396 4850
f 4396 4310 4850
f 4850 4310 4851
f 4310 4309 4851
f 4851 4309 4852
f 4309 4307 4852
f 4852 4307 4853
f 4307 4306 4853
f 4853 4306 4854
f 4306 4304 4854
f 4854 4304 4855
f 4304 4303 4855
f 4855 4303 4856
f 4303 4301 4856
f 4856 4301 4857
f 4857 4301 4858
f 4301 4300 4858
f 4858 4300 4859
f 4300 4298 4859
f 4859 4298 4860
f 4861 4862 4295
f 4862 4863 4295
f 4295 4863 4297
f 4863 4864 4297
f 4297 4864 4298
f 4864 4865 4298
f 4298 4865 4860
f 4861 4295 4866
f 4295 4294 4866
f 4866 4294 4867
f 4289 4868 4291
f 4868 4869 4291
f 4291 4869 4292
f 4869 4870 4292
f 4292 4870 4294
f 4870 4871 4294
f 4294 4871 4867
f 4282 4872 4283
f 4872 4873 4283
f 4283 4873 4285
f 4873 4874 4285
f 4285 4874 4286
f 4874 4875 4286
f 4286 4875 4288
f 4875 4876 4288
f 4288 4876 4289
f 4876 4877 4289
f 4289 4877 4868
f 4270 4878 4271
f 4878 4879 4271
f 4271 4879 4273
f 4879 4880 4273
f 4273 4880 4274
f 4880 4881 4274
f 4274 4881 4276
f 4881 4882 4276
f 4276 4882 4277
f 4882 4883 4277
f 4277 4883 4279
f 4883 4884 4279
f 4279 4884 4280
f 4884 4885 4280
f 4280 4885 4282
f 4885 4886 4282
f 4282 4886 4872
f 4255 4887 4256
f 4887 4888 4256
f 4256 4888 4258
f 4888 4889 4258
f 4889 4890 4258
f 4258 4890 4259
f 4890 4891 4259
f 4259 4891 4261
f 4891 4892 4261
f 4261 4892 4262
f 4892 4893 4262
f 4262 4893 4264
f 4893 4894 4264
f 4264 4894 4265
f 4894 4895 4265
f 4265 4895 4267
f 4895 4896 4267
f 4267 4896 4268
f 4896 4897 4268
f 4268 4897 4270
f 4897 4898 4270
f 4270 4898 4878
f 4249 4899 4250
f 4899 4900 4250
f 4250 4900 4252
f 4900 4901 4252
f 4252 4901 4253
f 4901 4902 4253
f 4253 4902 4255
f 4902 4903 4255
f 4255 4903 4887
f 4240 4904 4241
f 4904 4905 4241
f 4241 4905 4243
f 4905 4906 4243
f 4243 4906 4244
f 4906 4907 4244
f 4244 4907 4246
f 4907 4908 4246
f 4246 4908 4247
f 4908 4909 4247
f 4247 4909 4249
f 4909 4910 4249
f 4249 4910 4899
f 4195 4194 4848
f 4194 4193 4848
f 4848 4193 4826
f 4193 4911 4826
f 4826 4911 4240
f 4911 4912 4240
f 4240 4912 4904
f 4200 4199 4846
f 4199 4198 4846
f 4846 4198 4847
f 4198 4197 4847
f 4847 4197 4848
f 4197 4196 4848
f 4848 4196 4195
f 4200 4846 4201
f 4846 4828 4201
f 4201 4828 4202
f 4828 4827 4202
f 4202 4827 4192
f 4827 4330 4192
f 4192 4330 4185
f 4868 4877 4913
f 4914 4915 4916
f 4917 4918 4919
f 4853 4854 4920
f 4921 4922 4913
f 4922 4923 4913
f 4325 4324 4920
f 4924 4925 4394
f 4925 4926 4394
f 4394 4926 4927
f 4927 4928 4394
f 4928 4929 4394
f 4394 4929 4930
f 4916 4931 4914
f 4931 4932 4914
f 4914 4932 4933
f 4934 4935 4917
f 4935 4936 4917
f 4917 4936 4918
f 4937 4938 4913
f 4938 4939 4913
f 4913 4939 4940
f 4923 4941 4913
f 4941 4942 4913
f 4913 4942 4920
f 4924 4394 4920
f 4394 4393 4920
f 4920 4393 4325
f 4913 4867 4871
f 4943 4944 4917
f 4944 4945 4917
f 4917 4945 4946
f 4947 4948 4917
f 4948 4949 4917
f 4917 4949 4913
f 4949 4950 4913
f 4940 4951 4913
f 4951 4952 4913
f 4913 4952 4921
f 4862 4861 4913
f 4861 4866 4913
f 4913 4866 4867
f 4871 4870 4913
f 4870 4869 4913
f 4913 4869 4868
f 4933 4953 4914
f 4953 4954 4914
f 4914 4954 4917
f 4954 4955 4917
f 4917 4955 4943
f 4956 4957 4917
f 4957 4958 4917
f 4917 4958 4947
f 4850 4851 4920
f 4851 4852 4920
f 4920 4852 4853
f 4324 4402 4920
f 4402 4401 4920
f 4920 4401 4400
f 4946 4959 4917
f 4959 4960 4917
f 4917 4960 4934
f 4950 4961 4913
f 4961 4962 4913
f 4913 4962 4963
f 4400 4399 4920
f 4399 4849 4920
f 4920 4849 4850
f 4865 4864 4913
f 4864 4863 4913
f 4913 4863 4862
f 4964 4965 4917
f 4965 4966 4917
f 4917 4966 4956
f 4963 4967 4913
f 4967 4968 4913
f 4913 4968 4969
f 4858 4859 4913
f 4859 4860 4913
f 4913 4860 4865
f 4919 4970 4917
f 4970 4971 4917
f 4917 4971 4964
f 4969 4972 4913
f 4972 4973 4913
f 4913 4973 4937
f 4854 4855 4920
f 4855 4856 4920
f 4920 4856 4913
f 4856 4857 4913
f 4913 4857 4858
f 4351 4350 4974
f 4974 4350 4975
f 4379 4377 4976
f 4392 4391 4977
f 4388 4394 4930
f 4388 4930 4389
f 4977 4391 4978
f 4389 4930 4391
f 4930 4979 4391
f 4391 4979 4978
f 4384 4386 4977
f 4386 4387 4977
f 4977 4387 4392
f 4980 4380 4981
f 4380 4328 4981
f 4981 4328 4327
f 4977 4982 4384
f 4982 4981 4384
f 4384 4981 4383
f 4981 4327 4383
f 4980 4983 4380
f 4983 4984 4380
f 4380 4984 4381
f 4984 4376 4381
f 4376 4984 4377
f 4984 4985 4377
f 4377 4985 4976
f 4986 4374 4976
f 4374 4373 4976
f 4976 4373 4379
f 4986 4987 4374
f 4987 4988 4374
f 4374 4988 4369
f 4988 4370 4369
f 4366 4989 4367
f 4989 4990 4367
f 4988 4991 4370
f 4991 4989 4370
f 4370 4989 4372
f 4989 4366 4372
f 4990 4992 4367
f 4992 4993 4367
f 4367 4993 4362
f 4993 4363 4362
f 4360 4359 4994
f 4994 4995 4360
f 4995 4996 4360
f 4360 4996 4997
f 4993 4998 4363
f 4998 4994 4363
f 4363 4994 4365
f 4994 4359 4365
f 4999 4355 4997
f 4355 4354 4997
f 4997 4354 4360
f 4403 4358 5000
f 4999 5001 4355
f 5001 5000 4355
f 4355 5000 4357
f 5000 4358 4357
f 5000 5002 4403
f 5002 5003 4403
f 4403 5003 4350
f 5003 5004 4350
f 4350 5004 4975
f 5005 4353 4974
f 4353 4352 4974
f 4974 4352 4351
f 4349 5006 3222
f 5006 5007 3222
f 3222 5007 2986
f 5005 5008 4353
f 5008 5006 4353
f 4353 5006 4348
f 5006 4349 4348
f 5009 5010 5011
f 5012 5013 5014
f 5015 5016 5017
f 5018 5019 5020
f 5021 5022 5023
f 5024 5025 5026
f 5027 5028 5029
f 5030 5031 5032
f 4923 4922 5033
f 5034 5035 5036
f 5037 5038 5039
f 5040 5041 5042
f 5043 5044 5045
f 2995 3267 5046
f 3267 5047 5046
f 5048 5049 5047
f 5049 5050 5047
f 5050 5051 5047
f 5051 5052 5047
f 5047 5052 5046
f 5053 5054 5055
f 5054 5056 5055
f 5055 5056 5057
f 5053 5058 5054
f 5058 5059 5054
f 5054 5059 5048
f 5059 5060 5048
f 5048 5060 5049
f 5045 5044 5061
f 5044 5062 5061
f 5062 5063 5061
f 5061 5063 5056
f 5063 5064 5056
f 5056 5064 5057
f 5042 5041 5065
f 5041 5066 5065
f 5066 5067 5065
f 5065 5067 5045
f 5067 5068 5045
f 5045 5068 5043
f 5039 5038 5069
f 5038 5070 5069
f 5070 5071 5069
f 5069 5071 5042
f 5071 5072 5042
f 5042 5072 5040
f 5036 5035 5073
f 5035 5074 5073
f 5074 5075 5073
f 5073 5075 5039
f 5075 5076 5039
f 5039 5076 5037
f 5077 4915 5078
f 4915 5079 5078
f 5078 5079 5036
f 5079 5080 5036
f 5036 5080 5034
f 4933 4932 5081
f 4932 4931 5081
f 5081 4931 5077
f 4931 4916 5077
f 5077 4916 4915
f 4933 5081 4953
f 5081 5082 4953
f 4953 5082 4954
f 5083 5084 5085
f 5084 4945 5085
f 4945 4944 5085
f 4944 4943 5085
f 5085 4943 5082
f 4943 4955 5082
f 5082 4955 4954
f 4924 4920 5086
f 4920 4942 5086
f 4925 5087 4926
f 5087 5088 4926
f 4926 5088 4927
f 5088 4928 4927
f 4928 5088 4929
f 5088 5089 4929
f 4929 5089 4930
f 4982 4977 5090
f 4977 4978 5090
f 5090 4978 5089
f 4978 4979 5089
f 5089 4979 4930
f 4982 5090 4981
f 5090 5091 4981
f 4981 5091 4980
f 4980 5091 4983
f 5091 5092 4983
f 4983 5092 4984
f 5093 4976 5092
f 4976 4985 5092
f 5092 4985 4984
f 4991 4988 5094
f 4988 4987 5094
f 5094 4987 5093
f 4987 4986 5093
f 5093 4986 4976
f 4991 5094 4989
f 5094 5095 4989
f 4989 5095 4990
f 4990 5095 4992
f 5095 5096 4992
f 4992 5096 4993
f 5097 4994 5096
f 4994 4998 5096
f 5096 4998 4993
f 4999 4997 5098
f 4997 4996 5098
f 5098 4996 5097
f 4996 4995 5097
f 5097 4995 4994
f 5099 5000 5098
f 5000 5001 5098
f 5098 5001 4999
f 4975 5004 5100
f 5004 5003 5100
f 5100 5003 5099
f 5003 5002 5099
f 5099 5002 5000
f 4975 5100 4974
f 5100 5101 4974
f 4974 5101 5005
f 2986 5007 3295
f 5007 5006 3295
f 3295 5006 5101
f 5006 5008 5101
f 5101 5008 5005
f 3293 3295 5102
f 3295 5101 5102
f 5102 5101 5103
f 5101 5100 5103
f 5103 5100 5104
f 5100 5099 5104
f 5104 5099 5105
f 5099 5098 5105
f 5105 5098 5106
f 5098 5097 5106
f 5106 5097 5107
f 5097 5096 5107
f 5107 5096 5108
f 5096 5095 5108
f 5108 5095 5109
f 5095 5094 5109
f 5109 5094 5110
f 5094 5093 5110
f 5110 5093 5111
f 5093 5092 5111
f 5111 5092 5112
f 5092 5091 5112
f 5112 5091 5113
f 5091 5090 5113
f 5113 5090 5114
f 5090 5089 5114
f 5114 5089 5115
f 5089 5088 5115
f 5115 5088 5116
f 5088 5087 5116
f 5116 5087 5117
f 3291 3293 5118
f 3293 5102 5118
f 5118 5102 5119
f 5102 5103 5119
f 5119 5103 5120
f 5103 5104 5120
f 5120 5104 5121
f 5104 5105 5121
f 5121 5105 5122
f 5105 5106 5122
f 5122 5106 5123
f 5106 5107 5123
f 5123 5107 5124
f 5107 5108 5124
f 5124 5108 5125
f 5108 5109 5125
f 5125 5109 5126
f 5109 5110 5126
f 5126 5110 5127
f 5110 5111 5127
f 5127 5111 5128
f 5111 5112 5128
f 5128 5112 5129
f 5112 5113 5129
f 5129 5113 5130
f 5113 5114 5130
f 5130 5114 5131
f 5114 5115 5131
f 5131 5115 5132
f 5115 5116 5132
f 5132 5116 5133
f 5116 5117 5133
f 5133 5117 5011
f 5134 5086 5135
f 5086 4942 5135
f 5135 4942 4941
f 5031 5083 5032
f 5083 5085 5032
f 5032 5085 5136
f 5085 5082 5136
f 5136 5082 5137
f 5082 5081 5137
f 5137 5081 5138
f 5081 5077 5138
f 5138 5077 5139
f 5077 5078 5139
f 5139 5078 5140
f 5078 5036 5140
f 5140 5036 5141
f 5036 5073 5141
f 5141 5073 5142
f 5073 5039 5142
f 5142 5039 5143
f 5039 5069 5143
f 5143 5069 5144
f 5069 5042 5144
f 5144 5042 5145
f 5042 5065 5145
f 5145 5065 5146
f 5065 5045 5146
f 5146 5045 5147
f 5045 5061 5147
f 5147 5061 5148
f 5061 5056 5148
f 5148 5056 5149
f 5056 5054 5149
f 5149 5054 5150
f 5054 5048 5150
f 5150 5048 5151
f 5048 5047 5151
f 5151 5047 3269
f 5047 3267 3269
f 5028 5030 5029
f 5030 5032 5029
f 5029 5032 5152
f 5032 5136 5152
f 5152 5136 5153
f 5136 5137 5153
f 5153 5137 5154
f 5137 5138 5154
f 5154 5138 5155
f 5138 5139 5155
f 5155 5139 5156
f 5139 5140 5156
f 5156 5140 5157
f 5140 5141 5157
f 5157 5141 5158
f 5141 5142 5158
f 5158 5142 5159
f 5142 5143 5159
f 5159 5143 5160
f 5143 5144 5160
f 5160 5144 5161
f 5144 5145 5161
f 5161 5145 5162
f 5145 5146 5162
f 5162 5146 5163
f 5146 5147 5163
f 5163 5147 5164
f 5147 5148 5164
f 5164 5148 5165
f 5148 5149 5165
f 5165 5149 5166
f 5149 5150 5166
f 5166 5150 5167
f 5150 5151 5167
f 5167 5151 3271
f 5151 3269 3271
f 5025 5027 5026
f 5027 5029 5026
f 5026 5029 5168
f 5029 5152 5168
f 5168 5152 5169
f 5152 5153 5169
f 5169 5153 5170
f 5153 5154 5170
f 5170 5154 5171
f 5154 5155 5171
f 5171 5155 5172
f 5155 5156 5172
f 5172 5156 5173
f 5156 5157 5173
f 5173 5157 5174
f 5157 5158 5174
f 5174 5158 5175
f 5158 5159 5175
f 5175 5159 5176
f 5159 5160 5176
f 5176 5160 5177
f 5160 5161 5177
f 5177 5161 5178
f 5161 5162 5178
f 5178 5162 5179
f 5162 5163 5179
f 5179 5163 5180
f 5163 5164 5180
f 5180 5164 5181
f 5164 5165 5181
f 5181 5165 5182
f 5165 5166 5182
f 5182 5166 5183
f 5166 5167 5183
f 5183 5167 3273
f 5167 3271 3273
f 5022 5024 5023
f 5024 5026 5023
f 5023 5026 5184
f 5026 5168 5184
f 5184 5168 5185
f 5168 5169 5185
f 5185 5169 5186
f 5169 5170 5186
f 5186 5170 5187
f 5170 5171 5187
f 5187 5171 5188
f 5171 5172 5188
f 5188 5172 5189
f 5172 5173 5189
f 5189 5173 5190
f 5173 5174 5190
f 5190 5174 5191
f 5174 5175 5191
f 5191 5175 5192
f 5175 5176 5192
f 5192 5176 5193
f 5176 5177 5193
f 5193 5177 5194
f 5177 5178 5194
f 5194 5178 5195
f 5178 5179 5195
f 5195 5179 5196
f 5179 5180 5196
f 5196 5180 5197
f 5180 5181 5197
f 5197 5181 5198
f 5181 5182 5198
f 5198 5182 5199
f 5182 5183 5199
f 5199 5183 3275
f 5183 3273 3275
f 5200 5021 5201
f 5021 5023 5201
f 5201 5023 5202
f 5023 5184 5202
f 5202 5184 5203
f 5184 5185 5203
f 5203 5185 5204
f 5185 5186 5204
f 5204 5186 5205
f 5186 5187 5205
f 5205 5187 5206
f 5187 5188 5206
f 5206 5188 5207
f 5188 5189 5207
f 5207 5189 5208
f 5189 5190 5208
f 5208 5190 5209
f 5190 5191 5209
f 5209 5191 5210
f 5191 5192 5210
f 5210 5192 5211
f 5192 5193 5211
f 5211 5193 5212
f 5193 5194 5212
f 5212 5194 5213
f 5194 5195 5213
f 5213 5195 5214
f 5195 5196 5214
f 5214 5196 5215
f 5196 5197 5215
f 5215 5197 5216
f 5197 5198 5216
f 5216 5198 5217
f 5198 5199 5217
f 5217 5199 3277
f 5199 3275 3277
f 3277 3279 5217
f 3279 5218 5217
f 5217 5218 5216
f 5218 5219 5216
f 5216 5219 5215
f 5219 5220 5215
f 5215 5220 5214
f 5220 5221 5214
f 5214 5221 5213
f 5221 5222 5213
f 5213 5222 5212
f 5222 5223 5212
f 5212 5223 5211
f 5223 5224 5211
f 5211 5224 5210
f 5224 5225 5210
f 5210 5225 5209
f 5225 5226 5209
f 5209 5226 5208
f 5226 5227 5208
f 5208 5227 5207
f 5227 5228 5207
f 5207 5228 5206
f 5228 5229 5206
f 5206 5229 5205
f 5229 5230 5205
f 5205 5230 5204
f 5230 5231 5204
f 5204 5231 5203
f 5231 5232 5203
f 5203 5232 5202
f 5232 5233 5202
f 5202 5233 5201
f 5233 5234 5201
f 5201 5234 5200
f 5234 5235 5200
f 3279 3281 5218
f 3281 5236 5218
f 5218 5236 5219
f 5236 5237 5219
f 5219 5237 5220
f 5237 5238 5220
f 5220 5238 5221
f 5238 5239 5221
f 5221 5239 5222
f 5239 5240 5222
f 5222 5240 5223
f 5240 5241 5223
f 5223 5241 5224
f 5241 5242 5224
f 5224 5242 5225
f 5242 5243 5225
f 5225 5243 5226
f 5243 5244 5226
f 5226 5244 5227
f 5244 5245 5227
f 5227 5245 5228
f 5245 5246 5228
f 5228 5246 5229
f 5246 5247 5229
f 5229 5247 5230
f 5247 5248 5230
f 5230 5248 5231
f 5248 5249 5231
f 5231 5249 5232
f 5249 5250 5232
f 5232 5250 5233
f 5250 5251 5233
f 5233 5251 5234
f 5251 5252 5234
f 5234 5252 5235
f 5252 5253 5235
f 3281 3283 5236
f 3283 5254 5236
f 5236 5254 5237
f 5254 5255 5237
f 5237 5255 5238
f 5255 5256 5238
f 5238 5256 5239
f 5256 5257 5239
f 5239 5257 5240
f 5257 5258 5240
f 5240 5258 5241
f 5258 5259 5241
f 5241 5259 5242
f 5259 5260 5242
f 5242 5260 5243
f 5260 5261 5243
f 5243 5261 5244
f 5261 5262 5244
f 5244 5262 5245
f 5262 5263 5245
f 5245 5263 5246
f 5263 5264 5246
f 5246 5264 5247
f 5264 5265 5247
f 5247 5265 5248
f 5265 5266 5248
f 5248 5266 5249
f 5266 5267 5249
f 5249 5267 5250
f 5267 5268 5250
f 5250 5268 5251
f 5268 5269 5251
f 5251 5269 5252
f 5269 5270 5252
f 5252 5270 5253
f 5270 5271 5253
f 3283 3285 5254
f 3285 5272 5254
f 5254 5272 5255
f 5272 5273 5255
f 5255 5273 5256
f 5273 5274 5256
f 5256 5274 5257
f 5274 5275 5257
f 5257 5275 5258
f 5275 5276 5258
f 5258 5276 5259
f 5276 5277 5259
f 5259 5277 5260
f 5277 5278 5260
f 5260 5278 5261
f 5278 5279 5261
f 5261 5279 5262
f 5279 5280 5262
f 5262 5280 5263
f 5280 5281 5263
f 5263 5281 5264
f 5281 5282 5264
f 5264 5282 5265
f 5282 5283 5265
f 5265 5283 5266
f 5283 5284 5266
f 5266 5284 5267
f 5284 5285 5267
f 5267 5285 5268
f 5285 5286 5268
f 5268 5286 5269
f 5286 5287 5269
f 5269 5287 5270
f 5287 5020 5270
f 5270 5020 5271
f 5020 5019 5271
f 5016 5018 5017
f 5018 5020 5017
f 5017 5020 5288
f 5020 5287 5288
f 5288 5287 5289
f 5287 5286 5289
f 5289 5286 5290
f 5286 5285 5290
f 5290 5285 5291
f 5285 5284 5291
f 5291 5284 5292
f 5284 5283 5292
f 5292 5283 5293
f 5283 5282 5293
f 5293 5282 5294
f 5282 5281 5294
f 5294 5281 5295
f 5281 5280 5295
f 5295 5280 5296
f 5280 5279 5296
f 5296 5279 5297
f 5279 5278 5297
f 5297 5278 5298
f 5278 5277 5298
f 5298 5277 5299
f 5277 5276 5299
f 5299 5276 5300
f 5276 5275 5300
f 5300 5275 5301
f 5275 5274 5301
f 5301 5274 5302
f 5274 5273 5302
f 5302 5273 5303
f 5273 5272 5303
f 5303 5272 3287
f 5272 3285 3287
f 5013 5015 5014
f 5015 5017 5014
f 5014 5017 5304
f 5017 5288 5304
f 5304 5288 5305
f 5288 5289 5305
f 5305 5289 5306
f 5289 5290 5306
f 5306 5290 5307
f 5290 5291 5307
f 5307 5291 5308
f 5291 5292 5308
f 5308 5292 5309
f 5292 5293 5309
f 5309 5293 5310
f 5293 5294 5310
f 5310 5294 5311
f 5294 5295 5311
f 5311 5295 5312
f 5295 5296 5312
f 5312 5296 5313
f 5296 5297 5313
f 5313 5297 5314
f 5297 5298 5314
f 5314 5298 5315
f 5298 5299 5315
f 5315 5299 5316
f 5299 5300 5316
f 5316 5300 5317
f 5300 5301 5317
f 5317 5301 5318
f 5301 5302 5318
f 5318 5302 5319
f 5302 5303 5319
f 5319 5303 3289
f 5303 3287 3289
f 5010 5012 5011
f 5012 5014 5011
f 5011 5014 5133
f 5014 5304 5133
f 5133 5304 5132
f 5304 5305 5132
f 5132 5305 5131
f 5305 5306 5131
f 5131 5306 5130
f 5306 5307 5130
f 5130 5307 5129
f 5307 5308 5129
f 5129 5308 5128
f 5308 5309 5128
f 5128 5309 5127
f 5309 5310 5127
f 5127 5310 5126
f 5310 5311 5126
f 5126 5311 5125
f 5311 5312 5125
f 5125 5312 5124
f 5312 5313 5124
f 5124 5313 5123
f 5313 5314 5123
f 5123 5314 5122
f 5314 5315 5122
f 5122 5315 5121
f 5315 5316 5121
f 5121 5316 5120
f 5316 5317 5120
f 5120 5317 5119
f 5317 5318 5119
f 5119 5318 5118
f 5318 5319 5118
f 5118 5319 3291
f 5319 3289 3291
f 4925 4924 5087
f 4924 5086 5087
f 5087 5086 5117
f 5086 5134 5117
f 5117 5134 5011
f 5134 5320 5011
f 5011 5320 5009
f 4941 4923 5135
f 4923 5033 5135
f 5135 5033 5134
f 5033 5321 5134
f 5134 5321 5320
f 5034 5080 5322
f 5080 5079 5322
f 5322 5079 5323
f 5079 4915 5323
f 5323 4915 4914
f 5034 5322 5035
f 5322 5324 5035
f 5035 5324 5074
f 5325 5075 5326
f 5075 5074 5326
f 5326 5074 5327
f 5074 5324 5327
f 5072 5071 5328
f 5328 5071 5329
f 5071 5070 5329
f 5329 5070 5330
f 5070 5038 5330
f 5330 5038 5331
f 5038 5037 5331
f 5331 5037 5325
f 5037 5076 5325
f 5325 5076 5075
f 5332 5066 5333
f 5066 5041 5333
f 5333 5041 5328
f 5041 5040 5328
f 5328 5040 5072
f 5334 5062 5335
f 5062 5044 5335
f 5335 5044 5336
f 5044 5043 5336
f 5336 5043 5337
f 5043 5068 5337
f 5337 5068 5332
f 5068 5067 5332
f 5332 5067 5066
f 5338 5053 5339
f 5053 5055 5339
f 5339 5055 5340
f 5055 5057 5340
f 5340 5057 5341
f 5057 5064 5341
f 5341 5064 5334
f 5064 5063 5334
f 5334 5063 5062
f 5342 5343 5050
f 5050 5049 5342
f 5049 5060 5342
f 5342 5060 5344
f 5060 5059 5344
f 5344 5059 5338
f 5059 5058 5338
f 5338 5058 5053
f 5345 3081 2995
f 2995 5046 5345
f 5046 5052 5345
f 5345 5052 5343
f 5052 5051 5343
f 5343 5051 5050
f 5346 5347 5348
f 3081 5345 5349
f 5348 5347 3081
f 5350 3081 5347
f 5351 5352 5353
f 5354 5355 5356
f 5357 5358 5359
f 5358 5360 5359
f 5359 5360 5361
f 5360 5362 5361
f 5361 5362 5363
f 5364 5365 5357
f 5365 5366 5357
f 5357 5366 5358
f 5357 5367 5364
f 5367 5368 5364
f 5364 5368 5369
f 5369 5368 5370
f 5368 5371 5370
f 5370 5371 5372
f 5371 5373 5372
f 5372 5373 5374
f 5373 5375 5374
f 5374 5375 5376
f 5376 5375 5377
f 5375 5378 5377
f 5377 5378 5379
f 5378 5380 5379
f 5379 5380 5381
f 5381 5380 5382
f 5380 5383 5382
f 5382 5383 5384
f 5384 5383 5385
f 5383 5386 5385
f 5385 5386 5387
f 5351 5353 5388
f 5353 5389 5388
f 5388 5389 5390
f 5390 5389 5391
f 5389 5323 5391
f 5391 5323 4914
f 5392 5393 5394
f 5350 5347 5395
f 5347 5346 5395
f 5395 5346 5396
f 5397 3081 5350
f 5398 5399 5400
f 5399 5401 5402
f 5401 5349 5402
f 5402 5349 5403
f 5404 5405 5393
f 5405 5406 5393
f 5393 5406 5394
f 5397 5350 5407
f 5350 5395 5407
f 5407 5395 5408
f 5395 5396 5408
f 5408 5396 5409
f 5410 3081 5397
f 5349 5345 5403
f 5345 5343 5403
f 5403 5343 5342
f 5401 3081 5349
f 5399 5398 5401
f 5398 3081 5401
f 5411 5400 5412
f 5400 5399 5412
f 5412 5399 5413
f 5399 5402 5413
f 5413 5402 5414
f 5402 5403 5414
f 5414 5403 5415
f 5403 5342 5415
f 5416 5417 5404
f 5417 5418 5404
f 5404 5418 5405
f 5410 5397 5419
f 5397 5407 5419
f 5419 5407 5420
f 5407 5408 5420
f 5420 5408 5421
f 5408 5409 5421
f 5421 5409 5422
f 5423 3081 5410
f 5424 5411 5425
f 5411 5412 5425
f 5425 5412 5426
f 5412 5413 5426
f 5426 5413 5427
f 5413 5414 5427
f 5427 5414 5428
f 5414 5415 5428
f 5428 5415 5429
f 5430 5431 5416
f 5431 5432 5416
f 5416 5432 5417
f 5423 5410 5433
f 5410 5419 5433
f 5433 5419 5434
f 5419 5420 5434
f 5434 5420 5435
f 5420 5421 5435
f 5435 5421 5436
f 5421 5422 5436
f 5436 5422 5437
f 5438 3081 5423
f 5342 5344 5415
f 5344 5338 5415
f 5415 5338 5429
f 5338 5339 5429
f 5429 5339 5340
f 5439 5424 5440
f 5424 5425 5440
f 5440 5425 5441
f 5425 5426 5441
f 5441 5426 5442
f 5426 5427 5442
f 5442 5427 5443
f 5427 5428 5443
f 5443 5428 5444
f 5428 5429 5444
f 5444 5429 5445
f 5429 5340 5445
f 5446 5447 5430
f 5447 5448 5430
f 5430 5448 5431
f 5438 5423 5449
f 5423 5433 5449
f 5449 5433 5450
f 5433 5434 5450
f 5450 5434 5451
f 5434 5435 5451
f 5451 5435 5452
f 5435 5436 5452
f 5452 5436 5453
f 5436 5437 5453
f 5453 5437 5454
f 5455 3081 5438
f 5456 5439 5457
f 5439 5440 5457
f 5457 5440 5458
f 5440 5441 5458
f 5458 5441 5459
f 5441 5442 5459
f 5459 5442 5460
f 5442 5443 5460
f 5460 5443 5461
f 5443 5444 5461
f 5461 5444 5462
f 5444 5445 5462
f 5462 5445 5463
f 5464 5465 5446
f 5465 5466 5446
f 5446 5466 5447
f 5455 5438 5467
f 5438 5449 5467
f 5467 5449 5468
f 5449 5450 5468
f 5468 5450 5469
f 5450 5451 5469
f 5469 5451 5470
f 5451 5452 5470
f 5470 5452 5471
f 5452 5453 5471
f 5471 5453 5472
f 5453 5454 5472
f 5472 5454 5473
f 5474 3081 5455
f 5340 5341 5445
f 5341 5334 5445
f 5445 5334 5463
f 5334 5335 5463
f 5463 5335 5336
f 5475 5456 5476
f 5456 5457 5476
f 5476 5457 5477
f 5457 5458 5477
f 5477 5458 5478
f 5458 5459 5478
f 5478 5459 5479
f 5459 5460 5479
f 5479 5460 5480
f 5460 5461 5480
f 5480 5461 5481
f 5461 5462 5481
f 5481 5462 5482
f 5462 5463 5482
f 5482 5463 5483
f 5463 5336 5483
f 5484 5485 5464
f 5485 5486 5464
f 5464 5486 5465
f 5474 5455 5487
f 5455 5467 5487
f 5487 5467 5488
f 5467 5468 5488
f 5488 5468 5489
f 5468 5469 5489
f 5489 5469 5490
f 5469 5470 5490
f 5490 5470 5491
f 5470 5471 5491
f 5491 5471 5492
f 5471 5472 5492
f 5492 5472 5493
f 5472 5473 5493
f 5493 5473 5494
f 5495 3081 5474
f 5496 5475 5497
f 5475 5476 5497
f 5497 5476 5498
f 5476 5477 5498
f 5498 5477 5499
f 5477 5478 5499
f 5499 5478 5500
f 5478 5479 5500
f 5500 5479 5501
f 5479 5480 5501
f 5501 5480 5502
f 5480 5481 5502
f 5502 5481 5503
f 5481 5482 5503
f 5503 5482 5504
f 5482 5483 5504
f 5504 5483 5505
f 5506 5507 5484
f 5507 5508 5484
f 5484 5508 5485
f 5495 5474 5509
f 5474 5487 5509
f 5509 5487 5510
f 5487 5488 5510
f 5510 5488 5511
f 5488 5489 5511
f 5511 5489 5512
f 5489 5490 5512
f 5512 5490 5513
f 5490 5491 5513
f 5513 5491 5514
f 5491 5492 5514
f 5514 5492 5515
f 5492 5493 5515
f 5515 5493 5516
f 5493 5494 5516
f 5516 5494 5517
f 5518 3081 5495
f 5336 5337 5483
f 5337 5332 5483
f 5483 5332 5505
f 5332 5333 5505
f 5505 5333 5328
f 5519 5496 5520
f 5496 5497 5520
f 5520 5497 5521
f 5497 5498 5521
f 5521 5498 5522
f 5498 5499 5522
f 5522 5499 5523
f 5499 5500 5523
f 5523 5500 5524
f 5500 5501 5524
f 5524 5501 5525
f 5501 5502 5525
f 5525 5502 5526
f 5502 5503 5526
f 5526 5503 5527
f 5503 5504 5527
f 5527 5504 5528
f 5504 5505 5528
f 5528 5505 5529
f 5505 5328 5529
f 5530 5531 5506
f 5531 5532 5506
f 5506 5532 5507
f 5518 5495 5533
f 5495 5509 5533
f 5533 5509 5534
f 5509 5510 5534
f 5534 5510 5535
f 5510 5511 5535
f 5535 5511 5536
f 5511 5512 5536
f 5536 5512 5537
f 5512 5513 5537
f 5537 5513 5538
f 5513 5514 5538
f 5538 5514 5539
f 5514 5515 5539
f 5539 5515 5540
f 5515 5516 5540
f 5540 5516 5541
f 5516 5517 5541
f 5541 5517 5542
f 5543 3081 5518
f 5544 5519 5545
f 5519 5520 5545
f 5545 5520 5546
f 5520 5521 5546
f 5546 5521 5547
f 5521 5522 5547
f 5547 5522 5548
f 5522 5523 5548
f 5548 5523 5549
f 5523 5524 5549
f 5549 5524 5550
f 5524 5525 5550
f 5550 5525 5551
f 5525 5526 5551
f 5551 5526 5552
f 5526 5527 5552
f 5552 5527 5553
f 5527 5528 5553
f 5553 5528 5554
f 5528 5529 5554
f 5554 5529 5555
f 5556 5557 5530
f 5557 5558 5530
f 5530 5558 5531
f 5543 5518 5559
f 5518 5533 5559
f 5559 5533 5560
f 5533 5534 5560
f 5560 5534 5561
f 5534 5535 5561
f 5561 5535 5562
f 5535 5536 5562
f 5562 5536 5563
f 5536 5537 5563
f 5563 5537 5564
f 5537 5538 5564
f 5564 5538 5565
f 5538 5539 5565
f 5565 5539 5566
f 5539 5540 5566
f 5566 5540 5567
f 5540 5541 5567
f 5567 5541 5568
f 5541 5542 5568
f 5568 5542 5569
f 5328 5329 5529
f 5329 5330 5529
f 5529 5330 5555
f 5330 5331 5555
f 5555 5331 5325
f 5570 5544 5571
f 5544 5545 5571
f 5571 5545 5572
f 5545 5546 5572
f 5572 5546 5573
f 5546 5547 5573
f 5573 5547 5574
f 5547 5548 5574
f 5574 5548 5575
f 5548 5549 5575
f 5575 5549 5576
f 5549 5550 5576
f 5576 5550 5577
f 5550 5551 5577
f 5577 5551 5578
f 5551 5552 5578
f 5578 5552 5579
f 5552 5553 5579
f 5579 5553 5580
f 5553 5554 5580
f 5580 5554 5581
f 5554 5555 5581
f 5581 5555 5582
f 5555 5325 5582
f 5361 5570 5359
f 5570 5571 5359
f 5359 5571 5357
f 5571 5572 5357
f 5357 5572 5367
f 5572 5573 5367
f 5367 5573 5368
f 5573 5574 5368
f 5368 5574 5371
f 5574 5575 5371
f 5371 5575 5373
f 5575 5576 5373
f 5373 5576 5375
f 5576 5577 5375
f 5375 5577 5378
f 5577 5578 5378
f 5378 5578 5380
f 5578 5579 5380
f 5380 5579 5383
f 5579 5580 5383
f 5383 5580 5386
f 5580 5581 5386
f 5386 5581 5583
f 5581 5582 5583
f 5583 5582 5584
f 5585 5586 5363
f 5586 5569 5363
f 5363 5569 5361
f 5569 5542 5361
f 5361 5542 5570
f 5542 5517 5570
f 5570 5517 5544
f 5517 5494 5544
f 5544 5494 5519
f 5494 5473 5519
f 5519 5473 5496
f 5473 5454 5496
f 5496 5454 5475
f 5454 5437 5475
f 5475 5437 5456
f 5437 5422 5456
f 5456 5422 5439
f 5422 5409 5439
f 5439 5409 5424
f 5409 5396 5424
f 5424 5396 5411
f 5396 5346 5411
f 5411 5346 5400
f 5346 5348 5400
f 5400 5348 5398
f 5348 3081 5398
f 5587 5354 5588
f 5354 5356 5588
f 5588 5356 5589
f 5356 5590 5589
f 5589 5590 5556
f 5590 5591 5556
f 5556 5591 5557
f 5392 5592 5393
f 5592 5593 5393
f 5393 5593 5404
f 5593 5594 5404
f 5404 5594 5416
f 5594 5595 5416
f 5416 5595 5430
f 5595 5596 5430
f 5430 5596 5446
f 5596 5597 5446
f 5446 5597 5464
f 5597 5598 5464
f 5464 5598 5484
f 5598 5599 5484
f 5484 5599 5506
f 5599 5600 5506
f 5506 5600 5530
f 5600 5601 5530
f 5530 5601 5556
f 5601 5602 5556
f 5556 5602 5589
f 5602 5603 5589
f 5589 5603 5588
f 5603 5604 5588
f 5588 5604 5587
f 5604 5605 5587
f 5585 5605 5586
f 5605 5604 5586
f 5586 5604 5569
f 5604 5603 5569
f 5569 5603 5568
f 5603 5602 5568
f 5568 5602 5567
f 5602 5601 5567
f 5567 5601 5566
f 5601 5600 5566
f 5566 5600 5565
f 5600 5599 5565
f 5565 5599 5564
f 5599 5598 5564
f 5564 5598 5563
f 5598 5597 5563
f 5563 5597 5562
f 5597 5596 5562
f 5562 5596 5561
f 5596 5595 5561
f 5561 5595 5560
f 5595 5594 5560
f 5560 5594 5559
f 5594 5593 5559
f 5559 5593 5543
f 5593 5592 5543
f 5543 5592 3081
f 5392 3081 5592
f 5394 5606 5392
f 5606 3081 5392
f 5325 5326 5582
f 5326 5327 5582
f 5582 5327 5584
f 5327 5324 5584
f 5584 5324 5322
f 5387 5386 5352
f 5386 5583 5352
f 5352 5583 5353
f 5583 5584 5353
f 5353 5584 5389
f 5584 5322 5389
f 5389 5322 5323
f 5418 5417 5607
f 5608 5609 5447
f 5355 5610 5611
f 3033 3081 5612
f 3081 5606 5612
f 5612 5606 5394
f 5355 5611 5356
f 5611 5613 5356
f 5356 5613 5590
f 5613 5614 5590
f 5614 5615 5590
f 5590 5615 5591
f 5615 5616 5591
f 5591 5616 5557
f 5616 5617 5557
f 5557 5617 5558
f 5617 5531 5558
f 5618 5619 5485
f 5619 5620 5485
f 5485 5620 5486
f 5617 5621 5531
f 5621 5622 5531
f 5531 5622 5532
f 5622 5623 5532
f 5532 5623 5507
f 5623 5618 5507
f 5507 5618 5508
f 5618 5485 5508
f 5486 5620 5465
f 5620 5624 5465
f 5465 5624 5466
f 5466 5624 5447
f 5624 5625 5447
f 5447 5625 5608
f 5607 5417 5626
f 5417 5432 5626
f 5626 5432 5627
f 5432 5431 5627
f 5627 5431 5609
f 5431 5448 5609
f 5609 5448 5447
f 5418 5607 5405
f 5607 5628 5405
f 5405 5628 5406
f 5628 5629 5406
f 5406 5629 5394
f 5629 5630 5394
f 5394 5630 5612
f 5355 5631 1832
f 5610 5355 5632
f 5355 1832 5632
f 5632 1832 1831
f 5633 5610 5632
f 1900 1899 5634
f 1899 1880 5634
f 5634 1880 5635
f 1880 1846 5635
f 5635 1846 5636
f 1901 5637 1926
f 5637 5638 1926
f 1926 5638 1927
f 5638 5639 1927
f 1927 5639 1902
f 1902 5639 1903
f 5639 5640 1903
f 1903 5640 1904
f 1848 1829 5641
f 1829 1828 5641
f 5641 1828 5642
f 1828 1827 5642
f 5642 1827 5643
f 1827 1800 5643
f 5643 1800 5644
f 1800 1799 5644
f 5645 1748 5646
f 1748 1747 5646
f 5646 1747 5647
f 1747 1849 5647
f 1830 1774 5648
f 1774 1773 5648
f 5648 1773 5649
f 1773 1802 5649
f 5649 1802 5645
f 1802 1801 5645
f 5645 1801 1748
f 5647 5650 5646
f 5650 5651 5646
f 5646 5651 5645
f 5651 5652 5645
f 5645 5652 5649
f 5652 5633 5649
f 5649 5633 5648
f 5633 5632 5648
f 5648 5632 1830
f 5632 1831 1830
f 5653 5654 5647
f 5654 5655 5647
f 5647 5655 5650
f 5644 5656 5643
f 5656 5657 5643
f 5643 5657 5642
f 5657 5653 5642
f 5642 5653 5641
f 5653 5647 5641
f 5641 5647 1848
f 5647 1849 1848
f 5658 5659 5644
f 5659 5660 5644
f 5644 5660 5656
f 5637 5661 5638
f 5661 5662 5638
f 5638 5662 5639
f 5662 5658 5639
f 5639 5658 5640
f 5658 5644 5640
f 5640 5644 1904
f 5644 1799 1904
f 5663 5664 5637
f 5664 5665 5637
f 5637 5665 5661
f 5636 5666 5635
f 5666 5663 5635
f 5635 5663 5634
f 5663 5637 5634
f 5634 5637 1900
f 5637 1901 1900
f 5667 5668 5669
f 5670 5671 5672
f 5636 5673 5674
f 5669 5668 5636
f 5675 5636 5668
f 5666 5636 5670
f 5676 5677 5678
f 5630 5629 5679
f 5607 5626 5680
f 5609 5608 5681
f 5624 5620 5682
f 5623 5622 5683
f 5617 5616 5684
f 5613 5611 5685
f 5611 5610 5685
f 5686 5615 5614
f 5687 5688 5689
f 5688 5687 5690
f 5687 5691 5690
f 5690 5691 5692
f 5691 5693 5692
f 5692 5693 5694
f 5677 5676 5693
f 5676 5695 5693
f 5693 5695 5694
f 5696 5697 5678
f 5697 5698 5678
f 5678 5698 5676
f 5699 5700 5701
f 5700 5696 5701
f 5701 5696 5702
f 5696 5678 5702
f 5703 5704 5705
f 5704 5706 5705
f 5705 5706 5699
f 5706 5707 5699
f 5699 5707 5700
f 5708 5709 5710
f 5709 5711 5710
f 5710 5711 5703
f 5711 5712 5703
f 5703 5712 5704
f 5713 5714 5715
f 5714 5716 5715
f 5715 5716 5708
f 5716 5717 5708
f 5708 5717 5709
f 5673 5718 5713
f 5718 5719 5713
f 5713 5719 5714
f 5636 5720 5673
f 5720 5721 5673
f 5673 5721 5718
f 5722 5664 5663
f 5723 5662 5724
f 5662 5661 5724
f 5724 5661 5722
f 5661 5665 5722
f 5722 5665 5664
f 5725 5659 5723
f 5659 5658 5723
f 5723 5658 5662
f 5726 5657 5727
f 5657 5656 5727
f 5727 5656 5725
f 5656 5660 5725
f 5725 5660 5659
f 5728 5654 5726
f 5654 5653 5726
f 5726 5653 5657
f 5610 5633 5685
f 5633 5652 5685
f 5685 5652 5729
f 5652 5651 5729
f 5729 5651 5730
f 5651 5650 5730
f 5730 5650 5728
f 5650 5655 5728
f 5728 5655 5654
f 5675 5668 5731
f 5668 5667 5731
f 5731 5667 5732
f 5733 5636 5675
f 5734 5735 5736
f 5733 5675 5737
f 5675 5731 5737
f 5737 5731 5738
f 5731 5732 5738
f 5738 5732 5739
f 5740 5636 5733
f 5740 5733 5741
f 5733 5737 5741
f 5741 5737 5742
f 5737 5738 5742
f 5742 5738 5743
f 5738 5739 5743
f 5743 5739 5744
f 5745 5636 5740
f 5746 5747 5748
f 5745 5740 5749
f 5740 5741 5749
f 5749 5741 5750
f 5741 5742 5750
f 5750 5742 5751
f 5742 5743 5751
f 5751 5743 5752
f 5743 5744 5752
f 5752 5744 5753
f 5754 5636 5745
f 5754 5745 5755
f 5745 5749 5755
f 5755 5749 5756
f 5749 5750 5756
f 5756 5750 5757
f 5750 5751 5757
f 5757 5751 5758
f 5751 5752 5758
f 5758 5752 5759
f 5752 5753 5759
f 5759 5753 5760
f 5761 5636 5754
f 5761 5754 5762
f 5754 5755 5762
f 5762 5755 5763
f 5755 5756 5763
f 5763 5756 5764
f 5756 5757 5764
f 5764 5757 5765
f 5757 5758 5765
f 5765 5758 5766
f 5758 5759 5766
f 5766 5759 5767
f 5759 5760 5767
f 5767 5760 5768
f 5769 5636 5761
f 5769 5761 5770
f 5761 5762 5770
f 5770 5762 5771
f 5762 5763 5771
f 5771 5763 5772
f 5763 5764 5772
f 5772 5764 5773
f 5764 5765 5773
f 5773 5765 5774
f 5765 5766 5774
f 5774 5766 5775
f 5766 5767 5775
f 5775 5767 5776
f 5767 5768 5776
f 5776 5768 5777
f 5778 5636 5769
f 5778 5769 5779
f 5769 5770 5779
f 5779 5770 5780
f 5770 5771 5780
f 5780 5771 5781
f 5771 5772 5781
f 5781 5772 5782
f 5772 5773 5782
f 5782 5773 5783
f 5773 5774 5783
f 5783 5774 5784
f 5774 5775 5784
f 5784 5775 5785
f 5775 5776 5785
f 5785 5776 5786
f 5776 5777 5786
f 5786 5777 5787
f 5671 5636 5778
f 5671 5778 5672
f 5778 5779 5672
f 5672 5779 5788
f 5779 5780 5788
f 5788 5780 5789
f 5780 5781 5789
f 5789 5781 5790
f 5781 5782 5790
f 5790 5782 5791
f 5782 5783 5791
f 5791 5783 5792
f 5783 5784 5792
f 5792 5784 5793
f 5784 5785 5793
f 5793 5785 5794
f 5785 5786 5794
f 5794 5786 5795
f 5786 5787 5795
f 5795 5787 5796
f 5670 5636 5671
f 5614 5613 5796
f 5613 5685 5796
f 5796 5685 5795
f 5685 5729 5795
f 5795 5729 5794
f 5729 5730 5794
f 5794 5730 5793
f 5730 5728 5793
f 5793 5728 5792
f 5728 5726 5792
f 5792 5726 5791
f 5726 5727 5791
f 5791 5727 5790
f 5727 5725 5790
f 5790 5725 5789
f 5725 5723 5789
f 5789 5723 5788
f 5723 5724 5788
f 5788 5724 5672
f 5724 5722 5672
f 5672 5722 5670
f 5722 5663 5670
f 5670 5663 5666
f 5616 5615 5684
f 5615 5686 5684
f 5684 5686 5797
f 5621 5617 5798
f 5617 5684 5798
f 5798 5684 5799
f 5684 5797 5799
f 5799 5797 5800
f 5622 5621 5683
f 5621 5798 5683
f 5683 5798 5801
f 5798 5799 5801
f 5801 5799 5802
f 5799 5800 5802
f 5802 5800 5803
f 5619 5618 5804
f 5618 5623 5804
f 5804 5623 5805
f 5623 5683 5805
f 5805 5683 5806
f 5683 5801 5806
f 5806 5801 5807
f 5801 5802 5807
f 5807 5802 5808
f 5802 5803 5808
f 5808 5803 5809
f 5620 5619 5682
f 5619 5804 5682
f 5682 5804 5810
f 5804 5805 5810
f 5810 5805 5811
f 5805 5806 5811
f 5811 5806 5812
f 5806 5807 5812
f 5812 5807 5813
f 5807 5808 5813
f 5813 5808 5814
f 5808 5809 5814
f 5814 5809 5815
f 5625 5624 5816
f 5624 5682 5816
f 5816 5682 5817
f 5682 5810 5817
f 5817 5810 5818
f 5810 5811 5818
f 5818 5811 5819
f 5811 5812 5819
f 5819 5812 5820
f 5812 5813 5820
f 5820 5813 5821
f 5813 5814 5821
f 5821 5814 5822
f 5814 5815 5822
f 5822 5815 5823
f 5608 5625 5681
f 5625 5816 5681
f 5681 5816 5824
f 5816 5817 5824
f 5824 5817 5825
f 5817 5818 5825
f 5825 5818 5826
f 5818 5819 5826
f 5826 5819 5827
f 5819 5820 5827
f 5827 5820 5828
f 5820 5821 5828
f 5828 5821 5829
f 5821 5822 5829
f 5829 5822 5830
f 5822 5823 5830
f 5830 5823 5748
f 5748 5747 5830
f 5747 5831 5830
f 5830 5831 5829
f 5831 5832 5829
f 5829 5832 5828
f 5832 5833 5828
f 5828 5833 5827
f 5833 5834 5827
f 5827 5834 5826
f 5834 5835 5826
f 5826 5835 5825
f 5835 5836 5825
f 5825 5836 5824
f 5836 5837 5824
f 5824 5837 5681
f 5837 5838 5681
f 5681 5838 5609
f 5838 5839 5609
f 5609 5839 5627
f 5626 5627 5680
f 5627 5839 5680
f 5680 5839 5840
f 5839 5838 5840
f 5840 5838 5841
f 5838 5837 5841
f 5841 5837 5842
f 5837 5836 5842
f 5842 5836 5843
f 5836 5835 5843
f 5843 5835 5844
f 5835 5834 5844
f 5844 5834 5845
f 5834 5833 5845
f 5845 5833 5846
f 5833 5832 5846
f 5846 5832 5847
f 5832 5831 5847
f 5847 5831 5848
f 5831 5747 5848
f 5848 5747 5849
f 5747 5746 5849
f 5849 5746 5736
f 5736 5735 5849
f 5735 5850 5849
f 5849 5850 5848
f 5850 5851 5848
f 5848 5851 5847
f 5851 5852 5847
f 5847 5852 5846
f 5852 5853 5846
f 5846 5853 5845
f 5853 5854 5845
f 5845 5854 5844
f 5854 5855 5844
f 5844 5855 5843
f 5855 5856 5843
f 5843 5856 5842
f 5856 5857 5842
f 5842 5857 5841
f 5857 5858 5841
f 5841 5858 5840
f 5858 5859 5840
f 5840 5859 5680
f 5859 5860 5680
f 5680 5860 5607
f 5860 5861 5607
f 5607 5861 5628
f 5734 5674 5735
f 5674 5862 5735
f 5735 5862 5850
f 5862 5863 5850
f 5850 5863 5851
f 5863 5864 5851
f 5851 5864 5852
f 5864 5865 5852
f 5852 5865 5853
f 5865 5866 5853
f 5853 5866 5854
f 5866 5867 5854
f 5854 5867 5855
f 5867 5868 5855
f 5855 5868 5856
f 5868 5869 5856
f 5856 5869 5857
f 5869 5870 5857
f 5857 5870 5858
f 5870 5871 5858
f 5858 5871 5859
f 5871 5872 5859
f 5859 5872 5860
f 5872 5873 5860
f 5860 5873 5861
f 5873 5679 5861
f 5861 5679 5628
f 5679 5629 5628
f 5674 5673 5862
f 5673 5713 5862
f 5862 5713 5863
f 5713 5715 5863
f 5863 5715 5864
f 5715 5708 5864
f 5864 5708 5865
f 5708 5710 5865
f 5865 5710 5866
f 5710 5703 5866
f 5866 5703 5867
f 5703 5705 5867
f 5867 5705 5868
f 5705 5699 5868
f 5868 5699 5869
f 5699 5701 5869
f 5869 5701 5870
f 5701 5702 5870
f 5870 5702 5871
f 5702 5678 5871
f 5871 5678 5872
f 5678 5677 5872
f 5872 5677 5873
f 5677 5693 5873
f 5873 5693 5679
f 5693 5691 5679
f 5679 5691 5630
f 5691 5687 5630
f 5630 5687 5612
f 5687 5689 5612
f 5612 5689 3033
f 5734 5636 5674
f 5614 5796 5686
f 5796 5787 5686
f 5686 5787 5797
f 5787 5777 5797
f 5797 5777 5800
f 5777 5768 5800
f 5800 5768 5803
f 5768 5760 5803
f 5803 5760 5809
f 5760 5753 5809
f 5809 5753 5815
f 5753 5744 5815
f 5815 5744 5823
f 5744 5739 5823
f 5823 5739 5748
f 5739 5732 5748
f 5748 5732 5746
f 5732 5667 5746
f 5746 5667 5736
f 5667 5669 5736
f 5736 5669 5734
f 5669 5636 5734
f 5874 5875 5876
f 5877 5878 5879
f 5880 5881 5882
f 5883 5884 5874
f 5884 5885 5874
f 5874 5885 5875
f 5885 5886 5875
f 5887 5888 5889
f 5888 5720 5889
f 5889 5720 5636
f 5890 5718 5721
f 5718 5890 5719
f 5890 5891 5719
f 5719 5891 5714
f 5891 5892 5714
f 5714 5892 5716
f 5716 5892 5717
f 5892 5893 5717
f 5717 5893 5709
f 5893 5894 5709
f 5709 5894 5711
f 5711 5894 5712
f 5894 5895 5712
f 5712 5895 5704
f 5895 5896 5704
f 5704 5896 5706
f 5706 5896 5707
f 5896 5897 5707
f 5707 5897 5700
f 5897 5898 5700
f 5700 5898 5696
f 5696 5898 5697
f 5898 5899 5697
f 5697 5899 5698
f 5899 5900 5698
f 5698 5900 5676
f 5676 5900 5695
f 5900 5901 5695
f 5695 5901 5694
f 5901 5902 5694
f 5694 5902 5692
f 5692 5902 5690
f 5902 5903 5690
f 5690 5903 5688
f 5903 5904 5688
f 5688 5904 5689
f 5904 3031 5689
f 5689 3031 3033
f 5905 5906 5907
f 5906 5908 5907
f 5907 5908 5909
f 3131 2985 5910
f 2985 5907 5910
f 5910 5907 5911
f 5907 5909 5911
f 5912 5913 5905
f 5913 5914 5905
f 5914 5915 5905
f 5915 5916 5905
f 5905 5916 5906
f 5905 5917 5912
f 5917 5918 5912
f 5912 5918 5919
f 5920 5921 5918
f 5921 5922 5918
f 5918 5922 5923
f 5923 5924 5918
f 5924 5925 5918
f 5918 5925 5919
f 5926 5927 5928
f 5928 5929 5926
f 5929 5930 5926
f 5926 5930 5920
f 5930 5931 5920
f 5920 5931 5921
f 5932 5933 5934
f 5934 5935 5932
f 5935 5936 5932
f 5932 5936 5926
f 5936 5937 5926
f 5926 5937 5927
f 5938 5939 5933
f 5939 5940 5933
f 5933 5940 5934
f 5941 5942 5943
f 5942 5944 5943
f 5944 5945 5943
f 5945 5946 5943
f 5943 5946 5933
f 5946 5947 5933
f 5933 5947 5938
f 5878 5877 5941
f 5877 5948 5941
f 5941 5948 5949
f 5949 5950 5941
f 5950 5951 5941
f 5941 5951 5942
f 5952 5953 5879
f 5953 5954 5879
f 5879 5954 5877
f 5955 5956 5957
f 5957 5958 5955
f 5958 5959 5955
f 5955 5959 5879
f 5959 5960 5879
f 5879 5960 5952
f 5876 5961 5956
f 5961 5962 5956
f 5962 5963 5956
f 5963 5964 5956
f 5956 5964 5957
f 5886 5965 5875
f 5965 5966 5875
f 5875 5966 5876
f 5966 5967 5876
f 5876 5967 5961
f 3001 3031 5968
f 3031 5904 5968
f 5968 5904 5969
f 5904 5903 5969
f 5969 5903 5970
f 5903 5902 5970
f 5970 5902 5971
f 5902 5901 5971
f 5971 5901 5972
f 5901 5900 5972
f 5972 5900 5973
f 5900 5899 5973
f 5973 5899 5974
f 5899 5898 5974
f 5974 5898 5975
f 5898 5897 5975
f 5975 5897 5976
f 5897 5896 5976
f 5976 5896 5977
f 5896 5895 5977
f 5977 5895 5978
f 5895 5894 5978
f 5978 5894 5979
f 5894 5893 5979
f 5979 5893 5980
f 5893 5892 5980
f 5980 5892 5981
f 5892 5891 5981
f 5981 5891 5982
f 5891 5890 5982
f 5982 5890 5888
f 5890 5721 5888
f 5888 5721 5720
f 5887 5880 5888
f 5880 5882 5888
f 5888 5882 5982
f 5882 5983 5982
f 5982 5983 5981
f 5983 5984 5981
f 5981 5984 5980
f 5984 5985 5980
f 5980 5985 5979
f 5985 5986 5979
f 5979 5986 5978
f 5986 5987 5978
f 5978 5987 5977
f 5987 5988 5977
f 5977 5988 5976
f 5988 5989 5976
f 5976 5989 5975
f 5989 5990 5975
f 5975 5990 5974
f 5990 5991 5974
f 5974 5991 5973
f 5991 5992 5973
f 5973 5992 5972
f 5992 5993 5972
f 5972 5993 5971
f 5993 5994 5971
f 5971 5994 5970
f 5994 5995 5970
f 5970 5995 5969
f 5995 5996 5969
f 5969 5996 5968
f 5996 5997 5968
f 5968 5997 3001
f 5997 3003 3001
f 5881 5883 5882
f 5883 5874 5882
f 5882 5874 5983
f 5874 5876 5983
f 5983 5876 5984
f 5876 5956 5984
f 5984 5956 5985
f 5956 5955 5985
f 5985 5955 5986
f 5955 5879 5986
f 5986 5879 5987
f 5879 5878 5987
f 5987 5878 5988
f 5878 5941 5988
f 5988 5941 5989
f 5941 5943 5989
f 5989 5943 5990
f 5943 5933 5990
f 5990 5933 5991
f 5933 5932 5991
f 5991 5932 5992
f 5932 5926 5992
f 5992 5926 5993
f 5926 5920 5993
f 5993 5920 5994
f 5920 5918 5994
f 5994 5918 5995
f 5918 5917 5995
f 5995 5917 5996
f 5917 5905 5996
f 5996 5905 5997
f 5905 5907 5997
f 5997 5907 3003
f 5907 2985 3003
f 5998 5999 6000
f 6001 6002 6003
f 6004 6005 6006
f 6006 6005 6007
f 6008 6009 6010
f 6011 6012 6013
f 6014 6015 6012
f 6016 6017 6015
f 6018 6019 6020
f 6021 6022 6023
f 6024 6025 6026
f 6027 6028 6029
f 6030 6031 6032
f 6031 6030 6033
f 6034 3131 5910
f 5914 5913 6035
f 5930 6036 5931
f 5940 5939 6037
f 5949 5948 6038
f 5948 5877 6038
f 5952 5960 6039
f 5963 5962 6040
f 6041 5967 5966
f 5961 5967 6042
f 5967 6041 6042
f 6042 6041 6043
f 5963 6040 6044
f 5958 5957 6044
f 5957 5964 6044
f 6044 5964 5963
f 6045 5942 6046
f 5942 5951 6046
f 6046 5951 6047
f 5938 5947 6048
f 5947 5946 6048
f 6048 5946 5945
f 5939 5938 6037
f 5938 6048 6037
f 6037 6048 6049
f 6048 5945 6049
f 6049 5945 6045
f 5945 5944 6045
f 6045 5944 5942
f 5935 6022 5936
f 6022 6021 5936
f 5936 6021 5937
f 6021 5927 5937
f 5923 5922 6050
f 5922 5921 6050
f 5913 5912 6035
f 5912 5919 6035
f 6035 5919 6051
f 5909 5908 6052
f 5908 5906 6052
f 5906 5916 6052
f 5916 5915 6052
f 6052 5915 6053
f 6034 5910 6054
f 5910 6055 6054
f 6054 6055 6056
f 6057 6058 6059
f 6060 6061 6062
f 6063 6064 6065
f 6066 6067 6068
f 6067 6069 6068
f 6070 6071 6072
f 6071 6066 6072
f 6073 6074 6075
f 6074 6076 6075
f 6075 6076 6077
f 6076 6078 6077
f 6077 6078 6079
f 6078 6080 6079
f 6079 6080 6081
f 6080 6082 6081
f 6081 6082 6070
f 6082 6083 6070
f 6070 6083 6071
f 6084 6085 6073
f 6085 6086 6073
f 6073 6086 6074
f 6087 6088 6089
f 6088 6090 6089
f 6089 6090 6084
f 6090 6091 6084
f 6084 6091 6085
f 6092 6093 6094
f 6093 6095 6094
f 6094 6095 6087
f 6095 6096 6087
f 6087 6096 6088
f 6097 6098 6092
f 6098 6099 6092
f 6092 6099 6093
f 6100 6101 6102
f 6103 6104 6105
f 6104 6106 6105
f 6107 6108 6103
f 6103 6105 6107
f 6105 6109 6107
f 6107 6109 6110
f 6109 6111 6110
f 6110 6111 6112
f 6113 6114 6111
f 6114 6115 6111
f 6111 6115 6112
f 6027 6029 6116
f 6029 6117 6116
f 6116 6117 6118
f 6118 6117 6119
f 6117 6120 6119
f 6119 6120 6121
f 6121 6120 6122
f 6120 6123 6122
f 6122 6123 6124
f 6125 6126 6127
f 6126 6128 6127
f 6129 6130 6131
f 6130 6132 6131
f 6131 6132 6128
f 6132 6133 6128
f 6128 6133 6127
f 6134 6135 6136
f 6135 6137 6136
f 6136 6137 6138
f 6137 6139 6138
f 6138 6139 6140
f 6024 6026 5965
f 5919 5925 6051
f 5925 6141 6051
f 6051 6141 6142
f 5929 6019 5930
f 6019 6018 5930
f 5930 6018 6036
f 6018 6050 6036
f 6036 6050 5931
f 6050 5921 5931
f 6017 6016 6143
f 6016 6144 6143
f 6143 6144 6145
f 6144 6146 6145
f 6145 6146 6147
f 6146 6148 6147
f 6147 6148 6149
f 6148 6150 6149
f 6149 6150 6151
f 6150 6152 6151
f 6151 6152 6153
f 6152 6154 6153
f 6153 6154 6155
f 6154 6156 6155
f 6155 6156 6157
f 6156 6158 6157
f 6157 6158 6159
f 6015 6014 6016
f 6014 6160 6016
f 6016 6160 6144
f 6160 6161 6144
f 6144 6161 6146
f 6161 6162 6146
f 6146 6162 6148
f 6162 6163 6148
f 6148 6163 6150
f 6163 6164 6150
f 6150 6164 6152
f 6164 6165 6152
f 6152 6165 6154
f 6165 6166 6154
f 6154 6166 6156
f 6166 6167 6156
f 6156 6167 6158
f 6004 6168 6169
f 6168 6170 6169
f 6169 6170 6171
f 6170 6172 6171
f 6171 6172 6173
f 6172 6174 6173
f 6173 6174 6175
f 6174 6176 6175
f 6177 6178 6179
f 6178 6180 6179
f 6179 6180 6181
f 6012 6011 6014
f 6011 6182 6014
f 6014 6182 6160
f 6182 6183 6160
f 6160 6183 6161
f 6183 6184 6161
f 6161 6184 6162
f 6184 6185 6162
f 6162 6185 6163
f 6185 6186 6163
f 6163 6186 6164
f 6186 6187 6164
f 6164 6187 6165
f 6187 6188 6165
f 6165 6188 6166
f 6188 6189 6166
f 6166 6189 6167
f 6013 6190 6011
f 6190 6191 6011
f 6011 6191 6182
f 6191 6192 6182
f 6182 6192 6183
f 6192 6193 6183
f 6183 6193 6184
f 6193 6194 6184
f 6184 6194 6185
f 6194 6195 6185
f 6185 6195 6186
f 6195 6196 6186
f 6186 6196 6187
f 6196 6057 6187
f 6187 6057 6188
f 6057 6059 6188
f 6188 6059 6189
f 6190 6197 6191
f 6197 6198 6191
f 6191 6198 6192
f 6198 6199 6192
f 6192 6199 6193
f 6199 6200 6193
f 6193 6200 6194
f 6200 6201 6194
f 6194 6201 6195
f 6201 6202 6195
f 6195 6202 6196
f 6202 6203 6196
f 6196 6203 6057
f 6203 6204 6057
f 6057 6204 6058
f 6197 6205 6198
f 6205 6206 6198
f 6198 6206 6199
f 6206 6207 6199
f 6199 6207 6200
f 6207 6208 6200
f 6200 6208 6201
f 6208 6209 6201
f 6201 6209 6202
f 6209 6210 6202
f 6202 6210 6203
f 6210 6211 6203
f 6203 6211 6204
f 6013 6181 6190
f 6181 6180 6190
f 6190 6180 6197
f 6180 6178 6197
f 6197 6178 6205
f 6178 6212 6205
f 6205 6212 6206
f 6212 6213 6206
f 6206 6213 6207
f 6213 6214 6207
f 6207 6214 6208
f 6214 6215 6208
f 6208 6215 6209
f 6215 6060 6209
f 6209 6060 6210
f 6060 6062 6210
f 6210 6062 6211
f 6009 6008 6216
f 6008 6068 6216
f 6216 6068 6217
f 6068 6069 6217
f 6217 6069 6064
f 6218 6219 6220
f 6219 6221 6220
f 6220 6221 6222
f 6221 6223 6222
f 6222 6223 6224
f 6223 6225 6224
f 6017 6176 6015
f 6176 6174 6015
f 6015 6174 6012
f 6174 6172 6012
f 6012 6172 6013
f 6172 6170 6013
f 6013 6170 6181
f 6170 6168 6181
f 6181 6168 6179
f 6168 6004 6179
f 6179 6004 6226
f 6004 6006 6226
f 6218 6227 6228
f 6227 6229 6228
f 6228 6229 6230
f 6229 6231 6230
f 6175 6225 6173
f 6225 6223 6173
f 6173 6223 6171
f 6223 6221 6171
f 6171 6221 6169
f 6221 6219 6169
f 6169 6219 6004
f 6219 6218 6004
f 6004 6218 6005
f 6218 6228 6005
f 6005 6228 6007
f 6228 6230 6007
f 6177 6179 6232
f 6179 6226 6232
f 6232 6226 6233
f 6226 6006 6233
f 6233 6006 6234
f 6006 6007 6234
f 6234 6007 6235
f 6007 6230 6235
f 6235 6230 6236
f 6230 6231 6236
f 6236 6231 6003
f 6003 6002 6236
f 6002 6237 6236
f 6236 6237 6235
f 6237 6238 6235
f 6235 6238 6234
f 6238 6239 6234
f 6234 6239 6233
f 6239 6240 6233
f 6233 6240 6232
f 6240 6241 6232
f 6232 6241 6177
f 6241 6242 6177
f 6177 6242 6178
f 6242 6243 6178
f 6178 6243 6212
f 6243 6244 6212
f 6212 6244 6213
f 6244 6245 6213
f 6213 6245 6214
f 6245 6246 6214
f 6214 6246 6215
f 6246 6063 6215
f 6215 6063 6060
f 6063 6065 6060
f 6060 6065 6061
f 6247 6000 6248
f 6000 5999 6248
f 6248 5999 6249
f 6102 6250 6251
f 6250 6252 6251
f 6251 6252 6253
f 6254 6247 6255
f 6247 6248 6255
f 6255 6248 6256
f 6248 6249 6256
f 6256 6249 6257
f 6064 6063 6217
f 6063 6246 6217
f 6217 6246 6216
f 6246 6245 6216
f 6216 6245 6009
f 6245 6244 6009
f 6009 6244 6010
f 6244 6243 6010
f 6010 6243 6258
f 6243 6242 6258
f 6258 6242 6259
f 6242 6241 6259
f 6259 6241 6260
f 6241 6240 6260
f 6260 6240 6261
f 6240 6239 6261
f 6261 6239 6262
f 6239 6238 6262
f 6262 6238 6263
f 6238 6237 6263
f 6263 6237 6264
f 6237 6002 6264
f 6264 6002 6265
f 6002 6001 6265
f 6265 6001 6266
f 6066 6068 6072
f 6068 6008 6072
f 6072 6008 6070
f 6008 6010 6070
f 6070 6010 6081
f 6010 6258 6081
f 6081 6258 6079
f 6258 6259 6079
f 6079 6259 6077
f 6259 6260 6077
f 6077 6260 6075
f 6260 6261 6075
f 6075 6261 6073
f 6261 6262 6073
f 6073 6262 6084
f 6262 6263 6084
f 6084 6263 6089
f 6263 6264 6089
f 6089 6264 6087
f 6264 6265 6087
f 6087 6265 6094
f 6265 6266 6094
f 6094 6266 6092
f 6113 6111 6267
f 6111 6109 6267
f 6267 6109 6268
f 6109 6105 6268
f 6268 6105 6269
f 6105 6106 6269
f 6269 6106 6270
f 6270 6271 6269
f 6271 6272 6269
f 6269 6272 6268
f 6272 6273 6268
f 6268 6273 6267
f 6273 6274 6267
f 6267 6274 6113
f 6126 6275 6128
f 6275 6276 6128
f 6128 6276 6131
f 6276 6135 6131
f 6131 6135 6129
f 6135 6134 6129
f 6277 6278 6279
f 6280 6281 6282
f 6283 6284 6285
f 6284 6286 6285
f 6285 6286 6287
f 6286 6288 6287
f 6287 6289 6285
f 6289 6290 6285
f 6285 6290 6283
f 6290 6291 6283
f 6283 6291 6292
f 6291 6293 6292
f 6292 6293 6294
f 6293 6295 6294
f 6294 6295 6296
f 6295 6297 6296
f 6296 6297 6298
f 6297 6299 6298
f 6298 6299 6300
f 6301 6302 6303
f 6302 6304 6303
f 6303 6304 6305
f 6304 6306 6305
f 6307 6306 6308
f 6306 6304 6308
f 6308 6304 6309
f 6304 6302 6309
f 6252 6300 6253
f 6300 6299 6253
f 6253 6299 6310
f 6299 6297 6310
f 6310 6297 6311
f 6297 6295 6311
f 6311 6295 6307
f 6295 6293 6307
f 6307 6293 6306
f 6293 6291 6306
f 6306 6291 6305
f 6291 6290 6305
f 6305 6290 6303
f 6278 6277 6312
f 6277 6313 6312
f 6312 6313 6314
f 6313 6315 6314
f 6314 6315 6316
f 6224 6288 6222
f 6288 6286 6222
f 6222 6286 6220
f 6286 6284 6220
f 6220 6284 6218
f 6284 6283 6218
f 6218 6283 6227
f 6283 6292 6227
f 6227 6292 6229
f 6292 6294 6229
f 6229 6294 6231
f 6294 6296 6231
f 6231 6296 6003
f 6296 6298 6003
f 6003 6298 6001
f 6298 6300 6001
f 6001 6300 6266
f 6300 6252 6266
f 6266 6252 6092
f 6252 6250 6092
f 6092 6250 6097
f 6250 6102 6097
f 6097 6102 6317
f 6102 6101 6317
f 6125 6318 6126
f 6318 6319 6126
f 6126 6319 6320
f 6319 6321 6320
f 6320 6321 6322
f 6321 6323 6322
f 6322 6323 6324
f 6323 6325 6324
f 6117 6326 6120
f 6326 6327 6120
f 6120 6327 6123
f 6327 6328 6123
f 6123 6328 6124
f 6328 6329 6124
f 6318 6329 6319
f 6329 6328 6319
f 6319 6328 6321
f 6328 6327 6321
f 6321 6327 6323
f 6327 6326 6323
f 6323 6326 6325
f 6326 6117 6325
f 6027 6330 6028
f 6330 6331 6028
f 6028 6331 6029
f 6331 6332 6029
f 6029 6332 6117
f 6332 6333 6117
f 6117 6333 6325
f 6334 6140 6335
f 6140 6139 6335
f 6335 6139 6336
f 6139 6137 6336
f 6336 6137 6337
f 6137 6135 6337
f 6337 6135 6338
f 6135 6276 6338
f 6338 6276 6339
f 6276 6275 6339
f 6339 6275 6340
f 6275 6126 6340
f 6340 6126 6279
f 6126 6320 6279
f 6279 6320 6277
f 6320 6322 6277
f 6277 6322 6313
f 6322 6324 6313
f 6313 6324 6315
f 6324 6325 6315
f 6341 6342 6343
f 6342 6344 6343
f 6257 6345 6032
f 6033 6114 6031
f 6114 6113 6031
f 6031 6113 6032
f 6113 6274 6032
f 6032 6274 6257
f 6274 6273 6257
f 6257 6273 6256
f 6273 6272 6256
f 6256 6272 6255
f 6272 6271 6255
f 6255 6271 6254
f 6345 6257 6346
f 6257 6249 6346
f 6346 6249 6347
f 6249 5999 6347
f 6347 5999 6344
f 5999 5998 6344
f 6344 5998 6343
f 5998 6348 6343
f 6343 6348 6341
f 6341 6316 6342
f 6316 6315 6342
f 6342 6315 6344
f 6315 6325 6344
f 6344 6325 6347
f 6325 6333 6347
f 6347 6333 6346
f 6333 6332 6346
f 6346 6332 6345
f 6332 6331 6345
f 6345 6331 6032
f 6331 6330 6032
f 6032 6330 6030
f 5962 5961 6040
f 5961 6042 6040
f 6040 6042 6349
f 6042 6043 6349
f 6349 6043 6350
f 6025 6351 6026
f 6351 6352 6026
f 6026 6352 6353
f 6352 6354 6353
f 6353 6354 6355
f 6354 6356 6355
f 6355 6356 6357
f 6356 6358 6357
f 6357 6358 6359
f 6358 6360 6359
f 6359 6360 6361
f 6360 6362 6361
f 6361 6362 6363
f 6362 6364 6363
f 6363 6364 6301
f 6350 6365 6349
f 6365 6366 6349
f 6349 6366 6040
f 6366 6367 6040
f 6040 6367 6044
f 6351 6334 6352
f 6334 6335 6352
f 6352 6335 6354
f 6335 6336 6354
f 6354 6336 6356
f 6336 6337 6356
f 6356 6337 6358
f 6337 6338 6358
f 6358 6338 6360
f 6338 6339 6360
f 6360 6339 6362
f 6339 6340 6362
f 6362 6340 6364
f 6340 6279 6364
f 6364 6279 6301
f 6279 6278 6301
f 6301 6278 6302
f 6278 6312 6302
f 6302 6312 6309
f 6312 6314 6309
f 6309 6314 6308
f 6314 6316 6308
f 6308 6316 6307
f 6316 6341 6307
f 6307 6341 6311
f 6341 6348 6311
f 6311 6348 6310
f 6348 5998 6310
f 6310 5998 6253
f 5998 6000 6253
f 6253 6000 6251
f 6000 6247 6251
f 6251 6247 6102
f 6247 6254 6102
f 6102 6254 6100
f 6254 6271 6100
f 6100 6271 6368
f 6271 6270 6368
f 6365 6369 6366
f 6369 6370 6366
f 6366 6370 6367
f 6370 6371 6367
f 6367 6371 6044
f 6371 6372 6044
f 6044 6372 5958
f 6372 5959 5958
f 6369 6373 6370
f 6373 6374 6370
f 6370 6374 6371
f 6374 6375 6371
f 6371 6375 6372
f 6375 6039 6372
f 6372 6039 5959
f 6039 5960 5959
f 6350 6376 6365
f 6376 6377 6365
f 6365 6377 6369
f 6377 6378 6369
f 6369 6378 6373
f 6378 6379 6373
f 6373 6379 6374
f 6379 6380 6374
f 6374 6380 6375
f 6380 6381 6375
f 6375 6381 6039
f 6381 6382 6039
f 6039 6382 5952
f 6382 6383 5952
f 5952 6383 5953
f 6383 5954 5953
f 6376 6281 6377
f 6281 6280 6377
f 6377 6280 6378
f 6280 6384 6378
f 6378 6384 6379
f 6384 6385 6379
f 6379 6385 6380
f 6385 6386 6380
f 6380 6386 6381
f 6386 6387 6381
f 6381 6387 6382
f 6387 6388 6382
f 6382 6388 6383
f 6388 6038 6383
f 6383 6038 5954
f 6038 5877 5954
f 5929 5928 6019
f 5928 5927 6019
f 6019 5927 6020
f 5927 6021 6020
f 6020 6021 6389
f 6021 6023 6389
f 6389 6023 6390
f 6023 6391 6390
f 6390 6391 6392
f 6391 6393 6392
f 6392 6393 6394
f 6393 6395 6394
f 6394 6395 6396
f 6395 6397 6396
f 6396 6397 6398
f 6397 6399 6398
f 6398 6399 6400
f 5935 5934 6022
f 5934 5940 6022
f 6022 5940 6023
f 5940 6037 6023
f 6023 6037 6391
f 6037 6049 6391
f 6391 6049 6393
f 6049 6045 6393
f 6393 6045 6395
f 6045 6046 6395
f 6395 6046 6397
f 6046 6047 6397
f 6397 6047 6399
f 6401 6402 6403
f 6402 6404 6403
f 6403 6404 6405
f 6406 6407 6408
f 6407 6409 6408
f 6408 6409 6410
f 6409 6411 6410
f 6410 6411 6412
f 6411 6413 6412
f 6412 6413 6414
f 6413 6415 6414
f 6414 6415 6416
f 6417 6401 6418
f 6401 6403 6418
f 6418 6403 6406
f 6403 6405 6406
f 6406 6405 6407
f 6419 6420 6421
f 6420 6422 6421
f 6421 6422 6423
f 6422 6424 6423
f 6423 6424 6425
f 6424 6426 6425
f 6425 6426 6427
f 6426 6428 6427
f 6427 6428 6429
f 6428 6430 6429
f 6429 6430 6431
f 6430 6432 6431
f 6431 6432 6433
f 6432 6434 6433
f 6433 6434 6435
f 6434 6436 6435
f 6435 6436 6437
f 6436 6438 6437
f 6437 6438 6439
f 6438 6440 6439
f 6439 6440 6441
f 6440 6442 6441
f 6441 6442 6443
f 6442 6444 6443
f 6443 6444 6445
f 6444 6446 6445
f 6445 6446 6447
f 6446 6448 6447
f 6447 6448 6449
f 6448 6450 6449
f 6449 6450 6053
f 6450 6451 6053
f 6053 6451 6052
f 6451 6056 6052
f 6052 6056 5909
f 6056 6055 5909
f 5909 6055 5911
f 6055 5910 5911
f 6416 6419 6414
f 6419 6421 6414
f 6414 6421 6412
f 6421 6423 6412
f 6412 6423 6410
f 6423 6425 6410
f 6410 6425 6408
f 6425 6427 6408
f 6408 6427 6406
f 6427 6429 6406
f 6406 6429 6418
f 6429 6431 6418
f 6418 6431 6417
f 6431 6433 6417
f 6417 6433 6452
f 6433 6435 6452
f 6452 6435 6453
f 6435 6437 6453
f 6453 6437 6454
f 6437 6439 6454
f 6454 6439 6455
f 6439 6441 6455
f 6455 6441 6456
f 6441 6443 6456
f 6456 6443 6457
f 6443 6445 6457
f 6457 6445 6142
f 6445 6447 6142
f 6142 6447 6051
f 6447 6449 6051
f 6051 6449 6035
f 6449 6053 6035
f 6035 6053 5914
f 6053 5915 5914
f 5925 5924 6141
f 5924 5923 6141
f 6141 5923 6142
f 5923 6050 6142
f 6142 6050 6457
f 6050 6018 6457
f 6457 6018 6456
f 6018 6020 6456
f 6456 6020 6455
f 6020 6389 6455
f 6455 6389 6454
f 6389 6390 6454
f 6454 6390 6453
f 6390 6392 6453
f 6453 6392 6452
f 6392 6394 6452
f 6452 6394 6417
f 6394 6396 6417
f 6417 6396 6401
f 6396 6398 6401
f 6401 6398 6402
f 6398 6400 6402
f 6402 6400 6404
f 5951 5950 6047
f 5950 5949 6047
f 6047 5949 6399
f 5949 6038 6399
f 6399 6038 6400
f 6038 6388 6400
f 6400 6388 6404
f 6388 6387 6404
f 6404 6387 6405
f 6387 6386 6405
f 6405 6386 6407
f 6386 6385 6407
f 6407 6385 6409
f 6385 6384 6409
f 6409 6384 6411
f 6384 6280 6411
f 6411 6280 6413
f 6280 6282 6413
f 6413 6282 6415
f 5966 5965 6041
f 5965 6026 6041
f 6041 6026 6043
f 6026 6353 6043
f 6043 6353 6350
f 6353 6355 6350
f 6350 6355 6376
f 6355 6357 6376
f 6376 6357 6281
f 6357 6359 6281
f 6281 6359 6282
f 6359 6361 6282
f 6282 6361 6415
f 6361 6363 6415
f 6415 6363 6416
f 6363 6301 6416
f 6416 6301 6419
f 6301 6303 6419
f 6419 6303 6420
f 6303 6290 6420
f 6420 6290 6422
f 6290 6289 6422
f 6422 6289 6424
f 6289 6287 6424
f 6424 6287 6426
f 6287 6288 6426
f 6426 6288 6428
f 6288 6224 6428
f 6428 6224 6430
f 6224 6225 6430
f 6430 6225 6432
f 6225 6175 6432
f 6432 6175 6434
f 6175 6176 6434
f 6434 6176 6436
f 6176 6017 6436
f 6436 6017 6438
f 6017 6143 6438
f 6438 6143 6440
f 6143 6145 6440
f 6440 6145 6442
f 6145 6147 6442
f 6442 6147 6444
f 6147 6149 6444
f 6444 6149 6446
f 6149 6151 6446
f 6446 6151 6448
f 6151 6153 6448
f 6448 6153 6450
f 6153 6155 6450
f 6450 6155 6451
f 6155 6157 6451
f 6451 6157 6056
f 6157 6159 6056
f 6056 6159 6054
f 6108 6458 6103
f 6458 6459 6103
f 6103 6459 6104
f 3072 3131 6460
f 3131 6034 6460
f 6460 6034 6461
f 6034 6054 6461
f 6461 6054 6462
f 6054 6159 6462
f 6462 6159 6463
f 6463 6159 6464
f 6159 6158 6464
f 6464 6158 6465
f 6158 6167 6465
f 6465 6167 6466
f 6466 6167 6467
f 6167 6189 6467
f 6467 6189 6468
f 6468 6189 6469
f 6189 6059 6469
f 6469 6059 6470
f 6059 6058 6470
f 6470 6058 6471
f 6471 6058 6472
f 6058 6204 6472
f 6472 6204 6473
f 6204 6211 6473
f 6473 6211 6474
f 6211 6062 6474
f 6474 6062 6475
f 6475 6062 6476
f 6062 6061 6476
f 6476 6061 6477
f 6477 6061 6478
f 6061 6065 6478
f 6478 6065 6479
f 6065 6064 6479
f 6479 6064 6480
f 6064 6069 6480
f 6480 6069 6481
f 6481 6069 6482
f 6069 6067 6482
f 6482 6067 6483
f 6067 6066 6483
f 6483 6066 6484
f 6484 6066 6485
f 6066 6071 6485
f 6485 6071 6083
f 6083 6082 6485
f 6082 6080 6485
f 6485 6080 6486
f 6080 6078 6486
f 6078 6076 6486
f 6486 6076 6487
f 6076 6074 6487
f 6487 6074 6488
f 6074 6086 6488
f 6488 6086 6489
f 6086 6085 6489
f 6489 6085 6490
f 6085 6091 6490
f 6490 6091 6491
f 6091 6090 6491
f 6491 6090 6492
f 6090 6088 6492
f 6492 6088 6493
f 6088 6096 6493
f 6096 6095 6493
f 6493 6095 6494
f 6095 6093 6494
f 6494 6093 6495
f 6093 6099 6495
f 6099 6098 6495
f 6495 6098 6496
f 6098 6097 6496
f 6496 6097 6497
f 6097 6317 6497
f 6317 6101 6497
f 6497 6101 6498
f 6101 6100 6498
f 6498 6100 6499
f 6100 6368 6499
f 6368 6270 6499
f 6499 6270 6459
f 6270 6106 6459
f 6459 6106 6104
f 6500 6458 6108
f 1781 1780 6500
f 6110 6112 1781
f 6500 6108 1781
f 6108 6107 1781
f 1781 6107 6110
f 6112 6115 1781
f 6115 6114 1781
f 1781 6114 6030
f 6114 6033 6030
f 6501 1781 6030
f 6125 6127 6502
f 1861 6503 1896
f 6503 6504 1896
f 5965 6504 6024
f 6504 6503 6024
f 6024 6503 6025
f 6503 6351 6025
f 6138 6505 6136
f 6505 6506 6136
f 6136 6506 6134
f 6134 6506 6129
f 6506 6507 6129
f 6129 6507 6130
f 6507 6508 6130
f 6130 6508 6132
f 6502 6127 6508
f 6127 6133 6508
f 6508 6133 6132
f 6509 6329 6318
f 6510 6122 6509
f 6122 6124 6509
f 6509 6124 6329
f 6030 6330 6501
f 6330 6027 6501
f 6501 6027 6511
f 6027 6116 6511
f 6511 6116 6512
f 6116 6118 6512
f 6512 6118 6513
f 6118 6119 6513
f 6513 6119 6510
f 6119 6121 6510
f 6510 6121 6122
f 1781 6501 1808
f 6501 6511 1808
f 1808 6511 1809
f 6511 6512 1809
f 1809 6512 1810
f 1810 6512 1850
f 6512 6513 1850
f 1850 6513 1851
f 6513 6510 1851
f 1851 6510 1852
f 6510 6509 1852
f 1852 6509 1853
f 6514 1855 1854
f 6125 6502 6318
f 6502 6514 6318
f 6318 6514 6509
f 6514 1854 6509
f 6509 1854 1853
f 1855 6514 1883
f 6514 6502 1883
f 1883 6502 1884
f 6502 6508 1884
f 1884 6508 1856
f 6508 6507 1856
f 1856 6507 1857
f 1857 6507 1885
f 6507 6506 1885
f 1885 6506 1886
f 1886 6506 1811
f 6506 6505 1811
f 1811 6505 1812
f 6505 6515 1812
f 1812 6515 1858
f 1858 6515 1859
f 6515 6516 1859
f 1859 6516 1860
f 6138 6140 6505
f 6140 6334 6505
f 6505 6334 6515
f 6334 6351 6515
f 6515 6351 6516
f 6351 6503 6516
f 6516 6503 1860
f 6503 1861 1860
f 5885 6504 5886
f 6504 5965 5886
f 5636 1846 5889
f 1846 1845 5889
f 5889 1845 5887
f 1845 1879 5887
f 5887 1879 5880
f 5880 1879 5881
f 1879 1898 5881
f 5881 1898 5883
f 5883 1898 5884
f 1898 1897 5884
f 5884 1897 5885
f 1897 1896 5885
f 5885 1896 6504
f 6500 6517 6458
f 6517 6459 6458
f 6459 6517 6499
f 6517 6518 6499
f 6499 6518 6498
f 6498 6518 6497
f 6518 6519 6497
f 6497 6519 6496
f 6496 6519 6495
f 6519 6520 6495
f 6495 6520 6494
f 6494 6520 6493
f 6520 6521 6493
f 6493 6521 6492
f 6492 6521 6491
f 6521 6522 6491
f 6491 6522 6490
f 6490 6522 6489
f 6522 6523 6489
f 6489 6523 6488
f 6488 6523 6487
f 6523 6524 6487
f 6487 6524 6486
f 6524 6525 6486
f 6486 6525 6485
f 6485 6525 6484
f 6525 6526 6484
f 6484 6526 6483
f 6526 6527 6483
f 6483 6527 6482
f 6527 6528 6482
f 6482 6528 6481
f 6528 6529 6481
f 6481 6529 6480
f 6480 6529 6479
f 6529 6530 6479
f 6479 6530 6478
f 6530 6531 6478
f 6478 6531 6477
f 6477 6531 6476
f 6531 6532 6476
f 6476 6532 6475
f 6532 6533 6475
f 6475 6533 6474
f 6474 6533 6473
f 6533 6534 6473
f 6473 6534 6472
f 6534 6535 6472
f 6472 6535 6471
f 6471 6535 6470
f 6535 6536 6470
f 6470 6536 6469
f 6536 6537 6469
f 6469 6537 6468
f 6468 6537 6467
f 6537 6538 6467
f 6467 6538 6466
f 6538 6539 6466
f 6466 6539 6465
f 6465 6539 6464
f 6539 6540 6464
f 6464 6540 6463
f 6540 6541 6463
f 6463 6541 6462
f 6462 6541 6461
f 6541 6542 6461
f 6461 6542 6460
f 6542 6543 6460
f 6460 6543 3072
f 6544 2987 6543
f 2987 3072 6543
f 6545 2988 6544
f 2988 2987 6544
f 3230 2988 6545
f 6546 3042 3383
f 6547 6548 3383
f 6548 3230 3383
f 3383 3230 6546
f 3230 6545 6546
f 3042 6546 3063
f 6546 6549 3063
f 6550 6551 6549
f 6550 6549 6552
f 6549 6546 6552
f 6552 6546 6553
f 6552 6553 6554
f 6553 6555 6554
f 6556 6557 6558
f 6559 6555 6553
f 6546 6545 6553
f 6545 6556 6553
f 6553 6556 6559
f 6556 6558 6559
f 6560 6561 6562
f 1985 6563 6564
f 6565 6566 6567
f 6568 6569 6570
f 6569 6565 6570
f 6562 6561 6559
f 6554 6555 6566
f 6555 6559 6566
f 6566 6559 6567
f 6559 6561 6567
f 1990 1985 6571
f 1985 6572 6571
f 6560 6562 6573
f 6562 6574 6573
f 6573 6574 6575
f 6576 6577 6578
f 6577 6579 6578
f 6578 6579 6580
f 6580 6581 6578
f 6581 6582 6578
f 6578 6582 6583
f 6583 6584 6578
f 6584 6585 6578
f 6578 6585 6586
f 6586 6587 6578
f 6587 6588 6578
f 6578 6588 6589
f 6590 6578 6591
f 6578 6592 6591
f 6589 6593 6578
f 6593 6594 6578
f 6578 6594 6592
f 6590 6595 6578
f 6595 6596 6578
f 6578 6596 6597
f 6598 6599 6600
f 6599 6601 6600
f 6602 6603 6604
f 6603 6578 6604
f 6604 6578 6605
f 6578 6597 6605
f 6572 1985 6599
f 1985 6564 6599
f 6599 6564 6606
f 6607 6599 6608
f 6599 6609 6608
f 6567 6599 6565
f 6599 6610 6565
f 6565 6610 6611
f 6611 6612 6565
f 6612 6613 6565
f 6565 6613 6570
f 6613 6614 6570
f 6570 6614 6578
f 6614 6615 6578
f 6578 6615 6576
f 6616 6617 6599
f 6617 6618 6599
f 6599 6618 6601
f 6598 6619 6599
f 6619 6620 6599
f 6599 6620 6621
f 6622 6623 6599
f 6623 6624 6599
f 6599 6624 6610
f 6625 6626 6599
f 6599 6627 6628
f 6607 6629 6599
f 6629 6630 6599
f 6599 6630 6631
f 6626 6632 6599
f 6632 6633 6599
f 6599 6633 6627
f 6628 6634 6599
f 6634 6635 6599
f 6599 6635 6616
f 6621 6636 6599
f 6636 6637 6599
f 6599 6637 6609
f 6631 6638 6599
f 6638 6639 6599
f 6599 6639 6622
f 6606 6640 6599
f 6640 6641 6599
f 6599 6641 6642
f 6642 6643 6599
f 6643 6644 6599
f 6599 6644 6625
f 6645 6646 6559
f 6646 6647 6559
f 6559 6647 6562
f 6648 6649 6558
f 6649 6650 6558
f 6558 6650 6651
f 6651 6652 6558
f 6652 6653 6558
f 6558 6653 6559
f 6653 6654 6559
f 6559 6654 6645
f 6655 6647 6656
f 6647 6646 6656
f 6656 6646 6657
f 6646 6645 6657
f 6657 6645 6658
f 6645 6654 6658
f 6658 6654 6659
f 6654 6653 6659
f 6659 6653 6660
f 6653 6652 6660
f 6660 6652 6661
f 6652 6651 6661
f 6661 6651 6662
f 6651 6650 6662
f 6662 6650 6663
f 6650 6649 6663
f 6664 6647 6665
f 6647 6655 6665
f 6665 6655 6663
f 6666 6667 6668
f 6664 6669 6647
f 6669 6574 6647
f 6647 6574 6562
f 6648 6666 6649
f 6666 6668 6649
f 6649 6668 6663
f 6668 6670 6663
f 6663 6670 6665
f 6663 6655 6656
f 6656 6657 6663
f 6657 6658 6663
f 6663 6658 6659
f 6659 6660 6663
f 6660 6661 6663
f 6663 6661 6662
f 6575 6574 6671
f 6574 6669 6671
f 6575 6671 6573
f 6671 6672 6573
f 6673 6561 6560
f 6674 6675 6676
f 6560 6573 6673
f 6573 6672 6673
f 6673 6672 6677
f 6672 6678 6677
f 6677 6678 6679
f 6678 6680 6679
f 6679 6680 6681
f 6680 6682 6681
f 6681 6682 6683
f 6682 6684 6683
f 6683 6684 6685
f 6684 6686 6685
f 6685 6686 6687
f 6686 6688 6687
f 6687 6688 6689
f 6688 6690 6689
f 6689 6690 6691
f 6690 6692 6691
f 6691 6692 6693
f 6692 6694 6693
f 6693 6694 6695
f 6694 6696 6695
f 6695 6696 6697
f 6696 6698 6697
f 6697 6698 6699
f 6698 6700 6699
f 6699 6700 6701
f 6700 6702 6701
f 6701 6702 6703
f 6702 6704 6703
f 6703 6704 6705
f 6704 6706 6705
f 6705 6706 6707
f 6706 6708 6707
f 6707 6708 6709
f 6708 6710 6709
f 6709 6710 6711
f 6710 6712 6711
f 6711 6712 6713
f 6712 6714 6713
f 6713 6714 6715
f 6714 6716 6715
f 6715 6716 6717
f 6716 6718 6717
f 6717 6718 6719
f 6718 6720 6719
f 6719 6720 6721
f 6720 6722 6721
f 6721 6722 6723
f 6722 6724 6723
f 6723 6724 6725
f 6724 6726 6725
f 6725 6726 6727
f 6726 6674 6727
f 6727 6674 6728
f 6674 6676 6728
f 6728 6676 6729
f 6676 6730 6729
f 6729 6730 6731
f 6671 6669 6672
f 6669 6678 6672
f 6664 6732 6669
f 6732 6680 6669
f 6669 6680 6678
f 6667 6733 6734
f 6726 6735 6674
f 6735 6675 6674
f 6734 6736 6667
f 6736 6737 6667
f 6667 6737 6668
f 6738 6739 6740
f 6740 6714 6712
f 6741 6716 6742
f 6716 6714 6742
f 6712 6710 6740
f 6710 6708 6740
f 6740 6708 6706
f 6706 6704 6740
f 6704 6702 6740
f 6740 6702 6732
f 6702 6700 6732
f 6732 6700 6698
f 6668 6737 6740
f 6737 6743 6740
f 6740 6743 6738
f 6739 6744 6740
f 6744 6745 6740
f 6740 6745 6746
f 6747 6748 6714
f 6748 6749 6714
f 6714 6749 6742
f 6686 6684 6732
f 6684 6682 6732
f 6732 6682 6680
f 6750 6751 6714
f 6751 6752 6714
f 6714 6752 6747
f 6722 6720 6741
f 6720 6718 6741
f 6741 6718 6716
f 6741 6753 6722
f 6753 6754 6722
f 6722 6754 6755
f 6698 6696 6732
f 6696 6694 6732
f 6732 6694 6692
f 6746 6756 6740
f 6756 6757 6740
f 6740 6757 6758
f 6758 6759 6740
f 6759 6760 6740
f 6740 6760 6714
f 6760 6761 6714
f 6714 6761 6750
f 6726 6724 6735
f 6724 6722 6735
f 6735 6722 6762
f 6722 6755 6762
f 6692 6690 6732
f 6690 6688 6732
f 6732 6688 6686
f 6676 6675 6763
f 6675 6735 6763
f 6764 6765 6766
f 6765 6767 6766
f 6766 6767 6768
f 6767 6769 6768
f 6770 6731 6771
f 6731 6730 6771
f 6771 6730 6772
f 6730 6676 6772
f 6772 6676 6769
f 6676 6763 6769
f 6769 6763 6768
f 6772 6769 6773
f 6774 6775 6773
f 6775 6776 6773
f 6773 6776 6772
f 6777 6778 6779
f 6777 6779 6780
f 6780 6779 6773
f 6779 6781 6773
f 6773 6781 6774
f 6771 6772 6776
f 6767 6765 6782
f 6769 6767 6773
f 6767 6782 6773
f 6773 6782 6780
f 6782 6783 6780
f 6780 6783 6777
f 6783 6784 6777
f 6784 6785 6777
f 6777 6785 6778
f 6785 6786 6778
f 6778 6786 6779
f 6786 6787 6779
f 6779 6787 6781
f 6787 6788 6781
f 6781 6788 6774
f 6788 6789 6774
f 6774 6789 6775
f 6789 6790 6775
f 6775 6790 6776
f 6790 6791 6776
f 6776 6791 6771
f 6791 6770 6771
f 6786 6785 6792
f 6793 6794 6795
f 6765 6764 6782
f 6764 6796 6782
f 6782 6796 6783
f 6796 6792 6783
f 6783 6792 6784
f 6792 6785 6784
f 6797 6798 6764
f 6794 6799 6795
f 6799 6800 6795
f 6795 6800 6801
f 6802 6803 6804
f 6804 6805 6806
f 6807 6808 6809
f 6802 6804 6810
f 6798 6811 6764
f 6811 6812 6764
f 6764 6812 6813
f 6813 6814 6764
f 6814 6815 6764
f 6764 6815 6796
f 6815 6816 6796
f 6796 6816 6817
f 6817 6818 6796
f 6818 6819 6796
f 6796 6819 6820
f 6803 6821 6804
f 6821 6822 6804
f 6804 6822 6805
f 6809 6808 6823
f 6808 6824 6823
f 6823 6824 6795
f 6824 6825 6795
f 6795 6825 6793
f 6806 6826 6804
f 6826 6827 6804
f 6804 6827 6828
f 6827 6829 6828
f 6828 6829 6830
f 6829 6831 6830
f 6830 6831 6832
f 6831 6833 6832
f 6832 6833 6834
f 6833 6835 6834
f 6834 6835 6836
f 6835 6837 6836
f 6836 6837 6838
f 6837 6839 6838
f 6838 6839 6840
f 6839 6841 6840
f 6840 6841 6842
f 6841 6843 6842
f 6842 6843 6844
f 6843 6845 6844
f 6844 6845 6846
f 6845 6847 6846
f 6846 6847 6848
f 6847 6849 6848
f 6848 6849 6850
f 6849 6851 6850
f 6850 6851 6852
f 6851 6853 6852
f 6852 6853 6854
f 6853 6855 6854
f 6854 6855 6856
f 6855 6857 6856
f 6856 6857 6858
f 6857 6859 6858
f 6858 6859 6860
f 6859 6861 6860
f 6860 6861 6862
f 6861 6863 6862
f 6862 6863 6864
f 6863 6865 6864
f 6864 6865 6866
f 6865 6867 6866
f 6866 6867 6868
f 6867 6869 6868
f 6868 6869 6870
f 6869 6871 6870
f 6870 6871 6872
f 6871 6873 6872
f 6872 6873 6874
f 6873 6875 6874
f 6874 6875 6876
f 6875 6877 6876
f 6876 6877 6878
f 6877 6879 6878
f 6878 6879 6880
f 6879 6881 6880
f 6880 6881 6882
f 6881 6883 6882
f 6882 6883 6884
f 6883 6885 6884
f 6884 6885 6764
f 6885 6886 6764
f 6764 6886 6797
f 6887 6888 6889
f 6888 6890 6889
f 6889 6890 6891
f 6892 6893 6894
f 6893 6895 6894
f 6894 6895 6896
f 6895 6897 6896
f 6896 6897 6887
f 6897 6898 6887
f 6887 6898 6888
f 6820 6899 6796
f 6899 6900 6796
f 6796 6900 6901
f 6900 6902 6901
f 6901 6902 6903
f 6902 6904 6903
f 6903 6904 6905
f 6904 6906 6905
f 6905 6906 6907
f 6906 6891 6907
f 6907 6891 6908
f 6891 6890 6908
f 6809 6909 6807
f 6909 6910 6807
f 6807 6910 6911
f 6910 6912 6911
f 6911 6912 6892
f 6912 6913 6892
f 6892 6913 6893
f 6801 6810 6795
f 6810 6804 6795
f 6795 6804 6914
f 6804 6915 6914
f 6914 6915 6916
f 6915 6917 6916
f 6917 6918 6919
f 6920 6921 6917
f 6921 6922 6917
f 6917 6922 6918
f 6919 6923 6917
f 6923 6924 6917
f 6917 6924 6925
f 6926 6927 1973
f 6927 6928 1973
f 6929 6930 6931
f 6930 6932 6931
f 6929 6931 6933
f 6931 6934 6933
f 6933 6934 6935
f 6935 6934 6936
f 6934 6937 6936
f 6936 6937 6938
f 6939 6940 6941
f 6928 6942 1973
f 6942 6943 1973
f 1973 6943 6944
f 6945 6946 6947
f 6946 6948 6947
f 6944 6949 1973
f 6949 6950 1973
f 1973 6950 6939
f 6925 6951 6917
f 6951 6952 6917
f 6917 6952 6953
f 6953 6954 6917
f 6954 6955 6917
f 6917 6955 6956
f 6930 6957 6932
f 6957 6958 6932
f 6932 6958 6959
f 6958 6960 6959
f 6959 6960 6961
f 6960 6916 6961
f 6961 6916 6962
f 6938 6937 6946
f 6937 6963 6946
f 6946 6963 6948
f 6945 6964 6946
f 6964 6965 6946
f 6946 6965 6966
f 6965 6967 6966
f 6966 6967 6968
f 6968 6969 6966
f 6969 6970 6966
f 6966 6970 6971
f 6921 6972 6973
f 6973 6974 6921
f 6974 6975 6921
f 6921 6975 6976
f 6956 6977 6917
f 6977 6978 6917
f 6917 6978 6916
f 6978 6979 6916
f 6916 6979 6962
f 6920 6980 6921
f 6980 6981 6921
f 6921 6981 6982
f 6982 6983 6921
f 6983 6984 6921
f 6921 6984 6972
f 6941 6985 6939
f 6985 6986 6939
f 6939 6986 1973
f 6986 6987 1973
f 1973 6987 6988
f 6971 6989 6966
f 6989 6990 6966
f 6966 6990 6991
f 6990 6992 6991
f 6991 6992 6939
f 6992 6993 6939
f 6939 6993 6940
f 6976 6994 6921
f 6994 6995 6921
f 6921 6995 6996
f 6995 6997 6996
f 6996 6997 6998
f 6997 6999 6998
f 6998 6999 7000
f 6999 7001 7000
f 7000 7001 7002
f 7001 7003 7002
f 7002 7003 7004
f 7003 7005 7004
f 7004 7005 7006
f 7005 7007 7006
f 7006 7007 7008
f 7007 7009 7008
f 7008 7009 7010
f 7009 7011 7010
f 7010 7011 7012
f 7011 7013 7012
f 7012 7013 7014
f 7013 7015 7014
f 7014 7015 7016
f 7015 7017 7016
f 7016 7017 7018
f 7017 7019 7018
f 7018 7019 7020
f 7019 7021 7020
f 7020 7021 7022
f 7021 7023 7022
f 7022 7023 7024
f 7023 7025 7024
f 7024 7025 7026
f 7025 7027 7026
f 7026 7027 7028
f 7027 7029 7028
f 7028 7029 7030
f 7029 7031 7030
f 7030 7031 7032
f 7031 7033 7032
f 7032 7033 7034
f 7033 7035 7034
f 7034 7035 7036
f 7035 7037 7036
f 7036 7037 7038
f 7037 7039 7038
f 7038 7039 7040
f 7039 7041 7040
f 7040 7041 7042
f 7041 7043 7042
f 7042 7043 7044
f 7043 7045 7044
f 7044 7045 7046
f 7045 7047 7046
f 7046 7047 7048
f 7047 1973 7048
f 7048 1973 7049
f 1973 6988 7049
f 6926 1973 7050
f 1973 1974 7050
f 7050 1974 7051
f 1974 1976 7051
f 7051 1976 7052
f 7053 7054 1976
f 6599 7055 7056
f 7054 7057 1976
f 7057 7058 1976
f 1976 7058 7052
f 7056 7059 6599
f 7059 7060 6599
f 6599 7060 7061
f 7061 7062 6599
f 7062 7063 6599
f 6599 7063 7064
f 7065 7066 1976
f 7066 7067 1976
f 1976 7067 7053
f 7068 7069 7065
f 7070 7071 7072
f 7071 7073 7072
f 7074 7075 7064
f 7069 7076 7065
f 7076 7077 7065
f 7065 7077 7078
f 7077 7079 7078
f 7078 7079 7072
f 7079 7080 7072
f 7072 7080 7070
f 7081 7082 7083
f 7082 7084 7083
f 7083 7084 7085
f 7086 7087 1976
f 7087 7088 1976
f 1976 7088 7065
f 7088 7089 7065
f 7065 7089 7068
f 7073 7090 7072
f 7090 7091 7072
f 7072 7091 7083
f 7091 7092 7083
f 7083 7092 7081
f 7093 7094 6599
f 7094 7095 6599
f 6599 7095 7096
f 7095 7097 7096
f 7096 7097 7098
f 7097 7099 7098
f 7098 7099 7100
f 7099 7101 7100
f 7100 7101 7102
f 7101 7103 7102
f 7102 7103 7104
f 7103 7105 7104
f 7104 7105 7106
f 7105 7107 7106
f 7106 7107 7108
f 7107 7109 7108
f 7108 7109 7110
f 7109 7111 7110
f 7110 7111 7112
f 7111 7113 7112
f 7112 7113 7114
f 7113 7115 7114
f 7114 7115 7116
f 7115 7117 7116
f 7116 7117 7118
f 7117 7119 7118
f 7118 7119 7120
f 7119 7121 7120
f 7120 7121 7122
f 7121 7123 7122
f 7122 7123 7124
f 7123 7125 7124
f 7124 7125 7126
f 7125 7127 7126
f 7126 7127 7128
f 7127 7129 7128
f 7128 7129 7130
f 7129 7131 7130
f 7130 7131 7132
f 7131 7133 7132
f 7132 7133 7134
f 7133 7135 7134
f 7134 7135 7136
f 7135 7137 7136
f 7136 7137 7138
f 7137 7139 7138
f 7138 7139 7140
f 7139 7141 7140
f 7140 7141 7142
f 7141 7143 7142
f 7142 7143 7144
f 7143 7145 7144
f 7144 7145 7146
f 7145 7147 7146
f 7146 7147 7148
f 7147 7149 7148
f 7148 7149 7150
f 7149 7151 7150
f 7150 7151 7152
f 7151 7153 7152
f 7152 7153 7154
f 7153 7155 7154
f 7154 7155 7156
f 7155 7157 7156
f 7156 7157 7158
f 7157 7159 7158
f 7158 7159 7160
f 7159 7161 7160
f 7160 7161 7162
f 7161 7163 7162
f 7162 7163 7164
f 7163 7165 7164
f 7164 7165 7166
f 7165 7167 7166
f 7166 7167 7168
f 7167 7169 7168
f 7168 7169 7170
f 7169 7171 7170
f 7170 7171 7172
f 7171 7173 7172
f 7172 7173 1976
f 7173 7174 1976
f 1976 7174 7086
f 7085 7175 7083
f 7175 7176 7083
f 7083 7176 7177
f 7176 7178 7177
f 7177 7178 7064
f 7178 7179 7064
f 7064 7179 7074
f 7075 7180 7064
f 7180 7181 7064
f 7064 7181 6599
f 7181 7182 6599
f 6599 7182 7093
f 6790 6789 7183
f 6789 6788 7183
f 7183 6788 6792
f 6788 6787 6792
f 6792 6787 6786
f 6731 6770 7183
f 6770 6791 7183
f 7183 6791 6790
f 7183 7184 7185
f 7186 6561 7187
f 6561 7188 7187
f 7189 7190 7191
f 7190 7192 7191
f 7193 7194 7195
f 7194 7196 7195
f 7195 7196 7197
f 7196 7198 7197
f 7197 7198 7199
f 7198 7200 7199
f 7199 7200 7201
f 7200 7191 7201
f 7201 7191 7202
f 7191 7203 7202
f 7204 7205 7206
f 7205 7207 7206
f 7206 7207 7193
f 7207 7208 7193
f 7193 7208 7194
f 7209 7210 7211
f 7210 7212 7211
f 7211 7212 7213
f 7184 7183 7214
f 7183 7215 7214
f 7214 7215 7216
f 7215 7217 7216
f 7216 7217 7209
f 7217 7218 7209
f 7209 7218 7210
f 7185 7219 7183
f 7219 7220 7183
f 7183 7220 7221
f 7192 7222 7191
f 7222 7223 7191
f 7191 7223 7203
f 7212 7224 7213
f 7224 7225 7213
f 7213 7225 7226
f 7225 7227 7226
f 7226 7227 7228
f 7227 7229 7228
f 7228 7229 7204
f 7229 7230 7204
f 7204 7230 7205
f 7231 7232 6731
f 7186 7233 6561
f 7233 7234 6561
f 6561 7234 7235
f 7235 7189 6561
f 7189 7191 6561
f 6561 7191 6567
f 7191 7236 6567
f 6567 7236 6599
f 7236 7237 6599
f 6599 7237 7055
f 7232 7238 6731
f 7238 7239 6731
f 6731 7239 7240
f 7221 7241 7183
f 7241 7242 7183
f 7183 7242 6731
f 7242 7243 6731
f 6731 7243 7231
f 7240 7244 6731
f 7244 7245 6731
f 6731 7245 6729
f 7245 7246 6729
f 6729 7246 6728
f 7246 7247 6728
f 6728 7247 6727
f 7247 7248 6727
f 6727 7248 6725
f 7248 7249 6725
f 6725 7249 6723
f 7249 7250 6723
f 6723 7250 6721
f 7250 7251 6721
f 6721 7251 6719
f 7251 7252 6719
f 6719 7252 6717
f 7252 7253 6717
f 6717 7253 6715
f 7253 7254 6715
f 6715 7254 6713
f 7254 7255 6713
f 6713 7255 6711
f 7255 7256 6711
f 6711 7256 6709
f 7256 7257 6709
f 6709 7257 6707
f 7257 7258 6707
f 6707 7258 6705
f 7258 7259 6705
f 6705 7259 6703
f 7259 7260 6703
f 6703 7260 6701
f 7260 7261 6701
f 6701 7261 6699
f 7261 7262 6699
f 6699 7262 6697
f 7262 7263 6697
f 6697 7263 6695
f 7263 7264 6695
f 6695 7264 6693
f 7264 7265 6693
f 6693 7265 6691
f 7265 7266 6691
f 6691 7266 6689
f 7266 7267 6689
f 6689 7267 6687
f 7267 7268 6687
f 6687 7268 6685
f 7268 7269 6685
f 6685 7269 6683
f 7269 7270 6683
f 6683 7270 6681
f 7270 7271 6681
f 6681 7271 6679
f 7271 7272 6679
f 6679 7272 6677
f 7272 7273 6677
f 6677 7273 6673
f 7273 7274 6673
f 6673 7274 6561
f 7274 7275 6561
f 6561 7275 7188
f 6796 7276 6792
f 7276 7277 6792
f 6792 7277 7183
f 7278 7279 7280
f 7281 7282 7283
f 7284 7285 7283
f 7285 7286 7283
f 7283 7286 7281
f 7287 7288 7284
f 7288 7289 7284
f 7284 7289 7285
f 7290 7291 7287
f 7291 7292 7287
f 7287 7292 7288
f 7293 7294 7295
f 7295 7296 7293
f 7296 7297 7293
f 7293 7297 7290
f 7297 7298 7290
f 7290 7298 7291
f 7299 7300 7294
f 7300 7301 7294
f 7294 7301 7295
f 7280 7302 7278
f 7302 7303 7278
f 7278 7303 7299
f 7303 7304 7299
f 7299 7304 7300
f 7281 7305 7282
f 7305 7306 7282
f 7282 7306 7307
f 7306 7308 7307
f 7307 7308 7309
f 7308 7310 7309
f 7309 7310 7311
f 7310 7312 7311
f 7311 7312 7313
f 7312 7314 7313
f 7313 7314 7276
f 7314 7315 7276
f 7276 7315 7277
f 7315 7316 7277
f 7277 7316 7317
f 7316 7318 7317
f 7317 7318 7319
f 7318 7320 7319
f 7319 7320 7321
f 7320 7322 7321
f 7321 7322 7323
f 7322 7324 7323
f 7323 7324 7325
f 7324 7326 7325
f 7325 7326 7327
f 7326 7328 7327
f 7327 7328 7329
f 7328 7330 7329
f 7330 7331 7329
f 7329 7331 7332
f 7331 7333 7332
f 7332 7333 7334
f 7333 7335 7334
f 7334 7335 7336
f 7335 7337 7336
f 7336 7337 7338
f 7337 7339 7338
f 7338 7339 7340
f 7339 7341 7340
f 7340 7341 7342
f 7341 7343 7342
f 7342 7343 7344
f 7343 7345 7344
f 7344 7345 7346
f 7345 7347 7346
f 7346 7347 7348
f 7347 7349 7348
f 7348 7349 7350
f 7349 7351 7350
f 7350 7351 7352
f 7351 2816 7352
f 7352 2816 7353
f 2816 2815 7353
f 7353 2815 7354
f 2815 7355 7354
f 7354 7355 7356
f 7355 7357 7356
f 7356 7357 7358
f 7357 7359 7358
f 7358 7359 7360
f 7359 7361 7360
f 7360 7361 7362
f 7361 7363 7362
f 7362 7363 7364
f 7363 7365 7364
f 7364 7365 7366
f 7365 7367 7366
f 7366 7367 7368
f 7367 7369 7368
f 7368 7369 7370
f 7369 7371 7370
f 7370 7371 7372
f 7371 7373 7372
f 7372 7373 7374
f 7373 7375 7374
f 7374 7375 7376
f 7375 7377 7376
f 7376 7377 7378
f 7377 7379 7378
f 7378 7379 7380
f 7379 7381 7380
f 7380 7381 7382
f 7381 7383 7382
f 7382 7383 7384
f 7383 7385 7384
f 7384 7385 7386
f 7385 7387 7386
f 7386 7387 7388
f 7387 7389 7388
f 7388 7389 7390
f 7389 7391 7390
f 7390 7391 7392
f 7391 7393 7392
f 7392 7393 7394
f 7393 2222 7394
f 7394 2222 7395
f 2222 2221 7395
f 7395 2221 7396
f 2221 7397 7396
f 7396 7397 7398
f 7397 7399 7398
f 7398 7399 7400
f 7399 7401 7400
f 7400 7401 7402
f 7401 7403 7402
f 7402 7403 7404
f 7403 7405 7404
f 7404 7405 7406
f 7405 7407 7406
f 7406 7407 7408
f 7407 7409 7408
f 7408 7409 7410
f 7409 7411 7410
f 7410 7411 7412
f 7411 7413 7412
f 7412 7413 7414
f 7413 7415 7414
f 7414 7415 7416
f 7415 7417 7416
f 7416 7417 7418
f 7417 7419 7418
f 7418 7419 7420
f 7419 7421 7420
f 7420 7421 7422
f 7421 7423 7422
f 7422 7423 7424
f 7423 7425 7424
f 7424 7425 7426
f 7425 7427 7426
f 7426 7427 7428
f 7427 7429 7428
f 7428 7429 7430
f 7429 7431 7430
f 7430 7431 7432
f 7431 7433 7432
f 7432 7433 7434
f 7433 7435 7434
f 7434 7435 7436
f 7435 7437 7436
f 7436 7437 7438
f 7437 7439 7438
f 7438 7439 7440
f 7439 7441 7440
f 7440 7441 7442
f 7441 7443 7442
f 7442 7443 7444
f 7443 7445 7444
f 7444 7445 7279
f 7445 7446 7279
f 7279 7446 7280
f 7447 7448 7343
f 2816 7351 2817
f 7351 7449 2817
f 7449 7351 7450
f 7351 7349 7450
f 7450 7349 7451
f 7347 7452 7349
f 7452 7453 7349
f 7349 7453 7451
f 7343 7448 7345
f 7448 7454 7345
f 7454 7455 7345
f 7345 7455 7347
f 7455 7456 7347
f 7347 7456 7452
f 7457 7458 7341
f 7458 7459 7341
f 7341 7459 7343
f 7459 7460 7343
f 7343 7460 7447
f 7341 7339 7457
f 7339 7337 7457
f 7457 7337 7461
f 7335 7333 7462
f 7462 7463 7335
f 7463 7464 7335
f 7335 7464 7337
f 7464 7465 7337
f 7337 7465 7461
f 7330 7466 7467
f 7330 7467 7331
f 7467 7468 7331
f 7468 7469 7331
f 7331 7469 7333
f 7469 7470 7333
f 7333 7470 7462
f 7328 7471 7330
f 7471 7472 7330
f 7330 7472 7466
f 7324 7473 7474
f 7324 7474 7326
f 7474 7475 7326
f 7475 7476 7326
f 7326 7476 7328
f 7476 7477 7328
f 7328 7477 7471
f 7473 7324 7478
f 7324 7322 7478
f 7478 7322 7479
f 7320 7480 7481
f 7320 7481 7322
f 7481 7482 7322
f 7322 7482 7479
f 7480 7320 7483
f 7320 7318 7483
f 7483 7318 7484
f 7484 7318 7485
f 7318 7316 7485
f 7485 7316 4183
f 7486 1759 7487
f 1759 1736 7487
f 7487 1736 7488
f 1736 1737 7488
f 6500 1780 1779
f 6500 1779 6517
f 1779 1778 6517
f 6517 1778 6518
f 1778 1807 6518
f 6518 1807 6519
f 1807 1806 6519
f 6519 1806 6520
f 1806 1777 6520
f 6520 1777 6521
f 1777 1776 6521
f 6521 1776 6522
f 1776 1775 6522
f 6522 1775 6523
f 1775 1834 6523
f 6523 1834 6524
f 1834 1833 6524
f 6524 1833 6525
f 6525 1833 6526
f 1833 1805 6526
f 6526 1805 6527
f 6527 1805 6528
f 1805 1804 6528
f 6528 1804 6529
f 6529 1804 6530
f 1804 1803 6530
f 6530 1803 6531
f 6531 1803 6532
f 1803 1763 6532
f 6532 1763 6533
f 6533 1763 6534
f 1763 1762 6534
f 6534 1762 6535
f 6535 1762 6536
f 1762 1761 6536
f 6536 1761 6537
f 6537 1761 6538
f 1761 1760 6538
f 6538 1760 6539
f 6539 1760 6540
f 1760 1758 6540
f 6540 1758 6541
f 6541 1758 6542
f 1758 1757 6542
f 6542 1757 6543
f 7489 7490 7491
f 7490 7492 7491
f 7491 7492 7493
f 7494 7495 7489
f 7495 7496 7489
f 7496 7497 7489
f 7489 7497 7490
f 7498 7499 7500
f 7499 7501 7500
f 7500 7501 7502
f 7502 7503 7500
f 7503 7504 7500
f 7500 7504 7505
f 7505 7506 7500
f 7506 7507 7500
f 7500 7507 7489
f 7507 7508 7489
f 7489 7508 7494
f 7509 7510 7511
f 7500 7512 7498
f 7512 7509 7498
f 7498 7509 7513
f 7509 7511 7513
f 2067 2104 7514
f 2104 7515 7514
f 2067 7514 7516
f 2067 7516 2132
f 7516 7517 2132
f 2132 7517 2155
f 2155 7517 7518
f 7519 6602 6604
f 6604 7520 7519
f 7520 7521 7519
f 7519 7521 7522
f 7521 7523 7522
f 7522 7523 7524
f 2158 2157 7525
f 7525 7526 2158
f 7526 7527 2158
f 2158 7527 2163
f 7527 7528 2163
f 7528 7529 2163
f 2163 7529 2164
f 7529 7530 2164
f 7530 7531 2164
f 2164 7531 2165
f 7531 7532 2165
f 7532 7533 2165
f 2165 7533 2166
f 7533 7534 2166
f 7534 7535 2166
f 2166 7535 2167
f 7535 7536 2167
f 7536 7537 2167
f 2167 7537 2168
f 7537 7538 2168
f 7538 7539 2168
f 2168 7539 2188
f 7539 7540 2188
f 7540 7541 2188
f 2188 7541 2189
f 7541 7542 2189
f 7542 7543 2189
f 2189 7543 2191
f 7543 7544 2191
f 7544 7545 2191
f 2191 7545 2192
f 7545 7546 2192
f 7546 7547 2192
f 2192 7547 2181
f 7547 7548 2181
f 7548 7549 2181
f 2181 7549 2178
f 7549 7550 2178
f 7550 7551 2178
f 2178 7551 2179
f 7551 7552 2179
f 7552 7553 2179
f 2179 7553 2182
f 7553 7554 2182
f 7554 7555 2182
f 2182 7555 2183
f 7555 7556 2183
f 7556 7557 2183
f 2183 7557 2184
f 7557 7558 2184
f 7558 7559 2184
f 2184 7559 2185
f 7559 7560 2185
f 7560 7561 2185
f 2185 7561 2186
f 7561 7562 2186
f 7562 7563 2186
f 2186 7563 2187
f 7563 7564 2187
f 7564 7565 2187
f 2187 7565 2193
f 7565 7566 2193
f 7566 7567 2193
f 2193 7567 2194
f 7567 7568 2194
f 7568 7569 2194
f 2194 7569 2195
f 7569 7570 2195
f 7570 7571 2195
f 2195 7571 2196
f 7571 7572 2196
f 2196 7572 7573
f 7574 2196 7575
f 2196 7573 7575
f 7575 7573 6563
f 7573 7576 6563
f 6563 7576 6564
f 7518 7577 7578
f 7578 7579 7518
f 7579 7580 7518
f 7518 7580 2155
f 7580 7581 2155
f 2155 7581 2156
f 7581 7582 2156
f 2156 7582 2157
f 7582 7583 2157
f 2157 7583 7525
f 7584 7585 7586
f 7585 7587 7586
f 7586 7587 7577
f 7587 7588 7577
f 7577 7588 7578
f 7589 7590 7584
f 7590 7591 7584
f 7584 7591 7585
f 7592 7593 7589
f 7593 7594 7589
f 7589 7594 7590
f 7595 7596 7592
f 7596 7597 7592
f 7592 7597 7593
f 7598 7599 7595
f 7599 7600 7595
f 7595 7600 7596
f 7601 7602 7598
f 7602 7603 7598
f 7598 7603 7599
f 7604 7605 7601
f 7605 7606 7601
f 7601 7606 7602
f 7607 7608 7604
f 7608 7609 7604
f 7604 7609 7605
f 7610 7611 7607
f 7611 7612 7607
f 7607 7612 7608
f 7613 7614 7610
f 7614 7615 7610
f 7610 7615 7611
f 7616 7617 7613
f 7617 7618 7613
f 7613 7618 7614
f 7619 7620 7616
f 7620 7621 7616
f 7616 7621 7617
f 7523 7622 7524
f 7622 7623 7524
f 7524 7623 7619
f 7623 7624 7619
f 7619 7624 7620
f 6605 6597 7625
f 6596 6595 7626
f 6594 6593 7627
f 6589 6588 7628
f 6584 6583 7629
f 6579 6577 7630
f 6613 6612 7631
f 6622 6639 7632
f 6637 6636 7633
f 7634 6641 6640
f 7635 6643 6642
f 7636 6625 6644
f 7637 6632 6626
f 7638 6628 6627
f 7639 6635 6634
f 7640 6617 6616
f 7641 6600 6601
f 7642 6619 6598
f 7643 6621 6620
f 7633 6636 7644
f 7645 6607 6608
f 7646 6630 6629
f 7647 6638 6631
f 6622 7632 6623
f 6610 6624 7648
f 6624 6623 7648
f 6612 6611 7649
f 6611 6610 7649
f 6577 6576 7650
f 6576 6615 7650
f 7650 6615 6614
f 6579 7630 6580
f 6583 6582 7651
f 6582 6581 7651
f 7651 6581 6580
f 6584 7629 6585
f 6588 6587 7652
f 6587 6586 7652
f 7652 6586 6585
f 6589 7628 6593
f 6594 7627 6592
f 6595 6590 7653
f 6590 6591 7653
f 7653 6591 6592
f 6596 7626 6597
f 6605 7625 6604
f 7654 7655 7576
f 7655 6606 7576
f 7576 6606 6564
f 7576 7573 7654
f 7573 7572 7654
f 7654 7572 7656
f 7572 7571 7656
f 7571 7570 7656
f 7656 7570 7657
f 7570 7569 7657
f 7569 7568 7657
f 7657 7568 7658
f 7568 7567 7658
f 7567 7566 7658
f 7658 7566 7659
f 7566 7565 7659
f 7565 7564 7659
f 7659 7564 7660
f 7564 7563 7660
f 7563 7562 7660
f 7660 7562 7661
f 7562 7561 7661
f 7561 7560 7661
f 7661 7560 7662
f 7560 7559 7662
f 7559 7558 7662
f 7662 7558 7663
f 7558 7557 7663
f 7557 7556 7663
f 7663 7556 7664
f 7556 7555 7664
f 7555 7554 7664
f 7554 7553 7664
f 7664 7553 7665
f 7553 7552 7665
f 7552 7551 7665
f 7665 7551 7666
f 7551 7550 7666
f 7550 7549 7666
f 7666 7549 7667
f 7549 7548 7667
f 7548 7547 7667
f 7667 7547 7668
f 7547 7546 7668
f 7546 7545 7668
f 7668 7545 7669
f 7545 7544 7669
f 7544 7543 7669
f 7669 7543 7670
f 7543 7542 7670
f 7542 7541 7670
f 7670 7541 7671
f 7541 7540 7671
f 7540 7539 7671
f 7671 7539 7672
f 7539 7538 7672
f 7538 7537 7672
f 7672 7537 7673
f 7537 7536 7673
f 7536 7535 7673
f 7673 7535 7674
f 7535 7534 7674
f 7534 7533 7674
f 7674 7533 7675
f 7533 7532 7675
f 7532 7531 7675
f 7675 7531 7676
f 7531 7530 7676
f 7676 7530 7677
f 7530 7529 7677
f 7677 7529 7678
f 7529 7528 7678
f 7528 7527 7678
f 7678 7527 7679
f 7527 7526 7679
f 7526 7525 7679
f 7679 7525 7680
f 7525 7583 7680
f 7583 7582 7680
f 7680 7582 7681
f 7582 7581 7681
f 7581 7580 7681
f 7681 7580 7682
f 7580 7579 7682
f 7579 7578 7682
f 7682 7578 7683
f 7578 7588 7683
f 7588 7587 7683
f 7683 7587 7684
f 7587 7585 7684
f 7585 7591 7684
f 7684 7591 7685
f 7591 7590 7685
f 7590 7594 7685
f 7685 7594 7686
f 7594 7593 7686
f 7593 7597 7686
f 7686 7597 7687
f 7597 7596 7687
f 7596 7600 7687
f 7687 7600 7688
f 7600 7599 7688
f 7599 7603 7688
f 7688 7603 7689
f 7603 7602 7689
f 7602 7606 7689
f 7689 7606 7690
f 7606 7605 7690
f 7605 7609 7690
f 7690 7609 7691
f 7609 7608 7691
f 7608 7612 7691
f 7691 7612 7692
f 7612 7611 7692
f 7611 7615 7692
f 7692 7615 7693
f 7615 7614 7693
f 7614 7618 7693
f 7693 7618 7694
f 7618 7617 7694
f 7617 7621 7694
f 7694 7621 7695
f 7621 7620 7695
f 7620 7624 7695
f 7695 7624 7696
f 7624 7623 7696
f 7623 7622 7696
f 7696 7622 7697
f 7622 7523 7697
f 7523 7521 7697
f 7697 7521 7625
f 7521 7520 7625
f 7625 7520 6604
f 6597 7626 7625
f 7626 7698 7625
f 7625 7698 7697
f 7698 7699 7697
f 7697 7699 7696
f 7699 7700 7696
f 7696 7700 7695
f 7700 7701 7695
f 7695 7701 7694
f 7701 7702 7694
f 7694 7702 7693
f 7702 7703 7693
f 7693 7703 7692
f 7703 7704 7692
f 7692 7704 7691
f 7704 7705 7691
f 7691 7705 7690
f 7705 7706 7690
f 7690 7706 7689
f 7706 7707 7689
f 7689 7707 7688
f 7707 7708 7688
f 7688 7708 7687
f 7708 7709 7687
f 7687 7709 7686
f 7709 7710 7686
f 7686 7710 7685
f 7710 7711 7685
f 7685 7711 7684
f 7711 7712 7684
f 7684 7712 7683
f 7712 7713 7683
f 7683 7713 7682
f 7713 7714 7682
f 7682 7714 7681
f 7714 7715 7681
f 7681 7715 7680
f 7715 7716 7680
f 7680 7716 7679
f 7716 7717 7679
f 7679 7717 7678
f 7717 7718 7678
f 7678 7718 7677
f 7718 7719 7677
f 7677 7719 7676
f 7719 7720 7676
f 7676 7720 7675
f 7720 7721 7675
f 7675 7721 7674
f 7721 7722 7674
f 7674 7722 7673
f 7722 7723 7673
f 7673 7723 7672
f 7723 7724 7672
f 7672 7724 7671
f 7724 7725 7671
f 7671 7725 7670
f 7725 7726 7670
f 7670 7726 7669
f 7726 7727 7669
f 7669 7727 7668
f 7727 7728 7668
f 7668 7728 7667
f 7728 7729 7667
f 7667 7729 7666
f 7729 7730 7666
f 7666 7730 7665
f 7730 7731 7665
f 7665 7731 7664
f 7731 7732 7664
f 7664 7732 7663
f 7732 7733 7663
f 7663 7733 7662
f 7733 7734 7662
f 7662 7734 7661
f 7734 7735 7661
f 7661 7735 7660
f 7735 7736 7660
f 7660 7736 7659
f 7736 7737 7659
f 7659 7737 7658
f 7737 7738 7658
f 7658 7738 7657
f 7738 7739 7657
f 7657 7739 7656
f 7739 7740 7656
f 7656 7740 7654
f 7740 7634 7654
f 7654 7634 7655
f 7634 6640 7655
f 7655 6640 6606
f 6595 7653 7626
f 7653 7741 7626
f 7626 7741 7698
f 7741 7742 7698
f 7698 7742 7699
f 7742 7743 7699
f 7699 7743 7700
f 7743 7744 7700
f 7700 7744 7701
f 7744 7745 7701
f 7701 7745 7702
f 7745 7746 7702
f 7702 7746 7703
f 7746 7747 7703
f 7703 7747 7704
f 7747 7748 7704
f 7704 7748 7705
f 7748 7749 7705
f 7705 7749 7706
f 7749 7750 7706
f 7706 7750 7707
f 7750 7751 7707
f 7707 7751 7708
f 7751 7752 7708
f 7708 7752 7709
f 7752 7753 7709
f 7709 7753 7710
f 7753 7754 7710
f 7710 7754 7711
f 7754 7755 7711
f 7711 7755 7712
f 7755 7756 7712
f 7712 7756 7713
f 7756 7757 7713
f 7713 7757 7714
f 7757 7758 7714
f 7714 7758 7715
f 7758 7759 7715
f 7715 7759 7716
f 7759 7760 7716
f 7716 7760 7717
f 7760 7761 7717
f 7717 7761 7718
f 7761 7762 7718
f 7718 7762 7719
f 7762 7763 7719
f 7719 7763 7720
f 7763 7764 7720
f 7720 7764 7721
f 7764 7765 7721
f 7721 7765 7722
f 7765 7766 7722
f 7722 7766 7723
f 7766 7767 7723
f 7723 7767 7724
f 7767 7768 7724
f 7724 7768 7725
f 7768 7769 7725
f 7725 7769 7726
f 7769 7770 7726
f 7726 7770 7727
f 7770 7771 7727
f 7727 7771 7728
f 7771 7772 7728
f 7728 7772 7729
f 7772 7773 7729
f 7729 7773 7730
f 7773 7774 7730
f 7730 7774 7731
f 7774 7775 7731
f 7731 7775 7732
f 7775 7776 7732
f 7732 7776 7733
f 7776 7777 7733
f 7733 7777 7734
f 7777 7778 7734
f 7734 7778 7735
f 7778 7779 7735
f 7735 7779 7736
f 7779 7780 7736
f 7736 7780 7737
f 7780 7781 7737
f 7737 7781 7738
f 7781 7782 7738
f 7738 7782 7739
f 7782 7783 7739
f 7739 7783 7740
f 7783 7635 7740
f 7740 7635 7634
f 7635 6642 7634
f 7634 6642 6641
f 6592 7784 7653
f 7784 7785 7653
f 7653 7785 7741
f 7785 7786 7741
f 7741 7786 7742
f 7786 7787 7742
f 7742 7787 7743
f 7787 7788 7743
f 7743 7788 7744
f 7788 7789 7744
f 7744 7789 7745
f 7789 7790 7745
f 7745 7790 7746
f 7790 7791 7746
f 7746 7791 7747
f 7791 7792 7747
f 7747 7792 7748
f 7792 7793 7748
f 7748 7793 7749
f 7793 7794 7749
f 7749 7794 7750
f 7794 7795 7750
f 7750 7795 7751
f 7795 7796 7751
f 7751 7796 7752
f 7796 7797 7752
f 7752 7797 7753
f 7797 7798 7753
f 7753 7798 7754
f 7798 7799 7754
f 7754 7799 7755
f 7799 7800 7755
f 7755 7800 7756
f 7800 7801 7756
f 7756 7801 7757
f 7801 7802 7757
f 7757 7802 7758
f 7802 7803 7758
f 7758 7803 7759
f 7803 7804 7759
f 7759 7804 7760
f 7804 7805 7760
f 7760 7805 7761
f 7805 7806 7761
f 7761 7806 7762
f 7806 7807 7762
f 7762 7807 7763
f 7807 7808 7763
f 7763 7808 7764
f 7808 7809 7764
f 7764 7809 7765
f 7809 7810 7765
f 7765 7810 7766
f 7810 7811 7766
f 7766 7811 7767
f 7811 7812 7767
f 7767 7812 7768
f 7812 7813 7768
f 7768 7813 7769
f 7813 7814 7769
f 7769 7814 7770
f 7814 7815 7770
f 7770 7815 7771
f 7815 7816 7771
f 7771 7816 7772
f 7816 7817 7772
f 7772 7817 7773
f 7817 7818 7773
f 7773 7818 7774
f 7818 7819 7774
f 7774 7819 7775
f 7819 7820 7775
f 7775 7820 7776
f 7820 7821 7776
f 7776 7821 7777
f 7821 7822 7777
f 7777 7822 7778
f 7822 7823 7778
f 7778 7823 7779
f 7823 7824 7779
f 7779 7824 7780
f 7824 7825 7780
f 7780 7825 7781
f 7825 7826 7781
f 7781 7826 7782
f 7826 7827 7782
f 7782 7827 7783
f 7827 7636 7783
f 7783 7636 7635
f 7636 6644 7635
f 7635 6644 6643
f 6592 7627 7784
f 7627 7828 7784
f 7784 7828 7785
f 7828 7829 7785
f 7785 7829 7786
f 7829 7830 7786
f 7786 7830 7787
f 7830 7831 7787
f 7787 7831 7788
f 7831 7832 7788
f 7788 7832 7789
f 7832 7833 7789
f 7789 7833 7790
f 7833 7834 7790
f 7790 7834 7791
f 7834 7835 7791
f 7791 7835 7792
f 7835 7836 7792
f 7792 7836 7793
f 7836 7837 7793
f 7793 7837 7794
f 7837 7838 7794
f 7794 7838 7795
f 7838 7839 7795
f 7795 7839 7796
f 7839 7840 7796
f 7796 7840 7797
f 7840 7841 7797
f 7797 7841 7798
f 7841 7842 7798
f 7798 7842 7799
f 7842 7843 7799
f 7799 7843 7800
f 7843 7844 7800
f 7800 7844 7801
f 7844 7845 7801
f 7801 7845 7802
f 7845 7846 7802
f 7802 7846 7803
f 7846 7847 7803
f 7803 7847 7804
f 7847 7848 7804
f 7804 7848 7805
f 7848 7849 7805
f 7805 7849 7806
f 7849 7850 7806
f 7806 7850 7807
f 7850 7851 7807
f 7807 7851 7808
f 7851 7852 7808
f 7808 7852 7809
f 7852 7853 7809
f 7809 7853 7810
f 7853 7854 7810
f 7810 7854 7811
f 7854 7855 7811
f 7811 7855 7812
f 7855 7856 7812
f 7812 7856 7813
f 7856 7857 7813
f 7813 7857 7814
f 7857 7858 7814
f 7814 7858 7815
f 7858 7859 7815
f 7815 7859 7816
f 7859 7860 7816
f 7816 7860 7817
f 7860 7861 7817
f 7817 7861 7818
f 7861 7862 7818
f 7818 7862 7819
f 7862 7863 7819
f 7819 7863 7820
f 7863 7864 7820
f 7820 7864 7821
f 7864 7865 7821
f 7821 7865 7822
f 7865 7866 7822
f 7822 7866 7823
f 7866 7867 7823
f 7823 7867 7824
f 7867 7868 7824
f 7824 7868 7825
f 7868 7869 7825
f 7825 7869 7826
f 7869 7870 7826
f 7826 7870 7827
f 7870 7637 7827
f 7827 7637 7636
f 7637 6626 7636
f 7636 6626 6625
f 6593 7628 7627
f 7628 7871 7627
f 7627 7871 7828
f 7871 7872 7828
f 7828 7872 7829
f 7872 7873 7829
f 7829 7873 7830
f 7873 7874 7830
f 7830 7874 7831
f 7874 7875 7831
f 7831 7875 7832
f 7875 7876 7832
f 7832 7876 7833
f 7876 7877 7833
f 7833 7877 7834
f 7877 7878 7834
f 7834 7878 7835
f 7878 7879 7835
f 7835 7879 7836
f 7879 7880 7836
f 7836 7880 7837
f 7880 7881 7837
f 7837 7881 7838
f 7881 7882 7838
f 7838 7882 7839
f 7882 7883 7839
f 7839 7883 7840
f 7883 7884 7840
f 7840 7884 7841
f 7884 7885 7841
f 7841 7885 7842
f 7885 7886 7842
f 7842 7886 7843
f 7886 7887 7843
f 7843 7887 7844
f 7887 7888 7844
f 7844 7888 7845
f 7888 7889 7845
f 7845 7889 7846
f 7889 7890 7846
f 7846 7890 7847
f 7890 7891 7847
f 7847 7891 7848
f 7891 7892 7848
f 7848 7892 7849
f 7892 7893 7849
f 7849 7893 7850
f 7893 7894 7850
f 7850 7894 7851
f 7894 7895 7851
f 7851 7895 7852
f 7895 7896 7852
f 7852 7896 7853
f 7896 7897 7853
f 7853 7897 7854
f 7897 7898 7854
f 7854 7898 7855
f 7898 7899 7855
f 7855 7899 7856
f 7899 7900 7856
f 7856 7900 7857
f 7900 7901 7857
f 7857 7901 7858
f 7901 7902 7858
f 7858 7902 7859
f 7902 7903 7859
f 7859 7903 7860
f 7903 7904 7860
f 7860 7904 7861
f 7904 7905 7861
f 7861 7905 7862
f 7905 7906 7862
f 7862 7906 7863
f 7906 7907 7863
f 7863 7907 7864
f 7907 7908 7864
f 7864 7908 7865
f 7908 7909 7865
f 7865 7909 7866
f 7909 7910 7866
f 7866 7910 7867
f 7910 7911 7867
f 7867 7911 7868
f 7911 7912 7868
f 7868 7912 7869
f 7912 7913 7869
f 7869 7913 7870
f 7913 7914 7870
f 7870 7914 7637
f 7914 6633 7637
f 7637 6633 6632
f 6588 7652 7628
f 7652 7915 7628
f 7628 7915 7871
f 7915 7916 7871
f 7871 7916 7872
f 7916 7917 7872
f 7872 7917 7873
f 7917 7918 7873
f 7873 7918 7874
f 7918 7919 7874
f 7874 7919 7875
f 7919 7920 7875
f 7875 7920 7876
f 7920 7921 7876
f 7876 7921 7877
f 7921 7922 7877
f 7877 7922 7878
f 7922 7923 7878
f 7878 7923 7879
f 7923 7924 7879
f 7879 7924 7880
f 7924 7925 7880
f 7880 7925 7881
f 7925 7926 7881
f 7881 7926 7882
f 7926 7927 7882
f 7882 7927 7883
f 7927 7928 7883
f 7883 7928 7884
f 7928 7929 7884
f 7884 7929 7885
f 7929 7930 7885
f 7885 7930 7886
f 7930 7931 7886
f 7886 7931 7887
f 7931 7932 7887
f 7887 7932 7888
f 7932 7933 7888
f 7888 7933 7889
f 7933 7934 7889
f 7889 7934 7890
f 7934 7935 7890
f 7890 7935 7891
f 7935 7936 7891
f 7891 7936 7892
f 7936 7937 7892
f 7892 7937 7893
f 7937 7938 7893
f 7893 7938 7894
f 7938 7939 7894
f 7894 7939 7895
f 7939 7940 7895
f 7895 7940 7896
f 7940 7941 7896
f 7896 7941 7897
f 7941 7942 7897
f 7897 7942 7898
f 7942 7943 7898
f 7898 7943 7899
f 7943 7944 7899
f 7899 7944 7900
f 7944 7945 7900
f 7900 7945 7901
f 7945 7946 7901
f 7901 7946 7902
f 7946 7947 7902
f 7902 7947 7903
f 7947 7948 7903
f 7903 7948 7904
f 7948 7949 7904
f 7904 7949 7905
f 7949 7950 7905
f 7905 7950 7906
f 7950 7951 7906
f 7906 7951 7907
f 7951 7952 7907
f 7907 7952 7908
f 7952 7953 7908
f 7908 7953 7909
f 7953 7954 7909
f 7909 7954 7910
f 7954 7955 7910
f 7910 7955 7911
f 7955 7956 7911
f 7911 7956 7912
f 7956 7957 7912
f 7912 7957 7913
f 7957 7638 7913
f 7913 7638 7914
f 7638 6627 7914
f 7914 6627 6633
f 6585 7958 7652
f 7958 7959 7652
f 7652 7959 7915
f 7959 7960 7915
f 7915 7960 7916
f 7960 7961 7916
f 7916 7961 7917
f 7961 7962 7917
f 7917 7962 7918
f 7962 7963 7918
f 7918 7963 7919
f 7963 7964 7919
f 7919 7964 7920
f 7964 7965 7920
f 7920 7965 7921
f 7965 7966 7921
f 7921 7966 7922
f 7966 7967 7922
f 7922 7967 7923
f 7967 7968 7923
f 7923 7968 7924
f 7968 7969 7924
f 7924 7969 7925
f 7969 7970 7925
f 7925 7970 7926
f 7970 7971 7926
f 7926 7971 7927
f 7971 7972 7927
f 7927 7972 7928
f 7972 7973 7928
f 7928 7973 7929
f 7973 7974 7929
f 7929 7974 7930
f 7974 7975 7930
f 7930 7975 7931
f 7975 7976 7931
f 7931 7976 7932
f 7976 7977 7932
f 7932 7977 7933
f 7977 7978 7933
f 7933 7978 7934
f 7978 7979 7934
f 7934 7979 7935
f 7979 7980 7935
f 7935 7980 7936
f 7980 7981 7936
f 7936 7981 7937
f 7981 7982 7937
f 7937 7982 7938
f 7982 7983 7938
f 7938 7983 7939
f 7983 7984 7939
f 7939 7984 7940
f 7984 7985 7940
f 7940 7985 7941
f 7985 7986 7941
f 7941 7986 7942
f 7986 7987 7942
f 7942 7987 7943
f 7987 7988 7943
f 7943 7988 7944
f 7988 7989 7944
f 7944 7989 7945
f 7989 7990 7945
f 7945 7990 7946
f 7990 7991 7946
f 7946 7991 7947
f 7991 7992 7947
f 7947 7992 7948
f 7992 7993 7948
f 7948 7993 7949
f 7993 7994 7949
f 7949 7994 7950
f 7994 7995 7950
f 7950 7995 7951
f 7995 7996 7951
f 7951 7996 7952
f 7996 7997 7952
f 7952 7997 7953
f 7997 7998 7953
f 7953 7998 7954
f 7998 7999 7954
f 7954 7999 7955
f 7999 8000 7955
f 7955 8000 7956
f 8000 8001 7956
f 7956 8001 7957
f 8001 7639 7957
f 7957 7639 7638
f 7639 6634 7638
f 7638 6634 6628
f 6585 7629 7958
f 7629 8002 7958
f 7958 8002 7959
f 8002 8003 7959
f 7959 8003 7960
f 8003 8004 7960
f 7960 8004 7961
f 8004 8005 7961
f 7961 8005 7962
f 8005 8006 7962
f 7962 8006 7963
f 8006 8007 7963
f 7963 8007 7964
f 8007 8008 7964
f 7964 8008 7965
f 8008 8009 7965
f 7965 8009 7966
f 8009 8010 7966
f 7966 8010 7967
f 8010 8011 7967
f 7967 8011 7968
f 8011 8012 7968
f 7968 8012 7969
f 8012 8013 7969
f 7969 8013 7970
f 8013 8014 7970
f 7970 8014 7971
f 8014 8015 7971
f 7971 8015 7972
f 8015 8016 7972
f 7972 8016 7973
f 8016 8017 7973
f 7973 8017 7974
f 8017 8018 7974
f 7974 8018 7975
f 8018 8019 7975
f 7975 8019 7976
f 8019 8020 7976
f 7976 8020 7977
f 8020 8021 7977
f 7977 8021 7978
f 8021 8022 7978
f 7978 8022 7979
f 8022 8023 7979
f 7979 8023 7980
f 8023 8024 7980
f 7980 8024 7981
f 8024 8025 7981
f 7981 8025 7982
f 8025 8026 7982
f 7982 8026 7983
f 8026 8027 7983
f 7983 8027 7984
f 8027 8028 7984
f 7984 8028 7985
f 8028 8029 7985
f 7985 8029 7986
f 8029 8030 7986
f 7986 8030 7987
f 8030 8031 7987
f 7987 8031 7988
f 8031 8032 7988
f 7988 8032 7989
f 8032 8033 7989
f 7989 8033 7990
f 8033 8034 7990
f 7990 8034 7991
f 8034 8035 7991
f 7991 8035 7992
f 8035 8036 7992
f 7992 8036 7993
f 8036 8037 7993
f 7993 8037 7994
f 8037 8038 7994
f 7994 8038 7995
f 8038 8039 7995
f 7995 8039 7996
f 8039 8040 7996
f 7996 8040 7997
f 8040 8041 7997
f 7997 8041 7998
f 8041 8042 7998
f 7998 8042 7999
f 8042 8043 7999
f 7999 8043 8000
f 8043 8044 8000
f 8000 8044 8001
f 8044 7640 8001
f 8001 7640 7639
f 7640 6616 7639
f 7639 6616 6635
f 6583 7651 7629
f 7651 8045 7629
f 7629 8045 8002
f 8045 8046 8002
f 8002 8046 8003
f 8046 8047 8003
f 8003 8047 8004
f 8047 8048 8004
f 8004 8048 8005
f 8048 8049 8005
f 8005 8049 8006
f 8049 8050 8006
f 8006 8050 8007
f 8050 8051 8007
f 8007 8051 8008
f 8051 8052 8008
f 8008 8052 8009
f 8052 8053 8009
f 8009 8053 8010
f 8053 8054 8010
f 8010 8054 8011
f 8054 8055 8011
f 8011 8055 8012
f 8055 8056 8012
f 8012 8056 8013
f 8056 8057 8013
f 8013 8057 8014
f 8057 8058 8014
f 8014 8058 8015
f 8058 8059 8015
f 8015 8059 8016
f 8059 8060 8016
f 8016 8060 8017
f 8060 8061 8017
f 8017 8061 8018
f 8061 8062 8018
f 8018 8062 8019
f 8062 8063 8019
f 8019 8063 8020
f 8063 8064 8020
f 8020 8064 8021
f 8064 8065 8021
f 8021 8065 8022
f 8065 8066 8022
f 8022 8066 8023
f 8066 8067 8023
f 8023 8067 8024
f 8067 8068 8024
f 8024 8068 8025
f 8068 8069 8025
f 8025 8069 8026
f 8069 8070 8026
f 8026 8070 8027
f 8070 8071 8027
f 8027 8071 8028
f 8071 8072 8028
f 8028 8072 8029
f 8072 8073 8029
f 8029 8073 8030
f 8073 8074 8030
f 8030 8074 8031
f 8074 8075 8031
f 8031 8075 8032
f 8075 8076 8032
f 8032 8076 8033
f 8076 8077 8033
f 8033 8077 8034
f 8077 8078 8034
f 8034 8078 8035
f 8078 8079 8035
f 8035 8079 8036
f 8079 8080 8036
f 8036 8080 8037
f 8080 8081 8037
f 8037 8081 8038
f 8081 8082 8038
f 8038 8082 8039
f 8082 8083 8039
f 8039 8083 8040
f 8083 8084 8040
f 8040 8084 8041
f 8084 8085 8041
f 8041 8085 8042
f 8085 8086 8042
f 8042 8086 8043
f 8086 8087 8043
f 8043 8087 8044
f 8087 8088 8044
f 8044 8088 7640
f 8088 6618 7640
f 7640 6618 6617
f 6580 8089 7651
f 8089 8090 7651
f 7651 8090 8045
f 8090 8091 8045
f 8045 8091 8046
f 8091 8092 8046
f 8046 8092 8047
f 8092 8093 8047
f 8047 8093 8048
f 8093 8094 8048
f 8048 8094 8049
f 8094 8095 8049
f 8049 8095 8050
f 8095 8096 8050
f 8050 8096 8051
f 8096 8097 8051
f 8051 8097 8052
f 8097 8098 8052
f 8052 8098 8053
f 8098 8099 8053
f 8053 8099 8054
f 8099 8100 8054
f 8054 8100 8055
f 8100 8101 8055
f 8055 8101 8056
f 8101 8102 8056
f 8056 8102 8057
f 8102 8103 8057
f 8057 8103 8058
f 8103 8104 8058
f 8058 8104 8059
f 8104 8105 8059
f 8059 8105 8060
f 8105 8106 8060
f 8060 8106 8061
f 8106 8107 8061
f 8061 8107 8062
f 8107 8108 8062
f 8062 8108 8063
f 8108 8109 8063
f 8063 8109 8064
f 8109 8110 8064
f 8064 8110 8065
f 8110 8111 8065
f 8065 8111 8066
f 8111 8112 8066
f 8066 8112 8067
f 8112 8113 8067
f 8067 8113 8068
f 8113 8114 8068
f 8068 8114 8069
f 8114 8115 8069
f 8069 8115 8070
f 8115 8116 8070
f 8070 8116 8071
f 8116 8117 8071
f 8071 8117 8072
f 8117 8118 8072
f 8072 8118 8073
f 8118 8119 8073
f 8073 8119 8074
f 8119 8120 8074
f 8074 8120 8075
f 8120 8121 8075
f 8075 8121 8076
f 8121 8122 8076
f 8076 8122 8077
f 8122 8123 8077
f 8077 8123 8078
f 8123 8124 8078
f 8078 8124 8079
f 8124 8125 8079
f 8079 8125 8080
f 8125 8126 8080
f 8080 8126 8081
f 8126 8127 8081
f 8081 8127 8082
f 8127 8128 8082
f 8082 8128 8083
f 8128 8129 8083
f 8083 8129 8084
f 8129 8130 8084
f 8084 8130 8085
f 8130 8131 8085
f 8085 8131 8086
f 8131 8132 8086
f 8086 8132 8087
f 8132 7641 8087
f 8087 7641 8088
f 7641 6601 8088
f 8088 6601 6618
f 6580 7630 8089
f 7630 8133 8089
f 8089 8133 8090
f 8133 8134 8090
f 8090 8134 8091
f 8134 8135 8091
f 8091 8135 8092
f 8135 8136 8092
f 8092 8136 8093
f 8136 8137 8093
f 8093 8137 8094
f 8137 8138 8094
f 8094 8138 8095
f 8138 8139 8095
f 8095 8139 8096
f 8139 8140 8096
f 8096 8140 8097
f 8140 8141 8097
f 8097 8141 8098
f 8141 8142 8098
f 8098 8142 8099
f 8142 8143 8099
f 8099 8143 8100
f 8143 8144 8100
f 8100 8144 8101
f 8144 8145 8101
f 8101 8145 8102
f 8145 8146 8102
f 8102 8146 8103
f 8146 8147 8103
f 8103 8147 8104
f 8147 8148 8104
f 8104 8148 8105
f 8148 8149 8105
f 8105 8149 8106
f 8149 8150 8106
f 8106 8150 8107
f 8150 8151 8107
f 8107 8151 8108
f 8151 8152 8108
f 8108 8152 8109
f 8152 8153 8109
f 8109 8153 8110
f 8153 8154 8110
f 8110 8154 8111
f 8154 8155 8111
f 8111 8155 8112
f 8155 8156 8112
f 8112 8156 8113
f 8156 8157 8113
f 8113 8157 8114
f 8157 8158 8114
f 8114 8158 8115
f 8158 8159 8115
f 8115 8159 8116
f 8159 8160 8116
f 8116 8160 8117
f 8160 8161 8117
f 8117 8161 8118
f 8161 8162 8118
f 8118 8162 8119
f 8162 8163 8119
f 8119 8163 8120
f 8163 8164 8120
f 8120 8164 8121
f 8164 8165 8121
f 8121 8165 8122
f 8165 8166 8122
f 8122 8166 8123
f 8166 8167 8123
f 8123 8167 8124
f 8167 8168 8124
f 8124 8168 8125
f 8168 8169 8125
f 8125 8169 8126
f 8169 8170 8126
f 8126 8170 8127
f 8170 8171 8127
f 8127 8171 8128
f 8171 8172 8128
f 8128 8172 8129
f 8172 8173 8129
f 8129 8173 8130
f 8173 8174 8130
f 8130 8174 8131
f 8174 8175 8131
f 8131 8175 8132
f 8175 7642 8132
f 8132 7642 7641
f 7642 6598 7641
f 7641 6598 6600
f 6577 7650 7630
f 7650 8176 7630
f 7630 8176 8133
f 8176 8177 8133
f 8133 8177 8134
f 8177 8178 8134
f 8134 8178 8135
f 8178 8179 8135
f 8135 8179 8136
f 8179 8180 8136
f 8136 8180 8137
f 8180 8181 8137
f 8137 8181 8138
f 8181 8182 8138
f 8138 8182 8139
f 8182 8183 8139
f 8139 8183 8140
f 8183 8184 8140
f 8140 8184 8141
f 8184 8185 8141
f 8141 8185 8142
f 8185 8186 8142
f 8142 8186 8143
f 8186 8187 8143
f 8143 8187 8144
f 8187 8188 8144
f 8144 8188 8145
f 8188 8189 8145
f 8145 8189 8146
f 8189 8190 8146
f 8146 8190 8147
f 8190 8191 8147
f 8147 8191 8148
f 8191 8192 8148
f 8148 8192 8149
f 8192 8193 8149
f 8149 8193 8150
f 8193 8194 8150
f 8150 8194 8151
f 8194 8195 8151
f 8151 8195 8152
f 8195 8196 8152
f 8152 8196 8153
f 8196 8197 8153
f 8153 8197 8154
f 8197 8198 8154
f 8154 8198 8155
f 8198 8199 8155
f 8155 8199 8156
f 8199 8200 8156
f 8156 8200 8157
f 8200 8201 8157
f 8157 8201 8158
f 8201 8202 8158
f 8158 8202 8159
f 8202 8203 8159
f 8159 8203 8160
f 8203 8204 8160
f 8160 8204 8161
f 8204 8205 8161
f 8161 8205 8162
f 8205 8206 8162
f 8162 8206 8163
f 8206 8207 8163
f 8163 8207 8164
f 8207 8208 8164
f 8164 8208 8165
f 8208 8209 8165
f 8165 8209 8166
f 8209 8210 8166
f 8166 8210 8167
f 8210 8211 8167
f 8167 8211 8168
f 8211 8212 8168
f 8168 8212 8169
f 8212 8213 8169
f 8169 8213 8170
f 8213 8214 8170
f 8170 8214 8171
f 8214 8215 8171
f 8171 8215 8172
f 8215 8216 8172
f 8172 8216 8173
f 8216 8217 8173
f 8173 8217 8174
f 8217 8218 8174
f 8174 8218 8175
f 8218 7643 8175
f 8175 7643 7642
f 7643 6620 7642
f 7642 6620 6619
f 6613 7631 6614
f 7631 8219 6614
f 6614 8219 7650
f 8219 8220 7650
f 7650 8220 8176
f 8220 8221 8176
f 8176 8221 8177
f 8221 8222 8177
f 8177 8222 8178
f 8222 8223 8178
f 8178 8223 8179
f 8223 8224 8179
f 8179 8224 8180
f 8224 8225 8180
f 8180 8225 8181
f 8225 8226 8181
f 8181 8226 8182
f 8226 8227 8182
f 8182 8227 8183
f 8227 8228 8183
f 8183 8228 8184
f 8228 8229 8184
f 8184 8229 8185
f 8229 8230 8185
f 8185 8230 8186
f 8230 8231 8186
f 8186 8231 8187
f 8231 8232 8187
f 8187 8232 8188
f 8232 8233 8188
f 8188 8233 8189
f 8233 8234 8189
f 8189 8234 8190
f 8234 8235 8190
f 8190 8235 8191
f 8235 8236 8191
f 8191 8236 8192
f 8236 8237 8192
f 8192 8237 8193
f 8237 8238 8193
f 8193 8238 8194
f 8238 8239 8194
f 8194 8239 8195
f 8239 8240 8195
f 8195 8240 8196
f 8240 8241 8196
f 8196 8241 8197
f 8241 8242 8197
f 8197 8242 8198
f 8242 8243 8198
f 8198 8243 8199
f 8243 8244 8199
f 8199 8244 8200
f 8244 8245 8200
f 8200 8245 8201
f 8245 8246 8201
f 8201 8246 8202
f 8246 8247 8202
f 8202 8247 8203
f 8247 8248 8203
f 8203 8248 8204
f 8248 8249 8204
f 8204 8249 8205
f 8249 8250 8205
f 8205 8250 8206
f 8250 8251 8206
f 8206 8251 8207
f 8251 8252 8207
f 8207 8252 8208
f 8252 8253 8208
f 8208 8253 8209
f 8253 8254 8209
f 8209 8254 8210
f 8254 8255 8210
f 8210 8255 8211
f 8255 8256 8211
f 8211 8256 8212
f 8256 8257 8212
f 8212 8257 8213
f 8257 8258 8213
f 8213 8258 8214
f 8258 8259 8214
f 8214 8259 8215
f 8259 8260 8215
f 8215 8260 8216
f 8260 8261 8216
f 8216 8261 8217
f 8261 8262 8217
f 8217 8262 8218
f 8262 7644 8218
f 8218 7644 7643
f 7644 6636 7643
f 7643 6636 6621
f 6612 7649 7631
f 7649 8263 7631
f 7631 8263 8219
f 8263 8264 8219
f 8219 8264 8220
f 8264 8265 8220
f 8220 8265 8221
f 8265 8266 8221
f 8221 8266 8222
f 8266 8267 8222
f 8222 8267 8223
f 8267 8268 8223
f 8223 8268 8224
f 8268 8269 8224
f 8224 8269 8225
f 8269 8270 8225
f 8225 8270 8226
f 8270 8271 8226
f 8226 8271 8227
f 8271 8272 8227
f 8227 8272 8228
f 8272 8273 8228
f 8228 8273 8229
f 8273 8274 8229
f 8229 8274 8230
f 8274 8275 8230
f 8230 8275 8231
f 8275 8276 8231
f 8231 8276 8232
f 8276 8277 8232
f 8232 8277 8233
f 8277 8278 8233
f 8233 8278 8234
f 8278 8279 8234
f 8234 8279 8235
f 8279 8280 8235
f 8235 8280 8236
f 8280 8281 8236
f 8236 8281 8237
f 8281 8282 8237
f 8237 8282 8238
f 8282 8283 8238
f 8238 8283 8239
f 8283 8284 8239
f 8239 8284 8240
f 8284 8285 8240
f 8240 8285 8241
f 8285 8286 8241
f 8241 8286 8242
f 8286 8287 8242
f 8242 8287 8243
f 8287 8288 8243
f 8243 8288 8244
f 8288 8289 8244
f 8244 8289 8245
f 8289 8290 8245
f 8245 8290 8246
f 8290 8291 8246
f 8246 8291 8247
f 8291 8292 8247
f 8247 8292 8248
f 8292 8293 8248
f 8248 8293 8249
f 8293 8294 8249
f 8249 8294 8250
f 8294 8295 8250
f 8250 8295 8251
f 8295 8296 8251
f 8251 8296 8252
f 8296 8297 8252
f 8252 8297 8253
f 8297 8298 8253
f 8253 8298 8254
f 8298 8299 8254
f 8254 8299 8255
f 8299 8300 8255
f 8255 8300 8256
f 8300 8301 8256
f 8256 8301 8257
f 8301 8302 8257
f 8257 8302 8258
f 8302 8303 8258
f 8258 8303 8259
f 8303 8304 8259
f 8259 8304 8260
f 8304 8305 8260
f 8260 8305 8261
f 8305 8306 8261
f 8261 8306 8262
f 8306 8307 8262
f 8262 8307 7644
f 8307 8308 7644
f 7644 8308 7633
f 8308 6609 7633
f 7633 6609 6637
f 6610 7648 7649
f 7648 8309 7649
f 7649 8309 8263
f 8309 8310 8263
f 8263 8310 8264
f 8310 8311 8264
f 8264 8311 8265
f 8311 8312 8265
f 8265 8312 8266
f 8312 8313 8266
f 8266 8313 8267
f 8313 8314 8267
f 8267 8314 8268
f 8314 8315 8268
f 8268 8315 8269
f 8315 8316 8269
f 8269 8316 8270
f 8316 8317 8270
f 8270 8317 8271
f 8317 8318 8271
f 8271 8318 8272
f 8318 8319 8272
f 8272 8319 8273
f 8319 8320 8273
f 8273 8320 8274
f 8320 8321 8274
f 8274 8321 8275
f 8321 8322 8275
f 8275 8322 8276
f 8322 8323 8276
f 8276 8323 8277
f 8323 8324 8277
f 8277 8324 8278
f 8324 8325 8278
f 8278 8325 8279
f 8325 8326 8279
f 8279 8326 8280
f 8326 8327 8280
f 8280 8327 8281
f 8327 8328 8281
f 8281 8328 8282
f 8328 8329 8282
f 8282 8329 8283
f 8329 8330 8283
f 8283 8330 8284
f 8330 8331 8284
f 8284 8331 8285
f 8331 8332 8285
f 8285 8332 8286
f 8332 8333 8286
f 8286 8333 8287
f 8333 8334 8287
f 8287 8334 8288
f 8334 8335 8288
f 8288 8335 8289
f 8335 8336 8289
f 8289 8336 8290
f 8336 8337 8290
f 8290 8337 8291
f 8337 8338 8291
f 8291 8338 8292
f 8338 8339 8292
f 8292 8339 8293
f 8339 8340 8293
f 8293 8340 8294
f 8340 8341 8294
f 8294 8341 8295
f 8341 8342 8295
f 8295 8342 8296
f 8342 8343 8296
f 8296 8343 8297
f 8343 8344 8297
f 8297 8344 8298
f 8344 8345 8298
f 8298 8345 8299
f 8345 8346 8299
f 8299 8346 8300
f 8346 8347 8300
f 8300 8347 8301
f 8347 8348 8301
f 8301 8348 8302
f 8348 8349 8302
f 8302 8349 8303
f 8349 8350 8303
f 8303 8350 8304
f 8350 8351 8304
f 8304 8351 8305
f 8351 8352 8305
f 8305 8352 8306
f 8352 8353 8306
f 8306 8353 8307
f 8353 7645 8307
f 8307 7645 8308
f 7645 6608 8308
f 8308 6608 6609
f 6623 8354 7648
f 8354 8355 7648
f 7648 8355 8309
f 8355 8356 8309
f 8309 8356 8310
f 8356 8357 8310
f 8310 8357 8311
f 8357 8358 8311
f 8311 8358 8312
f 8358 8359 8312
f 8312 8359 8313
f 8359 8360 8313
f 8313 8360 8314
f 8360 8361 8314
f 8314 8361 8315
f 8361 8362 8315
f 8315 8362 8316
f 8362 8363 8316
f 8316 8363 8317
f 8363 8364 8317
f 8317 8364 8318
f 8364 8365 8318
f 8318 8365 8319
f 8365 8366 8319
f 8319 8366 8320
f 8366 8367 8320
f 8320 8367 8321
f 8367 8368 8321
f 8321 8368 8322
f 8368 8369 8322
f 8322 8369 8323
f 8369 8370 8323
f 8323 8370 8324
f 8370 8371 8324
f 8324 8371 8325
f 8371 8372 8325
f 8325 8372 8326
f 8372 8373 8326
f 8326 8373 8327
f 8373 8374 8327
f 8327 8374 8328
f 8374 8375 8328
f 8328 8375 8329
f 8375 8376 8329
f 8329 8376 8330
f 8376 8377 8330
f 8330 8377 8331
f 8377 8378 8331
f 8331 8378 8332
f 8378 8379 8332
f 8332 8379 8333
f 8379 8380 8333
f 8333 8380 8334
f 8380 8381 8334
f 8334 8381 8335
f 8381 8382 8335
f 8335 8382 8336
f 8382 8383 8336
f 8336 8383 8337
f 8383 8384 8337
f 8337 8384 8338
f 8384 8385 8338
f 8338 8385 8339
f 8385 8386 8339
f 8339 8386 8340
f 8386 8387 8340
f 8340 8387 8341
f 8387 8388 8341
f 8341 8388 8342
f 8388 8389 8342
f 8342 8389 8343
f 8389 8390 8343
f 8343 8390 8344
f 8390 8391 8344
f 8344 8391 8345
f 8391 8392 8345
f 8345 8392 8346
f 8392 8393 8346
f 8346 8393 8347
f 8393 8394 8347
f 8347 8394 8348
f 8394 8395 8348
f 8348 8395 8349
f 8395 8396 8349
f 8349 8396 8350
f 8396 8397 8350
f 8350 8397 8351
f 8397 8398 8351
f 8351 8398 8352
f 8398 8399 8352
f 8352 8399 8353
f 8399 7646 8353
f 8353 7646 7645
f 7646 6629 7645
f 7645 6629 6607
f 6623 7632 8354
f 7632 8400 8354
f 8354 8400 8355
f 8400 8401 8355
f 8355 8401 8356
f 8401 8402 8356
f 8356 8402 8357
f 8402 8403 8357
f 8357 8403 8358
f 8403 8404 8358
f 8358 8404 8359
f 8404 8405 8359
f 8359 8405 8360
f 8405 8406 8360
f 8360 8406 8361
f 8406 8407 8361
f 8361 8407 8362
f 8407 8408 8362
f 8362 8408 8363
f 8408 8409 8363
f 8363 8409 8364
f 8409 8410 8364
f 8364 8410 8365
f 8410 8411 8365
f 8365 8411 8366
f 8411 8412 8366
f 8366 8412 8367
f 8412 8413 8367
f 8367 8413 8368
f 8413 8414 8368
f 8368 8414 8369
f 8414 8415 8369
f 8369 8415 8370
f 8415 8416 8370
f 8370 8416 8371
f 8416 8417 8371
f 8371 8417 8372
f 8417 8418 8372
f 8372 8418 8373
f 8418 8419 8373
f 8373 8419 8374
f 8419 8420 8374
f 8374 8420 8375
f 8420 8421 8375
f 8375 8421 8376
f 8421 8422 8376
f 8376 8422 8377
f 8422 8423 8377
f 8377 8423 8378
f 8423 8424 8378
f 8378 8424 8379
f 8424 8425 8379
f 8379 8425 8380
f 8425 8426 8380
f 8380 8426 8381
f 8426 8427 8381
f 8381 8427 8382
f 8427 8428 8382
f 8382 8428 8383
f 8428 8429 8383
f 8383 8429 8384
f 8429 8430 8384
f 8384 8430 8385
f 8430 8431 8385
f 8385 8431 8386
f 8431 8432 8386
f 8386 8432 8387
f 8432 8433 8387
f 8387 8433 8388
f 8433 8434 8388
f 8388 8434 8389
f 8434 8435 8389
f 8389 8435 8390
f 8435 8436 8390
f 8390 8436 8391
f 8436 8437 8391
f 8391 8437 8392
f 8437 8438 8392
f 8392 8438 8393
f 8438 8439 8393
f 8393 8439 8394
f 8439 8440 8394
f 8394 8440 8395
f 8440 8441 8395
f 8395 8441 8396
f 8441 8442 8396
f 8396 8442 8397
f 8442 8443 8397
f 8397 8443 8398
f 8443 8444 8398
f 8398 8444 8399
f 8444 7647 8399
f 8399 7647 7646
f 7647 6631 7646
f 7646 6631 6630
f 6639 6638 7632
f 6638 7647 7632
f 7632 7647 8400
f 7647 8401 8400
f 8440 8439 8408
f 8439 8438 8408
f 8408 8438 8437
f 8434 8433 8408
f 8433 8432 8408
f 8407 8406 7647
f 8406 8405 7647
f 7647 8405 8404
f 8404 8403 7647
f 8403 8402 7647
f 7647 8402 8401
f 8443 8442 8408
f 8442 8441 8408
f 8408 8441 8440
f 8437 8436 8408
f 8436 8435 8408
f 8408 8435 8434
f 8414 8413 8421
f 8407 7647 8408
f 7647 8444 8408
f 8408 8444 8443
f 8432 8431 8408
f 8431 8430 8408
f 8408 8430 8429
f 8427 8426 8410
f 8426 8425 8410
f 8410 8425 8424
f 8424 8423 8410
f 8423 8422 8410
f 8410 8422 8421
f 8413 8412 8421
f 8412 8411 8421
f 8421 8411 8410
f 8410 8409 8427
f 8409 8408 8427
f 8427 8408 8428
f 8408 8429 8428
f 8414 8421 8415
f 8421 8420 8415
f 8415 8420 8419
f 8419 8418 8415
f 8418 8417 8415
f 8415 8417 8416
f 7522 8445 7519
f 8445 6603 7519
f 7519 6603 6602
f 7518 7517 7516
f 7522 7524 8445
f 7524 7619 8445
f 8445 7619 7616
f 7616 7613 8445
f 7613 7610 8445
f 8445 7610 7515
f 7610 7607 7515
f 7515 7607 7604
f 7515 7584 7514
f 7584 7586 7514
f 7514 7586 7516
f 7586 7577 7516
f 7516 7577 7518
f 7595 7592 7515
f 7592 7589 7515
f 7515 7589 7584
f 7604 7601 7515
f 7601 7598 7515
f 7515 7598 7595
f 1984 2196 7574
f 1984 7574 1985
f 7574 7575 1985
f 1985 7575 6563
f 6670 6668 8446
f 6668 6740 8446
f 8446 6740 8447
f 6665 6670 8448
f 6670 8446 8448
f 6664 6665 6732
f 6665 8448 6732
f 6732 8448 8449
f 8447 6740 8449
f 6740 6732 8449
f 8446 8447 8448
f 8447 8449 8448
f 3230 6548 3231
f 6548 8450 3231
f 3231 8450 3258
f 8450 8451 3258
f 3258 8451 3259
f 8451 8452 3259
f 3259 8452 3260
f 8452 8453 3260
f 3260 8453 3314
f 8453 8454 3314
f 3314 8454 3315
f 8454 8455 3315
f 3315 8455 3316
f 8455 8456 3316
f 3316 8456 3317
f 8456 8457 3317
f 3317 8457 3318
f 8457 8458 3318
f 3318 8458 3319
f 8458 8459 3319
f 3319 8459 3392
f 8459 8460 3392
f 3392 8460 3393
f 8460 8461 3393
f 3393 8461 3394
f 8461 3431 3394
f 8461 8462 3431
f 8462 8463 3431
f 3431 8463 3432
f 8463 3433 3432
f 8463 8464 3433
f 8464 8465 3433
f 3433 8465 3445
f 8465 3446 3445
f 8465 8466 3446
f 8466 8467 3446
f 3446 8467 3232
f 8467 8468 3232
f 8468 8469 3232
f 3232 8469 3233
f 8469 8470 3233
f 8470 8471 3233
f 8471 8472 3233
f 3233 8472 3234
f 8472 8473 3234
f 3234 8473 3235
f 8473 8474 3235
f 3235 8474 3395
f 8474 8475 3395
f 3395 8475 3396
f 8475 8476 3396
f 3396 8476 3256
f 8476 8477 3256
f 3256 8477 3257
f 8477 8478 3257
f 8478 3312 3257
f 3312 8478 8479
f 8480 3485 8479
f 3485 3313 8479
f 8479 3313 3312
f 8480 8481 3485
f 8481 8482 3485
f 3485 8482 3486
f 8482 3487 3486
f 8482 8483 3487
f 8483 8484 3487
f 3487 8484 3479
f 8484 8485 3479
f 3479 8485 3480
f 3480 8485 3481
f 8485 8486 3481
f 3481 8486 3457
f 8486 8487 3457
f 3457 8487 3458
f 8487 8488 3458
f 3458 8488 3459
f 8488 8489 3459
f 3459 8489 3387
f 8489 8490 3387
f 3387 8490 3388
f 3388 8490 3389
f 8490 8491 3389
f 3389 8491 3390
f 3390 8491 3391
f 8491 8492 3391
f 3391 8492 3428
f 3428 8492 3429
f 8492 8493 3429
f 3429 8493 3430
f 3430 8493 3443
f 8493 8494 3443
f 3443 8494 3444
f 8494 8495 3444
f 3444 8495 3370
f 8495 8496 3370
f 3370 8496 3371
f 3371 8496 3372
f 8496 8497 3372
f 3372 8497 3373
f 8497 8498 3373
f 8498 8499 3373
f 3373 8499 3253
f 8499 3254 3253
f 8499 8500 3254
f 8500 8501 3254
f 3254 8501 3310
f 8501 8502 3310
f 8502 8503 3310
f 8503 8504 3310
f 3310 8504 3104
f 3104 8504 3052
f 8504 8505 3052
f 8506 8507 8508
f 8507 8509 8508
f 8508 8509 8510
f 8509 8511 8510
f 8512 8513 8514
f 8513 8515 8514
f 8514 8515 8516
f 8515 8517 8516
f 8516 8517 8506
f 8517 8518 8506
f 8506 8518 8507
f 8519 8520 8521
f 8520 8522 8521
f 8521 8522 8523
f 8522 8524 8523
f 8523 8524 8512
f 8524 8525 8512
f 8512 8525 8513
f 8526 8527 8528
f 8527 8529 8528
f 8528 8529 8530
f 8529 8531 8530
f 8530 8531 8519
f 8531 8532 8519
f 8519 8532 8520
f 8533 8534 8535
f 8534 8536 8535
f 8535 8536 8537
f 8536 8538 8537
f 8537 8538 8539
f 8538 8540 8539
f 8539 8540 8541
f 8540 8542 8541
f 8541 8542 8543
f 8542 8544 8543
f 8543 8544 8545
f 8544 8546 8545
f 8545 8546 8547
f 8546 8548 8547
f 8547 8548 8549
f 8548 8550 8549
f 8549 8550 8551
f 8550 8552 8551
f 8551 8552 8526
f 8552 8553 8526
f 8526 8553 8527
f 8554 8555 8556
f 8555 8557 8556
f 8556 8557 8533
f 8557 8558 8533
f 8533 8558 8534
f 8505 8504 8559
f 8504 8560 8559
f 8559 8560 8561
f 8560 8562 8561
f 8561 8562 8554
f 8562 8563 8554
f 8554 8563 8555
f 8564 8565 8566
f 8567 8568 8569
f 8570 8571 8572
f 8573 8574 8575
f 8576 8577 8578
f 8579 8580 8581
f 8582 8583 8584
f 8585 8586 8587
f 8588 8589 8590
f 8591 8592 8593
f 8594 8595 8596
f 8597 8598 8599
f 8600 8601 8602
f 8603 8601 8600
f 8599 8598 8600
f 8539 8541 8604
f 8523 8605 8606
f 8506 8508 8607
f 8506 8607 8516
f 8607 8608 8516
f 8608 8609 8516
f 8516 8609 8514
f 8605 8523 8609
f 8523 8512 8609
f 8609 8512 8514
f 8530 8519 8606
f 8519 8521 8606
f 8606 8521 8523
f 8606 8610 8530
f 8610 8611 8530
f 8530 8611 8528
f 8611 8612 8528
f 8528 8612 8526
f 8526 8612 8551
f 8612 8613 8551
f 8551 8613 8549
f 8613 8614 8549
f 8549 8614 8547
f 8547 8614 8545
f 8614 8615 8545
f 8545 8615 8543
f 8539 8604 8537
f 8604 8616 8537
f 8537 8616 8535
f 8535 8616 8533
f 8616 8617 8533
f 8533 8617 8556
f 8617 8618 8556
f 8556 8618 8554
f 8554 8618 8561
f 8618 8619 8561
f 8561 8619 8559
f 8619 8620 8559
f 8559 8620 8505
f 8621 8622 8597
f 8622 8623 8597
f 8597 8623 8598
f 8623 8624 8598
f 8598 8624 8600
f 8625 8626 8627
f 8626 8602 8627
f 8627 8602 8628
f 8602 8601 8628
f 8628 8601 8629
f 8601 8603 8629
f 8629 8603 8630
f 8595 8621 8596
f 8621 8597 8596
f 8596 8597 8631
f 8597 8599 8631
f 8631 8599 8632
f 8599 8600 8632
f 8630 8633 8629
f 8633 8634 8629
f 8629 8634 8628
f 8634 8635 8628
f 8628 8635 8627
f 8635 8636 8627
f 8627 8636 8625
f 8636 8637 8625
f 8592 8594 8593
f 8594 8596 8593
f 8593 8596 8638
f 8596 8631 8638
f 8638 8631 8639
f 8631 8632 8639
f 8639 8632 8640
f 8632 8600 8640
f 8641 8637 8642
f 8637 8636 8642
f 8642 8636 8643
f 8636 8635 8643
f 8643 8635 8644
f 8635 8634 8644
f 8644 8634 8645
f 8634 8633 8645
f 8645 8633 8646
f 8589 8591 8590
f 8591 8593 8590
f 8590 8593 8647
f 8593 8638 8647
f 8647 8638 8648
f 8638 8639 8648
f 8648 8639 8649
f 8639 8640 8649
f 8649 8640 8650
f 8640 8600 8650
f 8630 8651 8633
f 8651 8652 8633
f 8633 8652 8646
f 8652 8653 8646
f 8646 8653 8654
f 8655 8641 8656
f 8641 8642 8656
f 8656 8642 8657
f 8642 8643 8657
f 8657 8643 8658
f 8643 8644 8658
f 8658 8644 8659
f 8644 8645 8659
f 8659 8645 8660
f 8645 8646 8660
f 8660 8646 8661
f 8646 8654 8661
f 8586 8588 8587
f 8588 8590 8587
f 8587 8590 8662
f 8590 8647 8662
f 8662 8647 8663
f 8647 8648 8663
f 8663 8648 8664
f 8648 8649 8664
f 8664 8649 8665
f 8649 8650 8665
f 8665 8650 8666
f 8650 8600 8666
f 8667 8655 8668
f 8655 8656 8668
f 8668 8656 8669
f 8656 8657 8669
f 8669 8657 8670
f 8657 8658 8670
f 8670 8658 8671
f 8658 8659 8671
f 8671 8659 8672
f 8659 8660 8672
f 8672 8660 8673
f 8660 8661 8673
f 8673 8661 8674
f 8583 8585 8584
f 8585 8587 8584
f 8584 8587 8675
f 8587 8662 8675
f 8675 8662 8676
f 8662 8663 8676
f 8676 8663 8677
f 8663 8664 8677
f 8677 8664 8678
f 8664 8665 8678
f 8678 8665 8679
f 8665 8666 8679
f 8679 8666 8680
f 8666 8600 8680
f 8654 8681 8661
f 8681 8682 8661
f 8661 8682 8674
f 8682 8683 8674
f 8674 8683 8684
f 8685 8667 8686
f 8667 8668 8686
f 8686 8668 8687
f 8668 8669 8687
f 8687 8669 8688
f 8669 8670 8688
f 8688 8670 8689
f 8670 8671 8689
f 8689 8671 8690
f 8671 8672 8690
f 8690 8672 8691
f 8672 8673 8691
f 8691 8673 8692
f 8673 8674 8692
f 8692 8674 8693
f 8674 8684 8693
f 8580 8582 8581
f 8582 8584 8581
f 8581 8584 8694
f 8584 8675 8694
f 8694 8675 8695
f 8675 8676 8695
f 8695 8676 8696
f 8676 8677 8696
f 8696 8677 8697
f 8677 8678 8697
f 8697 8678 8698
f 8678 8679 8698
f 8698 8679 8699
f 8679 8680 8699
f 8699 8680 8700
f 8680 8600 8700
f 8701 8685 8702
f 8685 8686 8702
f 8702 8686 8703
f 8686 8687 8703
f 8703 8687 8704
f 8687 8688 8704
f 8704 8688 8705
f 8688 8689 8705
f 8705 8689 8706
f 8689 8690 8706
f 8706 8690 8707
f 8690 8691 8707
f 8707 8691 8708
f 8691 8692 8708
f 8708 8692 8709
f 8692 8693 8709
f 8709 8693 8710
f 8577 8579 8578
f 8579 8581 8578
f 8578 8581 8711
f 8581 8694 8711
f 8711 8694 8712
f 8694 8695 8712
f 8712 8695 8713
f 8695 8696 8713
f 8713 8696 8714
f 8696 8697 8714
f 8714 8697 8715
f 8697 8698 8715
f 8715 8698 8716
f 8698 8699 8716
f 8716 8699 8717
f 8699 8700 8717
f 8717 8700 8718
f 8700 8600 8718
f 8684 8719 8693
f 8719 8720 8693
f 8693 8720 8710
f 8720 8721 8710
f 8710 8721 8722
f 8723 8701 8724
f 8701 8702 8724
f 8724 8702 8725
f 8702 8703 8725
f 8725 8703 8726
f 8703 8704 8726
f 8726 8704 8727
f 8704 8705 8727
f 8727 8705 8728
f 8705 8706 8728
f 8728 8706 8729
f 8706 8707 8729
f 8729 8707 8730
f 8707 8708 8730
f 8730 8708 8731
f 8708 8709 8731
f 8731 8709 8732
f 8709 8710 8732
f 8732 8710 8733
f 8710 8722 8733
f 8574 8576 8575
f 8576 8578 8575
f 8575 8578 8734
f 8578 8711 8734
f 8734 8711 8735
f 8711 8712 8735
f 8735 8712 8736
f 8712 8713 8736
f 8736 8713 8737
f 8713 8714 8737
f 8737 8714 8738
f 8714 8715 8738
f 8738 8715 8739
f 8715 8716 8739
f 8739 8716 8740
f 8716 8717 8740
f 8740 8717 8741
f 8717 8718 8741
f 8741 8718 8742
f 8718 8600 8742
f 8743 8723 8744
f 8723 8724 8744
f 8744 8724 8745
f 8724 8725 8745
f 8745 8725 8746
f 8725 8726 8746
f 8746 8726 8747
f 8726 8727 8747
f 8747 8727 8748
f 8727 8728 8748
f 8748 8728 8749
f 8728 8729 8749
f 8749 8729 8750
f 8729 8730 8750
f 8750 8730 8751
f 8730 8731 8751
f 8751 8731 8752
f 8731 8732 8752
f 8752 8732 8753
f 8732 8733 8753
f 8753 8733 8754
f 8571 8573 8572
f 8573 8575 8572
f 8572 8575 8755
f 8575 8734 8755
f 8755 8734 8756
f 8734 8735 8756
f 8756 8735 8757
f 8735 8736 8757
f 8757 8736 8758
f 8736 8737 8758
f 8758 8737 8759
f 8737 8738 8759
f 8759 8738 8760
f 8738 8739 8760
f 8760 8739 8761
f 8739 8740 8761
f 8761 8740 8762
f 8740 8741 8762
f 8762 8741 8763
f 8741 8742 8763
f 8763 8742 8764
f 8742 8600 8764
f 8722 8765 8733
f 8765 8766 8733
f 8733 8766 8754
f 8766 8767 8754
f 8754 8767 8768
f 8769 8743 8770
f 8743 8744 8770
f 8770 8744 8771
f 8744 8745 8771
f 8771 8745 8772
f 8745 8746 8772
f 8772 8746 8773
f 8746 8747 8773
f 8773 8747 8774
f 8747 8748 8774
f 8774 8748 8775
f 8748 8749 8775
f 8775 8749 8776
f 8749 8750 8776
f 8776 8750 8777
f 8750 8751 8777
f 8777 8751 8778
f 8751 8752 8778
f 8778 8752 8779
f 8752 8753 8779
f 8779 8753 8780
f 8753 8754 8780
f 8780 8754 8781
f 8754 8768 8781
f 8568 8570 8569
f 8570 8572 8569
f 8569 8572 8782
f 8572 8755 8782
f 8782 8755 8783
f 8755 8756 8783
f 8783 8756 8784
f 8756 8757 8784
f 8784 8757 8785
f 8757 8758 8785
f 8785 8758 8786
f 8758 8759 8786
f 8786 8759 8787
f 8759 8760 8787
f 8787 8760 8788
f 8760 8761 8788
f 8788 8761 8789
f 8761 8762 8789
f 8789 8762 8790
f 8762 8763 8790
f 8790 8763 8791
f 8763 8764 8791
f 8791 8764 8792
f 8764 8600 8792
f 8793 8769 8794
f 8769 8770 8794
f 8794 8770 8795
f 8770 8771 8795
f 8795 8771 8796
f 8771 8772 8796
f 8796 8772 8797
f 8772 8773 8797
f 8797 8773 8798
f 8773 8774 8798
f 8798 8774 8799
f 8774 8775 8799
f 8799 8775 8800
f 8775 8776 8800
f 8800 8776 8801
f 8776 8777 8801
f 8801 8777 8802
f 8777 8778 8802
f 8802 8778 8803
f 8778 8779 8803
f 8803 8779 8804
f 8779 8780 8804
f 8804 8780 8805
f 8780 8781 8805
f 8805 8781 8806
f 8565 8567 8566
f 8567 8569 8566
f 8566 8569 8807
f 8569 8782 8807
f 8807 8782 8808
f 8782 8783 8808
f 8808 8783 8809
f 8783 8784 8809
f 8809 8784 8810
f 8784 8785 8810
f 8810 8785 8811
f 8785 8786 8811
f 8811 8786 8812
f 8786 8787 8812
f 8812 8787 8813
f 8787 8788 8813
f 8813 8788 8814
f 8788 8789 8814
f 8814 8789 8815
f 8789 8790 8815
f 8815 8790 8816
f 8790 8791 8816
f 8816 8791 8817
f 8791 8792 8817
f 8817 8792 8818
f 8792 8600 8818
f 8768 8819 8781
f 8819 8820 8781
f 8781 8820 8806
f 8820 8821 8806
f 8806 8821 8822
f 8823 8793 8824
f 8793 8794 8824
f 8824 8794 8825
f 8794 8795 8825
f 8825 8795 8826
f 8795 8796 8826
f 8826 8796 8827
f 8796 8797 8827
f 8827 8797 8828
f 8797 8798 8828
f 8828 8798 8829
f 8798 8799 8829
f 8829 8799 8830
f 8799 8800 8830
f 8830 8800 8831
f 8800 8801 8831
f 8831 8801 8832
f 8801 8802 8832
f 8832 8802 8833
f 8802 8803 8833
f 8833 8803 8834
f 8803 8804 8834
f 8834 8804 8835
f 8804 8805 8835
f 8835 8805 8836
f 8805 8806 8836
f 8836 8806 8837
f 8806 8822 8837
f 8838 8823 8839
f 8823 8824 8839
f 8839 8824 8840
f 8824 8825 8840
f 8840 8825 8841
f 8825 8826 8841
f 8841 8826 8842
f 8826 8827 8842
f 8842 8827 8843
f 8827 8828 8843
f 8843 8828 8844
f 8828 8829 8844
f 8844 8829 8845
f 8829 8830 8845
f 8845 8830 8846
f 8830 8831 8846
f 8846 8831 8847
f 8831 8832 8847
f 8847 8832 8848
f 8832 8833 8848
f 8848 8833 8849
f 8833 8834 8849
f 8849 8834 8850
f 8834 8835 8850
f 8850 8835 8851
f 8835 8836 8851
f 8851 8836 8852
f 8836 8837 8852
f 8852 8837 8853
f 8854 8855 8856
f 8855 8857 8856
f 8822 8858 8837
f 8858 8859 8837
f 8837 8859 8853
f 8859 8860 8853
f 8853 8860 8861
f 8861 8862 8853
f 8862 8863 8853
f 8853 8863 8852
f 8863 8864 8852
f 8852 8864 8851
f 8864 8865 8851
f 8851 8865 8850
f 8865 8866 8850
f 8850 8866 8849
f 8866 8867 8849
f 8849 8867 8848
f 8867 8868 8848
f 8848 8868 8847
f 8868 8869 8847
f 8847 8869 8846
f 8869 8870 8846
f 8846 8870 8845
f 8870 8871 8845
f 8845 8871 8844
f 8871 8872 8844
f 8844 8872 8843
f 8872 8873 8843
f 8843 8873 8842
f 8873 8874 8842
f 8842 8874 8841
f 8874 8875 8841
f 8841 8875 8840
f 8875 8876 8840
f 8840 8876 8839
f 8876 8856 8839
f 8839 8856 8838
f 8856 8857 8838
f 8838 8857 8877
f 8508 8510 8607
f 8510 8878 8607
f 8607 8878 8854
f 8854 8856 8607
f 8856 8876 8607
f 8607 8876 8608
f 8876 8875 8608
f 8608 8875 8609
f 8875 8874 8609
f 8609 8874 8605
f 8874 8873 8605
f 8605 8873 8606
f 8873 8872 8606
f 8606 8872 8610
f 8872 8871 8610
f 8610 8871 8611
f 8871 8870 8611
f 8611 8870 8612
f 8870 8869 8612
f 8612 8869 8613
f 8869 8868 8613
f 8613 8868 8614
f 8868 8867 8614
f 8614 8867 8615
f 8867 8866 8615
f 8615 8866 8879
f 8866 8865 8879
f 8879 8865 8880
f 8865 8864 8880
f 8880 8864 8881
f 8864 8863 8881
f 8881 8863 8882
f 8863 8862 8882
f 8882 8862 8883
f 8626 8600 8602
f 8877 8564 8838
f 8564 8566 8838
f 8838 8566 8823
f 8566 8807 8823
f 8823 8807 8793
f 8807 8808 8793
f 8793 8808 8769
f 8808 8809 8769
f 8769 8809 8743
f 8809 8810 8743
f 8743 8810 8723
f 8810 8811 8723
f 8723 8811 8701
f 8811 8812 8701
f 8701 8812 8685
f 8812 8813 8685
f 8685 8813 8667
f 8813 8814 8667
f 8667 8814 8655
f 8814 8815 8655
f 8655 8815 8641
f 8815 8816 8641
f 8641 8816 8637
f 8816 8817 8637
f 8637 8817 8625
f 8817 8818 8625
f 8625 8818 8626
f 8818 8600 8626
f 8861 8884 8862
f 8884 8885 8862
f 8862 8885 8883
f 8885 8886 8883
f 8883 8886 8887
f 8543 8615 8541
f 8615 8879 8541
f 8541 8879 8604
f 8879 8880 8604
f 8604 8880 8616
f 8880 8881 8616
f 8616 8881 8617
f 8881 8882 8617
f 8617 8882 8618
f 8882 8883 8618
f 8618 8883 8619
f 8883 8887 8619
f 8619 8887 8620
f 8624 8623 8888
f 8622 8621 8889
f 8510 8890 8878
f 8890 8891 8878
f 8878 8891 8854
f 8891 8892 8854
f 8854 8892 8855
f 8892 8893 8855
f 8855 8893 8857
f 8893 8894 8857
f 8857 8894 8877
f 8894 8895 8877
f 8877 8895 8564
f 8895 8896 8564
f 8564 8896 8565
f 8896 8897 8565
f 8565 8897 8567
f 8897 8898 8567
f 8567 8898 8568
f 8898 8899 8568
f 8568 8899 8570
f 8899 8900 8570
f 8570 8900 8571
f 8900 8901 8571
f 8571 8901 8573
f 8901 8902 8573
f 8573 8902 8574
f 8902 8903 8574
f 8574 8903 8576
f 8903 8904 8576
f 8576 8904 8577
f 8904 8905 8577
f 8577 8905 8579
f 8905 8906 8579
f 8579 8906 8580
f 8906 8907 8580
f 8580 8907 8582
f 8907 8908 8582
f 8582 8908 8583
f 8908 8585 8583
f 8908 8909 8585
f 8909 8910 8585
f 8585 8910 8586
f 8910 8911 8586
f 8586 8911 8588
f 8911 8912 8588
f 8588 8912 8589
f 8912 8913 8589
f 8589 8913 8591
f 8913 8914 8591
f 8591 8914 8592
f 8914 8915 8592
f 8592 8915 8594
f 8915 8916 8594
f 8594 8916 8595
f 8595 8916 8621
f 8916 8917 8621
f 8621 8917 8889
f 8622 8889 8623
f 8889 8918 8623
f 8623 8918 8888
f 8624 8888 8600
f 8888 8919 8600
f 8600 8919 8920
f 3484 3483 8920
f 3483 8600 8920
f 8505 8620 3052
f 8620 3426 3052
f 8620 8887 3426
f 8887 8886 3426
f 3426 8886 3427
f 8886 8885 3427
f 8885 8884 3427
f 3427 8884 3453
f 8884 8861 3453
f 8861 8860 3453
f 3453 8860 3454
f 8860 8859 3454
f 3454 8859 3456
f 8859 8858 3456
f 3456 8858 3488
f 8858 8822 3488
f 3488 8822 3489
f 8822 8821 3489
f 3489 8821 3490
f 8821 8820 3490
f 3490 8820 3463
f 8820 8819 3463
f 3463 8819 3464
f 8819 8768 3464
f 3464 8768 3465
f 8768 8767 3465
f 3465 8767 3441
f 8767 8766 3441
f 3441 8766 3442
f 8766 8765 3442
f 3442 8765 3450
f 8765 8722 3450
f 3450 8722 3451
f 8722 8721 3451
f 3451 8721 3452
f 8721 8720 3452
f 3452 8720 3466
f 8720 8719 3466
f 3466 8719 3467
f 8719 8684 3467
f 3467 8684 3468
f 8684 8683 3468
f 3468 8683 3474
f 8683 8682 3474
f 3474 8682 3475
f 8682 8681 3475
f 3475 8681 3476
f 8681 8654 3476
f 3476 8654 3477
f 8654 8653 3477
f 3477 8653 3478
f 8653 8652 3478
f 8652 8651 3478
f 3478 8651 3423
f 8651 8630 3423
f 3423 8630 3424
f 8630 8603 3424
f 3424 8603 3482
f 8603 8600 3482
f 3482 8600 3483
f 3461 3460 8921
f 3460 3379 8921
f 8921 3379 8922
f 3379 3378 8922
f 8922 3378 8923
f 3378 3449 8923
f 8923 3449 8924
f 3449 3448 8924
f 8924 3448 8925
f 3448 3447 8925
f 8925 3447 8926
f 3447 3484 8926
f 8926 3484 8920
f 8921 8927 3461
f 8927 8928 3461
f 3461 8928 3462
f 8928 8929 3462
f 8929 8930 3462
f 3462 8930 3497
f 8930 8931 3497
f 3497 8931 3498
f 8931 8932 3498
f 3498 8932 3494
f 8932 8933 3494
f 3494 8933 3495
f 8933 8934 3495
f 3495 8934 3496
f 8934 8935 3496
f 3496 8935 3491
f 8935 8936 3491
f 3491 8936 3492
f 8936 8937 3492
f 3492 8937 3493
f 8937 8938 3493
f 3493 8938 3471
f 8938 8939 3471
f 3471 8939 3472
f 8939 8940 3472
f 3472 8940 3473
f 8940 8941 3473
f 3473 8941 3438
f 8941 8942 3438
f 3438 8942 3439
f 8942 8943 3439
f 3439 8943 3440
f 8943 8944 3440
f 3440 8944 3380
f 8944 8945 3380
f 3380 8945 3381
f 8945 8946 3381
f 8946 8947 3381
f 3381 8947 3382
f 8947 6547 3382
f 3382 6547 3383
f 8948 8949 8950
f 8950 8949 8920
f 8951 8920 8949
f 8952 8953 8954
f 8953 8955 8954
f 8954 8955 8956
f 8956 8955 8957
f 8955 8958 8957
f 8957 8958 8959
f 8958 8960 8959
f 8959 8960 8961
f 8961 8960 8962
f 8960 8963 8962
f 8962 8963 8964
f 8963 8965 8964
f 8964 8965 8966
f 8966 8965 8967
f 8965 8968 8967
f 8967 8968 8969
f 8968 8891 8969
f 8969 8891 8890
f 8951 8949 8970
f 8949 8948 8970
f 8970 8948 8971
f 8972 8920 8951
f 8920 8919 8973
f 8919 8888 8973
f 8973 8888 8974
f 8972 8951 8975
f 8951 8970 8975
f 8975 8970 8976
f 8970 8971 8976
f 8976 8971 8977
f 8926 8920 8972
f 8888 8918 8974
f 8918 8889 8974
f 8974 8889 8978
f 8926 8972 8925
f 8972 8975 8925
f 8925 8975 8924
f 8975 8976 8924
f 8924 8976 8923
f 8976 8977 8923
f 8923 8977 8922
f 8889 8917 8978
f 8917 8916 8978
f 8978 8916 8979
f 8916 8915 8979
f 8915 8914 8979
f 8979 8914 8980
f 8981 8982 8921
f 8914 8913 8980
f 8913 8912 8980
f 8980 8912 8983
f 8984 8928 8982
f 8928 8927 8982
f 8982 8927 8921
f 8912 8911 8983
f 8911 8910 8983
f 8983 8910 8985
f 8986 8930 8984
f 8930 8929 8984
f 8984 8929 8928
f 8910 8909 8985
f 8909 8908 8985
f 8985 8908 8987
f 8988 8932 8986
f 8932 8931 8986
f 8986 8931 8930
f 8908 8907 8987
f 8907 8906 8987
f 8987 8906 8989
f 8990 8934 8988
f 8934 8933 8988
f 8988 8933 8932
f 8906 8905 8989
f 8905 8904 8989
f 8989 8904 8991
f 8992 8936 8990
f 8936 8935 8990
f 8990 8935 8934
f 8904 8903 8991
f 8903 8902 8991
f 8991 8902 8993
f 8994 8938 8992
f 8938 8937 8992
f 8992 8937 8936
f 8902 8901 8993
f 8901 8900 8993
f 8993 8900 8995
f 8996 8940 8994
f 8940 8939 8994
f 8994 8939 8938
f 8900 8899 8995
f 8899 8898 8995
f 8995 8898 8997
f 8998 8942 8996
f 8942 8941 8996
f 8996 8941 8940
f 8898 8897 8997
f 8897 8896 8997
f 8997 8896 8999
f 8946 8945 9000
f 8945 8944 9000
f 9000 8944 8998
f 8944 8943 8998
f 8998 8943 8942
f 9001 9000 9002
f 9000 8998 9002
f 9002 8998 9003
f 8998 8996 9003
f 9003 8996 9004
f 8996 8994 9004
f 9004 8994 9005
f 8994 8992 9005
f 9005 8992 9006
f 8992 8990 9006
f 9006 8990 9007
f 8990 8988 9007
f 9007 8988 9008
f 8988 8986 9008
f 9008 8986 9009
f 8986 8984 9009
f 9009 8984 9010
f 8984 8982 9010
f 9010 8982 9011
f 8982 8981 9011
f 9011 8981 9012
f 9013 9001 9014
f 9001 9002 9014
f 9014 9002 9015
f 9002 9003 9015
f 9015 9003 9016
f 9003 9004 9016
f 9016 9004 9017
f 9004 9005 9017
f 9017 9005 9018
f 9005 9006 9018
f 9018 9006 9019
f 9006 9007 9019
f 9019 9007 9020
f 9007 9008 9020
f 9020 9008 9021
f 9008 9009 9021
f 9021 9009 9022
f 9009 9010 9022
f 9022 9010 9023
f 9010 9011 9023
f 9023 9011 9024
f 9011 9012 9024
f 9024 9012 9025
f 9026 9013 9027
f 9013 9014 9027
f 9027 9014 9028
f 9014 9015 9028
f 9028 9015 9029
f 9015 9016 9029
f 9029 9016 9030
f 9016 9017 9030
f 9030 9017 9031
f 9017 9018 9031
f 9031 9018 9032
f 9018 9019 9032
f 9032 9019 9033
f 9019 9020 9033
f 9033 9020 9034
f 9020 9021 9034
f 9034 9021 9035
f 9021 9022 9035
f 9035 9022 9036
f 9022 9023 9036
f 9036 9023 9037
f 9023 9024 9037
f 9037 9024 9038
f 9024 9025 9038
f 9038 9025 9039
f 9040 9026 9041
f 9026 9027 9041
f 9041 9027 9042
f 9027 9028 9042
f 9042 9028 9043
f 9028 9029 9043
f 9043 9029 9044
f 9029 9030 9044
f 9044 9030 9045
f 9030 9031 9045
f 9045 9031 9046
f 9031 9032 9046
f 9046 9032 9047
f 9032 9033 9047
f 9047 9033 9048
f 9033 9034 9048
f 9048 9034 9049
f 9034 9035 9049
f 9049 9035 9050
f 9035 9036 9050
f 9050 9036 9051
f 9036 9037 9051
f 9051 9037 9052
f 9037 9038 9052
f 9052 9038 9053
f 9038 9039 9053
f 9053 9039 9054
f 9054 9055 9053
f 9055 9056 9053
f 9053 9056 9052
f 9056 9057 9052
f 9052 9057 9051
f 9057 9058 9051
f 9051 9058 9050
f 9058 9059 9050
f 9050 9059 9049
f 9059 9060 9049
f 9049 9060 9048
f 9060 9061 9048
f 9048 9061 9047
f 9061 9062 9047
f 9047 9062 9046
f 9062 9063 9046
f 9046 9063 9045
f 9063 9064 9045
f 9045 9064 9044
f 9064 9065 9044
f 9044 9065 9043
f 9065 9066 9043
f 9043 9066 9042
f 9066 9067 9042
f 9042 9067 9041
f 9067 9068 9041
f 9041 9068 9040
f 9068 9069 9040
f 9070 9069 8999
f 9069 9068 8999
f 8999 9068 8997
f 9068 9067 8997
f 8997 9067 8995
f 9067 9066 8995
f 8995 9066 8993
f 9066 9065 8993
f 8993 9065 8991
f 9065 9064 8991
f 8991 9064 8989
f 9064 9063 8989
f 8989 9063 8987
f 9063 9062 8987
f 8987 9062 8985
f 9062 9061 8985
f 8985 9061 8983
f 9061 9060 8983
f 8983 9060 8980
f 9060 9059 8980
f 8980 9059 8979
f 9059 9058 8979
f 8979 9058 8978
f 9058 9057 8978
f 8978 9057 8974
f 9057 9056 8974
f 8974 9056 8973
f 9056 9055 8973
f 8973 9055 8920
f 9054 8920 9055
f 8921 8922 8981
f 8922 8977 8981
f 8981 8977 9012
f 8977 8971 9012
f 9012 8971 9025
f 8971 8948 9025
f 9025 8948 9039
f 8948 8950 9039
f 9039 8950 9054
f 8950 8920 9054
f 8946 8953 8947
f 8953 8952 8947
f 8947 8952 6547
f 8896 8895 8999
f 8895 8894 8999
f 8999 8894 9070
f 8894 8893 9070
f 9070 8893 8892
f 8946 9000 8953
f 9000 9001 8953
f 8953 9001 8955
f 9001 9013 8955
f 8955 9013 8958
f 9013 9026 8958
f 8958 9026 8960
f 9026 9040 8960
f 8960 9040 8963
f 9040 9069 8963
f 8963 9069 8965
f 9069 9070 8965
f 8965 9070 8968
f 9070 8892 8968
f 8968 8892 8891
f 6547 8952 6548
f 8952 9071 6548
f 9071 8952 9072
f 8952 8954 9072
f 9072 8954 9073
f 8954 8956 9073
f 8956 8957 9073
f 9073 8957 9074
f 9074 8957 9075
f 8957 8959 9075
f 9075 8959 9076
f 8959 8961 9076
f 8961 8962 9076
f 9076 8962 9077
f 9077 8962 9078
f 8962 8964 9078
f 9078 8964 9079
f 8964 8966 9079
f 9079 8966 8967
f 8890 9080 8969
f 9080 9081 8969
f 8969 9081 8967
f 9081 9082 8967
f 8967 9082 9079
f 9083 9084 9085
f 9086 9087 9088
f 9089 9090 9091
f 8477 8476 9092
f 9091 9090 8477
f 9081 9093 9082
f 9093 9094 9082
f 9082 9094 9079
f 9094 9095 9079
f 9079 9095 9078
f 9078 9095 9077
f 9095 9096 9077
f 9077 9096 9076
f 9096 9097 9076
f 9076 9097 9075
f 9075 9097 9074
f 9097 9098 9074
f 9074 9098 9073
f 9098 9099 9073
f 9073 9099 9072
f 9072 9099 9071
f 9099 8450 9071
f 9071 8450 6548
f 9100 9101 9089
f 9101 9102 9089
f 9089 9102 9090
f 9102 9103 9090
f 9090 9103 8477
f 9087 9100 9088
f 9100 9089 9088
f 9088 9089 9104
f 9089 9091 9104
f 9104 9091 9105
f 9091 8477 9105
f 9084 9086 9085
f 9086 9088 9085
f 9085 9088 9106
f 9088 9104 9106
f 9106 9104 9107
f 9104 9105 9107
f 9107 9105 9108
f 9105 8477 9108
f 9092 8476 9109
f 8476 8475 9109
f 9109 8475 9110
f 8475 8474 9110
f 9110 8474 9111
f 8474 8473 9111
f 9111 8473 9112
f 9113 9114 9115
f 9114 9116 9115
f 8473 8472 9112
f 8472 8471 9112
f 9112 8471 9117
f 9118 9119 9116
f 9119 9120 9116
f 9116 9120 9115
f 8471 8470 9117
f 8470 8469 9117
f 9117 8469 9121
f 9122 9123 9118
f 9123 9124 9118
f 9118 9124 9119
f 8469 8468 9121
f 8468 8467 9121
f 9121 8467 9125
f 9126 9127 9122
f 9127 9128 9122
f 9122 9128 9123
f 8467 8466 9125
f 8466 8465 9125
f 9125 8465 9129
f 9130 9131 9126
f 9131 9132 9126
f 9126 9132 9127
f 8465 8464 9129
f 8464 8463 9129
f 9129 8463 9133
f 9134 9135 9130
f 9135 9136 9130
f 9130 9136 9131
f 8463 8462 9133
f 8462 8461 9133
f 9133 8461 9137
f 9138 9139 9134
f 9139 9140 9134
f 9134 9140 9135
f 8461 8460 9137
f 8460 8459 9137
f 9137 8459 9141
f 9142 9143 9138
f 9143 9144 9138
f 9138 9144 9139
f 8459 8458 9141
f 8458 8457 9141
f 9141 8457 9145
f 9146 9147 9142
f 9147 9148 9142
f 9142 9148 9143
f 8457 8456 9145
f 8456 8455 9145
f 9145 8455 9149
f 9150 9151 9152
f 9151 9153 9152
f 9152 9153 9146
f 9153 9154 9146
f 9146 9154 9147
f 9155 9152 9156
f 9152 9146 9156
f 9156 9146 9157
f 9146 9142 9157
f 9157 9142 9158
f 9142 9138 9158
f 9158 9138 9159
f 9138 9134 9159
f 9159 9134 9160
f 9134 9130 9160
f 9160 9130 9161
f 9130 9126 9161
f 9161 9126 9162
f 9126 9122 9162
f 9162 9122 9163
f 9122 9118 9163
f 9163 9118 9164
f 9118 9116 9164
f 9164 9116 9165
f 9116 9114 9165
f 9165 9114 9166
f 9167 9155 9168
f 9155 9156 9168
f 9168 9156 9169
f 9156 9157 9169
f 9169 9157 9170
f 9157 9158 9170
f 9170 9158 9171
f 9158 9159 9171
f 9171 9159 9172
f 9159 9160 9172
f 9172 9160 9173
f 9160 9161 9173
f 9173 9161 9174
f 9161 9162 9174
f 9174 9162 9175
f 9162 9163 9175
f 9175 9163 9176
f 9163 9164 9176
f 9176 9164 9177
f 9164 9165 9177
f 9177 9165 9178
f 9165 9166 9178
f 9178 9166 9179
f 9180 9167 9181
f 9167 9168 9181
f 9181 9168 9182
f 9168 9169 9182
f 9182 9169 9183
f 9169 9170 9183
f 9183 9170 9184
f 9170 9171 9184
f 9184 9171 9185
f 9171 9172 9185
f 9185 9172 9186
f 9172 9173 9186
f 9186 9173 9187
f 9173 9174 9187
f 9187 9174 9188
f 9174 9175 9188
f 9188 9175 9189
f 9175 9176 9189
f 9189 9176 9190
f 9176 9177 9190
f 9190 9177 9191
f 9177 9178 9191
f 9191 9178 9192
f 9178 9179 9192
f 9192 9179 9193
f 9194 9180 9195
f 9180 9181 9195
f 9195 9181 9196
f 9181 9182 9196
f 9196 9182 9197
f 9182 9183 9197
f 9197 9183 9198
f 9183 9184 9198
f 9198 9184 9199
f 9184 9185 9199
f 9199 9185 9200
f 9185 9186 9200
f 9200 9186 9201
f 9186 9187 9201
f 9201 9187 9202
f 9187 9188 9202
f 9202 9188 9203
f 9188 9189 9203
f 9203 9189 9204
f 9189 9190 9204
f 9204 9190 9205
f 9190 9191 9205
f 9205 9191 9206
f 9191 9192 9206
f 9206 9192 9207
f 9192 9193 9207
f 9207 9193 9208
f 9208 9209 9207
f 9209 9210 9207
f 9207 9210 9206
f 9210 9211 9206
f 9206 9211 9205
f 9211 9212 9205
f 9205 9212 9204
f 9212 9213 9204
f 9204 9213 9203
f 9213 9214 9203
f 9203 9214 9202
f 9214 9215 9202
f 9202 9215 9201
f 9215 9216 9201
f 9201 9216 9200
f 9216 9217 9200
f 9200 9217 9199
f 9217 9218 9199
f 9199 9218 9198
f 9218 9219 9198
f 9198 9219 9197
f 9219 9220 9197
f 9197 9220 9196
f 9220 9221 9196
f 9196 9221 9195
f 9221 9222 9195
f 9195 9222 9194
f 9222 9223 9194
f 9224 9223 9149
f 9223 9222 9149
f 9149 9222 9145
f 9222 9221 9145
f 9145 9221 9141
f 9221 9220 9141
f 9141 9220 9137
f 9220 9219 9137
f 9137 9219 9133
f 9219 9218 9133
f 9133 9218 9129
f 9218 9217 9129
f 9129 9217 9125
f 9217 9216 9125
f 9125 9216 9121
f 9216 9215 9121
f 9121 9215 9117
f 9215 9214 9117
f 9117 9214 9112
f 9214 9213 9112
f 9112 9213 9111
f 9213 9212 9111
f 9111 9212 9110
f 9212 9211 9110
f 9110 9211 9109
f 9211 9210 9109
f 9109 9210 9092
f 9210 9209 9092
f 9092 9209 8477
f 9208 8477 9209
f 9113 9083 9114
f 9083 9085 9114
f 9114 9085 9166
f 9085 9106 9166
f 9166 9106 9179
f 9106 9107 9179
f 9179 9107 9193
f 9107 9108 9193
f 9193 9108 9208
f 9108 8477 9208
f 9081 9080 9093
f 9080 9225 9093
f 9093 9225 9150
f 8455 8454 9149
f 8454 8453 9149
f 9149 8453 9224
f 8453 8452 9224
f 9224 8452 8451
f 9150 9152 9093
f 9152 9155 9093
f 9093 9155 9094
f 9155 9167 9094
f 9094 9167 9095
f 9167 9180 9095
f 9095 9180 9096
f 9180 9194 9096
f 9096 9194 9097
f 9194 9223 9097
f 9097 9223 9098
f 9223 9224 9098
f 9098 9224 9099
f 9224 8451 9099
f 9099 8451 8450
f 9226 8478 8477
f 9226 8477 9227
f 8477 9103 9227
f 9103 9102 9227
f 9227 9102 9228
f 9102 9229 9228
f 9102 9101 9229
f 9101 9100 9229
f 9229 9100 9230
f 9100 9231 9230
f 9100 9087 9231
f 9087 9086 9231
f 9231 9086 9232
f 9086 9233 9232
f 9086 9084 9233
f 9084 9083 9233
f 9233 9083 9234
f 9083 9235 9234
f 9083 9113 9235
f 9113 9115 9235
f 9235 9115 9236
f 9115 9237 9236
f 9115 9120 9237
f 9120 9119 9237
f 9237 9119 9238
f 9119 9239 9238
f 9119 9124 9239
f 9124 9123 9239
f 9239 9123 9240
f 9123 9241 9240
f 9123 9128 9241
f 9128 9127 9241
f 9241 9127 9242
f 9127 9243 9242
f 9127 9132 9243
f 9132 9131 9243
f 9243 9131 9244
f 9131 9245 9244
f 9080 8511 9225
f 8511 9246 9225
f 9225 9246 9150
f 9246 9247 9150
f 9150 9247 9151
f 9247 9248 9151
f 9151 9248 9153
f 9248 9249 9153
f 9153 9249 9154
f 9249 9250 9154
f 9154 9250 9147
f 9250 9251 9147
f 9147 9251 9148
f 9251 9252 9148
f 9148 9252 9143
f 9252 9253 9143
f 9143 9253 9144
f 9253 9254 9144
f 9144 9254 9139
f 9254 9255 9139
f 9139 9255 9140
f 9255 9256 9140
f 9140 9256 9135
f 9256 9245 9135
f 9135 9245 9136
f 9245 9131 9136
f 9227 9228 9257
f 9229 9230 9258
f 9231 9232 9259
f 9233 9234 9260
f 9235 9236 9261
f 9237 9238 9262
f 9263 9264 9265
f 8511 9266 9267
f 9268 9266 8511
f 9265 9264 8511
f 9269 8511 9264
f 8479 9270 8480
f 9270 9271 8480
f 8480 9271 8481
f 8481 9271 8482
f 9271 9272 8482
f 8482 9272 8483
f 9272 9273 8483
f 8483 9273 8484
f 8484 9273 8485
f 9273 9274 8485
f 8485 9274 8486
f 8486 9274 8487
f 9274 9275 8487
f 8487 9275 8488
f 9275 9276 8488
f 8488 9276 8489
f 9276 9277 8489
f 8489 9277 8490
f 9277 9278 8490
f 8490 9278 8491
f 9278 9279 8491
f 8491 9279 8492
f 9279 9280 8492
f 8492 9280 8493
f 9280 9281 8493
f 8493 9281 8494
f 8494 9281 8495
f 9281 9282 8495
f 8495 9282 8496
f 9282 9283 8496
f 8496 9283 8497
f 8497 9283 8498
f 9283 9284 8498
f 8498 9284 8499
f 9284 9285 8499
f 8499 9285 8500
f 8500 9285 8501
f 9285 9286 8501
f 8501 9286 8502
f 8502 9286 8503
f 9286 8560 8503
f 8503 8560 8504
f 9269 9264 9287
f 9264 9263 9287
f 9287 9263 9288
f 9289 8511 9269
f 9290 9267 9291
f 9267 9266 9291
f 9291 9266 9292
f 9266 9268 9292
f 9292 9268 9293
f 9294 9295 9250
f 9250 9249 9294
f 9249 9248 9294
f 9294 9248 9296
f 9248 9247 9296
f 9296 9247 9246
f 9289 9269 9297
f 9269 9287 9297
f 9297 9287 9298
f 9287 9288 9298
f 9298 9288 9299
f 9300 8511 9289
f 8511 8509 9268
f 8509 8507 9268
f 9268 8507 9293
f 8507 8518 9293
f 9293 8518 8517
f 9301 9290 9302
f 9290 9291 9302
f 9302 9291 9303
f 9291 9292 9303
f 9303 9292 9304
f 9292 9293 9304
f 9304 9293 9305
f 9293 8517 9305
f 9300 9289 9306
f 9289 9297 9306
f 9306 9297 9307
f 9297 9298 9307
f 9307 9298 9308
f 9298 9299 9308
f 9308 9299 9309
f 9310 8511 9300
f 9311 9301 9312
f 9301 9302 9312
f 9312 9302 9313
f 9302 9303 9313
f 9313 9303 9314
f 9303 9304 9314
f 9314 9304 9315
f 9304 9305 9315
f 9315 9305 9316
f 9317 9318 9254
f 9254 9253 9317
f 9253 9252 9317
f 9317 9252 9295
f 9252 9251 9295
f 9295 9251 9250
f 9310 9300 9319
f 9300 9306 9319
f 9319 9306 9320
f 9306 9307 9320
f 9320 9307 9321
f 9307 9308 9321
f 9321 9308 9322
f 9308 9309 9322
f 9322 9309 9323
f 9324 8511 9310
f 8517 8515 9305
f 8515 8513 9305
f 9305 8513 9316
f 8513 8525 9316
f 9316 8525 8524
f 9325 9311 9326
f 9311 9312 9326
f 9326 9312 9327
f 9312 9313 9327
f 9327 9313 9328
f 9313 9314 9328
f 9328 9314 9329
f 9314 9315 9329
f 9329 9315 9330
f 9315 9316 9330
f 9330 9316 9331
f 9316 8524 9331
f 9324 9310 9332
f 9310 9319 9332
f 9332 9319 9333
f 9319 9320 9333
f 9333 9320 9334
f 9320 9321 9334
f 9334 9321 9335
f 9321 9322 9335
f 9335 9322 9336
f 9322 9323 9336
f 9336 9323 9337
f 9296 8511 9324
f 9338 9325 9339
f 9325 9326 9339
f 9339 9326 9340
f 9326 9327 9340
f 9340 9327 9341
f 9327 9328 9341
f 9341 9328 9342
f 9328 9329 9342
f 9342 9329 9343
f 9329 9330 9343
f 9343 9330 9344
f 9330 9331 9344
f 9344 9331 9345
f 9346 9347 9244
f 9244 9245 9346
f 9245 9256 9346
f 9346 9256 9318
f 9256 9255 9318
f 9318 9255 9254
f 9296 9324 9294
f 9324 9332 9294
f 9294 9332 9295
f 9332 9333 9295
f 9295 9333 9317
f 9333 9334 9317
f 9317 9334 9318
f 9334 9335 9318
f 9318 9335 9346
f 9335 9336 9346
f 9346 9336 9347
f 9336 9337 9347
f 9347 9337 9348
f 9246 8511 9296
f 8524 8522 9331
f 8522 8520 9331
f 9331 8520 9345
f 8520 8532 9345
f 9345 8532 8531
f 9349 9338 9350
f 9338 9339 9350
f 9350 9339 9351
f 9339 9340 9351
f 9351 9340 9352
f 9340 9341 9352
f 9352 9341 9353
f 9341 9342 9353
f 9353 9342 9354
f 9342 9343 9354
f 9354 9343 9355
f 9343 9344 9355
f 9355 9344 9356
f 9344 9345 9356
f 9356 9345 9357
f 9345 8531 9357
f 9358 9349 9359
f 9349 9350 9359
f 9359 9350 9360
f 9350 9351 9360
f 9360 9351 9361
f 9351 9352 9361
f 9361 9352 9362
f 9352 9353 9362
f 9362 9353 9363
f 9353 9354 9363
f 9363 9354 9364
f 9354 9355 9364
f 9364 9355 9365
f 9355 9356 9365
f 9365 9356 9366
f 9356 9357 9366
f 9366 9357 9367
f 9239 9240 9368
f 9240 9348 9368
f 9368 9348 9369
f 9348 9337 9369
f 9369 9337 9370
f 9337 9323 9370
f 9370 9323 9371
f 9323 9309 9371
f 9371 9309 9372
f 9309 9299 9372
f 9372 9299 9373
f 9299 9288 9373
f 9373 9288 9374
f 9288 9263 9374
f 9374 9263 9375
f 9263 9265 9375
f 9375 9265 9376
f 9265 8511 9376
f 9240 9241 9348
f 9241 9242 9348
f 9348 9242 9347
f 9242 9243 9347
f 9347 9243 9244
f 8531 8529 9357
f 8529 8527 9357
f 9357 8527 9367
f 8527 8553 9367
f 9367 8553 8552
f 9377 9358 9378
f 9358 9359 9378
f 9378 9359 9379
f 9359 9360 9379
f 9379 9360 9380
f 9360 9361 9380
f 9380 9361 9381
f 9361 9362 9381
f 9381 9362 9382
f 9362 9363 9382
f 9382 9363 9383
f 9363 9364 9383
f 9383 9364 9384
f 9364 9365 9384
f 9384 9365 9385
f 9365 9366 9385
f 9385 9366 9386
f 9366 9367 9386
f 9386 9367 9387
f 9367 8552 9387
f 9387 8552 8550
f 9238 9239 9262
f 9239 9368 9262
f 9262 9368 9388
f 9368 9369 9388
f 9388 9369 9389
f 9369 9370 9389
f 9389 9370 9390
f 9370 9371 9390
f 9390 9371 9391
f 9371 9372 9391
f 9391 9372 9392
f 9372 9373 9392
f 9392 9373 9393
f 9373 9374 9393
f 9393 9374 9394
f 9374 9375 9394
f 9394 9375 9395
f 9375 9376 9395
f 9395 9376 9396
f 9376 8511 9396
f 9397 9377 9398
f 9377 9378 9398
f 9398 9378 9399
f 9378 9379 9399
f 9399 9379 9400
f 9379 9380 9400
f 9400 9380 9401
f 9380 9381 9401
f 9401 9381 9402
f 9381 9382 9402
f 9402 9382 9403
f 9382 9383 9403
f 9403 9383 9404
f 9383 9384 9404
f 9404 9384 9405
f 9384 9385 9405
f 9405 9385 9406
f 9385 9386 9406
f 9406 9386 9407
f 9386 9387 9407
f 9407 9387 9408
f 9387 8550 9408
f 9408 8550 8548
f 9236 9237 9261
f 9237 9262 9261
f 9261 9262 9409
f 9262 9388 9409
f 9409 9388 9410
f 9388 9389 9410
f 9410 9389 9411
f 9389 9390 9411
f 9411 9390 9412
f 9390 9391 9412
f 9412 9391 9413
f 9391 9392 9413
f 9413 9392 9414
f 9392 9393 9414
f 9414 9393 9415
f 9393 9394 9415
f 9415 9394 9416
f 9394 9395 9416
f 9416 9395 9417
f 9395 9396 9417
f 9417 9396 9418
f 9396 8511 9418
f 9419 9397 9420
f 9397 9398 9420
f 9420 9398 9421
f 9398 9399 9421
f 9421 9399 9422
f 9399 9400 9422
f 9422 9400 9423
f 9400 9401 9423
f 9423 9401 9424
f 9401 9402 9424
f 9424 9402 9425
f 9402 9403 9425
f 9425 9403 9426
f 9403 9404 9426
f 9426 9404 9427
f 9404 9405 9427
f 9427 9405 9428
f 9405 9406 9428
f 9428 9406 9429
f 9406 9407 9429
f 9429 9407 9430
f 9407 9408 9430
f 9430 9408 9431
f 9234 9235 9260
f 9235 9261 9260
f 9260 9261 9432
f 9261 9409 9432
f 9432 9409 9433
f 9409 9410 9433
f 9433 9410 9434
f 9410 9411 9434
f 9434 9411 9435
f 9411 9412 9435
f 9435 9412 9436
f 9412 9413 9436
f 9436 9413 9437
f 9413 9414 9437
f 9437 9414 9438
f 9414 9415 9438
f 9438 9415 9439
f 9415 9416 9439
f 9439 9416 9440
f 9416 9417 9440
f 9440 9417 9441
f 9417 9418 9441
f 9441 9418 9442
f 9418 8511 9442
f 8548 8546 9408
f 8546 8544 9408
f 9408 8544 9431
f 8544 8542 9431
f 9431 8542 8540
f 9443 9419 9444
f 9419 9420 9444
f 9444 9420 9445
f 9420 9421 9445
f 9445 9421 9446
f 9421 9422 9446
f 9446 9422 9447
f 9422 9423 9447
f 9447 9423 9448
f 9423 9424 9448
f 9448 9424 9449
f 9424 9425 9449
f 9449 9425 9450
f 9425 9426 9450
f 9450 9426 9451
f 9426 9427 9451
f 9451 9427 9452
f 9427 9428 9452
f 9452 9428 9453
f 9428 9429 9453
f 9453 9429 9454
f 9429 9430 9454
f 9454 9430 9455
f 9430 9431 9455
f 9455 9431 9456
f 9431 8540 9456
f 9232 9233 9259
f 9233 9260 9259
f 9259 9260 9457
f 9260 9432 9457
f 9457 9432 9458
f 9432 9433 9458
f 9458 9433 9459
f 9433 9434 9459
f 9459 9434 9460
f 9434 9435 9460
f 9460 9435 9461
f 9435 9436 9461
f 9461 9436 9462
f 9436 9437 9462
f 9462 9437 9463
f 9437 9438 9463
f 9463 9438 9464
f 9438 9439 9464
f 9464 9439 9465
f 9439 9440 9465
f 9465 9440 9466
f 9440 9441 9466
f 9466 9441 9467
f 9441 9442 9467
f 9467 9442 9468
f 9442 8511 9468
f 9469 9443 9470
f 9443 9444 9470
f 9470 9444 9471
f 9444 9445 9471
f 9471 9445 9472
f 9445 9446 9472
f 9472 9446 9473
f 9446 9447 9473
f 9473 9447 9474
f 9447 9448 9474
f 9474 9448 9475
f 9448 9449 9475
f 9475 9449 9476
f 9449 9450 9476
f 9476 9450 9477
f 9450 9451 9477
f 9477 9451 9478
f 9451 9452 9478
f 9478 9452 9479
f 9452 9453 9479
f 9479 9453 9480
f 9453 9454 9480
f 9480 9454 9481
f 9454 9455 9481
f 9481 9455 9482
f 9455 9456 9482
f 9482 9456 9483
f 9230 9231 9258
f 9231 9259 9258
f 9258 9259 9484
f 9259 9457 9484
f 9484 9457 9485
f 9457 9458 9485
f 9485 9458 9486
f 9458 9459 9486
f 9486 9459 9487
f 9459 9460 9487
f 9487 9460 9488
f 9460 9461 9488
f 9488 9461 9489
f 9461 9462 9489
f 9489 9462 9490
f 9462 9463 9490
f 9490 9463 9491
f 9463 9464 9491
f 9491 9464 9492
f 9464 9465 9492
f 9492 9465 9493
f 9465 9466 9493
f 9493 9466 9494
f 9466 9467 9494
f 9494 9467 9495
f 9467 9468 9495
f 9495 9468 9496
f 9468 8511 9496
f 8540 8538 9456
f 8538 8536 9456
f 9456 8536 9483
f 8536 8534 9483
f 9483 8534 8558
f 9497 9469 9498
f 9469 9470 9498
f 9498 9470 9499
f 9470 9471 9499
f 9499 9471 9500
f 9471 9472 9500
f 9500 9472 9501
f 9472 9473 9501
f 9501 9473 9502
f 9473 9474 9502
f 9502 9474 9503
f 9474 9475 9503
f 9503 9475 9504
f 9475 9476 9504
f 9504 9476 9505
f 9476 9477 9505
f 9505 9477 9506
f 9477 9478 9506
f 9506 9478 9507
f 9478 9479 9507
f 9507 9479 9508
f 9479 9480 9508
f 9508 9480 9509
f 9480 9481 9509
f 9509 9481 9510
f 9481 9482 9510
f 9510 9482 9511
f 9482 9483 9511
f 9511 9483 9512
f 9483 8558 9512
f 9257 9497 9513
f 9497 9498 9513
f 9513 9498 9514
f 9498 9499 9514
f 9514 9499 9515
f 9499 9500 9515
f 9515 9500 9516
f 9500 9501 9516
f 9516 9501 9517
f 9501 9502 9517
f 9517 9502 9518
f 9502 9503 9518
f 9518 9503 9519
f 9503 9504 9519
f 9519 9504 9520
f 9504 9505 9520
f 9520 9505 9521
f 9505 9506 9521
f 9521 9506 9522
f 9506 9507 9522
f 9522 9507 9523
f 9507 9508 9523
f 9523 9508 9524
f 9508 9509 9524
f 9524 9509 9525
f 9509 9510 9525
f 9525 9510 9526
f 9510 9511 9526
f 9526 9511 9527
f 9511 9512 9527
f 9527 9512 9528
f 9228 9229 9257
f 9229 9258 9257
f 9257 9258 9497
f 9258 9484 9497
f 9497 9484 9469
f 9484 9485 9469
f 9469 9485 9443
f 9485 9486 9443
f 9443 9486 9419
f 9486 9487 9419
f 9419 9487 9397
f 9487 9488 9397
f 9397 9488 9377
f 9488 9489 9377
f 9377 9489 9358
f 9489 9490 9358
f 9358 9490 9349
f 9490 9491 9349
f 9349 9491 9338
f 9491 9492 9338
f 9338 9492 9325
f 9492 9493 9325
f 9325 9493 9311
f 9493 9494 9311
f 9311 9494 9301
f 9494 9495 9301
f 9301 9495 9290
f 9495 9496 9290
f 9290 9496 9267
f 9496 8511 9267
f 9227 9270 9226
f 9270 8479 9226
f 9226 8479 8478
f 8558 8557 9512
f 8557 8555 9512
f 9512 8555 9528
f 8555 8563 9528
f 9528 8563 8562
f 9227 9257 9270
f 9257 9513 9270
f 9270 9513 9271
f 9513 9514 9271
f 9271 9514 9272
f 9514 9515 9272
f 9272 9515 9273
f 9515 9516 9273
f 9273 9516 9274
f 9516 9517 9274
f 9274 9517 9275
f 9517 9518 9275
f 9275 9518 9276
f 9518 9519 9276
f 9276 9519 9277
f 9519 9520 9277
f 9277 9520 9278
f 9520 9521 9278
f 9278 9521 9279
f 9521 9522 9279
f 9279 9522 9280
f 9522 9523 9280
f 9280 9523 9281
f 9523 9524 9281
f 9281 9524 9282
f 9524 9525 9282
f 9282 9525 9283
f 9525 9526 9283
f 9283 9526 9284
f 9526 9527 9284
f 9284 9527 9285
f 9527 9528 9285
f 9285 9528 9286
f 9528 8562 9286
f 9286 8562 8560
f 9529 9530 8510
f 9531 9532 8890
f 9533 9534 8890
f 9531 8890 9535
f 9536 9537 9080
f 9537 9538 9080
f 8510 9539 9540
f 8510 9530 8890
f 9530 9541 8890
f 8890 9541 9533
f 9542 9543 9080
f 9540 9544 8510
f 9544 9545 8510
f 8510 9545 9529
f 9534 9546 8890
f 9546 9547 8890
f 8890 9547 9535
f 9532 9548 8890
f 9548 9549 8890
f 8890 9549 9550
f 9550 9551 8890
f 9551 9552 8890
f 8890 9552 9553
f 9538 9554 9080
f 9554 9555 9080
f 9080 9555 9556
f 9557 8511 9558
f 8511 9559 9558
f 9543 9560 9080
f 9560 9561 9080
f 9080 9561 9562
f 9556 9563 9080
f 9563 9564 9080
f 9080 9564 8511
f 9564 9565 8511
f 8511 9565 9566
f 9566 9567 8511
f 9567 9568 8511
f 8511 9568 9569
f 9569 9570 8511
f 9570 9571 8511
f 8511 9571 9559
f 9557 9572 8511
f 9572 9573 8511
f 8511 9573 9574
f 8511 9575 9576
f 9553 9577 8890
f 9577 9578 8890
f 8890 9578 9579
f 9574 9580 8511
f 9580 9581 8511
f 8511 9581 9575
f 9582 9583 8510
f 9583 9584 8510
f 8510 9584 9585
f 9586 9587 8510
f 9587 9588 8510
f 8510 9588 9589
f 9589 9590 8510
f 9590 9591 8510
f 8510 9591 9539
f 9592 9593 9080
f 9593 9594 9080
f 9080 9594 9542
f 9562 9595 9080
f 9595 9596 9080
f 9080 9596 9536
f 9576 9597 8511
f 9597 9598 8511
f 8511 9598 8510
f 9598 9599 8510
f 8510 9599 9582
f 9585 9600 8510
f 9600 9601 8510
f 8510 9601 9586
f 9579 9602 8890
f 9602 9603 8890
f 8890 9603 9080
f 9603 9604 9080
f 9080 9604 9592
f 9605 9606 9603
f 9606 9604 9603
f 9604 9606 9592
f 9606 9607 9592
f 9592 9607 9593
f 9607 9608 9593
f 9593 9608 9594
f 9608 9609 9594
f 9594 9609 9542
f 9609 9610 9542
f 9542 9610 9543
f 9610 9611 9543
f 9543 9611 9560
f 9611 9612 9560
f 9560 9612 9561
f 9612 9613 9561
f 9561 9613 9562
f 9613 9614 9562
f 9562 9614 9595
f 9614 9615 9595
f 9595 9615 9596
f 9615 9616 9596
f 9596 9616 9536
f 9616 9617 9536
f 9536 9617 9537
f 9617 9618 9537
f 9537 9618 9538
f 9618 9619 9538
f 9538 9619 9554
f 9619 9620 9554
f 9554 9620 9555
f 9620 9621 9555
f 9555 9621 9556
f 9621 9622 9556
f 9556 9622 9563
f 9622 9623 9563
f 9563 9623 9564
f 9623 9624 9564
f 9625 9626 9605
f 9627 9606 9628
f 9606 9605 9628
f 9628 9605 9629
f 9630 9631 9632
f 9633 9634 9605
f 9629 9635 9628
f 9635 9636 9628
f 9628 9636 9637
f 9638 9639 9640
f 9641 9642 9627
f 9642 9643 9627
f 9627 9643 9606
f 9643 9624 9606
f 9624 9623 9606
f 9606 9623 9622
f 9633 9605 9644
f 9637 9645 9628
f 9645 9646 9628
f 9628 9646 9647
f 9640 9639 9648
f 9649 9650 9627
f 9622 9621 9606
f 9621 9620 9606
f 9606 9620 9619
f 9616 9615 9606
f 9615 9614 9606
f 9625 9605 9631
f 9605 9651 9631
f 9631 9651 9632
f 9652 9653 9654
f 9634 9655 9605
f 9655 9656 9605
f 9605 9656 9629
f 9657 9658 9659
f 9658 9628 9659
f 9659 9628 9660
f 9628 9647 9660
f 9650 9661 9627
f 9661 9662 9627
f 9627 9662 9641
f 9614 9613 9606
f 9613 9612 9606
f 9606 9612 9607
f 9612 9611 9610
f 9663 9664 9665
f 9648 9639 9627
f 9639 9666 9627
f 9627 9666 9649
f 9610 9609 9612
f 9609 9608 9612
f 9612 9608 9607
f 9630 9632 9654
f 9632 9667 9654
f 9654 9667 9652
f 9626 9668 9605
f 9668 9669 9605
f 9605 9669 9644
f 9670 9671 9663
f 9671 9672 9663
f 9663 9672 9664
f 9659 9673 9657
f 9673 9663 9657
f 9657 9663 9674
f 9663 9665 9674
f 9675 9676 9640
f 9676 9677 9640
f 9640 9677 9678
f 9619 9618 9606
f 9618 9617 9606
f 9606 9617 9616
f 9678 9679 9640
f 9679 9680 9640
f 9640 9680 9638
f 9565 9564 9643
f 9564 9624 9643
f 9565 9643 9566
f 9643 9642 9566
f 9566 9642 9567
f 9642 9641 9567
f 9567 9641 9568
f 9641 9662 9568
f 9568 9662 9569
f 9662 9661 9569
f 9569 9661 9570
f 9661 9650 9570
f 9570 9650 9571
f 9650 9649 9571
f 9571 9649 9559
f 9649 9666 9559
f 9559 9666 9558
f 9666 9639 9558
f 9558 9639 9557
f 9639 9638 9557
f 9557 9638 9572
f 9638 9680 9572
f 9572 9680 9573
f 9680 9679 9573
f 9573 9679 9574
f 9679 9678 9574
f 9574 9678 9580
f 9678 9677 9580
f 9580 9677 9581
f 9677 9676 9581
f 9581 9676 9575
f 9676 9675 9575
f 9575 9675 9576
f 9675 9640 9576
f 9576 9640 9597
f 9640 9648 9597
f 9597 9648 9598
f 9648 9627 9598
f 9627 9628 9598
f 9628 9599 9598
f 9599 9628 9582
f 9628 9658 9582
f 9582 9658 9583
f 9658 9657 9583
f 9583 9657 9584
f 9657 9674 9584
f 9584 9674 9585
f 9674 9665 9585
f 9585 9665 9600
f 9665 9664 9600
f 9600 9664 9601
f 9664 9672 9601
f 9601 9672 9586
f 9672 9671 9586
f 9586 9671 9587
f 9671 9670 9587
f 9587 9670 9588
f 9670 9663 9588
f 9588 9663 9589
f 9663 9673 9589
f 9589 9673 9590
f 9673 9659 9590
f 9590 9659 9591
f 9659 9660 9591
f 9591 9660 9539
f 9660 9647 9539
f 9539 9647 9540
f 9647 9646 9540
f 9540 9646 9544
f 9646 9645 9544
f 9544 9645 9545
f 9645 9637 9545
f 9545 9637 9529
f 9637 9636 9529
f 9529 9636 9530
f 9636 9635 9530
f 9681 9682 9683
f 9682 9684 9683
f 9683 9684 9685
f 9684 9686 9685
f 9685 9686 9687
f 9686 9688 9687
f 9687 9688 9689
f 9688 9690 9689
f 9689 9690 9691
f 9690 9692 9691
f 9691 9692 9693
f 9692 9694 9693
f 9693 9694 9695
f 9694 9696 9695
f 9695 9696 9697
f 9696 9698 9697
f 9697 9698 9699
f 9698 9700 9699
f 9699 9700 9701
f 9700 9702 9701
f 9701 9702 9703
f 9702 9704 9703
f 9703 9704 9705
f 9704 9706 9705
f 9705 9706 9707
f 9706 9708 9707
f 9707 9708 9709
f 9708 9710 9709
f 9709 9710 9711
f 9710 9712 9711
f 9711 9712 9713
f 9712 9714 9713
f 9713 9714 9715
f 9714 9716 9715
f 9715 9716 9717
f 9716 9718 9717
f 9717 9718 9719
f 9718 9720 9719
f 9719 9720 9721
f 9720 9722 9721
f 9721 9722 9723
f 9722 9724 9723
f 9723 9724 9725
f 9724 9726 9725
f 9725 9726 9727
f 9726 9728 9727
f 9727 9728 9729
f 9728 9730 9729
f 9729 9730 9731
f 9730 9732 9731
f 9731 9732 9733
f 9732 9734 9733
f 9733 9734 9735
f 9734 9736 9735
f 9735 9736 9737
f 9736 9738 9737
f 9737 9738 9739
f 9738 9740 9739
f 9739 9740 9741
f 9740 9742 9741
f 9741 9742 9743
f 9742 9744 9743
f 9743 9744 9745
f 9744 9746 9745
f 9745 9746 9747
f 9746 9748 9747
f 9747 9748 9749
f 9748 9750 9749
f 9749 9750 9751
f 9750 9752 9751
f 9751 9752 9753
f 9752 9754 9753
f 9753 9754 9755
f 9754 9756 9755
f 9755 9756 9757
f 9756 9758 9757
f 9757 9758 9759
f 9758 9760 9759
f 9759 9760 9761
f 9760 9762 9761
f 9761 9762 9763
f 9762 9764 9763
f 9763 9764 9765
f 9764 9766 9765
f 9765 9766 9767
f 9766 9768 9767
f 9767 9768 9769
f 9768 9770 9769
f 9769 9770 9771
f 9770 9772 9771
f 9771 9772 9773
f 9772 9774 9773
f 9773 9774 9775
f 9774 9776 9775
f 9775 9776 9777
f 9776 9778 9777
f 9777 9778 9779
f 9778 9780 9779
f 9779 9780 9781
f 9780 9782 9781
f 9781 9782 9783
f 9782 9784 9783
f 9783 9784 9785
f 9784 9786 9785
f 9785 9786 9787
f 9786 9788 9787
f 9787 9788 9789
f 9788 9790 9789
f 9789 9790 9791
f 9790 9792 9791
f 9791 9792 9793
f 9792 9794 9793
f 9793 9794 9795
f 9794 9796 9795
f 9795 9796 9797
f 9796 9798 9797
f 9797 9798 9799
f 9798 9800 9799
f 9799 9800 9801
f 9800 9802 9801
f 9801 9802 9803
f 9802 9804 9803
f 9803 9804 9805
f 9804 9806 9805
f 9805 9806 9807
f 9806 9808 9807
f 9807 9808 9809
f 9808 9810 9809
f 9809 9810 9811
f 9810 9812 9811
f 9811 9812 9813
f 9812 9814 9813
f 9813 9814 9815
f 9814 9816 9815
f 9815 9816 9817
f 9816 9818 9817
f 9817 9818 9819
f 9818 9820 9819
f 9819 9820 9821
f 9820 9822 9821
f 9821 9822 9823
f 9822 9824 9823
f 9823 9824 9681
f 9824 9682 9681
f 9749 9751 9825
f 9751 9753 9825
f 9825 9753 9755
f 9743 9745 9825
f 9745 9747 9825
f 9825 9747 9749
f 9737 9739 9825
f 9739 9741 9825
f 9825 9741 9743
f 9731 9733 9825
f 9733 9735 9825
f 9825 9735 9737
f 9725 9727 9825
f 9727 9729 9825
f 9825 9729 9731
f 9719 9721 9825
f 9721 9723 9825
f 9825 9723 9725
f 9713 9715 9825
f 9715 9717 9825
f 9825 9717 9719
f 9707 9709 9825
f 9709 9711 9825
f 9825 9711 9713
f 9701 9703 9825
f 9703 9705 9825
f 9825 9705 9707
f 9695 9697 9825
f 9697 9699 9825
f 9825 9699 9701
f 9689 9691 9825
f 9691 9693 9825
f 9825 9693 9695
f 9683 9685 9825
f 9685 9687 9825
f 9825 9687 9689
f 9821 9823 9825
f 9823 9681 9825
f 9825 9681 9683
f 9815 9817 9825
f 9817 9819 9825
f 9825 9819 9821
f 9809 9811 9825
f 9811 9813 9825
f 9825 9813 9815
f 9803 9805 9825
f 9805 9807 9825
f 9825 9807 9809
f 9797 9799 9825
f 9799 9801 9825
f 9825 9801 9803
f 9791 9793 9825
f 9793 9795 9825
f 9825 9795 9797
f 9785 9787 9825
f 9787 9789 9825
f 9825 9789 9791
f 9779 9781 9825
f 9781 9783 9825
f 9825 9783 9785
f 9773 9775 9825
f 9775 9777 9825
f 9825 9777 9779
f 9767 9769 9825
f 9769 9771 9825
f 9825 9771 9773
f 9761 9763 9825
f 9763 9765 9825
f 9825 9765 9767
f 9755 9757 9825
f 9757 9759 9825
f 9825 9759 9761
f 9826 1765 9827
f 1765 1746 9827
f 9828 1764 9826
f 1764 1765 9826
f 9829 1731 9828
f 1731 1764 9828
f 9830 1732 9829
f 1732 1731 9829
f 9827 1746 9830
f 1746 1732 9830
f 9826 9827 9828
f 9827 9830 9828
f 9828 9830 9829
f 9831 1881 9832
f 1881 1882 9832
f 9833 1847 9831
f 1847 1881 9831
f 9834 1571 9835
f 1571 1572 9835
f 9835 1572 9836
f 1572 1573 9836
f 9836 1573 9837
f 1573 1574 9837
f 9837 1574 9838
f 1574 1575 9838
f 9838 1575 9839
f 1575 1576 9839
f 9839 1576 9840
f 1576 1577 9840
f 9840 1577 9841
f 1577 1578 9841
f 9841 1578 9842
f 1578 1579 9842
f 9842 1579 9843
f 1579 1580 9843
f 9843 1580 9844
f 1580 1581 9844
f 9844 1581 9845
f 1581 1582 9845
f 9845 1582 9846
f 1582 1583 9846
f 9846 1583 9847
f 1583 1584 9847
f 9847 1584 9848
f 1584 1585 9848
f 9848 1585 9849
f 1585 1586 9849
f 9849 1586 9850
f 1586 1515 9850
f 9850 1515 9851
f 1515 1516 9851
f 9851 1516 9852
f 1516 1517 9852
f 9852 1517 9853
f 1517 1518 9853
f 9853 1518 9854
f 1518 1519 9854
f 9854 1519 9855
f 1519 1520 9855
f 9855 1520 9856
f 1520 1521 9856
f 9856 1521 9857
f 1521 1522 9857
f 9857 1522 9858
f 1522 1523 9858
f 9858 1523 9859
f 1523 1524 9859
f 9859 1524 9860
f 1524 1525 9860
f 9860 1525 9861
f 1525 1526 9861
f 9861 1526 9862
f 1526 1527 9862
f 9862 1527 9863
f 1527 1528 9863
f 9863 1528 9864
f 1528 1529 9864
f 9864 1529 9865
f 1529 1530 9865
f 9865 1530 9866
f 1530 1531 9866
f 9866 1531 9867
f 1531 1532 9867
f 9867 1532 9868
f 1532 1533 9868
f 9868 1533 9869
f 1533 1534 9869
f 9869 1534 9870
f 1534 1535 9870
f 9870 1535 9871
f 1535 1536 9871
f 9871 1536 9872
f 1536 1537 9872
f 9872 1537 9873
f 1537 1538 9873
f 9873 1538 9874
f 1538 1539 9874
f 9874 1539 9875
f 1539 1540 9875
f 9875 1540 9876
f 1540 1541 9876
f 9876 1541 9877
f 1541 1542 9877
f 9877 1542 9878
f 1542 1543 9878
f 9878 1543 9879
f 1543 1544 9879
f 9879 1544 9880
f 1544 1545 9880
f 9880 1545 9881
f 1545 1546 9881
f 9881 1546 9882
f 1546 1547 9882
f 9882 1547 9883
f 1547 1548 9883
f 9883 1548 9884
f 1548 1549 9884
f 9884 1549 9885
f 1549 1550 9885
f 9885 1550 9886
f 1550 1551 9886
f 9886 1551 9887
f 1551 1552 9887
f 9887 1552 9888
f 1552 1553 9888
f 9888 1553 9889
f 1553 1554 9889
f 9889 1554 9890
f 1554 1555 9890
f 9890 1555 9891
f 1555 1556 9891
f 9891 1556 9892
f 1556 1557 9892
f 9892 1557 9893
f 1557 1558 9893
f 9893 1558 9894
f 1558 1559 9894
f 9894 1559 9895
f 1559 1560 9895
f 9895 1560 9896
f 1560 1561 9896
f 9896 1561 9897
f 1561 1562 9897
f 9897 1562 9898
f 1562 1563 9898
f 9898 1563 9899
f 1563 1564 9899
f 9899 1564 9900
f 1564 1565 9900
f 9900 1565 9901
f 1565 1566 9901
f 9901 1566 9902
f 1566 1567 9902
f 9902 1567 9903
f 1567 1568 9903
f 9903 1568 9904
f 1568 1569 9904
f 9904 1569 9905
f 1569 1570 9905
f 9905 1570 9834
f 1570 1571 9834
f 9904 9905 9906
f 9905 9834 9906
f 9906 9834 9835
f 9901 9902 9906
f 9902 9903 9906
f 9906 9903 9904
f 9898 9899 9906
f 9899 9900 9906
f 9906 9900 9901
f 9895 9896 9906
f 9896 9897 9906
f 9906 9897 9898
f 9892 9893 9906
f 9893 9894 9906
f 9906 9894 9895
f 9889 9890 9906
f 9890 9891 9906
f 9906 9891 9892
f 9886 9887 9906
f 9887 9888 9906
f 9906 9888 9889
f 9883 9884 9906
f 9884 9885 9906
f 9906 9885 9886
f 9880 9881 9906
f 9881 9882 9906
f 9906 9882 9883
f 9877 9878 9906
f 9878 9879 9906
f 9906 9879 9880
f 9874 9875 9906
f 9875 9876 9906
f 9906 9876 9877
f 9871 9872 9906
f 9872 9873 9906
f 9906 9873 9874
f 9868 9869 9906
f 9869 9870 9906
f 9906 9870 9871
f 9865 9866 9906
f 9866 9867 9906
f 9906 9867 9868
f 9862 9863 9906
f 9863 9864 9906
f 9906 9864 9865
f 9859 9860 9906
f 9860 9861 9906
f 9906 9861 9862
f 9856 9857 9906
f 9857 9858 9906
f 9906 9858 9859
f 9853 9854 9906
f 9854 9855 9906
f 9906 9855 9856
f 9850 9851 9906
f 9851 9852 9906
f 9906 9852 9853
f 9847 9848 9906
f 9848 9849 9906
f 9906 9849 9850
f 9844 9845 9906
f 9845 9846 9906
f 9906 9846 9847
f 9841 9842 9906
f 9842 9843 9906
f 9906 9843 9844
f 9838 9839 9906
f 9839 9840 9906
f 9906 9840 9841
f 9835 9836 9906
f 9836 9837 9906
f 9906 9837 9838
f 9907 9908 9832
f 9908 9833 9832
f 9832 9833 9831
f 9832 1882 9907
f 1882 1735 9907
f 9907 1735 9908
f 1735 1734 9908
f 9908 1734 9833
f 1734 1847 9833
f 9822 9909 9824
f 9909 9910 9824
f 9824 9910 9682
f 9910 9911 9682
f 9682 9911 9684
f 9911 9912 9684
f 9684 9912 9686
f 9912 9913 9686
f 9686 9913 9688
f 9913 9914 9688
f 9688 9914 9690
f 9914 9915 9690
f 9690 9915 9692
f 9915 9916 9692
f 9692 9916 9694
f 9916 9917 9694
f 9694 9917 9696
f 9917 9918 9696
f 9696 9918 9698
f 9918 9919 9698
f 9698 9919 9700
f 9919 9920 9700
f 9700 9920 9702
f 9920 9921 9702
f 9702 9921 9704
f 9921 9922 9704
f 9704 9922 9706
f 9922 9923 9706
f 9706 9923 9708
f 9923 9924 9708
f 9708 9924 9710
f 9924 9925 9710
f 9710 9925 9712
f 9925 9926 9712
f 9712 9926 9714
f 9926 9927 9714
f 9714 9927 9716
f 9927 9928 9716
f 9716 9928 9718
f 9928 9929 9718
f 9718 9929 9720
f 9929 9930 9720
f 9720 9930 9722
f 9930 9931 9722
f 9722 9931 9724
f 9931 9932 9724
f 9724 9932 9726
f 9932 9933 9726
f 9726 9933 9728
f 9933 9934 9728
f 9728 9934 9730
f 9934 9935 9730
f 9730 9935 9732
f 9935 9936 9732
f 9732 9936 9734
f 9936 9937 9734
f 9734 9937 9736
f 9937 9938 9736
f 9736 9938 9738
f 9938 9939 9738
f 9738 9939 9740
f 9939 9940 9740
f 9740 9940 9742
f 9940 9941 9742
f 9742 9941 9744
f 9941 9942 9744
f 9744 9942 9746
f 9942 9943 9746
f 9746 9943 9748
f 9943 9944 9748
f 9748 9944 9750
f 9944 9945 9750
f 9750 9945 9752
f 9945 9946 9752
f 9752 9946 9754
f 9946 9947 9754
f 9754 9947 9756
f 9947 9948 9756
f 9756 9948 9758
f 9948 9949 9758
f 9758 9949 9760
f 9949 9950 9760
f 9760 9950 9762
f 9950 9951 9762
f 9762 9951 9764
f 9951 9952 9764
f 9764 9952 9766
f 9952 9953 9766
f 9766 9953 9768
f 9953 9954 9768
f 9768 9954 9770
f 9954 9955 9770
f 9770 9955 9772
f 9955 9956 9772
f 9772 9956 9774
f 9956 9957 9774
f 9774 9957 9776
f 9957 9958 9776
f 9776 9958 9778
f 9958 9959 9778
f 9778 9959 9780
f 9959 9960 9780
f 9780 9960 9782
f 9960 9961 9782
f 9782 9961 9784
f 9961 9962 9784
f 9784 9962 9786
f 9962 9963 9786
f 9786 9963 9788
f 9963 9964 9788
f 9788 9964 9790
f 9964 9965 9790
f 9790 9965 9792
f 9965 9966 9792
f 9792 9966 9794
f 9966 9967 9794
f 9794 9967 9796
f 9967 9968 9796
f 9796 9968 9798
f 9968 9969 9798
f 9798 9969 9800
f 9969 9970 9800
f 9800 9970 9802
f 9970 9971 9802
f 9802 9971 9804
f 9971 9972 9804
f 9804 9972 9806
f 9972 9973 9806
f 9806 9973 9808
f 9973 9974 9808
f 9808 9974 9810
f 9974 9975 9810
f 9810 9975 9812
f 9975 9976 9812
f 9812 9976 9814
f 9976 9977 9814
f 9814 9977 9816
f 9977 9978 9816
f 9816 9978 9818
f 9978 9979 9818
f 9818 9979 9820
f 9979 9980 9820
f 9820 9980 9822
f 9980 9909 9822
f 2039 9964 2029
f 9964 9963 2029
f 2029 9963 2028
f 9963 9962 2028
f 2028 9962 2026
f 9962 9961 2026
f 2026 9961 2030
f 9961 9960 2030
f 2030 9960 2031
f 9960 9959 2031
f 2031 9959 2032
f 9959 9958 2032
f 2032 9958 2059
f 9958 9957 2059
f 2059 9957 2060
f 9957 9956 2060
f 2060 9956 2061
f 9956 9955 2061
f 2061 9955 2062
f 9955 9954 2062
f 2062 9954 2063
f 9954 9953 2063
f 2063 9953 2064
f 9953 9952 2064
f 2064 9952 2040
f 9952 9951 2040
f 2040 9951 2041
f 9951 9950 2041
f 2041 9950 2042
f 9950 9949 2042
f 2042 9949 2043
f 9949 9948 2043
f 2043 9948 2124
f 9948 9947 2124
f 2124 9947 2125
f 9947 9946 2125
f 2125 9946 2126
f 9946 9945 2126
f 2126 9945 2127
f 9945 9944 2127
f 2127 9944 1999
f 9944 9943 1999
f 1999 9943 2001
f 9943 9942 2001
f 2001 9942 1994
f 9942 9941 1994
f 1994 9941 2044
f 9941 9940 2044
f 2044 9940 2045
f 9940 9939 2045
f 2045 9939 2046
f 9939 9938 2046
f 2046 9938 2047
f 9938 9937 2047
f 2047 9937 2048
f 9937 9936 2048
f 2048 9936 2075
f 9936 9935 2075
f 2075 9935 2076
f 9935 9934 2076
f 2076 9934 2077
f 9934 9933 2077
f 2077 9933 2078
f 9933 9932 2078
f 2078 9932 2079
f 9932 9931 2079
f 2079 9931 2080
f 9931 9930 2080
f 2080 9930 2142
f 9930 9929 2142
f 2142 9929 2143
f 9929 9928 2143
f 2143 9928 2144
f 9928 9927 2144
f 2144 9927 2033
f 9927 9926 2033
f 2033 9926 2034
f 9926 9925 2034
f 2034 9925 2081
f 9925 9924 2081
f 2081 9924 2082
f 9924 9923 2082
f 2082 9923 2083
f 9923 9922 2083
f 2083 9922 2107
f 9922 9921 2107
f 2107 9921 2108
f 9921 9920 2108
f 2108 9920 2109
f 9920 9919 2109
f 2109 9919 2160
f 9919 9918 2160
f 2160 9918 2161
f 9918 9917 2161
f 2161 9917 2162
f 9917 9916 2162
f 2162 9916 2152
f 9916 9915 2152
f 2152 9915 2153
f 9915 9914 2153
f 2153 9914 2154
f 9914 9913 2154
f 2154 9913 2169
f 9913 9912 2169
f 2169 9912 2170
f 9912 9911 2170
f 2170 9911 2171
f 9911 9910 2171
f 2171 9910 2172
f 9910 9909 2172
f 2172 9909 2173
f 9909 9980 2173
f 2173 9980 2174
f 9980 9979 2174
f 2174 9979 2175
f 9979 9978 2175
f 2175 9978 2176
f 9978 9977 2176
f 2176 9977 2177
f 9977 9976 2177
f 2177 9976 2180
f 9976 9975 2180
f 2180 9975 2190
f 9975 9974 2190
f 2190 9974 2159
f 9974 9973 2159
f 2159 9973 2133
f 9973 9972 2133
f 2133 9972 2134
f 9972 9971 2134
f 2134 9971 2110
f 9971 9970 2110
f 2110 9970 2111
f 9970 9969 2111
f 2111 9969 2112
f 9969 9968 2112
f 2112 9968 2113
f 9968 9967 2113
f 2113 9967 2037
f 9967 9966 2037
f 2037 9966 2038
f 9966 9965 2038
f 2038 9965 2039
f 9965 9964 2039
f 2198 1785 1953
f 1785 1741 1953
f 1953 1949 2198
f 1949 2197 2198
f 1986 2197 1948
f 2197 1949 1948
f 9981 9982 9983
f 9982 9984 9983
f 9983 9984 9985
f 9986 9987 9983
f 9987 9988 9983
f 9983 9988 9981
f 9989 9990 9983
f 9990 9991 9983
f 9983 9991 9986
f 9992 9993 9983
f 9993 9994 9983
f 9983 9994 9989
f 9995 9996 9983
f 9996 9997 9983
f 9983 9997 9992
f 9998 9999 9983
f 9999 10000 9983
f 9983 10000 9995
f 10001 10002 9983
f 10002 10003 9983
f 9983 10003 9998
f 10004 10005 9983
f 10005 10006 9983
f 9983 10006 10001
f 10007 10008 9983
f 10008 10009 9983
f 9983 10009 10004
f 10010 10011 9983
f 10011 10012 9983
f 9983 10012 10007
f 10013 10014 9983
f 10014 10015 9983
f 9983 10015 10010
f 10016 10017 9983
f 10017 10018 9983
f 9983 10018 10013
f 10019 10020 9983
f 10020 10021 9983
f 9983 10021 10016
f 10022 10023 9983
f 10023 10024 9983
f 9983 10024 10019
f 10025 10026 9983
f 10026 10027 9983
f 9983 10027 10022
f 10028 10029 9983
f 10029 10030 9983
f 9983 10030 10025
f 10031 10032 9983
f 10032 10033 9983
f 9983 10033 10028
f 10034 10035 9983
f 10035 10036 9983
f 9983 10036 10031
f 10037 10038 9983
f 10038 10039 9983
f 9983 10039 10034
f 10040 10041 9983
f 10041 10042 9983
f 9983 10042 10037
f 10043 10044 9983
f 10044 10045 9983
f 9983 10045 10040
f 10046 10047 9983
f 10047 10048 9983
f 9983 10048 10043
f 10049 10050 9983
f 10050 10051 9983
f 9983 10051 10046
f 9985 10052 9983
f 10052 10053 9983
f 9983 10053 10049
f 9984 10054 9985
f 10054 10055 9985
f 9985 10055 10052
f 10055 10056 10052
f 10052 10056 10053
f 10056 10057 10053
f 10053 10057 10049
f 10057 10058 10049
f 10049 10058 10050
f 10058 10059 10050
f 10050 10059 10051
f 10059 10060 10051
f 10051 10060 10046
f 10060 10061 10046
f 10046 10061 10047
f 10061 10062 10047
f 10047 10062 10048
f 10062 10063 10048
f 10048 10063 10043
f 10063 10064 10043
f 10043 10064 10044
f 10064 10065 10044
f 10044 10065 10045
f 10065 10066 10045
f 10045 10066 10040
f 10066 10067 10040
f 10040 10067 10041
f 10067 10068 10041
f 10041 10068 10042
f 10068 10069 10042
f 10042 10069 10037
f 10069 10070 10037
f 10037 10070 10038
f 10070 10071 10038
f 10038 10071 10039
f 10071 10072 10039
f 10039 10072 10034
f 10072 10073 10034
f 10034 10073 10035
f 10073 10074 10035
f 10035 10074 10036
f 10074 10075 10036
f 10036 10075 10031
f 10075 10076 10031
f 10031 10076 10032
f 10076 10077 10032
f 10032 10077 10033
f 10077 10078 10033
f 10033 10078 10028
f 10078 10079 10028
f 10028 10079 10029
f 10079 10080 10029
f 10029 10080 10030
f 10080 10081 10030
f 10030 10081 10025
f 10081 10082 10025
f 10025 10082 10026
f 10082 10083 10026
f 10026 10083 10027
f 10083 10084 10027
f 10027 10084 10022
f 10084 10085 10022
f 10022 10085 10023
f 10085 10086 10023
f 10023 10086 10024
f 10086 10087 10024
f 10024 10087 10019
f 10087 10088 10019
f 10019 10088 10020
f 10088 10089 10020
f 10020 10089 10021
f 10089 10090 10021
f 10021 10090 10016
f 10090 10091 10016
f 10016 10091 10017
f 10091 10092 10017
f 10017 10092 10018
f 10092 10093 10018
f 10018 10093 10013
f 10093 10094 10013
f 10013 10094 10014
f 10094 10095 10014
f 10014 10095 10015
f 10095 10096 10015
f 10015 10096 10010
f 10096 10097 10010
f 10010 10097 10011
f 10097 10098 10011
f 10011 10098 10012
f 10098 10099 10012
f 10012 10099 10007
f 10099 10100 10007
f 10007 10100 10008
f 10100 10101 10008
f 10008 10101 10009
f 10101 10102 10009
f 10009 10102 10004
f 10102 10103 10004
f 10004 10103 10005
f 10103 10104 10005
f 10005 10104 10006
f 10104 10105 10006
f 10006 10105 10001
f 10105 10106 10001
f 10001 10106 10002
f 10106 10107 10002
f 10002 10107 10003
f 10107 10108 10003
f 10003 10108 9998
f 10108 10109 9998
f 9998 10109 9999
f 10109 10110 9999
f 9999 10110 10000
f 10110 10111 10000
f 10000 10111 9995
f 10111 10112 9995
f 9995 10112 9996
f 10112 10113 9996
f 9996 10113 9997
f 10113 10114 9997
f 9997 10114 9992
f 10114 10115 9992
f 9992 10115 9993
f 10115 10116 9993
f 9993 10116 9994
f 10116 10117 9994
f 9994 10117 9989
f 10117 10118 9989
f 9989 10118 9990
f 10118 10119 9990
f 9990 10119 9991
f 10119 10120 9991
f 9991 10120 9986
f 10120 10121 9986
f 9986 10121 9987
f 10121 10122 9987
f 9987 10122 9988
f 10122 10123 9988
f 9988 10123 9981
f 10123 10124 9981
f 9981 10124 9982
f 10124 10125 9982
f 9982 10125 9984
f 10125 10054 9984
f 10109 2983 10110
f 2983 3136 10110
f 10110 3136 10111
f 3136 3135 10111
f 10111 3135 10112
f 3135 3134 10112
f 10112 3134 10113
f 3134 3130 10113
f 10113 3130 10114
f 3130 3132 10114
f 10114 3132 10115
f 3132 3133 10115
f 10115 3133 10116
f 3133 3171 10116
f 10116 3171 10117
f 3171 3170 10117
f 10117 3170 10118
f 3170 3095 10118
f 10118 3095 10119
f 3095 3094 10119
f 10119 3094 10120
f 3094 3093 10120
f 10120 3093 10121
f 3093 3074 10121
f 10121 3074 10122
f 3074 3073 10122
f 10122 3073 10123
f 3073 3071 10123
f 10123 3071 10124
f 3071 3070 10124
f 10124 3070 10125
f 3070 3021 10125
f 10125 3021 10054
f 3021 3020 10054
f 10054 3020 10055
f 3020 3019 10055
f 10055 3019 10056
f 3019 2999 10056
f 10056 2999 10057
f 2999 2998 10057
f 10057 2998 10058
f 2998 3069 10058
f 10058 3069 10059
f 3069 3068 10059
f 10059 3068 10060
f 3068 3018 10060
f 10060 3018 10061
f 3018 3017 10061
f 10061 3017 10062
f 3017 3128 10062
f 10062 3128 10063
f 3128 3129 10063
f 10063 3129 10064
f 3129 3297 10064
f 10064 3297 10065
f 3297 3296 10065
f 10065 3296 10066
f 3296 3294 10066
f 10066 3294 10067
f 3294 3292 10067
f 10067 3292 10068
f 3292 3290 10068
f 10068 3290 10069
f 3290 3288 10069
f 10069 3288 10070
f 3288 3286 10070
f 10070 3286 10071
f 3286 3284 10071
f 10071 3284 10072
f 3284 3282 10072
f 10072 3282 10073
f 3282 3280 10073
f 10073 3280 10074
f 3280 3278 10074
f 10074 3278 10075
f 3278 3276 10075
f 10075 3276 10076
f 3276 3274 10076
f 10076 3274 10077
f 3274 3272 10077
f 10077 3272 10078
f 3272 3270 10078
f 10078 3270 10079
f 3270 3268 10079
f 10079 3268 10080
f 3268 3266 10080
f 10080 3266 10081
f 3266 3265 10081
f 10081 3265 10082
f 3265 3077 10082
f 10082 3077 10083
f 3077 3076 10083
f 10083 3076 10084
f 3076 3075 10084
f 10084 3075 10085
f 3075 3024 10085
f 10085 3024 10086
f 3024 3023 10086
f 10086 3023 10087
f 3023 3022 10087
f 10087 3022 10088
f 3022 2997 10088
f 10088 2997 10089
f 2997 2996 10089
f 10089 2996 10090
f 2996 3082 10090
f 10090 3082 10091
f 3082 3038 10091
f 10091 3038 10092
f 3038 3037 10092
f 10092 3037 10093
f 3037 3036 10093
f 10093 3036 10094
f 3036 3035 10094
f 10094 3035 10095
f 3035 3034 10095
f 10095 3034 10096
f 3034 3032 10096
f 10096 3032 10097
f 3032 3030 10097
f 10097 3030 10098
f 3030 3029 10098
f 10098 3029 10099
f 3029 3080 10099
f 10099 3080 10100
f 3080 3079 10100
f 10100 3079 10101
f 3079 3078 10101
f 10101 3078 10102
f 3078 3028 10102
f 10102 3028 10103
f 3028 3027 10103
f 10103 3027 10104
f 3027 3026 10104
f 10104 3026 10105
f 3026 3000 10105
f 10105 3000 10106
f 3000 3002 10106
f 10106 3002 10107
f 3002 3025 10107
f 10107 3025 10108
f 3025 2984 10108
f 10108 2984 10109
f 2984 2983 10109
f 10126 10127 10128
f 10127 10129 10128
f 10128 10129 10130
f 10131 10132 10128
f 10132 10133 10128
f 10128 10133 10126
f 10134 10135 10128
f 10135 10136 10128
f 10128 10136 10131
f 10137 10138 10128
f 10138 10139 10128
f 10128 10139 10134
f 10140 10141 10128
f 10141 10142 10128
f 10128 10142 10137
f 10143 10144 10128
f 10144 10145 10128
f 10128 10145 10140
f 10146 10147 10128
f 10147 10148 10128
f 10128 10148 10143
f 10149 10150 10128
f 10150 10151 10128
f 10128 10151 10146
f 10152 10153 10128
f 10153 10154 10128
f 10128 10154 10149
f 10155 10156 10128
f 10156 10157 10128
f 10128 10157 10152
f 10158 10159 10128
f 10159 10160 10128
f 10128 10160 10155
f 10161 10162 10128
f 10162 10163 10128
f 10128 10163 10158
f 10164 10165 10128
f 10165 10166 10128
f 10128 10166 10161
f 10167 10168 10128
f 10168 10169 10128
f 10128 10169 10164
f 10170 10171 10128
f 10171 10172 10128
f 10128 10172 10167
f 10173 10174 10128
f 10174 10175 10128
f 10128 10175 10170
f 10176 10177 10128
f 10177 10178 10128
f 10128 10178 10173
f 10179 10180 10128
f 10180 10181 10128
f 10128 10181 10176
f 10182 10183 10128
f 10183 10184 10128
f 10128 10184 10179
f 10185 10186 10128
f 10186 10187 10128
f 10128 10187 10182
f 10188 10189 10128
f 10189 10190 10128
f 10128 10190 10185
f 10191 10192 10128
f 10192 10193 10128
f 10128 10193 10188
f 10194 10195 10128
f 10195 10196 10128
f 10128 10196 10191
f 10130 10197 10128
f 10197 10198 10128
f 10128 10198 10194
f 10129 10199 10130
f 10199 10200 10130
f 10130 10200 10197
f 10200 10201 10197
f 10197 10201 10198
f 10201 10202 10198
f 10198 10202 10194
f 10202 10203 10194
f 10194 10203 10195
f 10203 10204 10195
f 10195 10204 10196
f 10204 10205 10196
f 10196 10205 10191
f 10205 10206 10191
f 10191 10206 10192
f 10206 10207 10192
f 10192 10207 10193
f 10207 10208 10193
f 10193 10208 10188
f 10208 10209 10188
f 10188 10209 10189
f 10209 10210 10189
f 10189 10210 10190
f 10210 10211 10190
f 10190 10211 10185
f 10211 10212 10185
f 10185 10212 10186
f 10212 10213 10186
f 10186 10213 10187
f 10213 10214 10187
f 10187 10214 10182
f 10214 10215 10182
f 10182 10215 10183
f 10215 10216 10183
f 10183 10216 10184
f 10216 10217 10184
f 10184 10217 10179
f 10217 10218 10179
f 10179 10218 10180
f 10218 10219 10180
f 10180 10219 10181
f 10219 10220 10181
f 10181 10220 10176
f 10220 10221 10176
f 10176 10221 10177
f 10221 10222 10177
f 10177 10222 10178
f 10222 10223 10178
f 10178 10223 10173
f 10223 10224 10173
f 10173 10224 10174
f 10224 10225 10174
f 10174 10225 10175
f 10225 10226 10175
f 10175 10226 10170
f 10226 10227 10170
f 10170 10227 10171
f 10227 10228 10171
f 10171 10228 10172
f 10228 10229 10172
f 10172 10229 10167
f 10229 10230 10167
f 10167 10230 10168
f 10230 10231 10168
f 10168 10231 10169
f 10231 10232 10169
f 10169 10232 10164
f 10232 10233 10164
f 10164 10233 10165
f 10233 10234 10165
f 10165 10234 10166
f 10234 10235 10166
f 10166 10235 10161
f 10235 10236 10161
f 10161 10236 10162
f 10236 10237 10162
f 10162 10237 10163
f 10237 10238 10163
f 10163 10238 10158
f 10238 10239 10158
f 10158 10239 10159
f 10239 10240 10159
f 10159 10240 10160
f 10240 10241 10160
f 10160 10241 10155
f 10241 10242 10155
f 10155 10242 10156
f 10242 10243 10156
f 10156 10243 10157
f 10243 10244 10157
f 10157 10244 10152
f 10244 10245 10152
f 10152 10245 10153
f 10245 10246 10153
f 10153 10246 10154
f 10246 10247 10154
f 10154 10247 10149
f 10247 10248 10149
f 10149 10248 10150
f 10248 10249 10150
f 10150 10249 10151
f 10249 10250 10151
f 10151 10250 10146
f 10250 10251 10146
f 10146 10251 10147
f 10251 10252 10147
f 10147 10252 10148
f 10252 10253 10148
f 10148 10253 10143
f 10253 10254 10143
f 10143 10254 10144
f 10254 10255 10144
f 10144 10255 10145
f 10255 10256 10145
f 10145 10256 10140
f 10256 10257 10140
f 10140 10257 10141
f 10257 10258 10141
f 10141 10258 10142
f 10258 10259 10142
f 10142 10259 10137
f 10259 10260 10137
f 10137 10260 10138
f 10260 10261 10138
f 10138 10261 10139
f 10261 10262 10139
f 10139 10262 10134
f 10262 10263 10134
f 10134 10263 10135
f 10263 10264 10135
f 10135 10264 10136
f 10264 10265 10136
f 10136 10265 10131
f 10265 10266 10131
f 10131 10266 10132
f 10266 10267 10132
f 10132 10267 10133
f 10267 10268 10133
f 10133 10268 10126
f 10268 10269 10126
f 10126 10269 10127
f 10269 10270 10127
f 10127 10270 10129
f 10270 10199 10129
f 10254 3146 10255
f 3146 3148 10255
f 10255 3148 10256
f 3148 3150 10256
f 10256 3150 10257
f 3150 3152 10257
f 10257 3152 10258
f 3152 3154 10258
f 10258 3154 10259
f 3154 3156 10259
f 10259 3156 10260
f 3156 3158 10260
f 10260 3158 10261
f 3158 3160 10261
f 10261 3160 10262
f 3160 3161 10262
f 10262 3161 10263
f 3161 3085 10263
f 10263 3085 10264
f 3085 3084 10264
f 10264 3084 10265
f 3084 3083 10265
f 10265 3083 10266
f 3083 3060 10266
f 10266 3060 10267
f 3060 3059 10267
f 10267 3059 10268
f 3059 3058 10268
f 10268 3058 10269
f 3058 3016 10269
f 10269 3016 10270
f 3016 3015 10270
f 10270 3015 10199
f 3015 3064 10199
f 10199 3064 10200
f 3064 3062 10200
f 10200 3062 10201
f 3062 3061 10201
f 10201 3061 10202
f 3061 3238 10202
f 10202 3238 10203
f 3238 3237 10203
f 10203 3237 10204
f 3237 3236 10204
f 10204 3236 10205
f 3236 3169 10205
f 10205 3169 10206
f 3169 3168 10206
f 10206 3168 10207
f 3168 3328 10207
f 10207 3328 10208
f 3328 3327 10208
f 10208 3327 10209
f 3327 3090 10209
f 10209 3090 10210
f 3090 3089 10210
f 10210 3089 10211
f 3089 3437 10211
f 10211 3437 10212
f 3437 3436 10212
f 10212 3436 10213
f 3436 3435 10213
f 10213 3435 10214
f 3435 3374 10214
f 10214 3374 10215
f 3374 3376 10215
f 10215 3376 10216
f 3376 3399 10216
f 10216 3399 10217
f 3399 3398 10217
f 10217 3398 10218
f 3398 3397 10218
f 10218 3397 10219
f 3397 3326 10219
f 10219 3326 10220
f 3326 3324 10220
f 10220 3324 10221
f 3324 3323 10221
f 10221 3323 10222
f 3323 3322 10222
f 10222 3322 10223
f 3322 3321 10223
f 10223 3321 10224
f 3321 3320 10224
f 10224 3320 10225
f 3320 3264 10225
f 10225 3264 10226
f 3264 3262 10226
f 10226 3262 10227
f 3262 3261 10227
f 10227 3261 10228
f 3261 3127 10228
f 10228 3127 10229
f 3127 3126 10229
f 10229 3126 10230
f 3126 3124 10230
f 10230 3124 10231
f 3124 3123 10231
f 10231 3123 10232
f 3123 3122 10232
f 10232 3122 10233
f 3122 3121 10233
f 10233 3121 10234
f 3121 3119 10234
f 10234 3119 10235
f 3119 3118 10235
f 10235 3118 10236
f 3118 3167 10236
f 10236 3167 10237
f 3167 3166 10237
f 10237 3166 10238
f 3166 3165 10238
f 10238 3165 10239
f 3165 3117 10239
f 10239 3117 10240
f 3117 3116 10240
f 10240 3116 10241
f 3116 3114 10241
f 10241 3114 10242
f 3114 3113 10242
f 10242 3113 10243
f 3113 3164 10243
f 10243 3164 10244
f 3164 3163 10244
f 10244 3163 10245
f 3163 3162 10245
f 10245 3162 10246
f 3162 3112 10246
f 10246 3112 10247
f 3112 3111 10247
f 10247 3111 10248
f 3111 3110 10248
f 10248 3110 10249
f 3110 3109 10249
f 10249 3109 10250
f 3109 3108 10250
f 10250 3108 10251
f 3108 3107 10251
f 10251 3107 10252
f 3107 3086 10252
f 10252 3086 10253
f 3086 2994 10253
f 10253 2994 10254
f 2994 3146 10254
f 10271 10272 10273
f 10272 10274 10273
f 10273 10274 10275
f 10276 10277 10273
f 10277 10278 10273
f 10273 10278 10271
f 10279 10280 10273
f 10280 10281 10273
f 10273 10281 10276
f 10282 10283 10273
f 10283 10284 10273
f 10273 10284 10279
f 10285 10286 10273
f 10286 10287 10273
f 10273 10287 10282
f 10288 10289 10273
f 10289 10290 10273
f 10273 10290 10285
f 10291 10292 10273
f 10292 10293 10273
f 10273 10293 10288
f 10294 10295 10273
f 10295 10296 10273
f 10273 10296 10291
f 10297 10298 10273
f 10298 10299 10273
f 10273 10299 10294
f 10300 10301 10273
f 10301 10302 10273
f 10273 10302 10297
f 10303 10304 10273
f 10304 10305 10273
f 10273 10305 10300
f 10306 10307 10273
f 10307 10308 10273
f 10273 10308 10303
f 10309 10310 10273
f 10310 10311 10273
f 10273 10311 10306
f 10312 10313 10273
f 10313 10314 10273
f 10273 10314 10309
f 10315 10316 10273
f 10316 10317 10273
f 10273 10317 10312
f 10318 10319 10273
f 10319 10320 10273
f 10273 10320 10315
f 10321 10322 10273
f 10322 10323 10273
f 10273 10323 10318
f 10324 10325 10273
f 10325 10326 10273
f 10273 10326 10321
f 10327 10328 10273
f 10328 10329 10273
f 10273 10329 10324
f 10330 10331 10273
f 10331 10332 10273
f 10273 10332 10327
f 10333 10334 10273
f 10334 10335 10273
f 10273 10335 10330
f 10336 10337 10273
f 10337 10338 10273
f 10273 10338 10333
f 10339 10340 10273
f 10340 10341 10273
f 10273 10341 10336
f 10275 10342 10273
f 10342 10343 10273
f 10273 10343 10339
f 10274 10344 10275
f 10344 10345 10275
f 10275 10345 10342
f 10345 10346 10342
f 10342 10346 10343
f 10346 10347 10343
f 10343 10347 10339
f 10347 10348 10339
f 10339 10348 10340
f 10348 10349 10340
f 10340 10349 10341
f 10349 10350 10341
f 10341 10350 10336
f 10350 10351 10336
f 10336 10351 10337
f 10351 10352 10337
f 10337 10352 10338
f 10352 10353 10338
f 10338 10353 10333
f 10353 10354 10333
f 10333 10354 10334
f 10354 10355 10334
f 10334 10355 10335
f 10355 10356 10335
f 10335 10356 10330
f 10356 10357 10330
f 10330 10357 10331
f 10357 10358 10331
f 10331 10358 10332
f 10358 10359 10332
f 10332 10359 10327
f 10359 10360 10327
f 10327 10360 10328
f 10360 10361 10328
f 10328 10361 10329
f 10361 10362 10329
f 10329 10362 10324
f 10362 10363 10324
f 10324 10363 10325
f 10363 10364 10325
f 10325 10364 10326
f 10364 10365 10326
f 10326 10365 10321
f 10365 10366 10321
f 10321 10366 10322
f 10366 10367 10322
f 10322 10367 10323
f 10367 10368 10323
f 10323 10368 10318
f 10368 10369 10318
f 10318 10369 10319
f 10369 10370 10319
f 10319 10370 10320
f 10370 10371 10320
f 10320 10371 10315
f 10371 10372 10315
f 10315 10372 10316
f 10372 10373 10316
f 10316 10373 10317
f 10373 10374 10317
f 10317 10374 10312
f 10374 10375 10312
f 10312 10375 10313
f 10375 10376 10313
f 10313 10376 10314
f 10376 10377 10314
f 10314 10377 10309
f 10377 10378 10309
f 10309 10378 10310
f 10378 10379 10310
f 10310 10379 10311
f 10379 10380 10311
f 10311 10380 10306
f 10380 10381 10306
f 10306 10381 10307
f 10381 10382 10307
f 10307 10382 10308
f 10382 10383 10308
f 10308 10383 10303
f 10383 10384 10303
f 10303 10384 10304
f 10384 10385 10304
f 10304 10385 10305
f 10385 10386 10305
f 10305 10386 10300
f 10386 10387 10300
f 10300 10387 10301
f 10387 10388 10301
f 10301 10388 10302
f 10388 10389 10302
f 10302 10389 10297
f 10389 10390 10297
f 10297 10390 10298
f 10390 10391 10298
f 10298 10391 10299
f 10391 10392 10299
f 10299 10392 10294
f 10392 10393 10294
f 10294 10393 10295
f 10393 10394 10295
f 10295 10394 10296
f 10394 10395 10296
f 10296 10395 10291
f 10395 10396 10291
f 10291 10396 10292
f 10396 10397 10292
f 10292 10397 10293
f 10397 10398 10293
f 10293 10398 10288
f 10398 10399 10288
f 10288 10399 10289
f 10399 10400 10289
f 10289 10400 10290
f 10400 10401 10290
f 10290 10401 10285
f 10401 10402 10285
f 10285 10402 10286
f 10402 10403 10286
f 10286 10403 10287
f 10403 10404 10287
f 10287 10404 10282
f 10404 10405 10282
f 10282 10405 10283
f 10405 10406 10283
f 10283 10406 10284
f 10406 10407 10284
f 10284 10407 10279
f 10407 10408 10279
f 10279 10408 10280
f 10408 10409 10280
f 10280 10409 10281
f 10409 10410 10281
f 10281 10410 10276
f 10410 10411 10276
f 10276 10411 10277
f 10411 10412 10277
f 10277 10412 10278
f 10412 10413 10278
f 10278 10413 10271
f 10413 10414 10271
f 10271 10414 10272
f 10414 10415 10272
f 10272 10415 10274
f 10415 10344 10274
f 10399 3057 10400
f 3057 3174 10400
f 10400 3174 10401
f 3174 3176 10401
f 10401 3176 10402
f 3176 3178 10402
f 10402 3178 10403
f 3178 3180 10403
f 10403 3180 10404
f 3180 3182 10404
f 10404 3182 10405
f 3182 3184 10405
f 10405 3184 10406
f 3184 3186 10406
f 10406 3186 10407
f 3186 3188 10407
f 10407 3188 10408
f 3188 3190 10408
f 10408 3190 10409
f 3190 3192 10409
f 10409 3192 10410
f 3192 3194 10410
f 10410 3194 10411
f 3194 3196 10411
f 10411 3196 10412
f 3196 3198 10412
f 10412 3198 10413
f 3198 3200 10413
f 10413 3200 10414
f 3200 3202 10414
f 10414 3202 10415
f 3202 3204 10415
f 10415 3204 10344
f 3204 3206 10344
f 10344 3206 10345
f 3206 3208 10345
f 10345 3208 10346
f 3208 3210 10346
f 10346 3210 10347
f 3210 3212 10347
f 10347 3212 10348
f 3212 3214 10348
f 10348 3214 10349
f 3214 3215 10349
f 10349 3215 10350
f 3215 3098 10350
f 10350 3098 10351
f 3098 3097 10351
f 10351 3097 10352
f 3097 3096 10352
f 10352 3096 10353
f 3096 3040 10353
f 10353 3040 10354
f 3040 3243 10354
f 10354 3243 10355
f 3243 3244 10355
f 10355 3244 10356
f 3244 3299 10356
f 10356 3299 10357
f 3299 3298 10357
f 10357 3298 10358
f 3298 3140 10358
f 10358 3140 10359
f 3140 3139 10359
f 10359 3139 10360
f 3139 3220 10360
f 10360 3220 10361
f 3220 3329 10361
f 10361 3329 10362
f 3329 3006 10362
f 10362 3006 10363
f 3006 3009 10363
f 10363 3009 10364
f 3009 3229 10364
f 10364 3229 10365
f 3229 3228 10365
f 10365 3228 10366
f 3228 3099 10366
f 10366 3099 10367
f 3099 3100 10367
f 10367 3100 10368
f 3100 3101 10368
f 10368 3101 10369
f 3101 3386 10369
f 10369 3386 10370
f 3386 3385 10370
f 10370 3385 10371
f 3385 3384 10371
f 10371 3384 10372
f 3384 3306 10372
f 10372 3306 10373
f 3306 3307 10373
f 10373 3307 10374
f 3307 3308 10374
f 10374 3308 10375
f 3308 3425 10375
f 10375 3425 10376
f 3425 3455 10376
f 10376 3455 10377
f 3455 3422 10377
f 10377 3422 10378
f 3422 3470 10378
f 10378 3470 10379
f 3470 3469 10379
f 10379 3469 10380
f 3469 3305 10380
f 10380 3305 10381
f 3305 3304 10381
f 10381 3304 10382
f 3304 3303 10382
f 10382 3303 10383
f 3303 3302 10383
f 10383 3302 10384
f 3302 3301 10384
f 10384 3301 10385
f 3301 3300 10385
f 10385 3300 10386
f 3300 3227 10386
f 10386 3227 10387
f 3227 3226 10387
f 10387 3226 10388
f 3226 3225 10388
f 10388 3225 10389
f 3225 3049 10389
f 10389 3049 10390
f 3049 3048 10390
f 10390 3048 10391
f 3048 3047 10391
f 10391 3047 10392
f 3047 3046 10392
f 10392 3046 10393
f 3046 3045 10393
f 10393 3045 10394
f 3045 3044 10394
f 10394 3044 10395
f 3044 3041 10395
f 10395 3041 10396
f 3041 3043 10396
f 10396 3043 10397
f 3043 3012 10397
f 10397 3012 10398
f 3012 3055 10398
f 10398 3055 10399
f 3055 3057 10399
f 10416 10417 10418
f 10417 10419 10418
f 10418 10419 10420
f 10421 10422 10418
f 10422 10423 10418
f 10418 10423 10416
f 10424 10425 10418
f 10425 10426 10418
f 10418 10426 10421
f 10427 10428 10418
f 10428 10429 10418
f 10418 10429 10424
f 10430 10431 10418
f 10431 10432 10418
f 10418 10432 10427
f 10433 10434 10418
f 10434 10435 10418
f 10418 10435 10430
f 10436 10437 10418
f 10437 10438 10418
f 10418 10438 10433
f 10439 10440 10418
f 10440 10441 10418
f 10418 10441 10436
f 10442 10443 10418
f 10443 10444 10418
f 10418 10444 10439
f 10445 10446 10418
f 10446 10447 10418
f 10418 10447 10442
f 10448 10449 10418
f 10449 10450 10418
f 10418 10450 10445
f 10451 10452 10418
f 10452 10453 10418
f 10418 10453 10448
f 10454 10455 10418
f 10455 10456 10418
f 10418 10456 10451
f 10457 10458 10418
f 10458 10459 10418
f 10418 10459 10454
f 10460 10461 10418
f 10461 10462 10418
f 10418 10462 10457
f 10463 10464 10418
f 10464 10465 10418
f 10418 10465 10460
f 10466 10467 10418
f 10467 10468 10418
f 10418 10468 10463
f 10469 10470 10418
f 10470 10471 10418
f 10418 10471 10466
f 10472 10473 10418
f 10473 10474 10418
f 10418 10474 10469
f 10475 10476 10418
f 10476 10477 10418
f 10418 10477 10472
f 10478 10479 10418
f 10479 10480 10418
f 10418 10480 10475
f 10481 10482 10418
f 10482 10483 10418
f 10418 10483 10478
f 10484 10485 10418
f 10485 10486 10418
f 10418 10486 10481
f 10420 10487 10418
f 10487 10488 10418
f 10418 10488 10484
f 10419 10489 10420
f 10489 10490 10420
f 10420 10490 10487
f 10490 10491 10487
f 10487 10491 10488
f 10491 10492 10488
f 10488 10492 10484
f 10492 10493 10484
f 10484 10493 10485
f 10493 10494 10485
f 10485 10494 10486
f 10494 10495 10486
f 10486 10495 10481
f 10495 10496 10481
f 10481 10496 10482
f 10496 10497 10482
f 10482 10497 10483
f 10497 10498 10483
f 10483 10498 10478
f 10498 10499 10478
f 10478 10499 10479
f 10499 10500 10479
f 10479 10500 10480
f 10500 10501 10480
f 10480 10501 10475
f 10501 10502 10475
f 10475 10502 10476
f 10502 10503 10476
f 10476 10503 10477
f 10503 10504 10477
f 10477 10504 10472
f 10504 10505 10472
f 10472 10505 10473
f 10505 10506 10473
f 10473 10506 10474
f 10506 10507 10474
f 10474 10507 10469
f 10507 10508 10469
f 10469 10508 10470
f 10508 10509 10470
f 10470 10509 10471
f 10509 10510 10471
f 10471 10510 10466
f 10510 10511 10466
f 10466 10511 10467
f 10511 10512 10467
f 10467 10512 10468
f 10512 10513 10468
f 10468 10513 10463
f 10513 10514 10463
f 10463 10514 10464
f 10514 10515 10464
f 10464 10515 10465
f 10515 10516 10465
f 10465 10516 10460
f 10516 10517 10460
f 10460 10517 10461
f 10517 10518 10461
f 10461 10518 10462
f 10518 10519 10462
f 10462 10519 10457
f 10519 10520 10457
f 10457 10520 10458
f 10520 10521 10458
f 10458 10521 10459
f 10521 10522 10459
f 10459 10522 10454
f 10522 10523 10454
f 10454 10523 10455
f 10523 10524 10455
f 10455 10524 10456
f 10524 10525 10456
f 10456 10525 10451
f 10525 10526 10451
f 10451 10526 10452
f 10526 10527 10452
f 10452 10527 10453
f 10527 10528 10453
f 10453 10528 10448
f 10528 10529 10448
f 10448 10529 10449
f 10529 10530 10449
f 10449 10530 10450
f 10530 10531 10450
f 10450 10531 10445
f 10531 10532 10445
f 10445 10532 10446
f 10532 10533 10446
f 10446 10533 10447
f 10533 10534 10447
f 10447 10534 10442
f 10534 10535 10442
f 10442 10535 10443
f 10535 10536 10443
f 10443 10536 10444
f 10536 10537 10444
f 10444 10537 10439
f 10537 10538 10439
f 10439 10538 10440
f 10538 10539 10440
f 10440 10539 10441
f 10539 10540 10441
f 10441 10540 10436
f 10540 10541 10436
f 10436 10541 10437
f 10541 10542 10437
f 10437 10542 10438
f 10542 10543 10438
f 10438 10543 10433
f 10543 10544 10433
f 10433 10544 10434
f 10544 10545 10434
f 10434 10545 10435
f 10545 10546 10435
f 10435 10546 10430
f 10546 10547 10430
f 10430 10547 10431
f 10547 10548 10431
f 10431 10548 10432
f 10548 10549 10432
f 10432 10549 10427
f 10549 10550 10427
f 10427 10550 10428
f 10550 10551 10428
f 10428 10551 10429
f 10551 10552 10429
f 10429 10552 10424
f 10552 10553 10424
f 10424 10553 10425
f 10553 10554 10425
f 10425 10554 10426
f 10554 10555 10426
f 10426 10555 10421
f 10555 10556 10421
f 10421 10556 10422
f 10556 10557 10422
f 10422 10557 10423
f 10557 10558 10423
f 10423 10558 10416
f 10558 10559 10416
f 10416 10559 10417
f 10559 10560 10417
f 10417 10560 10419
f 10560 10489 10419
f 10544 3004 10545
f 3004 3141 10545
f 10545 3141 10546
f 3141 3242 10546
f 10546 3242 10547
f 3242 3219 10547
f 10547 3219 10548
f 3219 3218 10548
f 10548 3218 10549
f 3218 3217 10549
f 10549 3217 10550
f 3217 3138 10550
f 10550 3138 10551
f 3138 3137 10551
f 10551 3137 10552
f 3137 3216 10552
f 10552 3216 10553
f 3216 3241 10553
f 10553 3241 10554
f 3241 3240 10554
f 10554 3240 10555
f 3240 3239 10555
f 10555 3239 10556
f 3239 2990 10556
f 10556 2990 10557
f 2990 2989 10557
f 10557 2989 10558
f 2989 3330 10558
f 10558 3330 10559
f 3330 3332 10559
f 10559 3332 10560
f 3332 3334 10560
f 10560 3334 10489
f 3334 3336 10489
f 10489 3336 10490
f 3336 3338 10490
f 10490 3338 10491
f 3338 3340 10491
f 10491 3340 10492
f 3340 3342 10492
f 10492 3342 10493
f 3342 3344 10493
f 10493 3344 10494
f 3344 3346 10494
f 10494 3346 10495
f 3346 3348 10495
f 10495 3348 10496
f 3348 3350 10496
f 10496 3350 10497
f 3350 3352 10497
f 10497 3352 10498
f 3352 3354 10498
f 10498 3354 10499
f 3354 3356 10499
f 10499 3356 10500
f 3356 3358 10500
f 10500 3358 10501
f 3358 3360 10501
f 10501 3360 10502
f 3360 3362 10502
f 10502 3362 10503
f 3362 3364 10503
f 10503 3364 10504
f 3364 3366 10504
f 10504 3366 10505
f 3366 3368 10505
f 10505 3368 10506
f 3368 3419 10506
f 10506 3419 10507
f 3419 3417 10507
f 10507 3417 10508
f 3417 3415 10508
f 10508 3415 10509
f 3415 3413 10509
f 10509 3413 10510
f 3413 3411 10510
f 10510 3411 10511
f 3411 3409 10511
f 10511 3409 10512
f 3409 3407 10512
f 10512 3407 10513
f 3407 3405 10513
f 10513 3405 10514
f 3405 3403 10514
f 10514 3403 10515
f 3403 3401 10515
f 10515 3401 10516
f 3401 3400 10516
f 10516 3400 10517
f 3400 3250 10517
f 10517 3250 10518
f 3250 3249 10518
f 10518 3249 10519
f 3249 3248 10519
f 10519 3248 10520
f 3248 3247 10520
f 10520 3247 10521
f 3247 3246 10521
f 10521 3246 10522
f 3246 3245 10522
f 10522 3245 10523
f 3245 3221 10523
f 10523 3221 10524
f 3221 3223 10524
f 10524 3223 10525
f 3223 3224 10525
f 10525 3224 10526
f 3224 3434 10526
f 10526 3434 10527
f 3434 3255 10527
f 10527 3255 10528
f 3255 3311 10528
f 10528 3311 10529
f 3311 3369 10529
f 10529 3369 10530
f 3369 3252 10530
f 10530 3252 10531
f 3252 3309 10531
f 10531 3309 10532
f 3309 3106 10532
f 10532 3106 10533
f 3106 3105 10533
f 10533 3105 10534
f 3105 3103 10534
f 10534 3103 10535
f 3103 3102 10535
f 10535 3102 10536
f 3102 3051 10536
f 10536 3051 10537
f 3051 3050 10537
f 10537 3050 10538
f 3050 3143 10538
f 10538 3143 10539
f 3143 3142 10539
f 10539 3142 10540
f 3142 3008 10540
f 10540 3008 10541
f 3008 3007 10541
f 10541 3007 10542
f 3007 3251 10542
f 10542 3251 10543
f 3251 3005 10543
f 10543 3005 10544
f 3005 3004 10544
f 5019 5018 4969
f 4946 4945 5084
f 5084 5083 4946
f 5083 5031 4946
f 4946 5031 4959
f 5031 5030 4959
f 4959 5030 4960
f 5030 5028 4960
f 4960 5028 4934
f 5028 5027 4934
f 4934 5027 4935
f 5027 5025 4935
f 4935 5025 4936
f 5025 5024 4936
f 4936 5024 4918
f 5024 5022 4918
f 4918 5022 4919
f 5022 5021 4919
f 4966 4965 5235
f 4965 4964 5235
f 5235 4964 5200
f 4964 4971 5200
f 5200 4971 5021
f 4971 4970 5021
f 5021 4970 4919
f 4947 4958 5253
f 4958 4957 5253
f 5253 4957 5235
f 4957 4956 5235
f 5235 4956 4966
f 4950 4949 5253
f 4949 4948 5253
f 5253 4948 4947
f 5019 4969 5271
f 4969 4968 5271
f 5271 4968 4967
f 4967 4963 5271
f 4963 4962 5271
f 5271 4962 5253
f 4962 4961 5253
f 5253 4961 4950
f 4939 4938 5015
f 4938 4937 5015
f 5015 4937 5016
f 4937 4973 5016
f 5016 4973 5018
f 4973 4972 5018
f 5018 4972 4969
f 5015 5013 4939
f 5013 5012 4939
f 4939 5012 4940
f 5012 4951 4940
f 5009 5320 4921
f 5012 5010 4951
f 5010 5009 4951
f 4951 5009 4952
f 5009 4921 4952
f 5320 5321 4921
f 5321 5033 4921
f 4921 5033 4922
f 9541 9629 9533
f 9629 9656 9533
f 9533 9656 9534
f 9656 9655 9534
f 9534 9655 9546
f 9655 9634 9546
f 9546 9634 9547
f 9634 9633 9547
f 9547 9633 9535
f 9633 9644 9535
f 9535 9644 9531
f 9644 9669 9531
f 9531 9669 9532
f 9669 9668 9532
f 9532 9668 9548
f 9668 9626 9548
f 9548 9626 9549
f 9626 9625 9549
f 9549 9625 9550
f 9625 9631 9550
f 9550 9631 9551
f 9631 9630 9551
f 9551 9630 9552
f 9630 9654 9552
f 9552 9654 9553
f 9654 9653 9553
f 9553 9653 9577
f 9653 9652 9577
f 9577 9652 9578
f 9652 9667 9578
f 9578 9667 9579
f 9667 9632 9579
f 9579 9632 9602
f 9632 9651 9602
f 9602 9651 9603
f 9651 9605 9603
f 9635 9629 9530
f 9629 9541 9530
f 10561 7486 7488
f 7486 7487 7488
f 1733 10561 1737
f 10561 7488 1737
f 10562 1824 10563
f 1824 1823 10563
f 10563 1823 10564
f 10564 1823 10565
f 1823 1822 10565
f 10565 1822 10566
f 10566 1822 10567
f 1822 1798 10567
f 10567 1798 10568
f 10568 1798 10569
f 1798 1797 10569
f 10569 1797 10570
f 10570 1797 10571
f 1797 1796 10571
f 10571 1796 10572
f 10572 1796 10573
f 1796 1795 10573
f 10573 1795 10574
f 10574 1795 10575
f 1795 1794 10575
f 10575 1794 10576
f 10576 1794 10577
f 1794 1793 10577
f 10577 1793 10578
f 10578 1793 10579
f 1793 1792 10579
f 10579 1792 10580
f 1792 1821 10580
f 10580 1821 10581
f 1821 1820 10581
f 10581 1820 10582
f 1820 1755 10582
f 10582 1755 10583
f 1755 1754 10583
f 10583 1754 10584
f 1754 1819 10584
f 10584 1819 10585
f 1819 1818 10585
f 10585 1818 10586
f 1818 1791 10586
f 10586 1791 10587
f 1791 1790 10587
f 10587 1790 10588
f 1790 1946 10588
f 10588 1946 10589
f 10590 1768 1770
f 10591 2769 2768
f 1895 2769 1841
f 2769 10591 1841
f 1841 10591 1825
f 10591 10592 1825
f 1825 10592 1826
f 10592 10593 1826
f 1826 10593 1842
f 10593 10594 1842
f 1842 10594 1843
f 1843 10594 1844
f 10594 10595 1844
f 1844 10595 1867
f 1867 10595 1868
f 10595 10596 1868
f 1868 10596 1869
f 1869 10596 1893
f 10596 10597 1893
f 1893 10597 1894
f 1894 10597 1870
f 10597 10598 1870
f 1870 10598 1871
f 1871 10598 1924
f 10598 10599 1924
f 1924 10599 1925
f 10599 10600 1925
f 1925 10600 1872
f 1872 10600 1873
f 10600 10601 1873
f 1873 10601 1874
f 1874 10601 1875
f 10601 10602 1875
f 1875 10602 1876
f 1770 1771 10590
f 1771 1772 10590
f 10590 1772 10603
f 1772 1878 10603
f 10603 1878 10604
f 1878 1877 10604
f 2768 10605 10591
f 10605 10606 10591
f 10591 10606 10592
f 10606 10607 10592
f 10592 10607 10593
f 10607 10608 10593
f 10593 10608 10594
f 10608 10609 10594
f 10594 10609 10595
f 10609 10610 10595
f 10595 10610 10596
f 10610 10611 10596
f 10611 10612 10596
f 10596 10612 10597
f 10612 10613 10597
f 10597 10613 10598
f 10613 10614 10598
f 10598 10614 10599
f 10614 10615 10599
f 10599 10615 10600
f 10616 10602 10617
f 10602 10601 10617
f 10617 10601 10618
f 10601 10600 10618
f 10618 10600 10619
f 10600 10615 10619
f 10620 10603 10616
f 10603 10604 10616
f 10616 10604 10602
f 10604 1877 10602
f 10602 1877 1876
f 10620 10621 10603
f 10621 10622 10603
f 10603 10622 10590
f 10622 10623 10590
f 10590 10623 1768
f 10624 10625 2902
f 2819 2818 10626
f 10626 10627 2819
f 10627 10628 2819
f 2819 10628 2871
f 10628 10629 2871
f 2871 10629 2872
f 10629 10630 2872
f 2872 10630 2830
f 10630 10631 2830
f 2830 10631 2831
f 10631 10632 2831
f 2831 10632 2832
f 10632 10633 2832
f 2832 10633 2833
f 10633 10634 2833
f 2833 10634 2834
f 10634 10635 2834
f 2894 2848 10636
f 2848 2847 10636
f 10636 2847 10637
f 2847 2885 10637
f 10637 2885 10635
f 2885 2884 10635
f 10635 2884 2834
f 2859 2858 10638
f 2858 2896 10638
f 10638 2896 10636
f 2896 2895 10636
f 10636 2895 2894
f 2875 2874 10638
f 2874 2873 10638
f 10638 2873 2859
f 10624 2902 10639
f 2902 2901 10639
f 10639 2901 2900
f 2900 2891 10639
f 2891 2890 10639
f 10639 2890 10638
f 2890 2889 10638
f 10638 2889 2875
f 2886 2836 10640
f 2836 2835 10640
f 10640 2835 10641
f 2835 2904 10641
f 10641 2904 10625
f 2904 2903 10625
f 10625 2903 2902
f 10640 10642 2886
f 10642 10643 2886
f 2886 10643 2887
f 10643 2888 2887
f 10644 10645 2893
f 10643 10646 2888
f 10646 10644 2888
f 2888 10644 2892
f 10644 2893 2892
f 10645 10647 2893
f 10647 10648 2893
f 2893 10648 2837
f 10644 10646 10649
f 10643 10642 10650
f 10640 10641 10651
f 10625 10624 10652
f 10635 10634 10653
f 10633 10632 10654
f 10631 10630 10655
f 10629 10628 10656
f 2838 2837 10648
f 2979 2981 10657
f 2966 2969 10658
f 2954 2957 10659
f 2910 2945 10660
f 2929 2926 10661
f 2927 2920 3159
f 10661 2926 3159
f 2926 2924 3159
f 3159 2924 2927
f 10662 2932 10663
f 2932 2916 10663
f 2916 2917 10663
f 2917 2931 10663
f 10663 2931 10661
f 2931 2930 10661
f 10661 2930 2929
f 2941 2940 10664
f 2940 2936 10664
f 10664 2936 10662
f 2936 2933 10662
f 10662 2933 2932
f 10660 2945 10665
f 2945 2913 10665
f 2913 2939 10665
f 10665 2939 10664
f 2939 2944 10664
f 10664 2944 2941
f 10659 2957 10666
f 2957 2950 10666
f 2950 2949 10666
f 10666 2949 10660
f 2949 2946 10660
f 10660 2946 2910
f 10658 2969 10667
f 2969 2961 10667
f 2961 2962 10667
f 10667 2962 10659
f 2962 2956 10659
f 10659 2956 2954
f 10657 2981 10668
f 2981 2973 10668
f 2973 2975 10668
f 10668 2975 10658
f 2975 2964 10658
f 10658 2964 2966
f 10669 2845 10670
f 2845 2977 10670
f 10670 2977 10657
f 2977 2980 10657
f 10657 2980 2979
f 2857 2856 10671
f 2856 2855 10671
f 10671 2855 10669
f 2855 2841 10669
f 10669 2841 2845
f 2857 10671 2868
f 10671 10672 2868
f 2868 10672 2869
f 10627 10626 10673
f 10626 2818 10673
f 2818 2883 10673
f 2883 2882 10673
f 10673 2882 10672
f 2882 2870 10672
f 10672 2870 2869
f 2823 2862 10674
f 2862 2861 10674
f 2824 10675 2825
f 10675 10676 2825
f 2825 10676 2826
f 10676 2827 2826
f 2827 10676 2828
f 10676 10677 2828
f 2828 10677 2829
f 10678 10679 10680
f 10679 10681 10680
f 10680 10681 10677
f 10681 10682 10677
f 10677 10682 2829
f 10678 10680 10683
f 10680 10684 10683
f 10683 10684 10685
f 10685 10684 10686
f 10684 10687 10686
f 10686 10687 10688
f 10689 10690 10687
f 10690 10691 10687
f 10687 10691 10688
f 10692 10693 10694
f 10693 10695 10694
f 10694 10695 10689
f 10695 10696 10689
f 10689 10696 10690
f 10692 10694 10697
f 10694 10698 10697
f 10697 10698 10699
f 10699 10698 10700
f 10698 10701 10700
f 10700 10701 10702
f 10703 10704 10701
f 10704 10705 10701
f 10701 10705 10702
f 10706 10707 10708
f 10707 10709 10708
f 10708 10709 10703
f 10709 10710 10703
f 10703 10710 10704
f 10706 10708 10711
f 10708 10712 10711
f 10711 10712 10713
f 10714 10715 10712
f 10715 10716 10712
f 10712 10716 10713
f 10717 10718 10719
f 10718 10720 10719
f 10719 10720 10714
f 10720 10721 10714
f 10714 10721 10715
f 10717 10719 10722
f 10719 3088 10722
f 10722 3088 3087
f 2992 3088 10723
f 3088 10719 10723
f 10723 10719 10724
f 10719 10714 10724
f 10724 10714 10725
f 10714 10712 10725
f 10725 10712 10726
f 10712 10708 10726
f 10726 10708 10727
f 10708 10703 10727
f 10727 10703 10728
f 10703 10701 10728
f 10728 10701 10729
f 10701 10698 10729
f 10729 10698 10730
f 10698 10694 10730
f 10730 10694 10731
f 10694 10689 10731
f 10731 10689 10732
f 10689 10687 10732
f 10732 10687 10733
f 10687 10684 10733
f 10733 10684 10734
f 10684 10680 10734
f 10734 10680 10735
f 10680 10677 10735
f 10735 10677 10736
f 10677 10676 10736
f 10736 10676 10737
f 10676 10675 10737
f 10737 10675 10738
f 2993 2992 10739
f 2992 10723 10739
f 10739 10723 10740
f 10723 10724 10740
f 10740 10724 10741
f 10724 10725 10741
f 10741 10725 10742
f 10725 10726 10742
f 10742 10726 10743
f 10726 10727 10743
f 10743 10727 10744
f 10727 10728 10744
f 10744 10728 10745
f 10728 10729 10745
f 10745 10729 10746
f 10729 10730 10746
f 10746 10730 10747
f 10730 10731 10747
f 10747 10731 10748
f 10731 10732 10748
f 10748 10732 10749
f 10732 10733 10749
f 10749 10733 10750
f 10733 10734 10750
f 10750 10734 10751
f 10734 10735 10751
f 10751 10735 10752
f 10735 10736 10752
f 10752 10736 10753
f 10736 10737 10753
f 10753 10737 10754
f 10737 10738 10754
f 10754 10738 10649
f 10755 10674 10756
f 10674 2861 10756
f 10756 2861 2860
f 10628 10627 10656
f 10627 10673 10656
f 10656 10673 10757
f 10673 10672 10757
f 10757 10672 10758
f 10672 10671 10758
f 10758 10671 10759
f 10671 10669 10759
f 10759 10669 10760
f 10669 10670 10760
f 10760 10670 10761
f 10670 10657 10761
f 10761 10657 10762
f 10657 10668 10762
f 10762 10668 10763
f 10668 10658 10763
f 10763 10658 10764
f 10658 10667 10764
f 10764 10667 10765
f 10667 10659 10765
f 10765 10659 10766
f 10659 10666 10766
f 10766 10666 10767
f 10666 10660 10767
f 10767 10660 10768
f 10660 10665 10768
f 10768 10665 10769
f 10665 10664 10769
f 10769 10664 10770
f 10664 10662 10770
f 10770 10662 10771
f 10662 10663 10771
f 10771 10663 10772
f 10663 10661 10772
f 10772 10661 3157
f 10661 3159 3157
f 10630 10629 10655
f 10629 10656 10655
f 10655 10656 10773
f 10656 10757 10773
f 10773 10757 10774
f 10757 10758 10774
f 10774 10758 10775
f 10758 10759 10775
f 10775 10759 10776
f 10759 10760 10776
f 10776 10760 10777
f 10760 10761 10777
f 10777 10761 10778
f 10761 10762 10778
f 10778 10762 10779
f 10762 10763 10779
f 10779 10763 10780
f 10763 10764 10780
f 10780 10764 10781
f 10764 10765 10781
f 10781 10765 10782
f 10765 10766 10782
f 10782 10766 10783
f 10766 10767 10783
f 10783 10767 10784
f 10767 10768 10784
f 10784 10768 10785
f 10768 10769 10785
f 10785 10769 10786
f 10769 10770 10786
f 10786 10770 10787
f 10770 10771 10787
f 10787 10771 10788
f 10771 10772 10788
f 10788 10772 3155
f 10772 3157 3155
f 10632 10631 10654
f 10631 10655 10654
f 10654 10655 10789
f 10655 10773 10789
f 10789 10773 10790
f 10773 10774 10790
f 10790 10774 10791
f 10774 10775 10791
f 10791 10775 10792
f 10775 10776 10792
f 10792 10776 10793
f 10776 10777 10793
f 10793 10777 10794
f 10777 10778 10794
f 10794 10778 10795
f 10778 10779 10795
f 10795 10779 10796
f 10779 10780 10796
f 10796 10780 10797
f 10780 10781 10797
f 10797 10781 10798
f 10781 10782 10798
f 10798 10782 10799
f 10782 10783 10799
f 10799 10783 10800
f 10783 10784 10800
f 10800 10784 10801
f 10784 10785 10801
f 10801 10785 10802
f 10785 10786 10802
f 10802 10786 10803
f 10786 10787 10803
f 10803 10787 10804
f 10787 10788 10804
f 10804 10788 3153
f 10788 3155 3153
f 10634 10633 10653
f 10633 10654 10653
f 10653 10654 10805
f 10654 10789 10805
f 10805 10789 10806
f 10789 10790 10806
f 10806 10790 10807
f 10790 10791 10807
f 10807 10791 10808
f 10791 10792 10808
f 10808 10792 10809
f 10792 10793 10809
f 10809 10793 10810
f 10793 10794 10810
f 10810 10794 10811
f 10794 10795 10811
f 10811 10795 10812
f 10795 10796 10812
f 10812 10796 10813
f 10796 10797 10813
f 10813 10797 10814
f 10797 10798 10814
f 10814 10798 10815
f 10798 10799 10815
f 10815 10799 10816
f 10799 10800 10816
f 10816 10800 10817
f 10800 10801 10817
f 10817 10801 10818
f 10801 10802 10818
f 10818 10802 10819
f 10802 10803 10819
f 10819 10803 10820
f 10803 10804 10820
f 10820 10804 3151
f 10804 3153 3151
f 10637 10635 10821
f 10635 10653 10821
f 10821 10653 10822
f 10653 10805 10822
f 10822 10805 10823
f 10805 10806 10823
f 10823 10806 10824
f 10806 10807 10824
f 10824 10807 10825
f 10807 10808 10825
f 10825 10808 10826
f 10808 10809 10826
f 10826 10809 10827
f 10809 10810 10827
f 10827 10810 10828
f 10810 10811 10828
f 10828 10811 10829
f 10811 10812 10829
f 10829 10812 10830
f 10812 10813 10830
f 10830 10813 10831
f 10813 10814 10831
f 10831 10814 10832
f 10814 10815 10832
f 10832 10815 10833
f 10815 10816 10833
f 10833 10816 10834
f 10816 10817 10834
f 10834 10817 10835
f 10817 10818 10835
f 10835 10818 10836
f 10818 10819 10836
f 10836 10819 10837
f 10819 10820 10837
f 10837 10820 3149
f 10820 3151 3149
f 3149 3147 10837
f 3147 10838 10837
f 10837 10838 10836
f 10838 10839 10836
f 10836 10839 10835
f 10839 10840 10835
f 10835 10840 10834
f 10840 10841 10834
f 10834 10841 10833
f 10841 10842 10833
f 10833 10842 10832
f 10842 10843 10832
f 10832 10843 10831
f 10843 10844 10831
f 10831 10844 10830
f 10844 10845 10830
f 10830 10845 10829
f 10845 10846 10829
f 10829 10846 10828
f 10846 10847 10828
f 10828 10847 10827
f 10847 10848 10827
f 10827 10848 10826
f 10848 10849 10826
f 10826 10849 10825
f 10849 10850 10825
f 10825 10850 10824
f 10850 10851 10824
f 10824 10851 10823
f 10851 10852 10823
f 10823 10852 10822
f 10852 10853 10822
f 10822 10853 10821
f 10853 10854 10821
f 10821 10854 10637
f 10854 10636 10637
f 3147 3145 10838
f 3145 10855 10838
f 10838 10855 10839
f 10855 10856 10839
f 10839 10856 10840
f 10856 10857 10840
f 10840 10857 10841
f 10857 10858 10841
f 10841 10858 10842
f 10858 10859 10842
f 10842 10859 10843
f 10859 10860 10843
f 10843 10860 10844
f 10860 10861 10844
f 10844 10861 10845
f 10861 10862 10845
f 10845 10862 10846
f 10862 10863 10846
f 10846 10863 10847
f 10863 10864 10847
f 10847 10864 10848
f 10864 10865 10848
f 10848 10865 10849
f 10865 10866 10849
f 10849 10866 10850
f 10866 10867 10850
f 10850 10867 10851
f 10867 10868 10851
f 10851 10868 10852
f 10868 10869 10852
f 10852 10869 10853
f 10869 10870 10853
f 10853 10870 10854
f 10870 10871 10854
f 10854 10871 10636
f 10871 10638 10636
f 3145 3144 10855
f 3144 10872 10855
f 10855 10872 10856
f 10872 10873 10856
f 10856 10873 10857
f 10873 10874 10857
f 10857 10874 10858
f 10874 10875 10858
f 10858 10875 10859
f 10875 10876 10859
f 10859 10876 10860
f 10876 10877 10860
f 10860 10877 10861
f 10877 10878 10861
f 10861 10878 10862
f 10878 10879 10862
f 10862 10879 10863
f 10879 10880 10863
f 10863 10880 10864
f 10880 10881 10864
f 10864 10881 10865
f 10881 10882 10865
f 10865 10882 10866
f 10882 10883 10866
f 10866 10883 10867
f 10883 10884 10867
f 10867 10884 10868
f 10884 10885 10868
f 10868 10885 10869
f 10885 10886 10869
f 10869 10886 10870
f 10886 10887 10870
f 10870 10887 10871
f 10887 10888 10871
f 10871 10888 10638
f 10888 10639 10638
f 3144 3067 10872
f 3067 10889 10872
f 10872 10889 10873
f 10889 10890 10873
f 10873 10890 10874
f 10890 10891 10874
f 10874 10891 10875
f 10891 10892 10875
f 10875 10892 10876
f 10892 10893 10876
f 10876 10893 10877
f 10893 10894 10877
f 10877 10894 10878
f 10894 10895 10878
f 10878 10895 10879
f 10895 10896 10879
f 10879 10896 10880
f 10896 10897 10880
f 10880 10897 10881
f 10897 10898 10881
f 10881 10898 10882
f 10898 10899 10882
f 10882 10899 10883
f 10899 10900 10883
f 10883 10900 10884
f 10900 10901 10884
f 10884 10901 10885
f 10901 10902 10885
f 10885 10902 10886
f 10902 10903 10886
f 10886 10903 10887
f 10903 10904 10887
f 10887 10904 10888
f 10904 10652 10888
f 10888 10652 10639
f 10652 10624 10639
f 10641 10625 10651
f 10625 10652 10651
f 10651 10652 10905
f 10652 10904 10905
f 10905 10904 10906
f 10904 10903 10906
f 10906 10903 10907
f 10903 10902 10907
f 10907 10902 10908
f 10902 10901 10908
f 10908 10901 10909
f 10901 10900 10909
f 10909 10900 10910
f 10900 10899 10910
f 10910 10899 10911
f 10899 10898 10911
f 10911 10898 10912
f 10898 10897 10912
f 10912 10897 10913
f 10897 10896 10913
f 10913 10896 10914
f 10896 10895 10914
f 10914 10895 10915
f 10895 10894 10915
f 10915 10894 10916
f 10894 10893 10916
f 10916 10893 10917
f 10893 10892 10917
f 10917 10892 10918
f 10892 10891 10918
f 10918 10891 10919
f 10891 10890 10919
f 10919 10890 10920
f 10890 10889 10920
f 10920 10889 3066
f 10889 3067 3066
f 10642 10640 10650
f 10640 10651 10650
f 10650 10651 10921
f 10651 10905 10921
f 10921 10905 10922
f 10905 10906 10922
f 10922 10906 10923
f 10906 10907 10923
f 10923 10907 10924
f 10907 10908 10924
f 10924 10908 10925
f 10908 10909 10925
f 10925 10909 10926
f 10909 10910 10926
f 10926 10910 10927
f 10910 10911 10927
f 10927 10911 10928
f 10911 10912 10928
f 10928 10912 10929
f 10912 10913 10929
f 10929 10913 10930
f 10913 10914 10930
f 10930 10914 10931
f 10914 10915 10931
f 10931 10915 10932
f 10915 10916 10932
f 10932 10916 10933
f 10916 10917 10933
f 10933 10917 10934
f 10917 10918 10934
f 10934 10918 10935
f 10918 10919 10935
f 10935 10919 10936
f 10919 10920 10936
f 10936 10920 3065
f 10920 3066 3065
f 10646 10643 10649
f 10643 10650 10649
f 10649 10650 10754
f 10650 10921 10754
f 10754 10921 10753
f 10921 10922 10753
f 10753 10922 10752
f 10922 10923 10752
f 10752 10923 10751
f 10923 10924 10751
f 10751 10924 10750
f 10924 10925 10750
f 10750 10925 10749
f 10925 10926 10749
f 10749 10926 10748
f 10926 10927 10748
f 10748 10927 10747
f 10927 10928 10747
f 10747 10928 10746
f 10928 10929 10746
f 10746 10929 10745
f 10929 10930 10745
f 10745 10930 10744
f 10930 10931 10744
f 10744 10931 10743
f 10931 10932 10743
f 10743 10932 10742
f 10932 10933 10742
f 10742 10933 10741
f 10933 10934 10741
f 10741 10934 10740
f 10934 10935 10740
f 10740 10935 10739
f 10935 10936 10739
f 10739 10936 2993
f 10936 3065 2993
f 2824 2823 10675
f 2823 10674 10675
f 10675 10674 10738
f 10674 10755 10738
f 10738 10755 10649
f 10755 10645 10649
f 10649 10645 10644
f 2860 2838 10756
f 2838 10648 10756
f 10756 10648 10755
f 10648 10647 10755
f 10755 10647 10645
f 10700 10702 10937
f 10709 10707 10938
f 10939 10715 10940
f 10715 10721 10940
f 10940 10721 10941
f 10721 10720 10941
f 10941 10720 10942
f 10720 10718 10942
f 10942 10718 10943
f 10718 10717 10943
f 10943 10717 10944
f 10717 10722 10944
f 10944 10722 3115
f 10722 3087 3115
f 10938 10707 10945
f 10707 10706 10945
f 10706 10711 10945
f 10945 10711 10946
f 10711 10713 10946
f 10946 10713 10939
f 10713 10716 10939
f 10939 10716 10715
f 10937 10702 10947
f 10702 10705 10947
f 10705 10704 10947
f 10947 10704 10938
f 10704 10710 10938
f 10938 10710 10709
f 10948 10690 10949
f 10690 10696 10949
f 10696 10695 10949
f 10695 10693 10949
f 10949 10693 10950
f 10693 10692 10950
f 10950 10692 10951
f 10692 10697 10951
f 10951 10697 10937
f 10697 10699 10937
f 10937 10699 10700
f 10952 10683 10953
f 10683 10685 10953
f 10685 10686 10953
f 10686 10688 10953
f 10953 10688 10948
f 10688 10691 10948
f 10948 10691 10690
f 2771 2829 10954
f 2829 10682 10954
f 10682 10681 10954
f 10681 10679 10954
f 10954 10679 10952
f 10679 10678 10952
f 10952 10678 10683
f 10943 10944 10955
f 10941 10942 10956
f 10939 10940 10957
f 10945 10946 10958
f 10959 10960 10961
f 2771 10954 10962
f 10961 10960 2771
f 10963 2771 10960
f 10964 10965 10966
f 10967 10968 10969
f 10970 10971 10972
f 10973 10974 10975
f 10976 10977 10978
f 10977 10976 10979
f 10980 10981 10982
f 10973 10975 10983
f 10984 10985 10986
f 10985 10987 10986
f 10955 10988 10989
f 10988 10955 10990
f 10955 10944 10990
f 10990 10944 3115
f 10963 10960 10991
f 10960 10959 10991
f 10991 10959 10992
f 10993 2771 10963
f 10993 10963 10994
f 10963 10991 10994
f 10994 10991 10995
f 10991 10992 10995
f 10995 10992 10996
f 10997 2771 10993
f 10962 10954 10998
f 10954 10952 10998
f 10998 10952 10999
f 10952 10953 10999
f 10999 10953 11000
f 11001 2771 10962
f 10997 10993 11002
f 10993 10994 11002
f 11002 10994 11003
f 10994 10995 11003
f 11003 10995 11004
f 10995 10996 11004
f 11004 10996 11005
f 2773 11006 2776
f 11006 11007 2776
f 2776 11007 2779
f 11007 11008 2779
f 2779 11008 2782
f 11008 11009 2782
f 2782 11009 2791
f 11009 11010 2791
f 2791 11010 2789
f 11010 11011 2789
f 2789 11011 2787
f 11011 11012 2787
f 2787 11012 2794
f 2794 11012 2795
f 11012 11013 2795
f 2795 11013 2797
f 2797 11013 2798
f 11013 11014 2798
f 2798 11014 2799
f 11001 10962 11015
f 10962 10998 11015
f 11015 10998 11016
f 10998 10999 11016
f 11016 10999 11017
f 10999 11000 11017
f 11017 11000 11018
f 11000 11019 11018
f 11018 11019 11020
f 11019 11021 11020
f 11020 11021 11022
f 11021 11023 11022
f 11022 11023 11024
f 11023 11025 11024
f 11024 11025 11026
f 11025 11027 11026
f 11026 11027 11028
f 10953 10948 11000
f 10948 10949 11000
f 11000 10949 11019
f 10949 10950 11019
f 11019 10950 11021
f 10950 10951 11021
f 11021 10951 11023
f 10951 10937 11023
f 11023 10937 11025
f 10937 10947 11025
f 11025 10947 11027
f 10947 10938 11027
f 2799 11014 2800
f 11014 11029 2800
f 2800 11029 2803
f 10938 10945 11027
f 10945 10958 11027
f 11027 10958 11028
f 10958 11030 11028
f 2803 11029 2802
f 11029 11031 2802
f 2802 11031 2804
f 10946 10939 10958
f 10939 10957 10958
f 10958 10957 11030
f 10957 11032 11030
f 2804 11031 2805
f 11031 11033 2805
f 2805 11033 2806
f 10940 10941 10957
f 10941 10956 10957
f 10957 10956 11032
f 10956 11034 11032
f 2806 11033 2807
f 11033 11035 2807
f 2807 11035 2811
f 10942 10943 10956
f 10943 10955 10956
f 10956 10955 11034
f 10955 10989 11034
f 11034 10989 11036
f 10989 11037 11036
f 2811 11035 2808
f 11035 11038 2808
f 2808 11038 2809
f 11039 10985 11040
f 10985 10984 11040
f 11040 10984 11041
f 10984 11042 11041
f 11041 11042 11043
f 11042 11044 11043
f 11043 11044 11045
f 11044 11046 11045
f 11045 11046 11047
f 11046 11048 11047
f 11047 11048 11049
f 11048 11050 11049
f 11049 11050 11051
f 11050 11052 11051
f 11051 11052 11053
f 11052 11054 11053
f 11053 11054 11055
f 11054 11056 11055
f 11055 11056 11057
f 10971 11039 10972
f 11039 11040 10972
f 10972 11040 11058
f 11040 11041 11058
f 11058 11041 11059
f 11041 11043 11059
f 11059 11043 11060
f 11043 11045 11060
f 11060 11045 11061
f 11045 11047 11061
f 11061 11047 11062
f 11047 11049 11062
f 11062 11049 11063
f 11049 11051 11063
f 11063 11051 11064
f 11051 11053 11064
f 11064 11053 11065
f 11053 11055 11065
f 11065 11055 11066
f 11055 11057 11066
f 11066 11057 11067
f 11068 10970 11069
f 10970 10972 11069
f 11069 10972 11070
f 10972 11058 11070
f 11070 11058 11071
f 11058 11059 11071
f 11071 11059 11072
f 11059 11060 11072
f 11072 11060 11073
f 11060 11061 11073
f 11073 11061 11074
f 11061 11062 11074
f 11074 11062 11075
f 11062 11063 11075
f 11075 11063 11076
f 11063 11064 11076
f 11076 11064 11077
f 11064 11065 11077
f 11077 11065 11078
f 11065 11066 11078
f 11078 11066 11079
f 11066 11067 11079
f 11079 11067 11080
f 10968 11068 10969
f 11068 11069 10969
f 10969 11069 11081
f 11069 11070 11081
f 11081 11070 11082
f 11070 11071 11082
f 11082 11071 11083
f 11071 11072 11083
f 11083 11072 11084
f 11072 11073 11084
f 11084 11073 11085
f 11073 11074 11085
f 11085 11074 11086
f 11074 11075 11086
f 11086 11075 11087
f 11075 11076 11087
f 11087 11076 11088
f 11076 11077 11088
f 11088 11077 11089
f 11077 11078 11089
f 11089 11078 11090
f 11078 11079 11090
f 11090 11079 11091
f 11079 11080 11091
f 11091 11080 11092
f 11093 10967 11094
f 10967 10969 11094
f 11094 10969 11095
f 10969 11081 11095
f 11095 11081 11096
f 11081 11082 11096
f 11096 11082 11097
f 11082 11083 11097
f 11097 11083 11098
f 11083 11084 11098
f 11098 11084 11099
f 11084 11085 11099
f 11099 11085 11100
f 11085 11086 11100
f 11100 11086 11101
f 11086 11087 11101
f 11101 11087 11102
f 11087 11088 11102
f 11102 11088 11103
f 11088 11089 11103
f 11103 11089 11104
f 11089 11090 11104
f 11104 11090 11105
f 11090 11091 11105
f 11105 11091 11106
f 11091 11092 11106
f 11106 11092 11107
f 11107 11108 11106
f 11108 11109 11106
f 11106 11109 11105
f 11109 11110 11105
f 11105 11110 11104
f 11110 11111 11104
f 11104 11111 11103
f 11111 11112 11103
f 11103 11112 11102
f 11112 11113 11102
f 11102 11113 11101
f 11113 11114 11101
f 11101 11114 11100
f 11114 11115 11100
f 11100 11115 11099
f 11115 11116 11099
f 11099 11116 11098
f 11116 11117 11098
f 11098 11117 11097
f 11117 11118 11097
f 11097 11118 11096
f 11118 11119 11096
f 11096 11119 11095
f 11119 11120 11095
f 11095 11120 11094
f 11120 10966 11094
f 11094 10966 11093
f 10966 10965 11093
f 11037 10964 11036
f 10964 10966 11036
f 11036 10966 11034
f 10966 11120 11034
f 11034 11120 11032
f 11120 11119 11032
f 11032 11119 11030
f 11119 11118 11030
f 11030 11118 11028
f 11118 11117 11028
f 11028 11117 11026
f 11117 11116 11026
f 11026 11116 11024
f 11116 11115 11024
f 11024 11115 11022
f 11115 11114 11022
f 11022 11114 11020
f 11114 11113 11020
f 11020 11113 11018
f 11113 11112 11018
f 11018 11112 11017
f 11112 11111 11017
f 11017 11111 11016
f 11111 11110 11016
f 11016 11110 11015
f 11110 11109 11015
f 11015 11109 11001
f 11109 11108 11001
f 11001 11108 2771
f 11107 2771 11108
f 11056 11005 11057
f 11005 10996 11057
f 11057 10996 11067
f 10996 10992 11067
f 11067 10992 11080
f 10992 10959 11080
f 11080 10959 11092
f 10959 10961 11092
f 11092 10961 11107
f 10961 2771 11107
f 2809 11038 2810
f 11038 11121 2810
f 2810 11121 2814
f 11122 10976 11123
f 10976 10978 11123
f 11123 10978 11124
f 10978 11125 11124
f 11124 11125 11126
f 11125 11127 11126
f 11126 11127 11128
f 11127 11129 11128
f 11128 11129 11130
f 11129 11131 11130
f 11130 11131 11132
f 11131 11133 11132
f 11132 11133 11134
f 11133 11135 11134
f 11134 11135 11136
f 11135 11137 11136
f 11136 11137 11138
f 11137 11139 11138
f 11138 11139 11140
f 11139 11141 11140
f 11140 11141 11142
f 11141 11143 11142
f 11142 11143 11144
f 11143 11145 11144
f 11144 11145 11146
f 11145 11147 11146
f 11146 11147 11148
f 11147 11149 11148
f 11148 11149 11150
f 11150 11151 11148
f 11151 11152 11148
f 11148 11152 11146
f 11152 11153 11146
f 11146 11153 11144
f 11153 11154 11144
f 11144 11154 11142
f 11154 11155 11142
f 11142 11155 11140
f 11155 11156 11140
f 11140 11156 11138
f 11156 11157 11138
f 11138 11157 11136
f 11157 11158 11136
f 11136 11158 11134
f 11158 11159 11134
f 11134 11159 11132
f 11159 11160 11132
f 11132 11160 11130
f 11160 11161 11130
f 11130 11161 11128
f 11161 11162 11128
f 11128 11162 11126
f 11162 11163 11126
f 11126 11163 11124
f 11163 11164 11124
f 11124 11164 11123
f 11164 10975 11123
f 11123 10975 11122
f 10975 10974 11122
f 10987 10983 10986
f 10983 10975 10986
f 10986 10975 10984
f 10975 11164 10984
f 10984 11164 11042
f 11164 11163 11042
f 11042 11163 11044
f 11163 11162 11044
f 11044 11162 11046
f 11162 11161 11046
f 11046 11161 11048
f 11161 11160 11048
f 11048 11160 11050
f 11160 11159 11050
f 11050 11159 11052
f 11159 11158 11052
f 11052 11158 11054
f 11158 11157 11054
f 11054 11157 11056
f 11157 11156 11056
f 11056 11156 11005
f 11156 11155 11005
f 11005 11155 11004
f 11155 11154 11004
f 11004 11154 11003
f 11154 11153 11003
f 11003 11153 11002
f 11153 11152 11002
f 11002 11152 10997
f 11152 11151 10997
f 10997 11151 2771
f 11150 2771 11151
f 11149 11165 11150
f 11165 2771 11150
f 2814 11121 2813
f 11121 10980 2813
f 2813 10980 2812
f 10980 10982 2812
f 2812 10982 2767
f 10979 10981 10977
f 10981 10980 10977
f 10977 10980 10978
f 10980 11121 10978
f 10978 11121 11125
f 11121 11038 11125
f 11125 11038 11127
f 11038 11035 11127
f 11127 11035 11129
f 11035 11033 11129
f 11129 11033 11131
f 11033 11031 11131
f 11131 11031 11133
f 11031 11029 11133
f 11133 11029 11135
f 11029 11014 11135
f 11135 11014 11137
f 11014 11013 11137
f 11137 11013 11139
f 11013 11012 11139
f 11139 11012 11141
f 11012 11011 11141
f 11141 11011 11143
f 11011 11010 11143
f 11143 11010 11145
f 11010 11009 11145
f 11145 11009 11147
f 11009 11008 11147
f 11147 11008 11149
f 11008 11007 11149
f 11149 11007 11165
f 11007 11006 11165
f 11165 11006 2771
f 2773 2771 11006
f 11166 11167 10968
f 11168 2768 2767
f 10990 3115 3120
f 11168 2767 11169
f 2767 10982 11169
f 11169 10982 11170
f 10982 10981 11170
f 11170 10981 11171
f 10981 10979 11171
f 10979 10976 11171
f 11171 10976 11172
f 11172 10976 11173
f 10976 11122 11173
f 11173 11122 11174
f 11122 10974 11174
f 11174 10974 11175
f 11176 11177 10973
f 11177 11178 10973
f 10973 11178 10974
f 11178 11179 10974
f 10974 11179 11175
f 10973 10983 11176
f 10983 10987 11176
f 11176 10987 11180
f 10987 10985 11180
f 10985 11039 11180
f 11039 10971 11180
f 11180 10971 11181
f 10971 10970 11181
f 11181 10970 11182
f 11182 10970 11167
f 10970 11068 11167
f 11167 11068 10968
f 11166 10968 11183
f 10968 10967 11183
f 11183 10967 11184
f 10967 11093 11184
f 11093 10965 11184
f 11184 10965 11185
f 10965 10964 11185
f 11185 10964 11186
f 3120 11187 10990
f 11187 11188 10990
f 10990 11188 10988
f 11188 10989 10988
f 11186 10964 11188
f 10964 11037 11188
f 11188 11037 10989
f 11189 11190 11191
f 11192 11193 11194
f 11191 11190 10623
f 11195 10623 11190
f 11196 11197 10611
f 11169 11170 11198
f 11167 11199 11182
f 11186 11200 11201
f 3120 11202 11187
f 11202 11203 11187
f 11187 11203 11188
f 11204 11166 11183
f 11177 11205 11178
f 11205 11179 11178
f 11171 11172 11206
f 2768 11168 10605
f 11168 11207 10605
f 10605 11207 10606
f 11207 11208 10606
f 10606 11208 10607
f 11208 11209 10607
f 10611 10610 11196
f 10610 10609 11196
f 11196 10609 11209
f 10609 10608 11209
f 11209 10608 10607
f 10619 10615 11210
f 10615 10614 11210
f 11210 10614 11211
f 10614 10613 11211
f 11211 10613 11197
f 10613 10612 11197
f 11197 10612 10611
f 10617 10618 11212
f 10621 10620 11213
f 11214 10623 10622
f 11215 11216 11217
f 11216 11218 11217
f 11219 11220 11221
f 11220 11222 11221
f 11221 11222 11215
f 11222 11223 11215
f 11215 11223 11216
f 11224 11225 11226
f 11225 11227 11226
f 11226 11227 11219
f 11227 11228 11219
f 11219 11228 11220
f 11229 11230 11231
f 11230 11232 11231
f 11231 11232 11224
f 11232 11233 11224
f 11224 11233 11225
f 11234 11235 11236
f 11235 11237 11236
f 11236 11237 11238
f 11237 11239 11238
f 11238 11239 11229
f 11239 11240 11229
f 11229 11240 11230
f 11241 11242 11243
f 11242 11244 11243
f 11243 11244 11234
f 11244 11245 11234
f 11234 11245 11235
f 11202 11246 11203
f 11246 11247 11203
f 11203 11247 11241
f 11247 11248 11241
f 11241 11248 11242
f 11195 11190 11249
f 11190 11189 11249
f 11249 11189 11250
f 11251 10623 11195
f 11251 11195 11252
f 11195 11249 11252
f 11252 11249 11253
f 11249 11250 11253
f 11253 11250 11254
f 11255 10623 11251
f 11255 11251 11256
f 11251 11252 11256
f 11256 11252 11257
f 11252 11253 11257
f 11257 11253 11258
f 11253 11254 11258
f 11258 11254 11259
f 11260 10623 11255
f 11260 11255 11261
f 11255 11256 11261
f 11261 11256 11262
f 11256 11257 11262
f 11262 11257 11263
f 11257 11258 11263
f 11263 11258 11264
f 11258 11259 11264
f 11264 11259 11265
f 11266 10623 11260
f 11266 11260 11267
f 11260 11261 11267
f 11267 11261 11268
f 11261 11262 11268
f 11268 11262 11269
f 11262 11263 11269
f 11269 11263 11270
f 11263 11264 11270
f 11270 11264 11271
f 11264 11265 11271
f 11271 11265 11272
f 11273 10623 11266
f 11273 11266 11274
f 11266 11267 11274
f 11274 11267 11275
f 11267 11268 11275
f 11275 11268 11276
f 11268 11269 11276
f 11276 11269 11277
f 11269 11270 11277
f 11277 11270 11278
f 11270 11271 11278
f 11278 11271 11279
f 11271 11272 11279
f 11279 11272 11280
f 11281 10623 11273
f 11281 11273 11282
f 11273 11274 11282
f 11282 11274 11283
f 11274 11275 11283
f 11283 11275 11284
f 11275 11276 11284
f 11284 11276 11285
f 11276 11277 11285
f 11285 11277 11286
f 11277 11278 11286
f 11286 11278 11287
f 11278 11279 11287
f 11287 11279 11288
f 11279 11280 11288
f 11288 11280 11289
f 11290 10623 11281
f 11291 11292 11293
f 11290 11281 11294
f 11281 11282 11294
f 11294 11282 11295
f 11282 11283 11295
f 11295 11283 11296
f 11283 11284 11296
f 11296 11284 11297
f 11284 11285 11297
f 11297 11285 11298
f 11285 11286 11298
f 11298 11286 11299
f 11286 11287 11299
f 11299 11287 11300
f 11287 11288 11300
f 11300 11288 11301
f 11288 11289 11301
f 11301 11289 11302
f 11303 10623 11290
f 11303 11290 11304
f 11290 11294 11304
f 11304 11294 11305
f 11294 11295 11305
f 11305 11295 11306
f 11295 11296 11306
f 11306 11296 11307
f 11296 11297 11307
f 11307 11297 11308
f 11297 11298 11308
f 11308 11298 11309
f 11298 11299 11309
f 11309 11299 11310
f 11299 11300 11310
f 11310 11300 11311
f 11300 11301 11311
f 11311 11301 11312
f 11301 11302 11312
f 11312 11302 11313
f 11314 10623 11303
f 11314 11303 11315
f 11303 11304 11315
f 11315 11304 11316
f 11304 11305 11316
f 11316 11305 11317
f 11305 11306 11317
f 11317 11306 11318
f 11306 11307 11318
f 11318 11307 11319
f 11307 11308 11319
f 11319 11308 11320
f 11308 11309 11320
f 11320 11309 11321
f 11309 11310 11321
f 11321 11310 11322
f 11310 11311 11322
f 11322 11311 11323
f 11311 11312 11323
f 11323 11312 11324
f 11312 11313 11324
f 11324 11313 11325
f 11326 11327 11328
f 11329 11327 11330
f 11327 11326 11330
f 11330 11326 11331
f 11206 11329 11332
f 11329 11330 11332
f 11332 11330 11333
f 11330 11331 11333
f 11333 11331 11293
f 11293 11292 11333
f 11292 11334 11333
f 11333 11334 11332
f 11334 11335 11332
f 11332 11335 11206
f 11335 11336 11206
f 11206 11336 11171
f 11170 11171 11198
f 11171 11336 11198
f 11198 11336 11337
f 11336 11335 11337
f 11337 11335 11338
f 11335 11334 11338
f 11338 11334 11339
f 11334 11292 11339
f 11339 11292 11340
f 11292 11291 11340
f 11340 11291 11341
f 11168 11169 11207
f 11169 11198 11207
f 11207 11198 11208
f 11198 11337 11208
f 11208 11337 11209
f 11337 11338 11209
f 11209 11338 11196
f 11338 11339 11196
f 11196 11339 11197
f 11339 11340 11197
f 11197 11340 11211
f 11340 11341 11211
f 11211 11341 11210
f 11342 11325 11343
f 11325 11313 11343
f 11343 11313 11344
f 11313 11302 11344
f 11344 11302 11345
f 11302 11289 11345
f 11345 11289 11346
f 11289 11280 11346
f 11346 11280 11347
f 11280 11272 11347
f 11347 11272 11348
f 11272 11265 11348
f 11348 11265 11349
f 11265 11259 11349
f 11349 11259 11350
f 11259 11254 11350
f 11350 11254 11351
f 11254 11250 11351
f 11351 11250 11352
f 11250 11189 11352
f 11352 11189 11353
f 11189 11191 11353
f 11353 11191 11214
f 11191 10623 11214
f 11193 10623 11314
f 10616 10617 11354
f 10617 11212 11354
f 11354 11212 11355
f 11212 11356 11355
f 11355 11356 11357
f 11356 11358 11357
f 11357 11358 11359
f 11358 11360 11359
f 11359 11360 11361
f 11360 11362 11361
f 11361 11362 11363
f 11362 11364 11363
f 11363 11364 11365
f 11364 11366 11365
f 11365 11366 11367
f 11366 11368 11367
f 11367 11368 11369
f 11368 11370 11369
f 11369 11370 11371
f 10618 10619 11212
f 10619 11210 11212
f 11212 11210 11356
f 11210 11341 11356
f 11356 11341 11358
f 11341 11291 11358
f 11358 11291 11360
f 11291 11293 11360
f 11360 11293 11362
f 11293 11331 11362
f 11362 11331 11364
f 11331 11326 11364
f 11364 11326 11366
f 11326 11328 11366
f 11366 11328 11368
f 11328 11372 11368
f 11368 11372 11370
f 11172 11173 11206
f 11173 11174 11206
f 11206 11174 11329
f 11174 11175 11329
f 11329 11175 11327
f 11175 11179 11327
f 11327 11179 11328
f 11179 11205 11328
f 11328 11205 11372
f 11205 11177 11372
f 11372 11177 11176
f 10620 10616 11213
f 10616 11354 11213
f 11213 11354 11373
f 11354 11355 11373
f 11373 11355 11374
f 11355 11357 11374
f 11374 11357 11375
f 11357 11359 11375
f 11375 11359 11376
f 11359 11361 11376
f 11376 11361 11377
f 11361 11363 11377
f 11377 11363 11378
f 11363 11365 11378
f 11378 11365 11379
f 11365 11367 11379
f 11379 11367 11380
f 11367 11369 11380
f 11380 11369 11381
f 11369 11371 11381
f 11381 11371 11382
f 11371 11204 11382
f 11382 11204 11383
f 11204 11183 11383
f 11383 11183 11384
f 11183 11184 11384
f 11384 11184 11185
f 11176 11180 11372
f 11180 11181 11372
f 11372 11181 11370
f 11181 11182 11370
f 11370 11182 11371
f 11182 11199 11371
f 11371 11199 11204
f 11199 11167 11204
f 11204 11167 11166
f 11193 11314 11194
f 11314 11315 11194
f 11194 11315 11385
f 11315 11316 11385
f 11385 11316 11386
f 11316 11317 11386
f 11386 11317 11387
f 11317 11318 11387
f 11387 11318 11388
f 11318 11319 11388
f 11388 11319 11389
f 11319 11320 11389
f 11389 11320 11390
f 11320 11321 11390
f 11390 11321 11391
f 11321 11322 11391
f 11391 11322 11392
f 11322 11323 11392
f 11392 11323 11393
f 11323 11324 11393
f 11393 11324 11394
f 11324 11325 11394
f 11394 11325 11395
f 11325 11342 11395
f 11395 11342 11201
f 11342 11396 11201
f 11201 11396 11186
f 11192 10623 11193
f 11397 11398 11192
f 11398 10623 11192
f 10622 10621 11214
f 10621 11213 11214
f 11214 11213 11353
f 11213 11373 11353
f 11353 11373 11352
f 11373 11374 11352
f 11352 11374 11351
f 11374 11375 11351
f 11351 11375 11350
f 11375 11376 11350
f 11350 11376 11349
f 11376 11377 11349
f 11349 11377 11348
f 11377 11378 11348
f 11348 11378 11347
f 11378 11379 11347
f 11347 11379 11346
f 11379 11380 11346
f 11346 11380 11345
f 11380 11381 11345
f 11345 11381 11344
f 11381 11382 11344
f 11344 11382 11343
f 11382 11383 11343
f 11343 11383 11342
f 11383 11384 11342
f 11342 11384 11396
f 11384 11185 11396
f 11396 11185 11186
f 11186 11188 11200
f 11188 11203 11200
f 11200 11203 11201
f 11203 11241 11201
f 11201 11241 11395
f 11241 11243 11395
f 11395 11243 11394
f 11243 11234 11394
f 11394 11234 11393
f 11234 11236 11393
f 11393 11236 11392
f 11236 11238 11392
f 11392 11238 11391
f 11238 11229 11391
f 11391 11229 11390
f 11229 11231 11390
f 11390 11231 11389
f 11231 11224 11389
f 11389 11224 11388
f 11224 11226 11388
f 11388 11226 11387
f 11226 11219 11387
f 11387 11219 11386
f 11219 11221 11386
f 11386 11221 11385
f 11221 11215 11385
f 11385 11215 11194
f 11215 11217 11194
f 11194 11217 11192
f 11217 11218 11192
f 11192 11218 11397
f 11399 11400 11401
f 11402 11403 11404
f 11405 11406 11407
f 11406 11408 11407
f 11409 11410 11411
f 11412 11413 11414
f 11413 11415 11414
f 11414 11415 11409
f 11415 11416 11409
f 11409 11416 11410
f 11417 11418 11414
f 11418 11419 11414
f 11414 11419 11412
f 11420 11421 11422
f 11422 11423 11420
f 11423 11424 11420
f 11420 11424 11417
f 11424 11425 11417
f 11417 11425 11418
f 11426 11427 11420
f 11427 11428 11420
f 11420 11428 11421
f 11429 11430 11431
f 11430 11432 11431
f 11429 11433 11430
f 11433 11434 11430
f 11430 11434 11426
f 11434 11435 11426
f 11426 11435 11427
f 11432 11430 11436
f 11430 11437 11436
f 11436 11437 11438
f 11438 11437 11439
f 11437 11440 11439
f 11439 11440 11441
f 11442 11443 11444
f 11444 11445 11442
f 11445 11446 11442
f 11442 11446 11440
f 11446 11447 11440
f 11440 11447 11441
f 11443 11442 11448
f 11442 11449 11448
f 11448 11449 11450
f 11450 11449 11451
f 11449 11452 11451
f 11451 11452 11453
f 11454 11455 11456
f 11455 11457 11456
f 11456 11457 11452
f 11457 11458 11452
f 11452 11458 11453
f 11459 11460 11461
f 11461 11462 11459
f 11462 11463 11459
f 11459 11463 11456
f 11463 11464 11456
f 11456 11464 11454
f 11460 11459 11465
f 11459 11466 11465
f 11465 11466 11467
f 11467 11466 11468
f 11466 11469 11468
f 11468 11469 11470
f 11469 3377 11470
f 11470 3377 3375
f 11471 11202 3125
f 11202 3120 3125
f 11472 11248 11473
f 11248 11247 11473
f 11473 11247 11471
f 11247 11246 11471
f 11471 11246 11202
f 11474 11245 11475
f 11245 11244 11475
f 11475 11244 11472
f 11244 11242 11472
f 11472 11242 11248
f 11476 11239 11477
f 11239 11237 11477
f 11477 11237 11474
f 11237 11235 11474
f 11474 11235 11245
f 11478 11232 11479
f 11232 11230 11479
f 11479 11230 11476
f 11230 11240 11476
f 11476 11240 11239
f 11480 11227 11481
f 11227 11225 11481
f 11481 11225 11478
f 11225 11233 11478
f 11478 11233 11232
f 11482 11222 11483
f 11222 11220 11483
f 11483 11220 11480
f 11220 11228 11480
f 11480 11228 11227
f 11398 11397 11401
f 11397 11218 11401
f 11401 11218 11484
f 11218 11216 11484
f 11484 11216 11482
f 11216 11223 11482
f 11482 11223 11222
f 11401 11400 11398
f 11400 11485 11398
f 11398 11485 10623
f 11486 11487 11399
f 11487 11488 11399
f 11399 11488 11400
f 11488 11489 11400
f 11400 11489 11485
f 3325 3377 11490
f 3377 11469 11490
f 11490 11469 11491
f 11469 11466 11491
f 11491 11466 11492
f 11466 11459 11492
f 11492 11459 11493
f 11459 11456 11493
f 11493 11456 11494
f 11456 11452 11494
f 11494 11452 11495
f 11452 11449 11495
f 11495 11449 11496
f 11449 11442 11496
f 11496 11442 11497
f 11442 11440 11497
f 11497 11440 11498
f 11440 11437 11498
f 11498 11437 11499
f 11437 11430 11499
f 11499 11430 11500
f 11430 11426 11500
f 11500 11426 11501
f 11426 11420 11501
f 11501 11420 11502
f 11420 11417 11502
f 11502 11417 11503
f 11417 11414 11503
f 11503 11414 11504
f 11414 11409 11504
f 11504 11409 11406
f 11409 11411 11406
f 11406 11411 11408
f 11405 11402 11406
f 11402 11404 11406
f 11406 11404 11504
f 11404 11505 11504
f 11504 11505 11503
f 11505 11506 11503
f 11503 11506 11502
f 11506 11507 11502
f 11502 11507 11501
f 11507 11508 11501
f 11501 11508 11500
f 11508 11509 11500
f 11500 11509 11499
f 11509 11510 11499
f 11499 11510 11498
f 11510 11511 11498
f 11498 11511 11497
f 11511 11512 11497
f 11497 11512 11496
f 11512 11513 11496
f 11496 11513 11495
f 11513 11514 11495
f 11495 11514 11494
f 11514 11515 11494
f 11494 11515 11493
f 11515 11516 11493
f 11493 11516 11492
f 11516 11517 11492
f 11492 11517 11491
f 11517 11518 11491
f 11491 11518 11490
f 11518 11519 11490
f 11490 11519 3325
f 11519 3263 3325
f 11403 11486 11404
f 11486 11399 11404
f 11404 11399 11505
f 11399 11401 11505
f 11505 11401 11506
f 11401 11484 11506
f 11506 11484 11507
f 11484 11482 11507
f 11507 11482 11508
f 11482 11483 11508
f 11508 11483 11509
f 11483 11480 11509
f 11509 11480 11510
f 11480 11481 11510
f 11510 11481 11511
f 11481 11478 11511
f 11511 11478 11512
f 11478 11479 11512
f 11512 11479 11513
f 11479 11476 11513
f 11513 11476 11514
f 11476 11477 11514
f 11514 11477 11515
f 11477 11474 11515
f 11515 11474 11516
f 11474 11475 11516
f 11516 11475 11517
f 11475 11472 11517
f 11517 11472 11518
f 11472 11473 11518
f 11518 11473 11519
f 11473 11471 11519
f 11519 11471 3263
f 11471 3125 3263
f 11407 1930 11405
f 1930 1929 11405
f 1769 1768 10623
f 1928 11403 1929
f 11403 11402 1929
f 1929 11402 11405
f 1745 11487 1928
f 11487 11486 1928
f 1928 11486 11403
f 10623 11485 1769
f 11485 11489 1769
f 1769 11489 1745
f 11489 11488 1745
f 1745 11488 11487
f 11520 1945 1944
f 1930 11407 11521
f 11522 1920 11523
f 1920 1919 11523
f 11523 1919 11524
f 1919 1918 11524
f 11524 1918 11521
f 1918 1917 11521
f 11521 1917 1930
f 11525 1932 11522
f 1932 1931 11522
f 11522 1931 1920
f 11526 1923 11527
f 1923 1935 11527
f 11527 1935 11528
f 1935 1934 11528
f 11528 1934 11525
f 1934 1933 11525
f 11525 1933 1932
f 11529 1937 11530
f 1937 1936 11530
f 11530 1936 11531
f 1936 1921 11531
f 11531 1921 11526
f 1921 1922 11526
f 11526 1922 1923
f 1944 1943 11520
f 1943 1942 11520
f 11520 1942 11532
f 1942 1941 11532
f 11532 1941 11533
f 1941 1940 11533
f 11533 1940 11534
f 1940 1939 11534
f 11534 1939 11529
f 1939 1938 11529
f 11529 1938 1937
f 11407 11535 11521
f 11535 11536 11521
f 11521 11536 11524
f 11536 11537 11524
f 11524 11537 11523
f 11537 11538 11523
f 11523 11538 11522
f 11538 11539 11522
f 11522 11539 11525
f 11539 11540 11525
f 11525 11540 11528
f 11540 11541 11528
f 11528 11541 11527
f 11541 11542 11527
f 11527 11542 11526
f 11542 11543 11526
f 11526 11543 11531
f 11543 11544 11531
f 11531 11544 11530
f 11544 11545 11530
f 11530 11545 11529
f 11545 11546 11529
f 11529 11546 11534
f 11546 11547 11534
f 11534 11547 11533
f 11547 11548 11533
f 11533 11548 11532
f 11548 11549 11532
f 11532 11549 11520
f 11549 11550 11520
f 11520 11550 1945
f 11551 11552 1945
f 11552 11553 1945
f 11553 10589 1945
f 1945 10589 1946
f 11550 11554 1945
f 11554 11555 1945
f 1945 11555 11556
f 1945 11557 11558
f 11558 11559 1945
f 11559 11560 1945
f 1945 11560 11561
f 11556 11562 1945
f 11562 11563 1945
f 1945 11563 11557
f 11561 11564 1945
f 11564 11565 1945
f 1945 11565 11551
f 11566 11567 11568
f 11567 11566 11569
f 11570 11571 11572
f 11422 11573 11423
f 11464 11463 11574
f 11460 11465 11575
f 11470 11576 11575
f 11550 11549 11577
f 11550 11577 11554
f 11577 11578 11554
f 11554 11578 11555
f 11578 11579 11555
f 11555 11579 11556
f 11579 11580 11556
f 11580 11581 11556
f 11556 11581 11562
f 11581 11582 11562
f 11582 11583 11562
f 11562 11583 11563
f 11583 11584 11563
f 11563 11584 11557
f 11584 11585 11557
f 11585 11586 11557
f 11557 11586 11558
f 11586 11587 11558
f 11558 11587 11559
f 11588 11552 11589
f 11552 11551 11589
f 11589 11551 11590
f 11551 11565 11590
f 11590 11565 11591
f 11565 11564 11591
f 11591 11564 11592
f 11564 11561 11592
f 11592 11561 11593
f 11561 11560 11593
f 11593 11560 11594
f 11560 11559 11594
f 11594 11559 11595
f 11559 11587 11595
f 11465 11467 11575
f 11467 11468 11575
f 11575 11468 11470
f 11463 11462 11574
f 11462 11461 11574
f 11574 11461 11596
f 11597 11455 11598
f 11455 11454 11598
f 11598 11454 11599
f 11453 11458 11597
f 11458 11457 11597
f 11597 11457 11455
f 11600 11448 11450
f 11447 11446 11601
f 11446 11445 11601
f 11601 11445 11444
f 11602 11603 11441
f 11441 11603 11439
f 11603 11604 11439
f 11439 11604 11438
f 11433 11429 11605
f 11429 11431 11605
f 11605 11431 11606
f 11431 11432 11606
f 11428 11427 11607
f 11427 11435 11607
f 11607 11435 11608
f 11573 11422 11607
f 11422 11421 11607
f 11607 11421 11428
f 11418 11425 11609
f 11425 11610 11609
f 11415 11413 11611
f 11413 11412 11611
f 11611 11412 11609
f 11412 11419 11609
f 11609 11419 11418
f 11411 11410 11612
f 11410 11613 11612
f 11411 11612 11408
f 11612 11535 11408
f 11408 11535 11407
f 11614 11543 11615
f 11543 11542 11615
f 11615 11542 11541
f 11570 11572 11616
f 11617 11618 11619
f 11618 11620 11619
f 11619 11620 11621
f 11568 11622 11623
f 11624 11625 11626
f 11627 11628 11629
f 11576 11630 11575
f 11630 11596 11575
f 11575 11596 11460
f 11596 11461 11460
f 11631 11617 11632
f 11617 11619 11632
f 11632 11619 11633
f 11619 11621 11633
f 11633 11621 11634
f 11630 11635 11596
f 11635 11636 11596
f 11596 11636 11574
f 11636 11599 11574
f 11574 11599 11464
f 11599 11454 11464
f 11637 11631 11638
f 11631 11632 11638
f 11638 11632 11639
f 11632 11633 11639
f 11639 11633 11640
f 11633 11634 11640
f 11640 11634 11641
f 11642 11637 11643
f 11637 11638 11643
f 11643 11638 11644
f 11638 11639 11644
f 11644 11639 11645
f 11639 11640 11645
f 11645 11640 11646
f 11640 11641 11646
f 11646 11641 11647
f 3375 11648 11470
f 11648 11649 11470
f 11470 11649 11576
f 11649 11650 11576
f 11576 11650 11630
f 11650 11616 11630
f 11630 11616 11635
f 11616 11572 11635
f 11635 11572 11636
f 11572 11651 11636
f 11636 11651 11599
f 11651 11652 11599
f 11599 11652 11598
f 11652 11653 11598
f 11598 11653 11597
f 11653 11654 11597
f 11597 11654 11453
f 11654 11600 11453
f 11453 11600 11451
f 11600 11450 11451
f 11655 11642 11656
f 11642 11643 11656
f 11656 11643 11657
f 11643 11644 11657
f 11657 11644 11658
f 11644 11645 11658
f 11658 11645 11659
f 11645 11646 11659
f 11659 11646 11660
f 11646 11647 11660
f 11660 11647 11661
f 11571 11655 11572
f 11655 11656 11572
f 11572 11656 11651
f 11656 11657 11651
f 11651 11657 11652
f 11657 11658 11652
f 11652 11658 11653
f 11658 11659 11653
f 11653 11659 11654
f 11659 11660 11654
f 11654 11660 11600
f 11660 11661 11600
f 11600 11661 11448
f 11443 11448 11662
f 11448 11661 11662
f 11662 11661 11663
f 11661 11647 11663
f 11663 11647 11664
f 11647 11641 11664
f 11664 11641 11665
f 11641 11634 11665
f 11665 11634 11666
f 11634 11621 11666
f 11666 11621 11667
f 11621 11620 11667
f 11667 11620 11566
f 11620 11618 11566
f 11566 11618 11569
f 11441 11447 11602
f 11447 11601 11602
f 11602 11601 11668
f 11432 11436 11606
f 11436 11438 11606
f 11606 11438 11669
f 11438 11604 11669
f 11669 11604 11670
f 11604 11603 11670
f 11670 11603 11671
f 11603 11602 11671
f 11671 11602 11672
f 11602 11668 11672
f 11672 11668 11673
f 11435 11434 11608
f 11434 11433 11608
f 11608 11433 11674
f 11433 11605 11674
f 11674 11605 11675
f 11605 11606 11675
f 11675 11606 11676
f 11606 11669 11676
f 11676 11669 11677
f 11669 11670 11677
f 11677 11670 11678
f 11670 11671 11678
f 11678 11671 11679
f 11671 11672 11679
f 11679 11672 11680
f 11672 11673 11680
f 11680 11673 11681
f 11425 11424 11610
f 11424 11423 11610
f 11610 11423 11682
f 11423 11573 11682
f 11682 11573 11683
f 11573 11607 11683
f 11683 11607 11684
f 11607 11608 11684
f 11684 11608 11685
f 11608 11674 11685
f 11685 11674 11686
f 11674 11675 11686
f 11686 11675 11687
f 11675 11676 11687
f 11687 11676 11688
f 11676 11677 11688
f 11688 11677 11689
f 11677 11678 11689
f 11689 11678 11690
f 11678 11679 11690
f 11690 11679 11691
f 11679 11680 11691
f 11691 11680 11692
f 11680 11681 11692
f 11692 11681 11693
f 11410 11416 11613
f 11416 11415 11613
f 11613 11415 11694
f 11415 11611 11694
f 11694 11611 11695
f 11611 11609 11695
f 11695 11609 11696
f 11609 11610 11696
f 11696 11610 11697
f 11610 11682 11697
f 11697 11682 11698
f 11682 11683 11698
f 11698 11683 11699
f 11683 11684 11699
f 11699 11684 11700
f 11684 11685 11700
f 11700 11685 11701
f 11685 11686 11701
f 11701 11686 11702
f 11686 11687 11702
f 11702 11687 11703
f 11687 11688 11703
f 11703 11688 11704
f 11688 11689 11704
f 11704 11689 11705
f 11689 11690 11705
f 11705 11690 11706
f 11690 11691 11706
f 11706 11691 11707
f 11691 11692 11707
f 11707 11692 11708
f 11692 11693 11708
f 11708 11693 11709
f 11710 11711 11712
f 11711 11713 11712
f 11712 11713 11714
f 11713 11715 11714
f 11714 11715 11716
f 11715 11717 11716
f 11716 11717 11718
f 11717 11719 11718
f 11718 11719 11720
f 11719 11721 11720
f 11720 11721 11722
f 11721 11723 11722
f 11722 11723 11724
f 11723 11725 11724
f 11724 11725 11726
f 11725 11727 11726
f 11726 11727 11728
f 11727 11729 11728
f 11728 11729 11730
f 11729 11731 11730
f 11730 11731 11732
f 11731 11733 11732
f 11732 11733 11734
f 11733 11735 11734
f 11734 11735 11736
f 11735 11737 11736
f 11736 11737 11738
f 11737 11739 11738
f 11738 11739 11740
f 11739 11741 11740
f 11740 11741 11742
f 11741 11743 11742
f 11742 11743 11744
f 11743 11745 11744
f 11744 11745 11746
f 11745 11747 11746
f 11746 11747 11748
f 11626 11749 11750
f 11749 11751 11750
f 11750 11751 11752
f 11751 11753 11752
f 11752 11753 11754
f 11753 11755 11754
f 11754 11755 11756
f 11755 11757 11756
f 11756 11757 11758
f 11757 11759 11758
f 11758 11759 11760
f 11759 11761 11760
f 11760 11761 11762
f 11761 11763 11762
f 11762 11763 11764
f 11763 11765 11764
f 11764 11765 11766
f 11765 11767 11766
f 11766 11767 11768
f 11767 11769 11768
f 11768 11769 11770
f 11769 11771 11770
f 11770 11771 11772
f 11771 11773 11772
f 11772 11773 11774
f 11773 11775 11774
f 11774 11775 11776
f 11775 11777 11776
f 11776 11777 11778
f 11777 11779 11778
f 11778 11779 11780
f 11779 11781 11780
f 11780 11781 11614
f 11781 11782 11614
f 11614 11782 11543
f 11782 11544 11543
f 11749 11783 11751
f 11783 11784 11751
f 11751 11784 11753
f 11784 11785 11753
f 11753 11785 11755
f 11785 11786 11755
f 11755 11786 11757
f 11786 11787 11757
f 11757 11787 11759
f 11787 11788 11759
f 11759 11788 11761
f 11788 11789 11761
f 11761 11789 11763
f 11789 11790 11763
f 11763 11790 11765
f 11790 11791 11765
f 11765 11791 11767
f 11791 11792 11767
f 11767 11792 11769
f 11792 11793 11769
f 11769 11793 11771
f 11793 11794 11771
f 11771 11794 11773
f 11794 11795 11773
f 11773 11795 11775
f 11795 11796 11775
f 11775 11796 11777
f 11796 11797 11777
f 11777 11797 11779
f 11797 11798 11779
f 11779 11798 11781
f 11798 11799 11781
f 11781 11799 11782
f 11799 11800 11782
f 11782 11800 11544
f 11800 11545 11544
f 11783 11801 11784
f 11801 11802 11784
f 11784 11802 11785
f 11802 11803 11785
f 11785 11803 11786
f 11803 11804 11786
f 11786 11804 11787
f 11804 11805 11787
f 11787 11805 11788
f 11805 11806 11788
f 11788 11806 11789
f 11806 11807 11789
f 11789 11807 11790
f 11807 11808 11790
f 11790 11808 11791
f 11808 11809 11791
f 11791 11809 11792
f 11809 11810 11792
f 11792 11810 11793
f 11810 11811 11793
f 11793 11811 11794
f 11811 11812 11794
f 11794 11812 11795
f 11812 11813 11795
f 11795 11813 11796
f 11813 11814 11796
f 11796 11814 11797
f 11814 11815 11797
f 11797 11815 11798
f 11815 11816 11798
f 11798 11816 11799
f 11816 11817 11799
f 11799 11817 11800
f 11817 11818 11800
f 11800 11818 11545
f 11818 11546 11545
f 11625 11819 11626
f 11819 11820 11626
f 11626 11820 11749
f 11820 11821 11749
f 11749 11821 11783
f 11821 11627 11783
f 11783 11627 11801
f 11627 11629 11801
f 11801 11629 11802
f 11629 11822 11802
f 11802 11822 11803
f 11822 11823 11803
f 11803 11823 11804
f 11823 11824 11804
f 11804 11824 11805
f 11824 11825 11805
f 11805 11825 11806
f 11825 11826 11806
f 11806 11826 11807
f 11826 11827 11807
f 11807 11827 11808
f 11827 11828 11808
f 11808 11828 11809
f 11828 11829 11809
f 11809 11829 11810
f 11829 11830 11810
f 11810 11830 11811
f 11830 11831 11811
f 11811 11831 11812
f 11831 11832 11812
f 11812 11832 11813
f 11832 11833 11813
f 11813 11833 11814
f 11833 11834 11814
f 11814 11834 11815
f 11834 11835 11815
f 11815 11835 11816
f 11835 11836 11816
f 11816 11836 11817
f 11836 11837 11817
f 11817 11837 11818
f 11837 11838 11818
f 11818 11838 11546
f 11838 11547 11546
f 11629 11839 11822
f 11839 11840 11822
f 11822 11840 11823
f 11840 11841 11823
f 11823 11841 11824
f 11841 11842 11824
f 11824 11842 11825
f 11842 11843 11825
f 11825 11843 11826
f 11843 11844 11826
f 11826 11844 11827
f 11844 11845 11827
f 11827 11845 11828
f 11845 11846 11828
f 11828 11846 11829
f 11846 11847 11829
f 11829 11847 11830
f 11847 11848 11830
f 11830 11848 11831
f 11848 11849 11831
f 11831 11849 11832
f 11849 11850 11832
f 11832 11850 11833
f 11850 11851 11833
f 11833 11851 11834
f 11851 11852 11834
f 11834 11852 11835
f 11852 11853 11835
f 11835 11853 11836
f 11853 11854 11836
f 11836 11854 11837
f 11854 11855 11837
f 11837 11855 11838
f 11855 11856 11838
f 11838 11856 11547
f 11856 11548 11547
f 11628 11857 11629
f 11857 11588 11629
f 11629 11588 11839
f 11588 11589 11839
f 11839 11589 11840
f 11589 11590 11840
f 11840 11590 11841
f 11590 11591 11841
f 11841 11591 11842
f 11591 11592 11842
f 11842 11592 11843
f 11592 11593 11843
f 11843 11593 11844
f 11593 11594 11844
f 11844 11594 11845
f 11594 11595 11845
f 11845 11595 11846
f 11595 11587 11846
f 11846 11587 11847
f 11587 11586 11847
f 11847 11586 11848
f 11586 11585 11848
f 11848 11585 11849
f 11585 11584 11849
f 11849 11584 11850
f 11584 11583 11850
f 11850 11583 11851
f 11583 11582 11851
f 11851 11582 11852
f 11582 11581 11852
f 11852 11581 11853
f 11581 11580 11853
f 11853 11580 11854
f 11580 11579 11854
f 11854 11579 11855
f 11579 11578 11855
f 11855 11578 11856
f 11578 11577 11856
f 11856 11577 11548
f 11577 11549 11548
f 11536 11535 11858
f 11535 11612 11858
f 11858 11612 11859
f 11612 11613 11859
f 11859 11613 11860
f 11613 11694 11860
f 11860 11694 11861
f 11694 11695 11861
f 11861 11695 11862
f 11695 11696 11862
f 11862 11696 11863
f 11696 11697 11863
f 11863 11697 11864
f 11697 11698 11864
f 11864 11698 11865
f 11698 11699 11865
f 11865 11699 11866
f 11699 11700 11866
f 11866 11700 11867
f 11700 11701 11867
f 11867 11701 11868
f 11701 11702 11868
f 11868 11702 11869
f 11702 11703 11869
f 11869 11703 11870
f 11703 11704 11870
f 11870 11704 11871
f 11704 11705 11871
f 11871 11705 11872
f 11705 11706 11872
f 11872 11706 11873
f 11706 11707 11873
f 11873 11707 11874
f 11707 11708 11874
f 11874 11708 11875
f 11708 11709 11875
f 11875 11709 11876
f 11537 11536 11877
f 11536 11858 11877
f 11877 11858 11878
f 11858 11859 11878
f 11878 11859 11879
f 11859 11860 11879
f 11879 11860 11880
f 11860 11861 11880
f 11880 11861 11881
f 11861 11862 11881
f 11881 11862 11882
f 11862 11863 11882
f 11882 11863 11883
f 11863 11864 11883
f 11883 11864 11884
f 11864 11865 11884
f 11884 11865 11885
f 11865 11866 11885
f 11885 11866 11886
f 11866 11867 11886
f 11886 11867 11887
f 11867 11868 11887
f 11887 11868 11888
f 11868 11869 11888
f 11888 11869 11889
f 11869 11870 11889
f 11889 11870 11890
f 11870 11871 11890
f 11890 11871 11891
f 11871 11872 11891
f 11891 11872 11892
f 11872 11873 11892
f 11892 11873 11893
f 11873 11874 11893
f 11893 11874 11894
f 11874 11875 11894
f 11894 11875 11895
f 11875 11876 11895
f 11895 11876 11896
f 11896 11897 11895
f 11897 11898 11895
f 11895 11898 11894
f 11898 11899 11894
f 11894 11899 11893
f 11899 11900 11893
f 11893 11900 11892
f 11900 11901 11892
f 11892 11901 11891
f 11901 11902 11891
f 11891 11902 11890
f 11902 11903 11890
f 11890 11903 11889
f 11903 11904 11889
f 11889 11904 11888
f 11904 11905 11888
f 11888 11905 11887
f 11905 11906 11887
f 11887 11906 11886
f 11906 11907 11886
f 11886 11907 11885
f 11907 11908 11885
f 11885 11908 11884
f 11908 11909 11884
f 11884 11909 11883
f 11909 11910 11883
f 11883 11910 11882
f 11910 11911 11882
f 11882 11911 11881
f 11911 11912 11881
f 11881 11912 11880
f 11912 11913 11880
f 11880 11913 11879
f 11913 11914 11879
f 11879 11914 11878
f 11914 11915 11878
f 11878 11915 11877
f 11915 11916 11877
f 11877 11916 11537
f 11916 11538 11537
f 11444 11443 11601
f 11443 11662 11601
f 11601 11662 11668
f 11662 11663 11668
f 11668 11663 11673
f 11663 11664 11673
f 11673 11664 11681
f 11664 11665 11681
f 11681 11665 11693
f 11665 11666 11693
f 11693 11666 11709
f 11666 11667 11709
f 11709 11667 11876
f 11667 11566 11876
f 11876 11566 11896
f 11566 11568 11896
f 11896 11568 11897
f 11568 11623 11897
f 11897 11623 11898
f 11623 11917 11898
f 11898 11917 11899
f 11917 11918 11899
f 11899 11918 11900
f 11918 11919 11900
f 11900 11919 11901
f 11919 11920 11901
f 11901 11920 11902
f 11920 11921 11902
f 11902 11921 11903
f 11921 11922 11903
f 11903 11922 11904
f 11922 11923 11904
f 11904 11923 11905
f 11923 11924 11905
f 11905 11924 11906
f 11924 11925 11906
f 11906 11925 11907
f 11925 11926 11907
f 11907 11926 11908
f 11926 11927 11908
f 11908 11927 11909
f 11927 11928 11909
f 11909 11928 11910
f 11928 11929 11910
f 11910 11929 11911
f 11929 11930 11911
f 11911 11930 11912
f 11930 11931 11912
f 11912 11931 11913
f 11931 11932 11913
f 11913 11932 11914
f 11932 11933 11914
f 11914 11933 11915
f 11933 11934 11915
f 11915 11934 11916
f 11934 11935 11916
f 11916 11935 11538
f 11935 11539 11538
f 11623 11936 11917
f 11936 11937 11917
f 11917 11937 11918
f 11937 11938 11918
f 11918 11938 11919
f 11938 11939 11919
f 11919 11939 11920
f 11939 11940 11920
f 11920 11940 11921
f 11940 11941 11921
f 11921 11941 11922
f 11941 11942 11922
f 11922 11942 11923
f 11942 11943 11923
f 11923 11943 11924
f 11943 11944 11924
f 11924 11944 11925
f 11944 11945 11925
f 11925 11945 11926
f 11945 11946 11926
f 11926 11946 11927
f 11946 11947 11927
f 11927 11947 11928
f 11947 11948 11928
f 11928 11948 11929
f 11948 11949 11929
f 11929 11949 11930
f 11949 11950 11930
f 11930 11950 11931
f 11950 11951 11931
f 11931 11951 11932
f 11951 11952 11932
f 11932 11952 11933
f 11952 11953 11933
f 11933 11953 11934
f 11953 11954 11934
f 11934 11954 11935
f 11954 11955 11935
f 11935 11955 11539
f 11955 11540 11539
f 11936 11710 11937
f 11710 11712 11937
f 11937 11712 11938
f 11712 11714 11938
f 11938 11714 11939
f 11714 11716 11939
f 11939 11716 11940
f 11716 11718 11940
f 11940 11718 11941
f 11718 11720 11941
f 11941 11720 11942
f 11720 11722 11942
f 11942 11722 11943
f 11722 11724 11943
f 11943 11724 11944
f 11724 11726 11944
f 11944 11726 11945
f 11726 11728 11945
f 11945 11728 11946
f 11728 11730 11946
f 11946 11730 11947
f 11730 11732 11947
f 11947 11732 11948
f 11732 11734 11948
f 11948 11734 11949
f 11734 11736 11949
f 11949 11736 11950
f 11736 11738 11950
f 11950 11738 11951
f 11738 11740 11951
f 11951 11740 11952
f 11740 11742 11952
f 11952 11742 11953
f 11742 11744 11953
f 11953 11744 11954
f 11744 11746 11954
f 11954 11746 11955
f 11746 11748 11955
f 11955 11748 11540
f 11622 11956 11623
f 11956 11957 11623
f 11623 11957 11936
f 11957 11958 11936
f 11936 11958 11710
f 11958 11624 11710
f 11710 11624 11711
f 11624 11626 11711
f 11711 11626 11713
f 11626 11750 11713
f 11713 11750 11715
f 11750 11752 11715
f 11715 11752 11717
f 11752 11754 11717
f 11717 11754 11719
f 11754 11756 11719
f 11719 11756 11721
f 11756 11758 11721
f 11721 11758 11723
f 11758 11760 11723
f 11723 11760 11725
f 11760 11762 11725
f 11725 11762 11727
f 11762 11764 11727
f 11727 11764 11729
f 11764 11766 11729
f 11729 11766 11731
f 11766 11768 11731
f 11731 11768 11733
f 11768 11770 11733
f 11733 11770 11735
f 11770 11772 11735
f 11735 11772 11737
f 11772 11774 11737
f 11737 11774 11739
f 11774 11776 11739
f 11739 11776 11741
f 11776 11778 11741
f 11741 11778 11743
f 11778 11780 11743
f 11743 11780 11745
f 11780 11614 11745
f 11745 11614 11747
f 11614 11615 11747
f 11747 11615 11748
f 11615 11541 11748
f 11748 11541 11540
f 11959 11622 11568
f 11553 11552 11588
f 11857 11960 11588
f 11960 11961 11588
f 11588 11961 11553
f 11857 11628 11960
f 11628 11627 11960
f 11960 11627 11962
f 11627 11821 11962
f 11962 11821 11963
f 11821 11820 11963
f 11963 11820 11964
f 11820 11819 11964
f 11819 11625 11964
f 11625 11624 11964
f 11964 11624 11965
f 11624 11966 11965
f 11624 11958 11966
f 11958 11957 11966
f 11966 11957 11959
f 11957 11956 11959
f 11959 11956 11622
f 11618 11967 11569
f 11967 11968 11569
f 11569 11968 11567
f 11968 11969 11567
f 11567 11969 11568
f 11969 11970 11568
f 11568 11970 11959
f 11655 11971 11642
f 11971 11972 11642
f 11642 11972 11637
f 11972 11973 11637
f 11637 11973 11631
f 11973 11974 11631
f 11631 11974 11617
f 11974 11975 11617
f 11617 11975 11618
f 11975 11976 11618
f 11618 11976 11967
f 11616 11977 11570
f 11977 11978 11570
f 11570 11978 11571
f 11978 11979 11571
f 11571 11979 11655
f 11979 11980 11655
f 11655 11980 11971
f 3375 3091 11648
f 3091 11981 11648
f 11648 11981 11649
f 11981 11982 11649
f 11649 11982 11650
f 11982 11983 11650
f 11650 11983 11616
f 11983 11984 11616
f 11616 11984 11977
f 3091 10562 10563
f 3091 10563 11981
f 10563 10564 11981
f 11981 10564 11982
f 10564 10565 11982
f 11982 10565 11983
f 10565 10566 11983
f 11983 10566 11984
f 10566 10567 11984
f 11984 10567 11977
f 10567 10568 11977
f 11977 10568 11978
f 10568 10569 11978
f 11978 10569 11979
f 10569 10570 11979
f 11979 10570 11980
f 10570 10571 11980
f 11980 10571 11971
f 10571 10572 11971
f 11971 10572 11972
f 10572 10573 11972
f 11972 10573 11973
f 10573 10574 11973
f 11973 10574 11974
f 10574 10575 11974
f 11974 10575 11975
f 10575 10576 11975
f 11975 10576 11976
f 10576 10577 11976
f 11976 10577 11967
f 10577 10578 11967
f 11967 10578 11968
f 10578 10579 11968
f 11968 10579 11969
f 10579 10580 11969
f 11969 10580 11970
f 10580 10581 11970
f 11970 10581 11959
f 10581 10582 11959
f 11959 10582 11966
f 10582 10583 11966
f 11966 10583 11965
f 10583 10584 11965
f 11965 10584 11964
f 10584 10585 11964
f 11964 10585 11963
f 10585 10586 11963
f 11963 10586 11962
f 10586 10587 11962
f 11962 10587 11960
f 10587 10588 11960
f 11960 10588 11961
f 10588 10589 11961
f 11961 10589 11553
f 3063 6549 3091
f 6549 10562 3091
f 11985 11986 11987
f 11986 11988 11987
f 11986 6550 11988
f 6550 6552 11988
f 6554 6566 6552
f 6566 11987 6552
f 6552 11987 11988
f 11987 6566 11985
f 6566 6565 11985
f 11986 11985 6550
f 11985 6565 6550
f 6550 6565 6569
f 6551 6550 6568
f 6550 6569 6568
f 11989 11990 11991
f 11990 11992 11991
f 11990 11993 11992
f 11993 11994 11992
f 11995 11996 11997
f 11996 11994 11997
f 11996 11998 11994
f 11998 11991 11994
f 11994 11991 11992
f 11991 11998 11989
f 11998 11999 11989
f 11990 11989 11993
f 11989 11999 11993
f 11993 11999 12000
f 12000 6557 11993
f 6557 6556 11993
f 6544 11997 11994
f 6544 11994 6545
f 11994 11993 6545
f 6545 11993 6556
f 12001 11995 11997
f 6544 6543 11997
f 6543 1757 11997
f 11997 1757 12001
f 6568 6570 6551
f 6570 1824 6551
f 6551 1824 6549
f 1824 10562 6549
f 1733 1824 10561
f 1824 6570 10561
f 10561 6570 7486
f 6570 12001 7486
f 7486 12001 1759
f 12001 1757 1759
f 12002 12001 6578
f 12001 6570 6578
f 8445 7515 6603
f 7515 2104 6603
f 6603 2104 6578
f 6578 2104 12002
f 2104 2103 12002
f 12002 2103 7491
f 2103 7500 7491
f 7491 7500 7489
f 7512 7500 2105
f 7500 2103 2105
f 2074 7510 7509
f 2074 7509 2106
f 7509 7512 2106
f 2106 7512 2105
f 12003 2145 2027
f 12004 12005 12006
f 12005 12007 12006
f 12006 12007 12008
f 12009 12010 12011
f 12012 12013 12007
f 12013 12014 12007
f 12007 12014 12015
f 12015 12016 12007
f 12016 12017 12007
f 12007 12017 12018
f 12019 12020 12007
f 12020 12021 12007
f 12007 12021 12008
f 12009 12011 12022
f 12010 12023 12011
f 12023 12024 12011
f 12011 12024 12025
f 12018 12026 12007
f 12026 12027 12007
f 12007 12027 12019
f 12012 12007 12011
f 12007 12028 12011
f 12011 12028 12022
f 12029 12030 12031
f 12032 12033 12024
f 12033 12034 12024
f 12031 12035 12029
f 12035 12036 12029
f 12029 12036 12037
f 12036 12038 12037
f 12030 12029 12024
f 12029 12039 12024
f 12024 12039 12032
f 12034 12040 12024
f 12040 12041 12024
f 12024 12041 12025
f 12036 12042 12043
f 12044 12045 12046
f 12045 12047 12046
f 12047 12048 12046
f 12046 12048 12049
f 12043 12050 12036
f 12050 12051 12036
f 12036 12051 12038
f 12042 12036 12046
f 12036 12052 12046
f 12046 12052 12044
f 12053 12054 12055
f 12056 12057 12058
f 12059 12060 12061
f 12062 12063 12064
f 12065 12066 12067
f 12068 12069 12070
f 12071 12072 12073
f 12074 12004 12006
f 12075 12076 12077
f 12078 12079 12080
f 12081 12082 12083
f 12084 12085 12086
f 12087 12088 12089
f 12090 12091 12092
f 12093 12094 12095
f 12096 12097 12098
f 12099 12100 12101
f 12102 12103 12104
f 12105 12106 12107
f 12077 12076 12108
f 12109 12110 12111
f 12112 12113 12114
f 12007 12005 12115
f 12074 12006 12116
f 12117 12118 12119
f 12118 12116 12119
f 12072 12120 12121
f 12120 12117 12121
f 12069 12122 12123
f 12122 12124 12123
f 12123 12124 12125
f 12068 12070 12126
f 12066 12127 12128
f 12127 12129 12128
f 12128 12129 12126
f 12065 12067 12130
f 12063 12131 12132
f 12131 12133 12132
f 12132 12133 12130
f 12062 12064 12060
f 12059 12061 12134
f 12057 12135 12136
f 12135 12137 12136
f 12136 12137 12134
f 12056 12058 12054
f 12053 12055 12138
f 12139 12140 12141
f 12140 12142 12141
f 12141 12142 12143
f 12141 12144 12139
f 12144 12145 12139
f 12139 12145 12146
f 12145 12147 12146
f 12147 12148 12146
f 12146 12148 12149
f 12148 12150 12149
f 12150 12151 12149
f 12149 12151 12152
f 12151 12153 12152
f 12153 12154 12152
f 12152 12154 12155
f 12154 12156 12155
f 12156 12157 12155
f 12155 12157 12158
f 12157 12159 12158
f 12159 12160 12158
f 12158 12160 12161
f 12160 12162 12161
f 12162 12163 12161
f 12161 12163 12164
f 12163 12165 12164
f 12165 12166 12164
f 12164 12166 12167
f 12166 12168 12167
f 12168 12169 12167
f 12167 12169 12170
f 12169 12171 12170
f 12171 12172 12170
f 12172 12173 12170
f 12170 12173 12174
f 12173 12175 12174
f 12175 12176 12174
f 12174 12176 12177
f 12176 12178 12177
f 12178 12179 12177
f 12177 12179 12180
f 12179 12181 12180
f 12181 12182 12180
f 12180 12182 12183
f 12182 12184 12183
f 12184 12185 12183
f 12183 12185 12186
f 12185 12187 12186
f 12187 12188 12186
f 12186 12188 12189
f 12188 12190 12189
f 12190 12191 12189
f 12189 12191 12192
f 12191 12193 12192
f 12193 12194 12192
f 12192 12194 12195
f 12194 12196 12195
f 12196 12197 12195
f 12195 12197 12198
f 12197 12199 12198
f 12199 12200 12198
f 12198 12200 12201
f 12200 12202 12201
f 12202 12203 12201
f 12201 12203 12204
f 12203 12205 12204
f 12205 12206 12204
f 12204 12206 12207
f 12206 12208 12207
f 12207 12208 12209
f 12208 12210 12209
f 12209 12210 12211
f 12210 12212 12211
f 12212 12213 12211
f 12211 12213 12214
f 12213 12215 12214
f 12215 12216 12214
f 12214 12216 12217
f 12216 12218 12217
f 12218 12219 12217
f 12217 12219 12220
f 12219 12221 12220
f 12221 12222 12220
f 12220 12222 12223
f 12222 12224 12223
f 12224 12225 12223
f 12223 12225 12226
f 12225 12227 12226
f 12227 12228 12226
f 12226 12228 12229
f 12228 12230 12229
f 12230 12231 12229
f 12229 12231 12232
f 12231 12233 12232
f 12233 12234 12232
f 12232 12234 12235
f 12234 12236 12235
f 12236 12237 12235
f 12235 12237 12238
f 12237 12239 12238
f 12239 12240 12238
f 12238 12240 12241
f 12240 12242 12241
f 12242 12243 12241
f 12241 12243 12244
f 12243 12245 12244
f 12245 12246 12244
f 12244 12246 12247
f 12246 12248 12247
f 12248 12249 12247
f 12247 12249 12250
f 12249 12251 12250
f 12251 12252 12250
f 12250 12252 12253
f 12252 12254 12253
f 12254 12255 12253
f 12253 12255 12256
f 12255 12257 12256
f 12257 12258 12256
f 12256 12258 12259
f 12258 12260 12259
f 12260 12261 12259
f 12259 12261 12262
f 12261 12263 12262
f 12263 12264 12262
f 12262 12264 12265
f 12264 12266 12265
f 12266 12267 12265
f 12265 12267 12268
f 12267 12269 12268
f 12269 12270 12268
f 12268 12270 12055
f 12270 12271 12055
f 12055 12271 12138
f 12054 12058 12055
f 12058 12272 12055
f 12055 12272 12268
f 12272 12273 12268
f 12268 12273 12265
f 12273 12274 12265
f 12265 12274 12262
f 12274 12275 12262
f 12262 12275 12259
f 12275 12276 12259
f 12259 12276 12256
f 12276 12277 12256
f 12256 12277 12253
f 12277 12278 12253
f 12253 12278 12250
f 12278 12279 12250
f 12250 12279 12247
f 12279 12280 12247
f 12247 12280 12244
f 12280 12281 12244
f 12244 12281 12241
f 12281 12282 12241
f 12241 12282 12238
f 12282 12283 12238
f 12238 12283 12235
f 12283 12284 12235
f 12235 12284 12232
f 12284 12285 12232
f 12232 12285 12229
f 12285 12286 12229
f 12229 12286 12226
f 12286 12287 12226
f 12226 12287 12223
f 12287 12288 12223
f 12223 12288 12220
f 12288 12289 12220
f 12220 12289 12217
f 12289 12290 12217
f 12217 12290 12214
f 12290 12291 12214
f 12214 12291 12211
f 12291 12292 12211
f 12211 12292 12209
f 12292 12293 12209
f 12209 12293 12207
f 12293 12294 12207
f 12207 12294 12204
f 12294 12295 12204
f 12204 12295 12201
f 12295 12296 12201
f 12201 12296 12198
f 12296 12297 12198
f 12198 12297 12195
f 12297 12298 12195
f 12195 12298 12192
f 12298 12299 12192
f 12192 12299 12189
f 12299 12300 12189
f 12189 12300 12186
f 12300 12301 12186
f 12186 12301 12183
f 12301 12302 12183
f 12183 12302 12180
f 12302 12303 12180
f 12180 12303 12177
f 12303 12304 12177
f 12177 12304 12174
f 12304 12305 12174
f 12174 12305 12170
f 12305 12306 12170
f 12170 12306 12167
f 12306 12307 12167
f 12167 12307 12164
f 12307 12308 12164
f 12164 12308 12161
f 12308 12309 12161
f 12161 12309 12158
f 12309 12310 12158
f 12158 12310 12155
f 12310 12311 12155
f 12155 12311 12152
f 12311 12312 12152
f 12152 12312 12149
f 12312 12313 12149
f 12149 12313 12146
f 12313 12314 12146
f 12146 12314 12139
f 12314 12078 12139
f 12139 12078 12140
f 12078 12080 12140
f 12140 12080 12142
f 12057 12136 12058
f 12136 12315 12058
f 12058 12315 12272
f 12315 12316 12272
f 12272 12316 12273
f 12316 12317 12273
f 12273 12317 12274
f 12317 12318 12274
f 12274 12318 12275
f 12318 12319 12275
f 12275 12319 12276
f 12319 12320 12276
f 12276 12320 12277
f 12320 12321 12277
f 12277 12321 12278
f 12321 12322 12278
f 12278 12322 12279
f 12322 12323 12279
f 12279 12323 12280
f 12323 12324 12280
f 12280 12324 12281
f 12324 12325 12281
f 12281 12325 12282
f 12325 12326 12282
f 12282 12326 12283
f 12326 12327 12283
f 12283 12327 12284
f 12327 12328 12284
f 12284 12328 12285
f 12328 12329 12285
f 12285 12329 12286
f 12329 12330 12286
f 12286 12330 12287
f 12330 12331 12287
f 12287 12331 12288
f 12331 12332 12288
f 12288 12332 12289
f 12332 12333 12289
f 12289 12333 12290
f 12333 12334 12290
f 12290 12334 12291
f 12334 12335 12291
f 12291 12335 12292
f 12335 12336 12292
f 12292 12336 12293
f 12336 12337 12293
f 12293 12337 12294
f 12337 12338 12294
f 12294 12338 12295
f 12338 12339 12295
f 12295 12339 12296
f 12339 12340 12296
f 12296 12340 12297
f 12340 12341 12297
f 12297 12341 12298
f 12341 12342 12298
f 12298 12342 12299
f 12342 12343 12299
f 12299 12343 12300
f 12343 12344 12300
f 12300 12344 12301
f 12344 12345 12301
f 12301 12345 12302
f 12345 12346 12302
f 12302 12346 12303
f 12346 12347 12303
f 12303 12347 12304
f 12347 12348 12304
f 12304 12348 12305
f 12348 12349 12305
f 12305 12349 12306
f 12349 12350 12306
f 12306 12350 12307
f 12350 12351 12307
f 12307 12351 12308
f 12351 12352 12308
f 12308 12352 12309
f 12352 12353 12309
f 12309 12353 12310
f 12353 12354 12310
f 12310 12354 12311
f 12354 12355 12311
f 12311 12355 12312
f 12355 12356 12312
f 12312 12356 12313
f 12356 12357 12313
f 12313 12357 12314
f 12357 12081 12314
f 12314 12081 12078
f 12081 12083 12078
f 12078 12083 12079
f 12134 12358 12136
f 12358 12359 12136
f 12136 12359 12315
f 12359 12360 12315
f 12315 12360 12316
f 12360 12361 12316
f 12316 12361 12317
f 12361 12362 12317
f 12317 12362 12318
f 12362 12363 12318
f 12318 12363 12319
f 12363 12364 12319
f 12319 12364 12320
f 12364 12365 12320
f 12320 12365 12321
f 12365 12366 12321
f 12321 12366 12322
f 12366 12367 12322
f 12322 12367 12323
f 12367 12368 12323
f 12323 12368 12324
f 12368 12369 12324
f 12324 12369 12325
f 12369 12370 12325
f 12325 12370 12326
f 12370 12371 12326
f 12326 12371 12327
f 12371 12372 12327
f 12327 12372 12328
f 12372 12373 12328
f 12328 12373 12329
f 12373 12374 12329
f 12329 12374 12330
f 12374 12375 12330
f 12330 12375 12331
f 12375 12376 12331
f 12331 12376 12332
f 12376 12377 12332
f 12332 12377 12333
f 12377 12378 12333
f 12333 12378 12334
f 12378 12379 12334
f 12334 12379 12335
f 12379 12380 12335
f 12335 12380 12336
f 12380 12381 12336
f 12336 12381 12337
f 12381 12382 12337
f 12337 12382 12338
f 12382 12383 12338
f 12338 12383 12339
f 12383 12384 12339
f 12339 12384 12340
f 12384 12385 12340
f 12340 12385 12341
f 12385 12386 12341
f 12341 12386 12342
f 12386 12387 12342
f 12342 12387 12343
f 12387 12388 12343
f 12343 12388 12344
f 12388 12389 12344
f 12344 12389 12345
f 12389 12390 12345
f 12345 12390 12346
f 12390 12391 12346
f 12346 12391 12347
f 12391 12392 12347
f 12347 12392 12348
f 12392 12393 12348
f 12348 12393 12349
f 12393 12394 12349
f 12349 12394 12350
f 12394 12395 12350
f 12350 12395 12351
f 12395 12396 12351
f 12351 12396 12352
f 12396 12397 12352
f 12352 12397 12353
f 12397 12398 12353
f 12353 12398 12354
f 12398 12399 12354
f 12354 12399 12355
f 12399 12400 12355
f 12355 12400 12356
f 12400 12401 12356
f 12356 12401 12357
f 12401 12084 12357
f 12357 12084 12081
f 12084 12086 12081
f 12081 12086 12082
f 12134 12061 12358
f 12061 12402 12358
f 12358 12402 12359
f 12402 12403 12359
f 12359 12403 12360
f 12403 12404 12360
f 12360 12404 12361
f 12404 12405 12361
f 12361 12405 12362
f 12405 12406 12362
f 12362 12406 12363
f 12406 12407 12363
f 12363 12407 12364
f 12407 12408 12364
f 12364 12408 12365
f 12408 12409 12365
f 12365 12409 12366
f 12409 12410 12366
f 12366 12410 12367
f 12410 12411 12367
f 12367 12411 12368
f 12411 12412 12368
f 12368 12412 12369
f 12412 12413 12369
f 12369 12413 12370
f 12413 12414 12370
f 12370 12414 12371
f 12414 12415 12371
f 12371 12415 12372
f 12415 12416 12372
f 12372 12416 12373
f 12416 12417 12373
f 12373 12417 12374
f 12417 12418 12374
f 12374 12418 12375
f 12418 12419 12375
f 12375 12419 12376
f 12419 12420 12376
f 12376 12420 12377
f 12420 12421 12377
f 12377 12421 12378
f 12421 12422 12378
f 12378 12422 12379
f 12422 12423 12379
f 12379 12423 12380
f 12423 12424 12380
f 12380 12424 12381
f 12424 12425 12381
f 12381 12425 12382
f 12425 12426 12382
f 12382 12426 12383
f 12426 12427 12383
f 12383 12427 12384
f 12427 12428 12384
f 12384 12428 12385
f 12428 12429 12385
f 12385 12429 12386
f 12429 12430 12386
f 12386 12430 12387
f 12430 12431 12387
f 12387 12431 12388
f 12431 12432 12388
f 12388 12432 12389
f 12432 12433 12389
f 12389 12433 12390
f 12433 12434 12390
f 12390 12434 12391
f 12434 12435 12391
f 12391 12435 12392
f 12435 12436 12392
f 12392 12436 12393
f 12436 12437 12393
f 12393 12437 12394
f 12437 12438 12394
f 12394 12438 12395
f 12438 12439 12395
f 12395 12439 12396
f 12439 12440 12396
f 12396 12440 12397
f 12440 12441 12397
f 12397 12441 12398
f 12441 12442 12398
f 12398 12442 12399
f 12442 12443 12399
f 12399 12443 12400
f 12443 12444 12400
f 12400 12444 12401
f 12444 12087 12401
f 12401 12087 12084
f 12087 12089 12084
f 12084 12089 12085
f 12060 12064 12061
f 12064 12445 12061
f 12061 12445 12402
f 12445 12446 12402
f 12402 12446 12403
f 12446 12447 12403
f 12403 12447 12404
f 12447 12448 12404
f 12404 12448 12405
f 12448 12449 12405
f 12405 12449 12406
f 12449 12450 12406
f 12406 12450 12407
f 12450 12451 12407
f 12407 12451 12408
f 12451 12452 12408
f 12408 12452 12409
f 12452 12453 12409
f 12409 12453 12410
f 12453 12454 12410
f 12410 12454 12411
f 12454 12455 12411
f 12411 12455 12412
f 12455 12456 12412
f 12412 12456 12413
f 12456 12457 12413
f 12413 12457 12414
f 12457 12458 12414
f 12414 12458 12415
f 12458 12459 12415
f 12415 12459 12416
f 12459 12460 12416
f 12416 12460 12417
f 12460 12461 12417
f 12417 12461 12418
f 12461 12462 12418
f 12418 12462 12419
f 12462 12463 12419
f 12419 12463 12420
f 12463 12464 12420
f 12420 12464 12421
f 12464 12465 12421
f 12421 12465 12422
f 12465 12466 12422
f 12422 12466 12423
f 12466 12467 12423
f 12423 12467 12424
f 12467 12468 12424
f 12424 12468 12425
f 12468 12469 12425
f 12425 12469 12426
f 12469 12470 12426
f 12426 12470 12427
f 12470 12471 12427
f 12427 12471 12428
f 12471 12472 12428
f 12428 12472 12429
f 12472 12473 12429
f 12429 12473 12430
f 12473 12474 12430
f 12430 12474 12431
f 12474 12475 12431
f 12431 12475 12432
f 12475 12476 12432
f 12432 12476 12433
f 12476 12477 12433
f 12433 12477 12434
f 12477 12478 12434
f 12434 12478 12435
f 12478 12479 12435
f 12435 12479 12436
f 12479 12480 12436
f 12436 12480 12437
f 12480 12481 12437
f 12437 12481 12438
f 12481 12482 12438
f 12438 12482 12439
f 12482 12483 12439
f 12439 12483 12440
f 12483 12484 12440
f 12440 12484 12441
f 12484 12485 12441
f 12441 12485 12442
f 12485 12486 12442
f 12442 12486 12443
f 12486 12487 12443
f 12443 12487 12444
f 12487 12488 12444
f 12444 12488 12087
f 12488 12489 12087
f 12087 12489 12088
f 12063 12132 12064
f 12132 12490 12064
f 12064 12490 12445
f 12490 12491 12445
f 12445 12491 12446
f 12491 12492 12446
f 12446 12492 12447
f 12492 12493 12447
f 12447 12493 12448
f 12493 12494 12448
f 12448 12494 12449
f 12494 12495 12449
f 12449 12495 12450
f 12495 12496 12450
f 12450 12496 12451
f 12496 12497 12451
f 12451 12497 12452
f 12497 12498 12452
f 12452 12498 12453
f 12498 12499 12453
f 12453 12499 12454
f 12499 12500 12454
f 12454 12500 12455
f 12500 12501 12455
f 12455 12501 12456
f 12501 12502 12456
f 12456 12502 12457
f 12502 12503 12457
f 12457 12503 12458
f 12503 12504 12458
f 12458 12504 12459
f 12504 12505 12459
f 12459 12505 12460
f 12505 12506 12460
f 12460 12506 12461
f 12506 12507 12461
f 12461 12507 12462
f 12507 12508 12462
f 12462 12508 12463
f 12508 12509 12463
f 12463 12509 12464
f 12509 12510 12464
f 12464 12510 12465
f 12510 12511 12465
f 12465 12511 12466
f 12511 12512 12466
f 12466 12512 12467
f 12512 12513 12467
f 12467 12513 12468
f 12513 12514 12468
f 12468 12514 12469
f 12514 12515 12469
f 12469 12515 12470
f 12515 12516 12470
f 12470 12516 12471
f 12516 12517 12471
f 12471 12517 12472
f 12517 12518 12472
f 12472 12518 12473
f 12518 12519 12473
f 12473 12519 12474
f 12519 12520 12474
f 12474 12520 12475
f 12520 12521 12475
f 12475 12521 12476
f 12521 12522 12476
f 12476 12522 12477
f 12522 12523 12477
f 12477 12523 12478
f 12523 12524 12478
f 12478 12524 12479
f 12524 12525 12479
f 12479 12525 12480
f 12525 12526 12480
f 12480 12526 12481
f 12526 12527 12481
f 12481 12527 12482
f 12527 12528 12482
f 12482 12528 12483
f 12528 12529 12483
f 12483 12529 12484
f 12529 12530 12484
f 12484 12530 12485
f 12530 12531 12485
f 12485 12531 12486
f 12531 12532 12486
f 12486 12532 12487
f 12532 12090 12487
f 12487 12090 12488
f 12090 12092 12488
f 12488 12092 12489
f 12130 12533 12132
f 12533 12534 12132
f 12132 12534 12490
f 12534 12535 12490
f 12490 12535 12491
f 12535 12536 12491
f 12491 12536 12492
f 12536 12537 12492
f 12492 12537 12493
f 12537 12538 12493
f 12493 12538 12494
f 12538 12539 12494
f 12494 12539 12495
f 12539 12540 12495
f 12495 12540 12496
f 12540 12541 12496
f 12496 12541 12497
f 12541 12542 12497
f 12497 12542 12498
f 12542 12543 12498
f 12498 12543 12499
f 12543 12544 12499
f 12499 12544 12500
f 12544 12545 12500
f 12500 12545 12501
f 12545 12546 12501
f 12501 12546 12502
f 12546 12547 12502
f 12502 12547 12503
f 12547 12548 12503
f 12503 12548 12504
f 12548 12549 12504
f 12504 12549 12505
f 12549 12550 12505
f 12505 12550 12506
f 12550 12551 12506
f 12506 12551 12507
f 12551 12552 12507
f 12507 12552 12508
f 12552 12553 12508
f 12508 12553 12509
f 12553 12554 12509
f 12509 12554 12510
f 12554 12555 12510
f 12510 12555 12511
f 12555 12556 12511
f 12511 12556 12512
f 12556 12557 12512
f 12512 12557 12513
f 12557 12558 12513
f 12513 12558 12514
f 12558 12559 12514
f 12514 12559 12515
f 12559 12560 12515
f 12515 12560 12516
f 12560 12561 12516
f 12516 12561 12517
f 12561 12562 12517
f 12517 12562 12518
f 12562 12563 12518
f 12518 12563 12519
f 12563 12564 12519
f 12519 12564 12520
f 12564 12565 12520
f 12520 12565 12521
f 12565 12566 12521
f 12521 12566 12522
f 12566 12567 12522
f 12522 12567 12523
f 12567 12568 12523
f 12523 12568 12524
f 12568 12569 12524
f 12524 12569 12525
f 12569 12570 12525
f 12525 12570 12526
f 12570 12571 12526
f 12526 12571 12527
f 12571 12572 12527
f 12527 12572 12528
f 12572 12573 12528
f 12528 12573 12529
f 12573 12574 12529
f 12529 12574 12530
f 12574 12575 12530
f 12530 12575 12531
f 12575 12576 12531
f 12531 12576 12532
f 12576 12093 12532
f 12532 12093 12090
f 12093 12095 12090
f 12090 12095 12091
f 12130 12067 12533
f 12067 12577 12533
f 12533 12577 12534
f 12577 12578 12534
f 12534 12578 12535
f 12578 12579 12535
f 12535 12579 12536
f 12579 12580 12536
f 12536 12580 12537
f 12580 12581 12537
f 12537 12581 12538
f 12581 12582 12538
f 12538 12582 12539
f 12582 12583 12539
f 12539 12583 12540
f 12583 12584 12540
f 12540 12584 12541
f 12584 12585 12541
f 12541 12585 12542
f 12585 12586 12542
f 12542 12586 12543
f 12586 12587 12543
f 12543 12587 12544
f 12587 12588 12544
f 12544 12588 12545
f 12588 12589 12545
f 12545 12589 12546
f 12589 12590 12546
f 12546 12590 12547
f 12590 12591 12547
f 12547 12591 12548
f 12591 12592 12548
f 12548 12592 12549
f 12592 12593 12549
f 12549 12593 12550
f 12593 12594 12550
f 12550 12594 12551
f 12594 12595 12551
f 12551 12595 12552
f 12595 12596 12552
f 12552 12596 12553
f 12596 12597 12553
f 12553 12597 12554
f 12597 12598 12554
f 12554 12598 12555
f 12598 12599 12555
f 12555 12599 12556
f 12599 12600 12556
f 12556 12600 12557
f 12600 12601 12557
f 12557 12601 12558
f 12601 12602 12558
f 12558 12602 12559
f 12602 12603 12559
f 12559 12603 12560
f 12603 12604 12560
f 12560 12604 12561
f 12604 12605 12561
f 12561 12605 12562
f 12605 12606 12562
f 12562 12606 12563
f 12606 12607 12563
f 12563 12607 12564
f 12607 12608 12564
f 12564 12608 12565
f 12608 12609 12565
f 12565 12609 12566
f 12609 12610 12566
f 12566 12610 12567
f 12610 12611 12567
f 12567 12611 12568
f 12611 12612 12568
f 12568 12612 12569
f 12612 12613 12569
f 12569 12613 12570
f 12613 12614 12570
f 12570 12614 12571
f 12614 12615 12571
f 12571 12615 12572
f 12615 12616 12572
f 12572 12616 12573
f 12616 12617 12573
f 12573 12617 12574
f 12617 12618 12574
f 12574 12618 12575
f 12618 12619 12575
f 12575 12619 12576
f 12619 12096 12576
f 12576 12096 12093
f 12096 12098 12093
f 12093 12098 12094
f 12066 12128 12067
f 12128 12620 12067
f 12067 12620 12577
f 12620 12621 12577
f 12577 12621 12578
f 12621 12622 12578
f 12578 12622 12579
f 12622 12623 12579
f 12579 12623 12580
f 12623 12624 12580
f 12580 12624 12581
f 12624 12625 12581
f 12581 12625 12582
f 12625 12626 12582
f 12582 12626 12583
f 12626 12627 12583
f 12583 12627 12584
f 12627 12628 12584
f 12584 12628 12585
f 12628 12629 12585
f 12585 12629 12586
f 12629 12630 12586
f 12586 12630 12587
f 12630 12631 12587
f 12587 12631 12588
f 12631 12632 12588
f 12588 12632 12589
f 12632 12633 12589
f 12589 12633 12590
f 12633 12634 12590
f 12590 12634 12591
f 12634 12635 12591
f 12591 12635 12592
f 12635 12636 12592
f 12592 12636 12593
f 12636 12637 12593
f 12593 12637 12594
f 12637 12638 12594
f 12594 12638 12595
f 12638 12639 12595
f 12595 12639 12596
f 12639 12640 12596
f 12596 12640 12597
f 12640 12641 12597
f 12597 12641 12598
f 12641 12642 12598
f 12598 12642 12599
f 12642 12643 12599
f 12599 12643 12600
f 12643 12644 12600
f 12600 12644 12601
f 12644 12645 12601
f 12601 12645 12602
f 12645 12646 12602
f 12602 12646 12603
f 12646 12647 12603
f 12603 12647 12604
f 12647 12648 12604
f 12604 12648 12605
f 12648 12649 12605
f 12605 12649 12606
f 12649 12650 12606
f 12606 12650 12607
f 12650 12651 12607
f 12607 12651 12608
f 12651 12652 12608
f 12608 12652 12609
f 12652 12653 12609
f 12609 12653 12610
f 12653 12654 12610
f 12610 12654 12611
f 12654 12655 12611
f 12611 12655 12612
f 12655 12656 12612
f 12612 12656 12613
f 12656 12657 12613
f 12613 12657 12614
f 12657 12658 12614
f 12614 12658 12615
f 12658 12659 12615
f 12615 12659 12616
f 12659 12660 12616
f 12616 12660 12617
f 12660 12661 12617
f 12617 12661 12618
f 12661 12662 12618
f 12618 12662 12619
f 12662 12663 12619
f 12619 12663 12096
f 12663 12664 12096
f 12096 12664 12097
f 12126 12665 12128
f 12665 12666 12128
f 12128 12666 12620
f 12666 12667 12620
f 12620 12667 12621
f 12667 12668 12621
f 12621 12668 12622
f 12668 12669 12622
f 12622 12669 12623
f 12669 12670 12623
f 12623 12670 12624
f 12670 12671 12624
f 12624 12671 12625
f 12671 12672 12625
f 12625 12672 12626
f 12672 12673 12626
f 12626 12673 12627
f 12673 12674 12627
f 12627 12674 12628
f 12674 12675 12628
f 12628 12675 12629
f 12675 12676 12629
f 12629 12676 12630
f 12676 12677 12630
f 12630 12677 12631
f 12677 12678 12631
f 12631 12678 12632
f 12678 12679 12632
f 12632 12679 12633
f 12679 12680 12633
f 12633 12680 12634
f 12680 12681 12634
f 12634 12681 12635
f 12681 12682 12635
f 12635 12682 12636
f 12682 12683 12636
f 12636 12683 12637
f 12683 12684 12637
f 12637 12684 12638
f 12684 12685 12638
f 12638 12685 12639
f 12685 12686 12639
f 12639 12686 12640
f 12686 12687 12640
f 12640 12687 12641
f 12687 12688 12641
f 12641 12688 12642
f 12688 12689 12642
f 12642 12689 12643
f 12689 12690 12643
f 12643 12690 12644
f 12690 12691 12644
f 12644 12691 12645
f 12691 12692 12645
f 12645 12692 12646
f 12692 12693 12646
f 12646 12693 12647
f 12693 12694 12647
f 12647 12694 12648
f 12694 12695 12648
f 12648 12695 12649
f 12695 12696 12649
f 12649 12696 12650
f 12696 12697 12650
f 12650 12697 12651
f 12697 12698 12651
f 12651 12698 12652
f 12698 12699 12652
f 12652 12699 12653
f 12699 12700 12653
f 12653 12700 12654
f 12700 12701 12654
f 12654 12701 12655
f 12701 12702 12655
f 12655 12702 12656
f 12702 12703 12656
f 12656 12703 12657
f 12703 12704 12657
f 12657 12704 12658
f 12704 12705 12658
f 12658 12705 12659
f 12705 12706 12659
f 12659 12706 12660
f 12706 12707 12660
f 12660 12707 12661
f 12707 12708 12661
f 12661 12708 12662
f 12708 12099 12662
f 12662 12099 12663
f 12099 12101 12663
f 12663 12101 12664
f 12126 12070 12665
f 12070 12709 12665
f 12665 12709 12666
f 12709 12710 12666
f 12666 12710 12667
f 12710 12711 12667
f 12667 12711 12668
f 12711 12712 12668
f 12668 12712 12669
f 12712 12713 12669
f 12669 12713 12670
f 12713 12714 12670
f 12670 12714 12671
f 12714 12715 12671
f 12671 12715 12672
f 12715 12716 12672
f 12672 12716 12673
f 12716 12717 12673
f 12673 12717 12674
f 12717 12718 12674
f 12674 12718 12675
f 12718 12719 12675
f 12675 12719 12676
f 12719 12720 12676
f 12676 12720 12677
f 12720 12721 12677
f 12677 12721 12678
f 12721 12722 12678
f 12678 12722 12679
f 12722 12723 12679
f 12679 12723 12680
f 12723 12724 12680
f 12680 12724 12681
f 12724 12725 12681
f 12681 12725 12682
f 12725 12726 12682
f 12682 12726 12683
f 12726 12727 12683
f 12683 12727 12684
f 12727 12728 12684
f 12684 12728 12685
f 12728 12729 12685
f 12685 12729 12686
f 12729 12730 12686
f 12686 12730 12687
f 12730 12731 12687
f 12687 12731 12688
f 12731 12732 12688
f 12688 12732 12689
f 12732 12733 12689
f 12689 12733 12690
f 12733 12734 12690
f 12690 12734 12691
f 12734 12735 12691
f 12691 12735 12692
f 12735 12736 12692
f 12692 12736 12693
f 12736 12737 12693
f 12693 12737 12694
f 12737 12738 12694
f 12694 12738 12695
f 12738 12739 12695
f 12695 12739 12696
f 12739 12740 12696
f 12696 12740 12697
f 12740 12741 12697
f 12697 12741 12698
f 12741 12742 12698
f 12698 12742 12699
f 12742 12743 12699
f 12699 12743 12700
f 12743 12744 12700
f 12700 12744 12701
f 12744 12745 12701
f 12701 12745 12702
f 12745 12746 12702
f 12702 12746 12703
f 12746 12747 12703
f 12703 12747 12704
f 12747 12748 12704
f 12704 12748 12705
f 12748 12749 12705
f 12705 12749 12706
f 12749 12750 12706
f 12706 12750 12707
f 12750 12751 12707
f 12707 12751 12708
f 12751 12102 12708
f 12708 12102 12099
f 12102 12104 12099
f 12099 12104 12100
f 12069 12123 12070
f 12123 12752 12070
f 12070 12752 12709
f 12752 12753 12709
f 12709 12753 12710
f 12753 12754 12710
f 12710 12754 12711
f 12754 12755 12711
f 12711 12755 12712
f 12755 12756 12712
f 12712 12756 12713
f 12756 12757 12713
f 12713 12757 12714
f 12757 12758 12714
f 12714 12758 12715
f 12758 12759 12715
f 12715 12759 12716
f 12759 12760 12716
f 12716 12760 12717
f 12760 12761 12717
f 12717 12761 12718
f 12761 12762 12718
f 12718 12762 12719
f 12762 12763 12719
f 12719 12763 12720
f 12763 12764 12720
f 12720 12764 12721
f 12764 12765 12721
f 12721 12765 12722
f 12765 12766 12722
f 12722 12766 12723
f 12766 12767 12723
f 12723 12767 12724
f 12767 12768 12724
f 12724 12768 12725
f 12768 12769 12725
f 12725 12769 12726
f 12769 12770 12726
f 12726 12770 12727
f 12770 12771 12727
f 12727 12771 12728
f 12771 12772 12728
f 12728 12772 12729
f 12772 12773 12729
f 12729 12773 12730
f 12773 12774 12730
f 12730 12774 12731
f 12774 12775 12731
f 12731 12775 12732
f 12775 12776 12732
f 12732 12776 12733
f 12776 12777 12733
f 12733 12777 12734
f 12777 12778 12734
f 12734 12778 12735
f 12778 12779 12735
f 12735 12779 12736
f 12779 12780 12736
f 12736 12780 12737
f 12780 12781 12737
f 12737 12781 12738
f 12781 12782 12738
f 12738 12782 12739
f 12782 12783 12739
f 12739 12783 12740
f 12783 12784 12740
f 12740 12784 12741
f 12784 12785 12741
f 12741 12785 12742
f 12785 12786 12742
f 12742 12786 12743
f 12786 12787 12743
f 12743 12787 12744
f 12787 12788 12744
f 12744 12788 12745
f 12788 12789 12745
f 12745 12789 12746
f 12789 12790 12746
f 12746 12790 12747
f 12790 12791 12747
f 12747 12791 12748
f 12791 12792 12748
f 12748 12792 12749
f 12792 12793 12749
f 12749 12793 12750
f 12793 12794 12750
f 12750 12794 12751
f 12794 12105 12751
f 12751 12105 12102
f 12105 12107 12102
f 12102 12107 12103
f 12071 12073 12125
f 12073 12795 12125
f 12125 12795 12123
f 12795 12796 12123
f 12123 12796 12752
f 12796 12797 12752
f 12752 12797 12753
f 12797 12798 12753
f 12753 12798 12754
f 12798 12799 12754
f 12754 12799 12755
f 12799 12800 12755
f 12755 12800 12756
f 12800 12801 12756
f 12756 12801 12757
f 12801 12802 12757
f 12757 12802 12758
f 12802 12803 12758
f 12758 12803 12759
f 12803 12804 12759
f 12759 12804 12760
f 12804 12805 12760
f 12760 12805 12761
f 12805 12806 12761
f 12761 12806 12762
f 12806 12807 12762
f 12762 12807 12763
f 12807 12808 12763
f 12763 12808 12764
f 12808 12809 12764
f 12764 12809 12765
f 12809 12810 12765
f 12765 12810 12766
f 12810 12811 12766
f 12766 12811 12767
f 12811 12812 12767
f 12767 12812 12768
f 12812 12813 12768
f 12768 12813 12769
f 12813 12814 12769
f 12769 12814 12770
f 12814 12815 12770
f 12770 12815 12771
f 12815 12816 12771
f 12771 12816 12772
f 12816 12817 12772
f 12772 12817 12773
f 12817 12818 12773
f 12773 12818 12774
f 12818 12819 12774
f 12774 12819 12775
f 12819 12820 12775
f 12775 12820 12776
f 12820 12821 12776
f 12776 12821 12777
f 12821 12822 12777
f 12777 12822 12778
f 12822 12823 12778
f 12778 12823 12779
f 12823 12824 12779
f 12779 12824 12780
f 12824 12825 12780
f 12780 12825 12781
f 12825 12826 12781
f 12781 12826 12782
f 12826 12827 12782
f 12782 12827 12783
f 12827 12828 12783
f 12783 12828 12784
f 12828 12829 12784
f 12784 12829 12785
f 12829 12830 12785
f 12785 12830 12786
f 12830 12831 12786
f 12786 12831 12787
f 12831 12832 12787
f 12787 12832 12788
f 12832 12833 12788
f 12788 12833 12789
f 12833 12834 12789
f 12789 12834 12790
f 12834 12835 12790
f 12790 12835 12791
f 12835 12836 12791
f 12791 12836 12792
f 12836 12837 12792
f 12792 12837 12793
f 12837 12838 12793
f 12793 12838 12794
f 12838 12108 12794
f 12794 12108 12105
f 12108 12076 12105
f 12105 12076 12106
f 12072 12121 12073
f 12121 12839 12073
f 12073 12839 12795
f 12839 12840 12795
f 12795 12840 12796
f 12840 12841 12796
f 12796 12841 12797
f 12841 12842 12797
f 12797 12842 12798
f 12842 12843 12798
f 12798 12843 12799
f 12843 12844 12799
f 12799 12844 12800
f 12844 12845 12800
f 12800 12845 12801
f 12845 12846 12801
f 12801 12846 12802
f 12846 12847 12802
f 12802 12847 12803
f 12847 12848 12803
f 12803 12848 12804
f 12848 12849 12804
f 12804 12849 12805
f 12849 12850 12805
f 12805 12850 12806
f 12850 12851 12806
f 12806 12851 12807
f 12851 12852 12807
f 12807 12852 12808
f 12852 12853 12808
f 12808 12853 12809
f 12853 12854 12809
f 12809 12854 12810
f 12854 12855 12810
f 12810 12855 12811
f 12855 12856 12811
f 12811 12856 12812
f 12856 12857 12812
f 12812 12857 12813
f 12857 12858 12813
f 12813 12858 12814
f 12858 12859 12814
f 12814 12859 12815
f 12859 12860 12815
f 12815 12860 12816
f 12860 12861 12816
f 12816 12861 12817
f 12861 12862 12817
f 12817 12862 12818
f 12862 12863 12818
f 12818 12863 12819
f 12863 12864 12819
f 12819 12864 12820
f 12864 12865 12820
f 12820 12865 12821
f 12865 12866 12821
f 12821 12866 12822
f 12866 12867 12822
f 12822 12867 12823
f 12867 12868 12823
f 12823 12868 12824
f 12868 12869 12824
f 12824 12869 12825
f 12869 12870 12825
f 12825 12870 12826
f 12870 12871 12826
f 12826 12871 12827
f 12871 12872 12827
f 12827 12872 12828
f 12872 12873 12828
f 12828 12873 12829
f 12873 12874 12829
f 12829 12874 12830
f 12874 12875 12830
f 12830 12875 12831
f 12875 12876 12831
f 12831 12876 12832
f 12876 12877 12832
f 12832 12877 12833
f 12877 12878 12833
f 12833 12878 12834
f 12878 12879 12834
f 12834 12879 12835
f 12879 12880 12835
f 12835 12880 12836
f 12880 12881 12836
f 12836 12881 12837
f 12881 12882 12837
f 12837 12882 12838
f 12882 12883 12838
f 12838 12883 12108
f 12883 12884 12108
f 12108 12884 12077
f 12884 12885 12077
f 12077 12885 12075
f 12117 12119 12121
f 12119 12886 12121
f 12121 12886 12839
f 12886 12887 12839
f 12839 12887 12840
f 12887 12888 12840
f 12840 12888 12841
f 12888 12889 12841
f 12841 12889 12842
f 12889 12890 12842
f 12842 12890 12843
f 12890 12891 12843
f 12843 12891 12844
f 12891 12892 12844
f 12844 12892 12845
f 12892 12893 12845
f 12845 12893 12846
f 12893 12894 12846
f 12846 12894 12847
f 12894 12895 12847
f 12847 12895 12848
f 12895 12896 12848
f 12848 12896 12849
f 12896 12897 12849
f 12849 12897 12850
f 12897 12898 12850
f 12850 12898 12851
f 12898 12899 12851
f 12851 12899 12852
f 12899 12900 12852
f 12852 12900 12853
f 12900 12901 12853
f 12853 12901 12854
f 12901 12902 12854
f 12854 12902 12855
f 12902 12903 12855
f 12855 12903 12856
f 12903 12904 12856
f 12856 12904 12857
f 12904 12905 12857
f 12857 12905 12858
f 12905 12906 12858
f 12858 12906 12859
f 12906 12907 12859
f 12859 12907 12860
f 12907 12908 12860
f 12860 12908 12861
f 12908 12909 12861
f 12861 12909 12862
f 12909 12910 12862
f 12862 12910 12863
f 12910 12911 12863
f 12863 12911 12864
f 12911 12912 12864
f 12864 12912 12865
f 12912 12913 12865
f 12865 12913 12866
f 12913 12914 12866
f 12866 12914 12867
f 12914 12915 12867
f 12867 12915 12868
f 12915 12916 12868
f 12868 12916 12869
f 12916 12917 12869
f 12869 12917 12870
f 12917 12918 12870
f 12870 12918 12871
f 12918 12919 12871
f 12871 12919 12872
f 12919 12920 12872
f 12872 12920 12873
f 12920 12921 12873
f 12873 12921 12874
f 12921 12922 12874
f 12874 12922 12875
f 12922 12923 12875
f 12875 12923 12876
f 12923 12924 12876
f 12876 12924 12877
f 12924 12925 12877
f 12877 12925 12878
f 12925 12926 12878
f 12878 12926 12879
f 12926 12927 12879
f 12879 12927 12880
f 12927 12928 12880
f 12880 12928 12881
f 12928 12929 12881
f 12881 12929 12882
f 12929 12930 12882
f 12882 12930 12883
f 12930 12109 12883
f 12883 12109 12884
f 12109 12111 12884
f 12884 12111 12885
f 12116 12931 12119
f 12931 12932 12119
f 12119 12932 12886
f 12932 12933 12886
f 12886 12933 12887
f 12933 12934 12887
f 12887 12934 12888
f 12934 12935 12888
f 12888 12935 12889
f 12935 12936 12889
f 12889 12936 12890
f 12936 12937 12890
f 12890 12937 12891
f 12937 12938 12891
f 12891 12938 12892
f 12938 12939 12892
f 12892 12939 12893
f 12939 12940 12893
f 12893 12940 12894
f 12940 12941 12894
f 12894 12941 12895
f 12941 12942 12895
f 12895 12942 12896
f 12942 12943 12896
f 12896 12943 12897
f 12943 12944 12897
f 12897 12944 12898
f 12944 12945 12898
f 12898 12945 12899
f 12945 12946 12899
f 12899 12946 12900
f 12946 12947 12900
f 12900 12947 12901
f 12947 12948 12901
f 12901 12948 12902
f 12948 12949 12902
f 12902 12949 12903
f 12949 12950 12903
f 12903 12950 12904
f 12950 12951 12904
f 12904 12951 12905
f 12951 12952 12905
f 12905 12952 12906
f 12952 12953 12906
f 12906 12953 12907
f 12953 12954 12907
f 12907 12954 12908
f 12954 12955 12908
f 12908 12955 12909
f 12955 12956 12909
f 12909 12956 12910
f 12956 12957 12910
f 12910 12957 12911
f 12957 12958 12911
f 12911 12958 12912
f 12958 12959 12912
f 12912 12959 12913
f 12959 12960 12913
f 12913 12960 12914
f 12960 12961 12914
f 12914 12961 12915
f 12961 12962 12915
f 12915 12962 12916
f 12962 12963 12916
f 12916 12963 12917
f 12963 12964 12917
f 12917 12964 12918
f 12964 12965 12918
f 12918 12965 12919
f 12965 12966 12919
f 12919 12966 12920
f 12966 12967 12920
f 12920 12967 12921
f 12967 12968 12921
f 12921 12968 12922
f 12968 12969 12922
f 12922 12969 12923
f 12969 12970 12923
f 12923 12970 12924
f 12970 12971 12924
f 12924 12971 12925
f 12971 12972 12925
f 12925 12972 12926
f 12972 12973 12926
f 12926 12973 12927
f 12973 12974 12927
f 12927 12974 12928
f 12974 12975 12928
f 12928 12975 12929
f 12975 12976 12929
f 12929 12976 12930
f 12976 12112 12930
f 12930 12112 12109
f 12112 12114 12109
f 12109 12114 12110
f 12116 12006 12931
f 12006 12008 12931
f 12931 12008 12932
f 12008 12021 12932
f 12932 12021 12933
f 12021 12020 12933
f 12933 12020 12934
f 12020 12019 12934
f 12934 12019 12935
f 12019 12027 12935
f 12935 12027 12936
f 12027 12026 12936
f 12936 12026 12937
f 12026 12018 12937
f 12937 12018 12938
f 12018 12017 12938
f 12938 12017 12939
f 12017 12016 12939
f 12939 12016 12940
f 12016 12015 12940
f 12940 12015 12941
f 12015 12014 12941
f 12941 12014 12942
f 12014 12013 12942
f 12942 12013 12943
f 12013 12012 12943
f 12943 12012 12944
f 12012 12011 12944
f 12944 12011 12945
f 12011 12025 12945
f 12945 12025 12946
f 12025 12041 12946
f 12946 12041 12947
f 12041 12040 12947
f 12947 12040 12948
f 12040 12034 12948
f 12948 12034 12949
f 12034 12033 12949
f 12949 12033 12950
f 12033 12032 12950
f 12950 12032 12951
f 12032 12039 12951
f 12951 12039 12952
f 12039 12029 12952
f 12952 12029 12953
f 12029 12037 12953
f 12953 12037 12954
f 12037 12038 12954
f 12954 12038 12955
f 12038 12051 12955
f 12955 12051 12956
f 12051 12050 12956
f 12956 12050 12957
f 12050 12043 12957
f 12957 12043 12958
f 12043 12042 12958
f 12958 12042 12959
f 12042 12046 12959
f 12959 12046 12960
f 12046 12049 12960
f 12960 12049 12961
f 12049 12048 12961
f 12961 12048 12962
f 12048 12047 12962
f 12962 12047 12963
f 12047 12045 12963
f 12963 12045 12964
f 12045 12044 12964
f 12964 12044 12965
f 12044 12052 12965
f 12965 12052 12966
f 12052 12036 12966
f 12966 12036 12967
f 12036 12035 12967
f 12967 12035 12968
f 12035 12031 12968
f 12968 12031 12969
f 12031 12030 12969
f 12969 12030 12970
f 12030 12024 12970
f 12970 12024 12971
f 12024 12023 12971
f 12971 12023 12972
f 12023 12010 12972
f 12972 12010 12973
f 12010 12009 12973
f 12973 12009 12974
f 12009 12022 12974
f 12974 12022 12975
f 12022 12028 12975
f 12975 12028 12976
f 12028 12007 12976
f 12976 12007 12112
f 12007 12115 12112
f 12112 12115 12113
f 2145 12003 12977
f 12977 12978 12138
f 12138 12271 12977
f 12271 12270 12977
f 12977 12270 2145
f 12270 12269 2145
f 2145 12269 2146
f 12269 12267 2146
f 12267 12266 2146
f 2146 12266 2147
f 12266 12264 2147
f 12264 12263 2147
f 2147 12263 2148
f 12263 12261 2148
f 12261 12260 2148
f 2148 12260 2149
f 12260 12258 2149
f 12258 12257 2149
f 2149 12257 2150
f 12257 12255 2150
f 12255 12254 2150
f 2150 12254 2151
f 12254 12252 2151
f 12252 12251 2151
f 2151 12251 2069
f 12251 12249 2069
f 12249 12248 2069
f 2069 12248 2068
f 12248 12246 2068
f 12246 12245 2068
f 2068 12245 2066
f 12245 12243 2066
f 12243 12242 2066
f 2066 12242 2070
f 12242 12240 2070
f 12240 12239 2070
f 2070 12239 2071
f 12239 12237 2071
f 12237 12236 2071
f 2071 12236 2072
f 12236 12234 2072
f 12234 12233 2072
f 2072 12233 2128
f 12233 12231 2128
f 12231 12230 2128
f 2128 12230 2129
f 12230 12228 2129
f 12228 12227 2129
f 2129 12227 2097
f 12227 12225 2097
f 12225 12224 2097
f 2097 12224 2098
f 12224 12222 2098
f 12222 12221 2098
f 2098 12221 2140
f 12221 12219 2140
f 2140 12219 2141
f 12219 12218 2141
f 12218 12216 2141
f 2141 12216 2099
f 12216 12215 2099
f 12215 12213 2099
f 2099 12213 2100
f 12213 12212 2100
f 12212 12210 2100
f 2100 12210 2101
f 12210 12208 2101
f 12208 12206 2101
f 2101 12206 2102
f 12206 12205 2102
f 12205 12203 2102
f 2102 12203 2130
f 12203 12202 2130
f 12202 12200 2130
f 2130 12200 2131
f 12200 12199 2131
f 12199 12197 2131
f 2131 12197 2073
f 12197 12196 2073
f 12196 12194 2073
f 2073 12194 2074
f 12194 12193 2074
f 2074 12193 12191
f 7497 12147 7490
f 12147 12145 7490
f 7490 12145 7492
f 12145 12144 7492
f 7492 12144 7493
f 12144 12141 7493
f 7493 12141 12143
f 7496 7495 12153
f 12153 12151 7496
f 12151 12150 7496
f 7496 12150 7497
f 12150 12148 7497
f 7497 12148 12147
f 7494 7508 12159
f 12159 12157 7494
f 12157 12156 7494
f 7494 12156 7495
f 12156 12154 7495
f 7495 12154 12153
f 7507 7506 12165
f 12165 12163 7507
f 12163 12162 7507
f 7507 12162 7508
f 12162 12160 7508
f 7508 12160 12159
f 7505 7504 12171
f 12171 12169 7505
f 12169 12168 7505
f 7505 12168 7506
f 12168 12166 7506
f 7506 12166 12165
f 7503 7502 12176
f 12176 12175 7503
f 12175 12173 7503
f 7503 12173 7504
f 12173 12172 7504
f 7504 12172 12171
f 7501 7499 12182
f 12182 12181 7501
f 12181 12179 7501
f 7501 12179 7502
f 12179 12178 7502
f 7502 12178 12176
f 7498 7513 12188
f 12188 12187 7498
f 12187 12185 7498
f 7498 12185 7499
f 12185 12184 7499
f 7499 12184 12182
f 7510 2074 7511
f 2074 12191 7511
f 7511 12191 7513
f 12191 12190 7513
f 7513 12190 12188
f 12003 2027 12977
f 2027 1989 12977
f 12977 1989 12978
f 6763 6735 6768
f 6735 6762 6768
f 6884 6764 6766
f 6734 6733 12979
f 6766 6768 6884
f 6768 6762 6884
f 6884 6762 6882
f 6762 6755 6882
f 6882 6755 6880
f 6755 6754 6880
f 6880 6754 6878
f 6754 6753 6878
f 6878 6753 6876
f 6753 6741 6876
f 6876 6741 6874
f 6741 6742 6874
f 6874 6742 6872
f 6742 6749 6872
f 6872 6749 6870
f 6749 6748 6870
f 6870 6748 6868
f 6748 6747 6868
f 6868 6747 6866
f 6747 6752 6866
f 6866 6752 6864
f 6752 6751 6864
f 6864 6751 6862
f 6751 6750 6862
f 6862 6750 6860
f 6750 6761 6860
f 6860 6761 6858
f 6761 6760 6858
f 6858 6760 6856
f 6760 6759 6856
f 6856 6759 6854
f 6759 6758 6854
f 6854 6758 6852
f 6758 6757 6852
f 6852 6757 6850
f 6757 6756 6850
f 6850 6756 6848
f 6756 6746 6848
f 6848 6746 6846
f 6746 6745 6846
f 6846 6745 6844
f 6745 6744 6844
f 6844 6744 6842
f 6744 6739 6842
f 6842 6739 6840
f 6739 6738 6840
f 6840 6738 6838
f 6738 6743 6838
f 6838 6743 6836
f 6743 6737 6836
f 6836 6737 6834
f 6737 6736 6834
f 6834 6736 6832
f 6736 6734 6832
f 6832 6734 6830
f 6734 12979 6830
f 6830 12979 6828
f 12979 12980 6828
f 6828 12980 6804
f 6733 6667 12979
f 6667 6666 12979
f 6557 12000 6558
f 12000 11999 6558
f 6558 11999 6648
f 12979 6666 12980
f 6666 6648 12980
f 12980 6648 6804
f 6648 11999 6804
f 6804 11999 6915
f 11999 11998 6915
f 6915 11998 6917
f 1988 12053 1989
f 12053 12138 1989
f 1989 12138 12978
f 12002 12103 12107
f 12101 12100 12002
f 12100 12104 12002
f 12002 12104 12103
f 12002 12142 12080
f 12076 12075 11998
f 12124 12122 6917
f 12122 12069 6917
f 6917 12069 12068
f 12065 6917 12066
f 6917 12127 12066
f 7491 7493 12002
f 7493 12143 12002
f 12002 12143 12142
f 12098 12097 12002
f 12097 12664 12002
f 12002 12664 12101
f 12075 12885 11998
f 12885 12111 11998
f 11998 12111 6917
f 12111 12110 6917
f 12118 6917 12116
f 6917 12074 12116
f 12118 12117 6917
f 12117 12120 6917
f 6917 12120 12072
f 12072 12071 6917
f 12071 12125 6917
f 6917 12125 12124
f 12068 12126 6917
f 12126 12129 6917
f 6917 12129 12127
f 12065 12130 6917
f 12130 12133 6917
f 6917 12133 12131
f 12002 12092 12091
f 12107 12106 12002
f 12106 12076 12002
f 12002 12076 12001
f 12076 11998 12001
f 12001 11998 11995
f 11998 11996 11995
f 12110 12114 6917
f 12114 12113 6917
f 6917 12113 12115
f 12131 12063 6917
f 12063 12062 6917
f 6917 12062 12060
f 12060 12059 6917
f 12059 12134 6917
f 6917 12134 12981
f 12134 12137 12981
f 12137 12135 12981
f 12135 12057 12981
f 12981 12057 12982
f 12057 12056 12982
f 12982 12056 1988
f 12056 12054 1988
f 1988 12054 12053
f 12089 12088 12002
f 12088 12489 12002
f 12002 12489 12092
f 12091 12095 12002
f 12095 12094 12002
f 12002 12094 12098
f 12115 12005 6917
f 12005 12004 6917
f 6917 12004 12074
f 12080 12079 12002
f 12079 12083 12002
f 12002 12083 12082
f 12082 12086 12002
f 12086 12085 12002
f 12002 12085 12089
f 12982 1988 1987
f 2084 1981 1982
f 6917 12981 6920
f 12981 12982 6920
f 6920 12982 6980
f 12982 1987 6980
f 1987 2065 6980
f 6980 2065 6981
f 2065 1998 6981
f 6981 1998 6982
f 1998 2000 6982
f 6982 2000 6983
f 2000 2014 6983
f 6983 2014 6984
f 2014 2013 6984
f 6984 2013 6972
f 2013 1993 6972
f 6972 1993 6973
f 1993 1992 6973
f 6973 1992 6974
f 1992 2012 6974
f 6974 2012 6975
f 2012 2011 6975
f 6975 2011 6976
f 2011 2003 6976
f 6976 2003 6994
f 2003 2002 6994
f 6994 2002 6995
f 2002 2139 6995
f 6995 2139 6997
f 2139 2138 6997
f 6997 2138 6999
f 2138 2137 6999
f 6999 2137 7001
f 2137 2136 7001
f 7001 2136 7003
f 2136 2135 7003
f 7003 2135 7005
f 2135 2123 7005
f 7005 2123 7007
f 2123 2122 7007
f 7007 2122 7009
f 2122 2121 7009
f 7009 2121 7011
f 2121 2120 7011
f 7011 2120 7013
f 2120 2093 7013
f 7013 2093 7015
f 2093 2092 7015
f 7015 2092 7017
f 2092 2091 7017
f 7017 2091 7019
f 2091 2090 7019
f 7019 2090 7021
f 2090 2089 7021
f 7021 2089 7023
f 2089 2088 7023
f 7023 2088 7025
f 2088 2119 7025
f 7025 2119 7027
f 2119 2118 7027
f 7027 2118 7029
f 2118 2117 7029
f 7029 2117 7031
f 2117 2116 7031
f 7031 2116 7033
f 2116 2115 7033
f 7033 2115 7035
f 2115 2114 7035
f 7035 2114 7037
f 2114 2087 7037
f 7037 2087 7039
f 2087 2086 7039
f 7039 2086 7041
f 2086 2085 7041
f 7041 2085 7043
f 2085 2084 7043
f 7043 2084 7045
f 2084 1982 7045
f 7045 1982 7047
f 1982 1983 7047
f 7047 1983 1973
f 1980 1979 2009
f 1991 1990 6571
f 1976 1977 7172
f 1977 1980 7172
f 7172 1980 7170
f 1980 2009 7170
f 2009 2010 7170
f 7170 2010 7168
f 2010 2036 7168
f 7168 2036 7166
f 2036 2035 7166
f 7166 2035 7164
f 2035 2025 7164
f 7164 2025 7162
f 2025 2024 7162
f 7162 2024 7160
f 2024 2023 7160
f 7160 2023 7158
f 2023 2022 7158
f 7158 2022 7156
f 2022 2096 7156
f 7156 2096 7154
f 2096 2095 7154
f 7154 2095 7152
f 2095 2094 7152
f 7152 2094 7150
f 2094 2058 7150
f 7150 2058 7148
f 2058 2057 7148
f 7148 2057 7146
f 2057 2056 7146
f 7146 2056 7144
f 2056 2055 7144
f 7144 2055 7142
f 2055 2054 7142
f 7142 2054 7140
f 2054 2053 7140
f 7140 2053 7138
f 2053 2052 7138
f 7138 2052 7136
f 2052 2051 7136
f 7136 2051 7134
f 2051 2050 7134
f 7134 2050 7132
f 2050 2049 7132
f 7132 2049 7130
f 2049 2021 7130
f 7130 2021 7128
f 2021 2020 7128
f 7128 2020 7126
f 2020 2019 7126
f 7126 2019 7124
f 2019 2008 7124
f 7124 2008 7122
f 2008 2007 7122
f 7122 2007 7120
f 2007 2018 7120
f 7120 2018 7118
f 2018 2017 7118
f 7118 2017 7116
f 2017 1995 7116
f 7116 1995 7114
f 1995 1996 7114
f 7114 1996 7112
f 1996 1997 7112
f 7112 1997 7110
f 1997 2016 7110
f 7110 2016 7108
f 2016 2015 7108
f 7108 2015 7106
f 2015 2006 7106
f 7106 2006 7104
f 2006 2005 7104
f 7104 2005 7102
f 2005 2004 7102
f 7102 2004 7100
f 2004 1991 7100
f 7100 1991 7098
f 1991 6571 7098
f 7098 6571 7096
f 6571 6572 7096
f 7096 6572 6599
f 12983 12984 12985
f 12984 12986 12985
f 12985 12986 12987
f 12988 12989 12985
f 12989 12990 12985
f 12985 12990 12983
f 12991 12992 12985
f 12992 12993 12985
f 12985 12993 12988
f 12994 12995 12985
f 12995 12996 12985
f 12985 12996 12991
f 12997 12998 12985
f 12998 12999 12985
f 12985 12999 12994
f 13000 13001 12985
f 13001 13002 12985
f 12985 13002 12997
f 13003 13004 12985
f 13004 13005 12985
f 12985 13005 13000
f 13006 13007 12985
f 13007 13008 12985
f 12985 13008 13003
f 13009 13010 12985
f 13010 13011 12985
f 12985 13011 13006
f 13012 13013 12985
f 13013 13014 12985
f 12985 13014 13009
f 13015 13016 12985
f 13016 13017 12985
f 12985 13017 13012
f 13018 13019 12985
f 13019 13020 12985
f 12985 13020 13015
f 13021 13022 12985
f 13022 13023 12985
f 12985 13023 13018
f 13024 13025 12985
f 13025 13026 12985
f 12985 13026 13021
f 13027 13028 12985
f 13028 13029 12985
f 12985 13029 13024
f 13030 13031 12985
f 13031 13032 12985
f 12985 13032 13027
f 13033 13034 12985
f 13034 13035 12985
f 12985 13035 13030
f 13036 13037 12985
f 13037 13038 12985
f 12985 13038 13033
f 13039 13040 12985
f 13040 13041 12985
f 12985 13041 13036
f 13042 13043 12985
f 13043 13044 12985
f 12985 13044 13039
f 13045 13046 12985
f 13046 13047 12985
f 12985 13047 13042
f 13048 13049 12985
f 13049 13050 12985
f 12985 13050 13045
f 13051 13052 12985
f 13052 13053 12985
f 12985 13053 13048
f 12987 13054 12985
f 13054 13055 12985
f 12985 13055 13051
f 13023 7269 13018
f 7269 7268 13018
f 13018 7268 13019
f 7268 7267 13019
f 13019 7267 13020
f 7267 7266 13020
f 13020 7266 13015
f 7266 7265 13015
f 13015 7265 13016
f 7265 7264 13016
f 13016 7264 13017
f 7264 7263 13017
f 13017 7263 13012
f 7263 7262 13012
f 13012 7262 13013
f 7262 7261 13013
f 13013 7261 13014
f 7261 7260 13014
f 13014 7260 13009
f 7260 7259 13009
f 13009 7259 13010
f 7259 7258 13010
f 13010 7258 13011
f 7258 7257 13011
f 13011 7257 13006
f 7257 7256 13006
f 13006 7256 13007
f 7256 7255 13007
f 13007 7255 13008
f 7255 7254 13008
f 13008 7254 13003
f 7254 7253 13003
f 13003 7253 13004
f 7253 7252 13004
f 13004 7252 13005
f 7252 7251 13005
f 13005 7251 13000
f 7251 7250 13000
f 13000 7250 13001
f 7250 7249 13001
f 13001 7249 13002
f 7249 7248 13002
f 13002 7248 12997
f 7248 7247 12997
f 12997 7247 12998
f 7247 7246 12998
f 12998 7246 12999
f 7246 7245 12999
f 12999 7245 12994
f 7245 7244 12994
f 12994 7244 12995
f 7244 7240 12995
f 12995 7240 12996
f 7240 7239 12996
f 12996 7239 12991
f 7239 7238 12991
f 12991 7238 12992
f 7238 7232 12992
f 12992 7232 12993
f 7232 7231 12993
f 12993 7231 12988
f 7231 7243 12988
f 12988 7243 12989
f 7243 7242 12989
f 12989 7242 12990
f 7242 7241 12990
f 12990 7241 12983
f 7241 7221 12983
f 12983 7221 12984
f 7221 7220 12984
f 12984 7220 12986
f 7220 7219 12986
f 12986 7219 12987
f 7219 7185 12987
f 12987 7185 13054
f 7185 7184 13054
f 13054 7184 13055
f 7184 7214 13055
f 13055 7214 13051
f 7214 7216 13051
f 13051 7216 13052
f 7216 7209 13052
f 13052 7209 13053
f 7209 7211 13053
f 13053 7211 13048
f 7211 7213 13048
f 13048 7213 13049
f 7213 7226 13049
f 13049 7226 13050
f 7226 7228 13050
f 13050 7228 13045
f 7228 7204 13045
f 13045 7204 13046
f 7204 7206 13046
f 13046 7206 13047
f 7206 7193 13047
f 13047 7193 13042
f 7193 7195 13042
f 13042 7195 13043
f 7195 7197 13043
f 13043 7197 13044
f 7197 7199 13044
f 13044 7199 13039
f 7199 7201 13039
f 13039 7201 13040
f 7201 7202 13040
f 13040 7202 13041
f 7202 7203 13041
f 13041 7203 13036
f 7203 7223 13036
f 13036 7223 13037
f 7223 7222 13037
f 13037 7222 13038
f 7222 7192 13038
f 13038 7192 13033
f 7192 7190 13033
f 13033 7190 13034
f 7190 7189 13034
f 13034 7189 13035
f 7189 7235 13035
f 13035 7235 13030
f 7235 7234 13030
f 13030 7234 13031
f 7234 7233 13031
f 13031 7233 13032
f 7233 7186 13032
f 13032 7186 13027
f 7186 7187 13027
f 13027 7187 13028
f 7187 7188 13028
f 13028 7188 13029
f 7188 7275 13029
f 13029 7275 13024
f 7275 7274 13024
f 13024 7274 13025
f 7274 7273 13025
f 13025 7273 13026
f 7273 7272 13026
f 13026 7272 13021
f 7272 7271 13021
f 13021 7271 13022
f 7271 7270 13022
f 13022 7270 13023
f 7270 7269 13023
f 13056 13057 13058
f 13057 13059 13058
f 13058 13059 13060
f 13061 13062 13058
f 13062 13063 13058
f 13058 13063 13056
f 13064 13065 13058
f 13065 13066 13058
f 13058 13066 13061
f 13067 13068 13058
f 13068 13069 13058
f 13058 13069 13064
f 13070 13071 13058
f 13071 13072 13058
f 13058 13072 13067
f 13073 13074 13058
f 13074 13075 13058
f 13058 13075 13070
f 13076 13077 13058
f 13077 13078 13058
f 13058 13078 13073
f 13079 13080 13058
f 13080 13081 13058
f 13058 13081 13076
f 13082 13083 13058
f 13083 13084 13058
f 13058 13084 13079
f 13085 13086 13058
f 13086 13087 13058
f 13058 13087 13082
f 13088 13089 13058
f 13089 13090 13058
f 13058 13090 13085
f 13091 13092 13058
f 13092 13093 13058
f 13058 13093 13088
f 13094 13095 13058
f 13095 13096 13058
f 13058 13096 13091
f 13097 13098 13058
f 13098 13099 13058
f 13058 13099 13094
f 13100 13101 13058
f 13101 13102 13058
f 13058 13102 13097
f 13103 13104 13058
f 13104 13105 13058
f 13058 13105 13100
f 13106 13107 13058
f 13107 13108 13058
f 13058 13108 13103
f 13109 13110 13058
f 13110 13111 13058
f 13058 13111 13106
f 13112 13113 13058
f 13113 13114 13058
f 13058 13114 13109
f 13115 13116 13058
f 13116 13117 13058
f 13058 13117 13112
f 13118 13119 13058
f 13119 13120 13058
f 13058 13120 13115
f 13121 13122 13058
f 13122 13123 13058
f 13058 13123 13118
f 13124 13125 13058
f 13125 13126 13058
f 13058 13126 13121
f 13060 13127 13058
f 13127 13128 13058
f 13058 13128 13124
f 13096 6839 13091
f 6839 6837 13091
f 13091 6837 13092
f 6837 6835 13092
f 13092 6835 13093
f 6835 6833 13093
f 13093 6833 13088
f 6833 6831 13088
f 13088 6831 13089
f 6831 6829 13089
f 13089 6829 13090
f 6829 6827 13090
f 13090 6827 13085
f 6827 6826 13085
f 13085 6826 13086
f 6826 6806 13086
f 13086 6806 13087
f 6806 6805 13087
f 13087 6805 13082
f 6805 6822 13082
f 13082 6822 13083
f 6822 6821 13083
f 13083 6821 13084
f 6821 6803 13084
f 13084 6803 13079
f 6803 6802 13079
f 13079 6802 13080
f 6802 6810 13080
f 13080 6810 13081
f 6810 6801 13081
f 13081 6801 13076
f 6801 6800 13076
f 13076 6800 13077
f 6800 6799 13077
f 13077 6799 13078
f 6799 6794 13078
f 13078 6794 13073
f 6794 6793 13073
f 13073 6793 13074
f 6793 6825 13074
f 13074 6825 13075
f 6825 6824 13075
f 13075 6824 13070
f 6824 6808 13070
f 13070 6808 13071
f 6808 6807 13071
f 13071 6807 13072
f 6807 6911 13072
f 13072 6911 13067
f 6911 6892 13067
f 13067 6892 13068
f 6892 6894 13068
f 13068 6894 13069
f 6894 6896 13069
f 13069 6896 13064
f 6896 6887 13064
f 13064 6887 13065
f 6887 6889 13065
f 13065 6889 13066
f 6889 6891 13066
f 13066 6891 13061
f 6891 6906 13061
f 13061 6906 13062
f 6906 6904 13062
f 13062 6904 13063
f 6904 6902 13063
f 13063 6902 13056
f 6902 6900 13056
f 13056 6900 13057
f 6900 6899 13057
f 13057 6899 13059
f 6899 6820 13059
f 13059 6820 13060
f 6820 6819 13060
f 13060 6819 13127
f 6819 6818 13127
f 13127 6818 13128
f 6818 6817 13128
f 13128 6817 13124
f 6817 6816 13124
f 13124 6816 13125
f 6816 6815 13125
f 13125 6815 13126
f 6815 6814 13126
f 13126 6814 13121
f 6814 6813 13121
f 13121 6813 13122
f 6813 6812 13122
f 13122 6812 13123
f 6812 6811 13123
f 13123 6811 13118
f 6811 6798 13118
f 13118 6798 13119
f 6798 6797 13119
f 13119 6797 13120
f 6797 6886 13120
f 13120 6886 13115
f 6886 6885 13115
f 13115 6885 13116
f 6885 6883 13116
f 13116 6883 13117
f 6883 6881 13117
f 13117 6881 13112
f 6881 6879 13112
f 13112 6879 13113
f 6879 6877 13113
f 13113 6877 13114
f 6877 6875 13114
f 13114 6875 13109
f 6875 6873 13109
f 13109 6873 13110
f 6873 6871 13110
f 13110 6871 13111
f 6871 6869 13111
f 13111 6869 13106
f 6869 6867 13106
f 13106 6867 13107
f 6867 6865 13107
f 13107 6865 13108
f 6865 6863 13108
f 13108 6863 13103
f 6863 6861 13103
f 13103 6861 13104
f 6861 6859 13104
f 13104 6859 13105
f 6859 6857 13105
f 13105 6857 13100
f 6857 6855 13100
f 13100 6855 13101
f 6855 6853 13101
f 13101 6853 13102
f 6853 6851 13102
f 13102 6851 13097
f 6851 6849 13097
f 13097 6849 13098
f 6849 6847 13098
f 13098 6847 13099
f 6847 6845 13099
f 13099 6845 13094
f 6845 6843 13094
f 13094 6843 13095
f 6843 6841 13095
f 13095 6841 13096
f 6841 6839 13096
f 13129 13130 13131
f 13130 13132 13131
f 13131 13132 13133
f 13134 13135 13131
f 13135 13136 13131
f 13131 13136 13129
f 13137 13138 13131
f 13138 13139 13131
f 13131 13139 13134
f 13140 13141 13131
f 13141 13142 13131
f 13131 13142 13137
f 13143 13144 13131
f 13144 13145 13131
f 13131 13145 13140
f 13146 13147 13131
f 13147 13148 13131
f 13131 13148 13143
f 13149 13150 13131
f 13150 13151 13131
f 13131 13151 13146
f 13152 13153 13131
f 13153 13154 13131
f 13131 13154 13149
f 13155 13156 13131
f 13156 13157 13131
f 13131 13157 13152
f 13158 13159 13131
f 13159 13160 13131
f 13131 13160 13155
f 13161 13162 13131
f 13162 13163 13131
f 13131 13163 13158
f 13164 13165 13131
f 13165 13166 13131
f 13131 13166 13161
f 13167 13168 13131
f 13168 13169 13131
f 13131 13169 13164
f 13170 13171 13131
f 13171 13172 13131
f 13131 13172 13167
f 13173 13174 13131
f 13174 13175 13131
f 13131 13175 13170
f 13176 13177 13131
f 13177 13178 13131
f 13131 13178 13173
f 13179 13180 13131
f 13180 13181 13131
f 13131 13181 13176
f 13182 13183 13131
f 13183 13184 13131
f 13131 13184 13179
f 13185 13186 13131
f 13186 13187 13131
f 13131 13187 13182
f 13188 13189 13131
f 13189 13190 13131
f 13131 13190 13185
f 13191 13192 13131
f 13192 13193 13131
f 13131 13193 13188
f 13194 13195 13131
f 13195 13196 13131
f 13131 13196 13191
f 13197 13198 13131
f 13198 13199 13131
f 13131 13199 13194
f 13133 13200 13131
f 13200 13201 13131
f 13131 13201 13197
f 13169 7076 13164
f 7076 7069 13164
f 13164 7069 13165
f 7069 7068 13165
f 13165 7068 13166
f 7068 7089 13166
f 13166 7089 13161
f 7089 7088 13161
f 13161 7088 13162
f 7088 7087 13162
f 13162 7087 13163
f 7087 7086 13163
f 13163 7086 13158
f 7086 7174 13158
f 13158 7174 13159
f 7174 7173 13159
f 13159 7173 13160
f 7173 7171 13160
f 13160 7171 13155
f 7171 7169 13155
f 13155 7169 13156
f 7169 7167 13156
f 13156 7167 13157
f 7167 7165 13157
f 13157 7165 13152
f 7165 7163 13152
f 13152 7163 13153
f 7163 7161 13153
f 13153 7161 13154
f 7161 7159 13154
f 13154 7159 13149
f 7159 7157 13149
f 13149 7157 13150
f 7157 7155 13150
f 13150 7155 13151
f 7155 7153 13151
f 13151 7153 13146
f 7153 7151 13146
f 13146 7151 13147
f 7151 7149 13147
f 13147 7149 13148
f 7149 7147 13148
f 13148 7147 13143
f 7147 7145 13143
f 13143 7145 13144
f 7145 7143 13144
f 13144 7143 13145
f 7143 7141 13145
f 13145 7141 13140
f 7141 7139 13140
f 13140 7139 13141
f 7139 7137 13141
f 13141 7137 13142
f 7137 7135 13142
f 13142 7135 13137
f 7135 7133 13137
f 13137 7133 13138
f 7133 7131 13138
f 13138 7131 13139
f 7131 7129 13139
f 13139 7129 13134
f 7129 7127 13134
f 13134 7127 13135
f 7127 7125 13135
f 13135 7125 13136
f 7125 7123 13136
f 13136 7123 13129
f 7123 7121 13129
f 13129 7121 13130
f 7121 7119 13130
f 13130 7119 13132
f 7119 7117 13132
f 13132 7117 13133
f 7117 7115 13133
f 13133 7115 13200
f 7115 7113 13200
f 13200 7113 13201
f 7113 7111 13201
f 13201 7111 13197
f 7111 7109 13197
f 13197 7109 13198
f 7109 7107 13198
f 13198 7107 13199
f 7107 7105 13199
f 13199 7105 13194
f 7105 7103 13194
f 13194 7103 13195
f 7103 7101 13195
f 13195 7101 13196
f 7101 7099 13196
f 13196 7099 13191
f 7099 7097 13191
f 13191 7097 13192
f 7097 7095 13192
f 13192 7095 13193
f 7095 7094 13193
f 13193 7094 13188
f 7094 7093 13188
f 13188 7093 13189
f 7093 7182 13189
f 13189 7182 13190
f 7182 7181 13190
f 13190 7181 13185
f 7181 7180 13185
f 13185 7180 13186
f 7180 7075 13186
f 13186 7075 13187
f 7075 7074 13187
f 13187 7074 13182
f 7074 7179 13182
f 13182 7179 13183
f 7179 7178 13183
f 13183 7178 13184
f 7178 7176 13184
f 13184 7176 13179
f 7176 7175 13179
f 13179 7175 13180
f 7175 7085 13180
f 13180 7085 13181
f 7085 7084 13181
f 13181 7084 13176
f 7084 7082 13176
f 13176 7082 13177
f 7082 7081 13177
f 13177 7081 13178
f 7081 7092 13178
f 13178 7092 13173
f 7092 7091 13173
f 13173 7091 13174
f 7091 7090 13174
f 13174 7090 13175
f 7090 7073 13175
f 13175 7073 13170
f 7073 7071 13170
f 13170 7071 13171
f 7071 7070 13171
f 13171 7070 13172
f 7070 7080 13172
f 13172 7080 13167
f 7080 7079 13167
f 13167 7079 13168
f 7079 7077 13168
f 13168 7077 13169
f 7077 7076 13169
f 13202 13203 13204
f 13203 13205 13204
f 13204 13205 13206
f 13207 13208 13204
f 13208 13209 13204
f 13204 13209 13202
f 13210 13211 13204
f 13211 13212 13204
f 13204 13212 13207
f 13213 13214 13204
f 13214 13215 13204
f 13204 13215 13210
f 13216 13217 13204
f 13217 13218 13204
f 13204 13218 13213
f 13219 13220 13204
f 13220 13221 13204
f 13204 13221 13216
f 13222 13223 13204
f 13223 13224 13204
f 13204 13224 13219
f 13225 13226 13204
f 13226 13227 13204
f 13204 13227 13222
f 13228 13229 13204
f 13229 13230 13204
f 13204 13230 13225
f 13231 13232 13204
f 13232 13233 13204
f 13204 13233 13228
f 13234 13235 13204
f 13235 13236 13204
f 13204 13236 13231
f 13237 13238 13204
f 13238 13239 13204
f 13204 13239 13234
f 13240 13241 13204
f 13241 13242 13204
f 13204 13242 13237
f 13243 13244 13204
f 13244 13245 13204
f 13204 13245 13240
f 13246 13247 13204
f 13247 13248 13204
f 13204 13248 13243
f 13249 13250 13204
f 13250 13251 13204
f 13204 13251 13246
f 13252 13253 13204
f 13253 13254 13204
f 13204 13254 13249
f 13255 13256 13204
f 13256 13257 13204
f 13204 13257 13252
f 13258 13259 13204
f 13259 13260 13204
f 13204 13260 13255
f 13261 13262 13204
f 13262 13263 13204
f 13204 13263 13258
f 13264 13265 13204
f 13265 13266 13204
f 13204 13266 13261
f 13267 13268 13204
f 13268 13269 13204
f 13204 13269 13264
f 13270 13271 13204
f 13271 13272 13204
f 13204 13272 13267
f 13206 13273 13204
f 13273 13274 13204
f 13204 13274 13270
f 13242 6940 13237
f 6940 6993 13237
f 13237 6993 13238
f 6993 6992 13238
f 13238 6992 13239
f 6992 6990 13239
f 13239 6990 13234
f 6990 6989 13234
f 13234 6989 13235
f 6989 6971 13235
f 13235 6971 13236
f 6971 6970 13236
f 13236 6970 13231
f 6970 6969 13231
f 13231 6969 13232
f 6969 6968 13232
f 13232 6968 13233
f 6968 6967 13233
f 13233 6967 13228
f 6967 6965 13228
f 13228 6965 13229
f 6965 6964 13229
f 13229 6964 13230
f 6964 6945 13230
f 13230 6945 13225
f 6945 6947 13225
f 13225 6947 13226
f 6947 6948 13226
f 13226 6948 13227
f 6948 6963 13227
f 13227 6963 13222
f 6963 6937 13222
f 13222 6937 13223
f 6937 6934 13223
f 13223 6934 13224
f 6934 6931 13224
f 13224 6931 13219
f 6931 6932 13219
f 13219 6932 13220
f 6932 6959 13220
f 13220 6959 13221
f 6959 6961 13221
f 13221 6961 13216
f 6961 6962 13216
f 13216 6962 13217
f 6962 6979 13217
f 13217 6979 13218
f 6979 6978 13218
f 13218 6978 13213
f 6978 6977 13213
f 13213 6977 13214
f 6977 6956 13214
f 13214 6956 13215
f 6956 6955 13215
f 13215 6955 13210
f 6955 6954 13210
f 13210 6954 13211
f 6954 6953 13211
f 13211 6953 13212
f 6953 6952 13212
f 13212 6952 13207
f 6952 6951 13207
f 13207 6951 13208
f 6951 6925 13208
f 13208 6925 13209
f 6925 6924 13209
f 13209 6924 13202
f 6924 6923 13202
f 13202 6923 13203
f 6923 6919 13203
f 13203 6919 13205
f 6919 6918 13205
f 13205 6918 13206
f 6918 6922 13206
f 13206 6922 13273
f 6922 6921 13273
f 13273 6921 13274
f 6921 6996 13274
f 13274 6996 13270
f 6996 6998 13270
f 13270 6998 13271
f 6998 7000 13271
f 13271 7000 13272
f 7000 7002 13272
f 13272 7002 13267
f 7002 7004 13267
f 13267 7004 13268
f 7004 7006 13268
f 13268 7006 13269
f 7006 7008 13269
f 13269 7008 13264
f 7008 7010 13264
f 13264 7010 13265
f 7010 7012 13265
f 13265 7012 13266
f 7012 7014 13266
f 13266 7014 13261
f 7014 7016 13261
f 13261 7016 13262
f 7016 7018 13262
f 13262 7018 13263
f 7018 7020 13263
f 13263 7020 13258
f 7020 7022 13258
f 13258 7022 13259
f 7022 7024 13259
f 13259 7024 13260
f 7024 7026 13260
f 13260 7026 13255
f 7026 7028 13255
f 13255 7028 13256
f 7028 7030 13256
f 13256 7030 13257
f 7030 7032 13257
f 13257 7032 13252
f 7032 7034 13252
f 13252 7034 13253
f 7034 7036 13253
f 13253 7036 13254
f 7036 7038 13254
f 13254 7038 13249
f 7038 7040 13249
f 13249 7040 13250
f 7040 7042 13250
f 13250 7042 13251
f 7042 7044 13251
f 13251 7044 13246
f 7044 7046 13246
f 13246 7046 13247
f 7046 7048 13247
f 13247 7048 13248
f 7048 7049 13248
f 13248 7049 13243
f 7049 6988 13243
f 13243 6988 13244
f 6988 6987 13244
f 13244 6987 13245
f 6987 6986 13245
f 13245 6986 13240
f 6986 6985 13240
f 13240 6985 13241
f 6985 6941 13241
f 13241 6941 13242
f 6941 6940 13242
f 7276 6796 7313
f 6796 6901 7313
f 7313 6901 7311
f 6901 6903 7311
f 7311 6903 7309
f 6903 6905 7309
f 7309 6905 7307
f 6905 6907 7307
f 7307 6907 7282
f 6907 6908 7282
f 7282 6908 7283
f 6908 6890 7283
f 7283 6890 7284
f 6890 6888 7284
f 7284 6888 7287
f 6888 6898 7287
f 7287 6898 7290
f 6898 6897 7290
f 7290 6897 7293
f 6897 6895 7293
f 7293 6895 7294
f 6895 6893 7294
f 7294 6893 7299
f 6893 6913 7299
f 7299 6913 7278
f 6913 6912 7278
f 7278 6912 7279
f 6912 6910 7279
f 7279 6910 7444
f 6910 6909 7444
f 7444 6909 7442
f 6909 6809 7442
f 7442 6809 7440
f 6809 6823 7440
f 7440 6823 7438
f 6823 6795 7438
f 6916 7436 6914
f 7436 7438 6914
f 6914 7438 6795
f 7436 6916 7434
f 6916 6960 7434
f 7434 6960 7432
f 6960 6958 7432
f 7432 6958 7430
f 6958 6957 7430
f 7430 6957 7428
f 6957 6930 7428
f 7428 6930 7426
f 6930 6929 7426
f 7426 6929 7424
f 6929 6933 7424
f 7424 6933 7422
f 6933 6935 7422
f 7422 6935 7420
f 6935 6936 7420
f 7420 6936 7418
f 6936 6938 7418
f 7418 6938 7416
f 6938 6946 7416
f 6966 7414 6946
f 7414 7416 6946
f 7414 6966 7412
f 6966 6991 7412
f 7412 6991 7410
f 6991 6939 7410
f 7410 6939 7408
f 6939 6950 7408
f 7408 6950 7406
f 6950 6949 7406
f 7406 6949 7404
f 6949 6944 7404
f 7404 6944 7402
f 6944 6943 7402
f 7402 6943 7400
f 6943 6942 7400
f 7400 6942 7398
f 6942 6928 7398
f 7398 6928 7396
f 6928 6927 7396
f 7396 6927 7395
f 6927 6926 7395
f 7051 7394 7050
f 7394 7395 7050
f 7050 7395 6926
f 7394 7051 7392
f 7051 7052 7392
f 7392 7052 7390
f 7052 7058 7390
f 7390 7058 7388
f 7058 7057 7388
f 7388 7057 7386
f 7057 7054 7386
f 7386 7054 7384
f 7054 7053 7384
f 7384 7053 7382
f 7053 7067 7382
f 7382 7067 7380
f 7067 7066 7380
f 7380 7066 7378
f 7066 7065 7378
f 7378 7065 7376
f 7065 7078 7376
f 7376 7078 7374
f 7078 7072 7374
f 7083 7372 7072
f 7372 7374 7072
f 7372 7083 7370
f 7083 7177 7370
f 7370 7177 7368
f 7177 7064 7368
f 7368 7064 7366
f 7064 7063 7366
f 7366 7063 7364
f 7063 7062 7364
f 7364 7062 7362
f 7062 7061 7362
f 7362 7061 7360
f 7061 7060 7360
f 7360 7060 7358
f 7060 7059 7358
f 7358 7059 7356
f 7059 7056 7356
f 7356 7056 7354
f 7056 7055 7354
f 7354 7055 7353
f 7055 7237 7353
f 7191 7352 7236
f 7352 7353 7236
f 7236 7353 7237
f 7352 7191 7350
f 7191 7200 7350
f 7350 7200 7348
f 7200 7198 7348
f 7348 7198 7346
f 7198 7196 7346
f 7346 7196 7344
f 7196 7194 7344
f 7344 7194 7342
f 7194 7208 7342
f 7342 7208 7340
f 7208 7207 7340
f 7340 7207 7338
f 7207 7205 7338
f 7338 7205 7336
f 7205 7230 7336
f 7336 7230 7334
f 7230 7229 7334
f 7334 7229 7332
f 7229 7227 7332
f 7332 7227 7329
f 7227 7225 7329
f 7329 7225 7327
f 7225 7224 7327
f 7327 7224 7325
f 7224 7212 7325
f 7325 7212 7323
f 7212 7210 7323
f 7323 7210 7321
f 7210 7218 7321
f 7321 7218 7319
f 7218 7217 7319
f 7319 7217 7317
f 7217 7215 7317
f 7317 7215 7277
f 7215 7183 7277
f 2503 2502 7369
f 7373 7371 2469
f 7371 2583 2469
f 7369 2502 7371
f 2502 2582 7371
f 7371 2582 2583
f 2580 7367 2508
f 7367 7365 2508
f 2508 7365 2509
f 2580 2506 7367
f 2506 2505 7367
f 7367 2505 7369
f 2505 2581 7369
f 7369 2581 2503
f 7361 2512 7363
f 2512 2511 7363
f 7363 2511 7365
f 2511 2579 7365
f 7365 2579 2509
f 7359 2578 7361
f 2578 2576 7361
f 7361 2576 2575
f 2575 2515 7361
f 2515 2514 7361
f 7361 2514 2512
f 2569 2570 7357
f 2570 2571 7357
f 2571 2573 7357
f 7357 2573 7359
f 2573 2572 7359
f 7359 2572 2578
f 7357 7355 2569
f 7355 2815 2569
f 2569 2815 2568
f 7373 2469 7375
f 2469 2323 7375
f 2258 2257 7391
f 2257 2338 7391
f 7391 2338 7393
f 2338 2339 7393
f 7393 2339 2222
f 2339 2223 2222
f 2336 7389 2263
f 7389 7387 2263
f 2263 7387 2264
f 2336 2261 7389
f 2261 2260 7389
f 7389 2260 7391
f 2260 2337 7391
f 7391 2337 2258
f 7383 2267 7385
f 2267 2266 7385
f 7385 2266 7387
f 2266 2335 7387
f 7387 2335 2264
f 2330 2270 7383
f 2270 2269 7383
f 7383 2269 2267
f 2327 7381 2328
f 7381 7379 2328
f 2328 7379 2326
f 2327 2334 7381
f 2334 2333 7381
f 7381 2333 7383
f 2333 2331 7383
f 7383 2331 2330
f 2326 7379 2325
f 7379 7377 2325
f 2325 7377 2324
f 7377 7375 2324
f 2324 7375 2323
f 13275 13276 7433
f 7437 7435 13277
f 7435 13278 13277
f 7433 13276 7435
f 13276 13279 7435
f 7435 13279 13278
f 13280 7431 13281
f 7431 7429 13281
f 13281 7429 13282
f 13280 13283 7431
f 13283 13284 7431
f 7431 13284 7433
f 13284 13285 7433
f 7433 13285 13275
f 7425 13286 7427
f 13286 13287 7427
f 7427 13287 7429
f 13287 13288 7429
f 7429 13288 13282
f 7423 13289 7425
f 13289 13290 7425
f 7425 13290 13291
f 13291 13292 7425
f 13292 13293 7425
f 7425 13293 13286
f 13294 13295 7421
f 13295 13296 7421
f 13296 13297 7421
f 7421 13297 7423
f 13297 13298 7423
f 7423 13298 13289
f 7421 7419 13294
f 7419 7417 13294
f 13294 7417 13299
f 7415 13300 7417
f 13300 13299 7417
f 13301 13302 7411
f 13302 13303 7411
f 7411 13303 7413
f 13303 13304 7413
f 7413 13304 7415
f 13304 13300 7415
f 13305 7409 13306
f 7409 7407 13306
f 13306 7407 13307
f 13305 13308 7409
f 13308 13309 7409
f 7409 13309 7411
f 13309 13310 7411
f 7411 13310 13301
f 7403 13311 7405
f 13311 13312 7405
f 7405 13312 7407
f 13312 13313 7407
f 7407 13313 13307
f 13314 13315 7403
f 13315 13316 7403
f 7403 13316 13311
f 13317 7401 13318
f 7401 7399 13318
f 13318 7399 13319
f 13317 13320 7401
f 13320 13321 7401
f 7401 13321 7403
f 13321 13322 7403
f 7403 13322 13314
f 13319 7399 13323
f 7399 7397 13323
f 13323 7397 13324
f 7397 2221 13324
f 13324 2221 2220
f 1959 1956 13325
f 13325 13326 1959
f 13326 13327 1959
f 1959 13327 1958
f 13327 13328 1958
f 1958 13328 2220
f 1955 1964 13329
f 13329 13330 1955
f 13330 13331 1955
f 1955 13331 1956
f 13331 13332 1956
f 1956 13332 13325
f 1963 1960 13333
f 13333 13334 1963
f 13334 13335 1963
f 1963 13335 1964
f 13335 13336 1964
f 1964 13336 13329
f 1961 1962 13337
f 13337 13338 1961
f 13338 13339 1961
f 1961 13339 1960
f 13339 13340 1960
f 1960 13340 13333
f 1967 1966 13341
f 13341 13342 1967
f 13342 13343 1967
f 1967 13343 1962
f 13343 13344 1962
f 1962 13344 13337
f 1965 1972 13345
f 13345 13346 1965
f 13346 13347 1965
f 1965 13347 1966
f 13347 13348 1966
f 1966 13348 13341
f 1971 1970 13349
f 13349 13350 1971
f 13350 13351 1971
f 1971 13351 1972
f 13351 13352 1972
f 1972 13352 13345
f 13353 13354 1969
f 13354 13355 1969
f 1969 13355 1970
f 13355 13356 1970
f 1970 13356 13349
f 1969 1968 13353
f 1968 1954 13353
f 13353 1954 13357
f 1954 1740 13357
f 13357 1740 1739
f 13302 13301 13358
f 13309 13308 13359
f 13306 13307 13360
f 13312 13311 13361
f 13316 13315 13362
f 13363 1814 1813
f 1739 1752 13357
f 1752 13364 13357
f 13357 13364 13353
f 13364 13365 13353
f 13353 13365 13354
f 13354 13365 13355
f 13365 13366 13355
f 13355 13366 13356
f 13356 13366 13349
f 13366 13367 13349
f 13349 13367 13350
f 13350 13367 13351
f 13367 13368 13351
f 13351 13368 13352
f 13352 13368 13345
f 13368 13369 13345
f 13345 13369 13346
f 13346 13369 13347
f 13369 13370 13347
f 13347 13370 13348
f 13348 13370 13341
f 13370 13371 13341
f 13341 13371 13342
f 13342 13371 13343
f 13371 13372 13343
f 13343 13372 13344
f 13344 13372 13337
f 13372 13373 13337
f 13337 13373 13338
f 13338 13373 13339
f 13373 13374 13339
f 13339 13374 13340
f 13340 13374 13333
f 13374 13375 13333
f 13333 13375 13334
f 13334 13375 13335
f 13375 13376 13335
f 13335 13376 13336
f 13336 13376 13329
f 13376 13377 13329
f 13329 13377 13330
f 13330 13377 13331
f 13377 13378 13331
f 13331 13378 13332
f 13332 13378 13325
f 13378 13379 13325
f 13325 13379 13326
f 13326 13379 13327
f 13379 13380 13327
f 13327 13380 13328
f 2220 13328 13324
f 13328 13380 13324
f 13324 13380 13323
f 13380 13319 13323
f 13317 13318 13381
f 13314 13322 13382
f 13322 13321 13382
f 13382 13321 13320
f 13312 13361 13313
f 13306 13360 13305
f 13309 13359 13310
f 13302 13358 13303
f 13300 13304 13383
f 13304 13384 13383
f 13383 13384 13385
f 13384 13386 13385
f 13387 13388 13386
f 13388 13389 13386
f 13386 13389 13385
f 13390 13391 13387
f 13391 13392 13387
f 13387 13392 13388
f 13393 13394 13390
f 13394 13395 13390
f 13390 13395 13391
f 13396 13397 13393
f 13397 13398 13393
f 13393 13398 13394
f 13399 13400 13396
f 13400 13401 13396
f 13396 13401 13397
f 13402 13403 13399
f 13403 13404 13399
f 13399 13404 13400
f 13405 13406 13402
f 13406 13407 13402
f 13402 13407 13403
f 13408 13409 13405
f 13409 13410 13405
f 13405 13410 13406
f 13411 13412 13408
f 13412 13413 13408
f 13408 13413 13409
f 13414 13415 13411
f 13415 13416 13411
f 13411 13416 13412
f 13417 13418 13414
f 13418 13419 13414
f 13414 13419 13415
f 13420 13421 13417
f 13421 13422 13417
f 13417 13422 13418
f 13423 13424 13420
f 13424 13425 13420
f 13420 13425 13421
f 13426 13427 13423
f 13427 13428 13423
f 13423 13428 13424
f 1813 13429 13363
f 13429 13430 13363
f 13363 13430 13426
f 13430 13431 13426
f 13426 13431 13427
f 13304 13303 13384
f 13303 13358 13384
f 13384 13358 13386
f 13358 13432 13386
f 13386 13432 13387
f 13432 13433 13387
f 13387 13433 13390
f 13433 13434 13390
f 13390 13434 13393
f 13434 13435 13393
f 13393 13435 13396
f 13435 13436 13396
f 13396 13436 13399
f 13436 13437 13399
f 13399 13437 13402
f 13437 13438 13402
f 13402 13438 13405
f 13438 13439 13405
f 13405 13439 13408
f 13439 13440 13408
f 13408 13440 13411
f 13440 13441 13411
f 13411 13441 13414
f 13441 13442 13414
f 13414 13442 13417
f 13442 13443 13417
f 13417 13443 13420
f 13443 13444 13420
f 13420 13444 13423
f 13444 13445 13423
f 13423 13445 13426
f 13445 13446 13426
f 13426 13446 13363
f 13446 13447 13363
f 13363 13447 1814
f 13447 1815 1814
f 13301 13310 13358
f 13310 13359 13358
f 13358 13359 13432
f 13359 13448 13432
f 13432 13448 13433
f 13448 13449 13433
f 13433 13449 13434
f 13449 13450 13434
f 13434 13450 13435
f 13450 13451 13435
f 13435 13451 13436
f 13451 13452 13436
f 13436 13452 13437
f 13452 13453 13437
f 13437 13453 13438
f 13453 13454 13438
f 13438 13454 13439
f 13454 13455 13439
f 13439 13455 13440
f 13455 13456 13440
f 13440 13456 13441
f 13456 13457 13441
f 13441 13457 13442
f 13457 13458 13442
f 13442 13458 13443
f 13458 13459 13443
f 13443 13459 13444
f 13459 13460 13444
f 13444 13460 13445
f 13460 13461 13445
f 13445 13461 13446
f 13461 13462 13446
f 13446 13462 13447
f 13462 13463 13447
f 13447 13463 1815
f 13463 1835 1815
f 13308 13305 13359
f 13305 13360 13359
f 13359 13360 13448
f 13360 13464 13448
f 13448 13464 13449
f 13464 13465 13449
f 13449 13465 13450
f 13465 13466 13450
f 13450 13466 13451
f 13466 13467 13451
f 13451 13467 13452
f 13467 13468 13452
f 13452 13468 13453
f 13468 13469 13453
f 13453 13469 13454
f 13469 13470 13454
f 13454 13470 13455
f 13470 13471 13455
f 13455 13471 13456
f 13471 13472 13456
f 13456 13472 13457
f 13472 13473 13457
f 13457 13473 13458
f 13473 13474 13458
f 13458 13474 13459
f 13474 13475 13459
f 13459 13475 13460
f 13475 13476 13460
f 13460 13476 13461
f 13476 13477 13461
f 13461 13477 13462
f 13477 13478 13462
f 13462 13478 13463
f 13478 13479 13463
f 13463 13479 1835
f 13479 1836 1835
f 13307 13313 13360
f 13313 13361 13360
f 13360 13361 13464
f 13361 13480 13464
f 13464 13480 13465
f 13480 13481 13465
f 13465 13481 13466
f 13481 13482 13466
f 13466 13482 13467
f 13482 13483 13467
f 13467 13483 13468
f 13483 13484 13468
f 13468 13484 13469
f 13484 13485 13469
f 13469 13485 13470
f 13485 13486 13470
f 13470 13486 13471
f 13486 13487 13471
f 13471 13487 13472
f 13487 13488 13472
f 13472 13488 13473
f 13488 13489 13473
f 13473 13489 13474
f 13489 13490 13474
f 13474 13490 13475
f 13490 13491 13475
f 13475 13491 13476
f 13491 13492 13476
f 13476 13492 13477
f 13492 13493 13477
f 13477 13493 13478
f 13493 13494 13478
f 13478 13494 13479
f 13494 13495 13479
f 13479 13495 1836
f 13495 1837 1836
f 13311 13316 13361
f 13316 13362 13361
f 13361 13362 13480
f 13362 13496 13480
f 13480 13496 13481
f 13496 13497 13481
f 13481 13497 13482
f 13497 13498 13482
f 13482 13498 13483
f 13498 13499 13483
f 13483 13499 13484
f 13499 13500 13484
f 13484 13500 13485
f 13500 13501 13485
f 13485 13501 13486
f 13501 13502 13486
f 13486 13502 13487
f 13502 13503 13487
f 13487 13503 13488
f 13503 13504 13488
f 13488 13504 13489
f 13504 13505 13489
f 13489 13505 13490
f 13505 13506 13490
f 13490 13506 13491
f 13506 13507 13491
f 13491 13507 13492
f 13507 13508 13492
f 13492 13508 13493
f 13508 13509 13493
f 13493 13509 13494
f 13509 13510 13494
f 13494 13510 13495
f 13510 13511 13495
f 13495 13511 1837
f 13511 1862 1837
f 13315 13314 13362
f 13314 13382 13362
f 13362 13382 13496
f 13382 13512 13496
f 13496 13512 13497
f 13512 13513 13497
f 13497 13513 13498
f 13513 13514 13498
f 13498 13514 13499
f 13514 13515 13499
f 13499 13515 13500
f 13515 13516 13500
f 13500 13516 13501
f 13516 13517 13501
f 13501 13517 13502
f 13517 13518 13502
f 13502 13518 13503
f 13518 13519 13503
f 13503 13519 13504
f 13519 13520 13504
f 13504 13520 13505
f 13520 13521 13505
f 13505 13521 13506
f 13521 13522 13506
f 13506 13522 13507
f 13522 13523 13507
f 13507 13523 13508
f 13523 13524 13508
f 13508 13524 13509
f 13524 13525 13509
f 13509 13525 13510
f 13525 13526 13510
f 13510 13526 13511
f 13526 13527 13511
f 13511 13527 1862
f 13527 1863 1862
f 13320 13317 13382
f 13317 13381 13382
f 13382 13381 13512
f 13381 13528 13512
f 13512 13528 13513
f 13528 13529 13513
f 13513 13529 13514
f 13529 13530 13514
f 13514 13530 13515
f 13530 13531 13515
f 13515 13531 13516
f 13531 13532 13516
f 13516 13532 13517
f 13532 13533 13517
f 13517 13533 13518
f 13533 13534 13518
f 13518 13534 13519
f 13534 13535 13519
f 13519 13535 13520
f 13535 13536 13520
f 13520 13536 13521
f 13536 13537 13521
f 13521 13537 13522
f 13537 13538 13522
f 13522 13538 13523
f 13538 13539 13523
f 13523 13539 13524
f 13539 13540 13524
f 13524 13540 13525
f 13540 13541 13525
f 13525 13541 13526
f 13541 13542 13526
f 13526 13542 13527
f 13542 13543 13527
f 13527 13543 1863
f 13543 1753 1863
f 13318 13319 13381
f 13319 13380 13381
f 13381 13380 13528
f 13380 13379 13528
f 13528 13379 13529
f 13379 13378 13529
f 13529 13378 13530
f 13378 13377 13530
f 13530 13377 13531
f 13377 13376 13531
f 13531 13376 13532
f 13376 13375 13532
f 13532 13375 13533
f 13375 13374 13533
f 13533 13374 13534
f 13374 13373 13534
f 13534 13373 13535
f 13373 13372 13535
f 13535 13372 13536
f 13372 13371 13536
f 13536 13371 13537
f 13371 13370 13537
f 13537 13370 13538
f 13370 13369 13538
f 13538 13369 13539
f 13369 13368 13539
f 13539 13368 13540
f 13368 13367 13540
f 13540 13367 13541
f 13367 13366 13541
f 13541 13366 13542
f 13366 13365 13542
f 13542 13365 13543
f 13365 13364 13543
f 13543 13364 1753
f 13364 1752 1753
f 1813 1751 13429
f 1751 13544 13429
f 13429 13544 13545
f 13299 13300 13546
f 13300 13383 13546
f 13546 13383 13547
f 13383 13385 13547
f 13547 13385 13548
f 13385 13389 13548
f 13548 13389 13549
f 13389 13388 13549
f 13549 13388 13550
f 13388 13392 13550
f 13550 13392 13551
f 13392 13391 13551
f 13551 13391 13552
f 13391 13395 13552
f 13552 13395 13553
f 13395 13394 13553
f 13553 13394 13554
f 13394 13398 13554
f 13554 13398 13555
f 13398 13397 13555
f 13555 13397 13556
f 13397 13401 13556
f 13556 13401 13557
f 13401 13400 13557
f 13557 13400 13558
f 13400 13404 13558
f 13558 13404 13559
f 13404 13403 13559
f 13559 13403 13560
f 13403 13407 13560
f 13560 13407 13561
f 13407 13406 13561
f 13561 13406 13562
f 13406 13410 13562
f 13562 13410 13563
f 13410 13409 13563
f 13563 13409 13564
f 13409 13413 13564
f 13564 13413 13565
f 13413 13412 13565
f 13565 13412 13566
f 13412 13416 13566
f 13566 13416 13567
f 13416 13415 13567
f 13567 13415 13568
f 13415 13419 13568
f 13568 13419 13569
f 13419 13418 13569
f 13569 13418 13570
f 13418 13422 13570
f 13570 13422 13571
f 13422 13421 13571
f 13571 13421 13572
f 13421 13425 13572
f 13572 13425 13573
f 13425 13424 13573
f 13573 13424 13574
f 13424 13428 13574
f 13574 13428 13575
f 13428 13427 13575
f 13575 13427 13576
f 13427 13431 13576
f 13576 13431 13545
f 13431 13430 13545
f 13545 13430 13429
f 13276 13275 13577
f 13284 13283 13578
f 13281 13282 13579
f 13287 13286 13580
f 13293 13292 13581
f 13582 1887 1784
f 1751 1750 13544
f 1750 13583 13544
f 13544 13583 13545
f 13583 13584 13545
f 13545 13584 13576
f 13576 13584 13575
f 13584 13585 13575
f 13575 13585 13574
f 13574 13585 13573
f 13585 13586 13573
f 13573 13586 13572
f 13572 13586 13571
f 13586 13587 13571
f 13571 13587 13570
f 13570 13587 13569
f 13587 13588 13569
f 13569 13588 13568
f 13568 13588 13567
f 13588 13589 13567
f 13567 13589 13566
f 13566 13589 13565
f 13589 13590 13565
f 13565 13590 13564
f 13564 13590 13563
f 13590 13591 13563
f 13563 13591 13562
f 13562 13591 13561
f 13591 13592 13561
f 13561 13592 13560
f 13560 13592 13559
f 13592 13593 13559
f 13559 13593 13558
f 13558 13593 13557
f 13593 13594 13557
f 13557 13594 13556
f 13556 13594 13555
f 13594 13595 13555
f 13555 13595 13554
f 13554 13595 13553
f 13595 13596 13553
f 13553 13596 13552
f 13552 13596 13551
f 13596 13597 13551
f 13551 13597 13550
f 13550 13597 13549
f 13597 13598 13549
f 13549 13598 13548
f 13548 13598 13547
f 13598 13599 13547
f 13547 13599 13546
f 13299 13546 13294
f 13546 13599 13294
f 13294 13599 13295
f 13599 13296 13295
f 13298 13297 13600
f 13291 13290 13601
f 13290 13289 13601
f 13287 13580 13288
f 13281 13579 13280
f 13284 13578 13285
f 13276 13577 13279
f 13277 13278 13602
f 13278 13603 13602
f 13602 13603 13604
f 13603 13605 13604
f 13606 13607 13605
f 13607 13608 13605
f 13605 13608 13604
f 13609 13610 13606
f 13610 13611 13606
f 13606 13611 13607
f 13612 13613 13609
f 13613 13614 13609
f 13609 13614 13610
f 13615 13616 13612
f 13616 13617 13612
f 13612 13617 13613
f 13618 13619 13615
f 13619 13620 13615
f 13615 13620 13616
f 13621 13622 13618
f 13622 13623 13618
f 13618 13623 13619
f 13624 13625 13621
f 13625 13626 13621
f 13621 13626 13622
f 13627 13628 13624
f 13628 13629 13624
f 13624 13629 13625
f 13630 13631 13627
f 13631 13632 13627
f 13627 13632 13628
f 13633 13634 13630
f 13634 13635 13630
f 13630 13635 13631
f 13636 13637 13633
f 13637 13638 13633
f 13633 13638 13634
f 13639 13640 13636
f 13640 13641 13636
f 13636 13641 13637
f 13642 13643 13639
f 13643 13644 13639
f 13639 13644 13640
f 13645 13646 13642
f 13646 13647 13642
f 13642 13647 13643
f 1784 13648 13582
f 13648 13649 13582
f 13582 13649 13645
f 13649 13650 13645
f 13645 13650 13646
f 13278 13279 13603
f 13279 13577 13603
f 13603 13577 13605
f 13577 13651 13605
f 13605 13651 13606
f 13651 13652 13606
f 13606 13652 13609
f 13652 13653 13609
f 13609 13653 13612
f 13653 13654 13612
f 13612 13654 13615
f 13654 13655 13615
f 13615 13655 13618
f 13655 13656 13618
f 13618 13656 13621
f 13656 13657 13621
f 13621 13657 13624
f 13657 13658 13624
f 13624 13658 13627
f 13658 13659 13627
f 13627 13659 13630
f 13659 13660 13630
f 13630 13660 13633
f 13660 13661 13633
f 13633 13661 13636
f 13661 13662 13636
f 13636 13662 13639
f 13662 13663 13639
f 13639 13663 13642
f 13663 13664 13642
f 13642 13664 13645
f 13664 13665 13645
f 13645 13665 13582
f 13665 13666 13582
f 13582 13666 1887
f 13666 1888 1887
f 13275 13285 13577
f 13285 13578 13577
f 13577 13578 13651
f 13578 13667 13651
f 13651 13667 13652
f 13667 13668 13652
f 13652 13668 13653
f 13668 13669 13653
f 13653 13669 13654
f 13669 13670 13654
f 13654 13670 13655
f 13670 13671 13655
f 13655 13671 13656
f 13671 13672 13656
f 13656 13672 13657
f 13672 13673 13657
f 13657 13673 13658
f 13673 13674 13658
f 13658 13674 13659
f 13674 13675 13659
f 13659 13675 13660
f 13675 13676 13660
f 13660 13676 13661
f 13676 13677 13661
f 13661 13677 13662
f 13677 13678 13662
f 13662 13678 13663
f 13678 13679 13663
f 13663 13679 13664
f 13679 13680 13664
f 13664 13680 13665
f 13680 13681 13665
f 13665 13681 13666
f 13681 13682 13666
f 13666 13682 1888
f 13682 1889 1888
f 13283 13280 13578
f 13280 13579 13578
f 13578 13579 13667
f 13579 13683 13667
f 13667 13683 13668
f 13683 13684 13668
f 13668 13684 13669
f 13684 13685 13669
f 13669 13685 13670
f 13685 13686 13670
f 13670 13686 13671
f 13686 13687 13671
f 13671 13687 13672
f 13687 13688 13672
f 13672 13688 13673
f 13688 13689 13673
f 13673 13689 13674
f 13689 13690 13674
f 13674 13690 13675
f 13690 13691 13675
f 13675 13691 13676
f 13691 13692 13676
f 13676 13692 13677
f 13692 13693 13677
f 13677 13693 13678
f 13693 13694 13678
f 13678 13694 13679
f 13694 13695 13679
f 13679 13695 13680
f 13695 13696 13680
f 13680 13696 13681
f 13696 13697 13681
f 13681 13697 13682
f 13697 13698 13682
f 13682 13698 1889
f 13698 1905 1889
f 13282 13288 13579
f 13288 13580 13579
f 13579 13580 13683
f 13580 13699 13683
f 13683 13699 13684
f 13699 13700 13684
f 13684 13700 13685
f 13700 13701 13685
f 13685 13701 13686
f 13701 13702 13686
f 13686 13702 13687
f 13702 13703 13687
f 13687 13703 13688
f 13703 13704 13688
f 13688 13704 13689
f 13704 13705 13689
f 13689 13705 13690
f 13705 13706 13690
f 13690 13706 13691
f 13706 13707 13691
f 13691 13707 13692
f 13707 13708 13692
f 13692 13708 13693
f 13708 13709 13693
f 13693 13709 13694
f 13709 13710 13694
f 13694 13710 13695
f 13710 13711 13695
f 13695 13711 13696
f 13711 13712 13696
f 13696 13712 13697
f 13712 13713 13697
f 13697 13713 13698
f 13713 13714 13698
f 13698 13714 1905
f 13714 1906 1905
f 13286 13293 13580
f 13293 13581 13580
f 13580 13581 13699
f 13581 13715 13699
f 13699 13715 13700
f 13715 13716 13700
f 13700 13716 13701
f 13716 13717 13701
f 13701 13717 13702
f 13717 13718 13702
f 13702 13718 13703
f 13718 13719 13703
f 13703 13719 13704
f 13719 13720 13704
f 13704 13720 13705
f 13720 13721 13705
f 13705 13721 13706
f 13721 13722 13706
f 13706 13722 13707
f 13722 13723 13707
f 13707 13723 13708
f 13723 13724 13708
f 13708 13724 13709
f 13724 13725 13709
f 13709 13725 13710
f 13725 13726 13710
f 13710 13726 13711
f 13726 13727 13711
f 13711 13727 13712
f 13727 13728 13712
f 13712 13728 13713
f 13728 13729 13713
f 13713 13729 13714
f 13729 13730 13714
f 13714 13730 1906
f 13730 1907 1906
f 13292 13291 13581
f 13291 13601 13581
f 13581 13601 13715
f 13601 13731 13715
f 13715 13731 13716
f 13731 13732 13716
f 13716 13732 13717
f 13732 13733 13717
f 13717 13733 13718
f 13733 13734 13718
f 13718 13734 13719
f 13734 13735 13719
f 13719 13735 13720
f 13735 13736 13720
f 13720 13736 13721
f 13736 13737 13721
f 13721 13737 13722
f 13737 13738 13722
f 13722 13738 13723
f 13738 13739 13723
f 13723 13739 13724
f 13739 13740 13724
f 13724 13740 13725
f 13740 13741 13725
f 13725 13741 13726
f 13741 13742 13726
f 13726 13742 13727
f 13742 13743 13727
f 13727 13743 13728
f 13743 13744 13728
f 13728 13744 13729
f 13744 13745 13729
f 13729 13745 13730
f 13745 13746 13730
f 13730 13746 1907
f 13746 1908 1907
f 13289 13298 13601
f 13298 13600 13601
f 13601 13600 13731
f 13600 13747 13731
f 13731 13747 13732
f 13747 13748 13732
f 13732 13748 13733
f 13748 13749 13733
f 13733 13749 13734
f 13749 13750 13734
f 13734 13750 13735
f 13750 13751 13735
f 13735 13751 13736
f 13751 13752 13736
f 13736 13752 13737
f 13752 13753 13737
f 13737 13753 13738
f 13753 13754 13738
f 13738 13754 13739
f 13754 13755 13739
f 13739 13755 13740
f 13755 13756 13740
f 13740 13756 13741
f 13756 13757 13741
f 13741 13757 13742
f 13757 13758 13742
f 13742 13758 13743
f 13758 13759 13743
f 13743 13759 13744
f 13759 13760 13744
f 13744 13760 13745
f 13760 13761 13745
f 13745 13761 13746
f 13761 13762 13746
f 13746 13762 1908
f 13762 1909 1908
f 13297 13296 13600
f 13296 13599 13600
f 13600 13599 13747
f 13599 13598 13747
f 13747 13598 13748
f 13598 13597 13748
f 13748 13597 13749
f 13597 13596 13749
f 13749 13596 13750
f 13596 13595 13750
f 13750 13595 13751
f 13595 13594 13751
f 13751 13594 13752
f 13594 13593 13752
f 13752 13593 13753
f 13593 13592 13753
f 13753 13592 13754
f 13592 13591 13754
f 13754 13591 13755
f 13591 13590 13755
f 13755 13590 13756
f 13590 13589 13756
f 13756 13589 13757
f 13589 13588 13757
f 13757 13588 13758
f 13588 13587 13758
f 13758 13587 13759
f 13587 13586 13759
f 13759 13586 13760
f 13586 13585 13760
f 13760 13585 13761
f 13585 13584 13761
f 13761 13584 13762
f 13584 13583 13762
f 13762 13583 1909
f 13583 1750 1909
f 13763 13764 13765
f 13764 13766 13765
f 1738 13765 1783
f 13765 13766 1783
f 13767 13768 13766
f 13768 13769 13766
f 13770 13771 13766
f 13771 13772 13766
f 13766 13772 1783
f 13769 13773 13766
f 13773 13774 13766
f 13766 13774 13770
f 13765 1738 13763
f 1738 1782 13763
f 13775 13776 13764
f 13763 1782 13764
f 1782 1749 13764
f 13764 1749 13777
f 13777 13778 13764
f 13778 13779 13764
f 13764 13779 13780
f 13780 13781 13764
f 13781 13782 13764
f 13764 13782 13775
f 13764 13776 13766
f 13776 13767 13766
f 13783 13784 13778
f 13785 13786 13787
f 13767 13776 13788
f 13638 13769 13768
f 13638 13637 13769
f 13637 13641 13769
f 13769 13641 13773
f 13641 13640 13773
f 13640 13644 13773
f 13773 13644 13774
f 13644 13643 13774
f 13643 13647 13774
f 13774 13647 13770
f 13647 13646 13770
f 13646 13650 13770
f 13770 13650 13771
f 13650 13649 13771
f 13649 13648 13771
f 13771 13648 13772
f 13648 1784 13772
f 13772 1784 1783
f 13789 13607 13790
f 13607 13611 13790
f 13790 13611 13791
f 13611 13610 13791
f 13791 13610 13792
f 13610 13614 13792
f 13792 13614 13793
f 13614 13613 13793
f 13793 13613 13794
f 13613 13617 13794
f 13794 13617 13795
f 13617 13616 13795
f 13795 13616 13796
f 13616 13620 13796
f 13796 13620 13797
f 13620 13619 13797
f 13797 13619 13798
f 13619 13623 13798
f 13798 13623 13799
f 13623 13622 13799
f 13799 13622 13800
f 13622 13626 13800
f 13800 13626 13801
f 13626 13625 13801
f 13801 13625 13802
f 13625 13629 13802
f 13802 13629 13803
f 13629 13628 13803
f 13803 13628 13804
f 13628 13632 13804
f 13804 13632 13788
f 13632 13631 13788
f 13788 13631 13767
f 13631 13635 13767
f 13767 13635 13768
f 13635 13634 13768
f 13768 13634 13638
f 13805 13806 13277
f 13277 13602 13805
f 13602 13604 13805
f 13805 13604 13789
f 13604 13608 13789
f 13789 13608 13607
f 13787 13788 13785
f 13788 13776 13785
f 13785 13776 13786
f 13776 13775 13786
f 13786 13775 13807
f 13775 13782 13807
f 13807 13782 13808
f 13808 13782 13809
f 13782 13781 13809
f 13809 13781 13810
f 13780 13811 13781
f 13811 13812 13781
f 13781 13812 13810
f 13778 13784 13779
f 13784 13813 13779
f 13813 13814 13779
f 13779 13814 13780
f 13814 13815 13780
f 13780 13815 13811
f 13783 13778 13816
f 13778 13777 13816
f 13816 13777 5631
f 13777 1749 5631
f 5631 1749 1832
f 13817 13818 5351
f 13819 13820 5385
f 13821 13822 5382
f 13794 13795 13823
f 13791 13792 13823
f 13792 13793 13823
f 13823 13793 13794
f 13806 13805 13824
f 13805 13789 13824
f 13824 13789 13823
f 13789 13790 13823
f 13823 13790 13791
f 13795 13796 5370
f 13796 13797 5370
f 13797 13798 5370
f 13798 13799 5370
f 5370 13799 5369
f 13795 5370 13823
f 5370 5372 13823
f 13823 5372 13825
f 5372 5374 13825
f 13825 5374 13826
f 5374 5376 13826
f 5376 5377 13826
f 13826 5377 13827
f 13827 5377 13828
f 5377 5379 13828
f 13828 5379 5381
f 5382 13822 5381
f 13822 13829 5381
f 5381 13829 13828
f 13821 5382 13820
f 5382 5384 13820
f 13820 5384 5385
f 5351 13818 5352
f 13819 5385 13818
f 5385 5387 13818
f 13818 5387 5352
f 5390 5391 13830
f 13817 5351 13830
f 5351 5388 13830
f 13830 5388 5390
f 4914 4917 5391
f 4917 13831 5391
f 13831 13832 5391
f 13832 13833 5391
f 5391 13833 13830
f 5631 5355 13816
f 5355 5354 13816
f 13816 5354 13783
f 5605 13813 13784
f 13783 5354 13784
f 5354 5587 13784
f 13784 5587 5605
f 13812 13811 5585
f 13811 13815 5585
f 5585 13815 5605
f 13815 13814 5605
f 5605 13814 13813
f 5363 13809 5585
f 13809 13810 5585
f 5585 13810 13812
f 5363 5362 13809
f 5362 5360 13809
f 13809 5360 13808
f 5360 5358 13808
f 13808 5358 13807
f 5358 13786 13807
f 13788 13787 5365
f 13786 5358 13787
f 5358 5366 13787
f 13787 5366 5365
f 5369 13799 5364
f 13799 13800 5364
f 5364 13800 13801
f 13801 13802 5364
f 13802 13803 5364
f 5364 13803 5365
f 13803 13804 5365
f 5365 13804 13788
f 4917 4913 7439
f 13831 4917 13829
f 13824 4917 13806
f 4917 7439 13806
f 13806 7439 13277
f 7439 7437 13277
f 13824 13823 4917
f 13823 13825 4917
f 4917 13825 13826
f 13833 13822 13821
f 13822 13833 13829
f 13833 13832 13829
f 13829 13832 13831
f 13826 13827 4917
f 13827 13828 4917
f 4917 13828 13829
f 13821 13820 13833
f 13820 13819 13833
f 13833 13819 13830
f 13819 13818 13830
f 13830 13818 13817
f 4877 13834 4913
f 4902 13835 13836
f 4184 13837 4904
f 4904 4912 4184
f 4912 4911 4184
f 4184 4911 4193
f 13837 13838 4904
f 13838 13839 4904
f 4904 13839 4905
f 13839 13840 4905
f 4905 13840 4906
f 4906 13840 4907
f 13840 13841 4907
f 4907 13841 4908
f 13841 13842 4908
f 4908 13842 4909
f 13843 4910 13844
f 4910 4909 13844
f 13844 4909 13845
f 4909 13842 13845
f 13835 4902 13846
f 4902 4901 13846
f 13846 4901 13847
f 4901 4900 13847
f 13847 4900 13843
f 4900 4899 13843
f 13843 4899 4910
f 4888 4887 13836
f 4887 4903 13836
f 13836 4903 4902
f 13836 13848 4888
f 13848 13849 4888
f 4888 13849 4889
f 13849 13850 4889
f 4889 13850 4890
f 13850 13851 4890
f 13851 13852 4890
f 4890 13852 4891
f 13852 13853 4891
f 4891 13853 4892
f 13853 13854 4892
f 4892 13854 4893
f 13854 13855 4893
f 4893 13855 4894
f 13855 13856 4894
f 4894 13856 4895
f 13856 13857 4895
f 13857 13858 4895
f 4895 13858 4896
f 13858 13859 4896
f 4896 13859 4897
f 13860 4898 13861
f 4898 4897 13861
f 13861 4897 13862
f 4897 13859 13862
f 13863 4881 13864
f 4881 4880 13864
f 13864 4880 13865
f 4880 4879 13865
f 13865 4879 13860
f 4879 4878 13860
f 13860 4878 4898
f 13866 4885 13867
f 4885 4884 13867
f 13867 4884 13868
f 4884 4883 13868
f 13868 4883 13863
f 4883 4882 13863
f 13863 4882 4881
f 13869 4873 13870
f 4873 4872 13870
f 13870 4872 13871
f 4872 4886 13871
f 13871 4886 13872
f 4886 4885 13872
f 13872 4885 13873
f 4885 13866 13873
f 13834 4877 13874
f 4877 4876 13874
f 13874 4876 13875
f 4876 4875 13875
f 13875 4875 13869
f 4875 4874 13869
f 13869 4874 4873
f 13845 13842 7310
f 4184 7315 13837
f 7315 7314 13837
f 13837 7314 13838
f 13838 7314 13839
f 7314 7312 13839
f 13839 7312 13840
f 7310 13842 7312
f 13842 13841 7312
f 7312 13841 13840
f 7288 13850 7289
f 13850 13849 7289
f 7289 13849 7285
f 13849 13848 7285
f 7285 13848 7286
f 13848 13836 7286
f 7286 13836 7281
f 13836 13835 7281
f 7281 13835 7305
f 13835 13846 7305
f 7305 13846 7306
f 13846 13847 7306
f 7306 13847 7308
f 13847 13843 7308
f 7308 13843 7310
f 13843 13844 7310
f 7310 13844 13845
f 7291 13853 7292
f 13853 13852 7292
f 7292 13852 7288
f 13852 13851 7288
f 7288 13851 13850
f 7446 13863 7280
f 13863 13864 7280
f 7280 13864 7302
f 13864 13865 7302
f 7302 13865 7303
f 13865 13860 7303
f 7303 13860 7304
f 13860 13861 7304
f 7304 13861 7300
f 13861 13862 7300
f 7300 13862 7301
f 13862 13859 7301
f 7301 13859 7295
f 13859 13858 7295
f 7295 13858 7296
f 13858 13857 7296
f 7296 13857 7297
f 13857 13856 7297
f 7297 13856 7298
f 13856 13855 7298
f 7298 13855 7291
f 13855 13854 7291
f 7291 13854 13853
f 13873 13866 7445
f 13866 13867 7445
f 7445 13867 7446
f 13867 13868 7446
f 7446 13868 13863
f 13873 7445 13872
f 7445 7443 13872
f 13872 7443 13871
f 13874 13875 7441
f 13875 13869 7441
f 7441 13869 7443
f 13869 13870 7443
f 7443 13870 13871
f 13874 7441 13834
f 7441 7439 13834
f 13834 7439 4913
f 7315 4184 7316
f 4184 4183 7316
f 2820 2817 4172
f 2817 7449 4172
f 4172 7449 4168
f 7450 4170 7449
f 4170 4169 7449
f 7449 4169 4168
f 7455 4164 4163
f 7455 4163 7456
f 4163 4162 7456
f 7456 4162 7452
f 4162 4167 7452
f 7452 4167 7453
f 4167 4166 7453
f 7453 4166 7451
f 4166 4165 7451
f 7451 4165 7450
f 4165 4171 7450
f 7450 4171 4170
f 4164 7455 4157
f 7455 7454 4157
f 4157 7454 4158
f 7454 7448 4158
f 4158 7448 4159
f 7448 7447 4159
f 4159 7447 4160
f 7447 7460 4160
f 4160 7460 4161
f 7460 7459 4161
f 4161 7459 4150
f 7459 7458 4150
f 4150 7458 4151
f 7458 7457 4151
f 4151 7457 4152
f 4152 7457 4153
f 7457 7461 4153
f 4153 7461 4154
f 4154 7461 4155
f 7461 7465 4155
f 4155 7465 4156
f 7465 7464 4156
f 4156 7464 4145
f 7464 7463 4145
f 7463 7462 4145
f 4145 7462 4146
f 7462 7470 4146
f 4146 7470 4147
f 4147 7470 4148
f 7470 7469 4148
f 4148 7469 4149
f 7469 7468 4149
f 4149 7468 4140
f 7468 7467 4140
f 7467 7466 4140
f 4140 7466 4141
f 7477 4142 7471
f 4142 4141 7471
f 7471 4141 7472
f 4141 7466 7472
f 4139 4138 7474
f 7474 4138 7475
f 4138 4137 7475
f 7475 4137 7476
f 4137 4144 7476
f 7476 4144 7477
f 4144 4143 7477
f 7477 4143 4142
f 4139 7474 4134
f 7474 7473 4134
f 4134 7473 4135
f 7473 7478 4135
f 7478 7479 4135
f 4135 7479 4136
f 7479 7482 4136
f 4136 7482 4129
f 7482 7481 4129
f 4129 7481 4130
f 7481 7480 4130
f 4130 7480 4131
f 7480 7483 4131
f 4131 7483 4132
f 7483 7484 4132
f 4132 7484 4133
f 7484 7485 4133
f 4133 7485 4125
f 4125 7485 4126
f 7485 4183 4126
f 4126 4183 4127
# 27754 faces, 0 coords texture

# End of File
